tachometer_signal,underhang_bearing_axial,underhang_bearing_radial,underhang_bearing_tangential,overhang_bearing_axial,overhang_bearing_radial,overhang_bearing_tangential,microphone
-0.69026,-0.12406,-0.01618,0.14064,-2.2313,-0.0082411,-0.32969,-0.017984
-0.59793,-2.1337,-0.62538,-0.16453,2.2363,0.084241,-0.35594,0.0080574
-0.58812,-0.070882,-0.62878,-0.17648,-0.084475,-0.065408,-0.42344,0.10161
-0.31111,-2.3601,-1.0934,0.15765,0.094433,0.019848,-1.6244,0.18232
-0.51223,1.5672,-0.6801,-0.19832,-0.9057,-0.010551,0.60122,0.1691
-0.59812,0.93288,0.83123,0.02439,-1.8888,-0.064272,-0.46933,0.081533
-0.58953,1.2224,0.51008,0.11169,-0.38428,-0.068983,-0.71682,-0.029545
-0.83681,0.28552,0.51606,-0.33446,-2.6247,-0.01575,-1.2649,-0.13593
-0.5607,0.30343,0.19716,-0.069571,0.12143,-0.042517,0.57708,-0.093772
-0.56348,-0.25688,0.6832,0.16536,0.0035178,0.044517,-0.25954,-0.086374
-0.55842,-3.3562,-0.79039,-0.21454,1.2899,0.024514,-0.72979,0.0028735
-0.29012,-1.3698,-0.05854,-0.19795,-0.043109,0.010139,-0.051952,0.10429
-0.33852,0.20707,-0.45832,-0.0088294,0.26035,-0.03995,0.67391,0.044126
-0.63244,0.50199,-0.21362,-0.055016,1.5206,0.032234,-0.41094,0.091244
-0.56369,0.28921,0.16331,-0.12917,1.12,-0.010121,-0.30705,0.085963
-0.65983,2.3832,-0.37776,0.091092,1.4391,0.087527,0.56579,0.022587
-0.65648,0.87882,-0.25127,-0.0013981,-0.84051,-0.061712,-0.12556,-0.076152
-0.56757,-0.19917,0.43628,0.0099833,1.3167,-0.016642,-0.14906,-0.099662
-0.53343,-0.87246,0.92547,-0.022221,1.2203,0.077548,-0.035904,-0.086544
-0.53391,-0.31096,0.42103,0.035456,-0.065594,-0.056732,0.60978,-0.056219
-0.34345,-1.6824,-0.33187,0.05459,1.9193,0.11422,0.61443,0.025629
-0.47398,-0.42866,-0.8608,0.092967,1.7869,0.11095,-0.45697,-0.032733
-0.52734,-0.1783,-0.58387,0.08919,0.14055,0.032651,-0.3667,0.0099071
-0.52051,0.74391,-0.24427,-0.19555,2.2573,0.19519,1.5349,0.021346
-0.72793,1.815,0.28513,0.35882,0.51195,0.047495,0.50473,0.051939
-0.5958,0.087009,0.15921,-0.32325,3.4167,0.36353,0.98709,-0.0018968
-0.50763,1.8328,0.14646,0.27456,1.6286,0.14817,1.1341,-0.087274
-0.4923,-0.68721,0.063806,-0.11636,4.378,0.48848,1.4497,-0.07917
4.5752,1.3462,0.615,0.507,1.2432,0.062069,0.35047,-0.088491
4.5546,-1.6599,-0.507,-0.1082,3.1457,0.30275,0.20171,-0.038915
4.5433,-1.8997,-0.29753,0.24355,-0.48277,0.040615,0.9933,0.14038
4.5148,-3.1149,-0.14036,-0.10591,3.8161,0.38984,1.1632,0.068683
4.4898,0.87455,-0.40081,0.22318,1.2943,0.030495,0.20901,0.10147
-0.63901,-0.10288,0.10493,0.040954,1.6448,0.11989,-0.54342,0.14077
-0.61602,2.3074,0.3728,-0.0061767,1.0457,-0.038204,1.7099,0.058193
-0.61573,0.50319,0.35557,0.20026,-0.89883,-0.07017,0.41253,-0.038842
-0.49612,0.57583,0.84058,-0.33256,1.8265,0.13151,-0.074204,-0.081652
-0.54339,2.5712,0.071656,0.40468,0.64474,-0.051456,0.72962,-0.093164
-0.64669,-1.2913,-0.43625,0.0045495,3.3023,0.25438,0.6122,-0.071625
-0.6043,-1.9631,-0.52754,0.12798,0.41861,-0.025125,-0.12173,0.13279
-0.92531,-2.4627,-1.4484,0.045399,1.8404,0.099169,-1.1622,0.060506
-0.8064,-0.31647,-0.4312,-0.40241,-0.31692,-0.048537,1.0037,0.21534
-0.63571,-0.45167,0.43759,0.25552,-0.089125,-0.016064,0.3428,0.15744
-0.58437,0.7037,0.17921,-0.17258,0.92894,-0.016532,-0.10759,0.12928
-0.57812,0.94552,0.55063,-0.084183,-0.90047,-0.049987,-0.24345,-0.001483
-0.45017,1.9186,0.44679,0.04915,1.1508,-0.029047,0.70514,-0.043076
-0.6144,1.331,0.63594,0.13352,0.49964,-0.013709,0.69266,-0.11577
-0.57373,-0.83875,-0.1714,-0.11185,0.53993,-0.079501,-0.11589,-0.11465
-0.57799,0.14705,-0.15535,-0.10386,0.86906,-0.016013,-0.084203,-0.048552
-0.83389,-0.26687,-0.13117,0.078387,-0.40207,-0.056982,1.0124,-0.042857
-0.5781,-1.326,-0.11429,-0.096386,0.87764,-0.003537,0.35604,0.11974
-0.54928,-1.4638,-0.4262,-0.17758,1.3334,0.089254,-0.77868,0.11624
-0.54368,0.79209,0.13816,-0.017603,-0.04702,-0.028495,0.84426,0.086036
-0.35129,0.40955,0.47957,-0.087124,2.5932,0.20604,0.20035,0.10719
-0.55488,1.9163,0.81772,0.13554,1.4512,0.085762,0.28977,0.0088849
-0.54375,0.6814,0.21325,-0.039242,0.79747,0.00035838,0.15713,-0.071503
-0.54827,0.7694,-0.090345,-0.20566,0.97168,-0.029348,0.52853,-0.10117
-0.60744,0.42302,-0.42323,0.10773,0.9922,-0.0042365,0.5175,-0.088953
-0.64987,-0.47014,-0.26038,-0.055273,1.0308,0.029256,-0.35673,-0.055708
-0.44477,-1.6114,-0.37997,0.026175,-0.18067,-0.02861,-0.35825,0.060043
-0.51913,-0.57324,-0.12092,-0.12422,1.5355,0.084556,1.148,-0.0098309
-0.49603,0.2205,0.045028,0.20067,-1.2806,0.015677,-0.10319,0.12062
-0.24725,-0.50792,-0.3018,-0.39293,1.1554,0.06452,0.15499,0.15194
-0.48034,1.4986,-0.43598,0.15449,0.3731,-0.023829,0.54745,0.065787
-0.51688,1.2728,0.072555,-0.39599,1.9678,0.15576,1.2959,-0.0027729
4.5508,2.4191,0.84353,0.49882,-1.0376,-0.066223,-0.2902,-0.040205
4.5138,-0.90022,-0.061148,-0.24958,1.4605,0.076701,-0.45089,-0.11811
4.4895,0.27362,0.25049,0.27253,-2.1962,-0.066711,0.71239,-0.085157
4.4727,-2.813,-0.015537,-0.17354,2.5112,0.15394,-0.13395,0.015334
-0.62836,0.71038,-0.024435,0.21543,-1.3529,-0.024792,-0.53227,0.054518
-0.454,-1.8139,-0.081461,-0.15185,-0.21941,-0.054332,-0.53634,0.11933
-0.61222,1.0294,-0.11147,-0.21595,-2.7543,-0.087003,0.6145,0.18076
-0.62714,-1.0503,-0.20163,-0.12038,-2.071,-0.073764,-0.48503,0.096745
-0.61784,1.0015,-0.12094,-0.53573,-0.60637,-0.095095,-0.4331,-0.010074
-0.80171,1.8874,-0.25098,0.35284,-0.87593,-0.022918,-0.68354,-0.035191
-0.59238,1.529,0.24214,-0.2185,0.95248,-0.056841,0.92854,-0.097715
-0.60087,0.80519,0.67415,0.32333,-1.4326,-0.012913,-0.081776,-0.099054
-0.59352,-3.3938,0.077393,-0.15201,0.78449,-0.021172,-1.3167,-0.017765
-0.44465,-1.4439,0.11452,-0.18561,-2.407,-0.048941,0.21553,0.12834
-0.57659,-2.6842,-0.29224,-0.08225,-0.38588,-0.14744,-0.078597,0.21537
-0.59463,-0.50864,-0.70557,-0.15069,-0.37418,-0.073635,-0.68126,0.24124
-0.58941,-1.0252,-0.78861,-0.26899,-0.87725,-0.028007,-1.009,0.087083
-0.83873,1.9141,-0.094983,0.066055,0.64604,-0.034091,0.38804,0.06255
-0.63029,2.0005,0.095168,0.078721,-1.3455,-0.058336,0.2462,0.014483
-0.54186,1.6499,0.80202,0.053177,-0.26105,-0.10876,-0.3021,-0.065078
-0.56556,0.32078,-0.014831,-0.036968,0.072925,0.00066642,-0.48015,-0.072209
-0.5607,1.557,0.1366,-0.045703,-1.8316,-0.093196,0.47275,-0.075543
-0.33974,-0.63292,0.20804,-0.063886,-1.0585,-0.061853,-0.49561,-0.041908
-0.59274,-2.3656,-0.59459,-0.068954,-0.01266,-0.0066559,-0.46529,0.040695
-0.5625,-1.6511,-0.50914,-0.18218,-1.8767,0.0051972,-0.71709,0.10422
-0.56143,-0.14983,-0.10404,-0.068305,0.52311,-0.098214,0.5551,0.027966
-0.72544,0.80733,-0.14233,0.041995,-1.0122,-0.014453,-0.33893,0.11865
-0.59607,0.73973,-0.57691,0.12104,-0.51997,-0.015859,-1.1701,0.06659
-0.53743,1.5754,0.71819,0.21857,-0.54908,-0.0044162,0.27759,-0.021026
-0.5278,1.2149,0.26605,-0.0082513,1.4382,0.050242,0.15174,-0.03872
-0.32162,1.6699,0.7091,0.22292,0.026542,-0.029387,-0.70666,-0.077831
-0.48491,-1.7786,-0.14768,-0.33344,0.25849,-0.038962,-0.40686,-0.07586
-0.5329,0.65798,0.20357,0.017427,-0.74702,0.0033939,0.16465,-0.082504
-0.53671,-1.4866,-0.3407,0.18822,1.8929,0.14161,1.0192,-0.006959
-0.64962,-1.2559,-0.26456,-0.093605,0.89963,-0.019022,0.18797,0.13096
-0.61419,-0.99272,-0.4756,0.28021,1.2536,0.084569,-0.092102,0.16443
-0.49531,1.5075,-0.083459,-0.065389,0.96952,0.038632,1.4964,0.080268
4.5636,0.72735,0.39205,0.13057,0.86364,0.026112,0.15194,0.023877
4.5214,0.83779,0.25208,-0.0021881,0.89482,0.005948,-0.18118,-0.03541
4.478,1.1791,0.13552,0.094804,0.5119,-0.070029,0.46999,-0.084646
4.4678,0.52814,0.21439,-0.26242,1.4372,0.042464,0.99758,-0.081968
-0.63166,-0.36053,0.35839,0.44103,-1.3603,-0.00053365,-0.44502,-0.099102
-0.64757,-2.3472,0.025153,-0.28742,0.96555,0.007854,-0.72886,-0.0022132
-0.83003,0.058271,0.24607,0.64708,-2.1875,-0.041901,-0.3792,0.11429
-0.61267,-1.5664,-0.20005,0.024152,1.5102,0.032131,0.39423,0.093605
-0.60539,1.0596,0.0048205,0.18684,-0.92682,-0.028803,-0.024807,0.038796
-0.60187,-0.51386,-0.54939,-0.026903,0.13333,0.0074369,-0.77292,0.017866
-0.47588,1.7728,-0.06021,-0.2371,-1.4274,-0.054556,1.2055,0.042106
-0.51494,1.167,0.75049,0.46652,-3.4159,-0.048382,-0.17723,-0.0413
-0.59186,-0.40309,0.094982,-0.41552,0.64291,-0.037928,-0.40232,-0.13668
-0.58792,1.1379,0.43326,0.27353,-2.2604,-0.019517,-0.47102,-0.075373
-0.77908,-0.77975,-0.12656,-0.080682,0.48203,-0.064214,0.48244,-0.039255
-0.69026,-2.3467,-0.64497,-0.016646,-0.45223,-0.031646,-0.17753,0.026871
-0.57009,-1.8305,-0.83541,-0.13908,0.20361,-0.0071693,-0.37088,0.08589
-0.56073,-1.4214,-0.12345,-0.064188,0.6924,-0.0074902,0.68964,0.17346
-0.30549,0.19096,-0.18405,-0.093522,-1.0716,-0.0090753,0.23399,0.14058
-0.51032,0.64231,0.096357,0.12204,-0.9032,-0.075907,-0.18102,0.081193
-0.55678,0.75578,-0.16835,-0.19172,-0.25115,-0.039481,-1.5917,-0.0039168
-0.55691,2.03,0.90351,0.10096,-1.6058,0.016068,0.74421,-0.063277
-0.85313,0.56836,1.0422,0.048572,0.40912,-0.07961,0.32791,-0.094429
-0.60681,-1.2806,0.5943,-0.079404,-0.14311,-0.034283,-0.63133,-0.10341
-0.53792,-1.1841,0.48206,-0.021765,-0.83412,-0.03144,-0.037734,-0.052008
-0.5378,-2.82,-0.64689,-0.20897,0.41485,-0.10234,0.4749,0.066809
-0.4202,-0.92308,-0.85978,0.042554,-2.0604,-0.036799,0.29199,0.13354
-0.35252,-1.0104,-0.95904,-0.038747,0.73022,-0.012464,-0.90995,0.10441
-0.5805,0.95017,0.047001,0.1498,0.60786,0.017512,0.61789,0.032444
-0.53521,1.0303,-0.44479,-0.24566,1.2136,0.081674,0.84006,0.012609
-0.88621,2.1327,0.85482,0.30112,-0.327,-0.047458,-0.071912,-0.0056205
-0.76475,0.050442,0.1802,-0.08645,0.12395,-0.056218,-0.60719,-0.041933
-0.55824,1.4666,0.53913,0.21485,-0.63712,0.017044,0.6898,-0.1149
-0.51251,-0.53892,-0.11274,0.032014,2.5567,0.21089,1.1256,-0.078415
-0.506,0.56761,0.66328,0.033607,-0.052049,-0.018483,-0.48287,-0.019785
-0.35026,-2.0492,-1.1381,0.017601,1.6081,0.14582,0.85044,0.055273
4.5992,0.77154,-0.40114,-0.048799,-1.5973,0.031271,0.77809,0.065203
4.5752,-1.6327,-0.20907,0.059574,1.2584,0.0068593,0.28292,0.16888
4.5321,1.1224,0.31172,0.29549,-0.0040156,-0.039712,-0.43694,0.082556
4.4886,1.0872,-0.17222,0.077154,-0.064136,-0.015717,-0.23979,0.059897
-0.66335,2.0914,0.47173,0.048822,-0.82927,-0.066627,1.4981,-0.036432
-0.61865,-0.19743,0.28425,0.34433,-2.4848,-0.017001,-0.30108,-0.084183
-0.60866,-0.43422,0.59321,-0.27031,-0.070719,-0.054736,-0.71028,-0.083648
-0.39034,0.73379,0.47284,0.50119,-1.8858,-0.018246,0.11744,-0.072817
-0.48346,-1.1262,-0.12116,-0.0725,1.5083,-0.025844,0.70523,0.012706
-0.61676,0.31202,0.12209,0.33311,-2.1458,-0.058086,-0.26202,0.022173
-0.60731,-3.2537,-0.71671,-0.28771,0.43452,-0.025581,-0.43556,0.16798
-0.69067,0.44645,-0.081737,-0.22912,-3.1187,-0.068213,0.32221,0.11208
-0.68253,-0.91029,0.12092,0.30968,-3.2519,-0.050147,-0.88389,0.13067
-0.55231,1.2004,-0.41481,-0.044496,0.68964,-0.039725,-0.45426,0.026579
-0.57544,2.2028,0.4279,0.512,-3.5384,-0.056956,-1.3761,-0.098737
-0.54477,1.2779,-0.11719,-0.18955,0.40337,-0.15292,0.64293,-0.10122
-0.46857,0.57725,0.35993,-0.12151,-1.9841,-0.025434,-0.32399,-0.10241
-0.51099,-0.23838,-0.21196,-0.17684,-1.1929,-0.047709,-0.68477,-0.086982
-0.57128,-1.9468,-0.33195,-0.086957,0.36779,-0.043589,0.1547,0.012901
-0.5674,-0.22744,0.36629,-0.08363,-0.76164,-0.035939,0.57947,0.051793
-0.72686,0.80746,-0.38365,0.11929,-2.1851,-0.045751,-0.46297,0.017647
-0.6222,-0.95675,-0.9327,-0.09268,1.7737,0.1072,-1.6186,0.080828
-0.54822,2.5943,0.20269,-0.038638,-1.6118,-0.0029916,0.60851,0.098984
-0.53895,1.2393,0.22767,0.2634,0.0053097,-0.027314,0.5008,-0.040132
-0.40956,1.4543,0.51233,0.11152,0.78533,0.0039201,-0.72168,-0.080581
-0.5199,-0.013412,0.65063,-0.12469,-1.5394,-0.049672,-0.75892,-0.10984
-0.53196,-0.46398,0.1654,-0.18191,0.36024,-0.045026,0.67676,-0.082504
-0.53052,-1.7237,0.12603,0.032797,-0.37785,0.018995,0.22493,-0.074618
-0.88317,-1.4519,-0.40667,0.028032,0.86772,0.024514,-0.15744,0.041863
-0.56583,-0.021381,-0.69213,-0.044836,0.020935,0.021382,-0.49441,-0.028352
-0.51054,0.37791,-0.6137,-0.12937,-0.031022,0.03679,1.0921,-0.0055961
-0.50839,0.58828,0.27511,0.21408,0.21338,0.03894,0.34112,0.057658
-0.3984,0.51178,0.05954,-0.034393,0.84109,0.024976,-0.55446,0.010272
-0.50815,2.1294,0.66971,0.16632,0.16542,0.068474,0.53331,-0.0052067
-0.51125,1.0767,0.26566,-0.26837,2.4761,0.23785,1.5832,-0.090341
-0.50769,0.45819,0.78149,0.50375,0.19553,0.0496,-0.29251,-0.099516
-0.85084,-1.2528,-0.48976,-0.4222,2.1172,0.20236,-0.16399,-0.078999
4.5701,0.13691,-0.10524,0.19419,-1.8726,-0.0083245,0.71488,-0.018787
4.5606,-3.3183,-0.3956,-0.010088,2.4114,0.16499,-0.23379,0.097743
4.5361,-0.70328,-0.35353,0.11136,-0.10456,-0.0021316,-0.28871,0.14695
4.4903,-0.073078,-0.29289,-0.030346,1.0285,-0.010025,0.30229,0.0368
-0.36257,2.0592,-0.42152,-0.092488,-0.59007,-0.070767,0.29263,0.10234
-0.67714,0.40291,0.51257,-0.20482,-0.69569,-0.023264,0.22314,0.047923
-0.61715,1.8636,0.48847,-0.20538,-0.42656,-0.067712,-0.10272,-0.016329
-0.6119,1.0575,0.23567,0.56816,0.5871,-0.0058858,-0.1325,-0.064372
-0.73985,1.2426,-0.24276,-0.3155,0.02371,-0.085123,0.62308,-0.081311
-0.65333,-0.52259,0.27332,0.35936,-2.7435,0.0079567,0.10077,-0.063399
-0.58796,-4.9817,-0.30337,-0.43833,1.1345,0.019418,-1.1465,0.11991
-0.57906,0.019925,0.0403,0.1407,-1.6067,-0.0066239,0.24875,0.048775
-0.30447,-1.3587,-0.39633,0.059247,1.1621,-0.055313,0.038936,0.20142
-0.45622,0.46574,-0.83386,0.048989,1.0861,-0.023399,-0.40288,0.16083
-0.58827,0.6549,0.051645,0.37633,-0.9324,0.013976,-0.65554,0.11045
-0.58556,1.4626,-0.46437,-0.25063,0.096745,-0.081471,0.19786,0.092461
-0.66414,1.2089,0.71213,0.057705,-1.5218,-0.083249,-0.11701,-0.06408
-0.56263,1.231,0.094127,0.066254,-0.51324,-0.047484,-0.14357,-0.13709
-0.55657,-1.6113,-0.0078413,-0.23143,0.90815,0.0089322,-0.80378,-0.10266
-0.55377,-0.74761,0.19433,-0.0031323,-0.99751,-0.038095,0.52,-0.043953
-0.28976,0.0097461,0.23345,0.14761,-1.8416,-0.094922,-0.18304,-0.042225
-0.40958,-2.2353,-0.8297,-0.060187,0.93853,0.006808,-0.9955,0.11006
-0.50327,-1.1228,-0.14106,-0.059461,-1.1315,0.041706,-0.0764,0.23253
-0.54758,0.38597,0.30918,0.12009,1.9936,0.094529,0.84758,0.13527
-0.67706,1.7367,0.3502,-0.0051234,0.40798,-0.011007,0.098133,0.05391
-0.6992,0.84604,0.10784,0.0271,0.63976,0.027216,-0.32592,-0.014431
-0.56915,1.9919,0.55363,0.10238,0.74465,-0.069137,1.1914,-0.084597
-0.52577,-0.68169,0.73458,0.11805,1.0932,0.059707,0.17545,-0.1011
-0.52457,0.58312,0.40129,-0.02077,1.4148,0.029577,0.13599,-0.064299
-0.38029,-0.95934,-0.087519,0.052933,0.084067,0.0092274,-0.66432,-0.081968
-0.50507,-1.3907,-0.815,-0.011636,0.73266,0.015138,0.42182,0.064667
-0.51659,-1.0735,-0.28352,-0.055582,1.7771,0.16171,0.9478,-0.0051824
-0.51041,0.98693,-0.40039,0.16158,0.93014,-0.0096272,0.27004,0.01789
-0.73725,0.87008,0.21205,-0.028573,1.0408,0.021549,-0.057071,0.075352
-0.54645,2.0698,0.16285,-0.095429,0.31432,0.0050752,1.6394,0.063523
-0.49993,0.58959,0.18007,0.18532,1.0519,-0.022212,-0.089578,-0.028766
4.572,0.12383,-0.081859,-0.11227,0.98664,0.036733,-0.20607,-0.043198
4.5397,0.70761,-0.12017,0.31463,-0.30336,-0.061301,-0.050565,-0.097788
4.5163,-2.3226,-0.36949,-0.35601,1.8843,0.12646,1.1887,-0.093529
4.4983,-0.84864,0.011424,0.39799,-1.3485,0.0069941,-0.088531,-0.00072855
-0.62499,-2.2187,0.26755,-0.14925,1.6224,0.080397,-0.063602,0.046073
-0.90689,0.12681,-0.59085,0.19376,-1.515,-0.039379,0.024558,0.12709
-0.68864,-0.67677,-0.52424,-0.20418,1.9068,0.011672,0.26128,0.12335
-0.56186,2.2047,-0.14145,0.1284,-0.91109,-0.035657,-0.075232,0.093313
-0.59701,-0.42891,-0.0044494,0.14305,0.6694,0.00684,-0.49181,0.0056236
-0.3165,2.0763,-0.029195,-0.51647,-1.6486,-0.1104,0.75624,-0.033512
-0.50963,0.66376,0.41807,0.27751,-2.4796,-0.079206,-0.151,-0.088661
-0.67564,-1.6563,-0.042949,-0.26648,1.2996,0.029924,-0.32366,-0.13356
-0.59119,-1.107,-0.064309,0.39061,-2.4411,0.0010643,-0.55014,-0.014625
-0.85957,-1.3729,-0.13775,-0.12941,1.3531,0.046417,0.99472,0.061406
-0.84388,-1.0984,-0.11013,-0.25893,-0.49876,-0.028636,-0.33649,0.13926
-0.62718,-1.7129,-0.41182,-0.13684,-0.582,-0.040579,-0.77611,0.32335
-0.568,-0.21761,-0.45134,-0.24964,-1.0232,-0.065562,0.044864,0.12047
-0.56162,1.1901,0.57662,-0.0085661,-0.34165,-0.057405,0.45168,-0.011437
-0.37724,2.4941,0.52787,0.38144,-0.28616,-0.031209,-0.34504,0.0033846
-0.54379,0.38545,0.52115,-0.011476,1.406,0.12909,-0.3301,-0.069313
-0.56037,1.8508,-0.082681,0.046741,-1.3789,-0.056937,0.29182,-0.086885
-0.56203,-0.30803,-0.052328,0.030215,-1.3724,-0.04998,-0.1387,-0.086081
-0.83241,-0.48013,-0.16977,-0.12678,-0.23073,-0.038981,-0.54877,-0.060429
-0.57252,-1.638,-0.20604,-0.12826,-0.50332,-0.016924,-0.5465,0.096866
-0.5318,-0.6957,-0.16578,-0.16941,-0.4399,-0.078795,0.39283,0.1287
-0.52926,-1.0217,-0.10859,0.071014,-1.7476,-0.041548,-0.179,0.095455
-0.33875,0.2428,-0.597,-0.089148,-0.62582,0.019425,-0.049634,0.12451
-0.50584,1.9641,-0.18676,0.068149,-1.1404,-0.057014,-0.59516,0.035705
-0.5272,1.0815,0.47442,0.080674,0.47623,0.017673,0.62657,-0.0013857
-0.52706,1.6553,0.40373,0.24405,-0.36899,0.0028676,-0.44374,-0.047311
-0.66214,0.24584,0.20768,0.16874,-0.31772,0.0086883,-1.0787,-0.07659
-0.58785,1.3188,-0.034681,0.25425,-1.7924,-0.0021509,-0.039488,-0.075446
-0.48133,-1.3569,-0.25183,-0.0030295,1.4401,0.036951,0.29728,-0.063447
-0.50504,-0.97282,0.05462,0.26218,0.059688,-0.0077277,-0.90706,0.014775
-0.46707,-1.6452,-0.91982,-0.095551,1.1628,0.081405,0.090337,0.12235
-0.37839,0.84519,-0.43238,-0.14299,-1.4415,0.012475,0.95926,0.11843
-0.53043,-0.011864,-0.048326,0.13129,1.4859,0.076149,0.088012,0.026871
4.5672,1.2836,0.11688,0.025437,1.095,0.073011,-0.1953,0.052206
4.5234,2.6191,-0.30793,0.30002,-0.53992,-0.070343,-0.1963,-0.048699
4.4818,1.7081,0.25415,-0.072127,1.0553,-0.024773,1.4543,-0.090803
4.4526,0.31906,0.57268,0.066306,-2.697,0.0064807,-0.70317,-0.10616
-0.62711,-2.6718,-0.10087,-0.36136,0.73475,-0.059472,-0.40821,-0.065735
-0.61508,0.29768,0.26545,0.36862,-2.0889,-0.058439,-0.0095295,0.0079357
-0.44301,-2.413,-0.22376,-0.047418,1.6487,0.01363,-0.036726,0.13067
-0.52864,1.1975,-0.56362,0.31995,-2.0196,-0.065049,-0.78648,0.093629
-0.61398,-1.5159,-0.4472,0.037017,-0.28327,-0.044628,-1.3207,0.036679
-0.60891,1.7081,-0.053882,-0.34882,-1.662,-0.0033445,0.5566,0.047314
-0.90396,0.63915,0.65155,0.18731,-2.1645,-0.071254,-0.59425,0.0039443
-0.61913,1.3084,0.06757,0.009675,0.36013,-0.029169,-0.96972,-0.05084
-0.58875,0.9978,0.78301,0.24769,-2.2929,-0.058407,-0.95628,-0.12558
-0.57936,-0.634,-0.090538,-0.20705,-0.16933,-0.046181,0.65353,-0.08153
-0.47399,-0.6947,0.028146,0.0083005,-2.513,-0.11697,-0.74463,0.017306
-0.3685,-2.4464,-0.4012,-0.074105,-2.3002,-0.07481,-1.3593,0.069097
-0.57917,-1.1396,-0.037642,-0.053282,-0.81906,-0.0093064,-0.17385,0.097183
-0.58375,-1.4406,-0.67604,-0.2211,0.26672,-0.033988,0.40805,0.28544
-0.72137,0.92296,0.20729,0.19622,-1.3329,-0.0033188,-0.41065,0.11037
-0.67679,0.465,-0.37036,0.08375,0.46906,0.020869,-1.0363,0.06659
-0.55556,2.5055,0.63465,0.072285,-2.189,-0.019549,-0.42704,-0.019858
-0.55403,0.30733,0.42064,-0.03366,-0.45279,-0.055294,-0.2972,-0.10429
-0.55409,1.1693,0.31797,-0.072403,0.49428,-0.038249,-0.28197,-0.10872
-0.45821,-0.48129,-0.1561,-0.17963,-1.8361,-0.019215,-1.265,-0.094794
-0.55822,-0.23036,-0.62186,-0.044907,-0.70986,-0.098388,0.13344,0.011465
-0.5527,-2.3268,-0.57979,-0.21011,-0.88177,0.023256,-0.29394,0.03573
-0.54834,-0.27994,-0.21553,0.063788,-1.5417,-0.053863,-0.82754,0.091147
-0.75095,-0.58602,-0.41725,0.010581,-0.87149,-0.028373,-1.2109,0.12371
-0.5888,1.3991,0.045311,0.12325,-0.61913,0.0062432,0.31899,0.097694
-0.52617,0.86594,0.47664,0.078939,-0.63581,0.036797,-0.56065,-0.0039655
-0.51502,1.3511,-0.23171,-0.082468,0.29492,0.0040741,-0.84053,-0.040545
-0.2267,1.6023,0.65457,0.025655,-1.7064,0.0098306,-0.22045,-0.0468
-0.4879,0.42554,0.088237,-0.33764,0.87497,-0.014152,0.76377,-0.090097
-0.5145,-0.24192,0.57543,0.53475,-1.4353,0.04754,-0.85605,-0.063764
-0.51501,-3.4944,-0.40893,-0.20902,1.374,0.013213,-0.47747,0.007741
-0.69463,-0.78693,-0.31319,0.098523,-2.4533,0.016755,0.11717,0.052036
4.6384,-1.2445,0.10154,-0.29062,2.6353,0.16942,0.19375,-0.012557
4.5821,1.072,-0.52197,0.17994,-0.93498,0.019932,-0.79462,0.13539
4.5406,-0.61538,-0.16793,-0.081543,1.1843,0.023506,-0.13383,0.12189
4.4945,1.7592,0.28813,-0.040636,-2.6279,-0.0034729,-0.36901,-0.00075289
-0.62952,-0.39747,0.49883,-0.22341,0.086656,-0.092939,-0.069895,-0.05196
-0.59617,1.8557,0.56321,0.0010875,-1.0169,-0.032493,-0.77088,-0.08815
-0.61396,0.2118,0.22118,0.48338,-0.57403,0.012738,-0.98469,-0.10375
-0.90447,0.059966,0.36162,-0.025407,-2.0159,-0.066653,0.23022,-0.082674
-0.78665,-1.3165,-0.11591,0.13036,-3.9876,-0.05548,-0.63036,0.012755
-0.62091,-2.8333,-0.51945,-0.53446,-0.1789,-0.051296,-0.9567,0.016016
-0.59533,0.29596,-0.4018,0.50782,-2.8137,-0.079905,-0.37181,0.11765
-0.59316,-0.32007,0.11405,-0.34903,1.3903,-0.056456,-0.093707,0.1351
-0.34723,1.897,-0.18295,-0.022099,-0.25008,-0.030978,-1.3855,0.10918
-0.62517,0.55576,0.24156,0.28506,-2.3154,-0.063091,-1.8348,-0.0083463
-0.5819,1.8871,0.20771,-0.27747,-0.93334,-0.063663,0.10448,-0.069799
-0.58272,0.2333,0.61497,0.077141,-1.8208,-0.12519,-0.9142,-0.10358
-0.65877,0.63739,0.040288,0.090456,-1.5745,-0.057823,-1.0546,-0.10158
-0.59907,-1.7992,-0.077606,-0.19279,-0.55817,-0.0093,-1.2574,-0.063301
-0.5622,-1.3882,-0.47513,0.029702,-0.091161,-0.012932,0.50835,0.084235
-0.5541,-1.8953,0.47213,0.23091,-1.3274,-0.0061682,-0.57286,0.072504
-0.33391,-0.51035,-0.71656,0.15327,-1.0371,0.052115,-0.92637,0.090319
-0.46001,1.3418,0.13491,0.11962,-1.5787,0.0012312,-1.1063,0.028501
-0.56471,1.4248,0.22057,-0.14887,1.3112,0.026741,0.7245,0.072748
-0.55714,1.9342,0.84518,0.051565,1.2325,0.046141,-0.1064,-0.025261
-0.60169,0.50104,0.049056,-0.052428,-0.4387,0.05913,-0.95936,-0.09
-0.57735,0.45368,0.49237,-0.1131,0.024892,0.00042255,-0.34104,-0.12999
-0.51796,-0.99283,-0.32581,-0.15699,1.366,0.018879,0.33802,-0.073207
-0.52781,-2.5146,-0.01431,0.00041956,1.2614,-0.021371,-0.15015,-0.0074215
-0.34013,-2.1983,-1.2216,-0.14848,0.30373,0.050601,-1.101,0.059629
-0.36548,1.034,-0.28374,0.098568,0.17312,0.034756,0.46412,0.019229
-0.55073,-0.70261,-0.73527,0.020395,1.9766,0.10638,0.39814,0.026481
-0.53136,0.91171,-0.021345,0.024827,1.0265,0.0067759,-0.19461,0.09178
-0.71124,1.416,0.20808,-0.097523,1.4503,0.067838,0.014944,0.0052099
-0.71925,2.4585,0.29155,-0.17236,1.5791,0.091737,2.4292,-0.032514
-0.57336,0.38553,0.018658,0.19051,1.8453,0.094959,0.2667,-0.082991
-0.50505,-0.997,-0.34355,-0.28438,2.0062,0.097872,0.21131,-0.094259
-0.49759,1.0194,0.0083087,0.23816,1.4316,0.067094,0.52916,-0.050134
4.5799,0.1237,-0.077362,-0.28713,1.8822,0.10104,0.93397,-0.041081
4.5709,-0.92831,0.21543,0.4737,-0.15817,0.020317,0.10312,0.11931
4.5437,-2.9521,-0.30601,-0.41738,1.8012,0.076027,0.11052,0.12928
4.5057,0.7835,-0.35352,0.20043,0.94146,-0.025838,0.87291,0.065105
-0.78085,-0.11236,-0.81386,-0.33983,2.7666,0.17289,0.75683,0.17207
-0.60914,2.9936,0.077463,0.50654,-0.85901,0.06128,-0.055658,0.036703
-0.6134,-0.95842,-0.012537,-0.33707,1.9054,0.11238,-0.63392,-0.066563
-0.60224,1.8737,0.71317,-0.045511,-1.7336,-0.041529,0.75795,-0.074862
-0.54223,-0.83376,0.81553,0.25836,1.0971,-0.065453,0.57046,-0.078293
-0.54475,-0.88429,-0.61326,-0.26052,1.2203,-0.016199,-0.22338,-0.075933
-0.61972,-1.6855,0.36167,0.40354,-1.1481,0.037772,-1.0437,0.071409
-0.59438,-1.7535,-0.78031,-0.14964,2.2152,0.16116,1.3223,0.051135
-0.75213,-1.4845,-0.2417,-0.36798,-0.56139,0.017763,0.090427,0.22754
-0.68379,-0.65907,-0.64997,-0.068453,0.43479,-0.0085876,-0.58511,0.22184
-0.56517,1.9923,0.038778,-0.055408,0.45635,0.028499,0.16063,0.090587
-0.57186,1.6416,0.24864,0.13634,0.98456,-0.081163,0.68826,0.00061003
-0.59804,2.0452,0.82912,0.11894,-0.49669,-0.058817,-0.46174,-0.054929
-0.45001,-1.0667,-0.0048991,0.08095,1.0671,0.020452,-0.97293,-0.10835
-0.60713,0.0029838,-0.3714,0.073448,0.2442,-0.042202,0.80582,-0.10382
-0.56283,-1.7776,0.4598,0.19364,-0.26026,-0.04432,0.040349,-0.060794
-0.56333,0.53462,0.40435,-0.19187,0.85399,0.016178,-0.46815,-0.052982
-0.68834,-1.5305,-0.83803,-0.30379,-0.25101,-0.046817,-0.6028,0.072236
-0.63068,0.15728,-1.157,0.15671,1.7643,0.096216,1.2606,0.24964
-0.54523,0.73279,-0.45057,0.033889,0.55132,-0.02827,-0.13508,0.11127
-0.53493,1.2026,-0.76409,-0.20154,-0.64524,0.017865,-0.25052,0.0028978
-0.34851,1.6087,0.59221,-0.049917,0.53189,-0.030831,-0.45522,-0.020929
-0.49222,1.1832,0.3899,0.29327,-0.1905,-0.025581,0.72883,-0.084524
-0.53467,-0.5622,0.62234,0.029734,1.0588,-0.019953,0.47515,-0.10918
-0.53373,-0.35361,-0.27396,0.24987,1.6438,0.12004,-0.66308,-0.074837
-0.78163,0.37518,-0.15821,0.19241,-0.049204,-0.030811,0.59183,-0.099151
-0.56331,-1.5245,-1.0193,-0.08873,2.742,0.21432,0.54899,-0.00041216
-0.50658,0.53726,0.18677,0.17953,1.0327,0.038087,-0.33658,0.015919
-0.50759,-0.13359,-0.68111,-0.26284,2.0071,0.17314,0.016646,0.0045041
-0.30425,1.6335,0.11622,-0.071074,-0.12566,-0.025286,1.5927,0.10816
-0.37959,0.4263,-0.37982,0.12047,1.8774,0.076573,0.31307,0.042958
-0.52703,1.5172,0.4875,0.015867,1.339,0.061658,-0.15131,-0.014066
-0.32714,1.0698,0.3781,0.11867,1.5761,0.059265,0.6677,-0.043588
4.5411,1.1401,0.6123,-0.14212,-0.0029302,-0.015441,0.91035,-0.10842
4.5172,-0.8965,0.39198,0.28777,-0.95696,0.0073599,0.042449,-0.070067
4.5027,-2.7607,-0.084775,-0.51569,1.3145,0.019694,-0.1402,-0.0040385
-0.57095,-0.6529,-0.39145,0.2305,-0.0072011,-0.026794,0.18876,0.072723
-0.62234,-0.086295,-0.099069,-0.35655,1.8488,0.037323,0.80306,0.051257
-0.40994,1.5044,0.023309,0.49406,-2.1227,0.0063266,-0.39582,0.12858
-0.56296,-1.6163,-0.11513,-0.3431,1.2002,0.015234,-0.86936,0.093873
-0.61264,2.83,0.5093,-0.031367,-1.8208,0.0058389,0.57704,0.034269
-0.60261,0.25573,0.60042,0.21303,1.0774,-0.012836,-0.0089965,-0.038963
-0.69972,1.4445,0.20264,0.00234,0.71995,-0.037845,-0.74568,-0.086008
-0.62708,-1.003,0.62164,0.30784,-0.36938,-0.0083245,-0.88658,-0.12225
-0.58864,0.1678,-0.39824,-0.10728,1.5115,0.068634,1.0605,0.00092643
-0.57336,-1.8634,-0.28332,0.046844,-0.57102,-0.075644,0.08046,0.084089
-0.39907,-1.8921,-0.53564,-0.27751,-0.85458,-0.073103,-0.79662,0.11707
-0.47672,-1.582,-0.1011,-0.15031,-1.1518,-0.020024,-0.34684,0.26679
-0.57859,0.50184,-0.57039,-0.13579,0.79077,-0.079308,0.73453,0.10317
-0.56942,1.4671,0.61166,0.1309,0.030601,-0.031999,0.030864,0.066128
-0.6835,0.47183,0.081279,-0.18954,0.56203,0.034467,-0.74068,-0.010731
-0.60965,1.9222,0.48644,0.0020702,-0.098142,-0.011944,0.47253,-0.071138
-0.55646,0.92698,0.27396,0.23012,-0.0049597,0.015395,0.38364,-0.099978
-0.54775,-0.10189,0.38236,-0.044155,0.33171,-0.03497,-0.81468,-0.071771
-0.44481,-1.2191,-0.28577,-0.019646,-0.36322,-0.0018557,-0.81572,-0.021537
-0.44862,-0.86664,0.14145,-0.062974,-0.69891,-0.04029,0.073724,0.015213
-0.58363,-1.6802,-0.39214,-0.2356,-1.1966,-0.025113,0.3348,0.15063
-0.54362,-1.1517,-0.49598,-0.12262,-1.1552,-0.017386,-0.3648,0.2058
-0.8238,0.19655,0.15242,0.11157,-0.82738,0.0091183,-0.51239,0.089443
-0.78522,1.8924,0.21566,-0.17245,-0.75266,-0.022385,0.68478,0.060992
-0.5582,1.117,0.77325,0.18474,-1.4499,0.011307,-0.19604,-0.023996
-0.52305,1.1826,-0.083067,-0.22861,1.1708,0.067023,-0.32646,-0.054807
-0.51918,1.4886,0.32674,0.20243,-1.3074,0.014259,0.057984,-0.058458
-0.37186,-0.75483,0.36918,-0.31803,1.3314,0.056332,1.0667,-0.080459
-0.5676,-0.86186,0.29264,0.24727,-0.9823,-0.0011497,-0.45658,-0.072769
-0.51812,-3.1571,-0.6042,-0.25333,1.8239,0.11255,-0.15288,0.041717
-0.51812,1.1164,-0.5618,0.029791,0.0071208,0.010222,0.59715,0.012171
-0.70959,-0.76799,-0.67521,-0.14919,2.8104,0.23191,0.72183,0.12215
-0.55129,1.5042,0.21187,0.35232,0.99158,0.025817,0.23742,0.087569
4.583,0.53462,-0.34522,-0.088872,2.1323,0.13924,-0.084248,0.027406
4.5373,1.9707,0.26761,0.17461,-1.6982,0.043452,1.061,-0.048139
4.4983,-0.33569,0.74694,-0.055877,2.4993,0.15601,0.49651,-0.092336
4.4682,0.68334,0.18746,0.16685,0.36636,0.025727,-0.069812,-0.094113
-0.62615,-1.1788,0.2174,0.025244,0.46926,-0.033404,-0.13365,-0.055075
-0.62955,-1.4294,-0.11145,-0.097356,-0.53346,-0.030497,0.81325,-0.017741
-0.80657,-1.178,0.39127,0.2149,-2.9758,-0.05007,0.1823,0.10422
-0.64569,-1.9357,-0.48387,-0.56455,1.1807,-0.0023562,-0.4073,0.095576
-0.56959,1.772,-0.62421,0.39769,-1.0593,-0.066326,-0.1005,0.035048
-0.59169,0.61153,-0.14189,-0.098898,1.9312,0.049099,0.4332,0.051501
-0.4941,3.2829,0.57579,0.28352,-0.61572,-0.017469,-0.20314,-0.01886
-0.52064,1.0104,0.62976,0.29607,1.2715,0.041315,-1.2448,-0.05892
-0.55479,1.6465,0.51086,-0.4162,-1.0663,-0.011861,0.74182,-0.11738
-0.58491,-2.0324,0.49027,-0.047405,-1.5184,-0.099581,0.16842,-0.10521
-0.66038,-0.070831,-0.24685,0.034236,-0.55361,-0.018297,-0.61586,-0.020102
-0.75883,-1.71,-0.42777,-0.00075583,-1.2174,-0.021127,-0.53337,0.12907
-0.60121,-0.74617,-0.8737,-0.065062,-0.043963,-0.067237,0.052885,0.04802
-0.56405,-0.61755,-0.18367,0.21712,-0.13186,-0.016147,0.42458,0.098424
-0.55591,0.1999,0.1368,0.050737,0.32312,0.042425,-0.42991,0.0077897
-0.43601,1.7936,0.073166,0.13256,0.63766,-0.036164,-0.11498,0.063207
-0.52629,1.9991,0.34601,0.014421,0.67713,-0.038313,0.5809,-0.0039168
-0.54942,1.4603,0.65655,-0.13522,1.025,0.019239,0.27731,-0.05987
-0.54466,0.15824,0.21049,0.079652,1.1847,0.065175,-0.069234,-0.094673
-0.79311,-0.13022,-0.46807,-0.22314,-0.12537,0.0097215,-0.42127,-0.088077
-0.59446,-2.0086,-0.1817,-0.12337,1.0724,-0.059555,0.66253,0.011075
-0.53015,-1.5742,-0.081178,0.1468,0.90915,-0.033179,0.017224,0.03534
-0.5259,-2.1935,-1.0453,-0.073193,0.6814,0.024045,-0.85212,0.085501
-0.39687,0.77747,-0.79452,-0.085628,-1.125,0.0021874,0.26247,0.11799
-0.49467,-0.10238,-0.39218,-0.053899,2.2135,0.14304,0.24583,0.098765
-0.52308,1.8496,-0.19491,0.023722,0.90168,-0.014569,-0.17679,0.005575
-0.51994,0.30354,0.53918,0.075214,0.1711,0.0048057,-0.098331,0.0023137
-0.72807,1.6181,0.42805,-0.25372,0.26545,-0.051752,1.2128,-0.069264
-0.53799,0.22271,0.61647,0.24867,-1.1639,0.007854,-0.52819,-0.078099
-0.45849,-0.8046,-0.46153,-0.23138,2.0638,0.14794,0.55259,-0.07749
-0.50153,-1.64,-0.13951,0.048835,0.25423,-0.022969,0.39322,0.060043
-0.48455,-0.70602,-1.0994,-0.15055,2.5875,0.25738,1.601,0.076325
4.5996,0.78267,-0.17967,0.44846,-0.91563,-0.023207,-0.31542,-0.019347
4.5849,-1.4851,-0.6289,-0.27746,1.3017,0.019874,-0.22205,0.13301
4.5469,0.55391,-0.1541,-0.15241,-1.035,0.016672,0.6306,0.16297
4.4951,0.64584,0.10452,-0.22856,2.2573,0.12105,0.86413,0.0029708
4.4149,3.0017,0.40058,0.57651,-0.94456,0.014907,-0.18131,-0.049161
-0.68326,-0.91398,0.59956,-0.11831,1.0977,-0.0058217,-0.60967,-0.10022
-0.62207,1.0592,0.49492,-0.055851,-2.6542,-0.083968,1.0262,-0.093383
-0.61004,-1.8162,0.51468,0.043781,0.73681,-0.08742,-0.34644,-0.040691
-0.42825,-0.8106,-0.80887,-0.55544,-0.27173,-0.055904,-0.33622,0.0023137
-0.45125,-0.023558,-0.87447,0.36614,-1.1616,0.0066989,-0.69645,-0.010196
-0.62613,-1.5117,-0.63186,-0.38432,1.1603,-0.031363,0.98831,0.11974
-0.61591,1.0432,0.44575,0.19074,-3.2688,-0.056006,0.063442,0.17188
-0.85697,0.046518,0.41738,0.17003,0.65836,-0.087959,-0.88775,0.097767
-0.62489,3.0334,0.69147,0.0086344,-2.7707,-0.056449,0.19608,-0.0084193
-0.58322,0.74657,0.29255,0.10147,-0.86468,-0.091059,0.25693,-0.085424
-0.5772,0.98989,0.1051,0.021243,-0.68068,-0.01281,-0.74885,-0.1027
-0.5097,-1.0401,-0.45465,0.031031,-1.6352,-0.028206,-0.89722,-0.10105
-0.42151,-0.36263,-0.3629,-0.2171,0.18426,-0.056744,0.57478,-0.071333
-0.57879,-2.0755,0.00065128,0.093455,-2.0644,-0.021891,-0.31781,0.092169
-0.57991,-1.8179,-0.47721,-0.16211,-0.62503,-0.014979,-0.39477,0.088884
-0.57935,-0.086276,-0.3553,0.08129,-0.7868,-0.031081,-0.82459,0.058924
-0.70235,1.7556,-0.14244,0.052304,-1.5017,-0.084192,0.14158,0.03719
-0.54713,0.81257,0.36716,-0.10114,0.16247,-0.033924,0.25829,0.067491
-0.54966,1.2342,0.038906,0.034544,0.37208,0.042213,-0.15682,-0.036286
-0.5467,1.4933,0.069196,-0.013711,-0.82677,0.028024,-0.61489,-0.074959
-0.42914,0.73582,0.53629,-0.10635,0.71923,-0.033879,0.693,-0.12042
-0.46769,-0.7707,0.4128,-0.04447,0.69794,0.050986,0.12717,-0.064737
-0.53858,-2.3398,-0.76012,0.054963,0.34634,-0.014902,-0.89311,-0.014747
-0.53353,0.62273,0.31231,0.16667,-0.16946,-0.038108,0.75257,-0.0070564
-0.73894,-0.27707,-0.31549,0.050492,1.703,0.058636,0.036368,0.024607
-0.51646,0.9327,-0.37487,0.010099,-0.21436,-0.01007,-0.40837,0.032809
-0.51996,-0.66474,-0.38324,-0.24163,0.35627,0.013219,-0.49531,0.10222
-0.5116,2.3951,0.033407,-0.17733,-0.088971,-0.018836,1.6267,-0.016597
-0.26713,1.1565,0.41255,0.26944,1.1232,0.017962,0.38544,-0.023509
-0.51072,1.1108,0.39443,-0.032992,0.80578,-0.058015,-0.15487,-0.10412
-0.50478,0.094639,0.75015,0.35162,1.0291,0.0019242,0.76574,-0.10779
-0.50569,0.33969,-0.37124,-0.15226,0.34678,0.039248,0.75867,-0.06627
4.5694,-0.76398,0.042857,0.144,0.056355,-0.06734,0.16827,-0.062571
4.559,-2.0531,0.032694,-0.18771,0.55893,-0.052259,-0.41008,0.12038
4.5347,-0.72803,-0.6843,-0.0015844,0.73616,0.048015,0.31948,0.13549
4.5017,-0.0089034,-0.13957,-0.16837,0.79224,-0.062661,0.63717,0.11892
-0.4217,1.8914,0.48929,0.49659,-1.951,-0.053234,-0.75143,0.092899
-0.46621,-0.28515,0.14959,-0.24168,1.2094,0.062152,-0.57751,0.019545
-0.68824,2.833,0.71468,0.31343,-2.7008,-0.0041852,0.30572,-0.07693
-0.62203,-0.73497,0.19976,-0.14779,2.5272,0.14641,-0.052286,-0.09404
-0.71672,1.6574,0.089521,0.19529,-1.4085,-0.071177,-0.018732,-0.067974
-0.89493,-2.4132,-0.92066,-0.091312,-0.53359,-0.031909,-1.5565,-0.078902
-0.62945,-1.9007,-0.29748,-0.33429,-2.3751,-0.032525,0.56881,0.085379
-0.59983,-3.1831,-0.020253,0.1449,-1.975,-0.0089791,-0.2204,0.15888
-0.59797,-0.13178,-1.1721,-0.25793,0.53922,-0.060454,-0.54589,0.091804
-0.33763,0.23692,0.12462,0.11843,-2.4561,-0.022103,-0.63492,0.22722
-0.57231,1.0874,-0.29782,-0.26056,1.7219,0.06334,1.0595,0.10392
-0.59519,2.5297,0.41735,-0.007031,-1.4911,-0.032531,-0.070088,-0.051278
-0.59494,0.6744,-0.04248,-0.20111,-0.48109,-0.047619,-0.95308,-0.055197
-0.72635,1.3352,0.045054,-0.13995,-0.67945,-0.075163,-0.20431,-0.11113
-0.58959,-0.85127,-0.080394,0.065901,-1.2026,-0.024272,0.20217,-0.089075
-0.56792,-1.6463,0.25491,-0.054618,-0.01153,-0.075092,-0.66723,-0.016889
-0.5607,-1.3006,-0.065568,0.16758,-0.68224,-0.041009,-1.8442,-0.04186
-0.33717,0.17056,-0.57442,0.14166,-1.3751,0.023898,0.42385,0.035194
-0.45199,-0.97182,-0.36609,-0.23079,0.45036,-0.075792,-0.074756,0.12464
-0.57313,0.84304,-0.23236,0.1499,0.53996,0.0076872,-0.39909,0.095625
-0.56287,1.0233,-0.042582,-0.1995,-0.13456,0.014304,-0.55879,0.050381
-0.59704,2.0698,0.21033,-0.070052,-1.271,-0.029246,0.059788,-0.032636
-0.62188,0.67878,0.54291,0.12213,-0.95705,0.026394,0.43935,-0.097958
-0.55268,0.068841,-0.32161,-0.028573,1.2236,0.073672,-0.15064,-0.10774
-0.53351,-1.719,0.09398,-0.039935,0.57355,-0.0037039,-0.24941,-0.060819
-0.17353,0.5032,0.014688,-0.27995,0.98124,0.034859,1.187,-0.076979
-0.39838,-0.32752,-0.15365,0.26122,-0.081926,0.010479,-0.023882,-0.05213
-0.46127,-1.626,-0.97693,-0.20683,1.6308,0.1064,-0.044972,0.16124
-0.52536,0.80728,-0.22657,0.040062,-0.0024871,-0.001554,0.40807,0.023999
-0.64557,1.0631,-0.29983,-0.022562,2.514,0.24573,1.1741,0.036289
-0.66369,1.5919,0.4718,0.26357,0.022772,-0.026454,-0.36655,0.027284
-0.55723,1.1801,0.11217,-0.051047,1.6154,0.062544,-0.85068,-0.045413
-0.50949,2.1165,0.8187,0.19159,-0.98238,-0.01032,1.6093,-0.063691
4.5531,0.12275,0.29075,0.049221,2.333,0.15263,0.33259,-0.050597
4.5306,-0.72524,0.21947,0.2928,-0.37437,0.035327,-0.37615,-0.045705
4.5152,-3.1487,-0.50423,-0.29334,1.0415,0.0012055,-0.3763,0.028453
4.4932,-0.87114,0.16979,0.0029245,-0.98836,-0.013734,0.94011,0.096161
-0.62382,-1.4716,-0.13752,0.13009,-0.17405,-0.066666,-0.23462,0.024364
-0.81511,0.21535,-0.095092,-0.24086,-0.18073,-0.02519,-0.20169,0.14725
-0.63782,1.8315,-0.84398,0.28367,0.086168,-0.04939,-0.31711,0.12529
-0.60834,1.707,-0.097026,-0.14249,1.2448,0.0075075,0.86611,-0.0060829
-0.5999,2.4391,1.3069,0.29349,-2.1274,-0.036908,-0.099474,-0.049769
-0.47019,-1.9989,1.6529,-0.097607,1.4421,0.051531,-0.9662,-0.093237
-0.56069,-0.108,0.71989,0.10912,-2.582,-0.069721,0.30185,-0.080532
-0.59633,-2.6169,-0.23011,0.058939,1.6477,0.077914,0.4772,-0.06223
-0.59726,-1.3455,-0.74805,-0.00049891,1.3274,0.0045811,-0.055812,0.070216
-0.95226,-1.4992,-0.7267,0.26371,-1.6005,-0.025222,-0.98808,0.1298
-0.72663,0.11232,-0.92958,-0.31969,0.76221,-0.062437,0.60267,0.27512
-0.54489,0.16819,-0.043128,0.22679,-2.9985,0.010999,-0.43184,0.24479
-0.57018,0.89322,-0.27603,-0.0061189,-0.61247,0.0065063,-0.37784,0.058583
-0.58056,1.1696,0.14788,-0.04235,-0.33162,0.026003,-0.74099,-0.018252
-0.42087,1.7023,0.66971,0.076017,-0.40482,0.016479,0.82159,-0.075665
-0.59538,-0.20095,0.84507,-0.1691,-0.22816,-0.0089855,-0.044587,-0.10626
-0.56585,-0.69971,0.51131,0.27314,1.2054,0.054618,-0.29126,-0.10745
-0.57081,1.034,-0.19734,-0.11555,-1.0208,-0.048286,-0.47782,-0.030056
-0.65078,-2.75,-0.66464,-0.10858,0.061454,-0.10826,0.37507,0.12023
-0.58703,-1.1092,-0.69869,-0.086167,0.64853,-0.018259,-0.24063,0.12296
-0.54153,-0.8013,-0.89608,-0.092488,-1.0468,-0.010397,-1.1877,0.19699
-0.53215,1.266,0.37206,-0.027437,-1.2984,-0.055506,0.63184,0.024291
-0.25289,1.0203,0.3467,-0.015361,-0.37065,-0.038307,-0.67601,0.06805
-0.48196,1.8196,0.049268,0.070384,-0.38789,0.022865,-0.36027,-0.026405
-0.53196,0.033861,0.40614,0.038013,-0.87052,-0.037075,-0.88546,-0.078123
-0.53888,1.3376,0.23014,-0.16093,0.24569,-0.041612,0.87361,-0.082699
-0.61715,-0.63547,0.25197,0.17187,-1.001,-0.036048,-0.22153,-0.06627
-0.58107,-0.36546,-0.33321,-0.32207,0.13073,-0.03015,-0.32748,-0.06223
-0.50361,-0.82027,-0.47804,0.14506,-0.072498,0.02694,0.25197,0.031495
-0.5056,-0.67698,-0.80966,-0.21068,2.6183,0.25654,1.7697,0.1415
-0.34766,-0.15469,0.12448,0.29151,-0.9083,-0.014652,-0.087523,0.16742
-0.38529,-0.12428,-0.76873,-0.12491,1.6485,0.03989,-1.0512,0.15411
4.5865,2.6152,0.49831,0.29443,-1.4542,0.009914,1.496,0.011927
4.5397,0.7011,0.57668,-0.166,2.3474,0.19655,0.27445,-0.031662
4.4991,2.1609,0.60416,0.53787,-0.92815,-0.024599,-0.67359,-0.1039
4.4702,-1.0978,0.25103,-0.25872,0.46526,-0.04459,-0.050925,-0.10037
-0.62429,0.45281,0.66265,0.061257,-2.5154,-0.068668,0.42173,-0.06004
-0.61817,-4.0304,-0.35018,0.29881,-0.559,-0.061891,-0.41851,0.024997
-0.61451,0.43691,-0.90085,-0.38416,-1.2887,-0.056096,-0.37596,0.0018999
-0.39026,-0.81806,-1.2339,0.29693,0.21361,0.039698,-0.2622,0.075011
-0.5717,1.1485,-0.42759,-0.36131,0.041943,-0.067648,0.74922,0.10884
-0.60487,2.2777,0.50045,0.43637,-3.1076,-0.089101,-0.31149,0.054713
-0.59631,-1.3017,0.62532,-0.084517,1.0976,-0.029984,-1.4182,-0.035751
-0.81218,2.0838,0.87577,0.29437,-3.0286,-0.054383,0.31344,-0.060308
-0.63867,-0.55246,0.48708,0.15257,1.7314,-0.0097171,0.040664,-0.12982
-0.5847,1.3321,-0.17467,-0.091871,0.2426,0.018186,-0.52134,-0.10738
-0.57539,-1.3165,-1.0021,0.1375,-1.0527,-0.048408,-1.0007,0.00075606
-0.42436,-0.20913,-0.86251,-0.48599,-0.13403,-0.12,0.26647,0.16348
-0.51898,-1.4457,-0.149,0.11037,-3.1321,-0.01575,-0.27391,0.052547
-0.57983,-0.39252,-0.41044,-0.084131,0.026754,-0.046162,0.36293,0.090052
-0.5742,-0.90346,-0.13124,-0.11689,0.33944,-0.025453,-0.85828,0.10548
-0.77562,1.79,0.20945,-0.17568,-1.333,0.01114,0.74435,0.085403
-0.56516,1.3505,0.749,0.055618,-0.89117,-0.01557,-0.0026067,-0.0072268
-0.55042,1.218,-0.13354,0.11364,0.1559,0.010601,-0.50026,-0.065394
-0.5452,1.1228,0.56572,-0.019633,-0.80145,0.0072379,-0.35937,-0.11344
-0.28442,-0.31115,0.37545,-0.015843,1.2107,-0.055994,0.81794,-0.080605
-0.36946,-0.62125,0.26851,-0.088114,-0.31496,0.026567,-0.011777,-0.022925
-0.58718,-2.4621,-0.7461,0.11637,-0.82053,-0.056103,-1.0224,0.041692
-0.54733,-1.3054,-0.14585,-0.0031323,-0.030938,-0.065806,0.33695,0.12157
-0.62656,-0.091786,-0.099898,0.29785,1.0941,0.024013,0.30352,0.068926
-0.7501,0.95175,-0.067765,-0.045453,1.254,0.023416,-0.13817,0.097329
-0.55042,0.83631,-0.107,-0.37177,0.38095,-0.015628,0.21747,0.014483
-0.51932,2.4006,0.77593,0.23314,-0.092587,-0.062097,0.15571,-0.018349
-0.51351,1.0431,0.4397,0.25125,1.0148,0.029256,0.64095,-0.058215
-0.36491,1.1226,0.44915,0.24392,-0.58729,-0.066467,-0.21256,-0.075202
-0.45161,-0.92724,0.54949,0.055008,1.4761,0.05046,-0.57304,-0.081676
-0.51519,-1.3746,-0.093776,-0.27209,0.42086,0.051037,1.7313,-0.0034544
-0.5142,-1.1505,0.077849,0.23602,0.53342,-0.02818,-0.099776,-0.00141
-0.62831,-0.17464,-0.54166,-0.20361,1.3461,0.032029,-0.049416,-0.0045009
4.5961,0.67835,-0.69652,0.12675,-0.71431,-0.004198,-0.19489,0.11456
4.5579,0.90477,0.7567,0.046626,1.2437,-0.010904,0.88404,0.10059
4.5106,1.9296,0.7775,0.4558,-0.36969,0.036932,-0.52387,0.0026788
4.4686,0.5822,0.34014,-0.14896,0.86828,0.019174,-0.37956,-0.030469
-0.54755,1.5434,0.66262,0.29142,-1.0604,0.032189,0.46792,-0.097107
-0.61323,-1.1956,0.31202,-0.14769,2.2535,0.12972,0.12858,-0.10621
-0.61371,-0.34566,-0.55328,0.039182,-1.344,-0.035554,0.027871,-0.017254
-0.74425,-2.5195,-0.41703,0.061264,0.103,-0.0096529,-1.5293,-0.011462
-0.66938,0.72704,-0.17045,-0.16228,-2.9449,-0.068931,0.59429,-0.026235
-0.56626,-1.4015,0.13866,0.17932,-1.3839,-0.11298,-0.37569,0.11629
-0.58765,-0.18194,0.01657,-0.19584,0.58678,0.0095418,-0.70413,0.16453
-0.32844,1.6707,0.35044,0.31169,-3.3337,-0.055833,-0.9749,0.053375
-0.45628,1.6973,-0.10283,-0.22515,1.3966,-0.062835,0.44913,-0.0015804
-0.54291,2.1033,0.12225,0.13048,-1.6097,-0.03137,-0.49717,-0.069726
-0.57533,-0.22325,0.077239,-0.18943,-1.9486,-0.033603,-1.1844,-0.13709
-0.63931,0.11177,0.014052,0.083808,-1.5138,-0.0052377,-0.20142,-0.11485
-0.74774,-1.1748,0.097577,-0.063263,-1.4447,-0.038628,0.090857,-0.030664
-0.61383,-0.82533,-0.17242,0.052965,-0.46565,-0.052669,-0.3319,-0.040375
-0.55939,-2.3955,-0.71696,0.094746,1.0525,-0.017822,-0.93434,0.12006
-0.55033,1.1296,-0.089985,0.036369,-2.305,-0.010526,-0.14524,0.037312
-0.32824,-0.027052,-0.17244,-0.15321,-0.71402,-0.028642,-0.14136,0.02945
-0.52889,0.99723,0.16184,0.012944,0.86044,0.044196,0.18757,0.051671
-0.54786,1.3406,-0.088129,-0.083027,0.43594,0.051859,-0.84396,-0.021659
-0.54505,1.2516,0.88367,-0.11332,-0.61101,0.020439,0.61432,-0.071065
-0.64494,0.75302,0.61309,0.082414,-0.93433,0.03681,0.030864,-0.11628
-0.55953,-1.3563,-0.16047,0.037871,-0.00016862,-0.0044547,-0.54412,-0.068802
-0.52493,-1.7594,0.060247,-0.05614,-0.15361,-0.0042686,-0.050604,-0.018447
-0.52214,-1.9538,0.40147,0.047487,1.0029,-0.0015669,0.52109,0.028793
-0.35778,-1.4856,-0.24392,0.037049,0.90179,-0.0062709,0.62182,0.12464
-0.36536,0.21658,-0.48077,-0.15191,0.43806,0.0043693,-0.37676,0.017062
-0.53154,0.88009,0.097853,-0.1328,-0.073962,-0.015974,0.31305,0.074865
-0.52552,1.0542,-0.036602,-0.17058,2.3359,0.19614,1.4587,0.02614
-0.61624,1.8222,0.88708,0.29569,-0.88851,-0.050943,-0.25262,-0.014869
-0.57684,0.59367,0.42896,-0.27038,2.2677,0.16188,-0.35135,-0.077271
-0.47199,0.2248,0.72659,0.017986,-0.58867,0.043234,1.7201,-0.10689
-0.49783,-2.5211,0.59565,-0.049107,3.2235,0.32121,1.2882,-0.061598
4.5894,0.50878,0.42786,0.33946,1.1842,0.050986,-0.17837,-0.064908
4.5767,-1.8788,-0.84492,-0.18645,1.4721,0.11889,0.79755,0.02984
4.5602,-1.4205,-0.10227,-0.045581,-0.22505,-0.014524,0.91672,0.21549
4.5192,-1.453,-0.13314,0.2983,1.4528,0.056569,0.35462,0.13384
-0.6006,1.7905,-0.27082,-0.27482,0.95833,-0.042466,0.3468,0.0014862
-0.70207,1.727,-0.51476,0.42362,1.5771,0.10882,0.30453,0.040451
-0.6591,0.63606,0.10488,-0.3694,0.79091,-0.037344,1.081,-0.046898
-0.61422,1.119,0.69815,0.18888,-2.3454,-0.0084593,0.27342,-0.093407
-0.60178,-2.7621,0.16443,-0.23548,2.108,0.12871,-1.0338,-0.073304
-0.38826,1.0043,0.80282,0.24356,-3.2486,-0.028816,0.44497,-0.073986
-0.53769,-2.7957,-0.26423,0.023015,2.3715,0.11373,0.20325,0.012974
-0.61093,-1.6628,-1.0814,-0.023846,1.4511,0.080481,-0.058792,0.28052
-0.59806,-2.2263,-0.86977,-0.13256,-0.95478,0.017044,-0.22084,0.16752
-0.71642,-0.16623,-0.58016,-0.32812,2.099,0.078806,1.2601,0.2141
-0.62548,1.4844,0.50853,0.16254,-0.29797,0.038863,0.32302,0.1031
-0.57678,1.9449,0.63088,-0.10351,0.40285,-0.076992,-0.60759,0.0016566
-0.57159,0.62844,0.34879,0.20931,0.078962,0.0060186,0.15454,-0.060089
-0.36304,0.89311,0.18008,-0.30029,-0.83934,-0.046496,0.52732,-0.09219
-0.54116,-0.25813,0.53586,0.096275,-1.0439,-0.032133,-0.011026,-0.10645
-0.59617,-2.0484,-0.75047,-0.079995,1.1108,0.013174,-0.68954,-0.071333
-0.56198,-0.8282,-0.050799,-0.019466,-1.9066,-0.052714,0.049089,0.017257
-0.77297,-1.6706,-0.62646,0.0063286,0.88359,-0.10249,0.47898,0.0067188
-0.71749,-0.29755,-0.024961,-0.013942,0.49109,0.021408,-0.43507,0.16187
-0.56947,-0.50715,-0.36784,-0.12541,-0.2468,-0.011694,-1.1349,0.11108
-0.54433,1.7908,0.47354,0.058001,-0.36493,-0.084263,0.584,0.054056
-0.54339,1.2736,0.59879,0.18025,-0.39274,-0.039,0.37092,-0.027768
-0.35384,1.3404,0.55955,-0.026415,0.65608,-0.042061,-0.62577,-0.075081
-0.58705,-0.30796,0.34984,0.085016,-0.48137,-0.013677,-0.31822,-0.12252
-0.53068,-0.47641,0.093742,0.029978,0.10419,0.018854,0.88513,-0.097082
-0.5343,0.48641,-0.58037,0.19478,0.92916,-0.037011,0.37196,-0.069337
-0.75159,-0.4514,-0.6245,-0.29303,0.56293,-0.045957,-0.47687,-0.051911
-0.52039,-1.4208,-0.5136,-0.094408,1.0641,0.076431,0.89106,0.1149
-0.51438,0.13208,-0.70266,-0.25682,2.0551,0.10404,1.4292,-0.014358
-0.50522,1.4877,0.49565,0.34278,-0.17438,-0.021217,0.02152,0.065446
-0.34052,0.077042,-0.098716,-0.35981,1.9859,0.13751,-0.65745,0.059289
-0.49184,2.1891,0.49943,0.08754,-1.2578,-0.0079394,0.9858,-0.015988
-0.50826,0.6519,0.62293,-0.21374,3.1488,0.31747,0.95631,-0.048577
4.5476,1.7925,0.4575,0.49613,-0.26985,-0.025581,-0.29821,-0.088077
4.5201,-1.3738,0.20437,-0.059294,1.7239,0.07484,0.50998,-0.06021
4.5039,-0.86884,0.69042,0.034891,-1.345,0.013963,0.3279,-0.022925
4.4868,-3.491,-0.073874,-0.0045389,1.7839,0.08059,0.22663,0.076617
-0.62524,0.18508,-0.72884,0.12321,-0.19172,0.028005,-0.21177,0.1102
-0.40739,0.31631,-0.52954,0.49267,0.80776,-0.054409,-1.0733,0.15576
-0.47897,1.9037,0.18136,-0.084465,-1.5094,-0.044416,0.96654,0.14277
-0.64973,1.5633,0.54727,0.26114,-2.0153,-0.089191,-0.0011746,0.025556
-0.62237,-0.39424,0.43066,-0.40203,1.0263,-0.0018877,-1.1908,-0.055343
-0.67128,2.0237,0.87347,0.2197,-2.3869,-0.041144,0.21657,-0.068144
-0.77507,-0.41364,0.20242,-0.27446,1.7982,0.067537,0.48056,-0.096133
-0.65876,0.39663,-0.51381,0.12825,0.78486,0.0093814,-0.14084,-0.071673
-0.59467,-2.8865,0.085301,0.060493,-0.79518,-0.013073,-1.5137,0.082872
-0.58539,0.49341,0.028525,-0.050437,-0.054952,-0.020409,0.79218,0.072066
-0.39408,-1.1154,-0.24447,0.028725,-2.1215,-0.045238,-0.22094,0.23992
-0.50154,0.23195,-0.83164,-0.20725,-1.2684,-0.097707,-0.73983,0.20824
-0.58421,0.65089,-0.49304,-0.15663,0.081723,-0.0682,-1.0478,0.072942
-0.57778,2.4803,0.12598,0.02229,-0.63406,0.0029318,0.99007,-0.0036978
-0.71899,1.4439,0.7516,0.18027,-0.66561,-0.056635,-0.37752,-0.057582
-0.53807,-0.2224,0.27263,-0.020956,-1.2977,0.0079439,-1.3168,-0.10287
-0.56119,-0.1124,0.49375,-0.048838,-1.6518,-0.043139,-0.57484,-0.086422
-0.55217,-1.8121,-0.52383,-0.24447,0.8705,-0.064869,0.41724,-0.040935
-0.39725,-0.33626,0.10534,-0.10433,0.30744,-0.036799,-0.16034,0.089151
-0.48035,-2.3998,-0.67174,-0.3799,-0.32431,-0.016449,-0.69339,0.080511
-0.55422,0.28112,-0.32506,-0.17094,-0.46273,-0.082357,0.087865,0.10626
-0.54776,0.24195,-0.62441,-0.094292,0.072475,-0.052323,0.014553,0.068683
-0.72027,1.3639,0.37278,0.028089,0.28709,0.0074882,-0.50238,0.049164
-0.57394,0.82309,0.074303,-0.099733,-0.87603,-0.03574,-0.92881,-0.011559
-0.52083,1.7836,0.17601,0.094534,-0.050334,0.0020077,0.51184,-0.086763
-0.52691,0.57124,0.067622,0.0777,1.3111,0.024552,0.27725,-0.072915
-0.18782,0.54161,0.16004,-0.055916,-0.54062,-0.070568,-0.27286,-0.078196
-0.4409,-0.97273,-0.0074623,-0.11034,-0.17717,0.036405,-0.79065,-0.063739
-0.55068,-0.52704,-0.47473,-0.37216,-1.0827,-0.063983,0.85916,-0.0056691
-0.5214,-1.3398,-0.41216,0.36076,1.2372,-0.00015502,0.17021,0.14571
-0.73628,-0.024836,-0.13454,-0.076392,1.3944,0.097622,-0.046468,0.058656
-0.67816,1.2581,-0.2838,0.13039,-0.039095,-0.0065404,0.27462,0.11858
4.6773,1.9384,0.1869,-0.28706,1.9335,0.13067,0.9772,0.0013645
4.5465,2.1923,0.35085,0.44518,-1.1211,0.0077898,0.60073,-0.030908
4.5048,0.18847,0.41657,-0.13782,0.95215,0.0077321,-0.52515,-0.079097
4.4758,0.94884,0.4948,0.21463,-0.24137,0.012674,0.63639,-0.10414
-0.6761,-2.4262,-0.52192,-0.18884,1.6975,-0.0077983,0.42659,-0.072404
-0.63211,-0.3195,-0.29327,0.35625,-2.5065,-0.028309,-0.62295,0.0069379
-0.63239,-4.124,-1.6304,-0.26664,1.343,0.036097,-0.93407,0.051087
-0.81417,0.53552,0.087228,-0.12769,-3.9858,-0.016719,0.35772,0.096964
-0.66879,-1.3423,0.21804,0.18308,1.268,-0.069862,-0.31126,0.11235
-0.60092,1.8764,-0.51034,-0.16317,0.23235,-0.055878,-0.44026,0.011976
-0.59786,1.5391,0.51329,0.486,-1.2872,0.027549,-0.69503,-0.010926
-0.29419,1.4094,-0.069653,-0.36524,1.0731,-0.077974,0.40597,-0.097058
-0.48007,0.87664,0.7263,0.06594,-2.8364,0.0086883,0.16484,-0.12225
-0.59283,-1.1468,0.33826,-0.17594,-0.56356,-0.060492,-0.73283,-0.10494
-0.59683,-1.6023,-0.063152,-0.061979,-0.56397,-0.003967,-0.15144,-0.030713
-0.73008,-0.9757,-0.18637,0.034345,-1.3925,-0.074014,0.61285,0.11539
-0.72528,-0.88474,-0.53385,0.12628,-1.0372,-0.037178,-0.47005,0.11237
-0.58742,-2.0132,-1.1422,-0.026589,1.2372,0.064925,-0.20966,0.099568
-0.568,0.30965,-0.46875,-0.056622,-0.87734,0.0038238,-0.31393,0.136
-0.57141,0.55831,0.36859,-0.10768,1.0896,0.0081556,0.59921,0.045489
-0.42539,1.6902,0.6325,0.01762,0.5944,0.017294,-0.56967,0.0058427
-0.53464,1.2645,0.55562,0.067821,-0.20817,0.040352,-0.75018,-0.049112
-0.55629,1.0121,0.72318,-0.243,0.77023,0.036957,0.96433,-0.12726
-0.55538,0.11337,0.73607,-0.0013724,-0.2226,0.050909,0.73062,-0.066343
-0.65416,-1.2982,-0.29773,-0.19314,0.50098,0.038523,0.17311,-0.021489
-0.60092,-1.775,-0.14323,0.07251,0.44867,0.048509,0.29541,0.064862
-0.53797,-1.5154,-0.27263,-0.15397,0.98521,0.014227,0.91039,0.11084
-0.53007,-0.47763,0.039337,0.21145,-0.16584,0.041084,0.56957,0.085282
-0.31398,-0.17598,0.0011781,-0.18092,1.0464,0.016088,-0.3125,0.11819
-0.53034,2.0517,0.19484,-0.031239,1.0213,0.056794,0.70053,0.0037496
-0.52956,1.1547,0.093453,-0.34694,2.4329,0.1481,1.4683,-0.016573
-0.52422,1.3821,0.57515,0.3286,0.89331,0.00061508,-0.095557,-0.080459
-0.71628,-0.99858,0.042851,-0.10295,1.3157,0.056941,-0.36576,-0.084719
-0.53395,0.43727,-0.23841,-0.0099663,0.75315,0.00090387,1.5341,-0.079583
-0.50488,-1.2113,-0.04663,0.33579,2.8828,0.31422,1.0317,-0.045316
-0.50406,-1.9553,-0.19021,0.026959,1.8742,0.16541,0.19017,0.086985
-0.22555,-1.003,-0.23004,0.059915,1.5608,0.10734,0.67543,0.040792
4.5931,1.2192,-0.50722,-0.037565,0.52758,-0.020434,1.6259,0.017987
4.5611,-0.41659,0.10967,0.0053395,0.5529,-0.02938,0.44365,0.13566
4.5127,1.4838,0.065007,-0.085731,1.5591,0.060811,0.42721,0.059483
4.4652,2.8909,0.17798,0.41723,1.7985,0.15673,0.23863,-0.03266
-0.75792,2.0361,0.40941,-0.19302,0.96925,0.016402,1.6672,-0.10621
-0.66738,0.70786,1.0143,0.39751,-1.2873,-0.011001,0.50973,-0.11093
-0.62018,-3.1023,-0.022912,-0.35928,1.9732,0.091846,-0.69018,-0.04001
-0.61493,1.3458,0.59526,0.27944,-2.8871,0.015927,0.84057,-0.015283
-0.34194,-1.6067,-0.56564,0.10918,3.1219,0.25029,0.80528,0.006013
-0.66852,0.92467,-1.0306,0.018924,0.077151,-0.010814,0.058337,0.070849
-0.61425,-1.3154,-0.25362,0.032316,0.062726,-0.017405,-0.25706,0.1297
-0.61111,2.1314,0.026804,-0.43907,0.96196,0.027658,1.3101,0.033953
-0.71923,1.5715,0.8991,0.20813,-1.719,-0.011662,0.33938,0.013752
-0.65719,1.6619,-0.044394,-0.020982,-0.66535,-0.017553,-0.6487,-0.085376
-0.58784,-0.19978,0.2443,-0.060148,-0.93702,0.018469,-0.22989,-0.13364
-0.57207,-0.031663,-0.094855,-0.065152,-1.6088,-0.070638,0.81883,-0.095038
-0.44992,-0.60447,-0.19988,-0.1081,-1.5317,-0.079623,-0.27808,-0.090365
-0.45863,-3.0898,-1.0854,-0.19972,0.56139,-0.034033,-0.70362,0.00082907
-0.58728,-1.1069,-0.51321,-0.17327,-0.76588,-0.059831,0.39172,0.070581
-0.58274,-1.0079,-0.58781,0.021076,0.46348,-0.030799,1.024,0.074987
-0.59014,1.1109,-0.066763,-0.17344,-0.15039,-0.076793,-0.58404,0.042982
-0.68103,0.77335,-0.41665,0.0285,0.26519,0.017018,-0.33588,0.06771
-0.54446,2.09,0.25207,-0.14388,0.15538,-0.014498,0.49728,-0.010342
-0.54799,0.72315,0.51396,0.17575,0.47024,0.016004,0.59224,-0.08871
-0.19184,1.1201,0.54788,-0.074876,0.3411,-0.065812,-0.20771,-0.092823
-0.53892,-0.60808,-0.21403,-0.16708,0.053028,-0.038654,-0.20423,-0.092434
-0.50762,-0.9864,-0.18191,-0.14436,-0.35677,-0.014915,1.049,-0.022
-0.54421,-2.1766,-0.318,-0.1449,0.78655,-0.051251,0.67764,0.035486
-0.74574,-0.79381,-0.33285,-0.066481,0.88075,0.021729,0.10937,0.086888
-0.78426,0.69036,-0.41786,0.085279,-0.63083,0.020137,-0.27961,-0.0093928
-0.59514,1.0326,-0.23503,-0.25574,0.421,-0.025491,1.538,0.010272
-0.52208,1.4754,0.42556,0.30524,-0.63315,0.015831,0.2747,-0.0017264
-0.51327,0.63329,0.12195,-0.23702,1.2436,0.0072315,0.0025757,-0.036627
-0.39029,2.5918,0.37944,0.31203,-1.0151,0.039537,0.67581,-0.058093
-0.49611,-0.43385,0.84613,0.010805,2.5891,0.23328,1.4091,-0.11234
-0.50693,-0.057698,0.52871,0.37859,-0.88817,0.005287,-0.41603,-0.084816
-0.49791,-0.7163,-0.16364,-0.052107,1.5057,0.031778,-0.14262,-0.064469
4.5697,-0.0058915,-0.53001,-0.022189,-1.4412,0.026587,0.83587,0.043883
4.5579,-3.2987,-0.27071,-0.20879,2.1023,0.12198,0.13867,0.29624
4.5226,2.1023,-0.39681,0.43123,-0.37242,0.02479,0.23249,0.13442
4.474,-0.015698,0.04041,0.0036631,1.3212,0.032138,-0.30429,0.031592
-0.48226,2.3736,0.48195,-0.06354,-2.9369,-0.03497,1.1067,0.044151
-0.60275,-0.26417,0.69807,0.048424,-0.73967,-0.084122,-0.15642,-0.053177
-0.60954,0.76897,0.15347,-0.29573,0.35326,-0.019356,-0.43071,-0.093212
-0.61286,0.27485,-0.40772,0.36891,-1.5456,-0.078256,-0.37472,-0.091777
-0.77507,-0.26939,0.029527,-0.23239,1.1079,-0.0020097,0.77924,-0.073255
-0.69905,-0.046742,-0.030235,0.18479,-2.4281,-0.075022,-0.56419,0.0062808
-0.60768,-3.7396,-0.49157,0.019964,-0.47331,-0.10982,-1.8163,0.28064
-0.59097,-0.12483,0.041746,0.050428,-1.0675,0.020702,0.46943,0.1746
-0.52518,-0.25494,0.10086,-0.064966,-0.92771,-0.11629,0.30605,0.17794
-0.44334,1.2884,-0.12627,-0.10901,0.37251,-0.071473,-0.22161,0.085379
-0.66258,-0.042401,0.10502,-0.18436,-1.3357,-0.012104,-1.0447,-0.013263
-0.58347,2.1803,0.48746,-0.17552,-1.3784,-0.039494,0.32154,-0.065832
-0.72802,1.4048,0.65862,0.17996,-1.0759,-0.052554,-0.24512,-0.08024
-0.81569,-0.9587,-0.16193,-0.38409,-1.0207,-0.045488,-0.78136,-0.113
-0.64876,-1.2288,0.071213,-0.1294,-1.0769,-0.022392,-0.56268,-0.058726
-0.56323,-2.1385,0.12046,-0.020493,-0.68031,-0.065203,-0.42514,0.063475
-0.55137,0.71789,0.39103,-0.0099213,-1.4136,-0.094704,-0.18869,-0.032952
-0.31133,-0.98135,-0.24378,-0.019716,-1.2284,-0.065126,-0.93172,0.14598
-0.44585,-0.11577,-0.30849,-0.098326,-0.511,0.023147,0.1983,0.26183
-0.56311,1.4643,0.083553,0.09562,0.83055,-0.03719,0.54689,0.070703
-0.55877,1.9186,0.40531,-0.055723,-0.44916,-0.044648,-0.42684,-0.028182
-0.79574,0.31374,0.30362,-0.063405,-0.65262,-0.068392,-1.5401,-0.069483
-0.54799,1.1305,1.0535,0.2013,-1.5125,0.010376,0.21869,-0.11882
-0.52824,-1.7157,0.38588,-0.16596,1.7044,-0.0028311,0.52482,-0.077612
-0.52459,-1.8223,0.16286,0.029515,0.80495,-0.012213,-0.02299,0.0032872
-0.40356,-1.8208,-0.42026,-0.31943,-0.18668,0.03276,-0.79999,-0.050402
-0.36296,-0.62737,-0.97502,-0.31092,0.007975,-0.042081,1.1948,0.13072
-0.53423,-0.43209,0.18975,0.069177,1.7161,0.076091,0.50811,0.0071813
-0.52781,0.75119,-0.38669,-0.025298,1.3633,0.056524,0.045814,0.088591
-0.62185,1.349,0.09096,0.14668,0.51658,0.013392,0.4454,0.060652
-0.56169,2.5095,0.36036,-0.051047,1.2496,0.066221,1.0476,-0.049161
-0.52357,0.56129,0.79835,0.28368,-0.89235,0.055677,0.21467,-0.10098
4.5616,-0.63027,0.067532,-0.13548,1.4639,0.09802,0.27276,-0.068144
4.5382,-0.67246,-0.3343,0.43336,0.16085,-0.012733,-0.72368,-0.052106
4.5253,-2.0163,-0.41963,0.0022822,1.1458,0.0067245,1.9027,-0.017473
4.5059,-1.1321,0.10996,0.33934,-0.41988,-0.016513,-0.13673,0.076301
-0.62017,-2.9679,-0.44378,-0.074041,1.3806,-0.0020033,-1.4337,0.095966
-0.62675,1.9741,0.22021,0.16337,-1.5599,-0.021442,1.1001,0.029645
-0.85371,0.19866,-0.10076,-0.099559,2.9029,0.20159,-0.01545,0.094092
-0.67368,3.2734,0.28043,0.31081,-1.5697,0.0041896,-0.45588,0.030254
-0.61326,-0.90632,0.29497,-0.10973,0.93089,0.003612,-0.17826,-0.048406
-0.59939,1.907,0.19399,-0.021836,-1.0341,-0.054338,0.22481,-0.06189
-0.50509,-0.36829,0.31468,0.26944,-2.2275,0.0079439,0.25108,-0.11655
-0.58803,-3.079,-0.50531,-0.38913,0.71701,-0.029316,0.022477,0.0032629
-0.59838,-2.0213,-0.89334,0.21404,-0.83356,-0.031511,-1.1605,0.047753
-0.59642,-2.5103,-0.88531,-0.21222,0.9954,-0.072653,1.2884,0.15387
-0.80728,-0.23473,0.30557,-0.0018028,-0.87785,-0.072127,-0.15345,0.16788
-0.59669,-1.5822,-0.38606,-0.050398,-0.82507,-0.015756,-1.0649,0.26755
-0.56961,1.4629,-0.062452,-0.23371,-1.425,-0.057835,-0.36808,0.081655
-0.57108,1.3549,0.47994,0.021127,0.66118,0.014349,0.72927,-0.017278
-0.4376,1.4679,0.27476,-0.15892,0.4398,0.034102,-0.17925,-0.06408
-0.52074,0.2953,0.16036,0.091464,0.21162,0.051814,-0.26911,-0.10704
-0.62488,0.65184,0.71123,0.0050697,-0.033732,-0.052169,-0.40373,-0.10626
-0.56734,-0.96109,-0.40716,-0.16446,-0.85277,-0.023733,0.34711,-0.073523
-0.79022,-1.5244,0.50464,-0.1855,-0.90946,-0.061891,-0.58097,0.034269
-0.73435,-1.5953,-0.78834,-0.14986,0.30843,0.018642,-0.12979,0.090417
-0.58562,0.14607,-0.031771,-0.018926,-1.012,-0.077332,0.39838,0.17874
-0.54386,-0.29604,-0.4347,0.013317,-1.1931,-0.049101,0.23032,0.19838
-0.54076,1.0709,0.049018,-0.076154,-0.84567,0.00046748,-0.54958,-0.0022375
-0.37957,2.2732,-0.0050083,0.14237,-1.026,-0.014659,-0.89671,0.0097854
-0.57228,0.98172,0.37491,-0.13034,0.3366,-0.08844,0.72215,-0.064688
-0.53697,1.1007,0.64122,0.28423,-0.78056,0.011178,-0.085744,-0.073255
-0.54095,-0.15282,-0.40341,0.12601,0.63228,-0.029169,-0.96736,-0.071893
-0.72133,0.17916,-0.34633,0.2554,-0.26602,0.025579,0.54574,-0.016475
-0.59106,-1.1223,0.050502,0.061116,2.0958,0.16409,0.59881,-0.06004
-0.51323,-0.9591,-0.59252,0.075124,1.1544,0.067845,-0.20596,0.10003
-0.50536,-1.4719,-0.23125,-0.1662,1.3752,0.05354,-0.17592,0.10991
-0.22007,1.7864,-0.063814,0.0030337,-0.66189,0.041302,1.7542,0.10512
-0.35817,0.40016,0.30753,-0.03772,2.5151,0.1568,0.76998,0.029669
4.5557,1.6708,-0.2814,0.18972,1.0661,0.017724,-0.21474,-0.010731
4.5138,0.21616,0.5512,-0.022651,1.3352,0.064822,0.19946,-0.054223
4.4795,1.2873,0.67643,0.14455,-0.29124,0.01646,1.0503,-0.10687
4.4572,-1.2266,0.54923,0.14174,-0.33345,-0.053157,-0.076362,-0.076711
-0.62639,-2.1622,0.10002,-0.1268,0.15085,-0.05111,-0.69679,0.00034232
-0.62488,-0.79157,-0.18676,0.17405,-0.69527,-0.01883,0.054278,0.07725
-0.23417,-0.87503,-0.32859,-0.282,1.3686,-0.014196,0.49025,0.19074
-0.56582,1.2833,-0.38604,0.51851,-2.6662,0.0019499,-0.5975,0.09801
-0.55941,-1.5392,-0.46037,-0.24517,0.75113,-0.0239,-1.1905,0.035462
-0.61453,2.7497,0.20962,0.07858,-1.5178,0.015882,0.46591,0.027771
-0.67932,1.2278,0.48418,0.11352,-0.014786,-0.050731,0.069871,-0.044123
-0.74972,1.7454,0.12586,0.19279,1.0817,-0.020941,-0.84051,-0.086325
-0.66712,-0.73558,1.4577,0.14265,-0.53206,-0.020158,-0.87978,-0.1186
-0.59549,-1.2177,-0.068728,-0.54114,0.86772,-0.029675,0.88899,-0.064323
-0.58516,0.073356,-0.35749,0.073217,-2.0292,-0.060711,-0.22662,0.046
-0.42785,-3.1974,-1.1566,-0.33701,-1.4006,-0.086226,-0.84285,0.094773
-0.58291,-0.99047,-0.71775,-0.17532,-1.4441,-0.067218,-0.48137,0.11962
-0.58552,0.36104,-0.54831,-0.15026,1.4078,0.051403,0.21179,0.078102
-0.57473,1.6995,0.030908,-0.11538,1.1037,-0.027776,0.30284,0.056392
-0.78104,0.93898,0.74418,-0.12012,0.68717,-0.022655,0.020904,0.023658
-0.59122,2.0602,-0.53636,-0.14959,0.2441,-0.013914,-0.38353,-0.025797
-0.56266,0.72748,0.34809,-0.013557,0.23848,-0.03798,0.32709,-0.094648
-0.55213,0.22272,0.1077,0.11177,0.79786,0.022646,-0.2383,-0.086885
-0.19249,-1.1353,-0.42278,0.017678,0.3995,-0.0052569,-1.5426,-0.060064
-0.47297,-0.061654,-0.02439,-0.10097,-1.8799,-0.080701,0.10258,0.048507
-0.56584,-2.0096,-0.28641,-0.057547,0.50758,-0.074835,0.099116,0.04785
-0.55419,-0.40424,-0.64148,-0.13696,0.71128,0.055395,-0.035673,0.091293
-0.76233,0.081859,-0.24687,-0.036223,-0.12198,0.0020654,-0.27041,0.10957
-0.65444,1.4597,0.0057712,-0.14,0.48071,-0.0026514,1.1428,0.073259
-0.59125,1.4204,0.26273,0.2696,-0.448,-0.0012524,0.21283,-0.0058152
-0.52757,1.1005,0.31132,-0.056089,1.1721,0.011557,-0.33909,-0.059383
-0.39349,2.1733,0.16429,0.24304,-0.44947,0.033761,0.12169,-0.071576
-0.34332,1.0029,0.24157,-0.037064,1.6084,0.094388,1.2775,-0.090365
-0.57891,0.054848,0.15846,0.087167,0.21931,0.011698,-0.039179,-0.060332
-0.52598,-3.259,-0.454,-0.17689,1.5079,0.047097,-0.57964,0.070435
-0.55711,0.77945,-0.46928,-0.057104,0.13113,0.045467,1.2676,0.053886
4.5625,-0.0033676,-0.3126,-0.45053,1.8014,0.13056,0.6094,0.0099314
4.5677,1.8386,0.23627,0.56033,-0.77019,0.0047287,-0.1853,0.10945
4.5294,-0.53018,-0.34909,-0.31776,1.9519,0.15831,0.55881,0.095868
4.481,2.2476,0.93983,0.25429,-2.8871,-0.030446,0.30998,-0.031662
0.52733,-0.0027896,0.72339,0.15847,2.1202,0.10413,-0.13579,-0.050256
-0.55193,1.218,0.22653,0.010972,-0.50172,-0.039263,-0.34212,-0.091971
-0.62966,-1.0869,-0.12117,0.18182,-0.31581,-0.015255,-0.30604,-0.083842
-0.63299,-0.75355,0.11404,-0.058138,-1.5763,-0.026813,0.51361,-0.033025
-0.67394,-1.3437,-0.077536,0.089113,-4.3492,-0.032223,-0.43491,0.03057
-0.63567,-0.94318,-0.78853,-0.52866,-0.13742,-0.025401,-0.89761,0.00019629
-0.59809,0.84278,-0.51299,0.51952,-2.1327,-0.027757,-0.54652,0.10271
-0.59555,0.54655,-0.35674,-0.14209,1.181,-0.095436,0.67657,0.16355
-0.37969,3.3098,0.58454,0.49383,-1.8723,-0.088518,-0.67156,0.033417
-0.54803,-0.12807,1.1287,0.20485,-0.706,-0.04939,-1.9485,-0.067877
-0.58796,1.1333,0.77993,-0.17666,-2.4098,-0.027596,0.1635,-0.093797
-0.58924,-1.3006,0.75414,-0.060514,-2.0223,-0.059048,-0.67696,-0.12463
-0.87128,-1.0561,-0.13681,0.018038,-0.91219,-0.098785,-1.2964,-0.1093
-0.69505,-1.5376,-0.33685,-0.060784,-1.3198,-0.028931,-1.0684,0.0041147
-0.5906,-1.1904,-0.26437,0.10026,0.38627,-0.0016695,0.14919,0.18263
-0.56981,-1.4676,-0.17489,-0.14136,-1.1821,-0.051976,-0.19216,0.11945
-0.5691,0.25485,0.32713,0.0093217,-1.385,-0.018259,-0.68876,0.054251
-0.42262,1.0303,-0.51534,-0.16107,0.34656,-0.020961,-0.637,0.030473
-0.55771,2.1041,-0.022539,-0.063623,-0.59606,0.0062753,0.41719,0.0033359
-0.55753,1.1047,0.5516,0.016252,-0.49122,-0.046759,0.044697,-0.064421
-0.5551,0.90982,-0.31512,0.080699,-0.027637,-0.010288,-0.60592,-0.070189
-0.63873,0.51296,0.47755,0.14796,-1.8852,-0.030754,-1.0101,-0.11777
-0.59963,-1.7139,0.37264,-0.015156,1.3097,-0.052573,0.45736,-0.050329
-0.54057,-1.9866,-0.059381,-0.015284,-0.081039,0.069417,0.12277,0.037287
-0.53123,-1.8498,-0.36376,-0.15792,0.56828,0.015478,-0.70176,0.046365
-0.33437,0.1452,-0.19896,-0.1047,0.68759,-0.031646,-0.32839,0.099251
-0.42504,0.35043,0.20515,-0.0064979,1.1457,0.023923,1.0437,0.024875
-0.53483,1.539,0.2607,0.23545,0.14802,0.010601,-0.46045,0.046122
-0.53367,0.40108,0.44932,-0.060219,1.2234,0.021767,-0.87631,-0.003357
-0.688,1.8398,0.25734,-0.04086,-0.47531,0.030232,0.97085,-0.048066
-0.53963,-0.13937,0.59131,-0.15618,2.6195,0.24117,0.79716,-0.097107
-0.50871,-0.57468,0.29087,0.1081,1.2921,0.024039,-0.66561,-0.067633
-0.50453,-1.6561,-0.69995,0.16948,2.4316,0.23408,1.2931,-0.046873
4.5915,0.37935,0.1475,-0.21678,-0.48543,-0.0077341,1.5792,-0.044829
4.5795,-2.8377,-0.79416,-0.024071,1.7246,0.076502,-0.38365,0.099957
4.5531,-1.7665,-0.32872,0.001672,1.5264,0.073556,0.15509,0.23654
4.5047,1.0699,-0.81369,0.077893,0.7321,-0.029367,0.25871,0.11359
-0.8233,2.1629,0.14744,4.0613e-05,1.5048,0.018847,0.91895,0.036435
-0.8161,1.9083,0.68108,0.41048,-2.1172,0.035501,-0.14159,-0.02604
-0.67485,-0.83503,0.64078,-0.29066,0.80314,0.0055116,-0.45381,-0.088467
-0.61798,0.41802,0.59967,0.50036,-1.0306,0.014971,-0.42931,-0.10183
-0.61362,-0.094021,0.12588,-0.17412,1.6368,0.018385,0.39825,-0.059018
-0.37467,0.49976,-0.35606,0.27373,-1.2652,0.0065128,-0.54256,-0.06408
-0.57327,-4.6108,-0.48521,-0.28692,1.3332,0.0026238,-1.3679,0.085525
-0.61429,-1.966,-0.69916,-0.50407,-0.47447,-0.032377,0.92642,0.39243
-0.60559,0.23263,-0.95289,0.19252,0.22119,0.013726,0.37902,0.098716
-0.7689,-0.24263,-0.53931,-0.15482,1.3668,0.042938,-0.39661,0.1481
-0.6232,0.97187,0.47593,-0.1378,-1.3493,0.032703,-0.70943,0.053545
-0.58379,1.8288,0.1098,-0.31498,1.8308,0.077304,1.1626,-0.074497
-0.57141,0.75311,0.53369,0.0087501,-1.3865,0.025592,-0.10375,-0.079948
-0.48049,0.047212,0.32402,0.0043825,-1.0278,-0.0073875,-0.70626,-0.11667
-0.52359,-1.7128,-0.42641,-0.046513,0.5466,0.055087,0.13255,-0.083331
-0.57326,-1.7571,-0.42228,0.028777,0.066284,-0.0010984,0.3039,-0.013847
-0.57037,-0.61079,-0.50808,-0.17254,-0.33425,0.00097446,-0.23361,0.028574
-0.76712,-0.61142,-0.47895,-0.18668,1.0184,0.042637,-0.33954,0.041692
-0.67641,0.51983,-0.32171,-0.10953,-0.95776,0.015844,-0.14106,0.17701
-0.53582,0.41313,-0.066409,-0.092366,1.55,0.028839,0.75207,0.089784
-0.54625,1.6809,0.18088,0.11073,1.4017,0.053226,0.049468,-0.0055475
-0.18506,1.0692,0.2247,-0.058196,-0.47926,-0.042786,-1.2313,-0.059188
-0.38922,1.4267,0.61032,0.032001,0.56353,-0.058471,0.7576,-0.099054
-0.55048,-1.2501,0.19682,0.27757,1.5143,0.082913,0.12072,-0.13264
-0.53636,-1.6142,-0.24723,-0.025086,0.86614,-0.027821,0.085649,-0.055732
-0.67728,-0.39914,0.36502,0.16316,-0.12359,-0.031697,-0.52384,-0.047774
-0.70391,-0.17959,-0.33395,-0.18638,1.1893,0.055722,0.96346,-0.017327
-0.5903,-1.6496,-0.4624,-0.024302,1.3035,0.097879,0.63925,0.15389
-0.52065,0.65423,-0.55347,-0.30626,1.657,0.092507,-0.2172,0.0056723
-0.51057,2.0547,-0.24407,0.14667,1.1486,0.0666,0.60291,-0.0072024
-0.40874,2.5302,-0.25937,-0.16837,2.0542,0.11392,2.0,-0.006594
-0.55047,1.1906,1.0231,0.51456,-0.03325,-0.013439,-0.0050149,-0.069945
-0.50845,-1.0427,0.16458,-0.46331,1.763,0.10229,-1.0137,-0.08983
4.5589,0.46258,0.39237,0.0062516,-1.1377,0.0014173,1.3396,-0.052276
4.5346,-1.6964,-0.24697,-0.26215,2.7134,0.16802,0.54867,-0.0044279
4.5204,-0.44449,-0.44951,0.2647,-0.73175,-0.010866,-0.79467,0.065787
4.5018,-2.8939,-0.72519,-0.35324,1.3371,0.065169,0.06926,0.11325
-0.62083,-0.29557,-0.27843,0.24358,-1.7173,-0.0036076,-0.024711,0.11045
-0.47473,-0.95955,0.11145,0.1673,0.64688,-0.13382,-0.37253,0.11877
-0.54825,1.9554,0.052063,-0.055999,-0.47257,-0.057136,-0.47611,0.077688
-0.62382,1.4509,-0.17681,0.53457,0.50792,0.03973,-0.43761,-0.0229
-0.61983,1.6642,0.38349,-0.36117,-0.21451,-0.088749,0.82856,-0.056681
-0.7326,1.3974,0.79707,0.42396,-3.7705,-0.062944,-0.49317,-0.092409
-0.72304,-1.7042,0.91772,-0.32999,2.238,0.1599,-0.44262,-0.047676
-0.60603,-0.17037,0.27858,-0.019061,-1.3554,-0.038198,0.49244,-0.04753
-0.59048,-2.5008,-0.59798,-0.31308,1.4524,0.0019499,0.0025822,0.17725
-0.53151,-1.4634,-0.75768,0.15058,1.4986,-0.016083,-0.44491,0.2832
-0.32337,0.25345,-0.052681,0.17271,-1.5758,-0.0035435,-0.87462,0.15226
-0.58949,1.8375,-0.42023,0.048822,-0.87305,-0.096745,0.050361,0.16307
-0.58421,1.0921,0.48805,0.28452,-2.132,0.015728,0.47371,0.038115
-0.582,0.86695,0.34052,-0.11608,-0.37813,-0.047516,-0.45308,-0.04663
-0.59676,0.47162,0.32321,-0.066359,1.136,0.012237,-0.42761,-0.10037
-0.65795,1.3003,0.72256,0.061777,-0.75101,-0.056539,0.78369,-0.12142
-0.56147,-0.45977,0.32938,-0.088589,-0.72713,-0.096366,0.22228,-0.079559
-0.54915,-0.55324,-0.47632,0.10095,-0.64159,-0.0017337,-1.0511,-4.709e-05
-0.20906,-0.81787,-0.24145,0.0045944,-1.7049,-0.049326,-0.23337,0.12987
-0.43826,-0.83574,-0.18835,-0.058543,1.3495,-0.051963,0.46992,0.1205
-0.55573,0.39722,-0.0038263,-0.01197,-1.8537,0.012417,-0.041376,0.146
-0.5515,0.51309,-0.10932,-0.066179,-0.42584,-0.0027028,-0.83729,0.071214
-0.68704,2.4154,0.43636,0.07427,-0.75166,-0.11669,-0.46649,0.018474
-0.5324,0.98342,-0.62028,-0.29091,-0.77107,-0.098593,0.22529,-0.047384
-0.52983,1.094,0.41,0.23046,0.62433,-0.0037809,0.13415,-0.10222
-0.52344,-0.14208,-0.046694,-0.010294,-0.45927,-0.0079715,-0.96093,-0.071479
-0.26568,0.16434,0.39612,0.27877,-1.6211,-0.042722,-0.39895,-0.058896
-0.43247,-1.7325,-0.29934,0.053299,1.0827,-0.025517,0.62923,0.00082907
-0.51467,-0.1247,0.15699,0.23928,0.1296,-0.059157,-0.34159,-0.036189
-0.51868,-0.66012,-0.28686,0.036825,1.2918,0.095389,0.25266,0.071531
-0.67426,1.1954,-0.003595,-0.066738,-0.6076,0.031766,0.92554,0.12987
-0.67969,0.0054948,-0.26836,0.14489,1.1317,0.030315,0.1133,0.079027
-0.53552,1.2698,0.30233,0.16018,0.88711,0.02359,-0.49599,-0.023095
4.5484,1.3802,-0.25812,0.07725,-0.33614,-0.035503,-0.093778,-0.0652
4.513,1.5401,0.63355,-0.12737,0.73715,-0.020261,0.84986,-0.083258
4.4891,-0.018312,0.40983,0.39725,-1.7692,-0.047677,-0.58219,-0.088686
4.4689,-2.6582,0.050855,-0.27093,0.11302,0.009099,-0.52776,-0.011973
-0.62798,-1.375,-0.0093124,0.23322,-0.54161,-0.031421,0.11168,0.0073273
-0.62363,-0.25421,-0.42907,-0.22496,1.4538,-0.046727,0.047702,0.030838
-0.81499,0.36407,-0.67964,0.25094,-2.5776,-0.021159,-0.44129,0.23109
-0.66329,-1.7425,-0.16731,-0.080663,1.0062,-0.013523,-1.1718,0.092072
-0.60227,2.0465,0.26713,-0.19816,-2.7759,-0.034861,-0.012856,0.00925
-0.5853,1.5366,0.39776,-0.043526,0.92786,-0.084276,0.013596,-0.028595
-0.4257,1.5204,0.20038,0.070391,-0.19486,-0.013863,-0.83841,-0.088564
-0.57546,-0.23922,0.74528,0.12801,-3.1787,0.028178,-0.78902,-0.094965
-0.59176,-0.98341,-0.36166,-0.28661,1.2455,-0.028289,0.86549,-0.063058
-0.5966,-0.90812,-0.069897,0.1472,-2.8965,-0.013183,0.041203,-0.0275
-0.78225,-1.8379,-0.65702,-0.13449,-2.2827,-0.051874,-1.3568,0.18368
-0.65909,-2.2827,-1.1368,-0.20195,-1.4659,-0.023136,-0.24472,0.24134
-0.55622,0.2015,-1.1787,-0.17388,-1.1911,-0.0402,0.41385,0.12778
-0.56249,0.87349,0.15542,-0.050784,-1.0367,-0.039591,-0.11884,0.071555
-0.44479,1.0848,0.032354,-0.1107,0.60338,0.028878,-0.46048,0.0037009
-0.4481,2.2939,0.66594,0.27093,-1.9004,0.02513,-0.051477,-0.043904
-0.58048,-0.54515,0.20979,-0.059718,0.51401,-0.07445,0.024789,-0.066538
-0.56003,0.006092,-0.11245,0.29072,0.46143,0.052456,-0.072438,-0.11728
-0.68217,-0.82926,-0.55764,-0.10877,-0.64738,-0.042408,-1.4727,-0.081044
-0.70074,-0.7386,-0.57765,-0.15181,-0.35405,-0.06802,0.60562,-0.0070564
-0.5896,-1.4597,-0.31571,-0.20529,-0.2553,0.0057683,-0.55489,0.12296
-0.53758,-0.97534,-0.89999,0.18015,2.0947,0.077522,-1.1263,0.062234
-0.53257,-0.20007,0.69257,0.15836,-1.7753,-0.059536,-0.58921,0.029791
-0.30788,1.4883,-0.70574,-0.0061125,0.063458,0.0045618,0.21456,0.071847
-0.4684,1.2904,-0.074343,0.26932,1.8408,0.096942,0.10495,0.012974
-0.5276,1.8693,-0.026079,-0.083271,-0.028292,-0.011283,-0.25275,-0.028303
-0.52381,0.77547,0.52063,-0.11768,-0.077642,0.036842,-0.77502,-0.064883
-0.66042,0.8442,-0.14885,-0.19263,0.71136,-0.0099738,1.0121,-0.093845
-0.61006,-0.65214,0.45501,0.24575,-1.9747,-0.041869,-0.29842,-0.089878
-0.50714,-2.0743,-0.3997,-0.35735,2.1563,0.13558,-0.5615,0.057999
-0.49911,-1.6475,-0.35581,0.042425,-1.4612,0.047488,0.77055,0.10463
-0.37915,-1.1253,-0.14433,-0.34549,2.2919,0.10283,0.66778,0.11388
4.5965,1.3975,0.090337,0.50363,-0.3865,0.014772,-0.49267,0.0064755
4.5555,-0.13854,-0.52622,-0.45175,1.7031,0.09105,0.16608,0.068513
4.5076,2.1061,0.13301,0.15466,-2.0166,0.029885,1.3115,0.018352
4.4641,-0.82347,-0.38037,-0.036107,2.6865,0.18871,-0.57921,-0.077028
-0.57578,1.8862,0.08665,-0.058395,-0.33097,0.011159,0.4758,-0.099127
-0.61001,-1.4997,0.22396,0.10037,0.061885,0.023288,-0.70138,-0.071138
-0.62568,-1.7025,0.5853,0.051745,-1.4344,-0.03805,0.66219,-0.0018238
-0.25154,-1.3661,0.19628,0.12373,-3.7097,-0.10486,-0.1258,0.069243
-0.46449,-2.5852,-0.83794,-0.36448,0.071897,-0.0012717,-0.80646,0.072845
-0.66428,0.94266,-0.59303,-0.016511,-2.8162,-0.057662,-0.50938,0.049846
-0.61659,0.031684,-0.73171,-0.32256,1.5305,-0.012695,0.62626,0.099665
-0.73823,2.5324,0.17891,0.41324,-1.7614,-0.03384,-0.33087,0.071458
-0.7929,0.80341,0.55306,0.10105,-1.0141,-0.031139,-1.419,-0.051692
-0.66853,1.5349,0.0029254,-0.077818,-0.50338,-0.012188,0.39001,-0.12084
-0.5942,0.1327,0.7785,0.22312,-2.3151,0.010562,-0.27325,-0.11268
-0.58335,-0.023957,-0.15263,-0.13832,-1.6326,-0.063663,-0.84895,-0.017351
-0.38886,-2.403,0.067224,-0.099392,-1.4605,-0.029643,-1.5424,-0.038014
-0.58613,-0.97915,-0.069441,-0.0038517,-0.54111,-0.016571,0.87017,0.031446
-0.59106,-1.2717,-0.27184,-0.04052,0.87254,-0.0091909,0.0072123,0.12266
-0.5882,0.22071,0.03202,0.25789,-0.3784,-0.039655,-0.13462,0.065519
-0.83607,0.70104,-0.27836,-0.20895,-0.84814,-0.025466,-1.1695,0.066468
-0.58216,1.8376,-0.12476,-0.057431,-0.69661,-0.063412,0.24724,0.029061
-0.56006,2.0803,0.99844,0.17831,-0.76184,0.047129,0.33136,-0.054442
-0.55404,-0.38254,0.011733,-0.39894,0.6805,0.021504,-0.31384,-0.091752
-0.33169,0.58986,0.80698,-0.021206,-0.70784,-0.017553,-0.32087,-0.090243
-0.44457,-1.3783,-0.11374,-0.17492,0.21798,-0.032531,0.55848,-0.059042
-0.55666,-1.6103,-0.26634,0.027434,0.56315,0.044921,0.10373,-0.0057422
-0.55947,-2.1396,-0.95639,0.21045,0.049194,0.037323,-0.86732,0.057463
-0.58776,-0.20904,-0.35937,0.0329,-0.16996,0.04084,0.43959,0.11449
-0.63476,0.47973,-0.27213,0.081303,1.6445,0.073332,0.45114,0.01862
-0.50133,1.8193,0.10463,0.062452,0.03211,-0.017656,-0.037285,0.024266
-0.5266,0.30008,-0.043257,-0.18979,0.55487,-0.044891,-0.87056,-0.017303
-0.51254,2.8595,0.44879,0.032508,-0.22349,-0.0040889,1.4787,-0.035653
-0.4038,-0.17065,0.55528,0.069697,2.1532,0.1496,0.20501,-0.094478
-0.48383,0.37035,0.34147,0.053299,1.3143,0.06094,0.030447,-0.079194
-0.52107,-1.2089,0.11273,0.10168,0.99992,-0.035214,0.54955,-0.036189
-0.52465,1.1721,0.2423,0.047095,1.1196,-0.029753,1.4843,-0.0064236
4.5818,-0.15751,-0.32755,0.19475,-1.3262,0.022852,-0.30779,-0.023387
4.5649,-1.8023,-0.15656,-0.38276,0.48694,-0.021378,-0.5077,0.19234
4.5273,1.0517,-0.33951,0.41919,-0.02133,0.03011,-0.027658,0.12371
4.4806,1.3445,0.33781,-0.071164,1.677,0.072818,0.42862,-0.0024079
-0.45328,3.4281,0.54842,0.49012,-1.2399,0.018546,-0.3086,0.00925
-0.56483,-0.51795,0.4529,-0.11661,1.2396,-5.8758e-05,-0.90169,-0.080435
-0.62093,1.8867,0.78728,0.13913,-2.7153,0.029012,0.58562,-0.10545
-0.61989,-3.4274,-0.60538,-0.34403,2.036,0.044986,0.20636,-0.075251
-0.7828,0.42513,-0.60982,-0.043731,-1.4299,0.0086434,-0.39507,-0.031151
-0.61859,-1.6148,-0.23406,0.17704,-1.4896,-0.014588,-1.0791,0.01402
-0.59551,0.2271,-0.38696,-0.39983,0.43452,-0.05093,0.88294,0.19473
-0.59771,-0.49034,-0.19996,0.23669,-2.9899,-0.044879,-0.0020865,0.14746
-0.29881,-0.47603,-0.36594,-0.44945,-0.47305,-0.011758,-0.91763,0.13724
-0.57634,0.57951,0.24194,0.003965,-2.301,-0.044519,-0.7045,0.085647
-0.60296,1.772,0.64508,-0.011842,-0.80744,-0.060011,0.40785,-0.044439
-0.58668,0.65494,0.72104,-0.17351,-1.0325,-0.095795,-0.65614,-0.11095
-0.85077,0.20216,-0.093011,-0.0012889,-0.58521,-0.011694,-0.9183,-0.11234
-0.7119,0.058573,-0.048191,-0.020314,-1.8728,-0.0085042,-0.46272,-0.087079
-0.56843,-1.7906,-0.076585,0.008005,0.41111,-0.065697,0.17144,-0.017911
-0.56924,-1.7788,0.088538,-0.055729,0.080574,-0.071447,-0.56744,0.10728
-0.56795,-0.080168,-0.47017,-0.11493,-0.97855,-0.045495,-1.142,-0.035288
-0.30268,0.76919,-0.16113,0.12378,-1.426,-0.084462,-0.70602,0.081655
-0.60399,0.2957,0.69863,-0.18902,-0.66033,0.013752,0.080319,0.10332
-0.56475,1.6634,0.18417,-0.15536,0.75744,0.012526,-0.29345,0.0060861
-0.56413,1.1763,0.30531,-0.08207,-0.28537,-0.022597,-0.69158,-0.063618
-0.7097,1.6882,-0.39103,-0.1179,-0.085625,0.0045683,1.1108,-0.093578
-0.56301,-0.60239,-0.12422,0.022559,0.81643,0.048111,-0.20481,-0.093651
-0.54092,-1.4274,-0.57241,-0.050681,0.36336,0.026112,-0.25906,-0.049672
-0.52785,-1.3162,0.10565,0.012019,0.0094264,0.015959,-0.43883,-0.012678
-0.30868,0.52101,-0.29087,0.074103,1.0759,-0.010307,1.0805,-0.056389
-0.43149,-0.16245,-0.096628,0.093198,-1.4724,0.015869,-0.32605,0.011951
-0.54479,-0.78894,-0.85003,-0.1313,1.8069,0.12495,-0.39087,0.12924
-0.53926,2.29,-0.11835,0.28782,-1.2632,0.029962,0.39005,-0.00029047
-0.63222,0.84113,-0.20871,-0.42571,2.2273,0.15402,0.92213,0.027795
-0.49387,1.5956,0.4067,0.4999,-1.6557,0.010723,-0.9433,-0.067098
-0.50688,-0.71051,0.096851,-0.1973,1.2533,0.019515,-0.45539,-0.10227
-0.50369,0.4084,0.1989,0.099512,-1.9603,-0.014806,0.95683,-0.071187
4.5616,-2.1684,-0.73002,-0.057778,3.0162,0.20165,-0.32429,-0.030056
4.5482,-0.4727,-0.069512,0.049792,-1.2941,0.023609,-0.81639,0.036703
4.5301,-2.5378,-0.28556,0.038167,1.38,0.031169,0.21269,0.13233
4.4969,0.4091,0.16062,-0.1791,-1.8914,-0.040893,-0.18744,0.12994
-0.68093,-0.34299,-0.41617,-0.17918,-0.05542,-0.056905,0.19847,0.076763
-0.87365,1.3948,0.0010175,0.018224,-0.77857,-0.047144,-0.89471,0.069413
-0.64818,0.28956,-0.13078,-0.081601,-0.43554,-0.025247,-1.0198,-0.029618
-0.61472,0.96016,-0.054981,-0.40397,-0.85217,-0.081689,0.83932,-0.072817
-0.6118,2.0757,0.65995,0.33841,-5.1971,-0.0039798,-0.75829,-0.055781
-0.39649,-2.1358,0.24138,-0.086835,0.59071,-0.02725,-1.2117,-0.089391
-0.53165,-0.81976,-0.082264,0.054725,-2.8398,-0.077929,-0.82543,0.024193
-0.60292,-2.5791,-0.2276,-0.0022524,0.36234,-0.042318,-0.16436,0.014702
-0.59506,-0.42533,-0.89246,-0.082654,0.61216,-0.0033509,-0.4163,0.12595
-0.78188,-1.7446,-0.40959,-0.013955,-0.77127,-0.054582,-1.2403,0.2187
-0.62152,1.4364,-0.40712,0.27741,0.31151,-0.02922,0.62576,0.16399
-0.57946,0.76549,0.42826,0.062946,-1.3313,-0.05163,-0.70836,0.055687
-0.57249,1.861,0.053585,0.0019161,-0.62864,0.031682,-0.35272,-0.049696
-0.39136,0.46013,0.46033,-0.16771,-1.4506,-0.063194,-1.6455,-0.09494
-0.56251,0.21653,0.38415,-0.040995,0.03877,-0.057521,0.57651,-0.11823
-0.57367,-1.4285,0.59964,-0.030552,-0.72467,-0.0034344,-0.57742,-0.087444
-0.56449,-1.2448,-0.55783,-0.11474,-1.1343,-0.056777,-0.97405,-0.066197
-0.78651,-1.2587,-0.74624,-0.11863,-1.0731,-0.025324,-0.61493,0.017939
-0.66121,-1.008,-0.71542,-0.13331,0.82769,-0.016455,0.32772,0.2391
-0.4963,0.20729,-0.66839,-0.21922,-0.23689,-0.0031199,-0.31738,0.1214
-0.54318,0.434,-0.1396,0.00085632,-0.94285,-0.0059436,-1.1141,0.067198
-0.19429,1.9284,0.22297,-0.12506,-0.8004,-0.056956,-0.17002,-0.0050607
-0.42417,1.4439,0.25343,0.00088844,0.5338,0.021992,0.40426,-0.055172
-0.5984,0.81861,0.6469,0.21636,-0.52621,0.015587,-0.62859,-0.098323
-0.53667,-1.7482,-0.081602,-0.027225,1.2275,0.059855,-1.2817,-0.099029
-0.67764,1.4065,0.29878,0.099506,-0.66255,0.035918,0.55692,-0.064396
-0.73958,-1.0064,-0.33619,0.10447,2.0137,0.079627,0.18177,-0.046338
-0.56712,-0.51338,-0.47537,0.056774,0.81198,-0.0029851,-0.29311,0.067223
-0.51935,-1.0421,-0.52095,-0.08654,0.21253,0.05046,-0.40152,0.010004
-0.50925,1.8331,0.17952,-0.20862,0.88371,0.0011028,1.4758,-0.001337
-0.35417,0.61776,-0.20002,0.31324,0.94286,-0.033943,-0.18713,0.075741
-0.46397,0.91098,-0.1756,-0.25044,1.4979,0.039088,-0.088043,0.023366
-0.50534,1.3576,0.38088,0.24621,0.68268,0.028717,0.076922,-0.03726
4.5404,1.0927,0.5437,0.0018326,1.4568,0.026869,0.67327,-0.076663
4.5094,-0.22558,0.36433,0.25582,-0.92982,0.036527,-0.27994,-0.084524
4.4944,-2.818,-0.1788,-0.25995,1.1453,0.014085,-0.27754,-0.028814
4.438,-0.11051,-0.46788,0.32065,0.1512,0.062884,0.20941,0.013899
-0.6183,-1.9218,-0.46469,-0.31643,1.9798,0.048072,0.79127,0.065836
-0.40602,0.27079,-0.079347,0.26179,-1.784,0.015144,-0.52335,0.14893
-0.48744,-2.8417,-0.87438,-0.58223,1.385,-0.0010535,-0.86203,0.14742
-0.62476,1.5313,0.019692,-0.1592,-2.4807,-0.0079844,-0.087735,0.063669
-0.61826,0.15948,0.69542,0.046266,1.056,-0.036889,-0.092873,-0.01336
-0.68241,2.0189,-0.010899,-0.063893,0.66273,-0.010943,-0.70633,-0.066709
-0.67486,0.68666,0.65978,0.36496,-0.77709,0.048297,-0.88696,-0.13164
-0.52565,-0.072359,-0.07009,-0.1943,1.381,0.015786,1.0065,-0.074302
-0.58826,-2.3291,0.44139,-0.017365,-2.1167,-0.0012267,-0.50191,0.060043
-0.58462,-1.9395,-0.69553,-0.35486,-0.054489,0.021382,-0.86293,0.075571
-0.44271,-1.4826,0.099318,-0.30492,-2.1407,0.01578,-0.48483,0.21607
-0.50831,-1.087,-0.43716,-0.040475,-0.35994,-0.10153,0.044151,0.23571
-0.58143,1.1625,-0.069525,0.10243,0.47357,-0.0089791,0.090299,0.097256
-0.56747,1.2607,-0.09197,0.17075,0.563,0.0025981,-0.5557,0.0069135
-0.6507,2.5435,0.44107,0.14481,0.68103,-0.015628,0.22762,-0.037771
-0.61941,0.10498,0.19287,0.010677,-0.23346,0.0016547,0.14309,-0.097934
-0.55965,0.10473,0.26385,-0.052447,-0.43794,-0.058901,-0.55085,-0.088759
-0.54912,-0.44555,-0.56111,-0.10799,-0.62217,0.011961,-1.3323,-0.048625
-0.38206,-0.81775,-0.49292,-0.12826,-0.30358,-0.059928,-0.069413,-0.035118
-0.49775,-1.5503,-0.15035,0.020652,-1.1369,-0.011982,0.19876,0.10044
-0.55369,-0.99576,-0.3855,-0.15957,-0.39637,-0.025312,-0.49019,0.12018
-0.53997,0.18275,-0.17057,-0.12998,-0.13505,0.032003,-0.66,0.090733
-0.81078,0.97965,-0.19378,-0.13162,-0.063763,-0.014357,0.85117,0.13751
-0.5563,1.998,0.54613,0.1438,-0.85267,-0.022937,0.056153,0.026749
-0.52739,0.65768,0.41928,-0.14582,1.6309,0.017878,-0.33336,-0.04349
-0.52043,1.8336,0.42771,0.13077,-0.011055,-0.01874,0.5741,-0.068583
-0.34564,-0.17872,0.034377,-0.20108,1.611,0.052212,1.1005,-0.085035
-0.38738,0.3454,0.42845,0.49119,-0.66844,-0.00085453,-0.66382,-0.080192
-0.57417,-3.5375,-0.95233,-0.17081,1.1829,-0.019446,-0.6671,0.0035549
-0.52215,0.36924,-0.62482,0.10599,-0.17477,0.027273,0.76522,0.08112
-0.88194,-1.0004,-0.36039,0.10179,2.9382,0.24163,-0.17295,0.10675
-0.6626,0.94421,-0.2914,0.23886,0.85501,0.0049918,0.089541,0.17684
4.5881,0.75472,-0.20336,-0.027006,1.7976,0.060863,-0.0076158,0.0035793
4.5451,2.2715,0.12145,0.0067975,-1.0338,0.012532,0.77709,-0.01353
4.5026,0.38496,0.6364,0.0058341,1.2451,0.0058068,0.41625,-0.063593
4.4682,1.2604,-0.021968,0.20847,-0.17047,-0.010288,-0.17814,-0.10356
-0.65741,0.7786,0.021767,0.42435,-0.38607,-0.071139,-1.1849,-0.08871
-0.63005,0.34327,0.13853,0.10227,-0.26516,-0.0031648,1.6428,-0.04332
-0.62982,0.42911,-0.26544,0.42721,-2.0412,-0.076427,-0.55767,0.010248
-0.86826,-2.3443,-0.12933,-0.34482,-0.019365,-0.040925,-1.5438,0.067369
-0.6479,0.68348,-0.038741,0.20351,-1.9081,-0.057938,0.12466,0.13873
-0.60324,-0.00063183,-0.11163,-0.10966,2.2466,0.027241,-0.41799,0.065227
-0.59105,2.7697,-0.014471,0.15179,-0.63236,-0.019144,-0.58843,0.017476
-0.41249,0.48481,0.11669,0.20066,0.53859,0.023538,-1.2948,-0.04259
-0.55867,2.1398,0.18136,-0.01233,-1.1403,-0.028366,0.41097,-0.1102
-0.59008,-0.26631,0.83002,0.062111,-1.8538,-0.10957,-0.15669,-0.14067
-0.59285,0.0052828,-0.18602,-0.079796,-0.20109,-0.023688,-0.6495,-0.075811
-0.55969,-2.2406,0.070525,-0.02709,-1.7617,-0.063168,-0.85723,0.14671
-0.60896,-0.72566,-0.7429,0.029329,-0.59358,-0.047497,0.39917,0.064424
-0.55846,-1.2067,-0.44913,-0.033583,-0.97228,-0.029509,-0.18675,0.07467
-0.56155,-1.2136,-0.60655,-0.13806,-0.29248,-0.011707,-0.94432,0.11424
-0.44381,1.2699,-0.26557,0.033953,-0.13707,0.046526,-0.38978,0.075352
-0.49181,1.3311,0.58501,0.063762,-0.27557,-0.048119,0.20431,0.019009
-0.51594,1.3536,0.66685,-0.12005,-0.36815,-0.039802,-0.11357,-0.038258
-0.55451,0.72403,0.56824,0.25565,0.27198,-0.026165,-0.4717,-0.10188
-0.55101,0.24969,0.24687,-0.12634,-0.26923,-0.00042456,-0.47955,-0.095646
-0.81208,-0.86439,0.34447,-0.10784,0.87512,0.0049212,0.49145,-0.061038
-0.58226,-2.0084,-0.20018,0.041372,0.35857,-0.028045,-0.24057,0.0029951
-0.53834,-3.1567,-1.2376,-0.13162,1.3782,-0.016167,-1.0053,0.090587
-0.53426,1.7697,0.30324,0.01904,-1.5633,-0.016597,0.30047,0.011732
-0.36877,-1.074,-0.20518,-0.074426,2.237,0.098578,0.3513,0.0947
-0.51862,1.8073,-0.17604,0.102,1.3317,0.081411,0.2243,0.015164
-0.52754,0.40471,0.070609,-0.096149,-0.063545,0.028031,-0.25541,-0.0040872
-0.5228,2.6446,0.20709,-0.10619,0.55893,-0.010551,1.3936,-0.044853
-0.65964,0.017305,1.3236,0.32933,0.98566,-0.057835,-0.22536,-0.06279
-0.50826,-0.18402,-0.23145,0.14073,2.2741,0.13222,0.28768,-0.091801
-0.50949,-0.11767,0.42178,0.19919,0.93551,0.039691,0.22774,-0.036432
-0.50231,-1.1608,-0.47545,-0.049705,2.1361,0.17638,1.4021,-0.011096
-0.16105,-0.55218,0.00059347,0.28588,-0.39952,0.010524,-0.20027,0.035389
4.5937,-2.0311,-0.89764,-0.24766,1.5308,0.049106,0.33839,0.083334
4.5649,0.056119,-0.56328,0.066402,0.30459,-0.0077983,-0.57521,0.1268
4.5168,1.0175,-0.26316,-0.25454,1.9544,0.10396,1.8278,0.058705
4.4708,2.1372,0.44014,0.26537,-0.071637,0.0099975,0.066531,0.019472
-0.63432,-0.73031,0.10403,-0.26558,1.8768,0.05802,-0.96672,-0.078999
-0.62094,1.5675,0.59026,0.29755,-1.8845,0.021003,1.041,-0.093772
-0.61874,-1.3645,0.15322,-0.11354,3.2183,0.22288,0.38185,-0.066246
-0.45337,0.91475,0.1414,0.18565,-1.221,0.019604,-0.13411,-0.034777
-0.42637,-3.0666,-0.40186,-0.30498,0.28113,0.022409,0.096309,0.038772
-0.68141,-0.59241,-0.69693,-0.29853,-0.61116,0.00082044,0.38809,0.033515
-0.62028,-1.1795,-0.1229,0.1884,-2.7532,-0.027243,0.016794,0.18716
-0.80373,0.51402,-0.33418,-0.12102,0.35189,-0.024343,-0.57732,0.091755
-0.87472,1.2331,0.080624,0.36154,-1.6494,-0.059132,-0.87962,0.064497
-0.6738,1.5107,0.18301,-0.19753,0.15277,-0.095307,0.9139,-0.05527
-0.58846,1.627,0.6157,0.22047,-1.0842,-0.0057447,-0.20113,-0.10258
-0.57958,-0.25695,1.0528,-0.097562,-0.66171,-0.034726,-0.62267,-0.090511
-0.43225,-0.58036,0.29109,-0.28013,-2.1607,-0.01575,-0.4561,-0.084865
-0.52373,-2.2296,-0.09975,-0.13065,0.094754,-0.073488,0.25753,-0.031881
-0.58604,-1.0693,-0.64749,0.028584,0.42479,-0.053074,0.17209,0.03113
-0.58035,-1.2454,0.2888,0.074662,1.1522,0.050222,-0.439,0.059824
-0.78804,0.92675,-0.60187,-0.13218,-0.0014017,-0.044885,0.11181,0.074037
-0.58249,0.55544,-0.40666,-0.1464,-0.59024,-0.055602,0.3524,0.032882
-0.55394,1.5466,0.21374,0.21635,0.30591,0.036239,-0.1497,0.034634
-0.54812,0.83434,0.026418,-0.087253,1.597,0.033364,-0.48512,-0.048236
-0.503,1.6846,0.15424,-0.03806,-1.5185,-0.031498,0.52476,-0.10107
-0.47382,-0.65764,0.62766,-0.0048536,-0.32846,0.024328,0.22725,-0.10974
-0.53836,-1.7129,-0.26342,0.046048,0.99011,0.048727,-0.031197,-0.061549
-0.54324,-1.931,-0.05563,0.18047,-0.25038,0.03767,-0.58318,0.0081548
-0.69287,-2.0168,-0.63208,-0.25914,1.0936,-0.035175,1.3007,0.018304
-0.63589,0.36957,-0.2445,0.29283,-0.34572,0.052655,0.31827,-0.011681
-0.51031,0.08602,-0.88709,-0.45098,1.4477,-0.00068767,-0.13264,0.013363
-0.52055,1.7278,-0.09145,0.18578,0.77681,0.042829,0.81823,0.080341
-0.52578,0.62957,0.0070946,-0.27495,2.5353,0.1755,1.4916,-0.016159
-0.40083,1.9467,0.93943,0.45086,0.79508,0.0095803,0.29354,-0.036018
-0.51626,-0.34511,0.071945,0.12081,2.2471,0.17629,-0.079817,-0.10633
-0.50826,0.29268,-0.064765,0.20366,1.0614,0.054509,1.0018,-0.079948
-0.50807,-0.043704,-0.025038,-0.27959,3.1325,0.26841,1.2735,-0.058385
4.5702,-0.2364,-0.40473,0.36301,0.83117,-0.01075,-0.020614,-0.0045496
4.5573,-4.4468,-0.030647,-0.25406,2.1817,0.13751,0.49554,0.1499
4.5301,-0.93579,-0.39152,-0.034816,-0.59511,0.025566,0.86139,0.15554
4.4888,-0.84502,-0.051345,-0.076418,2.353,0.15941,1.2529,0.05666
-0.47739,1.8786,0.05539,0.074064,0.83251,0.038517,-0.24267,0.075668
-0.62493,1.9346,-0.35019,0.4663,0.33173,-0.041073,-0.22139,0.010905
-0.62484,1.6234,0.25276,-0.027173,1.0762,-0.0039349,1.5608,-0.090487
-0.62445,0.71498,0.52603,0.27706,-2.3806,-0.012111,0.012228,-0.080046
-0.8876,-1.4207,0.49633,-0.39824,1.2811,0.034442,-0.49843,-0.068315
-0.60318,-0.47782,0.060819,0.25094,-0.85571,0.023031,0.068824,-0.020734
-0.59369,-2.3362,-0.079585,-0.12364,1.952,0.070238,0.3483,0.067539
-0.59536,-0.68052,-0.75547,-0.0022331,1.1474,0.0017959,-0.011751,0.1194
-0.32658,-1.8245,-0.26326,0.059009,1.1567,0.02796,-0.91762,0.20592
-0.4275,1.1659,-0.22326,-0.25325,-0.44688,-0.025247,0.87184,0.19977
-0.61829,1.5428,0.50532,0.22008,-0.3408,-0.024952,0.16381,0.066079
-0.59481,1.0266,-0.020561,-0.14546,0.79177,-0.057585,0.087255,-0.025991
-0.78295,0.96348,0.15631,-0.0087716,-1.3608,0.027703,-0.54152,-0.083818
-0.67542,1.1653,-0.081294,0.0077674,1.0898,-0.077993,0.56543,-0.10129
-0.57876,-0.49122,0.20878,-0.10752,-0.18868,-0.042998,0.21623,-0.090049
-0.5674,-2.0974,-0.10969,-0.083155,-0.10428,-0.054081,-0.55556,0.0056966
-0.56637,0.31,-0.27345,0.058547,-0.56531,-0.0045767,-0.079791,-0.051522
-0.35353,-0.91115,-0.3062,-0.06659,0.78594,-0.021808,0.59524,0.082872
-0.53611,0.051457,-0.15714,-0.034804,0.57424,-0.02397,0.10786,0.2226
-0.56629,-0.17567,0.18849,-0.090381,0.71364,0.006378,-0.079669,0.087642
-0.55831,2.557,-0.086324,0.069344,-0.87928,-0.052252,0.0072958,-0.016232
-0.7334,1.2875,0.36937,0.031449,1.717,0.012795,0.29525,-0.026575
-0.55398,1.3265,0.21157,-0.048908,1.2469,0.012545,0.55913,-0.095403
-0.54064,-0.8624,0.085898,-0.071221,0.40201,0.038684,-0.94774,-0.10253
-0.53,0.065329,-0.87598,-0.19006,0.89036,-0.013869,1.158,-0.053615
-0.29735,-0.81178,-0.57433,0.076569,1.377,0.016094,-0.16835,-0.094697
-0.42512,-0.071312,-0.97705,0.081682,1.0577,-0.04801,-0.069529,0.0012915
-0.53091,-0.0082226,-0.034919,0.15576,-0.17317,0.016043,-0.38711,0.036606
-0.52748,-0.25771,-0.5967,-0.2207,0.67552,-0.035727,0.50645,0.075157
-0.65872,0.22118,0.16019,0.1967,-1.7227,-0.0061939,-0.24421,0.10801
-0.57299,0.92099,-0.073662,0.06312,0.89454,0.017108,-0.1628,0.021492
-0.50962,1.6168,0.31199,0.39665,-0.20929,0.021408,-1.114,-0.045681
4.5285,0.77053,0.41035,-0.068061,0.71191,0.040102,2.0184,-0.05875
4.536,-0.51388,0.42635,0.38189,-0.49285,-0.015024,-0.72324,-0.087177
4.5144,-2.7298,-0.35845,-0.51651,0.81996,0.0041896,-0.84764,-0.074399
4.4991,-1.0438,-0.37916,-0.082693,-1.5594,0.047521,0.66784,0.0028735
4.2529,-1.2936,-0.82637,-0.51452,2.9122,0.20016,0.21084,0.047826
-0.73218,1.7514,-0.127,0.60692,-2.5102,-0.029759,-0.92901,0.078199
-0.92971,-1.3125,-0.35442,-0.28423,0.91322,-0.067231,-0.41532,0.14642
-0.64505,1.7359,0.58012,0.18057,-3.5528,-0.042812,-0.28446,0.06917
-0.61397,0.21094,0.3491,0.10121,-0.53694,-0.080111,-0.38852,-0.0049877
-0.60841,2.2573,-0.13393,-0.1109,-0.4836,-0.030741,-0.22875,-0.047384
-0.4767,0.72361,0.19903,0.60246,-2.1005,-0.043852,-1.3655,-0.10231
-0.6522,-0.84157,0.088898,-0.32432,0.034763,-0.083801,0.52381,-0.076882
-0.59866,-0.43958,0.2651,0.027839,-2.8029,-0.026589,-0.232,-0.0070321
-0.60035,-2.0959,-0.58116,-0.18699,0.017114,-0.048305,-0.5982,0.047363
-0.79048,-0.23058,-0.41372,-0.14771,-2.5598,-0.086406,-0.76253,0.090685
-0.65596,-1.4057,-0.66499,-0.18302,-0.05711,-0.049332,0.54447,0.24545
-0.57425,-0.062611,-0.45153,-0.0305,-0.50421,-0.063342,-1.2197,0.20948
-0.5708,1.021,-0.079026,0.31679,-0.42106,0.018655,-0.97309,0.033028
-0.38614,2.2839,0.25031,0.076197,-0.060661,-0.038724,0.062434,-0.031467
-0.47966,1.103,0.39165,0.14603,-1.106,-0.0596,-0.091421,-0.069288
-0.5724,0.21836,0.20964,0.14519,-0.83961,-0.044198,-0.75243,-0.11879
-0.57103,-0.59783,-0.43461,0.0206,0.52307,0.018302,-1.8186,-0.10548
-0.82128,-0.22182,0.037191,-0.015837,-2.7282,-0.063887,-0.14814,0.0049422
-0.66059,-2.6179,-0.13666,-0.23155,-0.3701,-0.08081,-0.18139,0.083894
-0.52071,-1.6216,-0.42433,-0.044348,-0.7935,-0.04226,-0.79603,0.13065
-0.54224,-0.30103,-0.13015,-0.15735,-1.8816,-0.034739,-0.73367,0.1572
-0.30097,1.048,-0.079649,-0.1369,-1.1561,-0.066801,-0.019304,0.086961
-0.27505,1.369,-0.041709,0.1254,-2.922,0.026452,-0.43313,0.07837
-0.559,1.0549,0.23749,-0.18911,-0.55665,-0.0036975,-1.1466,-0.021683
-0.53916,1.3887,1.0082,0.1882,-0.22548,-0.030086,-0.44651,-0.079924
-0.58383,0.59023,-0.2413,-0.19463,-0.21169,0.0094905,1.1642,-0.060746
-0.67349,-0.58042,0.43499,0.31267,-1.2142,-0.049307,-0.56742,-0.060308
-0.5962,-1.4043,-0.062009,-0.033981,0.44814,-0.027795,-0.47766,-0.075348
-0.51765,-1.4127,-0.77732,0.05583,-0.96262,0.051095,-0.37931,0.063523
-0.50977,-0.2366,-0.28786,-0.14048,2.313,0.14965,0.99572,0.040573
-0.26418,0.41347,-0.19461,0.26879,0.22049,-0.027782,-0.68469,0.18964
-0.50297,-0.47481,-0.68225,-0.39461,2.3123,0.18684,-0.3107,0.10351
4.5827,2.3897,0.17963,-0.053796,-1.9446,-0.0082924,1.1149,0.012365
4.5387,-0.19837,0.73646,-0.094466,2.7852,0.20527,0.10253,-0.041008
4.4986,1.3647,0.38146,0.28666,0.1279,-0.0013166,-0.61377,-0.11173
4.4714,-0.79553,-0.30861,-0.24032,1.1842,0.040744,0.31019,-0.090219
-0.62852,0.1749,0.089207,-0.012169,-0.48162,-0.00048231,0.68179,-0.052081
-0.61893,-2.9308,-0.047137,0.012129,-0.83684,-0.013786,-0.13046,0.0015349
-0.44792,-0.83616,-0.53723,-0.26761,-0.48769,-0.05161,-0.11698,0.087204
-0.45904,-0.61849,-0.5094,0.19071,0.045559,0.026856,-0.34155,0.17903
-0.61542,0.50577,-0.5532,-0.27939,1.4449,-0.065126,0.68232,0.10777
-0.60741,2.3792,0.41052,0.41888,-2.1312,-0.026659,-0.13241,0.052231
-0.79057,-0.56062,0.033189,0.050255,1.5064,0.024694,-1.3083,-0.0022132
-0.69811,2.5285,0.63367,0.21972,-2.0778,-0.0097877,0.081385,-0.12106
-0.5846,-0.68678,0.29322,0.17229,1.4158,-0.038737,0.18553,-0.12045
-0.58684,-0.25223,-0.40428,-0.21071,1.0146,-0.063951,-0.08254,-0.060356
-0.58216,-1.3141,-0.12848,0.32473,-1.0517,-0.00092512,-1.2477,-0.0459
-0.37996,-0.99584,-0.72702,-0.48015,-0.3679,-0.12225,0.11209,0.13099
-0.60408,-2.0585,-0.053754,0.057423,-2.8025,-0.04253,-0.31899,0.11566
-0.58077,-0.73747,0.027362,0.165,0.09916,0.0067951,-0.21158,0.091001
-0.5719,0.16368,0.47828,-0.080567,0.31254,0.0017766,-0.25206,0.053667
-0.60305,2.0305,-0.033255,-0.11233,-0.66223,-0.052259,0.53047,0.063085
-0.63941,1.8625,0.74003,0.022187,-0.1438,-0.063714,-0.39113,-0.022122
-0.55812,0.83353,-0.5187,-0.063803,0.52511,0.060991,-0.24639,-0.060746
-0.54728,1.0316,0.07057,-0.096162,-1.5788,0.015664,-0.96398,-0.086325
-0.19962,-0.85437,0.37912,-0.049249,1.307,-0.028084,0.12665,-0.082699
-0.50418,-1.6324,-0.071336,-0.021386,0.20404,0.028704,0.10938,0.018012
-0.55878,-3.5431,-0.92687,0.021589,-1.6119,0.014965,-1.1555,0.038261
-0.55109,-0.6698,-0.23308,0.11542,0.096655,-0.054338,0.063905,0.076812
-0.71086,-0.61974,-0.20405,-0.03393,0.74899,0.050665,0.065748,0.1434
-0.55631,1.1522,-0.41562,-0.093573,-0.16328,-0.028957,-0.19967,0.075887
-0.52391,0.57411,0.40086,-0.013794,-0.023533,-0.051688,-0.70833,0.0064755
-0.51968,1.7811,0.42552,-0.19241,0.51087,0.033434,1.0023,-0.028863
-0.34416,0.93116,0.66023,0.12976,0.15619,-0.027821,0.42733,-0.092166
-0.44015,0.61244,0.30798,0.063255,-0.48945,-0.051726,-0.75413,-0.077807
-0.59451,-1.6335,0.0079233,0.15829,0.70981,0.047951,-0.67433,-0.066149
-0.52215,0.23931,-0.2115,-0.047084,0.64274,0.050152,1.8461,-0.013968
-0.51525,-1.6279,-0.038195,0.35065,-0.69984,0.020817,-0.77358,0.024412
-0.70626,-0.62633,-0.0091004,-0.099135,1.0161,-0.016359,-1.1296,0.05391
4.5973,1.6467,-0.31001,0.1602,-1.0853,0.032747,0.59382,0.042836
4.563,0.89113,0.071688,-0.18571,2.4003,0.1094,0.72968,0.098108
4.5135,2.4538,0.14163,0.58747,-2.4909,-0.019863,-0.40305,-0.010658
4.4719,-0.52948,0.023739,-0.45664,1.5042,0.08326,0.53777,-0.039937
-0.56246,0.42669,0.90217,0.33679,-2.3506,0.027299,-0.10651,-0.11044
-0.61822,-1.7384,0.044996,-0.093727,1.4037,-0.028347,-0.20793,-0.10132
-0.61506,1.4334,-0.063827,0.06996,-0.85167,0.013418,-0.12864,-0.056122
-0.84767,-1.9515,-0.82713,0.28971,-0.51766,0.024244,-1.4774,0.0025814
-0.65653,0.2133,0.020476,-0.26016,-2.2819,-0.036427,0.48423,0.020372
-0.59573,-0.90158,-0.046,0.22204,-3.5057,-0.055487,-0.83911,0.08146
-0.58546,-0.44444,-0.81487,-0.56047,0.85863,-0.019876,-0.72493,0.10638
-0.39779,1.0891,-0.14421,0.01069,-2.7726,-0.033616,-0.77235,0.063377
-0.50813,1.1781,-0.23052,-0.25063,0.91397,-0.050808,0.708,-0.028522
-0.58056,1.9229,0.59004,-0.006652,-1.4537,-0.067616,-0.70093,-0.10287
-0.57962,0.4058,0.093524,0.17691,-0.99516,-0.02793,-1.2123,-0.12777
-0.73681,1.0417,0.37424,-0.010043,-1.8611,-0.094402,-0.32291,-0.095938
-0.64041,-1.306,0.061082,0.069967,-1.6146,-0.018894,-0.26298,-0.071284
-0.54124,-1.7115,-0.15599,0.098343,0.06121,-0.017668,-0.75526,0.0071326
-0.55789,-2.1852,-0.54214,0.040595,0.64614,0.041405,-0.69484,0.11619
-0.37369,0.71949,-0.45385,0.040261,-1.3976,-0.025799,-0.36837,0.12123
-0.3408,0.46074,-0.20798,-0.092854,-0.59958,-0.0064634,-0.35792,0.026579
-0.59492,1.3861,-0.19337,-0.16514,0.076123,-0.016808,-0.45073,0.046536
-0.5497,1.5529,0.36243,-0.18558,0.95892,0.014419,-0.4204,-0.02217
-0.69414,1.5184,0.15702,-0.14545,0.31368,-0.082601,0.51757,-0.073791
-0.70128,0.68219,0.39452,0.060609,-1.2573,-0.014928,0.14418,-0.1167
-0.58763,-1.2508,-0.49985,-0.02718,-0.8154,-0.0050195,-1.1651,-0.081749
-0.53328,-1.7822,0.3326,0.11274,-0.48205,-0.011219,-0.40274,-0.0099769
-0.52705,-0.39661,0.22306,-0.25185,0.41955,0.0027521,-0.086842,0.0097124
-0.36671,-0.90089,-0.41041,-0.01348,-0.74715,0.00024928,0.1966,0.094871
-0.55202,-0.18885,-0.56457,0.15125,0.85324,0.021286,-0.67891,0.021954
-0.52701,1.73,-0.51688,-0.031008,0.1317,0.036604,0.80796,0.015773
-0.52703,1.6939,0.023212,-0.084138,2.5477,0.18565,1.078,-0.0076648
-0.64258,2.4342,0.48419,0.20727,-0.44848,-0.023675,-0.2165,-0.022827
-0.51058,0.018634,0.2975,-0.41295,2.7659,0.26007,-0.26823,-0.068047
-0.50499,0.7665,0.27685,0.14007,-0.024542,0.023686,1.9482,-0.099467
-0.49832,-2.4888,0.41905,0.050236,3.2907,0.25533,0.9132,-0.068996
-0.23988,0.76258,0.41535,0.4355,0.61413,0.015914,-0.58722,-0.054418
4.5866,-0.44537,-0.071587,0.070204,1.4514,0.056576,0.81675,-0.0079326
4.5668,-0.051738,-0.14482,0.2493,-0.30199,0.032728,1.0004,0.1462
4.5297,-1.3846,-0.26805,0.3118,0.29419,-0.057681,0.046777,0.10332
4.4887,0.072168,0.15135,-0.2987,1.1441,-0.017457,0.63207,0.10711
-0.63314,1.6426,-0.7553,0.2008,1.2036,0.042117,-0.24307,0.02799
-0.58127,1.8045,-0.19086,-0.14985,0.77368,-0.031145,0.73548,-0.03962
-0.61047,1.4667,0.96034,0.24865,-1.6891,-0.054928,0.27836,-0.11149
-0.45642,-1.459,0.15783,-0.032967,1.5125,0.0083546,-0.54011,-0.076249
-0.41637,0.90006,0.48454,0.13962,-2.6197,-0.032846,-0.47331,-0.084986
-0.56814,-2.747,-0.25968,-0.28591,1.9708,0.060343,0.73031,0.031008
-0.60725,-1.5337,-0.71387,0.002462,0.2004,0.030065,-0.43932,0.16384
-0.58446,-1.5872,0.10554,-0.17711,-0.22115,-0.05213,-1.2114,0.044613
-0.80157,0.52093,-0.025077,-0.45405,-0.0090893,-0.066332,1.0031,0.18436
-0.64272,1.0529,0.53453,0.15797,-2.0623,0.015061,-0.3525,0.15019
-0.57945,0.88862,0.22288,-0.018374,-0.14409,-0.071248,-0.5133,-0.029788
-0.57045,0.54852,0.39552,-0.2061,-1.055,-0.071235,-1.0886,-0.079608
-0.35729,1.6243,0.36608,-0.074369,-0.45294,0.0070262,0.77044,-0.11738
-0.51505,-1.1062,0.54075,0.076499,1.1848,-0.072089,-0.18125,-0.10979
-0.56376,-2.0851,-0.22393,0.15612,0.51998,0.042508,-0.12275,-0.041957
-0.56283,-2.1738,-0.23182,-0.11026,-0.058574,-0.010436,-0.32926,0.0056236
-0.80246,-0.34684,-0.62265,-0.10265,1.4354,-0.082254,0.26836,0.0035549
-0.58278,0.36979,-0.49677,-0.086129,0.43536,0.026163,0.2143,0.12576
-0.54126,-0.57103,-0.3308,-0.39705,1.4509,0.054541,0.080801,0.173
-0.53824,1.5047,0.094153,-0.1133,0.61838,0.02083,0.13493,0.024437
-0.54278,1.3501,0.33902,-0.075229,1.2619,-0.012412,0.73033,-0.031273
-0.53057,1.2523,0.42933,0.042258,1.0103,0.014798,0.26843,-0.086958
-0.53293,-0.99916,0.56406,0.15081,0.83116,-0.023053,-0.59237,-0.11536
-0.532,-0.44993,0.28363,0.0090134,1.5745,0.05997,1.2001,-0.069507
-0.68706,-1.9471,0.16148,0.15632,2.2673,0.14781,0.80395,-0.0066427
-0.66126,0.48973,-0.71299,0.02938,0.84616,0.041308,0.55591,-0.066806
-0.50462,-1.8865,-0.60905,-0.421,1.0046,-0.0051093,-0.55351,0.026457
-0.51404,1.2558,-0.64354,-0.088827,0.80276,0.043651,2.0081,0.050527
-0.52296,0.39302,0.542,0.05373,1.3549,0.030649,0.38098,0.0020216
-0.31048,1.0633,0.1893,0.19693,2.4859,0.23546,0.50087,0.038601
-0.56219,1.8328,0.162,0.17011,1.783,0.09766,0.30869,-0.045267
-0.50721,1.4412,0.85576,0.002006,2.0054,0.11591,2.155,-0.093821
4.5673,1.1412,1.0029,0.60104,1.19,0.026914,-0.19215,-0.058847
4.5415,-2.2268,0.097539,-0.47227,1.8867,0.098636,-0.26226,-0.062863
4.5324,-2.7368,0.04641,0.090147,0.60743,0.060323,1.0256,0.088811
4.5129,-2.3579,-0.2483,-0.26742,3.9252,0.40878,1.5752,0.075692
4.4979,1.882,-0.26128,0.29624,0.28892,-0.0024268,0.57143,0.032687
-0.39924,-1.827,-0.26577,-0.27544,2.1116,0.14303,0.077545,0.14613
-0.58372,1.5404,0.33755,0.14621,-1.0498,-0.035124,0.48177,0.12834
-0.63352,0.35038,0.18692,-0.1745,2.833,0.17096,0.66328,0.020105
-0.62802,2.6048,0.14538,0.064983,1.1875,0.014323,0.85324,-0.039913
-0.86597,0.76911,0.49461,0.48327,0.56123,0.012423,-0.70919,-0.070457
-0.59483,-0.44346,-0.0030297,-0.52763,1.1698,-0.029643,1.8165,-0.078537
-0.59454,-2.3889,-0.14164,0.29847,-3.1371,-0.00638,0.1652,0.0081548
-0.59566,-3.4522,-0.35737,-0.39467,2.3282,0.12828,-0.032115,0.037287
-0.43275,-0.76199,-0.32509,0.18942,-0.34415,-0.04346,0.3904,0.14557
-0.44493,-0.57903,-0.49079,-0.040321,1.5737,0.093669,1.1182,0.15805
-0.59265,-0.4859,-0.22949,-0.33997,1.2483,-0.040848,0.12411,0.22802
-0.60148,0.50708,-0.28853,0.11527,1.1115,-0.021673,-0.19575,0.15593
-0.59148,2.172,-0.074934,-0.0070181,0.32808,0.0085214,0.48891,0.005648
-0.68591,0.92237,0.51799,0.0050954,1.194,-0.039732,0.81485,-0.087907
-0.58132,0.61583,0.86109,0.43775,1.4222,0.01456,-0.18716,-0.10986
-0.56842,-1.7733,0.069812,-0.045819,0.84152,-0.0063415,0.17886,-0.080946
-0.56606,1.3205,0.335,-0.022844,-0.9744,-0.056051,0.14156,-0.068729
-0.40239,-2.0615,-0.08994,-0.050591,-0.42446,-0.014235,0.65485,0.049407
-0.48226,-1.6162,-0.44348,-0.20437,1.2078,0.009606,0.55795,0.10794
-0.5652,-0.51097,-0.25677,-0.042749,1.0305,-0.014697,0.011072,0.14644
-0.55174,1.3469,-0.044779,-0.24838,0.70319,-0.023726,1.9439,0.056344
-0.72378,1.3337,0.11843,0.067847,0.79541,0.01225,0.49928,0.05408
-0.57718,1.1721,-0.11903,0.032958,1.0806,-0.014909,0.1862,-0.0034787
-0.54026,0.97342,0.81036,0.11325,0.88407,-0.027596,0.20962,-0.089124
-0.52898,0.42737,-0.16868,-0.071305,1.7571,0.15228,1.3689,-0.072647
-0.3011,0.83834,0.68796,0.25907,0.67606,-0.035246,0.39498,-0.097472
-0.51999,-2.7257,-0.68996,-0.0063951,1.8888,0.14142,-0.1458,-0.016767
-0.52713,0.11035,-0.24976,0.15251,0.030884,-0.020627,0.96942,-0.034534
-0.52749,-1.9528,-0.94067,-0.20915,3.2189,0.32109,1.1496,0.056806
-0.75664,0.80057,-0.17734,0.18472,0.77939,-0.010847,-0.15872,0.081582
-0.60605,0.11296,-0.81294,-0.30672,1.9411,0.15587,0.52615,0.13208
-0.50354,2.4707,0.12513,0.0026804,-0.34421,0.038652,1.8075,0.040524
4.562,-0.25088,0.24985,0.18316,2.5685,0.22971,0.25537,-0.033852
4.5211,1.4685,0.51849,-0.080933,1.2625,0.06651,0.30695,-0.087469
4.4897,0.31592,0.081067,0.10609,1.0335,0.035263,0.34096,-0.11538
4.4685,-0.25391,-0.039415,-0.065447,0.90335,0.032792,1.4157,-0.060478
-0.63561,-1.4696,0.2826,-0.0014816,-1.4198,-0.0141,0.19502,0.039015
-0.75713,-1.1417,-0.18226,-0.30261,1.2725,0.076585,0.0034298,0.0031655
-0.85003,0.77827,-0.50229,0.21171,-0.84178,-0.033475,-0.094523,0.17195
-0.64346,0.078121,-0.57889,-0.24756,1.634,0.056826,1.0312,0.094335
-0.61179,2.4937,0.094551,0.4543,-1.4053,-0.02107,-0.20036,0.060092
-0.60415,-1.1391,0.66052,-0.33043,0.96163,-0.022565,-1.1655,-0.03872
-0.46981,1.7389,0.65386,-0.14091,-1.7676,-0.031626,0.75847,-0.065029
-0.59338,-0.24574,0.52587,0.12517,0.038623,-0.0077405,0.44521,-0.12668
-0.59862,-0.28802,0.0119,0.071457,0.82891,-0.074399,-0.17995,-0.092701
-0.60446,-1.6643,0.40718,0.079518,-1.6019,-0.044885,-0.8391,-0.0008259
-0.72303,-0.69351,-0.3897,-0.098891,0.11566,-0.11842,1.1405,0.10244
-0.61059,-2.4811,-0.011747,-0.19232,-1.2606,-0.11497,-0.34141,0.34648
-0.57489,-0.39918,-0.88213,0.17048,-1.3554,-0.035612,-0.7152,0.10869
-0.56631,0.3332,-0.41572,0.093442,-0.013206,-0.024612,0.14282,0.096428
-0.43271,1.2822,0.41474,-0.24596,0.83718,-0.076498,0.67558,0.061674
-0.50549,1.9726,0.74456,0.22544,0.91891,-0.052554,-0.076124,-0.0057665
-0.56721,1.5266,0.16913,-0.19787,-0.31885,-0.020922,-0.39198,-0.052495
-0.56983,0.56755,0.70527,0.033286,-1.4819,-0.13451,-0.66803,-0.086203
-0.57235,-0.65057,0.3806,0.044686,0.41585,-0.0057126,0.75594,-0.088418
-0.59602,-0.48357,-0.26067,-0.010088,0.2203,-0.023406,-0.43302,-0.0084437
-0.49079,-2.168,-0.80772,0.04906,-1.1859,-0.043826,-1.3178,0.075181
-0.54217,-0.71493,-0.70405,-0.014539,-0.66743,-0.10817,0.22482,0.099203
-0.50727,-0.90345,-0.33493,-0.15032,-0.31289,-0.042055,-0.22855,0.12649
-0.36943,1.0252,-0.048987,0.011859,-0.95171,-0.097682,0.023376,0.093045
-0.46571,0.1755,-0.10126,-0.084832,-0.038973,-0.026204,-0.39405,0.036484
-0.53528,2.7986,-0.12676,-0.11357,0.33085,-0.041869,0.93673,-0.00050951
-0.60086,1.4944,0.55918,0.29274,-0.84598,1.8252e-05,-0.20273,-0.044658
-0.64196,0.11282,-0.16292,-0.14121,0.53143,0.0057427,-0.36953,-0.10747
-0.56737,0.2353,0.087055,0.24601,-1.3925,0.0099975,-0.71112,-0.065832
-0.5174,-1.5827,-0.08588,-0.25828,1.6096,0.12613,1.8435,-0.0036734
-0.50852,-0.47931,0.4775,0.36246,-0.52361,0.03518,-0.088563,0.035462
-0.36523,-1.9719,-0.50353,-0.36601,1.367,0.053746,0.12177,0.092559
-0.42211,1.0702,-0.43107,0.14914,-0.73245,-0.01539,0.63837,0.013558
4.5817,0.142,-0.073713,-0.26313,2.4243,0.16028,0.94147,0.063134
4.5365,2.7758,0.54093,0.57368,-1.0393,-0.032968,0.21258,0.028623
4.4909,-0.051886,0.21731,-0.17432,1.6646,0.11449,-0.19741,-0.045097
4.4536,1.8561,0.45809,0.41861,-2.3878,0.013123,0.039932,-0.082212
-0.62927,-1.5067,0.29982,-0.17082,2.6066,0.17866,0.37558,-0.10222
-0.6234,0.10478,-0.35981,0.34838,-1.272,0.008868,-0.097188,-0.060089
-0.46975,-2.1327,-0.42015,-0.065177,0.1684,-0.045617,-0.53492,0.044564
-0.51814,-1.1884,-0.37061,-0.21856,-2.2236,-0.12143,0.40981,0.05941
-0.63123,-1.3887,0.15439,0.066986,-2.1923,-0.032403,-0.36344,-0.0055961
-0.61455,-0.93034,-1.1782,-0.58979,0.57144,-0.062559,-0.44045,0.060895
-0.84706,1.3309,-0.20573,0.33783,-1.9799,-0.0086004,-0.52285,0.089833
-0.74792,2.0094,-0.12824,0.099172,1.5383,0.087418,1.1435,0.011173
-0.57603,1.5371,0.65044,0.11145,-0.73021,-0.080746,0.047227,-0.098129
-0.58969,0.29334,0.51872,-0.13036,-0.51311,-0.029412,-0.55742,-0.14607
-0.58444,0.75632,0.57908,-0.10185,-1.3025,-0.070985,-0.24357,-0.062133
-0.36546,-1.2453,0.091224,-0.0069282,-0.95787,-0.052772,0.35547,-0.0080056
-0.61329,-1.6399,-0.16175,0.034596,-1.2281,-0.06116,-0.43775,-0.0078839
-0.5855,-3.0111,-0.50864,0.026766,1.0056,0.023673,-0.3068,0.029256
-0.5855,0.82819,0.36475,0.0023015,0.27878,-0.040425,0.64073,0.0267
-0.70245,0.29236,-0.1115,-0.037353,0.0073713,-0.0020225,0.031545,0.12439
-0.59143,1.5118,-0.16517,-0.11736,0.7136,-0.0080421,-0.13137,0.0022163
-0.56045,1.0829,-0.14868,-0.16285,0.079636,0.028974,-0.33417,-0.012289
-0.54912,1.9671,0.37216,-0.0020468,0.64649,-0.021846,0.59137,-0.08394
-0.44518,0.090047,1.1924,-0.18091,-0.11553,-0.039116,0.37195,-0.11061
-0.4485,-1.5858,0.26494,0.13371,-0.15813,-0.026525,-0.13462,-0.06464
-0.55799,-2.115,0.45144,-0.099026,-0.23838,-0.04099,-0.3323,-0.027476
-0.55462,-1.4531,-0.80662,-0.022401,0.84384,-0.036549,1.149,0.035316
-0.64658,-1.3331,-0.41604,-0.023191,-0.79738,0.025464,0.38363,0.075887
-0.61957,-0.86449,-1.0153,-0.269,1.5765,0.089337,-0.077447,0.15362
-0.52289,1.513,-0.0017063,0.243,-0.39373,-0.028431,0.34611,0.0038713
-0.5219,1.5836,0.17601,-0.1072,1.7979,0.12842,1.3924,-0.018203
-0.28545,2.0596,0.96607,0.42743,-0.62746,-0.047285,-0.34855,-0.042955
-0.46088,-0.11142,0.22868,-0.055697,0.031218,-0.043383,-0.57517,-0.051084
-0.5067,1.3431,0.38428,0.1828,-0.74186,0.024751,0.90609,-0.09348
-0.51651,-2.5647,0.39873,0.25177,2.0752,0.20049,0.62509,-0.058507
-0.61119,-0.92611,-0.38587,0.098818,0.18899,0.0054603,-0.25544,0.0024597
-0.74256,-1.001,-0.40189,-0.23746,0.88611,0.012211,0.10753,-0.031686
4.5932,0.046352,-0.5874,-0.094312,-1.1659,-0.028411,1.2384,0.1068
4.5677,-1.7161,-0.13935,-0.19795,0.20126,-0.014158,0.17983,0.19879
4.5122,1.2354,-0.034302,0.17088,-0.21515,-0.058432,-0.02656,0.017257
4.4722,1.1396,0.49816,0.34929,-0.044374,-0.067154,-0.91808,0.036265
-0.61658,2.0995,0.46768,-0.070573,-0.34824,-0.0051478,1.449,-0.048528
-0.61686,0.80548,0.71743,0.37769,-2.267,-0.042235,-0.31463,-0.11027
-0.61589,-1.8195,0.68368,-0.28183,0.39543,-0.057354,-1.3113,-0.094137
-0.81179,0.5621,0.26937,0.17531,-2.3467,-0.070112,0.34579,-0.072647
-0.60225,-1.8372,-0.54829,-0.15403,2.1945,0.12453,0.15001,-0.024993
-0.59954,-0.57184,-0.85563,0.20257,-1.2337,-0.08527,-0.25642,0.084186
-0.58594,-2.073,-0.6565,-0.026826,-0.18141,-0.062,-1.0641,0.20247
-0.4061,1.0052,-0.52262,-0.14602,-0.92569,-0.01197,0.67967,0.12395
-0.57515,0.71362,0.75724,0.12283,-2.7822,-0.12623,-0.28309,0.10339
-0.59005,1.5832,0.51842,0.077514,-1.461,-0.089949,-0.69381,0.0066945
-0.58328,0.46125,0.60591,-0.092327,-2.0866,-0.027802,-0.88079,-0.10521
-0.70986,1.1715,0.18138,-0.05589,-1.5165,-0.11887,0.43339,-0.14147
-0.62403,-0.13753,0.56572,0.19605,-1.3569,0.0043565,-0.40622,-0.10582
-0.55,-2.5142,-0.75101,-0.27598,-0.44535,0.043786,-0.73669,0.056538
-0.56157,-1.6298,0.10542,0.17296,-0.35472,0.019149,-0.21312,0.032712
-0.35457,-0.84827,-0.25445,-0.064233,-0.16883,-0.016975,-0.37791,0.11682
-0.40375,0.21556,0.17564,0.029663,0.99288,-0.022218,0.042141,0.02524
-0.64168,-0.054667,-0.14381,-0.11991,0.19622,-0.0036012,-0.31957,0.13938
-0.56339,1.1018,0.059026,0.035469,-0.011202,-0.052676,0.35783,0.1406
-0.79647,1.5311,0.18647,0.075163,1.0871,-0.029939,0.36947,-0.0044766
-0.76546,1.5523,0.4007,0.18497,-0.035177,-0.0067971,-0.19647,-0.090024
-0.60831,0.037438,-0.38081,-0.15015,0.65759,-0.0057318,-0.44148,-0.10419
-0.5368,0.2879,-0.15769,0.057583,-0.4411,0.014875,0.64911,-0.084354
-0.5288,-0.60117,0.031313,0.20555,1.3763,0.041726,0.37748,-0.027573
-0.29351,-1.1986,-0.75077,0.098349,0.57611,0.030039,-0.19373,0.039989
-0.52029,-0.72936,-0.58856,0.15052,-0.35607,0.012641,-0.43449,0.0064024
-0.53468,0.15711,-0.5192,-0.084806,0.45991,-0.025081,1.2154,0.14209
-0.53052,0.5614,0.14816,0.34661,-0.37305,0.0008076,-0.17503,0.025435
-0.71823,1.278,-0.20095,-0.064336,1.9486,0.13002,0.32084,0.059337
-0.52247,2.6626,0.52084,0.38823,0.36815,0.0053255,0.59492,-0.013847
-0.50867,0.73049,0.67875,-0.091235,3.1686,0.32767,1.4311,-0.10253
-0.49914,0.49809,0.57225,0.30073,-0.87213,0.047694,0.070609,-0.095257
4.5697,-1.4539,0.17347,-0.21335,1.9492,0.17185,0.036374,-0.088929
4.5516,-1.3933,-0.27797,-0.086437,-0.19804,0.063596,1.0705,-0.012313
4.5367,-3.7367,-0.68777,-0.54585,2.6969,0.22023,0.96891,0.093629
4.509,0.4378,-0.16966,0.30768,-0.24301,-0.0026899,0.12835,0.12678
-0.67555,-1.5875,0.81266,-0.3658,1.782,0.12176,-0.24265,0.088056
-0.67551,2.3064,0.18983,-0.11666,-2.1569,0.0065705,1.2629,0.10417
-0.57086,0.28354,0.10173,0.1217,1.6403,0.029398,0.20995,0.025362
-0.61099,1.9434,-0.046508,-0.16387,0.42899,-0.00054007,0.075682,-0.064713
-0.62183,1.5376,-0.25765,0.52174,-2.2206,-0.032454,-0.80243,-0.07401
-0.56069,0.26203,0.3669,0.010356,1.5092,0.04143,1.0541,-0.085303
-0.5593,-0.4336,0.40174,0.32602,-3.019,-0.065806,-0.38458,-0.052495
-0.59918,-3.9625,-0.72984,0.067635,-0.20418,-0.046528,-0.75658,0.10891
-0.59656,0.12422,-1.0235,-0.012792,-0.74284,-0.022052,-0.026156,0.084722
-0.7401,-1.4732,-0.26224,-0.094286,-1.2682,-0.052105,0.22136,0.34132
-0.63679,0.3948,-0.078647,0.14294,0.0024068,-0.024009,-0.74087,0.15026
-0.5806,-0.3215,-0.37228,-0.24799,0.35652,0.024347,-0.71324,0.13189
-0.57212,2.5597,0.29524,-0.10183,-1.1004,-0.056315,0.60996,-0.026162
-0.47934,1.1952,0.68067,0.16106,-0.27005,-0.022995,-0.10227,-0.060697
-0.55999,0.15448,0.060761,-0.059962,-0.20058,-0.065844,-0.18309,-0.11925
-0.56565,-0.27375,0.14603,0.14335,-0.70124,-0.018015,-1.0185,-0.10365
-0.56341,0.05391,-0.19459,-0.045832,0.98158,-0.017771,0.87731,-0.071795
-0.95221,-0.71381,-0.75465,-0.10287,-0.9105,-0.016192,-0.21978,-0.054077
-0.56788,-1.5376,-0.42996,0.055451,-1.2165,-0.056661,-0.71244,0.15177
-0.53911,-0.74072,-0.67248,-0.064253,0.28517,-0.034983,-0.036822,0.12408
-0.54095,0.78146,0.28297,0.031911,0.59758,-0.038769,0.99233,0.095747
-0.38063,1.6702,0.24651,0.017331,-1.2983,-0.015127,0.045654,0.090806
-0.34515,0.28806,0.33252,-0.18711,0.41188,0.019656,-0.36601,-0.017376
-0.55104,2.3956,0.38137,0.13157,0.51412,0.006378,0.37494,-0.084451
-0.5401,-1.9318,0.044058,-0.64477,1.4535,0.083998,1.0603,-0.10679
-0.66587,1.5254,0.3288,0.29699,-0.55723,0.029661,-0.13231,-0.096936
-0.68847,-1.6236,-0.53661,-0.10395,1.0533,0.036765,-0.3686,-0.088102
-0.4935,-0.33077,-0.50658,0.0213,0.082732,-0.018952,1.0604,0.07007
-0.51587,-2.0542,-0.36552,-0.16305,2.7464,0.26386,0.51518,-0.0015804
-0.51472,1.1419,-0.11992,0.011152,0.78997,-0.013003,0.59028,0.07781
-0.28661,0.36254,0.18478,-0.0094974,0.4406,-0.057155,-0.14454,0.087423
-0.50743,2.4572,-0.11558,-0.19462,-0.6917,-0.025742,1.131,0.050527
-0.5138,0.48204,0.43483,0.043903,1.6086,0.12176,0.69006,-0.029569
4.5572,1.8431,0.21902,0.11836,0.61981,-0.017007,-0.17221,-0.050134
4.5187,-0.09605,0.97331,0.088651,0.63359,-0.065196,-0.17096,-0.11005
4.4979,-0.50256,0.18986,-0.0013339,-0.1022,-0.011289,1.1343,-0.072817
4.4822,-2.3258,-0.028321,-0.017109,-0.10273,-0.045815,0.28617,0.011489
-0.62073,-1.9614,-0.15424,-0.10792,0.058776,-0.019863,-0.50507,0.064229
-0.47795,0.29407,-0.9628,0.1118,-0.16727,0.0073021,-0.054187,0.10648
-0.52701,1.1149,-0.4535,-0.014995,0.93373,-0.080258,0.6403,0.17898
-0.6264,2.5137,0.069973,0.62334,-2.5632,-0.066454,-0.71839,0.066566
-0.62418,-0.99085,0.0668,-0.39185,1.102,0.041713,-0.55855,-0.0052554
-0.85974,2.2785,0.13511,0.026426,-2.5915,-0.066037,0.26891,-0.02918
-0.65274,-0.24027,0.5286,0.046844,0.040485,-0.091893,0.15623,-0.096693
-0.60133,0.54945,-0.050702,-0.079655,1.0908,0.0095932,0.44917,-0.13128
-0.59024,-1.7517,-0.21265,0.2104,0.23627,0.023243,-0.30329,-0.051205
-0.38567,-0.74953,-0.36553,-0.39039,-0.32263,-0.020242,0.77376,0.069511
-0.39857,-2.024,-0.18346,0.064411,-0.45296,-0.078429,0.027621,0.1555
-0.55086,-1.3633,-0.88895,-0.13539,-0.84095,-0.068591,-0.81206,0.27388
-0.58609,0.080895,-0.077054,-0.088807,-1.6407,-0.013414,-0.20673,0.10775
-0.84747,0.53324,-0.11741,-0.3249,1.0718,5.6757e-05,0.89787,0.048945
-0.79576,2.1447,0.36599,0.013876,-0.40341,0.032414,0.54165,0.010297
-0.59822,0.85408,0.29879,0.24019,0.94868,-0.0046408,-0.17217,-0.076225
-0.56397,0.89842,0.9606,-0.10986,-0.2698,0.0018857,-0.44607,-0.07053
-0.56298,0.77613,0.52347,0.023002,-1.0185,-0.07995,1.0079,-0.060843
-0.40103,-0.14339,0.36629,0.10511,-0.49686,-0.030125,-0.49003,-0.050061
-0.56974,-3.0682,-0.85263,-0.14462,0.36123,-0.050455,-1.5929,0.062453
-0.5545,-0.48637,-0.053735,-0.031631,-2.7573,0.023224,0.85019,0.12619
-0.55025,-0.75231,0.22908,0.077841,0.59414,-0.086586,0.14015,0.052401
-0.70823,0.2392,-0.12489,-0.09507,-0.84597,0.0018216,-0.22354,0.11855
-0.57536,1.1255,0.49151,0.19498,-1.2036,-0.0082282,-0.36845,0.066979
-0.53371,0.98109,-0.0010254,-0.23526,0.23716,-0.011456,1.0248,-0.016451
-0.52471,1.3193,0.8057,0.11444,-1.5392,-0.031665,0.28331,-0.048966
-0.33167,0.80682,0.42638,-0.17981,0.86845,-0.056841,-0.45571,-0.091825
-0.5147,0.57596,0.55295,0.22445,-1.0207,0.0059416,-0.082199,-0.079291
-0.52647,-1.7529,-0.28115,-0.43117,1.5774,0.077022,1.2352,-0.087396
-0.52737,-0.49804,0.1982,0.15616,-0.1332,0.057128,0.49414,-0.030981
-0.79404,-1.9724,-0.43003,-0.13942,1.4305,0.051102,-0.11388,0.12807
-0.59189,-0.075557,-1.1019,-0.3306,0.82318,0.015093,1.0603,0.13946
4.5778,0.29526,-0.97959,-0.32315,2.4512,0.22278,1.2677,0.014799
4.5596,2.2673,0.69704,0.6852,-0.19366,-0.043974,0.15896,0.036022
4.5162,0.57614,-0.033942,-0.12366,2.0822,0.18717,0.62739,-0.053493
4.4741,2.6893,0.43047,0.32587,-2.0402,-0.034476,0.40284,-0.069775
4.4438,-1.6407,0.043956,0.023458,2.2014,0.17316,0.039996,-0.095281
-0.64364,-0.67141,-0.13242,0.21083,-0.32655,-0.024862,-0.31492,-0.084207
-0.55316,-0.43749,-1.4616,0.21812,0.1764,-0.0572,-0.62764,-0.021927
-0.85577,-1.3363,-0.83043,0.14703,-0.62838,-0.023617,1.483,0.1031
-0.68376,-0.40136,-0.091771,0.22705,-3.2069,-0.093786,-0.47728,0.081022
-0.61405,-1.0244,0.37855,-0.40887,1.0164,0.030784,-0.42431,0.095795
-0.60542,2.2461,0.28905,0.41263,-1.9315,-0.05007,-0.15668,0.0093473
-0.38658,0.90317,0.24245,-0.19687,1.3511,-0.08072,0.062633,0.046292
-0.51526,2.8781,0.071585,0.27332,-0.33929,0.0091568,-0.48938,-0.048309
-0.60201,-0.11341,0.057684,0.28423,0.053368,-0.038037,-1.6269,-0.10889
-0.60176,1.2038,0.35424,-0.036101,-1.3064,-0.022302,0.94333,-0.088053
-0.76068,-1.0905,0.28693,0.085883,-2.0571,-0.07979,-0.41127,-0.012119
-0.58877,-2.4835,0.031185,-0.33746,-1.1085,-0.027064,-0.59628,0.043542
-0.57617,-1.4545,-0.19483,0.12302,-0.96668,-0.023791,-0.48356,0.065032
-0.5714,-1.2832,-0.39599,0.10815,0.74026,-0.060319,0.83658,0.28278
-0.41275,0.18442,-0.13968,-0.036435,-0.94195,-0.049788,-0.16193,0.13401
-0.51892,1.0577,-0.43296,0.084778,-1.3659,-0.010224,-0.77105,0.08701
-0.57451,1.4815,0.073686,0.025584,-0.81444,-0.023438,-0.50886,-0.0040872
-0.5656,0.85461,0.87884,-0.097966,0.56279,-0.075143,0.56818,-0.06885
-0.72966,1.3376,0.71397,0.12692,-0.49557,-0.057637,-0.033901,-0.12643
-0.6106,-0.94615,0.40955,0.040595,-0.15558,0.045589,-0.89507,-0.096474
-0.5116,0.59003,-0.094347,-0.04456,-1.9213,-0.042722,-0.33452,-0.01757
-0.54492,-2.3023,0.050412,-0.02779,1.9577,0.096313,0.17478,0.051428
-0.53494,-1.0042,-0.85253,-0.042383,0.070921,-0.024497,-0.037144,0.14425
-0.34641,-1.2016,-0.26221,-0.0072494,-0.070808,-0.010776,-1.1106,0.099617
-0.51924,0.6411,-0.068073,-0.13576,0.13744,-0.060152,0.66742,0.12673
-0.53682,0.59063,0.22269,0.21705,1.0607,0.018199,0.82187,0.012925
-0.5316,2.4182,0.50379,0.22485,0.90976,0.019752,-0.10604,-0.03984
-0.63473,0.60376,0.65592,-0.082076,-1.1024,0.0020141,-0.4723,-0.052739
-0.59525,0.59858,0.63946,0.13818,0.16562,0.03525,1.0347,-0.09494
-0.5192,-0.29005,0.25131,0.35282,-0.32408,0.042663,0.35991,-0.062109
-0.50939,-1.2897,-0.25712,-0.26424,1.5399,0.12909,0.18231,0.028063
-0.28117,-1.3116,-0.70381,0.32486,-0.080885,0.03371,-0.76432,0.031397
4.5894,-0.33352,-0.28836,-0.25825,1.1327,0.063564,1.5306,-0.034364
4.571,-0.82929,-0.48329,0.27361,-0.088566,0.015189,-0.30949,0.14885
4.5327,-0.093539,-0.22619,-0.1192,1.1624,0.049664,-0.54497,0.16888
4.4878,2.8425,0.05063,0.10839,-1.2659,0.029975,0.85041,0.058193
-0.62264,1.5531,0.30686,-0.32643,2.2974,0.16592,0.44461,-0.016962
-0.62865,2.118,0.82809,0.41747,-2.4111,-0.016481,-0.16281,-0.078001
-0.61921,-2.0072,0.1297,-0.39213,1.1002,0.041186,-0.5339,-0.094527
-0.5204,-0.11245,-0.29334,0.054475,-3.5877,-0.076068,-0.39368,-0.060721
-0.44817,-2.4848,-0.31893,-0.049891,-0.22545,-0.12145,-0.12614,-0.025115
-0.63744,0.3772,-0.45404,0.068663,-0.29562,-0.032737,-0.37453,0.0092013
-0.61959,-1.5707,-0.15991,0.27179,-1.2877,-0.031177,-0.90467,0.086839
-0.70564,-0.45734,-0.54989,-0.2793,-0.55821,-0.057778,0.46749,0.23564
-0.71667,1.026,-0.01239,0.10916,-3.5463,-0.0063928,-0.37712,0.13729
-0.56617,0.031697,0.23905,-0.32264,-0.85351,-0.020556,-0.67911,0.019253
-0.58691,1.7406,0.54452,0.21384,-2.3339,-0.058221,-0.45923,-0.059066
-0.58779,0.69886,0.36279,-0.11043,-0.74676,-0.073475,0.049012,-0.092653
-0.48223,0.97174,0.33033,0.10638,-1.0997,-0.079924,-0.42914,-0.11441
-0.53073,-0.93103,-0.15489,0.072279,0.66536,-0.010596,-0.47754,-0.06868
-0.5806,-1.9868,-0.22377,-0.078807,0.28337,0.038523,0.28846,-0.011048
-0.57642,-0.79822,-0.069698,-0.125,0.065828,-0.01007,0.50039,0.022003
-0.77337,-0.18696,-0.39612,0.028757,-1.0894,-0.076549,-0.35982,0.074743
-0.60929,-0.35224,-0.59964,0.1277,0.45924,0.026728,-1.2941,0.052815
-0.55637,1.333,0.54487,0.071874,-0.82966,0.012603,0.59621,0.098108
-0.54841,1.4181,0.52716,0.032855,0.65232,-0.0022728,0.31104,-0.0064236
-0.40089,1.2694,0.49722,0.038745,1.0057,-0.00099571,-0.1372,-0.06812
-0.44963,0.89678,0.26734,-0.16102,-0.10234,0.0078091,-0.20697,-0.12127
-0.54049,-0.96761,-0.0031967,-0.21331,0.65867,0.012622,0.70802,-0.088686
-0.54324,-2.1771,-0.044991,0.12192,-0.20174,0.049029,0.70317,-0.048796
-0.65508,-1.7733,-0.42003,0.04994,0.48965,-0.00042456,-0.36845,0.02743
-0.59751,-0.61296,-0.11036,0.030318,0.78579,-0.027211,-0.62274,-0.018885
-0.5187,-0.032215,-0.56956,-0.28889,0.93509,0.0086626,1.6079,0.012949
-0.51982,0.10522,0.24404,0.18047,0.3168,0.033075,0.4407,0.09638
-0.27415,0.36243,-0.48604,-0.24206,2.0199,0.099374,0.092996,0.0088119
-0.49008,2.1425,0.4864,0.14971,0.87884,0.045499,1.1857,9.8937e-05
-0.5209,1.28,0.12667,-0.30599,3.6825,0.376,2.024,-0.069775
-0.51072,0.89295,0.98084,0.4809,1.3052,0.087194,0.54844,-0.10689
-0.90695,-1.5264,0.037121,-0.29248,2.7424,0.27151,-0.12108,-0.080265
4.5767,0.58419,0.055975,0.22156,-0.1678,0.017679,2.0374,-0.08321
4.5671,-2.8559,-0.50602,0.012546,3.4217,0.31629,0.67608,0.07209
4.5473,-0.90182,-0.56214,0.23638,1.0644,0.0076166,0.26684,0.1785
4.5064,-0.89575,-0.51999,-0.36263,1.6761,0.10853,0.20849,0.050649
-0.4798,0.10206,0.41762,-0.10027,-1.0218,-0.033642,0.93176,0.17847
-0.67296,-0.3829,0.31284,0.27926,-0.41687,0.0028484,0.42095,0.061649
-0.62248,1.697,0.026103,-0.29859,0.3442,0.014624,0.14443,-0.025845
-0.62151,1.2374,-0.56764,0.30681,1.5269,0.10416,0.0091004,-0.057484
-0.71949,1.1018,0.24591,-0.23003,0.56566,-0.058606,1.1705,-0.092044
-0.64776,0.84239,0.58014,0.21408,-2.0209,-0.062385,0.3793,-0.069751
-0.59915,-3.954,0.43033,-0.31258,2.4932,0.2509,-0.41391,0.026238
-0.58787,-1.7046,0.05681,-0.11443,-0.95255,0.019245,1.0254,0.14063
-0.47326,-1.9497,-1.1951,-0.096508,2.1869,0.13278,0.41234,0.19977
-0.50382,-0.31924,-0.7546,0.13423,0.96448,-0.055775,-0.053359,0.34487
-0.60884,-0.92048,-0.11796,0.023388,-0.44568,-0.0083822,-0.67112,0.1371
-0.59427,2.0514,-0.19926,-0.17651,0.32537,-0.041753,0.74487,0.016138
-0.79517,1.4023,0.95532,0.078214,-2.0151,-0.022565,0.075316,-0.038963
-0.58744,1.1755,0.32032,-0.053803,0.74741,-0.042998,0.11543,-0.084597
-0.5398,-0.9537,0.72631,-0.24359,1.2248,0.057866,-0.24454,-0.10314
-0.56052,-0.60804,0.23294,-0.056918,0.025251,-0.050167,1.0727,-0.044975
-0.33613,-0.18747,0.36724,0.043061,-0.63609,-0.044436,0.51129,-0.030323
-0.41287,-1.3363,-1.5241,-0.022099,0.60582,-0.050731,-0.35623,-0.04551
-0.57267,-0.22123,-0.2601,0.054327,-0.9983,0.030553,-0.043321,0.1672
-0.56277,-0.25499,0.45706,0.021949,2.2714,0.10952,1.0594,0.13323
-0.74049,1.5302,0.34364,-0.16661,0.97473,-0.0095952,0.62365,0.02524
-0.7943,0.66261,0.54074,-0.0025799,0.33778,0.035918,-0.16948,0.01312
-0.6167,1.8737,0.47252,-0.093246,1.3844,0.0071866,0.4925,-0.063082
-0.53546,0.27478,0.6505,0.075946,1.5465,0.090389,1.2773,-0.099394
-0.52683,0.96598,0.21043,0.153,1.4492,0.10352,0.74884,-0.061062
-0.37134,-0.79914,-0.0023487,-0.099489,0.68832,0.012147,-0.33262,-0.10268
-0.47098,0.19286,-0.45042,-0.07916,0.26183,0.011172,1.616,-0.046557
-0.52854,-2.1986,-0.24168,0.020542,2.236,0.22543,0.90854,0.097596
-0.5207,0.092083,-0.4814,0.095363,1.1902,0.04401,0.79395,-0.015502
-0.79779,-0.080284,0.23298,0.18743,1.4075,0.12313,-0.20488,0.10602
-0.55048,2.4883,0.098252,-0.017982,0.90964,-0.0048719,2.0809,0.094189
-0.50565,0.67178,0.49284,0.19735,1.0222,0.0092209,0.48926,0.0064511
-0.4979,0.30052,-0.032227,-0.054169,1.3746,0.083625,0.24392,-0.038282
4.5577,1.6853,-0.11675,0.27856,0.63422,0.0072572,0.57951,-0.081579
4.5267,0.24196,0.25093,-0.083785,1.5246,0.071843,1.2649,-0.10292
4.5096,-0.14079,0.73369,0.40051,0.34773,-0.061147,0.62344,-0.047384
4.4905,-4.5972,-0.27952,-0.72325,1.9352,0.18636,0.68556,0.040232
-0.88133,-0.99139,-0.25739,0.053203,-0.4803,-0.055288,1.1225,0.053253
-0.71206,-0.8817,-0.17424,-0.18304,2.2772,0.10103,0.51475,0.15236
-0.58905,1.7669,-0.51942,0.24464,0.046394,-0.011206,0.17075,0.16623
-0.5986,-0.29384,-0.022726,-0.0089386,0.76096,-0.032942,-0.30068,0.03534
-0.61266,2.88,0.75216,-0.22974,-2.0114,-0.10866,1.4695,-0.024458
-0.45876,0.66132,0.89608,0.235,-0.59203,-0.05874,0.24096,-0.058847
-0.64011,-0.0072786,0.42426,-0.44568,1.1616,0.03835,0.24496,-0.11049
-0.58896,-0.29394,0.2365,0.15174,-1.8736,-0.035714,-0.51245,-0.072014
-0.58861,-0.27635,-0.37088,-0.36276,1.6329,0.10061,1.5866,-0.0056448
-0.65392,-2.6089,-0.31298,0.030485,-1.6838,-0.056353,-0.057488,0.10784
-0.64389,-1.2494,-0.43744,-0.1239,-0.90863,-0.058015,-0.65987,0.16216
-0.56731,-0.34421,-0.22179,0.21751,-1.616,-0.10281,-0.34945,0.24929
-0.55871,0.17372,0.75437,-0.12151,-0.82382,-0.065325,0.46915,0.031909
-0.32665,1.1309,0.41401,-0.04781,-0.32569,-0.12873,-0.33377,0.03444
-0.50437,0.90249,0.44509,0.25385,-0.068175,-0.032929,-0.61313,-0.031662
-0.55977,2.2323,0.28981,-0.15112,0.1041,-0.072256,0.31815,-0.093286
-0.5625,0.38944,0.43102,-0.0089579,-0.8854,-0.071107,0.32296,-0.067731
-0.78069,-0.62962,-0.10832,-0.19019,0.046991,-0.026409,0.077179,-0.071308
-0.53714,-1.5143,-0.34276,-0.24636,-1.2204,-0.026383,-0.64215,0.069608
-0.53201,-0.58893,-0.24808,0.0077417,0.23189,-0.062623,0.71969,0.067783
-0.53036,-0.72006,-0.16317,0.053126,-1.2463,-0.051078,0.068862,0.11407
-0.40902,-0.20676,-0.58408,-0.10134,-1.6302,-0.078294,-0.61307,0.091317
-0.36558,1.0256,0.44832,0.22117,-1.3281,-0.14147,-1.072,0.081485
-0.51731,1.2157,0.37873,-0.08927,-0.59992,-0.05462,1.1601,0.025848
-0.53211,1.0694,0.99314,0.13061,0.042759,-0.00030904,0.30856,-0.05213
-0.72082,0.6632,0.41595,0.14158,0.20593,-0.042562,-0.32109,-0.058409
-0.63884,1.1833,0.55145,0.24992,-0.79017,-0.016327,0.11595,-0.10249
-0.49685,-1.0506,0.0028226,-0.11831,2.0607,0.19838,0.88664,-0.061233
-0.50758,-0.1488,-0.17614,0.23329,-1.3989,0.01413,-0.55145,-0.040716
-0.50566,-0.72347,-0.60628,-0.23837,1.7634,0.14588,-0.2667,0.032128
-0.28193,0.32785,-0.63021,0.011274,-1.8874,0.0084765,0.81513,0.13758
-0.4215,-1.1718,-0.58286,-0.11202,2.5974,0.21931,0.81854,0.1425
4.589,1.9911,0.088063,0.31459,-0.15805,0.01252,-0.69562,0.028209
4.5593,1.4501,0.013095,0.0088464,1.03,0.0094712,0.6028,-0.013506
4.5143,3.1125,0.47442,0.36094,-0.2751,-0.026467,1.3624,-0.10005
4.4794,-0.4426,0.3313,0.29565,0.91289,0.0068657,-0.13259,-0.096255
3.7031,0.11256,0.59611,-0.19006,-0.057405,-0.0029274,0.19168,-0.082747
-0.61514,-1.3949,-0.77233,0.19096,0.74514,-0.0045061,-0.25628,-0.030737
-0.42687,-0.91595,-0.57149,-0.1947,-0.68388,-0.05471,0.45486,0.033004
-0.56688,-1.0479,-0.21015,0.11919,-2.4486,-0.078776,0.040869,0.090344
-0.61608,-2.3506,-0.72786,-0.072834,1.0221,0.046051,-0.75542,0.10035
-0.60484,1.8411,0.0052959,0.25989,-2.5683,-0.026756,-0.2399,0.031203
-0.77171,0.88937,-0.059664,-0.14874,1.5524,0.07905,0.72303,0.061284
-0.61094,3.0655,0.16058,0.17735,-0.45523,-0.028398,-0.32205,-0.034948
-0.59166,-0.47963,0.42931,-0.084729,-0.11609,-0.018086,-0.94503,-0.093675
-0.57944,0.1312,0.17428,-0.41289,-0.044612,-0.10028,0.53759,-0.11273
-0.25262,-0.45358,0.52539,0.07497,-3.405,-0.027263,-0.1146,-0.074351
-0.53058,-0.23646,-0.13875,0.064687,-1.3096,-0.084423,-0.82947,0.022684
-0.57616,-3.1165,-0.69187,-0.36421,-0.36138,-0.037376,-1.2856,0.084162
-0.57433,-0.43383,-0.62972,-0.04632,-1.4509,-0.03633,0.97447,0.09728
-0.85989,-0.57575,0.30893,0.022977,-1.0645,-0.10815,-0.3354,0.13335
-0.85327,0.34817,0.057851,0.25026,-0.3402,-0.024028,-0.41453,0.10716
-0.58715,1.1399,0.28755,0.029246,-1.0076,-0.013195,0.062222,0.036046
-0.55335,1.256,0.21949,0.07797,0.80811,-0.078577,0.081507,-0.046265
-0.54865,2.2276,0.59577,-0.0076026,-0.54913,-0.01163,-0.27361,-0.072988
-0.44917,-0.9059,0.1367,-0.23729,-0.43865,0.051191,-0.3651,-0.13461
-0.57523,-0.96615,-0.28831,-0.25263,-0.012089,-0.056128,-0.02604,-0.075665
-0.54592,-2.2362,0.043718,0.018885,-0.75267,-0.043788,-0.07518,0.0059644
-0.54548,-0.032864,-0.10608,-0.13266,1.052,0.024629,0.079022,0.00043967
-0.69917,-1.8691,-0.12499,0.03967,-2.2112,-0.031838,-1.6713,0.24051
-0.56927,0.12315,-0.75958,-0.021476,-0.044175,-0.047734,0.22088,0.12695
-0.52245,0.86821,-0.24782,0.074957,1.5526,0.094298,0.37465,0.09307
-0.51178,1.5198,-0.027146,-0.062576,-0.29588,-0.06338,0.23226,-0.014698
-0.35879,0.46644,0.31092,-0.22891,0.16727,0.0080722,-0.7262,-0.050962
-0.5053,2.1696,0.29067,-0.049531,-0.56489,-0.012117,1.6135,-0.051084
-0.51583,-0.70771,0.57272,0.20525,0.47043,-0.079405,-0.14287,-0.093553
-0.5189,-1.7112,-0.32037,-0.010435,1.779,0.15525,0.14557,-0.045145
-0.69707,-1.0638,-0.53308,0.068085,0.17948,0.019649,0.13214,0.069803
-0.55053,-1.3674,-0.058058,-0.10852,1.4276,0.083587,0.52878,0.095236
4.6052,0.55378,0.24272,0.46754,-0.87808,0.0083161,-0.35226,-0.015185
4.5778,-2.5925,0.28161,-0.62022,1.3832,0.019348,-0.54561,0.13722
4.5389,0.56326,0.40357,0.19169,-1.1332,-0.040733,0.085797,0.16199
4.487,0.53754,0.3635,-0.34724,2.6899,0.2698,0.89811,0.024778
-0.59892,3.0201,0.64941,0.45805,-1.0354,-0.014748,-0.089315,-0.057387
-0.62999,-1.3835,-0.13255,-0.13773,1.3576,0.078742,-0.60415,-0.10037
-0.74141,1.7162,0.7277,0.11661,-3.0703,-0.055654,0.11744,-0.071454
-0.81129,-1.9864,0.26458,-0.090092,1.4802,0.02196,0.33696,-0.031248
-0.67332,-0.9162,-0.84846,-0.044271,0.57702,0.028576,-0.25499,0.01385
-0.60528,-1.0406,-0.32997,0.1599,-0.6966,-0.0097748,-0.78258,0.025508
-0.59566,0.41547,-0.22311,-0.30234,0.97535,-0.038981,1.098,0.05004
-0.39565,-0.05003,-0.26047,0.01288,-3.397,-0.037152,-0.13072,0.26548
-0.53161,-0.57918,-0.4113,-0.37905,0.3377,-0.020909,-0.56867,0.093094
-0.59094,2.131,0.25001,0.2282,-0.70452,0.017743,-0.14604,-0.040497
-0.58444,2.2066,0.74954,0.019566,0.010846,-0.029175,0.61867,-0.06997
-0.75556,0.68791,0.62443,-0.10738,-0.055453,-0.071665,-0.53194,-0.13743
-0.61224,-1.3911,-0.11144,-0.12816,0.46084,-0.018779,-0.59667,-0.081579
-0.56669,-1.0379,-0.39045,0.0025777,-0.7471,0.02452,0.089245,-0.055391
-0.56338,-2.86,-0.17875,-0.11059,1.6223,0.052019,0.66821,0.066249
-0.2857,-0.99821,0.088314,0.056729,0.76987,-0.020434,-0.78291,0.12724
-0.50289,-0.57414,-0.60173,-0.26234,0.50202,0.01861,-0.48405,0.090368
-0.56721,1.5393,-0.54592,-0.032196,-0.4584,-0.055499,0.51182,0.039818
-0.55618,0.60993,0.25153,0.041777,-0.34498,-0.025652,-0.11728,0.059556
-0.78191,1.3909,0.11069,-0.26998,0.70776,-0.023354,-0.1186,-0.039888
-0.61051,1.1801,0.54366,0.0048706,0.57751,-0.055962,-0.35092,-0.098445
-0.53194,0.14407,0.32575,-0.1258,0.50471,-0.051309,1.2007,-0.12935
-0.5375,-1.667,0.99991,0.018339,0.90557,0.022897,0.38215,-0.065492
-0.54115,-1.0897,0.34138,-0.020943,0.65047,0.026266,-0.064514,-0.033414
-0.34046,-1.4417,-0.48141,-0.012677,-0.45975,0.027511,0.071187,0.0038713
-0.58683,0.31671,-0.58403,-0.046468,1.7022,0.10583,1.6431,-0.032757
-0.53348,1.1515,-0.037238,0.34832,0.097452,-0.035599,0.024468,0.011294
-0.53131,-0.39139,-0.51629,0.067513,0.9867,0.031573,-0.98115,0.022222
-0.60116,2.3833,0.27904,0.22323,-1.5864,-0.036786,0.61769,0.0066215
-0.5892,1.5708,0.13674,0.05222,3.2083,0.35101,1.6868,-0.036043
-0.51242,2.4168,0.5748,0.40139,-0.25908,0.022781,-0.19355,-0.088102
-0.50363,-1.0944,-0.39032,-0.36015,1.6608,0.1668,0.38392,-0.076979
-0.28913,0.76335,0.17817,0.086114,-0.46988,-0.032782,0.91597,-0.080825
4.5758,-1.8819,-0.34936,0.21031,1.4497,0.062897,0.13853,-0.032392
4.558,-1.5029,-0.065317,-0.1205,1.3622,0.095998,0.45204,0.080974
4.5311,-0.37194,-0.49625,0.3857,0.19915,-0.079745,-0.99683,0.089297
4.4987,1.2191,0.59906,-0.069905,0.0059969,0.013482,1.4122,0.14286
-0.64932,0.75603,0.67387,0.15737,-1.1229,-0.038108,-0.035692,0.12057
-0.61761,0.25843,-0.071202,-0.33592,0.91907,0.0047993,-0.58832,0.015359
-0.61004,2.3089,0.22472,0.0026419,-1.0464,-0.024638,0.50604,-0.067609
-0.40402,0.93843,0.34928,-0.089848,1.4366,-0.0098775,-0.21473,-0.079291
-0.49284,2.3123,0.32924,0.39782,-2.1614,-0.011443,-0.063884,-0.084013
-0.58309,-3.6204,0.25017,-0.16727,0.12046,-0.044712,-1.5064,-0.074351
-0.60882,-1.1418,-0.1243,-0.15004,-0.86193,-0.0060206,0.70153,0.072942
-0.67534,-2.407,-0.40765,-0.089437,-1.8923,-0.04303,0.0012528,0.021711
-0.78489,-0.65644,-0.49239,0.11308,-1.4779,-0.09344,-0.79733,0.2361
-0.60611,-1.6681,-0.12836,-0.1369,-1.8758,-0.087946,-1.4157,0.22299
-0.57965,1.9732,-0.47672,-0.096483,-1.4442,-0.038827,0.77278,0.090855
-0.58025,1.333,0.87133,0.020228,-2.2312,-0.14212,-0.82543,-0.041738
-0.41331,1.0183,0.14785,-0.14077,-0.81001,-0.09584,-0.96428,-0.06116
-0.51439,0.37589,0.64632,0.22828,-0.8394,0.00813,0.026761,-0.097739
-0.56594,-0.49732,-0.075685,-0.19001,0.7984,-0.070407,0.20589,-0.10816
-0.56342,-0.15981,0.60632,-0.075743,-0.25666,-0.0050002,-0.026136,-0.041202
-0.76558,-0.9004,-0.96816,-0.07072,-0.51065,0.020715,-0.74796,-0.056462
-0.65201,-0.94567,-0.79869,-0.099392,-0.70965,-0.036247,-0.10598,0.06401
-0.54821,-0.9871,-1.0664,-0.1894,1.0329,0.037939,-0.35096,0.24277
-0.53823,1.0991,-0.15057,-0.066635,0.71344,-0.040046,-0.085353,0.0598
-0.25406,0.7621,-0.16024,0.067783,-0.53065,-0.033642,-1.1968,0.063694
-0.52112,2.0397,0.37596,0.11776,-0.38294,0.0069299,-0.08297,-0.039109
-0.5356,0.64951,0.10531,-0.13098,1.0173,0.053803,0.42404,-0.083331
-0.53354,-0.010066,0.57173,0.025064,1.0591,0.054644,0.20785,-0.094405
-0.72611,-1.4131,0.061474,-0.25232,1.1135,0.10046,0.18902,-0.095914
-0.58243,1.1024,-0.29367,-0.1666,0.46627,0.041334,1.3745,-0.09146
-0.51029,-1.0737,-0.42226,0.13462,0.85009,0.027639,0.23113,-0.046167
-0.51422,-0.88773,-0.55986,0.13047,0.95945,0.065541,-0.093508,0.075425
-0.36038,0.69501,-0.38589,0.11813,-0.097352,0.033274,-0.084511,-0.00080156
-0.38274,1.5244,0.17037,-0.10254,1.7459,0.15887,1.4618,0.062672
-0.57762,1.2976,0.64798,0.43946,-0.2338,0.033729,0.1255,0.042423
-0.50971,-0.0077988,0.62966,-0.33052,2.1126,0.21674,0.18242,-0.036043
-0.61907,1.9538,0.32474,0.36012,0.17313,0.00020436,0.96286,-0.054126
4.5465,0.35982,-0.18311,-0.27674,2.7089,0.24666,1.0085,-0.09219
4.5267,0.24985,0.50992,0.53883,-0.63816,-0.047638,0.068105,-0.0661
4.5097,-3.5194,-0.024261,-0.25521,2.2509,0.19976,0.52858,0.010735
4.4879,0.2787,0.10929,0.30373,-1.4959,0.024482,0.42491,0.031349
-0.44298,-2.5232,-0.58407,-0.26083,2.8298,0.21169,0.80407,0.088153
-0.63878,1.3455,-0.58517,0.1919,-0.56238,-0.010397,0.3001,0.16908
-0.629,-0.63836,-0.76457,0.0069581,0.91898,0.025791,-0.42919,0.19417
-0.62257,2.0382,0.25242,-0.16342,-0.21384,-0.029432,0.86924,0.0060617
-0.73334,1.0511,0.65392,0.30908,-2.1856,-0.024862,-0.096706,-0.030372
-0.61097,0.18116,0.1205,-0.32743,0.57192,-0.017925,-0.32419,-0.078439
-0.59639,-0.035201,0.39919,0.30673,-0.23766,-0.086567,-0.86846,-0.1029
-0.58691,-1.7733,0.012825,-0.36017,0.75923,-0.01532,1.5935,-0.022608
-0.50107,-1.0275,0.18932,-0.023628,-0.81565,-0.01994,-0.03618,0.040086
-0.42193,-2.8951,-0.39856,-0.22865,0.79818,-0.038532,-0.73681,0.084916
-0.60539,-0.79744,-0.771,-0.15022,-1.4881,-0.059716,0.37235,0.2547
-0.5921,-1.0823,-0.2566,0.05389,-0.87271,-0.085354,0.36801,0.23304
-0.52816,1.5018,0.070403,0.071874,-0.69021,-0.041182,-0.5956,0.088859
-0.58851,0.86907,0.060536,-0.045947,-1.1408,-0.032172,-0.68846,-0.0090764
-0.49876,1.9996,0.38066,0.029201,0.091704,-0.078756,0.51684,-0.055221
-0.55703,-0.27135,0.70963,-0.040732,-0.43678,-0.034559,-0.069246,-0.10575
-0.41385,0.49879,0.29402,-0.09489,-0.29852,0.0033425,-0.23546,-0.07878
-0.41618,-1.1064,-0.26821,-0.12488,0.027332,-0.036831,-0.71647,-0.074764
-0.49365,-1.4087,-0.48091,-0.13025,-0.12677,-0.048261,0.20083,0.089638
-0.55184,-2.3389,-0.33707,-0.054779,-1.2214,0.0097857,0.47817,0.099057
-0.52195,0.25762,-0.49058,0.20774,-0.53625,-0.053061,-0.35189,0.05997
-0.70765,0.34939,-0.23088,0.0053973,-0.63162,-0.010725,-0.77,0.068707
-0.59863,1.4572,0.063305,-0.024977,0.65294,-0.070523,1.14,0.066079
-0.53064,1.2238,0.72229,0.10772,-0.41065,0.01062,0.33859,-0.025188
-0.52239,0.73254,0.2194,-0.096984,1.372,0.10927,-0.56552,-0.067098
-0.25203,1.8649,0.68329,0.21201,-0.56079,0.026721,0.56099,-0.075129
-0.47323,-0.054968,0.018311,-0.12962,2.0589,0.1538,1.0822,-0.087785
-0.51671,0.47666,0.23512,0.38877,0.45463,-0.0036333,-0.36991,-0.067366
-0.51189,-1.8223,-0.58146,-0.16915,0.92053,0.0085984,-0.44292,-0.043296
-0.82159,0.14025,-0.63154,0.036638,-1.4847,-0.04998,0.66161,0.11244
-0.55948,-1.8938,-0.38886,-0.15257,1.3622,0.084633,-0.60635,0.16657
-0.49485,1.1376,-0.01027,0.20006,0.82921,-0.034104,-0.033143,0.11933
4.6555,1.1153,-0.017567,0.053909,1.2444,0.079107,0.39834,-0.0094415
4.5548,2.7625,0.75365,-0.062512,-1.7013,0.014637,0.56306,-0.018666
4.5093,0.31883,0.84566,0.17646,-0.31779,-0.052432,0.19524,-0.10811
4.4772,-0.57235,0.38664,-0.13375,0.4121,-0.021949,0.12282,-0.096644
-0.6398,-0.54417,-0.28374,0.34049,-0.60363,-0.079514,-1.1669,-0.069264
-0.85465,-0.58512,0.049924,-0.22782,0.26253,-0.047349,1.7327,-0.019688
-0.72265,-0.0088263,-0.23694,0.41595,-2.8861,-0.032961,-0.49532,0.053521
-0.57157,-3.582,-0.25079,-0.28907,0.45535,-0.076883,-1.3164,0.12649
-0.59936,0.63113,-0.099326,0.13774,-2.6539,-0.087516,0.088693,0.13067
-0.6036,0.2076,0.23593,-0.032774,1.6446,0.017994,-0.27125,0.018985
-0.41016,1.8017,-0.14422,-0.27076,0.58885,-0.024214,-0.066158,0.036046
-0.62711,-0.58981,0.44018,0.18058,-1.0636,0.01843,-0.78348,-0.064494
-0.59005,1.4618,0.23231,-0.30702,0.12486,-0.032358,0.36748,-0.12064
-0.59084,0.36535,0.62669,0.093378,-1.6464,-0.072384,-0.27466,-0.080654
-0.69811,-0.9034,-0.30477,0.17196,-0.73863,-0.072698,-0.54917,-0.068266
-0.63666,-2.0086,-0.34203,-0.11831,-2.9397,-0.071293,-1.0957,0.11118
-0.56805,-1.815,-0.33781,-0.048587,-0.59182,-0.099389,0.40417,0.088664
-0.56053,0.15,0.33674,0.12656,-1.4911,0.015703,-0.66195,0.026554
-0.36577,-1.176,-0.46974,-0.29632,0.20368,-0.060691,-0.52233,0.11084
-0.42841,1.8285,0.13426,0.10074,-0.97703,-0.052284,-0.48406,0.10147
-0.56459,1.3024,0.96583,0.39027,-1.3735,-0.034591,0.23489,0.0028248
-0.56304,0.97946,0.43551,-0.083451,-0.085824,-0.042587,-0.25922,-0.048114
-0.71858,0.92179,0.44977,0.30519,-1.3265,-0.052644,-1.4598,-0.10124
-0.54165,0.20173,0.26005,0.021525,-1.3012,-0.057123,-0.22245,-0.08888
-0.53649,-1.3195,-0.030113,-0.096675,-0.44673,-0.022732,-0.24293,-0.038379
-0.53162,-2.5762,-0.024981,-0.030969,-1.6443,-0.044776,-0.69429,0.040695
-0.23747,-1.6458,0.16312,-0.28053,-1.5483,0.001674,-0.78055,0.067734
-0.42204,-0.098394,-0.4095,0.018391,-2.527,-0.053356,0.32404,0.14941
-0.49843,-0.56389,-0.33929,-0.27124,-0.45491,-0.014825,0.010744,0.091536
-0.52988,1.5476,-0.2517,-0.046628,0.41163,-0.0086261,-0.66979,0.0079844
-0.53862,1.6736,0.13552,0.048733,-1.5254,-0.017367,-0.35822,-0.020953
-0.61621,1.7799,0.71202,-0.055595,0.59087,-0.029136,0.64458,-0.074716
-0.51358,0.99823,1.0042,0.28427,-1.8532,0.014926,-0.30108,-0.075835
-0.50792,-1.4604,0.47528,-0.22704,1.6586,0.14165,0.031622,-0.081701
-0.50915,1.4365,0.085095,0.23088,-1.0783,0.026343,0.1164,-0.043076
-0.34021,-2.0835,-0.75685,0.0086537,2.5174,0.23936,0.55738,0.011075
-0.41736,0.57696,-0.072962,0.27595,-1.1391,-0.051463,-0.23851,0.048556
4.5905,-0.82652,-0.60743,-0.241,1.4334,0.037824,-0.90126,0.018328
4.557,1.6777,0.14139,0.27126,-2.1586,0.05655,0.79096,0.064789
4.5162,-0.46096,-0.15486,-0.21213,2.2581,0.096974,-0.056448,0.073332
4.4728,2.7046,0.17321,0.12721,-1.3284,-0.040906,-0.42226,-0.01594
-0.62905,-0.15146,0.3033,-0.053192,0.7512,-0.0030493,-0.37791,-0.082333
-0.61224,2.0576,0.53549,0.049574,-2.6778,-0.083435,0.44455,-0.085789
-0.35302,-1.2895,0.44126,0.20552,-1.1888,-0.057733,-0.36398,-0.096693
-0.55957,-1.5388,-0.5767,-0.55162,-0.17887,0.026259,-0.45969,-0.055562
-0.61787,0.7012,-0.66708,0.41748,-1.7496,-0.054787,-1.0322,-0.029958
-0.61079,-0.79175,-0.5513,-0.10294,0.95158,-0.039757,0.44654,0.022246
-0.83098,0.84434,0.31087,-0.076906,-2.9568,-0.092586,-0.59578,0.17222
-0.68014,-0.4527,0.78833,0.12543,-0.9182,-0.029605,-1.5706,0.13106
-0.58972,2.0738,0.51389,-0.11418,-2.2329,-0.067616,-0.091049,0.041717
-0.58272,0.76386,0.47384,0.18785,-1.1004,-0.09645,0.032733,-0.05746
-0.45325,2.0308,0.34357,0.24627,-1.2344,-0.074309,-1.3748,-0.113
-0.44199,-0.26765,-0.17218,-0.1962,-1.6895,-0.038031,-1.3574,-0.11344
-0.62488,-0.16862,0.047861,-0.074465,-1.3615,-0.034347,0.063346,-0.10382
-0.57997,-2.2487,-0.045917,0.082279,-0.8238,0.011095,-0.43152,-0.035434
-0.85865,-1.0463,-0.29852,-0.18896,-0.32812,0.019162,-0.55797,0.016259
-0.76568,-1.2105,-0.45001,-0.27268,-0.93968,-0.048209,-1.2468,0.1203
-0.58983,1.2806,-0.437,-0.03034,-0.46475,-0.059504,-0.036302,-0.0044036
-0.55589,0.77226,-0.072043,-0.10811,0.16765,-0.032595,-1.2732,0.04729
-0.54923,1.2565,0.32392,0.16257,-0.0039065,-0.057714,-1.0504,-0.030445
-0.33807,1.3035,1.1542,0.16689,-1.4379,0.030367,-0.32447,-0.053152
-0.50854,0.97027,0.61751,0.12263,0.38444,-0.080855,0.24454,-0.099832
-0.54878,0.078757,0.26369,0.068213,-1.6699,-0.026178,-0.52857,-0.10577
-0.55316,-1.4543,-0.080915,-0.17169,-0.25385,0.0066989,-1.2396,-0.060162
-0.60398,-0.64566,-0.21733,0.065535,-0.8254,0.027177,-0.27481,-0.00046083
-0.57018,-2.4204,-0.83489,-0.31229,1.9966,0.14797,0.73407,0.046998
-0.52276,0.64802,-0.4548,0.11935,-0.04185,0.036341,-0.54551,-0.037162
-0.51768,-0.38624,-0.56447,-0.052492,0.59609,0.017942,-0.89642,0.0049422
-0.31493,2.0942,-0.21331,0.13819,-1.3068,0.020086,0.64585,0.085038
-0.43582,0.014935,0.51125,0.14387,2.5627,0.16659,-0.0012967,0.0056966
-0.51846,2.0591,0.42291,0.14314,1.7666,0.095318,0.11866,-0.035434
-0.5184,0.15194,0.5507,-0.040976,1.4979,0.064302,-0.065573,-0.090268
-0.51312,0.85108,0.36901,0.0099961,-0.48424,0.063879,1.3168,-0.099735
-0.61376,-1.6397,0.31079,0.0040485,1.6072,0.073961,0.51106,-0.076565
4.5783,-1.2008,-0.86004,0.024865,1.0713,0.023051,0.030768,-0.066027
4.5662,-2.9441,0.19848,-0.23231,0.89495,-0.014537,0.054015,0.14756
4.5372,-0.035176,-0.080015,-0.22053,0.27877,-0.029303,0.89942,0.13447
4.4973,0.45805,0.30821,0.050647,-0.84263,0.024751,-0.068155,0.14316
-0.55662,-0.0092758,0.096177,-0.28297,0.92531,0.03321,-0.50321,0.06917
-0.62588,2.5249,-0.12798,0.22372,-0.23899,-0.025684,0.039489,0.005575
-0.62023,1.3799,0.198,-0.2261,1.7498,0.039582,0.75883,-0.07749
-0.6899,2.4663,0.32124,0.56632,-2.1251,-0.076401,-0.53953,-0.098469
-0.65881,-2.4122,0.33496,-0.3567,1.3094,-0.0028568,-0.90803,-0.09056
-0.603,-1.3965,-0.4207,-0.10847,-2.3218,0.015234,0.18771,-0.040059
-0.59418,-1.9619,0.57936,-0.035806,0.35365,-0.083749,-0.040592,0.031787
-0.48089,-0.53343,-1.175,-0.12442,1.3516,-0.013683,-0.05454,0.084113
-0.53164,-1.1764,-0.48919,0.37319,-0.8641,-0.038698,-0.674,0.22274
-0.59583,0.93676,-0.74228,-0.35388,1.1866,-0.037967,0.53538,0.21427
-0.58674,1.7022,0.11834,0.22394,-1.9502,-0.043929,-0.45668,0.067223
-0.83255,0.65569,-0.2627,-0.08742,-0.82474,-0.024612,-0.61614,-0.055976
-0.54425,1.2566,0.54892,0.026188,-1.2126,0.0058068,-0.43123,-0.080995
-0.57089,0.19038,0.55133,0.1707,1.4985,0.0963,0.45222,-0.096644
-0.5611,-1.0241,0.15814,-0.16588,1.303,0.064302,0.24794,-0.093261
-0.43985,-1.7119,0.094243,-0.031785,0.77046,0.037208,-0.35122,0.0026057
-0.38761,-0.2665,-0.36181,-0.064664,0.36344,-0.0030621,-0.52494,-0.036384
-0.58657,-1.6998,-0.93536,-0.011193,1.1986,0.058437,1.077,0.057877
-0.5612,-0.046703,0.054735,0.11363,1.3107,0.059836,-0.089424,0.16078
-0.77798,0.029943,-0.48687,-0.010165,1.0902,0.019784,-1.0583,0.11286
-0.67256,2.3055,0.48135,0.0798,-1.1201,-0.037928,0.78961,0.034245
-0.52014,0.29213,0.5916,-0.11126,1.2836,0.040622,0.10663,-0.037868
-0.53571,0.68969,0.56336,-0.14999,1.1209,0.041597,0.22042,-0.099589
-0.53365,0.30118,0.51166,0.066017,0.36107,0.020349,0.25593,-0.077661
-0.29814,-0.93746,0.061943,-0.052158,1.4932,0.044998,1.2413,-0.073718
-0.54732,-0.9245,-0.099326,0.11942,0.19582,0.032812,0.29973,-0.079316
-0.5346,-1.197,-0.46873,-0.16682,1.9612,0.16609,-0.056794,-0.015112
-0.5329,1.319,-0.021704,0.17868,0.019118,-0.0024332,0.36529,-0.0020671
-0.55867,-0.35739,-0.594,-0.31731,2.1424,0.1094,1.1672,0.060019
-0.5581,1.2602,0.53032,0.2864,0.069341,0.034532,0.84664,0.094676
-0.50861,0.29744,-0.14394,-0.019177,2.4203,0.20546,-0.15287,0.017281
-0.50211,2.4543,0.10299,-0.043025,1.0017,0.041777,0.66502,-0.049161
4.5888,0.55149,0.19621,-0.49476,2.7741,0.24504,1.4792,-0.052179
4.5358,0.70018,0.81571,0.6063,0.48637,-0.040361,0.41078,-0.094721
4.5162,-3.2547,-0.47201,-0.36608,2.594,0.2317,-0.084376,-0.042614
4.497,-1.1529,-0.19738,0.090263,-1.5426,0.029449,0.81085,0.019715
-0.77331,-1.9992,0.087369,0.096134,2.7118,0.22626,0.16449,0.07506
-0.66032,-0.73877,-0.74168,-0.045832,0.86846,-0.015441,0.14654,0.14143
-0.61088,0.32094,-0.50718,0.38025,0.48768,-0.066294,-0.53578,0.13405
-0.61004,2.1699,0.13714,-0.093682,0.75213,-0.048145,0.73154,0.05481
-0.53307,3.0351,0.56078,0.68132,-2.7234,-0.018336,-0.4637,-0.010512
-0.5764,-0.051385,1.3633,-0.24683,1.0182,-0.0029145,-0.89286,-0.047336
-0.53889,1.2199,0.67119,0.39084,-1.0027,0.01612,0.095584,-0.081579
-0.60062,-2.2588,0.087241,-0.20033,2.2345,0.132,0.60045,-0.0854
-0.63247,0.22567,-0.64315,0.16409,0.57071,0.0019307,0.0273,0.007522
-0.73961,-2.2996,-1.1816,0.020742,0.43185,-0.063335,-1.0715,0.12653
-0.59166,-0.36279,-0.53139,-0.15092,-0.05921,-0.054139,1.0866,0.14754
-0.5805,-1.0961,0.28244,0.33106,-1.3798,-0.0072078,-0.072091,0.27225
-0.57968,0.83202,-0.055032,-0.19474,-0.29756,-0.071235,-0.33998,0.013899
-0.3938,0.67866,0.29111,-0.068171,-1.0101,-0.043364,-0.48767,0.066322
-0.55084,1.9007,0.26064,-0.040976,0.49242,-0.013478,0.22685,-0.016597
-0.56677,0.2307,0.43389,-0.2411,0.29402,-0.089673,0.039668,-0.080021
-0.56516,1.404,0.19562,0.19852,-0.90866,-0.042292,-0.71875,-0.075056
-0.73725,0.41955,0.11612,-0.097074,-0.27408,-0.021628,-0.21079,-0.08669
-0.59526,-0.94505,0.22412,-0.16783,0.57588,-0.043178,0.73206,-0.0067157
-0.55095,-1.2078,-0.16706,0.020125,-0.38163,-0.031113,0.17884,0.056904
-0.53814,-1.8858,-0.16469,-0.26324,-0.0049083,-0.031883,-0.72617,0.16275
-0.34372,0.59166,-0.38577,0.0096814,-1.2587,-0.072917,0.17815,0.14114
-0.48006,-0.25322,-0.029651,-0.13516,1.8488,0.12479,0.5458,0.12172
-0.54868,1.3497,0.064969,0.046061,0.87241,-0.022603,-0.2077,0.072382
-0.54129,0.96216,0.31313,-0.094125,0.39243,-0.041644,-1.0147,-0.020467
-0.75393,1.9758,0.2107,-0.22639,0.13236,-0.036818,0.93126,-0.052154
-0.54844,-0.79286,0.75464,0.14016,0.61665,0.00030704,0.39731,-0.079364
-0.50748,0.20062,0.069202,0.27233,1.2761,0.006686,0.30761,-0.060089
-0.51463,-1.0792,0.33144,-0.047579,-0.82064,-0.05978,-0.79168,-0.051522
-0.21551,-0.78756,-0.74349,-0.17408,0.048288,0.011319,0.92817,0.08404
-0.32555,-0.91656,-0.32757,0.23913,-1.0716,-0.082337,-0.36749,0.078029
-0.55637,-1.0652,-0.99008,-0.22685,0.59039,-0.020197,-0.16671,0.11821
-0.5168,0.79994,-0.15662,0.36878,-0.74761,-0.023104,-1.0992,0.064497
4.5719,2.2571,0.72707,-0.20001,-0.21301,-0.05695,0.88627,-0.0036978
4.532,1.5533,0.73382,0.28185,-0.60425,-0.055102,-0.49938,-0.044245
4.4949,-0.1914,-0.05482,-0.16316,0.57458,-0.042382,-0.46675,-0.1002
4.4647,0.32321,0.21054,0.039362,-1.6094,0.0077513,0.3021,-0.097593
-0.62218,0.019116,0.32308,-0.22653,2.0764,0.13033,0.14881,-0.03025
-0.40426,0.11632,-0.34956,0.2642,-2.8739,-0.0028696,-0.32257,-0.011656
-0.55491,-3.4663,-0.22799,-0.27318,-0.053532,-0.043903,-0.6893,0.080852
-0.62437,-0.42036,-0.67673,-0.045735,-2.4823,-0.03651,0.064868,0.0993
-0.61993,-0.6726,-0.011548,-0.33399,0.17193,-0.11857,-0.13254,0.043761
-0.77533,2.6961,-0.43265,0.23144,-1.732,-0.046322,-1.0927,0.05503
-0.64108,1.9245,0.15588,0.50256,-1.9802,-0.055153,-1.7496,0.019521
-0.59331,1.2993,-0.071112,-0.32793,0.014757,-0.10033,0.72529,-0.043393
-0.58259,0.83567,1.0189,0.30641,-4.3673,-0.030978,-0.9158,-0.10351
-0.45421,-1.425,-0.10323,-0.3638,-0.43931,-0.045905,-1.1858,-0.10266
-0.44529,-0.86688,0.23845,0.059369,-2.4229,-0.068758,-0.79986,-0.031662
-0.5873,-2.0879,-0.5703,-0.27596,-0.41321,-0.055224,-0.17779,0.14503
-0.58335,-1.6711,-0.58276,-0.22946,-0.19242,-0.061224,-0.51399,0.052109
-0.6278,-0.5215,-0.72034,-0.027083,-0.88156,0.0037276,-0.71095,0.081314
-0.67513,0.71045,-0.32227,0.001505,-0.57637,-0.026216,-0.35268,0.12405
-0.49673,0.56213,0.065919,-0.13046,-0.3087,-0.047285,0.23051,0.082288
-0.55528,1.9317,0.56378,0.46047,-1.8168,-0.062565,-0.81967,-0.0085897
-0.55253,0.78441,-0.4242,-0.040681,-1.057,-0.029842,-1.9134,-0.050207
-0.45487,2.0127,0.84707,0.0052046,-2.8242,0.0034388,0.006461,-0.10957
-0.52683,-0.66953,1.0178,-0.032331,-0.76199,-0.009101,-0.35014,-0.10044
-0.54442,-2.4449,0.29543,-0.11615,-0.19484,0.025322,-0.68047,-0.02862
-0.54468,0.052414,0.52661,0.00036818,-1.2655,0.024751,-0.5288,-0.010269
-0.68383,-2.2023,-0.18834,-0.41878,-0.4718,-0.018567,0.039001,0.13179
-0.60219,-0.51744,-0.48909,0.060512,-2.0547,0.051499,0.29508,0.12108
-0.5279,0.28338,-0.76904,0.042785,1.1132,0.042316,-0.42014,0.069121
-0.52196,1.5709,0.14683,0.15026,0.21979,-0.013786,-0.11112,-0.021951
-0.41223,1.4183,-0.15898,-0.31987,0.84325,-0.0073619,0.74706,-0.01611
-0.48719,1.3491,0.82027,0.24046,0.55957,-0.00065558,0.24461,-0.085765
-0.5166,-0.68894,0.18368,-0.096065,1.5775,0.04453,-0.56089,-0.076127
-0.51451,0.35424,0.61953,0.2275,0.37862,0.032356,0.76895,-0.084646
-0.67778,-1.5848,-0.46507,-0.26919,3.1858,0.27247,1.3085,-0.0064236
-0.5669,-1.2561,-0.25046,0.39328,0.49242,0.0398,-0.21394,0.05206
-0.49089,-1.5373,-0.81301,-0.25831,2.593,0.20668,-0.82124,-0.013092
4.6028,0.97527,-0.37036,0.15312,-1.0289,0.042399,1.3659,0.064059
4.5695,-0.77825,-0.047889,0.17955,2.8828,0.2405,0.45941,0.11602
4.5199,1.8547,-0.15344,0.23439,1.0334,0.055465,0.070012,0.054056
4.4716,0.94494,0.040557,-0.25644,1.0017,-0.018265,-0.3222,-0.043442
-0.62922,1.2992,0.55402,-0.14404,0.72519,-0.009255,0.95399,-0.076346
-0.72908,-0.87612,0.49063,-0.14629,-1.0915,-0.068668,-0.045261,-0.10256
-0.74306,0.59305,-0.12256,-0.23603,0.4039,-0.048184,0.084686,-0.070432
-0.58294,-0.53047,-0.56193,0.65683,0.82211,0.026497,-0.1889,-0.025164
-0.59783,-0.42032,-0.5844,-0.19303,1.8301,0.080134,0.81893,-0.010829
-0.59715,1.0829,-0.096968,0.36616,-1.7864,-0.033917,-0.43168,0.03646
-0.27808,-3.0609,-0.60736,-0.29585,1.4375,0.032715,-1.2765,0.17964
-0.58501,1.2226,0.25557,0.09018,-1.041,0.012962,0.79627,0.10305
-0.59702,0.98206,0.13249,0.24729,1.4806,0.015658,0.049211,0.023074
-0.58812,1.8469,-0.11933,-0.30273,1.6403,0.071285,-0.4415,-0.056438
-0.73821,0.55745,0.33777,0.13771,-1.1413,-0.054088,-0.58802,-0.13454
-0.60146,1.1771,-0.033113,-0.14879,0.71609,-0.033077,0.49352,-0.14211
-0.56896,-1.196,0.356,-0.029466,-0.53166,-0.05763,0.12362,-0.066611
-0.55674,-0.39196,0.31387,0.23286,-0.12072,-0.058387,-0.053943,-0.065419
-0.40411,-2.7434,-0.69527,-0.29907,-0.019455,0.008669,-0.84632,0.070557
-0.43884,-0.67318,-0.51982,-0.080278,-0.14347,-0.033102,0.72504,0.13508
-0.56463,0.8512,0.091506,0.032206,-0.31097,-0.021673,-0.084961,0.089005
-0.55941,0.00077459,-0.20571,-0.036775,1.9655,0.1299,-0.16186,0.068561
-0.70771,2.635,0.16371,-0.022125,-1.7841,-0.034623,-0.52554,-0.00094759
-0.60493,0.43314,-0.0035243,-0.052004,1.7138,0.066388,0.63037,-0.052909
-0.54131,1.4845,0.48276,-0.088313,0.92792,0.036322,-0.010891,-0.10071
-0.53004,-1.3288,-0.086638,0.033337,-0.65735,-0.062527,-1.0254,-0.078488
-0.31287,-0.37152,-0.017252,-0.1302,0.051544,-0.11108,0.10998,-0.064908
-0.5187,-1.6259,-0.058405,0.066145,-0.04763,-0.0065212,0.3254,-0.026697
-0.50162,-1.6823,-0.20451,0.0086409,1.1063,-0.010616,0.25585,0.086863
-0.5244,-0.54824,-0.068979,0.080031,-0.29507,0.0048442,-0.35879,0.0018756
-0.8104,1.2732,-0.24809,0.1578,0.12502,-0.064837,0.8405,0.040013
-0.74691,0.91547,0.38807,0.33165,0.74248,-0.051039,0.39707,0.02782
-0.54742,0.93871,-0.29785,-0.21511,-0.20506,0.01028,-0.6494,-0.0062289
-0.50694,1.9341,-0.12453,0.28783,1.0746,0.018539,0.048197,-0.063666
-0.50455,1.6357,0.40543,-0.052454,0.95535,-0.0076827,1.5998,-0.064762
-0.33876,-0.38364,0.77725,0.24997,-0.2457,-0.029637,-0.23684,-0.092993
4.5827,-1.6655,-0.088116,-0.26443,1.3535,0.030174,-0.62369,-0.094113
4.5675,-1.3179,-0.070681,0.066209,-1.2971,0.036373,0.75816,0.016113
4.5509,-1.0071,0.31981,-0.20407,2.007,0.096839,0.41045,0.12571
4.5221,0.59446,-0.0474,0.42102,-1.8587,-0.072647,-0.70937,0.12008
-0.67578,-1.0407,0.29395,-0.35055,1.1281,0.016652,0.11358,0.11843
-0.61884,2.4304,-0.095054,0.11865,-1.879,-0.075374,-0.81316,0.073502
-0.60993,0.20542,0.16523,-0.043327,-0.029519,-0.05145,0.7318,-0.028255
-0.4399,2.3639,0.46299,0.11884,-0.71576,-0.07472,-0.25333,-0.066538
-0.61563,-1.0063,-0.32647,0.25374,-0.03993,-0.046329,-1.1571,-0.090462
-0.61498,0.56294,0.11459,-0.22827,-2.5031,-0.13229,0.45635,-0.083842
-0.6098,-1.8627,0.048022,0.2014,-3.5635,-0.071421,-0.82854,-0.023314
-0.87464,-3.1825,-0.46434,-0.42927,1.1176,0.0085471,-0.70052,0.1958
-0.71623,-0.28246,-0.74067,0.046645,-2.3514,0.019964,-0.25695,0.22956
-0.56807,-0.70561,-0.70272,-0.16424,0.75297,-0.097053,0.082605,0.2177
-0.57681,0.74002,-0.23237,0.13846,-0.58316,-0.042581,-0.72534,0.097791
-0.55735,1.3618,0.61454,0.24416,-1.3093,-0.040861,-0.90743,0.046317
-0.38571,1.5343,-0.20781,0.0056671,-1.0401,-0.059549,-0.6896,-0.017011
-0.61456,0.97046,0.7288,-0.047341,-1.1068,-0.030458,0.49385,-0.096668
-0.57366,0.76077,0.15844,0.045964,0.022201,-0.053208,-0.96977,-0.12945
-0.62504,-0.94224,-0.031623,-0.25025,1.0035,0.0090862,-0.56385,-0.058093
-0.69709,1.019,-0.0051882,0.1804,-1.4652,0.021234,0.63452,-0.033439
-0.63127,-0.55798,-0.071015,0.06427,-0.97721,-0.026467,-0.033201,-0.012922
-0.55025,-1.666,-0.28298,-0.14855,0.36137,0.019399,-0.63742,0.16771
-0.54403,0.62739,0.15539,0.056703,-0.53276,0.056961,-0.37576,0.0221
-0.31772,1.2545,0.17776,-0.18264,0.72841,-0.08735,0.26231,0.09784
-0.45587,1.3383,0.39579,0.14185,-1.3231,-0.025934,-0.25226,0.047509
-0.54002,0.97593,0.21623,-0.2092,0.45992,-0.024323,-0.45583,-0.050183
-0.53711,1.0374,0.42033,-0.025471,0.13673,-0.039494,0.026221,-0.10343
-0.62107,-0.085171,-0.19571,-0.2925,0.33906,0.024713,0.58604,-0.092823
-0.57707,-0.34918,0.12442,-0.013024,1.0778,0.0079503,0.2251,-0.050086
-0.51931,-1.0195,-0.60264,0.19833,0.68552,-0.0060078,-0.81671,-0.064153
-0.51386,-1.067,0.14111,0.40793,-1.3593,-0.045187,-0.41823,0.1021
-0.41038,-1.2018,-0.58766,0.026098,1.8971,0.07887,0.78663,0.0026057
-0.42614,1.0076,-0.26181,0.30501,0.03895,0.039576,-0.50732,0.099178
-0.53494,0.4386,-0.50148,-0.23481,1.7875,0.10528,0.10111,0.08847
-0.51018,2.3576,0.19422,0.074405,-0.93488,-0.035714,0.9539,0.033977
-0.65008,0.16277,0.61105,0.33528,1.8857,0.16591,0.3224,-0.063764
4.5588,1.1524,0.33371,0.12779,0.69484,-0.042401,-0.67904,-0.069629
4.5304,-0.51377,0.20179,-0.028792,0.3783,-0.024907,0.3839,-0.095646
4.5112,-2.3441,0.51159,0.047159,0.5178,0.020233,0.468,-0.022024
4.495,-1.2561,0.41134,0.16849,0.3304,0.019187,0.42323,-0.0033327
-0.44766,-0.16619,-0.39919,-0.37108,0.40271,-0.00036038,-0.26723,0.14798
-0.65186,-0.87727,-0.59418,0.27413,-0.1544,-0.047985,-0.54381,0.12023
-0.62933,0.42612,-0.24256,-0.23831,-0.099356,-0.040277,0.43628,0.10132
-0.61839,2.6007,0.50556,0.45143,-2.502,-0.042036,-0.43583,-0.012995
-0.64077,-0.79766,-0.014985,-0.24612,1.0983,0.017339,-1.2678,-0.0082976
-0.70001,2.5258,0.79011,0.12195,-3.3657,-0.050962,0.51514,-0.047871
-0.60244,-0.60472,0.1885,0.010247,1.8863,0.061459,0.21802,-0.096863
-0.59143,0.85593,-0.10822,0.0099062,0.83939,0.0083417,0.040291,-0.070335
-0.35213,-1.863,-0.24401,0.12712,-2.0639,-0.028597,-1.2154,0.028988
-0.49465,-2.4381,-0.70155,-0.35236,-0.23552,-0.084551,0.22318,0.25852
-0.59957,-1.7516,0.12391,-0.0087844,-2.6419,-0.062623,-0.14845,0.12293
-0.59164,-1.6294,-0.70367,0.038488,-2.0019,-0.071819,-0.77549,0.16199
-0.90688,0.034278,-0.33961,-0.057386,-1.1281,-0.054826,-0.89686,0.12361
-0.6146,2.1813,-0.15509,-0.0103,-0.54984,-0.01566,0.41305,0.062185
-0.56812,1.5663,0.82329,-0.086848,-0.1468,-0.0026899,-0.1342,-0.023338
-0.56019,-0.65898,0.056682,-0.16058,-0.28273,-0.017065,-0.98278,-0.088004
-0.39891,0.94634,0.3417,0.25684,-1.6965,0.017493,-0.22979,-0.092288
-0.37486,-0.76104,-0.069852,-0.13164,1.3783,-0.042671,-0.075501,-0.078804
-0.55135,-1.0111,0.19984,-0.16268,0.95658,0.047232,-0.2248,-0.0044036
-0.56485,-3.3013,-0.30784,-0.17667,0.022721,0.037573,-0.6292,0.081533
-0.55033,-0.62524,0.020412,-0.17271,0.13954,-0.027025,-0.057854,0.11439
-0.74364,-1.0246,-0.39613,-0.0047701,0.10924,0.0056913,0.2406,0.20519
-0.54215,0.89071,-0.12121,-0.0050142,1.444,0.10023,-0.0077571,0.10086
-0.53382,0.68219,0.24888,-0.06266,-0.13991,-0.0019262,-0.85964,0.022855
-0.536,2.4766,0.26296,-0.084555,0.57383,0.025592,0.69688,-0.040497
-0.38002,0.86288,0.82615,0.075818,1.3501,0.045692,0.35091,-0.054734
-0.48476,0.64923,0.29012,0.2703,-0.23929,0.020561,0.016633,-0.071381
-0.52554,-2.035,-0.08721,0.080031,0.74509,-0.015904,-0.84406,-0.072185
-0.52416,0.81107,-0.58235,-0.22747,0.1718,-0.021217,1.2889,-0.045705
-0.69843,-1.3427,-0.26774,0.36833,0.31576,-0.035464,-0.20581,0.092534
-0.57584,-1.6832,-1.0396,-0.23441,1.8925,0.14204,-0.12031,0.09638
-0.50514,0.60648,-0.92879,0.25477,-0.67793,0.051416,0.043888,0.1221
-0.49878,1.368,-0.027293,-0.38441,2.7066,0.22574,1.2571,0.016186
4.5736,2.7019,0.40621,0.43747,-0.58368,-0.005366,0.022503,0.0057697
4.5259,-0.63139,1.5696,-0.15882,1.6353,0.044126,-0.61946,-0.055927
4.4884,1.4148,0.47825,0.31689,-0.0719,0.021209,1.0554,-0.088759
4.4615,-1.1594,0.051215,-0.14002,2.6916,0.17874,0.29564,-0.08394
-0.85437,-0.2563,-0.25854,0.29676,-0.57242,0.029276,0.059814,-0.055756
-0.63741,-3.9502,-0.74734,-0.26201,1.3161,0.06325,0.06594,0.016941
-0.60052,-0.88657,-0.17458,-0.20036,-2.4667,-0.053407,0.14854,0.15248
-0.60522,-1.7751,-0.20186,-0.058864,-0.88119,-0.098747,0.31131,0.088299
-0.53507,0.52232,0.0070303,-0.21764,0.5794,0.024681,-0.30117,0.054664
-0.53356,2.2976,-0.21162,0.36706,-1.8386,-0.066043,-0.86331,0.060165
-0.61489,1.6682,0.31667,-0.18714,1.6407,0.023917,0.78952,-0.012654
-0.59385,1.9516,0.4822,0.31264,-1.0976,0.016575,-0.24956,-0.065565
-0.80963,-0.09289,0.41424,0.24011,0.91313,0.042354,-0.69307,-0.10677
-0.72376,0.99612,-0.3692,0.3359,-0.98403,-0.0063736,-0.25488,-0.12385
-0.61468,-1.7341,-0.038889,-0.13695,-0.087918,0.0015135,-0.052145,0.024388
-0.57713,-1.6062,-0.64017,-0.10935,-0.38748,-0.0099674,-0.51038,0.098546
-0.57421,-0.67562,-0.055007,-0.013659,-0.63593,-0.011944,-1.4372,0.03904
-0.43209,1.2406,-0.16039,0.050004,-0.24624,-0.018779,0.55765,0.045489
-0.61088,0.65924,0.38446,0.083313,-0.0047671,-0.078898,-0.067031,0.10568
-0.57168,0.64734,0.12006,-0.10248,-0.92235,-0.07395,-0.50821,0.065032
-0.56959,1.2112,0.61596,0.033035,-1.331,-0.034931,-1.1398,-0.034315
-0.81404,1.994,0.5475,0.037351,0.21912,-0.040977,0.56445,-0.069118
-0.56775,1.3879,0.38024,0.065715,-1.3971,-0.0047885,-0.13002,-0.11499
-0.54855,-1.3672,-0.22663,-0.36821,-0.87103,0.012134,-0.861,-0.083745
-0.53295,0.03142,-0.58064,-0.027212,-0.30226,-0.011636,-0.23643,-0.035872
-0.47025,-1.1909,-0.15248,-0.16515,-0.69609,-0.054492,-0.52243,0.029864
-0.39869,-1.195,-0.50238,0.022521,-0.47603,-0.035284,-0.062234,0.12038
-0.56505,-0.99972,-0.74618,0.052509,-0.2282,-0.055929,-1.4108,0.11853
-0.54573,1.543,-0.12476,0.09806,-0.45433,0.011859,0.33775,0.091366
-0.54571,0.71837,-0.10629,-0.0321,1.2732,0.017705,0.11753,0.010662
-0.53337,2.1411,0.79776,0.037679,0.0064272,0.016351,-0.58207,-0.019907
-0.51107,0.39452,0.32756,-0.025111,0.37468,-0.012015,-0.52616,-0.061573
-0.51251,1.2697,0.58163,-0.0027855,-0.86794,-0.041195,0.87208,-0.090584
-0.32477,-0.44798,0.31983,0.18443,1.1534,0.002489,0.097889,-0.072842
-0.30261,-1.1838,-0.091559,0.0086088,0.50439,0.045974,-0.71671,0.010759
-0.47339,-1.237,-0.51417,0.13836,-0.084193,-0.002998,0.0096591,0.073867
-0.45262,0.60658,0.023566,-0.051002,0.070812,-0.032236,0.80254,-0.013749
4.5745,0.42772,0.19229,0.45399,-2.2282,-0.044378,-0.6475,0.058193
4.5484,0.35347,-0.075987,-0.33715,-0.26083,-0.049467,-0.68986,0.19687
4.5001,2.3801,-0.081332,0.19162,0.49041,0.01139,0.18116,0.036995
-0.10023,2.2928,0.035527,-0.053019,1.0518,-0.0064249,0.42242,-0.043734
-0.61744,2.6394,0.6335,0.55761,-2.5152,-0.0021958,-0.43256,-0.07384
-0.42521,-2.1001,0.48195,-0.24055,0.79743,-0.046669,-1.3839,-0.11456
-0.57954,0.16653,0.46247,0.071739,-3.9399,-0.04554,-0.30632,-0.059359
-0.61055,-2.2658,-0.073803,0.010857,1.6522,-0.020158,-0.12987,-0.015234
-0.60473,1.2354,-0.40706,-0.034078,-0.63458,-0.050776,-0.68965,-0.049112
-0.85523,-1.2288,-0.5617,-0.020365,-1.9503,0.0057042,-1.197,0.12753
-0.65384,-0.083418,-0.57161,-0.34273,-0.45626,-0.09138,0.11825,0.32314
-0.585,0.92216,0.3106,0.061521,-3.1526,-0.051951,-0.28783,0.10366
-0.57956,1.5567,-0.10537,-0.067181,-1.772,-0.03839,-1.2169,-0.027865
-0.47305,1.5447,0.4118,0.12145,-1.4923,-0.049095,-0.68747,-0.063764
-0.58229,0.74507,0.45202,-0.032716,-2.6093,-0.088838,-0.16006,-0.14035
-0.57594,-0.45739,0.45515,-0.17458,-2.9376,-0.055217,-0.76838,-0.12926
-0.57286,-2.8321,-0.94483,-0.17669,0.3708,0.027761,-1.1184,-0.055586
-0.92076,-1.3266,-0.24914,-0.24298,-2.505,0.010017,-0.030362,0.091123
-0.64181,-1.6219,-0.35961,-0.073514,0.2833,-0.061686,-0.26537,0.091634
-0.50549,-0.61175,0.0021031,0.0019354,-0.1548,-0.043332,-0.71122,0.14897
-0.55237,0.3908,0.26672,-0.050938,-0.97822,0.038838,-0.52943,0.024072
-0.56012,1.7186,0.41719,0.14112,-1.4264,-0.10905,-0.33293,0.041546
-0.30553,1.4255,0.31236,0.026509,-1.7873,-0.063502,-0.68922,-0.006448
-0.5828,0.8396,0.66904,-0.069744,-1.3195,-0.012323,-0.87271,-0.080946
-0.54331,0.74039,0.17438,-0.11786,-1.7143,-0.039481,-1.5628,-0.097983
-0.54683,0.7787,-0.0064858,-0.10856,-2.4264,-0.094447,-0.077274,-0.06627
-0.63337,-1.391,-0.33234,-0.28521,-0.84553,-0.078975,-0.61848,-0.043685
-0.55108,-1.7511,-0.82455,0.16539,-2.7696,-0.010083,-1.5707,0.0099801
-0.52433,-2.0546,-0.8859,-0.092288,-1.0458,-0.045251,-1.1125,0.11485
-0.51857,1.3023,-0.89544,0.10178,-0.60024,-0.055313,0.33301,-0.031711
-0.26959,0.53038,-0.29577,0.19918,-2.1999,0.015279,-0.96966,0.10334
-0.35448,0.61424,-0.34858,-0.32096,1.0149,-0.019664,-0.76321,0.023682
-0.5221,2.5349,0.24122,0.19637,-0.94264,-0.025806,-0.23552,-0.0073971
-0.52298,1.1113,0.54934,-0.31214,2.339,0.13674,0.88129,-0.060746
-0.50719,0.6293,0.43671,0.44371,-0.78758,0.020015,-0.077826,-0.11755
-0.50886,-2.2502,0.2358,-0.090227,1.9507,0.13995,-0.035679,-0.0615
4.5891,0.099506,-0.35719,0.078888,-0.97015,0.069411,0.72577,-0.072647
4.5751,-3.7831,-0.52244,-0.17216,3.1482,0.28896,0.35672,0.093386
4.5606,-0.4342,-0.80616,0.44981,-0.7883,0.02529,-0.54116,0.20831
4.5216,-1.5681,-0.83562,-0.27367,1.8755,0.10909,-0.66473,0.12731
-0.65944,1.8997,0.31393,0.024319,-2.7197,0.034448,0.019086,0.096842
-0.63294,-0.20132,0.86886,-0.19174,2.4324,0.10086,0.41443,0.052279
-0.61295,2.0919,0.17727,0.022026,-0.78211,-0.033699,-0.24295,-0.040935
-0.75465,0.60103,0.47726,0.22426,-0.54444,0.022473,-0.55826,-0.095038
-0.59649,0.29299,-0.0068777,-0.29074,0.22374,-0.061975,0.46654,-0.10314
-0.60167,-0.45474,0.29736,0.11881,-3.7067,-0.0035884,-0.26258,-0.074448
-0.59978,-1.7464,0.19427,-0.31392,0.24333,-0.0096272,-0.5211,-0.026867
-0.48941,-2.1078,-1.0055,0.21988,-1.0235,0.013392,-0.7687,0.22688
-0.48876,-1.677,-1.1819,0.011037,0.55045,0.024251,0.86347,0.25506
-0.59249,-0.89933,-0.44649,0.066723,0.027839,-0.039135,-0.74646,0.19524
-0.58459,-0.62235,0.24373,0.11089,-0.21955,-0.025966,-1.4046,0.040475
-0.77205,2.0297,-0.19367,-0.15061,-1.3337,-0.04339,0.063295,0.028988
-0.61461,1.3268,0.53479,0.08673,0.3816,-0.068431,-0.24519,-0.048382
-0.57172,1.222,0.51222,0.020921,1.1423,0.051884,-0.38254,-0.099832
-0.55687,-0.82657,0.029232,-0.085654,-0.093602,0.071573,-0.41673,-0.093334
-0.42036,-0.51203,0.18442,-0.073906,0.84098,0.0247,0.45356,-0.090462
-0.47533,-1.0879,0.026829,-0.0045196,-1.1217,0.046449,-0.028249,-0.017765
-0.58222,-1.2069,-0.76346,0.013394,-0.25208,0.03681,-0.30441,-0.023509
-0.557,-1.2092,-0.21948,-0.066603,0.42762,0.017634,-0.21232,0.1102
-0.84739,0.66017,0.37689,0.20552,0.29357,0.0007691,0.83396,0.11259
-0.56407,1.0469,0.73747,0.08059,-0.0083636,-0.0019391,0.072298,0.093946
-0.53782,0.92715,0.33783,0.054995,-0.30717,-0.013786,-0.19495,0.013412
-0.5322,1.6273,-0.61155,0.11196,0.081338,-0.0013679,-1.0485,-0.078829
-0.36541,0.94541,0.034063,-0.18361,0.90225,-0.044705,0.60689,-0.1082
-0.45533,-0.072693,0.31126,0.14742,-0.85126,0.035571,-0.28816,-0.10373
-0.55653,-1.4481,-0.53546,0.072626,1.6867,0.034544,-1.302,-0.059334
-0.52707,0.48257,0.28848,0.30093,-1.1815,-0.0071565,0.65278,-0.049526
-0.90337,-1.1381,-0.27356,0.073743,2.3783,0.14238,0.24555,0.018158
-0.67473,0.59338,-0.13644,-0.022684,-0.38975,0.016575,-0.37368,0.010248
-0.53517,-0.39327,-0.59447,0.014743,0.73654,0.023513,-0.13616,0.13252
-0.50754,2.1288,-0.0073531,-0.073778,0.73631,0.060593,1.385,0.055808
-0.5029,1.2207,0.21134,0.21902,0.70466,-0.0055971,0.65648,-0.031565
-0.40515,1.1741,0.19708,-0.27189,1.4018,0.0039778,-0.13012,-0.056706
4.5578,0.072971,0.32192,0.37366,0.68342,-0.026364,0.5841,-0.071284
4.53,-0.86359,-0.0018091,-0.18071,0.28084,0.001597,0.65434,-0.094356
4.5118,-0.30625,0.42771,0.18822,-1.1036,-0.018002,-0.19841,-0.029861
4.4967,-2.9227,-0.16724,-0.33236,1.0464,0.0052999,-0.6697,0.063913
-0.6508,-0.091092,-0.67203,0.30307,-1.0666,0.010928,0.56293,0.18577
-0.61464,-0.97992,-0.25574,-0.33331,2.0125,0.0087717,0.33295,0.1241
-0.60575,2.4488,-0.24944,0.48929,-2.4951,-0.030497,-0.85714,0.10371
-0.4899,-1.3656,-0.11315,-0.42873,0.58361,0.0092659,-0.46634,0.048556
-0.5308,2.651,0.47034,-0.1651,-1.793,-0.03805,0.16789,-0.026892
-0.60945,-0.11284,0.51254,0.22024,-0.99175,-0.068951,-0.30603,-0.069337
-0.60827,-0.44207,-0.068805,-0.26895,0.41851,0.00062791,-0.74709,-0.091095
-0.64529,-0.78615,0.45979,0.44454,-1.1671,-0.03017,-1.1936,-0.093432
-0.614,-0.24482,-0.29128,-0.46001,0.20598,-0.051181,0.5865,0.051257
-0.54539,-2.2516,-0.58593,-0.034258,-1.155,-0.077499,-0.41932,0.22257
-0.57777,-3.2921,0.12725,-0.55307,-1.1212,-0.030093,-1.0998,0.19721
-0.53216,-0.60404,0.062495,-0.16239,-2.6448,-0.0024011,-0.47134,0.23055
-0.48031,0.68024,-0.2614,-0.1026,0.48933,-0.15074,0.10538,0.077883
-0.52181,1.8414,0.50941,0.26242,-0.88754,-0.026197,-0.43799,0.037482
-0.57173,0.057166,0.45301,-0.036107,-0.037971,0.038138,-0.97972,-0.029934
-0.54598,1.8404,0.42112,-0.018984,-0.20633,-0.029059,-0.069015,-0.079754
-0.67636,0.77552,0.40652,-0.13402,-1.3105,-0.052567,-0.30783,-0.08557
-0.62524,-0.36905,0.00091467,0.01157,0.516,-0.046701,-0.47835,-0.081944
-0.55136,-1.3951,0.03335,-0.086489,0.075127,-0.010173,-0.98609,0.05043
-0.542,-0.0038557,0.23469,-0.071742,-0.57204,0.016845,0.6406,0.037652
-0.32821,-1.2118,-0.11601,-0.11444,-0.26564,-0.0069897,-0.11368,0.14296
-0.4902,-0.2045,-0.67789,0.16517,-0.78762,-0.044423,-0.52058,0.1185
-0.54512,0.7382,-0.15739,0.14213,-0.5812,-0.023457,-1.1987,0.097183
-0.53714,1.6945,0.4071,-0.036538,0.25558,0.029128,0.91358,0.020372
-0.6982,1.227,0.65426,0.23162,-0.13742,-0.013471,0.036939,-0.057996
-0.52867,0.94331,0.014315,-0.34425,1.4848,0.012289,-0.34049,-0.051789
-0.52101,0.57822,0.12967,0.038006,-0.69058,-0.0064698,-0.12573,-0.066514
-0.5124,-0.035298,-0.13362,-0.30058,1.7645,0.045749,0.91825,-0.049502
-0.38706,-0.50945,-0.0021946,0.39676,-0.7472,0.054073,-0.36626,-0.0082246
-0.35217,-2.2284,-0.76505,-0.095885,2.0914,0.10789,-0.19041,0.054348
-0.52528,-0.06963,-0.46764,0.072176,0.10642,-0.0026193,1.2798,0.16679
-0.51202,-0.52455,-0.56055,-0.098461,3.3408,0.30459,0.096611,0.07613
-0.67391,1.6731,0.12376,0.16458,0.74058,-0.0018492,-0.43782,0.035973
4.5574,0.32965,-0.49289,-0.2996,1.9216,0.15399,-0.059389,0.0078871
4.5134,1.7869,0.21216,-0.11758,-0.78173,0.0036056,0.83536,-0.089781
4.477,-0.62394,0.31112,-0.12079,2.3073,0.11567,0.33931,-0.097058
4.4544,0.90879,0.44368,0.15494,0.44905,-0.019587,0.18315,-0.064908
-0.46657,-0.79753,-0.19729,0.28739,0.33854,0.018597,-0.57178,-0.067414
-0.68213,-0.89057,-0.10875,-0.14578,0.025617,-0.061827,0.92153,0.043007
-0.63274,-2.7728,-0.26103,0.21893,-2.9901,0.021087,-0.4564,0.15177
-0.62696,-0.66763,0.09784,-0.50071,1.3266,0.016338,-0.2705,0.01716
-0.75532,2.0424,-0.51102,0.24494,-1.2329,0.020689,-0.013074,0.027722
-0.64183,1.0141,-0.072833,0.056851,1.6987,0.03276,0.49545,0.057658
-0.60083,3.1982,0.53,0.37596,0.31737,-0.023348,-0.57126,-0.022633
-0.58977,1.6048,0.077875,0.4783,1.3125,-0.014851,-1.2186,-0.062084
-0.38915,2.0402,0.33463,-0.021059,-1.4472,-0.033186,0.61443,-0.11217
-0.52551,-1.8326,0.38224,-0.081016,-0.8733,-0.027211,0.23059,-0.084329
-0.59136,-1.1004,-0.32631,-0.0096387,-0.59592,-0.040842,-1.0568,0.031105
-0.59472,-2.1378,-0.19811,-0.024887,-0.89707,0.035295,-0.71842,0.010905
-0.75759,-0.3035,-0.48131,0.0024942,-0.10789,-0.061866,0.32932,0.11405
-0.63404,-0.1064,-0.11041,0.057911,-2.1328,-0.015127,-0.41804,0.12391
-0.55907,-0.40321,-0.15144,0.0029695,-0.73818,-0.036671,-0.6743,0.098229
-0.55992,1.4434,0.16823,0.12227,0.37348,-0.021994,-0.27617,0.021078
-0.57614,2.2857,0.28398,0.051976,-0.39853,-0.049903,0.28243,-0.025918
-0.43224,1.2048,0.8133,-0.090002,0.62612,-0.046335,-0.06714,-0.071893
-0.54263,0.22151,-0.1845,0.14301,0.94719,0.072761,0.015092,-0.1249
-0.55513,-1.4162,-0.38606,-0.10561,-0.63841,-0.018586,-0.97913,-0.069434
-0.55401,-0.38695,-0.33994,-0.15799,1.3457,-0.026916,0.7671,-0.041324
-0.67112,-1.0586,-0.42656,-0.0047958,1.0289,0.0059865,-0.049974,0.023001
-0.56319,-2.1687,-1.0445,-0.17834,0.65048,-0.033269,-1.05,0.11541
-0.53366,0.29764,0.1417,0.15811,0.39194,0.050254,0.93787,0.1295
-0.53681,0.53049,0.66983,-0.071568,2.5509,0.15211,1.0072,0.032347
-0.31135,1.9002,0.54116,0.17597,0.98466,-0.030709,0.00093174,0.0047718
-0.4922,-0.23049,0.70932,-0.17887,0.064338,0.037586,-0.62211,-0.029326
-0.52072,1.4109,0.17172,-0.32325,1.3607,0.01895,1.9998,-0.058726
-0.51859,0.34833,0.25706,0.29037,1.034,-0.0028825,0.25392,-0.076638
-0.72197,-0.13427,-0.066724,-0.22251,1.3381,0.007931,0.14034,-0.081482
-0.56112,-1.9765,-0.099769,0.24915,0.50267,0.052231,0.41441,0.035486
-0.50426,-1.4668,-1.0852,-0.383,0.71175,-0.0062773,0.65298,0.082677
4.6319,-0.39704,-0.13473,0.29506,-0.34859,-0.049968,0.10635,-0.039937
4.5819,-0.25314,-0.034912,-0.13889,1.0557,-0.0078303,0.0015996,0.10125
4.5433,1.2024,-0.48661,0.47047,-0.24139,-0.012541,-0.49189,0.15696
4.4914,1.8033,0.80099,0.05441,1.045,-0.0084079,0.81454,0.023366
4.3841,2.1264,1.2848,0.48365,-0.89402,-0.038108,-0.1367,-0.048723
-0.7784,-1.3821,0.88391,-0.18225,1.0155,-0.051386,-0.82331,-0.089294
-0.64964,0.52636,0.57424,0.1258,-2.1374,0.021311,0.074038,-0.1027
-0.59931,-2.3424,0.086823,-0.1235,2.3691,0.074006,0.10007,-0.053542
-0.60925,-0.32677,-0.25023,0.27379,-1.1309,-0.0081127,-0.18451,0.019886
-0.51135,-2.3428,0.011636,-0.14823,-0.20748,-0.051636,-0.70689,0.012073
-0.46889,0.026565,-0.48977,-0.35901,-1.0509,-0.045302,0.20311,0.10212
-0.67275,-0.22646,-0.16614,0.19945,-1.8743,-0.048607,0.16558,0.29242
-0.60599,-0.37108,-0.76635,-0.24479,1.4125,0.033813,0.0095178,0.088178
-0.88167,0.98852,0.074708,0.1775,-2.0619,0.048239,-1.2139,-0.0037464
-0.73825,0.7673,-0.065709,-0.18903,1.7858,0.041103,1.5596,-0.07693
-0.64583,1.3014,0.64436,0.212,-1.166,-0.0044676,-0.43893,-0.14335
-0.5808,-1.9734,0.066568,-0.17261,0.42257,-0.00015502,-0.65321,-0.11178
-0.57441,0.46625,0.39096,-0.21308,-0.97531,0.008791,0.022413,-0.03008
-0.33192,-2.1911,-0.72138,-0.032877,0.2468,0.012289,0.43648,0.073818
-0.51378,-1.7352,-0.82561,-0.16778,0.15631,0.0024697,-0.3551,0.11069
-0.57912,-0.63398,-0.66196,0.177,0.32228,0.013514,-0.9281,0.1022
-0.57394,1.4754,-0.16576,0.080911,-0.65399,0.023269,0.060854,-0.0056691
-0.7084,0.98362,0.3835,-0.13004,-0.090429,-0.038673,0.1103,0.060627
-0.55268,1.991,0.5602,0.10015,0.37518,0.017326,-0.44735,-0.014041
-0.54976,0.57975,0.44158,-0.1765,0.91329,0.027941,-0.1513,-0.088223
-0.53742,0.95233,0.40331,-0.022748,-1.2732,-0.020967,0.55204,-0.10458
-0.45725,-1.0266,0.12575,0.10601,-0.49339,-0.034707,0.14881,-0.069799
-0.4728,-1.6537,-0.92668,0.0099511,0.058436,-0.0021444,-0.12507,0.0012672
-0.57451,-1.9221,-0.25185,0.082755,-0.79473,-0.020287,-0.82438,0.031763
-0.54185,-1.0204,-0.5648,-0.22884,1.1703,-0.021127,0.93546,0.015505
-0.70573,0.032364,-0.30839,0.32607,-0.70813,0.06169,0.091551,0.0023867
-0.6191,-0.051353,-0.62044,-0.10014,1.6553,0.08118,-0.10967,0.11366
-0.48365,2.1801,0.18564,0.15463,-0.20886,0.025027,0.40128,0.030327
-0.51332,1.1366,0.37575,-0.022279,2.633,0.18404,0.99964,-0.042322
-0.52901,1.8447,0.55455,0.2884,0.84805,0.021568,-0.14228,-0.069824
-0.41083,-0.47428,0.38156,-0.4017,1.8112,0.045127,-1.0549,-0.11115
-0.4588,-0.39786,0.1496,0.093224,-0.23537,0.073569,2.1686,-0.053566
4.5773,-2.0616,-0.43656,-0.067136,3.0138,0.25937,0.67359,-0.080532
4.5568,0.72913,-0.095086,0.45871,-0.22453,0.011666,-0.59402,0.023025
4.5402,-1.9926,-0.77304,-0.39389,1.6647,0.049459,0.18835,0.22206
