tachometer_signal,underhang_bearing_axial,underhang_bearing_radial,underhang_bearing_tangential,overhang_bearing_axial,overhang_bearing_radial,overhang_bearing_tangential,microphone
-0.62877,0.19302,0.3392,0.38053,-2.6186,-0.064606,-0.95211,0.18779
-0.61961,-2.5762,-0.51833,-0.93604,0.44061,-0.043345,-1.7232,0.085111
-0.8605,2.0201,0.38876,-0.13878,-2.9019,-0.09498,1.6545,0.026262
-0.62083,0.85905,0.87785,0.097373,-3.2188,-0.11427,0.19056,0.0030925
-0.60059,-2.3255,0.23347,-0.099045,1.5284,-0.03472,-2.084,-0.13439
-0.59295,1.9492,-0.20228,0.30395,-3.5195,-0.055198,0.26995,-0.11198
-0.33497,-1.0726,-0.32712,0.31506,-0.21367,-0.093632,0.88673,-0.1398
-0.57189,-1.4804,0.58429,-0.10871,-0.65713,-0.047446,-2.1321,0.0086659
-0.59493,0.011281,-0.093062,0.33598,-3.4615,-0.011161,-0.63993,0.11359
-0.58648,-2.9243,-0.71184,-0.7326,3.2349,0.1352,1.5006,0.09234
-0.7652,0.91225,0.052211,0.2051,-2.3786,-0.091457,-0.85961,0.17076
-0.74459,-1.0055,-1.614,-0.25233,0.15209,0.012558,-1.7696,0.16462
-0.54004,1.2491,-0.94877,-0.55006,1.7227,-0.011289,1.7956,0.083359
-0.56433,1.5044,1.2229,0.61514,-3.4523,-0.062033,-0.57415,-0.00089892
-0.37504,-1.2286,0.60746,-0.18673,1.0141,-0.08812,-2.6972,-0.050451
-0.45895,2.8877,1.421,0.1187,-2.1914,-0.026011,1.089,-0.11653
-0.582,-0.62538,0.65053,0.24916,-1.1495,-0.10804,0.24302,-0.12629
-0.55417,-0.68849,-0.19189,-0.090908,0.97934,0.025573,-1.6953,-0.082309
-0.75038,0.23314,-0.45806,-0.19707,-2.1247,-0.054248,-0.46596,-0.019225
-0.72077,-1.2565,-0.55979,-0.29918,1.7198,-0.045552,0.84109,0.06384
-0.60896,-0.49109,0.25427,0.20573,-1.4048,-0.048042,-0.85377,-0.0043306
-0.53591,-0.861,-1.3536,-0.31458,0.32733,-0.04631,-1.4301,0.032979
-0.52548,1.6883,-0.061071,-0.27328,1.6,-0.05668,1.9257,0.069024
-0.34575,0.87388,0.80399,0.83503,-2.5704,0.001828,-0.89654,0.040524
-0.50232,0.19545,-0.065413,-0.56282,2.4041,0.088631,-1.5852,0.00068305
-0.52877,3.9642,0.19191,0.44995,-1.9914,-0.025812,2.1274,-0.085911
-0.52649,0.17575,0.094808,0.14524,2.8176,0.17095,0.62655,-0.1113
4.5371,-0.15204,0.47318,-0.077593,-0.16402,-0.037723,-1.1812,-0.094794
4.517,-0.73167,-0.54842,-0.15482,-1.0023,-0.060916,-0.23909,-0.038817
4.5005,-1.9972,0.39065,-0.067644,3.5516,0.26704,1.6624,0.01385
4.4822,-1.1227,0.011206,0.4913,-1.9941,0.018462,-1.1421,0.10332
-0.29814,-1.6672,-0.50511,-0.21098,1.076,-0.0058602,-0.60265,0.14708
-0.44489,0.96294,-0.11375,0.11947,0.62142,-0.017161,1.3972,0.18611
-0.64928,1.1811,0.4806,0.50224,-2.0669,-0.056225,-0.019426,0.10614
-0.63463,-3.0659,-0.10288,-0.24743,1.2922,0.0041254,-1.8572,0.017525
-0.84477,2.268,1.0321,-0.17246,-2.7518,-0.083396,1.1486,-0.017497
-0.7392,0.91433,0.8186,-0.11932,-1.7576,-0.088023,1.0448,-0.11728
-0.62686,-2.6855,0.39571,0.07312,2.4678,0.13269,-1.5983,-0.12746
-0.60519,1.2724,-0.51684,0.40024,-2.8519,0.012789,0.67978,-0.074229
-0.60299,-1.1033,0.29219,0.49725,1.9122,-0.037742,1.5994,-0.028401
-0.39017,-1.39,0.16631,-0.034309,-1.8354,-0.10939,-1.8524,0.13364
-0.54415,-0.18286,-0.64351,0.45498,-2.3807,0.0067438,-0.9461,0.11441
-0.60291,-1.1164,-1.4496,-0.61116,3.6569,0.1727,1.4932,0.14199
-0.5905,2.4075,0.99591,0.29258,-0.75566,-0.054049,-0.65229,0.034975
-0.71161,-0.36473,-0.29122,-0.45695,1.005,0.022159,-1.6196,0.10723
-0.61805,1.5852,0.6856,-0.40755,1.4023,-0.068899,2.174,-0.0039412
-0.57582,1.4967,0.93916,0.67246,-1.7431,-0.060223,0.21678,-0.065516
-0.56591,-0.42802,0.28532,-0.26184,1.7026,0.024969,-1.7619,-0.089757
-0.3708,2.3652,0.33238,0.050525,-0.25525,-0.026351,1.3314,-0.12091
-0.52879,-1.7315,-0.37891,-0.09024,0.86486,-0.068617,0.84575,-0.11777
-0.56112,-1.5169,-0.33323,0.021814,1.7418,0.095947,-0.28678,0.0078627
-0.55875,-1.0367,-0.87411,-0.055543,-0.3242,0.022948,0.12981,0.021346
-0.74061,-1.2728,-0.86917,-0.36809,3.2358,0.20182,1.6703,0.15116
-0.63742,0.6681,0.13719,0.51752,-1.758,-0.03307,-0.69686,0.040889
-0.53683,-1.0485,-1.019,-0.25578,1.746,0.023737,-1.0088,0.13386
-0.53471,3.1337,0.33128,-0.093522,1.6898,-0.027924,2.0707,0.0007804
-0.46983,0.87605,0.79503,0.58507,-0.75753,-0.042793,-0.00028842,-0.0074945
-0.486,-0.049927,-0.57939,-0.17344,2.6619,0.19116,-1.2004,-0.076273
-0.55535,3.2141,-1.0795,0.48803,-1.7706,-0.010121,0.92273,-0.11086
-0.29143,-0.34097,0.14256,0.53828,3.0619,0.21748,1.3715,-0.083064
4.5259,-0.7408,0.7235,0.027055,-0.020932,-0.0029916,-1.3523,-0.073791
4.5138,-1.3011,-0.94392,0.077379,0.44411,0.0059416,-0.13667,0.11344
4.4926,-1.3643,-0.17966,-0.25425,3.1474,0.19427,1.1362,0.11933
-0.63544,-0.52903,0.077245,0.50126,-1.3035,-0.038962,-0.32376,0.24221
-0.63492,-0.59176,-1.4844,-0.27419,1.6156,-0.022802,-0.75943,0.049992
-0.43138,1.314,0.21416,-0.054432,-1.4028,-0.085758,1.3308,0.17166
-0.66846,1.4252,1.1541,0.26431,-2.2481,-0.025023,-0.32282,0.039283
-0.62298,-1.6742,-0.1329,-0.48064,1.8812,0.032279,-1.5881,-0.022998
-0.62569,2.3561,0.26077,-0.10434,-2.0526,0.0040099,1.4827,-0.073158
-0.64221,-0.18255,0.36381,0.12472,-1.53,-0.028437,1.031,-0.15997
-0.65858,-2.7375,0.40487,0.094566,1.7558,0.044928,-1.7823,-0.066903
-0.60022,-0.010451,-0.66181,0.33905,-3.5216,-0.036594,-0.12308,0.093289
-0.59164,-2.4396,-0.92514,-0.13583,1.9693,-0.016186,1.438,0.12023
-0.44748,-0.84853,-0.24816,0.082279,-2.3411,-0.11531,-2.2913,0.17331
-0.45409,1.0505,-0.29142,0.46056,-0.79891,0.013489,-0.57512,0.18743
-0.60505,-0.63524,-1.1904,-0.50851,3.2279,0.13231,1.9066,0.17163
-0.59932,2.3772,0.67031,0.34537,-1.7665,-0.035438,-0.52677,0.061138
-0.81425,0.058316,-0.62088,-0.4859,0.83944,-0.024548,-1.9767,-0.00016878
-0.58076,1.9033,0.53303,-0.47064,0.75157,-0.021904,1.9965,-0.0606
-0.56869,1.0671,1.0497,0.384,-2.5419,-0.06922,0.34982,-0.11872
-0.56427,-1.2677,0.2917,-0.0025285,2.1947,0.10187,-1.4103,-0.091338
-0.39406,1.641,0.1437,-0.025606,-1.534,-0.060678,0.25272,-0.039913
-0.41155,-1.8085,-0.09596,0.021461,1.7613,0.036149,0.93142,-0.011096
-0.56588,-2.0513,-0.26195,-0.16111,0.34241,0.015337,-0.78198,0.18368
-0.56783,-1.0153,-1.3066,-0.028323,-0.35122,0.038844,0.075239,0.12919
-0.58929,0.77671,-0.58957,-0.15442,3.4118,0.24875,1.9034,0.025605
-0.79857,0.78112,0.59649,0.35847,-1.2225,0.0030409,-0.045094,0.036654
-0.55616,-0.042497,-0.46572,-0.36992,2.5095,0.091358,-1.0239,0.0221
-0.5375,3.0446,0.85757,-0.041393,0.098004,0.0018344,2.6091,-0.043782
-0.53465,0.81429,1.1819,0.57296,0.57158,0.013566,0.11486,-0.066441
-0.38124,-1.1566,0.32303,-0.10165,2.5873,0.18455,-1.08,-0.13133
-0.47417,0.67991,-0.73301,0.22241,-1.9665,-0.021987,0.76693,-0.05875
4.5479,-1.8,-0.44222,0.024788,3.6601,0.24277,1.0118,-0.069921
4.5301,-0.51819,0.36223,0.35093,-0.4838,-0.013702,-1.3476,0.048848
4.5104,-1.0749,-0.6332,0.060647,1.5585,0.019816,0.59775,0.15138
4.4357,0.43246,-0.65416,-0.22377,2.9797,0.19018,1.4992,0.13717
-0.63123,0.99529,0.40614,0.63306,-2.3847,-0.022263,-0.58564,0.15309
-0.6213,-1.8306,-1.1319,-0.54671,1.6881,0.05338,-1.2183,0.035024
-0.36618,1.6348,0.68961,-0.18481,-1.4048,-0.037582,1.2416,0.0082765
-0.64119,1.8657,0.69455,0.39352,-1.8725,-0.036542,-0.088275,-0.085132
-0.61299,-1.5712,0.34914,-0.3373,1.6702,0.043105,-1.4817,-0.085327
-0.61252,0.43348,0.50589,-0.42504,-2.1579,0.0039458,1.3694,-0.09129
-0.74844,-0.61104,-0.026143,0.079261,-1.7033,-0.079944,0.89462,-0.038209
-0.65176,-3.8724,-0.0086957,-0.28216,1.6901,-0.047734,-1.8675,0.10611
-0.59919,0.41969,-0.30143,0.13349,-3.3794,-0.073648,0.013499,0.15309
-0.58863,-2.7657,0.27942,-0.32332,0.82711,-0.097059,1.612,0.33321
-0.52236,0.86789,-0.48987,0.20298,-2.5508,-0.13918,-1.6089,0.10994
-0.42539,2.7475,-0.63054,0.73435,-1.2685,-0.072884,-1.2323,0.1102
-0.57814,1.4817,-1.0634,-0.4299,2.8209,0.097641,1.6408,0.06732
-0.57842,2.4485,1.2279,0.51369,-2.88,-0.066852,-1.2674,-0.057679
-0.69699,-0.69488,-0.62164,-0.76012,0.39555,-0.0042494,-1.6298,-0.055002
-0.69977,0.8729,-0.12741,-0.39171,-0.40956,-0.063168,0.91433,-0.13223
-0.59367,-0.35163,0.33743,0.16241,-3.2519,-0.076485,0.053219,-0.096279
-0.56201,-2.7426,0.20109,-0.61657,1.9064,-0.0025552,-1.8893,0.015042
-0.55846,1.2607,-0.037424,-0.3139,-1.8271,0.012186,0.91643,0.0054533
-0.37612,-1.8293,-0.28313,-0.21041,1.3375,-0.084802,0.86532,0.139
-0.52653,-0.93585,-0.68856,0.012617,-1.0992,-0.036581,-1.5002,0.15406
-0.55841,-0.45208,-0.39928,0.23767,-0.91091,-0.031774,-0.97136,0.14063
-0.55534,1.3378,-0.66832,-0.13167,2.8141,0.12938,1.4951,0.01991
-0.67999,1.0842,1.4279,0.61945,-1.9609,0.013232,-0.45384,0.0086659
-0.53056,0.26435,-0.58485,-0.35357,2.4145,0.12011,-1.2369,-0.030153
-0.53531,2.448,0.7871,0.020042,0.01994,0.014002,2.634,-0.10794
-0.52346,-1.055,0.75641,0.52241,1.6796,0.016672,0.37763,-0.08355
-0.36501,-1.9966,0.30345,-0.26111,2.325,0.14432,-1.368,-0.053566
-0.37319,0.56421,-0.60955,0.092042,-1.5093,0.057185,1.7824,-0.06649
4.5597,-3.0573,-0.79546,-0.17485,4.4706,0.393,1.3574,0.07944
4.5385,-2.432,-0.75137,0.25934,-0.93116,0.016806,-0.31212,0.18998
4.5011,-2.4506,-2.0123,-0.26048,2.2404,0.082887,-0.0053296,0.18555
-0.63315,0.14625,-0.43986,-0.25819,1.8418,0.052866,1.7065,0.17908
-0.56702,1.4068,0.62323,0.50967,-1.7318,-0.049826,0.32678,0.06805
-0.61306,-0.20353,0.83034,-0.63155,2.1811,0.097737,-0.047541,-0.038014
-0.60807,1.8854,0.79849,-0.13673,-1.6837,-0.0044547,1.5124,-0.070043
-0.40512,1.3331,0.31266,0.22399,-2.1687,-0.042819,0.42758,-0.079413
-0.62165,-3.5328,-0.69233,-0.28317,2.1184,0.069603,-1.4857,-0.074132
-0.60739,-1.0138,-0.56121,0.27493,-2.6186,-0.023374,0.54165,0.0046014
-0.60278,-0.7722,-0.40366,0.13201,0.60945,-0.10519,1.6002,0.067418
-0.71525,-2.9527,-0.14641,-0.21073,1.1876,-0.052965,-0.91467,0.28329
-0.62131,0.99918,-1.0413,0.23642,-1.3971,-0.008132,-1.0108,0.28626
-0.57805,-1.046,-0.70227,-0.42622,2.2488,0.059861,1.9576,0.21539
-0.57995,2.7686,0.67165,0.045431,-0.62717,0.0032013,-0.4359,0.03904
-0.3487,3.2149,0.032302,0.48241,0.57166,-0.041368,-1.2334,0.046438
-0.54682,2.6892,-0.059073,-0.031065,2.4956,0.061755,2.2136,-0.05196
-0.56805,1.0443,1.283,0.49688,-2.9922,-0.018573,-0.42668,-0.088759
-0.56967,-3.1373,0.32431,-0.3084,0.41725,-0.12429,-2.9816,-0.083234
-0.71366,1.3167,0.90334,0.10006,-0.52758,-0.025466,1.5613,-0.072501
-0.61437,-1.2558,0.027729,0.45617,-1.2661,-0.086547,0.65334,0.0024354
-0.54628,-1.6887,-0.13622,-0.40184,0.62374,0.0057106,-1.6662,0.097962
-0.54488,-0.16455,-0.77597,-0.13668,-1.9243,-0.08312,-0.10287,0.12113
-0.38934,-1.1267,-1.0256,-0.22132,1.9768,-0.0046088,1.8197,0.19592
-0.41686,0.13483,0.15226,0.18625,-1.6837,-0.047651,-1.0951,0.11247
-0.52416,0.63944,-0.18762,0.17361,0.11485,-0.063399,-0.59512,0.031397
-0.53803,1.8809,0.5157,-0.3351,1.6458,-0.003614,2.0096,-0.012411
-0.72835,0.93369,0.87941,0.73104,-2.392,-0.028129,-0.6826,-0.069434
-0.5694,0.2967,0.028551,-0.16238,1.5044,-0.018252,-1.2915,-0.096741
-0.47061,1.9115,0.29817,-0.0025093,-0.94052,0.0042538,2.1814,-0.1046
-0.51723,-2.014,0.42438,0.064526,1.8939,0.061671,0.5587,0.018644
-0.52022,-1.359,0.26308,-0.10998,1.3665,0.020573,-0.76565,0.0041147
4.5756,0.90623,-1.5623,0.2156,-2.1762,0.012969,0.73997,0.0099314
4.5576,-2.8029,-0.54113,-0.32321,4.0324,0.32671,1.245,0.20536
4.5185,-0.49411,0.3768,0.47451,-1.4568,-0.01831,-0.56902,0.17533
4.3625,-0.38666,-1.5779,-0.15963,1.8694,0.049927,-0.66321,0.0019486
-0.80406,1.1041,0.18324,-0.21042,0.16777,-0.067776,1.5709,0.038139
-0.69391,1.8076,0.97952,0.59156,-2.2767,-0.015916,-0.39361,-0.045243
-0.61618,-0.34247,1.1161,-0.39664,1.0083,-0.044808,-0.68411,-0.088661
-0.6166,1.56,0.95016,0.030517,-1.6661,-0.065299,1.8067,-0.068096
-0.27581,0.27785,0.22556,0.33302,-2.2461,-0.091694,0.49459,-0.072793
-0.5341,-3.4062,-0.19124,-0.4023,1.6224,-0.021532,-2.5759,0.046852
-0.60882,0.38452,-0.30823,0.20901,-2.5,0.014419,0.74995,0.13286
-0.60186,-1.8615,-0.21387,-0.12228,1.0656,-0.095179,1.4745,0.1325
-0.74738,-2.1244,-0.44831,-0.37152,-1.2404,-0.022578,-1.146,0.19728
-0.65827,1.7597,-0.84323,0.32314,-2.0495,-0.028963,-0.98301,0.30347
-0.58624,0.42263,-0.75052,-0.42145,2.3662,0.0046453,1.809,0.074914
-0.57455,2.8415,0.74231,0.16094,-1.4114,-0.033674,-0.62506,-0.023533
-0.43093,2.5221,0.48205,0.040556,0.38227,-0.024002,-2.1207,-0.076809
-0.46864,1.9666,0.55744,-0.24019,1.6217,0.035199,2.1668,-0.11809
-0.63805,0.421,1.4709,0.71238,-3.4534,-0.028533,-0.63222,-0.092531
-0.57186,-3.9242,-0.39396,-0.26131,1.3562,-0.023778,-2.3026,-0.055659
-0.64532,0.94196,0.35864,-0.071806,-2.0137,0.03647,1.32,-2.2752e-05
-0.76536,-1.8194,0.28472,0.22387,-1.8606,-0.023662,0.69212,0.12186
-0.49467,-1.6524,-0.23076,-0.43157,0.84646,-0.00061708,-1.8076,0.15494
-0.54374,0.72273,-0.47019,0.14266,-0.99751,0.03063,0.11241,0.1491
-0.54786,0.29519,-0.070508,-0.37375,2.3699,0.1209,2.0877,0.0043824
-0.37298,0.94422,1.0523,0.32982,-1.3106,-0.0013166,-1.1165,0.047217
-0.48644,1.0338,0.30878,0.10777,1.2227,0.005717,-0.65622,-0.023655
-0.53915,1.5535,0.95352,-0.56407,1.6946,0.0018729,2.3437,-0.10528
-0.54049,1.0293,0.71696,1.0342,-1.1404,-0.0074774,-0.4075,-0.073085
-0.74288,-1.4944,-0.30021,-0.29699,2.9767,0.18707,-1.1211,-0.097399
-0.64275,0.56269,0.35514,0.27691,-2.9416,-0.017944,2.3437,-0.00038782
-0.51612,-2.2405,0.15447,0.14971,2.9304,0.19292,0.85053,0.069997
4.5812,-1.4018,-0.32096,-0.24296,1.4385,-0.013933,-0.5534,-0.025578
4.5621,1.0973,-1.2565,0.25525,-0.30301,-0.0051029,1.1005,0.17708
4.5271,-0.79831,-0.44811,-0.11955,4.6792,0.43731,1.9199,0.20665
4.4799,1.4957,0.49054,0.53444,-1.7695,0.028345,-0.70644,0.10042
-0.64385,0.13451,-1.2656,-0.1312,2.207,0.10081,-0.86045,0.042228
-0.75056,2.1937,1.3931,0.25356,-1.0516,0.006102,2.4788,-0.067001
-0.64039,0.23997,1.0115,0.44005,-1.3705,-0.087786,-0.14133,-0.13164
-0.58772,-1.8486,0.53994,-0.28413,1.3974,-0.0083245,-0.97231,-0.113
-0.61393,0.57363,-0.54359,-0.083046,-1.0074,0.023339,1.7271,-0.060673
-0.49158,-0.58455,0.26291,0.3068,-1.6281,-0.086496,1.0059,0.05795
-0.51799,-3.7877,-0.050343,-0.34169,2.1317,0.031926,-2.0014,0.067247
-0.57684,1.1426,-0.49769,0.25466,-2.2809,-0.030734,0.69419,0.26156
-0.61168,-2.0685,-0.078114,-0.21361,1.4884,-0.039347,1.8314,0.25969
-0.69274,0.8183,-0.79541,0.12907,-1.2158,-0.018304,-1.1657,0.11553
-0.77721,2.7827,-1.3471,0.31366,-0.62724,-0.062828,-0.54502,0.11368
-0.54429,1.6088,-0.30322,-0.3146,3.7628,0.29544,2.5122,-0.008687
-0.58227,1.9987,1.0432,0.24421,-0.76815,0.017904,-0.19767,-0.10253
-0.58551,-0.016353,-0.67578,-0.41972,1.7958,0.069321,-0.41922,-0.081749
-0.4352,0.77747,0.18665,-0.63601,0.87183,-0.05919,1.9175,-0.11794
-0.51742,-0.21548,0.21033,0.34295,-1.5403,-0.033237,0.56486,-0.080654
-0.56973,-4.3409,-0.75472,-0.64376,2.6879,0.15412,-1.3172,0.088811
-0.56697,0.42993,-0.15398,-0.087934,-0.66058,0.0035607,1.7753,0.025581
-0.74423,-1.1939,0.19502,0.035078,-0.7517,-0.096328,1.4518,0.19668
-0.61457,-0.80515,0.36591,-0.28548,2.2012,0.1497,-0.42099,0.1378
-0.55217,1.7133,0.040975,0.2407,0.97262,0.0047865,0.37847,0.091123
-0.55283,0.62669,-0.13198,-0.50536,2.9717,0.22497,2.4857,0.0084955
-0.31077,1.2421,1.3357,0.39745,-0.48467,-0.034662,-1.0391,-0.026989
-0.53767,0.83519,0.26881,-0.062448,1.3575,0.0085343,-0.1772,-0.069094
-0.53609,1.7066,0.19603,-0.55722,2.4427,0.1215,2.6904,-0.090341
-0.54326,-0.64008,0.068251,0.77128,0.2123,-0.044365,-0.096321,-0.10102
-0.91353,-2.6843,-1.0286,-0.70727,3.3681,0.31253,-0.52766,0.027211
-0.61887,1.0323,-0.18943,0.4007,-2.8449,-0.027128,2.2051,0.063231
-0.44724,-1.2708,0.20871,0.48128,3.5001,0.27861,1.2214,0.033929
4.5628,-0.55779,0.39041,-0.049518,1.3665,0.07054,-0.36701,0.041133
4.5303,2.4143,-0.25615,0.5035,1.0407,-0.017328,1.1949,0.11067
4.4899,0.9236,-0.078846,-0.11403,3.9999,0.31337,1.8264,0.082823
-0.68839,1.9445,0.56273,0.67641,-0.64415,-0.055775,0.085527,-0.006667
-0.64435,0.59852,0.33687,-0.14799,2.1568,0.10906,-0.73211,-0.087469
-0.64486,2.46,1.5834,-0.00028695,0.35546,-0.041516,2.5579,-0.068388
-0.64865,-0.11579,0.59872,0.52094,-1.0686,-0.044166,0.10687,-0.10825
-0.6292,-2.6937,-0.10035,-0.66427,1.6759,0.025566,0.087768,-0.080752
-0.61437,-0.49559,-0.615,0.019624,0.22564,-0.058727,1.7894,0.052328
-0.61864,-0.77152,0.32191,0.20345,-1.568,-0.060306,0.88918,0.15761
-0.37372,-3.2338,-0.21346,-0.23552,2.0339,0.11415,-2.0021,0.22537
-0.53762,2.6365,-0.091656,0.58815,-2.0553,-0.01978,0.8569,0.2774
-0.61552,-0.1746,0.024272,0.030292,1.5531,-0.013805,1.5901,0.15299
-0.61068,1.3805,-0.16287,0.45106,-1.1743,-0.094819,-1.4334,0.042471
-0.63713,2.9396,-0.43269,0.13684,-0.92844,-0.052047,-0.23977,-0.037649
-0.62315,1.8239,-0.072268,-0.4801,2.9203,0.12936,2.2095,-0.091095
-0.5907,1.0505,0.6636,0.15537,-0.92747,-0.0060206,-0.27866,-0.11928
-0.58277,-2.7863,-0.30605,-0.40342,0.69827,-0.079398,-0.97994,-0.074837
-0.40799,0.52305,-0.16747,-0.19434,1.2571,-0.059562,2.1613,-0.065175
-0.49985,-0.90276,0.4902,0.41154,-1.9293,-0.04131,0.38847,0.092778
-0.60788,-3.8075,-0.69409,-0.28033,1.808,0.056929,-1.5828,0.17735
-0.57774,0.76993,-0.51049,-0.022273,-1.897,-0.018971,1.1599,0.16934
-0.60055,-0.50062,0.5054,0.048058,-0.059338,-0.12972,1.0849,0.096745
-0.71953,0.5341,0.14356,-0.098628,0.83611,0.021818,-0.64098,0.076958
-0.53312,1.9411,-0.075814,0.27589,-0.21367,0.01397,0.032746,0.0032872
-0.54694,0.824,0.22139,-0.60927,2.5128,0.15479,2.2476,-0.063228
-0.54419,1.0984,1.2863,0.34222,-0.53391,-0.017296,-0.25016,-0.065102
-0.3933,-0.46129,-0.23325,-0.35822,1.337,0.061061,0.029227,-0.10633
-0.48914,1.3035,-0.058675,-0.23142,1.0264,-0.037909,2.6935,-0.084037
-0.53574,-1.1969,0.61721,0.82534,0.94669,-0.012329,0.38986,-0.0076648
-0.53132,-2.8735,-0.27048,-0.75029,2.6737,0.20162,-1.0082,0.038115
-0.7179,0.9421,-0.37943,0.48366,-2.6179,0.024559,2.2026,0.17404
4.5787,-1.097,0.047682,0.076691,3.9551,0.38131,1.7416,0.019496
4.545,0.44542,0.19029,0.25411,0.026253,-0.011212,-0.63546,0.12653
4.4985,2.1686,-0.4327,0.14984,1.6416,0.10869,0.37774,0.016138
4.4561,1.794,0.57036,-0.20083,2.179,0.082188,2.1155,-0.018154
-0.6559,1.1339,1.1797,0.60975,-0.55994,-0.073789,-0.20906,-0.090146
-0.63448,-0.84031,-0.37958,-0.20268,1.3967,0.031881,-0.59571,-0.12658
-0.62782,0.31678,0.74988,0.058245,-0.60453,-0.087497,2.4765,-0.093772
-0.86926,-0.42158,0.29829,0.68565,-1.8826,-0.13139,-0.078057,-0.023363
-0.74744,-2.5895,-0.19623,-0.32749,0.88272,-0.058849,-2.0893,-0.040886
-0.6014,0.61304,-0.46904,0.19979,-1.0898,-0.07162,1.3409,0.22135
-0.60806,-1.6926,-0.19165,0.18279,-0.43037,-0.10169,1.0672,0.17777
-0.34965,-1.537,-0.3792,-0.13435,1.5702,0.08609,-0.94899,0.20249
-0.45702,2.9357,-0.092484,0.18523,-2.6181,-0.032146,0.37235,0.15394
-0.64062,0.56501,-0.23343,-0.19036,2.3318,0.068397,2.1231,-0.014333
-0.59787,2.4286,0.93234,0.5174,-1.7169,-0.095686,-1.3209,-0.051303
-0.87788,2.6629,0.34713,0.7945,-1.2414,-0.058362,-1.4792,-0.090462
-0.71015,0.53557,0.77094,-0.15769,2.807,0.10558,2.0128,-0.11731
-0.57098,0.24078,0.69368,0.54963,-2.4782,-0.075875,-0.36814,-0.057558
-0.57273,-2.6779,-2.0128,-0.50789,-0.050026,-0.074893,-2.7594,-0.071235
-0.56973,1.5048,-1.6048,-0.28898,-0.8294,-0.071639,1.1109,0.022733
-0.36034,-0.38333,0.099858,0.15677,-3.0756,-0.12267,0.041178,0.25574
-0.54236,-2.3902,-0.078698,-0.48172,0.68854,-0.042915,-1.5292,0.17253
-0.57442,1.6273,0.3043,0.09639,-2.9386,-0.039398,1.0318,0.14985
-0.57148,0.13772,0.60182,0.11873,0.23386,-0.14482,1.1311,0.0050639
-0.75288,1.4051,0.17792,-0.064458,-0.51829,-0.078718,-1.1363,-0.030567
-0.65251,1.3067,0.071187,0.044757,-1.8407,-0.030041,-1.029,-0.098129
-0.54403,1.037,0.43451,-0.66299,1.6167,-0.072089,1.7761,-0.080411
-0.54335,-0.3708,0.82193,0.65236,-2.5564,-0.018592,-0.81493,-0.081847
-0.2973,-0.8648,-0.43595,-0.15139,0.12037,-0.1133,-1.1879,-0.057192
-0.40762,0.36219,-0.39207,-0.24048,-1.5656,-0.05507,2.1704,0.016405
-0.54584,-1.1153,0.41494,0.43648,-0.52862,-0.007548,0.51929,0.082677
-0.5431,-3.1636,-0.78074,-0.18956,0.66529,-0.0086582,-1.0799,0.10974
-0.53747,1.519,-0.29961,0.094849,-2.8997,0.0086883,1.502,0.038918
4.5621,-0.097328,-0.4867,-0.19614,2.93,0.16752,1.1058,0.083578
4.5167,1.7831,0.16933,0.50643,-2.9234,-0.047754,-1.4265,0.047509
4.4726,1.3741,-0.082322,0.2561,-0.031285,-0.0414,-0.65804,-0.065419
-0.44698,1.7289,1.5189,0.20559,-0.064251,-0.11133,1.4915,-0.091192
-0.57114,0.78303,0.97633,0.52547,-2.4833,-0.076363,-1.1062,-0.1212
-0.56516,-1.3053,0.11448,-0.3329,-1.4111,-0.098997,-1.3477,-0.067852
-0.62386,-0.22757,0.31873,0.23322,-1.7475,-0.022591,1.8373,-0.017011
-0.68922,0.46067,-0.18758,0.60844,-3.5909,-0.10339,-0.46173,-0.022998
-0.73221,-3.3944,-0.99035,-0.24741,-0.070462,-0.055962,-2.6403,0.10658
-0.55086,0.80728,-0.3257,0.10954,-3.297,-0.069098,0.34875,0.36373
-0.59676,-0.35585,-0.5556,0.075574,-0.79855,-0.056404,1.3297,0.18295
-0.59513,-0.46803,-0.1617,0.0056928,0.051275,-0.016763,-1.467,0.030838
-0.32302,3.4341,-0.41825,0.25872,-3.2513,0.017243,-0.51566,-0.005158
-0.50083,1.0701,-0.4515,-0.60794,2.2613,0.00026853,1.7764,-0.13154
-0.58208,2.0278,1.0997,0.27407,-2.4291,-0.071415,-1.1676,-0.12575
-0.58095,-0.46072,0.28735,0.13724,-0.31169,-0.055345,-0.91384,-0.099589
-0.8389,-0.70907,-0.35541,-0.35825,2.042,0.015908,1.9627,-0.070481
-0.66574,-0.10812,0.59811,0.76043,-3.1076,-0.041227,-0.60017,0.027674
-0.56144,-3.452,-1.9371,-0.57925,-0.18548,-0.029573,-2.918,-0.017254
-0.56651,0.213,-0.749,-0.24294,-1.7095,-0.065293,1.3641,0.10383
-0.30529,-0.41643,0.60162,0.14567,-2.5463,-0.14119,0.26616,0.17925
-0.46485,-0.69601,0.5341,-0.25115,1.0323,-0.0001101,-1.335,0.13722
-0.57102,2.4338,0.079236,0.15062,-2.3175,-0.052438,0.51527,0.039624
-0.55404,0.44678,0.19363,-0.16622,1.709,-0.025106,1.0412,-0.042322
-0.76058,1.2916,0.25561,0.026053,-1.7277,0.010652,-1.5189,-0.098007
-0.61254,0.95354,0.1076,0.10044,-1.0598,0.023493,-0.91505,-0.09881
-0.5881,0.77756,0.64262,-0.3637,1.3376,-0.053972,1.688,-0.10112
-0.53615,-1.7094,0.70528,0.68476,-2.148,0.014085,-1.0481,-0.008395
-0.52048,-1.6781,-0.22303,-0.55642,1.4665,0.0005509,-1.2139,-0.033293
-0.31386,1.4039,-0.028867,-0.13362,-0.34753,0.025207,2.2471,0.024242
-0.59481,-1.489,0.30243,0.38799,0.62129,-0.011918,0.66788,0.28196
-0.53349,-1.3585,-0.51168,-0.22446,1.5115,0.035783,-0.6895,0.17409
4.5686,3.0466,-0.81392,0.66315,-1.3086,-0.071556,0.31067,-0.025967
4.5338,0.815,1.0894,0.14813,3.3534,0.28391,2.0012,0.0221
4.4903,1.9005,1.3235,0.6167,-0.56778,-0.023566,-1.0489,-0.037041
4.4525,0.66863,-0.060929,0.1778,1.1072,-0.03445,-0.55114,-0.1101
-0.6232,1.1949,0.87076,0.19227,1.1553,-0.040194,1.793,-0.076152
-0.37253,0.092609,0.46726,0.51079,-1.5304,-0.020813,-0.47487,-0.085157
-0.54451,-3.4663,-0.4316,-0.22434,0.019503,-0.023547,-1.6284,0.023269
-0.63265,-0.34685,-0.36743,0.01008,0.23282,-0.041343,1.8087,0.037774
-0.62591,-0.20397,0.055371,0.36754,-2.7984,-0.10636,0.21352,-0.012532
-0.76374,-5.0832,-0.9104,-0.59717,1.4652,-0.0099481,-2.4283,0.22238
-0.65299,1.4753,-0.33565,-0.016942,-3.0423,-0.01188,0.82653,0.10758
-0.58906,-0.21538,0.026598,-0.02323,-0.51625,-0.075374,1.0395,0.075984
-0.59433,2.0289,0.10383,0.079049,1.1601,-0.033905,-1.5156,-0.029642
-0.27306,3.9354,0.082236,0.056768,-2.8139,-0.050269,-0.03968,-0.11923
-0.48818,1.3685,-0.16492,-0.38527,3.3762,0.1699,2.2876,-0.12288
-0.55091,0.28732,0.61422,0.16928,-0.15013,0.010639,-0.1403,-0.097837
-0.58556,-1.9805,-1.0929,-0.090747,-0.064559,-0.0056484,-1.3745,-0.049477
-0.6408,-0.79821,-1.177,-0.32562,2.5672,0.112,2.0105,0.015164
-0.6788,0.67621,0.6767,0.38858,-2.0388,-0.075451,-0.60551,-0.0043549
-0.58643,-3.2337,-1.0635,-0.12903,1.3078,-0.033911,-2.5393,0.15438
-0.55916,0.66214,-0.2916,-0.12516,-0.17881,0.027062,1.7092,0.24387
-0.54896,0.4253,0.73952,0.22396,-0.4499,-0.043582,0.46105,0.032833
-0.4472,0.53403,0.62317,-0.36723,1.9022,0.11481,-1.151,0.068902
-0.49754,2.7177,-0.11558,0.072395,-0.032782,-0.029669,0.53013,-0.056706
-0.54699,0.13209,0.20204,-0.31537,2.9352,0.2226,2.3525,-0.1047
-0.54435,0.6077,1.1989,0.27307,-0.33709,-0.04647,-0.86675,-0.085814
-0.7226,0.41196,-0.4533,-0.25284,0.41132,-0.042376,-0.81527,-0.099078
-0.55279,0.33219,-0.031585,-0.26052,2.2595,0.13437,2.1934,-0.0021401
-0.52796,-0.25433,0.36966,0.72568,-0.75531,-0.032961,-0.52072,-0.035069
-0.53045,-3.3636,-0.72527,-0.38391,2.3611,0.12935,-0.643,0.07265
-0.23464,1.6205,-0.25352,0.0014472,-1.9882,-0.025357,2.0249,0.15411
-0.49967,-0.40402,-0.34618,0.20196,1.1533,-0.088678,0.78927,0.13561
4.5752,0.21531,0.12086,-0.30752,1.4968,0.037285,-0.68828,0.014215
4.5325,1.8957,-1.0541,0.26084,-0.92834,-0.039976,0.76738,-0.0094415
4.4882,0.37264,0.28451,-0.091569,2.8618,0.17311,1.3615,-0.11268
4.4547,1.0028,0.39603,0.24526,-1.9411,-0.034566,-1.1321,-0.11672
-0.64266,-0.16801,-0.74155,-0.014764,1.2607,-0.062732,-0.19363,-0.10745
-0.63524,-1.1369,-0.081968,-0.091415,1.2661,-0.056777,1.2613,-0.0376
-0.36112,-0.29026,0.20327,0.45746,-2.7034,-0.043447,-0.44816,0.056441
-0.48983,-3.6805,-1.0317,-0.49631,1.0098,-0.093138,-1.5662,0.082677
-0.6698,1.1554,-0.1937,-0.14871,-0.85015,-0.079559,1.7083,0.074402
-0.62585,0.047424,-0.0069483,0.21766,-2.1482,-0.057149,0.087916,0.14846
-0.99062,-3.7095,-0.22086,-0.57728,1.1255,-0.014094,-2.1942,0.1895
-0.71214,1.6157,0.062836,-0.32865,-3.6848,-0.077768,0.33854,0.02597
-0.63612,0.13286,0.17406,-0.019928,-1.1175,-0.15004,0.69569,-0.10606
-0.59877,0.83561,0.928,0.15099,-0.026083,-0.060755,-1.8964,-0.1277
-0.58659,2.3714,-0.28732,0.53374,-3.2551,-0.066833,-0.41395,-0.068777
-0.38916,-0.70446,0.081266,-0.42661,2.975,0.11683,1.5718,-0.078439
-0.58961,-0.27258,0.36589,0.21402,-1.5224,-0.060441,-0.76075,0.01677
-0.59307,-1.6379,-1.1257,-0.10938,0.64026,-0.017842,-1.6722,0.06272
-0.59054,0.32505,-1.365,-0.58813,2.026,0.02771,1.7711,0.060798
-0.87556,0.53055,0.59624,0.21313,-2.7337,-0.10543,-0.78162,0.097134
-0.66075,-1.7444,-0.56462,-0.2272,0.41936,-0.0004053,-2.6431,0.13744
-0.55886,2.3556,0.74944,-0.054188,-0.98724,0.0093878,1.4761,0.072017
-0.56493,0.56116,0.75462,0.40073,-0.73949,-0.032737,0.13955,-0.036578
-0.31634,1.454,0.35747,-0.034983,1.6503,0.05535,-1.3857,-0.085814
-0.44867,1.0488,0.26515,-0.055922,-1.607,-0.022879,-0.1339,-0.134
-0.58802,-0.90093,-0.25856,-0.3011,1.8911,0.012718,0.94793,-0.10017
-0.55787,-0.053889,0.91866,0.33533,-0.38819,0.020477,-0.56302,-0.08854
-0.67485,-1.0725,-1.2651,-0.015021,0.21571,-0.070478,-1.2597,-0.040326
-0.68888,-0.34484,-0.27613,-0.1714,2.4173,0.095395,2.1036,0.12378
-0.51369,-0.3993,0.53854,0.88887,-1.4858,-0.010603,-0.49078,0.04106
-0.53443,-2.069,-0.25458,-0.3777,2.9533,0.2293,-0.84013,0.088835
-0.42393,2.8867,-0.47814,0.16447,-1.8814,0.010992,1.6532,0.090441
-0.37149,0.12724,-0.61458,0.080648,3.101,0.24989,0.91562,0.045173
4.5352,1.2082,0.19967,0.13914,1.1922,0.029288,-0.46556,-0.018154
4.4954,1.0102,-0.31224,-0.051869,0.61303,0.016627,0.56647,-0.11495
4.4669,0.55897,0.68902,0.0031429,3.6888,0.30453,1.8964,-0.075665
4.4417,0.46325,0.17077,0.35223,-1.3474,0.0017189,-0.28423,-0.070067
-0.69202,-2.2863,-0.60701,-0.43262,1.4635,-0.0038643,-0.97646,-0.015891
-0.63899,-0.9486,0.28787,-0.13997,0.54593,0.0050752,2.0073,0.11074
-0.62533,0.17857,0.70208,0.50821,-1.7222,-0.015961,-0.40815,0.034513
-0.35352,-3.2643,-0.42192,-0.47118,1.5613,0.059322,-0.92835,0.098862
-0.59808,1.9124,-0.23485,-0.16747,-2.0105,-0.011636,0.91248,0.08258
-0.63251,0.46542,-0.076187,-0.012022,-0.37169,-0.028732,1.2211,0.091707
-0.62272,-1.7836,1.2887,0.21255,2.0439,0.1318,-1.7805,0.0028248
-0.64768,2.5979,0.53364,0.30275,-2.7642,0.02108,0.51092,-0.10458
-0.61732,0.055856,0.4833,0.16353,2.7464,0.15368,1.5269,-0.11168
-0.60105,0.21933,0.88861,0.093558,-1.3134,-0.06073,-1.949,-0.10326
-0.5981,-0.60644,-0.14918,0.36986,-1.324,-0.018811,-0.49425,-0.041032
-0.42424,-1.4091,-0.78307,-0.66528,2.6025,0.04435,1.7573,0.016016
-0.55268,-0.20666,0.19155,0.36102,-1.8886,-0.046072,-0.8601,0.1131
-0.63857,-2.7586,-0.97921,-0.3508,0.95438,-0.057059,-2.1504,0.17098
-0.58929,0.77667,-0.14188,-0.5741,1.1408,-0.093902,1.9147,0.025337
-0.92554,0.48954,0.46437,0.35914,-3.2949,-0.047433,-0.11324,0.11658
-0.66561,-0.4224,-0.014837,-0.17708,1.9927,0.053123,-1.0553,0.10867
-0.599,3.0101,0.60005,0.062651,-1.7019,-0.063021,0.15894,-0.040521
-0.56942,0.12737,0.22091,-0.013647,0.59476,-0.10421,0.7347,-0.11042
-0.55558,1.3896,0.63563,0.042528,-1.1254,-0.010462,-1.2775,-0.097715
-0.3585,-0.92421,-0.59105,-0.051484,-1.7758,-0.058618,-1.1102,-0.1021
-0.58179,-0.94016,0.021664,-0.26498,1.4221,-0.049454,0.76806,-0.021318
-0.55605,-0.86009,0.49537,0.41721,-1.3164,-0.082479,-0.25832,-0.0652
-0.55976,-0.65139,-0.78593,-0.41863,0.55115,-0.090796,-1.3758,0.016381
-0.67162,1.9014,-0.27689,0.033215,-0.56398,-0.039302,1.6372,0.038285
-0.55964,-0.66691,0.18787,0.36907,-1.5384,-0.055147,0.029971,0.12802
-0.53656,-0.13983,-0.51116,-0.1543,1.7656,0.061697,-0.99412,0.066809
-0.52516,3.8057,-1.1873,0.65719,-2.4908,-0.051732,0.30125,-0.0096119
-0.81,0.75275,0.27605,0.2348,2.608,0.1624,1.3544,-0.039596
4.5095,0.6315,0.82838,0.56827,-1.7593,-0.030497,-1.4417,-0.095184
4.4779,-0.21941,-0.54767,0.052117,-0.021125,-0.1037,-1.162,-0.14826
4.4588,-0.16899,0.20239,0.40793,1.0757,-0.049396,1.7103,-0.091387
-0.83584,-0.11476,0.17481,0.6718,-2.4585,0.00057657,-0.97948,0.023074
-0.64954,-3.6003,-0.91762,-0.37917,0.28301,-0.064163,-1.5624,0.086815
-0.62682,0.66432,-0.30529,-0.3937,-2.0835,-0.070215,1.4346,0.16049
-0.62998,-0.70647,0.062361,0.29355,-2.4562,-0.053131,-0.17599,0.10587
-0.30961,-1.7527,-0.019411,-0.38455,0.18629,-0.086509,-2.0579,0.057147
-0.5048,2.4731,-0.074568,-0.13828,-2.5521,-0.0031969,0.55253,0.061138
-0.68671,0.17085,-0.12638,-0.31296,-0.23674,-0.13483,0.87498,-0.046776
-0.62587,1.8208,0.42795,-0.53999,0.97902,-0.024458,-1.2413,-0.1
-0.51394,3.0418,-0.31546,0.29544,-1.9169,-0.010834,-0.40483,-0.16642
-0.79392,0.1818,-0.26885,-0.098512,2.7988,0.12554,1.5774,-0.096644
-0.67536,0.43294,0.68586,0.17852,-2.9549,-0.10319,-1.4595,-0.058653
-0.59948,-1.8338,-0.082283,0.30098,-0.15936,-0.03506,-0.89607,0.048629
-0.59497,-0.6758,-0.37425,-0.62685,2.2929,0.022306,1.6108,0.053788
-0.34362,0.40291,0.46438,0.597,-3.3641,-0.097348,-1.6207,0.14693
-0.51766,-3.2759,-0.75027,-0.58376,0.8643,-0.0080999,-2.6501,0.1203
-0.59349,1.6168,-0.099602,-0.33378,-1.9418,-0.09283,1.4068,0.030838
-0.58454,1.0792,0.35952,0.67592,-2.8468,-0.057162,-0.032764,-0.023728
-0.76898,0.97843,0.55709,-0.56566,1.9066,0.090813,-1.8182,-0.062644
-0.57952,2.948,0.50952,0.19168,-0.97398,-0.048569,0.62791,-0.098762
-0.56788,-0.49428,0.24433,-0.31223,1.1039,-0.084641,0.91207,-0.1037
-0.5554,-0.48726,0.51209,0.21221,-0.77089,-0.048254,-1.1722,-0.05858
-0.33939,-1.3695,-0.061418,-0.049172,-1.474,-0.014973,-0.36479,-0.024653
-0.51544,0.71164,-0.23007,-0.11035,2.4473,0.11664,1.3476,-0.067901
-0.56205,-0.78175,0.3281,0.50824,-2.0745,-0.038429,-0.84159,0.009396
-0.55589,-1.4684,-0.91885,-0.30297,1.7072,-0.018971,-1.4881,0.10261
-0.7042,2.8452,0.17262,0.097437,-1.2062,-0.026261,2.0039,0.035778
-0.62378,0.69583,0.23145,0.2224,0.61831,0.0063908,0.33512,0.052474
-0.52251,0.048362,0.19432,-0.078743,2.093,0.13807,-1.1387,-0.012946
-0.53141,2.8285,-0.54691,0.38267,-1.872,0.023866,0.71623,-0.085765
4.5325,-0.24055,1.0691,0.2667,3.8649,0.28139,1.2985,-0.066003
4.502,0.56087,0.57125,0.59127,-1.9863,-0.036164,-1.0355,-0.11799
4.4828,-1.48,-0.5264,0.24062,1.5241,-0.018663,-0.63033,-0.050013
4.4708,-1.2482,-0.26135,-0.0023102,1.8729,0.033896,1.6115,0.047022
-0.78956,-0.90292,0.0086364,0.44806,-2.0717,0.02239,-0.29988,0.053837
-0.81774,-3.7327,-0.30651,-0.72229,1.4952,-0.0011947,-0.91731,0.17414
-0.68528,0.39735,-0.045647,-0.23084,-2.3444,-0.038281,1.508,0.17567
-0.62208,0.82377,-0.011304,0.25426,-1.8154,-0.05172,0.098371,0.057463
-0.61094,-2.3819,-0.85041,-0.03754,1.416,-0.0035306,-1.3958,-0.025991
-0.50761,2.6123,-0.13868,0.0087244,-3.7171,-0.019632,0.068394,-0.046654
-0.63469,0.081005,0.43984,-0.16861,0.53128,-0.094858,0.64573,-0.1018
-0.60811,0.33666,0.79554,-0.46038,1.1823,-0.017444,-1.4957,-0.14143
-0.60708,2.4514,-0.36947,0.19467,-1.7608,0.019547,-0.17712,-0.073036
-0.70405,-0.98367,-0.38205,-0.23642,2.1111,0.027511,1.6124,0.053569
-0.66552,-0.76683,0.14765,0.087996,-2.816,-0.029374,-1.0319,0.073818
-0.5835,-0.63756,-0.8994,0.25028,0.73383,0.035462,-1.0374,0.10862
-0.57806,-0.25685,-0.90069,-0.57047,2.4682,0.053669,1.6043,0.078053
-0.47022,0.76608,0.9157,0.39335,-2.5261,-0.051893,-1.1034,0.17433
-0.49306,-2.1256,-0.48231,-0.55076,0.6789,-0.054351,-2.1531,0.048045
-0.58532,2.3086,0.20873,-0.074972,-0.40097,-0.043666,1.2592,0.019472
-0.57855,0.50996,0.37577,0.47651,-1.0682,0.0011477,0.43964,-0.062084
-0.67231,0.71335,0.92995,-0.50382,1.9774,0.069173,-1.2159,-0.12344
-0.67462,1.0398,0.016827,0.056254,-1.2163,0.0079054,-0.087652,-0.11171
-0.5576,-1.043,0.033703,-0.22515,2.369,0.057185,1.1262,-0.057411
-0.55128,-2.5182,-0.084448,0.12447,0.25587,-0.038108,-0.88673,0.0048448
-0.48332,-0.6868,-1.4254,0.19356,-1.3182,0.022274,-1.7593,0.069048
-0.32709,-0.40066,-0.684,-0.26318,2.732,0.060266,1.2492,0.062939
-0.56879,-0.64301,0.41544,0.59553,-1.7731,-0.057912,-0.76606,0.18451
-0.54907,-1.4591,-0.73966,-0.27426,2.539,0.1688,-0.76212,0.022611
-0.54495,3.8391,-0.21179,-0.11063,-1.5611,-0.082896,1.3735,0.010783
-0.65682,1.1984,0.49579,0.42502,0.29012,-0.090077,-0.27032,-0.031467
-0.57442,-0.53436,0.050572,0.095851,1.1595,0.044761,-1.4989,-0.092288
-0.53269,1.1278,-0.16863,0.10118,-3.2311,-0.0010663,0.79859,-0.080094
4.5246,-1.201,0.40739,0.088227,3.3995,0.17706,0.56168,-0.054199
4.5074,-0.57369,0.12534,0.24995,-2.2478,-0.046194,-1.0583,-0.05544
4.4906,-1.4226,-0.714,0.046067,0.35548,-0.012085,-0.34218,0.073648
-0.64196,-0.89397,-0.57156,0.011878,1.8047,-0.048665,0.9963,0.17757
-0.63723,-0.73639,-0.25134,0.31852,-3.2822,-0.0018236,-0.51646,0.13919
-0.69636,-2.2647,-0.5368,-0.76057,0.40075,-0.10711,-1.5306,0.2105
-0.64763,0.63466,0.50611,-0.16718,-2.5713,-0.070324,0.94341,0.096501
-0.61053,1.0372,0.85923,0.1375,-3.5888,-0.023579,-0.35299,-0.0044766
-0.59865,-2.3593,-0.52099,-0.30763,1.3922,-0.04348,-3.052,-0.062255
-0.52331,2.3763,0.5603,0.21141,-3.7454,-0.018926,0.028995,-0.17078
-0.54859,-0.71569,0.71888,-0.029961,-0.19554,-0.10697,0.54015,-0.12811
-0.59139,-1.8174,1.2247,-0.57976,0.60204,-0.052143,-1.6619,-0.054004
-0.59588,0.30121,0.044547,0.20385,-2.0569,-0.010737,-0.57379,0.021614
-0.71978,-2.0758,-0.75093,-0.58535,2.2081,-0.027153,1.3342,0.18008
-0.68418,0.50907,0.077142,0.054712,-1.4539,0.0017317,-0.78941,0.13588
-0.53839,-0.31042,-1.3637,0.14529,0.74546,-0.043954,-1.7371,0.23102
-0.57243,0.4739,-0.69812,-0.33697,1.7816,0.0028034,2.0057,0.12619
-0.57351,1.7551,1.1027,0.63761,-3.0369,-0.027288,-1.0858,-0.0043306
-0.38743,-1.8514,-0.033261,-0.36676,1.1646,0.014124,-1.925,-0.02256
-0.58603,2.9795,0.23643,0.041867,-0.32031,-0.0075544,0.63451,-0.11273
-0.55899,-0.10965,0.40722,0.30206,-0.70558,0.006763,0.25128,-0.11451
-0.5611,0.55114,0.38681,-0.43124,1.5239,0.014438,-1.4208,-0.063934
-0.70268,-0.84247,-0.098928,0.096172,-0.86198,0.029192,-0.33426,-0.044512
-0.62544,-1.3726,-0.65657,-0.21484,2.4182,0.10148,1.4086,0.056685
-0.54044,-2.2435,0.032771,0.34798,-0.44943,0.00094237,-1.3044,0.115
-0.53495,0.23883,-1.4,0.0056863,0.96176,-0.0095631,-1.1528,-0.013749
-0.24182,1.2932,-0.19517,-0.25466,2.12,0.070476,1.5793,0.041765
-0.51838,0.47926,0.39083,0.84247,-1.0149,-0.011488,-0.457,0.067344
-0.5352,0.20149,-0.28407,-0.043731,2.5831,0.13635,-1.4444,-0.0032354
-0.53326,3.6067,-0.070058,0.34961,-1.402,-0.020665,1.7045,-0.027306
-0.65894,1.0451,0.87028,0.25872,3.4126,0.24487,0.85962,-0.12595
-0.56081,-0.78148,0.074618,-0.19277,1.7123,0.08274,-1.1669,-0.10728
4.5484,-0.2301,-0.34252,-0.10771,0.44573,0.0037532,0.6199,-0.076711
4.5325,-2.5623,-0.27082,-0.24551,4.479,0.36805,1.8208,0.046803
4.5161,-0.49884,0.50545,0.63977,-1.4091,-0.010006,-0.69359,0.083894
4.5123,-1.5711,-0.638,-0.21104,2.0517,0.069892,-0.90303,0.091536
-0.72568,0.99719,0.083553,0.11646,0.078056,-0.058291,1.6848,0.19862
-0.63501,0.74048,0.187,0.83173,-1.1622,-0.0097043,-0.39358,0.11003
-0.81373,-1.8816,0.034018,-0.39142,1.1955,-0.03676,-1.0383,0.058169
-0.80003,1.909,0.67683,-0.20676,-2.044,-0.055339,1.1005,-0.03322
-0.58058,1.0496,0.50428,-0.017064,-0.5734,-0.1091,0.75103,-0.063034
-0.60047,-1.7837,0.14804,-0.21305,1.5728,-0.013317,-2.1577,-0.12091
-0.60419,2.3412,-0.27101,0.64275,-2.6902,-0.036016,0.35273,-0.066587
-0.47753,-1.3652,-0.18834,0.09535,0.81757,-0.13699,1.3999,-0.0025052
-0.57933,-1.4694,0.032649,0.26057,-1.4187,-0.002799,-1.5075,0.05868
-0.60046,-0.67471,-0.095131,0.21823,-1.0818,-0.0035948,-1.3466,0.30605
-0.59404,-0.80673,-0.27715,-0.57623,2.0679,-0.010673,1.2701,0.079854
-0.67366,1.7297,0.28396,0.35817,-2.3999,-0.027551,-1.2424,0.13279
-0.62934,-0.28348,-1.2193,-0.11388,0.76452,-0.0076186,-1.9791,0.10363
-0.56961,1.6456,-0.6757,-0.32122,0.053632,-0.0072399,1.5011,0.028209
-0.56528,1.7552,0.67636,0.50699,-3.1226,-0.04579,-0.48009,-0.038574
-0.40619,-1.3246,0.15995,-0.50248,1.5693,-0.029027,-1.626,-0.11429
-0.53649,1.6981,0.15711,0.13524,-1.8617,-0.084577,0.24853,-0.12359
-0.55763,-1.5065,0.5907,0.049118,-0.57611,-0.071922,0.7114,-0.079097
-0.55912,-1.9575,0.0069533,-0.081569,0.30513,-0.029348,-1.2804,-0.036457
-0.70229,-1.0856,-0.93467,0.14308,-1.921,-0.044288,-1.4541,0.083067
-0.6294,-1.2081,-0.84745,-0.52023,1.3345,-0.13219,1.3301,0.11792
-0.53855,-0.97189,0.68451,0.46607,-1.1351,0.00478,-0.87833,0.17163
-0.53105,-0.042176,-1.0089,-0.050154,1.5409,0.0021296,-1.2338,0.021492
-0.38139,2.4141,-0.12155,-0.41135,-0.15203,-0.085938,1.7944,0.063012
-0.4851,0.7201,0.24803,0.41412,-1.3929,-0.082909,-0.4071,0.0043094
-0.49806,0.399,-0.26189,-0.16173,2.5397,0.14072,-1.1612,-0.070943
-0.5227,2.5763,-0.062034,0.48153,-2.6395,0.011942,1.1639,-0.11456
-0.67566,-0.010894,0.20751,0.11765,3.3723,0.25204,1.1476,-0.10163
4.5576,-0.75275,0.12287,0.080757,-0.38587,-0.011912,-1.2244,-0.087761
4.5438,-1.0433,-1.0584,-0.028374,-0.08522,-0.052329,-0.6394,0.022295
4.5299,-2.7732,-0.81643,-0.25322,3.3435,0.20567,1.2452,0.14172
4.4931,0.73957,0.53174,0.65886,-1.9358,0.020182,-0.96042,0.039453
-0.48325,-2.2149,0.007358,-0.30388,0.72154,-0.058606,-0.97114,0.23301
-0.6123,1.3327,0.54946,0.10429,-1.2831,-0.046669,1.9367,0.12026
-0.63334,0.76312,0.16577,0.24188,-1.3889,-0.084712,-0.46943,0.081144
-0.62492,-0.64184,-0.61924,-0.46712,0.80486,-0.030362,-1.356,-0.023046
-0.81006,2.0904,0.14676,-0.077676,-3.27,-0.018856,-0.24947,-0.072355
-0.62887,0.28438,0.30162,-0.0012119,-0.54775,-0.02166,0.6598,-0.10531
-0.61228,-2.2956,0.75426,-0.16584,0.95778,-0.001907,-1.7315,-0.083137
-0.60609,0.90011,-0.55527,0.68095,-2.52,-0.020146,0.02904,0.0036036
-0.39994,-2.4949,-0.29962,-0.2774,2.0993,-0.0060399,1.5125,0.14518
-0.54219,-0.71826,-1.2051,0.033395,-2.2021,-0.057123,-1.1186,0.27852
-0.61218,0.3762,-1.3871,0.38736,-0.45203,-0.074508,-1.8417,0.26947
-0.59943,0.21208,-0.38118,-0.44837,2.6305,0.14377,2.6855,0.14158
-0.77,1.8901,0.33101,0.49114,-2.1117,-0.034938,-0.73807,0.16669
-0.62447,-1.2199,-0.60736,-0.62101,1.6195,-0.016096,-1.6312,0.016454
-0.44672,1.4809,0.17013,-0.37641,-0.3475,-0.011533,1.2601,-0.033536
-0.56885,0.90675,1.1022,0.2648,-2.5185,-0.069374,0.015689,-0.092872
-0.54389,-0.64896,0.00080546,-0.34064,2.4889,0.11908,-1.6362,-0.10197
-0.46139,1.4979,0.10433,-0.20975,-1.8646,-0.033205,0.43742,-0.08944
-0.61614,-2.0356,0.29004,-0.12953,0.6408,-0.021814,1.3065,-0.010026
-0.57028,-2.1961,-0.49114,-0.26396,0.33872,-0.0054751,-0.70906,0.091366
-0.68346,0.64077,-0.73633,0.20855,-0.056756,-0.0011882,-0.97133,0.064765
-0.77219,-0.90755,-1.0808,-0.69034,2.0383,-0.0093705,1.9601,0.12943
-0.56258,0.94079,0.51003,0.43205,-1.1436,0.025149,-0.60274,0.015018
-0.54109,0.19266,-0.14436,-0.09559,1.4689,-0.050308,-1.0428,0.011708
-0.54281,2.8252,0.0049554,-0.28044,0.34404,-0.047048,1.6222,-0.038428
-0.27935,1.2425,0.75484,0.84581,0.021815,0.029616,-0.18946,-0.055026
-0.48837,-0.59684,-0.66036,-0.23422,2.6517,0.16658,-1.2729,-0.11499
-0.53385,1.362,0.4814,0.76894,-1.6971,-0.012759,2.3017,-0.11181
-0.53465,-1.49,0.12509,0.30421,4.1256,0.33301,1.2574,-0.053177
4.5459,-1.4129,-0.45141,-0.053379,0.2492,0.033094,-0.69492,-0.027525
4.5336,-1.4053,-1.0819,-0.21874,1.1475,-0.083069,0.071515,0.17034
4.5089,-0.48847,0.23185,-0.2279,3.5626,0.28874,2.2593,0.1738
4.5522,-0.13711,0.21527,0.50806,-0.083551,0.023493,-0.48421,0.057901
-0.38676,-1.8066,0.094461,-0.50763,1.2999,-0.049396,-0.76016,0.11785
-0.55875,1.3079,1.0539,-0.27562,-1.309,-0.044891,2.3379,0.027625
-0.63193,1.135,0.60235,0.52999,-0.43384,-0.055127,0.12314,-0.034729
-0.63365,-0.66058,-0.26442,-0.74837,2.4153,0.16291,-0.68223,-0.076225
-0.60302,1.6783,-0.65541,0.066363,-1.1827,0.014689,0.73694,-0.10674
-0.6781,-0.48603,0.26219,-0.15577,-0.42908,-0.016488,1.0884,-0.051668
-0.5789,-3.4971,0.18288,-0.076944,1.9405,0.095408,-1.299,0.01918
-0.60509,0.23011,-0.29972,0.54631,-1.7681,0.017795,0.10837,0.17431
-0.61336,-1.5321,-0.40236,-0.1758,2.1646,0.061761,1.9169,0.12174
-0.4583,-0.4818,-0.50989,0.27098,-1.3844,-0.010968,-1.5055,0.36984
-0.54903,2.0439,-1.003,0.53433,-0.23312,-0.078506,-1.2676,0.13177
-0.59897,1.0023,0.082956,-0.34723,3.1045,0.16663,2.1664,0.080609
-0.58831,2.7737,1.106,0.6596,-1.6056,0.009991,-0.077537,-0.026721
-0.8115,0.068655,-0.11833,-0.30047,1.6315,-0.030645,-2.2066,-0.080946
-0.59972,1.4866,0.2901,-0.28882,0.78788,-0.033873,2.4417,-0.093359
-0.5765,0.084839,1.5262,0.14998,-2.1505,0.00015302,0.48016,-0.11151
-0.57612,-1.775,0.22636,-0.44613,2.4529,0.17363,-0.68385,-0.032076
-0.23137,0.88757,-0.066332,-0.021784,-0.22954,0.03835,0.70555,0.039186
-0.50852,-2.7633,-0.78718,-0.38317,1.3894,-0.02775,1.4458,0.083383
-0.57032,-1.2184,-0.89681,0.041134,1.0759,0.0091375,-0.63467,0.13184
-0.56363,0.023708,-0.89579,0.15126,0.96569,-0.029085,-0.57326,0.096282
-0.82762,0.83913,-0.14173,-0.35667,2.6493,0.13516,2.4049,0.064327
-0.62199,1.1918,0.69977,0.63127,-1.2477,0.021549,-0.5034,0.009396
-0.55074,0.7609,-0.068837,0.025707,2.4097,0.19024,-0.48301,-0.034096
-0.54036,2.4066,0.1813,-0.28849,0.45108,0.015671,2.6854,-0.054734
-0.35843,0.61351,0.71017,0.48034,-0.09409,0.012205,0.26676,-0.10782
-0.40633,-2.3345,-0.1665,-0.5451,2.0057,0.10161,-1.2001,-0.10249
-0.59604,0.08295,0.45403,0.44917,-3.8923,-0.019106,1.3371,-0.029277
4.5688,-2.3259,0.13598,0.0012417,3.6983,0.2784,1.4981,-0.029277
4.546,-1.5685,-0.24915,0.073063,-1.6237,-0.032044,-0.87915,0.14374
4.5189,-0.26772,-2.4896,0.34498,1.049,-0.094685,-0.95896,0.19042
4.4875,1.1547,0.5367,0.24179,1.0537,-0.042087,1.7544,0.17772
-0.63657,0.95368,0.783,0.62034,-0.87442,-0.068675,-0.75154,0.079075
-0.63973,0.36602,0.81417,-0.4908,0.6805,-0.052689,-0.54256,-0.020418
-0.47036,2.2617,0.8915,0.042406,-1.7663,-0.086047,1.985,-0.056535
-0.67748,0.84849,0.87429,0.60773,-1.9223,-0.08563,0.058831,-0.099492
-0.62871,-1.8787,-0.41522,-0.63868,1.3779,-0.019369,-1.7344,-0.095379
-0.63101,1.7403,-0.33842,0.39155,-2.245,-0.010423,0.43624,-0.042152
-0.83494,-1.7255,0.033574,0.21947,-1.0248,-0.094518,0.84003,-0.023533
-0.69253,-2.6971,-0.35129,-0.26128,0.81857,0.0088423,-1.5741,0.19191
-0.59893,0.86426,-1.0442,0.42351,-2.6729,-0.051668,-0.25534,0.20875
-0.60529,-0.79146,-0.75088,-0.60465,2.5964,0.055343,1.2252,0.14995
-0.40645,1.8644,0.062405,0.47205,-2.4731,-0.098413,-1.116,0.23255
-0.54023,2.7607,0.048799,0.78565,0.57999,-0.061179,-1.3637,0.082994
-0.60016,1.9393,-0.056735,-0.16038,3.5689,0.27247,2.8634,-0.011096
-0.59684,2.016,1.2265,0.59113,-2.5023,-0.0073105,-0.24955,-0.088418
-0.66995,-2.2558,-0.90185,-0.47629,0.43556,-0.064728,-2.7934,-0.084913
-0.64087,1.3888,-0.57349,-0.014366,0.86611,-0.049063,1.5169,-0.098932
-0.57143,-0.91565,1.2589,0.36045,-1.2237,-0.029117,0.88633,0.015724
-0.56736,-3.5005,0.37397,-0.4191,2.0692,0.12362,-0.95,0.048969
-0.43445,0.72232,-0.41014,0.092749,-1.0455,-0.013484,-0.078359,0.19327
-0.39698,-1.4469,-1.0449,-0.26619,2.4172,0.089067,1.6558,0.15489
-0.51827,-0.23539,-0.35174,0.12176,0.42129,0.041276,-0.99139,0.15114
-0.56466,0.49119,-0.79355,0.15768,1.3158,-0.0034151,-0.52025,0.089419
-0.6554,2.2059,0.28833,-0.33389,2.7935,0.16401,2.1907,-0.012678
-0.65244,0.99355,1.1962,0.68072,-0.54632,-0.025639,-0.71446,-0.052301
-0.49366,0.72546,-0.17004,-0.34028,2.9492,0.24198,-0.62384,-0.066636
-0.53606,1.6725,0.54903,-0.019222,0.45131,0.019162,2.7866,-0.10516
-0.5399,0.47232,0.91151,0.1988,1.7633,0.03371,0.99432,-0.045145
-0.3764,-3.2677,-0.092619,-0.13489,1.9823,0.065804,-1.1876,0.015943
-0.48481,1.4,-0.51466,0.35524,-0.20129,0.035167,2.5448,-0.036116
4.5638,-1.4037,-0.9273,-0.50147,4.4325,0.39973,1.6894,0.09139
4.536,-0.3751,-0.017946,0.45375,-0.8634,-0.05249,-0.76335,0.18
4.4961,0.87761,-2.0513,-0.038246,2.3058,0.11113,0.031776,0.1333
-0.65752,1.8117,0.91763,0.14405,0.82042,-0.057354,1.8103,0.048775
-0.63495,1.4908,0.73686,0.83195,-0.67165,-0.053587,-0.89544,-0.0174
-0.63517,-0.029068,0.56442,-0.051644,0.24531,-0.029907,-0.83456,-0.067877
-0.52844,1.862,0.64309,0.21545,0.015194,-0.083935,2.0232,-0.10134
-0.56548,0.47403,0.65742,0.6516,-2.3285,-0.11073,0.01122,-0.092044
-0.60933,-3.6939,-0.57918,-0.47315,1.6807,0.076701,-2.0426,-0.057631
-0.61681,-0.63581,-0.25456,0.086448,-1.4835,-0.062854,0.78075,0.13503
-0.91984,-1.7688,-0.11611,-0.024951,0.41564,-0.15397,0.98724,0.19062
-0.7522,-1.953,-0.97627,-0.23163,0.69486,-0.039584,-1.087,0.37468
-0.60413,2.9719,-0.75275,0.98585,-2.1207,-0.089101,-0.55338,0.24521
-0.59279,-0.054968,-0.22272,-0.33646,2.6727,0.11985,1.9635,0.16638
-0.54099,2.5274,0.71116,0.25393,-2.8007,-0.10955,-0.57006,0.010272
-0.43722,2.0731,0.58462,0.46016,-0.60633,-0.11891,-1.7476,-0.045243
-0.66315,1.8576,0.42694,-0.10615,2.7122,0.16763,1.8753,-0.11709
-0.58607,0.57403,1.4614,0.64047,-2.7295,-0.099896,-0.1702,-0.12067
-0.68266,-2.4827,-0.2364,-0.15642,0.38905,-0.03522,-2.9767,-0.061573
-0.67123,0.64819,-0.40771,-0.068254,-1.2467,-0.05833,0.57537,0.0046745
-0.52283,-1.4474,0.34017,0.20251,-1.225,-0.12514,0.51037,0.092169
-0.5586,-2.3027,-0.043193,-0.59495,0.9859,-0.074893,-1.343,0.1821
-0.56247,1.1553,-0.26061,-0.0050014,-2.0013,-0.039212,-0.082187,0.061966
-0.30127,-0.46347,-0.60477,-0.37035,1.4462,-0.12362,1.1102,0.14111
-0.51589,0.8295,0.74117,0.21128,-1.887,-0.0010791,-1.4555,0.086717
-0.56005,0.89299,-0.30743,0.019451,-0.32972,-0.041124,-1.1107,-0.012557
-0.55933,1.9244,0.58702,-0.30049,1.1951,-0.027949,2.5461,-0.053444
-0.77045,0.80917,1.0706,0.79705,-2.3527,-0.023406,-1.2326,-0.12103
-0.58683,-0.376,-0.27491,-0.33499,1.5367,0.017551,-1.7585,-0.098299
-0.52848,1.9481,0.43265,0.49781,-1.0247,-0.023662,2.0324,-0.06722
-0.53182,-2.3422,0.064937,0.19548,1.8225,0.032465,0.76712,0.026067
-0.27123,-2.522,-0.46746,-0.17008,0.5385,-0.015506,-0.59717,0.11512
4.5841,0.94658,-1.8612,0.26323,-0.032743,-0.050481,-0.037529,0.085111
4.5594,-0.6966,-0.069332,-0.25491,2.3689,0.15727,2.0114,0.20721
4.5135,0.80805,0.42243,0.69157,-0.9696,-0.0026193,-1.0083,0.12607
4.4685,0.55188,-0.54943,-0.15836,1.0489,-0.06166,-0.33414,0.038407
-0.73051,2.4203,0.99744,0.24876,-0.80778,-0.056777,2.54,-0.036603
-0.63128,0.87425,0.94588,0.58804,-1.8357,-0.093363,-0.58678,-0.098689
-0.62256,-1.3564,0.75408,-0.19725,0.24461,-0.10386,-1.6137,-0.10548
-0.6192,1.6691,0.6936,0.20395,-1.7756,-0.055532,1.3098,-0.074326
-0.4463,-0.044205,0.66183,0.17558,-2.5852,-0.093093,0.53058,-0.073913
-0.54042,-3.6671,-0.22887,-0.47182,1.8166,0.057987,-0.81284,0.12768
-0.61771,-0.34206,-0.99119,0.37962,-2.3036,-0.0299,0.097183,0.17429
-0.60627,-0.74776,0.10372,-0.082474,-1.3921,-0.12535,1.4196,0.093751
-0.77064,-0.46186,-0.6914,0.31743,0.824,-0.091399,-1.1977,0.23613
-0.58529,3.063,-1.7012,0.80731,-1.1112,0.012333,-0.45552,0.13534
-0.58493,1.6576,-0.42267,0.16564,2.4998,0.051936,1.5712,0.054567
-0.59029,2.3924,1.1353,0.096512,-1.4495,-0.1101,-0.84363,-0.053104
-0.3657,0.13666,0.33124,-0.54486,0.91627,-0.021005,-1.5126,-0.11344
-0.52902,0.61654,0.25968,-0.44133,2.0036,0.026394,1.8613,-0.1231
-0.57368,0.91256,1.1665,0.40284,-2.6315,-0.12175,0.16125,-0.087639
-0.57347,-4.5375,-0.29562,-0.26612,0.054935,-0.059318,-2.7169,-0.024774
-0.86567,0.36962,-0.31664,-0.14776,-2.3327,-0.02399,0.79922,0.18015
-0.68679,-1.0741,0.13079,0.26003,-1.4801,-0.11046,0.82498,0.15703
-0.55512,-1.1313,-0.98209,-0.41698,1.0269,-0.051001,-1.3314,0.16119
-0.55655,1.2346,-0.181,0.21422,-2.3668,-0.06587,-0.638,0.083529
-0.29727,0.60622,-0.32225,-0.4502,1.49,-0.083813,1.2225,0.042569
-0.44204,1.3844,1.2327,0.27355,-1.7196,-0.0033317,-0.9441,-0.014625
-0.65752,0.80797,-0.34158,-0.19668,-0.43331,-0.094524,-1.2536,-0.06077
-0.54108,1.6535,1.1015,-0.36649,0.49268,-0.095686,1.4472,-0.092458
-0.72255,0.42716,0.46189,0.79031,-2.5604,-0.0074902,-0.88179,-0.07788
-0.63263,-1.5428,-0.70394,-0.29458,1.5079,0.0097215,-1.4503,-0.04607
-0.54357,1.7165,-0.9147,0.29941,-2.5076,-0.019594,0.85936,0.051574
-0.52277,-2.4917,-0.60347,0.17325,1.7252,0.001751,0.59854,0.10809
4.461,0.042351,0.36658,-0.17342,0.13173,0.00086536,-0.78773,-0.022243
4.5644,0.79597,-0.91385,-0.020481,-0.66377,-0.057803,-0.35594,0.12412
4.5276,-0.4671,0.20474,-0.11075,2.332,0.10541,1.8338,0.24528
4.4767,1.5065,1.0212,0.56644,-1.4051,0.012795,-0.97689,0.039478
-0.65606,1.1937,0.12196,-0.018098,0.72695,-0.063804,-1.5666,-0.051132
-0.79301,2.0093,1.1814,0.26567,-0.77971,-0.007548,1.8393,-0.10022
-0.68165,0.87763,1.1035,0.58689,-2.5099,-0.053991,-0.79217,-0.1121
-0.62205,-2.412,0.21242,-0.31496,0.3322,-0.020062,-2.2339,-0.0716
-0.62661,1.5538,-0.09402,0.062394,-1.7789,0.0028034,1.0794,-0.052276
-0.33966,-1.4371,0.08205,-0.057765,-2.3683,-0.050109,0.73356,0.067174
-0.46869,-4.8786,-0.38938,-0.37432,1.571,0.030437,-2.2162,0.36278
-0.62809,0.62307,-0.69163,0.20106,-3.3772,0.017827,0.20057,0.23929
-0.62322,-1.2723,0.12368,-0.067072,1.1586,-0.099068,1.3924,0.27332
-0.88298,1.6393,-0.18689,0.20047,-1.1356,-0.050276,-1.738,0.097158
-0.67347,3.3831,-0.8094,0.4871,-3.3244,-0.021288,-1.2538,-0.0089061
-0.59509,1.3942,-0.029561,-0.1451,3.2845,0.19517,1.4031,-0.091168
-0.59008,1.7133,0.80565,0.0046779,-0.78004,-0.059684,-0.39958,-0.12346
-0.52822,-1.2455,0.17735,-0.14104,-0.3109,-0.029239,-1.7152,-0.10246
-0.46166,0.31169,-0.63914,-0.45135,1.59,-0.015024,2.0418,-0.067268
-0.52774,-0.20183,1.0001,0.60163,-2.786,-0.10633,-0.59251,-0.012119
-0.58583,-3.9634,-1.3838,-0.39402,1.3677,0.041186,-2.0588,0.11181
-0.67317,1.0463,0.80209,-0.034727,-1.8405,-0.020492,1.2759,0.096477
-0.69303,-0.61073,0.26653,0.19686,-0.57009,-0.073276,0.22053,0.16662
-0.56632,0.23728,0.57734,-0.32496,1.1992,-0.032743,-1.1251,0.092437
-0.55404,1.5196,0.29638,0.19439,-1.2622,-0.036407,-0.068013,0.041157
-0.54701,1.0742,-0.25018,-0.17623,2.1457,0.046609,1.4451,-0.052933
-0.53228,0.91274,1.3877,0.50247,-1.3872,0.017814,-1.3512,-0.060356
-0.51734,0.83231,-0.74384,-0.16958,-0.16216,-0.034193,-1.7073,-0.083234
-0.54356,0.34606,0.21812,-0.030359,2.3361,0.10156,1.5381,-0.068437
-0.54094,0.46843,-0.081249,0.60181,-1.8549,-0.06372,-0.37665,-0.041714
-0.6894,-3.1582,-0.70374,-0.44934,2.1452,0.13667,-1.0016,0.019813
-0.58712,0.52936,-1.4556,-0.0032864,-2.196,-0.046521,1.2,0.18108
-0.51648,-1.6049,-1.2194,-0.37438,2.2502,0.12211,0.66706,0.23954
4.5614,0.47736,-0.13437,-0.096123,0.56799,-0.0052698,-1.017,-0.0058395
4.5289,1.9387,-0.19049,0.030948,-0.53089,0.030848,0.89224,0.11198
4.4831,0.52781,0.60807,0.054385,3.8116,0.33053,1.7111,0.012876
4.4399,2.118,0.6913,0.59899,-2.1617,0.014669,-1.1711,-0.061695
-0.64428,-0.27386,-0.85225,-0.10728,1.2982,-0.010089,-1.1265,-0.10068
-0.83853,1.199,0.23781,0.14088,0.21221,-0.045058,1.3031,-0.11125
-0.75474,-0.52379,1.129,0.29323,-2.4787,-0.078821,-0.82814,-0.030348
-0.61887,-3.3991,-0.40659,-0.18196,1.3988,-0.047439,-1.883,0.020299
-0.62454,0.25713,0.035585,0.16131,-1.4848,-0.085668,1.242,0.025021
-0.52322,-0.72784,0.10292,0.031783,-2.3168,-0.081381,0.47399,0.14041
-0.53454,-2.8962,-0.36187,-0.53081,2.3691,0.097564,-2.0763,0.14615
-0.64623,2.0418,-0.79091,0.0057827,-2.7629,0.0093942,0.51385,0.16927
-0.61452,-0.085794,0.3401,0.21899,1.1034,-0.065915,1.3254,0.061479
-0.60262,2.2051,0.71071,0.49117,-1.5332,-0.053221,-2.1411,-0.062474
-0.6938,2.1329,0.13974,0.51548,-1.7917,-0.027417,-0.62983,-0.097837
-0.57933,0.82451,-0.17205,-0.41958,3.6751,0.22193,1.8886,-0.12281
-0.58818,0.32543,0.44007,0.07585,-0.041606,-0.036061,-0.50923,-0.095427
-0.58061,-1.501,-0.70189,-0.41138,0.90097,-0.055179,-1.8642,-0.02531
-0.37485,0.70315,-0.5145,-0.37779,1.5801,0.022486,2.1649,-0.024385
-0.49661,-1.2503,0.8344,0.37548,-1.3853,-0.0099738,0.30347,0.14491
-0.58388,-2.9982,-0.49332,-0.10673,2.5689,0.19726,-1.3715,0.15206
-0.58048,1.7505,0.14907,-0.14753,-0.71141,-0.0025038,0.97895,0.11548
-0.7161,0.11246,-0.29094,0.21157,1.5714,-0.031742,0.65477,0.14187
-0.57363,1.2175,0.49469,-0.27739,1.3558,0.062403,-0.98797,-0.0056935
-0.5565,1.557,-0.196,0.015038,0.53711,-0.020165,0.048338,-0.064859
-0.55562,0.4074,-0.23674,-0.35383,3.0662,0.23218,1.2035,-0.099735
-0.35336,0.53061,1.1845,0.25421,-0.23163,-0.0608,-0.15624,-0.087298
-0.44909,-1.3872,-1.4219,-0.46065,1.8952,0.087976,-1.3136,-0.04736
-0.55769,0.74067,0.29939,0.092164,1.8374,0.079319,2.3656,-0.070992
-0.55483,-2.402,0.44494,0.60728,0.54972,0.024488,0.30381,0.076934
-0.62298,-2.6056,-0.2782,-0.3731,3.1894,0.28075,-0.5207,0.11855
-0.65087,1.7602,-1.6113,0.21307,-1.1802,-0.027134,1.1234,0.17261
4.1917,0.29444,0.43642,0.36959,3.691,0.32493,1.3829,0.02838
4.5371,1.364,0.60735,0.47217,0.45669,-0.0347,-0.82024,0.032079
4.4926,1.4232,-0.58503,0.1029,1.7853,0.037997,-0.47503,-0.010975
4.4536,1.4041,0.33006,-0.0093368,2.7448,0.2372,1.8345,-0.09275
-0.62504,1.3211,1.3643,0.64283,-0.73653,-0.055538,-0.47698,-0.12943
-0.64253,-2.7232,0.060382,-0.41425,2.2239,0.11653,-0.11621,-0.089464
-0.63879,0.99592,-0.25591,-0.060559,0.031128,-0.015326,1.4366,-0.0088817
-0.76651,-0.67591,-0.30201,0.33998,-1.4964,-0.10278,0.048396,0.027211
-0.62118,-2.6159,-1.3132,-0.36799,2.0553,0.099701,-0.63161,0.0031898
-0.61375,0.57441,-0.90969,-0.23238,-0.096704,-0.016257,1.5308,0.18115
-0.60852,-0.83046,-0.067418,0.011043,0.29393,-0.049416,0.76639,0.24606
-0.33688,-0.41965,0.45005,-0.17136,1.396,0.028512,-1.2856,0.15221
-0.55392,2.4242,-0.35693,0.33303,-2.4136,-0.024343,0.17415,-0.0015074
-0.60482,0.38619,0.04438,-0.19976,2.1278,0.013758,1.5192,-0.081019
-0.60116,2.0625,0.93407,0.23059,-2.0843,-0.077768,-1.4949,-0.11407
-0.76397,1.1717,0.46671,0.98339,-0.54562,-0.075702,-1.3527,-0.1214
-0.60945,-0.68762,-0.74192,-0.6031,2.6553,0.037317,1.5105,-0.059212
-0.57945,-0.39135,0.70004,0.5153,-2.0955,-0.053574,-1.2998,-0.0018238
-0.58284,-3.2207,-0.91094,-0.4569,1.176,-0.0052377,-1.8278,0.032201
-0.39482,0.98325,-0.62354,-0.16867,-0.47944,-0.091585,1.3071,0.031665
-0.44761,-0.36241,-0.23936,0.35489,-3.1047,-0.1224,-0.36876,0.16126
-0.54348,-0.63531,-0.14771,-0.4471,2.2829,0.19026,-1.1773,0.14111
-0.57038,2.9175,-0.0041924,-0.1202,-0.22269,-0.092676,0.59737,0.05537
-0.77796,0.61619,0.20615,-0.36104,1.3972,-0.056635,1.0721,-0.019031
-0.73535,1.1393,0.57378,0.28053,-0.31728,-0.0022728,-0.97385,-0.0955
-0.59131,0.41725,0.2229,0.0094694,-0.00086866,-0.044641,0.74466,-0.11709
-0.5527,0.12783,-0.065786,-0.15395,2.7407,0.14538,1.7786,-0.088759
-0.54237,0.70105,0.8696,0.77269,-1.5992,-0.011662,-0.33738,-0.06481
-0.3364,-2.2741,-0.79337,-0.41878,1.8177,0.067684,-1.4692,0.0084468
-0.58887,1.279,-0.084615,-0.0013082,-0.88677,0.014028,2.3123,-0.026527
-0.54795,-0.89851,0.19716,0.28348,1.5468,0.090884,0.70309,0.079075
-0.54301,-0.45586,0.10871,-0.15548,2.373,0.21986,-0.40505,0.095163
-0.7253,2.6222,-0.36124,0.65126,-0.57116,0.019373,1.2667,0.14435
4.5563,-0.028901,-0.055328,-0.13111,4.2409,0.36093,1.8219,0.037385
4.5125,2.1795,0.4483,0.51855,-0.66307,-0.0086967,0.20367,-0.036311
4.4732,1.0097,-0.52862,0.18815,1.6846,0.023827,-0.47086,-0.078999
4.4461,1.4819,0.59667,0.29601,1.9702,0.05293,2.0136,-0.11806
-0.59927,-0.45763,0.90412,0.67453,-1.2599,0.0059223,-0.067217,-0.09202
-0.63699,-3.9599,-0.15365,-0.3931,1.3099,0.0094135,-0.7725,-0.025772
-0.63656,-1.2171,-0.031861,-0.1914,-1.1557,-0.047561,1.4844,0.050235
-0.89929,-0.27682,-0.51062,0.10103,-1.8622,-0.073918,0.38587,0.092899
-0.74459,-2.3349,-0.47808,-0.41189,1.5938,0.070418,-1.9628,0.054032
-0.60587,1.2531,-0.78713,-0.34382,-1.1187,-0.020845,0.89508,0.18305
-0.60545,-0.26174,0.037924,-0.15903,2.326,0.096062,1.3581,0.078053
-0.38315,1.1744,0.42046,-0.54525,0.25962,-0.038192,-1.1536,0.00034232
-0.49466,3.2373,-0.18011,0.23122,-1.8651,-0.064831,-0.050122,-0.065905
-0.6485,0.76221,0.13719,-0.20639,2.3489,0.057641,1.7971,-0.15209
-0.59867,0.76625,1.1078,0.14346,-1.583,-0.067481,-0.62169,-0.099151
-0.64741,0.051996,-0.17552,0.35227,0.33243,0.014855,-0.78802,-0.0716
-0.738,-0.91893,-0.79484,-0.40111,1.7728,0.029269,1.8547,0.0061834
-0.62903,-0.65555,0.092586,0.57624,-3.1612,-0.023476,-0.96556,0.10699
-0.57369,-3.069,-1.1856,-0.57036,1.3917,0.025977,-1.8694,0.015894
-0.56002,1.726,-0.083555,-0.33841,-1.0938,-0.083486,1.0383,0.040427
-0.34529,-0.27495,-0.020362,0.18703,-1.7506,-0.07137,0.25576,0.14092
-0.49018,0.61146,0.46959,-0.22441,1.3061,0.030078,-1.2873,0.061065
-0.56467,2.5634,0.22315,-0.072699,-1.4052,-0.10708,-0.037452,-0.028401
-0.56086,0.70132,0.37043,-0.34047,1.7941,0.04564,1.4462,-0.074253
-0.75827,0.7567,0.65359,0.5294,-1.5558,-0.042125,-1.0818,-0.1174
-0.58224,-1.1906,0.47188,0.13995,-0.1681,0.0056849,-0.83606,-0.085838
-0.53904,0.43641,-0.26075,-0.19289,1.971,0.013168,1.6784,-0.094551
-0.53956,-1.4571,0.81231,0.61209,-1.9192,-0.04819,-0.54958,0.005648
-0.40617,-2.4779,-1.3615,-0.32421,1.5679,0.044119,-1.4411,-0.0067643
-0.40993,0.53771,-1.3156,-0.020102,-1.5961,-0.0056548,0.97364,0.14581
-0.54338,-1.0764,-0.096384,0.153,1.7581,0.089992,0.70689,0.15771
-0.53227,-0.27435,0.052384,0.16613,1.3951,0.078055,-0.8703,0.12281
-0.76112,1.9999,-0.60214,0.20171,-1.1907,-0.010352,1.0698,0.019472
4.5327,0.37308,-0.25582,-0.15412,3.5235,0.2817,1.3495,-0.037673
4.4941,1.6519,0.83348,0.54684,-1.5828,-0.06913,-0.68732,-0.12906
4.4636,-0.50173,-0.42696,-0.090965,1.7723,0.095132,-0.21518,-0.10684
-0.38669,0.5615,-0.065433,-0.045575,0.96329,-0.051533,1.7417,-0.048552
-0.53645,-0.87463,0.15626,0.47128,-2.4353,-0.011905,-0.17328,-0.033755
-0.61096,-3.8585,-0.23367,-0.51642,1.0387,-0.055031,-1.0097,0.15447
-0.6207,-0.70841,-0.69967,-0.16437,-1.3377,-0.078724,1.3918,0.11544
-0.79993,0.46387,-0.3188,0.093487,-1.8515,-0.09086,0.56279,-0.025967
-0.72774,-1.6564,-0.42979,-0.013878,1.3897,0.033838,-1.7457,0.12899
-0.66141,2.4367,-0.42137,-0.011084,-1.724,-0.013369,0.51412,0.16311
-0.59636,0.66399,0.176,0.021166,1.232,-0.031742,1.4941,-0.027257
-0.58319,1.5066,0.46136,-0.37922,0.017923,0.008284,-1.2276,-0.090268
-0.39459,3.0398,-0.353,0.2484,-1.8368,-0.02723,-0.13679,-0.1462
-0.58419,-0.15864,-0.23206,-0.22678,2.6127,0.10141,1.7906,-0.1367
-0.58237,0.2469,0.70153,0.17708,-1.0674,-0.039789,-0.46532,-0.073134
-0.58319,-1.4812,-0.95065,0.0689,1.6704,0.10521,-1.0571,0.038553
-0.76059,-0.87881,-0.6876,-0.62522,1.8694,0.046667,2.3448,0.10392
-0.61018,0.31599,0.47555,0.51225,-2.3125,-0.097181,-0.41322,0.10427
-0.55578,-3.2525,-1.1177,-0.50133,1.0047,-0.05222,-1.8035,0.090052
-0.55757,2.1361,-0.36523,-0.35455,-0.43126,0.016428,3.2142,0.10066
-0.26347,1.1027,0.031024,0.5912,-1.9937,-0.059356,0.27862,0.024364
-0.43732,1.0024,0.1613,-0.44652,1.1556,-0.037993,-1.0205,-0.045145
-0.56957,2.3912,0.079615,-0.030513,0.59804,-0.0024332,0.84891,-0.10893
-0.55446,-0.42962,-0.3089,-0.31961,1.8074,0.065316,1.8355,-0.13666
-0.7562,-0.63477,0.37131,0.20853,-0.24667,-0.021673,-0.82212,-0.078926
-0.68145,0.47136,-0.75511,0.30524,0.022695,0.018841,-0.41085,-0.083988
-0.55949,-0.14551,-0.32324,-0.38056,2.2901,0.051044,1.6941,-0.0057908
-0.53105,-0.75922,0.038733,0.72465,-1.6,-0.056905,-0.39507,0.047972
-0.52637,-2.0027,-0.64985,-0.49465,2.3381,0.20098,-1.0123,0.05374
-0.27507,2.6843,-0.48449,0.09447,-1.7826,-0.059587,2.0178,0.12062
-0.50373,0.52288,0.88794,0.53103,1.6185,0.03269,0.57708,0.12125
-0.52739,0.077993,0.59942,-0.1371,1.8446,0.10245,-0.81897,0.0064511
4.5473,2.0719,0.46587,0.058309,-1.2903,-0.0052826,1.1139,-0.056365
4.5063,-0.64232,0.31379,-0.34558,4.1826,0.40127,1.9116,-0.12356
4.478,0.56495,0.47911,0.54601,-1.3211,-0.04407,-0.44005,-0.11305
4.8112,-0.90543,-1.2255,0.033986,1.9675,0.074249,-0.61654,-0.049599
-0.61728,0.094523,0.3043,-0.10132,1.0833,-0.010705,2.109,0.012317
-0.3574,-0.37974,0.14278,0.34824,-1.7703,-0.024189,-0.34936,0.094506
-0.45442,-3.1368,0.40067,-0.55108,1.3838,0.058032,-1.2701,0.14179
-0.62193,0.10256,0.14601,-0.61455,-1.7712,-0.021378,2.268,0.0451
-0.61629,0.49017,-0.20681,0.18409,-2.11,-0.052092,0.32483,0.062891
-0.67207,-2.1599,0.6675,-0.73078,1.5664,-0.014306,-2.0252,0.037141
-0.62998,2.6172,-0.0037235,-0.017301,-2.5677,-0.00060424,1.038,-0.067706
-0.58902,0.45782,0.76415,-0.015419,-0.51905,-0.14327,1.0549,-0.13456
-0.58513,-0.69222,0.69399,-0.28073,0.73617,-0.0011048,-1.1621,-0.10757
-0.42609,1.8443,-0.17403,0.31226,-1.9039,-0.01539,-0.141,-0.076663
-0.5264,-1.3954,-0.56182,-0.49741,2.5773,0.11153,1.7979,-0.053566
-0.62918,-0.73803,0.53658,0.1784,-1.0401,-0.01523,-0.70845,0.048191
-0.57992,-1.8819,-0.68025,-0.15447,1.0759,-0.011341,-1.1359,0.10857
-0.67547,0.15595,0.025242,-0.42989,1.4757,-0.019619,2.3487,0.1378
-0.70978,1.2715,0.41433,0.48063,-2.3827,-0.098895,-0.39033,0.069121
-0.62085,-1.4672,-0.25194,-0.29024,1.5163,0.065047,-1.2719,0.092875
-0.55676,2.833,0.31968,-0.019845,-0.40433,-0.030202,1.2311,-0.020515
-0.55798,0.61379,0.87654,0.18564,-0.4522,-0.014306,1.1518,-0.076736
-0.47004,0.46212,0.93244,-0.11038,1.3227,0.019495,-0.27332,-0.1076
-0.54436,0.20016,-0.45141,0.077488,-0.24412,-0.021288,0.041171,-0.1002
-0.54281,-1.892,-0.67445,-0.4202,2.5247,0.16669,1.508,-0.047725
-0.5419,-0.085871,-0.17513,0.10066,0.28012,-0.0536,-0.50783,-0.012776
-0.67077,-0.9002,-1.4749,0.088953,1.1341,0.039589,-0.85476,-0.024799
-0.64479,0.055606,-0.49778,-0.40967,2.1333,0.082368,1.8597,0.20188
-0.52688,-0.12357,-0.28985,0.81739,0.18889,0.02909,0.037633,0.018571
-0.51374,-0.35205,-0.40715,-0.46563,2.9391,0.25153,-0.73074,0.061406
-0.2011,3.5312,0.088513,0.11642,-1.4832,-0.044558,2.1266,0.068805
-0.46191,1.2744,0.90918,0.31417,3.3272,0.31128,1.4236,-0.032855
4.5458,-0.37796,0.51644,-0.21355,1.443,0.031098,0.0060179,-0.055099
4.5129,-0.061866,-0.092131,0.21834,-0.17095,0.016556,0.54449,-0.11181
4.4854,-1.1962,0.18252,-0.10157,4.0242,0.35494,2.1982,-0.12295
4.4686,-0.32046,0.47123,0.6458,-0.80634,-0.067359,-0.11342,-0.0025052
-0.62426,-2.1615,-0.75494,-0.033493,1.4861,0.079326,-0.71929,0.090246
-0.6306,-0.5978,0.22491,0.046896,0.24251,-0.051777,1.6454,0.16007
-0.32483,-0.52007,-0.42364,0.26468,-1.0665,-0.042485,-0.26411,0.2051
-0.36624,-1.7925,-0.046617,-0.63309,1.152,0.01852,-0.54935,0.13393
-0.65245,1.4173,-0.19502,-0.15785,-1.4791,-0.034277,1.0283,0.038845
-0.62652,0.59912,0.48822,0.023844,-0.75648,-0.073802,1.3299,-0.0034787
-0.85361,0.83843,0.63693,-0.45631,1.4944,0.010434,-0.91896,-0.072501
-0.84593,3.5574,0.22701,0.85274,-1.9009,-0.060082,0.35325,-0.14065
-0.65592,-0.55884,-0.08087,0.17125,1.4002,0.0002942,1.7897,-0.14048
-0.59894,-1.2202,0.23989,0.22935,-2.4332,-0.089782,-1.6236,-0.02823
-0.59359,0.93176,-0.23783,0.23406,-0.73093,-0.10247,-0.87955,0.0027761
-0.52493,-1.1095,-0.70857,-0.64658,1.9037,0.015401,1.5907,0.060554
-0.55672,-0.24508,-0.27602,0.65098,-2.8599,-0.02157,-0.98557,0.21785
-0.59735,-3.4516,-1.2084,-0.54165,0.76582,-0.050263,-1.902,0.19427
-0.59146,1.0326,-0.11438,-0.30347,-1.0447,-0.055795,1.1175,0.023488
-0.70543,1.5451,0.57459,0.56802,-2.9854,-0.099203,0.41537,0.031251
-0.6403,-0.31231,0.27484,-0.5425,2.3788,0.18268,-1.1448,-0.036505
-0.57012,2.7012,0.56564,-0.083104,-1.2664,-0.053523,0.8359,-0.1066
-0.55679,-0.16283,0.20853,-0.19992,0.5431,-0.1244,1.285,-0.083015
-0.41708,-0.084779,0.32037,-0.063283,-0.23025,-0.0074325,-0.52182,-0.10743
-0.5571,-0.98051,-1.5144,0.15294,-0.5659,-0.033526,-1.1376,-0.029009
-0.57435,-2.0768,-0.64108,-0.55291,1.9389,0.095491,1.8552,0.017914
-0.55709,-0.21603,-0.15833,0.505,-0.65984,-0.0081641,-0.031017,-0.056414
-0.72852,-1.4876,-1.2678,-0.10394,1.8933,0.16036,-1.0148,0.025362
-0.57948,2.3162,-0.4102,-0.39052,-0.14458,-0.012477,2.1286,0.096112
-0.46487,-0.26382,0.11758,0.39096,0.84007,0.0071353,0.62574,0.062282
-0.52877,0.60325,-0.43228,-0.097941,3.2368,0.36204,0.13097,0.022295
-0.51272,3.2905,0.015221,0.46453,-1.4498,0.025541,1.6261,-0.061111
-0.45519,0.45868,0.19856,0.18301,4.2263,0.47197,1.9736,-0.097447
4.5234,-0.21285,0.22549,0.051019,0.2553,0.013765,-0.68026,-0.082796
4.5002,-1.5749,-1.0281,0.092595,1.8629,0.15237,0.74216,-0.073109
4.4812,-0.038284,0.11365,-0.14124,2.9097,0.288,2.1557,-0.028182
4.4308,-0.45971,-0.1334,0.47052,-0.38234,-0.074906,-0.096668,0.063645
-0.66824,-2.5046,-0.30712,-0.78129,2.1158,0.14226,0.28764,0.13732
-0.63803,1.3568,-0.12335,-0.11271,-0.17118,-0.042081,2.636,0.13208
-0.63127,0.83004,0.10623,0.56926,0.058699,-0.099684,0.36742,0.01239
-0.46677,-1.5685,-0.60934,-0.49654,1.3099,0.069051,-1.0069,0.050211
-0.61241,2.5754,-0.38242,0.023022,-1.3281,-0.032044,0.97164,-0.0094902
-0.6193,0.76803,1.0097,-0.0035112,0.1672,-0.10552,1.2358,-0.073767
-0.61734,0.56965,0.77394,-0.45557,1.4634,0.073691,-0.80831,-0.10606
-0.72876,2.7523,-0.11412,0.48131,-0.72301,-0.025908,0.36638,-0.098494
-0.6705,-1.0247,-0.64933,-0.30189,2.7905,0.17512,2.8809,-0.019907
-0.59445,-0.47741,0.30689,0.47111,-2.0141,-0.081202,-0.92285,0.13274
-0.59232,-0.5839,-0.023484,0.18598,0.79809,-0.013651,-0.69982,0.058364
-0.49769,-0.13227,-0.36348,-0.69628,1.6115,0.009914,2.2926,0.13882
-0.5072,1.0103,0.34266,0.72912,-2.8046,-0.11935,-0.26314,0.18801
-0.59887,-2.5812,-0.54303,-0.37991,0.61271,-0.098895,-2.2268,0.1306
-0.59271,2.2573,0.27129,0.037049,-1.1414,-0.062283,1.5433,0.026968
-0.82461,1.4845,1.0457,0.41324,-3.282,-0.11047,0.21585,-0.03429
-0.66748,-0.18062,0.80953,-0.38245,1.2793,0.017981,-0.77665,-0.10767
-0.54064,1.9835,-0.078319,0.17594,-1.817,-0.057707,0.013621,-0.1377
-0.56462,-1.7408,-0.74132,-0.11341,-0.15138,-0.11159,0.90072,-0.0808
-0.56801,-0.89846,0.28017,-0.14033,-1.1634,-0.03583,-1.167,-0.013165
-0.30922,-0.8504,-1.6914,-0.0077889,-1.0461,-0.069894,-0.97971,0.036873
-0.609,-2.2772,-0.15238,-0.62319,1.5929,0.01397,2.2429,0.12953
-0.56702,0.20088,-0.16402,0.62833,-2.3127,-0.083858,-0.7241,0.034999
-0.56579,-0.91069,-0.12744,-0.10998,1.1558,0.014156,-1.6125,0.046779
-0.7632,3.1227,-0.35374,-0.185,-2.139,-0.12664,2.1746,0.018912
-0.59652,0.58514,0.66243,0.12668,0.62748,-0.036183,0.7049,0.01716
-0.53775,-0.20167,-0.051133,-0.2813,1.2393,-0.0021509,-1.4106,-0.080703
-0.53309,1.9897,0.44253,0.46071,-2.8805,0.0022515,1.6157,-0.085254
4.5394,0.1338,0.011437,0.23087,3.0392,0.22217,1.5745,-0.08815
4.5129,-1.2339,0.15404,0.065342,-2.3582,-0.05265,-1.1885,-0.064396
4.4949,-1.1068,-1.3023,0.23402,0.50824,-0.12363,-0.68727,0.0051369
4.4773,-0.87303,0.50637,-0.091479,0.88113,-0.066069,2.3916,0.092169
-0.90187,-1.0232,-0.19593,0.52362,-1.628,-0.058548,-0.72898,0.11726
-0.71025,-3.569,0.54671,-1.1556,-0.46247,-0.09421,-0.52018,0.19222
-0.62592,0.25216,0.45122,-0.27443,-2.9525,-0.06759,0.90848,0.18397
-0.62287,0.42745,0.058031,0.11769,-2.7701,-0.05582,0.49081,0.027674
-0.55419,-1.8467,-0.46571,-0.57367,1.0149,-0.0054495,-1.4108,-0.0266
-0.49232,2.7467,-0.58722,0.32436,-3.4124,-0.05996,0.079998,-0.10453
-0.5492,-0.70976,0.53791,0.05951,-0.30354,-0.14006,0.93876,-0.125
-0.61427,-1.3671,1.2473,0.18153,-0.41691,0.0051843,-1.1146,-0.095306
-0.70312,1.6766,-0.8741,0.44483,-2.4244,-0.041946,-0.002703,-0.059212
-0.7137,-1.8375,-0.99622,-0.49875,1.9123,-0.0031263,1.1193,0.17224
-0.54394,-1.1615,-0.31427,0.61122,-3.6984,-0.11113,-1.5805,0.21938
-0.58922,-1.943,-0.98519,0.067173,-0.54929,-0.041522,-1.408,0.11729
-0.59383,0.58733,-0.14442,-0.19417,1.4897,0.01259,2.0619,0.030716
-0.51471,1.6249,0.7298,0.56966,-4.3352,-0.021942,-0.73695,0.10633
-0.56836,-1.7641,-0.77964,-0.58581,0.70035,-0.10239,-2.4865,-0.0024079
-0.57758,2.5729,0.31129,-0.025317,-0.58992,-0.046226,1.397,-0.068315
-0.57497,1.3796,1.4149,0.33532,-2.086,-0.11124,0.63394,-0.096668
-0.74328,-0.69559,0.44956,-0.49624,0.71262,-0.040476,-1.7896,-0.11772
-0.64517,0.92148,-0.069827,-0.0047701,-2.5684,-0.10044,0.14002,-0.072258
-0.56134,-2.0057,-0.54138,-0.43116,1.666,0.046442,1.2012,0.019618
-0.55889,-1.7936,0.31446,0.1148,-1.4004,-0.06372,-0.9337,0.069827
-0.29788,-0.8784,-0.99681,-0.10314,-0.5975,-0.083461,-0.78369,0.13919
-0.48315,0.67859,-0.13836,-0.42496,1.7763,0.065958,1.9584,0.019472
-0.55829,0.35946,0.23366,0.35902,-2.2811,-0.071203,-0.46711,0.11281
-0.54845,-0.48942,-0.2196,-0.18157,1.4427,0.025072,-0.99484,0.023317
-0.67787,3.8194,0.545,0.16768,-0.79226,-0.052817,2.6658,-0.0019454
-0.57148,1.5219,0.93009,0.49678,0.9166,0.017422,0.58635,-0.068583
-0.53144,-2.1318,-0.17871,-0.26472,0.81474,-0.0096722,-1.3088,-0.13106
-0.52498,0.84567,-0.070084,0.098549,-1.3552,0.017281,1.3818,-0.084889
4.541,-0.72052,-0.42128,-0.18379,3.3761,0.27155,1.446,-0.054272
4.5276,-1.2844,0.17473,0.2568,-2.1719,0.01157,-1.2165,0.089468
4.5022,-1.5675,-0.85036,-0.025323,1.1723,-0.0074774,-0.74024,0.12792
-0.63566,0.68159,0.65306,0.23263,0.20173,-0.043435,2.0037,0.12293
-0.8863,0.70673,0.38337,0.4461,-1.2507,-0.063547,-0.80159,0.095041
-0.80505,-1.0811,-0.062388,-0.47168,-1.1669,-0.056436,-1.0723,0.087788
-0.57722,1.6408,0.82988,-0.033057,-1.1743,-0.045783,1.7081,0.027844
-0.61216,1.4639,0.88347,0.46038,-2.4893,-0.11444,0.10284,-0.041008
-0.61463,-1.9371,-0.41452,-0.28351,1.0654,-0.010866,-2.4469,-0.064202
-0.48643,1.819,-0.40916,0.33107,-3.239,-0.098574,0.55984,-0.13422
-0.59293,-1.4804,0.16401,0.02606,-1.0024,-0.1417,0.81595,-0.062182
-0.60797,-2.8956,0.20257,0.1468,0.029053,-0.023765,-1.5574,0.15352
-0.61061,1.6405,-1.4682,0.20243,-2.7999,-0.091553,-0.71874,0.12924
-0.72444,-1.4285,-0.94232,-0.85183,1.9194,-0.022154,1.3687,0.29055
-0.63347,0.73863,0.011039,0.30641,-2.4821,-0.056943,-0.97247,0.1114
-0.58209,0.0066636,-0.88283,-0.13609,-0.14653,-0.0639,-1.5604,0.092899
-0.57549,0.86812,-0.52209,-0.69459,2.2066,0.1026,1.9348,0.025216
-0.47231,2.3341,1.2253,0.59864,-2.8746,-0.022353,-0.44279,-0.016378
-0.44359,-1.6446,0.12898,-0.41287,1.3434,-0.027192,-2.58,-0.059042
-0.56091,1.7067,0.47953,-0.10734,-1.1224,-0.029457,1.7326,-0.1259
-0.57216,-0.98175,1.177,0.30796,-1.1882,-0.097502,0.92268,-0.070846
-0.67922,-1.6746,0.23485,-0.48202,1.4164,0.04933,-1.1154,-0.018982
-0.58734,0.036397,-0.97124,0.070898,-1.535,-0.096527,-0.42007,0.062063
-0.48383,-2.2018,-0.81715,-0.45929,1.9437,0.042765,1.4515,0.13654
-0.54306,-1.7842,0.29172,0.045598,-0.58065,-0.031427,-0.97237,0.15503
-0.5593,0.20945,-0.83183,0.075137,0.34875,-0.025292,-0.7985,0.031714
-0.39869,2.0426,0.034178,-0.20039,1.4227,0.0056271,2.2246,0.042349
-0.49883,0.66652,0.6237,0.70402,-1.3834,-0.022456,-0.85815,0.033028
-0.53745,0.51763,-0.24016,-0.291,2.0569,0.1563,-0.98623,-0.035799
-0.5559,3.2081,0.36822,0.21487,-1.1349,-0.019132,1.9639,-0.061281
-0.64316,0.21477,0.48568,0.21158,0.82052,-0.092079,0.27884,-0.12315
-0.49923,-2.6446,0.21832,-0.33559,1.108,0.019187,-0.63331,-0.071698
4.5602,0.25166,-1.2612,-0.12704,-0.35108,-0.067847,0.27923,-0.067025
4.5502,-0.81384,0.20841,-0.30671,2.658,0.19104,2.3136,0.063426
4.5335,-0.68775,-0.1417,0.70026,-1.5345,-0.033301,-0.93788,0.15686
4.5039,-1.4699,-0.26858,-0.018881,1.1941,-0.017354,-0.0044434,0.18765
-0.63509,1.2675,-0.070032,0.36047,-0.79726,-0.0081769,1.3737,0.1408
-0.62578,1.2834,0.08117,0.60679,-1.7219,-0.024413,-0.28679,0.061406
-0.74774,-0.85027,0.70241,-0.69622,0.39576,-0.052766,-1.2687,-0.024945
-0.69485,2.2896,0.85667,0.12284,-1.296,-0.020569,1.2214,-0.078293
-0.61014,0.79488,0.65297,0.10071,-1.9548,-0.12768,0.82642,-0.08742
-0.60338,-3.023,-0.46465,-0.25503,1.6823,0.079351,-1.3423,-0.098664
-0.60866,1.0786,-0.11437,0.6195,-3.1865,-0.082562,0.15205,-0.071527
-0.53123,-2.7303,0.48921,-0.11646,1.7099,-0.044859,1.5149,0.10529
-0.59669,-1.9399,-0.32789,0.070436,-0.65519,-0.041375,-1.6864,0.16406
-0.59545,1.3966,-1.1416,0.77694,-1.2946,-0.025838,-1.2002,0.27502
-0.8358,-0.59262,-1.1137,-0.30936,2.6332,0.077375,1.7194,0.20249
-0.59881,2.3294,0.38209,0.30163,-1.7161,-0.026775,-0.83929,0.099178
-0.51402,0.75668,0.21282,-0.28459,1.3738,-0.011681,-1.6693,0.062039
-0.56686,1.4179,0.64507,-0.28144,1.7679,0.094875,2.2163,-0.05673
-0.56728,2.1488,1.5527,0.54844,-3.3855,-0.056655,0.3649,-0.062693
-0.35645,-2.3169,0.72825,-0.27452,1.1774,0.018963,-2.213,-0.11091
-0.63177,1.5207,0.33683,-0.013698,-0.60872,-0.019478,0.74694,-0.10219
-0.56279,-2.2641,-0.048981,0.020086,0.068731,-0.075958,1.0484,-0.0018968
-0.5622,-0.023899,-0.48529,-0.12554,0.26563,-0.078866,-1.2884,0.0094447
-0.83911,-0.37195,-1.1648,-0.081723,-1.7492,-0.061031,-0.88238,0.1396
-0.6022,-0.85154,-0.68457,-0.2127,2.1869,0.10617,1.9254,0.16659
-0.53544,-0.017406,0.85391,0.44054,-1.157,0.0011862,-1.1435,0.097402
-0.54131,0.4287,-0.87782,-0.30496,1.2086,-0.020338,-1.2013,-0.0087114
-0.30088,3.1503,0.50566,-0.2309,0.61267,-0.093574,2.1639,0.0019243
-0.46996,0.63583,0.67816,0.67641,-0.28785,-0.0043392,0.079953,-0.030323
-0.5345,0.58089,-0.53995,-0.048208,2.4112,0.16322,-1.454,-0.088296
-0.53745,2.5339,0.10852,0.61183,-1.4316,0.021421,1.5896,-0.097545
-0.70236,-1.1655,0.10006,0.21264,3.2888,0.30133,1.601,-0.042322
-0.58552,-1.3772,0.54664,-0.097363,1.0561,0.059386,-0.70662,-0.032441
4.5673,0.18798,-1.0677,-0.10768,1.3451,0.037265,-0.50676,0.021176
4.5535,-1.7849,0.26304,0.0036182,2.3518,0.16803,2.5041,0.21629
4.5181,-0.70557,-0.18533,0.63999,0.11497,-0.011187,-0.51244,0.17475
-0.5297,-0.50597,-0.40851,-0.24171,0.77846,-0.044423,-0.80938,0.12629
-0.69522,1.8095,1.0365,0.063505,0.45255,-0.036703,2.3961,0.076885
-0.6321,1.2975,0.77268,0.34078,-1.2235,-0.078795,-0.031255,-0.0071051
-0.7186,-0.81217,0.29174,-0.32769,0.86714,-0.095827,-1.7803,-0.082382
-0.64591,2.8672,0.56551,0.14529,-1.692,-0.004397,1.2818,-0.079218
-0.56146,-0.64086,0.60894,-0.028008,-0.426,-0.13055,0.98576,-0.084232
-0.60049,-3.1507,0.022679,-0.33024,1.607,0.026863,-1.2683,0.05391
-0.60194,1.6923,-0.32647,0.49575,-2.2149,-0.056475,-0.2544,0.040962
-0.41259,-2.346,-0.049829,-0.23259,2.1685,0.053707,1.1937,0.27643
-0.5054,-0.40713,-0.053895,0.37159,-1.5745,-0.037755,-1.5324,0.27458
-0.59955,1.1195,-0.97957,0.61439,-1.1181,-0.076254,-1.2119,0.31985
-0.58669,1.1055,-0.63457,-0.34043,2.6742,0.053758,1.7041,0.045611
-0.84546,2.8082,1.0092,0.41031,-2.8993,-0.12413,-1.0729,0.053764
-0.59103,-0.71418,-0.20415,-0.68443,1.1613,0.0096509,-1.8549,-0.054734
-0.57245,1.3018,0.76999,-0.54217,0.017088,-0.053549,1.6279,-0.11458
-0.57544,1.1262,1.266,0.32598,-4.6752,-0.13333,-0.33744,-0.070481
-0.32264,-2.4606,0.55061,-0.41068,1.0708,-0.082331,-2.0874,-0.076444
-0.52748,0.39431,0.013968,-0.17722,-2.7532,-0.055929,-0.0029792,0.016065
-0.5633,-2.4148,-0.11221,-0.25583,0.17268,-0.16014,0.39116,0.10402
-0.55889,-1.3655,-0.6545,0.02254,-1.5148,-0.072538,-2.0842,0.099714
-0.8973,-0.35371,-0.92961,0.080449,-3.1865,-0.11523,-1.6689,0.1757
-0.65129,0.20113,0.049082,-0.25788,0.41969,-0.13954,0.90344,0.13639
-0.54668,0.8407,0.77694,0.39033,-1.6032,-0.033577,-0.99698,0.029548
-0.53653,0.59896,0.3742,0.10922,-0.80493,-0.032756,-1.8618,-0.024969
-0.40448,2.7679,1.1306,0.06698,-0.54686,-0.067012,1.5579,-0.085424
-0.48374,0.87937,0.99207,0.58192,-2.807,-0.077608,-0.43752,-0.080532
-0.56914,-1.4441,-0.1543,-0.064163,1.3749,0.031515,-1.4184,-0.11611
-0.52633,0.7248,-0.38036,0.54111,-2.3275,0.017089,0.77764,-0.028814
-0.73176,-1.1569,-0.12841,0.040678,2.5983,0.087925,0.52019,-0.022097
4.5716,-0.45251,0.063909,0.36415,-1.9195,-0.020428,-1.4687,-0.0031137
4.5579,-0.91868,-1.0234,-0.035144,0.013517,-0.035881,-0.66717,0.21306
4.5227,0.083111,-0.1117,-0.011328,1.3678,-0.009332,2.0237,0.16107
4.4766,0.73475,0.32833,0.51209,-2.9354,-0.058041,-1.2228,0.032614
-0.47098,-0.48045,-0.27673,-0.65403,0.082757,-0.10187,-2.0014,0.048872
-0.63993,2.5329,0.26316,0.066408,-1.8514,-0.067526,1.4963,-0.036749
-0.63363,0.9182,1.4785,0.47003,-2.8911,-0.13607,-0.30583,-0.098981
-0.63444,-1.5234,0.37727,-0.33203,0.07453,-0.035984,-2.1892,-0.10214
-0.84009,1.9836,-0.11862,-0.029556,-3.29,-0.041683,0.21018,-0.088734
-0.72029,-1.9493,0.087485,-0.23791,-0.94483,-0.080823,0.55276,0.013558
-0.60705,-2.5407,-0.17402,-0.41124,1.6196,0.020034,-1.6801,0.041936
-0.61088,0.65677,-0.91032,0.14574,-2.8359,-0.061237,-0.28094,0.11999
-0.38113,-1.9576,-0.85062,-0.67705,2.0014,0.018379,1.3263,0.18387
-0.52275,1.4713,-0.41336,0.43311,-3.258,-0.10009,-1.1577,0.26706
-0.60732,2.2402,-0.5174,1.1345,-0.93199,-0.049448,-1.5088,0.11702
-0.60241,1.6141,-0.62228,-0.05905,3.2877,0.21935,1.831,0.02249
-0.65755,2.349,1.7798,0.36711,-2.6039,-0.017713,-1.1572,-0.065419
-0.63259,-2.0134,0.22306,-0.55062,0.31055,-0.056205,-2.2721,-0.12629
-0.54541,1.6351,0.64767,-0.064445,-0.63186,-0.083813,1.0417,-0.081968
-0.57452,-0.85692,0.22401,0.43091,-3.6746,-0.045161,-0.27523,-0.057801
-0.49234,-2.8617,0.41031,-0.5769,1.5267,-0.010141,-2.0527,0.049042
-0.32447,0.74754,-0.94235,-0.092012,-2.4929,-0.040117,-0.60791,0.078735
-0.52459,-1.9702,-0.35167,-0.30359,1.0837,-0.10232,0.68626,0.20213
-0.57113,-0.48036,-0.5421,0.1282,-0.44887,-0.024734,-1.639,0.1692
-0.59255,0.49651,-0.071394,0.1918,-1.4507,-0.016731,-0.9953,0.019594
-0.6653,1.5851,-0.22673,-0.30967,1.3548,-0.034726,1.2534,0.05851
-0.51646,0.92308,1.259,0.60241,-2.0181,-0.02888,-0.77633,-0.020637
-0.5411,0.66742,0.32593,-0.40806,0.64138,-0.013645,-1.6926,-0.066538
-0.54337,2.6221,0.76268,0.040768,0.23226,0.029032,2.2528,-0.063082
-0.23515,-0.12775,0.88008,0.40254,-0.79836,-0.013195,0.1637,-0.10317
-0.47373,-2.0496,-0.32948,-0.10282,1.7942,0.082971,-1.0437,-0.052252
-0.53646,0.43324,-1.1773,0.53005,-2.3781,-0.039263,0.12916,0.028258
-0.52059,-0.97052,0.493,0.10552,3.5199,0.30108,1.9027,-0.022949
4.5622,-0.21479,-0.073912,0.68167,-1.4489,-0.011277,-1.4125,0.13011
4.5349,-0.46167,-1.0219,0.093776,0.77556,-0.094993,-1.4112,0.26161
4.4889,1.2512,0.8151,0.2766,1.0314,0.0022323,1.9728,0.10414
-0.63115,1.6542,1.042,0.58578,-1.559,-0.036529,-0.59926,0.01346
-0.39187,-0.67458,-0.40229,-0.46506,0.85296,-0.018913,-1.4039,-0.063204
-0.67019,2.5903,0.13717,-0.041901,-1.8962,-0.015236,1.3456,-0.12062
-0.65337,-0.20556,1.1043,0.39967,-2.0194,-0.052284,0.33413,-0.11295
-0.62338,-2.5952,-0.53897,-0.64505,1.8313,0.09184,-1.8787,-0.087542
-0.96871,0.86748,-0.91087,0.19487,-2.5481,-0.071896,-0.20213,-0.0012153
-0.7464,-2.9815,-0.039011,-0.20948,-0.040726,-0.11557,0.77441,0.33835
-0.64177,-1.6107,-0.84018,-0.066558,0.50464,0.0094456,-1.0845,0.24757
-0.60394,1.7634,-1.2633,0.49052,-1.7441,-0.011674,-1.5023,0.32326
-0.60347,-0.45442,-0.45944,-0.52436,2.3145,0.054156,1.3668,0.10809
-0.48327,3.1477,0.94616,0.26788,-3.4184,-0.029361,-1.1212,0.088202
-0.62387,2.5913,0.37001,0.24524,0.89652,-0.010198,-1.9985,-0.02015
-0.59077,2.0252,0.03838,-0.30059,2.9453,0.19675,2.2127,-0.10679
-0.59464,1.9214,1.5829,0.55524,-2.6928,0.0070326,-0.60071,-0.080094
-0.72793,-2.6009,-1.1185,-0.37375,1.654,0.078581,-2.1566,-0.10343
-0.56254,1.4485,-0.10577,-0.11309,-1.8886,-0.023309,0.24244,-0.072598
-0.56933,-0.93295,0.051555,0.39062,-1.5452,-0.030754,0.40238,0.055297
-0.57184,-1.5832,-0.042666,-0.5103,2.5812,0.18938,-1.3835,0.074914
-0.43485,0.88505,-0.37527,-0.00049891,-1.6139,-0.061404,-0.21077,0.18899
-0.49235,-0.96315,-0.091225,-0.18234,2.01,0.060907,1.7419,0.14116
-0.57431,0.59096,-0.02967,0.24211,-0.16043,-0.042414,-0.89954,0.094433
-0.56705,1.1629,0.20993,0.041809,1.127,-0.03307,0.23896,-0.0090278
-0.75167,2.0899,-0.037488,-0.20084,2.4865,0.12346,1.3889,-0.029423
-0.66512,0.6641,0.91096,0.66972,-1.4457,-0.051726,-0.43678,-0.085376
-0.54422,-0.22646,0.16411,-0.13659,1.5785,0.02092,-1.8448,-0.11137
-0.54136,2.2218,0.48707,0.16275,0.10837,0.007347,2.1976,-0.085035
-0.46156,-0.75758,0.15059,0.011672,0.39638,-0.011719,0.20356,-0.029082
-0.34358,-2.7649,-0.32345,-0.037231,1.1799,-0.0098454,-1.4487,0.11461
-0.52383,0.29534,-1.4116,0.46422,-1.9061,0.0080209,0.90607,0.15637
4.583,-0.46652,0.42319,0.0080949,3.4222,0.15347,0.53335,0.022271
4.548,1.2654,-0.14136,0.51146,-2.3273,-0.026403,-0.91734,0.16014
4.5037,0.40189,-0.61696,-0.17548,0.95997,-0.030991,-1.4411,0.08387
4.4593,2.2223,0.16196,-0.018335,0.084755,-0.070491,1.3397,-0.0020915
-0.63153,0.86792,1.348,0.55208,-2.9379,-0.10095,-1.06,-0.08209
-0.6246,-1.023,-0.08218,-0.4283,0.47103,-0.056167,-1.4389,-0.074545
-0.49121,1.6853,0.40438,-0.066212,-2.5895,-0.062745,0.90249,-0.112
-0.58237,-1.212,0.27928,0.040659,-1.8528,-0.098246,0.29055,-0.04624
-0.62231,-2.5553,-0.064186,-0.43059,1.1664,-0.069567,-2.4263,-0.031297
-0.61803,1.1106,-0.38757,0.21531,-2.8621,-0.039289,0.17735,0.069413
-0.79244,-1.2674,-0.2189,0.0047936,1.1466,-0.064003,0.79193,0.13172
-0.6276,-0.71089,-0.66953,-0.33183,-1.215,-0.034315,-1.5524,0.24375
-0.59112,2.4038,-0.94673,0.52769,-2.01,-0.041766,-1.1056,0.12174
-0.59318,0.66724,-0.2113,-0.25966,1.2725,-0.08278,1.222,0.014653
-0.45934,3.1667,1.0619,0.2738,-3.2613,-0.099113,-1.1583,-0.054515
-0.5695,1.409,-0.11168,-0.24072,1.4214,-0.021063,-2.5506,-0.11059
-0.57757,1.2489,0.10527,-0.56383,1.694,-0.03187,1.8114,-0.12169
-0.58079,-0.39691,1.4109,0.3363,-3.0115,-0.015384,-0.20506,-0.08613
-0.54375,-3.2294,0.11952,-0.29079,1.767,0.042136,-2.3278,-0.077709
-0.69868,0.63001,-0.72103,-0.14343,-2.0682,0.014637,0.51703,0.061041
-0.55524,-2.9181,-0.14794,0.23866,0.39087,-0.059299,0.67618,0.22289
-0.56336,-1.2706,-0.34204,-0.39171,1.4002,0.0095482,-1.3519,0.18954
-0.2517,0.92918,-1.1079,0.10622,-1.0307,-0.0013423,-0.87364,0.14827
-0.48321,0.99306,-0.49866,-0.41311,2.6675,0.1082,1.2621,0.075765
-0.53922,1.0987,0.98192,0.052952,-0.23787,0.011608,-0.94927,-0.011705
-0.54861,1.0035,-0.96776,-0.15425,2.1856,0.1,-0.95699,-0.075981
-0.8338,2.4098,0.30883,-0.27922,2.0548,0.068031,2.0254,-0.072501
-0.72147,0.73025,0.67955,0.62539,-0.55859,0.03149,-0.26424,-0.112
-0.52915,-0.96314,-0.70631,-0.24109,2.7353,0.19716,-1.3818,-0.08394
-0.53117,0.11629,-0.95373,0.36922,-1.029,-0.01444,1.1355,0.013728
-0.52184,-0.27314,-0.12109,-0.050328,3.4578,0.25117,1.0606,0.0023624
-0.48961,-1.5817,-0.43466,0.06874,1.9225,0.10875,-1.0438,0.16689
-0.50239,0.99682,-1.2491,0.15199,1.1823,0.033126,0.3639,0.024899
4.5601,0.39114,0.09441,-0.1483,4.3489,0.38189,1.5787,0.10044
4.5163,2.2035,0.75738,0.60004,-0.26523,-0.05145,-0.44139,0.043737
4.4711,0.36035,0.18433,-0.36329,2.23,0.1131,-0.19302,-0.037089
-0.63279,2.3077,0.77724,0.10281,0.53083,-0.0015348,2.2656,-0.098713
-0.62667,0.097047,0.81258,0.41298,-1.1787,0.0085535,-0.087247,-0.11546
-0.63063,-2.4954,-1.3339,-0.64956,1.8005,0.080988,-1.2105,-0.072671
-0.26817,0.98823,-0.34514,0.20983,-1.691,-0.030664,0.45797,-0.038379
-0.4839,-1.5116,0.2759,0.01245,0.82757,-0.13208,0.8039,-0.020637
-0.63853,-1.6894,0.5389,-0.0080137,1.2238,-0.044089,-1.8455,0.10008
-0.62338,0.096706,-0.72939,0.20613,-0.82684,-0.0058794,0.59754,0.30792
-0.88771,-0.27943,-0.43397,-0.2219,2.9093,0.17482,1.3968,0.20656
-0.70283,1.2313,-0.16173,0.58743,-2.7385,-0.096597,-1.7602,0.17523
-0.62652,2.498,-0.70353,0.68904,0.39108,-0.02793,-0.94004,0.012828
-0.59116,1.5235,0.24929,-0.14991,2.6179,0.093136,1.7018,-0.084938
-0.5275,2.1306,1.2894,0.56338,-2.8173,-0.066127,-0.98426,-0.10867
-0.3796,-1.898,-0.14131,-0.47841,1.3596,0.010832,-2.1413,-0.13055
-0.62783,0.34959,0.033677,-0.39257,0.29276,-0.071794,1.5168,-0.087907
-0.58301,-0.52146,0.40154,0.4727,-2.0564,-0.038487,0.074128,-0.020613
-0.5556,-1.9867,0.071695,-0.5335,1.8034,0.089658,-1.7584,-0.0081029
-0.70057,1.4785,-0.12139,-0.28074,-1.7333,0.0079695,0.36777,0.15469
-0.55492,-1.3134,-1.2253,-0.06995,1.8212,0.02658,0.86248,0.22026
-0.55535,0.35032,-0.00089691,-0.19714,0.15848,0.019386,-0.62427,0.10607
-0.54828,1.1664,-0.074009,0.1047,-1.3343,-0.045129,-1.2637,-0.013214
-0.28507,1.5861,0.13836,-0.13203,1.7134,0.0064486,1.7388,-0.0016291
-0.51197,0.72073,1.6414,0.2201,-0.85117,-0.05369,-0.25135,-0.070432
-0.54818,0.56673,-0.35272,-0.27783,1.9237,0.11419,-0.48361,-0.084962
-0.54861,0.74182,0.48712,-0.46171,0.86057,-0.018329,2.3637,-0.083453
-0.74477,-0.55387,0.32518,0.41894,-1.8661,-0.043338,-0.022598,-0.048966
-0.5586,-2.0377,-0.47234,-0.22162,2.0669,0.13991,-1.369,-0.058653
-0.51916,1.9116,-0.82019,0.31451,-2.0324,-0.036812,1.608,0.018231
-0.52544,-1.7524,-0.42479,-0.26097,3.5311,0.22747,1.239,0.10108
-0.15883,-0.2452,-0.72529,0.17754,-0.59166,0.040416,-0.89188,0.16268
4.5745,1.2783,-0.28703,0.2236,0.28238,-0.087959,-0.81711,0.030692
4.5319,1.2789,0.56239,0.0062644,2.6826,0.10365,1.7909,0.080584
4.4846,2.2051,1.3273,0.82738,-1.3477,0.01483,-0.34907,-0.017765
4.4446,-0.3984,0.1605,-0.058498,1.06,-0.059895,-0.6386,-0.09937
-0.74102,2.146,0.87002,0.14156,-1.2098,-0.045931,1.6969,-0.11448
-0.67715,-1.267,0.26296,0.29425,-1.8532,-0.023495,-0.22439,-0.086155
-0.62467,-3.0755,-0.7219,-0.58582,1.1077,-0.045623,-1.7697,-0.021635
-0.61351,1.104,-0.33398,0.14061,-2.1628,-0.033122,0.55733,0.016186
-0.40899,-1.0375,0.018735,0.071508,0.22735,-0.15946,0.52716,0.038845
-0.57865,-1.3475,-0.034636,-0.0048344,-0.51203,-0.017733,-1.433,0.23031
-0.61127,2.7255,-0.7847,0.72078,-1.595,-0.078038,-0.65105,0.14659
-0.60098,0.63133,-0.054075,-0.27806,2.4264,0.043689,1.2804,0.020299
-0.73618,2.4881,0.67435,0.66978,-3.9431,-0.0809,-1.8631,0.009615
-0.58485,3.2471,0.50123,0.97875,-0.064251,-0.034071,-1.177,-0.095573
-0.58889,1.7218,0.53771,-0.1277,1.9881,0.0069941,1.5478,-0.11176
-0.58129,1.2991,1.1978,0.46584,-3.0937,-0.015673,-0.80546,-0.10234
-0.36577,-2.9632,-0.63027,-0.24533,0.72381,-0.0074068,-2.1894,-0.078658
-0.56815,-0.67632,0.0044029,-0.31446,-0.27336,-0.11592,0.67467,0.0055263
-0.57928,-0.56887,-0.46848,0.31569,-2.1557,-0.10227,0.094197,-0.015283
-0.57926,-3.208,-0.14102,-0.63898,1.4623,0.015138,-1.5291,0.10972
-0.85646,0.92089,-0.54498,-0.14347,-2.0635,-0.071351,-0.013299,0.16151
-0.69218,-0.3789,0.022866,-0.19678,1.1259,-0.067789,0.76434,0.15095
-0.55015,1.0249,-0.15818,0.12278,-1.3777,-0.086252,-1.1437,0.054689
-0.55582,1.214,-0.71129,0.30047,-1.1842,-0.041856,-2.0052,-0.042492
-0.11152,1.5666,0.23216,-0.33021,0.48121,-0.11583,1.0235,-0.083429
-0.41527,0.1957,1.4951,0.45129,-1.4998,0.00813,-0.81416,-0.11115
-0.59215,0.12568,-0.83826,-0.33541,1.3987,0.031008,-1.2026,-0.10475
-0.54844,0.30001,-0.076964,-0.16689,-0.5902,-0.017309,1.67,-0.031151
-0.72357,-0.57069,-0.26851,0.26581,-0.96785,-0.03128,-0.073979,-0.039474
-0.74673,-2.1791,-0.97425,-0.15726,2.2842,0.16232,-1.2696,0.13483
-0.59064,1.1766,-1.5592,0.43828,-3.0727,-0.039366,1.1706,0.19814
-0.52569,-1.4099,-0.41885,-0.084915,3.9635,0.34118,1.2212,0.15019
4.5724,0.89946,-0.15835,0.21506,-1.5694,-0.021461,-1.4918,-0.025139
4.5341,0.76233,-0.61278,0.049118,0.49772,0.0075139,-0.69698,0.046657
4.4883,1.7167,0.60503,-0.16767,2.0329,0.075052,1.9688,-0.02054
4.4505,1.1038,1.2399,0.60009,-1.7342,-0.010288,-0.66516,-0.10733
-0.65378,-0.86207,0.47076,-0.33178,0.82156,-0.052567,-0.87375,-0.078999
-0.84357,1.1891,0.4254,-0.063758,-1.7083,-0.042536,2.1096,-0.085911
-0.64962,-2.1397,-0.22967,0.16849,-1.7509,-0.051976,-0.21689,0.069389
-0.62201,-2.7563,-0.69849,-0.2118,0.88527,0.0085535,-1.6201,0.065349
-0.61539,1.1492,-0.28714,0.2267,-2.3,-0.066801,-0.096764,0.03736
-0.37111,-1.6538,0.19591,0.047377,0.07586,-0.10457,0.67229,0.13668
-0.5968,0.016541,-0.081454,-0.20225,-0.34736,-0.077954,-1.2917,0.32299
-0.61998,3.4846,-0.79235,0.86542,-0.98493,-0.040316,-0.54084,0.081996
-0.61606,1.1663,-0.018981,-0.11224,2.1316,0.041546,1.8026,-0.023679
-0.84088,2.8115,1.3578,0.52891,-4.3581,-0.087568,-1.6944,-0.11271
-0.73101,2.0412,0.61539,0.70845,-0.35858,-0.10626,-2.1822,-0.1478
-0.58227,0.78832,0.31005,-0.36242,1.4789,-0.083929,1.6051,-0.1039
-0.58991,-0.39039,0.79412,0.70825,-3.3897,-0.011841,-0.50924,-0.016451
-0.38585,-4.6911,-0.84754,-0.40485,-0.22223,-0.073751,-3.1606,0.036898
-0.52444,0.37413,0.28822,-0.073919,-1.9905,-0.075683,0.3516,0.048629
-0.51221,-0.51103,-0.52244,0.55319,-2.4627,-0.033417,0.009171,0.043664
-0.58098,-1.7366,-0.042711,-0.4818,2.0119,0.12235,-1.2109,0.17828
-0.70001,2.8388,-1.0606,0.034628,-1.7119,0.019579,-0.28044,0.062647
-0.75349,0.57848,-0.32304,-0.26533,0.68428,-0.065113,0.83856,0.014142
-0.62461,1.4674,0.34084,-0.12506,-0.045922,0.014368,-0.89826,-0.061379
-0.55952,0.40474,-0.46023,0.22471,0.19079,0.027652,-1.177,-0.12911
-0.54508,1.1786,0.2527,-0.33631,1.666,0.0023671,1.8942,-0.075275
-0.35877,0.016264,0.67174,0.61878,-1.4389,-0.020113,-0.79566,-0.093261
-0.53153,-0.9798,-0.86487,-0.1983,1.384,-0.043518,-1.5233,-0.073596
-0.54728,1.1699,-0.45569,0.0019611,-0.66078,0.019489,1.5471,0.015821
-0.53998,-0.32715,0.056367,0.3929,0.71827,-0.023476,0.35124,-0.0035031
-0.82954,-0.8174,-0.45587,-0.30356,1.4463,0.0083867,-1.0608,0.11677
-0.53919,1.8101,-0.65085,0.39884,-3.046,-0.018432,0.80024,0.22576
-0.52223,-0.33091,-0.36035,-0.15067,3.6117,0.28182,1.4031,0.090295
4.54,0.70651,0.3199,0.28901,-2.3196,0.012398,-1.3376,-0.026454
4.5003,1.3199,-0.55444,0.21904,0.66222,-0.050924,-0.77147,-0.083891
4.4618,1.5983,0.60063,0.085722,1.4081,-0.05969,1.7823,-0.11103
4.4385,0.46223,0.75223,0.68711,-1.9335,-0.020665,-1.1351,-0.10331
-0.64618,-3.3996,-0.20869,-0.64025,1.3846,0.0047479,-0.52643,-0.049429
-0.83597,0.15357,-0.24973,-0.094267,-1.7794,-0.029367,1.0224,0.032347
-0.7729,-2.2932,-0.651,0.016072,-1.1265,-0.10023,0.019221,0.11911
-0.64939,-1.5838,-0.70982,-0.31547,1.0383,-0.075965,-1.8414,0.11415
-0.62157,0.49184,-0.60846,0.21334,-2.3515,-0.033064,0.30571,0.1131
-0.56992,-0.35162,0.45785,0.22811,0.51073,-0.067211,0.96324,0.10013
-0.37142,2.211,0.17604,0.16196,-1.3132,-0.021352,-1.2318,0.040329
-0.68738,4.4466,-1.2145,0.80856,-0.4088,-0.045527,-0.96458,-0.057533
-0.61266,1.0515,-0.040668,-0.39817,2.8947,0.091474,2.0452,-0.099711
-0.60035,2.6006,1.1662,0.18688,-3.1886,-0.064696,-1.378,-0.091411
-0.66668,-0.76468,0.2368,-0.19421,0.61062,0.021818,-1.2538,-0.087152
-0.63585,-0.41814,0.35727,-0.43252,0.35647,-0.013664,1.8025,-0.048479
-0.5885,-0.79582,0.35258,0.99119,-3.3697,0.0033682,-0.16522,0.065251
-0.57617,-4.3085,-0.14265,-0.7216,2.2167,0.086905,-2.0605,0.055297
-0.32112,1.6826,-0.56602,-0.17,-2.4683,9.5262e-05,0.63376,0.029889
-0.48619,-0.35096,0.1848,0.08472,-0.32734,-0.078744,0.64955,0.1969
-0.5865,-0.038393,-0.047188,-0.19974,2.1047,0.10328,-0.33279,0.086571
-0.58494,2.719,-0.28941,0.43682,-0.50051,0.03903,-0.62221,0.0028978
-0.78065,1.0167,-0.25147,-0.2811,1.8784,0.00076268,1.4817,-0.072744
-0.5978,0.3951,1.5163,0.17513,0.29346,-0.0098198,-0.56509,-0.10981
-0.55497,-0.26657,-0.2154,-0.061234,1.1897,0.020541,-0.80874,-0.10638
-0.55098,-0.89821,0.78616,-0.2481,2.6672,0.12911,2.6679,-0.056365
-0.38596,-0.42845,-0.099063,0.69609,-0.81432,0.0097215,-0.076612,-0.050621
-0.37656,-2.5332,-0.60371,-0.1627,2.9533,0.22665,-1.4651,0.11276
-0.54775,2.206,-0.45284,0.30996,-1.593,0.0065513,1.1968,0.018888
-0.5512,-1.5934,-0.36097,0.25691,3.1951,0.27381,1.1461,0.1498
-0.65229,0.25059,0.13678,-0.29243,2.1396,0.11918,0.28986,0.1305
-0.63281,2.3747,-0.5184,0.19683,0.30831,-0.015063,0.71102,0.058851
4.311,0.58746,-0.3553,-0.18691,4.7164,0.48588,2.1275,-0.024288
4.5142,1.0556,0.85347,0.58702,-0.52201,-0.032088,-0.66877,-0.077734
4.4798,0.53752,0.097301,-0.27051,2.5831,0.17128,0.29035,-0.10032
4.4564,1.1444,0.3938,0.084688,1.4688,0.031111,2.3549,-0.1084
-0.59356,-1.4734,-0.00013887,0.43127,-0.39179,-0.00050798,0.071104,-0.0071294
-0.63876,-3.0049,-0.65196,-0.53276,2.1531,0.082579,-0.87616,0.031714
-0.62939,1.775,-0.0062738,-0.18164,-1.1256,-0.060961,1.673,0.029012
-0.80885,-1.6213,-0.073437,0.12056,1.0418,-0.04681,1.1564,0.13831
-0.66515,-0.8796,-0.24385,-0.14587,1.0736,-0.075201,-1.3218,0.043396
-0.61347,2.284,-0.42788,0.39418,-0.84879,-0.013337,0.63295,0.079027
-0.60453,0.049434,0.32739,-0.01583,2.5692,0.14536,1.7879,0.016843
-0.40386,3.4073,0.54102,0.15063,-1.2265,-0.059472,-0.52844,-0.084061
-0.60427,3.7775,-0.26638,1.0268,0.12512,-0.078493,-1.4724,-0.18246
-0.59504,0.53575,0.38675,-0.25053,2.5412,0.071169,2.3422,-0.13919
-0.59346,0.68734,0.93184,0.45522,-3.4892,-0.02431,-0.92238,-0.06868
-0.81484,-3.477,-0.42626,-0.55745,1.2288,-0.020749,-1.761,-0.017984
-0.65005,-0.60093,-1.0592,-0.88902,-0.22306,-0.022032,1.2788,0.17229
-0.56597,-0.92363,0.15588,0.2577,-3.3779,-0.039148,0.25356,0.15669
-0.57496,-4.2373,-0.22118,-0.70857,2.5051,0.16416,-0.75177,0.11242
-0.36112,2.7218,-0.039268,0.17921,-2.1383,-0.025273,0.53746,0.055662
-0.48283,0.66757,0.00022087,0.057622,1.3697,-0.018843,1.0693,0.091342
-0.70198,1.1532,-0.44566,0.012597,0.93841,-0.059549,-0.82423,-0.008614
-0.5698,1.5944,-0.17172,0.33504,-0.52591,-0.057758,-0.90663,-0.098226
-0.88787,0.86952,0.5104,-0.40924,2.0255,0.024706,1.7205,-0.11093
-0.76263,-0.46782,1.3995,0.27228,-0.95457,-0.039943,-0.54122,-0.1223
-0.59255,-0.95472,-0.5639,-0.11333,1.1358,-0.025196,-0.98098,-0.061841
-0.54952,1.1014,-0.1476,-0.3766,1.8003,0.053803,2.0608,-0.069678
-0.54463,-0.11935,-0.022539,0.48683,-1.6849,-0.022918,-0.092218,-0.053152
-0.45239,-1.0541,-1.2876,-0.06072,2.9786,0.28555,-0.42921,0.11312
-0.55804,2.8901,-1.5727,0.25,-3.2882,-0.031427,0.63863,0.07192
-0.54717,-0.82048,-0.663,0.047988,3.2325,0.27609,1.4817,0.10855
-0.5429,0.96363,0.47359,0.19167,1.1838,0.008945,-0.25831,0.015042
-0.68469,2.2035,-1.0553,0.13467,1.4677,0.060843,0.31829,-0.022608
4.539,1.5236,0.42228,-0.07099,3.052,0.26584,2.2716,-0.055245
4.5032,0.47134,1.3143,0.87539,-1.538,0.014586,-0.81949,-0.12417
4.4802,-1.6715,0.68252,-0.51254,2.7809,0.25382,0.51124,-0.05746
4.5036,1.2922,0.029746,-0.018477,0.0047895,0.019624,3.0374,-0.037649
-0.47269,-2.3483,-0.45728,0.28662,1.0134,-0.015255,0.50744,0.07781
-0.64218,-1.637,-0.69934,-0.17533,1.088,0.0055951,-0.96534,0.089711
-0.63735,0.78929,-1.4231,0.10677,-0.35432,-0.0092101,1.0171,0.096599
-0.76658,0.57504,-0.10875,0.41906,0.1953,-0.10165,1.1395,0.135
-0.68222,-0.2,0.14326,-0.19714,0.98862,-0.059979,-1.4534,0.052206
-0.59647,3.2003,0.074309,0.44164,-1.1399,-0.044224,0.053649,0.0016566
-0.59655,0.065521,0.32871,-0.12153,2.9882,0.16522,1.962,-0.074351
-0.44171,3.2863,0.97765,0.28765,-0.73047,-0.035175,-0.61401,-0.12838
-0.46509,2.4794,0.08268,1.1028,-0.1673,-0.10305,-1.9946,-0.12346
-0.53917,-1.6299,0.43459,-0.4434,1.8172,0.026638,2.3576,-0.015696
-0.59095,-0.37547,0.62027,0.72532,-2.7151,-0.086156,-0.63552,0.0066215
-0.77114,-2.4457,-0.48269,-0.30947,1.9487,0.10663,-1.841,0.026481
-0.78285,0.28847,-0.11911,-0.56587,0.75922,-0.042408,2.1516,0.14369
-0.62765,-0.067607,0.18773,0.31936,-1.8713,-0.046053,0.71471,0.18546
-0.56758,-2.4126,0.36615,-0.53484,1.584,0.029398,-1.5706,0.024802
-0.56106,3.1697,0.84213,0.27788,-0.64466,-0.035246,1.2238,-0.011267
-0.41413,0.83297,0.1574,0.0016849,1.0903,-0.12138,1.3132,-0.022122
-0.52837,1.0977,-0.29385,-0.10547,0.61925,-0.061834,-1.1731,-0.10161
-0.55285,0.90219,-0.72329,0.11102,-1.9879,-0.022449,-0.88517,-0.10799
-0.5495,-0.48289,0.68121,-0.32313,2.3102,0.091724,2.0707,-0.081506
-0.78018,-1.0795,1.3066,0.23496,-1.023,-0.040861,-0.51949,-0.03468
-0.57858,-1.3449,-0.36285,0.10992,1.0754,-0.048922,-0.8693,0.01604
-0.53688,0.85659,-0.14107,-0.076257,1.5389,0.039024,2.8685,-0.01538
-0.52946,-1.5897,0.30173,0.56404,-1.0693,-0.059652,-0.090753,0.12371
-0.4837,-0.39498,-1.1547,-0.10445,1.9438,0.098585,-1.1866,0.043445
-0.47166,3.2923,-0.319,0.39296,-2.1381,-0.047728,1.3818,0.097499
-0.52977,0.46347,-0.057088,0.29555,2.5926,0.19885,1.002,0.028842
-0.52012,-0.38381,0.41198,0.03193,0.51703,-0.036202,-0.53298,-0.054515
4.5015,1.4819,-0.12202,0.060589,0.61957,-0.11077,-0.74103,-0.061062
4.5209,0.39518,0.68263,0.14579,2.1983,0.12199,2.1735,-0.1186
4.4975,-0.55254,0.40722,0.5507,-0.50361,-0.027885,-0.51912,-0.080216
4.4804,-2.4967,0.12383,-0.59518,1.3352,0.043972,0.078225,0.034099
-0.31814,-0.023533,-0.27856,0.068335,-1.5791,-0.11337,1.2004,0.11529
-0.41259,-1.8936,-0.090782,0.28405,-1.0101,-0.091309,-0.42372,0.15647
-0.66134,-3.0343,-0.18467,-0.82224,0.79527,-0.039404,-0.41018,0.27103
-0.62369,1.4083,-1.1058,0.065734,-1.3481,-0.017623,1.081,0.11441
-0.63475,0.88117,-0.006852,0.067102,-0.75136,-0.14864,0.95638,-0.019809
-0.72585,0.16028,1.2254,0.33836,0.35248,-0.095987,-1.8656,-0.028084
-0.64913,2.816,1.0202,0.46153,-1.6885,-0.014967,0.27362,-0.11327
-0.59736,-0.35387,0.6006,-0.017911,2.0687,-0.0039734,1.8522,-0.13043
-0.58865,1.1145,0.70707,0.44889,-0.99636,-0.034373,-1.2582,-0.087055
-0.3212,0.8942,-0.67313,0.27734,-0.42511,-0.094787,-0.87842,0.027114
-0.55647,-2.2831,-1.0975,-0.44724,1.3898,-0.1198,1.9004,0.075303
-0.59483,-0.15592,-0.14413,0.38444,-2.4079,-0.00073259,-0.35174,0.059337
-0.58657,-2.5478,-0.61088,-0.48798,1.4527,0.0071866,-1.6649,0.12468
-0.76123,1.6791,0.1159,-0.37694,1.0459,-0.069156,2.1521,0.17059
-0.61078,1.391,0.69083,0.30229,-2.4487,-0.083781,0.2387,0.026262
-0.56254,-0.88289,0.060594,-0.37239,1.5487,0.021504,-1.1785,0.010443
-0.55562,3.0129,0.49,0.047602,-1.7202,-0.011431,0.58995,-0.07547
-0.347,0.27737,0.27491,-0.06011,1.3609,-0.059376,1.5137,-0.10864
-0.44327,0.55973,0.43232,0.1157,-1.6453,-0.08604,-1.3614,-0.10969
-0.55026,-0.99665,-0.30759,0.19174,-0.53257,-0.053048,-0.70817,-0.073986
-0.55834,-1.7571,-0.21179,-0.31677,1.3404,-0.028097,1.2549,-0.029204
-0.61644,-1.4342,0.023322,0.25452,-0.95594,0.015825,-0.36366,0.053934
-0.64941,-0.55412,-1.4779,-0.087439,0.58924,-0.074117,-1.1001,-0.011583
-0.48855,1.6605,-0.57527,-0.13088,0.34678,-0.04846,2.7479,0.018669
-0.52822,-0.22716,0.77511,0.51669,-0.1945,-0.065947,0.34653,0.044832
-0.53075,0.7654,-0.49605,-0.18223,1.2899,-0.0047885,-0.79199,0.013168
-0.3977,4.3817,-0.22552,0.76807,-2.1279,-0.014351,1.0766,-0.0099283
-0.49834,0.30035,0.27938,0.32255,2.9646,0.25328,1.3579,-0.094308
-0.67303,-0.35824,0.78733,0.29005,-0.64805,-0.0019262,-0.87594,-0.09791
4.5309,0.59292,-0.6019,-0.077297,1.0493,-0.029932,-0.58192,-0.060259
4.5063,-0.27353,0.52853,0.0078444,0.80206,-0.047093,1.9708,-0.016207
4.4912,-1.3127,0.32082,0.47895,-0.8048,-0.010346,-0.54839,0.036095
4.8917,-1.5456,-0.12438,-0.41815,0.27669,-0.061834,-0.34186,0.069316
-0.6368,0.88027,-0.40925,-0.031843,-1.1031,-0.072519,1.6269,0.089565
-0.40999,-1.3782,-0.60759,-0.15494,-1.1869,-0.076773,0.94549,0.15133
-0.57694,-0.52027,-0.32699,-0.16441,0.43601,-0.018323,-1.2636,0.1059
-0.62668,2.9507,-0.096095,0.33814,-1.3242,0.0088102,0.61693,0.0080331
-0.62074,0.030065,-0.083337,-0.12092,1.3175,-0.039674,1.0611,-0.035337
-0.74902,2.2408,0.59204,0.14812,-1.4112,-0.015249,-1.3228,-0.13887
-0.60353,2.1447,0.0058291,-0.045986,-0.24037,-0.052515,-0.11643,-0.11738
-0.60435,-0.86868,0.31766,-0.66941,2.2488,0.02076,1.914,-0.052106
-0.59899,0.25161,1.0079,0.084206,-3.4803,-0.10474,-1.1865,-0.0040628
-0.41711,-3.1585,-0.7675,-0.45469,0.2041,-0.11108,-2.1561,0.28252
-0.47276,-0.37403,-1.5487,-0.46314,0.81467,-0.042722,2.4694,0.11446
-0.60207,0.021563,0.59892,0.6278,-3.2288,-0.08475,-0.17629,0.12179
-0.59054,-3.219,-0.46866,-0.26261,2.2099,0.1274,-1.9601,0.12933
-0.81349,2.2996,0.16868,-0.47333,-2.5057,-0.072698,0.74641,0.081899
-0.70292,1.6791,0.72,0.19332,-3.7596,-0.12891,0.28622,-0.012386
-0.52217,0.14562,-0.070521,-0.13477,1.8385,0.13182,-0.81108,-0.086081
-0.56794,2.459,-0.61414,0.10155,-1.0529,-0.055711,-0.46318,-0.11541
-0.57093,-0.49358,0.40629,-0.49678,1.6671,-0.024195,1.9053,-0.066879
-0.43943,-0.40029,1.0292,0.073384,-1.2733,-0.0015605,-1.1633,-0.071235
-0.60576,-2.2076,-0.56443,0.079787,1.2492,-0.01007,-0.52415,0.033904
-0.56132,-1.2664,-1.0673,-0.69185,0.2761,-0.068764,1.7856,0.094457
-0.56046,-0.47033,0.2303,0.70635,-1.247,0.03267,0.31405,0.037385
-0.74956,0.098119,-0.96014,-0.41331,2.5743,0.22883,-0.22582,0.03478
-0.57456,2.5941,-0.74961,0.30917,-0.49374,0.00315,1.7637,0.1196
-0.54032,0.089803,-0.39054,0.16587,1.3583,-0.0028504,1.1305,-0.0038438
-0.5323,1.2221,0.16334,-0.032536,2.4241,0.21463,-0.32254,-0.025164
-0.26634,2.7388,-0.5468,0.29531,0.36384,-0.0042815,0.72669,-0.09623
-0.48952,-0.067504,0.42708,-0.28489,3.7317,0.36994,2.2899,-0.10034
4.5396,-0.054968,1.0265,0.69425,-0.088117,-0.039911,-0.48887,-0.096157
4.5188,-1.8232,-0.93645,-0.4743,2.6939,0.22533,1.3558,-0.052641
4.5044,-0.57643,0.027497,0.029271,-0.15001,-0.0088058,1.5787,0.084916
4.4813,-1.4296,-0.093853,0.48519,-0.33077,-0.040329,0.29753,0.15175
-0.64439,-2.3531,0.056534,-0.45464,1.3085,0.023468,-0.56828,0.22542
-0.64008,2.2985,-0.40237,0.4003,-0.27931,-0.062892,1.1963,0.14593
-0.47454,0.034471,0.49966,0.013156,-0.14847,-0.073821,1.0026,0.14931
-0.45523,0.54262,1.0454,-0.057252,0.99333,-0.022956,-0.89042,0.0221
-0.66481,3.2376,0.31406,0.68563,-0.58397,-0.037685,0.32237,-0.039353
-0.63397,-0.31144,0.57826,0.051783,2.9119,0.20632,1.9708,-0.11344
-0.65571,1.8782,0.85238,0.49595,-1.59,-0.050718,-0.88914,-0.096571
-0.79941,0.61985,-1.327,0.55725,0.52976,-0.064997,-1.1963,-0.037381
-0.60044,-2.2857,-0.3166,-0.42715,2.1524,0.033928,1.593,0.080317
-0.60578,0.11839,0.13069,0.46835,-2.986,-0.0080036,-0.68178,0.19641
-0.6085,-2.4945,-0.32614,-0.6451,1.2218,-0.024747,-2.1223,0.072626
-0.40481,0.37084,-0.78185,-0.6122,1.209,0.017512,2.6966,0.14875
-0.51604,1.2106,0.73311,0.72687,-3.278,-0.052855,0.47846,0.21617
-0.6003,-3.311,-0.93422,-0.75529,2.245,0.18183,-1.7001,0.070046
-0.59329,2.8944,-0.15558,-0.14234,-3.1564,-0.044237,0.22886,-0.043028
-0.68063,0.97667,0.86375,-0.041843,-0.80202,-0.069374,1.5018,-0.068364
-0.63819,0.75157,0.7009,-0.1505,2.2008,0.14303,-0.96323,-0.13008
-0.57901,0.47761,0.048453,0.11866,-0.98242,0.0097087,-0.76897,-0.10358
-0.57131,-0.84055,0.25094,-0.41968,1.8487,0.03346,2.348,-0.00053385
-0.27818,-1.0967,0.36951,0.38487,-0.56044,-0.057803,-0.72143,0.048629
-0.43901,-2.27,-0.73325,-0.22576,1.1261,-0.014428,-0.37791,0.13612
-0.56797,-0.84083,-0.36292,-0.53946,0.86577,-0.051027,1.9557,0.12734
-0.5619,0.086174,0.27867,0.63891,0.40302,0.0068657,0.11313,0.036241
-0.88847,0.19339,-0.49726,-0.25479,2.2043,0.15297,-0.5803,0.029012
-0.55952,3.6507,-0.17469,0.16262,-0.87757,-0.038724,1.6984,0.0065241
-0.48796,0.10198,0.1933,-0.065319,1.92,0.066561,1.4708,-0.025943
-0.53825,1.2675,0.82769,-0.022517,1.5491,0.090081,-0.3133,-0.10353
-0.50897,2.3398,0.35776,0.29013,0.88161,-0.037261,1.582,-0.10891
-0.50661,-0.039286,0.67316,-0.44229,3.3179,0.31256,2.103,-0.099248
4.5352,-1.4054,-0.15879,0.47541,0.045154,-0.019587,0.19095,-0.060162
4.5186,-3.325,-0.69291,-0.38698,1.6037,0.093804,0.33951,0.12415
4.4895,0.72058,-0.20589,0.15141,1.0247,-0.037036,2.4856,0.032541
0.54714,-1.2662,-0.3435,0.22752,-1.0273,-0.026024,0.034004,0.14355
-0.6576,-1.4089,0.21442,-0.22398,1.3569,0.019701,-0.49255,0.1526
-0.6391,2.7275,0.55584,0.27931,0.089186,-0.048312,1.7769,0.058924
-0.64087,0.86679,0.54646,0.19771,0.32001,-0.067231,1.3389,-0.026259
-0.46243,-0.3318,0.13512,-0.27858,0.48516,-0.015095,-1.5198,-0.064981
-0.5588,1.7105,-0.14718,0.44425,-1.7801,-0.028296,0.18383,-0.11083
-0.62674,-1.5117,0.59464,-0.15125,2.3123,0.11557,1.218,-0.10146
-0.62681,-0.586,0.028345,0.10482,-0.99532,-0.020935,-0.90052,-0.033852
-0.97299,-0.56235,-1.0341,0.2125,0.4359,-0.026159,-0.28793,0.10366
-0.70105,-1.7625,-0.91267,-0.28889,2.1877,0.092109,1.9333,0.14722
-0.59997,0.14541,0.37987,0.47311,-2.6312,-0.087735,-0.73578,0.41289
-0.59816,-1.6016,-0.70119,-0.59182,1.3823,-0.057373,-2.1294,0.089833
-0.49968,1.3285,0.030504,-0.65614,0.79371,-0.077248,2.2925,0.058924
-0.4363,1.9134,1.1712,0.6451,-3.3814,-0.076735,0.12806,0.045781
-0.60797,-3.1748,-0.28844,-0.62477,1.9284,0.10124,-1.6406,-0.050986
-0.59766,1.9653,0.27351,-0.16268,-4.0234,-0.062219,-0.088544,-0.080752
-0.69334,0.24142,0.57611,-0.019273,-1.376,-0.11324,0.73816,-0.1231
-0.64495,-0.32387,0.63503,-0.36066,0.55475,-0.079308,-1.2634,-0.085278
-0.54739,-0.53737,-0.61411,0.22393,-2.0538,-0.09317,-0.56591,0.012122
-0.56747,-2.1664,-0.28529,-0.47138,0.38374,-0.17073,1.1475,0.071798
-0.57438,-0.56312,0.22945,0.22067,-2.3719,-0.095365,-1.2074,0.097499
-0.35717,-1.0969,-1.314,-0.14823,-0.61285,-0.084526,-1.2717,0.15097
-0.53112,1.5073,-0.13783,-0.25118,0.22818,-0.046849,1.916,0.056125
-0.56616,0.40435,0.9009,0.55958,-2.2853,-0.09765,-0.36547,0.029718
-0.56118,0.74309,-0.12245,-0.19376,0.58241,-0.0857,-1.736,-0.037698
-0.75299,3.4799,-0.075711,0.37909,-3.6891,-0.10115,0.28485,-0.04478
-0.53811,-0.055656,-0.28382,0.094078,1.6349,0.081925,0.89969,-0.10974
-0.53862,-1.034,0.51523,0.17272,-0.54236,-0.045783,-1.5851,-0.094624
-0.54287,0.78189,-0.7388,0.13265,-0.9005,-0.063566,0.28877,-0.038744
4.5601,-0.18753,-0.008837,-0.29343,2.3046,0.083446,1.2464,-0.069434
4.5427,-1.2802,0.055699,0.62837,-3.1025,-0.064786,-1.4337,0.14476
4.5126,-2.5267,-0.4196,-0.78468,-0.1153,-0.0919,-1.4982,0.15063
4.4788,0.89316,0.20513,-0.16297,-1.3595,-0.0048719,2.1177,0.096623
-0.86485,-0.16925,0.80121,0.40504,-2.8253,-0.062251,-0.57277,0.095236
-0.6787,-1.0471,-0.44816,0.11594,-0.84712,-0.11372,-2.1767,0.044613
-0.6369,3.4605,0.19453,0.3139,-3.8006,-0.06125,0.52512,-0.045924
-0.62559,-0.05606,0.43138,0.01103,-0.61062,-0.17972,0.50938,-0.089854
-0.49513,-0.51081,0.69294,-0.29199,-1.0347,-0.10795,-2.0568,-0.089294
-0.57853,0.7607,0.014245,0.32971,-3.6748,-0.018779,-0.87305,-0.069118
-0.62393,-2.6063,0.34238,-0.15017,1.8155,-0.044211,1.2714,0.013339
-0.61582,-1.4409,0.24832,0.2685,-3.5296,-0.09541,-1.4918,0.1638
-0.67935,-0.9209,-0.61015,0.55093,-2.1088,-0.047022,-1.8378,0.13021
-0.71184,-1.5907,-0.80812,-0.67872,0.69462,-0.17981,1.0052,0.30045
-0.56395,1.5512,0.48764,0.4344,-4.5362,-0.10656,-1.4784,0.24808
-0.58945,-0.3257,0.012472,-0.38774,1.1215,-0.071755,-3.0645,0.066176
-0.59193,2.2276,0.49662,-0.54339,-1.4574,-0.0066239,1.9372,-0.030737
-0.48831,1.61,1.5178,0.43689,-5.2906,-0.081869,-0.15522,-0.089197
-0.62778,-1.4755,0.31868,-0.34114,1.3449,-0.049916,-2.8862,-0.087347
-0.5782,1.9173,1.032,-0.23245,-2.879,-0.047503,0.61348,-0.10368
-0.57997,-0.3976,0.26105,-0.075942,0.6491,-0.075297,1.0126,-0.023046
-0.79324,-0.90834,0.15317,-0.046012,-1.0664,-0.091977,-1.8233,0.034634
-0.67454,-0.66934,-1.1709,0.17948,-2.5014,-0.096103,-1.528,0.18451
-0.55811,-1.0628,-0.23603,-0.36882,1.2521,-0.016898,1.2443,0.15798
-0.56526,-0.39214,0.46179,0.64505,-1.9625,-0.044859,-0.35273,0.10349
-0.27658,-0.20627,-0.8222,-0.17193,0.93986,-0.050725,-1.378,0.10446
-0.53154,2.7699,0.17244,-0.089848,-0.27139,-0.066993,1.879,0.014288
-0.553,0.16463,1.0429,0.22407,-1.9348,-0.0056548,-0.31301,-0.022292
-0.55292,0.5046,0.14258,-0.21647,1.4869,-0.023001,-1.3071,-0.074375
-0.71745,2.3463,0.33259,0.45708,-2.4958,-0.027853,0.91895,-0.12047
-0.64541,-0.87835,0.11321,-0.2364,2.6304,0.1862,1.5015,-0.075422
-0.51809,-1.7143,0.2756,0.45598,-0.58748,-0.030792,-1.3462,-0.0119
-0.52893,-0.45974,-0.66691,0.19586,0.35109,-0.048556,-0.52912,-0.050256
4.5706,0.018088,0.56206,0.028918,2.0987,0.085108,2.3191,0.034488
4.5534,-0.70383,0.026675,0.81627,-2.0903,-0.047574,-1.2354,0.25246
4.5082,-3.2483,0.55125,-0.95404,1.1734,0.010023,-0.73266,0.16742
-0.63891,1.9022,0.50093,0.014075,-1.9326,0.033293,1.7415,0.090733
-0.71817,0.37952,0.83647,0.21381,-0.75167,-0.030702,0.21396,0.01441
-0.75496,-0.037777,-0.60771,0.019316,0.54244,-0.022481,-2.0777,-0.069775
-0.56737,1.9504,0.27792,0.44456,-2.5106,-0.016025,0.32388,-0.096668
-0.6093,-0.55881,1.0481,-0.025728,1.8332,0.021234,0.67497,-0.08652
-0.60979,0.3601,0.94292,0.21898,-1.6702,-0.076767,-1.6008,-0.029253
-0.39354,-1.4708,-1.1794,0.063948,-0.98993,-0.091431,-1.4493,0.15601
-0.535,-2.6142,-1.2872,-0.84317,2.25,0.089279,1.9732,0.20624
-0.6135,-0.2248,0.33148,0.41725,-3.2607,-0.080778,-1.376,0.31686
-0.60368,-1.571,-0.37982,-0.18279,0.4899,-0.048934,-1.8329,0.14352
-0.78962,0.29439,-0.092516,-0.31974,-1.801,-0.083351,1.6083,0.24036
-0.67543,2.3703,1.2487,0.91481,-6.1834,-0.0287,-0.7868,0.050868
-0.57839,-3.1273,-0.61638,-0.68112,2.4401,0.17393,-1.8219,-0.035142
-0.57828,1.2193,-0.20611,-0.32412,-3.6903,0.0067502,0.77462,-0.080825
-0.30468,0.13094,-0.0020018,-0.26905,0.71304,-0.12246,1.237,-0.12322
-0.47778,0.10217,0.48022,-0.49172,1.6928,0.031002,-1.1732,-0.10952
-0.56458,0.54449,-0.77354,-0.067149,-0.22977,-0.032294,-0.35967,-0.025407
-0.56766,-2.8395,0.51613,-0.54809,3.0306,0.26123,2.1434,0.036873
-0.56998,-0.47952,0.57461,0.31954,0.21761,0.017936,-1.2304,0.11943
-0.74194,-2.2537,-0.40579,-0.4411,1.3701,0.052963,-1.0176,0.14895
-0.52961,0.92428,-0.70123,-0.067323,3.5239,0.30188,2.4097,0.17027
-0.54468,0.80087,1.0571,0.90424,-0.11957,0.027132,0.12356,0.07338
-0.50668,0.26279,-0.072069,-0.4419,2.6762,0.19496,-1.5523,-0.00472
-0.44926,3.4801,0.65551,0.23648,0.44822,-0.027089,1.962,-0.031005
-0.50879,-0.37584,0.73181,0.15422,1.3545,0.020708,1.1253,-0.11492
-0.53323,0.33469,0.58434,-0.16552,2.6093,0.18379,-0.72676,-0.081117
-0.51845,2.4485,0.17014,0.25328,-0.21969,0.011807,1.4026,-0.04753
-0.658,-1.4214,-0.16303,-0.13528,3.5574,0.26235,1.8062,0.063158
-0.48726,-2.1908,-0.33551,0.5132,-0.42084,0.01173,-0.96722,0.095382
4.5927,-0.85978,-0.45736,-0.003736,2.1888,0.10098,0.42697,-0.017376
4.5609,1.1407,0.034801,-0.015612,1.3851,-0.0071886,1.9635,0.039843
4.531,0.57702,0.25808,0.89944,-1.3328,-0.039327,-0.54706,0.15418
4.4832,-1.8868,-0.32426,-0.76147,2.2279,0.16614,-0.15254,0.073478
-0.62918,2.8073,0.23673,0.12123,-1.3912,-0.011482,1.8148,0.0059887
-0.62549,-0.10055,0.57571,-0.060123,1.4005,0.0039201,1.2133,-0.065394
-0.72663,0.11801,-0.16724,-0.18552,1.0875,-0.052201,-1.3008,-0.11548
-0.64558,1.0533,-0.084705,0.34359,-0.59091,-0.043274,0.63923,-0.097447
-0.60548,-0.76302,1.0867,0.037852,2.3889,0.030399,1.0934,-0.077807
-0.60517,-0.64012,0.56602,-0.066655,-0.85873,-0.020075,-0.59784,0.03315
-0.19623,-2.0785,-1.538,0.10715,0.96675,-0.04613,-1.3233,0.12931
-0.44894,-1.1718,-0.97156,-0.42311,1.5557,-0.0035948,2.2054,0.25487
-0.61359,0.84831,0.85646,0.54364,-2.5743,-0.062244,-0.73445,0.24104
-0.59438,-0.951,0.089367,-0.38453,1.796,0.025707,-1.6696,0.12573
-0.88548,1.7009,0.083014,-0.51992,-0.73208,-0.076286,2.0408,0.10874
-0.63395,2.3304,1.4607,0.65921,-2.5237,-0.03341,0.55786,-0.042419
-0.60362,-3.4971,-0.38518,-0.51176,2.8968,0.24346,-1.7349,-0.082163
-0.57064,1.3987,-0.0061261,-0.11673,-2.0297,-0.045584,0.46622,-0.11461
-0.55516,-0.055347,1.1156,0.19593,0.91716,-0.049371,1.0769,-0.084256
-0.3571,-1.2273,0.23485,-0.12937,1.3705,-0.0073683,-1.25,-0.0468
-0.56622,-0.046723,-0.73712,0.25132,0.47763,-0.010051,-0.66497,0.14011
-0.56803,-2.3846,-0.975,-0.28632,3.0162,0.19018,1.6662,0.1251
-0.56574,0.85993,0.56902,-0.11243,-0.13334,-0.053228,-0.39974,0.078491
-0.72066,-1.1496,-1.1107,-0.20295,1.4879,0.069982,-0.30681,0.13571
-0.52319,2.5242,-0.36822,-0.23732,2.0842,0.064476,2.427,0.07613
-0.53683,0.58354,1.016,0.46205,0.13794,-0.038589,0.23805,-0.0026999
-0.53424,0.94443,-0.15572,-0.18254,3.0316,0.28934,-1.3985,-0.042517
-0.34332,2.7946,0.027825,0.13869,-1.5009,-0.018426,1.8675,-0.097545
-0.4296,-0.2778,-0.48458,0.22356,2.3884,0.13122,1.0382,-0.085449
-0.53156,-0.44081,0.29795,-0.15338,2.6404,0.19807,-0.79973,-0.075008
-0.53607,0.6773,-1.2753,0.32875,0.95946,-0.0177,0.85895,0.050503
-0.69752,-2.0253,-0.83198,-0.42008,4.4171,0.43557,2.4251,0.096039
4.4725,-0.019846,0.15558,0.70537,0.18108,0.019662,-0.22763,-0.016986
4.5668,-1.199,-0.19085,-0.47157,2.9934,0.22659,0.30639,0.069754
4.5352,1.2912,0.30221,0.11731,0.97654,-0.035772,2.9378,0.16927
4.4877,0.49452,0.94391,0.90164,0.83924,-0.0016567,-0.10234,0.046633
-0.53568,-0.51429,-0.73283,-0.68394,2.4324,0.16533,-0.4353,-0.014845
-0.63922,1.9695,-0.16165,0.032752,-1.8213,-0.094428,0.95074,-0.08338
-0.63338,-0.40515,0.70528,0.0046266,1.7958,0.052526,1.2551,-0.099686
-0.71711,0.31055,0.97924,0.049336,1.5376,0.025926,-1.1235,-0.073523
-0.79114,1.4343,-0.051396,0.23372,-0.72892,-0.013965,1.6059,-0.076225
-0.66691,-2.2534,0.12255,-0.072795,2.8071,0.13697,1.2403,0.053277
-0.60884,-2.4645,-0.73922,-0.23944,-1.1103,-0.094139,-0.66712,0.39481
-0.59855,-0.41455,-1.5441,0.33063,0.98642,-0.0064442,-1.047,0.099081
-0.41775,-0.68682,-0.38366,-0.42653,2.2146,0.092154,2.3274,0.33185
-0.5602,1.997,1.4468,0.25861,-1.7198,-0.016783,0.13679,0.12875
-0.59773,1.6405,0.11018,-0.069828,2.459,0.1568,-1.2787,0.016478
-0.5898,2.3303,0.3954,-0.52076,-0.89974,-0.098863,1.9328,-0.056195
-0.6559,1.5548,0.99977,0.61693,-3.2071,-0.13804,0.59431,-0.09752
-0.58557,-3.3508,0.59292,-0.55169,2.0387,0.12619,-1.6872,-0.1149
-0.57294,2.1106,-0.48237,-0.24508,-0.74603,-0.10452,0.35364,-0.072574
-0.57514,-0.80842,-0.18951,-0.046667,0.57565,-0.10164,0.92627,-0.037308
-0.19891,-1.2527,-0.67471,-0.18502,0.0020985,-0.05643,-1.0382,0.12666
-0.51907,-0.013386,-0.80449,0.30307,-1.9078,-0.0476,-1.0706,0.1984
-0.57273,-1.2379,-0.47583,-0.34604,1.835,0.00084611,1.0637,0.14476
-0.5655,0.47302,0.90083,0.063094,-1.8562,-0.091052,-0.63456,0.093556
-0.83406,-0.035555,-0.025854,-0.26463,0.17255,-0.076106,-0.97417,0.059678
-0.6923,2.7862,0.53368,-0.22454,0.95027,-0.12002,2.2956,-0.03468
-0.53917,0.17609,0.92217,0.29249,-1.4477,-0.035958,-0.12343,-0.063739
-0.54508,0.38521,-0.19449,-0.21292,1.6098,0.054503,-1.4991,-0.072136
-0.16972,1.0901,-0.57771,0.020934,-2.6248,-0.020389,2.0649,-0.086714
-0.42916,-0.61153,-0.2282,0.39791,0.29949,-0.16923,-0.076805,-0.079851
-0.57622,-1.3487,0.16798,0.15095,1.0002,0.0069748,-0.64596,0.0077654
-0.53806,-0.72228,-1.2849,0.16011,-2.0339,-0.091001,-0.85762,0.15939
-0.95118,-1.2387,-0.69868,-0.26156,3.0273,0.19538,2.0536,0.1094
4.5704,0.78971,0.95696,0.7621,-2.4076,-0.079803,-0.94471,0.053423
4.5385,-0.2007,0.84072,-0.29337,1.1629,-0.029541,-0.11253,0.12301
4.4919,2.2304,0.65186,0.072934,-1.2489,-0.035945,1.7243,0.022076
4.4486,0.6044,0.23384,0.37315,-2.1878,-0.11241,-0.27013,-0.058288
-0.48898,-0.6203,-0.66155,-0.85832,1.4235,0.029327,-1.2146,-0.09331
-0.65246,1.4885,0.096067,0.043903,-2.9978,-0.073706,1.085,-0.11441
-0.63809,-2.0334,0.9399,0.059003,0.56756,-0.20999,0.53357,-0.087809
-0.63893,0.18918,0.99182,0.16824,-0.81243,-0.028039,-1.7402,-0.030226
-0.74133,0.42301,-0.2442,0.59799,-2.8639,-0.12032,-0.35776,0.034391
-0.68334,-1.9772,-0.15231,-0.11574,1.4926,-0.10407,0.80809,0.22262
-0.60558,0.13862,0.11044,0.11708,-2.5885,-0.018053,-2.1155,0.14452
-0.60904,1.0082,-0.51118,0.53065,-0.41331,-0.098997,-1.7541,0.10745
-0.30164,0.90952,-0.061598,-0.42914,1.868,0.019367,1.8265,0.084381
-0.56566,3.2919,1.4371,0.33586,-3.7943,-0.071254,-0.5207,-0.022803
-0.60145,0.25956,0.2707,-0.65447,1.9537,0.10174,-1.3351,-0.09
-0.60089,1.3583,0.53174,-0.56498,-0.83263,-0.065992,1.898,-0.10638
-0.68729,0.051367,0.22256,0.45231,-3.1462,-0.12349,0.21264,-0.12714
-0.70277,-3.0654,0.14808,-0.67493,1.7761,0.050107,-1.8198,-0.051254
-0.61695,1.2735,-0.23182,0.090758,-2.31,-0.028296,0.72796,-0.0615
-0.57714,-2.2214,0.060517,-0.038966,1.2512,-0.0196,1.0778,0.083675
-0.50447,-1.3025,-0.26455,0.098067,-0.66778,-0.088222,-1.2588,0.1481
-0.41234,0.41205,-1.1245,0.3483,-1.2198,-0.074046,-1.1573,0.17871
-0.5186,0.39851,-0.31157,-0.34403,0.93595,-0.10506,0.86152,0.14123
-0.5661,1.0306,1.067,0.31182,-0.7319,-0.057425,-0.21696,0.025848
-0.57266,0.53493,0.1057,-0.41363,0.95706,0.013174,-0.73593,-0.053128
-0.65565,2.7526,0.65844,-0.32492,0.57315,-0.089698,2.02,-0.10677
-0.54643,0.16935,0.62609,0.31269,-0.8124,-0.046303,0.34409,-0.077344
-0.54509,-0.42484,-0.75278,0.15623,1.6608,0.063956,-1.264,-0.074983
-0.535,2.289,-0.42055,0.23262,-2.6962,-0.034046,1.2461,-0.056535
-0.29813,-1.7518,-0.57332,0.16577,2.5771,0.17712,0.63571,0.018863
-0.41601,-0.80366,-0.74369,0.16683,-0.25951,0.0020847,-0.81632,0.095649
-0.5403,0.09749,-1.6331,0.045566,-0.5511,-0.018349,-0.99084,0.13398
-0.52697,0.13244,-0.092099,-0.040995,2.9026,0.2408,2.2151,0.030935
4.5424,1.1835,1.2284,0.59778,-2.3827,0.02504,-0.62977,0.072017
4.5023,0.23149,0.025782,-0.56175,2.1674,0.16658,-0.46026,0.00068305
4.46,2.6859,0.658,0.16491,-2.2818,-0.0029851,1.1413,-0.069848
-0.63756,-0.61038,0.90799,0.057577,0.56885,-0.061577,0.68473,-0.094478
-0.3436,-0.35428,-0.25738,-0.15618,0.88329,0.0067374,-1.4516,-0.10485
-0.56414,0.56291,-0.41271,0.1451,-2.614,-0.056263,0.30685,-0.046265
-0.63547,-2.8667,-4.8936e-05,-0.053526,1.9901,0.055273,0.7168,0.012268
-0.62841,-0.37524,-0.31352,-0.41418,-1.3553,-0.016167,-1.519,-0.0057422
-0.77975,-0.48149,-0.9815,0.07461,-1.092,-0.017129,-1.2972,0.13727
-0.75295,-2.117,-0.37117,-0.76231,1.583,-0.03882,1.595,0.37682
-0.63808,2.4809,0.31317,0.3227,-3.368,-0.074893,-0.92446,0.17407
-0.60577,1.3778,0.33057,0.21496,1.3101,-0.010526,-2.1888,0.030302
-0.59706,2.5266,0.66406,-0.42503,0.15266,-0.12628,1.5107,-0.057411
-0.4183,2.5576,1.1461,0.86016,-4.9459,-0.04742,-0.7173,-0.12135
-0.67702,-4.4115,-0.73734,-0.88211,1.5935,0.01105,-3.0035,-0.12823
-0.59488,0.46225,0.32916,0.12066,-3.4213,-0.0077918,0.77426,-0.094721
-0.59843,0.10443,0.80499,0.39903,-2.1096,-0.10458,0.22389,-0.039499
-0.76346,-1.9617,-0.27497,-0.31929,2.3093,0.15961,-0.97835,0.031738
-0.58008,1.9675,-1.6129,-0.20249,-2.8288,-0.075407,-1.022,0.04252
-0.56997,-1.3711,-0.6578,-0.75674,1.6336,0.024899,0.63247,0.18558
-0.56189,0.3532,0.21126,-0.057759,-0.20965,-0.02854,-1.3107,0.084308
-0.28395,0.53727,-0.21581,0.10669,0.24921,-0.0032033,-0.43666,0.10604
-0.53752,1.5934,0.90524,-0.49423,1.7471,-0.028777,1.8945,0.027357
-0.56523,0.93365,1.3446,0.50212,-0.04115,0.01902,0.23876,-0.080971
-0.56848,0.063081,-0.082983,-0.353,1.9931,0.13187,-1.3774,-0.10151
-0.70772,1.911,0.46149,-0.045556,-0.57831,-0.020434,1.8783,-0.093699
-0.64953,-0.47517,0.46897,0.38674,-0.21281,-0.057945,-0.0040259,-0.08798
-0.53264,-2.0867,-0.091604,-0.31967,2.1867,0.19034,-1.4603,0.009177
-0.53794,1.2442,-0.52997,0.15401,-2.4659,0.010158,0.6292,-0.01353
-0.3812,-1.6036,0.2503,-0.2337,3.6657,0.32499,1.5941,0.052644
-0.38462,-0.34276,-0.41526,0.30777,-1.8922,-0.0027477,-1.1218,0.21495
-0.46544,-0.42773,0.27537,-0.43763,0.85035,-0.064234,-0.24349,0.15742
4.5601,1.6892,0.26872,0.030671,0.87552,-0.071723,1.6477,0.0072299
4.5194,0.70715,0.8703,0.57253,-2.6925,-0.085418,-0.8746,-0.021075
4.4766,0.81399,-0.34776,-0.56958,0.8702,-0.11089,-1.9796,-0.086447
4.4437,1.7809,0.44706,0.43207,-2.9662,-0.047369,1.208,-0.12758
-0.63583,-1.511,1.0104,0.10952,1.2974,-0.062353,0.50792,-0.087542
-0.6262,-0.40958,0.2842,0.032624,-0.96314,-0.04192,-2.0069,-0.036091
-0.51632,0.011146,0.12125,0.45504,-3.3673,-0.054909,-0.26466,0.031251
-0.55877,-2.4389,0.056322,0.038103,1.8196,0.015985,0.69398,0.090392
-0.62288,0.2674,-0.36671,0.05969,-3.0231,-0.081747,-1.6389,0.059532
-0.61195,0.49523,-1.0951,0.33217,-0.76595,-0.099883,-1.7345,0.067247
-0.74329,0.086951,0.20663,-0.44498,1.9256,0.029616,1.4432,0.099982
-0.63335,3.1553,1.2361,0.43597,-3.8254,-0.073642,-0.50226,0.034634
-0.59692,0.7133,0.38718,-0.49569,1.9113,0.08899,-2.1118,-0.056316
-0.58601,1.4383,0.32564,-0.73506,-1.4918,-0.05539,1.4663,-0.11692
-0.38993,1.0535,0.68921,0.60251,-5.5131,-0.074675,-0.10534,-0.13342
-0.5262,-3.7009,-0.019032,-0.26616,2.6639,0.17113,-2.677,-0.10971
-0.58766,0.77407,-0.52401,0.028719,-2.9051,-0.040329,0.90211,-0.02896
-0.58089,-2.2199,0.71964,0.098677,-0.35808,-0.030882,0.63739,0.044126
-0.74324,-0.74963,-0.67681,-0.25209,0.98257,-0.018195,-1.597,-0.0017021
-0.6252,1.5769,-2.0445,0.15012,-1.6515,-0.0059693,-1.178,0.13532
-0.56976,-0.47253,-0.90551,-0.45761,2.883,0.13592,1.6041,0.23016
-0.56074,0.77011,1.2067,0.26129,-0.31389,-0.013831,-0.72455,0.063791
-0.46838,0.27895,0.53803,-0.10634,1.025,-0.0049617,-0.56236,-0.0010936
-0.45008,2.2761,0.43229,-0.18847,1.8025,0.072761,2.1404,-0.06924
-0.61414,-0.12654,1.0078,0.31672,0.1566,-0.016539,-0.15632,-0.12276
-0.54975,-0.6131,-0.016597,-0.04736,2.3436,0.16393,-1.1781,-0.10297
-0.90126,1.2414,-0.43471,-0.14581,0.47493,-0.046374,1.121,-0.078585
-0.7608,-1.3175,-0.43984,0.15598,1.5275,0.057083,0.95651,-0.026478
-0.58912,-0.87142,0.28142,-0.19098,1.9607,0.090344,-0.86102,-0.0099769
-0.53337,0.62688,-1.3144,0.13032,-0.59666,0.036207,0.69992,0.12678
-0.52257,-0.26232,-0.070867,-0.27536,4.7912,0.48009,2.8119,0.0070352
-0.39226,0.71068,0.49454,0.48481,0.058988,-0.051636,-0.72076,0.14031
-0.5134,0.58634,-0.9103,-0.17702,2.9216,0.29978,0.95726,0.018377
4.5362,2.1225,0.80726,0.042085,0.36893,-0.083512,1.4356,-0.027525
4.4947,0.2861,0.82864,0.38223,0.97892,-0.031383,0.2967,-0.094283
4.4618,-0.48748,-0.59691,-0.34346,2.3527,0.19466,0.036811,-0.12147
-0.6483,1.027,-0.26721,0.080584,-1.2398,-0.0023691,0.93753,-0.088564
-0.62541,-2.2855,0.45885,-0.078646,1.9964,0.10536,1.0121,-0.029107
-0.61974,-1.5126,-0.13064,-0.26894,0.73114,-0.025106,-1.1658,0.086936
-0.39992,0.32509,-0.85022,0.4052,-1.2437,-0.048273,-0.19705,0.09066
-0.48363,-0.97299,-0.0062353,-0.12216,2.4809,0.1515,1.9255,0.036654
-0.62939,0.48992,0.085943,0.083981,-1.9487,-0.093209,-0.90454,0.1396
-0.62055,1.5175,-1.1593,0.56256,1.2665,-0.018143,-1.1997,0.23652
-0.82425,1.3652,0.32141,-0.40349,2.6078,0.14671,2.0639,0.011465
-0.6503,3.4816,1.1583,0.52983,-2.9813,-0.033282,-0.33012,-0.13812
-0.56804,-0.92333,0.64348,-0.89574,2.3663,0.13334,-1.8557,-0.1387
-0.58757,0.070691,0.49451,-0.74134,-0.85511,-0.1189,2.5634,-0.10837
-0.48267,0.18093,0.88645,0.37748,-4.8229,-0.060762,0.09385,-0.05802
-0.44564,-3.5673,-0.33677,-0.34175,2.5523,0.11641,-1.6673,0.025556
-0.55151,-0.058411,-1.0081,0.034917,-3.2055,-0.074322,0.10966,0.089419
-0.58409,-1.4063,-0.21417,-0.16566,-1.5021,-0.093247,0.37503,0.096574
-0.55296,0.19049,-0.2717,-0.0079045,-0.46704,-0.12068,-2.0296,-0.019761
-0.6903,2.3162,-0.77015,0.35722,-1.8627,-0.089981,-1.1905,0.13649
-0.63692,0.775,0.077965,-0.32171,1.9781,0.033575,1.6433,0.061674
-0.55824,1.4582,1.2615,0.20905,-1.768,-0.089352,-0.8978,-0.043758
-0.54662,-0.12799,-0.15056,-0.23422,0.21438,-0.023219,-0.86272,-0.067609
-0.41376,1.9336,0.58777,-0.54086,-1.1574,-0.1206,1.0465,-0.15255
-0.55764,-1.3078,0.41749,0.37413,-1.5545,-0.033051,-0.2843,-0.10667
-0.54417,-0.24498,-0.61528,-0.034065,1.5354,0.038478,-0.82455,-0.090414
-0.54102,0.1899,-0.73667,0.3217,-3.3362,-0.10283,0.35589,-0.042736
-0.76162,-1.4386,-0.74763,0.24622,-0.3509,-0.096725,0.49141,0.095357
-0.60264,-0.40071,-0.39992,-0.19116,-0.78238,-0.11325,-1.6164,0.044199
-0.52125,2.2234,-0.52288,0.085362,-1.6804,-0.067487,0.21395,0.070484
-0.51972,-0.29394,-0.31519,-0.59844,3.0314,0.21017,1.9686,0.050527
-0.54624,1.3231,0.5326,0.70088,-3.3927,-0.051039,-1.3724,0.026895
4.5295,0.43287,-0.67851,-0.35568,1.8964,0.10181,0.35252,-0.032952
4.4893,2.0759,0.44848,0.06321,-2.8065,-0.072865,1.6135,-0.11916
4.4597,-0.91169,0.25903,0.36738,-0.3278,-0.043877,-0.72809,-0.10533
4.4333,-1.6551,-0.086683,-0.27275,-0.24055,-0.044038,-1.2443,-0.050134
-0.83681,0.25705,-0.14635,0.37207,-2.9842,-0.094377,0.072568,0.0020216
-0.61817,-2.3789,0.30471,0.22801,-0.25222,-0.13338,0.66188,0.11865
-0.63549,-1.3285,0.31461,-0.25596,-1.2297,-0.091912,-1.7989,0.14469
-0.63639,2.0293,-0.43834,0.4747,-1.9952,-0.049615,-0.93225,0.05133
-0.41057,-0.56531,0.34008,-0.49538,1.4327,-0.10347,1.2943,0.07944
-0.6611,2.4634,0.43496,0.38387,-4.1065,-0.023752,-1.4606,0.063377
-0.62378,2.1316,-0.92424,1.0658,0.71901,-0.025844,-1.8566,-0.026283
-0.62098,1.7514,0.14367,-0.28133,0.91902,-0.037447,2.2756,-0.08467
-0.80991,2.1153,1.0031,0.58666,-4.1761,-0.067436,-1.2402,-0.12838
-0.69554,-3.7,0.31075,-0.94866,1.1071,-0.074065,-2.6434,-0.098835
-0.60444,-0.16099,0.15972,-0.22685,-2.5017,-0.072211,1.4182,-0.027671
-0.59331,-0.33288,0.91799,0.33297,-4.5016,-0.068469,-0.34579,0.02176
-0.23872,-4.2223,-0.93581,-0.78911,1.7638,0.010261,-2.1182,0.12748
-0.48845,0.13002,-0.65733,-0.15737,-4.499,-0.034431,-0.29033,0.17988
-0.59927,-0.043415,-0.0017513,-0.10219,-0.52963,-0.11474,1.0505,0.022417
-0.59775,0.47014,0.89141,-0.051375,-0.10062,-0.032628,-1.68,0.064083
-0.81837,1.819,-0.07221,0.26446,-2.0856,-0.050359,-0.94821,0.035584
-0.58063,1.3396,0.69986,-0.18592,1.3975,-0.10072,1.5867,-0.061013
-0.5765,0.77286,0.96085,0.48117,-2.1681,-0.065331,-0.91313,-0.1204
-0.56189,-0.87655,-0.57516,-0.21987,-0.28849,-0.0048398,-2.0751,-0.094551
-0.46631,1.0026,-0.18796,-0.21793,-0.95223,-0.064439,1.0948,-0.071503
-0.43815,-1.4413,-0.080459,0.11421,-0.93036,-0.0062709,-0.53224,-0.00036348
-0.64323,-0.80137,-0.9833,-0.26684,1.0629,-0.015692,-2.1091,-0.073036
-0.56676,-0.63899,-0.27385,0.16205,-4.4368,-0.0056356,-0.28205,0.1306
-0.62298,-0.81658,-0.1448,0.043877,1.8772,-0.019472,0.85006,0.033685
-0.71059,0.64694,0.066266,0.42578,-1.1093,0.0054475,-1.2727,0.12743
-0.54185,1.8595,-0.49343,0.0048835,1.4122,0.032395,0.034004,0.049529
-0.53562,1.219,-0.057229,-0.44839,1.5841,0.010812,1.0469,-0.021367
4.4778,1.2338,0.52538,0.93971,-1.9704,-0.03755,-1.2429,-0.050402
4.5073,0.50108,0.41492,-0.26996,1.4297,-0.044821,-1.4342,-0.10597
4.4786,1.1936,0.39855,0.10976,-2.2954,-0.0036461,1.8682,-0.11903
4.4589,-2.7427,0.054607,-0.013743,1.7862,0.017654,0.2054,-0.038379
-0.66167,-0.79674,-0.73121,-0.5534,0.080753,0.021247,-1.4473,-0.011048
-0.84059,0.52257,-0.31104,0.11949,-1.3122,-0.013811,0.075689,0.09453
-0.69373,-0.95855,0.27979,-0.027905,2.4597,0.086834,1.0927,0.16307
-0.63557,0.24966,0.2531,0.16695,-3.4201,-0.015467,-1.3336,0.14194
-0.62503,2.5054,-0.82834,0.33612,1.1236,-0.032756,-1.1851,0.010954
-0.41651,1.1007,0.26794,-0.45388,1.7961,-0.033276,1.5474,0.032249
-0.63767,3.2004,0.9078,0.74057,-3.5604,0.0049597,-0.93134,-0.080435
-0.61598,-0.030057,0.92459,0.050878,1.6626,0.012975,-1.8447,-0.13468
-0.61441,0.18571,0.37493,-0.43907,-0.16285,-0.10735,2.1193,-0.10465
-0.69296,1.1925,0.85907,0.79066,-4.7384,-0.082254,-0.59697,-0.054905
-0.65045,-5.7685,-0.84584,-0.71878,2.078,0.0963,-2.0816,0.040548
-0.55722,0.10193,-0.31846,-0.09997,-3.2226,-0.052605,0.077667,0.056514
-0.59375,-1.5712,0.0074415,0.13011,-0.9632,-0.10201,0.25865,0.028404
-0.41386,-2.0197,-0.62366,-0.69558,0.2947,-0.022488,-2.062,0.13009
-0.45566,1.3758,-0.38038,0.31097,-2.3436,-0.029958,-0.445,0.092826
-0.56631,1.043,-0.088225,-0.32146,2.2962,0.032324,1.3156,0.015213
-0.58548,1.3618,0.99854,0.055098,0.5636,-0.011334,-0.36846,-0.0058638
-0.81854,0.68052,-0.47846,-0.0091827,0.015271,-0.054043,-0.91315,-0.06223
-0.71903,1.6917,0.37736,-0.42022,0.8496,-0.12601,1.4708,-0.12804
-0.60026,-0.34142,0.6132,0.48443,-1.3797,0.033999,-0.30302,-0.11921
-0.56606,-1.2322,0.1813,-0.12951,1.3206,-0.039385,-2.2458,-0.041714
-0.5673,0.45297,0.26844,0.096069,-0.50012,-0.026537,1.1666,-0.013652
-0.42265,-0.86543,-0.22897,0.18237,1.2498,-0.038236,0.69045,-0.011291
-0.58354,-0.81564,-0.70191,-0.27248,1.2851,0.0077,-0.95972,0.01312
-0.56505,-0.16792,-0.93845,0.029605,-2.0394,0.033704,-0.11618,0.18059
-0.55486,-0.17944,-0.43824,-0.27589,3.1787,0.20366,2.1166,0.032298
-0.80639,1.7724,1.1768,0.61002,-0.77077,-0.0039734,-0.66131,0.034245
-0.54327,-0.10017,-0.066416,-0.6424,1.8688,0.052488,-1.1585,-0.028182
-0.53917,1.0982,0.91773,-0.16361,-0.72397,0.0081043,2.2277,-0.095257
4.5276,0.36547,0.8419,0.83996,0.19254,0.017275,-0.4214,-0.070043
4.498,-0.62412,-0.42499,-0.33877,1.8985,0.093239,-1.1096,-0.099978
4.4825,0.19528,0.23439,0.097148,-2.9612,0.0028099,0.41684,-0.025456
4.4638,-3.5365,0.56672,0.15244,2.4817,0.059945,0.38117,0.049821
-0.65666,-1.4015,-0.25942,-0.22575,-0.1753,0.0020269,-1.4116,0.081266
-0.83939,0.90165,-0.28018,0.23939,-0.56156,-0.061288,-0.22986,0.17285
-0.70123,-0.22882,0.16448,-0.2223,2.5679,0.1201,1.4656,0.15141
-0.59803,2.0576,0.79776,0.44014,-2.3037,0.0052934,-0.88847,0.086571
-0.62208,2.0249,-0.72053,0.66688,1.5182,0.018789,-1.3091,-0.0011666
-0.53574,2.029,0.54987,-0.17071,0.53227,-0.057046,1.5917,-0.058385
-0.39794,1.9463,0.55609,0.5418,-2.1712,-0.029226,-0.31055,-0.08888
-0.61067,-4.2806,0.47517,-1.2312,1.9889,0.032208,-2.3389,-0.11344
-0.61816,-0.93483,0.14673,-0.68012,-1.3352,-0.059286,1.5718,-0.079729
-0.65762,0.52494,0.75972,0.13913,-3.6796,-0.050924,-0.14039,0.038991
-0.77826,-4.771,-1.1958,-0.73737,2.7341,0.19913,-1.1872,0.084916
-0.60174,1.927,-1.0726,0.15208,-3.4491,0.030886,-0.21276,0.097134
-0.59144,-1.0694,-0.63208,-0.0034406,1.2053,-0.070741,1.3183,0.1656
-0.59175,0.25565,0.23495,0.068008,0.54861,-0.032929,-1.5546,0.036216
-0.37684,2.669,0.12552,0.41123,-1.6862,-0.0010599,-0.89988,0.013339
-0.54502,1.2418,0.0042423,-0.30236,3.6335,0.22011,1.3235,0.0069866
-0.5812,1.4823,0.73781,0.18111,-0.76104,0.010241,-0.35414,-0.072112
-0.58146,-0.98999,-0.45888,-0.35917,0.81305,-0.052541,-1.1704,-0.09937
-0.68521,1.4153,0.24356,-0.26613,0.94979,-0.053042,1.3947,-0.12872
-0.60744,-1.3041,0.1211,0.11994,0.53718,-0.033577,0.48987,-0.04203
-0.55909,-1.5044,-0.54042,-0.27647,1.9256,0.082079,-1.0579,0.02597
-0.55539,-1.799,-1.1836,-0.26892,1.1884,0.014952,1.7689,0.079489
-0.3823,0.18658,-0.95448,-0.096232,1.3186,-0.040091,1.0076,-0.0065453
-0.48107,-0.41129,-0.2949,-0.085666,1.3916,0.054291,-1.374,0.11485
-0.56168,1.1912,-0.69178,0.019457,-0.5123,0.0048378,0.41875,0.046852
-0.54922,-0.12621,-0.30775,-0.68213,4.0955,0.3702,2.5309,0.067856
-0.71477,1.9588,1.0177,0.68777,-0.20836,0.0097215,-0.32859,-0.041811
-0.58988,0.11555,0.63835,-0.52942,2.8712,0.21885,-0.44984,-0.0909
-0.49108,2.1686,1.2318,-0.05404,-0.37317,0.015401,3.3221,-0.086471
4.5248,-0.30383,0.92908,0.603,1.5096,0.042663,0.34455,-0.073791
4.5066,-2.1662,-0.72753,-0.45119,2.0355,0.15804,-0.46485,0.0092743
4.4892,-0.12643,-0.32366,0.15131,-2.1915,-0.036427,0.34484,0.05907
-0.64887,-2.5723,0.16413,0.0675,2.8402,0.17597,0.86102,0.16204
-0.64233,-0.2189,-0.28659,-0.17609,0.24391,-0.047933,-0.72238,0.17273
-0.63394,2.6806,-0.30548,0.35668,0.99311,-0.021044,-0.3513,0.041206
-0.84763,1.5941,0.28956,-0.054323,2.6942,0.14029,1.8125,0.083943
-0.64861,2.8123,0.61018,0.45917,-1.5501,-0.064683,-0.39959,-0.0042332
-0.61407,2.1207,-0.74015,0.48707,1.6978,0.0050624,-1.3802,-0.06262
-0.61487,0.83194,0.66478,-0.069185,0.62275,-0.020505,1.9444,-0.13848
-0.43166,1.503,0.71218,0.54493,-2.6286,-0.035849,-0.50641,-0.12378
-0.57816,-6.387,-0.31693,-0.88627,1.3835,-0.011058,-2.6352,0.0015592
-0.60486,-0.77143,-0.72115,-0.5939,-2.0901,-0.077633,1.1918,0.084162
-0.60644,-1.2269,-0.33565,0.033343,-3.6009,-0.096912,-0.18591,0.10928
-0.80323,-4.3568,-1.0843,-0.65402,1.9982,0.057468,-1.5058,0.14523
-0.70698,1.7265,-1.2783,0.015224,-4.3964,-0.061686,-0.1936,0.17348
-0.57989,0.15822,0.10047,-0.15014,1.7176,0.030437,1.5474,0.12568
-0.57506,1.2568,0.64351,0.066659,-0.12689,-0.01401,-1.2665,0.0084225
-0.53117,2.557,0.38057,0.3093,-1.6878,-0.0256,-1.6688,-0.025797
-0.4024,1.0966,0.41611,-0.46965,2.048,0.048785,1.1065,-0.091363
-0.64192,0.4322,1.1736,0.65259,-1.305,0.012789,-0.5563,-0.12658
-0.57198,-1.1601,-0.36052,-0.37285,0.43501,0.0064357,-1.7903,-0.092482
-0.6438,0.97268,-0.66362,-0.11117,-0.19389,-0.027577,1.4506,-0.061306
-0.62532,-2.1962,0.12643,0.14115,-1.9491,-0.034431,-0.26426,0.078954
-0.48307,-1.8863,-0.76153,-0.022536,1.0746,-0.024894,-2.3339,0.12174
-0.54339,0.72218,-0.25506,0.12563,-2.277,0.022897,1.1971,0.00046401
-0.54711,0.61908,0.36568,0.097206,1.5137,0.015561,1.0749,-0.023314
-0.32048,0.99299,0.77263,0.038071,0.82202,5.034e-05,-1.0999,0.081047
-0.5267,1.4077,-0.70575,0.041192,-0.17355,-0.02929,-0.43285,0.0087632
-0.54073,0.049498,0.67472,-0.35655,2.4399,0.12221,2.4194,-0.043369
-0.53996,1.3366,1.3333,1.0244,0.43245,-0.032403,-0.36063,-0.086203
-0.69768,-0.38155,0.096768,-0.66064,2.8503,0.24129,0.28639,-0.1186
4.5472,1.5126,0.1304,-0.056648,-1.0534,-0.043114,2.2551,-0.095938
4.5294,-2.8017,0.61459,0.47379,1.0,-0.039295,0.43774,0.012755
4.509,-3.0818,-0.64445,-0.48726,2.4529,0.21242,-0.31024,0.046511
4.4928,0.26076,-0.72176,0.12114,-1.7421,-0.011719,0.58444,0.1508
-0.5128,-1.7545,0.2957,0.048527,2.7659,0.18682,1.3235,0.17813
-0.63353,-0.43832,0.25034,-0.3991,-0.15228,0.0077578,-1.0774,0.15662
-0.62804,2.1674,-0.064527,0.26597,0.56015,-0.080842,0.25293,0.079562
-0.66357,1.1506,0.11608,-0.10855,2.5446,0.12941,1.9533,-0.018544
-0.63574,2.4456,0.68429,0.44463,-2.5901,-0.028533,-0.52218,-0.060648
-0.62559,-0.53618,0.74056,0.22665,1.5104,-0.0017851,-1.0697,-0.12458
-0.59993,-1.0324,1.3863,-0.07591,1.1201,-0.075323,2.4141,-0.098129
-0.59179,0.31204,0.7833,0.48336,-2.7346,-0.05539,-0.43868,0.023707
-0.52451,-5.7897,-1.5058,-1.0318,2.5092,0.16166,-2.3604,0.047193
-0.55921,-0.1594,-0.82301,-0.15281,-2.1705,-0.027096,1.2951,0.26402
-0.59401,-1.08,-0.44554,0.10675,-1.7255,-0.11263,0.10223,0.16019
-0.85901,-3.1412,-0.65838,-0.65605,2.2272,0.13375,-1.2569,0.097256
-0.74175,2.1347,-0.2198,-0.0022845,-3.6307,0.015324,0.040311,0.10731
-0.51998,0.90504,0.67834,-0.35999,2.8026,0.14487,1.8848,0.034294
-0.56672,1.6215,1.113,0.10474,-0.072112,-0.072057,-0.65658,-0.0514
-0.57088,1.9136,-0.4891,-0.1276,-0.5411,-0.052932,-0.97068,-0.080557
-0.50812,-0.014812,0.036517,-0.53095,1.443,-0.021917,2.034,-0.14089
-0.55192,-0.45338,0.92996,0.36481,-1.245,-0.037762,-0.7492,-0.075227
-0.55795,-3.0464,-1.0983,-0.15941,-0.024824,-0.10721,-1.6422,-0.0093685
-0.55223,0.55765,-0.14993,0.11659,-0.4769,-0.016956,1.5039,0.026116
-0.80417,-1.5775,-0.25193,-0.041143,-1.327,-0.082337,-0.021172,0.13963
-0.65432,-1.1607,-0.11952,-0.31916,1.548,0.067107,-1.092,0.15357
-0.53827,1.1767,-0.24291,0.1316,-2.0856,-0.037088,0.31026,0.0066458
-0.53928,0.36642,0.36227,-0.47965,2.5041,0.12261,2.2132,0.022709
-0.32697,1.981,1.0684,0.41249,-1.8047,-0.075092,-1.0178,-0.008395
-0.46546,-0.82226,0.039093,-0.4797,1.0693,-0.055384,-0.42256,-0.075811
-0.52573,0.45879,0.47313,-0.51057,1.0204,-0.010885,2.5663,-0.1082
-0.52902,-0.44519,0.67878,1.0046,-1.6366,-0.063945,-0.41077,-0.086252
-0.86098,-0.74549,-0.46926,-0.64606,2.1848,0.12772,-0.51561,-0.061354
4.5574,0.84922,-0.2537,0.40928,-4.7699,0.0031243,0.93199,0.035218
4.5483,-4.4898,-0.46612,-0.11526,1.4744,-0.0026771,0.56859,0.30457
4.5129,-1.3016,-0.48102,-0.29431,0.29368,-0.023181,-0.85261,0.15713
-0.58259,1.7516,-0.63033,0.36176,-0.59481,-0.081291,0.39006,0.10619
-0.45882,1.049,0.63062,-0.45256,2.7386,0.12287,1.6927,0.10687
-0.68497,2.0527,1.1763,0.59732,-3.6034,-0.030529,-1.1665,0.029231
-0.62513,0.99122,-1.0769,0.085028,1.0315,-0.07549,-1.1831,-0.04753
-0.60886,1.0499,0.30888,0.25873,-0.98897,-0.10136,1.2949,-0.055294
-0.69887,1.2062,0.46473,0.60436,-3.5228,-0.059286,-0.42157,-0.10253
-0.57337,-4.096,-0.11253,-0.49421,1.6428,0.065778,-1.2963,-0.016767
-0.59705,-0.36337,-0.37532,-0.50767,-0.82234,0.0028099,1.6075,0.090125
-0.59865,-0.9364,0.6062,0.10496,-3.1083,-0.064394,0.59012,0.16146
-0.34571,-5.1301,-0.76902,-0.46456,1.7031,0.042136,-2.2508,0.20128
-0.45429,1.487,-1.3051,0.24945,-4.0548,-0.083294,-0.058522,0.28346
-0.60116,-0.58139,-0.53501,-0.18684,1.6077,-0.012656,1.502,0.13067
-0.59322,1.5953,0.58975,0.11096,0.1446,-0.049974,-0.8019,0.028234
-0.79474,2.9116,-0.073309,0.24946,-1.2257,0.001629,-0.96783,-0.0057908
-0.60014,1.3499,0.7661,-0.3036,2.7238,0.12157,1.744,-0.078658
-0.56838,1.2361,1.1101,0.41623,-2.2859,-0.090417,-0.79062,-0.091509
-0.56581,-2.623,-0.094103,-0.30217,0.43393,-0.023515,-1.9433,-0.098956
-0.33118,0.39835,-0.5713,-0.085801,-0.6385,-0.022725,2.0677,-0.027135
-0.52088,-1.3769,0.87664,0.30813,-2.9621,-0.072737,-0.47837,0.050089
-0.55629,-3.1676,-0.43646,-0.42561,0.33234,-0.081336,-2.4175,0.10646
-0.55861,0.25437,-0.31653,0.04969,-1.6722,0.036675,0.87068,0.14948
-0.728,-1.265,-0.68935,-0.20583,1.2489,-0.034655,1.3267,0.12281
-0.62096,0.97383,0.19144,-0.12673,-0.43894,0.010293,-1.2041,0.070703
-0.53503,0.96639,-0.59899,0.022373,-1.4188,-0.024201,-0.92807,0.013193
-0.53148,1.4403,0.44535,-0.48676,2.3108,0.13272,2.2003,-0.055537
-0.52377,1.18,1.2295,0.88282,-1.8879,-0.017668,-0.88239,-0.056219
-0.39985,-0.83897,-0.062234,-0.5477,2.4353,0.17638,-0.82129,-0.11127
-0.48452,0.40507,0.19091,-0.30744,-0.43798,-0.026396,2.094,-0.077563
-0.5212,-1.4443,0.18722,0.44829,0.45983,-0.018618,0.39685,-0.014625
4.5594,-1.479,0.10419,-0.35613,1.9174,0.11084,-1.1322,-0.053615
4.5485,-0.8038,-0.073906,0.53552,-3.0706,-0.011469,0.95639,0.17786
4.5234,-2.6413,-0.3053,-0.33192,3.9546,0.36909,1.3045,0.17925
4.4853,0.59839,-0.068574,0.33982,-1.2338,-0.045848,-0.48488,0.16453
-0.64201,2.737,-1.5358,0.35733,2.1055,0.072061,-0.77839,0.01974
-0.45313,1.5595,0.52383,-0.31593,0.4276,-0.013311,1.2095,0.02008
-0.66677,1.6185,1.248,0.62893,-1.8387,-0.066403,-0.46101,-0.078902
-0.62415,-0.017836,0.46109,-0.2336,1.5595,-0.0050259,-1.1424,-0.099443
-0.62459,1.031,0.57258,-0.13952,-0.6541,0.0055822,1.8109,-0.072282
-0.80053,0.35417,0.4471,0.29941,-3.2243,-0.087625,-0.061277,-0.028206
-0.69664,-5.4275,-1.7802,-0.69102,2.5708,0.17728,-1.123,-0.023582
-0.6002,0.54095,-0.63922,-0.11626,-1.8026,0.0077963,0.90596,0.19543
-0.60523,-1.7421,0.24256,0.16056,-1.032,-0.094678,1.0185,0.139
-0.45404,-2.5857,0.10062,-0.33435,0.81052,-0.040431,-1.5291,0.25528
-0.46818,2.9044,-0.26886,0.43903,-2.4942,-0.060762,-0.18108,0.19543
-0.68425,0.24393,-0.42162,-0.48758,3.5991,0.26873,1.9225,0.045051
-0.59458,2.6043,1.2298,0.29924,-0.080256,-0.050866,-0.34019,-0.043222
-0.77895,1.8467,0.16134,-0.078781,0.46145,-0.017347,-1.0423,-0.086349
-0.75836,0.975,0.19475,-0.17425,2.2325,0.081283,2.2036,-0.090584
-0.58999,0.29424,0.67523,0.81586,-2.0322,-0.0069961,-0.21104,-0.093383
-0.57137,-3.1014,-0.65114,-0.44701,2.3348,0.17563,-1.3402,0.027406
-0.56448,1.5935,-0.23073,-0.0084119,0.81302,-0.0049104,1.1371,0.016722
-0.40014,-1.5357,-0.036672,-0.166,-2.487,-0.019613,0.71566,0.14408
-0.56392,-2.1232,-0.25979,-0.44646,2.7144,0.20428,-1.2839,0.17713
-0.57324,1.4852,-0.19955,0.24376,-0.17423,-0.035567,0.86638,0.14394
-0.56685,-0.45307,0.22049,-0.4221,3.0553,0.22588,2.2354,0.025094
-0.68283,1.7319,0.57421,0.42026,-0.57501,-0.056899,-1.2162,-0.0063506
-0.54997,0.64272,-0.15359,0.019091,0.3689,-0.020024,-0.54908,-0.038817
-0.53841,1.3807,0.74867,-0.2179,2.261,0.12903,2.9359,-0.070067
-0.54261,0.060274,1.049,0.81528,-0.57897,-0.023656,-0.46171,-0.072623
-0.080698,-2.2427,-1.035,-0.8189,2.5147,0.21687,-0.70527,-0.068266
-0.39716,0.31033,-0.33592,0.028513,-1.9608,0.021363,1.7772,-0.0087601
-0.51362,-1.4043,0.26885,0.30929,1.4136,0.0043821,0.3149,-0.028109
4.5515,-2.5314,-0.40537,-0.24469,1.3155,0.02941,-0.71985,0.011659
4.5332,-0.11882,-0.59093,0.46088,-1.2731,-0.057598,0.51807,0.36268
4.4889,-0.58245,0.11605,-0.13426,3.3559,0.2601,1.6347,0.13943
-0.64315,2.2496,0.38382,0.50597,-1.6326,-0.06166,-0.55959,0.044929
-0.64532,1.4224,-1.1431,0.038494,1.8929,0.036296,-0.83222,-0.023606
-0.46906,1.9143,0.83597,-0.03393,-1.2852,-0.051354,1.3345,-0.080386
-0.58339,1.0035,1.2768,0.62516,-2.1591,-0.032506,-0.7327,-0.11132
-0.57128,-1.2471,0.99741,-0.34712,1.2865,-0.0092165,-0.74591,-0.084865
-0.6288,-0.96486,-0.47525,-0.016312,-0.70583,-0.023463,1.6266,-0.044269
-0.73402,-0.71752,0.37754,0.11011,-2.7245,-0.10532,0.21762,0.12834
-0.76173,-4.6433,-1.4109,-0.50299,2.1613,0.11267,-2.6215,0.22999
-0.62564,0.75616,0.23254,-0.019427,-2.7162,-0.015698,0.65845,0.41102
-0.60491,-0.78239,0.30838,-0.046602,0.014455,-0.062251,1.1106,0.19366
-0.59764,0.65234,-0.18978,-0.10458,0.2908,-0.040483,-1.4365,0.01772
-0.4642,4.0227,-1.2277,0.41153,-1.1652,-0.06897,-0.51873,0.031568
-0.56261,1.5493,-0.40745,-0.30812,3.3145,0.20525,1.7268,-0.040667
-0.59154,1.9033,0.40671,0.18289,-1.0498,-0.059562,-0.59662,-0.10117
-0.58682,0.65675,-0.42209,-0.15334,1.109,-0.013734,-1.7065,-0.091168
-0.82106,0.87417,0.077322,-0.44633,1.9689,0.093078,1.8656,-0.07732
-0.59895,-1.0702,1.0491,0.18863,-1.9307,-0.086656,0.10888,0.01475
-0.56741,-4.3285,0.029155,-0.17524,1.7664,0.033017,-2.1751,0.14257
-0.57257,0.79587,0.19658,-0.061883,-0.31453,0.00039688,1.5047,0.10071
-0.15685,-1.2819,-0.08917,0.10706,-0.41287,-0.10256,1.2488,0.16915
-0.48824,-0.26087,-0.3088,-0.32406,1.4218,0.069456,-1.2242,0.14311
-0.56771,1.8647,-0.28035,0.16762,-0.30584,-0.008671,-0.37033,0.065105
-0.561,0.89086,0.22667,-0.4784,3.2208,0.28878,2.456,0.0086172
-0.75439,1.0835,1.4821,0.45147,-0.43081,-0.014158,-0.83812,-0.054029
-0.63785,0.50172,0.09874,-0.035664,1.8445,0.13267,-0.22944,-0.11677
-0.54863,1.3673,0.27093,-0.27731,1.7666,0.08677,2.9952,-0.082942
-0.54308,-0.42238,0.67563,0.74781,0.44955,0.013463,0.011001,-0.048552
-0.50903,-3.6272,-0.90272,-0.61807,2.8152,0.24788,-0.65364,0.11475
-0.30524,0.95038,-0.52422,0.36997,-2.8565,-0.015031,1.4905,0.11665
4.5705,-1.5159,0.20393,0.26805,3.247,0.24555,1.1179,0.023755
4.5445,-1.0598,-0.13736,0.03044,0.75692,0.017962,-1.1888,0.18434
4.4961,0.73136,-1.0787,0.13646,1.0719,-0.028559,0.097266,0.035462
4.4563,0.53522,0.26987,-0.078062,2.0174,0.07672,0.86096,0.046414
-0.65412,2.1784,0.86622,0.50742,-0.52388,-0.056732,-0.64283,-0.029812
-0.63941,0.67504,-0.55644,-0.15121,1.6553,0.048432,-0.69865,-0.10684
-0.6299,1.7437,0.95536,0.153,-0.69111,-0.023181,1.7489,-0.080654
-0.47859,0.085031,0.70689,0.5117,-2.0119,-0.090956,-0.39934,-0.087907
-0.54095,-2.8542,-0.32214,-0.59536,1.213,-0.050584,-1.6117,-0.050938
-0.63637,-0.20193,-0.62193,0.049073,-1.0398,-0.081086,0.89238,0.12619
-0.63383,-2.2789,0.34242,0.17204,-1.2238,-0.077082,0.72035,0.097645
-0.9345,-2.7095,-0.4988,-0.14959,1.2745,0.0023927,-1.5929,0.25784
-0.69254,1.3764,-0.37235,0.20359,-2.9818,-0.035515,-0.25037,0.22978
-0.59743,0.12609,-0.11359,-0.43377,1.9168,0.00087178,1.5979,0.10901
-0.6003,2.6865,0.29009,0.36377,-1.4025,-0.050648,-1.2341,0.030375
-0.40025,3.6988,-0.11611,0.7829,-1.3001,-0.029201,-1.5739,-0.068071
-0.55989,1.4847,0.23524,0.16758,3.0754,0.19981,2.2489,-0.12261
-0.59962,0.11534,1.0144,0.45404,-2.8707,-0.076889,-0.80593,-0.12719
-0.59574,-2.654,-1.1895,-0.57653,-0.97758,-0.12112,-3.2475,-0.11538
-0.75404,0.30071,-1.4639,-0.010808,-0.78962,-0.065074,1.0497,-0.01151
-0.66298,-0.82588,0.80382,0.28692,-2.5267,-0.0646,0.24207,0.22956
-0.64339,-2.9473,0.086843,-0.25735,1.1677,0.0029639,-1.3513,0.14338
-0.5698,1.2279,0.087491,0.011839,-2.1479,-0.019998,0.037633,0.17402
-0.55711,0.077466,-0.21794,-0.10501,0.81702,-0.18169,1.0399,0.025994
-0.41591,1.1492,0.11363,-0.026056,-1.7074,-0.037864,-1.8315,0.039843
-0.50313,1.2973,-0.2807,0.23559,-1.1929,-0.08622,-1.1538,-0.032222
-0.55696,1.6205,0.76898,-0.29337,1.4304,-0.043736,1.6306,-0.060429
-0.55394,0.72369,1.3848,0.60307,-2.6857,-0.027153,-1.5226,-0.07014
-0.71237,0.21533,-0.21162,-0.38016,0.82583,-0.088819,-1.5835,-0.085376
-0.51384,0.91604,0.13294,-0.17818,-2.098,-0.063438,1.8022,-0.043442
-0.53634,-1.5896,0.32398,0.34548,-0.18473,-0.055487,0.15027,0.071068
-0.53237,-2.7267,0.1149,-0.028021,0.37065,-0.098978,-1.9463,0.076715
-0.17853,2.26,-0.87612,0.34943,-2.2723,0.0032655,1.8726,0.030059
4.559,-0.044841,-0.86549,-0.30902,3.1304,0.16134,1.1683,0.06513
4.5212,0.1946,0.099736,0.42468,-3.1748,-0.011219,-1.6143,0.15185
4.4738,0.23719,-1.7846,-0.24335,1.5809,0.048843,-0.97442,0.0090553
-0.79477,1.908,1.4241,0.18371,-0.68555,-0.099498,1.468,-0.067512
-0.72052,1.1327,1.1897,0.80575,-2.5145,-0.095987,-1.1938,-0.11896
-0.59824,-0.93472,0.70498,-0.022671,-1.1418,-0.056533,-1.4258,-0.093188
-0.62754,-0.37582,0.21516,0.15899,-2.0892,-0.10835,1.3148,-0.053858
-0.32421,0.0038186,0.10456,0.47361,-4.0186,-0.14365,-0.43586,-0.047457
-0.51898,-3.1734,-0.50227,-0.22661,0.16494,-0.072474,-2.4775,0.045878
-0.62977,-0.015351,-0.35936,0.24207,-3.3711,-0.015397,-0.043373,0.40671
-0.61549,-1.1517,-0.15617,0.13323,0.44035,-0.14791,0.79458,0.20106
-0.79409,-0.44834,-0.45574,-0.047425,-1.1418,-0.07085,-1.1223,0.11909
-0.78383,3.4949,-0.95806,0.53024,-2.3652,-0.017919,-0.80364,0.074889
-0.66974,1.336,-0.12724,-0.1371,1.9179,-0.05908,1.6789,-0.076687
-0.59398,2.4038,1.0221,0.21352,-2.6742,-0.052188,-0.77725,-0.097934
-0.58653,1.1563,0.331,-0.018791,-0.50323,-0.048633,-1.4176,-0.08063
-0.50392,1.008,0.33231,-0.35306,1.6307,0.014419,1.7117,-0.112
-0.65306,-0.58553,0.89862,0.49231,-3.3739,-0.088357,-0.16593,-0.031857
-0.58458,-3.835,-0.31334,-0.17707,0.10041,-0.060967,-2.8397,-0.048479
-0.584,1.1501,-0.25319,-0.062717,-1.9502,0.0093493,0.67313,0.03607
-0.64109,-0.81682,0.22188,0.046703,-1.0808,-0.083031,0.43562,0.15703
-0.58807,-0.43793,-0.3374,-0.29844,-0.39045,0.015247,-1.373,0.19045
-0.55723,1.5971,-0.88069,0.042046,-2.4051,-0.021294,-1.3359,0.084673
-0.55336,0.86329,-0.11893,-0.31654,1.3017,-0.10223,1.1632,-0.011997
-0.44246,1.3637,0.92211,0.032213,-1.8907,-0.070484,-1.0163,-0.059845
-0.50355,0.33898,-0.13882,0.20529,-0.26966,0.0015713,-1.3429,-0.076663
-0.55529,1.7744,-0.24193,-0.41688,0.58139,-0.099562,1.6039,-0.094624
-0.55711,-1.5341,0.49198,0.66062,-2.0171,-0.071787,-0.77299,-0.08282
-0.65446,-0.95072,-1.041,-0.30785,1.529,0.014759,-1.5788,-0.055124
-0.60219,0.95971,-0.62371,0.4807,-2.5781,-7.1593e-05,1.0992,0.058851
-0.50916,-2.1993,-0.6407,0.1605,2.4244,0.12355,0.58516,0.21142
-0.5279,-1.1758,-0.37066,-0.055183,0.043972,0.043163,-0.85853,0.16759
4.5526,2.0082,-0.81781,0.27539,-0.028466,-0.033282,-1.0169,0.018644
4.5435,1.4492,0.43673,-0.13041,1.9329,0.074865,2.323,0.083846
4.496,0.84751,0.83005,0.62314,-1.3153,-0.033853,-1.1831,0.020153
4.454,-0.051032,0.62737,-0.53028,1.1783,-0.035714,-0.87441,-0.069434
-0.65594,1.9927,0.87983,0.16295,-2.0152,-0.022636,1.7545,-0.12522
-0.75932,-0.34964,0.55985,0.53119,-1.6181,-0.029271,-0.18873,-0.10433
-0.66962,-3.3463,-0.31575,-0.52898,0.65281,-0.012919,-1.3092,-0.065151
-0.61915,-0.20711,-1.0712,0.0098612,-2.1953,0.00028779,0.37285,0.043007
-0.60592,0.1595,0.077688,-0.0014559,-1.2621,-0.072249,0.32091,-0.035288
-0.37271,-2.1296,-0.61488,-0.68446,1.5072,0.05234,-1.2358,0.15817
-0.55826,0.6958,-0.48668,0.27721,-1.943,0.0099846,-0.88701,0.29077
-0.61204,-1.1935,-0.40885,-0.7224,2.9719,0.17835,1.9104,0.1693
-0.60342,3.5271,0.73337,0.3385,-2.415,0.0058132,-0.70086,0.063426
-0.73592,3.1723,-0.0067942,1.3561,0.098588,-0.084205,-2.2304,-0.083258
-0.59417,1.4537,0.2263,-0.29893,2.1539,0.0027521,2.2224,-0.11962
-0.58277,1.8281,1.732,0.73473,-2.9531,-0.053799,-0.84616,-0.12227
-0.5755,-2.808,-0.22363,-0.49114,1.4317,-0.0097492,-2.2449,-0.094283
-0.41852,0.066112,-0.42047,-0.20824,-0.5341,-0.014626,1.4245,-0.020369
-0.47076,0.34108,0.41639,0.24555,-3.9415,-0.13422,-0.22801,-0.024409
-0.58366,-3.8873,-0.19962,-0.54919,1.6778,0.056742,-1.5762,0.054543
-0.57195,0.93358,-0.66805,-0.14437,-1.5342,-0.04269,0.2639,0.2537
-0.78229,0.090169,-0.045929,-0.06485,0.70498,-0.11713,0.79517,0.14002
-0.62053,0.95527,-0.53931,-0.093355,-0.53513,-0.034373,-1.5826,0.077737
-0.55099,1.6723,-1.0876,0.28204,-1.5603,0.02359,-0.78104,-0.017084
-0.55007,1.3233,-0.024871,-0.31262,1.9053,-0.015589,1.1399,-0.065954
-0.51758,0.85221,0.50128,0.57307,-1.829,0.0071417,-0.61522,-0.089757
-0.44678,0.51458,0.37547,-0.028316,-0.060584,-0.084218,-1.9265,-0.095135
-0.58787,1.22,-0.25282,-0.16615,0.45288,-0.067718,1.6341,-0.088029
-0.54082,-1.1501,0.60357,0.23962,-0.41944,0.018969,0.32003,-0.04091
-0.54446,-0.50132,-0.79759,-0.11045,1.8678,0.050498,-1.0282,-0.0056935
-0.6177,2.0469,-0.60456,0.54403,-3.1468,-0.052913,0.46756,0.11789
-0.58167,-1.3252,-0.51274,0.04635,3.4873,0.24623,1.6088,0.20644
-0.52599,0.88524,0.18117,0.444,-0.76057,0.045948,-0.88163,0.045538
4.5439,2.2098,-0.91082,0.65501,1.8423,0.059528,0.34706,-0.024312
4.507,2.2124,0.97396,0.24279,-0.31544,-0.093016,1.0384,-0.021464
4.4627,1.0398,0.55302,0.51797,-1.1309,-0.021314,-0.60217,-0.089002
4.4137,-0.32011,0.37704,-0.30853,1.0404,0.027883,-0.51135,-0.11195
-0.64812,0.21784,-0.31384,-0.031811,-0.93998,-0.028135,1.2789,-0.084621
-0.82188,-0.72148,0.14151,0.089171,-1.6276,-0.090815,0.38231,-0.031492
-0.68973,-2.6374,-0.87298,-0.43978,1.0688,-0.0038387,-1.3438,0.034683
-0.61313,1.2251,-0.79191,0.342,-1.7575,-0.056821,0.32871,0.018596
-0.61162,-1.5395,-0.60226,-0.13722,0.45033,-0.097496,0.71416,0.069535
-0.36027,-0.2736,-0.24922,-0.10147,-0.46753,-0.065074,-1.2994,0.22615
-0.47241,3.4271,-0.82922,0.53824,-0.80364,-0.0082282,-0.82788,0.14574
-0.64929,0.54004,0.17898,-0.6173,2.3729,0.030745,1.4758,0.012073
-0.61404,3.3345,1.0646,0.31941,-3.0733,-0.0070538,-1.0859,-0.081263
-0.67125,2.1629,0.66334,0.61761,-0.028254,-0.077313,-2.4367,-0.19261
-0.69216,1.6156,-0.19517,-0.44144,2.5439,0.062865,1.8922,-0.1205
-0.58634,0.76693,1.2066,0.7637,-2.6585,-0.018868,-0.66528,-0.096888
-0.58448,-5.4916,-1.3976,-0.50116,1.5968,-0.019857,-2.3546,0.0038226
-0.58205,0.80551,-0.09939,-0.19454,-1.3064,-0.00052082,0.62467,0.039356
-0.38305,-0.059811,-0.20137,0.29697,-2.9376,-0.13104,0.21327,0.012341
-0.53923,-2.494,0.29374,-0.40792,2.1323,0.10834,-1.7177,0.21549
-0.58286,1.64,-0.28843,-0.185,-1.1747,0.028583,-0.40316,0.13155
-0.56998,0.91192,-0.26384,-0.45993,2.489,0.070694,1.5703,0.00075606
-0.7605,1.4858,0.26633,0.22807,-1.4509,-0.048556,-1.8539,-0.018739
-0.61295,0.56695,0.095425,0.081496,0.46369,-0.040271,-0.19135,-0.092823
-0.55565,1.1472,0.70657,-0.18669,1.5268,-0.016032,1.8494,-0.1112
-0.5417,-0.57794,0.65976,0.55766,0.5612,0.044395,-0.42237,-0.066709
-0.35955,-0.16193,0.29095,-0.37354,1.4174,-0.01197,-1.2832,-0.075641
-0.41332,-0.14097,-0.10091,-0.0082963,1.7921,0.033319,2.2963,0.05391
-0.54713,-0.95138,-0.37316,0.26405,0.96792,-0.05917,0.49389,-0.0040385
-0.54405,-1.8907,-0.87941,-0.14841,2.5192,0.20988,-0.62457,0.10592
-0.66329,2.3486,-0.32588,0.57005,-0.44392,0.037496,0.64416,0.19592
-0.58917,-0.59377,0.35654,-0.18886,4.1826,0.40273,2.5028,0.12357
4.5569,1.4587,0.75189,0.82209,-0.33889,0.024674,-0.96091,0.015261
4.5135,0.87691,-0.34954,0.090815,2.1033,0.0841,0.39747,-0.053493
4.4748,2.2325,0.55097,0.18172,-0.23057,-0.059889,0.66971,-0.11164
4.4435,0.44981,0.2812,0.47977,-0.74271,-0.015249,-0.23753,-0.12315
-0.64932,-2.6075,0.69109,-0.49815,1.5132,0.067986,-0.11502,-0.079948
-0.64178,-0.60063,-0.18259,0.23297,-0.28977,-0.029002,1.4193,-0.021635
-0.75743,-1.8998,-0.082328,0.089126,-1.303,-0.07146,0.6948,0.055273
-0.86296,-1.7828,-0.77217,-0.26578,1.3632,-0.0099096,-1.3401,0.14304
-0.64286,1.7083,-0.532,0.36491,-1.2863,-0.038076,0.073897,0.090538
-0.61733,-0.44252,0.14866,0.054231,2.4291,0.10087,1.4823,0.13885
-0.61785,2.2446,0.57536,0.18304,-1.2004,-0.049313,-1.3046,0.045075
-0.42743,3.387,-0.5314,0.60922,-0.27979,-0.04373,-1.1357,-0.026965
-0.62204,1.1548,0.23054,-0.29809,1.8829,0.016319,1.4825,-0.099443
-0.60064,2.3397,1.0071,0.30848,-3.1837,-0.034142,-1.0672,-0.1488
-0.60474,0.33834,0.40344,-0.33319,1.2302,-0.086656,-2.5465,-0.099881
-0.75045,0.65455,-0.30152,-0.52607,1.3241,0.017666,2.2001,-0.057825
-0.61142,-0.62903,1.1585,0.51742,-3.3848,-0.077377,0.030671,0.042374
-0.58457,-4.801,-1.1769,-0.37541,2.1883,0.10967,-1.6397,0.12084
-0.57322,2.1261,-0.97193,-0.14581,-3.2937,-0.052503,-0.025661,0.011343
-0.3187,-0.26844,-0.59554,0.12105,-1.575,-0.11509,-0.012394,0.070362
-0.5156,0.016502,-0.31799,-0.26418,0.84436,0.020869,-1.5616,0.18426
-0.57989,2.2385,-0.17652,0.37324,-1.2939,-0.022148,-1.0442,0.048604
-0.57792,0.98179,0.41004,-0.35888,1.7723,0.025432,1.4314,-0.062693
-0.74625,1.1644,1.2868,0.13156,-1.0691,-0.074925,-1.1006,-0.099954
-0.57547,-0.61226,-0.46659,-0.2286,0.20559,-0.078384,-1.1088,-0.13763
-0.53516,0.73853,-0.0084066,-0.14859,0.62201,0.026766,2.7109,-0.084159
-0.54776,-0.86654,0.52826,0.43815,-0.61278,-0.076928,-0.34824,-0.07934
-0.34801,-0.56005,-0.9719,-0.17458,1.5265,-0.0019327,-0.45708,-0.021197
-0.26599,1.8012,-1.4143,0.11001,-1.4408,0.0064229,-1.5345,0.038309
-0.56646,-0.87532,-1.322,0.014389,-0.30384,-0.070138,0.73303,0.12451
-0.54911,-0.36426,-0.6825,0.11968,1.5464,0.02504,-1.0315,0.1607
-0.45835,2.8232,-1.02,0.6244,0.51708,0.050992,0.55405,0.065641
-0.71902,1.2005,0.092682,-0.4309,2.8379,0.15191,1.1134,0.012706
4.5297,1.6163,0.39714,0.54141,-0.7471,0.015869,-0.4286,-0.054442
4.491,-0.43719,0.37811,-0.60586,2.1673,0.089594,0.42013,-0.11346
4.4656,1.9744,-0.23607,-0.18586,-0.6245,0.0058967,1.9203,-0.058385
4.4226,-0.36926,0.46428,0.40548,-1.7462,-0.080682,-0.033624,-0.069848
-0.58103,-2.7225,0.11073,-0.52075,1.1753,-0.039655,-1.0965,0.02838
-0.64769,1.0783,-0.18775,0.50287,-1.6563,-0.027487,1.2547,0.092364
-0.63951,-1.133,0.1636,0.030427,0.90509,-0.15143,0.87556,0.075376
-0.79481,-0.32302,0.18316,-0.022562,-1.0205,-0.016751,-1.9829,0.1013
-0.64118,1.9425,-0.036737,0.53728,-1.067,-0.015993,-0.74483,0.10456
-0.61552,1.3508,0.20043,-0.48746,2.6131,0.089632,1.6803,0.040062
-0.60711,2.5558,0.85478,0.51184,-3.0554,-0.073674,-1.6019,-0.033585
-0.39553,2.2633,0.48066,0.70599,0.56735,-0.080977,-1.6604,-0.098153
-0.54992,0.75607,0.64097,-0.10294,2.0898,0.045531,2.0762,-0.1331
-0.60753,0.49343,1.2437,0.65537,-3.1539,-0.11159,-0.90199,-0.075689
-0.59986,-4.6832,-0.70444,-0.40562,1.2527,-0.017123,-2.6563,-0.039401
-0.57085,0.53506,-0.23092,-0.40073,-1.3119,-0.065517,1.4999,0.012146
-0.73934,-0.69491,0.38287,0.45028,-3.2852,-0.095718,-0.20317,0.13542
-0.49251,-3.7403,-0.62708,-0.91326,1.3423,-0.030632,-2.4203,0.21174
-0.57486,1.5391,-0.23428,-0.042325,-3.742,0.012154,-0.17749,0.02726
-0.55747,-0.021195,0.21613,-0.18069,1.4754,-0.10338,0.60501,0.063889
-0.47947,1.7779,1.1121,-0.1103,-1.0986,-0.023848,-1.2668,0.02047
-0.53734,0.52864,0.30099,0.25371,-1.9961,-0.035002,-1.1176,-0.071771
-0.56331,1.446,-0.42701,-0.36324,0.55195,-0.077473,0.68566,-0.10158
-0.57109,0.22439,0.52695,0.51054,-1.7715,-0.05016,-0.63335,-0.092653
-0.62332,-1.0024,-0.19479,-0.29449,-0.40097,-0.045822,-2.3558,-0.073547
-0.61434,-0.17714,0.35263,-0.11416,-0.45665,-0.020595,1.7453,-0.0098553
-0.54885,-0.92435,0.15512,0.29178,-0.49127,-0.0061297,0.18887,-0.016086
-0.54434,-1.0441,-0.14463,-0.28226,1.4924,0.015279,-1.2385,0.037093
-0.30439,1.8396,-0.47342,0.41362,-4.2018,-0.01659,-0.26777,0.042033
-0.49183,-0.5797,-0.33804,-0.26141,3.7235,0.27649,2.0733,0.13177
-0.54351,1.1993,0.39674,0.48799,-1.1411,0.010889,-0.8196,0.072358
-0.53705,1.4439,0.71047,0.17103,1.3321,-0.0016439,-1.0197,-0.01611
-0.81266,1.905,0.84752,-0.14317,0.56729,-0.012637,3.1115,-0.041129
4.5165,1.0271,0.96567,0.50255,-1.7676,-0.04706,-1.2408,-0.11193
4.4891,-2.5249,-0.82516,-0.6083,1.773,0.060285,-0.45579,-0.14921
4.4702,0.2351,-0.32069,-0.067297,-2.6691,-0.064067,0.73868,-0.030007
-0.47159,-1.7951,0.33498,0.052978,-0.50277,-0.091585,0.42599,0.085135
-0.56513,-2.2105,0.18185,-0.20392,0.83333,0.021697,-1.5133,0.136
-0.6649,0.89928,0.15091,0.54721,-2.5316,-0.03341,0.25043,0.2545
-0.63427,-0.96607,0.0083152,-0.16999,2.4546,0.012359,1.0716,0.12899
-0.85851,1.4492,0.31142,0.28421,-2.8838,-0.049865,-1.6791,0.042301
-0.69033,2.6207,-1.0931,0.30467,0.43618,-0.028232,-1.1662,0.041108
-0.56821,1.5887,0.48603,-0.3496,2.1041,0.0053833,1.7889,-0.071625
-0.60007,2.6402,1.2471,0.73894,-3.2561,-0.030394,-0.91039,-0.1314
-0.60209,0.35634,0.38231,0.094367,0.49635,-0.016289,-1.4312,-0.12682
-0.37744,0.79513,-0.0075329,-0.59995,0.59548,-0.016051,2.1436,-0.076857
-0.59933,-0.54009,0.98571,0.61096,-5.2064,-0.037896,-0.84997,0.017038
-0.59792,-5.6447,-0.7076,-0.45857,2.5476,0.17991,-1.3143,0.080633
-0.59841,1.3232,0.33507,-0.033673,-2.2919,0.0083482,0.46948,0.035681
-0.71916,-1.0661,0.047752,0.23351,-0.85682,-0.028899,0.36862,0.18173
-0.60573,-0.13605,-0.84564,-0.38922,0.18979,0.0040164,-1.8062,0.10906
-0.56976,2.7414,-0.88044,0.29047,-1.3168,-0.021942,-0.29928,0.051355
-0.56669,0.85272,0.051941,-0.43974,2.3778,0.037657,1.2211,-0.01409
-0.15035,1.8377,1.0412,0.30032,-1.0211,0.01456,-0.62369,-0.071479
-0.42885,-0.85256,-0.12239,-0.30963,-0.32835,-0.0099032,-1.1339,-0.11407
-0.5585,1.228,0.17587,-0.39256,0.66052,-0.036099,1.649,-0.10966
-0.5616,-2.0356,0.56097,0.48205,-1.1626,-0.026935,-0.052742,-0.093212
-0.75557,-1.2084,-0.11176,-0.5511,1.2986,-0.0067201,-2.3181,0.0090553
-0.58525,1.0096,-0.79958,-0.063071,-0.77554,-0.0067843,1.3003,-0.036213
-0.53602,-0.46506,-0.65761,0.15955,-0.3013,-0.075368,0.35659,0.011343
-0.53276,-0.58564,-0.65628,-0.092783,1.6931,0.0073599,-0.87284,0.11422
-0.37914,2.6828,-1.6774,0.34168,-1.3947,-0.0089085,-0.22656,0.072358
-0.42642,0.013875,-0.1447,-0.55376,2.9068,0.17453,2.2421,0.03921
-0.48176,1.3312,1.0887,0.80935,-0.75991,0.03183,-1.0615,-0.041616
-0.52465,0.66471,0.25322,-0.24777,2.5722,0.14173,0.38385,-0.081214
4.5375,2.4689,0.41717,0.044352,0.21472,-0.040836,2.4042,-0.092823
4.5097,-0.27501,0.56721,0.55355,-0.7091,-0.035201,-0.087382,-0.10312
4.4924,-2.6106,-0.084506,-0.50956,2.4039,0.18609,-0.61998,-0.034364
4.4424,0.58491,-0.36598,0.038295,-1.2393,-0.022642,1.0498,0.021395
-0.63618,-1.3175,0.30582,0.016502,1.811,-0.014678,0.83831,0.050989
-0.39109,-0.28244,-0.067,-0.10032,0.56168,-0.057791,-1.4789,0.12931
-0.60867,1.7433,0.13453,0.38643,-0.074045,-0.038224,0.49877,0.14286
-0.6183,-0.56671,0.15582,-0.24348,3.1218,0.22606,2.1534,0.068707
-0.61189,3.0576,0.81066,0.24668,-2.724,-0.0020289,-0.9635,0.00070738
-0.72387,2.3663,-0.53292,0.75867,1.9672,0.072343,-1.5291,-0.077636
-0.63634,1.7433,0.004525,-0.20661,2.4565,0.11999,2.5251,-0.12478
-0.59909,1.6272,1.2069,0.50857,-2.5317,-0.035798,0.070429,-0.1167
-0.59225,-4.5152,-0.16476,-1.3746,2.3717,0.078036,-1.8407,-0.073377
-0.34466,-0.75348,0.22571,-0.63091,-1.2211,-0.06424,1.57,0.1012
-0.49757,-0.97241,0.4569,0.47381,-3.0487,-0.046643,-0.078988,0.055078
-0.59272,-4.5107,-1.1042,-0.72542,3.3843,0.28577,-0.43519,0.096842
-0.58408,1.1059,-1.0001,-0.064831,-2.2341,-0.036966,0.72434,0.1148
-0.81416,0.1032,0.056881,0.21334,1.4018,-0.030324,1.3776,0.12821
-0.62489,0.80045,0.20107,-0.16812,1.5864,-0.01317,-1.5142,0.026019
-0.56428,2.8419,0.53252,0.38348,-0.69996,-0.0081705,-0.31006,-0.012289
-0.55723,0.55932,0.24268,-0.020147,3.3521,0.25752,2.3319,-0.088004
-0.46431,1.2756,1.739,0.11464,-0.36396,0.0093429,-1.3214,-0.12035
-0.36676,-1.2557,-0.73529,-0.25674,1.3515,0.0088872,-0.59934,-0.10309
-0.61089,-0.014124,-0.52454,-0.41384,2.1838,0.078992,1.8165,-0.039085
-0.55537,-2.859,-0.052681,0.16246,0.74122,-0.055018,0.52872,0.012633
-0.72177,-0.65449,-0.94025,-0.1853,2.3382,0.1761,-0.73444,0.052231
-0.77211,0.3227,-0.82635,0.040717,-1.2539,-0.057207,1.4639,0.019521
-0.48651,-0.82599,-0.52293,0.16763,1.3234,-0.037004,1.0906,0.15683
-0.52826,0.82337,-0.043591,0.10843,1.8427,0.096858,-0.95979,0.020178
-0.53139,2.7297,-0.93435,0.19709,-0.3652,-0.015371,0.038487,-0.018033
-0.33646,0.082739,0.56819,-0.34258,2.6736,0.10544,1.8835,-0.045559
-0.50351,1.1938,1.2323,0.91715,-1.5156,-0.058079,-1.2049,-0.098956
4.6103,-0.032735,0.50264,-0.41977,2.4181,0.18521,0.46669,-0.088175
4.5283,1.4192,0.3173,-0.035003,-1.3341,-0.085476,1.9837,-0.081263
4.5086,-2.2665,0.57802,0.10127,-0.79558,-0.048877,0.37598,-0.030688
4.4909,-3.1741,-0.65167,-0.35928,1.4727,0.030732,-1.3942,0.092656
-0.62619,0.46549,-0.50423,0.32089,-2.4754,-0.074527,0.35652,0.17918
-0.62194,-1.6192,0.47569,0.10161,2.0939,-0.0040119,0.72887,0.10894
-0.37578,0.1417,0.58466,0.036542,-1.6568,-0.068906,-1.7789,0.21184
-0.49449,2.2124,0.46388,0.27715,0.40639,-0.013003,0.24015,0.079708
-0.62064,0.68956,0.38752,-0.22897,2.5648,0.11193,1.8519,-0.012922
-0.61691,2.3871,0.65239,0.49453,-2.7601,-0.011475,-0.94514,-0.062522
-0.72475,-0.19874,0.16589,0.25283,1.3053,-0.025241,-1.8227,-0.14958
-0.65626,-0.22649,0.45007,-0.29164,1.348,-0.034745,2.1765,-0.093991
-0.5818,0.10724,1.1339,0.62291,-3.6518,-0.062905,-1.1151,0.014118
-0.58686,-6.5353,-1.3188,-1.0089,1.9248,0.067851,-2.5966,0.13337
-0.56748,-0.35782,-0.65184,-0.25539,-3.5022,-0.09181,1.1207,0.15133
-0.39625,-0.82883,-0.12742,0.30152,-2.2245,-0.12,0.02425,0.15907
-0.53343,-3.1011,-0.96071,-0.55582,2.4806,0.16518,-1.5956,0.17385
-0.58329,1.9326,-0.20462,-0.087632,-2.9647,-0.043236,0.051138,0.12481
-0.57331,1.3378,0.5253,-0.18846,2.2602,0.039422,1.1666,-0.039134
-0.67003,1.6146,0.87564,-0.24119,-0.14467,-0.0065404,-1.0487,-0.039426
-0.52592,1.3487,0.13495,0.22465,0.39788,0.0144,-0.41926,-0.1167
-0.55682,0.17034,0.71245,-0.36969,2.2061,0.1154,1.8387,-0.11254
-0.56073,0.22217,0.74006,0.43984,-0.46744,-0.045918,-0.12982,-0.054929
-0.39445,-1.5044,-1.4528,-0.40461,0.97453,0.013835,-1.4684,-0.018203
-0.4921,-0.59317,-1.5366,-0.17744,0.41336,-0.042158,1.145,0.15004
-0.55058,-2.0717,-0.28174,0.20654,-1.1668,-0.059318,0.1346,0.13868
-0.54228,0.074769,-1.5531,0.011197,2.1908,0.16671,-1.5446,7.4599e-05
-0.76968,1.8029,-0.86314,0.27508,-2.4408,-0.0016439,0.15477,0.02193
-0.59564,-0.28901,0.0093558,-0.18515,3.3541,0.2994,2.0002,0.047777
-0.53183,2.1786,0.38701,0.62553,-0.0039835,0.045846,-1.2655,-0.018982
-0.52575,-0.68829,-0.059902,-0.39743,1.4422,0.0812,-0.09259,-0.056706
-0.31665,0.31477,0.92765,-0.31803,2.3852,0.16335,2.302,-0.13128
-0.39001,0.17398,0.88267,0.8053,-0.11323,-0.0024011,-0.40347,-0.091046
4.5411,-1.0503,-0.96536,-0.6199,2.8081,0.21243,-0.27889,-0.080557
4.5246,-0.16293,0.10923,-0.027347,-1.5122,-0.023701,1.645,0.041765
4.5032,-2.2876,0.70835,-0.11253,1.3467,-0.013131,0.8287,0.10448
4.4924,-1.5034,-0.38464,-0.25513,1.0083,-0.044609,-1.1542,0.12152
-0.58906,0.87385,-0.29338,0.44928,-0.84522,-0.031851,0.4031,0.18346
-0.62962,0.37272,0.24868,-0.078826,2.7896,0.10403,1.3665,0.073745
-0.63111,2.9803,0.61485,0.55709,-2.4679,-0.022623,-1.0424,-0.011072
-0.38523,3.5347,-0.63255,0.18177,1.2953,-0.024439,-0.68998,-0.034461
-0.69696,1.3961,0.66682,0.025739,1.4713,-0.012669,1.1442,-0.082796
-0.62006,1.1871,0.6481,0.43193,-2.5588,-0.063964,-0.58455,-0.1137
-0.62392,-3.0774,0.816,-0.51675,1.6999,0.087277,-1.144,-0.050743
-0.77644,-0.4969,0.66033,-0.55801,0.39564,-0.086419,1.6996,0.056855
-0.60595,-0.67057,0.50675,0.26151,-3.0131,-0.072698,0.25246,0.095187
-0.58945,-6.0111,-1.2138,-0.58895,2.3086,0.076342,-2.3005,0.28821
-0.59739,1.5864,-0.76676,0.13972,-4.2109,-0.076023,0.11019,0.09453
-0.24568,-0.54964,-0.23249,0.13488,1.3297,-0.041971,0.98603,0.146
-0.48036,0.35511,-0.18202,0.13842,0.86138,-0.025119,-1.4282,0.10716
-0.59213,3.0222,-0.4499,0.36675,-2.4119,-0.021159,-0.61046,0.010223
-0.59159,0.71582,1.0036,-0.18925,2.099,0.0026173,1.1003,-0.04809
-0.73038,1.313,0.63969,0.088381,-1.8825,-0.031736,-1.1612,-0.12636
-0.60859,-1.1066,0.315,-0.15601,0.22424,-0.034842,-1.416,-0.11346
-0.56526,0.63712,-0.44577,-0.34217,1.2142,-0.05052,1.1959,-0.031784
-0.56428,-2.0824,0.042825,0.080969,-2.2216,-0.11305,-0.038306,0.0049665
-0.38049,-2.208,-1.328,-0.10775,0.30819,-0.029592,-2.5502,0.11286
-0.36799,0.5759,-0.76417,0.11682,-2.6985,-0.067519,0.52778,0.12237
-0.55724,-1.5257,-0.011259,-0.064124,1.0894,-0.12983,0.54163,0.17244
-0.55958,0.63872,0.19164,-0.077066,-0.26094,-0.012676,-1.2931,0.007741
-0.64777,1.2187,-1.0205,0.10901,-1.795,-0.055236,-0.62705,0.063913
-0.57409,1.3314,0.24271,-0.31374,1.1577,-0.059254,1.6242,-0.015404
-0.51046,1.2509,1.1434,0.69081,-1.1846,-0.074162,-1.0611,-0.086228
-0.53041,-0.74711,0.062823,-0.66458,1.5887,0.038433,-0.25387,-0.11064
-0.52903,1.8623,0.43525,-0.030173,0.042804,-0.022924,2.0537,-0.064542
4.5587,-0.038984,0.55942,0.59048,-2.1597,-0.056347,-0.46055,-0.087469
4.5401,-2.7555,-0.48715,-0.4708,1.3849,-0.034148,-1.1601,0.018669
4.522,-1.4004,-1.0721,0.43446,-3.3777,-0.052894,0.5096,0.15267
4.4896,-2.0157,0.089701,-0.059005,2.176,0.047636,0.57414,0.08735
-0.83745,0.48364,0.068643,0.15344,-1.7274,-0.016199,-1.587,0.20724
-0.70073,1.783,-0.82294,-0.055254,0.29287,-0.016686,-0.096668,0.11407
-0.63156,1.9747,0.052622,-0.12095,1.6351,-0.074797,1.4231,0.031324
-0.63682,2.2492,0.64435,0.69027,-3.5771,-0.076652,-1.1527,-0.041056
-0.43554,0.83793,-0.21981,0.050743,-0.2724,-0.043582,-1.8377,-0.062011
-0.59035,0.13672,0.77151,-0.083374,-0.081283,-0.062289,1.5451,-0.1186
-0.61473,-0.17844,0.7421,0.52891,-3.4746,-0.10429,-0.35971,-0.020321
-0.61736,-6.1839,-1.347,-0.99388,2.0626,0.096101,-1.7703,0.022563
-0.85181,-0.83225,-0.93249,-0.65725,-1.7586,-0.07531,0.95179,0.31644
-0.70402,-1.0941,-0.486,-0.21862,-3.3417,-0.057123,-0.063248,0.2933
-0.59917,-4.6032,-0.44647,-0.5578,1.6568,-0.011572,-1.808,0.30766
-0.59809,2.6723,-0.70207,0.044532,-2.8484,-0.060281,0.10865,0.10356
-0.46313,0.54393,0.20496,-0.16839,2.6586,0.11173,1.2801,0.093167
-0.54753,2.0893,0.72044,-0.1561,-0.029012,-0.059453,-1.2231,-0.00033914
-0.6595,2.1901,-0.012627,0.28804,-1.3752,0.035494,-0.52256,-0.080946
-0.58384,0.56619,-0.1739,-0.25227,2.7757,0.090704,1.3882,-0.10451
-0.89185,1.0445,0.76949,0.50916,-1.9591,-0.057059,-0.48116,-0.090949
-0.64896,-2.0555,-1.4618,-0.2753,0.32499,-0.056135,-2.1512,-0.061062
-0.53461,1.0027,-0.91427,-0.27456,-0.53047,-0.067622,0.99094,0.047704
-0.56267,-2.5825,0.20381,0.10068,-1.6505,-0.04803,-0.0051562,0.054421
-0.55847,-1.1264,0.42745,-0.28198,1.6773,0.068743,-2.2562,0.090465
-0.40861,1.1834,-0.49657,0.21699,-2.5612,0.0033874,0.71291,0.15747
-0.55684,0.40528,-0.23449,-0.16198,2.7252,0.13099,1.4657,0.020178
-0.55969,1.5402,0.51912,0.27671,-1.2637,-0.010378,-1.3671,0.011611
-0.56206,0.3113,-0.029715,0.10242,-0.10458,0.010697,-0.50229,-0.042225
-0.66132,1.5044,1.0585,-0.19547,1.4165,-0.062559,1.051,-0.065711
-0.55561,1.287,1.0744,1.0869,-1.0353,-0.039392,-0.71884,-0.10672
-0.5338,-2.537,-0.66456,-1.0069,2.6249,0.19713,0.044395,-0.048212
-0.5315,-0.26648,-0.56286,-0.21824,-0.95795,-0.0061682,1.4565,0.003774
4.56,-0.92846,0.36936,0.20653,0.016812,0.0054025,0.32583,-0.034071
4.5457,-2.9464,-0.11404,-0.38242,1.461,0.03018,-1.5875,0.18439
4.5128,-0.40365,-0.22262,0.39882,-0.68789,0.059906,0.8107,0.14527
4.4687,-0.99936,-0.26825,-0.27436,3.1862,0.16953,0.86897,0.11458
-0.83512,0.2298,-0.35014,0.29866,-1.9141,-0.024978,-0.81656,0.10227
-0.78841,1.0052,-1.7503,-0.20121,1.3051,-0.068963,-1.1196,0.013022
-0.64165,1.0322,0.75565,-0.02788,1.2501,-0.052073,1.509,-0.079145
-0.62451,2.1812,1.2673,0.61406,-2.755,-0.009101,-0.96476,-0.090073
-0.61359,-1.4854,1.4996,-0.33422,0.75007,-0.072236,-1.7523,-0.087006
-0.44754,0.45331,0.4334,-0.21669,-1.042,-0.040072,1.5467,-0.045364
-0.58655,-0.68429,0.62868,0.36711,-2.8388,-0.07934,0.080807,0.042861
-0.6173,-6.6857,-1.6118,-0.95529,2.5716,0.10156,-2.5869,0.19035
-0.62678,1.8356,0.86483,-0.18217,-4.2045,0.0097408,0.41628,0.046171
-0.68832,-1.0441,0.12533,0.042541,-0.21982,-0.14346,0.60335,0.27677
-0.54796,-1.5732,0.63842,-0.57875,0.69495,-0.078904,-1.7451,0.1435
-0.58715,3.5624,0.12366,0.33401,-1.7117,0.033107,-0.30556,0.034853
-0.58255,1.0803,0.24219,-0.45042,3.7031,0.22586,1.2876,-0.039085
-0.37516,2.1068,1.2576,0.18821,-0.3328,-0.057534,-0.72748,-0.089148
-0.55066,0.72066,0.38969,0.14416,-0.31025,0.045627,-0.67118,-0.094721
-0.57419,-0.63542,-0.59495,-0.20945,2.5835,0.14577,1.8124,-0.090535
-0.57327,-0.63053,0.5289,0.56781,-1.6616,-0.0112,-0.39769,-0.04203
-0.78666,-2.3952,-1.1602,-0.2852,1.8211,0.016691,-2.0989,0.07523
-0.64279,0.098678,-0.51758,-0.07397,-1.2837,-0.044044,0.80798,0.11527
-0.55096,-1.547,-0.069422,0.11019,0.31567,-0.014665,0.9471,0.16694
-0.55417,-1.0593,0.19809,-0.31376,2.6274,0.20927,-1.0764,0.12814
-0.13637,1.4637,-0.23596,0.2937,-1.7664,-0.04432,0.068426,0.093289
-0.54932,0.84256,-0.24184,-0.35844,3.0357,0.15498,1.297,-0.0011423
-0.52987,1.5809,0.80783,0.54442,-0.50689,0.032741,-1.3198,-0.057338
-0.53971,-1.3977,-0.075763,-0.21033,1.343,-0.0090753,-0.40076,-0.061671
-0.727,0.72027,0.11127,-0.42842,2.033,0.034641,1.6358,-0.11611
-0.57942,0.22484,0.68881,0.83198,-1.9342,-0.047304,-0.76076,-0.057168
-0.56786,-3.8369,-1.6891,-0.86612,2.7187,0.19092,-1.021,0.016673
-0.55743,0.11388,-0.2602,0.072215,-3.5094,-0.037768,0.81239,-0.0275
4.5548,-1.67,0.53178,0.23192,1.6448,0.0022387,0.65386,0.029986
4.5392,-1.6241,-0.47381,-0.2667,-0.17803,0.016152,-0.68298,0.22817
4.494,1.9326,-0.46634,0.30935,-0.60464,-0.026358,0.56672,0.16107
-0.6317,1.2202,0.26672,0.2961,2.9805,0.1533,1.015,0.10833
-0.63421,2.4015,0.69329,0.17047,-2.6698,-0.022956,-0.45367,-0.027476
-0.7486,1.3477,-0.46083,-0.12747,1.4611,-0.0017016,-0.71809,-0.10468
-0.59737,0.30183,-0.043591,-0.22651,1.2463,-0.0335,1.0912,-0.10222
-0.60982,1.4923,1.0096,0.52751,-3.1508,-0.02279,-0.24265,-0.087907
-0.6026,-3.5378,0.51443,-0.40073,1.1761,-0.051777,-1.7207,-0.0312
-0.40879,-1.1475,-0.5913,-0.508,-1.0645,-0.020126,1.3283,0.16005
-0.51506,-1.3616,-0.49553,0.54998,-3.8163,-0.049435,0.15402,0.24297
-0.61276,-5.6874,-0.86842,-0.48592,1.875,0.022139,-2.9465,0.28714
-0.60477,1.9704,-0.60869,-0.27219,-3.7691,-0.042401,0.48052,0.16109
-0.81754,0.19028,0.19319,0.20483,-0.18595,-0.074187,0.38611,0.15576
-0.63094,0.22113,0.070603,-0.36843,0.51655,-0.070529,-1.6602,0.0078384
-0.5815,2.5877,0.45588,0.44426,-2.087,-0.0088186,-0.22641,-0.081944
-0.57727,0.213,0.29383,-0.15166,4.0181,0.24934,1.4209,-0.10718
-0.26003,1.4886,0.76242,0.079627,-1.5504,-0.069214,-1.2051,-0.10095
-0.43735,0.02103,-0.21278,0.12489,0.20748,0.03638,-0.89954,-0.095817
-0.62109,-0.51413,-0.87023,-0.60778,2.424,0.098148,1.6466,0.029864
