tachometer_signal,underhang_bearing_axial,underhang_bearing_radial,underhang_bearing_tangential,overhang_bearing_axial,overhang_bearing_radial,overhang_bearing_tangential,microphone
-0.56064,2.0711,0.79819,0.045682,-0.33312,-0.0081191,1.2097,-0.10862
-0.56607,0.28849,0.24205,0.77864,-1.7912,-0.07601,0.32372,-0.10365
-0.69145,-4.9685,-0.13022,-0.55436,0.56115,-0.048382,-2.5609,-0.061963
-0.64493,1.3115,-0.56813,-0.047913,-2.4595,-0.083839,0.17667,-0.012338
-0.99953,-1.3265,0.43625,-0.34172,-0.20516,-0.10075,1.2317,0.12422
-0.80565,-3.3966,-0.16087,-0.29711,1.0065,0.0076294,-1.8751,0.14469
-0.5979,1.381,-0.3728,0.15476,-3.2859,-0.044506,-1.3349,0.24141
-0.62072,0.42422,-0.12283,0.0091804,1.5194,-0.0020225,1.9051,0.097694
-0.62218,1.3938,0.26143,-0.24238,-1.1332,-0.048293,-2.33,-0.0050364
-0.46649,3.4017,0.30195,-0.12241,-3.4981,-0.041792,-1.3116,-0.034388
-0.65426,-0.064389,-0.19756,-0.33053,4.4708,0.31611,2.3416,-0.098226
-0.60915,2.4519,1.5131,0.66624,-2.6992,-0.041272,-1.4132,-0.12984
-0.61397,1.3829,0.33216,-0.035703,0.9008,0.01517,-1.8526,-0.080265
-0.7403,-1.43,-1.0453,-0.50099,1.6292,-0.095038,1.2741,-0.070335
-0.67633,0.33367,0.62089,0.32634,-3.1207,-0.042889,-1.1906,0.063256
-0.58778,-3.9244,-1.5972,-0.50972,2.1902,0.1728,-2.003,0.12468
-0.5841,1.1555,-0.72431,-0.31519,0.50834,-0.14004,1.6415,0.084989
-0.27408,-0.35886,-0.42217,0.27835,-0.54698,-0.014665,0.32951,0.11364
-0.49861,-0.57834,-0.45695,-0.61089,1.3387,0.030931,-3.1326,0.14659
-0.58706,1.3147,0.20631,-0.47423,1.7604,0.075924,1.8291,0.031641
-0.58232,1.6257,1.0393,0.48646,1.2466,0.029564,0.85971,-0.025431
-0.71607,-0.53378,0.36466,0.22137,1.0928,0.017467,-1.9171,-0.064153
-0.56015,2.5951,0.029033,0.23608,1.6079,0.018398,1.8803,-0.09533
-0.55021,0.63592,-0.087371,0.53091,1.3385,0.06565,1.534,-0.098981
-0.55186,-2.3409,0.74076,0.15206,2.02,0.11786,-2.1238,-0.020564
-0.51784,1.2711,-1.3631,0.12442,-0.13964,-0.074932,0.069806,0.017403
-0.37122,-0.75597,0.42074,0.35117,2.9649,0.29223,2.3458,-0.025042
4.545,-1.8383,-0.026465,0.20147,1.1311,0.041347,-1.1017,0.11721
4.5131,-1.8399,-1.1029,0.081316,0.84677,-0.050449,0.12588,0.24233
4.4646,1.126,-0.89968,0.21866,3.1235,0.22512,2.1581,0.087886
-0.79716,0.77317,0.20001,0.60593,-0.72024,0.027466,-0.65092,0.073502
-0.62383,0.99747,0.076134,0.2209,0.19671,-0.075458,-1.2634,-0.027086
-0.64279,0.99672,0.57002,0.038038,2.8435,0.16407,1.7148,-0.09533
-0.64429,2.1474,0.61244,0.52574,-2.142,0.018642,-0.64757,-0.069264
-0.52446,-0.47806,-0.12349,0.03317,1.7111,0.04394,-2.6954,-0.099273
-0.57407,-0.27397,-0.22666,-0.69837,-0.037155,-0.13169,1.145,0.0058914
-0.63557,-0.26815,1.0441,0.51068,-1.4003,-0.036266,0.49145,0.020445
-0.62962,-4.3279,-0.91781,-0.78215,2.0302,0.12919,-2.2807,0.10448
-0.9267,-0.097232,-0.64872,-0.68651,0.61357,-0.036266,1.8253,0.17901
-0.71215,0.73959,0.37793,0.55934,-3.3891,-0.021545,0.022676,0.26555
-0.60729,-7.0798,-0.26954,-0.82504,2.0658,0.14751,-3.3649,0.10154
-0.60456,0.85343,0.046056,-0.42338,-1.5542,-0.010558,1.4432,0.020275
-0.40145,1.9274,0.96038,0.29872,-2.6267,-0.068925,0.98072,-0.031905
-0.54852,-0.41558,-0.085013,0.11312,3.0475,0.30259,-2.4295,-0.11249
-0.59802,4.1598,-0.012428,-0.090021,-3.5842,-0.12393,-0.67735,-0.096693
-0.59281,-1.2588,-0.063666,-0.59455,1.9116,0.043593,2.1177,-0.083867
-0.5797,-0.93634,0.32254,-0.3624,1.9475,0.18199,-0.96362,-0.028352
-0.63902,0.51943,-0.2701,-0.061048,-1.1321,-0.12573,-0.97018,0.044297
-0.52126,-1.7802,-0.63245,-0.4602,1.6912,0.049702,2.0143,0.05279
-0.56897,-1.9312,-0.14557,0.23736,1.1882,0.071958,-0.28354,0.21111
-0.57487,0.63231,-1.988,-0.26502,-1.3562,-0.048421,-2.2656,0.11123
-0.45875,-0.33022,-1.312,-0.4705,2.5819,0.2104,2.0994,0.028282
-0.52739,2.0853,0.080438,0.67651,-0.96174,-0.0093834,-0.95098,-0.0013127
-0.55909,0.059517,1.3432,0.1542,0.47614,-0.054197,-1.3939,-0.033439
-0.55373,1.6596,0.33011,-0.023904,1.7144,0.00066642,2.1143,-0.064177
-0.64297,0.67931,0.98784,0.47722,-0.34702,-0.018791,0.12567,-0.10711
-0.52924,-2.3747,0.62049,-0.38525,0.80801,-0.024015,-1.4991,-0.10811
-0.53956,-0.038631,-1.0585,-0.41525,0.56692,-0.025273,2.232,-0.07895
4.5363,-0.87404,0.61032,0.53288,-0.16078,0.009452,0.017892,-0.0010936
4.5237,-4.7064,-0.54492,-0.31961,1.6231,0.13525,-2.2545,0.12293
4.4938,0.95126,-0.36205,-0.44706,0.047286,-0.030568,1.5528,0.15241
-0.64927,-0.15826,-0.38708,0.76432,-0.78231,-0.059985,0.33804,0.21435
-0.63535,-2.4362,-0.21493,-0.39787,1.1934,0.028307,-2.1789,0.10831
-0.7769,2.5909,-0.53565,0.19242,-2.236,-0.10059,-0.3,0.064375
-0.71005,0.9838,0.42644,0.4033,0.60549,-0.11013,1.0774,-0.026843
-0.61972,-1.6251,0.79177,-0.2423,0.83863,0.012552,-2.0576,-0.072696
-0.61699,1.7849,0.0045571,0.16232,-2.6239,-0.13058,-1.3538,-0.11826
-0.36752,0.029776,-0.20273,0.36031,1.4215,0.017801,1.785,-0.0955
-0.51139,-2.2273,1.0658,-0.26105,-1.3798,-0.064574,-1.9238,0.0080818
-0.63482,0.62424,0.11949,-0.15947,-2.3302,-0.089397,-1.515,0.066882
-0.60762,-1.9824,-1.3407,-0.11867,2.0885,0.0033553,1.6858,0.23031
-0.88645,0.20971,-0.38469,0.17201,-4.5194,-0.056469,-2.4992,0.12196
-0.62633,2.1372,0.3767,0.7478,-1.6772,-0.033982,-2.4686,0.13824
-0.58342,0.70053,-0.17167,-0.45567,2.7519,0.11842,1.6816,0.13315
-0.58005,2.274,1.1078,0.58355,-3.5771,-0.053677,-1.0391,0.034561
-0.57286,-1.1709,-0.043244,-0.55985,-0.015486,-0.078519,-3.0795,-0.04147
-0.35127,1.7586,-0.034976,-0.33209,-0.41601,-0.16774,1.291,-0.10295
-0.63003,0.83258,0.96038,0.51884,-1.1366,-0.01523,-0.38152,-0.13086
-0.57179,-2.248,0.38085,-0.49958,0.84044,-0.052631,-3.0905,-0.079291
-0.57452,1.3701,0.95489,-0.17814,-1.1071,-0.06734,0.92481,-0.034802
-0.68874,-1.7419,0.11508,0.20224,-0.66654,-0.031626,-0.31033,0.060749
-0.57674,-2.2531,-0.41249,-0.13409,-0.16888,-0.07884,-3.7552,0.04252
-0.54512,1.0634,-1.0175,-0.18675,-0.31806,-0.084834,0.84029,-0.015745
-0.54999,0.40724,-0.16037,-0.039794,0.1269,-0.02648,1.1966,0.0017539
-0.31571,-0.33422,-0.099551,-0.0042435,-0.30408,-0.002876,-2.2234,0.051525
-0.4986,2.8504,-0.97756,-0.029948,-0.89522,-0.11795,-0.63408,0.053764
-0.54667,1.4277,-0.14547,0.20536,1.7802,0.14285,2.2699,-0.037917
-0.54788,-0.20563,0.68398,0.015539,0.92619,-0.0060078,-1.5139,-0.095646
-0.70635,2.3893,-0.13422,0.074996,-0.78893,-0.0088764,0.9456,-0.07822
4.5228,-0.11076,0.24108,-0.14413,2.348,0.12246,1.7883,-0.094746
4.5049,-2.2811,0.11313,0.52504,-1.8856,-0.0051607,-1.2328,-0.047092
4.4868,-1.6645,0.29084,-0.18687,-0.74622,-0.0038772,-1.0576,0.055443
-0.45284,-0.84242,-0.59494,-0.00093567,2.3517,0.076021,2.1055,0.15075
-0.41493,0.084562,0.57145,0.55121,-3.9292,-0.033706,-1.3656,0.18512
-0.65969,-0.56022,-0.95842,0.14199,-0.75604,-0.022636,-1.9103,0.148
-0.62828,1.5626,-0.17821,-0.16806,0.14711,-0.12665,0.48483,0.070703
-0.60472,2.5582,1.1808,0.52378,-3.2365,-0.057784,-0.35209,-0.006594
-0.78575,-1.3573,0.51222,-0.27203,1.1099,-0.03153,-2.3357,-0.062255
-0.64331,1.9966,-0.25904,-0.60493,0.70604,-0.090263,1.8064,-0.10601
-0.59828,1.565,0.66152,0.56777,-2.6059,-0.03506,0.025682,-0.12157
-0.58525,-4.9971,-0.97077,-1.1125,0.11376,-0.003967,-3.7345,-0.049429
-0.39152,-1.3164,-0.58463,-1.2196,-2.9102,-0.15443,0.52866,0.077201
-0.49599,-0.16442,0.10572,0.13215,-3.9704,-0.095699,0.26735,0.026116
-0.59204,-6.6966,-0.32339,-0.64396,1.9565,0.15687,-2.5985,0.10283
-0.58358,1.6693,-0.22158,-0.65071,-2.9006,-0.078834,0.21881,0.11634
-0.77851,0.20868,-0.85668,-0.1283,-0.35202,-0.096141,0.96223,0.16832
-0.58074,0.2802,0.31625,-0.27693,0.15505,-0.0017466,-1.8074,0.031227
-0.56225,3.5617,1.0465,0.51978,-2.123,-0.13014,-1.4024,-0.0096119
-0.56308,0.37077,0.36371,-0.33537,1.9963,0.13824,2.9657,-0.071917
-0.39845,1.1855,0.44593,0.42052,0.14704,-0.020293,-0.54658,-0.12059
-0.50793,0.41792,-1.1624,0.048206,-1.628,-0.10072,-2.1829,-0.12675
-0.55531,-0.60382,-0.67988,-0.28718,1.4963,0.030097,1.7112,-0.082601
-0.55419,-1.6872,-0.52538,0.62998,-1.2363,0.0037917,-1.2805,-0.015477
-0.68917,0.007903,-0.63693,0.32324,-0.96639,0.02547,-1.7507,-0.050256
-0.72476,-0.91498,-0.92347,-0.19048,1.5627,-0.0014128,1.5269,0.0035793
-0.57791,0.53321,-0.46521,0.50384,-1.5783,0.0018922,-0.28388,0.047631
-0.53247,-2.9567,-0.13065,-0.2418,1.4316,-0.0165,-1.9744,0.14089
-0.2114,1.8407,-0.78519,-0.18347,0.14112,-0.0033253,2.4598,0.046974
-0.43794,1.2901,0.2746,0.39075,0.95423,-0.025806,0.23834,0.010832
4.5423,-0.10252,0.0094651,0.0070095,0.94028,0.032542,-2.0639,-0.042322
4.5046,2.9434,0.43268,0.080301,-1.5504,0.0083802,1.4978,-0.10575
4.4729,0.18311,1.0351,0.37432,1.6027,0.079999,1.6869,-0.10497
4.4505,-1.843,0.2665,0.21488,0.82374,0.0049533,-2.1988,-0.065905
-0.69574,0.88501,-0.07451,0.28958,-2.9816,-0.017489,0.036682,0.0088119
-0.64473,-2.4399,0.34683,0.0023978,1.8226,0.05422,1.7991,0.10193
-0.63023,-2.2484,0.21874,-0.040963,-0.70767,-0.038352,-1.5282,0.088713
-0.43112,0.94259,0.30695,0.3537,-2.6331,-0.070099,-0.8425,0.1369
-0.58885,-0.027212,-0.14586,0.19,1.9732,0.037034,1.9323,0.054591
-0.63455,1.3972,0.72323,0.033831,-2.457,0.029256,-1.2632,0.090636
-0.62539,1.6947,0.15383,0.20116,-1.4429,-0.045758,-1.6528,0.0017052
-0.68868,1.2733,-0.28211,-0.47714,1.8882,-0.013702,1.5921,-0.10779
-0.61599,2.2426,0.51862,0.54108,-3.5885,-0.031511,-1.1536,-0.10504
-0.60513,2.8389,-0.76274,0.94372,0.013704,-0.059119,-2.4773,-0.1239
-0.59965,-0.63064,0.104,-0.35801,1.8244,-0.093517,1.2258,-0.047871
-0.26454,0.65994,0.48866,0.31321,-3.7054,-0.053093,-0.47361,-0.01078
-0.45914,-5.8332,-0.59801,-0.77972,-0.78439,-0.079417,-5.2549,0.080268
-0.61027,-1.3003,0.57967,-0.42662,-2.0552,-0.14058,1.4312,0.13943
-0.59756,0.52049,0.56613,0.58964,-3.0252,-0.038442,-0.41518,0.040256
-0.87626,-3.4206,-1.6971,-0.86871,-0.78797,-0.11632,-4.5293,0.16562
-0.65967,2.4339,0.99246,-0.12622,-2.5291,-0.16249,1.0702,0.078199
-0.56403,1.1687,0.49082,0.33147,-1.2357,-0.026762,-0.15312,-0.013871
-0.57049,0.0034012,-0.023233,-0.057464,-1.3319,-0.088755,-3.6509,-0.084621
-0.56541,2.3889,0.0092466,0.19894,-2.8497,-0.22226,-0.56789,-0.10081
-0.34253,-0.25718,0.40053,0.046986,-0.8044,-0.043903,0.58842,-0.1121
-0.61483,-0.41181,-0.074041,0.20431,-0.12673,-0.015762,-1.9997,-0.089562
-0.56725,-0.077465,-0.53536,0.24672,-2.8322,-0.12892,-1.2574,-0.049064
-0.56499,0.69348,-0.51576,0.098889,1.2728,-0.030381,0.9933,-0.010877
-0.61531,-1.1356,-0.17772,0.099685,-1.891,0.039133,-2.1772,0.088275
-0.59775,0.98604,-1.0315,-0.0026377,-0.91544,-0.069631,-1.4594,0.16582
-0.5402,-0.5577,-0.01043,-0.17006,1.6701,-0.0087994,1.9702,0.12748
4.561,1.2326,0.31225,0.71531,-1.1852,0.0098627,-1.2298,-0.018714
4.5159,1.3038,0.50901,0.04723,-0.67022,-0.030048,-1.8302,-0.0055961
4.4701,1.7065,0.22858,-0.073135,0.9996,-0.0040184,1.9123,-0.086447
4.4382,0.18199,1.2527,0.59842,-1.5014,-0.01539,-0.69414,-0.11407
-0.66797,-0.9717,-0.44532,-0.0078146,-0.52507,-0.079385,-3.1712,-0.12057
-0.67337,0.91186,0.39501,0.013175,-0.93119,-0.012977,1.3026,-0.058482
-0.70199,-0.91614,0.44031,0.5447,-2.1169,-0.031267,-0.4577,0.07596
-0.63254,-4.7038,-0.087486,-0.76211,-0.99746,-0.03178,-3.3482,0.070654
-0.63087,0.27271,-0.10157,-0.2108,-1.3133,-0.072981,0.83473,0.051062
-0.47309,-0.24695,-0.35424,0.21092,-2.3856,-0.020928,0.16722,0.17665
-0.54993,-4.7457,-1.0142,-0.88161,1.5594,0.003227,-2.7141,0.17446
-0.57785,1.899,0.2007,-0.0072108,-2.4336,-0.043101,0.3744,0.10748
-0.62406,1.7402,1.0217,0.081232,-1.688,-0.013343,1.2975,-0.0039898
-0.74561,-2.542,0.83062,0.23537,0.62222,0.006147,-2.2354,-0.10538
-0.65327,1.9082,-0.27809,0.10722,-5.0223,-0.028533,-1.2745,-0.1239
-0.60064,0.23593,-0.038002,0.045605,2.3481,0.094683,0.9375,-0.14182
-0.59958,-0.57687,-0.85673,0.036709,0.55412,0.075302,-1.6862,-0.05123
-0.60423,1.9584,-0.64288,0.32226,-1.5981,0.028255,-1.4144,-0.022852
-0.37892,-0.6999,-0.55024,-0.68905,2.592,0.097737,0.71633,-0.027865
-0.53926,0.25925,-0.39015,0.10854,-2.3951,0.03851,-1.6922,0.18003
-0.59384,-3.6217,0.37849,-0.70002,-0.35497,0.04471,-1.7756,0.20451
-0.58211,1.0461,-0.19315,-0.14796,1.7357,-0.0016888,2.0155,0.046925
-0.79344,0.99502,1.5732,0.17826,-0.85481,0.041379,-0.44184,0.062404
-0.67306,-0.12359,-0.040257,-0.34176,1.0537,0.026131,-1.2677,-0.01959
-0.57194,1.776,0.64068,0.04098,1.8972,0.070989,2.0815,-0.085643
-0.56541,1.1564,0.66479,0.15628,0.8857,0.0013403,1.1266,-0.066465
-0.49477,-0.89699,0.11684,-0.32298,1.0691,-0.023572,-2.7115,-0.10037
-0.56034,1.3351,-0.19745,-0.26661,2.0912,0.10652,2.5969,-0.078488
-0.55809,-0.042022,-0.33766,0.10773,1.621,0.050453,1.1837,-0.028449
-0.55331,-3.1477,-0.71099,0.19622,2.8231,0.26934,-2.2016,0.067466
-0.8043,1.6933,-0.64941,0.316,0.034962,0.016312,1.5277,0.12799
-0.65406,0.73322,0.27913,0.43335,3.9214,0.40307,2.0965,0.057974
4.5415,-1.5865,0.57315,-0.068318,1.7114,0.069892,-0.90319,0.052279
4.5056,1.4447,-0.64559,-0.12892,1.3792,0.024347,0.2896,0.11295
4.4564,1.0812,-0.42887,0.085041,3.6074,0.29601,2.389,-0.017619
-0.51728,0.43278,0.4829,0.2338,0.94736,0.061549,-0.67054,-0.089148
-0.68103,1.844,1.5106,0.008005,0.54108,-0.00045023,0.48766,-0.12003
-0.64496,0.22409,0.56736,-0.1297,3.5929,0.30527,2.3204,-0.10163
-0.82251,1.0607,0.3578,0.3775,-1.0776,-0.028905,-0.13482,-0.074205
-0.8237,0.46419,-0.28772,0.061694,0.41363,0.00091028,-1.4766,-0.073012
-0.59978,-0.67221,-0.40974,-0.21472,3.3749,0.26046,2.0948,0.1169
-0.61958,0.024658,0.22716,0.44248,-1.1728,0.026747,0.15411,0.20371
-0.62407,0.185,-0.23708,0.80475,1.551,0.039261,-2.4557,0.083554
-0.39892,1.0172,-0.29566,-0.24136,2.8984,0.21216,2.9645,0.15408
-0.63207,2.7005,1.263,0.27626,-2.3373,0.024328,0.32459,0.08056
-0.61356,-2.6901,0.58458,-0.47554,2.7083,0.1867,-3.2198,-0.0067643
-0.61292,1.2809,0.5778,-0.17794,-1.7326,0.0037853,1.927,-0.068388
-0.7858,1.4304,1.2836,0.69872,-1.5424,-0.016597,0.79995,-0.137
-0.6066,-3.6093,0.97489,-0.045112,2.1949,0.11012,-3.0037,-0.12585
-0.59143,2.4186,1.0427,-0.13204,-0.23452,-0.074502,0.95952,-0.088783
-0.58648,-1.6791,0.2391,0.10225,1.3985,-0.018605,1.3452,0.010929
-0.35454,-1.8181,0.27757,-0.28106,1.2553,0.030707,-2.0992,0.14153
-0.51305,0.79288,0.6091,0.24735,0.44946,-0.077409,-0.011565,0.19341
-0.59814,-1.3235,-0.6782,-0.27581,1.6035,0.063462,2.4511,0.14377
-0.58678,-0.15566,1.1782,-0.027745,0.92126,0.022422,-1.6935,0.13379
-0.72045,1.5807,0.18758,-0.16042,0.40313,-0.032249,-0.082296,0.06328
-0.61515,1.111,-0.10238,-0.3419,2.2936,0.12311,3.0829,-0.015185
-0.5558,1.9419,0.25466,0.2704,0.30048,-0.022026,-0.74571,-0.049064
-0.55372,-0.12079,-0.001732,-0.13977,0.77155,-0.03395,-1.2606,-0.10645
-0.52725,-0.41623,-0.24334,-0.44979,1.8542,0.060561,2.5691,-0.09129
-0.31913,1.2814,0.10825,0.5401,0.86932,0.044915,0.12956,-0.062693
-0.5503,-4.8977,0.40785,-0.98197,0.15484,-0.00017427,-2.2617,0.060676
-0.55453,-0.54906,-0.014272,-0.39784,1.9611,0.12533,2.9823,-0.021099
4.5453,0.52826,1.0013,0.64175,1.129,0.041886,1.0426,0.033466
4.5317,-0.74532,0.59844,-0.68425,0.76044,-0.10792,-2.4023,0.27117
4.491,1.6084,0.24096,0.033864,-0.66321,0.0020013,2.3907,0.12459
-0.63785,0.68969,1.1118,0.54344,1.1495,0.028486,1.2037,0.047874
-0.6417,-1.5706,0.98884,-0.28196,0.52711,-0.013863,-1.1607,-0.036262
-0.48562,2.0672,-0.81147,-0.38066,-0.30067,-0.11425,1.3829,-0.1056
-0.57715,0.20896,0.015176,0.36386,-0.27406,-0.018702,1.16,-0.10837
-0.62807,-2.2839,-0.38125,-0.1233,1.2704,0.037683,-2.3784,-0.099005
-0.62747,0.20073,0.43162,0.094663,-0.31253,-0.026884,0.38235,-0.025383
-0.82371,-0.30749,-0.21677,0.28562,-0.22357,-0.059639,1.698,0.079952
-0.72868,-5.8482,1.4794,-0.29904,1.0741,-0.0026001,-1.6298,0.23046
-0.59792,-0.55104,-1.1806,0.19214,-3.4108,-0.07042,-1.2929,0.2188
-0.60108,-0.75123,-0.75548,-0.070194,1.1203,-0.079777,1.6276,0.15683
-0.58596,1.3708,-0.22502,-0.24025,-0.80326,-0.043743,-1.6217,0.11361
-0.51497,3.2451,-0.12474,0.28007,0.4981,-0.017399,-0.88072,0.031276
-0.60653,0.87782,-0.42532,-0.6144,3.1952,0.21057,2.239,-0.060162
-0.58989,2.1346,1.405,0.38373,-1.9261,-0.05616,-1.0671,-0.12237
-0.65144,-1.2162,0.33029,-0.045395,-0.082536,0.0088102,-1.601,-0.10141
-0.63708,0.33422,0.089303,-0.21216,1.658,-0.022039,1.9323,-0.085011
-0.59605,-0.70394,0.74563,0.54811,-0.81659,-0.027538,-0.36131,-0.041251
-0.56838,-4.6494,-0.44058,-0.76358,1.2149,0.045082,-2.3427,0.11371
-0.56148,1.3013,0.17475,-0.13336,0.68974,-0.063778,1.4376,0.059264
-0.36932,-1.3893,-0.8854,0.060352,0.92112,0.0097408,0.34716,0.15851
-0.51027,-0.98069,-0.62084,-0.35516,0.2667,-0.0037617,-3.1545,0.14226
-0.5617,1.0239,-0.003974,-0.28422,1.2689,-0.005796,1.3776,0.039113
-0.55118,1.5469,-0.096332,0.16578,0.93801,0.034333,1.642,-0.028644
-0.70295,0.19147,0.42641,0.31439,1.4437,0.037002,-1.7828,-0.054832
-0.55499,4.0336,-0.33214,0.21442,-0.86952,-0.10435,0.42777,-0.067658
-0.53633,0.13619,-0.2099,0.34216,3.0422,0.32218,2.1816,-0.10565
-0.53859,-0.30078,0.43564,0.23207,0.98674,0.066664,-0.77825,-0.042371
-0.40372,1.1855,-1.1938,0.38623,1.3157,0.023179,-0.67418,-0.02088
4.5556,-0.96676,-1.3145,0.0935,2.6811,0.20169,2.4915,-0.029326
4.5393,-3.5053,-0.59757,0.17025,-0.0071112,0.033524,-0.93951,0.21009
4.5042,-1.0791,-1.9714,-0.44625,2.0596,0.13014,1.4842,0.098059
-0.88785,1.5816,-0.27556,0.26539,1.3787,0.0018986,1.5125,0.13909
-0.73159,0.81289,-0.16467,0.33679,-0.4037,0.026593,-0.52295,0.086133
-0.62098,0.35362,-0.14474,-0.12607,0.77991,-0.064933,-1.8519,0.0111
-0.62262,1.8761,0.0095421,-0.41633,1.6752,0.020753,2.1221,-0.067779
-0.20356,2.2254,1.4291,0.49259,-1.9711,-0.016494,0.86204,-0.069605
-0.46492,-3.5361,-0.73315,-0.82019,1.6145,0.064039,-2.6988,-0.11366
-0.66459,-1.0023,-0.37593,-0.59739,0.45006,-0.039148,1.7099,-0.024385
-0.60987,-0.77536,-0.087917,0.090244,-2.3081,0.023359,0.62694,0.083651
-0.80133,-8.4041,-1.4943,-1.0709,2.149,0.1488,-2.9078,0.20617
-0.7053,-0.88555,-1.0215,-0.73698,-3.3876,-0.056578,1.0349,0.29193
-0.63157,-1.0069,-0.83029,-0.11419,-2.8296,-0.078256,1.0654,0.25735
-0.58554,-2.8456,-0.77779,-0.19616,3.3027,0.33127,-1.8581,0.10709
-0.57705,3.4977,0.11615,-0.092218,-3.5924,-0.083127,-0.017204,-0.010439
-0.44919,0.40304,0.162,-0.37044,1.6317,0.011435,2.2298,0.0045041
-0.62751,1.7042,0.86738,0.19805,1.4071,0.092944,-0.65712,-0.044707
-0.57614,3.0676,-0.25024,0.39339,-0.29246,-0.021333,-1.1038,-0.12215
-0.57992,-0.70679,-0.56693,-0.78299,2.3035,0.145,2.5235,-0.084694
-0.71049,0.91349,-0.37528,0.39053,-1.1946,-0.011552,-1.0095,-0.05269
-0.57841,-3.1574,-1.5786,-0.6734,-1.3292,-0.026762,-1.8102,-0.0049633
-0.54971,-1.1815,-0.14983,-0.19274,1.3388,0.012725,2.6706,0.089614
-0.55195,-1.0355,0.19046,0.27017,0.64608,-0.027962,0.20168,0.048093
-0.17089,-0.9544,-0.68979,-0.24407,-0.30013,-0.049672,-1.4782,0.075327
-0.48616,0.3097,-0.33036,-0.18481,1.5269,0.0011349,2.6165,0.043007
-0.55611,1.5127,0.077682,0.19812,0.58124,0.016344,0.48811,0.089711
-0.55067,-2.0823,0.1892,-0.11019,1.3821,0.062383,-1.4268,-0.0082976
-0.66144,4.1386,-0.26098,-0.045491,0.22325,-0.024477,2.3054,-0.042517
-0.62054,0.99747,0.9731,0.46656,0.84737,0.02787,1.0182,-0.12719
-0.52052,-2.3712,0.082616,0.0089299,-0.19168,-0.024291,-2.9348,-0.10699
4.5362,1.8653,-0.35991,0.12107,-0.52196,-0.051437,1.9465,-0.078561
4.5195,-1.0843,-0.26208,0.059921,1.8924,0.081662,0.69105,0.032176
4.5015,-3.2207,0.077123,-0.15249,-0.70082,-0.036709,-1.5187,0.049042
4.4815,-0.25115,-0.42505,-0.3573,-1.9359,-0.10113,-1.1576,0.11293
-0.65305,-0.65038,0.088654,0.29359,2.1137,0.10252,2.5493,0.15805
-0.70928,1.2303,0.37537,0.21458,-1.5666,-0.052599,-1.2304,0.030643
-0.77485,2.8534,0.74929,0.45576,-2.2808,-0.080425,-1.3293,0.069194
-0.68349,2.1321,0.31078,-0.023801,2.7514,0.18364,2.3659,-0.01117
-0.61993,2.4048,0.89541,0.31997,-2.8613,-0.065106,-0.71978,-0.075105
-0.60598,2.4715,-0.25506,0.50676,-0.021061,-0.059639,-1.8251,-0.11249
-0.41638,0.56442,0.52855,-0.14038,2.0461,-0.0009187,1.8045,-0.10796
-0.57901,0.85662,0.79898,0.31802,-4.4862,0.00033271,-0.63644,0.011538
-0.60896,-2.011,0.59427,0.27045,1.4239,-0.030452,-3.4209,0.10078
-0.6079,-1.8079,-0.36089,-0.46505,-1.2148,-0.083063,2.0968,0.17757
-0.72566,0.63624,0.90458,0.43265,-4.2116,-0.041971,-0.12572,0.10996
-0.64896,-5.2167,-0.60739,-0.83286,1.9008,0.10312,-3.053,0.1139
-0.57746,2.4819,0.12469,-0.50311,-1.3107,-0.13228,1.1124,0.15216
-0.58234,0.93469,0.7268,0.37325,-2.4291,-0.068367,0.24313,-0.0097092
-0.4012,-0.068397,-0.18699,-0.4573,0.98695,-0.017193,-3.1457,0.0051856
-0.50213,4.4092,0.81637,0.30666,-0.17461,-0.04176,0.53623,-0.10166
-0.5732,-0.1595,0.1536,-0.083862,1.7954,0.0508,1.8126,-0.13135
-0.56873,0.67851,0.54911,0.34148,-0.026751,-0.031113,-1.9308,-0.12821
-0.73209,-0.58794,-0.41798,-0.0043591,-0.65853,-0.11748,0.21671,-0.063764
-0.70953,-0.95107,-0.36556,-0.30406,-0.18493,-0.059703,1.6915,-0.012484
-0.57784,-1.8657,0.07305,0.22105,0.89683,0.043208,-1.5798,0.07635
-0.5522,-0.35454,0.19993,0.093744,-2.9542,-0.074425,-1.1846,0.0059887
-0.54632,-1.086,1.3888,0.062028,1.1005,-0.028283,1.6322,0.093824
-0.39453,1.375,-0.24268,0.22221,-1.5521,0.0011156,-0.68011,0.03001
-0.51812,-1.2923,0.97117,-0.42801,-2.4675,-0.019504,-0.97034,0.053934
-0.54233,-0.13121,0.17538,-0.68832,1.3772,-0.0052377,2.5919,-0.014236
-0.53638,1.7594,1.0085,0.36008,-0.84573,0.02194,-0.38804,-0.056973
4.514,0.26985,1.9596,-0.3605,-1.6334,-0.08321,-2.0268,-0.073718
4.4845,0.91861,0.59608,-0.074651,-1.0283,-0.11133,2.5707,-0.11918
4.464,-0.98169,1.445,0.74154,-0.18618,-0.04586,0.28714,-0.052228
4.4447,-1.5406,-0.48714,-0.27553,-1.0591,-0.01222,-1.9852,-0.023557
-0.45511,0.017883,-0.12841,-0.0020276,-1.8844,-0.10291,1.5783,0.08808
-0.61744,-1.0589,-0.80887,0.49706,-1.9851,-0.092779,0.6557,0.12683
-0.65561,-3.1041,-0.69765,-0.28821,0.00495,-0.027256,-2.4952,0.12984
-0.64807,1.2837,-0.61885,-0.091678,-2.8741,-0.085931,0.59318,0.037531
-0.89777,1.1709,0.20731,-0.043295,-2.1164,-0.065678,1.4321,0.080463
-0.66981,-4.165,0.90936,-0.085512,0.21805,-0.013054,-1.6565,-0.025066
-0.6264,1.7103,-0.75503,-0.048401,-3.5989,-0.12199,-0.78296,-0.11714
-0.61831,-0.32377,-0.039126,-0.1749,-0.047431,-0.13589,1.5943,-0.1698
-0.35761,0.5455,0.91893,-0.23313,-1.3069,0.022146,-1.6737,-0.12395
-0.51946,1.7954,0.43469,0.61894,-4.4902,-0.098567,-1.625,-0.024239
-0.67638,-1.9199,-0.6674,-0.51085,3.07,0.18026,2.0969,0.0098828
-0.61414,-0.80923,0.40061,0.41874,-3.0177,-0.024221,-1.1695,0.06788
-0.75347,-0.58659,-0.8554,0.44386,-0.74864,-0.0089149,-1.7444,0.12919
-0.70774,-0.72094,-1.23,-0.61715,1.6911,-0.015275,1.5197,0.055151
-0.60739,1.4118,0.44507,0.35132,-3.4434,-0.013959,-0.77017,0.089662
-0.58733,-3.5335,-0.15339,-0.84788,1.2019,0.023923,-1.3096,0.061406
-0.59067,2.7437,0.66423,-0.2107,0.1369,-0.12311,1.7876,-0.043174
-0.38384,0.43745,1.2581,0.21289,-0.43006,0.0084829,0.61655,-0.079097
-0.60559,0.80121,0.069093,-0.28094,-0.37132,0.028396,-2.4331,-0.11259
-0.5789,0.42998,0.47566,-0.38698,1.7842,0.04847,2.1023,-0.10818
-0.5841,0.75422,-0.22245,0.26957,1.0513,0.019354,0.75304,-0.050792
-0.81197,-1.8048,0.26213,0.48953,-0.71242,-0.064478,-2.657,-0.05931
-0.63907,0.66667,-0.93284,-0.035452,0.99057,-0.025029,1.8315,0.09122
-0.55809,-0.39322,-0.49708,0.19253,1.3598,0.029603,1.4825,0.0051369
-0.55115,-0.45726,-0.58186,-0.16503,1.2157,0.05596,-1.8002,0.089273
-0.30416,2.6052,-0.75922,0.3189,-0.78062,-0.069804,-0.3321,0.16457
-0.45737,-0.44274,0.39879,-0.01689,1.7188,0.099785,1.8195,0.084357
4.5239,0.19889,0.91363,0.51972,0.44975,0.040455,-0.48764,-0.01095
4.4827,2.322,-0.0035565,0.33878,-0.1113,-0.044558,-0.036212,-0.076079
4.446,1.0382,-0.44914,0.27443,1.7663,0.012725,1.8923,-0.11775
4.4228,-0.20302,-0.48531,0.21676,-2.0822,-0.046637,-0.66049,-0.11132
-0.65336,-1.2416,0.32776,0.12423,-1.417,-0.015435,-1.8495,-0.030007
-0.64966,-0.93334,-0.37499,-0.37826,2.6765,0.13708,1.8357,0.036873
-0.67237,-0.48615,-0.046218,0.2353,-4.2285,0.015908,-0.66665,0.071847
-0.46558,-1.1966,-1.1678,-0.17345,0.41684,-0.045206,-1.7093,0.083651
-0.59109,-0.069122,-0.86122,-0.10969,1.2743,-0.099793,1.4588,0.14817
-0.6479,1.5521,-0.18829,0.45124,-4.028,-0.0038258,0.14007,0.18991
-0.67064,-1.9001,0.48445,-0.72275,1.5309,-0.016757,-3.0283,0.022392
-0.81244,1.6107,1.0864,-0.46749,-1.991,-0.054229,1.4808,-0.081774
-0.63408,2.8536,1.3289,0.57273,-4.0663,-0.052182,0.15436,-0.15379
-0.61636,-4.7956,0.16752,-0.34198,1.6157,0.063243,-3.2951,-0.14702
-0.61795,2.8291,0.38569,-0.29552,-4.7776,-0.093812,0.28365,-0.058628
-0.47837,-0.59391,0.29636,0.17556,-3.0845,-0.10384,0.61414,-0.027452
-0.55779,-2.5445,-0.68258,-0.44248,1.4928,0.040641,-2.5933,0.031349
-0.61016,2.7979,-0.63602,-0.018811,-3.978,-0.12803,-0.90395,0.026554
-0.60021,-0.47428,-0.70795,-0.24836,1.3551,-0.039013,1.6754,0.057074
-0.78236,1.0668,-0.3969,0.26549,-0.76226,0.0175,-1.4346,0.18431
-0.63718,0.3852,-0.60774,-0.12438,-2.9888,-0.097695,-1.7603,0.11354
-0.58435,-0.0088584,0.068348,-0.53777,-1.446,-0.12644,1.2887,0.046584
-0.58058,1.748,0.39703,0.67241,-1.1176,0.016242,-1.6996,-0.056852
-0.30623,0.80788,0.31141,-0.20365,-3.4001,-0.03565,-1.4694,-0.10034
-0.55581,1.0197,0.71228,0.039869,0.62699,-0.088222,1.1762,-0.12889
-0.57149,0.78353,0.45762,0.082838,-1.5927,0.03808,-0.37897,-0.092896
-0.56764,-2.6124,-0.59258,-0.21834,-0.77567,-0.044654,-2.2888,-0.037746
-0.88795,0.85848,-0.99576,-0.2317,0.34819,-0.10624,1.4643,-0.036554
-0.63575,-1.0462,-0.42861,0.23184,-1.2359,-0.016199,-0.065567,0.14143
-0.46923,-3.5159,-0.88529,0.24658,0.10499,0.022582,-2.0056,0.22924
-0.54594,2.0424,-1.7745,-0.0022138,-0.59789,-0.045302,1.073,0.15968
4.5486,1.0047,-0.27127,0.63311,0.39706,-0.049493,0.51195,0.032347
4.5115,-0.74537,0.53444,-0.19947,-0.29536,-0.049769,-2.2828,0.046268
4.4674,2.2438,-0.19104,0.16355,-2.3225,-0.0050772,0.49989,-0.045583
4.4291,0.88289,0.80872,0.22254,1.8185,0.050652,1.1312,-0.11132
-0.63968,0.10691,0.65492,0.12959,-1.0304,0.020137,-2.3604,-0.069726
-0.72016,1.7705,0.37324,0.22132,-3.4912,-0.086804,-0.88918,-0.083867
-0.64135,-1.6178,-0.11562,0.22238,1.8949,-0.0022728,1.5894,-0.019177
-0.63202,-0.84798,0.60426,-0.1409,-2.578,-0.017033,-1.6313,0.02945
-0.63478,1.9061,0.68743,0.44723,-1.9617,-0.05627,-1.1146,0.014483
-0.405,-1.2213,-0.40332,-0.1518,2.0798,-0.024837,1.3007,0.2132
-0.59959,1.4302,-0.6171,0.47169,-4.2679,0.028262,-1.2947,0.1802
-0.62805,1.1176,-0.11531,0.43115,0.28657,0.0085984,-2.3153,0.12753
-0.61994,1.0375,-0.23347,-0.40038,1.5315,-0.10223,1.1952,0.01806
-0.82986,2.9332,1.5198,0.30217,-4.6483,0.025586,-0.77367,-0.1074
-0.68326,-1.5151,-0.48048,-0.26919,1.2033,0.0011413,-3.2012,-0.099419
-0.60519,1.4179,0.099935,-0.64204,0.57287,-0.030985,1.5729,-0.10214
-0.59968,-0.70283,1.7618,0.37096,-3.3426,0.018719,-0.58363,-0.082406
-0.49878,-4.2419,-0.4166,-0.85754,1.3461,0.022204,-2.9775,-0.025505
-0.50336,1.7247,-0.36384,0.13034,-1.5513,-0.072615,0.64526,-0.02015
-0.6805,-1.2676,-0.70715,0.30817,-0.693,0.019707,0.86907,0.12454
-0.59588,-0.47771,-0.42965,0.066094,1.2996,0.033441,-1.8272,0.15959
-0.71252,1.7807,0.24804,0.1747,-0.053751,-0.05385,0.044889,0.12018
-0.60599,0.38164,-0.40592,0.0011389,1.2592,-0.051777,0.87596,0.078613
-0.56283,1.0012,0.29277,0.080128,1.132,0.017654,-1.4812,0.045173
-0.56306,1.7744,-0.80828,-0.28788,-0.32311,-0.017688,-1.0391,-0.056414
-0.55493,1.9783,-0.30737,-0.24235,1.8654,0.020914,1.799,-0.060624
-0.31081,0.79849,0.58349,0.31666,-0.66843,0.03303,-1.4527,-0.098616
-0.5573,-0.67532,0.53498,-0.069031,-0.89179,0.040455,-0.78641,-0.099029
-0.56043,-2.1002,-0.33966,-0.31977,3.1786,0.26527,2.535,-0.038185
-0.56033,0.63073,0.28939,0.24305,1.0483,0.040647,0.0058124,-0.0016047
-0.82588,-3.4656,-0.27177,-0.64482,1.454,0.037355,-1.7356,0.11816
-0.54454,1.1649,0.14317,-0.5525,1.5151,0.0058132,3.7295,0.011878
4.5532,-0.10808,0.21402,0.58378,1.6528,0.057474,0.20273,0.13087
4.5094,-0.73293,0.34713,-0.20909,1.6878,0.082682,-1.3104,0.11668
4.4673,2.9214,0.45285,-0.15521,0.31711,-0.020595,2.0337,0.03001
-0.55368,1.6695,1.0456,0.52353,0.85818,-0.048947,1.1018,-0.034704
-0.63924,-1.3595,0.29092,-0.3367,1.3606,0.015472,-1.5097,-0.11091
-0.639,2.6071,0.17298,0.22935,-1.2212,-0.025549,0.29833,-0.10273
-0.73607,-0.33725,0.57188,0.065805,0.42122,-0.020973,1.3302,-0.088029
-0.71224,-3.6933,0.36008,-0.039229,0.74594,-0.01693,-1.8516,-0.067268
-0.60643,0.10393,-1.218,-0.014257,-2.6093,-0.048164,-0.69846,0.13388
-0.61131,-2.4192,-0.20654,0.068008,1.7304,0.051005,1.8608,0.091488
-0.23985,-0.23778,0.13253,-0.16789,0.34771,0.015388,-0.68036,0.24774
-0.4457,3.0384,-0.47915,0.13346,-0.82094,-0.035323,-1.0443,0.17005
-0.55277,0.21011,-0.41844,-0.40423,3.1936,0.15431,2.3095,0.14902
-0.60185,2.7146,1.8884,0.41766,-3.4858,-0.048992,-1.5511,0.018231
-0.73667,2.0274,1.3678,0.80819,-0.062877,0.01139,-1.3114,-0.057022
-0.69795,1.0303,0.098457,-0.40275,3.1331,0.075462,2.0912,-0.11305
-0.6203,1.1888,1.1166,0.47092,-3.2993,0.026439,-0.62668,-0.1296
-0.57731,-4.0012,-0.97844,-0.73816,0.72338,-0.039289,-3.0213,-0.088637
-0.57119,0.86146,-0.073129,-0.50973,0.30569,-0.03875,1.988,0.0044067
-0.38404,-1.2218,0.35782,0.36916,-0.66478,-0.01951,-0.093052,0.084746
-0.4993,-1.2616,-1.7367,-0.33545,0.64728,-0.0057639,-2.5825,0.13213
-0.57063,-0.088466,-0.71014,-0.56194,0.5704,-0.10139,0.84079,0.1194
-0.55934,0.62639,-0.35861,0.013965,0.27497,-0.041702,0.64948,0.070606
-0.66999,-0.5652,-0.38979,-0.10675,0.39878,0.028679,-3.2793,0.075717
-0.58082,2.3572,-0.13558,-0.27379,0.16086,-0.085707,1.1746,0.00036665
-0.54304,0.89728,0.76342,-0.072159,0.010538,-0.016885,1.2138,-0.053396
-0.54621,0.15718,0.2993,0.23534,1.4326,0.063763,-1.5914,-0.074545
-0.15103,2.3504,0.51745,-0.12174,-0.39459,-0.035438,0.22003,-0.10881
-0.47517,-1.156,0.0047691,0.11111,2.4734,0.17095,1.9764,-0.090438
-0.55367,-1.3867,-0.16156,0.29939,1.3809,0.0054154,-1.1739,-0.017059
-0.52267,1.1903,-0.47182,0.20801,0.26008,0.0084123,-0.13456,-0.063155
4.5572,-0.39996,-0.56593,-0.34699,3.0143,0.21541,2.1238,0.090392
4.5364,-1.8051,-0.23269,0.548,-0.33075,0.04179,-0.25065,0.3025
4.4977,-1.0658,-0.5928,-0.15185,0.60074,-0.03771,-0.64718,0.18816
-0.63508,0.78166,-0.30561,-0.15177,2.6861,0.13963,2.272,0.093337
-0.56302,0.31127,0.62698,0.2916,-2.0371,0.036559,-0.50166,0.00053702
-0.53989,0.023136,-0.96192,-0.23994,1.3237,0.03534,-1.1536,-0.036676
-0.64065,1.0741,0.044727,-0.1002,0.82779,-0.027372,1.6116,-0.10592
-0.61722,1.3985,0.66053,0.22737,-1.5092,0.013585,0.11848,-0.10986
-0.79461,-3.4256,-0.15018,-0.89381,1.8947,0.053746,-2.1054,-0.04259
-0.76813,0.044207,-0.5424,-0.42661,-0.20734,-0.010545,2.0943,-0.033074
-0.63856,-0.12532,0.3551,0.59332,-1.7488,-0.048222,0.43171,0.17044
-0.59723,-7.0228,-1.3942,-0.68842,2.3287,0.17405,-2.9006,0.15715
-0.5862,1.5811,-0.14448,-0.23044,-2.6638,-0.068001,0.87256,0.11617
-0.29658,0.3318,0.035881,-0.056988,-1.3402,-0.082601,1.1575,0.15258
-0.59006,-2.2592,-0.33547,-0.21787,3.4478,0.35968,-0.32149,0.083018
-0.59146,4.4168,-0.47725,0.24164,-1.6688,-0.015756,-0.025013,0.0090066
-0.59229,0.40103,-0.13323,-0.20923,3.1464,0.23863,2.3631,-0.065613
-0.74993,1.8211,0.47459,0.38247,1.0736,0.011108,-1.0223,-0.076517
-0.58698,1.5874,1.1872,0.29375,0.055565,0.0038752,-0.8706,-0.12444
-0.56189,-1.7233,1.0488,-0.70402,2.713,0.21786,2.9571,-0.059139
-0.56102,-0.31933,0.49991,0.4459,0.44948,0.045377,-1.6112,-0.011997
-0.47783,-0.91282,-1.8354,-0.25308,-0.58917,-0.0040569,-1.1425,0.041108
-0.44319,-1.4433,-0.55875,-0.31967,2.815,0.21828,2.6684,0.16555
-0.57358,-0.92912,0.25186,0.20363,0.82321,0.022749,-0.061604,0.14878
-0.5633,-0.41361,-0.9704,-0.16509,1.2584,0.029898,-1.232,0.023828
-0.70735,1.8748,-0.34316,-0.047874,2.5739,0.1199,2.5389,0.021346
-0.67923,1.0145,0.48644,0.24488,1.3212,0.059714,0.70609,-0.0047443
-0.59474,0.36189,0.48009,0.1767,2.1918,0.18405,-0.97693,-0.061792
-0.53449,2.9734,-0.3809,0.060833,3.1206,0.26926,3.3507,-0.099686
-0.53306,1.2551,0.19709,0.4337,2.3236,0.22523,1.5624,-0.086812
4.5413,-2.9788,0.016313,-0.23302,3.3535,0.28931,-1.1196,-0.088467
4.5222,1.1741,-0.27556,-0.4349,0.33419,-0.051886,2.6062,0.0048448
4.5063,-2.0796,0.42712,0.35568,2.9895,0.29235,2.1149,0.16124
4.4739,-1.7705,-0.27714,0.1624,2.8374,0.23699,-1.0044,0.056441
-0.74752,1.8891,-0.15144,0.21227,-1.6843,-0.076478,0.8489,0.22766
-0.65581,0.8718,0.31736,0.51658,3.9299,0.39767,2.6303,0.14837
-0.64288,-1.8212,0.75189,0.20853,1.2708,0.022723,-0.68932,0.10921
-0.63195,2.2487,-1.4071,0.15874,-0.45861,-0.072179,-0.26265,-0.033414
-0.36889,0.44059,0.28566,0.018828,3.412,0.29345,2.3583,-0.049599
-0.53241,1.958,0.95878,0.24133,-0.63757,-0.014107,0.052814,-0.12977
-0.6297,1.0996,0.15798,0.48769,1.5935,0.054163,-0.32094,-0.11801
-0.6322,-0.80738,-0.46196,-0.48817,3.6612,0.25371,2.8759,-0.038817
-0.67568,0.73641,0.35171,0.48978,-2.7841,-0.0076442,-0.71827,0.020567
-0.65795,-0.80625,-1.3481,0.50238,2.1157,0.10796,-1.0763,0.25832
-0.59748,-1.4276,-0.57969,-0.47788,2.3185,0.083574,2.3906,0.15671
-0.59947,1.0363,0.13074,0.29036,-2.1408,-0.026672,0.055518,0.12768
-0.43929,-3.5725,-0.63698,-1.0642,2.7579,0.22424,-1.9008,0.092802
-0.55183,1.586,-0.96266,-0.62141,0.37246,-0.051129,2.1857,0.056222
-0.58967,1.7649,0.12559,0.31343,-1.4714,-0.040104,-0.0024205,-0.013019
-0.59239,-0.50748,-1.1197,-0.4993,2.5877,0.21022,-2.5608,-0.088345
-0.69068,2.7529,0.64887,0.34892,0.53243,-0.062456,2.5314,-0.12811
-0.70332,-0.36753,0.65474,0.0031172,1.2104,-0.037729,1.0891,-0.096668
-0.61397,-1.917,0.15184,0.15343,0.93265,-0.019651,-2.4697,-0.056925
-0.573,0.028396,-0.23077,0.23427,0.1545,-0.098657,1.114,0.052133
-0.57212,-0.56376,0.58778,0.092023,1.3182,0.012622,1.9213,0.011027
-0.34155,-0.66448,-0.10518,-0.083065,1.3616,0.064219,-0.99968,-0.014698
-0.5223,0.7168,-0.99834,-0.0038902,-0.35717,-0.095609,0.19061,0.021565
-0.5637,-0.10191,-0.46562,-0.37046,2.743,0.26768,3.1471,0.076398
-0.55447,1.4816,0.3551,0.75017,0.72216,0.026677,-1.1699,-0.010853
-0.75992,-0.46439,0.26291,-0.41932,-0.18001,-0.037993,-0.14779,-0.033147
-0.6043,1.0495,0.90551,-0.59612,1.8096,0.085069,2.9015,-0.1021
4.5882,0.84046,0.93529,0.6457,0.13552,-0.049775,0.0057417,-0.083015
4.5029,-0.072507,0.00071552,-0.3183,1.4718,0.088734,-0.66417,-0.074278
4.4846,-0.99596,-0.53552,-0.092963,0.84554,-0.087138,2.8332,0.052231
4.4662,-1.4479,0.31256,0.5682,-1.0049,-0.067616,0.46536,0.051963
-0.66533,-3.6348,-0.28831,-0.53562,1.2146,0.022248,-1.4699,0.13712
-0.6605,0.024786,-0.27577,-0.070367,-0.92916,-0.031318,2.401,0.094968
-0.92102,-0.63701,-0.14478,0.35667,-0.91764,-0.077345,0.46592,0.22162
-0.72525,-1.5097,0.17988,-0.33065,0.11286,-0.068841,-4.2919,0.089322
-0.59675,2.6537,0.049108,-0.064927,-0.55884,-0.099164,1.5675,0.025094
-0.63265,1.6244,0.66415,0.49018,-0.43683,-0.041849,1.3751,-0.052763
-0.52166,-2.7573,0.31039,-0.2159,0.92333,-0.0085812,-2.3023,-0.11473
-0.56851,2.8328,0.22019,0.45141,-2.5234,-0.035483,0.64038,-0.13364
-0.66402,-0.23338,0.15056,0.10319,0.46261,-0.13071,1.9517,-0.13422
-0.62723,-3.0619,1.4106,-0.38473,0.39234,-0.049159,-1.4489,0.064375
-1.2227,2.1882,-0.083279,0.41764,-3.2325,-0.16834,-1.3543,-0.011729
-0.8038,-1.5015,-1.4359,-0.58042,3.2836,0.20532,2.2256,0.085525
-0.62008,0.2837,0.0018911,0.35037,-1.7254,-0.0075416,-0.94934,0.16107
-0.60132,1.1605,-0.25973,0.1486,-0.19716,-0.043544,-1.5956,0.16365
-0.60321,-0.25591,0.36351,-0.51747,1.9535,0.026824,2.8189,-0.033049
-0.49129,2.1076,2.0022,0.72726,-2.6906,-0.087934,-0.87558,0.033807
-0.58515,-0.54068,0.1977,0.081284,2.0319,0.18196,-0.23374,-0.035045
-0.59288,2.7418,0.13703,-0.22579,2.0479,0.048387,1.3857,-0.13447
-0.5969,0.50301,0.0068569,0.35396,-0.9133,-0.023964,0.057297,-0.11108
-0.79367,-1.1774,0.51334,-0.21314,0.72815,-0.015551,-2.2302,-0.095281
-0.64044,-0.17019,-0.47132,-0.18594,1.3469,0.014098,1.7289,-0.041202
-0.56986,-0.36839,0.013319,0.32664,0.38793,-0.016109,1.1222,-0.022925
-0.56411,-1.4129,-0.61331,0.10331,1.0494,0.039781,-2.6879,-0.021537
-0.46124,0.71238,-1.2149,-0.1636,-0.056403,-0.042068,2.3617,0.158
-0.41513,0.2175,-0.1919,0.24953,1.0102,0.024174,1.285,0.065738
-0.57111,0.083811,0.42929,-0.011681,2.0826,0.19446,-1.189,0.055711
-0.56654,2.757,0.065425,0.16418,-0.67428,-0.026473,1.3645,0.01514
-0.7643,0.93015,0.10752,-0.0486,2.7449,0.20236,2.412,-0.055708
4.5045,0.1895,0.52972,0.35238,0.22749,0.026734,-0.83809,-0.068047
4.4725,0.92546,-0.63472,-8.1422e-05,-0.16572,-0.089429,-0.84057,-0.11475
4.4494,-1.0908,-0.051371,-0.013191,3.1192,0.29217,2.8659,-0.078415
-0.81441,-0.4287,0.80364,0.49704,-1.3238,-0.050192,-0.59179,-0.023484
-0.4028,-0.9339,-1.0146,-0.025503,1.1318,0.056787,0.19475,0.026408
-0.60713,-0.35629,-1.2307,-0.15602,1.2733,-0.019947,1.5718,0.11573
-0.65968,-0.2978,-0.67708,0.496,-1.9792,-0.045386,0.042732,0.12605
-0.65847,-0.81558,0.4954,-0.13109,0.73703,-0.057226,-1.3797,-0.020515
-0.79897,1.1146,0.36402,-0.095545,0.95839,-0.075952,1.6064,0.084989
-0.63367,2.986,0.48087,0.28838,-2.17,-0.05532,0.82548,0.051233
-0.62771,-3.5877,0.25815,-0.41329,1.4994,0.10067,-1.6116,-0.093918
-0.63007,1.8975,0.41856,-0.42202,0.20324,-0.10558,1.8799,-0.11103
-0.45063,1.3782,0.93167,0.48113,-2.941,-0.10191,0.57602,-0.1398
-0.55706,-7.5877,-1.2872,-0.72273,1.3139,0.034949,-3.3778,-0.13213
-0.61542,-0.27682,-1.5631,-0.47881,-3.1313,-0.028039,0.72485,-0.061476
-0.61434,-0.87968,-0.11202,-0.35224,1.0237,-0.018092,1.118,0.010832
-0.72217,-1.8129,-0.70956,-0.45426,2.3584,0.21286,-1.3688,0.14547
-0.72634,2.3789,0.22576,0.091991,-3.6239,-0.084256,-0.00040401,0.031057
-0.59041,-0.38783,-0.48989,-0.39557,3.054,0.2716,2.4522,0.15391
-0.59186,0.33415,0.50645,-0.28377,0.32597,0.033736,-0.80664,0.065933
-0.33455,1.6868,-0.62773,0.016303,-0.9161,-0.028726,-0.23257,0.0014132
-0.49105,0.8182,-0.17092,-0.34736,1.2998,0.01465,2.0276,-0.056657
-0.58008,0.51286,0.77207,0.1729,-0.76154,-0.0040633,-0.51979,-0.13532
-0.58016,0.44976,-0.1026,0.032335,0.40591,-0.0055778,-1.1726,-0.13023
-0.74775,-0.86984,-0.075486,-0.43329,1.6425,0.0074305,2.4316,-0.097545
-0.58959,0.46612,0.12217,0.6857,-1.0593,-0.024882,-0.8483,-0.070578
-0.54883,-2.2436,-0.77331,0.19003,-0.164,-0.0066688,-1.8532,0.097816
-0.55804,0.27714,-0.85982,-0.33139,1.0127,-0.046451,2.2282,-0.0017507
-0.55191,0.3621,0.073468,0.56743,-0.26301,-0.053805,0.25868,0.026165
-0.29327,-2.8159,-0.51834,-0.31514,1.49,0.088747,-1.0184,0.17265
-0.53497,2.0582,-0.94001,-0.1574,0.47507,-0.10522,2.0218,0.098692
4.5281,1.5516,0.23187,0.75207,0.19176,-0.060441,0.68887,-0.010999
4.4865,-1.1866,-0.0058627,-0.19994,0.249,-0.059023,-1.543,-0.057704
4.4482,2.8563,-0.033762,-0.096919,-0.63171,-0.050192,1.5893,-0.12088
-0.57535,-0.074729,0.15349,-0.16034,0.60764,-0.033828,1.032,-0.11098
-0.64502,-1.8944,-0.023972,0.29303,0.62154,-0.058933,-2.0126,-0.069142
-0.64775,1.6205,-2.2344,0.00022688,-2.9188,-0.17933,-0.88417,-0.0052067
-0.40432,-1.7661,0.52687,0.31708,0.61154,-0.083563,1.7439,0.06143
-0.6036,-1.0324,0.49451,-0.029903,-0.46158,-0.086284,-1.2493,-0.0021645
-0.64356,1.5267,-0.57536,0.28992,-2.0951,-0.10464,-0.97369,0.13286
-0.63582,-0.38616,-0.87555,0.24112,2.0023,0.077535,1.9496,0.21581
-0.88744,1.2977,0.77816,-0.26539,-2.2347,0.013745,-1.0219,0.089857
-0.7045,2.4161,0.21918,0.41233,-1.7608,-0.1217,-1.868,-0.015915
-0.61445,1.3996,-0.5004,-0.33754,1.6801,-0.031992,2.2173,-0.11843
-0.60889,1.9295,0.92107,0.69043,-3.9922,-0.035419,-1.1529,-0.14189
-0.43832,2.1671,0.88506,0.41698,0.13971,-0.15631,-2.557,-0.12536
-0.50429,-0.34134,-0.12501,-0.65479,0.46591,-0.12435,2.0264,-0.096936
-0.66123,-0.059335,1.2187,0.61833,-4.7468,-0.062565,-0.77328,0.01862
-0.59989,-5.4561,-2.0739,-0.61979,0.19954,-0.069746,-3.5024,-0.045048
-0.60369,1.7669,-1.0817,-0.56766,-1.3227,-0.19534,0.64219,0.09178
-0.75101,-0.038194,-0.4109,0.07312,-2.8158,-0.11853,-0.33186,0.20836
-0.5971,-1.2468,-1.4323,-0.36335,-0.028087,-0.044744,-3.5085,0.15481
-0.57371,2.6705,0.22429,0.092993,-2.7659,-0.14964,-0.019259,0.03388
-0.56645,0.9867,0.74791,0.06531,-1.7352,-0.055814,0.69047,-0.051862
-0.44508,0.015455,0.56543,0.52586,-0.12521,-0.01643,-2.8057,-0.079462
-0.56774,2.5037,0.032168,-0.066558,-2.5446,-0.10328,0.1977,-0.10443
-0.56877,-0.21842,0.37096,0.15954,-0.29852,-0.10604,1.1778,-0.089659
-0.57099,-0.25605,0.41898,-0.1783,-0.45196,0.013168,-2.4059,-0.062522
-0.67784,-0.78622,-0.58806,-0.61771,-3.5902,-0.16344,-0.92138,-0.042176
-0.66182,-0.61142,-0.48156,-0.15991,1.3533,-0.010532,2.1779,0.050624
-0.53459,-1.5769,-0.22677,0.28662,-0.84987,0.0066604,-0.69455,0.22951
-0.54651,0.60182,-0.71429,0.12344,-1.9246,-0.082164,-2.2902,0.10414
4.5591,0.76479,-0.022077,-0.12869,1.2335,0.0023029,2.3892,0.046171
4.5179,0.58482,1.0692,0.63694,-2.2881,0.0068721,-1.2742,0.084673
4.4715,-0.060318,-0.55755,-0.24109,-0.12415,-0.053863,-1.9655,-0.030835
4.7368,2.2156,-0.23229,-0.14213,-1.8212,-0.046181,1.6583,-0.07272
-0.58764,0.31993,1.0138,0.38874,-1.4675,-0.069644,-0.36411,-0.11168
-0.7627,-1.5793,-0.041323,-0.30401,-1.7282,-0.065947,-2.9473,-0.096182
-0.60256,-0.090469,0.3348,-0.055986,-1.5113,-0.089294,1.3716,-0.037284
-0.62442,-0.055245,0.88069,0.76042,-3.5184,-0.031575,-0.24097,-0.039815
-0.45033,-5.7081,-1.0581,-0.82124,-0.7131,-0.026274,-3.1985,0.090441
-0.4497,-0.90965,-1.4907,-0.22464,-2.9539,-0.066724,0.30507,0.38201
-0.54757,-0.2727,-0.48923,0.26582,-3.6269,-0.0085491,0.48479,0.27755
-0.6167,-5.6361,0.31966,-0.81005,0.1718,0.0079824,-2.9036,0.23452
-0.56896,2.4359,-0.8036,-0.090201,-5.0583,-0.072474,-0.58908,-0.010196
-0.70026,1.4842,0.46927,-0.10637,-1.9341,-0.088813,0.80166,-0.052885
-0.62572,0.88794,0.83335,-0.25653,1.0512,0.042605,-1.8018,-0.096182
-0.58923,2.1881,0.69053,0.73095,-4.0261,-0.037973,-0.97388,-0.13184
-0.57862,-0.095433,0.032155,-0.40513,2.9036,0.12325,1.7729,-0.048723
-0.34932,1.3816,-0.21614,0.22448,-2.8553,-0.035458,-2.2795,-0.09219
-0.4972,-0.79377,-2.0535,0.11436,-2.8421,-0.033301,-2.3753,0.027747
-0.58212,-2.8145,-1.1628,-0.71542,1.4704,-0.028276,1.9557,0.17665
-0.57585,0.054957,1.062,0.50077,-2.7802,-0.039398,-1.1331,0.13761
-0.75426,-2.2144,-0.44718,-0.28259,-0.12126,0.0054282,-1.5395,0.20451
-0.56424,1.2783,0.51068,-0.19989,1.0812,-0.097714,2.021,0.095163
-0.552,1.2732,0.83797,0.42993,-0.71147,0.0032848,-0.30139,0.01441
-0.55327,0.17753,0.84972,-0.20403,0.8792,-0.0071565,-2.0034,-0.060843
-0.37487,1.1924,0.11461,-0.38316,0.55386,-0.02501,2.2301,-0.07547
-0.56492,0.56901,0.47976,0.49277,-0.15922,0.015157,0.52257,-0.12432
-0.55197,-1.9133,-0.58315,-0.21436,1.6645,0.063827,-2.0431,-0.1037
-0.54336,1.4704,-0.54891,0.067661,0.37591,-0.052817,1.5301,-0.084792
-0.77523,-0.89856,-0.40685,0.43839,1.844,0.076309,1.69,0.081168
-0.69305,-3.0059,0.27767,0.29551,0.74825,0.043882,-1.9545,0.13493
4.5584,1.6396,-1.5942,-0.041374,0.45732,-0.02895,0.86704,0.023293
4.5335,0.89933,-0.12166,0.19983,2.6932,0.16251,1.7942,0.19517
4.4855,-0.069842,-0.012891,0.20358,-0.066062,0.0035671,-1.0872,0.055005
4.4417,1.7303,1.0142,0.12422,-0.49599,0.010434,-0.013774,0.023001
-0.67959,1.3595,0.33407,0.22855,2.6186,0.14348,2.0875,-0.059675
-0.6449,1.8599,1.1451,0.44312,-2.0379,-0.030362,-0.77425,-0.097885
-0.64711,2.0394,1.1097,0.26166,-1.4048,-0.049961,-1.5441,-0.070919
-0.772,0.035948,0.25114,-0.13059,2.5193,0.14029,1.6936,-0.039961
-0.63269,0.32248,0.37955,0.44799,-3.351,-0.006226,-0.52843,-0.044975
-0.62229,-3.527,-0.86161,-0.047752,1.0583,-0.038974,-1.5549,0.26699
-0.61305,-0.3225,-1.6299,-0.35452,1.3433,-0.043711,1.724,0.192
-0.38498,0.19131,-0.28328,0.34842,-3.4474,-0.04088,-0.27046,0.37062
-0.52318,-2.9893,-0.66314,-0.77597,2.4513,0.15752,-2.787,0.23313
-0.62209,1.3475,0.12809,-0.48784,-1.6762,-0.11009,1.6714,0.12084
-0.61666,1.9031,1.132,0.58831,-3.0375,-0.04045,0.55618,0.0071813
-0.72558,-3.6155,0.18219,-0.5669,2.6058,0.19432,-2.6944,-0.084207
-0.57118,2.9248,0.62327,-0.047457,-3.5745,0.0031949,0.66319,-0.11998
-0.58856,0.43061,0.50242,0.075567,-1.2133,-0.10114,0.9671,-0.11465
-0.58467,-1.3451,0.6529,-0.30631,1.5229,0.025701,-1.7779,-0.078488
-0.27208,1.5595,0.045697,0.014929,-1.5371,-0.035066,-0.08559,0.072991
-0.40921,-1.8592,-0.65238,-0.26434,1.83,-0.023245,1.8914,0.062161
-0.65487,-1.0901,0.20388,0.035887,-1.6073,0.028178,-1.9668,0.1911
-0.5883,-0.65896,-0.67364,-0.21753,-0.33104,-0.070311,-0.34256,0.16175
-0.68237,0.069695,-0.75151,-0.35641,1.3684,-0.054344,1.9802,0.089589
-0.74154,0.8705,0.40846,0.6061,-1.3576,0.041578,-1.3258,0.068488
-0.60792,1.3084,0.083553,0.20185,-0.13889,-0.024631,-0.97595,-0.016232
-0.55772,1.0794,-0.37112,0.097347,2.0426,0.031843,1.8833,-0.083088
-0.55359,1.8285,0.68843,0.35532,-0.82318,-0.028963,-0.32649,-0.06133
-0.40959,-2.4252,-0.010629,-0.51208,1.7297,0.083645,-1.1691,-0.11322
-0.54045,-0.39519,-0.39263,-0.3167,0.99896,0.0039201,2.1372,-0.049258
-0.55041,-1.5978,0.14546,0.34115,0.87606,-0.039815,0.913,0.0026301
4.5387,-2.7413,-0.079617,0.1779,1.4772,-0.021095,-2.1119,-0.040862
4.5259,0.17836,-0.18252,-0.47809,-0.40272,-0.020601,1.9816,0.16151
4.4972,-1.8934,-0.60261,0.33327,2.5287,0.20963,1.6241,0.1592
4.4574,-0.84186,0.31413,0.067622,0.44555,0.044543,-1.6545,0.15065
-0.66071,1.612,-1.0922,-0.1586,0.13702,-0.035201,0.27431,0.038358
-0.32147,0.85293,0.58363,0.012039,1.2944,-0.010628,1.6624,0.010467
-0.61261,-0.29108,0.54217,-0.00085859,1.223,-0.011989,-0.69484,-0.068242
-0.65232,2.5878,-0.54285,0.57185,-1.7734,-0.07522,-0.52943,-0.10095
-0.65512,-0.25121,0.16429,0.34884,2.3752,0.12013,2.2303,-0.084597
-0.71961,-0.20979,0.86989,-0.066032,-1.0084,0.040147,-1.4952,-0.037795
-0.66998,0.69512,0.12257,0.2814,-0.44988,-0.020569,-1.07,0.048629
-0.61681,-1.9605,-0.87992,-0.59984,2.6985,0.09526,1.7899,0.19967
-0.62355,0.028614,0.02769,0.58969,-3.2434,-0.022886,-0.99292,0.16908
-0.52043,1.2103,-0.84768,0.93805,0.65556,-0.070908,-2.1411,0.3565
-0.45392,0.14271,-1.0601,-0.60737,3.3157,0.17702,1.5009,0.1167
-0.54609,2.8107,0.71452,0.16337,-1.625,-0.019844,0.25812,0.043493
-0.61668,-3.164,-0.50274,-0.9183,1.3148,0.016845,-2.7394,-0.0014587
-0.81029,1.8897,-0.36609,-0.57907,1.5211,0.0078219,1.7128,-0.08725
-0.78944,1.7456,1.4856,0.67214,-0.93924,0.01311,0.38892,-0.086909
-0.61742,-3.3922,-1.1812,-0.6385,2.0209,0.14091,-2.9939,-0.12519
-0.59439,1.1328,-0.14832,-0.2424,0.090374,-0.026916,1.4556,-0.045218
-0.59489,0.14554,-0.30657,0.327,1.3953,0.034711,1.2951,-0.0043306
-0.42223,-2.6048,-0.52686,-0.049332,0.26226,0.0079439,-2.535,0.092218
-0.56166,0.28759,-1.7139,0.10012,1.4301,-0.023605,1.5476,0.099641
-0.58758,-1.1439,-1.0704,-0.20365,2.4523,0.18666,2.0093,0.10424
-0.57727,0.51775,-0.28232,-0.172,2.2331,0.21629,-0.88232,0.019496
-0.78473,1.5746,-0.63239,-0.10237,0.36813,-0.05532,-0.021558,0.026262
-0.59662,2.0504,-0.65995,0.16752,2.8635,0.28969,2.863,-0.014455
-0.56713,0.54004,0.62388,0.061623,1.7117,0.084601,-0.19254,-0.081482
-0.55576,2.3296,0.70128,0.4165,1.8375,0.065868,-0.13636,-0.091728
-0.57348,-0.16477,0.44466,-0.27661,3.9881,0.44292,3.4971,-0.10037
4.5244,-0.29793,-0.035824,0.65295,1.2329,0.017166,-0.19104,-0.097958
4.5067,-2.2941,-1.04,-0.62335,2.109,0.094927,-0.4866,0.0083982
4.4871,-1.7275,-0.38238,-0.016986,1.5584,0.10679,3.0236,0.033125
4.46,-1.3753,0.96763,0.43501,1.9284,0.13175,1.4026,0.15725
-0.71508,-1.8673,-0.64924,-0.42902,1.4806,0.046462,-1.4507,0.13313
-0.63357,0.93666,-0.7475,-0.36522,1.7152,0.11013,2.4189,0.15703
-0.65329,1.6887,1.3124,0.47911,0.18646,-0.019446,1.1707,0.031933
-0.66591,-2.3308,0.17851,-0.75466,2.2215,0.16671,-2.0827,-0.023363
-0.45356,2.6079,0.71777,-0.16106,0.056136,-0.10571,2.2301,-0.059505
-0.68834,0.91174,0.55076,0.28747,-0.71285,-0.0024717,1.6728,-0.12901
-0.6431,-3.7532,0.5184,-0.022799,2.6848,0.19945,-2.1287,-0.1018
-0.63411,1.5338,0.43371,-0.060039,-1.168,-0.042992,1.0239,-0.0089548
-0.74368,-0.33703,0.042549,0.042554,0.81676,-0.053645,2.1466,0.057974
-0.60333,-5.0555,0.056232,-0.15855,2.6096,0.22934,-0.89811,0.30663
-0.61644,0.77389,-1.0472,0.028841,-3.842,-0.013574,-0.21823,0.12717
-0.62292,0.024395,-0.094373,0.22528,3.001,0.25319,2.6318,0.038309
-0.4122,1.1758,-0.21119,0.034198,1.1178,0.027164,-0.65114,0.12257
-0.58403,3.1976,0.13291,0.65961,-0.44175,-0.082671,-1.021,0.043761
-0.61346,0.38923,-0.65853,-0.45733,3.0029,0.17095,2.544,-0.032295
-0.61272,2.4917,0.31735,0.38085,-1.0593,-0.017046,-0.61827,-0.10507
-0.76986,-0.93632,-0.64439,-0.29535,1.1093,0.022788,-1.1144,-0.13045
-0.72277,-0.10812,-0.16073,-0.56712,0.74887,-0.093125,1.7411,-0.10628
-0.58918,-0.47939,0.42827,0.6001,0.64948,-0.044571,-0.52161,-0.01886
-0.58656,-2.8886,-0.54253,-0.43122,1.2132,0.055555,-0.42248,0.057244
-0.36983,-1.5197,-1.8971,0.11636,0.71301,-0.10841,1.2132,0.065057
-0.43539,0.36321,-0.068754,0.27921,1.4662,0.1313,1.3242,0.0032385
-0.60487,-1.6482,-0.78185,-0.53461,0.12651,-0.040226,-2.3135,0.052961
-0.5855,1.7542,-0.2132,-0.11549,2.0983,0.12585,2.422,0.028866
-0.84837,1.4112,0.38597,0.47839,0.90007,0.022248,1.4199,0.059532
-0.62517,-1.2797,0.39401,0.28058,1.502,0.11186,-1.9179,-0.047044
-0.55533,4.1501,-0.37627,0.35736,-0.55764,-0.10736,0.68634,-0.092117
-0.58803,0.45613,1.2552,0.7294,2.7567,0.28619,2.7429,-0.080411
4.4955,-0.15794,1.2478,0.41503,0.58926,-0.035355,-1.7823,-0.085765
4.4775,-0.6397,-0.0097685,0.066774,-0.23276,-0.033231,0.74,-0.079535
4.4595,-1.697,-0.39054,0.22692,2.8584,0.23245,1.8092,0.064789
-0.66532,-1.7053,0.065508,0.15563,-0.33785,-0.050218,-0.85649,0.11393
-0.66038,1.4312,0.15925,0.19293,-0.22112,-0.10667,-0.55407,0.091999
-0.79232,-0.10946,-0.52812,0.13965,2.8773,0.21137,2.6838,0.15961
-0.66067,0.87215,0.59103,-0.049544,-1.7656,-0.0077726,-0.54845,0.07338
-0.63384,1.5118,-0.46165,0.022347,1.3577,0.0678,0.073184,0.015529
-0.63916,1.903,0.12575,-0.060013,2.0016,0.029045,1.2938,-0.06262
-0.36992,2.5684,0.70696,0.60899,-2.2664,-0.055429,-0.24153,-0.095427
-0.55194,0.27785,0.34409,0.53921,1.155,-0.012066,-1.8382,-0.13395
-0.62344,0.18991,-0.11953,-0.1295,1.2902,-0.037896,2.1697,-0.098689
-0.62225,0.090663,0.92018,0.45178,-3.3591,-0.031857,-0.2414,0.050284
-0.7254,-5.1908,-1.4518,-1.0874,1.6023,0.034493,-3.2927,0.022222
-0.75148,-0.050345,-0.83991,-0.49366,-0.27851,-0.13706,1.4266,0.080974
-0.59577,-0.25555,0.9298,0.2531,-2.4889,-0.11971,0.83465,0.15659
-0.60053,-4.2521,-0.084454,-0.35326,2.1226,0.20233,-2.1319,0.1416
-0.49648,3.753,0.27444,0.114,-2.2973,-0.17399,0.27592,0.0083008
-0.46286,0.38399,0.14195,0.089184,0.53597,-0.083204,1.2548,0.018571
-0.52741,1.535,0.82953,0.030973,1.3344,0.12696,-1.1327,-0.071722
-0.58493,3.4381,0.15949,0.1194,0.61673,-0.073353,-0.26136,-0.10993
-0.69363,-0.17478,-0.62425,-0.36021,1.1357,0.010697,1.7003,-0.11397
-0.73317,0.091569,0.26826,0.060692,-0.55168,0.014766,-1.5209,-0.099151
-0.5818,-1.3612,-0.57044,-0.43992,-1.0925,-0.092156,-1.2018,-0.057971
-0.56508,0.12997,-0.34514,-0.26112,1.5038,0.097307,2.2939,-0.046289
-0.55997,0.6126,0.56358,0.55924,-1.6225,-0.016796,-1.2519,-0.037527
-0.37192,-0.47026,0.69757,-0.10287,-0.49305,-0.05335,-0.46722,0.066931
-0.57565,-0.63843,-0.72388,-0.29845,1.6057,0.021844,1.9913,0.10855
-0.55812,1.7414,0.12016,0.53964,0.043754,0.020824,0.23258,0.074719
-0.5522,-2.5526,0.57954,-0.70909,1.0803,0.042958,-0.16116,0.0048205
-0.76652,1.8147,-0.72623,-0.55558,0.14698,-0.048254,1.8469,-0.046678
4.5076,0.84306,0.66978,0.35212,0.86639,0.0073984,0.50468,-0.099808
4.4758,-0.69832,-0.29933,-0.38819,0.76022,-0.0064827,-1.8968,-0.13318
4.4549,0.82559,0.39674,-0.23263,-0.78935,-0.077216,1.6798,-0.070554
-0.49531,-1.0224,0.72494,0.45548,0.11502,-0.11366,1.0974,0.015407
-0.56788,-4.6746,-0.31255,-0.21714,-0.005846,-0.10129,-2.3462,0.096063
-0.64924,-0.23328,-1.0733,0.32119,-2.5007,-0.105,-0.38786,0.18886
-0.63683,-1.5165,-0.69332,0.14674,-0.20095,-0.073892,1.5849,0.10473
-0.93882,-1.158,0.1264,-0.080586,-0.25587,0.00067284,-1.5933,0.055224
-0.74069,3.1364,0.41919,0.23419,-1.8993,-0.14799,-1.5593,0.091293
-0.5753,1.2227,0.35261,0.061482,1.5606,0.04607,2.7154,0.015748
-0.61196,1.6379,0.37826,0.22746,-0.51708,-0.044089,-1.1175,-0.10694
-0.3089,3.0522,-0.020503,0.26118,-2.2351,-0.015384,-1.3451,-0.11378
-0.45884,0.26137,-0.59315,-0.15313,1.9874,0.032715,2.1266,-0.12741
-0.64281,0.94903,0.98134,0.35516,-3.7339,-0.079469,-1.0931,-0.07289
-0.60037,-1.409,0.20648,0.38397,0.31021,-0.097746,-1.7557,-0.033755
-0.62894,-0.74362,-0.57023,-0.56375,2.0084,0.027864,1.9902,0.038261
-0.77455,0.30337,-0.25458,0.5017,-3.3266,-0.0025295,-0.43211,0.1638
-0.59197,-3.7725,-1.5201,-0.80079,0.56221,-0.035438,-2.3713,0.034634
-0.57557,1.241,-0.80078,-0.49356,0.3736,-0.091271,0.94518,0.15418
-0.56536,0.84531,0.5445,0.11908,-0.99813,-0.024387,0.00077761,0.0044311
-0.33787,-0.058211,-0.66743,-0.46331,0.4917,-0.011989,-3.0134,7.4599e-05
-0.53305,3.0637,0.58224,0.18217,-1.0077,-0.15666,0.92284,-0.066952
-0.56975,-0.10594,0.96144,-0.16503,1.2202,0.037477,0.92096,-0.11857
-0.57233,-0.16207,0.63348,0.39881,-0.93329,0.013033,-2.2665,-0.123
-0.7099,0.35597,0.34472,0.1275,-0.14517,-0.10762,0.3163,-0.10266
-0.59292,0.23108,-0.54878,0.15092,-0.49851,-0.090411,1.3865,-0.072112
-0.53596,-1.9434,-0.39292,-0.027642,0.82625,0.046718,-1.2361,0.058778
-0.54386,1.2183,-0.49745,0.0091097,-1.9746,-0.12216,-0.50589,0.095138
-0.30129,-1.7334,-0.16703,-0.11129,1.5774,0.06445,2.1772,0.12142
-0.35896,0.64332,-0.50397,0.66457,-1.5342,-0.026332,-1.412,0.17188
-0.54971,0.35262,-0.487,-0.35082,-0.43497,-0.039507,-0.74619,0.032493
4.5305,1.5048,0.88568,-0.16561,0.3404,-0.066602,1.903,-0.013117
4.4878,1.196,1.0128,0.4662,-1.2326,-0.02861,-0.2723,-0.081433
4.4532,-0.017091,-0.57091,-0.13547,-1.0585,-0.12813,-2.3569,-0.11465
-0.71647,0.83666,-0.14453,-0.27524,0.26645,-0.072852,1.6791,-0.14096
-0.63596,-0.24673,1.4191,0.45097,-2.7041,-0.083332,0.088205,-0.051132
-0.62343,-2.7338,0.58255,-0.27305,-0.69489,-0.12358,-2.7718,0.0029221
-0.4112,-0.0067777,0.4445,-0.077895,-2.0397,-0.07945,1.2708,0.057731
-0.55962,-0.47696,-0.45633,0.30244,-2.7177,-0.055499,0.050284,0.019034
-0.628,-3.0579,-0.93905,-0.20383,0.38919,-0.10309,-3.3851,0.15518
-0.61802,1.6665,0.42499,-0.15388,-1.9705,-0.12593,0.91638,0.095309
-0.83106,2.5526,0.77383,0.45912,-2.8346,-0.07275,0.52541,0.090149
-0.60282,-6.4784,0.45582,-0.59199,0.15229,-0.099562,-2.9962,0.03203
-0.60101,2.1204,0.016743,-0.14953,-5.484,-0.084513,-0.31687,-0.12183
-0.58502,0.9974,0.3457,0.34991,-2.1646,-0.1356,0.57052,-0.11044
-0.47808,-1.1833,-0.2808,-0.10182,0.44102,-0.046509,-2.3232,-0.12714
-0.5195,1.7681,-0.46703,-0.081395,-5.5618,-0.12367,-1.9522,-0.088102
-0.5857,-2.2817,-0.30137,-0.41488,1.6686,-0.0457,1.5576,-0.0037464
-0.58441,0.46037,0.13556,0.19797,-2.3494,0.017686,-1.6119,-0.032611
-0.72459,-0.82297,-0.01846,0.2147,-3.3427,-0.11463,-2.6187,0.19001
-0.62955,-1.5145,0.19686,-0.7704,-0.25207,-0.042684,1.4924,0.16182
-0.56104,1.106,0.7581,0.68978,-3.5401,-0.028687,-2.3439,0.15029
-0.56015,-1.6414,0.86524,-0.38771,-2.7818,-0.025344,-2.2375,0.029718
-0.31383,2.1452,0.47593,0.26515,-0.85456,-0.1356,1.3809,-0.023192
-0.52055,1.0538,1.1067,0.28619,-1.5024,-0.0015476,-0.46852,-0.070384
-0.50372,0.0022645,-0.48846,-0.24045,-1.5914,-0.05016,-2.0467,-0.077709
-0.54912,-0.17193,0.32348,-0.27074,0.471,-0.1709,1.3436,-0.091728
-0.70827,0.60137,0.046024,0.24673,-2.2469,-0.014594,0.045429,-0.055051
-0.64562,-2.6889,-0.25008,-0.10457,-0.79053,-0.09738,-3.5974,-0.049258
-0.57349,2.0841,-1.7328,0.071059,-1.7684,-0.061981,0.9352,0.095722
-0.53395,-1.9398,-0.047709,0.49088,1.2818,0.060163,1.0478,0.2658
-0.72974,-1.0434,0.37123,0.3602,-0.40279,0.039223,-1.8836,-0.013238
4.5511,1.7476,-0.58338,0.1691,-2.3383,-0.013734,-0.1694,0.11196
4.5075,0.55057,-0.018769,0.37927,1.8625,0.078607,1.2438,0.10405
4.462,0.066696,0.95168,0.0099768,-1.3434,0.015613,-1.8966,-0.012897
-0.65277,2.183,0.18396,0.4479,-2.2149,-0.038435,-0.5141,-0.074594
-0.77346,0.74072,0.42738,0.19465,2.4328,0.10615,1.8653,-0.11828
-0.65374,0.459,0.53716,0.18645,-3.6589,0.041097,-1.7565,-0.11317
-0.63287,0.66834,-0.099178,0.3284,-1.0086,0.0039008,-0.57416,-0.060064
-0.61979,-1.0264,-0.23394,-0.43023,1.9072,0.041289,1.2455,-0.061963
-0.29755,0.017986,-0.85469,0.19058,-4.15,0.024527,-0.92216,0.069486
-0.49207,-1.8816,-1.5585,0.064058,0.20446,0.0024569,-2.5215,0.273
-0.63021,-0.8021,-0.44405,-0.40172,2.0937,0.056614,1.8596,0.24486
-0.62399,1.9864,0.9312,0.27274,-4.4757,-0.026159,-0.16353,0.13218
-0.80914,-1.4309,0.087588,-0.17239,1.2819,-0.02132,-2.4279,0.05812
-0.66195,1.2977,-0.25159,-0.66371,-1.5901,-0.12229,1.8003,-0.015964
-0.59331,2.5022,1.4137,0.6302,-4.0698,0.0047544,-0.22625,-0.072452
-0.5901,-4.58,-0.052951,-1.0831,1.2468,-0.027423,-3.9341,-0.11818
-0.39303,1.9548,-0.8354,-0.42344,-2.6244,-0.096918,0.52645,-0.10382
-0.38313,-0.18175,0.31188,0.10473,-2.282,-0.07943,-0.18291,-0.092799
-0.61835,-2.2872,-0.76717,-0.35947,0.06243,0.01037,-3.6303,0.04325
-0.59282,0.64292,-0.34141,0.37015,0.16097,-0.038853,1.4138,0.10181
-0.75954,-0.88703,-1.2694,-0.27323,1.3138,-0.0056099,0.9227,0.10409
-0.816,-0.05317,0.34126,0.21159,-1.7432,-0.018163,-3.3162,0.1537
-0.57343,-0.17256,0.27348,-0.48201,0.14942,-0.019234,-0.027292,0.11235
-0.56179,1.5989,0.46732,-0.30726,-0.10868,-0.055057,1.9807,0.04308
-0.56137,0.38753,1.1175,-0.1323,1.2922,0.039717,-1.484,-0.051449
-0.36468,1.946,-0.11725,-0.15397,-1.8307,-0.096597,-0.84272,-0.055343
-0.49655,-0.27829,0.41727,-0.45463,2.2898,0.12364,2.3529,-0.10134
-0.55442,1.5003,0.042889,0.77471,-0.43375,0.017153,-0.96381,-0.10309
-0.55652,-2.963,0.46156,-0.51626,-0.19631,0.0093942,-0.88658,-0.059237
-0.68969,-1.6241,-0.85087,-0.39052,1.5636,0.031464,2.413,0.053496
-0.64612,-0.32695,0.52453,0.48596,0.81604,-0.003229,-0.15208,-0.01207
4.5463,-0.35172,-0.20154,-0.15668,0.5285,0.019791,-1.1388,0.047047
4.5242,-0.7951,-0.4508,-0.28898,1.1495,-0.024554,2.4039,0.23182
4.4811,0.57332,0.52183,0.86233,-0.66051,0.013553,0.34115,0.12936
-0.50446,-1.5413,0.62215,-0.42812,0.50425,-0.058888,-2.7887,0.05481
-0.65532,3.1395,1.3121,-0.024855,-0.49481,0.015985,2.3271,-0.017619
-0.65453,0.15097,0.27387,0.19062,-0.77468,-0.054646,0.49025,-0.10616
-0.65916,-2.0501,-0.29645,-0.058067,-0.59791,-0.053735,-1.4543,-0.12361
-0.65116,1.1654,-1.1378,0.15654,-0.95088,-0.046207,0.72972,-0.094283
-0.5564,-0.6534,-0.35809,0.27348,-1.0357,-0.033564,1.3337,-0.038963
-0.62091,-6.8917,0.45745,-0.59922,0.55999,0.01714,-2.4952,0.14812
-0.62806,0.16111,-0.41632,0.38426,-3.6681,-0.097463,-0.26312,0.14145
-0.43136,-0.79654,-0.27488,0.050627,-0.35547,-0.10086,1.4703,0.21201
-0.55915,-2.3298,0.51892,-0.44122,0.34297,0.025971,-1.6281,0.26857
-0.6161,3.0365,-0.49079,0.24845,-3.2671,-0.081048,-1.7881,0.12374
-0.60898,0.725,-0.18476,-0.30674,2.654,0.064476,2.2332,-0.019274
-0.73059,2.3386,0.48558,0.30366,-1.5767,-0.017495,-1.0736,-0.052714
-0.5968,2.0141,0.37145,0.22292,-1.4363,-0.045276,-2.0804,-0.11721
-0.59188,0.6511,0.38616,-0.32015,1.7766,-0.040418,1.7383,-0.094186
-0.59283,0.92076,1.0209,0.32865,-3.2083,0.023692,-1.6945,-0.068923
-0.42557,-3.8365,0.95251,-0.60123,-1.6632,-0.048524,-2.25,-0.040424
-0.47371,-0.68921,0.11944,-0.16004,1.4094,-0.13714,1.5601,0.085282
-0.58719,-2.0753,0.78088,0.10547,-0.63069,0.014175,-0.40144,0.12464
-0.57542,-1.5997,0.57993,-0.37476,-1.5656,-0.026165,-2.0156,0.090879
-0.8866,-0.42659,0.1066,-0.3028,1.9025,-0.10364,1.6357,0.16638
-0.64334,1.2853,-0.28007,0.18641,-0.77866,0.015112,0.59298,0.04437
-0.55944,-0.59593,0.026508,-0.19904,0.86452,-0.033539,-3.0508,-0.011413
-0.55739,3.9945,-0.31343,-0.32872,1.0754,0.0011798,2.7769,-0.067074
-0.47261,0.44094,0.31605,-0.021155,0.80703,-0.036202,0.6539,-0.074253
-0.49363,0.56657,0.28648,0.27884,1.3664,-0.0091267,-2.1789,-0.11095
-0.5432,1.5395,1.0848,0.3991,-0.17738,0.0032206,1.3239,-0.060064
-0.54355,-1.6247,0.32692,0.3616,2.7193,0.20153,2.0981,0.010443
4.5344,-3.4994,-0.45023,-0.49816,0.43402,0.073954,-1.3212,-0.013822
4.5204,-0.13915,-1.0643,-0.23602,-1.8733,-0.036722,-0.68817,0.17823
4.4948,-0.88545,-0.2758,0.076865,3.9726,0.34585,2.6836,0.18928
-0.66539,-0.13639,0.49736,0.52166,-1.0902,-0.012117,-0.94601,0.12858
-0.65057,1.3362,0.069286,-0.26355,1.218,-0.0077084,0.34261,0.022246
-0.50141,1.6995,0.23815,0.12236,1.431,-0.088524,0.67181,0.015115
-0.70624,0.77143,0.51127,0.22396,-2.0784,0.045416,-0.85018,-0.057947
-0.63807,-0.10105,0.15776,-0.11861,-0.059518,0.0085599,-1.7458,-0.090973
-0.63943,0.45195,0.60702,-0.033596,1.4729,-0.032268,1.5871,-0.069799
-0.84243,1.2124,0.78431,0.17685,-2.7305,0.011422,-0.10526,-0.058142
-0.66809,-3.3114,-0.41398,-0.42413,1.9491,0.10712,-2.0359,0.074159
-0.61071,-2.3463,-0.77393,-0.67917,0.13883,-0.097772,1.4907,0.11619
-0.62039,0.29719,-0.53281,0.30674,-4.0239,-0.052175,-0.025314,0.18991
-0.40318,-6.2517,-1.5545,-0.83282,1.8688,0.019906,-3.4197,0.22824
-0.50805,1.1798,-1.1379,-0.46866,-2.68,-0.023451,1.3686,0.13753
-0.61774,0.47553,-0.086272,0.13574,-0.27216,0.010755,0.62038,0.091001
-0.6092,-0.012057,0.41695,-0.22585,3.0871,0.29686,-0.96704,-0.023314
-0.67816,4.1619,0.19933,0.077218,-2.4253,-0.059202,-0.97941,-0.057168
-0.62521,0.36378,-0.21617,-0.12658,2.6206,0.15528,1.9989,-0.11594
-0.58849,0.82651,1.0594,0.035411,1.3269,0.030322,-0.65765,-0.11811
-0.58325,-1.1257,-0.1905,-0.043828,0.10939,-0.032993,-0.5464,-0.062522
-0.51522,-1.2421,-1.1453,-0.37867,0.91397,-0.053164,1.96,-0.020394
-0.34948,-1.272,-0.41026,0.33153,-0.48117,0.056614,-0.79192,0.067296
-0.61983,-1.3868,-1.6041,-0.017719,0.44038,-0.027006,-1.6247,0.13771
-0.58179,-0.45638,-0.3052,-0.33524,3.0042,0.23729,2.4916,0.11889
-0.72299,1.182,-0.12305,0.57479,0.77225,-0.025953,-0.23319,0.027917
-0.70692,-1.3217,-0.23699,-0.034675,1.3605,-0.00058499,-1.7682,0.085062
-0.5276,2.4773,0.11553,-0.12593,1.4812,0.073011,2.4481,0.002265
-0.54893,1.0428,0.75508,0.64287,2.0991,0.12282,0.86185,-0.0606
-0.54442,-1.558,-0.24878,-0.094145,2.7332,0.21371,-1.0702,-0.077344
-0.41017,2.2474,-0.68946,0.0068617,2.0387,0.16783,2.3154,-0.11879
4.5263,0.70183,-0.32475,0.70816,1.9512,0.098167,1.2644,-0.083915
4.5085,-4.8415,-0.12384,-0.27838,2.0884,0.12688,-1.6132,0.0041877
4.4874,0.12913,-1.0499,0.13906,0.22643,0.0048185,1.4183,0.05279
-0.88926,-1.0951,-0.50607,0.041205,2.4011,0.20083,1.9487,0.13629
-0.72806,-1.4356,-0.43221,0.00053518,2.0891,0.17599,-1.5162,0.16874
-0.63222,2.6116,0.29704,0.57296,-0.98227,-0.091932,0.20121,0.13023
-0.6371,1.543,0.79883,0.76681,2.817,0.18947,2.0781,0.024339
-0.37247,0.35668,1.7735,-0.21116,0.58679,-0.0047179,-1.3324,-0.0079326
-0.51305,2.9954,0.58567,0.14949,-1.33,-0.0077405,-0.66373,-0.06116
-0.61647,0.48278,0.4782,0.034711,3.4999,0.26068,2.6225,-0.18621
-0.62598,1.5868,0.40256,0.12353,-0.34732,-0.011071,-0.54996,-0.1321
-0.61701,1.5002,-0.5461,0.84838,1.0546,0.015093,-1.6975,-0.033147
-0.74823,-2.1701,-0.6478,-0.37837,3.3767,0.24218,3.2351,0.10169
-0.64064,-0.1362,0.73548,0.16164,-2.7898,-0.0084464,-0.338,0.11327
-0.60098,-2.5429,0.055114,0.099409,2.6874,0.17511,-1.2695,0.14579
-0.42779,0.51122,-0.81176,-0.49032,2.0907,0.10408,2.5307,0.14598
-0.54655,0.9283,0.42282,0.61703,-2.0702,-0.039186,0.10875,0.13508
-0.5639,-3.3669,-2.3138,-0.61426,1.6818,0.080237,-2.6246,0.027868
-0.58936,3.3652,0.19762,-0.12421,1.0695,-0.0058345,1.4093,-0.0010936
-0.6697,0.75926,0.77927,0.23568,1.5539,0.081501,0.6976,-0.079778
-0.64478,0.98606,-0.27482,-0.22413,1.7064,0.12476,-2.0014,-0.12967
-0.55199,0.61611,0.020071,-0.056018,0.82131,-0.070645,1.2478,-0.10572
-0.56637,-0.31032,0.38678,-0.18405,1.2543,0.0642,2.2736,-0.056998
-0.55795,-1.3916,0.32248,0.63424,2.1713,0.21095,-1.9497,-0.0076892
-0.29037,-0.14265,-0.72803,-0.45922,0.047235,-0.0094283,1.0796,0.018377
-0.45795,-1.2181,-0.34334,-0.18688,1.5408,0.067036,1.5279,-0.0090278
-0.56064,-0.79959,-0.055379,-0.22787,2.16,0.21821,-1.3279,0.14788
-0.55234,-0.1186,-0.4016,-0.57928,-0.82258,-0.054094,0.19591,0.016941
-0.76068,-0.42619,0.5284,-0.36918,3.0664,0.29509,2.9642,0.064619
-0.55817,2.009,0.36751,0.45958,1.0919,0.060407,-0.07466,-0.0043306
-0.53668,1.4542,0.6499,0.25667,0.22445,-0.028687,-1.919,-0.079462
4.5271,0.44293,0.42172,-0.18278,2.4278,0.15739,3.1578,-0.066027
4.4994,-0.12199,1.3548,0.71313,-0.055279,-0.039154,-0.55595,-0.11229
4.4748,-0.36567,0.21085,-0.51499,1.1229,-0.029541,-1.166,-0.076614
-0.82736,0.52096,-0.32716,0.059003,0.40474,-0.074848,1.9638,-0.013749
-0.6384,-1.9169,0.45221,0.39089,0.9553,0.034069,0.69532,0.051062
-0.88097,-3.2192,-1.3666,-0.69224,0.86807,-0.013818,-2.111,0.13481
-0.8026,-0.28054,-1.1453,-0.33179,0.8072,-0.068681,1.5898,0.12943
-0.65711,2.0699,0.074752,0.50557,-1.5998,-0.0888,1.1421,0.030911
-0.61548,-6.7058,-0.098112,-1.2664,2.0058,0.15974,-2.1223,0.070362
-0.60794,2.4308,0.5613,-0.52842,-1.7843,-0.13101,0.8712,0.0025327
-0.44717,2.5812,0.76424,0.2727,-2.0608,-0.037928,0.99242,-0.1021
-0.68974,-5.0402,0.059161,-0.53073,1.7077,0.13525,-1.9806,-0.16647
-0.60339,2.0849,-0.30903,-0.065261,-3.7065,-0.10592,-0.22079,-0.1349
-0.60455,-0.28118,-0.17855,-0.14117,1.2673,-0.079443,1.4302,-0.035629
-0.75774,-2.0231,-0.045499,-0.22132,1.7311,0.15303,-1.2677,-0.018982
-0.60444,1.0662,-0.7339,0.30303,-3.0169,-0.092086,-0.38829,0.16555
-0.58056,-2.5174,-1.1987,-0.44088,3.5635,0.26107,2.1132,0.16372
-0.57085,0.76378,1.2689,0.075233,-2.1677,-0.039218,-1.1693,0.010394
-0.4353,0.61918,-1.0306,0.29928,-1.7783,-9.7263e-05,-1.0864,0.12456
-0.49689,-0.88057,-0.082373,-0.6246,1.7221,0.058796,2.0351,0.14722
-0.57941,1.8539,0.96041,0.59531,-0.025929,0.022017,-0.61898,-0.0070077
-0.57836,1.1033,-0.95709,-0.11108,-0.43173,0.0034131,-1.3818,-0.055464
-0.68946,0.34957,0.46075,-0.33186,0.93962,-0.089743,2.1631,-0.12242
-0.62137,0.59408,1.3566,0.082331,-0.48888,-0.040829,-0.22764,-0.11921
-0.54691,-1.7728,0.59671,-0.11214,0.84761,-0.027603,-1.7846,-0.06739
-0.54523,0.37257,-0.6243,-0.31163,1.3026,-0.052271,2.8519,-0.061646
-0.29991,-1.2484,-0.26722,0.42405,0.20269,-0.042555,0.23044,0.11583
-0.43908,-1.502,-1.0291,-0.20325,0.92271,0.0046324,-1.7182,-0.0038195
-0.55921,1.9694,-0.51397,0.0018454,2.0861,0.17124,3.1055,0.10003
-0.54739,0.42557,0.0074608,0.58833,1.3609,0.099964,1.649,0.1709
-0.59761,-2.8606,-0.045268,-0.27225,1.4314,0.094984,-1.4707,0.073599
4.5328,2.9527,-0.10882,-0.59076,-0.42201,-0.04923,2.7669,-0.011754
4.4913,1.0367,0.29387,0.11394,2.5518,0.17445,1.754,-0.07788
4.4558,-0.52411,0.87916,-0.085416,0.45813,-0.0090818,-0.80663,-0.12398
-0.51789,2.3048,0.42821,-0.15696,-0.55007,-0.086669,1.0627,-0.065029
-0.48942,0.15171,0.31715,0.46354,2.4386,0.19337,2.0724,-0.084183
-0.56693,-1.3699,-0.05791,0.047127,-1.2537,-0.022533,-1.5314,0.012803
-0.63991,0.45816,-0.52162,0.33524,-2.1915,-0.091489,-0.46964,0.052936
-0.63384,-0.41394,0.0023537,0.011255,3.0887,0.24828,2.9881,0.019521
-0.879,1.3917,-0.13453,0.24874,-2.0715,-0.059427,-0.45064,0.14321
-0.63889,1.598,-0.93317,0.81767,0.83896,0.010074,-1.5056,0.2894
-0.61337,0.40483,-0.5679,-0.37339,2.9094,0.18861,2.6788,0.07338
-0.59777,3.3571,0.70787,0.48586,-2.7309,-0.061307,-0.068225,-0.048431
-0.41279,0.98674,0.1157,0.14155,1.0588,-0.086072,-2.521,-0.11582
-0.61291,0.9215,0.20595,-0.53329,0.11884,-0.096918,2.3723,-0.1699
-0.59377,0.96364,1.462,0.59009,-2.4248,-0.033693,0.68839,-0.12283
-0.59592,-4.9568,-0.95131,-1.1547,2.1715,0.19492,-2.328,-0.068875
-0.75918,0.32445,-0.12026,-0.48937,-0.16666,-0.098516,1.8683,0.03792
-0.60391,0.2217,0.095881,0.35941,-1.9685,-0.092862,0.73331,-0.012946
-0.57206,-2.5474,-1.2976,-0.36135,2.1903,0.17006,-2.3046,0.14666
-0.57271,2.0129,-0.36016,0.38231,-0.32758,-0.10652,1.9467,0.24243
-0.32977,-0.18236,0.60696,0.20533,1.0263,-0.036395,1.5821,0.11802
-0.55844,0.15631,0.8604,0.10096,0.72446,0.022704,-2.3512,0.045124
-0.55821,2.3396,0.33191,0.31752,-0.15793,-0.12576,0.57489,-0.046046
-0.56411,1.1959,0.43702,0.34027,0.92974,-0.038621,2.5773,-0.082382
-0.60582,0.12081,0.45412,-0.16649,1.8207,0.17604,-1.7492,-0.11098
-0.7102,0.86486,0.76981,-0.1308,-2.5912,-0.1458,-0.2889,-0.097983
-0.5928,-1.725,0.088962,-0.20944,2.1098,0.13964,2.6838,-0.033147
-0.54655,0.049408,0.27128,0.48671,0.67973,0.024456,-0.28201,-0.044488
-0.5442,-1.2194,0.017816,-0.031091,-1.243,-0.015525,-0.54925,-0.001556
-0.21444,-1.4434,-0.51262,-0.74017,2.2794,0.19986,2.8964,0.2152
0.12482,-0.64514,-0.45529,0.44459,0.15933,-0.0085491,-0.1631,0.24367
4.5371,0.57299,-0.55918,-0.40929,1.1619,0.02153,-1.0595,0.082556
4.4943,2.536,-0.48695,0.13075,0.36733,-0.041278,2.6696,0.04067
4.4492,0.84744,1.2839,0.44224,0.53238,-0.075894,0.24072,-0.036457
4.4442,-0.37566,0.22725,-0.25846,-0.22145,-0.084551,-1.6969,-0.083818
-0.66306,2.372,0.53334,0.28495,-0.0054671,-0.061782,2.0242,-0.1248
-0.65036,0.2189,0.62411,0.64165,-1.6127,-0.062976,0.0089719,-0.078172
-0.46999,-3.3677,-0.22209,-0.5254,0.69067,-0.036369,-2.1712,-0.045754
-0.4991,0.99105,-0.19954,0.017177,-1.4055,-0.12815,1.2912,-0.040667
-0.65402,-1.2219,0.025332,0.29779,-2.212,-0.047529,1.0259,0.10947
-0.64863,-6.7887,-0.20573,-0.2787,0.59562,-0.067006,-2.067,0.3466
-0.82821,2.0045,-1.6658,0.18615,-3.0544,-0.13211,0.31013,0.24978
-0.76014,-0.54754,-0.67581,0.15185,0.50844,-0.10337,1.3456,0.25438
-0.55072,-0.67967,0.29042,-0.18296,0.016125,-0.063707,-1.4746,0.041473
-0.61574,2.9813,0.78936,0.27097,-5.1253,-0.11578,-1.1332,-0.06739
-0.62141,0.67925,-0.048152,0.045226,2.3344,0.051159,1.9202,-0.092726
-0.40593,1.1636,2.7083,0.25789,-3.3741,-0.075176,-1.6644,-0.12315
-0.66019,1.4064,0.3659,0.7579,-2.0118,-0.030837,-1.7885,-0.098299
-0.60869,-2.0236,-1.0134,-0.72801,1.6459,-0.061782,1.3038,-0.089708
-0.61264,1.7195,0.7398,0.39733,-5.2648,-0.053786,-1.5847,-0.0091981
-0.80369,-4.2898,-1.2607,-0.36381,0.14385,-0.050378,-1.975,0.17387
-0.6375,0.61008,-0.23043,-0.23094,0.29164,-0.21186,1.7674,0.16538
-0.57988,-0.95506,-0.2757,0.57449,-2.7055,-0.078397,0.038333,0.19709
-0.58483,0.0050516,-0.033313,-0.39655,-0.44787,-0.10055,-2.6898,0.054421
-0.4395,1.2896,-0.0015522,-0.32464,-0.64078,-0.17549,1.9555,0.030424
-0.43693,1.7733,0.56011,0.40945,-0.28564,-0.023842,-0.012362,-0.035678
-0.57817,-0.62208,0.72707,0.46565,-1.2378,-0.098234,-3.6401,-0.071333
-0.57894,2.1168,0.49639,-0.18553,-0.54459,-0.037325,1.9701,-0.095257
-0.74867,0.093707,0.82727,0.55098,0.068031,-0.060685,1.0317,-0.095379
-0.59116,-1.299,-0.16477,0.062445,1.3978,0.10779,-1.8525,-0.05398
-0.54565,0.48808,-1.4503,0.25451,-1.0291,-0.019767,0.90678,0.1371
-0.55028,-2.1961,-0.23888,-0.2289,1.7371,0.087219,1.7197,0.097061
4.5487,-1.8441,0.060652,0.12065,0.073984,-0.02313,-1.5921,0.016284
4.5224,0.033379,-1.2454,-0.12797,0.89122,-0.013131,0.8974,0.16684
4.4764,1.318,-0.57225,0.19243,3.2401,0.26461,1.6099,0.10655
4.4283,-0.16868,1.05,0.34517,-1.2809,-0.010481,-0.29744,0.027211
-0.5605,1.0635,0.44566,-0.16493,0.20549,0.020689,-0.25688,-0.056146
-0.73421,0.8114,-0.024993,-0.0032094,2.2805,0.1177,1.4029,-0.098372
-0.62507,1.5981,0.19843,0.51168,-2.9267,0.020817,-0.35711,-0.11086
-0.64283,-0.9327,-0.62933,0.25526,0.95909,0.035777,-1.2799,-0.097958
-0.64224,0.48346,-0.016501,-0.55974,1.3148,-0.05876,1.5491,-0.019493
-0.40981,-0.73639,-0.12926,0.4702,-4.0164,-0.043377,-0.43315,0.24168
-0.53645,-4.2106,-1.0207,-0.35634,1.7182,0.098244,-2.3645,0.24737
-0.63842,-1.0259,-0.82413,-0.62548,-0.76552,-0.11947,2.0495,0.35027
-0.62675,1.5204,-0.2847,0.5338,-3.5969,-0.042896,0.18401,0.11035
-0.75392,-4.6565,-0.68718,-0.95563,1.9729,0.068705,-3.4822,0.12756
-0.58885,1.9922,0.23103,-0.61443,-2.6207,-0.013356,1.8169,0.025289
-0.61012,1.8865,1.3525,0.053601,-2.0795,-0.10334,1.3309,-0.07014
-0.61735,-1.4318,0.16547,0.10828,2.7029,0.23954,-2.2235,-0.093626
-0.30691,3.8215,0.070057,0.015359,-4.0091,-0.052791,-0.029026,-0.09017
-0.54099,-0.83508,-0.18278,-0.085512,1.5439,0.026394,1.7024,-0.11173
-0.59582,-1.1618,0.19464,-0.47948,1.6046,0.13404,-1.375,0.027674
-0.59337,-0.38411,-1.3646,-0.013833,-0.60606,-0.0027156,-0.074198,0.0084712
-0.72164,-1.3404,-1.3816,-0.55864,1.5481,0.036681,2.131,0.17268
-0.67587,-1.1982,-0.57454,0.051649,0.59275,0.019662,-1.0062,0.16248
-0.58153,0.81739,-1.2615,-0.56632,-0.14639,-0.056225,0.36091,0.12021
-0.57507,-0.35897,-0.41414,-0.44948,2.65,0.20473,2.1536,0.076082
-0.61837,2.2891,0.46571,0.59493,-0.984,-0.018868,-1.0823,-0.010731
-0.43362,0.17136,1.0791,-0.031143,0.98243,0.023108,-1.1709,-0.058701
-0.56898,1.6101,-0.28975,-0.17144,2.0961,0.098783,2.4176,-0.088588
-0.56121,0.027432,0.31224,0.30103,1.0556,0.016736,0.33477,-0.11232
-0.69737,-3.1275,0.63958,0.15479,2.2548,0.16501,-2.3963,-0.065273
-0.65587,0.53125,-0.34037,-0.23738,0.77808,0.026965,3.4181,-0.0051337
4.5466,-0.76306,0.30405,0.74149,2.0067,0.16312,0.66754,-0.044245
4.5332,-3.065,-0.084525,-0.024604,1.9392,0.17489,-1.1434,0.18159
4.4908,2.0247,-0.66656,-0.52765,-0.41669,-0.012586,1.0115,0.037239
4.4635,0.2282,0.33507,0.39888,1.924,0.12904,2.3699,0.16757
-0.67491,-1.0074,0.83209,-0.31069,2.0513,0.18945,-0.88139,0.078248
-0.6552,2.7036,-0.18265,0.34115,-2.1613,-0.073398,0.66411,0.0057453
-0.64942,0.28368,0.58797,0.050794,2.1715,0.14416,2.0476,-0.0505
-0.72177,0.051483,-0.010276,-0.068537,0.79499,0.0034709,-1.0706,-0.080727
-0.67985,2.4273,-0.2882,0.63173,-1.0007,-0.14918,-0.94749,-0.11736
-0.62605,-1.7545,0.052724,0.19861,2.2763,0.10801,2.3607,-0.020467
-0.6283,-1.0744,-0.52854,-0.29234,-0.24771,0.012231,-1.0056,0.024924
-0.2598,0.26209,-0.67826,0.31557,-0.22238,-0.080143,-0.95635,0.2805
-0.5136,-2.3204,-1.0496,-0.67413,2.8425,0.15217,2.5258,0.25297
-0.6366,1.1025,-0.17637,0.61065,-3.2887,-0.03479,-1.2154,0.28928
-0.62064,1.8282,0.83809,1.1692,0.93123,0.00097446,-1.8566,0.071677
-0.85807,-0.77651,-0.99492,-0.77749,2.8976,0.16028,2.1879,0.15664
-0.74436,3.5127,1.0707,0.58342,-2.6409,0.00086536,-0.053224,0.0061347
-0.59985,-3.6761,-1.191,-1.1173,1.3096,0.0056785,-2.8969,-0.040205
-0.59309,1.4573,0.014418,-0.52616,0.7881,-0.13447,1.6322,-0.10234
-0.43453,1.0557,0.94093,0.64566,-0.69758,0.0099846,0.68794,-0.081798
-0.42605,-2.0083,-0.88822,-0.60367,1.1441,-0.0068292,-2.6659,-0.093407
-0.60335,0.49274,0.31636,-0.14905,-0.55621,-0.16921,1.5195,0.0083738
-0.58745,-1.7152,-0.26975,0.076685,1.0137,0.027511,0.77693,0.078297
-0.58037,-1.2865,-0.4426,-0.031091,0.014192,-0.083582,-3.5611,0.062526
-0.6822,0.44292,-0.12939,-0.36914,0.31974,-0.041471,1.6224,0.1665
-0.5557,0.090008,0.47409,-0.046847,0.98848,-0.01901,1.8118,0.042106
-0.55763,-0.20079,-0.13557,0.034031,1.0601,0.012712,-1.2327,0.069389
-0.55131,1.6604,0.25459,-0.046339,-0.75466,-0.072775,0.1997,-0.03743
-0.39506,1.9831,-0.039769,0.21841,1.8857,0.16351,2.1992,-0.059675
-0.49348,-0.39938,0.68225,0.13799,0.67779,0.040173,-1.4991,-0.11553
-0.55185,1.6157,-0.46523,0.098805,0.7518,-0.017688,1.03,-0.13043
4.5086,0.63263,0.016737,-0.21142,2.1628,0.1565,1.8918,-0.084816
4.5163,-0.74468,-0.092452,0.48227,-0.43499,-0.061044,-0.19542,0.019107
4.4979,-2.1033,-0.65885,-0.24335,0.85856,0.0014044,-1.02,0.085914
4.4772,-0.56319,-0.30118,-0.080451,1.4544,0.032574,2.504,0.16832
-0.64085,-0.57772,1.0821,0.66161,-1.7933,0.0058261,-0.60714,0.1197
-0.29808,-0.098439,-0.38895,0.092929,0.42431,-0.06286,-2.013,0.097061
-0.5678,2.1707,0.27449,0.052548,0.62921,-0.065639,1.7033,0.060676
-0.64921,2.1528,0.82839,0.38519,-2.119,-0.020819,-0.10687,-0.032952
-0.62933,-1.5774,0.82369,-0.49576,0.79641,-0.030824,-3.0649,-0.062839
-0.62777,2.1046,1.3605,-0.39444,-0.96077,-0.098304,0.87844,-0.14812
-0.69573,0.80535,0.40041,0.19959,-1.5852,-0.086894,0.52173,-0.098786
-0.67765,-6.2046,-0.9598,-0.23144,1.1426,0.049061,-3.0419,0.022076
-0.6065,0.29677,-0.74025,-0.34366,-2.9165,-0.082466,0.49263,0.14377
-0.59928,-0.014593,0.43388,0.14122,-1.6486,-0.089531,0.20635,0.14766
-0.40049,-4.5073,-0.13402,-0.23629,1.886,0.14709,-1.5153,0.15107
-0.54245,1.0835,-1.0076,0.41562,-5.1333,-0.065248,-0.42608,0.17927
-0.59732,-0.052483,-0.18435,0.023799,1.7376,0.0726,1.5388,0.15525
-0.58671,1.601,0.088121,-0.11437,1.0214,0.015074,-1.4667,-0.046338
-0.78994,3.9002,0.28007,0.52202,-1.9483,-0.046489,-0.76409,-0.0079326
-0.57211,0.16264,0.10947,-0.57987,2.7703,0.19836,2.1495,-0.12828
-0.57348,1.2424,-0.09657,0.28352,-0.36023,0.040564,-0.8694,-0.12502
-0.56128,-0.30805,-0.35942,-0.10919,-0.69557,-0.092926,-1.6405,-0.10037
-0.39065,-0.1022,0.34195,-0.39705,1.7439,0.076136,1.6665,-0.053079
-0.53483,-1.5826,-0.49264,0.51643,-0.73081,-0.014152,-1.0294,-0.0013127
-0.56479,-1.7767,0.2784,0.04924,-0.11325,-0.06157,-1.3786,0.099471
-0.55569,-1.8028,-1.0622,-0.1605,2.2388,0.18967,2.2564,-0.010464
-0.86578,0.35318,0.23946,0.31449,-0.28753,-0.064394,0.27836,0.17521
-0.59962,-0.6231,-0.25194,-0.014854,1.2404,-0.0021124,-2.0648,0.031032
-0.53621,3.4894,-0.19369,0.13529,1.5479,0.14679,3.6373,0.045051
-0.53737,0.99919,0.62817,0.51532,2.1266,0.22482,1.4295,-0.036968
-0.25194,-0.86641,0.35995,-0.055781,1.8093,0.16934,-1.5883,-0.092799
4.5083,2.0435,-0.13128,-0.48094,-0.33242,-0.043704,1.9606,-0.094673
4.4817,-1.5097,0.60048,0.3569,2.1171,0.22333,1.8766,-0.10453
4.4609,-2.1653,-0.3386,-0.0029075,2.088,0.19756,-1.1873,-0.044172
4.44,1.1368,-0.66047,0.49644,-2.0538,-0.088723,0.57354,0.010467
-0.88483,-1.4537,0.15466,0.18178,2.8893,0.26349,1.936,0.099957
-0.70385,-2.736,-0.080767,-0.14097,0.36446,0.002797,-1.2138,0.17455
-0.65098,1.2346,-0.94063,0.37979,-0.75219,-0.089994,-0.3966,0.1553
-0.64431,0.60091,0.070853,0.31097,2.4811,0.17388,2.3521,0.0051125
-0.46857,1.2526,0.61541,0.1616,-1.5904,-0.064574,-0.95746,0.031957
-0.70013,1.9599,0.43115,0.32207,0.040209,-0.044038,-1.6976,-0.062839
-0.63736,1.8643,0.39459,-0.3594,2.5762,0.19524,2.8033,-0.11353
-0.63789,1.5986,0.82458,0.43323,-2.3054,-0.027307,-0.55101,-0.13013
-0.80907,0.030258,-0.34833,0.69565,0.56607,-0.061384,-1.4993,-0.081798
-0.71802,-0.90476,-0.38281,-0.43343,1.3249,-0.012836,2.2238,0.018206
-0.61063,0.36951,0.7468,0.25665,-2.4689,-0.057155,0.24478,0.038821
-0.60538,-5.5241,-0.91164,-1.1488,1.9748,0.13032,-3.026,0.072163
-0.31355,-0.51689,-0.73205,-0.39599,-0.65275,-0.03909,2.8513,0.13797
-0.44213,0.88295,1.0385,0.67827,-2.2163,-0.047856,0.6116,0.13155
-0.61248,-2.5869,-1.0296,-0.54892,1.6053,0.12497,-2.8563,0.032663
-0.60879,3.7488,0.036138,-0.043288,-1.3255,-0.048537,1.4886,0.02266
-0.77314,0.75739,1.187,0.27118,1.4346,0.10994,1.4269,-0.043636
-0.68136,0.21245,1.3877,-0.13307,0.33552,-0.019805,-1.3507,-0.11599
-0.54493,1.3424,1.0568,0.16545,0.35087,-0.034848,0.84386,-0.11736
-0.57552,-0.62867,-0.12044,-0.055453,1.3884,0.10294,2.2262,-0.080021
-0.44034,-1.5827,0.92522,-0.32111,0.76051,0.053283,-1.5267,-0.027719
-0.35534,1.2675,-0.9737,-0.05625,-1.0003,-0.059729,-0.45316,-0.075689
-0.58868,-1.7517,-0.43229,-0.37849,2.4456,0.22966,2.5141,0.0892
-0.57655,0.11423,-0.71369,0.55542,-0.36789,-0.0021252,-0.81574,0.035194
-0.67039,-1.6332,-0.99883,-0.35881,0.52215,-0.012547,-0.84208,0.083529
-0.75301,-0.057897,-0.094212,-0.42045,0.4699,-0.10712,2.4896,0.12089
-0.57763,1.0378,0.73985,0.36661,-0.57698,-0.066653,-0.13905,0.036776
4.512,0.33917,0.3502,-0.27918,0.87875,0.016139,-0.90356,-0.034461
4.4738,2.8989,0.12585,0.070301,-0.21021,-0.12289,2.4127,-0.069507
4.4423,-0.25541,0.57156,0.64095,-1.1556,-0.0058666,0.11081,-0.10957
4.4183,-2.9695,0.16689,-0.49893,0.67573,-0.0077726,-1.732,-0.10127
-0.68008,0.89154,-0.44335,-0.11145,-1.1675,-0.07807,1.4214,-0.042054
-0.67548,-0.69954,-0.24469,0.36945,-1.3226,-0.097309,0.54656,0.011367
-0.77207,-4.6969,-0.76628,-0.35321,-0.2373,-0.038942,-2.4588,0.11432
-0.68866,-0.10343,-2.5855,0.032213,-1.3511,-0.14728,1.2426,0.054932
-0.64655,-0.066233,-0.47301,-0.025394,-1.4002,-0.096469,0.86431,0.079221
-0.64051,-1.8543,0.3498,-0.035838,0.53821,-0.025055,-2.4818,0.08533
-0.69946,3.2307,0.69496,0.47449,-3.024,-0.080817,0.19658,0.041254
-0.63432,2.4632,0.68958,0.063961,-0.94077,-0.20482,1.772,-0.08467
-0.62363,-1.3528,1.0536,-0.58315,0.44114,-0.01068,-1.5444,-0.12792
-0.63028,2.1827,0.30405,-0.10118,-4.3062,-0.089852,-1.202,-0.14405
-0.74335,-0.33293,-0.73553,-0.1182,1.6368,-0.034534,2.0961,-0.097228
-0.67843,0.44987,0.51218,-0.0072494,-2.2213,-0.066794,-1.7461,-0.01869
-0.5427,0.17963,-1.4413,0.27393,-1.5103,-0.008286,-1.439,0.040914
-0.60645,-1.8122,-1.2341,-0.28456,0.78609,-0.095525,1.7078,0.092315
-0.60848,1.0772,0.36241,0.51595,-4.1446,-0.036536,-1.8199,0.045927
-0.46565,-2.3286,-1.3981,-0.65774,0.87722,-0.0040312,-1.4854,0.16397
-0.58403,1.384,-1.3294,-0.53714,-0.01801,-0.16016,1.2332,0.098716
-0.59834,1.1546,0.51299,0.28939,-2.4056,-0.081022,-0.5296,0.034196
-0.58755,-0.21139,1.2672,-0.48048,0.22555,-0.039103,-1.2285,-0.057679
-0.66969,2.2188,0.61272,0.024717,0.54673,-0.18617,1.6772,-0.09937
-0.62529,0.075854,0.54272,0.21952,-0.44026,-0.0026899,0.46003,-0.11144
-0.57906,-0.50367,0.12772,-0.059037,-0.19463,-0.066942,-3.543,-0.093748
-0.57908,-0.093314,-0.14822,-0.1674,-1.0884,-0.096032,1.1457,-0.053298
-0.25038,0.30134,-0.21912,-0.065948,-1.3613,-0.053234,0.94229,-0.064177
-0.52803,-3.2059,-0.43573,0.21007,0.58123,-0.063733,-2.6053,0.084211
-0.57202,1.6296,-1.3348,0.1759,-1.7818,-0.085405,1.2041,0.17791
-0.56356,-0.54484,0.010544,0.00048379,2.2407,0.14163,2.2186,0.093897
4.5306,0.091119,0.87886,0.19717,-1.0119,-0.025896,-1.5088,0.031738
4.4912,2.6293,0.59593,0.3418,-2.0037,-0.099896,-0.2859,0.042788
4.4471,1.2081,-0.52143,0.19371,2.524,0.2052,2.3258,-0.054613
4.4098,-0.29334,0.60836,0.11814,-2.3483,0.024815,-1.1374,-0.10774
-0.63897,1.3187,0.34464,-0.11867,-1.3612,-0.028116,-0.23361,-0.11215
-0.55545,0.20614,0.4408,0.043665,1.6696,0.0019242,1.8606,-0.093845
-0.71397,-0.22511,-0.21823,0.50203,-3.2345,-0.063419,-0.72993,-0.021124
-0.66663,-0.6387,-0.62749,-0.25269,-0.44994,-0.021339,-1.7119,0.0037009
-0.80647,-0.024046,-0.58914,-0.36807,0.83325,-0.13802,1.1478,0.043153
-0.73821,0.66647,0.55392,0.36212,-3.4875,-0.035862,-0.26809,0.23742
-0.58417,-2.3977,0.0028419,0.32838,0.037229,-0.071319,-2.5902,0.18633
-0.63758,0.020086,-0.30984,-0.59139,0.89667,-0.10246,1.4887,0.11439
-0.63871,2.7689,0.77813,0.077796,-4.5763,-0.051052,0.2002,-0.023996
-0.46592,-2.4141,-0.11864,-1.2504,1.2915,0.014496,-3.174,-0.095622
-0.69427,0.9762,0.33662,-0.51395,-2.9653,-0.072917,1.7994,-0.11066
-0.63009,1.3134,0.92792,0.34215,-4.1979,-0.023438,0.79168,-0.1029
-0.63332,-4.183,0.4821,-0.34197,2.1299,0.14038,-2.6585,-0.091071
-0.71418,2.2683,-0.8866,-0.2521,-3.1203,-0.081997,0.14232,-0.0413
-0.71373,-1.0653,-0.36117,0.087109,-0.25128,-0.10069,0.83724,-0.039961
-0.60345,-1.4693,-0.011394,-0.45381,1.082,0.084838,-2.1106,0.18241
-0.60601,1.2033,0.60093,0.33702,-1.0729,-0.090584,0.046643,0.077639
-0.27406,-0.55489,-0.92322,-0.15637,0.78813,-0.085315,2.1071,0.10891
-0.44156,0.16936,1.3895,-0.043597,-0.25209,0.044029,-1.7358,0.10573
-0.60414,1.644,-0.10062,-0.123,0.19627,-0.078859,-0.22369,0.023512
-0.60101,0.42244,-0.0096143,-0.37503,2.0206,0.11608,2.9357,-0.065638
-0.59805,1.6735,-0.046764,0.43075,-0.056467,0.027652,-1.1957,-0.0753
-0.62746,0.43156,-0.79417,-0.031721,-0.39578,0.023115,-0.84764,-0.11704
-0.57097,0.39776,-0.091829,-0.32629,1.6094,0.078973,2.7652,-0.093918
-0.57165,-0.52539,0.10495,0.56332,0.4232,0.04865,-0.15332,-0.017157
-0.43486,-3.778,0.88225,-0.30106,1.1201,0.047713,-0.86846,0.050065
-0.47221,-0.82322,-0.72243,-0.34034,1.5357,0.10538,2.9236,0.12052
4.54,0.084845,0.30572,0.33884,0.61123,-0.043274,0.73326,0.026116
4.5122,-2.7002,-0.99959,-0.55972,1.2378,0.018956,-2.1533,0.18881
4.4679,2.2235,-0.075975,-0.12644,-1.0468,-0.057765,1.9042,0.078199
4.4259,0.95431,1.1858,0.51049,0.66974,-0.0050644,1.5369,0.0043581
-0.63268,-0.65876,1.0378,-0.25655,0.90848,-0.0018107,-1.5863,-0.042444
-0.66422,1.6441,-0.94537,-0.18325,-1.1358,-0.10301,1.369,-0.11991
-0.66126,0.061019,0.40025,-0.083913,-0.58448,-0.017521,1.2971,-0.06958
-0.48102,-2.1927,-0.055572,0.015854,0.72044,-0.070163,-2.07,-0.067098
-0.5904,0.80161,-0.71501,0.25893,-2.1545,-0.14014,-0.26164,-0.023436
-0.65618,-0.69189,-0.24089,0.3931,-0.64837,-0.050211,1.5803,0.13006
-0.64835,-2.7188,-0.23747,-0.40734,0.8595,-0.032108,-1.4718,0.12515
-0.78422,2.1344,0.20385,0.24322,-3.4616,-0.090507,-0.82237,0.25723
-0.7097,0.17927,-0.93649,0.094579,1.1466,-0.034142,2.054,0.17915
-0.62507,1.7885,0.55775,0.085472,-1.3462,-0.026775,-1.8814,0.14579
-0.62842,4.1303,0.11415,0.80558,-1.0339,-0.032339,-0.49949,0.0069866
-0.46604,1.8587,0.22337,-0.68139,3.3125,0.15575,1.9953,-0.073499
-0.6109,2.3054,0.68913,0.39421,-4.4748,-0.04382,-1.2296,-0.12753
-0.61001,-1.1296,-0.33283,-0.34324,-0.25317,-0.027821,-0.29494,-0.1057
-0.61117,0.22218,-1.0236,-0.15587,1.3928,-0.1337,1.2658,-0.076517
-0.78839,-0.0024171,0.22723,0.2954,-4.0445,-0.048556,-1.1023,0.065665
-0.69994,-4.7228,-0.21104,-0.7513,-0.57585,-0.072422,-2.1288,0.094627
-0.60074,0.21905,-0.16079,-0.23845,-0.75119,-0.18052,1.0225,0.22296
-0.59298,-0.82972,-0.30295,0.34255,-0.88126,-0.04613,0.46647,0.14581
-0.56438,-0.88311,-0.12446,-0.17234,-1.4025,-0.013016,-3.1369,0.072042
-0.44818,1.6954,-0.50604,-0.078132,-0.5726,-0.12893,0.56904,0.068488
-0.57762,1.4868,-0.2004,0.29739,-1.5986,-0.030831,0.59835,-0.016207
-0.5775,-0.14564,0.74696,0.42296,-1.0649,0.00028779,-3.3453,-0.04938
-0.56941,2.9758,0.33246,-0.027192,-2.072,-0.12665,0.11483,-0.06223
-0.58433,0.34813,0.065129,0.56651,0.94359,-0.035515,1.2231,-0.10932
-0.55839,-1.7148,0.5652,0.23476,-0.87632,-0.014703,-2.3356,-0.044926
-0.55834,0.72827,-0.22504,0.10038,-1.2336,-0.072788,-0.26318,0.019569
-0.55027,0.82359,-0.84728,0.30352,2.4163,0.19634,2.3721,-0.038112
4.534,-2.4743,-1.2468,-0.03806,-1.8257,-0.0055008,-1.5328,0.15433
4.5025,0.093052,0.30803,0.24911,-1.0994,-0.039096,-0.81668,0.17764
4.4624,0.15742,0.75582,0.070673,1.8192,0.11206,2.3395,0.12473
-0.65839,1.2973,0.5786,0.48661,-2.0736,0.030983,-1.1423,0.017768
-0.94007,1.2465,-0.85568,-0.33763,0.089867,-0.047677,0.089438,0.0013888
-0.67141,2.2512,-0.34143,-0.056352,-0.0032321,-0.07248,0.4169,-0.082066
-0.63855,1.1195,1.4047,0.57168,-2.7078,-0.041785,-0.34914,-0.10239
-0.63602,-3.5887,0.81467,-0.62273,-0.26692,-0.0073426,-2.6161,-0.090389
-0.20917,-0.30095,-0.046565,-0.38109,-0.51813,-0.13893,1.094,-0.02879
-0.45978,-0.65629,-0.29767,0.23268,-4.0282,-0.037088,0.35943,0.01604
-0.63494,-5.6434,-1.8459,-0.85447,1.4134,0.0010065,-3.7211,0.21211
-0.62973,-0.68608,-0.74016,-0.81872,-1.3957,-0.060839,0.68945,0.14318
-0.89912,0.16967,0.20753,0.18537,-4.8079,-0.059344,0.33266,0.32528
-0.78944,-5.1352,-0.54107,-0.053109,1.6331,0.054137,-3.4301,0.092607
-0.6545,3.1748,0.28768,0.048045,-4.4742,-0.074027,-0.5229,0.051184
-0.60319,0.47316,0.569,0.12866,1.322,0.011339,1.5561,-0.031735
-0.59306,1.3538,1.1356,-0.12194,1.6292,0.09716,-1.375,-0.073986
-0.39955,3.0745,0.35461,0.28156,-3.2141,-0.011912,-1.3291,-0.092628
-0.61746,-0.071749,-1.1042,-0.44476,1.8646,0.048689,1.6292,-0.12293
-0.59723,-0.12289,-0.044876,0.18774,-0.83283,0.038921,-1.3429,-0.051643
-0.59681,0.28337,-1.7344,0.023214,0.11553,-0.06827,-1.3849,0.013631
-0.79441,-1.422,-1.1188,-0.46169,0.86532,-0.041554,1.957,0.094043
-0.55287,-0.94289,-0.73434,0.52193,-0.24574,0.050344,-0.95847,0.15163
-0.56745,-0.83305,-0.93687,-0.41434,-0.75868,0.028961,-1.8137,0.11702
-0.56076,0.48829,-0.20011,-0.54758,2.2828,0.096473,2.2814,0.0018756
-0.29134,1.567,0.38707,0.37548,0.28159,-0.0061361,0.32492,0.039867
-0.44385,-1.4343,-0.12123,0.037236,1.2133,0.018571,-1.7477,0.0035549
-0.56325,2.0015,-0.14922,0.028224,1.7841,0.068384,1.9231,-0.064104
-0.56156,0.89202,0.51865,0.45725,2.1246,0.20551,1.2022,-0.091265
-0.68256,-4.1674,-0.81589,-0.33217,2.7629,0.27096,-1.4994,-0.10891
-0.60332,2.0876,-0.99166,-0.066032,1.3552,0.074243,1.8064,-0.098421
4.5349,-0.55524,0.39372,0.62941,2.3438,0.21638,1.4492,-0.0054014
4.5176,-4.5147,-0.16176,-0.23758,2.377,0.22217,-1.2456,0.09324
4.4921,-0.68535,-2.2814,0.18532,0.26184,-0.020101,0.54257,0.13744
-0.47968,-1.4493,0.66303,0.33573,2.1895,0.19794,1.9532,0.18628
-0.60272,-1.0677,0.39699,0.20832,1.6464,0.10384,-1.4205,0.1526
-0.64237,2.7926,-0.66539,0.26814,-1.1412,-0.10519,-0.73835,0.072723
-0.56944,1.3681,0.3053,0.55246,2.4092,0.14253,2.377,-0.012338
-0.91126,1.0456,1.7318,-0.35303,0.27813,0.038427,-0.991,-0.0514
-0.6982,3.305,0.60706,0.52347,-0.14516,-0.061763,-0.85015,-0.12719
-0.61355,0.17665,-0.37774,0.11487,3.4782,0.27043,2.8177,-0.093018
-0.60412,1.6498,-0.20417,0.2088,-0.59345,0.017654,-0.61202,-0.016037
-0.47865,1.4719,-0.36516,0.42163,1.3748,0.09476,-0.043354,0.01071
-0.51344,-2.0769,-0.64831,-0.60809,3.6438,0.2847,2.4793,0.29106
-0.60531,0.29322,-0.28059,0.41956,-2.4327,-0.0065661,-0.013607,0.1314
-0.59534,-1.6477,-0.41834,-0.21506,1.8712,0.067774,-2.4487,0.10227
-0.79235,1.0778,-1.4324,-0.65809,2.1469,0.077112,2.3938,0.12658
-0.57823,1.7853,0.568,0.39418,-0.9843,0.021985,0.75483,0.084113
-0.5783,-3.1034,-0.8964,-0.79105,1.813,0.11966,-2.5411,-0.017205
-0.56457,2.9411,0.62012,-0.22319,1.5095,0.035244,1.9964,-0.075641
-0.24744,0.3024,1.1385,-0.0039223,0.90385,-0.028084,0.78168,-0.11565
-0.55939,-0.27271,-0.2066,-0.20114,1.7763,0.12257,-2.2646,-0.12252
-0.57917,1.3397,0.10661,0.13647,1.2331,0.0056656,0.96011,-0.076857
-0.56137,-3.0345,-0.33031,-0.21997,1.9349,0.14512,2.0145,-0.015283
-0.78552,-1.642,-0.28485,0.35852,1.4351,0.0829,-1.829,0.03169
-0.62604,0.2562,-1.3541,-0.012034,1.1081,-0.052445,0.91907,-0.021367
-0.52617,0.11236,-0.76414,0.26096,1.1948,0.049375,2.138,0.03315
-0.5425,-0.15016,-0.10761,-0.18608,2.0979,0.2331,-0.9826,0.038894
-0.23918,2.7989,-0.65028,0.051931,-0.63542,-0.062097,-0.074872,0.054299
-0.44336,-0.93943,0.011668,-0.52369,2.7217,0.25121,3.0216,-0.0039898
-0.54122,2.2176,0.68628,0.71449,0.90856,0.017763,-0.28521,-0.07457
4.5304,1.5507,1.3223,0.17415,0.86007,0.0023863,-0.073774,-0.056146
4.4992,0.32537,0.42645,-0.21575,1.8062,0.072311,2.9274,-0.098713
4.4764,-1.5692,0.25511,0.45919,-0.030405,-0.024728,-0.4721,-0.10003
4.4607,-0.45862,-0.84634,-0.28216,0.93033,0.0032976,-1.4531,-0.0053771
-0.6495,-0.45022,-1.0244,-0.40752,1.6978,0.073203,2.4032,0.062015
-0.64482,0.065637,0.66638,0.69765,-0.87974,-0.052701,0.27624,0.078418
-0.3448,-3.7482,-0.15555,-0.72034,0.85628,-0.021474,-1.6329,0.14783
-0.62085,0.24373,-0.63913,-0.17735,1.6178,0.0034003,1.838,0.10244
-0.64086,1.4183,-0.07221,0.20961,-1.9434,-0.072204,0.84288,0.02524
-0.63435,-2.1326,-0.49301,-0.50757,1.7562,0.12651,-2.428,-0.020199
-0.87329,1.8062,0.53679,-0.38082,0.82386,-0.054896,1.3263,-0.084913
-0.63911,2.3444,0.67985,0.064944,-2.6196,-0.016597,1.3971,-0.14262
-0.61411,-8.2178,-0.25971,-0.62197,2.1858,0.15222,-2.8897,-0.1131
-0.60484,-0.12085,-1.045,-0.74641,-3.8733,-0.14865,-0.24367,0.020494
-0.46554,-0.46995,-0.45287,0.4737,-1.7914,-0.090167,1.5127,-0.0087844
-0.48853,-3.6084,-0.24075,-0.077259,2.7592,0.23591,-1.5355,0.032566
-0.64051,1.1357,-0.29277,0.027364,-4.022,-0.062815,-0.4847,0.12303
-0.60607,-0.9977,-0.67701,-0.42452,1.4965,0.019027,2.3599,0.087034
-0.64378,1.7124,-0.43679,0.10118,1.1778,0.090357,-0.56842,0.040841
-0.66689,2.8716,-0.8169,0.30007,-0.79629,-0.12834,-1.216,0.064716
-0.54323,0.22142,-0.28222,-0.81406,1.3455,-0.018349,2.5428,-0.01078
-0.57324,2.1852,-0.50196,0.64742,-0.53982,-0.015743,-1.13,-0.092945
-0.58288,-0.68242,-0.16155,-0.29909,-1.6449,-0.11633,-1.4269,-0.098299
-0.36981,-0.16832,0.4527,-0.35942,0.57862,-0.10057,1.4484,-0.11806
-0.57336,-0.51819,0.31692,0.18058,0.32094,-0.0095374,-0.32497,-0.070968
-0.57001,-1.0634,-0.57605,-0.18925,-0.26886,-0.038044,-1.0031,-0.088588
-0.57374,0.64251,-1.1793,-0.022915,1.4736,-0.035137,2.0356,0.012414
-0.7459,1.0973,-0.33574,0.24247,-0.72179,-0.029592,0.083549,0.0368
-0.56974,-4.3259,-1.1221,-0.11173,0.92256,0.02409,-1.4696,0.14832
-0.54467,2.5043,-1.1045,0.20108,1.2498,0.018449,2.0084,0.12276
-0.54468,1.1163,0.3099,0.35222,0.54462,-0.00097646,1.0068,0.021176
4.5306,-2.434,0.072973,-0.088891,0.96277,0.030585,-1.8582,-0.012046
4.4872,2.5825,-0.84823,0.023805,-1.3731,-0.12134,0.16183,-0.075056
4.4507,0.49438,0.66969,0.21221,1.4645,0.046128,1.3103,-0.13709
4.4247,-2.4218,0.57475,0.18286,0.14411,-0.0050195,-1.5951,-0.10835
-0.70698,0.78136,-0.3315,0.11531,-1.6692,-0.12668,0.40473,-0.077344
-0.70711,-0.72997,0.1387,0.28601,1.0812,-0.044802,1.6086,0.043323
-0.64902,-2.3199,-0.14115,0.22776,-0.83222,-0.027378,-1.9805,0.090952
-0.64585,1.5753,-0.078184,0.32545,-3.6135,-0.11176,-1.0137,0.078467
-0.54491,0.9687,0.034853,0.045361,2.0794,0.048528,2.1654,0.071117
-0.51955,0.045992,0.58105,-0.1024,-1.3058,0.021125,-0.36587,0.16287
-0.58762,3.2373,0.39584,0.46311,-1.158,-0.088992,-1.6972,0.08572
-0.63692,0.60476,-0.43676,-0.058408,2.5758,0.096473,1.8377,-0.037795
-0.64404,2.9379,0.57073,0.51117,-4.287,-0.073693,-0.90507,-0.10144
-0.61003,1.4313,0.3863,0.53132,-0.48163,-0.092702,-1.3025,-0.18448
-0.59715,0.040925,-0.52457,-0.75066,1.4932,-0.085598,1.6243,-0.12295
-0.60962,1.1677,1.265,0.26856,-3.3774,0.0020975,-0.24061,-0.058215
-0.61329,-3.3791,-0.87703,-0.69753,0.1295,-0.011148,-2.7513,-0.0087114
-0.38278,-0.090707,-0.8239,-0.50901,0.47649,-0.1285,1.788,0.054859
-0.55246,-0.48896,-0.091026,0.3945,-3.0634,0.0022323,-0.1856,0.075765
-0.60416,-2.3413,-0.69325,-0.6803,0.68861,0.0086369,-2.608,0.15192
-0.59399,3.0427,0.31196,0.0076004,0.15909,-0.13643,0.71963,0.056392
-0.75519,0.19544,-0.11557,-0.127,0.11391,-0.0081191,1.1768,0.02176
-0.69161,1.7471,0.91718,0.26831,-0.45353,0.031868,-2.5289,-0.054759
-0.58125,0.99747,-0.7068,-0.058716,1.2296,-0.071421,0.44472,-0.1064
-0.57776,0.65639,-0.022886,-0.17239,-0.58078,-0.013638,1.6661,-0.088588
-0.42176,-0.56789,-0.013527,0.42615,1.1426,0.044986,-1.4064,-0.10176
-0.51713,0.44507,-1.3322,-0.37276,-3.0898,-0.16068,-1.5278,-0.087444
-0.57034,-0.9069,-0.73047,-0.051092,1.0159,-0.037293,1.5622,-0.03541
-0.56348,-0.43964,-0.16686,0.33004,-0.66055,-0.032531,-1.3262,0.057415
-0.90698,0.21535,0.073648,-0.05835,-1.8928,-0.040637,-0.48411,0.12193
-0.67621,-1.8421,-0.099011,-0.53955,1.4407,0.0014301,2.1275,0.15873
4.5456,1.0655,0.083598,0.58887,-0.89454,-0.0081961,-0.881,0.02872
4.5044,1.5323,0.18322,0.098041,-1.0895,-0.067552,-1.8691,0.02193
4.4601,2.2009,1.2357,0.086062,-0.95884,-0.033455,3.0318,-0.014601
4.4228,0.63738,1.7087,0.8403,-1.3447,-0.017925,-0.5945,-0.095598
-0.69496,-2.2556,0.16549,-0.48013,-1.6946,-0.028841,-2.0707,-0.14953
-0.66266,-0.10758,-0.22955,-0.041015,-0.82326,-0.14152,1.221,-0.09516
-0.86947,0.058765,0.30853,0.20994,-2.9176,-0.059645,0.3067,-0.054588
-0.79979,-4.8577,-0.2987,-0.49401,-0.38404,-0.042222,-3.175,0.02103
-0.60793,0.5738,0.013872,-0.18908,-3.178,-0.12967,0.74972,0.031665
-0.63634,-1.221,0.20758,0.15379,-2.8679,-0.097823,0.68979,0.23043
-0.63701,-6.0811,0.071553,-0.53313,0.65536,-0.020267,-2.6807,0.039283
-0.52312,1.2004,-1.0615,-0.20359,-5.3199,-0.10762,-0.75596,0.15759
-0.6165,1.028,0.063376,-0.085795,-1.7793,-0.095352,1.0781,0.0561
-0.63447,-0.52523,0.15367,-0.28467,0.69653,-0.037267,-1.2421,-0.060624
-0.63048,3.4431,0.075299,0.33719,-6.1423,-0.066473,-1.4824,-0.089903
-0.71665,-0.01896,-0.07742,-0.094299,0.85371,-0.11217,1.7872,-0.12371
-0.63133,0.79398,0.81487,0.0069067,-2.6133,-0.029907,-2.095,-0.11704
-0.60282,-0.4715,0.072466,0.54261,-2.0706,-0.054838,-1.6319,-0.041616
-0.60914,-0.90106,-0.69937,-0.4574,-0.085612,-0.15872,1.3667,-0.033804
-0.36562,-0.39086,0.61102,0.2062,-5.3352,-0.077903,-1.912,0.14121
-0.44266,-3.7408,-1.233,-0.2517,-1.8229,-0.018856,-1.5244,0.20505
-0.61469,0.51773,-0.58514,-0.16058,-1.7417,-0.26833,0.6824,0.12894
-0.60152,-0.007407,0.59292,0.029669,-2.4187,-0.0094732,-0.67404,0.094554
-0.63929,0.60338,0.049866,-0.019498,-2.2099,-0.0050965,-2.1444,0.071312
-0.65569,1.5573,0.32174,-0.090297,-0.088515,-0.13674,0.79904,-0.036627
-0.63236,1.979,0.059797,0.42587,-0.72977,-0.021814,-0.12964,-0.059139
-0.57245,-1.4833,0.79751,0.073724,-2.1644,-0.055499,-3.5906,-0.083988
-0.56203,2.7059,-0.17203,0.066569,-0.89081,-0.12889,1.0669,-0.073085
-0.3441,-0.63527,0.30534,0.33296,-1.4486,-0.063765,0.37175,-0.070286
-0.54605,-1.9679,-1.1365,-0.103,-0.28817,0.019694,-2.1515,0.049748
-0.5742,1.4276,-1.961,0.28688,-1.1375,-0.10491,0.059827,0.10049
-0.54444,0.034355,-0.098728,0.22324,1.3723,0.0082134,1.3547,-0.032855
4.5343,-2.298,0.45484,-0.084542,-0.9607,0.052982,-1.451,0.13259
4.5019,1.2632,0.013069,0.28134,-1.8874,-0.078031,-1.0938,0.22724
4.4503,1.3718,-0.15538,0.15112,2.3205,0.097237,1.585,0.034659
-0.65608,1.3573,0.42809,0.40391,-2.4923,-0.03221,-1.7129,-0.0514
-0.43725,1.3984,0.016769,0.030832,-2.0273,-0.051809,-1.6364,-0.092774
-0.61188,1.0186,0.54213,0.15113,1.8559,-0.023694,1.5745,-0.13709
-0.65017,0.44121,0.70561,0.24642,-3.6627,-0.023714,-1.0206,-0.0946
-0.65046,0.54909,-1.8314,0.37042,0.39781,-0.044057,-1.0475,-0.069142
-0.72659,-1.1434,-1.2648,-0.37392,0.53572,-0.18255,0.42979,0.096866
-0.7844,0.55318,-0.37933,0.38337,-4.1238,0.016723,-0.56448,0.062039
-0.61857,-2.569,-0.063114,-0.19059,1.6168,0.045133,-2.4525,0.25815
-0.62419,-0.056754,-0.96576,-0.5013,-0.59242,-0.070253,1.4682,0.13048
-0.26584,2.2895,0.63549,0.62568,-4.9267,-0.020421,-0.71423,0.15104
-0.53972,-3.9343,-1.1028,-0.9127,1.3831,-0.064567,-3.544,0.042033
-0.63835,2.6577,0.55728,-0.35593,-1.5637,-0.050584,1.3453,-0.024628
-0.61085,1.5364,1.3038,0.36073,-2.4477,-0.015775,0.88395,-0.10623
-0.70688,-1.9633,0.26539,-0.36476,1.9268,0.12929,-2.3561,-0.11762
-0.70374,3.4127,-0.016173,0.28083,-3.0056,-0.12562,-0.32755,-0.084427
-0.66044,-1.3903,-0.68167,-0.034155,0.98408,-0.10117,1.2456,-0.022049
-0.59136,-1.0358,0.38519,-0.15038,1.6462,0.080673,-1.2386,0.06771
-0.5808,0.67286,-0.21247,-0.078434,-0.044091,-0.055962,-0.85213,0.037482
-0.36112,-1.1153,-1.2448,-0.27198,-0.1495,-0.0053147,1.9244,0.10697
-0.54951,-0.24875,0.68554,0.23358,1.4567,0.05775,-0.92819,0.16742
-0.58096,1.229,-1.3736,-0.57692,-0.084745,0.018963,-1.2031,0.10212
-0.57094,1.7233,-0.72077,-0.00073013,2.0013,0.10848,2.2363,-0.027525
-0.76129,2.0627,0.033118,0.36014,-0.295,0.059945,-1.2131,-0.02587
-0.57181,-0.59067,0.98377,-0.088428,-0.16678,0.0014494,-2.1702,-0.060575
-0.55954,0.53213,-0.13287,-0.016466,2.5563,0.17906,2.7748,-0.10835
-0.54937,0.20971,0.96507,0.38956,1.3713,0.0647,0.33851,-0.066392
-0.28722,-3.981,-0.11545,-0.24955,1.1887,0.0086626,-1.0394,-0.041957
-0.54831,0.41122,-1.1381,-0.23235,1.2483,-0.027673,2.0032,-0.064615
4.5429,-0.69005,-0.48956,0.67114,1.269,0.045929,0.042147,0.069803
4.5158,-3.4442,-0.35718,-0.27092,1.6744,0.11028,-1.3952,0.207
4.4763,1.4045,-0.036325,0.038784,0.68336,-0.034283,1.7931,0.16363
-0.78954,1.5237,0.3092,0.71858,0.6068,0.037939,0.31893,0.14386
-0.63725,-1.8637,-0.12303,-0.29879,1.8055,0.062473,-1.718,0.03865
-0.63837,1.7952,0.40896,-0.16279,-1.3305,-0.076016,0.84712,-0.029034
-0.38638,1.3745,0.65166,0.47756,-0.48286,0.0063331,1.4421,-0.089976
-0.52555,-4.13,-0.16483,-0.61376,1.3532,-0.0061618,-2.403,-0.10129
-0.68844,0.54126,-1.2607,-0.37393,-2.3148,-0.10017,-0.21231,-0.071089
-0.62774,-1.5521,-0.42914,-0.15163,1.2506,0.010261,1.6947,-0.059456
-0.73209,-2.2873,0.6847,-0.17076,0.77752,0.00019794,-1.0307,0.08275
-0.86774,1.4525,-0.43967,0.41425,-2.0886,-0.043338,-1.1614,0.11551
-0.65491,-1.0754,-0.63072,-0.37294,2.6094,0.13957,2.1144,0.31221
-0.60487,-0.087355,0.71069,-0.19066,-2.3865,-0.0066303,-1.9084,0.13814
-0.59351,2.4082,0.48215,0.56629,-1.4234,-0.028097,-1.7406,-0.0034057
-0.43967,1.2176,-0.22419,-0.20684,3.4765,0.19132,2.219,0.039283
-0.60446,1.8765,0.97115,0.54935,-2.5824,0.030841,-1.1112,-0.05471
-0.59382,-0.96166,-0.43501,-0.52712,0.78178,-0.070427,-2.3893,-0.07951
-0.59878,0.64466,-0.32763,-0.62166,0.67027,-0.078404,1.7121,-0.092726
-0.73167,0.036943,0.81544,0.15576,-0.26114,-0.0069704,0.10746,-0.08209
-0.60484,-1.161,-0.23197,-0.42857,1.3268,0.012751,-1.9847,-0.01005
-0.56877,-0.016603,-0.19243,-0.09277,1.0914,-0.039943,1.3053,0.038869
-0.56363,-1.4595,-0.4917,0.29112,0.25176,0.016537,-0.095294,0.11602
-0.38253,-1.4829,-0.93608,-0.50186,0.37378,0.010107,-3.4134,0.13405
-0.46192,0.88865,-0.76247,-0.26733,1.0262,-0.077563,1.3603,0.035584
-0.57772,0.53878,0.16277,-0.080535,-0.25375,-0.059388,1.0333,0.01677
-0.56639,0.042967,-0.020946,0.1221,1.4606,0.072863,-1.7531,-0.012557
-0.70302,4.1097,-0.67059,0.36776,-0.32387,-0.10999,-0.32765,-0.049039
-0.58492,0.088172,-0.096172,0.34599,2.09,0.14414,1.7219,-0.098567
-0.55024,0.20603,0.63892,0.27053,1.4604,0.043837,-1.3067,-0.14386
-0.53893,2.2463,-0.023593,0.42965,-0.38897,-0.013651,0.77609,-0.086982
4.5303,-0.36547,-0.33583,0.099885,2.8416,0.17459,1.982,-0.0017751
4.5167,-2.3819,-0.23758,0.22515,-0.62293,0.05467,-0.95679,0.11514
4.4905,-1.6492,-0.31084,0.0754,-0.63049,0.014342,-0.8005,0.16146
-0.65046,-1.0633,-0.51594,-0.22052,3.285,0.23772,2.194,0.23859
-0.63821,0.20807,-0.035715,0.5174,-2.7225,0.006102,-0.98409,0.049554
-0.72642,0.65236,-1.8262,-0.072455,-0.023553,0.023391,-0.98954,0.16567
-0.66348,1.3663,-0.19463,0.033382,2.0802,0.0052999,1.3502,0.012317
-0.62231,2.7797,0.4827,0.26486,-2.3986,-0.021185,-0.61638,-0.053201
-0.61425,-0.022717,0.38812,-0.13886,1.7981,0.052693,-2.0392,-0.07732
-0.3764,0.6249,-0.070572,-0.45251,0.63826,-0.019119,1.3255,-0.12419
-0.57569,1.4443,0.6794,0.54077,-2.5549,-0.017925,0.50016,-0.046459
-0.60921,-6.4351,-0.81771,-0.91749,2.0774,0.11969,-2.7856,-0.0027973
-0.60782,-0.69416,-0.80445,-0.63699,-1.6527,-0.088826,1.2792,0.13612
-0.8284,0.22765,0.071971,0.29956,-3.402,-0.054697,0.50887,0.15124
-0.63306,-6.4745,-0.79251,-0.72474,2.063,0.15515,-2.5787,0.15216
-0.57983,2.2085,0.0742,-0.0038131,-2.5352,0.0026751,0.46659,0.14155
-0.57829,0.67984,-0.15733,0.050338,0.93135,-0.084917,1.3519,0.054226
-0.51929,1.3179,0.15676,-0.13234,1.7559,0.077619,-1.9998,-0.014601
-0.56573,4.2547,-0.045056,0.325,-0.52022,-0.095416,-0.20392,-0.086593
-0.55703,-0.23299,0.21897,-0.47213,2.3503,0.12049,2.585,-0.13459
-0.57099,0.1428,0.72332,0.26781,1.2126,0.052776,-0.47363,-0.1058
-0.75244,0.16295,-1.7408,-0.15278,-1.0113,-0.071485,-1.3925,-0.085059
-0.60831,-0.32314,-0.45681,-0.09866,1.5514,-0.026505,1.9093,0.026335
-0.49084,-1.9309,-0.74025,0.13159,-0.18006,-0.038557,-1.0623,0.082921
-0.54929,0.29058,-1.0575,0.3112,-0.53728,0.017525,-1.3664,-0.014674
-0.55478,-0.0061355,-0.70823,-0.076931,2.4758,0.11352,2.0204,0.0052342
-0.35541,0.90952,-0.08493,0.25037,-0.2128,0.04349,-0.24238,0.08477
-0.56197,-0.93334,0.21582,0.057288,1.4058,0.068365,-0.76968,0.061503
-0.54428,2.5065,-0.38653,-0.17447,2.6977,0.25542,3.3241,0.0011698
-0.53758,1.8603,0.64814,0.40064,2.0037,0.1797,0.88525,-0.055391
4.5607,-1.1604,0.2158,-0.43875,2.4973,0.22901,-1.2236,-0.067244
4.5074,1.5414,0.17837,-0.36585,0.033568,0.0082712,2.4539,-0.10745
4.4863,-1.2173,0.91027,0.41364,2.1219,0.18572,1.2343,-0.05948
4.4669,-2.3237,-0.65853,-0.12515,2.5248,0.24012,-1.2517,0.018985
-0.398,1.1623,-0.56876,0.061225,-1.5764,-0.027628,0.97182,0.13055
-0.63143,-0.049934,0.24205,0.51614,2.7076,0.169,1.8594,0.14552
-0.65516,-3.4196,0.00081188,-0.15442,1.2607,0.077766,-1.4345,0.22892
-0.63971,1.5442,-1.6728,0.151,-1.2178,-0.072268,-0.63719,0.10205
-0.94917,0.0533,0.20382,0.15281,2.2262,0.12718,2.1962,0.026238
-0.66655,1.4536,1.4974,0.29158,0.26748,-0.027538,-0.8644,0.00095076
-0.62936,3.4478,0.87483,0.66608,-0.21433,-0.0096657,-0.17586,-0.067074
-0.61361,0.32349,-0.035625,-0.15417,3.4007,0.26546,2.2809,-0.13252
-0.52018,1.754,0.14494,0.14986,-1.3555,-0.010981,-0.25745,-0.10655
-0.47751,1.9126,-0.85936,0.60837,1.157,-0.036465,-1.4931,-0.041397
-0.69357,-2.2348,-1.1769,-0.71689,2.9902,0.15727,2.2603,0.0046014
-0.6091,-0.25778,0.98813,0.59305,-1.9923,-0.0039798,-0.26907,0.041181
-0.96269,-2.9402,-0.18707,-0.82108,2.6573,0.22092,-1.9466,0.076057
-0.70684,-0.99097,-1.3024,-0.7012,0.6446,-0.069631,2.4174,0.17178
-0.52246,1.5842,0.35845,0.83937,-1.4626,-0.058541,-0.1964,0.043226
-0.57825,-0.95825,-0.60181,-0.98848,1.8476,0.10385,-1.451,0.07798
-0.58255,3.1443,-0.36653,-0.21795,1.6911,0.083908,1.8986,-0.039937
-0.4971,1.5284,-0.2249,0.019181,1.1575,0.011602,1.1881,-0.080021
-0.59495,-0.71579,0.0758,-0.59093,1.2284,0.025958,-2.2534,-0.11108
-0.57344,1.5445,0.30006,0.24628,1.8985,0.072221,1.9185,-0.11677
-0.57834,0.23549,0.57323,0.26176,1.1284,-0.014428,1.7757,-0.063593
-0.68577,-0.85943,-0.7407,0.22008,1.8757,0.18792,-1.2612,-0.082236
-0.61429,0.55565,-0.67265,-0.018297,0.21008,-0.05944,0.9375,-0.039523
-0.54842,-1.3312,-0.71548,0.0063607,2.5215,0.24915,2.7184,0.097791
-0.55187,0.23323,0.14997,0.19794,1.9779,0.17193,-0.99303,-0.0073485
-0.22013,0.44888,-0.26606,-0.34957,-0.77655,-0.037839,-0.15132,0.12666
-0.45984,0.33867,0.36119,-0.16366,1.7832,0.052391,2.46,0.09436
4.5893,0.61441,0.41003,0.42578,0.86736,0.012398,-0.60827,-0.016597
4.5035,1.6222,-0.19457,-0.01425,-0.19079,-0.01702,-0.55696,-0.050183
4.464,0.79767,0.099389,0.0081656,2.5447,0.15782,2.942,-0.1625
4.4395,0.27462,0.94611,0.54331,-1.0779,-0.03642,-0.40505,-0.11285
-0.66518,-1.2035,-0.20785,-0.64143,0.74036,-0.023393,-1.1022,-0.045121
-0.65366,-1.086,-0.056015,-0.1258,0.38294,-0.12696,1.9726,0.022831
-0.42912,-1.1137,-0.23431,0.48514,-1.2445,-0.047003,-0.11146,0.14832
-0.56141,-2.303,-1.2312,-0.44331,0.76965,-0.065915,-2.3995,0.099933
-0.61219,0.98635,-0.61509,0.082909,-0.96513,-0.05892,1.7501,0.058047
-0.64532,1.0567,0.87032,0.61072,-1.1079,-0.046939,0.78138,0.13525
-0.60269,-4.1024,-0.6321,-0.83616,1.6147,0.054156,-1.7914,0.079051
-0.75713,2.7415,-0.43923,-0.070232,-1.5724,-0.12032,1.0352,-0.021026
-0.58481,2.3528,1.0657,0.3709,-2.3055,-0.067314,1.0367,-0.083404
-0.61534,-4.2948,0.41734,-0.27969,0.92396,-0.054896,-2.407,-0.14775
-0.61514,3.0872,0.54175,0.32034,-4.925,-0.13645,-0.052151,-0.075154
-0.34558,-0.7397,-0.22835,0.018526,1.2995,-0.032429,1.4697,-0.082406
-0.57911,-0.67026,-0.74594,-0.1093,0.59602,0.022139,-1.8466,-0.023411
-0.60833,1.3358,-1.4877,0.68411,-2.1777,-0.099241,-0.59879,0.068707
-0.60072,-0.35091,-0.34548,-0.55503,3.0428,0.089709,1.5673,0.032517
-0.81005,-0.097103,-0.55701,-0.15056,-2.8758,-0.012136,-1.8402,0.20717
-0.64787,-1.4835,-0.17082,-0.11801,-1.6898,-0.093761,-1.0818,0.1591
-0.57952,1.4099,-0.084133,-0.17491,2.0518,0.02873,1.9497,0.069949
-0.58234,0.97032,1.0882,0.3297,-2.1249,-0.03377,-1.0981,-0.014236
-0.43953,1.1409,-0.73884,0.19426,-2.1628,-0.053375,-1.8347,-0.07547
-0.58892,-0.039742,0.41787,-0.12503,1.2479,-0.096443,1.8696,-0.11879
-0.56375,1.3607,0.24545,0.26558,-1.2272,-0.043531,-0.029553,-0.1039
-0.56676,-2.1102,0.16785,0.039073,0.46226,-0.042254,-2.6369,-0.067828
-0.80044,0.70871,-0.038773,-0.39186,-0.35762,-0.081433,2.516,-0.016475
-0.75301,-0.72113,0.12404,0.50811,-1.2006,-0.0096401,-0.068444,0.015675
-0.55277,-2.2188,-0.69555,-0.015985,1.2655,0.051044,-2.288,0.1875
-0.54983,1.222,-0.85218,-0.025407,-0.89158,-0.047144,1.7408,0.15888
-0.50939,0.98598,0.25957,0.83129,1.3171,0.033838,1.2996,0.053083
4.5247,-1.5111,0.73738,-0.3529,0.52968,-0.0047885,-2.0048,0.034878
4.481,3.295,0.60996,0.28635,-2.8613,-0.06992,1.5728,-0.0055231
4.4395,-0.43376,0.2266,0.1101,2.2459,0.096717,1.7253,-0.08394
-0.66427,-0.30292,0.59415,0.081464,-0.12395,0.0055566,-1.5702,-0.085059
-0.78788,1.8555,-0.7712,0.021763,-2.7251,-0.12716,-1.0715,-0.11663
-0.66741,-0.91307,0.82579,0.21828,1.9837,0.062281,2.1582,-0.032124
-0.64048,-0.87419,0.89492,-0.048677,-1.3743,0.017756,-1.5997,0.013801
-0.63703,1.274,-1.2759,0.063402,-1.6962,-0.074701,-1.7412,-0.030129
-0.3765,-1.3014,-0.71369,-0.20313,2.1198,0.096332,1.9437,0.17005
-0.54801,-0.025363,-0.4125,0.1642,-2.5423,-0.0027798,-0.2475,0.21096
-0.64009,0.50571,-0.8499,0.50261,-0.42408,-0.040585,-1.9796,0.17842
-0.63369,0.78832,-0.28887,-0.53029,1.9526,0.013957,2.555,0.070825
-0.81194,2.9761,0.99778,0.43386,-4.5389,-0.031434,-0.90376,-0.026916
-0.71069,0.81444,0.37045,0.18903,1.2355,0.02486,-2.5743,-0.087371
-0.61002,0.42438,0.25524,-0.63885,-0.98285,-0.042485,2.6189,-0.12045
-0.60828,1.3495,1.3614,0.76298,-3.619,0.016325,-0.17961,-0.10745
-0.37977,-6.5125,-0.31651,-0.50313,0.82312,-0.029611,-3.4135,-0.038647
-0.48413,1.3157,-0.9952,-0.42625,-2.4118,-0.052875,0.99888,-0.06739
-0.73972,-1.3378,0.43108,0.17808,-1.8513,-0.0048847,0.35197,0.1194
-0.60263,-3.4833,-0.46807,-0.31685,1.568,0.099104,-2.8026,0.12958
-0.89475,1.3651,0.39142,0.016888,-1.1695,-0.056372,0.9029,0.17903
-0.78135,-0.028677,0.34079,-0.16334,-0.2525,-0.061615,1.5175,0.12274
-0.63285,-0.50216,0.49922,-0.015188,1.507,0.064264,-2.6582,0.071068
-0.57485,3.047,-0.037328,0.083429,-1.8289,-0.050879,0.49685,-0.037844
-0.5628,0.658,0.37672,-0.36624,1.7412,0.084517,2.4954,-0.055416
-0.39834,1.1025,1.35,-0.059795,0.36196,-0.027789,-1.4398,-0.083161
-0.55382,0.25051,-0.0034087,-0.35068,-0.26749,-0.024298,-0.38771,-0.094965
-0.5664,0.16203,-0.060647,-0.19631,1.9417,0.076232,2.6178,-0.080703
-0.56831,-0.0057502,-0.22111,0.58371,1.0178,0.064322,-0.2346,-0.018081
-0.86019,-2.1665,-1.1138,-0.50658,-0.1416,-0.054986,-1.8553,0.14411
-0.58434,-1.2386,-0.57623,-0.06133,2.6849,0.24849,2.7195,0.028136
4.5488,0.65229,0.97713,0.66928,0.090361,-0.021326,-0.34492,0.045659
4.5178,-0.77401,-0.23102,-0.28128,1.6788,0.093617,-0.49825,0.13788
4.4739,2.4789,-0.60104,0.12198,-0.21315,-0.11401,1.6531,0.073088
-0.56402,1.1052,0.63934,0.47236,0.070291,-0.042235,0.22307,-0.011535
-0.64777,0.20467,1.3031,0.1407,-0.58008,-0.020396,-2.0452,-0.092604
-0.65196,1.962,1.1748,0.01394,0.69941,-0.031389,2.5413,-0.15304
-0.71086,0.70904,0.80816,0.73772,-1.9565,-0.054916,-0.089687,-0.093334
-0.70738,-4.6916,-1.0264,-1.1681,0.74762,-0.074014,-2.6841,-0.078999
-0.61094,0.45128,-0.33151,-0.33313,-0.58957,-0.02965,1.2857,0.06199
-0.61786,-1.4963,-0.19076,0.20847,-1.2736,-0.059459,1.2372,0.12524
-0.31571,-6.4214,0.6262,-0.67522,1.3403,0.023981,-3.1317,0.20485
-0.53736,0.14698,0.1412,-0.29149,-2.8168,-0.081298,0.38879,0.25769
-0.54685,0.4911,0.10646,-0.16056,0.69552,-0.055801,1.9268,0.19013
-0.60892,-0.93937,0.46463,-0.53292,1.1468,0.0044399,-1.807,0.037993
-0.82935,3.5101,0.43736,0.10762,-3.3831,-0.091136,-0.80272,-0.044585
-0.76781,1.1869,0.44923,0.04344,3.5117,0.26021,2.0989,-0.094283
-0.67624,1.4399,0.66476,0.21777,-1.3748,-0.015024,-1.6772,-0.13206
-0.58682,0.50448,-0.19203,0.28192,-2.7145,-0.016276,-1.719,-0.097788
-0.57685,-0.7928,-0.6942,-0.34391,1.7669,-0.033558,1.9447,-0.020734
-0.44041,-0.25848,0.75627,0.32715,-2.4377,-0.050378,-1.1978,0.030959
-0.52272,-3.2228,-1.176,-0.53843,-0.59008,-0.028373,-1.8132,0.16073
-0.57811,-0.17993,-0.1005,-0.32793,0.10919,-0.089262,1.7088,0.14929
-0.56975,-0.088395,0.318,0.36832,-0.47872,-0.055512,0.27981,0.1049
-0.78978,-0.44604,-0.35552,-0.20672,0.15161,-0.056847,-2.3417,0.11196
-0.54957,1.5296,-0.1442,-0.20901,0.64399,-0.057989,1.9684,0.025216
-0.55301,1.1237,0.31426,0.35737,-0.90492,-0.062841,0.23584,-0.034899
-0.54517,0.18205,0.61482,0.077045,0.95383,-0.0046729,-2.9718,-0.079462
-0.3113,2.2388,-0.068651,-0.08135,-0.18353,-0.091296,2.2804,-0.098372
-0.52972,0.55152,0.34754,0.22811,1.3779,0.059823,1.7306,-0.10429
-0.53749,-3.3025,0.551,0.36801,1.269,0.054445,-2.8473,0.00087775
-0.54356,1.4672,-0.12194,0.31101,-1.8693,-0.030619,1.2322,-0.011413
4.5581,-0.94068,0.038559,0.045014,3.1558,0.26085,1.824,0.093775
4.5426,-2.3733,-0.80357,-0.051272,-0.34588,-0.03712,-0.87576,0.26127
4.5071,0.72225,0.94972,-0.19046,0.16167,-0.058817,-0.47242,0.14944
-0.62913,0.64152,0.30698,0.22754,2.852,0.25259,2.5677,0.11665
-0.47298,1.0066,1.1081,0.074501,-1.0742,-0.030086,-0.47038,0.0064998
-0.49657,2.1301,0.60481,-0.18018,-0.41754,-0.06064,0.090954,-0.048552
-0.64719,0.81126,0.013833,-0.34582,2.8063,0.16541,1.5903,-0.096912
-0.61483,1.8971,0.51914,0.65804,-3.0109,-0.029066,-0.37319,-0.087079
-0.61795,0.16181,0.95656,0.47535,0.66707,-0.010455,-1.6805,-0.048796
-0.74388,-0.97561,-0.023458,-0.49754,2.2288,0.08437,1.7524,0.086693
-0.68195,0.21075,0.31155,0.33653,-3.848,-0.031774,0.27771,0.13281
-0.59498,-4.0202,-0.88207,-0.26724,1.9872,0.067113,-3.0446,0.17842
-0.58954,-0.25537,-0.26133,-0.481,-1.9958,-0.098375,1.817,0.12099
-0.36124,0.95398,0.58648,0.478,-3.9009,-0.041689,0.078534,0.23228
-0.57603,-5.4575,-0.19202,-0.68429,2.337,0.20771,-2.6065,0.098035
-0.59147,1.7346,-0.13457,-0.41356,-2.4008,-0.030876,1.4986,0.035438
-0.59158,1.559,0.59119,0.070802,-2.2737,-0.043056,1.001,-0.046605
-0.7669,-0.95501,0.98804,-0.12343,2.0384,0.13497,-2.924,-0.072769
-0.59748,3.5054,1.1432,-0.073033,-0.30933,-0.0057254,0.80966,-0.12519
-0.56699,-1.0488,0.79232,-0.13671,2.1536,0.11819,2.2947,-0.099127
-0.55957,-1.7775,1.3894,-0.15433,1.2475,0.036829,-0.76768,0.01329
-0.45362,-0.27599,-0.65943,0.095498,-0.43707,-0.042857,0.18071,0.043493
-0.45156,-2.1927,-1.3865,-0.31865,1.4842,0.058873,2.5192,0.11437
-0.61828,-1.224,-0.94899,0.30495,1.0083,0.068345,-1.2064,0.15418
-0.56301,1.0665,-0.33303,0.45028,-0.0091022,-0.00016144,-0.79802,0.051306
-0.74232,0.41344,-0.11328,-0.54311,2.7788,0.25296,2.7142,0.029864
-0.65379,1.6796,0.71846,0.64742,0.85672,0.0028612,-0.32746,0.024705
-0.5144,-0.45074,0.80213,-0.16169,1.4055,0.045339,-0.79408,-0.032611
-0.53107,1.2925,0.042954,-0.10971,3.0875,0.28123,3.2487,-0.085716
-0.53822,0.83701,0.79288,0.41554,1.6121,0.11329,0.35704,-0.088905
4.5465,-2.0947,-0.743,-0.58995,3.0698,0.35001,-0.49891,-0.075227
4.5222,0.47947,-0.91653,-0.043449,1.0493,0.0077578,2.1126,-0.059164
4.5075,-2.6589,0.089823,0.3294,2.4792,0.23836,1.8604,0.090879
4.4805,-0.85855,0.12983,0.037428,2.5095,0.20442,-0.94878,0.055954
-0.83639,0.52673,-2.0855,0.091053,1.5082,0.038517,1.8621,0.16528
-0.71086,-1.2069,-0.30973,-0.053424,1.8431,0.18145,1.9371,0.15112
-0.64708,-2.1202,-1.0124,0.063974,2.2189,0.16342,-1.0738,0.086231
-0.64807,3.0104,-0.21001,0.1599,0.22054,-0.10033,1.1192,-0.0027729
-0.32627,1.0155,0.14665,0.35373,1.5985,0.10266,2.2626,-0.022414
-0.58524,-0.88859,1.2952,-0.17593,1.9174,0.13013,-0.59488,-0.086739
-0.6321,2.4058,0.10723,0.30183,-0.157,-0.081202,-0.0036342,-0.17251
-0.63571,-1.5275,-0.0022267,-0.1257,2.9798,0.28452,3.2078,-0.05892
-0.63375,0.3236,-0.34285,0.10339,0.80317,0.029128,-0.31499,0.014483
-0.6906,1.2483,-0.65664,0.59854,1.4272,0.10889,0.33317,0.13856
-0.59771,-2.2391,-2.0863,-0.44719,3.81,0.27453,2.7824,0.16404
-0.60496,0.36419,-0.086009,0.32056,-1.4715,-0.017437,-0.45016,0.10629
-0.56337,-0.85956,-0.88716,-0.00088428,1.4175,0.092007,-1.1911,0.14486
-0.52861,0.53127,-0.38361,-0.55409,3.1014,0.21916,2.1906,0.10417
-0.53662,2.4517,1.6441,0.61195,-1.358,-0.08382,0.3434,0.012925
-0.59515,-3.5368,0.23509,-0.88,1.7429,0.12805,-0.98489,-0.034534
-0.71623,2.0806,1.0324,-0.011129,1.4807,0.025034,2.4591,-0.07917
-0.74541,1.1034,0.62468,0.31894,0.020088,-0.068809,1.0233,-0.13305
-0.52391,-2.0133,0.037898,-0.68297,2.2518,0.19416,-2.2964,-0.095841
-0.57304,0.37511,0.010255,-0.054817,0.66405,-0.13875,1.7629,-0.01224
-0.57732,-0.34343,0.31019,0.017646,1.3083,0.048432,1.4066,-0.0023592
-0.40357,-1.3256,0.25978,-0.027147,1.4208,0.086353,-2.0263,0.020178
-0.52796,0.078153,-1.7254,-0.077227,1.3401,-0.0031905,2.1137,0.011051
-0.56965,0.20821,-0.32779,0.104,1.7738,0.18114,1.9608,0.17582
-0.55787,-0.13561,-0.9124,0.1529,1.9228,0.16554,-0.85304,0.004139
-0.7024,3.931,0.2561,0.40906,0.59096,-0.035637,0.93658,0.04067
-0.65592,0.93309,0.31867,0.34094,3.1225,0.31996,2.9231,-0.059529
4.506,0.66112,0.67629,0.21521,1.1739,0.1361,0.11746,-0.10872
4.4927,2.3896,1.2931,-0.070765,1.2247,0.057718,0.27027,-0.070676
4.4689,0.48279,0.28181,0.30127,1.8349,0.14326,2.9542,-0.099127
4.4473,-2.5056,-0.17319,0.43348,0.94836,0.06083,-0.21852,-0.059797
-0.56124,-0.97263,-0.7681,-0.42325,0.30574,-0.033898,-0.18269,0.02872
-0.66826,-1.3887,-0.57943,-0.098198,2.6746,0.20232,2.2297,0.069924
-1.0662,0.71426,0.0033173,0.57463,-1.012,-0.044442,0.44869,0.10869
-0.78084,-1.4002,-0.88946,-0.3012,0.80978,-0.0083951,-0.78754,0.12984
-0.64048,1.2963,0.040397,-0.093811,1.8345,0.075732,1.9464,0.032809
-0.6448,2.1809,0.73425,0.25527,-2.0711,-0.085886,1.1336,0.021589
-0.56262,-0.75339,-0.88008,-0.1263,1.9677,0.14399,-2.126,-0.054588
-0.52292,2.3749,0.074245,-0.093252,-0.27861,-0.17402,2.197,-0.12877
-0.70862,1.1796,0.93637,0.38785,-2.5878,-0.098227,1.1206,-0.15527
-0.6338,-6.303,0.57702,-0.95442,2.1287,0.19782,-3.0107,-0.068169
-0.76905,-0.68677,0.094031,-0.55345,-2.1665,-0.1405,1.0239,-0.048577
-0.78942,-0.18433,0.052121,-0.033031,-2.8585,-0.12269,1.4695,0.011538
-0.56483,-3.9467,-0.84945,-0.11503,2.8312,0.28135,-2.0717,0.050503
-0.60705,2.224,-0.84179,0.027267,-2.8991,-0.11061,-0.028795,0.17351
-0.60947,0.40076,-0.042011,-0.27639,0.84911,-0.10628,1.4519,-0.01538
-0.35569,0.92001,0.31359,-0.50066,1.2373,0.12175,-0.7538,0.12585
-0.60373,3.422,-0.10949,0.18058,0.24093,-0.10647,-0.15434,0.028672
-0.60136,0.57748,-0.33748,-0.60645,1.9389,0.076791,2.6536,-0.054029
-0.60227,1.4398,0.22425,0.32719,-0.76089,-0.093677,-1.2663,-0.088248
-0.72128,0.48036,-0.41687,-0.19421,-1.2846,-0.088697,-0.43939,-0.13196
-0.61331,-0.53307,0.0479,-0.52413,0.91232,-0.076741,2.2213,-0.093139
-0.57681,0.046114,0.1689,0.54213,-0.65897,-0.052766,-0.92795,-0.071576
-0.5802,-0.94296,-0.52803,0.019534,-0.2516,-0.055589,-1.1826,-0.04147
-0.27413,-1.0937,-1.3403,-0.16642,1.591,0.064238,1.7195,0.14072
-0.40455,0.81502,-0.66511,0.41994,-2.153,-0.035393,-0.1118,0.028063
-0.5899,-3.3853,-0.43941,-1.0824,1.4767,0.10948,-2.0249,0.11342
-0.57672,1.1913,-0.53168,-0.31934,-0.94102,-0.066589,2.2033,0.12819
-0.77954,0.82908,1.0189,0.33654,0.83497,0.060349,1.4723,0.023488
4.4952,-1.0612,0.29439,0.041141,0.30668,-0.048838,-2.0975,-0.046557
4.4553,2.3651,-0.83363,-0.42735,-2.1137,-0.18418,0.595,-0.11677
4.4261,-0.34847,0.65284,0.28893,0.90541,-0.020704,1.2734,-0.11577
-0.61845,-0.58188,0.97074,0.14739,0.03913,-0.10077,-1.8469,-0.070457
-0.45562,1.3936,0.40711,0.70048,-1.8746,-0.10301,1.0707,-0.0413
-0.63569,-1.4057,-0.39668,0.49668,-1.8105,-0.11224,1.5171,0.065568
-0.67222,-3.9836,-0.87519,-0.19966,0.24057,-0.049217,-1.4719,0.12381
-0.66412,2.7816,-0.90553,0.67625,-3.4091,-0.099748,-0.80921,-0.017254
-0.81417,0.13977,-0.36866,0.14521,0.98853,-0.058342,1.9068,0.12405
-0.61913,-0.58319,0.9713,-0.38486,-0.42018,-0.061333,-0.98377,0.18497
-0.63737,3.1674,0.8346,0.25554,-2.0062,-0.12998,-1.0492,-0.011973
-0.63781,1.3839,-0.31039,-0.43079,1.9952,0.024642,2.0712,-0.067025
-0.51443,2.4126,0.67819,0.81197,-4.1155,-0.084712,-1.2416,-0.16759
-0.55241,2.1611,0.10738,0.9937,-1.9772,-0.081863,-2.2746,-0.16362
-0.62954,-0.50493,-0.58339,-0.6949,3.0608,0.128,1.9117,-0.096133
-0.62737,0.60095,0.82541,0.10369,-2.5315,-0.082767,0.45358,-0.038477
-0.7172,-4.8164,-1.3265,-0.74651,-0.58895,-0.085854,-3.0406,0.10397
-0.66381,0.10473,-1.1409,-0.45354,0.49197,-0.15669,1.6869,-0.0085653
-0.59209,0.078609,0.59289,0.73039,-1.523,-0.055301,0.71637,0.20568
-0.60465,-3.6291,-0.94348,-0.64492,0.76925,-0.026679,-3.1721,0.13104
-0.21306,2.7849,0.42295,-0.31374,-1.3298,-0.19701,1.2949,0.080171
-0.53703,0.66221,0.65225,0.17628,0.27238,-0.074142,1.139,-9.5766e-05
-0.57793,0.38248,0.094481,0.093108,-0.90248,-0.053908,-2.899,-0.079097
-0.59056,1.8758,-0.079289,0.070635,0.38981,-0.077518,1.3312,-0.11003
-0.88721,0.52107,0.20411,-0.13528,1.0162,0.043035,1.4166,-0.11242
-0.72211,-0.47048,0.19189,-0.004616,-0.70921,-0.061057,-1.7501,-0.084986
-0.64889,-0.52241,-0.71532,-0.26572,-1.07,-0.12462,-0.39003,0.014288
-0.57158,0.039859,-0.9421,-0.043905,0.91019,-0.011828,1.7108,-0.018836
-0.56331,0.024825,0.079063,0.010195,-0.71411,-0.038346,-0.80703,-0.0034544
-0.41707,1.8405,-0.040206,0.13147,-0.12411,-0.049961,-0.32558,0.25404
-0.52825,-0.65764,-0.21189,-0.57493,1.6802,0.07389,2.2064,0.14948
4.521,0.073118,-0.63664,0.70111,-1.2675,-0.048857,-0.23655,0.030716
4.4784,0.65601,-0.691,-0.097838,-0.27686,-0.071408,-1.4857,-0.017814
4.4366,2.8216,0.26948,0.1598,-0.24498,-0.12555,1.9342,-0.081603
-0.61883,0.72075,0.84584,0.35794,-1.7253,-0.029489,0.11574,-0.10448
-0.66216,-1.543,0.069979,-0.52135,-0.61249,-0.059433,-1.7652,-0.10908
-0.65703,0.37983,0.20729,-0.27743,-0.6613,-0.098516,1.9396,-0.026965
-0.25143,-0.16913,0.47796,0.36191,-3.0184,-0.060139,0.30419,-0.0068617
-0.59551,-4.3143,-0.68522,-0.33368,-0.51949,-0.078705,-3.2953,-0.031516
-0.65618,0.19934,0.68687,-0.20199,-2.0789,-0.14254,1.289,0.11729
-0.64958,-1.9324,-0.49235,0.1161,-2.6164,-0.026428,0.93324,0.36955
-0.90555,-4.1687,-1.0436,-0.72472,0.90174,-0.042241,-3.1629,0.17618
-0.76818,1.4351,-0.12561,-0.6659,-3.1026,-0.13791,0.67096,0.13917
-0.61751,2.3286,0.73733,0.14905,-2.2953,-0.076947,0.52356,-0.029204
-0.62149,-3.7461,0.33096,-0.10492,1.201,0.055658,-1.5486,-0.097374
-0.32355,2.7321,-0.028604,-0.19574,-6.5525,-0.14619,-0.84581,-0.11534
-0.50464,0.24916,-0.036081,0.094181,-0.93278,-0.17214,1.008,-0.13047
-0.66916,-0.99879,-0.43115,-0.32999,-0.7058,0.0032077,-2.3605,-0.056681
-0.61176,1.8839,-0.059503,0.22941,-4.1135,-0.15388,-1.5996,-0.055635
-0.80447,-1.1475,-0.42132,-0.49052,1.3128,-0.091117,1.8033,0.0068405
-0.79192,0.3168,0.10719,0.34431,-3.7567,-0.0085491,-1.6757,0.13203
-0.63454,-1.2072,-0.41018,-0.23548,-2.2857,-0.15594,-2.3629,0.18139
-0.58897,-0.665,0.44332,-0.30527,-2.5213,-0.18773,1.3695,0.096769
-0.57741,1.4843,0.12225,0.61336,-2.22,-0.050629,-1.6352,-0.0014587
-0.33903,0.51625,0.23023,-0.11961,-1.5865,-0.051662,-1.388,-0.02088
-0.56439,1.2568,-0.063917,0.08226,-0.58646,-0.067731,1.1288,-0.069264
-0.5778,1.1884,0.74722,0.42284,-1.6469,0.015715,-0.098524,-0.074351
-0.58252,-1.7163,-0.52726,-0.44184,-1.242,-0.043826,-3.3148,-0.11444
-0.72568,1.6388,-0.54269,0.052516,-1.1907,-0.10274,1.107,-0.089586
-0.59328,-0.60787,-0.029368,0.3213,0.14168,0.0067053,0.89318,-0.02604
-0.54988,-3.5267,-0.55107,0.18442,0.37132,0.02239,-2.6115,0.10037
-0.55006,1.5623,-1.3327,0.55229,-1.6408,-0.094107,0.60156,0.13191
4.5545,-0.047667,0.43972,0.6826,2.0226,0.11351,1.7265,0.025751
4.523,-0.79747,0.35225,0.15203,-0.76735,0.010293,-2.1777,0.17098
4.475,1.8161,0.7104,0.36189,-3.0376,-0.090571,-0.74427,0.086036
-0.71443,0.95642,0.36186,0.39907,2.3291,0.15524,1.6772,-0.0312
-0.66965,0.82341,1.4394,0.11026,-2.1214,0.014496,-1.6352,-0.065151
-0.74413,2.0495,0.37514,0.42554,-2.506,-0.037993,-1.1421,-0.11254
-0.60927,0.075976,0.47997,0.16167,2.0778,0.11318,1.9486,-0.11986
-0.63113,0.33335,0.59153,-0.032838,-3.0158,-0.003383,-1.0689,-0.08265
-0.6238,-0.96151,-0.71896,0.047358,0.020627,-0.030638,-0.86709,-0.0055718
-0.44276,-1.7707,-1.4354,-0.30169,1.0293,-0.12873,1.1091,0.31435
-0.61013,-0.25925,-0.5186,0.56272,-4.2411,-0.033654,-1.3653,0.29836
-0.63012,-0.80234,-0.75686,0.68433,-0.11355,0.0060314,-2.04,0.31148
-0.61318,0.72011,-0.54494,-0.27409,1.1295,-0.071376,1.2695,0.060652
-0.71158,2.4971,0.89244,0.55213,-4.1902,0.015748,-0.38038,0.12252
-0.67592,-3.5348,-1.1344,-1.079,1.645,0.10019,-3.6707,-0.0037221
-0.60076,1.8524,-0.096756,-0.5811,-0.1624,-0.016224,1.7956,-0.086008
-0.591,1.5725,1.8109,0.41209,-2.1292,-0.032255,0.2885,-0.099127
-0.46496,-3.5166,0.63843,-0.48393,0.94384,-0.012066,-2.7641,-0.098348
-0.54311,1.8457,-0.44857,-0.044008,-1.265,-0.089666,0.56807,-0.091095
-0.58701,-2.3985,-0.40246,0.15512,1.6904,0.0738,1.7927,0.066979
-0.58456,-1.436,0.84934,-0.043301,0.14494,0.039646,-1.9229,0.038504
-0.75884,0.39521,0.083759,0.37756,0.78556,-0.11321,-0.4658,0.12485
-0.60923,-1.2395,-1.2368,-0.25528,1.6532,0.11387,2.3318,0.16353
-0.5568,0.1642,0.28041,-0.020757,1.1924,0.03104,-1.0298,0.11454
-0.55813,1.1751,-0.22776,-0.079282,1.0813,-0.0055586,0.37866,0.03074
-0.53836,1.8543,0.31791,-0.071311,1.6208,0.085602,2.5775,-0.014966
-0.50824,1.2053,0.68495,0.46328,0.98913,0.063198,-0.76324,-0.081214
-0.58053,0.43558,0.13258,-0.093708,0.23496,0.0022451,-0.16545,-0.079048
-0.55003,-1.3449,0.12991,-0.32555,2.7345,0.27297,3.3592,-0.10998
-0.58595,-0.060562,0.18122,0.36372,0.93068,0.0096702,-0.056082,-0.071041
-0.67656,-4.2611,-0.13957,-0.3631,1.2991,0.046199,-1.1969,0.1049
4.559,0.4218,-0.7263,-0.10064,1.3095,0.024321,3.3098,-0.014528
4.5432,-1.5315,0.080823,0.39708,1.2958,0.078472,0.64985,0.21327
4.4994,-1.2522,0.13699,-0.45437,1.0881,0.019733,-1.326,0.0497
-0.44906,1.3107,0.1424,-0.20504,1.1439,0.024559,2.2124,0.11668
-0.62417,1.3605,1.2083,0.51879,0.29894,-0.0069062,1.0611,0.059921
-0.63567,-1.9125,0.33647,-0.55089,1.3901,0.04444,-1.7317,-0.0011666
-0.63031,2.1093,-0.84479,-0.0034727,-0.011446,-0.063861,1.0555,-0.059091
-0.73963,0.83468,0.030099,0.18506,-1.0651,-0.017502,1.1744,-0.073596
-0.68004,-2.372,0.65457,0.10372,1.0125,0.013104,-2.0496,-0.10799
-0.61439,-0.29794,-0.0051175,0.20057,-0.50094,-0.072153,0.69299,0.019302
-0.61413,-0.33322,-0.55278,0.032181,0.15925,0.0014429,1.9557,0.062112
-0.34867,-4.6996,1.8329,-0.17842,1.3437,0.041225,-1.5321,0.20975
-0.5203,0.18459,-1.0848,-0.24173,-2.966,-0.044519,-0.41409,0.28595
-0.62446,-1.0775,-0.78431,0.15716,2.0709,0.08152,2.3889,0.23895
-0.60188,0.93914,-0.14941,-0.16539,0.61499,0.0032591,-1.5117,0.076155
-0.93752,2.844,0.41627,0.63716,-1.9109,-0.0070987,-1.5427,0.085135
-0.60233,0.23331,0.10089,-0.185,3.5059,0.24601,2.8859,-0.022
-0.58287,3.0012,1.2328,0.36469,-1.5341,-0.019395,-0.64799,-0.053566
-0.57398,-1.5123,-0.25768,-0.23759,0.84389,0.01542,-1.0704,-0.12213
-0.45219,0.61366,-1.4811,-0.81413,0.79851,-0.11756,2.1226,-0.11621
-0.48738,0.057885,0.88418,0.2851,-1.6435,-0.060229,-0.68446,-0.063691
-0.60619,-3.7494,-0.18337,-0.68106,0.44767,-0.081234,-1.5753,0.010613
-0.57317,-0.84473,0.26485,0.41174,1.4697,-0.019902,1.3588,0.084868
-0.67285,-0.2756,0.36672,0.16211,0.10706,-0.02175,0.15867,0.040062
-0.73048,-1.589,0.32424,-0.13907,-0.3112,0.019515,-1.5697,0.10792
-0.50991,0.7502,-0.096191,-0.18056,1.7426,-0.040393,2.2144,0.022977
-0.54228,1.1958,0.52632,0.34525,0.28885,-0.039815,1.3641,0.04673
-0.54738,-0.55147,0.41974,-0.044425,1.1085,0.057179,-2.708,-0.042492
-0.34237,4.7919,0.45384,0.1814,0.66303,-0.060204,2.5486,-0.054272
-0.54405,0.89555,0.77282,0.43959,2.2298,0.14807,1.4198,-0.12144
-0.57739,-1.4007,0.58831,0.39466,0.98829,0.046263,-1.4331,-0.11879
4.5227,2.0698,0.38607,0.23255,-0.6517,-0.08065,0.54845,-0.062547
4.5036,-0.71494,-0.41324,0.31428,2.434,0.21567,1.8715,0.063499
4.4857,-2.7913,0.29411,-0.0090028,-0.099998,-0.037633,-1.5186,0.088543
-0.55828,0.93344,-0.052951,0.19904,-2.1287,-0.09677,-0.020222,0.14398
-0.64752,-0.62116,0.094147,0.11804,3.4285,0.30487,2.5679,0.13992
-0.35785,0.31081,0.47712,0.14247,-2.1468,-0.025883,-1.0618,0.12067
-0.486,2.518,0.50767,0.35929,-0.093871,0.003811,-0.50769,0.056879
-0.64412,1.5147,0.73766,-0.25019,2.4726,0.11676,1.8585,-0.017254
-0.64218,2.4296,0.018767,0.30328,-2.0621,-0.031896,-0.11861,-0.074837
-0.70465,1.7622,-0.44586,0.3237,0.72401,-0.069342,-2.0292,-0.18725
-0.66771,0.35656,-0.18159,-0.081768,2.2927,0.10427,2.102,-0.090073
-0.64612,0.7423,0.88753,0.42181,-3.2746,-0.053189,0.33782,-0.032709
-0.61078,-2.5186,-0.23014,0.11577,1.6837,0.13396,-2.3664,0.17789
-0.59096,-1.2199,-0.9112,-0.52511,-0.07269,-0.13929,1.9653,0.064716
-0.40479,0.31637,0.48306,0.27526,-3.7775,-0.0086518,0.02897,0.1077
-0.56684,-4.5276,-0.78176,-0.91848,1.215,0.031778,-3.3642,0.11636
-0.60851,1.7228,-0.75108,-0.52698,-0.93874,-0.095705,0.99879,0.1417
-0.60839,1.1872,0.57034,0.075709,-1.8082,-0.070921,0.26789,-0.036311
-0.63333,0.10759,0.22906,-0.31225,1.249,0.015439,-2.2907,-0.038671
-0.51759,3.675,0.24495,0.11911,-0.063737,-0.084237,0.67999,-0.092653
-0.57722,-0.15218,-0.27297,-0.10301,1.5046,0.056775,1.872,-0.12729
-0.57834,0.97334,1.1444,0.052278,-0.45536,0.015574,-1.6619,-0.063545
-0.44023,-1.2919,0.2641,-0.22005,-0.62281,-0.1089,0.17484,-0.043296
-0.49543,-1.2601,-0.36903,-0.25456,-0.28578,-0.08149,1.8711,0.03276
-0.57139,-1.2618,0.57002,-0.089944,0.33635,-0.024227,-1.5574,0.038431
-0.56813,0.49601,-1.5634,-0.40041,-1.4027,-0.095654,-0.77524,0.023755
-0.70472,-0.88231,-0.0085672,-0.49752,1.5979,0.032189,2.3786,0.15968
-0.69396,1.8488,-0.16384,0.52465,-1.7437,-0.050609,-1.1978,0.013363
-0.54604,-2.0459,0.77939,-0.64319,0.16708,0.01087,-0.92359,0.00017195
-0.54728,0.8077,0.22962,-0.39959,0.81976,-0.059267,2.4884,-0.057265
-0.54794,1.4454,1.1619,0.35957,-0.14012,-0.018445,0.56904,-0.12843
4.503,-0.66308,-0.15396,-0.47514,0.21511,-0.046964,-1.483,-0.084013
4.4769,0.017356,0.15713,-0.22644,-0.69209,-0.10953,2.2734,-0.090925
4.4588,-1.3001,1.1012,0.90648,-1.094,0.0092851,0.41474,-0.0468
4.3768,-3.1658,0.050271,-0.56449,0.2114,-0.10242,-2.3375,0.002046
-0.81166,0.50741,-0.42429,-0.095179,-1.9157,-0.11928,1.052,0.12851
-0.65179,-1.1361,-1.1235,0.26685,-1.7036,-0.018349,0.50936,0.14525
-0.64627,-2.7229,-0.4201,-0.093496,0.0038068,-0.057983,-2.2785,0.11193
-0.63778,2.3828,-1.1768,-0.11897,-2.7299,-0.14772,-0.856,-0.0074215
-0.4612,1.3982,0.65296,0.2089,-0.45909,-0.083358,1.4988,0.029012
-0.68212,-1.8692,2.2694,0.075632,-0.40385,-0.01575,-2.3131,-0.10171
-0.63036,2.3691,1.2077,0.40153,-4.0152,-0.056148,0.22301,-0.1498
-0.63057,0.76426,0.33433,0.38576,-0.64747,-0.17011,1.5924,-0.10329
-0.80309,-0.31512,0.80331,-0.5518,-1.6874,-0.043672,-2.1312,-0.059334
-0.61293,1.195,-0.4436,0.42016,-3.1842,-0.11253,-1.9683,-0.035945
-0.60801,-1.4179,-0.86797,-0.39585,2.7689,0.16787,2.2527,0.058948
-0.60488,0.34996,-0.081994,0.47778,-2.8845,-0.033699,-1.108,0.073186
-0.35307,-0.61353,-0.1716,0.17219,-0.90275,-0.092708,-2.353,0.16628
-0.55695,0.062349,-0.54549,-0.39076,1.3123,-0.014158,1.6297,0.023025
-0.61044,1.3803,0.69108,0.38624,-3.4206,-0.030548,-0.9845,0.086377
-0.60259,-2.3258,0.2524,-0.13745,1.2918,0.056422,-1.2624,0.041984
-0.74846,3.0442,0.086393,-0.30593,0.50744,-0.15152,0.63107,-0.077904
-0.6257,0.29757,0.25322,0.30323,-0.86329,-0.019812,0.11308,-0.10548
-0.58363,0.30637,0.93985,-0.10367,-0.24387,-0.01247,-2.5432,-0.11838
-0.57851,-1.3651,0.18012,-0.51751,1.8602,0.02925,1.0814,-0.084305
-0.23165,0.044027,-0.82012,0.10954,-1.3157,0.023551,0.71213,-0.025139
-0.40714,-1.8759,-0.62568,0.29289,-0.099067,-0.014485,-2.9413,-0.058604
-0.63443,0.99873,-1.6431,0.081637,-0.57762,-0.016205,1.5629,0.1333
-0.57256,-1.6039,-0.75647,0.12509,0.92996,0.0080658,1.2186,0.046049
-0.60072,0.83819,0.44834,0.10819,0.49873,0.043888,-1.4459,0.050405
-0.83866,1.5489,-0.31892,-0.20424,-1.0245,-0.0024396,0.38771,0.14367
-0.6017,0.43032,-0.17575,0.019296,1.4463,0.063539,1.9217,0.036168
4.5149,0.033578,0.44835,0.14515,-0.67609,0.034987,-1.1606,-0.036043
4.4776,2.1869,-0.93189,0.11083,-1.7154,-0.016391,-1.0268,-0.076371
4.4472,0.65319,0.24978,-0.014501,2.735,0.19926,2.2834,-0.12269
4.4217,0.062291,0.75785,0.70707,-2.8301,0.030001,-1.1721,-0.084792
-0.66532,-1.8096,-1.0132,-0.19442,0.36193,-0.025767,-1.5178,-0.051619
-0.66517,1.5191,-1.6181,-0.13171,-0.60352,-0.075541,1.0588,-0.0017507
-0.80456,-1.4584,0.22729,0.59524,-2.6119,-0.046618,-0.67844,0.10935
-0.7382,-1.654,-0.85175,-0.13418,0.25578,-0.025754,-1.0386,0.026627
-0.62981,-0.21527,-0.64377,-0.062576,0.96192,-0.095545,1.0108,0.13666
-0.63049,2.6035,0.088224,0.31367,-3.4891,-0.062469,-0.15491,0.13028
-0.39746,-3.8283,0.21121,-1.2168,0.48886,0.01252,-3.0021,0.025824
-0.60071,1.1372,0.50607,-0.54673,-1.7602,-0.12678,0.96582,-0.091192
-0.62139,2.7355,1.0113,0.65464,-4.4772,-0.025806,0.33603,-0.15518
-0.62483,-5.56,-0.706,-1.2694,1.1346,-0.077242,-3.1733,-0.17487
-0.75353,1.0448,-0.30576,-0.56884,-5.1244,-0.067321,0.16362,-0.11611
-0.67856,-1.4371,0.67706,-0.15729,-1.3021,-0.11327,0.19703,-0.069945
-0.55636,-2.1987,-0.22842,-0.40505,1.8511,0.13569,-1.35,0.092729
-0.59792,2.489,0.1906,0.21776,-4.4387,-0.090148,-1.5294,-0.034412
-0.40931,-0.88654,-1.587,-0.085024,1.4429,-0.077024,0.91062,0.11402
-0.43179,-0.29141,-0.081043,-0.066918,-1.9258,-0.041477,-2.0979,0.22026
-0.52519,0.41587,-0.71478,0.15518,-2.7379,-0.02381,-0.945,0.11091
-0.5879,0.14921,-0.4717,-0.33428,-0.9202,-0.13443,0.97733,0.061747
-0.52211,1.562,0.45606,0.32027,-2.4874,0.021382,-1.6781,-0.056462
-0.70468,1.1914,-0.095401,0.08797,-2.644,-0.044904,-1.9798,-0.10229
-0.65597,0.58146,0.69195,-0.18374,1.0578,-0.056379,1.7021,-0.12283
-0.56798,0.73609,0.61036,0.45754,-1.6843,0.047617,-1.3966,-0.087615
-0.55637,-2.2299,0.11031,-0.29986,-2.4545,0.010658,-2.4054,-0.015064
-0.36929,0.4139,-0.99143,-0.25109,-1.1006,-0.10356,1.1801,-0.058945
-0.35641,-0.76556,-0.032593,0.64196,-1.0747,0.00039047,-0.60036,0.036533
-0.56065,-4.0797,-0.12566,-0.36919,-0.58123,-0.0087609,-1.2721,0.20641
-0.55175,1.3068,-0.74723,-0.083964,0.49544,-0.082203,1.4386,0.10648
4.5428,2.0128,-0.26211,0.64972,-1.3421,-0.053459,0.10086,0.02945
4.5054,-1.2825,-0.00077485,-0.33044,-0.47561,-0.034097,-2.6446,0.056685
4.4608,2.7208,0.6491,-0.46565,-2.0048,-0.040643,0.9538,-0.043953
4.2904,0.55624,0.42182,0.1475,-0.28105,-0.018644,0.84562,-0.081263
-0.54601,-1.0193,-0.26887,0.015134,-0.075022,0.017673,-2.4608,-0.11694
-0.60531,1.8668,-1.3199,-0.15072,-4.1201,-0.090873,-0.53673,-0.067317
-0.64143,-0.58946,0.6583,0.14084,0.098768,-0.10636,1.1792,-0.0422
-0.63585,-2.9087,2.0043,0.031808,-0.94754,-0.038256,-2.0173,-0.014333
-0.80662,0.73582,0.2572,0.22285,-3.6306,-0.055705,-1.1187,0.099811
-0.85645,-2.4538,-1.0825,0.33009,-0.082748,-0.14606,0.92712,0.41292
-0.61253,0.32024,-0.43505,-0.22477,-2.2156,0.043279,-1.8901,0.23975
-0.61088,2.8895,-0.65678,0.59952,-2.9267,-0.035316,-2.5557,0.20673
-0.61077,1.3728,0.042825,-0.42233,2.3189,-0.0050772,1.3662,-0.017814
-0.44557,3.0122,1.2622,0.42277,-4.8144,0.0044592,-1.7358,-0.020929
-0.62728,1.8771,1.0628,0.70116,0.64382,-0.10248,-2.7443,-0.091606
-0.59941,0.91687,-0.1456,-0.21859,2.2613,0.093759,2.2738,-0.11806
-0.60262,1.4493,1.636,0.62196,-3.7407,-0.0020097,-1.4845,-0.073547
-0.70801,-4.5846,-0.71181,-0.69515,-0.55806,0.018263,-1.9511,-0.075495
-0.6207,0.22196,-0.80707,-0.29504,0.13146,-0.099909,0.89296,0.023366
-0.58085,-1.8618,-0.082476,0.071553,-0.55316,0.044299,0.29296,0.19787
-0.57658,-0.88764,-1.1398,-0.57964,2.0206,0.11469,-2.3533,0.11383
-0.25968,0.74086,-0.71407,-0.053918,1.3674,-0.032814,0.852,0.13712
-0.47974,1.1125,-0.84006,0.2109,-0.0023522,0.0033746,0.60032,0.10687
-0.57932,0.13203,-0.082996,-0.011533,1.3404,-0.00032188,-3.3765,0.010004
-0.57374,2.1871,-0.11447,-0.339,1.1651,-0.030176,1.3994,-0.033001
-0.78868,1.1616,0.53909,0.10474,-0.066955,0.012686,1.3049,-0.065686
-0.54878,-0.33968,0.40519,0.50383,2.4377,0.14451,-1.8364,-0.11517
-0.55052,2.0209,-0.15408,0.11466,-0.89269,0.0098755,0.064919,-0.092044
-0.54331,-1.4441,-0.45713,0.45061,1.9597,0.059245,1.2482,-0.0321
-0.46989,-0.94856,0.087735,0.25874,1.2395,-0.0082988,-1.8961,0.086523
-0.27426,0.64336,-1.166,0.37931,-0.62391,0.017564,-0.48858,0.18624
4.5636,-1.0104,-1.0113,-0.22242,2.7267,0.14025,2.0212,0.022709
4.5344,-1.6957,-0.64136,0.30823,-0.40992,0.011705,-0.84571,0.20098
4.4894,0.62963,-1.5563,-0.033551,1.0038,0.023538,0.28055,0.078321
-0.7513,2.2495,0.27331,-0.00040899,1.848,0.03097,1.2278,0.014118
-0.62102,0.74611,0.99437,0.37213,-1.2433,0.035969,-0.73542,-0.052641
-0.62891,-0.83355,-0.67155,-0.37511,0.31716,0.022556,-1.0548,-0.10998
-0.63354,0.0033177,-0.76281,-0.45677,1.9766,-0.02526,1.1253,-0.068047
-0.4993,1.8612,0.57206,0.62814,-3.3853,0.021247,-0.26217,-0.089927
-0.60822,-3.0381,-0.024126,-0.61731,1.0147,-0.057957,-2.1962,-0.016353
-0.62769,-2.7956,-0.42037,-0.38124,0.92999,-0.11356,1.6475,0.28142
-0.61859,1.8151,-0.58284,0.48636,-3.4291,0.027241,0.17553,0.12113
-0.88796,-6.1427,-0.95727,-0.85084,1.8478,0.031239,-3.4589,0.30194
-0.67383,0.57633,-0.37938,-0.38043,-3.1517,-0.039745,1.1338,0.25195
-0.59176,1.0072,1.0714,0.29236,-3.3617,-0.090263,0.23642,0.15464
-0.58877,-3.4449,0.32191,-0.63139,2.6737,0.22064,-2.3996,-0.0022132
-0.3008,3.3287,-0.16623,-0.29614,-4.7425,-0.095769,-0.49035,-0.063082
-0.52445,0.75063,-0.084101,0.16222,0.085063,-0.090013,0.95472,-0.12247
-0.58273,0.22296,0.17679,0.003965,1.8079,0.097904,-1.9052,-0.098786
-0.58475,1.5399,0.3521,0.21139,-1.6784,-0.065203,-0.57125,-0.11249
-0.61616,-2.5072,-0.85082,-0.76301,1.1304,-0.09627,1.9873,-0.041884
-0.67346,-0.41108,-0.54649,0.12382,-0.60721,0.036733,-2.0265,0.11351
-0.5531,-0.85442,-1.9474,-0.29152,-1.3835,-0.035342,-1.4936,0.13788
-0.55607,-1.1214,-0.68819,-0.53391,0.68157,-0.077633,1.2618,0.14447
-0.57991,0.049466,-0.50805,0.018429,-0.95891,0.061087,-1.2155,0.10453
-0.39952,0.56451,-0.18328,-0.019299,-1.385,0.030623,-1.553,0.040914
-0.51292,1.1102,0.30892,-0.20084,1.6492,-0.10042,1.5384,0.0014619
-0.54755,1.6905,0.71595,0.62255,-0.37557,0.010889,-0.67022,-0.070505
-0.5819,-0.42802,0.35959,0.1131,-0.98724,0.0021617,-1.9617,-0.086885
-0.71641,1.9136,0.19349,0.091117,2.1564,0.03233,2.0991,-0.1009
-0.47516,0.25292,0.39514,0.55904,-0.12718,-0.029541,0.19552,-0.054029
-0.52586,-5.8532,-0.70308,-1.3526,2.1044,0.11466,-2.6204,0.11132
4.5478,1.6299,-0.49498,0.12565,-2.121,-0.024458,1.0755,-0.042955
4.5446,-1.6291,1.056,0.59699,1.4343,0.01044,0.71251,0.17421
4.5111,-1.8297,0.064757,0.17704,1.4265,0.031772,-1.3695,0.15289
3.1443,1.8089,0.25076,-0.21308,-2.2754,-0.035098,-0.19341,0.12371
-0.63601,1.7898,1.3707,0.85622,1.3688,-0.033719,1.5402,0.021541
-0.84267,-0.79909,0.36819,0.32524,1.1606,-0.022238,-2.399,0.0012185
-0.71501,3.4905,0.019936,0.19773,-3.5002,-0.046996,-0.62691,-0.076492
-0.62194,0.48501,0.71784,0.13682,1.9664,-0.00039247,1.1843,-0.080752
-0.61883,-0.57741,1.4846,-0.53082,0.35868,0.032285,-1.3754,-0.087079
-0.31809,1.5309,-0.97546,0.46447,-1.4533,-0.038666,-1.503,0.033904
-0.49419,-1.9637,-1.1337,0.024961,3.9052,0.2851,2.1285,0.082288
-0.61044,-1.5069,-0.11298,0.21215,-2.9162,0.055299,-1.2004,0.28991
-0.60564,0.16504,-0.71761,0.25476,1.3839,0.029012,-1.1123,0.19013
-0.85339,-0.45462,-1.0811,-0.62801,2.7733,0.058507,2.0265,0.27319
-0.67776,1.1809,1.5562,0.41326,-2.7137,-0.0014963,-0.54642,0.11276
-0.58548,-1.2113,-0.35341,-0.062345,1.7743,0.020817,-2.2225,0.062696
-0.58215,0.92338,-0.22096,-0.54158,2.0136,0.015857,1.6217,-0.025212
-0.57392,2.691,0.96958,0.57463,-2.2427,-0.041034,-0.23839,-0.051887
-0.3575,-2.748,-0.51543,-0.51367,2.161,0.10125,-2.9362,-0.11042
-0.64093,2.716,0.30158,-0.20676,1.5312,-0.0045318,1.6453,-0.14459
-0.57218,-1.2923,0.058288,0.24586,0.61969,0.01404,0.50929,-0.077417
-0.57062,-0.78765,-0.19707,-0.08417,1.9734,0.054477,-2.6027,-0.015112
-0.612,-0.70745,-0.54308,-0.27913,-0.19697,-0.051578,0.70925,0.088007
-0.53723,-0.92164,-0.49203,-0.095705,1.4741,-0.0042237,1.7831,0.11656
-0.54693,-1.7178,-0.68102,0.30829,2.8198,0.26987,-0.81378,0.16134
-0.54976,2.1911,-1.5214,-0.30715,-0.76911,-0.062315,-0.30479,0.013558
-0.32995,-0.12037,-0.33466,0.2078,2.0874,0.14495,2.1242,0.069365
-0.47781,1.6167,1.1984,0.40007,1.095,0.033601,-1.4384,-0.016865
-0.54457,0.54033,0.22892,-0.39804,0.012432,0.017403,0.06149,-0.062084
-0.54501,-0.19262,0.59338,-0.21524,3.164,0.21238,3.1124,-0.10609
-0.58145,-0.056362,0.488,0.33386,1.3875,0.050858,-0.59123,-0.11003
4.5219,1.7913,-0.6824,0.646,1.6112,0.064893,0.61427,-0.081774
4.5075,-0.74353,0.16749,0.22742,1.8968,0.063885,1.6511,0.026919
4.4879,-1.8757,-0.35002,0.26028,0.65862,-0.01446,0.083331,0.089322
4.4692,-1.6867,-0.88042,-0.27525,1.0541,-0.066987,-1.4071,0.11763
-0.43834,1.2186,-0.083144,-0.27609,1.7174,0.038382,2.654,0.15355
-0.78891,0.52273,1.0028,0.74271,-0.9176,0.0037917,0.41512,0.12074
-0.65699,-2.0357,-0.73407,-0.47981,2.1502,0.13934,-2.2028,0.064132
-0.72991,2.8248,-0.67157,-0.010885,1.1686,-0.047606,1.8843,-0.0084923
-0.77022,2.7154,0.91869,0.65543,-1.8749,0.014406,0.35591,-0.070822
-0.67243,-5.675,0.32086,-0.59899,1.487,0.0085535,-3.4551,-0.16929
-0.62384,1.3734,1.0664,-0.67077,-1.8688,-0.01462,2.216,-0.095111
-0.61668,0.32269,0.92991,0.065085,-0.84805,-0.070741,1.0496,-0.027549
-0.4151,-6.3789,-0.69282,-0.5245,2.3406,0.18286,-1.9886,0.086401
-0.55045,-0.11463,-1.2313,-0.011296,-5.1012,-0.08441,-0.31293,0.087083
-0.62059,-0.74315,-1.3307,0.16017,1.184,-0.075111,1.9344,0.074183
-0.61084,-0.17972,-0.69424,-0.087992,2.6938,0.18786,-1.6802,0.021322
-0.79087,3.938,-0.10926,0.11457,-2.689,0.011871,-0.28046,0.15304
-0.6025,-0.43282,-0.21249,-0.92552,3.3162,0.1989,3.0161,0.029231
-0.58775,2.3955,0.99576,0.11748,0.47521,-0.032891,-0.6913,-0.0033814
-0.58509,-0.10267,-1.1757,-0.17226,0.21563,0.0025082,-1.1595,-0.066173
-0.2693,0.91577,0.064577,-0.4975,1.3822,-0.07789,2.331,-0.11967
-0.47857,-0.28437,0.74937,0.39079,-0.31461,-0.0025937,-1.5465,-0.12334
-0.57735,-0.24307,-0.14263,-0.10156,-0.19919,0.0023286,-0.62959,-0.076322
-0.57797,-3.2106,-0.68231,-0.46183,2.2858,0.0532,2.4087,-0.048674
-0.7909,0.00317,0.56996,0.1381,-0.0095967,-0.041111,-0.11505,0.062234
-0.68381,-1.9898,-1.463,-0.3287,0.91094,0.020259,-1.6251,-0.014382
-0.55007,0.4265,-1.2414,-0.2352,2.3753,0.09166,2.6956,0.16803
-0.55614,0.30617,-0.065201,0.34489,0.92592,-0.012522,0.57846,0.019861
-0.045396,-1.0101,-0.34978,-0.1064,1.5488,0.03715,-2.2522,0.047047
-0.51578,3.3453,-0.37306,0.0093217,0.75993,-0.045154,2.4338,0.0034332
-0.51165,1.868,0.9089,0.97262,1.2985,0.058142,1.2719,-0.096717
4.5041,-2.2732,0.7219,-0.40743,1.6129,0.050165,-1.7647,-0.07951
4.4728,1.3832,-0.23604,-0.31655,-2.3282,-0.06279,0.20927,-0.091119
4.4495,-0.65421,1.3205,0.33812,1.8619,0.07242,2.1485,-0.074521
4.4524,-2.0781,-0.0060683,0.30541,1.3446,0.05424,-2.0624,-0.015867
-0.66118,-0.10299,-0.60104,0.12494,-3.2578,-0.011552,0.023177,0.085135
-0.6457,0.4399,0.054748,0.25807,1.9329,0.056415,1.7271,0.0014619
-0.47622,-2.0976,0.44013,-0.25773,-0.0089223,0.0085856,-1.355,0.12544
-0.64162,2.7183,-0.82439,0.6641,-1.9671,-0.10314,-1.1317,0.031884
-0.6481,-0.011132,-0.19254,0.13636,3.0999,0.20627,2.3509,0.060262
-0.63606,1.7864,0.61929,0.21317,-1.894,-0.021808,-1.0195,-0.0070077
-0.7798,3.2064,0.29616,0.43651,0.44651,-0.058188,-0.5559,-0.10395
-0.60045,1.0621,0.2301,-0.57642,2.1905,-0.037107,1.3625,-0.16893
-0.62098,2.0308,0.9054,0.66336,-3.8644,-0.0064121,-1.2384,-0.1259
-0.61645,-0.87186,-0.23586,0.38134,0.15814,-0.022514,-2.0484,-0.060478
-0.227,-1.6652,-0.57215,-0.65596,1.8092,-0.098683,1.1907,-0.044172
-0.54675,0.2885,0.10013,0.42737,-3.9416,-0.070529,-0.69316,0.07725
-0.62252,-7.7991,-0.82193,-1.1383,0.24659,-0.059061,-2.8623,0.14973
-0.60873,0.84626,-0.57014,-0.48247,-0.44335,-0.11586,1.3719,0.027406
-0.93114,1.0146,0.21862,0.39439,-2.8726,-0.032608,-0.0988,0.15742
-0.7057,-0.97113,-0.86018,-0.71661,1.3442,0.041995,-2.8446,0.065154
-0.56372,2.9984,0.87183,-0.36335,-1.7135,-0.16819,0.80699,-0.013019
-0.58506,0.83093,0.77838,0.11072,-0.93146,-0.061147,0.97128,-0.088637
-0.57578,0.097047,0.24223,-0.07162,0.15834,-0.035387,-3.433,-0.10935
-0.35686,1.822,-0.42222,0.047198,-1.286,-0.14266,1.2461,-0.11891
-0.62411,-0.29099,0.31479,-0.055524,0.52721,-0.031793,1.104,-0.079072
-0.57739,-1.2746,-1.0187,0.24978,0.4007,-0.014196,-2.1526,-0.073937
-0.57893,0.95189,-0.46904,0.020324,-3.0598,-0.062539,-0.73664,0.036484
-0.67241,-0.031432,-0.97832,0.17593,0.12357,-0.12461,1.2541,0.028769
-0.63068,-0.43175,-0.50683,0.22643,0.47994,0.0013852,-1.1031,0.055054
-0.55517,1.3376,-0.2141,-0.16577,-1.396,-0.01523,0.32481,0.15757
-0.54457,0.44686,-0.012775,-0.43738,1.6918,-0.036504,2.0537,0.027552
4.5196,1.2814,0.21346,0.73127,-0.78833,0.056993,-0.75294,-0.01465
4.4767,1.7663,0.03554,0.12973,-1.6801,-0.039995,-1.118,-0.085741
4.4414,1.3029,0.37316,0.22348,1.3748,-0.027051,2.2168,-0.12067
-0.75582,0.75495,0.66341,0.65101,-2.3717,-0.015185,-0.74369,-0.10672
-0.81655,-1.4122,-1.1146,-0.3171,-0.80572,-0.026884,-2.2135,-0.062255
-0.66882,0.15086,-0.043353,-0.30026,-0.039133,-0.11616,1.5331,0.063718
-0.63602,0.10611,0.41455,0.56194,-3.3459,-0.022944,-0.34867,0.080998
-0.6335,-2.9998,0.15378,-0.70095,0.16408,-0.029714,-3.2977,0.012317
-0.50551,0.95503,0.38278,0.0081142,-2.9043,-0.11065,1.1504,0.15484
-0.42692,0.29011,0.98626,0.3865,-3.5772,-0.042543,0.1703,0.31549
-0.65709,-3.6747,-0.10595,-0.8671,1.2443,-0.053985,-2.9145,0.047047
-0.63265,2.1513,0.17823,-0.21709,-3.411,-0.036029,0.6993,-0.025358
-0.81378,1.6626,0.93618,0.18391,-2.9751,-0.1112,0.19785,-0.1416
-0.63947,-4.4909,1.2928,-0.45584,1.1822,-0.049101,-1.7983,-0.15917
-0.59647,2.3175,0.036395,0.699,-4.4521,-0.076504,-0.68846,-0.12539
-0.60271,-1.036,-0.28625,0.14091,0.50848,-0.073789,1.0322,-0.039937
-0.60481,-0.36298,0.089219,-0.34243,-0.010322,0.016447,-2.4305,-0.0065696
-0.35185,2.7282,-0.72162,0.77688,-4.4158,-0.020049,-1.7358,-0.0097822
-0.52563,-1.9869,-0.48899,-0.48904,3.3462,0.16889,2.1648,0.20025
-0.59948,-0.10844,-0.32413,0.51253,-2.0014,0.045326,-1.5923,0.15331
-0.59084,-0.037167,-1.1753,-0.012921,-1.3403,-0.041901,-1.7788,0.027893
-0.69995,1.0856,0.020604,-0.27157,0.61151,-0.079475,2.2262,0.040086
-0.61971,1.0096,0.77295,0.53852,-1.6404,0.042002,-1.3999,-0.045097
-0.57429,1.1566,0.24462,-0.0083862,0.40996,0.05965,-0.36897,-0.10468
-0.5681,0.333,-0.32009,0.032303,1.8897,0.053174,1.6868,-0.082577
-0.29063,0.97917,0.19534,0.34731,-1.0799,0.026137,-0.17974,-0.10042
-0.4159,-2.4396,-1.6937,-0.50543,1.1282,0.033511,-2.2564,-0.050573
-0.56196,0.6808,-0.63431,-0.090413,1.0495,-0.011687,2.0526,-0.04388
-0.5585,-0.70472,-0.0069162,0.24129,0.92766,0.073133,0.69103,0.024729
-0.65779,-3.6143,-0.15439,-0.13244,2.4953,0.20323,-1.9823,0.2169
-0.62399,1.9727,-1.6205,-0.22448,-0.80889,0.031714,1.4329,0.22892
4.5472,-0.10147,1.3939,0.47393,2.1649,0.14837,2.0442,0.024632
4.5062,-0.062161,0.73943,0.41147,1.8897,0.11973,-1.7186,0.023561
4.4628,3.5176,0.67379,0.2886,-1.9463,-0.00045023,0.46176,-0.044269
-0.58926,0.74171,0.25555,0.25746,2.5486,0.14056,1.5914,-0.089684
-0.59126,-1.3149,0.93635,-0.1739,0.60852,-0.018926,-1.0629,-0.12814
-0.6377,0.86082,-0.4724,0.17724,-1.847,-0.058631,-0.49079,-0.082796
-0.92479,-0.80975,0.20207,0.042541,2.1158,0.044158,1.7914,-0.086739
-0.77166,-0.74247,0.15892,0.092505,-1.2334,-0.023707,-1.1927,-0.021343
-0.58846,0.76686,-0.18266,0.28465,-1.1369,-0.030901,-0.81142,0.10261
-0.61351,-2.55,-0.82008,-0.34146,2.8326,0.13255,1.6976,0.45478
-0.61762,2.2572,-0.27633,0.50935,-3.5896,0.020959,-1.0391,0.068513
-0.42906,-0.17248,-0.12453,0.44373,0.41122,-0.0061554,-2.1473,0.22423
-0.63851,0.961,-0.27364,-0.38538,1.6441,-0.051572,1.3787,0.034294
-0.60592,2.7669,1.0821,0.49247,-3.6061,-0.065877,-0.20277,-0.015307
-0.60167,-0.63825,-0.72597,-0.69584,2.3552,0.11395,-2.3588,-0.080654
-0.7797,0.50694,-0.049765,-0.8321,0.68408,-0.049268,1.988,-0.13303
-0.66883,0.78359,1.3117,0.5399,-3.1137,-0.044737,-0.30461,-0.10923
-0.58488,-4.4063,-0.54838,-0.70613,1.3078,-0.062231,-2.9183,-0.075129
-0.58267,1.3306,-0.32221,-0.11422,-1.4402,-0.076979,0.91377,0.033417
-0.46045,-1.2589,0.071296,0.1716,0.21894,-0.013112,1.1784,0.11052
-0.56145,-2.009,0.25924,-0.36342,0.068005,0.017949,-2.8348,0.17696
-0.58788,1.0849,-0.36024,0.17296,-0.64903,-0.095018,0.34364,0.12242
-0.57634,0.21435,-0.52939,-0.03368,1.43,-0.0034215,1.4493,0.098181
-0.78395,0.20804,0.51164,-0.13138,1.3015,0.054567,-1.1644,0.030789
-0.64427,2.4649,0.099517,0.14269,-0.24489,-0.021063,-0.06881,-0.037187
-0.5294,0.5803,0.21449,-0.14999,1.8716,0.040679,2.2057,-0.067001
-0.54887,0.75825,0.48475,0.30736,0.35356,0.022852,-1.3948,-0.11543
-0.4996,-0.64623,0.12767,-0.0086753,-0.80193,-0.04088,-0.32667,-0.092677
-0.34903,-0.25322,0.31962,-0.42582,2.985,0.22555,2.7825,-0.064177
-0.61237,-2.421,0.012035,0.25482,0.074704,-0.020338,-1.0428,0.10969
-0.5505,-3.0027,-0.95354,-0.40065,1.9629,0.11775,-0.79106,0.17735
4.5559,1.2503,-0.44753,-0.14776,1.5833,0.019938,3.2515,-0.015599
4.5407,-0.77921,0.28456,0.41422,0.51395,0.036675,0.25929,0.19624
4.5006,-1.7401,0.45313,-0.46599,0.9227,-0.036234,-1.4991,0.11385
-0.7314,2.7815,0.57272,-0.13296,1.4345,-0.001599,2.7899,0.014215
-0.63689,1.6938,1.0911,0.77873,0.22417,-0.03438,0.63587,-0.043052
-0.37728,-1.6283,0.86845,-0.77381,0.73798,-0.056565,-2.2046,-0.091582
-0.56436,1.7164,0.47519,-0.28486,0.18613,-0.018317,1.5412,-0.10297
-0.62842,0.48977,0.18848,0.26301,-0.25818,-0.039841,1.219,-0.10056
-0.62816,-4.4448,0.18245,-0.48911,1.7783,0.066555,-1.8178,-0.023046
-0.73675,-1.3561,-1.2778,-0.34033,-1.209,0.0017381,0.61309,0.21644
-0.72482,-1.0992,-0.88727,0.081284,-0.051387,-0.028379,1.4207,0.24282
-0.59313,-5.676,1.5517,-0.19577,1.9203,0.11191,-1.5224,0.33793
-0.59898,1.1461,-0.12661,-0.0028112,-2.6223,-0.072904,-0.29612,0.16105
-0.35191,0.80768,-0.4661,0.056832,1.3666,-0.06906,2.0341,0.20877
-0.55086,1.5288,0.85972,-0.037398,1.0896,0.026888,-1.5538,0.036241
-0.59754,4.166,0.24123,0.7389,-1.4452,-0.0007711,-1.174,-0.054929
-0.59065,0.8249,0.41038,-0.041753,4.311,0.33033,2.9691,-0.095257
-0.76734,1.7376,1.3284,0.32065,-1.345,0.024238,-1.1336,-0.098104
-0.60452,-0.65432,-0.19224,0.083782,1.0832,-0.0045382,-1.3354,-0.10083
-0.5649,-1.6085,-0.39843,-0.18046,2.5518,0.20239,3.2848,-0.011948
-0.56523,-1.202,1.0819,0.22452,-0.39249,0.026978,-0.51378,0.093191
-0.56012,-1.9827,0.30786,-0.14859,1.9122,0.12139,-0.14151,0.030132
-0.3487,0.081332,-0.87103,-0.18322,2.0602,0.054253,2.6388,0.13016
-0.50271,-0.29076,0.55039,0.27725,0.93352,0.0084316,0.67976,0.1489
-0.55986,-0.62211,-0.91697,-0.44279,2.2503,0.14148,-1.1316,0.08937
-0.55223,1.3711,0.19511,-0.087715,2.1944,0.15179,2.5785,-0.034753
-0.66712,1.7166,0.57326,0.19812,1.4892,0.030129,1.6958,-0.046678
-0.51669,-0.31897,0.33431,-0.012927,2.0395,0.094484,-1.6719,-0.056146
-0.53419,3.2259,-0.83373,0.21461,1.9845,0.14622,2.3319,-0.10543
-0.53808,0.2535,-0.050568,0.38396,3.5909,0.36008,2.4435,-0.050694
4.5609,-2.5196,0.30067,0.14443,2.6558,0.2628,-0.40988,-0.020345
4.5347,0.82381,-0.52175,0.16606,0.65968,-0.052984,0.8943,-0.05011
4.5188,-1.1101,-0.18801,0.27374,4.0736,0.44849,2.83,0.15859
4.4879,-1.5347,0.54028,0.0005416,1.4798,0.098771,-0.45162,0.098181
4.7847,0.81454,-0.3301,0.081065,1.2017,0.047867,0.3513,0.12322
-0.73349,0.26123,-0.045126,0.061296,4.2779,0.43133,3.4701,0.10127
-0.64804,1.8636,0.81461,0.45583,-0.38691,0.033319,-0.28541,0.016868
-0.64695,1.5476,-0.22207,0.22994,1.8724,0.11813,0.27829,-0.059821
-0.43202,1.567,-0.083349,-0.15083,2.8546,0.19028,2.1836,-0.061573
-0.57295,1.905,0.48991,0.45427,-1.2766,-0.034187,0.29955,-0.11149
-0.65382,-2.9707,0.20274,0.083371,2.1199,0.16777,-1.2943,-0.083745
-0.62999,-2.3147,-0.85604,-0.27997,2.5873,0.17712,2.6939,0.051939
-0.83317,0.37032,0.13632,0.15086,-1.7395,-0.032679,1.2165,0.13267
-0.76996,-3.9742,-1.6972,-0.92012,3.0464,0.29758,-2.4243,0.27412
-0.6531,-0.88113,-1.0503,-1.1911,0.8003,-0.12281,2.5058,0.27315
-0.60862,0.91552,0.34341,0.41102,-1.0609,-0.069182,1.4325,0.091342
-0.60006,-5.0448,0.44712,-0.59309,2.4583,0.23776,-1.5571,-0.020929
-0.48387,3.3419,-0.44333,-0.53628,-0.40779,-0.169,0.67144,0.026457
-0.6182,1.2417,0.50201,0.088773,0.4657,-0.12982,1.7931,-0.041543
-0.59566,-1.0907,1.507,-0.020558,2.1117,0.19676,-1.714,-0.09718
-0.59698,3.2306,-0.69886,-0.35498,0.83585,-0.09043,1.2818,-0.10373
-0.74199,-0.1043,-0.40092,-0.31015,2.0437,0.099348,2.3949,-0.083234
-0.63375,-1.91,0.32541,-0.20625,0.73282,0.015632,-2.4497,-0.016621
-0.57184,-0.67731,0.47273,-0.055607,0.91498,-0.04545,1.1083,0.066371
-0.56436,-1.4703,-0.58212,-0.25357,2.2298,0.14185,3.2213,0.059727
-0.22363,-0.25668,0.69019,-0.10727,1.3618,0.055356,-0.45903,0.077372
-0.53062,1.1321,-1.0056,-0.30804,0.014089,-0.070022,-0.0556,0.042398
-0.57712,0.95429,-0.16212,-0.40553,3.2861,0.27782,3.6851,0.09543
-0.56929,1.4957,0.19985,0.4305,0.39196,-0.0058217,-0.11456,-0.0064236
-0.82488,-0.097058,0.44653,-0.36248,1.1829,0.0016804,-0.53324,-0.036335
-0.62961,1.1443,-0.074202,-0.31776,1.5798,0.062993,3.2508,-0.11991
-0.54015,0.40323,1.1197,0.55604,0.84294,0.027126,0.97484,-0.11903
4.5059,-1.6728,0.31838,-0.32524,1.1031,0.034576,-0.74758,-0.073499
4.4879,-0.080502,-0.30957,-0.26095,0.25517,-0.055082,2.8341,0.0027761
4.4718,-1.3706,0.27205,0.59078,-0.088586,-0.048049,0.83139,0.044418
4.4099,-2.1591,0.37961,-0.29031,0.63356,-0.11414,-2.3416,0.11648
-0.67712,1.1874,0.64821,-0.0020789,-0.18427,-0.06211,2.896,0.13858
-0.89909,0.55998,0.13529,0.36487,-0.56373,-0.11159,0.91267,0.039502
-0.80844,-2.909,-0.053111,-0.46144,-0.44529,-0.055025,-0.97689,0.077007
-0.7234,1.8283,-1.3808,-0.17995,-0.93413,-0.1102,1.5391,0.0010968
-0.6435,1.0701,0.31236,0.36318,-0.15438,-0.063727,1.7881,-0.074618
-0.63182,-1.3733,1.3635,-0.10304,0.89641,0.020824,-1.9953,-0.11475
-0.50285,2.8975,0.94982,0.60406,-2.5069,-0.045873,0.31247,-0.13386
-0.55029,0.28414,0.055281,-0.011296,0.39427,-0.16048,2.1422,-0.060454
-0.63518,-3.2048,1.638,-0.61802,-0.0045615,-0.013208,-1.4687,0.074597
-0.63535,-0.32827,-0.44677,-0.086559,-3.7752,-0.13996,-1.1449,0.046073
-0.84039,-0.77544,-0.79617,-0.28646,2.4257,0.097295,2.3037,0.10655
-0.69134,0.5028,-0.10129,0.41267,-1.9207,-0.072949,-1.2614,0.15727
-0.59986,0.91192,0.047765,0.15961,-1.5993,-0.11405,-2.1265,0.1581
-0.60079,0.46977,-0.050985,-0.37232,1.2271,-0.047349,2.4271,-0.0032597
-0.26321,2.5391,1.0902,0.49728,-3.1069,-0.013234,-1.0692,-0.0090521
-0.53884,-1.7665,1.147,-0.52795,-0.044515,-0.039282,-1.1804,-0.079875
-0.58904,1.1474,2.0019,0.075561,0.92023,-0.10913,2.2262,-0.13417
-0.5954,-0.073271,1.6458,0.51111,-1.3742,-0.080162,0.11306,-0.11426
-0.70721,-1.9017,1.0805,-0.33128,-1.018,-0.016924,-1.7611,-0.082212
-0.70455,0.0032021,0.12217,-0.04253,0.63847,-0.13979,1.9258,0.0045528
-0.56,-1.5462,-0.50821,0.063351,0.085211,0.015825,1.0298,0.08808
-0.57094,-1.5415,-0.69957,-0.23637,0.095024,-0.036452,-2.7761,0.018766
-0.5716,0.45278,-0.35547,-0.57748,-0.32058,-0.15192,1.617,0.098886
-0.42191,0.79773,-0.25311,0.24956,-0.43566,-0.095782,1.6573,0.046682
-0.49149,-0.64913,0.56094,0.32376,1.0752,0.011884,-2.1381,0.053618
-0.56306,3.7529,0.015831,0.44187,-1.0876,-0.036927,1.247,-0.039061
-0.55452,0.91961,0.31409,0.36126,2.8037,0.25201,2.0422,-0.071795
4.5021,0.65752,0.55968,0.079961,-0.87816,-0.049319,-1.0882,-0.07603
4.4709,1.0817,-0.32,-0.11838,-1.9111,-0.15237,-0.91015,-0.12398
4.4515,-0.77893,-0.19362,0.058174,2.5212,0.1967,2.4348,-0.051157
4.4554,-0.62918,0.15572,0.42727,-1.3829,-0.026274,-0.45545,-0.012313
-0.33856,-0.37512,-0.98503,-0.042203,-0.0039065,-0.0032547,0.2714,0.096355
-0.60683,-0.10161,-1.1745,-0.23944,1.192,-0.088466,0.94757,0.13084
-0.66116,0.30311,-0.58133,0.49711,-2.9662,0.016351,-0.74591,0.15026
-0.64939,-0.2334,0.20544,-0.087902,-0.64283,-0.047003,-1.4609,0.027163
-0.88336,1.608,0.56011,0.069292,1.2531,-0.0385,1.0606,0.054786
-0.65046,2.1962,1.0938,0.073172,-3.5208,-0.021236,0.030948,-0.02733
-0.63679,-1.4155,0.28567,-0.2205,1.0497,0.010723,-2.6391,-0.12363
-0.62764,0.86582,0.077296,-0.35348,0.91632,-0.099645,1.2862,-0.16141
-0.36914,1.4598,0.65703,0.30621,-4.0374,-0.056501,0.35491,-0.10336
-0.61097,-8.07,-1.0698,-1.3933,0.8535,-0.13531,-3.3579,-0.021854
-0.64495,-1.3075,-0.94619,-0.75386,-3.8259,-0.0036461,1.1219,0.011611
-0.61718,-1.5583,-0.68917,-0.22001,-1.0674,-0.078577,1.0248,0.018206
-0.96502,-2.7218,0.42525,-0.49559,2.5296,0.2138,-1.3165,0.17139
-0.73864,2.7533,-0.36502,-0.074118,-3.5709,-0.11204,-0.82847,0.028647
-0.59529,-0.48373,-1.1497,-0.19891,1.5432,0.054689,2.2092,0.10758
-0.59373,1.0073,0.86023,0.046555,0.772,0.029924,-0.64353,0.11378
-0.59509,2.8433,-0.066345,0.26247,-0.64808,-0.043428,-0.59208,-0.04074
-0.40519,0.67142,-0.4752,-0.45677,1.2035,-0.050783,2.3201,-0.068461
-0.66027,1.1493,0.47393,0.47298,-1.4878,-0.032762,-0.85307,-0.12052
-0.58316,-0.45011,-1.0912,-0.016017,0.30959,-0.027635,-1.7504,-0.10217
-0.58836,-0.55391,-0.64451,-0.49571,1.4615,0.049022,2.4282,-0.043466
-0.75451,0.19607,-0.38916,0.49559,-0.63916,-0.00062991,-0.36034,-0.064275
-0.61671,-2.5116,-1.3264,-0.01998,0.56045,-0.044821,-1.8158,0.08808
-0.56509,0.05784,-0.85834,-0.064047,0.84986,-0.029605,2.071,-0.0074945
-0.5609,0.60255,0.035926,0.51638,0.79658,0.037612,0.60195,0.057682
-0.31873,-3.5379,-0.55376,-0.49827,1.8802,0.13934,-1.8285,0.18541
-0.47611,1.6845,-0.54366,-0.020069,-0.097583,-0.017347,2.1399,0.08073
4.5226,1.1906,0.53644,0.38004,1.1077,0.021453,1.277,-0.0087114
4.4809,-0.28253,1.0456,-0.055614,0.62318,-0.031979,-1.7361,-0.064323
4.4447,2.1976,-0.10588,-0.13992,-0.87157,0.019033,1.8315,-0.11147
4.4465,-0.56165,-0.39718,-0.10546,1.4056,0.057108,1.7953,-0.099954
-0.64912,-2.64,-0.77228,-0.13706,1.0056,0.0448,-1.5862,-0.052228
-0.64678,0.39763,-0.32917,-0.0062153,-1.9361,-0.092901,-0.80023,0.027309
-0.44613,-1.7738,-0.01318,0.47311,1.3615,0.055395,2.622,0.063937
-0.48863,-0.35155,0.18679,-0.087414,0.29895,-0.063136,-1.3649,0.0080574
-0.66585,1.6911,-0.20399,0.50024,-2.3032,-0.070959,-1.4548,0.15241
-0.64585,0.39985,-0.45349,0.034281,2.1477,0.12307,2.4546,0.25243
-0.64164,2.0598,0.12746,-0.047026,-0.90999,-0.025004,-0.72705,0.043712
-0.83201,3.3969,-0.77502,0.86174,-1.3462,-0.076626,-2.2645,-0.044123
-0.56614,1.0661,-0.0017834,-0.20592,2.9855,0.19876,2.8449,-0.1048
-0.61275,2.6479,0.85717,0.20674,-3.3097,-0.056931,-0.3183,-0.14807
-0.61538,0.33814,1.2859,0.46681,1.1275,-0.040085,-2.7836,-0.074253
-0.43105,-0.75382,-0.3075,-0.74493,0.37487,-0.0936,2.0832,-0.060089
-0.55721,-0.46463,0.83236,0.49252,-3.6117,-0.015775,-0.21477,-0.003357
-0.61226,-4.6105,-2.3795,-0.6052,1.0108,-0.013176,-3.4089,-0.032076
-0.6062,1.4624,-1.0154,-0.481,-0.87618,-0.15178,1.0591,0.047558
-0.86629,-0.55766,-0.1447,0.055425,-1.0084,-0.075214,0.23363,0.20826
-0.70607,-1.2489,-1.1956,-0.43768,-0.16953,-0.042973,-3.0699,0.12636
-0.58022,3.1521,0.44917,0.17477,-1.4957,-0.1758,0.58486,0.10845
-0.57728,0.087677,0.58162,-0.12899,0.78634,-0.065363,1.6487,-0.032319
-0.40256,0.56847,0.86669,0.11739,-0.32292,-0.011893,-2.3884,-0.079291
-0.48374,1.7613,0.32996,-0.17911,-0.4415,-0.033763,0.71901,-0.12454
-0.56225,0.6118,0.38267,0.0018776,0.88741,-0.065844,1.8771,-0.092604
-0.5675,-1.4452,0.41061,0.10765,0.43762,-0.013381,-1.7228,-0.069361
-0.63754,0.62992,-0.37479,-0.18583,-1.6922,-0.073757,-0.347,-0.055197
-0.56672,-2.1129,-0.38244,-0.247,2.6085,0.18822,2.7725,0.058534
-0.53171,-0.39638,-0.3691,0.34987,-0.11494,0.01963,-0.31385,0.21566
-0.54453,-0.85818,-0.82479,-0.069673,-0.039641,-0.065787,-1.8361,0.16859
4.5177,0.076869,0.30104,-0.49934,1.4971,0.076861,3.0149,0.0098828
4.5223,0.17933,1.2068,0.47164,-0.54909,0.00084611,-0.46608,0.086474
4.4763,0.78101,-0.75458,-0.21525,1.3588,0.032112,-1.9496,-0.010439
4.3885,2.5579,-0.50096,0.0040357,-0.065394,-0.016455,2.173,-0.077076
-0.6406,0.93636,0.42464,0.56526,-0.42687,0.0074561,0.4587,-0.076517
-0.73482,-1.8653,0.3835,-0.39783,0.030396,-0.015082,-2.1523,-0.10524
-0.59515,0.50339,-0.3904,-0.2519,-0.72014,-0.04142,1.5457,-0.067366
-0.61869,-0.01451,0.0088483,0.57551,-1.9431,-0.014556,0.98291,-0.060965
-0.62044,-5.2704,-1.0686,-0.69814,0.361,-0.054088,-2.705,0.017525
-0.45715,-0.93948,-0.98809,-0.16774,-3.9783,-0.065838,0.29092,0.35346
-0.57375,-0.19564,-0.37301,0.25399,-3.0332,-0.069811,1.0728,0.25742
-0.61477,-6.9845,0.4467,-1.02,1.2992,-0.0040055,-2.5416,0.29152
-0.60098,1.7566,-0.8301,-0.31198,-4.0289,-0.055422,0.26373,0.017208
-0.79036,1.5483,0.62841,-0.27535,-0.45289,-0.094261,1.2113,-0.041494
-0.68836,0.23676,0.12166,0.017826,1.7841,0.13165,-1.7319,-0.10027
-0.59167,3.1917,1.0094,0.3532,-3.3002,-0.0056099,-0.67898,-0.1571
-0.58873,-1.1897,-0.24565,-0.42347,3.3857,0.27776,2.7252,-0.10604
-0.23773,1.1402,0.7957,0.19749,-1.3834,0.036033,-1.1055,-0.058215
-0.47688,-0.25761,-1.3085,-0.072981,0.39819,-0.056533,-1.1514,-0.013603
-0.57038,-1.612,-0.96875,-0.45516,3.2424,0.26621,2.6929,0.16338
-0.57802,-0.49147,-0.055964,0.48109,-1.1443,0.018982,-0.53488,0.13783
-1.0152,-2.6604,-1.4586,-0.54175,-0.1192,0.0047608,-1.5275,0.19405
-0.6638,0.91411,-0.22022,-0.024302,1.0733,0.0018472,2.5175,0.12184
-0.57705,0.98066,0.26974,0.24892,0.92999,0.052308,0.03728,0.058924
-0.55345,0.57464,0.084671,-0.14142,0.51141,0.050319,-1.1942,-0.035069
-0.54552,1.3852,-0.047066,-0.096142,2.2589,0.17005,2.67,-0.054905
-0.30183,1.701,0.23551,0.29378,1.3077,0.10752,1.0394,-0.11787
-0.60209,-2.384,-0.21754,-0.036339,1.7612,0.14317,-1.4458,-0.099784
-0.54666,1.7996,-0.72742,-0.082808,2.2876,0.2167,3.03,-0.059359
-0.54711,-0.576,0.46457,0.45576,2.2087,0.19207,2.1768,0.075717
-0.76548,-3.8231,-0.72005,-0.040392,1.7532,0.10969,-2.8975,0.1435
4.5684,2.1877,-0.25892,0.16386,1.3943,0.061909,2.3431,0.022611
4.5431,-0.10169,0.047341,0.31294,3.1801,0.31066,2.3316,0.1938
4.4995,-1.7638,0.85203,0.078631,1.0793,0.054907,-1.0367,0.0552
4.4557,2.1847,-0.77758,-0.36177,-0.43197,-0.1203,0.48741,0.056855
-0.57149,1.3452,1.0373,0.43585,2.9279,0.3015,2.995,-0.012119
-0.64168,0.98532,0.90082,0.071849,0.95914,-0.010712,-0.24061,-0.085205
-0.63915,2.3639,0.3443,0.76542,-1.1605,-0.067167,-0.6066,-0.11312
-0.83011,1.1968,0.33165,0.25581,2.781,0.19201,2.3942,-0.088321
-0.65994,-0.69324,0.4987,-0.25288,-0.67564,0.014291,-0.33513,-0.050013
-0.61102,-1.2382,-1.4144,0.30345,-0.48006,-0.046207,-1.3399,0.28702
-0.61059,-2.4928,-1.0525,-0.33151,3.2718,0.27631,3.0865,0.22408
-0.4538,0.37111,-0.089099,0.44183,-1.8286,-0.065922,-0.014776,0.3877
-0.43219,2.167,-0.14136,0.59519,1.6105,0.013142,-2.5499,0.24467
-0.62397,0.0018535,-0.64947,-0.75247,1.5531,0.054374,2.6072,0.1839
-0.60445,2.7666,1.925,0.41817,-1.399,-0.036805,1.2375,0.026627
-0.72288,-2.3951,-0.5193,-0.6728,2.4982,0.17776,-2.0475,-0.052154
-0.80245,2.7542,0.30167,-0.38984,1.5226,0.027216,2.4173,-0.11845
-0.64566,1.2285,1.2791,0.56074,-1.4005,-0.012727,1.0361,-0.097301
-0.57691,-3.6919,-1.1752,-0.44914,1.8539,0.10908,-2.8997,-0.083429
-0.56503,3.0018,-0.034745,0.29698,0.39986,-0.13486,1.5238,-0.021026
-0.31314,-2.1648,0.29844,-0.0047444,1.1994,0.009253,1.3398,0.067783
-0.49388,-1.6802,-0.92233,0.12937,0.066669,0.018751,-2.1645,0.12576
-0.57281,0.44141,-0.35492,0.23105,0.7904,-0.10513,0.76177,0.15766
-0.56586,-0.14129,-0.19759,-0.19462,0.99043,-0.015024,2.1611,0.08808
-0.7127,0.29876,0.27645,0.18532,1.646,0.15811,-1.3419,0.104
-0.53243,1.2133,0.47656,-0.18327,-1.3642,-0.15998,-0.35452,0.0046258
-0.54276,1.1793,0.18531,0.061675,1.7612,0.12708,2.9302,-0.056
-0.54012,1.5704,1.0916,0.49415,0.53548,-0.044307,-0.48012,-0.063934
-0.4085,1.1246,-0.054332,0.10644,-0.78631,-0.069888,-0.81377,-0.11689
-0.50778,-2.3935,0.15292,-0.82541,2.1098,0.1628,2.7878,-0.078391
-0.53382,-0.43571,-0.53223,0.65302,0.3158,0.024398,0.14462,-0.016524
4.5488,-2.4191,-1.6949,-0.40314,0.85085,-0.033654,-1.2895,-0.053152
4.5306,-0.65683,-0.32056,-0.15206,-0.5859,-0.087234,2.079,0.16401
4.5026,-1.3631,-0.10558,0.21849,0.82692,0.026856,0.54541,0.16771
4.4671,-0.68124,-0.39652,0.074578,0.42334,-0.11174,-1.8161,0.11614
-0.64878,1.5372,0.19798,-0.01425,-0.34312,-0.047965,1.9336,0.088591
-0.52729,0.95754,0.98604,0.41438,-1.1166,-0.089422,0.7722,0.0078384
-0.53088,-1.9346,0.081825,-0.37859,0.87669,-0.023996,-1.9372,-0.043222
-0.59583,2.5395,0.068084,0.042464,-1.2718,-0.045764,1.0389,-0.078123
-0.63004,1.194,0.50257,0.40951,-1.2439,-0.090411,1.6422,-0.091411
-0.67756,-5.7718,0.83569,-0.42232,0.46386,-0.077268,-1.973,-0.053761
-0.77643,-0.16865,-0.94416,-0.3264,-2.963,-0.12666,0.60748,0.075522
-0.67931,-2.0968,-0.21754,-0.31755,-0.14306,-0.12107,1.4138,0.27108
-0.61155,-2.5183,-0.32593,-0.41281,1.061,0.046179,-1.6546,0.24416
-0.60057,2.1074,0.147,0.41264,-4.8976,-0.11698,-1.0779,0.13284
-0.36134,-0.4317,-0.77001,-0.16767,2.6816,0.11673,2.0752,0.15927
-0.59082,1.7195,1.2217,0.28601,-1.7566,-0.044821,-1.1895,0.10117
-0.60049,2.4026,-0.17084,0.68137,-1.1729,-0.029733,-1.4215,0.02524
-0.59271,1.3872,-0.30466,-0.50818,2.3676,0.11697,1.6615,-0.04332
-0.83825,2.221,1.6127,0.31773,-3.1213,-0.01745,-0.94695,-0.11222
-0.55371,-3.5961,0.16372,-0.66783,0.67436,-0.027808,-1.4988,-0.12928
-0.57492,0.054379,0.71609,-0.17611,0.88278,-0.11292,2.0854,-0.089903
-0.57324,-1.3595,0.94206,0.20722,-0.086209,-0.058567,0.76582,-0.015112
-0.40521,-2.1101,-0.66261,-0.37396,-0.41983,-0.047471,-2.4243,0.089833
-0.49249,-0.37315,0.19547,-0.21542,0.65573,-0.074707,2.1851,0.12089
-0.58691,-0.63299,-1.0947,0.33388,1.7511,0.14619,1.1272,0.15647
-0.56895,-1.3789,-0.39099,0.0083069,-0.23748,-0.040175,-3.3035,0.020445
-0.98589,2.483,-0.13914,-0.30504,0.51828,-0.076812,2.1281,0.10753
-0.61755,1.3312,0.94853,0.5762,0.59918,-0.029014,1.5363,0.0013402
-0.55745,0.25808,0.15911,0.16153,1.4267,0.11248,-1.3323,-0.055318
-0.54562,4.3113,-0.26681,0.39435,0.51927,-0.075413,1.4831,-0.10283
-0.54568,-0.32323,-0.067855,0.357,2.7978,0.25491,2.0071,-0.090292
4.5258,-0.94715,0.19485,0.46069,-0.37828,0.023558,-1.914,-0.09735
4.5072,-0.11394,-0.79778,0.10454,0.56318,-0.031626,0.6334,-0.0035031
4.4876,-1.2,-0.96006,0.35567,2.3154,0.19605,2.2633,0.044954
4.4593,-0.56409,-0.93029,0.20616,-0.018106,0.028948,0.13498,0.057926
-0.82629,-0.31755,-0.12653,-0.27705,-1.1133,-0.049647,-0.20008,0.16523
-0.665,-0.026198,-0.48585,-0.13087,2.6303,0.16572,1.9424,0.16764
-0.64461,1.0865,0.32891,0.1148,-2.5586,-0.037839,0.029426,0.076009
-0.63722,-0.23925,-0.22801,-0.12217,0.76991,-0.009409,-1.2693,-0.027719
-0.33661,1.8254,0.049185,-0.4891,1.6901,0.026606,2.0746,-0.044829
-0.49951,2.1029,0.40607,0.27504,-3.3793,-0.022141,0.19435,-0.13778
-0.63245,0.11243,0.95804,-0.039223,1.9995,0.14833,-2.7603,-0.13507
-0.63672,-0.4975,-0.15557,-0.096251,-0.024208,-0.13657,2.7605,-0.0093198
-0.83699,1.0308,0.78516,0.61137,-3.6375,-0.09308,0.41298,0.04583
-0.68742,-7.0108,-0.56104,-1.0358,2.0562,0.14383,-3.199,0.15783
-0.59402,-0.10717,-0.50215,-0.41594,-1.8779,-0.10862,1.8898,0.12982
-0.60127,-0.36129,0.28479,0.31592,-2.3952,-0.096129,1.1857,0.28663
-0.47496,-3.6217,-0.46167,-0.12573,2.5229,0.26844,-1.8727,0.14374
-0.4256,3.7439,0.020624,0.10782,-2.7541,-0.11553,0.32585,0.04342
-0.56133,0.69322,-0.068298,0.11454,0.82431,-0.062995,1.6585,0.04179
-0.59985,1.7163,0.99555,-0.20729,2.2257,0.2694,-0.70378,-0.080678
-0.71686,2.8714,-0.010257,0.24685,0.081601,-0.086207,0.082605,-0.10453
-0.71302,-0.78738,-0.29029,-0.45899,1.0554,0.0085086,2.3932,-0.12602
-0.55698,0.48485,0.40856,0.23803,1.1963,0.062743,-0.66341,-0.10095
-0.57317,-2.5618,-0.032503,-0.081003,-0.28618,-0.026775,0.51828,-0.02144
-0.57857,0.25171,1.3803,-0.10711,0.91898,-0.044834,2.0686,-0.0079082
-0.37692,-0.35279,-0.14376,0.35357,-0.15163,-0.0075351,-0.27953,-0.029058
-0.49698,-2.203,0.037223,-0.027103,-0.57312,-0.04921,-0.6367,0.1655
-0.56698,-0.20903,-0.63751,-0.097298,2.3452,0.15847,2.5971,0.053983
-0.56027,1.4717,0.35165,0.37624,0.21185,0.01155,0.39479,0.06014
-0.6672,-2.4923,1.227,-0.72413,0.71313,-0.01437,-1.2881,0.018109
-0.58958,3.1843,0.2962,-0.018547,0.6366,-0.020056,3.2452,-0.056268
4.5219,1.3985,1.348,0.59924,1.0902,0.029532,0.69456,-0.061281
4.4888,-1.493,0.45169,-0.20904,0.74095,-0.046752,-1.4959,-0.095914
4.4687,-0.024881,-0.33235,-0.41247,-1.3614,-0.066801,1.5142,-0.093139
4.4478,-1.2428,0.59087,0.33367,0.39911,-0.080759,0.98698,-0.032733
-0.65703,-3.1327,0.01145,-0.099919,0.53952,0.00083969,-2.1621,0.040719
-0.64984,-0.040082,-0.47791,0.53092,-3.3995,-0.13078,0.36228,0.12904
-0.66514,-0.46901,-0.6366,0.3311,0.32802,-0.12497,1.5709,0.097937
-0.65333,-1.3645,0.19125,-0.34597,0.18209,-0.023508,-0.96496,0.080852
-0.61183,2.9472,-1.4151,0.50525,-2.2246,-0.10778,-1.5058,0.084259
-0.62016,0.4346,0.57096,0.14084,0.97779,-0.0095952,2.4103,0.0098584
-0.65064,1.9315,2.6954,-0.3434,0.42369,0.014085,-0.7906,-0.090268
-0.56692,3.3915,-0.028874,0.065342,-2.3241,-0.074662,-0.82498,-0.16516
-0.62078,0.58306,0.1604,-0.073001,2.1467,0.1047,2.9599,-0.14437
-0.60613,0.84901,0.70512,0.014569,-2.9266,-0.042093,-2.4849,-0.06885
-0.7028,1.7861,0.50273,0.69533,-2.3098,-0.039212,-1.937,-0.060527
-0.8203,-2.0321,-0.89833,-0.43345,2.5283,0.022338,2.0982,0.092583
-0.54822,0.33656,0.30691,0.45375,-3.9994,0.0016996,-1.1943,0.14102
-0.58794,-1.8334,-1.7852,-0.36767,-0.54794,-0.076921,-2.6413,0.041668
-0.58997,-0.32,-0.79821,-0.81849,-0.8756,-0.24987,1.6457,0.011124
-0.32562,0.8233,1.5643,0.24265,-3.185,-0.079546,-0.28235,0.13561
-0.53562,-1.3117,0.54762,-0.46345,-0.52382,-0.089872,-3.022,0.010467
-0.57869,2.8894,1.1072,0.19753,-1.532,-0.2186,0.93114,-0.060478
-0.57383,0.62968,0.61309,0.18065,-0.046834,-0.049493,0.39164,-0.094454
-0.68079,0.083862,-0.27798,-0.5732,-2.6919,-0.076863,-3.7712,-0.12286
-0.67665,-1.226,-0.61158,-0.72902,0.68394,-0.16127,1.4515,-0.08467
-0.56162,0.78778,-0.27652,-0.10413,-0.70165,-0.079,1.0173,-0.065759
-0.55933,-3.74,0.068515,0.19226,-0.50876,-0.039635,-2.2655,0.014653
-0.54906,2.8928,-0.24905,0.040299,-1.6235,-0.086932,0.91861,0.0068405
-0.44398,-1.1815,-0.52801,0.34427,1.052,0.015902,1.6968,0.15949
-0.55007,-0.01607,0.081806,-0.16063,0.3392,-0.015012,-1.5607,0.18675
-0.55142,2.2923,-1.0762,0.1507,-0.12625,-0.083878,1.576,0.099617
4.538,0.84021,0.27588,0.069157,1.0647,-0.0029145,0.89762,0.0095907
4.5042,0.20306,0.11287,0.10629,-0.36634,-0.028681,-0.69951,-0.0707
4.4671,1.7046,0.33219,-0.20651,-1.3283,-0.045135,-0.48894,-0.096425
