tachometer_signal,underhang_bearing_axial,underhang_bearing_radial,underhang_bearing_tangential,overhang_bearing_axial,overhang_bearing_radial,overhang_bearing_tangential,microphone
-0.72249,4.3993,-0.19029,0.58648,3.7414,0.15596,-0.06662,0.12451
-0.53264,0.13801,1.7243,-1.0722,-8.0381,0.16431,-1.397,0.095795
-0.54492,-1.6418,-0.45018,-0.33859,-2.8565,0.0034773,3.3874,0.073989
-0.54098,4.396,1.498,0.30675,4.2647,0.16373,0.48592,-0.0033814
4.5288,4.0716,0.88651,1.3148,-5.7623,0.14279,-0.82869,-0.022414
4.4887,-3.8,1.9483,-0.4858,-2.2115,-0.17361,1.6923,-0.10156
4.4588,4.1014,0.073763,1.2639,3.1668,0.098174,0.93591,-0.11694
4.4362,3.6089,1.3644,1.8563,-5.3311,0.09553,-1.1715,-0.052739
-0.78843,-3.4567,0.9814,-0.68862,-1.6536,-0.03377,3.1909,-0.059139
-0.65651,3.5171,0.073384,0.72948,3.5312,0.10156,-1.0155,0.027601
-0.63877,6.7771,1.4119,2.3673,-4.4064,0.1305,-0.69993,0.076179
-0.63063,-1.5303,-0.18091,-0.41289,-2.662,0.036778,3.3117,0.0035793
-0.37055,5.2164,-1.1141,1.6097,5.5976,0.13396,-2.1489,0.13632
-0.54064,8.6675,0.17104,1.8219,1.1133,0.13192,1.4977,0.28994
-0.63189,0.62404,-0.77663,0.30573,-2.2909,0.052751,3.4317,0.06126
-0.6243,5.0926,1.984,1.4903,6.9459,0.2593,-3.4811,-0.0039655
-0.88366,6.005,2.5635,1.6132,5.4618,0.10435,0.89504,-0.10078
-0.61649,0.63899,0.004647,-0.36829,-4.4137,-0.16404,0.47166,-0.10903
-0.60223,2.0832,-1.983,1.1891,7.378,0.33358,-4.1248,-0.12035
-0.59779,2.9067,-1.76,0.80044,6.507,0.19689,0.93939,-0.065273
-0.49618,-2.3594,-1.1552,-0.17517,-1.9669,-0.11135,0.62891,-0.025237
-0.46812,-0.20443,-1.0973,0.59382,5.8857,0.16723,-5.7475,-0.023582
-0.69978,2.3811,-1.1429,-0.31473,7.6679,0.36986,3.5161,0.1325
-0.59841,-2.5292,-0.36888,-0.5063,-1.517,0.047328,2.6193,0.11695
-0.78446,-0.25094,-1.5041,-0.431,7.6075,0.44098,-5.3655,0.20619
-0.70291,2.7491,1.4678,1.3476,9.0123,0.47581,3.327,0.10424
-0.57168,1.2206,1.8651,-0.4743,-2.011,0.04686,2.1164,0.043274
-0.56819,0.192,-1.2994,0.20125,8.8167,0.61566,-3.9416,-0.016426
-0.5701,3.4887,0.20829,1.6958,8.8866,0.29666,0.59806,-0.045121
-0.44796,1.7293,0.90136,0.044076,-2.1499,0.064578,1.4507,-0.09735
-0.57101,-5.9257,-1.9349,1.4779,8.6474,0.61336,-3.6578,-0.11273
-0.56411,3.7779,-0.39714,0.18553,7.9886,0.32756,1.7236,-0.096303
-0.56423,0.17262,0.25764,0.7189,-0.58611,0.10783,1.0576,-0.061938
4.55,-9.4219,0.10214,1.7377,9.302,0.69923,-1.9214,-0.052641
4.5349,1.148,-0.90797,0.55909,6.2913,0.19327,2.9942,0.12887
4.5041,1.124,-0.85155,0.58316,0.52008,0.040404,0.58778,0.14547
4.4646,-14.239,-1.5382,-0.52967,7.7581,0.50018,-4.5554,0.097207
-0.33572,1.3598,0.93391,-0.84998,5.374,-0.14495,1.2673,0.12468
-0.53654,3.0047,-2.6362,0.10877,0.2171,0.027248,1.687,0.041449
-0.64692,-14.664,0.22768,-2.1266,4.3036,0.053649,-6.9045,-0.014796
-0.65242,-2.1186,-0.61697,-2.412,4.7542,-0.43436,-0.10511,-0.062644
-0.73174,3.5861,-0.29022,-0.033095,1.609,0.056133,1.7849,-0.11052
-0.63912,-7.2314,-3.0111,-2.5603,-2.8313,0.14584,-2.4908,-0.14544
-0.58131,-7.8879,0.0809,-3.2153,-2.0755,-0.16542,2.8444,-0.014577
-0.61936,3.3373,-0.4416,0.26156,5.0594,0.12574,1.9855,-0.016743
-0.48918,3.4256,0.48655,-0.61369,-0.24149,0.073402,0.66278,0.22518
-0.4214,-7.4292,-0.43731,-0.64757,-1.9524,0.019354,5.8648,0.06384
-0.55095,5.7297,4.2612,1.205,6.0246,0.2794,0.25023,0.26146
-0.61927,4.1583,1.848,-0.85882,0.5024,0.12495,2.5592,0.13357
-0.81877,-3.2593,1.1157,-0.89185,-3.7701,-0.020024,6.1033,-0.012897
-0.77677,5.9098,6.4912,0.69221,8.243,0.57345,-0.56078,0.012195
-0.55373,4.1829,0.735,-1.1741,1.1867,0.14254,3.5086,-0.037698
-0.58813,-2.7275,0.87854,0.099486,-3.8907,0.058957,5.9768,-0.11361
-0.5924,3.7491,-0.035901,1.0471,7.9147,0.55441,1.1432,-0.065127
-0.46504,2.1403,0.43319,-1.1869,1.9696,0.11263,2.0301,-0.1204
-0.54159,-5.7654,0.70699,-0.86219,-3.9366,0.024077,4.4246,-0.049745
-0.57979,2.2815,-0.11279,0.50315,8.3802,0.63051,0.57771,-0.088102
-0.57442,4.3298,-0.71884,0.0022886,2.7762,0.061273,2.6328,-0.023947
-0.78794,-2.8104,-0.20248,-0.69662,-2.9309,0.10157,4.9562,-0.018081
-0.6497,1.7368,-0.70574,1.0171,8.1783,0.56301,-0.61057,0.12624
-0.55511,5.109,-0.64982,0.52047,0.98231,0.039351,3.9093,0.12619
-0.55631,-2.7881,1.953,-1.4133,-1.6204,0.07131,4.4167,0.051233
4.5228,2.9743,-0.82982,0.15066,7.7828,0.54481,-0.14262,0.0034332
4.4779,5.902,0.14722,1.3953,1.6492,0.079518,3.3336,-0.069799
4.4427,0.67532,1.7338,-0.15334,-1.0398,-0.016828,3.8728,-0.10876
-0.55199,-0.47301,0.21378,1.0039,7.3571,0.52156,-0.2787,-0.11242
-0.92729,4.6534,-0.30946,1.5008,3.9729,0.061036,4.1435,-0.092288
-0.70077,-0.1868,0.022024,0.72928,-4.2938,-0.053478,1.692,0.0052586
-0.63833,-6.6077,3.3483,1.846,7.4903,0.4551,-1.8712,0.031884
-0.63567,3.0278,-0.027146,0.96918,4.7321,0.041135,1.7367,0.025264
-0.63679,0.96648,1.1105,-0.021829,-5.4861,-0.097483,0.79496,0.13571
-0.50241,-17.849,0.36094,-0.72659,4.0559,0.018943,-3.643,0.15477
-0.66237,-2.489,-1.3395,-1.0653,0.51511,-0.7194,-0.4118,0.13483
-0.62659,3.7127,0.70399,0.23592,-1.3804,0.028493,0.2434,0.046609
-0.62305,-14.715,-3.0986,-1.3917,-1.7681,0.062531,-2.9504,-0.044269
-0.67151,-1.2798,0.75185,-1.2184,-2.8437,-0.45802,-0.45722,-0.095549
-0.58678,3.8207,-0.92474,-0.039229,3.9528,0.091487,1.8586,-0.1322
-0.60067,-10.492,-1.1673,-2.7025,-4.0413,0.029481,-3.8942,-0.10993
-0.5995,0.66954,0.27345,-1.5981,-5.8946,-0.5334,-0.51729,-0.055586
-0.34412,1.2499,-1.4259,1.5076,3.9827,0.021998,0.075631,0.017354
-0.5447,-5.288,-1.4902,-2.3215,-5.8722,0.041539,-1.7947,0.13661
-0.60084,-1.9643,-3.1011,-0.86603,-7.8757,-0.50157,1.49,0.14837
-0.59149,1.9128,1.7739,-0.98071,3.9336,0.053739,0.40865,0.046706
-0.73279,-0.30396,-0.65642,-1.734,-5.9324,0.055908,0.93673,0.13289
-0.65603,-1.5281,-0.24727,-0.42629,-7.5131,-0.17519,3.597,0.048726
-0.56993,4.7198,1.3599,-0.042158,4.4394,0.10676,-0.21854,-0.0081029
-0.57108,1.5231,1.4002,-0.061221,-6.5823,0.067768,0.33187,-0.054029
-0.40637,-2.0176,1.0993,-0.63097,-4.7071,-0.084211,5.0292,-0.065613
-0.46386,4.0556,3.9523,-0.1537,5.6401,0.2586,0.35115,-0.11108
-0.54419,3.0433,-1.3535,1.0279,-4.6353,0.067434,1.3098,-0.071625
-0.56035,-7.5163,-0.35353,-0.81861,-1.6266,-0.053703,5.005,-0.017619
4.5254,3.9103,0.97477,0.39414,4.9071,0.18626,0.001818,-0.040643
4.5133,3.3524,-1.1962,2.1955,-4.6761,0.046641,-0.32528,0.22958
4.4819,-3.7524,-0.28656,-0.317,-0.62424,0.0075652,5.4281,0.14583
-0.65273,3.9016,0.17014,-0.010043,4.9738,0.2178,0.3994,0.17523
-0.64947,8.2511,-1.0807,1.6632,-1.6879,0.078966,0.58844,0.044418
-0.38048,0.29573,0.60405,0.34318,-2.4034,-0.0029402,3.5021,0.053642
-0.64575,5.2593,0.85825,0.11139,6.257,0.3148,-2.1063,-0.0027243
-0.64489,9.1198,1.3692,0.98638,3.8141,0.037926,3.743,-0.074764
-0.64733,2.2418,0.15523,0.43093,-3.7038,-0.025376,3.7228,-0.082358
-0.84499,-3.6229,2.8789,0.87571,7.3111,0.44324,-3.57,-0.10044
-0.63119,2.8136,0.020958,-0.61749,4.6998,-0.059915,0.65745,0.047679
-0.61614,-0.11363,0.78354,-0.28453,-5.3082,-0.14231,-0.43755,0.10353
-0.61096,-10.216,-0.42633,1.5675,4.7148,0.1242,-2.8568,0.090271
-0.40655,2.492,-1.3088,-1.1211,2.1684,-0.32768,-0.23933,0.11897
-0.47077,0.80004,-1.2014,0.46083,-2.6041,-0.075849,0.23891,0.17815
-0.6192,-8.744,-0.64923,-0.07169,2.1308,0.061806,-3.61,0.16114
-0.61049,4.6929,-0.066422,1.3908,2.4863,-0.87045,0.82925,0.010759
-0.74552,1.6287,0.98207,-0.40573,-2.6054,-0.21449,-1.7859,0.021492
-0.63522,-1.5768,-2.4233,0.42272,-1.4389,0.096781,-1.7704,-0.083404
-0.56623,2.7803,2.0821,1.0377,3.7376,-1.6559,-2.4411,-0.11429
-0.58425,0.7273,-1.198,1.1742,-1.404,-0.2237,-3.0483,-0.11078
-0.38353,-5.2335,0.61851,1.0045,-1.0843,0.066792,-4.6052,-0.08119
-0.53646,-0.43902,-0.4129,0.44282,4.3117,-1.3181,-1.7216,-0.059943
-0.49675,1.6158,-1.475,0.48123,-1.0614,-0.03402,-0.83667,-0.018179
-0.57596,-11.267,-1.8925,0.46327,2.3473,0.073235,-3.503,0.10198
-0.62597,1.6288,0.42866,-0.46983,2.0939,-0.92801,-0.1291,0.053107
-0.80393,2.2651,-1.2066,0.51024,1.2608,0.082451,0.42774,0.11402
-0.61044,-7.8798,-1.3437,-1.7798,2.9391,0.062948,-2.352,0.15489
-0.55232,1.7143,-1.7237,0.98782,3.878,-0.46292,0.98031,0.014288
4.5141,4.6671,0.15525,0.95367,0.95494,0.051692,-0.20802,-0.039401
4.4728,-7.3938,-2.074,-1.7635,2.0253,0.04059,-3.4518,-0.086812
4.4414,-2.2862,-0.13209,-0.39038,1.6267,-0.51226,2.6351,-0.11942
-0.64852,2.9092,-1.2016,0.0074655,1.7365,0.031644,1.068,-0.13439
-0.64488,-4.7405,-2.1495,-2.0194,-2.0023,0.069045,-4.4729,-0.086106
-0.74316,-5.4632,-0.99523,-2.2293,-0.066981,-0.33732,2.61,-0.029837
-0.63036,3.5867,1.5438,0.14115,2.6649,0.037522,2.2204,0.0080574
-0.62205,3.3716,-1.1542,1.2062,-4.5997,0.033761,-0.076953,0.0699
-0.62085,-5.1507,1.0176,-1.1591,-2.4411,-0.133,4.5996,0.29911
-0.33289,5.8435,-0.15046,1.1354,3.8683,0.036091,0.17645,0.17648
-0.60734,9.6647,1.1527,1.1347,0.46448,0.090884,0.90305,0.23102
-0.61844,-3.4038,0.52125,-0.46374,-2.2984,-0.04192,4.054,0.035438
-0.60924,8.0705,3.1598,2.1443,4.3325,0.089029,-2.8315,0.013874
-0.77032,8.1032,0.84681,0.92677,-0.70752,0.074384,1.9156,-0.090779
-0.65625,-6.0131,-0.27446,-1.3297,-4.0118,-0.050571,3.0201,-0.12059
-0.59851,5.0412,-0.30586,0.16154,6.9739,0.45576,-2.131,-0.097812
-0.59012,4.052,1.1039,-0.27404,2.3302,0.11068,1.9102,-0.064202
-0.32174,-4.8165,0.81258,-0.92287,-4.163,-0.063194,2.8043,0.037263
-0.48148,0.36524,-0.45399,1.9602,6.7131,0.39029,-2.5128,0.09672
-0.62332,2.1903,0.99025,-0.62015,2.3519,0.04435,4.843,0.17136
-0.58334,-4.7046,1.3444,-0.86574,-5.2151,0.051795,2.2893,0.14284
-0.77868,2.6762,-0.47009,1.0388,6.5663,0.37164,-1.8924,0.02945
-0.76029,4.6795,-2.4991,0.035232,1.3082,0.0381,2.9793,0.092729
-0.64314,-1.5253,0.88232,-0.97853,-5.8897,0.011486,3.2803,0.0067675
-0.56106,2.646,0.092329,0.29345,6.9243,0.47908,-0.94635,-0.049526
-0.55029,5.4757,-0.4855,1.1737,1.2841,0.078171,3.4379,-0.056268
-0.38394,-2.9818,1.32,-1.0283,-4.0001,0.032799,3.0427,-0.10575
-0.5379,0.22919,0.89551,0.82255,6.9412,0.45266,-1.9957,-0.065248
-0.5468,4.7786,1.5796,0.53071,0.64444,0.028775,4.9744,-0.086349
4.5307,-1.4659,1.4549,-0.38554,-4.0472,0.058886,3.5312,-0.051473
4.5223,-2.0537,-1.04,0.020164,6.341,0.40627,-1.25,0.1895
4.4878,3.2296,-2.5575,0.72677,0.29102,0.046231,2.5956,0.14671
-0.64015,-0.41192,0.87896,-0.019742,-4.5051,-0.066858,2.1809,0.12941
-0.63947,-4.219,3.6139,0.86535,6.1639,0.34668,-2.6942,0.10957
-0.46028,4.5134,-0.016674,0.59635,3.441,0.009452,2.7114,0.080682
-0.48023,2.4749,0.87058,0.19422,-6.8988,-0.061006,0.044344,0.002338
-0.6391,-15.767,-0.59622,0.65146,5.5405,0.25094,-6.0489,-0.043782
-0.6317,-2.859,-0.50184,-0.45498,1.9621,-0.39644,-0.18901,-0.16158
-0.77566,3.1949,0.51203,-0.4205,-4.4936,0.0087845,0.13545,-0.12368
-0.65792,-18.052,-3.9333,-0.82601,-2.463,0.10574,-4.2391,-0.13023
-0.5664,-5.4787,-1.4025,-1.8042,-3.2878,-0.3536,-0.44047,0.010905
-0.60252,1.8371,-0.061771,-0.30597,-0.4534,0.046564,0.44926,0.040889
-0.60833,-14.034,-3.8081,-3.0023,-3.3039,0.080006,-1.5121,0.011757
-0.40944,-1.7587,-0.044304,-1.1523,-6.8808,-0.40299,0.10524,0.11943
-0.58425,2.9243,-1.7611,0.1493,2.0633,-0.051245,-0.17343,0.18198
-0.60193,-6.6279,-1.3026,-2.1183,-7.6538,0.081777,-2.7773,0.069632
-0.59277,1.357,0.93499,-1.0859,-8.9201,-0.52802,0.40126,-0.018885
-0.7452,3.9937,-2.4128,0.66705,2.7336,-0.0047628,-0.82217,0.0036036
-0.61016,-0.60864,-1.0433,-1.7804,-7.3339,0.063731,-2.4928,-0.093212
-0.57416,-1.4035,-2.1084,-0.5424,-9.1464,-0.31853,1.4723,-0.10928
-0.57009,3.4001,1.2929,0.19957,3.5984,-0.011167,-0.39918,-0.080338
-0.38816,-1.3539,-0.40615,-1.7867,-8.4216,0.078966,-0.71872,-0.10988
-0.46884,-4.1598,-0.46063,-0.61322,-8.1433,-0.32314,2.2042,-0.074959
-0.56719,3.0649,-0.83064,0.51119,4.4215,0.10987,0.12848,0.031154
-0.56884,0.77895,-0.99012,0.19224,-8.7186,0.098039,-0.6795,0.036192
-0.78537,-5.7027,-0.36691,-0.53158,-5.7141,-0.12843,4.3045,0.11346
-0.60655,4.09,0.014746,0.24626,3.283,0.028332,-0.36532,0.16618
4.5457,5.0297,1.3987,1.5105,-6.7981,0.076316,-0.96056,0.022709
4.5052,-3.9909,0.39901,-1.2635,-3.2322,-0.09738,4.2704,0.055054
4.4608,5.2648,2.3986,0.28957,2.2308,0.046115,-1.1082,-0.022779
4.4225,7.6231,2.8833,2.4612,-7.0216,0.067883,1.4792,-0.08596
-0.6842,-2.0099,2.6422,0.50979,-4.2862,-0.04631,3.4635,-0.11706
-0.65683,4.1282,-0.091514,0.76712,2.25,-0.029515,-2.8603,-0.094989
-0.73468,6.7244,0.6357,2.3814,-1.7544,0.033184,-0.40776,-0.071819
-0.75561,-0.69979,-0.3621,0.44585,-6.2417,-0.069188,3.1675,-0.036895
-0.60005,1.2507,-0.4271,-0.17749,6.0572,0.20971,-3.2873,0.070922
-0.62776,3.8658,-0.51901,0.11317,3.4124,0.014714,2.2662,0.30517
-0.63219,1.2858,-1.6828,0.30596,-7.9711,-0.11188,1.7752,0.062599
-0.4596,-5.5818,0.73196,-0.04183,5.0031,0.13329,-3.658,0.14498
-0.59015,2.646,0.49241,-0.27673,-0.01309,-0.43436,-0.75868,0.13199
-0.61942,2.5376,0.45996,0.47414,-7.0101,-0.19634,-0.22502,0.016624
-0.61135,-8.716,-1.3901,-0.4151,3.0352,0.074955,-3.3456,-0.048114
-0.80624,5.495,-0.15191,-0.25915,0.61885,-0.90025,-1.5523,-0.10976
-0.70158,1.1182,-0.27856,0.15027,-4.2325,-0.14778,-1.1544,-0.10516
-0.59829,-7.1673,-2.7861,-0.92319,-4.8743,0.11078,-2.9712,-0.11005
-0.59819,1.6571,1.9985,0.74706,-0.7011,-1.5607,-1.1122,-0.035167
-0.45323,-0.53413,-2.2539,1.0017,-3.3302,-0.24394,-3.8882,0.039672
-0.5015,-6.2573,-1.2547,0.39262,-6.4267,0.11668,-4.2838,0.084819
-0.59662,0.21569,0.12212,-0.21854,-0.2564,-1.6822,-0.52919,0.11585
-0.5812,1.8274,-1.2387,0.84261,-0.86673,-0.091611,-2.1392,0.090928
-0.79277,-6.5709,-0.58184,-0.24009,-3.8883,0.10179,-4.0438,0.033904
-0.67777,1.6243,-0.028405,-1.2893,-2.7668,-1.5418,-0.84098,0.012244
-0.56757,4.0256,1.4386,0.18969,0.65035,0.053553,-0.88446,-0.016694
-0.56114,-6.0271,1.4939,-1.9912,-4.3446,0.14618,-1.9368,-0.066636
-0.61921,-0.36389,1.0397,-0.36905,-2.7077,-0.33403,1.8929,-0.098664
-0.52059,3.5865,-1.4738,0.35308,1.1864,0.098167,0.35841,-0.12344
4.5102,-4.6453,-1.1425,-0.65894,-2.6238,0.068685,-2.3328,-0.1058
4.492,-4.0348,0.13932,-1.3353,-1.4266,-0.27668,1.1344,-0.0016047
4.4654,3.1863,0.10935,1.0051,1.4423,0.092911,1.1069,-0.022608
4.502,-1.1799,0.22907,-0.95413,-3.7709,0.11881,-3.2163,0.097864
-0.60295,-3.2952,0.059277,-1.1527,-1.8615,-0.24079,3.054,0.14727
-0.65516,4.8979,1.4234,0.6792,0.16703,0.11829,0.69728,0.14372
-0.65393,7.1206,1.2443,1.4697,-6.6972,0.13152,-0.7456,0.00080474
-0.4573,-0.45573,2.0352,-0.37851,-3.8435,-0.11442,4.2164,0.011757
-0.64912,6.6554,0.82548,1.8006,2.4336,0.11321,-0.087202,-0.063472
-0.64442,10.916,0.77547,2.8996,-1.7371,0.13747,-0.18353,-0.088905
-0.64528,-3.1948,-0.12175,-0.1344,-3.8667,-0.033141,2.3227,-0.10584
-0.80258,6.291,3.6217,1.9785,3.9276,0.015767,-3.3174,-0.088272
-0.7134,5.3466,1.9407,1.4408,1.5304,0.062274,1.0649,0.065811
-0.61812,-4.0248,-0.31113,-1.3316,-4.6916,-0.12132,1.6237,-0.0021645
-0.62257,3.2582,-1.0077,1.97,6.4551,0.27627,-3.6611,0.10302
-0.28448,5.9769,1.5828,0.3012,3.6662,0.11025,3.2913,0.12381
-0.52141,-3.0122,0.51016,-0.71853,-2.2367,-0.089608,2.49,0.094043
-0.62135,2.0254,-4.347,2.2252,6.9277,0.37703,-5.2022,0.10064
-0.61466,4.2495,-0.29574,-0.51257,5.5376,0.22626,5.8185,0.058632
-0.72315,-0.81936,0.76024,-0.65904,-3.9826,0.0091953,4.1105,-0.019809
-0.68298,3.1269,-2.9593,0.66809,6.7958,0.3527,-4.9545,-0.069313
-0.65861,4.0233,-1.5933,-0.49468,4.9774,0.1801,7.3939,-0.12152
-0.58664,-2.2993,0.1764,-0.4208,-6.4177,0.067338,2.7644,-0.090316
-0.57777,0.60862,-2.2637,0.15959,7.4501,0.49123,-3.9168,-0.095768
-0.32928,4.0914,-0.88604,0.67866,5.2714,0.11422,5.6595,-0.080459
-0.59187,-0.52685,-0.37237,-0.57743,-4.9153,0.043054,2.2516,-0.033706
-0.58244,-2.6352,-0.32079,0.11752,7.6013,0.53227,-4.3963,0.096574
-0.54561,4.5088,0.42942,-0.056802,5.3257,0.1077,3.7862,0.055906
-0.73455,0.58446,0.51658,0.32698,-4.0123,0.014618,1.5567,0.14433
4.5325,-3.8416,-1.8044,0.37072,7.0691,0.44023,-3.2367,0.034634
4.492,6.3106,0.5526,-0.89714,2.1525,0.070059,3.011,0.043615
4.4476,2.2289,0.6106,0.26711,-4.1292,0.0072444,1.8902,-0.039012
4.4184,-6.8334,2.5683,0.42109,6.226,0.28633,-4.5894,-0.079389
-0.57275,2.117,-1.6327,-0.34103,3.4135,-0.045912,1.7844,-0.11334
-0.65957,1.1711,-0.53789,0.10137,-5.934,-0.019048,-0.39719,-0.11716
-0.65878,-17.245,-2.8021,0.57978,4.761,0.084485,-6.4765,-0.094843
-0.8573,-2.108,-1.0104,-1.0301,2.1149,-0.74531,-1.7594,-0.038817
-0.67871,0.24265,-1.8808,0.0575,-5.0972,0.028005,-0.84292,0.10276
-0.62514,-20.002,-3.7453,-1.4324,-1.39,0.055523,-5.6951,0.089516
-0.63039,-4.3224,-0.55579,-2.3301,-1.9949,-0.45381,-0.26053,0.1498
-0.35842,4.6251,0.26408,0.061797,-1.6218,-0.011918,-0.96941,0.14939
-0.57098,-11.427,-2.5794,-2.9366,-5.5475,0.1231,-2.8902,0.15479
-0.62267,-3.1859,1.5756,-0.95368,-6.8744,-0.19133,1.2893,0.028501
-0.61949,6.098,-0.71167,0.38326,2.6753,0.11446,-0.093431,-0.045023
-0.65766,-6.1349,-0.42729,-4.1158,-5.9612,0.10456,-3.0694,-0.09185
-0.65403,-0.32933,0.37598,-1.7293,-8.9609,-0.21541,2.5104,-0.099881
-0.63533,2.7271,-2.506,0.48236,4.6828,0.11271,1.9389,-0.097861
-0.59865,-6.4064,-1.7792,-1.8575,-6.0317,0.089485,-1.9846,-0.039669
-0.58923,-2.2421,-2.259,-0.63558,-9.2221,-0.24102,1.0404,-0.010439
-0.4643,1.0574,-2.6447,-0.22967,4.613,0.051179,0.32829,0.044272
-0.51704,-4.0855,-0.93935,-2.3285,-7.5604,0.10883,-1.48,0.14235
-0.58912,-2.3631,-1.529,-0.47578,-7.4783,-0.27061,0.96693,0.13452
-0.58057,5.3114,-0.38311,0.30797,5.0236,0.10058,-1.0402,-0.024239
-0.77365,-0.069341,-0.1347,-1.4375,-8.0169,0.10048,-1.2702,0.038528
-0.55694,-1.8213,1.3857,-1.0365,-5.7792,-0.085091,4.4176,0.011343
-0.56521,4.5883,3.3695,0.73949,5.5718,0.23806,0.81804,-0.065711
-0.55671,2.9218,1.4767,0.30348,-5.7125,0.14811,1.0857,-0.06795
-0.32251,-5.8405,1.4259,-0.51034,-2.3489,0.012263,4.7049,-0.1212
4.5128,3.5695,2.4651,0.14609,4.5495,0.07647,0.64778,-0.11061
4.4952,2.4876,-0.035458,1.9446,-2.851,0.10136,1.4607,-0.032149
4.477,-6.5843,1.5097,0.054308,-1.0977,0.033145,4.9821,-0.020491
-0.91315,3.3495,-0.38851,0.26443,3.7985,0.15274,0.12448,0.087813
-0.73465,6.055,-0.10125,1.997,-2.8488,0.13564,0.82193,0.15238
-0.64015,-0.8723,0.71276,0.57989,-1.0782,0.023275,4.3986,0.15133
-0.64636,5.011,-1.3982,0.74296,5.6447,0.21083,-1.1654,0.085793
-0.39076,9.4841,-0.12517,1.4044,1.2774,0.081155,1.4257,0.028136
-0.52942,1.4935,-1.1572,-0.20596,-2.3154,0.036604,3.6459,-0.018398
-0.71166,4.7469,0.30623,0.77553,7.6023,0.56068,-2.8381,-0.086398
-0.63156,5.8719,0.77571,0.76273,5.562,0.24648,2.5009,-0.12327
-0.78373,-0.22848,0.14916,0.40798,-4.7261,-0.034232,1.7595,-0.12249
-0.72677,0.76391,-1.1059,1.1766,7.2908,0.41914,-3.9863,-0.076371
-0.69479,2.2665,-1.5553,0.72853,6.4982,0.28322,-0.2456,-0.072842
-0.61302,-2.2224,-0.45818,-0.14932,-1.4018,-0.060922,0.31953,0.09582
-0.60649,-3.5211,0.54642,-0.1586,4.7646,0.12802,-5.5463,0.0063051
-0.39601,3.764,-0.14497,-0.328,6.7453,-0.065344,-3.9356,0.035413
-0.66144,-0.52588,-1.2033,-0.38869,-0.55038,-0.0067779,0.33231,0.16367
-0.60654,-1.2936,-0.91021,0.16952,5.1101,0.24132,-3.0471,0.09341
-0.60438,2.9274,1.8851,0.75369,7.9008,-0.086028,-4.4953,0.00056136
-0.74885,1.5815,-0.0080147,0.28818,-1.447,0.056819,-0.02647,-0.031954
-0.57842,-1.5745,-1.7212,0.80042,4.2715,0.08806,-3.0222,-0.093115
-0.57976,1.3649,0.32868,1.0045,7.3851,-0.29084,-2.9255,-0.11071
-0.56771,2.3984,-0.78375,-0.36571,0.017981,0.024328,-0.39405,-0.082479
-0.35578,-7.9695,-0.83157,0.34526,5.3489,0.24995,-3.6917,-0.063472
-0.52615,1.2149,0.22022,-0.40418,4.8171,-0.45676,0.39129,-0.05892
-0.58373,0.20131,-1.5488,0.15353,3.0624,0.074692,0.58875,0.02103
-0.57913,-11.868,-3.8967,-2.6745,4.612,0.19025,-3.1447,0.18166
-0.63709,0.86722,-3.4162,0.65798,5.4332,-0.1804,1.7688,0.14055
4.5336,4.2668,-2.2374,0.49049,3.3421,0.023153,1.1265,0.046073
4.5,-7.1911,-1.2725,-1.5726,3.7982,0.066696,-1.8444,0.11987
4.4532,-0.27636,1.1134,-0.090503,3.5222,-0.30602,2.2793,0.012146
-0.49425,5.2498,0.49414,0.083744,3.4724,0.032863,2.5616,-0.058555
-0.4942,-2.3557,1.6634,-0.69486,-0.42573,0.10036,-3.2423,-0.098689
-0.66177,-3.8719,1.1031,-1.8693,0.95076,-0.25346,3.9884,-0.10085
-0.65135,4.2953,1.3347,-0.093547,3.6417,0.052115,2.6328,-0.090973
-0.68871,5.5787,1.3455,0.61394,-1.7576,0.12112,-0.67699,-0.039255
-0.81751,-5.5252,1.4467,-1.3356,-0.63218,-0.086348,4.0076,0.079781
-0.64045,4.1762,-0.42598,1.2234,5.8668,0.34647,1.6651,0.16034
-0.62248,7.2672,-0.034392,1.027,1.6178,0.037958,1.7088,0.40652
-0.61771,-4.5942,-0.26266,-0.84618,-1.9228,0.0063202,4.0341,0.072869
-0.40314,7.3758,3.3823,1.5724,6.3544,0.32805,-2.0737,0.19473
-0.54033,7.2316,2.9115,1.0575,4.7643,0.2003,4.1641,0.064375
-0.61683,-2.0992,1.0408,-0.61998,-1.3086,-0.014107,4.895,-0.015648
-0.61389,5.8158,-2.5038,-0.0088615,7.9994,0.58058,-2.6369,-0.066782
-0.773,6.2191,2.183,0.019072,5.6455,0.35435,4.4708,-0.091241
-0.64263,-2.8985,3.5948,-0.726,-1.7957,0.044556,3.1821,-0.11577
-0.59173,0.49552,-2.4116,1.7072,8.1587,0.62704,-3.5148,-0.067244
-0.58406,1.9664,-0.26442,-0.054567,5.3906,0.27039,7.5836,-0.0014343
-0.38986,-3.9488,0.39154,-0.58203,-4.6685,0.0046196,3.0465,0.071068
-0.47577,0.099436,-1.2194,0.38465,8.2206,0.65956,-2.9979,0.1095
-0.58741,2.1448,-0.35738,0.21873,7.3395,0.53302,6.2949,0.15518
-0.5809,0.3018,0.36568,-0.3742,-3.5115,0.050633,2.592,0.025946
-0.78861,-0.6294,-0.51675,-0.044875,8.4221,0.67576,-2.7982,0.086158
-0.68106,6.5933,-0.0043338,1.1044,7.0653,0.37584,3.2222,0.011878
-0.50338,1.37,0.3248,-0.08496,-2.857,0.035302,2.2454,-0.022827
-0.55302,-2.6771,-0.2546,0.77866,8.1201,0.69859,-2.9749,-0.10066
-0.55991,5.304,-0.026195,-0.40818,5.1787,0.19768,3.9411,-0.08136
4.5032,0.5255,1.5647,0.39355,-3.2558,-0.0013936,1.2805,-0.10356
4.4809,-10.384,0.82901,-0.79494,7.2222,0.5432,-3.5571,-0.072817
4.4604,-0.07541,-0.87984,-0.341,4.702,0.0362,1.9681,0.02176
-0.65071,1.6236,-2.5441,0.084367,-2.7502,-0.074996,0.55574,0.0034819
-0.74346,-16.467,-2.6426,0.24943,5.4954,0.29981,-5.0701,0.15783
-0.6968,-1.0539,-0.4314,-1.4906,3.3073,-0.50838,-0.21734,0.17545
-0.63366,2.6619,-2.4061,0.14072,-2.4534,0.017191,-0.32559,0.063889
-0.63374,-14.086,-2.7275,-1.8097,0.078885,0.018828,-4.2526,0.0089092
-0.43299,-2.9493,0.17206,-2.4156,-0.34633,-0.48402,1.1729,-0.0072024
-0.60441,5.6069,-0.39272,0.26231,2.0665,-0.006964,0.55789,-0.10896
-0.61834,-1.9147,-3.007,-1.6876,-4.6085,0.041629,-0.90083,-0.15182
-0.6138,-5.598,0.92118,-1.4215,-4.9541,-0.10602,3.903,-0.11276
-0.76813,5.209,0.34262,0.72376,3.9247,0.073235,1.5068,-0.096741
-0.63709,-1.1232,2.2452,-1.3808,-3.2787,0.033145,-0.46705,-0.049721
-0.59629,-6.3336,-1.6387,-2.2597,-5.8264,-0.076209,5.9851,0.051087
-0.59358,3.5378,4.1877,1.116,4.5071,0.11384,-0.43055,0.081095
-0.44117,2.8344,-0.32272,-1.208,-3.2452,0.043041,0.68143,0.072261
-0.40123,-3.3519,-1.0774,-0.87696,-6.1098,-0.046432,5.1462,0.16219
-0.60357,4.646,3.7342,0.32799,5.8514,0.33393,-0.17329,0.10852
-0.58887,1.7801,-1.0036,-2.6666,-4.3411,0.027896,1.9769,0.034926
-0.95985,-1.6964,0.52638,-0.22296,-7.5497,-0.11311,5.975,-0.043758
-0.55795,4.3029,2.1544,-0.034823,5.8218,0.33751,-0.67878,-0.090049
-0.51575,2.4608,-0.28459,-1.7441,-3.611,0.028467,1.7818,-0.10601
-0.56245,-2.9562,0.57285,-0.34696,-5.1158,-0.031947,4.9305,-0.092263
-0.56169,2.8681,-0.034899,0.45713,5.4486,0.31395,0.067841,-0.032684
-0.31932,4.2355,-1.1065,0.42391,-5.5704,0.076021,1.6606,-0.064202
-0.58258,-5.7535,-0.09287,-0.5475,-2.7516,0.047527,4.6775,0.06586
-0.5642,2.0557,0.51314,0.63327,5.7959,0.38373,0.32605,0.16986
-0.56518,6.632,1.207,1.7301,-3.9301,0.061004,0.19963,-0.025894
4.5312,-3.859,0.80822,-1.4024,-1.6265,0.017583,4.7418,0.090587
4.4924,4.2821,0.35207,0.06998,4.9097,0.25312,-1.0183,0.14367
4.4469,7.0379,0.98217,1.5883,-1.9133,0.032824,0.81338,0.0046014
-0.65314,1.1077,0.33843,0.5466,-1.7822,-0.078436,4.3166,-0.049331
-0.54732,3.0931,2.0691,-0.14598,5.0803,0.27268,-0.95602,-0.10996
-0.59031,6.2984,-0.74763,1.0598,0.40474,0.044954,2.9388,-0.099516
-0.64224,0.41643,-0.50229,0.97486,-3.3278,-0.051694,3.3405,-0.095233
-0.64297,-0.15904,0.82543,1.2919,6.5606,0.41261,-3.6011,-0.052568
-0.86152,2.7241,0.32655,-0.23896,3.5291,0.027434,1.9955,0.2215
-0.67275,-0.99668,-1.3756,0.63825,-4.1023,-0.10733,1.6455,0.24336
-0.61093,-7.0537,0.6294,0.69606,4.5563,0.15261,-3.4418,0.22471
-0.61098,0.59914,-0.41559,0.30329,4.2677,-0.35733,-1.1682,0.17078
-0.39481,2.8764,0.16046,0.36708,-3.9364,-0.21719,0.48297,0.078272
-0.46848,-9.3003,0.71125,0.80429,3.3715,0.042412,-3.2492,0.062574
-0.62272,5.2953,1.0739,0.2627,3.617,-0.54449,-0.96319,-0.017619
-0.60502,1.0506,0.84183,-0.071414,-1.4568,-0.16336,-0.91733,-0.073353
-0.53131,-5.6382,-0.5211,1.9281,0.60484,0.013636,-2.4399,-0.086349
-0.71204,1.8866,0.94091,1.1508,5.0833,-0.78417,-1.9221,-0.09735
-0.58815,-0.78938,0.43229,0.45591,-0.41742,-0.078718,-0.93603,-0.089416
-0.57489,-4.6171,-1.7729,0.34596,-1.0544,0.026227,-2.7305,0.04914
-0.5736,1.2182,0.12333,1.0241,5.2342,-1.0733,-1.8779,-0.0029433
-0.42393,1.0485,-1.3608,0.29677,0.1462,-0.13466,-0.812,0.095795
-0.51979,-5.5773,-0.68996,0.83341,2.2925,-0.011585,-2.7525,0.14854
-0.57374,0.79439,7.9544e-05,0.082511,3.1292,-1.1304,0.10728,0.018571
-0.56994,3.8015,-1.2715,-0.093168,1.1238,0.025194,0.19067,0.057366
-0.73355,-9.877,-1.9377,-1.1859,2.8008,0.028993,-3.4955,0.025313
-0.5621,3.1207,-1.6357,0.39745,5.0003,-0.293,1.1828,-0.015331
-0.54683,2.8449,-1.5009,1.4267,2.8961,0.035205,0.85846,-0.090949
4.4802,-9.1806,-0.47129,-1.5301,4.123,0.13213,-2.2268,-0.068071
4.5055,-0.23624,0.065174,-0.48415,3.9245,-0.43592,1.1589,-0.10876
4.4824,1.6141,-0.92106,0.68896,3.3333,0.056775,1.0535,-0.04018
4.4625,-6.7596,-1.6371,-1.0205,0.50383,0.019136,-2.3864,0.0051369
-0.65224,-5.2615,0.072819,-1.5745,1.6918,-0.49676,2.7188,0.041157
-0.75847,4.078,0.06053,-0.36086,3.3108,0.05311,2.1338,0.099105
-0.79255,-0.73851,0.33517,-0.959,-1.8862,-0.011219,-0.11233,0.12064
-0.60318,-3.8621,1.4671,-1.0888,-0.62986,-0.2517,4.0289,0.042861
-0.62795,6.6843,1.8247,0.29039,4.1121,0.14922,1.6777,0.071287
-0.40386,9.6015,1.7892,2.0697,-2.3481,0.0635,0.51931,0.010443
-0.61922,-3.6597,1.8792,-1.4962,-2.1116,-0.078981,5.5323,-0.062206
-0.56804,8.0813,1.185,2.1028,5.3008,0.27511,-1.2455,-0.099978
-0.61081,7.8519,1.119,0.61097,5.0126,0.2723,4.0149,-0.12755
-0.67533,-3.4691,-0.36851,-1.2377,-2.3161,-0.01901,4.6485,-0.08983
-0.73783,4.4246,-0.77919,1.1146,6.1978,0.34912,-2.5589,-0.088467
-0.56889,4.5856,1.7551,-0.20017,3.9646,0.14192,3.214,0.040281
-0.59144,-4.784,-0.36424,-0.9638,-3.3477,-0.056424,3.874,0.04746
-0.5825,3.0006,-1.8358,1.6825,6.8506,0.42563,-3.1892,0.0060374
-0.3166,3.1743,1.788,-0.25877,4.0323,0.1267,6.4283,0.24124
-0.59969,-2.2432,2.322,-0.85665,-4.4453,-0.061012,3.9108,0.11188
-0.58419,2.8927,-1.4542,0.97574,7.2984,0.58433,-1.7131,0.071774
-0.57549,3.2151,-0.56891,0.12794,5.3929,0.3076,8.2215,0.0010725
-0.73607,-0.24894,1.0905,-0.64296,-5.7915,-0.04004,3.3049,-0.063009
-0.60594,0.60288,0.11427,0.13466,7.6262,0.64874,-3.4327,-0.074789
-0.55919,5.0426,-0.19147,1.2376,6.038,0.36233,5.4055,-0.082479
-0.55708,-1.5366,-0.68921,-0.31333,-4.9966,-0.040322,2.6021,-0.076857
-0.22356,-2.907,-0.38917,0.20033,7.2075,0.54188,-3.5422,-0.054369
-0.52716,3.5934,0.53488,-0.47708,4.5258,0.2131,5.0049,0.025873
-0.62284,-1.7539,0.70878,0.19483,-4.3133,-0.0037296,1.7753,0.084065
4.5593,-3.6232,-0.63205,-0.2057,7.4688,0.67285,-3.2319,0.010516
4.5258,3.8351,0.23107,-0.38176,4.1122,0.086834,2.5379,0.17338
4.486,2.2071,-0.50502,0.37234,-3.3218,-0.038923,1.344,0.10823
4.4383,-10.012,3.3558,-0.84758,6.5188,0.50362,-4.1569,0.032785
-0.65291,3.3204,1.1116,-0.38379,4.1472,-0.0064249,1.3733,-0.028449
-0.64666,2.3864,-1.4817,0.22986,-3.5343,-0.079039,1.1251,-0.06425
-0.39774,-15.015,-0.79804,-0.60104,3.9601,0.098007,-6.1082,-0.095671
-0.72077,-1.8966,-0.68527,-2.2378,3.1281,-0.428,-0.015483,-0.11422
-0.63877,0.92048,-1.5589,-0.044329,-1.0786,-0.026916,1.3704,-0.040326
-0.64327,-10.832,-2.6674,-1.994,-4.4271,0.014278,-3.4429,-0.022049
-0.70906,-6.4149,0.24604,-3.0421,-3.8269,-0.25275,2.2735,0.16781
-0.64141,3.9926,-0.87737,-0.3427,2.8425,0.041937,1.8179,0.15905
-0.61045,-0.50518,-1.0111,-1.6469,-3.5249,0.067511,0.24801,0.26655
-0.59986,-5.0333,0.023848,-1.1161,-6.4774,-0.1039,5.4273,0.069949
-0.33189,7.0357,0.38403,0.18605,3.6401,0.10443,0.036271,0.13775
-0.48597,4.9855,-0.33976,-0.55618,-2.7505,0.03527,-0.39249,0.03405
-0.60598,-3.7259,-3.4458,-0.81869,-6.6211,-0.12241,4.065,-0.047311
-0.60545,4.9244,6.0492,-0.565,5.4395,0.3554,-1.2837,-0.087298
-0.70189,2.8589,-1.8685,-1.5697,-3.197,0.082855,1.9206,-0.1221
-0.67418,-3.5275,0.36255,-0.45164,-7.5723,-0.05591,5.4126,-0.08355
-0.57203,1.6024,0.7512,-0.74781,5.1208,0.3161,-0.9205,-0.036992
-0.57598,-0.85338,0.3055,-2.2108,-1.7192,0.083722,1.4513,0.051939
-0.32969,-3.8626,0.85325,-1.0354,-7.2897,-0.011777,3.7743,0.088737
-0.40297,2.5866,-1.3044,-0.024906,5.5237,0.32618,-1.002,0.0042607
-0.50334,4.6111,-1.0195,0.10794,-1.063,0.0089257,1.6879,0.12709
-0.57534,-3.1597,0.15458,-0.42298,-5.3048,-0.024965,3.8232,0.022246
-0.62989,2.897,-0.29995,0.64702,5.7741,0.37244,-1.6368,0.040281
-0.70111,6.5292,-0.10591,1.7782,-2.8244,-0.018676,1.8427,-0.030932
-0.57907,-2.4821,2.0221,-1.401,-4.8333,-0.032108,3.078,-0.082163
4.5072,2.8712,-0.72799,0.77575,5.1398,0.27286,-1.0933,-0.073353
4.4791,5.3026,-0.29286,1.3079,-1.0426,0.027184,1.2483,-0.067195
4.4583,-0.52293,1.4045,-0.4142,-4.7522,-0.12134,2.5481,-0.075495
-0.57177,-2.6312,0.40856,0.57782,4.9145,0.27487,-1.9461,0.027601
-0.65843,2.7419,-2.2636,0.59388,-0.38561,-0.026383,2.836,0.052669
-0.65057,-0.044115,0.87526,0.40057,-7.0888,-0.11476,1.1942,0.08993
-0.81921,-5.1164,1.8746,1.0599,5.2015,0.20289,-2.9569,0.14109
-0.64262,3.3543,0.23869,0.8512,1.0629,-0.13789,1.3735,0.090855
-0.6276,2.8295,2.1224,0.093179,-8.0562,-0.20444,0.029445,0.09139
-0.61847,-15.051,1.6606,0.23293,1.8199,-0.072833,-4.5558,-0.02256
-0.35305,0.48144,-0.68675,-0.82238,-1.5463,-0.99176,-1.2789,-0.10545
-0.60771,3.2821,-0.010103,0.92738,-3.7504,-0.055352,-0.17276,-0.14554
-0.60889,-16.251,-3.3269,-1.0232,-3.5644,0.021786,-4.3982,-0.14296
-0.61273,-0.5088,0.80296,-0.91971,-5.3248,-0.78346,-1.6831,-0.1039
-0.69204,1.6946,-1.1811,0.13529,-0.03781,-0.016808,-0.27201,-0.053177
-0.63258,-12.47,-2.7155,-1.964,-6.3427,0.050781,-1.4702,0.039843
-0.58573,-0.54147,1.224,-0.58684,-7.4006,-0.96537,-1.6322,-0.017887
-0.58821,1.6454,-2.9786,0.36669,-0.36457,-0.10491,-0.19389,0.1748
-0.37277,-4.0983,-0.92849,-0.64488,-8.4881,0.10059,-3.3593,0.13296
-0.5635,0.10686,-1.1693,0.015924,-9.1244,-1.1077,-1.5052,0.10843
-0.5603,4.0717,-2.7734,0.9086,0.1031,-0.092933,-1.3893,0.032931
-0.57806,-1.9269,0.42252,-0.23132,-8.9629,0.069565,-3.7073,-0.020661
-0.77038,-0.010894,0.21254,-0.66942,-8.2679,-0.88635,0.026439,-0.072988
-0.79349,3.9751,1.7022,0.73187,1.3071,-0.018182,-1.718,-0.094113
-0.60033,-4.8314,0.42544,-0.59069,-8.108,0.013835,-2.8297,-0.11826
-0.55936,-2.2406,0.46777,-0.83195,-5.8722,-0.42775,1.0544,-0.085254
-0.5592,3.5072,1.5777,-0.73483,2.9114,0.044113,-0.21866,-0.022292
-0.3879,-1.8014,0.53073,-0.27995,-7.4472,0.058623,-0.38659,0.1405
-0.58448,-6.1587,0.0091182,-0.51554,-3.5331,-0.30191,2.544,0.16457
4.5452,4.2076,-1.5456,0.89205,1.5139,0.0067951,0.40187,0.039794
4.5153,3.1591,1.3348,0.6169,-6.7646,0.066215,-2.1742,0.12646
4.4697,-2.4793,1.3611,-1.1976,-3.3648,-0.24052,3.4766,0.09745
-0.75922,5.3973,0.1476,0.65541,1.1831,0.081264,-0.34284,0.026871
-0.65227,7.6229,2.5982,2.6594,-6.0988,0.0081749,-1.6597,-0.039572
-0.64093,-2.6244,2.7933,-1.0365,-4.0063,-0.19058,2.9836,-0.090049
-0.40443,5.3146,0.1031,1.6271,1.2954,0.067601,-1.0444,-0.10706
-0.5934,7.3312,1.5867,3.8803,-3.9854,0.027094,-1.5916,-0.1009
-0.63391,-4.7413,-0.24362,-0.316,-4.0875,-0.1389,2.3095,-0.0055231
-0.63291,3.4948,0.8991,2.0053,4.7767,0.19407,-3.1678,0.0047961
-0.84974,4.5391,0.14305,0.53875,4.0585,0.10696,1.5882,0.31571
-0.70892,-1.301,-1.4389,-0.30065,-5.817,-0.12331,1.4062,0.22106
-0.53273,2.396,-1.4074,1.358,5.0308,0.16648,-3.3019,0.25815
-0.60344,7.1666,-0.89718,-0.38963,2.8843,-0.035182,1.0579,0.094019
-0.53283,0.6664,0.83576,-0.3868,-4.6306,-0.14866,1.3313,0.070241
-0.37399,2.1828,-1.5565,1.154,4.8643,0.15493,-4.6674,0.015553
-0.6601,4.9404,0.1267,-0.22948,4.2283,0.13083,1.9736,-0.040594
-0.59966,-1.2736,0.29388,-0.35753,-3.593,-0.1063,2.7817,-0.11541
-0.58028,1.2937,-1.6512,-0.27023,5.8454,0.343,-6.2266,-0.075373
-0.6759,1.6756,-0.12241,0.1274,6.1597,0.32537,3.1954,-0.066757
-0.55662,-2.7574,-0.018589,-0.71903,-4.7607,-0.072474,0.065465,-0.06649
-0.57243,-3.2689,-0.65374,0.41144,6.6689,0.46787,-7.4583,0.031349
-0.57768,1.5316,-0.44104,0.47227,6.9333,0.41266,2.935,0.011951
-0.3652,-0.3356,-0.04661,-0.28451,-7.4985,0.0077385,0.26183,-0.0020915
-0.41321,-3.0922,-3.3995,1.6105,6.697,0.47756,-4.9364,0.15713
-0.5757,5.2065,-0.38094,0.83077,5.4246,0.0085728,0.89281,0.046146
-0.57135,1.5472,0.3973,0.35064,-4.2661,0.068255,0.41173,0.016016
-0.70122,-3.177,-1.2969,0.83611,6.7532,0.46808,-3.6225,-0.024993
-0.58316,4.0671,-0.29631,1.0767,4.734,-0.024535,0.21348,-0.074935
4.5097,2.728,0.17204,0.68712,-3.853,0.0062176,0.75203,-0.072866
4.4818,-14.243,0.55621,-0.46257,5.6255,0.3115,-4.941,-0.076079
4.4644,-0.59257,0.32314,0.016432,2.4618,-0.16564,0.2845,-0.070651
-0.52367,-0.31149,-2.4634,0.11676,-4.5112,0.017942,0.0079894,-0.031662
-0.66843,-16.403,-2.9725,-0.25102,3.6156,0.072433,-5.1395,0.0607
-0.64895,-4.7346,-0.96097,-1.6764,2.2238,-0.51253,-0.5442,0.10186
-0.57753,2.0265,-0.87904,-0.35103,-2.8606,0.010549,0.50656,0.14691
-0.72764,-9.9499,-2.3763,-2.6843,-4.3861,0.031881,-4.2709,0.088299
-0.58801,-3.0733,0.37698,-2.9951,-4.1297,-0.46593,1.1767,0.14854
-0.61129,5.5598,-0.84194,-0.72042,2.2679,0.090319,1.2563,0.032298
-0.60992,1.4721,-0.53627,-1.6402,-5.6082,0.049786,-0.80004,-0.05269
-0.40831,-4.2859,1.2694,-1.3288,-6.6088,-0.092439,4.2568,-0.11054
-0.56701,5.6688,0.85196,0.89245,2.0172,0.00049956,0.47765,-0.15136
-0.60355,2.096,1.2049,-1.0334,-4.3272,0.04342,-1.0858,-0.11609
-0.60193,-7.0007,-4.5842,-1.6955,-6.4391,-0.043107,3.2794,-0.061233
-0.78905,4.5631,1.1366,1.2096,4.9934,0.13175,-1.6419,0.009104
-0.60715,2.1915,-2.2195,-1.9322,-4.2067,0.046436,0.5865,-0.028644
-0.57751,-3.564,-0.96283,-1.1618,-6.982,-0.020319,4.8251,0.14919
-0.58109,3.0527,4.6845,0.48106,5.7513,0.2868,-1.3637,0.08073
-0.31578,1.7466,-2.0104,-2.3951,-1.8088,0.073037,1.974,0.15455
-0.53302,-1.5648,0.63871,-0.67203,-7.3541,0.049029,4.6207,0.087496
-0.57147,3.2466,1.6163,-0.23357,5.879,0.36718,-0.9839,0.024534
-0.56716,2.8829,3.1342,-1.0416,-3.4278,0.11801,2.4076,-0.027159
-0.61596,-1.7532,1.2321,0.24193,-6.8517,-0.0037039,4.3777,-0.069824
-0.65218,2.4159,-0.39891,0.54574,6.415,0.39085,-0.7179,-0.11923
-0.5467,4.6543,-0.11658,1.1021,-3.1699,0.08075,1.4149,-0.097812
-0.54997,-4.9937,1.3263,-1.0408,-3.2392,0.0944,3.2632,-0.022608
-0.28306,0.78807,-0.46651,0.63607,6.2263,0.39589,0.43242,0.042617
4.5492,4.2501,-1.5843,2.413,-0.004234,0.070104,0.61379,-0.021781
4.5243,-1.6361,0.65475,-0.51305,-3.9983,0.068512,3.1856,0.10699
4.4945,-0.6299,-1.2057,0.58274,6.2646,0.41399,-1.1373,0.20332
4.4473,6.5835,0.92227,0.73139,-1.3578,0.067049,1.1425,0.10105
-0.72542,1.392,0.76819,0.094412,-3.1747,-0.014954,2.8605,0.076033
-0.67266,-1.2503,5.2031,0.43292,6.0372,0.35158,-2.4708,0.013704
-0.65263,4.9601,-0.33914,0.23658,3.7004,0.01689,2.3041,-0.065078
-0.64452,1.9754,0.6383,0.84372,-6.6587,-0.04373,0.5513,-0.056316
-0.48979,-13.55,1.0229,2.1304,5.7241,0.31621,-4.7137,-0.10745
-0.65465,-2.5065,-0.56759,-0.13474,2.1658,-0.34076,-1.2524,-0.016013
-0.63763,0.46229,0.32846,0.07032,-3.9429,0.017378,-0.13125,0.066566
-0.63608,-16.107,-2.1091,-0.72262,-2.6769,0.071503,-4.3917,0.032103
-0.81851,-3.2519,-0.13996,-1.5565,-3.2234,-0.47777,-0.69783,0.22715
-0.67706,2.9621,-0.59575,0.053826,-1.6727,0.010614,-0.69484,0.17158
-0.60952,-11.839,-2.7347,-2.646,-2.6298,0.11703,-2.767,0.053156
-0.61654,0.9816,1.4988,-1.1389,-4.4327,-0.42213,0.46041,0.050089
-0.36039,4.0153,-1.6815,0.32328,1.9111,0.021299,-0.19834,0.027917
-0.55374,-4.7856,-0.72092,-2.0403,-7.1803,0.09028,-2.39,-0.034364
-0.6012,0.19909,-0.14551,-0.027815,-7.4423,-0.4402,0.30309,-0.10441
-0.60305,2.9715,-2.7702,0.65593,2.9043,0.015799,-0.60653,-0.12687
-0.8366,-1.3075,-0.58546,-0.54731,-6.8305,0.11851,-2.594,-0.1147
-0.7099,-2.5778,-0.70854,-0.68993,-6.6483,-0.28278,1.0686,-0.040497
-0.58267,1.8163,-0.46405,0.54069,4.3141,0.081463,-0.88271,0.018596
-0.58277,-2.7298,0.18133,-1.9319,-6.6787,0.050107,-1.286,-0.0095389
-0.3963,-2.5453,-0.29292,-0.84652,-6.0949,-0.15369,2.4024,0.014969
-0.37749,3.5127,3.6507,1.0305,5.0579,0.2545,-0.1898,0.11646
-0.61888,1.745,-0.2169,-0.31106,-6.1001,0.085506,0.67689,0.098862
-0.57659,-3.5619,0.76051,-0.548,-2.3668,0.010716,5.478,0.056441
-0.6229,5.6678,1.0964,0.67184,5.1097,0.21488,0.11917,-0.0012153
4.4996,5.1768,2.1161,2.2456,-3.9828,0.07183,0.10409,-0.040862
4.4635,-3.164,0.91472,-0.65841,-0.42315,-0.03042,5.0457,-0.12079
4.4358,3.2787,1.3187,0.70713,4.3056,0.16979,-0.13982,-0.10105
4.4163,6.7062,1.1931,1.9276,-3.8068,0.051416,0.43051,-0.049599
-0.55476,-2.4217,2.4955,0.373,-1.2463,-0.031222,4.0545,-0.024896
-0.62118,3.517,-2.0702,0.7103,3.3248,0.0015328,-1.0898,0.053229
-0.67683,6.487,0.67822,1.9525,-1.0634,0.095568,-0.40516,0.086596
-0.67278,-1.0327,-1.8477,0.59165,-2.1127,-0.054768,3.3249,0.035632
-0.81822,4.3172,1.4505,-0.51435,7.0231,0.47971,-2.4558,0.12758
-0.67814,6.921,-0.16106,0.80209,5.7361,0.31464,2.2348,0.20578
-0.63693,1.8185,-0.47565,-0.020911,-4.3659,-0.061898,1.6562,0.029962
-0.63701,-0.83609,0.68351,1.3179,6.3588,0.42208,-2.8747,-0.046581
-0.54373,5.7226,1.2351,-0.44877,4.4305,-0.15971,-0.0058947,-0.14233
-0.47805,1.4351,1.6437,1.082,-5.3481,-0.14394,0.7352,-0.12125
-0.6594,-6.143,-0.99638,1.1644,6.0139,0.38271,-5.1648,-0.13524
-0.63356,3.4567,-0.55562,-0.63886,4.793,-0.16095,-1.4955,-0.098007
-0.73999,-1.0327,0.88796,0.51035,-2.6824,-0.26963,-2.2191,-0.039791
-0.7464,-3.8997,-1.1999,0.25935,1.2707,0.0092402,-4.9567,0.055516
-0.63522,0.21194,-0.77343,0.5694,6.064,-0.54811,-3.9907,0.19733
-0.60362,0.076984,-1.814,0.22279,-1.7297,-0.13832,-1.455,0.18424
-0.59506,-2.6235,-1.1966,0.056883,3.1619,0.033909,-3.215,0.059751
-0.49105,2.3169,1.5851,0.70219,5.869,-0.98393,-1.7439,0.069316
-0.56567,3.1078,-1.0421,0.098992,-1.7951,-0.0021829,-0.4405,0.0033846
-0.59456,-4.7411,-0.68697,-0.091216,5.0974,0.27394,-3.555,-0.042419
-0.59033,2.2279,0.53994,0.69384,4.736,-0.7975,-0.083163,-0.055075
-0.6243,2.6086,-0.9568,0.12453,0.83414,-0.0036654,-0.53821,-0.094575
-0.66779,-9.5153,-1.2445,-0.6707,3.4334,0.044357,-3.2473,-0.11027
-0.57271,-0.12845,-0.64406,-0.40079,4.4555,-0.34691,0.95052,-0.0097579
-0.56082,1.7393,-0.31246,0.54927,1.789,0.042419,-0.39577,0.013923
4.5332,-9.8686,-0.42246,-0.65618,3.4139,0.022512,-2.4732,-0.018179
4.5128,-0.94743,-2.0132,-0.064625,4.1365,-0.29537,2.2377,0.17453
4.4719,3.4328,-1.2046,0.42431,2.2694,0.004979,1.9545,0.16036
4.42,-4.9084,-1.9536,-0.42566,3.145,0.024264,-3.5169,0.031154
-0.87203,-0.7482,0.67861,-1.7201,3.8177,-0.35279,2.0583,0.051476
-0.65031,5.4038,1.2536,0.29686,2.2294,0.015574,2.1398,-0.021148
-0.66386,-1.8586,1.0177,-1.6942,-2.9535,0.017724,-1.5134,-0.073645
-0.65492,-2.5975,1.5995,-2.1698,-0.59902,-0.24638,4.1562,-0.075251
-0.56753,4.5909,0.35589,-0.18439,3.8269,0.1048,1.8409,-0.082285
-0.6122,2.7214,0.92737,-0.25497,-2.4145,0.087412,0.041004,-0.10584
-0.6537,-7.2222,0.84857,-1.4446,-2.0497,-0.083262,5.9666,0.075717
-0.64664,4.453,0.71193,1.617,5.4909,0.30559,1.1565,0.084259
-0.83727,5.1291,-0.85543,0.27852,0.46691,0.044902,1.3626,0.33874
-0.70186,-6.2387,-2.3157,-0.9413,-3.0923,-0.078076,4.6651,0.13347
-0.59994,6.1433,5.2212,3.2141,6.8377,0.49579,-0.48423,0.14413
-0.62221,6.4536,1.317,-0.26979,1.6847,0.10517,3.1155,0.077956
-0.62208,-3.188,2.2138,-1.29,-1.806,-0.090225,4.2236,-0.014869
-0.46276,4.8303,5.0724,1.818,7.5456,0.59321,-1.6038,-0.028985
-0.61122,2.4375,0.06847,-1.7817,3.7551,0.15199,4.8708,-0.11714
-0.60754,-2.5041,2.3065,-0.73435,-3.9212,-0.086964,4.3226,-0.12648
-0.60406,2.0609,1.3706,0.41315,6.9872,0.53665,-0.89168,-0.082601
-0.83183,-0.014067,3.4547,-0.88559,0.085301,0.063025,3.3515,-0.054759
-0.64074,-4.7402,0.49915,0.24267,-5.4545,0.025855,4.1466,0.024656
-0.59013,2.391,-0.38284,0.186,7.9726,0.71091,-0.43041,-0.037308
-0.58521,4.6586,-2.358,-0.13602,2.1838,0.052648,3.2989,-0.0072998
-0.36274,-2.1687,-0.69404,-0.37883,-3.3109,-0.030818,4.917,0.043664
-0.5489,2.3801,-0.74509,0.06161,7.5465,0.65426,-0.98483,0.127
-0.58494,6.7857,-0.5399,0.134,3.5923,0.055754,6.0017,0.062161
-0.57842,-0.52962,1.164,-1.132,-2.3345,-0.028783,3.9667,0.001973
4.4898,2.704,-0.16075,0.78525,6.9787,0.5718,-0.15831,-0.029423
4.4556,5.7889,0.0030796,0.94197,0.30707,0.027787,4.7842,-0.10424
4.4286,-0.28951,1.6092,0.3205,-2.429,-0.027179,3.8204,-0.10908
3.6118,-3.4938,-0.42053,0.18092,6.7731,0.48145,-1.8064,-0.075008
-0.6243,3.9613,-0.10328,0.27035,3.2443,0.064784,3.8577,-0.054175
-0.54244,0.40103,0.13143,0.4839,-4.5352,-0.15772,2.1064,0.040013
-0.71966,-12.297,2.9205,0.64695,6.6556,0.42429,-3.2482,0.099836
-0.66945,1.2672,-0.84516,0.19019,3.9879,-0.078981,0.70553,0.052912
-0.79791,1.8757,1.115,0.085786,-5.839,-0.14589,0.32676,0.14282
-0.81944,-16.624,0.78073,0.53356,2.9175,-0.039359,-4.4374,0.10546
-0.62503,0.49358,-0.29868,-1.0447,0.61149,-0.60658,-0.34937,0.057634
-0.63718,3.9416,0.29324,0.06181,-2.0398,-0.077107,0.057907,-0.0468
-0.63837,-14.494,-1.716,-0.9847,-3.2048,0.06592,-3.3614,-0.072428
-0.54322,-0.27813,1.5279,-0.9096,-5.0782,-0.54567,-0.4318,-0.12252
-0.63605,1.472,-0.42562,1.0121,1.7222,-0.0076186,0.11594,-0.11227
-0.62809,-11.055,-3.482,-2.0838,-5.9705,0.074211,-2.4474,-0.094551
-0.63254,-0.71441,0.64334,-0.53069,-8.0575,-0.57454,-0.1642,-0.067974
-0.7551,1.7312,-3.2756,0.46647,2.889,-0.015089,0.45121,0.096307
-0.67646,-4.4289,-1.098,-0.73106,-6.4497,0.0060571,-2.4732,0.11517
-0.60188,-2.0214,-0.012447,-0.36847,-7.0106,-0.68862,0.18559,0.17185
-0.59852,3.5652,-2.1814,0.86107,3.6262,0.076245,-0.26416,0.069048
-0.48238,-2.2353,-1.0598,-1.1305,-7.4245,0.0078476,-2.7864,0.1693
-0.55709,-0.13822,-1.0441,-1.497,-6.7886,-0.50292,0.9667,0.040962
-0.59827,4.9486,1.7694,-0.002612,4.219,0.13527,-0.50007,-0.030056
-0.5958,-0.95041,2.6328,-0.5249,-7.5555,0.06427,-0.61611,-0.0652
-0.75931,-2.5004,0.54025,-0.5362,-6.2598,-0.11019,3.7804,-0.094819
-0.64504,3.6002,3.4749,0.93126,4.4544,0.20692,0.53009,-0.10816
-0.55229,0.80116,1.204,1.203,-5.5152,0.022768,0.58909,-0.011364
-0.56668,-8.0956,-0.32638,-0.1896,-2.6633,-0.084937,4.6518,0.034415
4.5289,3.6684,1.6551,0.17098,3.6318,0.10534,0.71469,-0.026089
4.5124,3.3413,-0.85763,1.9838,-3.5189,0.081732,0.85396,0.1975
4.4744,-3.5884,0.41287,-0.77215,-0.59475,-0.018368,5.6028,0.16759
-0.67409,4.554,-0.71246,0.69391,2.6017,0.067177,-0.56827,0.14004
-0.67737,8.3109,1.4836,2.1687,-2.5718,0.079775,0.14394,0.012536
-0.85978,0.21187,1.3681,0.045727,-1.481,-0.030542,3.8915,0.041838
-0.62869,5.2973,-0.95781,0.90734,5.2711,0.31849,-1.731,-0.040278
-0.64451,8.8076,-0.37,1.1816,2.055,0.022345,2.8228,-0.07749
-0.6466,-0.20717,-0.83876,-0.081498,-3.3721,-0.047163,3.1027,-0.06868
-0.33835,1.992,0.98774,0.5064,6.3475,0.4159,-2.3285,-0.067463
-0.61669,3.6992,0.75465,-0.25343,5.1123,0.25288,1.3047,0.11629
-0.63473,-1.5562,0.86712,0.062439,-5.9614,-0.16256,1.0398,0.14381
-0.63132,-7.8778,1.523,0.97979,6.2984,0.45601,-4.1767,0.15941
-0.78119,3.069,-0.56107,0.69401,4.5185,-0.093542,-0.78968,0.12687
-0.68818,0.13022,1.3368,0.62352,-3.9495,-0.22947,-0.17671,0.1359
-0.60805,-5.0139,0.29739,-0.024533,2.8627,0.02273,-5.4478,0.11687
-0.61263,4.2195,0.61406,-0.6815,4.4035,-0.71619,-3.0248,-0.0015804
-0.32291,1.2654,-1.7057,0.018301,-2.3966,-0.22883,-1.5885,-0.02587
-0.52147,-0.84735,-1.1073,0.37029,0.0047895,0.064873,-3.8979,-0.10545
-0.59223,1.1362,1.0488,0.62172,4.8877,-1.4728,-3.7231,-0.10482
-0.59397,0.57961,-0.93462,0.25771,-2.9605,-0.081587,-1.1138,-0.10397
-0.88765,-4.2385,-3.5054,-0.038587,-1.0491,-0.032782,-2.6459,-0.046046
-0.65983,-0.74842,-0.23928,1.054,2.4168,-1.4842,-0.028044,0.0045041
-0.57824,1.6476,-3.2321,-0.12321,-0.86567,-0.074476,-0.88114,-0.026551
-0.57483,-8.1843,-0.97409,-1.3359,-0.76533,0.056088,-3.7377,0.13006
-0.56516,1.0929,-0.40025,-0.68748,-0.3254,-0.99582,0.1192,-0.0049877
-0.35147,3.5087,-1.9565,0.38281,1.5162,-0.03882,-0.026265,0.095868
-0.56263,-8.8692,-2.646,-1.49,-0.61827,0.015895,-3.7865,0.10027
-0.56315,0.68386,-1.3063,-1.089,1.1297,-0.44852,1.3577,0.020324
4.498,4.8327,-0.44321,0.80355,1.7823,0.01827,0.92949,-0.042127
4.4588,-2.4406,0.067024,-0.79584,-1.2557,0.035546,-3.2668,-0.1396
4.4304,-4.3607,0.44797,-1.2296,-0.22348,-0.31863,1.7259,-0.11998
-0.65603,4.3364,1.001,0.82321,0.48833,0.0018922,1.5086,-0.10003
-0.65438,2.7539,3.6814,0.27175,-3.2008,0.036617,-2.0519,-0.037089
-0.36675,-4.2587,1.118,-1.4287,-0.95305,-0.30297,3.9,0.019009
-0.57992,3.5829,0.92921,1.0934,1.269,0.038369,0.78947,0.080049
-0.65061,6.1447,1.557,2.0266,-4.1199,0.019996,-1.5823,0.11271
-0.64355,-4.7536,0.8096,-1.3398,-3.3935,-0.19641,4.0576,0.15433
-0.82176,6.6354,0.20858,1.5577,4.5214,0.1876,-0.7726,0.15662
-0.66861,9.7796,0.5892,1.2392,1.1262,0.065509,0.73677,0.09195
-0.6201,-1.7932,0.62691,-0.78419,-4.1014,-0.070465,3.2012,-0.041421
-0.61923,6.0913,3.6043,1.6253,5.7369,0.3102,-2.3521,-0.067804
-0.32471,6.8624,1.9214,1.163,3.0223,0.057525,2.524,-0.10667
-0.51988,-1.7144,2.6369,-1.2387,-3.9928,-0.13444,3.5284,-0.1287
-0.64937,1.2798,-0.15653,-0.21682,6.235,0.40949,-3.2296,-0.096912
-0.61018,3.0363,1.4587,1.0255,3.4389,0.10738,3.92,-0.035799
-0.65105,-2.6748,2.1895,-0.36044,-5.6873,-0.14267,1.7315,0.0552
-0.73674,-0.28761,-2.736,0.90886,5.4746,0.29328,-4.4008,0.12045
-0.62793,1.3317,-0.028719,-0.16383,3.6951,0.1248,5.3177,0.18529
-0.58349,-1.2072,1.0723,0.098105,-7.1991,-0.053446,1.1461,0.11753
-0.57566,1.3161,-1.3022,0.35106,6.0634,0.39544,-2.086,0.024193
-0.34876,4.6445,1.4467,0.87242,5.7199,0.32101,3.9076,0.017452
-0.59923,1.4549,0.016442,-1.2778,-6.8634,-0.054678,0.88832,-0.030956
-0.57436,-1.8856,0.87862,0.76192,6.754,0.49407,-5.5864,-0.08927
-0.579,4.9549,0.75123,0.70575,4.8249,0.053887,2.6875,-0.05987
-0.75016,0.09932,0.55521,-0.55736,-6.1836,-0.03642,1.6234,-0.083794
-0.57228,-3.9147,-0.71736,0.069768,5.8967,0.39196,-3.9487,-0.054613
-0.54652,4.0302,-0.12087,-0.70766,3.0262,-0.054267,2.3691,-0.059894
4.5366,0.53048,0.45968,0.14824,-6.4367,-0.027423,0.85263,0.036654
4.5193,-11.656,-0.043867,-1.5545,5.497,0.30724,-4.83,0.18731
4.4801,1.7409,0.11302,-0.63846,1.4811,-0.1512,1.5,0.16618
-0.66892,3.1043,0.0067541,-0.23524,-5.9315,-0.13422,-0.26628,0.11142
-0.65724,-15.36,-1.4113,-1.3457,4.3711,0.14757,-6.6338,0.094652
-0.77945,0.8212,-0.14774,-0.52601,0.23233,-0.47081,0.006949,-0.00033914
-0.77713,3.1895,-0.48747,0.49934,-5.9505,0.0053191,-1.2956,-0.059505
-0.62327,-17.322,-0.60301,-1.3957,-1.1918,0.040705,-5.8106,-0.097812
-0.62437,-3.4012,0.85252,-1.9754,-1.5203,-0.53465,0.043804,-0.12346
-0.33473,2.4145,-0.81879,0.27232,-1.051,0.058963,-0.04799,-0.031759
-0.46201,-9.2171,-3.1003,-2.6678,-7.7913,0.083779,-2.4752,-0.063228
-0.5875,-7.1924,0.44373,-1.9898,-9.4211,-0.35679,1.3651,0.16954
-0.61754,3.4039,-3.4736,-0.066507,2.3095,-0.012027,2.2516,0.11663
-0.71938,-1.6036,-0.1645,-1.2532,-7.1042,0.090383,-3.0165,0.055395
-0.78568,-6.0492,-4.1909,-2.3807,-9.2153,-0.23249,3.0915,0.16696
-0.66955,6.2362,-1.2505,1.7505,2.759,0.079717,-0.54725,0.11848
-0.59075,0.86063,-1.0479,-0.89713,-7.6699,0.056877,-2.4533,0.007814
-0.5775,-2.1939,-1.9167,-1.2297,-9.4947,-0.26261,2.6604,-0.048041
-0.48093,5.7123,0.40971,0.30605,3.8885,0.048836,-1.3628,-0.072282
-0.55784,-0.57667,-1.1783,-1.4201,-8.4651,0.047283,-0.9606,-0.13833
-0.57515,-3.2358,-0.019829,-0.72271,-9.7657,-0.20727,2.3524,-0.11103
-0.57267,2.5842,5.0778,-0.49745,4.4816,0.13299,-1.5819,-0.081311
-0.64847,-1.5532,-0.30511,-1.6433,-8.1178,0.11599,0.80017,-0.031346
-0.62592,-2.8065,-0.3596,-0.44919,-8.6553,-0.11769,4.1957,-0.025505
-0.55349,2.1497,-0.7009,0.46449,3.7407,0.071727,-1.3033,0.13216
-0.55111,3.171,0.31355,-0.071459,-8.6474,0.065214,-0.10638,0.034878
-0.44821,-4.4474,0.16841,-0.61178,-6.831,-0.082543,3.304,0.15781
-0.53183,4.2722,0.94421,1.0403,2.7059,0.085519,-1.2866,0.086206
4.5012,5.2274,0.10962,1.4633,-7.7126,0.01637,-1.2475,0.020275
4.4977,-4.0139,0.64061,-0.53275,-3.8234,-0.10223,3.9713,-0.020467
4.4571,4.3551,0.53896,0.45418,0.79865,0.086417,-2.2016,-0.091265
4.4303,6.761,0.87732,1.8551,-6.4236,0.067094,-1.0815,-0.12305
-0.59006,-2.4368,1.3005,0.1252,-3.3591,-0.049576,2.7834,-0.098664
-0.64229,2.7283,-0.96663,0.52791,2.2235,0.043022,-2.9007,-0.036481
-0.49916,6.3586,-2.3895,1.721,-3.4418,0.07235,-0.18938,-0.040059
-0.55071,-2.1812,-1.5396,0.21447,-5.9248,-0.11287,1.4521,0.010856
-0.63187,3.0305,0.37944,0.026972,5.1872,0.13762,-4.4983,0.13367
-0.63563,4.394,-0.77048,0.41777,3.4476,0.025951,1.4853,0.36512
-0.65516,0.9624,-0.47497,0.065734,-7.5966,-0.11858,0.37497,0.047485
-0.7356,-4.0082,1.3845,0.97124,4.5898,0.10627,-5.0327,0.07798
-0.66727,3.5402,0.83655,0.49008,3.9992,-0.47246,-3.4256,-0.013701
-0.60984,1.8287,2.3171,0.077321,-7.6141,-0.36457,-1.6476,-0.071844
-0.60212,-6.9411,0.66251,1.6847,3.3932,0.036155,-5.7154,-0.065735
-0.41076,3.0123,0.6511,-0.88431,2.4643,-0.6529,-3.3813,-0.1212
-0.58914,0.060172,0.069928,0.61878,-4.5898,-0.18448,-2.1925,-0.095719
-0.59591,-4.7273,-0.6377,0.78081,-1.2565,0.046545,-5.5181,-0.077271
-0.59724,0.065341,-0.18777,0.44524,4.8528,-0.92305,-4.2981,0.039259
-0.91299,-1.0139,-1.5496,-0.057052,-3.8635,-0.17423,-1.3289,0.11378
-0.66403,-4.227,-3.3783,-0.091062,-1.0137,0.060163,-4.0663,0.16418
-0.56915,0.47169,-0.50865,1.1434,4.7207,-1.3916,-3.4083,0.1461
-0.56446,2.4753,-0.96875,-0.33911,-2.5611,-0.040489,-1.4116,0.04527
-0.47251,-4.2458,-0.50866,-0.14573,-0.49584,0.12175,-3.8578,0.038553
-0.35288,2.5166,1.6642,-0.50657,-0.38244,-1.6011,-1.1286,-0.015842
-0.57357,4.0705,-1.0916,0.28493,-1.0063,0.087181,-0.87583,-0.073426
-0.56482,-9.9153,-0.95089,-1.5472,0.24509,0.13727,-4.9432,-0.089197
-0.77203,1.8868,-1.5649,0.30996,2.3451,-0.72105,-0.095416,-0.10368
-0.66231,1.5714,-0.28558,0.96692,-0.099459,0.081142,-1.2014,-0.055562
4.5401,-8.4767,-1.1322,-1.1248,0.37364,0.13352,-3.6267,-0.085376
4.526,-5.4634,-0.84049,-0.74281,0.26769,-0.65358,0.2035,0.074329
4.4945,3.3581,-0.6102,0.60056,0.58851,0.10365,0.89582,0.034196
4.4603,-0.26966,0.62541,-1.0073,-2.8592,0.084967,-4.5813,0.10911
-0.67062,-3.6626,-0.25706,-1.7422,-0.89234,-0.37598,2.0923,0.14917
-0.65975,6.2472,1.0013,-0.1074,0.34474,0.048303,0.9884,0.08516
-0.65814,6.4842,3.89,1.3652,-4.2816,0.064058,-1.8692,-0.0055475
-0.71631,-2.603,2.2611,-1.1211,-3.5,-0.14583,2.9346,-0.019663
-0.65686,6.2091,1.527,1.2626,1.9599,0.044934,-0.42899,-0.10458
-0.63058,8.74,1.0391,1.8143,-2.1095,0.12994,-0.54412,-0.11991
-0.62724,-4.0426,1.3358,-1.0399,-4.5308,0.0099654,3.3956,-0.083988
-0.60129,4.465,0.48731,2.7513,5.4823,0.22118,-2.6223,-0.071235
-0.48057,4.3225,0.49659,1.156,3.9902,0.067761,2.7846,0.14211
-0.62838,-3.6606,-0.9184,-1.1582,-4.6488,0.028429,3.1674,0.033296
-0.6257,2.2177,1.1625,1.2125,7.003,0.40168,-4.3014,0.23374
-0.77903,5.1817,-0.40783,0.9088,4.4682,0.12928,3.2758,0.147
-0.67861,-1.0894,2.2739,-1.3605,-5.8374,-0.011148,2.1824,0.057269
-0.5932,1.8868,-1.0475,1.0691,7.175,0.46292,-4.3124,0.073332
-0.58819,3.4927,1.4095,0.239,5.848,0.2901,4.4823,0.0053316
-0.379,0.1143,2.534,0.36071,-5.5223,0.052629,2.142,-0.0716
-0.51773,-0.20323,0.91795,0.23492,6.8571,0.44775,-5.6761,-0.097228
-0.58397,2.4578,-0.047792,0.30852,7.1345,0.37769,3.0402,-0.10285
-0.58172,-0.79674,0.22389,-0.55706,-6.0717,0.012969,0.55008,-0.093821
-0.61948,-1.8314,-2.9643,0.43594,7.7889,0.59276,-4.6622,-0.086982
-0.60741,2.3682,0.36676,1.4145,6.7921,0.15511,0.2321,0.0029221
-0.52753,-0.71999,0.30758,-0.79507,-5.9389,0.087739,0.11621,0.0032872
-0.55598,-4.3371,-2.4642,1.6016,7.3486,0.50315,-3.9888,0.1488
-0.55972,4.2055,0.65965,1.0116,5.5296,0.038408,0.46664,0.046779
-0.31694,1.2633,-0.13427,0.47006,-4.5414,0.019328,0.072934,0.11205
4.5268,-6.8521,0.89837,1.1274,6.8025,0.4437,-4.5776,0.033296
4.4851,3.2429,0.98946,0.46505,3.3372,-0.27238,0.69587,-0.0071051
4.4462,3.4502,-0.53209,0.62128,-3.1048,0.040012,-0.59492,-0.060892
-0.79296,-14.838,-1.8155,0.31454,5.0393,0.18489,-5.2322,-0.11624
-0.69547,-1.477,0.19487,-0.85891,1.6891,-0.29476,0.61866,-0.11611
-0.64611,0.94546,-0.74378,-0.097157,-2.8576,0.056236,0.11081,-0.047263
-0.65283,-14.254,-1.7049,-2.3113,-1.0616,0.085512,-4.4565,-0.031029
-0.3351,-3.6211,-1.4197,-3.1379,-2.1649,-0.44262,0.42232,-0.0010693
-0.61884,2.5032,-0.082662,-0.19312,0.39348,0.038446,1.8614,0.17171
-0.64137,-2.2871,-0.9723,-1.3546,-6.5855,0.10024,-1.4229,0.17706
-0.62722,-3.7534,0.40835,-1.5629,-5.5307,-0.1134,3.6476,0.093654
-0.92925,6.406,-0.041047,0.19729,2.5135,0.090377,0.17995,0.085841
-0.69617,6.5871,1.2411,0.45605,-3.758,0.13646,-0.27739,0.022709
-0.60464,-3.4798,-0.95539,-0.78709,-4.4864,0.020702,3.9102,-0.0606
-0.60683,6.7919,0.34129,1.7658,4.5687,0.12768,-1.6349,-0.096961
-0.54716,7.5432,1.1405,-0.25395,-2.0371,0.076816,1.6078,-0.11168
-0.5076,-5.3618,-0.20288,-1.3799,-6.1972,0.040115,3.7239,-0.10504
-0.61031,2.81,5.142,-0.38106,6.8809,0.42677,-2.1877,-0.021051
-0.59533,-0.57365,0.10051,-1.7891,-0.63124,0.12785,2.1973,0.046244
-0.80268,-2.5432,1.1021,-0.50149,-6.672,-0.029342,4.3301,0.066493
-0.66515,1.1894,-0.21596,0.62729,6.4698,0.40262,-1.5234,0.13639
-0.52084,1.7673,-0.57712,-1.521,1.269,0.10817,1.8829,0.23469
-0.57016,-2.2498,0.36642,-0.71531,-5.4876,0.10152,3.2559,0.067904
-0.57141,3.1204,-1.1765,-0.48204,7.0378,0.4608,-0.93278,-0.032879
-0.43285,5.9485,-0.56495,0.39551,0.022323,0.1187,1.9218,-0.023996
-0.58929,-2.0537,0.80244,-0.54483,-3.9963,0.048072,4.2562,-0.052057
-0.56016,2.2066,-0.25866,0.76532,7.3835,0.52702,-1.4782,-0.089951
-0.56355,4.5779,-1.6376,1.3465,0.43023,0.058353,3.0302,-0.096547
-0.66877,-4.0573,1.1475,-1.5039,-2.1124,0.10793,3.5906,-0.067609
4.5277,0.49468,-1.2335,0.93337,6.5359,0.37004,-1.7211,-0.077807
4.5149,3.3719,0.40108,1.0978,0.28563,0.041815,1.8454,0.11276
4.4846,0.064577,1.0553,-0.58799,-1.6059,0.061228,3.5065,0.076836
-0.4089,-0.70024,0.66174,-0.15755,6.5247,0.36987,-1.2443,0.21089
-0.51729,5.7945,-1.1724,0.58894,0.65296,0.036245,2.4475,0.15997
-0.66314,1.3765,0.48049,0.60684,-4.5821,-0.033539,1.7258,0.13403
-0.65087,-2.8342,0.51899,1.5776,6.8391,0.43081,-4.0254,0.039891
-0.80254,5.2961,0.62613,0.89885,3.7236,-0.028225,-0.13327,-0.027086
-0.71161,2.0481,-0.41726,-0.01619,-4.8673,-0.016866,0.05634,-0.11417
-0.646,-11.54,0.5382,1.0565,4.8007,0.16637,-4.0618,-0.11575
-0.62297,-1.7475,-0.89758,-0.80966,2.2551,-0.7245,-1.6959,-0.021367
-0.58654,1.1499,-0.12645,-0.17614,-3.1796,-0.0948,-0.12879,-0.038525
-0.36637,-16.568,-2.5086,0.071354,-0.96544,0.031965,-4.9638,0.060676
-0.61836,-1.3906,0.19091,-0.66524,-0.67033,-0.67033,-1.3225,0.027284
-0.62073,1.0723,-1.8073,-0.088538,-0.3846,-0.0090497,-0.39035,0.12967
-0.60516,-12.179,-3.9042,-2.0758,-3.1736,0.10101,-1.9879,0.034756
-0.67691,1.99,0.54348,0.34148,-2.4195,-0.98365,-0.98722,0.03792
-0.54922,3.4639,-0.79001,0.14583,1.2859,-0.044577,-1.3023,0.086815
-0.58514,-3.3608,-1.3296,0.22737,-5.1326,0.056409,-1.4556,-0.023582
-0.57927,1.7253,1.6774,-0.28729,-5.2573,-0.77779,-1.7835,-0.067122
-0.4202,3.5046,-0.59933,0.67069,0.62853,0.029667,-1.2702,-0.11295
-0.50631,-4.6066,0.93564,0.31328,-5.339,0.058539,-4.1978,-0.11933
-0.57819,-2.3661,0.57663,-0.66249,-2.7526,-0.44437,0.38167,-0.077515
-0.57858,2.9256,-1.9167,0.85707,3.946,0.077445,-1.0169,-0.11001
-0.67782,-7.0402,-1.0678,-0.59934,-2.961,0.08831,-2.4889,0.03444
-0.69387,-2.8943,-2.166,-0.78175,-1.1101,-0.26647,1.4686,-0.014285
-0.54527,3.3057,-1.1168,0.023099,5.637,0.33889,0.61247,0.11334
-0.55409,-2.8097,-0.36842,-1.5029,-0.90492,0.12706,-0.4384,0.15321
-0.33245,-2.3792,-0.090833,-0.41217,1.0255,-0.13022,2.7622,0.085744
4.5216,5.4536,-0.73978,1.3988,4.7771,0.18044,1.446,0.033491
4.4734,2.7039,1.1079,-0.20725,-0.79486,0.081084,-1.8023,-0.042103
4.4381,-4.9549,0.42649,-0.50342,2.2456,-0.10608,4.4592,-0.070895
-0.74197,5.3845,0.84876,1.3269,3.7443,0.072645,1.4579,-0.1147
-0.69286,5.1485,3.38,1.7298,-1.5783,0.088406,0.48602,-0.10536
-0.71323,-4.8938,1.9842,-0.58767,1.1175,0.0045426,4.8123,-0.083234
-0.63913,3.4652,0.20099,1.1819,4.8928,0.24336,1.3858,-0.0183
-0.63072,7.4877,1.1981,2.4841,0.080272,0.060644,0.17529,0.0016566
-0.45062,-5.1094,0.12646,-0.34645,-0.74643,0.03029,4.2516,0.25083
-0.59116,4.4856,1.1342,2.1702,6.8003,0.47468,-1.4093,0.2658
-0.63049,6.9982,0.29366,1.1827,6.0496,0.37886,3.7241,0.28673
-0.61884,0.768,-0.30114,-0.71759,-1.7666,-0.013035,3.96,0.055541
-0.74165,4.8428,0.51046,1.4867,7.5453,0.55322,-2.2335,0.07927
-0.61913,7.4468,0.3282,0.11708,4.4769,0.18099,3.1929,-0.029812
-0.60389,-0.49609,2.5177,-0.46665,-1.1593,-0.021127,3.3908,-0.099662
-0.58881,2.4641,-1.3349,1.9995,8.2154,0.73219,-2.027,-0.093748
-0.41234,4.4141,1.6512,1.6464,6.8338,0.53164,3.4434,-0.10745
-0.60775,-2.9326,1.0159,0.011698,-0.74167,-0.0089855,1.8608,-0.043855
-0.58832,-1.9104,-1.1018,1.2101,7.7946,0.64867,-4.6478,-0.026429
-0.58727,0.34249,-1.9473,1.0394,7.9854,0.61506,2.562,0.12914
-0.80415,-1.7108,0.49918,-0.24714,-1.7669,-0.072564,0.9599,0.10407
-0.69843,-1.5491,-2.3516,0.79834,8.201,0.7109,-5.7106,0.12967
-0.55858,3.3579,0.5233,1.039,8.5491,0.62084,3.9563,0.12191
-0.56523,0.037406,0.19878,0.058797,-3.6052,-0.0058858,1.2518,0.0029465
-0.11972,-1.8087,-2.1558,2.0039,7.9853,0.66072,-4.791,0.0082035
-0.49118,4.2351,-0.14686,1.7459,6.608,0.18149,1.0888,-0.032076
-0.57778,1.0498,0.81654,-0.01549,-1.735,-0.01023,2.1043,-0.11315
-0.55369,-6.9167,0.76288,0.60566,7.6868,0.65628,-2.0617,-0.10166
-0.56939,3.3365,1.038,0.80911,5.5655,0.12928,0.91162,-0.0854
4.5128,1.3323,0.19521,0.643,-2.1436,0.024822,1.0538,-0.04719
4.5027,-16.038,-3.2716,0.2019,6.3405,0.44005,-4.5165,0.026749
4.4754,-2.3107,-0.084088,-0.87963,4.2835,-0.086785,1.242,0.12101
-0.64627,3.6052,-1.5791,-0.3362,-0.90873,0.0014108,1.2559,0.029718
-0.38795,-12.882,-2.834,-1.8966,3.9344,0.12004,-4.2503,0.16869
-0.67205,-1.8727,-0.39294,-2.2535,2.045,-0.36255,1.6219,0.10293
-0.64064,4.2859,0.48831,0.28301,0.94027,0.025752,2.3614,0.025994
-0.63886,-3.0604,-0.26288,-1.5103,-4.7238,0.046603,-1.8485,-0.023484
-0.77664,-2.5099,1.494,-1.7147,-3.0098,-0.10458,3.7903,-0.1275
-0.6198,5.1394,0.65734,-0.46002,4.3007,0.16097,1.9841,-0.13505
-0.61938,3.9836,0.24461,0.79069,-0.66872,-0.0058024,0.78346,-0.14386
-0.60177,-5.9886,-1.7407,-0.5296,-3.1241,-0.058426,5.3962,-0.055756
-0.38074,5.2975,-0.12856,1.4514,4.5283,0.16422,0.0053115,-0.043928
-0.47283,6.2703,0.59132,0.85178,-0.76709,0.059168,0.61594,0.018279
-0.62083,-7.8695,-1.3671,-1.1472,-3.3202,-0.044988,4.8395,0.10641
-0.60858,4.813,4.3041,1.4119,7.0008,0.55547,-1.901,0.076301
-0.72047,5.4491,-0.89692,-1.6119,2.7316,0.053514,3.6929,0.10169
-0.66798,-2.4709,1.4591,-1.4547,-4.0055,-0.031338,4.5452,0.11855
-0.57392,3.2845,2.05,0.30424,7.5431,0.62093,-1.2053,0.017768
-0.57582,2.4166,1.2255,-1.4999,4.2333,0.20823,5.8853,-0.049307
-0.3674,-1.2466,1.3357,-0.64591,-5.8734,-0.048318,3.6917,-0.089513
-0.49169,1.657,0.063311,0.31561,7.1335,0.48301,-1.3621,-0.11753
-0.59731,4.1951,-2.6427,0.068252,2.4265,-0.0025552,4.0317,-0.078074
-0.57482,-3.207,0.45804,-0.4573,-5.7629,0.017384,3.7009,-0.087688
-0.76019,2.0564,1.2441,0.13054,6.9886,0.47466,-3.1441,-0.0062532
-0.7713,3.3186,-2.0988,0.32543,4.0784,0.088785,5.7443,0.028599
-0.56845,-1.7198,-0.27173,-0.78489,-2.7132,0.0018408,3.7047,0.10918
-0.54732,0.79543,-0.97461,-0.48075,6.8754,0.51833,1.0537,0.15693
4.5258,6.0715,1.3315,0.3669,3.8712,0.12024,3.3493,-0.020953
4.496,2.2973,0.67091,-0.14717,-3.4018,-0.049396,2.3796,0.078467
4.4505,-4.8912,1.2748,-0.88173,6.8259,0.48935,-2.6468,0.012779
4.3439,5.7036,0.80127,0.39671,2.4352,-0.087061,4.1553,-0.056097
-0.67612,1.974,1.7908,0.68322,-5.0811,-0.056899,0.04207,-0.099054
-0.81027,-11.727,1.3645,0.93861,6.1694,0.38613,-2.7877,-0.097788
-0.72208,-0.45252,-1.5608,0.011544,2.9775,-0.3916,0.21072,-0.08226
-0.6461,1.2157,-1.642,0.31915,-3.6055,-0.10297,0.15118,-0.067731
-0.63912,-16.028,-1.6859,-0.48189,0.75402,-0.00042456,-4.0559,0.042617
-0.55375,-4.1802,-0.37409,-2.1009,-0.72241,-0.649,-0.47115,0.076277
-0.52699,2.2584,-1.5916,0.23868,-0.022345,-0.017123,-0.15001,0.23883
-0.67202,-4.4395,-2.407,-1.5381,-2.7343,0.016877,-2.5368,0.17073
-0.63728,-7.3188,0.30539,-1.4793,-4.2921,-0.38321,2.0379,0.17682
-0.74445,7.0478,-0.93013,0.67536,1.2667,-0.045957,-0.47758,0.020056
-0.63372,-1.0287,-0.65863,-1.9782,-4.9165,0.065656,-2.7933,-0.046751
-0.55335,-2.7662,-0.67187,-0.20376,-6.2899,-0.26692,2.3152,-0.1093
-0.60514,5.516,-0.015113,1.2842,3.9267,0.096114,-0.50057,-0.087152
-0.60681,-1.002,-1.1808,-1.5078,-6.1385,-0.0058088,-1.3478,-0.093651
-0.47275,-2.9965,-0.9687,-1.6399,-8.2277,-0.18014,4.8354,-0.063691
-0.55334,1.3442,-0.31413,0.70542,4.2641,0.1338,0.41715,0.054251
-0.59973,-1.693,-0.68071,-1.4237,-5.5491,0.032844,0.45538,0.090806
-0.58582,-2.1388,-0.43694,-0.75711,-8.073,-0.11551,4.0108,0.011294
-0.80061,2.9495,1.7822,-1.135,4.7012,0.21726,-0.75653,0.12992
-0.59723,2.2726,1.1874,-0.68464,-7.5336,0.020984,1.7109,0.023755
-0.57501,-2.7338,0.17844,-0.63578,-7.2776,-0.11285,4.2026,0.021979
-0.57746,5.5276,1.1041,0.39903,4.2065,0.11981,-0.43469,-0.035775
-0.44346,5.6124,2.0085,0.3167,-4.942,-0.0066624,0.74303,-0.060843
-0.56305,-4.22,0.72071,-0.41262,-2.9195,-0.0062516,4.5487,-0.1241
-0.55548,3.077,2.31,0.59398,4.5297,0.23398,-0.54739,-0.10662
4.5071,5.2713,-0.183,0.83327,-3.9812,0.061921,0.18868,-0.088077
4.4865,-4.0739,0.55715,-1.0503,-0.48445,-0.039732,4.6278,0.0095664
4.4678,1.5851,-0.12349,0.18336,3.8387,0.10536,-0.73243,0.047558
-0.64291,5.9978,-0.076321,2.1338,-3.7716,0.026869,-0.50803,0.10266
-0.66531,-1.8126,-1.1621,0.19062,-2.1293,-0.11275,3.4509,0.11295
-0.58497,3.6419,0.60108,0.29892,4.7957,0.23107,-2.082,0.1977
-0.54595,8.132,-0.35353,1.1092,2.9531,-0.011649,2.5161,0.088737
-0.65831,2.2704,0.46384,0.21358,-5.6297,-0.098702,3.4595,0.023098
-0.65027,-0.56302,2.1733,1.2576,7.1414,0.48942,-3.8433,-0.044001
-0.88064,6.0546,0.48046,-0.16413,4.8712,0.15001,1.4198,-0.078074
-0.68423,1.2392,1.6288,0.27396,-6.8577,-0.21618,0.70539,-0.12483
-0.62412,-11.0,0.62879,0.1908,4.9621,0.20589,-4.093,-0.093991
-0.62551,1.3724,-0.86697,-0.59238,0.4984,-0.39631,-0.14967,-0.016792
-0.62419,0.67293,2.1162,0.75201,-6.448,-0.30296,-0.79151,-0.037065
-0.40628,-12.352,-2.8601,-0.65734,3.485,0.06918,-5.2133,0.030813
-0.66923,2.0962,0.097828,-1.6979,0.4035,-0.96691,-2.2051,0.14985
-0.62228,0.67624,-1.5251,-0.0027533,-3.6704,-0.38887,-2.0743,0.034537
-0.61668,-3.1002,-1.5298,0.21921,-4.8345,0.052327,-4.0107,0.022076
-0.77499,2.392,1.0459,0.36845,0.39327,-2.1144,-1.518,0.074962
-0.64538,2.5351,-1.9786,0.09314,-3.835,-0.2808,-2.3277,0.0037009
-0.59168,-2.4945,-2.2063,0.91039,-2.5911,0.02359,-2.9829,-0.064104
-0.59716,1.6437,1.4898,0.18934,0.28526,-2.1622,-0.51123,-0.1029
-0.35843,2.0737,-1.6015,0.080185,-1.996,-0.20434,-2.0756,-0.11721
-0.57182,-4.9224,0.60637,0.32261,-2.5488,0.07011,-3.5971,-0.095354
-0.58757,-1.2243,0.90661,-0.45853,-1.6992,-1.628,-1.3043,-0.053907
-0.58873,2.1754,-2.0432,0.0091932,-0.56741,-0.069907,-1.3427,-0.06464
-0.84115,-11.171,-0.24096,-2.3898,-4.1155,0.027999,-3.4212,0.086547
-0.70679,-1.4057,-0.86628,-0.82711,-2.9417,-0.73559,0.66736,0.26083
-0.55106,3.3177,-0.84949,0.23905,-0.37129,0.020452,-0.33608,0.14944
4.5265,-4.9079,-3.1074,-1.6218,-2.018,0.066131,-2.3006,0.071969
4.4866,-4.4064,-2.3483,-1.0532,-0.77145,-0.54519,1.0239,0.058193
4.4429,5.9543,-0.77865,0.54547,1.387,0.077112,1.5475,0.01127
-0.71546,-0.06421,0.42649,-1.0438,-1.62,0.018359,-3.6006,-0.068388
-0.67319,-2.3144,1.5372,-1.9155,-0.14196,-0.32197,2.834,-0.10818
-0.74372,4.7549,2.1326,0.79563,-0.53737,0.086571,1.2135,-0.10115
-0.81596,1.9068,2.0833,-0.032523,-6.9536,0.080288,-1.9455,-0.08669
-0.64347,-4.0599,1.0225,-0.32647,-3.7444,-0.10015,4.3457,-0.05858
-0.64069,2.5707,0.80384,0.94604,2.6222,0.075732,0.37851,0.10733
-0.63091,8.262,0.25241,1.2044,-3.5255,0.10729,0.21786,0.056977
-0.39293,-4.9116,-1.3553,-0.041015,-4.9155,0.0086241,3.3465,0.27621
-0.55948,5.0288,0.46783,1.6489,4.9232,0.26399,-2.03,0.20415
-0.63892,8.4031,0.93422,0.93677,0.11687,0.098135,1.5716,0.18015
-0.63387,-1.1804,-0.7002,-1.5206,-3.974,4.3922e-05,3.6376,0.02176
-0.8623,6.6616,3.5026,1.2377,6.496,0.44818,-3.0679,-0.0023105
-0.62513,5.1328,3.1932,1.0991,3.8745,0.15487,3.5779,-0.089537
-0.60482,-2.492,2.4356,-1.1476,-4.0403,-0.14465,3.085,-0.085108
-0.60896,1.8525,-0.60663,1.2582,6.477,0.43425,-4.3965,-0.091679
-0.21574,1.2018,1.7768,-0.097131,4.7508,0.20765,5.6234,-0.076833
-0.49916,-2.4555,0.99751,-0.19075,-8.2548,-0.081997,1.7506,-0.021976
-0.601,-2.1374,-3.2791,1.0597,5.998,0.37881,-4.3252,0.032833
-0.59981,2.3163,-2.3951,-0.16761,4.3467,0.11399,5.9521,0.090977
-0.78966,-1.2342,0.70083,-0.8243,-7.2155,0.017974,2.5422,0.11064
-0.71088,1.0186,-1.134,1.094,7.2045,0.53983,-4.5845,0.032103
-0.57862,3.6215,0.5912,1.3308,6.0025,0.36028,4.8883,0.073307
-0.57398,1.6496,1.0332,-0.29728,-6.0864,0.0030345,0.83203,-0.00026613
-0.40081,-2.1504,2.4719,1.3143,6.4934,0.44598,-5.1373,-0.023825
-0.50896,5.334,1.4071,0.34762,4.4586,-0.11779,2.1691,-0.11054
-0.51556,0.9231,1.2273,0.38001,-5.4069,-0.00012293,1.6058,-0.11074
4.4948,-9.5274,-0.47336,0.12241,5.4825,0.28878,-2.6768,-0.11008
4.4783,2.8385,2.5947,-0.19595,2.5917,-0.2611,0.82353,-0.055172
4.4535,0.93435,-0.067244,0.64657,-6.2753,-0.1292,-0.78665,0.012803
-0.70322,-16.715,0.49522,-0.37238,4.7659,0.17398,-5.2665,0.11225
-0.65688,-1.0615,0.0062145,-0.48969,-0.18185,-0.47856,-0.80615,0.15309
-0.64413,2.139,-2.152,0.31892,-4.6777,6.9592e-05,-0.35901,0.051817
-0.4834,-12.885,-2.2481,-1.7426,-3.2151,0.0026558,-3.9846,0.059508
-0.60242,-0.88247,1.3454,-2.6458,-3.2015,-0.57182,0.21675,0.064789
-0.6413,4.3732,-0.34606,-0.33642,-0.83491,0.083792,-0.21431,0.014507
-0.63769,-0.90229,0.63605,-1.012,-5.5793,0.065579,-3.4463,-0.050719
-0.69731,-5.5142,-0.088193,-2.1054,-5.7645,-0.18952,2.484,-0.15063
-0.59678,5.7479,-1.0733,0.62772,2.6618,0.04822,-0.16365,-0.12527
-0.6173,4.6776,0.10703,-0.32691,-5.0382,0.047257,-0.88002,-0.094892
-0.61545,-8.7309,0.18165,-0.93278,-6.0853,-0.047863,3.4516,-0.042152
-0.32831,5.0081,-1.6851,1.3487,4.2777,0.059791,-1.1638,0.037531
-0.51781,4.6514,-0.038895,-1.2585,-1.9933,0.11761,0.57803,0.11938
-0.60381,-4.9626,-1.5732,-1.9089,-6.6414,-0.029521,3.5612,0.10366
-0.60638,3.9774,6.3253,-0.55637,5.8943,0.36355,-2.3556,0.11181
-0.94042,3.4296,-0.88233,-2.0869,-0.84036,0.076438,3.2142,0.12434
-0.74668,-1.3904,1.6515,-0.79562,-8.9138,0.0047094,4.2803,0.060676
-0.64049,2.743,0.79244,1.3692,6.1718,0.34511,-2.2275,-0.028084
-0.58419,3.6264,0.14223,-0.98534,-1.8809,0.0453,1.4753,-0.078342
-0.58456,-3.1787,1.1157,-0.15716,-7.3025,0.059958,2.6788,-0.083307
-0.41114,2.6509,-1.1233,0.12773,5.9256,0.28112,-0.83779,-0.09258
-0.63935,4.0179,-0.80156,-0.18694,2.3072,0.066561,3.966,-0.065054
-0.57697,-1.1012,-0.28848,-0.7195,-5.6898,0.077041,4.1134,-0.06094
-0.57596,1.646,0.99853,-0.64121,7.0009,0.5067,-2.2211,0.0082278
-0.7965,4.4934,-1.7795,0.32368,1.7701,0.050351,4.1909,0.12765
4.5375,0.40856,0.41297,-0.66479,-4.42,0.010395,3.3798,0.017744
4.521,-0.93803,2.0348,0.99213,5.9827,0.34905,-0.42106,0.14756
4.4763,6.1426,0.79056,1.4069,0.7288,0.043413,2.63,0.022344
4.4386,2.7615,2.162,0.77945,-6.2902,-0.11526,-0.9226,0.035973
-0.60148,-6.2701,0.91233,0.6867,6.6227,0.37512,-3.1837,-0.037479
-0.66094,3.9435,0.49521,1.0836,0.823,-0.12141,1.1048,-0.099978
-0.66079,1.1611,-0.025308,0.45794,-6.1116,-0.050577,-0.1725,-0.10657
-0.85764,-13.573,0.82951,0.30686,4.3019,0.089966,-6.3793,-0.091509
-0.65061,-0.89529,-0.54312,-0.35217,0.99045,-0.5524,-0.6262,-0.014431
-0.62293,-0.25114,-1.3592,0.1164,-4.8905,-0.0019648,-0.41102,0.17317
-0.62608,-16.485,-3.0754,-0.3986,-3.6265,0.038639,-4.0132,0.21082
-0.45852,-4.7655,-1.9059,-2.4743,-4.622,-0.6962,-1.8444,0.15377
-0.43121,3.7276,-1.819,0.38879,-0.92569,-0.024567,-0.4688,0.2437
-0.63957,-4.8753,-3.5725,-2.0469,-7.4921,0.12221,-3.1845,0.13184
-0.62722,-3.46,-0.59186,-1.2042,-8.2116,-0.4513,0.69022,0.04106
-0.65136,6.717,-1.5054,0.65133,1.5873,-0.006072,-0.37186,-0.019615
-0.6983,-1.9395,0.69553,-2.3701,-7.2406,0.1093,-3.1745,-0.074351
-0.59642,-2.0855,-0.07327,-0.84738,-9.3525,-0.22291,3.5379,-0.10064
-0.59755,3.4245,-0.504,0.49386,4.0073,0.09356,-0.50927,-0.093724
-0.60155,-1.3814,-0.70206,-1.586,-7.0088,0.08994,-0.84513,-0.038477
-0.4055,-3.6643,-1.0396,-1.3521,-9.4216,-0.11283,2.7582,-0.019785
-0.52779,0.9471,2.3929,-0.58981,5.2081,0.24109,-0.85156,0.096769
-0.59645,-1.4174,-0.527,-1.7058,-7.1156,0.14244,1.337,0.10383
-0.587,-3.131,0.0028033,-0.19793,-7.3756,-0.017707,4.6699,-0.017741
-0.66621,4.8772,-0.54151,0.70889,4.2,0.14061,-0.21724,0.031495
-0.62588,2.9889,1.4129,0.086923,-6.56,0.10541,0.81785,0.044029
-0.56867,-2.2474,0.56949,-0.80263,-4.4814,0.049234,4.1879,0.03113
-0.55594,4.6921,1.4822,0.51554,5.2071,0.24841,-0.93243,-0.042273
-0.29441,5.6607,2.059,1.4381,-5.2471,0.11578,-0.12097,-0.088029
4.5083,-6.0595,1.2719,-0.34451,-1.618,0.076316,3.9666,-0.08428
4.4812,2.7125,1.4656,0.15091,4.1566,0.11261,-0.81949,-0.11246
4.4613,3.6085,-0.15175,2.2164,-2.5395,0.1424,0.38373,-0.088661
4.4568,-3.0826,-0.61672,-0.32728,0.76197,-0.022809,4.6926,0.021273
-0.74111,2.0162,-0.4666,-0.055415,4.1117,0.06255,-2.4802,0.11468
-0.64776,7.3992,-2.0091,1.5379,-1.331,0.11503,0.18495,0.13513
-0.64476,-0.54196,-0.33822,0.30671,-2.5229,-0.051367,2.9563,0.11648
-0.61516,4.0656,-0.82901,0.98042,6.402,0.35697,-2.4336,0.030351
-0.53384,8.4398,-1.4758,0.8767,2.3122,0.1075,1.9458,0.065251
-0.5718,1.1022,0.35065,0.65913,-4.8049,-0.05025,1.9756,0.051014
-0.63333,-0.54596,1.3381,0.62482,7.2554,0.48122,-3.5095,-0.091728
-0.75411,6.3823,1.855,0.12825,4.812,0.15433,2.1524,-0.094867
-0.77193,1.2272,3.9978,0.56971,-5.8426,-0.15981,-0.1956,-0.13186
-0.58179,-7.8687,-0.27934,0.12918,5.0499,0.20033,-4.2529,-0.11042
-0.61195,2.3858,-0.63988,-1.0888,4.3306,-0.31244,-1.6589,-0.068583
-0.61577,0.74737,1.38,1.2245,-3.697,-0.2236,-1.025,0.0028735
-0.39788,-3.2018,0.086174,-0.030622,1.8604,0.033126,-4.9331,0.0048448
-0.56815,1.3091,-1.0299,-0.033551,5.0825,-0.74334,-3.388,0.065397
-0.60732,0.27051,-1.886,-0.39617,-1.463,-0.083775,-0.81316,0.25757
-0.59423,-3.1682,-0.9185,0.68256,1.8853,0.10404,-3.2004,0.055808
-0.81687,3.3719,1.3913,0.99614,5.2615,-0.84503,-1.9804,0.039867
-0.69817,1.7987,-0.48118,-0.20564,-2.2253,-0.0050901,-2.0222,-0.036505
-0.58633,-1.7456,-2.302,0.49659,3.9784,0.13876,-2.9901,-0.087785
-0.5799,1.9383,0.94329,0.72422,5.1262,-0.69776,-1.5647,-0.076614
-0.36895,3.0113,-0.9934,0.24637,-0.37991,-0.050795,-1.5474,-0.092458
-0.55387,-10.063,-0.82727,0.49685,3.1495,0.048817,-4.5654,-0.089781
-0.61002,0.21882,0.37072,0.26777,3.9626,-0.66753,-0.85145,-0.063983
-0.57005,-0.22053,0.030022,0.87014,-0.80241,0.079422,-1.3605,0.031227
-0.78104,-11.468,-0.16554,-0.73629,4.7553,0.18852,-1.9596,0.12245
4.5522,2.3469,-0.35767,0.48415,4.5938,-0.26819,0.23828,0.016989
4.5225,3.7143,-0.89779,0.56824,-0.47722,0.078472,-0.62361,0.17543
4.478,-9.5496,-2.5725,-1.0227,3.1597,0.085223,-3.761,0.11203
4.5225,-2.7067,-0.19948,-1.3619,1.6779,-0.3474,1.0642,0.011611
-0.38964,5.3551,-0.30869,0.45881,1.9418,0.092841,2.0973,-0.01684
-0.71878,-5.304,-0.90492,-1.7225,-1.8823,0.054349,-2.299,-0.098153
-0.64805,-3.5538,1.4406,-2.0745,0.13791,-0.20618,2.5603,-0.10334
-0.64271,5.2735,0.44001,-0.22315,2.7083,0.028236,1.8549,-0.06812
-0.7413,-1.0752,0.61788,-1.0701,-4.9779,0.069571,-1.8658,-0.019785
-0.59427,-6.7217,-0.048409,-1.9844,-2.4646,-0.037466,4.1575,-0.025845
-0.62218,3.7645,-0.29386,0.69947,5.2087,0.29272,0.67109,0.1709
-0.62605,8.0057,0.99651,0.37843,0.53317,0.093733,0.39324,0.068123
-0.49016,-4.7475,-0.81544,-0.50256,-2.0497,0.04143,4.074,0.29785
-0.54621,6.2461,0.85755,1.5306,5.8848,0.3211,-1.9397,0.11466
-0.62311,8.6569,1.1105,-0.013113,3.5407,0.12676,3.5383,0.13715
-0.62093,-3.6488,0.69297,-2.1974,-2.0403,0.062743,4.9078,-2.2752e-05
-0.81775,6.8858,0.10834,2.9197,7.7856,0.63013,-2.2151,-0.0069347
-0.69396,4.6114,2.5884,-0.37158,4.3603,0.15238,3.8492,-0.10085
-0.59477,-3.02,0.9824,-1.0545,-3.2879,0.02968,4.5098,-0.11582
-0.5923,1.0633,-0.17648,1.4885,8.3431,0.66755,-2.0889,-0.093748
-0.19148,2.3096,-1.9757,-0.26029,5.2638,0.26228,6.7137,-0.048674
-0.48148,-3.2733,1.642,-0.93541,-4.9347,0.059444,3.5125,-0.018276
-0.60448,-0.62601,-0.81557,-0.39027,8.4082,0.70135,-2.7828,0.096891
-0.58629,3.7282,-2.1063,0.064514,5.5739,0.2937,7.3049,-0.04293
-0.79769,-0.18767,0.14602,-0.84217,-3.9287,-0.025459,3.4941,0.069146
-0.64078,1.3351,0.91468,-0.96603,8.0196,0.65227,-2.1205,0.036581
-0.59584,6.7549,0.93377,0.22475,5.6793,0.31964,6.572,0.090879
-0.55664,0.95914,0.88473,-1.051,-2.789,0.058854,3.8279,-0.010391
-0.55008,0.92444,1.2279,-0.3907,8.1087,0.68246,-1.1704,-0.056292
4.4952,5.764,0.84541,0.10849,2.9088,0.091666,5.0983,-0.060648
4.4626,0.84714,2.3944,-0.020069,-2.8361,0.022242,2.9535,-0.12578
4.441,-8.8533,1.2835,0.2313,8.0249,0.69374,-2.2651,-0.10465
-0.68263,2.7734,-0.13761,0.58208,4.1202,0.061106,2.7631,-0.034169
-0.72213,0.72462,-0.90613,0.27919,-3.7223,-0.034187,0.7439,0.019594
-0.65316,-15.547,-0.88216,0.86777,6.2232,0.36496,-5.2677,0.18755
-0.64344,-0.13901,-1.7056,-0.56092,4.1353,-0.16729,0.52367,0.12963
-0.64465,2.2188,-0.68752,0.099801,-3.318,-0.062264,0.59558,0.02322
-0.40733,-15.292,0.35187,-0.88126,1.4727,0.065201,-3.3759,0.12787
-0.5634,-2.0888,0.92204,-1.9552,0.9024,-0.46008,0.033677,0.060919
-0.63951,4.4457,-0.62412,0.24717,1.0953,0.0079952,0.56158,-0.038647
-0.6363,-1.9528,-2.2409,-1.5828,-4.2976,0.026041,-2.6686,-0.081993
-0.86321,-5.8421,-0.082007,-1.8168,-5.3234,-0.25005,2.7145,-0.13846
-0.73236,5.4469,-0.3111,0.90015,2.8991,0.047938,0.7406,-0.12663
-0.60776,-1.3254,0.82452,-1.6563,-3.4796,0.056518,-2.3955,-0.079681
-0.61238,-6.1925,0.026656,-0.80713,-5.5874,-0.1715,4.4516,0.028574
-0.46623,4.5044,-0.54644,1.7618,4.35,0.12458,-0.48479,-0.03339
-0.50532,-2.2041,-2.5348,-2.5327,-4.435,0.055183,-0.54932,0.11634
-0.56227,-2.8036,-1.5006,-2.1366,-6.2507,-0.097682,4.4578,0.20846
-0.60385,3.7506,1.4198,-0.17793,5.5666,0.30011,-0.18633,0.11877
-0.76712,0.46802,0.1921,-2.2392,-5.153,0.025502,1.9265,0.092705
-0.76934,-0.86731,-0.056111,-0.40253,-6.7662,-0.079045,6.3184,0.028477
-0.63811,4.3831,0.59302,-0.38192,6.2439,0.45088,0.54095,-0.036091
-0.57948,3.6013,1.1731,-0.7085,-4.0156,0.061851,1.9295,-0.065224
-0.56949,-2.6605,1.3077,-0.64531,-4.9294,-0.024439,4.5442,-0.063326
-0.38874,3.7806,0.35927,1.1273,5.5965,0.31589,0.30861,-0.087517
-0.53182,4.6945,0.40353,0.98739,-2.6707,0.036829,1.6092,-0.065297
-0.56693,-8.2842,-0.064797,-1.0583,-2.2298,0.066741,4.5839,0.10414
-0.51183,3.4543,0.57031,0.583,5.6965,0.36546,-0.0855,-0.010342
4.5247,4.8828,0.96052,1.3882,-1.9143,0.060362,0.52627,0.098886
4.5023,-2.4557,0.80769,-0.88983,0.90495,0.0061598,5.1521,0.26115
4.4567,2.9073,-0.63801,-0.052081,5.8939,0.41419,-1.7777,0.13839
-0.66278,7.3782,0.59568,1.1424,2.2257,-0.0076378,1.3003,0.042544
-0.34174,2.5088,0.65139,0.39649,-3.2619,-0.07644,3.3881,-2.2752e-05
-0.66696,-0.42046,-0.00078128,0.78528,6.9044,0.53311,-2.3041,-0.081409
-0.649,5.3653,-1.9368,1.4804,4.0284,0.083221,3.1233,-0.077661
-0.64777,0.1789,0.37884,0.27025,-5.7601,-0.12585,1.0824,-0.12792
-0.87583,-11.616,5.6253,1.2666,6.6496,0.41039,-4.108,0.0071082
-0.81357,-0.78491,-0.97224,0.20072,4.7209,-0.2792,-0.61968,0.084551
-0.61554,-0.18565,1.0947,-0.86711,-5.3678,-0.13913,-0.79609,0.19707
-0.62922,-17.292,-3.7899,-1.0936,-0.5874,-0.012836,-3.6411,0.20135
-0.39161,-3.2965,-2.4226,-1.2079,-1.4898,-0.82584,-0.79718,0.11493
-0.54666,4.0476,-1.6982,-0.29823,0.19632,-0.042581,1.3971,0.12432
-0.66086,-13.938,-3.8608,-1.845,-2.5622,0.0017831,-2.8092,0.082945
-0.61982,1.578,0.1205,-0.69855,-3.857,-0.61601,-0.16791,0.019277
-0.74455,4.0374,-0.94739,0.12576,1.607,-0.0025487,0.52884,-0.036724
-0.78786,-6.7816,0.10724,-1.2602,-6.2905,-0.0042173,-2.6908,-0.11667
-0.66546,-0.49469,0.22323,-0.074247,-6.1794,-0.97029,-0.26506,-0.12699
-0.59817,2.1902,0.69285,0.55943,1.2951,-0.083114,-0.63652,-0.07401
-0.58546,-4.211,1.9034,-0.28818,-7.3586,0.079717,-3.3711,-0.034485
-0.27976,-1.9942,-0.197,-1.179,-7.5355,-0.83361,0.2978,0.0036766
-0.54714,1.3673,0.66907,1.3937,2.5561,-0.052002,-0.9653,0.087861
-0.59352,-3.6896,-1.7173,-0.8313,-7.2496,0.0702,-2.5965,0.012268
-0.58861,-2.4568,-1.2073,-1.0701,-5.3048,-0.57555,1.7192,0.090587
-0.80103,5.5011,-0.18615,0.0075426,3.2746,0.0017446,-0.3156,0.027552
-0.59236,-0.60679,0.40074,-0.8857,-5.6215,0.048785,-1.0536,0.080025
-0.56276,-1.7867,0.71412,-0.31114,-2.4198,-0.27528,2.4325,-0.022
-0.55388,4.7504,-0.62861,1.0021,3.1503,0.034609,1.3675,-0.048723
4.4872,2.9303,0.23428,0.52631,-5.5791,0.014188,-1.3319,-0.096011
4.4567,-8.3181,-0.74869,-1.1108,-1.6648,-0.19085,3.0714,-0.16202
4.4345,4.2783,0.43368,1.7483,2.0724,0.08204,0.95681,-0.091679
-0.67196,2.5239,2.1891,1.4582,-4.7767,0.083876,-0.90487,-0.041105
-0.8625,-4.4744,1.4375,-0.19462,-1.02,-0.06587,4.6316,0.054105
-0.77548,3.743,0.29204,0.97061,3.0106,0.040057,0.20436,0.10113
-0.62206,8.0266,2.8836,3.1313,-3.9494,0.026535,-0.87129,0.03607
-0.63636,-2.3749,0.42717,-0.16198,-2.3886,-0.022745,3.3487,0.1205
-0.64139,5.4326,-0.36689,1.9109,5.3875,0.27869,-2.0089,0.14746
-0.42747,9.0462,0.33133,1.5033,3.3346,0.022967,2.9514,0.045367
-0.62911,0.48782,-0.10994,-0.60587,-3.8261,-0.060056,3.1531,-0.0093928
-0.62872,3.4797,4.231,0.93746,6.3831,0.41284,-2.8091,-0.11105
-0.63167,6.5323,1.6999,0.47203,3.4312,0.047155,2.6248,-0.078902
-0.70133,-0.25545,2.3479,-0.12055,-5.4204,-0.098721,1.1913,-0.1148
-0.69245,-0.29201,-0.5183,1.239,6.3469,0.43093,-3.9749,-0.08063
-0.60518,3.0924,-1.3457,0.31384,4.6868,0.23137,1.4645,0.019886
-0.59995,-1.3111,1.059,0.45812,-3.9502,-0.13198,0.88749,-0.0091981
-0.40589,-0.038637,-1.8871,0.8503,5.7492,0.38137,-5.3101,0.14289
-0.55303,2.7567,0.18376,1.1072,6.534,0.34661,2.0438,0.16163
-0.60177,-0.29723,-0.14499,-0.78733,-3.1674,-0.13757,0.25285,0.13298
-0.59396,0.069785,-1.9208,-0.22326,6.0485,0.42899,-6.207,0.063816
-0.79372,3.9454,0.77198,1.0303,6.6874,0.12099,-0.28206,0.019594
-0.6029,0.33358,0.9603,-0.27414,-4.6845,0.0034131,-0.20494,-0.034315
-0.58602,-0.91709,-3.4541,1.4006,6.708,0.51882,-4.621,-0.056657
-0.56643,3.3718,0.11281,1.3443,6.7526,0.23704,0.81991,-0.092993
-0.32421,0.87836,0.3911,0.072677,-5.4185,0.014843,-0.019413,-0.076979
-0.50971,-6.9479,-2.016,1.1609,7.0811,0.57568,-3.7572,-0.049696
-0.48879,2.3495,0.30613,0.62938,4.2861,-0.11228,0.75051,0.0017296
-0.49682,0.40357,-0.2358,1.037,-3.7731,-0.032916,-0.0027352,0.041571
4.5346,-11.636,-0.14535,1.1474,5.9668,0.35921,-4.6854,0.081996
4.5043,3.1459,1.243,-0.064561,3.4287,-0.20824,0.34853,0.16754
4.4656,2.9334,-0.66526,0.53931,-3.3731,-0.045822,-0.46779,0.14868
-0.65028,-14.855,-1.1556,-0.60529,4.9377,0.18669,-7.6178,0.079246
-0.6516,1.3181,0.46632,-0.95888,2.4311,-0.30945,0.85204,-0.024069
-0.50745,2.8521,-0.65932,0.58862,-2.8658,-0.049018,0.27033,-0.05011
-0.63005,-15.594,-2.0825,-1.6628,0.77542,0.035571,-4.9525,-0.072866
-0.63458,-2.7619,1.6405,-2.4085,-0.91219,-0.48977,-0.0037049,-0.089343
-0.6295,2.0152,-0.6446,-0.074998,0.81471,0.049086,0.38656,-0.042638
-0.84736,-3.9561,-1.6677,-2.0168,-7.1946,0.041244,-2.845,0.0080574
-0.66462,-8.35,0.27467,-2.3456,-6.6087,-0.25642,2.3091,0.053034
-0.61483,4.02,-1.7942,0.55912,2.2321,-0.03187,-0.50634,0.23803
-0.61557,3.2804,0.51368,-0.82665,-3.3528,0.025605,-1.193,0.098521
-0.32549,-7.8579,0.020759,-0.84644,-5.956,-0.093857,3.2108,0.11704
-0.53251,7.0412,-0.62328,2.1515,5.3605,0.2788,-0.94597,0.10538
-0.60826,4.6739,-0.12556,-1.4338,-3.6169,0.056839,-0.019477,0.046098
-0.60059,-3.3493,0.4455,-1.7722,-7.4074,-0.09231,4.3931,0.0050639
-0.81028,5.4339,4.9544,0.83557,5.7765,0.37384,-1.5244,-0.10348
-0.62134,2.1494,-0.40676,-1.9046,-2.6188,0.056755,1.7965,-0.12076
-0.5842,-3.5543,-0.25026,-0.41523,-7.484,-0.081529,3.7832,-0.11869
-0.57914,-0.19694,1.3041,-1.0174,5.6293,0.31342,-0.95063,-0.060381
-0.43003,0.29899,0.5855,-1.3675,-3.5008,0.10251,2.0572,-0.036968
-0.47217,-4.4758,-0.0075843,-0.6879,-8.085,-0.0082154,3.6288,-0.056438
-0.65596,2.1022,-0.15392,0.68741,5.3471,0.26713,-1.1166,-0.022998
-0.5732,4.5303,-1.612,0.94023,-2.7146,0.084325,2.2573,0.03169
-0.73776,-4.1334,0.58431,-0.25675,-5.4578,-0.00095079,3.3305,0.055078
-0.65996,3.5113,-0.50024,0.21351,5.786,0.40154,-0.43421,0.083505
-0.50152,5.3709,-0.62637,0.68281,-1.6175,0.0055501,1.6064,0.053813
4.5254,-0.19314,0.46752,-0.72836,-2.0381,0.013046,4.0783,-0.029058
4.4879,2.3049,0.25231,0.84791,5.4393,0.33032,-2.0582,-0.067171
4.4552,6.3806,0.26557,1.6365,0.20939,0.082143,1.0714,-0.11719
4.3967,0.83064,0.76791,-0.032819,-3.9284,-0.054575,2.8745,-0.096571
-0.65286,-2.8983,0.042787,0.23972,5.9027,0.34559,-2.0204,-0.07603
-0.65298,3.5977,-2.1736,1.9588,2.8747,-0.021358,3.0218,-0.030932
-0.79559,-1.2016,-0.6665,0.39954,-7.2123,-0.168,-0.58743,0.040086
-0.73603,-9.839,2.3777,1.003,6.5343,0.4121,-5.2021,0.0011698
-0.61854,0.86679,-0.6046,0.62591,3.4089,-0.40784,-0.81949,0.18857
-0.61955,1.8455,0.12484,0.46497,-5.936,-0.10215,-0.388,0.066055
-0.47641,-13.758,-2.1141,-0.47735,-2.2494,0.067434,-4.3765,0.084162
-0.53703,-3.2664,-0.51115,-1.8103,-1.7123,-0.86836,-1.8047,0.023171
-0.61265,5.4114,-0.15796,-0.085968,-2.3181,-0.04837,-0.16363,-0.10117
-0.61462,-12.869,-3.4529,-1.2678,-0.57305,0.0049084,-2.7571,-0.10701
-0.67532,-1.7538,-0.84112,-0.36502,-2.4729,-0.67698,0.23177,-0.13038
-0.64368,3.0866,-1.0753,0.098343,0.55676,-0.024927,-0.90009,-0.10672
-0.58457,-10.494,-0.76347,-2.2791,-7.9208,0.032998,-2.7158,-0.081676
-0.58862,-3.5234,-0.28063,-0.38672,-9.1379,-0.54405,-0.45071,0.068878
-0.29056,1.9566,-0.4598,1.3132,0.71353,-0.025068,-0.37901,0.07063
-0.41171,-4.0682,-0.49207,-1.1613,-7.8419,0.075193,-2.3631,0.15576
-0.55242,-1.8044,0.093312,-0.73704,-10.112,-0.22922,2.8402,0.1286
-0.58865,2.8184,1.8674,-0.051895,1.6128,0.046089,-0.9251,0.18755
-0.7224,1.61,1.4717,-1.2115,-8.4264,0.051288,-0.63438,0.013047
-0.67403,-2.9437,-0.36637,-0.97464,-8.5987,-0.22519,2.7775,-0.012508
-0.52156,5.7359,1.2223,0.39983,3.7324,0.019251,-1.4429,-0.059529
-0.55464,1.9715,0.14918,-0.31943,-8.3297,0.050383,-0.076567,-0.070919
-0.55174,-3.1562,0.70884,-0.87599,-6.0726,0.0056271,4.2444,-0.078439
-0.29572,2.368,0.4628,0.16627,3.1783,0.05406,-1.2015,-0.052544
-0.39801,2.8516,-1.0514,0.82628,-7.8941,0.061023,-0.8857,-0.020637
4.5421,-5.7436,-0.014657,-0.56697,-3.9793,-0.046342,3.8123,-0.048358
4.5243,2.5636,0.54532,0.99082,1.4122,0.042399,-2.872,0.20393
4.4867,5.6768,-1.0236,2.2819,-7.011,0.048541,-1.6177,0.15382
-0.71609,-1.9785,-0.46048,-0.21451,-2.9933,-0.10164,2.8447,0.17708
-0.63405,5.3079,0.69027,-0.60688,2.5933,0.022646,-2.4324,0.091828
-0.63744,8.6107,-0.064174,1.5204,-1.6817,0.051256,-0.30709,0.02451
-0.23834,2.0338,1.6628,0.16926,-7.7769,-0.15362,1.7403,-0.048455
-0.59587,1.5361,0.046821,1.4056,5.9923,0.26418,-4.2658,-0.07126
-0.63878,5.552,-1.6425,0.93432,3.5729,0.0032077,0.85927,-0.12123
-0.62223,-0.74158,-1.193,-0.15038,-7.8547,-0.13602,0.53786,-0.053834
-0.73992,-10.18,0.47069,-0.029864,4.4522,0.084858,-3.986,0.070557
-0.73392,-0.12928,1.1759,0.27231,0.51598,-0.4996,-1.8001,0.15842
-0.65804,-0.35792,1.6402,0.64706,-7.8622,-0.22463,-1.3273,0.1958
-0.60164,-13.42,-0.8162,0.84626,2.6584,0.053983,-5.5193,0.10414
-0.58203,3.7624,-1.1311,-1.8168,-1.4729,-0.53172,-1.2102,0.065519
-0.40245,1.5212,-0.28206,0.72181,-4.8787,-0.18072,-1.6179,0.13513
-0.58329,-6.0395,-2.3268,0.1594,-3.8781,0.027819,-3.3435,0.010418
-0.58749,3.3204,2.2298,0.37726,-1.728,-1.5479,-2.5498,-0.0088574
-0.58443,2.2051,-2.3007,0.094965,-3.2899,-0.092002,-1.8971,-0.074424
-0.64136,-3.8664,-0.0082588,0.27584,-5.6542,0.035898,-4.1425,-0.1342
-0.57551,0.72674,0.36306,-0.32389,-1.9645,-1.4763,-1.3139,-0.11013
-0.56739,0.5228,-1.8693,0.3737,-1.5763,-0.028488,-2.7575,-0.091728
-0.56028,-5.6909,0.48814,0.99181,-2.0996,0.043657,-4.5856,-0.0062532
-0.29666,0.19902,0.041765,0.15556,-0.5264,-1.5319,-1.6835,-0.069459
-0.51222,1.6961,-1.901,0.70037,-1.1425,0.028499,-2.2878,0.12768
-0.5602,-8.8263,-0.27426,-0.74742,-4.3275,0.10406,-3.9196,0.060554
-0.55839,1.1925,-0.63109,0.040293,-2.7143,-0.63139,0.27177,0.098765
-0.77948,3.7586,0.1002,0.27409,-0.53664,-0.0096016,-1.3394,0.10624
4.5399,-5.4489,-0.5839,-0.143,-2.4134,0.099579,-3.4543,0.0022407
4.497,-1.979,-1.8735,-0.4936,-2.0716,-0.65869,0.41135,-0.034144
4.458,4.7652,-0.43295,0.53431,0.41758,0.084877,0.032848,-0.10149
4.4323,-2.2577,-1.1673,-0.66816,-3.241,0.040628,-5.3514,-0.10339
-0.58699,-3.6508,0.42863,-1.6899,-1.3547,-0.49401,1.2218,-0.11745
-0.75503,3.4842,1.3616,0.53913,0.81382,0.10787,0.71779,-0.047579
-0.65905,-0.1441,0.72439,-0.087157,-7.3418,0.082541,-3.2599,0.011246
-0.90238,-3.6088,-0.12375,-1.3354,-4.388,-0.20894,3.1286,0.031227
-0.81599,4.5529,0.41438,0.64151,1.4216,0.048284,0.11973,0.083091
-0.70151,7.6051,-0.29965,1.8189,-4.915,0.062775,-0.27317,0.27285
-0.63174,-1.288,0.27474,0.15202,-3.9917,-0.0062324,4.072,0.15997
-0.62488,6.0762,0.0048654,2.1766,3.9408,0.035128,-2.8949,0.023901
-0.44209,9.5965,2.1871,1.4019,-0.90721,0.11724,-0.55395,-0.015526
-0.67899,-1.4716,-1.1851,-1.0085,-4.5418,-0.1091,1.7467,-0.062352
-0.62107,6.2529,3.3383,1.1241,6.2913,0.34944,-2.4872,-0.10679
-0.6243,6.575,1.5995,1.123,1.7026,0.096775,1.8438,-0.081117
-0.77988,-4.6115,-0.26095,-1.4715,-3.8867,-0.029233,2.3717,-0.08024
-0.63616,3.2433,-0.80586,0.90898,6.7339,0.3868,-4.3878,-0.07861
-0.59398,1.2959,1.6598,0.36474,5.5041,0.30179,4.6071,0.072918
-0.58694,-3.1502,0.403,-0.23798,-2.8235,-0.011597,3.5183,0.052328
-0.4014,0.8322,-4.2778,1.6493,6.313,0.34658,-5.1688,0.16438
-0.45229,3.3715,-2.9738,0.56141,4.77,0.15698,5.1666,0.13415
-0.59659,-1.6422,-0.27593,-0.84626,-5.3749,0.05293,2.1215,0.10865
-0.59263,1.6245,0.35275,0.63841,8.1334,0.58932,-3.9284,0.02614
-0.71236,5.261,1.2816,0.22926,4.5511,0.15724,6.4139,-0.0037221
-0.55699,-0.28522,1.6743,-0.57263,-4.2107,0.050248,3.3394,-0.088029
-0.56487,0.44319,0.2531,-0.41112,8.0983,0.60427,-3.514,-0.071649
-0.55991,4.7791,0.32508,1.0206,6.5909,0.36122,4.918,-0.085303
-0.27829,-0.90194,-0.30737,-0.47295,-1.9934,0.065875,2.1236,-0.055732
-0.41551,-2.3993,-1.323,1.7042,8.0355,0.64068,-3.2758,-0.095038
4.5296,3.6092,-0.46261,0.51636,3.491,0.058758,3.4992,0.013387
4.5151,-1.4247,-0.12461,-0.085878,-2.5634,0.010325,1.8815,0.19497
4.472,-7.093,1.02,1.4412,6.6623,0.40279,-1.7849,0.087448
-0.9298,3.5445,-0.341,0.95449,2.625,0.018507,4.3258,0.16414
-0.68788,2.0175,0.70015,0.31458,-4.2299,-0.081625,-0.73243,0.1243
-0.65096,-10.146,3.2512,1.3882,7.316,0.50329,-4.4965,0.031763
-0.64424,1.9207,-0.4884,0.059812,4.3404,-0.28625,-0.55637,-0.044026
-0.56308,2.923,-0.99424,0.28752,-3.8022,-0.060698,-0.010351,-0.062814
-0.5724,-17.81,-1.7651,0.070333,0.69035,0.013379,-4.5263,-0.12183
-0.63416,-4.9363,-0.44093,-2.1397,0.87996,-0.69006,-0.79306,-0.082358
-0.63074,1.6677,-0.12128,0.80593,-0.23101,-0.023682,-0.81986,-0.053104
-0.90637,-9.3308,-2.8124,-1.1101,-2.5615,0.061665,-3.5377,0.086669
-0.69291,-9.8022,-0.55665,-1.7892,-3.2988,-0.41558,0.72594,0.1353
-0.6099,4.2165,-0.73686,0.42235,2.6908,0.072029,-0.074968,0.086571
-0.60371,-8.6884,-1.3745,-3.3959,-4.8811,0.12048,-2.8101,0.082945
-0.34269,-2.1102,-0.33187,-1.0295,-7.2469,-0.25499,2.8204,0.1561
-0.50358,5.0029,1.1918,0.92277,4.08,0.07106,-0.67683,0.065957
-0.6022,-2.31,-0.96624,-2.2851,-4.4811,0.14037,-0.42624,0.026627
-0.59709,-1.0469,1.1772,-1.3122,-7.3528,-0.14738,5.1774,-0.04147
-0.78498,3.5914,3.6174,0.613,5.256,0.19929,0.095712,-0.099613
-0.60889,-1.0655,1.8942,-1.6454,-5.3783,0.047232,1.1093,-0.11582
-0.47721,-4.5677,-0.51313,0.20009,-7.5137,-0.10834,3.8094,-0.084013
-0.57348,1.9349,-0.29498,0.20652,6.2043,0.35816,-0.21856,-0.042225
-0.5186,-0.41242,-0.55216,-1.0281,-6.5056,0.087797,1.3161,-0.055683
-0.48685,-5.4771,-0.29892,-0.72038,-5.3551,-0.0040312,4.631,0.065738
-0.53104,3.7156,-0.79953,0.96352,5.5011,0.29959,-0.42222,-0.0023349
-0.56923,4.6555,-0.9927,0.3871,-3.2026,0.076419,1.7221,0.13817
-0.57026,-5.8704,-0.40968,-0.47175,-1.862,0.013482,5.0451,0.043323
-0.74035,5.2516,3.0841,1.0476,5.8081,0.30297,-0.43341,0.045927
4.5028,5.978,1.4501,1.5328,-2.7014,0.082746,0.035494,0.019959
4.4592,-2.0348,1.8525,-0.69228,0.56686,0.038042,5.1567,-0.064591
4.4268,4.8646,-0.020766,1.1243,4.3286,0.16209,-1.1224,-0.079024
-0.50148,6.8264,0.23114,1.3945,-0.40211,0.047168,0.48544,-0.11809
-0.61996,-1.6833,0.081196,0.083686,-1.7683,-0.078461,3.0857,-0.091265
-0.64712,1.8197,-0.78314,-0.065222,7.1661,0.4918,-1.1716,-0.058701
-0.64527,6.0202,-1.0966,1.4884,5.014,0.25269,4.1903,-0.046849
-0.79963,-0.27874,-0.84044,0.038283,-4.7803,-0.070407,2.9535,0.054007
-0.74733,-7.1736,3.6095,0.47407,7.6402,0.51693,-3.3984,0.3491
-0.62195,5.083,0.87041,-0.032588,5.5091,0.16748,1.7571,0.21627
-0.61821,1.561,2.2038,0.32276,-6.2099,-0.096584,0.68989,0.1002
-0.42736,-12.235,0.2166,-0.34502,5.8718,0.34934,-3.8351,0.039502
-0.55472,3.931,-0.46503,-1.5186,2.4007,-0.33903,-0.76714,-0.021099
-0.61997,2.8408,2.0942,0.44716,-2.1547,-0.039263,0.87176,-0.078683
-0.60994,-13.735,0.23888,0.54227,0.85001,0.046513,-3.0001,-0.12159
-0.81221,3.3019,1.3419,-0.80001,-0.88805,-0.88241,-1.238,-0.10665
-0.61779,0.28465,-1.7483,0.20486,0.40844,-0.080765,-0.23654,-0.09129
-0.53534,-8.9259,-1.0419,-0.69313,-3.9654,0.040943,-2.6863,0.02782
-0.58562,-1.1026,1.1776,-0.31449,-2.378,-0.93844,-0.7542,0.12038
-0.58866,0.81078,-1.6246,0.29684,1.972,-0.051437,-1.3908,0.039526
-0.37081,-3.4307,-0.043713,0.43276,-4.7752,0.031528,-3.6633,0.077104
-0.61649,-0.85007,-0.24539,-0.17739,-2.3427,-0.90885,-0.070203,0.11042
-0.58389,4.5635,1.2228,0.13402,4.0696,0.024533,-0.90883,0.012098
-0.58251,-4.9359,1.1472,-0.73063,-5.7781,0.069199,-1.0179,-0.031443
-0.63988,-0.82421,0.87255,-0.38478,-4.5492,-0.34114,1.9536,-0.038355
-0.57548,5.2701,1.7454,0.15966,4.121,0.12357,1.0366,-0.10134
-0.55595,0.73221,1.8532,-0.34586,-5.0705,0.051859,-0.79431,-0.11879
-0.56058,-5.8978,-0.20106,-0.25964,-2.6701,-0.13288,3.218,-0.081384
4.5241,3.7355,-0.93794,-0.051407,3.6161,0.010569,1.0962,-0.093529
4.508,1.9802,-0.68437,1.2235,-3.0583,0.082368,0.52427,0.042642
4.4847,-7.7965,-0.38302,-0.89804,-1.039,-0.11825,4.2342,0.088348
-0.64971,4.6281,-0.45211,0.7378,1.9158,0.030129,0.6446,0.11356
-0.78938,6.5353,1.9245,2.6266,-4.1369,0.062653,-0.35352,0.15499
-0.7002,-1.8192,1.0761,0.047159,-1.4221,-0.070086,4.203,0.13746
-0.6455,5.593,-0.65209,1.1572,4.0595,0.051435,-1.2912,0.043518
-0.6398,10.087,0.11596,2.0176,0.48012,0.00066642,0.69159,-0.024701
-0.40665,0.22711,0.30163,0.11793,-4.5498,-0.040457,2.7267,-0.098056
-0.46313,4.5878,-0.42203,1.2059,6.2917,0.31534,-3.0732,-0.11358
-0.63168,6.4608,0.32809,0.2337,3.6153,0.026677,2.5892,-0.11492
-0.62903,-0.48883,-0.84187,0.090045,-5.9751,-0.069977,1.8778,-0.072039
-0.63331,-0.49422,0.05054,0.88403,6.2817,0.2871,-3.4343,0.060067
-0.68467,2.999,-0.33699,-0.24333,2.5808,-0.085822,0.56718,0.072139
-0.61194,-1.4823,1.7442,0.98777,-4.7503,-0.17735,-0.032687,0.16533
-0.60086,-1.1503,-1.8862,1.0258,5.3773,0.28798,-4.8177,0.15148
-0.595,3.92,-2.1683,0.27005,5.8387,-0.18403,-3.6405,-0.028693
-0.4398,0.55915,0.053547,-0.33497,-2.2143,-0.12112,-0.44997,0.095625
-0.53537,-1.5584,1.2425,0.74849,4.468,0.21767,-4.0889,0.012341
-0.58937,4.0956,2.3681,0.83425,6.1837,-0.63024,-3.7843,-0.069337
-0.58802,0.7385,-1.3873,-0.27201,-2.4778,-0.067468,-0.93339,-0.078074
-0.72997,-1.6384,-3.0289,0.33762,3.7775,0.11323,-3.0972,-0.14744
-0.60081,0.51025,0.48746,0.84807,5.7428,-0.91006,-3.6495,-0.084207
-0.56705,1.6876,-0.26795,0.76711,-2.4494,-0.068129,-1.2116,-0.099005
-0.57033,-5.9995,-1.9679,0.88441,4.7229,0.23557,-6.0625,0.010467
-0.2179,0.98345,0.15254,1.4359,3.5156,-1.0673,-1.7793,-0.019031
-0.48624,1.3075,-1.7582,-0.22079,-1.2778,-0.026865,-1.7165,0.12072
-0.56501,-11.309,-2.2852,-0.4392,4.4763,0.20698,-4.037,0.1682
-0.55838,4.2748,0.16786,0.00022045,4.1604,-0.52351,-0.17463,0.078199
4.5283,3.7876,-1.0655,0.94464,-1.3698,0.013527,-0.39784,0.018498
4.4858,-8.717,-2.2927,-0.69853,2.1749,0.016858,-3.4405,-7.1428e-05
4.4466,-1.6965,-0.18193,-0.48328,2.0431,-0.51732,0.93342,-0.070189
-0.68475,4.4423,0.23431,0.22308,1.1051,0.024013,1.7087,-0.097082
-0.5247,-8.1701,-1.832,-2.4609,-0.06761,0.028955,-2.2773,-0.1137
-0.62619,-3.8412,0.50026,-2.0052,-0.77592,-0.3934,2.3872,-0.083794
-0.64878,2.1864,-0.38359,-0.50891,1.3674,0.092167,2.0141,-0.034875
-0.64015,-4.0321,0.23091,-1.6837,-4.9374,0.090845,-2.2386,-0.0081516
-0.90628,-5.1321,0.54382,-2.2926,-3.1549,-0.2468,2.8577,0.038528
-0.73986,4.5294,-0.32595,0.17203,4.0788,0.14574,0.98622,0.15827
-0.66101,5.3105,-1.1292,-0.21876,-4.3739,0.043157,-0.12377,0.21834
-0.61664,-6.461,1.2797,-1.1562,-4.7523,-0.065113,4.3828,0.096818
-0.6056,8.8859,-0.11125,1.7702,4.352,0.10396,-0.29128,-0.016913
-0.51015,9.359,1.7028,-0.4254,0.50606,0.050229,1.8239,-0.034607
-0.61492,-3.7878,0.45827,-1.6319,-2.0023,-0.007625,5.1889,-0.10416
-0.60232,6.0958,5.8912,2.1888,6.5846,0.41853,-2.1743,-0.1158
-0.60396,6.764,0.52569,-1.1301,2.1927,0.083824,3.377,-0.084597
-0.70925,-5.2438,0.4578,-1.2375,-4.0207,-0.067558,4.1835,-0.062182
-0.61015,1.4237,-0.18456,1.8516,6.7161,0.46578,-2.0225,0.0071326
-0.57544,2.3073,1.0691,-1.4933,1.5334,0.067473,2.9823,0.11127
-0.57956,-5.1165,0.18218,-0.32213,-5.512,0.024687,3.4503,0.10607
-0.33745,1.8383,0.53834,1.4614,7.1671,0.51762,-2.0564,0.17285
-0.5083,3.2545,-0.40875,0.30216,2.2967,0.090434,3.1671,0.096988
-0.58249,-1.3933,0.76909,-0.61062,-4.8276,-0.010282,4.2676,0.030254
-0.57841,3.2216,0.38242,-0.078216,6.8965,0.48895,-1.4366,0.0088119
-0.8343,5.4849,-0.13506,0.39789,2.4964,0.0016675,4.9923,-0.025164
-0.73068,-0.9587,0.72682,-0.75037,-2.6899,0.021446,4.7979,-0.085741
-0.56793,0.77077,0.10301,0.13071,7.2732,0.56578,-0.69058,-0.10869
-0.5528,4.1676,-1.2041,0.27939,-0.36515,0.070598,4.2953,-0.084621
4.5209,-2.6135,0.70588,-0.10731,-1.7031,0.022531,4.1049,-0.074497
4.5128,-1.3376,-0.0444,0.049452,6.4568,0.42556,-1.2093,0.040013
4.4856,3.0623,-0.65711,0.92,2.1681,0.060041,3.583,0.070581
-0.65941,0.47512,1.2654,0.53631,-3.4625,-0.031607,2.5345,0.1408
-0.64738,-4.9376,2.6949,1.0488,6.7969,0.48594,-3.1032,0.013193
-0.83069,4.3675,-1.4795,0.64489,3.4254,-0.042684,2.2306,0.20167
-0.67806,1.4873,0.3953,0.78207,-4.7404,-0.027789,0.6582,0.078637
-0.6308,-9.2967,3.3273,0.35754,6.0452,0.31978,-4.8978,0.0111
-0.61833,3.0085,0.80858,-0.060367,4.3692,-0.11563,0.19547,-0.055318
-0.53469,2.0416,1.0413,-0.25786,-5.0317,-0.073526,-0.13716,-0.12621
-0.46945,-17.428,-2.2171,-0.27989,0.12543,0.047347,-3.4712,-0.1304
-0.622,-4.7797,-2.3297,-2.337,-0.74156,-0.67137,-1.3743,-0.081336
-0.62097,1.5168,-0.84248,0.31363,-0.55549,-0.12075,-0.23742,-0.075908
-0.86449,-16.08,-5.0196,-2.8817,-4.5342,0.030816,-2.9842,-0.016938
-0.63733,-2.6406,-0.5557,-0.50924,-6.2769,-0.62168,-1.1883,0.018766
-0.58647,2.1365,-1.8348,0.48548,1.8039,-0.028841,-0.43038,0.16927
-0.58787,-9.6056,-1.3839,-2.0784,-6.8895,0.020567,-3.164,0.050113
-0.38401,-0.4203,0.047283,-0.51832,-8.6542,-0.82009,-0.77093,0.13281
-0.48039,3.748,1.0547,0.5897,3.1802,-0.045925,-0.16726,0.066736
-0.57054,-2.2711,-1.4948,-2.0059,-7.6097,0.047488,-3.0539,-0.0063263
-0.58578,-0.48981,-0.31352,-1.4509,-8.2877,-0.46623,0.28545,-0.064372
-0.64805,3.1311,-0.35635,0.79051,3.5171,-0.073353,-1.2288,-0.094502
-0.68416,-2.6327,1.716,-1.4668,-8.1035,0.020233,-0.96965,-0.11529
-0.53951,-3.9633,-0.077157,-0.86368,-8.0297,-0.2774,2.9086,-0.096717
-0.56082,1.892,2.7175,1.3294,3.5071,-0.002645,-0.28949,0.010297
-0.56076,0.58337,0.33927,-0.022279,-8.3787,0.0082006,-0.15019,-0.033414
-0.37023,-4.6885,0.7805,-0.52484,-4.8504,-0.049191,4.258,0.018401
-0.47025,2.0834,2.3623,0.20704,3.8524,0.065201,0.17614,0.25012
-0.55377,3.6453,-0.18553,0.90178,-6.0947,0.084043,0.20048,0.030132
4.5279,-5.5212,-0.46331,-0.97223,-2.845,-0.11735,3.8673,0.024534
4.4915,5.7695,0.42159,1.0739,1.9754,-6.5175e-05,-0.72256,0.087131
4.4499,7.2343,0.47018,2.9377,-3.8078,0.065214,0.38077,-0.025943
-0.64728,-2.0531,1.2739,-0.029961,-1.5489,-0.044218,4.73,-0.068339
-0.64021,4.6043,-0.40005,0.3292,3.5855,0.08874,-1.0478,-0.089757
-0.49512,8.1085,-1.3461,2.1363,-0.93181,0.031175,0.20095,-0.12273
-0.57666,-1.8818,0.17009,0.069369,-3.8801,-0.048004,2.7176,-0.088053
-0.62875,2.0131,-1.0317,0.4431,6.2583,0.35608,-3.2975,-0.021732
-0.6248,4.8249,-0.48123,0.83457,4.2334,0.14923,3.1012,0.1957
-0.88367,-0.80575,-1.0891,-0.08022,-7.5683,-0.12287,1.9977,0.20914
-0.69928,-9.395,3.0188,0.9813,6.229,0.38581,-4.6551,0.25954
-0.59686,1.6935,1.4901,0.46959,2.5895,-0.31145,-0.93806,0.2134
-0.59914,2.1453,2.1945,-0.096438,-7.4387,-0.24999,-1.5746,0.072967
-0.55377,-8.9744,0.060562,1.7991,2.8378,-0.0047885,-4.353,0.004139
-0.60924,4.2655,0.21773,-2.2742,0.57887,-0.91855,-1.574,-0.046435
-0.59254,1.8795,0.13348,0.67812,-2.9261,-0.17105,-0.65554,-0.11517
-0.58692,-8.0192,-2.4461,-0.43069,-2.3187,0.026523,-1.9768,-0.11901
-0.74838,2.6433,1.3451,0.4082,0.25142,-1.715,-2.326,-0.12624
-0.76528,-0.27608,-2.3748,-0.047977,-1.7919,-0.16829,-2.0095,-0.048966
-0.55949,-5.87,-1.2987,-0.012471,-6.0364,0.093483,-4.1292,0.030838
-0.56889,-0.77294,-1.3542,-0.76091,-2.2955,-1.5672,-1.0528,0.11497
-0.57246,1.7531,-0.67368,0.31591,-0.50571,-0.10374,-2.1321,0.01604
-0.37432,-4.0279,-1.2389,-0.35288,-5.3525,0.039743,-3.334,0.088129
-0.59574,-1.0001,-1.6693,-0.88462,-5.2595,-1.3084,-0.24221,0.02103
-0.56204,4.9749,-1.8582,0.29637,1.6575,-0.011058,-0.27466,0.039648
-0.55852,-6.9097,0.31405,-1.5403,-4.5364,0.052866,-2.7502,-0.01426
-0.74626,0.91464,0.9759,-0.76957,-3.6773,-0.55575,1.1221,-0.06868
-0.59511,3.8495,-0.82102,0.48024,1.0636,0.010851,0.33246,-0.1176
4.5172,-1.6385,0.84122,-0.73537,-4.4146,0.052616,-2.939,-0.089172
4.4935,-6.6167,-1.5038,-1.1946,-2.5703,-0.59398,1.1468,-0.06683
4.4753,3.93,-0.36701,1.3919,-0.092246,0.0081877,1.1085,-0.0096119
4.4566,1.7377,2.3812,-0.20682,-5.3764,0.084992,-3.6946,0.079002
-0.70632,-4.702,1.0141,-1.7502,-2.3688,-0.23028,3.6051,0.10456
-0.66212,4.3799,-0.49972,1.1363,1.0009,0.01354,-0.5579,0.085598
-0.92716,7.0715,2.1341,2.0861,-7.2008,0.092148,-1.6926,0.10655
-0.69034,-1.1594,1.6667,-0.3,-4.3635,-0.17119,3.3691,0.043956
-0.58138,6.0546,0.26631,1.5612,3.057,0.00059583,-1.1076,0.02081
-0.6263,9.7958,0.53423,1.9349,-1.759,0.057615,-0.11172,-0.02385
-0.58451,-0.47621,0.87363,0.20979,-5.0013,-0.08029,1.952,-0.11709
-0.51007,4.8949,1.0281,1.5359,5.3905,0.17689,-4.3749,-0.12531
-0.68606,4.7779,1.3534,1.0177,3.626,-0.0048783,1.25,-0.079121
-0.62153,-1.4075,0.40087,-0.61559,-7.1353,-0.33138,0.06865,-0.058336
-0.68638,2.247,-0.02527,0.47151,5.9523,0.28073,-4.5893,-0.011462
-0.80398,4.38,0.46151,0.48228,3.8755,0.01148,0.34541,0.092826
-0.55216,-1.9969,0.45095,0.49651,-5.7012,-0.28618,-0.66716,0.1104
-0.59135,1.1112,-1.383,0.80324,5.3057,0.21341,-5.448,0.11792
-0.59496,5.0636,-0.10285,0.51268,5.6993,0.13565,1.5806,0.054129
-0.39223,-0.22982,0.55699,-0.40935,-4.5289,-0.1038,0.49061,0.050138
-0.55294,0.63664,-0.28885,0.54193,4.9545,0.18029,-4.4633,-0.0066427
-0.58623,3.3699,1.4945,1.6722,6.5102,-0.32595,-0.82493,-0.073547
-0.58934,0.85106,1.9031,-0.46967,-5.2369,-0.081003,-0.52934,-0.078026
-0.8064,-1.5757,-3.8276,0.34075,5.8907,0.2704,-6.1283,-0.087469
-0.62088,2.3615,0.38119,1.2713,5.2587,-0.76473,-2.5174,-0.099102
-0.5617,1.0978,0.39097,0.16628,-7.4791,0.015067,-0.81555,-0.050329
-0.55842,-6.7779,-2.7904,1.677,5.7343,0.28377,-5.8594,0.021443
-0.32783,3.3158,0.12722,0.28432,3.1594,-0.54281,-0.70782,0.15014
-0.36832,0.75104,-0.49652,0.29905,-6.3704,-0.0068613,-0.95676,0.15623
4.5468,-9.4006,0.25215,0.39071,5.8097,0.32438,-4.6988,0.039307
4.5088,3.5826,1.6169,0.73851,1.9996,-0.3479,0.030049,0.13768
4.4634,4.1472,-0.11798,0.41474,-5.8689,-0.044609,-1.5342,0.047606
4.4351,-14.179,-2.0495,-0.4133,3.1054,0.072793,-6.0193,-0.041178
-0.63992,-0.35294,0.34619,-1.2141,0.035604,-0.67931,-0.72105,-0.075933
-0.65166,2.6497,-0.83543,0.36721,-5.3025,-0.0092807,-1.0091,-0.099905
-0.6379,-13.342,0.37761,-1.2937,-2.6019,0.063314,-5.3717,-0.090487
-0.52717,-3.9181,1.9588,-2.1233,-2.3156,-0.96377,-0.81616,-0.083137
-0.56544,1.3493,0.0061952,-0.45038,-2.3798,0.079242,-0.38974,0.042958
-0.63975,-3.0232,-1.9035,-1.5909,-8.4804,0.073447,-3.8798,0.030375
-0.63778,-7.0166,-1.2166,-3.1933,-6.9396,-0.32084,2.1841,0.067442
-0.7805,6.0406,-0.66485,1.0345,0.83381,0.07355,-0.73038,0.18519
-0.55879,6.6993,-0.14543,0.25456,-3.7222,0.080763,-1.3789,0.27823
-0.61122,-5.5067,1.7275,-0.84761,-5.1874,0.0094648,3.8926,0.064035
-0.61032,8.6414,1.0211,1.8337,2.7159,0.064925,-1.8684,-0.01538
-0.43531,6.4265,0.57213,-0.29986,-3.1108,0.14329,-0.9632,-0.049867
-0.56879,-4.4321,-0.1208,-1.4415,-6.96,-0.062251,3.3763,-0.083721
-0.59509,5.1957,3.6818,0.55786,5.4245,0.1948,-2.2088,-0.10847
-0.59689,1.6461,0.16617,-1.0747,-3.6198,0.10031,0.70921,-0.11485
-0.7639,-5.006,-0.95594,-0.44829,-7.9215,0.0072444,3.0164,-0.031978
-0.65238,1.166,-1.1242,-0.70993,5.4004,0.21696,-2.0752,0.012998
-0.57093,0.36579,-0.67446,-1.489,-4.4245,0.12676,1.0621,0.048166
-0.58246,-4.2922,-0.12149,-0.14709,-7.7141,-0.025203,3.4548,0.090928
-0.46342,3.4738,-0.67358,0.49564,5.037,0.17812,-0.98199,0.007522
-0.5118,5.1297,0.3762,0.25861,-6.7214,0.080038,1.2525,0.074354
-0.61576,-2.8851,0.9988,0.1558,-6.5867,0.088695,3.5732,0.0064268
-0.56803,4.3793,0.91959,0.45039,5.128,0.16452,-1.4582,-0.0046469
-0.80372,5.8589,0.38852,1.1256,-5.5104,0.15058,0.7751,-0.062912
-0.6366,-4.5534,1.1366,-1.4962,-4.1248,0.11263,3.4648,-0.11095
4.5119,2.9949,0.30899,0.62544,4.8141,0.17207,-0.98325,-0.10309
4.4925,3.3674,0.88565,0.63869,-4.5455,0.15096,-0.76263,-0.054905
4.4704,-1.4059,0.73925,-0.23242,-2.2688,0.051589,3.093,-0.034631
-0.39273,1.4653,-0.24565,0.015944,4.6588,0.10322,-2.4138,0.02468
-0.70424,4.5813,-2.7202,1.5166,-1.3838,0.063057,1.1391,0.079367
-0.65928,0.077273,-0.05263,0.047673,-6.1237,-0.1552,1.2927,0.14535
-0.64927,-0.11198,-0.35778,1.3956,6.2813,0.25105,-4.1463,0.03663
-0.84963,6.2328,-1.1047,1.2708,2.2935,0.028884,1.5603,0.069292
-0.6355,1.9935,0.67693,0.19562,-7.8572,-0.012676,0.41261,0.048093
-0.62585,-9.5038,1.8398,0.050499,6.4651,0.31329,-5.2892,-0.032124
-0.6191,0.35775,1.5706,0.40854,2.7702,-0.38261,-1.6859,-0.077758
-0.45875,2.4328,2.6521,-0.62494,-6.7015,-0.063881,-1.3028,-0.12147
-0.62042,-16.855,-2.1474,-1.5279,0.30118,0.050697,-5.3702,-0.11069
-0.61797,-1.7572,-1.4802,-0.91179,-0.70566,-0.47885,-1.7315,-0.078829
-0.61811,0.070132,-1.445,-0.35803,-1.9318,0.0095482,-0.50973,-0.019274
-0.916,-15.903,-4.7189,-2.3756,-4.2953,0.15338,-3.1048,0.081363
-0.74172,1.2459,0.47386,-0.54228,-4.0959,-0.87996,-2.5526,-0.0092711
-0.57401,0.81935,-0.78086,0.8278,-0.34655,0.027819,-1.7198,0.19621
-0.58974,-8.2983,-0.7159,-1.2883,-6.7272,0.14122,-3.8157,0.11283
-0.21532,1.6998,0.37107,-0.79572,-8.426,-0.67846,-2.5782,0.065276
-0.46088,2.9683,-0.52032,-0.29436,0.23476,0.090428,-1.6184,0.031884
-0.6678,-2.1758,0.2719,-0.57167,-7.4692,0.11705,-3.9328,-0.044172
-0.58415,-1.3982,0.34768,-0.20732,-6.6566,-0.44319,-0.0514,-0.084232
-0.76865,4.5272,0.44049,-0.44106,3.0244,0.038344,-1.164,-0.079389
-0.79025,-5.7072,0.059335,-1.5263,-5.5053,0.14811,-1.5004,-0.11125
-0.63865,-2.8659,-0.37636,-0.56117,-3.4516,-0.18361,1.5948,-0.10336
-0.56026,1.9696,1.2414,0.69109,5.0909,0.18602,0.5959,-0.0024079
-0.5496,-1.4567,-0.24176,-0.62947,-4.8722,0.12126,-1.4243,0.055127
-0.31627,-5.9414,-0.42671,-0.8436,-1.8392,-0.068643,2.2003,0.10938
4.5427,4.1656,-1.3576,0.65162,4.3136,0.11711,1.0681,0.1195
4.5123,3.5726,1.5652,1.0358,-3.9041,0.078292,-1.5723,0.22603
4.4615,-3.5052,1.3928,-1.5949,1.3873,-0.015519,4.5836,0.050357
-0.85269,5.9471,0.65721,1.8034,4.0679,0.17033,0.83538,0.011635
-0.68231,6.7555,2.8202,3.0221,-3.9241,0.084607,-0.67694,-0.058263
-0.64645,-2.1711,2.4118,0.37012,-0.56778,9.5262e-05,3.6795,-0.098689
-0.63543,4.149,-0.13917,1.0342,5.2764,0.21842,-0.36294,-0.092117
-0.41497,7.8641,0.73461,1.8262,0.29348,0.073973,-0.0026324,-0.075908
-0.55774,-2.8897,-0.57611,0.60042,-1.7032,0.013033,3.052,0.026165
-0.64071,2.0458,0.34766,1.1902,7.6749,0.50516,-3.2808,0.14398
-0.63697,3.5865,0.30306,0.099923,6.6938,0.41127,3.1229,0.33621
-0.656,0.52368,-0.47527,-0.50052,-5.4235,-0.0034087,1.5544,0.26606
-0.78429,-0.63976,0.81884,0.11457,7.2223,0.42345,-2.9923,0.2352
-0.58074,5.1766,0.30568,0.12716,4.8789,0.034146,1.9522,0.11376
-0.60403,0.86843,2.7486,1.2272,-4.4247,-0.024965,-0.24715,0.024485
-0.33569,0.90552,1.5883,1.6962,6.1569,0.28196,-3.9859,-0.026405
-0.5262,4.4114,1.315,0.72551,6.624,-0.19517,-3.5849,-0.063593
-0.52339,0.36143,-0.92406,-0.21531,-1.898,-0.059825,-0.79907,-0.11302
-0.59249,-3.1363,-4.1812,0.49914,4.3704,0.083266,-3.7829,-0.10249
-0.60772,3.1708,0.37874,1.2041,5.9483,-0.77437,-4.1733,-0.038939
-0.81252,-1.2047,-2.0603,-0.26662,-0.84382,-0.093947,-2.1298,0.012998
-0.61921,-4.1967,-1.7071,1.201,4.0409,0.083016,-3.8754,0.056392
-0.57493,-0.34177,-0.47757,0.24313,6.213,-0.75081,-1.4614,0.12897
-0.56616,3.2067,-1.2414,0.72332,-1.2517,0.013328,-0.67466,-0.020028
-0.2725,-9.4606,-1.6069,0.5057,4.3037,0.094593,-4.5006,0.16397
-0.53813,2.881,-0.1936,-0.68777,2.6932,-0.76411,-0.22092,0.021346
-0.56085,3.1006,-0.10744,0.39316,1.514,0.039845,-0.47802,0.020664
-0.55205,-5.8218,-1.6319,-1.7094,3.9491,0.051897,-2.2737,-0.035167
2.101,0.026052,-0.38193,-0.22377,2.2799,-0.37893,0.73235,-0.075714
4.4898,3.7902,-0.2964,0.63288,2.1076,0.11499,0.91109,-0.095987
4.4647,-5.707,-0.63937,-1.2599,1.6274,0.13732,-3.5492,-0.14965
4.4472,-5.9021,-0.58708,-0.96443,0.92823,-0.19987,2.436,-0.015818
-0.57041,3.6466,-0.096461,0.13154,2.4394,0.10172,1.5259,0.011367
-0.57242,-2.0373,0.040634,-1.9331,-2.5879,0.059226,-2.5121,0.12315
-0.66372,-3.6927,-0.094816,-1.3851,-0.23904,-0.064644,4.5075,0.11634
-0.64493,4.9922,1.024,0.61754,2.6176,0.059707,1.2586,0.039307
-0.98383,8.1821,1.1203,2.1257,-3.761,0.03921,0.030813,0.097085
-0.68733,-0.25512,1.2636,0.13643,-1.9859,0.018186,4.6886,0.07119
-0.56517,5.9299,0.033221,2.2591,5.2212,0.16271,-1.8262,-0.052787
-0.61989,9.5074,0.81766,1.809,3.076,0.10521,0.78574,-0.093675
-0.62189,-0.20873,-1.4425,-0.24309,-2.6207,-0.027327,3.1654,-0.11485
-0.45392,4.5002,1.8979,1.0937,6.2714,0.30926,-2.8554,-0.12225
-0.66174,4.5048,2.6101,1.2698,1.5519,0.10241,1.3306,-0.098104
-0.61242,-5.1505,-0.42074,-1.4421,-3.0591,-0.068148,2.496,-0.028839
-0.60791,4.7961,-2.018,1.442,7.95,0.52742,-1.8671,-0.01757
-0.70941,4.7309,-0.93616,0.88074,6.2868,0.33157,3.478,0.081339
-0.64681,-2.5833,-0.15297,-0.46072,-0.78985,-0.018451,4.1656,0.23055
-0.58903,1.3459,0.64001,2.163,7.91,0.55852,-6.0444,0.13537
-0.58843,4.6578,-1.0168,0.50555,7.4287,0.53867,4.4228,0.061503
-0.23113,-0.25205,1.1807,-0.73983,-3.3356,0.032273,1.6325,0.020129
-0.58143,1.0974,-0.27717,0.4607,8.4394,0.64677,-5.7083,-0.034217
-0.57744,4.0494,2.0359,0.89342,7.2715,0.47896,6.7857,-0.082431
-0.58327,-0.66135,1.4236,-0.77877,-4.9029,0.034634,2.0789,-0.095525
-0.71878,-0.96463,0.21358,-0.45536,8.0486,0.56611,-3.3205,-0.081701
-0.60986,4.0485,-1.2763,0.85989,4.5887,-0.0035178,2.4803,-0.07401
-0.55543,-1.0768,-0.5633,0.46213,-2.731,0.0093044,1.1894,0.013485
-0.55183,-5.3702,-0.067989,2.4683,7.8317,0.57553,-4.2916,0.055979
4.7145,4.2178,-0.30085,0.78547,4.7849,0.082483,4.4041,-4.709e-05
4.5365,1.7455,0.99043,1.3325,-3.4976,0.030835,0.59198,0.12495
4.4926,-10.475,2.2836,0.0078637,6.6772,0.34649,-4.2285,0.11685
4.4485,5.4555,1.1431,-0.042909,3.4174,-0.091572,1.4125,0.057707
-0.86525,2.2071,-0.21386,1.0183,-4.8437,-0.043877,0.14214,-0.0066913
-0.74289,-11.836,2.5713,1.1609,5.2178,0.19406,-5.4569,-0.07749
-0.61024,-0.37625,-0.2695,-1.1255,2.6895,-0.45702,-0.85713,-0.10541
-0.63023,1.714,-2.6295,0.3987,-2.5802,0.047719,0.39758,-0.080581
-0.63295,-14.684,-2.1603,-0.77423,-1.6171,0.057981,-4.5136,-0.061865
-0.49365,-6.7241,0.3405,-2.9423,-2.258,-0.52486,-0.24759,0.11327
-0.6097,1.4012,-0.65287,0.63695,1.1924,0.0050303,0.96494,0.18293
-0.63115,-4.4242,-2.4562,-1.3032,-2.7367,0.084511,-3.0967,0.13858
-0.62191,-8.9131,-0.059465,-2.0843,-4.0026,-0.22275,2.3368,0.073064
-0.81617,6.6395,-0.70792,0.86195,1.8648,0.064668,-0.048279,0.13186
-0.65453,-2.2517,1.5077,-2.4467,-2.6516,0.057936,-2.5136,0.040402
-0.59793,-2.3777,-0.21911,-0.49649,-4.8733,-0.17649,2.9586,0.021078
-0.60205,6.7817,2.5115,0.82527,4.168,0.023846,-0.28465,-0.037454
-0.27707,-2.7338,-2.0729,-2.736,-5.1887,0.10629,-0.792,-0.081822
-0.51727,-1.7161,1.0323,-1.412,-7.3611,-0.14007,5.9053,-0.14802
-0.58698,2.3083,4.1024,1.4624,5.1308,0.21421,0.40095,-0.12346
-0.59242,-4.6799,0.33035,-2.4744,-4.5169,0.12882,0.82798,-0.090827
-0.70013,-4.5252,-1.1075,-0.14494,-8.0339,-0.095789,5.1713,0.015627
-0.69975,1.4878,1.8237,-0.48171,5.0393,0.19048,0.023729,0.066274
-0.55854,-1.2864,-0.79035,-1.1663,-6.7626,0.064854,0.51563,0.021176
-0.56303,-4.3148,-1.0393,-0.76672,-6.4508,-0.1195,3.2732,0.014702
-0.56432,5.0899,-0.10224,0.83129,5.0492,0.16937,0.24663,0.072285
-0.51313,2.6333,0.76343,-0.67268,-6.9447,0.0096252,0.39543,0.074062
-0.51315,-3.6049,0.44801,-0.69493,-2.4685,-0.022475,5.5989,0.012925
-0.55201,4.7012,1.5719,0.1422,5.7323,0.31969,0.026433,-0.025894
4.5094,4.9805,1.9058,1.3227,-4.7798,0.059104,5.8365e-05,-0.058531
4.4777,-4.8552,2.0672,-1.0808,-0.6602,-0.060595,5.1686,-0.11546
4.4587,2.3896,0.56894,0.9986,4.7376,0.18799,0.16071,-0.086349
4.44,3.8514,2.0596,1.9451,-4.071,0.04788,0.50086,-0.023801
-0.66037,-2.0411,1.3793,-0.3725,-0.22807,-0.028841,3.3924,0.0026057
-0.51306,3.7813,-0.68457,0.99097,4.4629,0.14702,-1.2486,0.1221
-0.63529,6.9818,0.22299,1.8971,-0.17984,0.018026,0.45572,0.099787
-0.65324,0.16932,-0.55119,0.2361,-2.1421,-0.078911,2.8658,0.026579
-0.64134,3.9968,0.16665,0.53543,7.2446,0.51263,-2.7001,0.038967
-0.78916,8.4002,0.54454,0.15432,5.992,0.31141,3.3588,0.11785
-0.64805,2.3826,-0.58025,-0.14219,-4.8866,-0.12505,2.1733,-0.038258
-0.62661,-3.8096,2.0731,0.4411,6.4899,0.37898,-2.907,-0.074278
-0.62633,3.9403,1.1519,-0.86285,3.9142,-0.098003,1.2503,-0.12271
-0.36635,0.95192,2.9381,0.95676,-5.9245,-0.15423,0.23451,-0.11862
-0.54094,-6.43,-0.94296,0.84853,5.6826,0.26252,-3.7516,-0.11801
-0.61382,0.74135,-1.5905,-0.85943,4.304,-0.28944,-0.43389,-0.031078
-0.61099,-1.3769,-0.14957,0.82814,-2.0213,-0.18867,-0.26659,-0.028133
-0.75858,-6.6875,-2.2024,0.092986,0.38744,0.079422,-2.6547,0.052547
-0.77035,1.835,0.76624,0.78263,4.699,-1.0202,-2.7865,0.2388
-0.60924,0.55751,-2.2074,0.12758,-1.2101,-0.1343,-1.8563,0.15744
-0.59047,-2.3076,-4.3149,0.55578,-0.32814,0.083221,-1.8419,0.081168
-0.52799,2.7255,1.6149,0.59758,4.3381,-1.5615,-0.77524,0.019959
-0.42342,2.9636,-1.0594,0.42098,-0.24396,-0.036966,-0.99502,-0.019785
-0.62845,-4.713,0.063131,0.34665,1.7108,0.033761,-3.8521,-0.060843
-0.57719,0.92273,0.59956,0.45284,3.3692,-1.2392,-0.78462,-0.10584
-0.57438,3.6693,0.24566,0.80214,0.46674,0.017236,-1.0155,-0.06133
-0.68019,-10.654,-0.8533,-0.56391,0.66995,0.10309,-2.2694,-0.063228
-0.53871,-1.2,-0.074626,-0.32681,1.4324,-0.38848,1.3687,0.0040173
-0.55516,1.0732,-1.2388,-0.029331,2.1484,0.031599,0.78687,0.0754
4.5329,-8.8068,-2.2775,-2.087,1.858,0.013726,-3.1461,-0.032343
4.5193,-3.5948,-2.0106,-0.51646,2.1292,-0.35703,2.3985,0.16676
4.4782,4.5147,-0.53594,0.32717,4.2239,0.15021,2.6879,0.15372
0.17632,-1.6162,-0.67074,-1.0826,1.3976,0.053335,-2.4671,0.080925
-0.67321,-1.4192,1.5588,-1.5357,1.6928,-0.11205,3.8147,0.026457
-0.8508,6.2712,1.8235,0.48015,2.9177,0.053168,2.9808,-0.060892
-0.65847,3.4857,2.7945,1.2675,-3.6551,0.060959,-0.44927,-0.090535
-0.64239,-1.7458,2.0095,-0.35179,-0.53302,-0.039231,5.8673,-0.091947
-0.64432,3.7269,0.58435,1.5158,4.5938,0.16481,0.83712,-0.061744
-0.23269,7.7805,0.22818,1.7351,0.65159,0.070861,0.82596,-0.01813
-0.45901,-3.2832,-0.14027,0.39935,-1.7782,-0.060338,4.2447,0.11753
-0.64755,3.9834,0.25378,2.6228,5.921,0.37511,-2.1061,0.15861
-0.64112,5.7038,0.86459,1.3596,3.5849,0.016999,0.90198,0.28636
-0.834,-1.4452,-1.3793,-1.4158,-3.7717,-0.14721,2.5553,0.094992
-0.68322,5.7902,0.35317,0.86228,7.6807,0.53381,-3.2775,0.091926
-0.67936,6.6583,0.46761,1.1729,5.9572,0.34691,3.0283,0.062672
-0.60948,-1.1237,1.1588,-0.77504,-3.4574,-0.13036,2.382,-0.019663
-0.59719,3.7229,-0.36485,1.8475,6.8385,0.40521,-5.9794,-0.067585
-0.42566,4.4513,-0.30354,1.5338,7.3202,0.42262,3.9319,-0.10319
-0.60564,-2.1855,0.88422,-0.61438,-3.7803,-0.11549,0.57007,-0.11117
-0.59993,-1.6872,-0.81392,0.61835,6.9752,0.46232,-6.2946,-0.097934
-0.59598,3.1342,1.7374,1.9332,6.9355,0.1213,3.2439,-0.023898
-0.74712,-1.6603,-0.11215,-0.2354,-5.6503,-0.038294,0.3417,0.017647
-0.58976,-1.319,-3.7907,1.4224,6.7433,0.46747,-3.7859,-0.014601
-0.57211,1.9037,-1.666,2.2601,6.3721,-0.49137,-2.7098,0.16628
-0.56007,2.3809,-0.21527,-0.053886,-4.9501,-0.10054,-0.41059,0.0099314
-0.23464,-6.6026,-2.9688,0.49182,6.1991,0.38189,-5.3407,0.050843
-0.47806,4.9735,0.37818,1.3117,3.9547,-0.72907,-0.53472,0.025337
-0.56997,2.7574,0.65829,0.75269,-2.7856,-0.031203,-0.51246,-0.072915
4.4882,-11.108,-1.3313,-0.2108,5.1269,0.20784,-3.4446,-0.060454
4.453,2.2245,0.69973,0.53384,2.3049,-0.52913,0.29631,-0.15995
4.4313,1.6346,-0.51734,0.20404,-1.6121,0.020375,-0.2405,-0.096766
-0.65851,-15.127,-0.19933,0.71711,4.1106,0.14933,-2.8609,-0.014236
-0.66312,-2.786,0.24177,-1.6473,0.21382,-0.47862,0.93217,0.051428
-0.45775,1.3684,-0.98749,0.14221,-1.4295,-0.015243,1.262,0.080025
-0.5803,-8.8249,-1.5365,-2.6578,-4.2645,0.050691,-3.1319,0.068926
-0.60729,-3.367,1.2049,-2.8968,-2.9144,-0.46807,1.5544,0.12663
-0.65262,4.6355,0.046891,-0.34599,1.7631,0.017897,1.2462,0.14211
-0.64444,3.1379,0.69677,0.068438,-4.5747,0.08951,-1.2039,0.038821
-0.84316,-3.7334,1.2917,-1.6999,-4.6429,-0.16526,4.1534,-0.07126
-0.68652,7.8933,0.43291,1.355,3.5193,0.062152,-0.0063956,-0.13206
-0.62895,8.0895,1.5173,1.0122,-3.0651,0.080494,-0.44773,-0.15075
-0.62213,-5.3771,0.38836,-1.5786,-4.4254,-0.062501,4.4741,-0.074983
-0.45858,6.2521,2.1291,0.99745,5.3555,0.28581,-0.99006,-0.080338
-0.58331,4.5026,1.4567,-0.53222,-0.33533,0.10098,2.1354,0.0047475
-0.61545,-4.9082,-0.43476,-1.0975,-5.7132,-0.08106,3.5273,0.017306
-0.60884,4.0048,0.99634,1.7595,5.637,0.32143,-2.638,0.02507
-0.80033,4.0578,-0.94176,-1.4725,0.059727,0.086154,2.3652,0.19563
-0.61826,-3.2647,-0.48313,-0.53843,-7.4545,-0.032114,3.1513,0.14518
-0.59298,3.4849,0.46308,1.8129,6.1083,0.35561,-2.9659,0.06788
-0.58031,4.2637,-0.013173,-0.95804,-1.3824,0.09929,0.80387,-0.020807
-0.38177,-1.5163,0.84388,-0.23957,-6.2964,-0.015743,3.0708,-0.052909
-0.59162,3.6851,1.3201,-0.24203,6.0626,0.362,0.12364,-0.075251
-0.57855,3.7639,2.2637,0.87403,2.0863,0.07715,3.6094,-0.12376
-0.57557,-2.6831,0.26776,-1.0454,-4.3651,-0.0027734,3.6897,-0.10287
-0.78008,0.70485,0.14645,0.045367,6.3686,0.45449,-1.8244,-0.055732
-0.56532,2.9232,-0.54107,0.33092,-0.65357,0.059207,2.5715,0.1405
-0.53604,-2.1588,0.28393,-0.88678,-3.8841,0.033043,3.0367,0.12245
4.5372,-0.053575,-0.85086,0.2973,5.7007,0.34744,-1.2453,0.085403
4.5133,4.7488,-1.1975,1.3399,-2.6273,0.068576,1.2335,0.30683
4.4629,1.176,0.42908,0.79561,-4.1149,-0.10143,2.0304,0.13505
-0.71606,-0.59576,0.36088,0.19248,5.4809,0.26029,-1.897,0.098035
-0.66309,5.5611,-1.8641,1.2946,1.0513,0.027062,2.2243,-0.0040385
-0.89244,2.4771,0.86342,0.063981,-7.2391,-0.19901,0.96174,-0.042371
-0.86711,-8.0733,4.5983,2.0201,6.0736,0.20628,-4.8615,-0.082577
-0.65764,2.1563,-0.83201,0.17648,3.782,-0.23637,0.30121,-0.10755
-0.6356,-0.71618,1.7914,-0.52684,-7.9677,-0.10479,-0.24013,0.03371
-0.63191,-17.816,-0.31355,-0.42174,2.3218,0.032414,-4.6466,0.027674
-0.38451,-3.3935,-1.1653,-0.76767,0.11723,-0.54225,-0.51183,0.24825
-0.6082,1.714,0.32263,-0.47337,-5.1058,-0.06399,-0.34351,0.25866
-0.64012,-19.411,-2.6666,-1.4821,-2.4291,0.10872,-4.999,0.22442
-0.62864,0.1979,-0.15864,-0.87913,-4.0103,-0.50005,-0.86665,0.059143
-0.8748,3.7795,-0.77176,-0.56652,-1.6118,-0.037447,-0.052094,0.1038
-0.68206,-12.715,-4.1349,-1.9432,-6.405,0.090511,-2.7281,0.03663
-0.60533,2.3177,1.3782,-0.51921,-8.517,-0.82414,-0.84569,-0.031784
-0.59558,2.4703,0.44665,0.79629,1.099,0.03518,-0.49897,-0.089878
-0.61498,-6.1996,-2.0533,-1.4098,-7.3571,0.038786,-4.0082,-0.12743
-0.46673,-1.148,-0.22479,-0.74494,-6.9621,-1.1167,-1.2647,-0.10227
-0.60001,0.88061,0.11299,0.65748,2.6828,0.0051266,-0.8866,-0.056122
-0.59572,-6.4398,-0.95574,-1.9445,-7.4113,0.11938,-4.3528,-0.00041216
-0.63138,-3.381,-2.8899,-0.40573,-6.9829,-0.89369,-0.25831,0.07175
-0.64538,4.0679,-1.1606,0.22916,2.2239,0.008284,-0.9495,0.0087632
-0.4671,-5.9259,-0.42584,-1.8325,-7.6837,0.068589,-2.3083,0.16903
-0.56078,-2.142,0.27,-0.86821,-6.0382,-0.40945,2.1212,0.023585
-0.54655,4.869,2.4241,-0.40124,3.707,0.085044,0.99091,0.050503
-0.40748,1.5633,-0.44468,-0.69294,-6.3918,0.063044,-2.4996,0.011684
-0.53805,-2.653,0.055602,0.0053845,-3.1595,-0.24521,1.6047,-0.026016
4.4919,4.5615,-0.64996,0.6903,3.5542,0.11543,1.4278,-0.08355
4.4643,1.7329,0.59633,-0.28964,-5.6685,0.094266,-2.1426,-0.11295
4.4393,-5.855,0.19497,-0.92484,-2.4297,-0.16077,2.7983,-0.085765
-0.66339,4.0173,0.59825,1.3671,0.61578,0.044196,0.96401,-0.066416
-0.64779,3.5973,0.62371,3.2081,-5.3325,0.128,-0.74406,0.049627
-0.65082,-3.5847,1.0409,0.091381,-2.514,-0.068463,3.6634,0.038577
-0.44034,4.4319,-0.1795,1.6975,3.1048,0.08367,-0.66572,0.045805
-0.55005,7.9788,0.41546,2.1671,-2.5482,0.044812,-0.19453,0.14888
-0.64545,-1.1858,0.038791,0.045007,-4.5021,-0.022173,2.9726,0.23812
-0.63363,6.0582,-0.51076,2.372,5.6068,0.25369,-3.1241,0.051987
-0.80148,8.5562,1.1404,0.5683,2.9624,0.11965,2.669,0.02984
-0.71369,0.22488,-0.6972,-0.10899,-5.118,-0.094832,2.4236,-0.10375
-0.61845,3.7909,0.29232,1.6975,6.6109,0.35298,-3.3219,-0.10081
-0.60897,3.701,0.16551,0.98436,4.9851,0.17539,1.6345,-0.099346
-0.3135,-2.1928,0.90791,0.20198,-5.32,-0.25129,-0.61114,-0.07474
-0.51718,0.58483,-0.83095,1.4434,6.1291,0.29015,-5.8927,-0.059748
-0.60722,2.9929,-3.1161,0.67693,6.1225,0.15875,-0.13923,-0.034875
-0.59847,-2.8399,-0.56927,-0.25344,-2.6698,-0.094024,-0.28496,0.14905
-0.7186,-1.4629,-3.158,0.3272,5.6199,0.2823,-3.5639,0.12468
-0.64744,3.6963,-0.068902,1.1198,6.7259,-0.19937,-2.2268,0.16182
-0.55492,0.44286,-0.035362,-0.47097,-3.614,-0.0052826,0.43747,0.11398
-0.57312,-1.1402,-3.4878,0.84928,5.5494,0.31526,-3.7243,0.021735
-0.57094,3.2253,0.030337,0.93097,6.2197,-0.5556,-4.826,-0.036505
-0.42606,2.8502,-0.38933,-0.17514,-3.2679,0.0058838,-0.98697,-0.046971
-0.5714,-5.487,-1.867,2.3302,4.781,0.21947,-6.2282,-0.094429
-0.55908,1.4088,-0.16791,1.5896,3.6406,-0.99855,-2.0611,-0.11507
-0.55966,1.697,-0.53645,0.29775,-2.8497,0.059001,-1.6843,-0.059821
-0.69633,-11.321,-2.7444,-0.57679,5.1274,0.27146,-5.1086,-0.033098
4.4127,2.2456,0.51985,0.76997,4.047,-0.35055,-0.25786,-0.053688
4.5409,1.0791,-1.5193,0.39522,-1.1452,0.048971,-0.61988,0.14408
4.5051,-9.4143,-1.3738,-0.47144,2.0135,0.062358,-2.7237,0.10103
4.4749,-2.0546,0.54693,-0.71689,-1.0785,-0.36174,0.90667,0.15158
-0.62028,4.3073,0.5119,0.16686,0.15419,0.082137,1.8778,0.10008
-0.64201,-3.1032,0.82232,-1.8424,-3.5204,0.04978,-2.7459,0.032128
-0.63461,-1.4642,2.2835,-2.2663,-2.5372,-0.10466,3.353,-0.019907
-0.78231,5.1087,0.48536,0.0081335,0.75789,0.035141,1.4093,-0.05583
-0.70806,2.9706,1.5267,0.83041,-5.2474,0.056319,-1.6542,-0.1104
-0.62067,-3.2205,0.26164,-1.32,-3.0594,0.020869,4.0912,-0.14113
-0.61808,4.3417,0.76815,1.0818,3.8296,0.055311,-0.15557,-0.0093442
-0.52671,8.4524,0.90143,1.1413,-0.14496,0.061755,-0.24362,0.048823
-0.37371,-4.5204,-0.12074,-0.74274,-3.7993,0.017692,3.6046,0.22323
-0.67876,4.864,1.5448,1.3689,5.1034,0.15485,-2.9202,0.073356
-0.61137,6.1899,0.50544,1.0164,3.3895,0.094939,2.2686,0.3215
-0.85108,-2.5091,-0.88463,-1.6303,-5.2298,0.025059,3.0851,0.09874
-0.7274,5.3884,-2.7229,1.9436,7.036,0.42714,-3.6314,0.020372
-0.5935,6.9794,-0.089992,0.77394,5.1481,0.23068,4.3649,0.0111
-0.58134,-1.5813,0.95111,-0.74942,-4.9826,0.012641,2.5511,-0.085011
-0.57511,2.4473,0.21995,1.9411,6.9745,0.4401,-5.3791,-0.068996
-0.44999,4.0261,-2.0444,-0.055826,6.3424,0.32614,3.8812,-0.11312
-0.614,-2.2137,-0.78002,-0.94807,-6.0447,0.046872,3.116,-0.079413
-0.57564,-1.7853,-1.4329,0.3333,7.6838,0.55791,-4.3685,-0.011997
-0.57746,2.7606,0.1124,0.81805,7.3258,0.42122,3.1414,-0.025505
-0.65986,-0.36645,-0.19662,-0.46492,-5.9235,0.037413,0.88008,0.012998
-0.62502,-1.9299,-0.86742,0.87963,7.2788,0.49843,-4.5036,0.011002
-0.54455,4.6851,-1.6054,1.0596,6.3954,0.16237,0.77853,0.14593
-0.55592,1.3486,0.24699,0.6163,-3.9427,0.049889,0.95996,0.060992
-0.24508,-6.0735,0.2735,1.0553,7.2,0.48034,-3.2579,0.052109
4.5107,5.2474,1.375,1.011,4.2366,-0.065825,1.7632,-0.012119
4.47,3.1129,1.1705,0.55159,-4.2145,-0.045617,-0.47223,-0.10115
4.4401,-13.211,3.021,0.32698,6.0565,0.36119,-4.1156,-0.11027
-0.74725,0.56319,0.48594,-0.83521,1.9521,-0.31311,0.046694,-0.097958
-0.77685,1.324,-1.4615,0.18129,-2.7353,0.0064743,-0.29344,-0.051935
-0.63134,-14.973,-1.4837,-1.6665,2.204,0.081084,-4.8787,0.10957
-0.64476,-3.1731,0.22797,-2.0863,0.75421,-0.45363,0.56192,0.084843
-0.42805,2.2388,-0.79872,-0.25236,-0.84299,0.039556,0.64113,0.05004
-0.45649,-5.533,-2.3526,-1.2174,-4.8283,0.086892,-3.3109,0.18412
-0.59771,-5.1763,0.086881,-2.6991,-3.7382,-0.16073,3.0861,0.12583
-0.6393,6.2867,0.88684,0.36496,3.5363,0.094715,2.2877,0.052158
-0.63167,7.828,0.13831,1.2288,-2.1021,0.048676,0.75372,-0.032343
-0.73425,-3.0075,2.1579,-0.50343,-3.6463,-0.041265,5.1368,-0.10886
-0.61845,7.1085,1.1777,1.1766,3.3098,0.066728,-0.58676,-0.11701
-0.60908,6.2302,1.4636,-0.45893,-0.40391,0.11302,0.83983,-0.12553
-0.59784,-5.4655,0.36254,-1.1269,-3.9495,-0.0098839,4.1483,-0.055805
-0.32265,5.6746,0.7637,0.89257,5.6108,0.26135,-2.1936,-0.076809
-0.55608,2.4996,0.19633,-0.68951,-2.2324,0.0599,1.3066,0.099324
-0.60573,-5.868,-0.90812,-1.0986,-5.3464,0.058482,4.8592,0.093021
-0.59933,3.3496,-0.87004,0.19814,7.4067,0.54669,-1.281,0.12807
-0.82372,3.2815,-1.393,-1.6866,-0.31572,0.11836,2.0414,0.1122
-0.69814,-2.9898,0.65338,-0.48021,-5.264,0.036277,4.2128,0.16676
-0.57097,3.7471,0.090177,0.15033,7.4385,0.56285,-0.36229,0.018888
-0.57091,4.8604,-1.2501,-0.41474,1.2515,0.032754,2.6886,-0.035434
-0.34511,-2.189,0.52628,-0.88505,-2.8323,0.039601,4.3109,-0.087201
-0.56238,2.865,-1.1042,0.21837,7.4585,0.57961,-0.067114,-0.094892
-0.56585,3.9313,-1.4808,1.1634,2.0258,0.11759,4.0472,-0.11086
-0.56202,-6.8628,0.056348,-1.0294,-0.68375,0.048984,4.3632,-0.042687
-0.6607,0.31923,-1.5339,0.64571,7.5228,0.55591,-0.43879,0.013752
4.5394,4.8973,0.54851,1.5602,-0.2666,0.089863,2.4192,-0.0099283
4.5279,-3.1191,0.7447,-0.57311,1.3416,0.022672,5.256,0.23411
4.4866,0.0038315,-1.8252,0.46731,7.0927,0.55095,-0.54214,0.14883
-0.6139,6.5119,-0.24209,1.3064,3.0722,0.066837,2.523,0.084941
-0.52909,1.6492,0.3251,0.3175,-1.9199,0.01619,3.5174,0.078637
-0.64841,-1.1105,1.0276,1.0449,7.221,0.53836,-2.6928,0.0304
-0.64243,5.2799,-0.92681,1.1678,4.7429,0.17008,3.8481,-0.044537
-0.63234,1.9528,0.20508,-0.041573,-4.3842,-0.033192,1.8019,-0.061062
-0.76805,-9.5247,3.6309,1.1933,7.5166,0.57144,-3.3587,-0.10292
-0.67079,0.19889,0.56096,0.25814,5.5355,0.11803,0.93295,-0.05415
-0.62394,-0.084747,1.71,-0.48228,-4.6807,-0.088466,1.1459,0.11213
-0.61131,-19.241,-3.2144,-1.5758,1.1614,0.0043051,-3.0643,0.076325
-0.49236,-3.2506,-2.689,-1.3501,-1.2776,-0.50558,-0.66827,0.22654
-0.55,1.8797,-0.79759,0.039554,-0.47879,-0.041163,1.8897,0.11965
-0.61712,-15.81,-3.995,-0.94684,0.99761,0.018077,-3.1741,0.14248
-0.60917,2.6649,0.91103,-0.96136,-1.0752,-0.57933,0.062575,0.061552
-0.85125,3.0176,0.004223,0.30197,1.7784,-0.0092294,1.3315,0.028063
-0.57917,-9.0575,-0.97082,-1.5626,-2.3296,0.091249,-2.4915,-0.019566
-0.58988,2.6357,0.71692,-0.25748,-1.3692,-0.83551,-0.063589,-0.084913
-0.58398,1.2605,-1.1881,0.48834,1.2459,-0.12345,-1.5359,-0.11117
-0.38145,-5.5185,2.1029,-0.072641,-4.3465,0.025322,-2.1821,-0.10085
-0.46924,-1.8802,0.47234,0.025064,-3.0201,-0.79884,-1.6619,-0.10029
-0.61428,0.51699,-2.1116,0.33101,3.5846,0.0006215,-0.54061,-0.08944
-0.58043,-6.6632,-1.8144,-0.49223,-3.2621,0.066131,-2.6143,-0.050305
-0.81205,-2.8445,-1.1684,-0.6476,-2.0927,-0.74823,0.92532,0.10998
-0.6877,4.0727,-2.1608,-0.063148,4.1508,0.11167,0.78842,0.016576
-0.57603,-6.8631,-0.59043,-1.7017,-0.52393,0.098816,-1.1293,0.096696
-0.55546,-0.14752,-1.6648,-0.30517,1.6232,-0.32871,2.2267,0.093581
-0.55401,4.4235,-0.68459,0.81566,4.2774,0.16603,1.4223,0.010102
4.508,0.65518,-0.35125,-0.25198,-1.5008,0.026445,-1.2657,-0.016938
4.4615,-5.8012,-0.99015,-0.96799,0.10044,-0.37859,2.3915,-0.12118
4.4359,5.4651,0.29435,0.80906,4.6682,0.27294,2.4294,-0.10251
-0.67028,2.6426,3.0613,0.16356,-2.6038,0.063166,-1.2016,-0.085351
-0.80895,-4.6036,1.8787,-1.252,0.35848,-0.080188,5.0564,-0.082212
-0.69034,2.9129,1.2339,1.0511,4.0919,0.1599,1.6267,0.0030438
-0.64026,5.7887,1.7848,2.0534,-3.2288,0.06986,0.22467,0.016527
-0.6372,-3.2891,1.0255,-0.60834,-1.1053,-0.089082,5.1727,0.044053
-0.35589,5.035,-0.65951,1.9085,5.324,0.29783,0.031969,0.19101
-0.47551,8.6895,-0.73693,1.4845,3.6314,0.11885,2.9777,0.21758
-0.64358,-0.74817,-0.14036,-0.041715,-1.4008,-0.051341,4.2606,0.14396
-0.63567,5.5673,1.5114,1.3993,6.677,0.44684,-1.9015,-0.00092325
-0.72318,6.9945,1.6019,1.2322,4.4845,0.19076,3.472,-0.022511
-0.59631,-0.66365,0.52582,-0.56854,-3.6411,-0.13954,2.5276,-0.099784
-0.59986,3.1559,0.13801,0.72028,7.4372,0.56097,-2.799,-0.12381
-0.59846,3.8994,-0.63036,0.5797,6.1831,0.43889,2.3065,-0.084183
-0.59631,-2.1566,0.47388,-0.24046,-3.3223,-0.065665,2.1304,-0.062644
-0.46096,0.21531,-1.2389,1.1638,6.9643,0.57495,-4.2349,0.0095907
-0.57269,2.0819,0.2459,1.1004,7.4105,0.47007,2.6036,0.084527
-0.59918,-2.4816,0.78046,-0.94838,-1.6794,-0.10839,1.5041,0.17889
-0.70306,-0.62731,-4.1096,0.23667,6.8539,0.53865,-4.135,0.071409
-0.82705,2.9039,0.61293,1.6646,7.5516,0.085737,-1.4815,0.11551
-0.54396,1.1411,0.72323,-0.16819,-2.6226,-0.036934,1.0664,0.062769
-0.56823,-1.0839,-3.5194,1.1879,7.21,0.59188,-3.9954,-0.012167
-0.57189,3.9387,0.4755,1.8126,6.6087,-0.1021,-1.2114,-0.051278
-0.41402,2.5021,0.58794,-0.39594,-4.6485,-0.082126,1.0869,-0.075738
-0.50532,-8.5132,-1.3291,0.44565,7.1251,0.55353,-4.1008,-0.10616
-0.55718,3.2217,0.66488,0.54283,5.017,-0.23831,0.34775,-0.074205
-0.58437,1.4971,-0.72235,0.70625,-1.4519,-0.09928,0.14793,-0.07788
4.52,-13.059,-3.8838,-0.11162,5.5744,0.40124,-3.8437,0.024437
4.5024,-2.9817,-0.29576,-0.41226,3.4517,-0.46603,0.58053,0.090295
4.473,2.0192,-1.0611,-0.19477,0.1288,-0.020223,0.79916,0.16528
-0.6506,-12.123,-2.9409,-2.4797,3.0961,0.026407,-3.072,0.095138
-0.45308,-1.5846,-0.3734,-1.9297,0.7895,-0.44731,2.381,0.11712
-0.6229,4.6099,0.63936,-0.49234,1.0913,0.024976,2.7144,0.035048
-0.64147,-3.01,-0.6808,-0.81032,-3.6751,0.032844,-2.9053,-0.012143
-0.63589,-4.1201,0.71701,-1.8771,-1.9893,-0.27575,3.0001,-0.066587
-0.87558,5.3276,1.0646,0.1803,3.1518,0.060362,1.928,-0.16791
-0.64661,7.2648,-0.013706,1.6792,-1.6587,0.030283,1.573,-0.099832
-0.59723,-3.2805,0.78107,-0.20178,-1.8365,-0.078801,5.7172,-0.075835
-0.61438,4.5924,0.17948,1.8797,3.5384,0.073595,-1.3081,0.11037
-0.58072,7.56,1.5113,0.7624,0.26592,-0.00085453,1.0564,0.051525
-0.52573,-5.6018,-1.0165,-2.0627,-4.7931,-0.079803,4.3127,0.17818
-0.57524,5.9288,0.22079,0.40938,6.8222,0.5236,-1.6869,0.1534
-0.60376,6.0382,1.4908,0.6362,3.7704,0.14969,3.5655,0.065811
-0.67367,-2.4336,0.34452,-1.4348,-5.2263,-0.030933,4.0162,0.030716
-0.76639,4.7806,-2.2658,1.4281,7.0132,0.54895,-2.8227,-0.018276
-0.53163,5.3702,-1.967,-0.61305,5.2194,0.34598,5.6893,-0.069191
-0.58152,-1.4952,1.2712,-0.96265,-5.3664,-0.037229,3.4554,-0.10161
-0.58418,1.3344,1.5856,0.11089,7.2887,0.5287,-5.6181,-0.069386
-0.3589,2.9635,-0.016411,0.51389,5.807,0.36544,5.2026,-0.10414
-0.54406,-1.5067,0.37811,-0.36345,-6.4199,-0.00019994,1.7296,-0.101
-0.57447,-1.23,-0.25334,0.13922,6.7784,0.54518,-3.7657,-0.0082976
-0.56853,4.4495,0.18554,0.81355,6.1161,0.39315,3.6006,0.043201
-0.76069,-0.72442,-0.7945,0.40271,-5.1785,0.01739,1.5038,0.11675
-0.65167,-2.6124,-1.1455,0.01814,7.604,0.6956,-2.7667,0.13817
-0.55116,4.9761,-0.45487,1.2903,4.5249,0.15987,2.6985,0.10361
4.5345,2.3394,0.52142,1.3953,-3.6461,-0.011418,0.76292,0.0014619
4.4918,-8.346,3.5558,0.31833,6.2652,0.4876,-4.4822,-0.032709
4.4532,4.1375,0.97349,-0.02797,3.5753,-0.018118,2.0718,-0.083988
4.3919,2.5911,-0.27888,0.58641,-3.3717,-0.054434,0.92923,-0.12023
-0.65968,-13.838,1.299,0.3346,4.9448,0.23797,-6.317,-0.099589
-0.72645,0.29016,0.28434,-0.96806,3.0156,-0.36748,1.1624,-0.036262
-0.7616,0.11838,-1.7173,0.27272,-2.8326,-0.042318,0.89042,-0.0039898
-0.6383,-15.155,-2.4006,-1.4765,2.5249,-0.073096,-4.2981,-0.0014587
-0.62788,-3.8732,0.52817,-2.7248,-1.1313,-0.57537,0.44883,0.22218
-0.62104,2.7825,-1.0218,0.18981,-0.36434,-3.3088e-05,0.84923,0.088007
-0.34867,-2.2515,-0.60672,-1.1765,-5.9076,-0.031434,-2.8661,0.1719
-0.67051,-6.0628,1.0161,-2.6228,-4.4649,-0.28987,3.4429,0.080584
-0.62381,7.1959,-0.13273,0.29098,1.5649,-0.011533,0.36264,-0.001118
-0.62583,3.0957,0.99137,-1.651,-2.6707,0.0453,-1.9114,-0.058701
-0.6637,-5.4611,0.33514,-1.208,-5.4214,-0.21868,3.6567,-0.12634
-0.57837,6.0383,2.5961,1.4109,3.9993,0.13159,-0.47747,-0.13152
-0.59231,-0.58665,0.71125,-1.4788,-3.8115,-0.017919,-0.88572,-0.1002
-0.59434,-3.9763,0.3355,-0.94293,-7.8991,-0.17489,4.9925,-0.034583
-0.18447,2.6045,4.7807,-0.39951,4.9441,0.29757,-0.87788,0.018255
-0.49702,0.49143,0.60797,-1.8373,-3.8835,0.01449,1.2315,0.14705
-0.59868,-4.5139,-1.3206,-0.87832,-8.4568,-0.16396,4.6286,0.14669
-0.59206,2.9253,0.18731,-0.096361,4.2722,0.18419,-0.3663,0.10198
-0.74854,2.1631,1.0297,-1.5231,-6.5028,0.044748,1.5018,0.10789
-0.60493,-3.3971,0.46961,-0.83576,-7.4518,-0.068489,4.5494,0.0084468
-0.56429,4.7952,1.1256,-0.0029717,4.6272,0.20485,-0.23652,-0.030664
-0.56365,5.1487,0.83086,0.34957,-5.3882,0.032542,1.7593,-0.058312
-0.54993,-3.7572,1.1709,-0.091653,-4.903,0.032228,4.735,-0.11003
-0.4616,2.4591,0.93623,-0.019999,4.7663,0.26567,-0.93478,-0.11385
-0.55031,2.6838,0.24938,0.87302,-5.2987,0.017461,0.74408,-0.080995
4.5383,-5.195,0.73485,-1.1548,-1.9979,-0.0018942,4.2819,-0.072574
4.5215,1.9876,0.39831,0.23724,3.8659,0.11653,-0.36856,0.048604
4.4961,5.4316,-1.6091,0.37146,-3.4008,0.033505,-0.62999,0.11777
-0.68744,-1.9774,-0.16377,-0.26636,-1.5624,-0.10436,3.8449,0.13651
-0.64852,3.3146,-0.89701,0.083904,4.766,0.28894,-1.4034,0.11631
-0.63868,8.7059,0.53368,1.0745,-0.83854,0.025406,2.5485,0.036727
-0.51348,1.2814,1.3762,0.86389,-4.6923,-0.061596,2.6234,0.039429
-0.58367,1.1159,0.7232,0.80151,6.3286,0.41124,-3.4723,-0.018982
-0.63248,6.4067,-1.0839,0.5482,4.1977,0.15649,2.7777,-0.10687
-0.62805,0.59965,-0.49674,-0.36931,-6.1472,-0.12935,1.0801,-0.085157
-0.77157,-8.8947,1.1345,0.10779,5.2481,0.26769,-3.7173,-0.079875
-0.65985,0.086206,0.54219,0.9108,3.3148,-0.27509,-0.082887,0.0016079
-0.607,-1.3246,1.8243,0.77674,-7.1958,-0.26875,-0.50835,0.20213
-0.60478,-13.299,0.67144,0.30501,3.4796,0.058116,-4.8357,-0.0079326
-0.34192,2.2843,-2.2115,-2.1559,-0.40256,-0.38605,0.096695,0.18495
-0.53056,-0.013842,-0.21369,0.86234,-4.1137,-0.21463,-0.566,0.16036
-0.60362,-6.4725,-2.3229,-0.48205,-0.765,0.018635,-3.4782,0.031763
-0.59656,3.5392,0.69113,0.65189,0.58386,-1.2403,-2.4735,0.06934
-0.77153,2.0981,-1.9531,-0.042132,-2.7967,-0.18407,-1.2402,0.018328
-0.63293,-4.1864,-1.843,0.23703,-4.2247,0.062865,-3.7688,-0.073888
-0.57622,3.128,1.9999,0.14426,-0.25105,-1.7273,-0.88437,-0.10514
-0.57856,0.11674,-2.3031,0.90173,-0.7599,-0.18139,-2.1023,-0.12217
-0.37784,-4.5131,0.63993,1.1484,-0.98589,0.020856,-4.2772,-0.094794
-0.48781,0.49956,-0.058315,-0.13657,2.8401,-1.4762,-1.6374,-0.11115
-0.56318,2.215,-1.0145,0.88832,-1.2213,-0.029111,-1.9981,-0.046094
-0.56489,-11.244,-0.95776,0.12832,-1.1778,0.056043,-3.5667,-0.047676
-0.84287,0.91767,0.0070496,-0.59187,-2.271,-1.1779,-0.9844,0.038455
-0.74139,2.0796,-0.86549,0.35291,-1.8229,-0.099928,-1.5837,0.16964
-0.60205,-7.7316,-0.67164,-0.48661,-0.87968,0.014945,-2.8352,0.13897
4.5384,-0.61003,-1.3899,-0.10976,-0.95423,-1.0132,-0.30824,0.0014619
4.4954,5.7922,-0.18291,-0.052094,-0.37049,0.031599,0.25357,-0.015477
4.456,-4.0739,-1.8947,-1.5884,-1.2833,-0.018137,-3.8915,-0.041494
-0.65918,-2.917,0.30949,-1.4443,-1.5527,-0.7262,1.2782,-0.11697
-0.64065,3.7834,0.95263,0.47365,0.52733,0.024533,1.6469,-0.13303
-0.64174,-2.035,0.38317,-1.6517,-7.3623,0.025322,-3.5777,-0.090438
-0.85011,-4.6831,0.24313,-1.3834,-4.5153,-0.30499,3.3858,-0.041105
-0.66118,4.1586,0.53929,0.45512,0.30836,0.010074,0.3762,-0.023071
-0.61214,6.539,-0.81979,2.4876,-5.7208,0.083734,-0.77809,0.16182
-0.60822,-3.7529,0.79336,-0.20131,-4.1358,-0.020126,4.5434,0.14729
-0.30607,5.7072,-0.77806,2.5513,2.3501,0.039807,-2.1714,0.19171
-0.49095,9.3862,1.2305,0.99445,0.91879,0.083292,-0.58391,0.1794
-0.61794,-0.56438,-0.99356,-0.6165,-4.9223,-0.072525,2.4552,0.078004
-0.60933,7.1202,2.3796,0.88253,5.9144,0.34355,-3.2321,-0.024239
-0.71973,7.4006,1.0209,0.96346,1.4344,0.06506,1.8131,-0.079194
-0.57798,-3.486,0.12516,-1.6408,-5.0982,-0.069547,2.9053,-0.12069
-0.51152,4.0946,-2.0762,2.3927,6.702,0.42574,-4.4819,-0.10628
-0.58198,3.3702,-0.66032,-0.20215,5.6891,0.41089,4.9584,-0.068388
-0.50752,-4.0934,-1.0577,-0.72072,-3.8288,-0.064356,3.4684,0.038017
-0.36459,0.64641,-2.3999,1.055,6.409,0.39765,-6.6007,0.05649
-0.6007,2.0644,-3.6848,-0.359,5.601,0.29836,5.5048,0.1056
-0.58068,-2.4531,-0.092915,-0.92806,-5.8461,-0.038082,2.2508,0.12096
-0.59526,1.2986,-0.63395,-0.23845,7.273,0.54902,-4.7974,0.030254
-0.68473,4.705,1.0037,-0.019922,5.3946,0.25444,5.8598,0.020762
-0.60844,0.12386,0.60938,-0.39521,-6.215,-0.015422,2.0965,0.027868
-0.55348,-0.29628,-0.62803,0.30951,7.0677,0.55083,-3.9106,-0.025724
-0.54466,5.9676,-0.0086893,1.2607,4.8985,0.054792,1.9673,-0.061646
-0.45856,1.0851,0.16874,1.1135,-4.3991,0.0061662,1.4422,-0.12979
-0.3836,-7.2054,1.4951,1.7302,6.2513,0.42531,-4.2758,-0.072209
4.5183,3.8574,1.0285,0.63872,4.147,-0.10552,0.61629,-0.067682
4.5037,-1.7278,0.48171,1.0233,-5.2779,-0.048427,-0.14535,0.078199
4.4743,-13.123,1.7317,0.093796,5.3218,0.23968,-3.9589,0.083505
-0.74035,-0.99361,-1.9859,-0.97896,2.5862,-0.38341,-1.6034,0.18993
-0.63731,1.6963,-1.8075,0.056215,-4.3513,-0.088851,-0.80864,0.17494
-0.63351,-13.153,-3.905,0.055303,1.439,0.0187,-5.1647,0.10789
-0.5024,-1.8849,0.8871,-1.6816,-1.0462,-1.0869,-1.2214,0.039186
-0.49569,4.0958,0.96884,-0.66184,-1.5121,0.030232,0.35921,0.007595
-0.63811,-1.0779,-0.057493,-0.40501,-6.9736,0.078729,-3.781,-0.12955
-0.62802,-5.0145,0.61912,-2.7513,-4.7997,-0.34373,2.3005,-0.12179
-0.66804,5.5547,-0.62103,0.54972,3.129,0.060984,0.77449,-0.14325
-0.73398,7.3317,0.067699,0.89007,-2.1294,0.03018,-0.42997,-0.054296
-0.57078,-7.1355,1.1098,-1.2169,-5.3706,-0.20764,2.7892,-0.032733
-0.60114,5.3539,-0.45903,1.562,3.8644,0.063975,-1.9438,0.028209
-0.6026,5.8341,0.662,-0.18849,-3.2775,0.044601,0.72941,0.056538
-0.39147,-5.6617,-0.24501,-1.152,-6.5449,-0.035143,3.5727,0.1433
-0.54083,5.1416,0.98282,0.33794,5.4334,0.22525,-2.9735,0.042033
-0.5955,4.8758,2.1497,-1.1667,1.7197,0.089221,2.8089,0.12488
-0.58237,-2.4784,1.169,-1.0197,-6.6475,-0.012021,3.5171,-0.0004365
-0.71891,4.7398,1.827,0.35156,5.3988,0.28589,-2.5319,-0.048382
-0.6226,3.8492,2.6068,-1.3798,0.061075,0.1045,2.5144,-0.10139
-0.57385,-3.8144,1.2569,-0.33696,-6.9026,0.057949,3.2283,-0.11171
-0.57174,2.3492,1.0432,0.99041,6.5308,0.44505,-2.1572,-0.070116
-0.38591,4.5451,-1.1874,-0.27065,1.1214,0.10371,3.1246,-0.090122
-0.48192,-4.0642,0.36258,-0.87263,-5.4135,0.0092081,3.417,0.0012672
-0.56211,0.89017,-1.3263,-0.24731,6.144,0.41262,-1.9878,-0.03227
-0.55906,3.9727,1.0539,0.77201,4.1564,0.12031,4.4141,0.072431
-0.6741,-0.83843,-0.54798,-0.64073,-3.8564,0.070001,2.5029,0.17426
4.563,1.3297,-1.2383,-0.1049,6.502,0.46556,-1.1676,0.033028
4.5182,7.1576,-1.2573,0.44097,-0.53305,0.059566,3.4146,0.085622
4.4729,1.0934,1.1976,0.43217,-3.3247,-0.039539,2.9046,0.012536
4.4312,-1.4925,0.76557,-0.21306,5.5554,0.31191,-1.1885,-0.072087
-0.57888,4.5736,-1.0672,1.8653,1.59,0.032703,2.9927,-0.098689
-0.70013,1.3202,0.38467,0.25953,-6.3165,-0.071903,-0.14861,-0.11168
-0.64415,-9.2898,5.0513,1.1062,6.6726,0.40191,-4.0817,-0.093553
-0.93209,1.6858,0.22493,-0.11791,3.5067,-0.32269,-0.21737,-0.092799
-0.73141,-0.11337,-0.5212,0.27992,-6.1777,-0.11786,-0.19424,0.054202
-0.58587,-19.662,-1.8521,-0.65552,2.1973,-0.006964,-5.3859,0.39089
-0.61985,-4.2256,-0.70207,-1.4714,1.1789,-0.77153,-1.5868,0.20573
-0.62177,4.034,0.6311,-0.058787,-2.618,-0.073834,-1.9266,0.041157
-0.47453,-14.903,-2.0335,-1.6479,-3.4109,0.02556,-3.7613,0.14116
-0.67423,-2.6771,0.59886,-1.2215,-4.7615,-0.49233,-0.060917,0.02047
-0.6128,5.5752,0.28496,0.037242,-0.20148,0.032183,-0.062985,-0.023801
-0.61207,-12.083,-0.74585,-3.1828,-6.5824,0.073819,-3.2824,-0.079948
-0.5995,-0.029537,1.6167,-1.1719,-9.7062,-0.44745,0.30673,-0.10207
-0.67432,2.4408,-1.1847,0.95942,2.4895,0.050299,0.33952,-0.11687
-0.58838,-6.0665,-0.921,-2.3727,-5.9296,0.13649,-2.8095,-0.008687
-0.59693,-1.9622,-0.76751,-1.4732,-9.3786,-0.33726,1.0867,-0.018812
-0.29273,0.80051,1.5173,0.60893,3.2769,0.065586,-0.11597,0.068391
-0.50929,-4.4338,-1.2374,-2.4674,-7.1865,0.10396,-1.2337,0.13663
-0.5971,-2.9898,-1.5401,-0.30855,-8.1838,-0.32921,1.1412,0.1131
-0.58465,4.0642,0.14053,0.19422,4.4867,0.1446,-0.4854,0.055346
-0.85365,-1.0233,0.023296,-1.6324,-8.2561,0.088445,-1.2623,0.023269
-0.62994,-2.0748,1.0871,-1.15,-6.6955,-0.15668,3.956,0.00065871
-0.54742,5.9376,1.1717,0.41899,4.1378,0.15415,0.070429,-0.038696
-0.55584,2.0279,1.8628,0.25227,-6.7518,0.091288,0.33011,-0.079291
-0.34076,-5.1968,0.76196,-0.45327,-3.4038,-0.020319,4.3489,-0.10188
4.5281,3.2657,1.0978,-0.064766,4.1068,0.10715,0.63264,-0.10127
4.51,2.1248,-0.80029,1.2192,-5.281,0.087957,-0.51828,-0.036262
4.4907,-7.5105,-0.81608,-1.966,-0.20053,-0.04305,3.8821,0.0014132
4.4623,4.0059,-0.30882,1.2168,3.1723,0.05827,0.83059,0.066882
-0.81385,4.9987,1.1753,1.8976,-4.1103,0.026728,-0.17295,0.17368
-0.60009,-1.9273,0.33952,-0.15494,-1.067,-0.062116,4.1724,0.15837
-0.64089,5.4738,0.075536,1.187,3.7508,0.078575,-0.62624,0.084162
-0.6392,10.278,0.77748,1.9001,-1.5357,0.092321,0.2951,-0.035215
-0.55253,0.65726,-0.52232,0.55425,-2.3672,-0.029477,3.2558,0.0035306
-0.58719,5.7111,-0.18763,1.6424,6.1497,0.35787,-2.4746,-0.10623
-0.63138,7.9992,0.74752,0.45207,2.8283,0.051467,2.75,-0.13296
-0.63265,-0.24652,-1.3088,0.10033,-2.9319,0.0090541,3.0829,-0.10268
-0.82169,1.8827,0.86916,1.2515,6.381,0.37156,-3.214,-0.051668
-0.65451,3.0986,1.0484,0.78561,3.7369,0.036489,1.5159,-0.04259
-0.60313,-2.0464,0.30628,-0.17019,-2.4704,-0.13022,1.1398,-0.043661
-0.60786,1.3688,-3.406,0.60239,6.9006,0.48378,-4.1213,0.069681
-0.25895,4.6642,-3.0597,0.67995,6.6366,0.43953,1.1735,0.096136
-0.50782,-1.6167,-0.96651,-0.30307,-0.93319,-0.049493,-0.0037305,0.096331
-0.61747,1.2458,-0.65849,0.44375,7.4214,0.62026,-4.0114,0.12605
-0.60184,5.1045,0.17076,1.4261,7.5185,0.46676,2.0685,0.031909
-0.713,0.74454,0.37016,-1.1118,-2.2423,0.026298,2.0189,-0.021245
-0.67233,-0.41278,-1.5696,-0.32327,6.7663,0.48306,-4.0064,-0.069702
-0.60419,2.8629,1.1326,1.2816,7.6982,0.25094,0.15481,-0.10937
-0.57578,1.1703,1.5861,0.39679,-3.8661,0.067113,1.3529,-0.095549
-0.57522,-2.6695,-3.2932,-0.45221,7.2459,0.56056,-5.2105,-0.072039
-0.46317,2.001,-1.1104,1.6703,7.2444,-0.017534,-3.713,-0.0615
-0.48429,-0.038457,-1.6043,-0.10784,-1.2015,0.035892,-0.16107,0.013217
-0.56646,-11.891,-3.9216,0.10789,7.0932,0.52145,-3.3073,0.098327
-0.56309,5.4413,0.12918,1.2512,6.154,0.038684,0.33034,0.06457
4.551,3.1197,-0.47505,0.66344,-1.0052,-0.009685,-0.062125,0.040451
4.5147,-11.222,-0.34452,-0.048015,6.1803,0.43992,-3.9288,0.12797
4.4674,1.0926,0.76102,-0.48461,4.5265,-0.1516,0.97788,0.030375
4.4096,4.7609,-0.19182,-0.16333,0.86806,-0.014883,1.2102,-0.038063
-0.43183,-11.881,-2.7514,-1.0493,3.4,0.031644,-2.8463,-0.074521
-0.59855,-1.9114,1.4073,-1.7752,1.2271,-0.39794,1.588,-0.13227
-0.63953,1.8443,-0.2648,-0.55909,2.762,0.0058132,2.688,-0.10687
-0.63858,-5.0549,-0.67215,-2.339,-3.1552,0.042855,-3.2108,-0.0799
-0.88504,-6.4688,0.89511,-2.4536,-2.0118,-0.2089,2.9553,0.050478
-0.70381,2.9735,-0.10477,-0.41914,4.6677,0.24644,1.7989,0.047606
-0.61152,5.8586,0.50096,1.7683,-2.4229,0.013694,-0.063717,0.21303
-0.61812,-5.5898,1.7257,-1.4209,-2.8436,-0.090456,5.1256,0.14885
-0.12623,8.2771,1.7645,0.63916,4.4277,0.17865,0.16925,0.2024
-0.56675,9.2646,1.2348,0.60761,2.0221,0.015484,1.7833,0.079075
-0.66162,-3.4459,0.26769,-1.3435,-1.6404,-0.0042109,4.8423,0.005794
-0.60723,6.9615,2.2991,1.5559,7.1711,0.57036,-2.4691,-0.049623
-0.69654,6.6824,0.9723,-0.16412,4.0826,0.14931,4.1639,-0.080776
-0.70763,-3.7986,0.75872,-1.074,-2.8432,-0.0141,4.994,-0.12607
-0.63642,1.2964,-0.87486,2.2035,7.7719,0.62802,-2.6114,-0.11052
-0.58763,1.9615,0.0036642,-0.72567,4.1031,0.19432,4.1533,0.0067188
-0.58307,-4.3764,0.66398,-1.0355,-5.3921,0.035276,3.2095,-0.041689
-0.34887,0.68257,-0.9346,1.5526,7.7001,0.64764,-3.4741,0.12775
-0.62484,2.2495,-1.1987,0.083635,5.4853,0.36641,6.8506,0.079757
-0.57934,-0.94427,0.71502,-1.1364,-3.54,0.023943,4.6396,0.026067
-0.57807,1.6977,1.6523,-0.90847,7.965,0.70151,-2.5548,-0.0039898
-0.79264,5.8742,0.4016,1.0678,6.6902,0.48504,4.9971,0.022392
-0.56709,1.1641,-0.19885,0.45421,-3.6403,-0.0078432,2.5227,-0.0016777
-0.55701,-1.8853,1.1379,0.37448,7.9208,0.64483,-2.4856,-0.09752
-0.54118,4.5456,-0.023105,0.084502,4.7212,0.19453,4.4065,-0.090365
4.5152,0.97741,1.2351,0.78038,-4.149,-0.04536,0.99213,-0.11081
4.4932,-9.399,1.3988,0.17427,6.5676,0.46339,-3.8659,-0.033804
4.4719,1.701,0.34218,0.20248,3.4855,0.0050496,2.7366,-0.030591
-0.65419,0.93162,-1.3309,0.19965,-2.5494,-0.064882,-0.080735,0.012901
-0.93997,-13.185,-1.0719,-0.16487,5.5172,0.3706,-4.5002,0.12524
-0.72622,-0.24497,0.49807,-1.0801,1.8816,-0.40609,0.13079,0.20388
-0.61832,1.8724,-1.7418,-0.26266,-2.2264,-0.01634,0.44888,0.10207
-0.62044,-13.5,-2.1948,-1.5373,0.60571,-0.0010342,-3.4118,0.052693
-0.37771,-2.3765,0.14635,-2.403,-1.2343,-0.43866,0.83003,0.0059887
-0.48675,4.5191,0.68667,0.032322,1.1989,0.047655,1.1142,-0.065054
-0.6689,1.9898,-0.74544,-0.82064,-4.4223,0.06051,-1.8897,-0.18798
-0.61699,-6.7997,0.85717,-2.5737,-3.4689,-0.11738,4.205,-0.14106
-0.72434,6.0416,0.75745,0.83701,2.7785,0.027235,0.63273,-0.12388
-0.82093,2.8311,1.6644,-0.74702,-2.3158,0.084132,-0.12073,-0.0845
-0.64022,-6.3396,0.51915,-0.96704,-4.2462,-0.038211,5.19,-0.016524
-0.59014,3.5849,3.0627,0.87225,4.5385,0.22364,-0.99624,0.11583
-0.58646,4.7726,0.5902,-1.1341,-2.2503,0.031387,1.6779,-0.022243
-0.35294,-3.7849,0.33802,-0.90999,-5.938,-0.063573,5.4922,0.17334
-0.54658,4.2563,0.71017,0.042387,5.9173,0.38932,-1.2624,0.13878
-0.58584,4.3113,3.662,-1.1075,-1.7323,0.01105,2.1475,0.064229
-0.58242,-3.0614,1.5704,-0.42738,-6.873,-0.019318,4.1361,-0.028255
-0.68535,4.5652,-0.0019119,1.7528,6.1778,0.38423,-1.606,-0.071333
-0.59699,3.9914,-2.162,-0.21552,0.56984,0.061106,1.8755,-0.11193
-0.56084,-2.573,0.018863,-0.93916,-4.8449,-0.040098,3.8082,-0.092409
-0.54956,1.4335,-0.89785,0.32767,6.0895,0.4495,-1.7974,-0.051935
-0.35865,4.301,-0.48697,1.0563,1.9288,-0.0080485,3.7742,-0.073913
-0.43848,-3.4392,-0.8375,-1.4778,-4.217,0.039499,3.8825,0.049213
-0.5588,-0.29454,-1.8742,0.27493,6.5636,0.50316,-1.6675,0.19509
-0.53621,5.1621,-0.73207,0.59524,-1.822,0.0041319,3.1833,0.057609
4.539,-1.0238,1.3789,-0.49929,-2.8776,-0.067199,3.4002,0.10198
4.5002,0.87175,-0.98233,0.1829,5.6904,0.36259,-0.88856,0.1525
4.4568,5.798,-0.97504,0.94785,2.2635,0.030995,3.0085,0.029012
-0.64051,2.2171,0.96194,0.38831,-4.827,-0.10639,1.8623,-0.044585
-0.54308,-4.5978,5.134,1.1721,5.8683,0.36853,-3.8387,-0.092093
-0.57698,4.0309,-0.57547,0.67926,2.6718,-0.12942,2.1337,-0.12059
-0.59632,0.45399,0.92499,0.98183,-6.5938,-0.076408,0.20863,-0.066757
-0.63325,-13.153,0.83352,-0.10537,5.0034,0.22585,-4.1201,-0.035678
-0.69465,-1.9236,-0.99959,0.34298,2.6472,-0.30415,-0.064591,0.080244
-0.83928,0.89889,-0.76006,-0.38215,-6.6668,-0.1091,-0.69174,0.21537
-0.62066,-18.573,-3.7799,-1.4134,-2.002,0.057448,-4.0346,0.27629
-0.60658,-4.1876,-2.9093,-1.8826,-3.4501,-0.54039,-1.0311,0.2361
-0.60615,4.6245,-0.84128,-0.068672,-1.2087,-0.073359,-0.36468,0.025118
-0.26409,-11.479,-4.2655,-2.2226,-5.7144,0.054131,-2.7166,0.060871
-0.5819,-0.70443,0.61416,-0.59609,-8.3458,-0.50116,-0.54713,-0.021464
-0.59051,4.2468,-0.91308,0.36553,1.9979,0.020118,0.12943,-0.089002
-0.5871,-7.4298,-0.61208,-2.1028,-7.2313,-0.0058473,-3.0104,-0.079243
-0.64807,-0.23512,0.363,-1.403,-9.1598,-0.66048,-1.5246,-0.12081
-0.64689,1.1762,-1.286,-0.07196,2.7041,0.0015456,-0.3784,-0.077782
-0.57415,-5.6186,-1.3845,-2.3012,-8.145,0.079178,-3.3393,0.054713
-0.57069,-3.3369,-1.8688,-0.9771,-9.4528,-0.56826,0.26002,0.038699
-0.34423,1.8521,-0.8106,0.51461,1.9627,-0.080964,-1.4438,0.072942
-0.489,-4.1297,0.42036,-1.8594,-8.6302,0.059913,-1.6589,0.14019
-0.57648,-1.9581,0.252,-0.95942,-8.4555,-0.42438,2.6775,0.020591
-0.56071,4.7684,1.2476,0.94276,2.7945,0.040943,-0.53061,0.076982
-0.75049,0.65107,2.3677,-1.343,-8.8647,-0.0090818,-1.7129,-0.0089548
-0.55158,-2.8295,0.7211,-1.0193,-4.3515,-0.13841,3.9594,-0.045924
-0.46916,4.379,3.0547,-0.11822,3.1485,0.08204,0.58826,-0.098664
4.5229,3.2569,0.28563,0.91367,-5.7658,0.033376,-0.53255,-0.079705
4.4999,-5.8615,1.2376,-0.99339,-3.2714,-0.23034,2.5376,-0.076517
4.485,2.4392,-0.717,1.5528,1.7151,0.048477,0.14295,-0.10485
4.4638,1.6237,1.6934,2.0974,-6.2435,0.011865,-1.6802,0.0019486
-0.65816,-5.2808,-0.15865,-0.5568,-2.4379,-0.055686,3.6304,0.0313
-0.65673,4.5798,0.51212,1.0478,2.3662,0.022544,-1.2539,0.03809
-0.81664,8.0886,-0.3037,2.4684,-4.7092,0.0051587,-1.069,0.15778
-0.61325,-1.298,-0.033794,-0.099161,-3.6232,-0.069592,3.7366,0.064132
-0.63038,6.2302,-0.52969,0.646,4.6858,0.19845,-1.8782,0.057609
-0.63552,10.282,1.2187,1.7752,0.86499,0.093014,1.3707,-0.016597
-0.43188,1.104,0.061011,0.25908,-4.7872,-0.074033,2.5816,-0.0799
-0.55259,3.0042,2.6041,1.4312,5.8406,0.29155,-4.3,-0.13055
-0.62118,4.6859,1.3432,0.90915,3.7037,0.0076872,0.20932,-0.13196
-0.62213,-1.5094,0.99289,0.19034,-7.6792,-0.36365,-0.94777,-0.098056
-0.80717,0.14747,-0.60113,1.3494,5.2165,0.22566,-4.6191,-0.071114
-0.66952,2.0906,-1.8455,0.62492,4.4494,0.0039778,-1.4092,0.039064
-0.5948,-1.8284,-0.62142,0.38453,-5.1257,-0.25791,-0.97473,0.077372
-0.59682,-1.0333,-0.60022,0.91938,4.4882,0.17285,-5.2599,0.021808
-0.36851,3.7981,-0.13123,0.82862,4.9868,-0.3027,-1.7678,0.15021
-0.4042,-0.07383,-0.24238,-1.0729,-3.6522,-0.055179,-0.07037,0.12172
-0.66381,-0.11587,-3.4953,0.33695,3.945,0.096268,-4.2171,0.077883
-0.59116,3.8655,1.6854,1.381,6.3323,-0.48052,-5.43,-0.01336
-0.66102,1.2766,0.56632,0.21144,-4.0765,-0.13986,-1.7956,-0.059651
-0.60781,-2.0668,-1.4217,1.0837,4.8483,0.26863,-5.4448,-0.1076
-0.55941,1.8193,-0.093242,1.5557,4.8912,-0.90631,-4.3743,-0.095622
-0.56195,0.61287,0.13857,0.16376,-3.7195,0.02162,-1.047,-0.057265
-0.55613,-9.6147,-1.5608,1.19,5.0899,0.3086,-6.706,-0.059821
-0.34158,3.6343,0.097943,0.70195,4.6145,-0.44976,-0.78213,0.0451
-0.51257,-0.38144,-1.2794,1.1389,-3.4291,-0.020807,-0.84617,0.12824
4.5539,-10.449,-0.87297,0.24513,5.8905,0.35414,-3.8292,0.026481
4.518,1.4428,-0.0062096,0.71154,2.7764,-0.42158,-0.42953,0.058169
4.4805,4.1739,-1.3962,-0.1125,-1.1111,0.026875,-0.38609,0.11427
4.4373,-11.528,-3.6569,-0.72981,1.9103,0.023821,-2.552,0.049724
-0.6565,-0.98082,1.2968,-1.1332,-0.28898,-0.4637,0.79217,-0.021416
-0.65731,3.5641,-0.53675,-0.61324,-0.97721,-0.010083,0.97863,-0.072087
-0.39644,-6.9189,-1.8461,-2.896,-2.8701,0.0013274,-4.8798,-0.10475
-0.57418,-4.5204,-0.81041,-2.1039,-2.4158,-0.36758,1.1307,-0.0909
-0.64455,2.7155,1.2097,0.21728,1.095,0.0084829,1.0654,-0.067828
-0.64681,1.8916,-0.73299,0.48027,-4.8774,0.026818,-0.67566,-0.11755
-0.84534,-6.1268,1.1701,-0.78597,-3.9698,-0.061744,4.3768,0.14294
-0.73013,5.2004,0.044232,1.2294,2.8497,-0.020165,-0.99321,0.14773
-0.62132,8.095,1.1533,0.1418,1.0417,0.043773,0.44834,0.28909
-0.61851,-4.173,-0.20904,-1.1422,-3.2097,0.018558,4.067,0.091244
-0.46314,7.6344,2.1107,2.3454,5.2688,0.23145,-2.9715,0.049018
-0.5565,7.95,0.71757,0.13274,0.88172,0.0932,2.2946,0.024461
-0.57368,-3.4938,0.64454,-1.0783,-6.2121,-0.068456,3.0011,-0.040983
-0.60211,4.4401,0.43568,1.7498,6.7877,0.43586,-3.4543,-0.085789
-0.87011,3.5465,1.7452,-0.72006,1.6045,0.080256,3.832,-0.14593
-0.65901,-3.7508,1.5483,-0.74082,-6.8922,0.022127,2.7665,-0.086714
-0.62291,0.57172,-0.37081,1.7546,6.3797,0.35602,-4.351,-0.042298
-0.58307,1.6106,-0.50858,0.017781,3.964,0.09605,6.6166,0.043007
-0.57274,-2.3224,0.19684,-1.0016,-7.049,0.04256,3.1762,0.0044554
-0.42869,1.1384,0.83436,0.2737,6.723,0.43712,-4.5399,-0.00092325
-0.54678,4.1227,-0.49545,0.37038,4.4666,0.134,5.1914,0.028623
-0.57573,-0.20112,-0.057897,-0.22441,-6.9939,0.011743,1.936,0.060652
-0.56574,0.41902,-0.0069805,0.37292,6.5374,0.43517,-3.5774,0.016016
-0.8103,6.5247,-0.22595,0.3735,2.4487,-0.044108,3.5016,-0.0070321
-0.58796,0.58755,1.4732,-0.11632,-7.5677,-0.010699,0.061432,-0.074983
4.5061,-3.3058,0.68139,-0.17676,6.5303,0.44086,-3.9598,-0.073669
4.477,4.2581,0.67147,0.41561,2.1138,-0.088165,1.949,-0.090511
4.4581,0.62428,-0.32656,0.78573,-7.4882,-0.11545,-0.291,-0.079097
-0.64499,-12.876,2.2439,0.2077,4.4117,0.076553,-6.1456,-0.014698
-0.66493,-0.40668,-1.7878,-0.76148,0.99309,-0.48387,-1.5192,0.035778
-0.6519,0.80233,-2.916,-0.49287,-6.7084,-0.057868,-0.55306,0.16764
-0.88735,-15.548,-2.9968,-1.0893,1.1683,0.032683,-5.538,0.12198
-0.79103,-2.236,-0.57287,-2.2769,-1.5348,-1.0058,-1.4245,0.067101
-0.61822,3.3083,-0.45866,-0.27374,-4.0412,0.036656,-0.514,0.10633
-0.62807,-2.4454,-1.0163,-1.6442,-7.657,0.060888,-3.7871,0.01037
-0.44947,-5.9608,0.36875,-2.6168,-6.5505,-0.26674,1.7389,-0.097983
-0.56979,6.8477,0.60134,0.0094245,-0.036295,0.020368,-0.61294,-0.11765
-0.69471,5.815,0.7798,-0.23202,-4.2392,0.11899,-2.034,-0.15486
-0.61598,-6.7997,0.89786,-0.73809,-5.974,-0.054652,3.6437,-0.093505
-0.79667,6.4887,2.6159,1.7144,1.311,0.0018152,-2.0817,-0.058239
-0.78794,2.9011,0.12313,-0.6977,-4.2992,0.056852,-0.50363,0.063256
-0.6576,-4.8776,-0.083195,-0.98429,-8.3105,-0.060871,3.1943,-0.0060099
-0.59458,3.6355,3.551,0.13918,5.6033,0.28816,-2.3815,0.17475
-0.58253,4.1117,-0.86093,-0.50925,-2.8227,0.10139,1.2497,0.031324
-0.34256,-3.0926,-0.41323,-0.82225,-8.4246,-0.034951,3.2622,0.10385
-0.57769,4.0962,-1.0107,1.4751,4.6776,0.10437,0.16601,0.033588
-0.58682,4.0674,0.95346,-0.72853,-1.9492,0.1018,0.50511,-0.041665
-0.5875,-2.6717,1.1418,-1.0432,-6.9214,0.023564,2.9767,-0.080727
-0.75899,3.6948,1.4329,1.0646,5.1331,0.229,-1.3626,-0.082406
-0.58973,4.5405,-1.0166,0.45858,-2.0119,0.090415,1.1017,-0.093091
-0.55692,-3.7556,-0.13795,-0.44915,-5.9909,0.062878,2.4759,-0.085522
-0.55546,1.1928,-0.13611,0.40471,5.6241,0.22735,-2.0046,-0.052398
-0.29029,2.8924,-0.23875,0.7944,-3.1299,0.10706,0.8319,0.14712
-0.41429,-4.5539,0.73512,-1.3787,-4.0676,0.017621,3.2352,0.2306
4.5378,1.472,-1.9326,-0.071722,5.581,0.26444,-1.5842,0.025654
4.5064,5.7151,0.15834,1.2608,-2.6301,0.096351,0.53483,0.15562
4.4623,1.3132,1.0659,-0.17968,-4.0313,0.045595,2.712,0.095844
-0.7013,2.039,1.2389,0.62123,5.2385,0.23139,-1.8877,-0.0050607
-0.6615,6.393,-1.2279,1.5627,0.12784,0.080628,1.5674,-0.056973
-0.64618,1.1049,1.201,0.56857,-7.5035,-0.087035,0.63062,-0.10867
-0.63874,-4.0285,4.0503,2.0915,5.9293,0.23156,-4.5447,-0.077198
-0.44125,3.2367,0.25253,0.98236,2.1453,-0.057258,0.39497,-0.091923
-0.60822,-1.2198,1.1651,-0.1503,-8.0269,-0.12561,-0.75761,0.037312
-0.63727,-16.299,0.43735,0.27429,3.904,-0.03386,-5.4278,0.11157
-0.63313,-3.9277,-0.65319,-0.49626,-0.020219,-0.70877,-1.7958,0.18278
-0.71858,2.165,-0.45858,-0.60855,-4.8766,-0.0080357,-0.6243,0.26419
-0.66782,-17.152,-3.9326,-0.47435,-1.0132,0.077003,-5.6398,0.23277
-0.61026,0.55272,-0.46287,-1.2865,-2.551,-0.40548,-1.1679,0.091123
-0.60297,4.0313,-0.23968,-0.11684,-0.56614,0.053701,-0.28644,0.015894
-0.27863,-11.417,-2.9023,-2.3972,-5.1167,0.099509,-3.5979,-0.013774
-0.54326,2.2304,1.6774,-0.73685,-6.7086,-0.99948,-2.0173,-0.060867
-0.59485,2.2693,-1.9096,0.70478,-0.67875,-0.045122,-0.92411,-0.11568
-0.59862,-8.8585,-0.13337,-1.5494,-7.0922,0.12008,-5.325,-0.10918
-0.78053,0.74358,0.6585,-0.78626,-8.7806,-0.77084,-1.9555,-0.054759
-0.68087,-0.076694,-2.2958,0.40275,0.32789,0.04145,-1.2412,-0.0090764
-0.56465,-6.7783,-1.5186,-0.25425,-7.3173,0.093887,-4.4104,0.043469
-0.56967,-3.1328,-2.1534,-0.32683,-5.8483,-0.63779,-1.3677,0.083091
-0.48942,4.1696,-2.8889,0.16662,1.8473,0.020785,-1.5972,0.0044798
-0.50384,-6.9883,-0.94328,-1.8002,-4.8796,0.15996,-3.4672,0.12072
-0.5022,-0.23757,-0.13809,-1.0805,-3.4421,-0.34956,0.29363,0.041498
-0.56599,4.7382,-0.53131,0.73753,4.5954,0.097872,0.55191,0.023901
-0.72681,-3.3135,1.1738,-2.1207,-2.8584,0.08745,-2.8874,-0.054929
-0.67674,-1.4564,-0.27726,-0.73643,-0.018344,-0.1704,2.1533,-0.10869
4.5051,4.24,-0.71145,0.71977,3.3176,0.094439,0.84595,-0.090292
4.482,-2.2492,1.4476,-0.34288,-2.2646,0.13807,-1.8469,-0.050232
4.4581,-4.3122,0.88686,-1.3203,0.3172,-0.1093,2.2028,-0.052885
-0.44011,3.5424,-0.48393,0.83703,3.4624,0.075398,1.4078,0.034999
-0.59581,0.02731,0.4566,0.079203,-2.7029,0.084184,-1.4678,0.095917
-0.64922,-4.9382,0.32961,-1.056,-1.1306,-0.1083,4.2323,0.11432
-0.63761,5.6105,0.72856,0.75029,3.6897,0.074853,0.55915,0.030205
-0.79886,8.763,-0.54089,2.0756,-4.1671,0.14045,-0.89896,0.10721
-0.71369,-0.96185,0.7659,-0.52063,-1.6397,-0.048145,4.8494,0.063694
-0.62457,6.9912,-0.54282,2.1086,6.1126,0.31184,-0.2144,-0.019517
-0.62201,10.646,0.49548,1.9262,3.6086,0.11963,1.9688,-0.11385
-0.32148,-1.5377,-0.77098,0.085279,-1.5793,-0.062411,2.7892,-0.11704
-0.6261,4.7401,2.4411,2.0046,6.2227,0.28608,-2.8662,-0.15695
-0.60822,4.7479,1.698,1.302,2.9348,0.10632,0.94956,-0.11324
-0.60516,-4.8168,0.20114,-1.061,-2.7818,0.027588,3.1979,-0.071795
-0.94994,2.5798,-3.3407,2.5574,7.7156,0.52872,-3.2144,0.036849
-0.67913,5.3105,-1.9313,0.15644,5.9037,0.33574,3.8463,0.0038956
-0.58158,-4.0874,-1.0548,-0.82934,-1.6116,-0.034341,3.9029,0.17884
-0.58096,1.7109,-0.84799,1.5432,8.0233,0.61478,-5.04,0.14773
-0.48418,4.4409,-1.603,-0.13192,7.1195,0.46887,5.1097,0.087253
-0.48992,-0.77202,1.1271,-0.9429,-2.7032,-0.0071052,3.4536,0.050649
-0.62879,2.5276,-0.63551,-0.58792,8.6789,0.71178,-6.124,-0.013652
-0.57411,3.6922,0.85908,0.35158,7.9476,0.61613,6.6612,-0.069556
-0.75664,0.49784,0.6592,-0.74017,-4.4925,0.025156,2.3031,-0.062376
-0.84944,-0.81615,-0.65852,0.22032,8.3725,0.63536,-3.3658,-0.11402
-0.54071,4.8216,0.034814,0.71768,6.9939,0.4226,3.3184,-0.097545
-0.55138,-1.9356,-0.35529,0.019875,-2.5152,0.017686,1.5137,-0.018544
-0.55553,-3.7787,-0.089401,2.3992,8.4121,0.65618,-3.7772,0.0067675
-0.4363,4.0617,0.041283,0.14026,5.9763,0.28967,4.0535,-0.018666
4.5421,1.2228,0.011546,0.85736,-2.2238,0.0097921,1.1122,0.057244
4.5137,-10.64,0.95607,0.56114,6.9167,0.43697,-3.4941,0.25158
4.465,3.4853,0.43507,-0.11974,5.281,0.065753,-0.074936,0.083821
-0.87314,2.4418,-1.5709,0.46249,-3.3075,-0.009024,0.39409,0.05116
-0.7282,-12.874,-0.96934,0.6548,5.2425,0.2513,-4.4303,-0.02991
-0.63758,-0.73637,0.72765,-1.5128,3.5226,-0.40411,-0.31893,-0.079924
-0.63379,2.2679,-0.25109,-0.19982,-0.31833,0.081623,0.93226,-0.089075
-0.44969,-9.8654,-1.9041,-2.6231,-2.3959,0.088041,-3.8104,-0.10959
-0.53197,-7.349,0.69561,-2.9397,-1.7819,-0.21214,1.7996,-0.010975
-0.63108,2.0494,-0.89324,-0.58714,3.9297,0.10985,1.4478,0.080998
-0.62974,2.2337,-0.69309,-0.43519,-0.70012,0.031881,0.13346,0.033004
-0.77678,-6.1438,1.2654,-1.293,-2.0717,-0.079328,4.3113,0.23109
-0.69212,6.871,-0.52146,1.0083,5.1805,0.24918,-0.47768,0.137
-0.61117,5.7987,1.534,0.10191,-0.39507,0.049029,-1.4174,0.062866
-0.59389,-5.1285,-0.42754,-1.2367,-3.0985,-0.021044,4.6365,0.05739
-0.65542,7.2165,6.373,-0.32166,6.8792,0.45363,-0.95873,-0.013214
-0.3685,5.577,0.23602,-0.56682,0.86866,0.10601,3.1873,-0.041884
-0.59751,-2.9306,0.17995,-1.1034,-4.1402,0.037817,4.6677,-0.13103
-0.58887,3.266,-0.60384,-0.93979,7.5302,0.56543,-0.973,-0.1139
-0.57777,2.6536,2.7975,-2.001,3.525,0.066863,3.1584,-0.096644
-0.78756,-4.4669,0.51702,-0.9635,-4.8606,0.00020436,4.1128,-0.03322
-0.54384,0.35526,-1.0503,2.0173,7.443,0.5302,-0.80959,0.024145
-0.55979,3.782,-3.0176,-0.42684,2.3152,0.10515,2.7406,0.00063437
-0.56244,-2.8783,0.46783,-0.63928,-4.1673,0.073242,3.9891,-0.011389
-0.40189,2.4958,0.48987,0.18667,7.3413,0.56347,-1.9771,0.12651
-0.47723,5.2838,-0.35246,1.1847,4.1868,0.14631,5.0056,0.089614
-0.55734,-0.62062,1.2613,-1.3172,-1.7227,0.072562,3.5467,0.035024
-0.55109,3.061,-0.22409,-0.097562,7.2894,0.55584,1.7294,-0.0091495
4.5201,6.8422,2.0718,0.28366,3.5995,0.034987,4.6637,-0.045705
4.4848,0.37141,1.2714,0.061662,-2.8299,-0.0046537,2.8049,-0.12952
4.4578,-2.3786,-0.68798,-0.82955,6.977,0.47828,-0.86433,-0.10696
4.458,3.6938,-2.7786,1.3577,2.8808,0.01207,3.0033,-0.059505
-0.45853,-0.39615,-0.35449,0.037319,-4.0391,-0.12024,0.70708,-0.0089061
-0.55383,-7.7077,0.99566,1.1846,6.9785,0.48628,-2.9133,0.079513
-0.6516,1.387,-0.53371,0.58472,4.1848,-0.23307,0.81701,0.095357
-0.64019,1.6522,-1.4662,0.069755,-5.0975,-0.086746,0.1993,0.036289
-0.73044,-17.438,-0.069448,-0.32124,3.5564,0.015305,-5.0731,0.14403
-0.6589,-2.4323,-1.1531,-2.041,0.46845,-0.50705,-0.42636,0.16345
-0.65874,3.8708,-0.15035,0.20052,-1.2506,0.0019884,-0.24582,0.0064024
-0.61564,-9.3058,-2.9878,-0.56158,-1.5256,0.064078,-3.9822,-0.081798
-0.60669,-4.9876,-0.47599,-2.1899,-2.38,-0.26106,2.1779,-0.12733
-0.49099,5.8131,-0.67394,0.01726,0.67703,-0.01025,1.2002,-0.12179
-0.58235,-8.8624,-1.4531,-3.0833,-3.3282,0.0054924,-2.4268,-0.13858
-0.59796,-3.5785,0.45238,-0.78246,-5.4495,-0.22322,1.8982,-0.047871
-0.59632,5.0078,-0.97702,0.10792,4.0365,0.075218,0.59007,-0.028498
-0.82967,-3.8249,-2.6382,-2.8561,-4.6076,0.067594,-1.3429,0.0791
-0.60895,-1.8666,-0.90435,-1.2695,-6.984,-0.15804,4.6053,0.14024
-0.57757,2.2981,3.6065,0.42194,4.6564,0.16386,1.455,0.16874
-0.5723,-0.3777,-0.12618,-2.1471,-4.6198,0.047392,1.0847,0.04398
-0.32528,-1.7654,-0.35291,0.029233,-7.7487,-0.10197,4.5891,0.029937
-0.59524,4.2655,2.2108,-1.2421,4.4354,0.15181,-0.13981,-0.039864
-0.56883,0.39947,1.0196,-0.85613,-5.994,0.026497,1.0653,-0.044099
-0.56533,-3.5502,0.51592,-0.86693,-5.4743,-0.055211,4.6795,-0.086301
-0.97747,4.9172,0.24555,0.67795,4.5834,0.15234,0.1622,-0.094673
-0.61737,1.1279,-0.089504,0.32611,-5.0313,0.056819,0.52077,-0.070408
-0.54376,-6.396,0.046577,-0.52919,-1.6111,-0.017765,5.5472,0.037263
-0.54922,1.7385,0.98549,0.50669,5.6944,0.36254,-0.30243,0.072261
4.5553,4.3908,2.9564,1.3726,-4.546,0.066311,-0.18257,-0.014479
4.5301,-3.9302,1.0274,-1.3106,-0.30907,-0.086214,5.2213,0.17061
4.488,4.0913,2.3311,0.33024,4.5706,0.19952,0.29113,0.1368
-0.67826,7.8329,1.7782,2.0807,-2.8751,0.062377,0.31208,0.074378
-1.0002,-0.65377,1.4523,-0.0055216,-0.8939,-0.068219,3.5198,-0.0020671
-0.82284,5.8241,0.51347,0.81468,4.7106,0.18041,-0.76212,-0.064299
-0.69297,8.2207,1.1801,2.1557,1.6851,0.0013467,1.0732,-0.097204
-0.6343,0.74009,-0.083805,0.47647,-2.5119,-0.080367,3.3444,-0.075348
-0.62171,2.631,3.5024,0.96956,6.8891,0.48295,-2.8086,-0.035483
-0.53367,4.8113,0.83731,-0.47799,5.1378,0.30542,2.9309,-0.051935
-0.63753,-1.3444,-0.51793,0.27565,-4.7073,-0.15808,2.0763,0.126
-0.62769,-5.0912,-0.071407,0.76237,6.0694,0.35523,-2.5547,0.14715
-0.62641,4.059,-1.7972,-0.7766,2.2975,-0.14919,1.1323,0.13771
-0.85388,0.96715,0.086072,1.1152,-4.1429,-0.21691,0.92063,0.13218
-0.61644,-2.8901,-2.4757,0.43885,5.5066,0.30427,-3.8886,0.099519
-0.59558,4.9674,-0.95799,0.48189,5.0218,-0.11926,-2.0684,0.050381
-0.5912,1.2211,0.05433,-0.30558,-1.5607,-0.26936,0.094762,-0.038452
-0.36999,-2.7743,1.8814,0.49514,1.4377,0.068859,-3.6718,-0.065735
-0.52147,2.5907,0.97992,1.5146,5.5785,-0.76102,-3.8087,-0.099492
-0.58937,-0.074022,-0.12072,-0.68108,-1.7689,-0.24793,-0.53878,-0.11784
-0.59547,-5.5574,-2.1018,0.39754,3.739,0.12468,-1.7767,-0.051935
-0.78334,0.26085,2.4327,0.70285,5.8268,-0.9786,-3.0967,0.0080087
-0.67165,-1.2374,-0.30385,0.44643,-2.0949,-0.055557,-0.47043,0.071117
-0.57398,-4.0738,-0.86915,1.4784,4.1287,0.14973,-3.1943,-0.029155
-0.56089,0.41549,-1.1078,1.2284,5.2546,-0.89556,-2.8966,0.047704
-0.27395,2.815,0.35041,0.21906,-2.3457,-0.10803,-0.46778,0.04527
-0.45657,-10.379,-1.828,0.2898,4.45,0.2311,-4.0222,0.1004
-0.53745,5.4101,0.68859,0.3979,3.8687,-0.56488,0.34728,0.037117
-0.55672,3.1486,-0.44248,0.85539,-0.21748,0.060465,1.7129,-0.027573
4.5105,-9.9669,0.65636,-2.5386,4.249,0.18897,-3.1374,-0.054759
4.4767,1.3899,0.0044864,0.82606,4.0646,-0.37867,1.0471,-0.11242
4.4556,2.1774,-0.87164,-0.032665,0.53152,0.013264,0.97146,-0.12067
4.6975,-12.418,-3.2686,-1.5743,3.9121,0.15979,-2.1597,-0.066587
-0.64821,-2.5908,-0.17514,-1.4364,2.6736,-0.52764,1.9895,-0.031638
-0.44195,2.1666,-1.3237,-0.51647,1.781,-0.013375,2.218,0.097183
-0.57545,-7.8628,-0.68491,-2.7037,-3.132,0.054034,-2.8112,0.094481
-0.65245,-4.2195,0.72579,-2.5369,-2.087,-0.50922,2.5467,0.04712
-0.63984,5.4075,0.55098,-0.37988,3.1759,0.077972,2.451,0.093289
-0.72616,5.3153,0.30688,-0.23409,-3.2293,0.033832,0.059557,0.062745
-0.6473,-4.3684,1.6629,-1.4176,-3.3292,-0.19259,4.4192,0.012219
-0.62077,8.4907,0.79453,2.0125,4.7139,0.23025,1.3197,-0.064688
-0.61007,8.4754,0.45713,0.12547,-0.22377,0.025123,0.91823,-0.10098
-0.53944,-6.8578,-0.88141,-0.93741,-3.8147,-0.097322,4.5236,-0.11144
-0.55949,6.0353,3.9082,1.193,6.0942,0.39055,-0.60478,-0.077344
-0.62888,3.8052,2.9241,0.20403,1.6772,0.095549,1.9344,-0.062644
-0.60377,-5.6842,-0.58244,-0.88826,-4.4623,-0.10127,4.0166,-0.069434
-0.70489,2.7706,0.58933,-0.34108,6.5163,0.4532,-2.5673,0.087399
-0.67991,2.5381,1.4759,-1.6623,3.4511,0.10795,3.9948,0.16321
-0.54974,-4.2229,1.4126,-0.98081,-6.1995,-0.078699,2.8359,0.17859
-0.57817,3.3496,-0.30109,2.9557,6.1145,0.43683,-1.2138,0.082799
-0.55848,4.4669,-0.68447,0.11276,0.7692,-0.017046,1.1382,0.09543
-0.4064,-2.3302,1.7511,-0.53761,-5.7861,-0.046855,3.2681,-0.00024179
-0.57961,3.7364,0.43774,0.38921,7.4652,0.65748,-1.0499,-0.046094
-0.56699,3.9224,-1.3446,0.72842,3.6662,0.090755,4.8497,-0.10857
-0.54808,-0.0054162,0.5498,-0.85313,-3.9802,0.019957,4.7765,-0.066709
