tachometer_signal,underhang_bearing_axial,underhang_bearing_radial,underhang_bearing_tangential,overhang_bearing_axial,overhang_bearing_radial,overhang_bearing_tangential,microphone
-0.69856,-0.0015951,0.2806,0.48036,0.50394,-0.052246,1.6079,0.16565
-0.61938,1.2663,-0.01167,-0.24172,-0.88194,0.034403,-0.46984,0.18543
-0.61588,7.8158,0.086663,0.45841,1.7651,0.040282,0.97159,-0.0010449
-0.47621,-0.55759,1.1344,-0.23945,-3.8792,-0.038018,1.7827,-0.050256
-0.5187,1.2955,1.9694,-0.034515,2.21,-0.059003,-2.1139,-0.11042
-0.60327,4.7354,2.0318,0.4275,4.9881,0.083125,-1.0378,-0.097107
-0.6102,-2.8793,1.0271,-1.494,-6.4047,-0.095397,0.23907,-0.12308
-0.65333,-0.29932,-1.0545,0.67267,3.7565,0.095761,-3.2422,-0.058044
-0.65921,-0.34258,-0.31589,0.37749,5.2578,-0.44924,-1.1544,0.017379
-0.55503,-1.2829,-1.3274,-0.20401,-7.0325,-0.076138,-1.4321,0.10573
-0.57986,-2.5661,-1.4131,-1.3334,2.0085,0.014734,-3.5861,0.12145
-0.52723,1.6304,-0.19797,-0.20351,-1.0218,-0.25972,1.9546,0.09728
-0.35433,1.9181,0.091731,-0.38784,-3.0093,-0.040675,-0.030593,0.039161
-0.52333,1.4042,1.5756,0.8052,-0.94886,0.0042538,-1.0556,0.081996
-0.57604,-1.6774,0.41796,0.24198,-4.8494,-0.08554,1.587,0.031884
-0.57981,3.1665,0.89827,-0.91902,2.9503,0.059155,-0.51586,-0.052422
-0.68181,5.1817,-0.89032,1.9838,3.9825,0.14108,0.38228,-0.099686
4.4963,0.73943,1.8582,-0.31627,-5.8924,-0.10813,1.4508,-0.087785
4.4675,-5.0405,1.0195,-0.1605,2.5138,-0.038987,-1.0498,-0.10937
4.4446,-0.026679,-0.42222,1.1088,0.92713,-0.10889,0.5818,-0.039182
-0.50389,-0.87723,-2.2417,0.3116,-2.6544,0.0066219,2.1513,0.013972
-0.60411,-5.4449,0.67283,-0.95948,0.60241,-0.039173,-2.2563,0.11395
-0.6545,-1.3516,-0.10026,0.41973,-0.44639,-0.11367,0.82847,0.104
-0.6424,1.138,-0.0027213,-0.009324,-3.4489,0.010665,0.36127,0.032176
-0.88007,1.3087,1.4272,1.1617,-0.23667,-0.038974,-0.64464,0.11417
-0.69264,0.79613,0.96131,-0.24328,-4.3804,-0.066172,1.1463,0.15554
-0.62655,-1.669,0.89794,-0.48446,2.3562,-0.0032162,-1.6818,0.0092743
-0.62564,3.9113,0.12108,0.023054,4.1786,-0.040592,-0.36453,-0.069872
-0.35887,0.36522,1.1049,-0.17166,-5.1774,-0.027166,0.20865,-0.15795
-0.54467,-3.9032,-2.1345,-0.70516,0.24442,-0.025562,-2.1225,-0.13016
-0.60204,-2.9527,-1.5519,-0.73879,-1.0988,-0.154,0.55052,-0.10068
-0.61059,-0.57112,-0.11754,-0.45557,-1.2006,0.00089745,-0.33143,-0.070797
-0.77696,-1.2114,0.18333,-1.5451,-1.9552,0.069982,-1.1307,-0.051351
-0.67161,-2.6969,-0.1639,-0.091608,-4.1752,-0.067507,1.6884,0.1223
-0.61763,-0.46972,-0.85188,-0.74014,1.9,-0.0072014,-2.3866,0.14963
-0.59,0.31223,-0.79224,-0.80612,2.3561,0.089838,0.261,0.18833
-0.58067,-0.64918,1.0491,-1.0928,-6.318,-0.047523,1.596,0.054421
-0.39712,1.5106,-1.3453,-1.0646,3.54,0.043388,-3.1954,0.079854
-0.59759,4.9266,-1.565,0.73206,4.8411,0.085416,-0.44265,0.0083982
-0.57774,-0.35429,0.19969,-0.28248,-8.2298,-0.054479,0.7657,-0.027135
-0.57311,0.59041,-0.5267,0.52083,3.648,0.070322,-2.9897,-0.061914
-0.64328,2.5284,-0.74538,1.0957,1.6992,-0.11543,0.77501,-0.13198
-0.5622,-1.2093,-0.57157,-0.85765,-1.8458,0.052501,1.0333,-0.091606
-0.55351,-5.5156,-1.8163,-0.51544,1.5724,0.08299,0.060353,-0.067098
4.5282,-2.9995,0.14262,0.53414,-0.91375,-0.051469,1.825,-0.067049
4.5211,0.69507,-0.0663,-0.3496,-1.469,0.068634,1.9365,0.15686
4.4877,2.2298,1.8362,1.5688,3.9351,0.1931,-1.8109,0.1066
-0.66349,-3.5975,0.70969,-0.87832,-0.55554,-0.0053981,2.2871,0.2372
-0.65588,1.6321,-0.91068,0.40027,1.2415,0.059399,0.25235,0.13498
-0.97763,3.9733,0.24065,1.3747,3.4338,0.072112,-0.57044,0.12074
-0.70494,1.0508,1.7768,0.62498,-3.1013,0.018161,1.9975,0.022782
-0.62852,-0.47091,2.0809,0.82209,3.5986,0.071169,-1.8754,-0.031516
-0.6265,3.1256,0.87593,1.2621,3.4163,-0.0067715,0.34886,-0.1352
-0.35699,-0.61506,0.066857,-0.23699,-2.7027,0.043028,0.77682,-0.12548
-0.54979,1.0465,-0.64917,0.19273,-1.0792,0.082862,-0.73834,-0.11424
-0.68881,-4.2685,0.67095,-0.55465,-2.0645,-0.085784,1.5058,0.033491
-0.61865,-0.068384,-0.66781,-0.44252,1.8449,-0.0034215,-0.55877,0.0016322
-0.86486,3.4647,0.71331,-0.25368,3.3575,0.070919,0.39572,0.17365
-0.79133,-3.3443,-0.46258,-1.454,-4.2981,-0.063663,1.9189,0.12831
-0.63464,1.2734,-0.76483,-0.012529,4.1738,0.17936,-2.904,0.03478
-0.59166,2.3712,0.22565,0.53184,6.8301,0.33029,-1.6732,0.17368
-0.57893,-0.26652,1.3873,-0.85928,-6.2883,-0.049602,0.067295,0.0050639
-0.38631,0.95227,-0.82028,0.072221,4.9642,0.25628,-3.4712,0.07394
-0.56848,2.765,0.16845,0.38866,4.6294,-0.19821,-0.50362,-0.0081029
-0.58266,0.89783,-0.9857,-0.19249,-2.7173,-0.018965,0.14541,-0.069045
-0.58631,-1.5111,-0.30561,-0.017166,3.0373,0.077638,-1.6294,-0.078804
-0.62181,1.1734,0.94164,-0.20752,-0.25453,-0.070285,2.1808,-0.10173
-0.58013,-0.13811,0.94141,0.033189,1.3612,0.052853,0.55914,-0.10453
-0.55555,0.67009,-2.1647,0.50489,4.7354,0.24358,1.7569,-0.059115
-0.55412,-3.4262,0.74484,-0.33929,-2.1104,0.016691,1.9184,0.02541
-0.24846,-3.3886,-0.59628,-1.0252,5.9289,0.44358,0.84475,0.070192
4.548,1.8235,0.0099404,1.3519,6.1491,0.44929,0.49614,0.12215
4.5213,-0.08643,-0.92029,-0.37229,-1.474,-0.043929,1.6338,0.2656
4.4734,-4.9162,1.9343,0.42327,3.6187,0.1945,0.77987,0.16277
-0.84704,0.93737,0.76273,1.6003,1.7947,0.029455,1.9724,0.083797
-0.73568,2.6852,1.8798,0.13667,-0.33745,0.035449,2.1059,0.03405
-0.64149,-1.3543,0.27326,1.0693,1.9103,0.047745,-0.26954,-0.041543
-0.63564,0.77895,0.44332,0.403,-0.28754,-0.014626,2.5458,-0.065613
-0.38209,-1.6773,-0.072281,-0.188,3.2842,0.075539,0.84244,-0.10475
-0.6257,1.9541,0.20911,0.98671,4.6584,0.2179,0.76339,-0.15878
-0.5719,-2.3377,0.58654,0.21573,-3.233,-0.059234,0.96762,-0.014577
-0.62639,-6.1694,1.1317,0.046048,2.3213,-0.0027349,-2.0363,0.023585
-0.74765,-2.3091,-0.11271,-0.2227,3.6391,-0.039064,1.7305,0.039721
-0.85787,-0.31124,0.77449,-0.33796,-1.704,0.0059352,0.16247,0.078856
-0.65617,-1.2,-2.4906,-0.39644,2.1171,0.049452,-0.5859,0.15642
-0.60155,-2.4964,-0.69167,-0.035504,-1.8559,-0.025446,3.1099,0.16871
-0.5938,2.8897,0.24653,-0.11021,3.6883,0.11139,-0.70994,-0.011316
-0.44265,3.5523,-0.80688,-1.2272,3.9411,0.17466,2.0956,0.062015
-0.52321,-0.39788,0.084652,-0.95145,-5.0753,-0.019581,2.9632,-0.028912
-0.58867,0.78647,-0.5342,-0.88963,4.6286,0.21483,-2.2073,-0.086544
-0.58461,2.8194,0.062515,0.022328,5.8717,0.3638,0.83518,-0.095427
-0.69755,-2.0308,1.1798,-0.39716,-7.5869,-0.042889,0.61678,-0.12799
-0.62756,0.66901,-3.5423,-0.80854,4.8029,0.29952,-0.89222,-0.099662
-0.56863,1.5858,-1.4828,1.4445,2.3293,-0.24514,0.24207,-0.058896
-0.56172,-1.77,-1.5912,-1.4852,-0.16786,-0.022129,2.8185,-0.051887
-0.39013,-2.8591,0.11292,-1.2415,1.2047,0.082438,-0.93215,0.033466
-0.48278,-3.1538,-0.55359,-0.25602,-0.076145,-0.056732,2.6366,0.15513
-0.56548,1.534,-2.2218,0.3421,2.135,0.030251,1.6805,0.075717
4.5267,4.4849,0.25393,1.2499,3.855,0.16825,0.12167,0.10239
4.4871,1.3886,0.74076,0.42572,-1.0905,-0.056302,2.1329,0.14411
4.4419,1.624,-0.069435,0.10234,2.7725,0.025566,0.1951,-0.0072998
-0.6255,3.2244,0.45543,1.4374,4.0584,0.20158,0.69849,-0.088345
-0.6404,0.61156,-0.82627,-0.29378,-1.4493,-0.039988,2.1701,-0.10509
-0.63739,-2.412,0.5904,0.52517,0.56882,-0.04294,-0.91566,-0.099297
-0.47049,1.0662,0.19374,0.46716,0.61999,-0.080804,1.9504,-0.10818
-0.67176,-3.3771,0.56407,-0.36637,0.34617,-0.012117,0.80968,1.5858e-06
-0.62924,1.1683,0.44767,0.89582,1.9414,-0.040637,1.7166,0.047996
-0.62931,-0.62857,1.3308,0.056363,-4.1121,-0.029432,1.7202,0.16243
-0.82137,-7.0371,0.3838,-0.7039,2.6217,-0.041869,-1.7926,0.28429
-0.67507,1.2661,-0.13686,-0.14563,2.6818,-0.12084,1.3499,0.25918
-0.60749,0.24546,1.1588,-0.46595,-2.8898,-0.0060334,0.947,0.097962
-0.60473,-5.2624,-1.7187,-0.29921,-0.87767,-0.039347,-1.9278,0.016211
-0.51206,1.2552,-0.57803,-0.26846,-1.5123,-0.17499,1.4559,-0.025529
-0.53432,2.127,-0.42188,-0.34069,-0.25391,0.0016611,0.41829,-0.062206
-0.59423,-0.20533,-0.55494,-1.5552,-2.3557,0.069334,-0.143,-0.1413
-0.59422,-1.2617,0.96422,0.2489,-4.4916,-0.031671,3.2108,-0.09808
-0.70894,-0.94154,1.5276,-0.84116,2.5369,0.015927,-0.034138,-0.097545
-0.70304,-0.14886,1.0257,-0.12145,1.7039,-0.0076121,2.0329,0.02541
-0.56644,-3.5368,-0.15065,-1.0598,-5.9236,-0.0013487,1.8995,0.023098
-0.56822,0.46576,0.51628,0.16606,3.7628,0.12411,-4.0435,-0.037479
-0.44407,2.2132,-1.2616,0.94632,5.4164,0.20947,0.38187,0.16399
-0.404,-0.64338,-1.7521,-1.0619,-4.0222,-0.0050708,1.3233,0.032079
-0.57688,-2.2533,-2.3698,0.18979,3.4447,0.17939,-0.72933,0.15267
-0.56915,1.2244,-0.0089398,1.071,0.8987,-0.1758,0.79697,0.043883
4.4684,3.3965,0.7473,-1.4765,-0.3556,-0.040861,2.4904,0.005721
4.4883,2.4545,0.24746,0.17776,3.62,0.22724,0.74837,-0.086398
4.4532,-4.315,1.1757,0.034782,-0.49607,-0.093388,3.477,-0.12076
4.3969,2.3499,-0.93998,-0.28031,-0.15875,-0.027968,2.4986,-0.10463
-0.64974,2.9995,2.4753,1.3079,4.5291,0.32033,-0.41865,-0.046849
-0.44259,-1.4867,1.3392,-0.17044,-3.1326,-0.10914,2.4413,-0.0043549
-0.66244,-1.4182,0.88785,0.10037,3.1404,0.056274,-0.13409,0.052158
-0.64667,2.2843,-0.41432,1.2596,3.7101,0.095555,1.0982,0.030813
-0.64144,-0.98915,-0.96836,0.28189,-3.2198,-0.030985,0.94183,0.083067
-0.74121,-0.84664,-0.10843,0.42989,1.3171,0.026792,-0.35873,0.20936
-0.67224,0.86339,-0.08173,0.34694,0.87137,-0.073244,1.2202,0.26592
-0.61453,1.0265,0.5772,0.12579,-1.0569,0.032799,0.64862,0.070338
-0.61736,7.132,0.87835,1.6255,1.2754,0.028801,0.53491,-0.039742
-0.4454,-0.38243,1.4439,0.15089,-4.596,-0.12924,0.93957,-0.087615
-0.52859,1.0775,1.8965,0.28139,2.9591,0.061151,-1.7423,-0.12098
-0.60843,4.5398,1.0569,1.3842,5.0236,0.17472,-0.59907,-0.10918
-0.60579,-2.6497,0.95389,-1.0439,-6.1524,-0.21015,-0.44082,-0.089464
-0.77181,-2.6629,-2.2552,0.65546,3.1802,0.11994,-3.9815,-0.033633
-0.77072,1.1042,-1.7025,0.097919,4.2025,-0.72474,-0.84079,0.094214
-0.57295,-2.1626,-1.2233,-0.39698,-5.9439,-0.059928,-0.4402,0.10181
-0.57986,-1.7962,-2.5834,-0.60568,1.3452,-0.025742,-4.0167,0.18331
-0.42058,0.81507,-0.35758,0.64301,-1.1397,-0.47619,0.13088,0.11799
-0.37125,1.5113,2.7369,-0.71025,-1.5666,-0.025472,0.077551,0.03315
-0.5156,1.1018,-1.7754,-1.1622,2.0996,0.0041062,0.90162,0.073356
-0.57239,-0.18786,1.4028,0.019104,-4.5083,-0.13213,2.8399,-0.006959
-0.6012,3.438,-0.39977,-1.2594,2.953,0.052571,-1.023,-0.048309
-0.65833,5.2114,-0.14094,1.2222,4.352,0.2526,-0.34299,-0.11349
4.5582,-0.1162,1.7424,-0.6226,-4.9028,-0.10817,2.0382,-0.087663
4.4987,-3.2435,1.7433,-0.25787,2.972,0.10378,-0.32604,-0.076371
4.4744,2.5949,0.4255,1.4287,2.2367,-0.057585,0.40841,-0.029569
4.4645,-0.90014,-1.5243,0.69509,-2.3859,-0.031293,2.3253,0.031422
-0.58805,-8.0453,0.96746,0.25814,-0.02817,0.015054,-1.2244,0.086425
-0.65339,0.56623,0.56926,0.90987,-1.7858,-0.11514,1.2469,0.19183
-0.64067,0.88074,0.66682,0.037878,-3.6454,-0.048947,1.1467,0.057512
-0.7747,0.41142,1.0967,1.0062,-0.85221,0.0044399,-1.7605,0.080682
-0.66501,0.70932,0.5743,-0.11813,-3.8822,-0.11034,1.9467,0.082677
-0.62143,-0.53775,0.12327,0.14295,1.7814,-0.0053339,-0.62332,-0.014625
-0.62518,4.2907,1.1946,0.85334,2.7204,-0.039186,0.17864,-0.12305
-0.31499,-0.45432,1.1529,-0.11501,-6.8429,-0.057746,-0.18575,-0.13279
-0.63987,-7.0841,0.3623,-0.37486,0.22521,-0.080752,-1.9172,-0.1579
-0.60996,-2.8691,-0.32675,0.024929,1.223,-0.19219,0.36941,-0.11789
-0.60517,-1.2048,0.59993,-0.19421,-3.7048,-0.025921,0.23681,-0.073426
-0.83679,-3.9912,-1.8341,-0.84275,-2.4104,0.061472,-1.2252,-0.025967
-0.737,-1.1471,-1.0507,0.019213,-4.7829,-0.070978,2.3225,0.018863
-0.5841,-0.6832,-1.0915,-0.8231,1.0535,0.041687,-0.71953,0.21138
-0.58959,2.1894,-0.42235,-1.0295,-0.71911,0.046552,0.070532,0.18005
-0.47899,-2.3408,-0.0017385,-0.66068,-6.8417,-0.046598,1.2181,0.091999
-0.51121,2.097,-0.79904,-0.34378,3.007,0.01295,-1.5333,0.074597
-0.59164,4.5601,-0.38484,0.37831,4.0425,0.17258,0.78468,0.022563
-0.57687,-1.4067,0.78822,-0.23359,-6.5739,-0.053671,0.29439,-0.03008
-0.97259,1.5109,-0.72859,0.55203,3.3194,0.16502,-0.9757,-0.081336
-0.68042,2.4779,1.0075,2.2014,2.5475,-0.27903,-0.56575,-0.093602
-0.55095,-0.29926,-0.36042,-0.92646,-3.0762,-0.022173,1.7545,-0.12914
-0.55645,-4.1712,-2.9541,-1.0574,3.2885,0.13774,-2.6054,-0.05398
4.4709,-2.179,-0.82642,0.28236,-0.13608,-0.010802,3.1613,-0.06262
4.5296,0.65895,-0.60764,-0.58989,0.30828,0.062454,2.8728,0.032152
4.5057,1.4599,-1.8775,1.2745,4.145,0.26612,0.63896,0.13858
4.4855,-1.2583,0.63953,-0.11782,-1.5401,-0.0096722,2.8911,0.13191
-0.65448,1.4162,-0.68026,0.25136,1.4761,0.025643,1.4302,0.084722
-0.86727,3.4057,0.78442,1.3297,3.0141,0.049837,-0.94414,0.1617
-0.63358,0.55584,-0.092902,0.073833,-3.3124,-0.045905,1.6435,0.06328
-0.62649,-0.88443,0.60502,0.54252,2.9136,0.074455,-1.1041,-0.014139
-0.62641,2.1802,0.36544,1.2567,2.3991,-0.10036,1.245,-0.073377
-0.29574,-0.34363,1.0874,-0.55511,-2.778,-0.050231,1.0317,-0.12098
-0.54702,2.8354,1.4192,0.49078,0.40778,-0.027301,-0.42969,-0.13819
-0.62408,-1.7891,0.81057,-0.40664,-3.2841,-0.063059,1.3457,-0.065954
-0.61972,-1.1958,0.29363,0.62882,2.3838,-0.040008,-0.85355,-0.039255
-0.88894,4.519,0.034088,0.4187,3.1292,-0.031934,0.088616,-0.055318
-0.73164,-2.4037,0.24768,-0.61044,-6.3031,-0.11483,0.13401,0.090076
-0.6169,-2.4874,-1.8661,0.85096,0.76858,-0.020659,-3.1954,0.036898
-0.59364,2.4269,-0.98803,0.73064,3.7946,-0.27369,-1.0579,0.12724
-0.59133,-0.5284,0.50076,-0.35053,-4.5822,0.0065256,-0.29211,0.093751
-0.38078,-0.55941,-0.98851,-0.37529,-3.001,-0.021025,-2.6145,0.086206
-0.61582,2.1445,0.45187,0.51671,-1.8687,-0.33961,1.5116,0.0069135
-0.58779,0.88964,1.3619,-0.94701,0.10235,0.056576,0.41607,-0.053493
-0.57933,2.5962,-0.12124,-0.44495,-2.2033,0.0012504,0.0044317,-0.072842
-0.60275,-2.0845,1.7227,-0.78432,-5.5853,-0.099703,2.2151,-0.090049
-0.59621,1.1822,-2.1809,-0.83039,2.6818,0.0081171,-1.6474,-0.10667
-0.56213,2.3497,-0.06885,0.88896,5.705,0.30655,-0.94934,-0.06739
-0.55086,-1.8259,-0.73814,0.036035,-6.619,0.0033489,0.46422,0.021906
-0.27695,-6.0575,-1.3048,-0.58868,2.7429,0.023224,-1.0321,0.061236
4.5535,-0.035034,-0.17149,1.5686,0.51732,-0.14054,-1.3812,-0.0038925
4.5254,1.0571,-0.66896,-0.75947,-0.87756,0.01594,2.9016,0.18667
4.4852,-0.34353,0.020078,-0.97255,-1.0039,0.0592,-2.8401,0.093045
-0.8881,-1.2216,0.29377,-0.40408,-0.60129,0.024142,1.9733,0.11373
-0.66056,1.3956,-1.3879,-0.50057,-1.8301,0.017012,0.81372,0.032006
-0.63723,2.7496,1.9177,1.4114,2.0945,0.027761,-0.12741,-0.047749
-0.62869,-0.26178,1.8968,0.22994,-3.3343,-0.07685,1.5935,-0.098226
-0.39724,-1.5607,1.6948,0.53989,1.3695,0.0031179,-1.8571,-0.11147
-0.53934,0.29694,0.28184,0.96105,2.819,-0.087106,0.66045,-0.11451
-0.63427,-3.1406,0.28714,-0.28367,-3.6769,0.0386,-0.35708,0.0049178
-0.62499,0.80216,-0.55574,0.41543,-2.1517,0.044601,-0.62391,-0.012313
-0.70392,-2.0145,0.7505,-0.1773,-1.9833,-0.08502,0.98049,0.20782
-0.76659,1.0259,-1.1859,-0.20101,0.36575,-0.00066842,-1.4741,0.094092
-0.61142,4.9884,0.30617,0.22316,3.5068,0.12695,0.4415,0.26178
-0.59798,-1.4592,0.68566,-0.81883,-5.6284,-0.098202,1.08,0.1296
-0.59961,1.3836,0.3637,0.22771,4.434,0.20082,-2.6768,0.0010238
-0.41918,5.8511,0.36395,1.0403,5.63,0.18779,-0.41837,0.020275
-0.54456,-0.94061,0.85518,-0.85623,-5.6341,-0.045315,-0.11265,-0.075908
-0.58269,-0.46698,-0.033987,0.4413,2.8674,0.087373,-4.8348,-0.10188
-0.57979,2.5345,-0.15744,0.16011,3.269,-0.69186,-1.1611,-0.086422
-0.80142,-1.2465,-1.4331,-0.74843,-2.964,-0.035265,-0.19223,-0.10779
-0.60213,-2.0463,-3.6636,-1.0143,0.057087,0.06042,-2.249,-0.065711
-0.56923,-1.8262,-0.71019,-0.85553,-2.4851,-0.1774,2.2147,-0.063788
-0.55751,1.1022,-0.8969,-0.53357,0.47775,0.020959,0.13681,0.0506
-0.32387,2.9332,-2.0296,0.56277,2.8701,0.023776,-0.9212,0.10706
-0.53903,-3.5342,0.14691,-0.30927,-4.6372,-0.0005144,2.3162,0.16747
-0.56266,1.0434,1.7985,0.18265,3.2835,0.059855,-0.12482,0.13727
4.5296,5.0161,-0.73879,1.7756,4.1886,0.17558,-1.6524,0.027138
4.4902,2.4223,1.065,0.0074205,-3.8512,-0.15605,0.73453,0.043007
4.4508,-3.5253,-0.32014,0.64403,1.6476,-0.023951,-1.7059,-0.036895
-0.64656,1.7998,0.28407,2.2155,-0.10379,-0.021833,0.18408,-0.13111
-0.64056,-0.14537,0.43478,0.028757,-3.2836,-0.045341,1.4102,-0.12281
-0.56415,-4.4195,0.7705,0.40184,1.7785,-0.037806,-1.3277,-0.091265
-0.54252,-0.60698,0.21616,0.13352,-0.63706,-0.018073,2.3081,-0.069386
-0.67236,-2.7904,-1.0492,-0.11167,-0.88614,-0.0045703,0.36,0.0045041
-0.63433,-0.30966,0.11499,1.5241,2.4141,-0.00023845,-0.031974,0.29593
-0.88021,0.01245,0.021388,0.062683,-4.3219,-0.035284,1.079,0.12405
-0.81734,-6.0188,0.87401,-0.63222,2.0391,0.012443,-1.1286,0.17667
-0.60037,-1.4137,0.0036128,-0.42038,2.1575,-0.16152,0.77068,0.30678
-0.60567,0.86873,1.0114,-0.48426,-3.3284,-0.039347,0.79116,0.053083
-0.60849,-1.074,-2.1998,-0.42134,-1.0781,0.006962,-1.8979,-0.012873
-0.50627,0.47218,-0.4958,-0.17454,-2.6404,-0.12142,1.1488,-0.062109
-0.66665,2.1937,0.019307,-0.31178,0.096681,-0.0075223,-0.10931,-0.076784
-0.59243,1.3857,0.10412,-0.53781,-1.7555,-0.005488,-0.79926,-0.13812
-0.59653,-2.7156,0.54923,-0.41738,-5.486,-0.085662,2.4788,-0.10304
-0.72901,0.80507,0.4817,-0.81941,3.1269,0.092539,-2.1835,-0.040521
-0.70325,0.83547,-1.4446,-0.67686,3.8913,0.18983,0.9124,0.0055263
-0.5735,-3.6503,-0.74231,-1.57,-6.5683,-0.024362,2.1381,0.077469
-0.57369,0.22041,-0.96825,-1.0788,4.7172,0.26552,-2.2314,0.059508
-0.29339,2.3414,-0.29886,0.71376,4.466,-0.02682,-0.39618,0.025751
-0.4558,0.065566,-1.6031,-1.2865,-4.9812,-0.042568,1.275,0.11931
-0.57563,-5.1652,-2.374,-0.26079,3.9491,0.19297,-2.4595,0.098278
-0.57136,3.5127,-0.75848,0.44121,1.8488,-0.064548,1.164,0.0368
-0.78373,2.4681,-0.020201,-0.56737,-0.069646,0.029269,2.363,-0.031175
4.509,1.33,0.22498,-0.34014,2.5534,0.085448,-1.6366,-0.054564
4.4763,-3.6355,0.22935,-0.53073,0.32812,-0.03067,2.9411,-0.11813
4.4517,0.88197,-0.76765,0.39946,0.53363,0.083619,2.0993,-0.10263
-0.57336,1.5837,0.68985,2.0045,4.161,0.25807,-0.77476,-0.040326
-0.46529,-3.0773,0.19883,0.12397,-2.1062,-0.015743,2.2791,-0.0095875
-0.67507,-0.34453,-0.42008,-0.053308,2.8315,0.062916,0.12281,0.065032
-0.65141,3.27,-0.2614,1.7854,2.7506,0.047508,0.43178,0.018255
-0.7221,-0.88338,-0.70723,-0.0061767,-3.2721,-0.016282,0.63179,0.037725
-0.82037,-3.7651,0.72037,0.85646,1.4562,0.023866,-1.8299,0.34516
-0.56726,0.24064,-0.079501,0.060872,2.649,-0.059209,1.0507,0.16049
-0.61464,0.76217,0.04181,-0.93358,-0.98943,0.013238,1.2091,0.03702
-0.61823,8.0945,-0.01961,0.6605,1.7333,-0.022077,-0.23167,-0.06425
-0.38097,-0.06945,0.78406,-0.26137,-2.9561,-0.10076,1.9539,-0.070505
-0.57232,1.7945,1.1586,0.054243,4.0789,0.2128,-0.77541,-0.14846
-0.60694,4.6193,0.46609,0.54471,4.7868,0.23071,-0.13481,-0.1295
-0.60976,-2.0077,0.6214,-0.91067,-4.7806,-0.091906,0.37857,-0.09606
-0.73134,-1.4795,-1.1388,0.56131,3.3362,0.14326,-2.7157,-0.012581
-0.68127,1.3674,-1.3357,0.36714,5.6197,-0.027731,-0.58221,0.102
-0.57972,-1.9502,-0.15566,-0.30751,-4.5883,-0.072146,-0.5489,0.11724
-0.58278,-1.526,-2.9409,-0.63454,2.4712,0.052404,-2.7618,0.11765
-0.23236,1.1955,-1.1574,0.53127,0.026118,-0.26332,1.8371,0.12208
-0.45591,0.20583,-0.48378,-1.3659,0.4871,0.0027393,0.55536,0.12203
-0.58905,0.49567,-0.67897,-1.2172,2.5117,0.061023,0.47696,0.012146
-0.57475,0.81871,0.60108,-0.28049,-1.7774,-0.048068,2.0343,0.0017539
-0.45756,2.8794,-0.29805,-0.49454,3.9014,0.17782,0.81702,-0.049964
-0.56285,4.9576,0.015234,1.3841,5.5484,0.4405,1.1011,-0.11064
-0.52502,-0.56145,2.1982,-1.0206,-2.8754,-0.039591,2.3978,-0.12171
4.5088,-4.4039,0.48958,-0.39868,4.8837,0.39923,1.3017,-0.082966
4.492,-0.66724,-0.04167,0.93672,3.7554,0.1086,0.8557,-0.039109
4.4709,-0.65039,-2.7837,-0.28227,1.2347,0.0043116,3.3371,-0.030299
-0.58142,-6.1019,-3.1238,-0.21219,2.1542,0.059598,-1.5261,0.10979
-0.65823,-1.2408,0.44852,0.046941,0.68032,-0.03146,2.3637,0.14742
-0.63882,0.67745,0.39793,-0.34615,-0.23642,0.0049533,2.1013,0.023463
-0.79579,1.9435,1.0466,1.2206,2.9411,0.088002,-0.16987,0.029183
-0.57633,0.4035,0.92832,-0.30516,-1.2019,-0.058336,2.3971,0.098302
-0.6243,-1.9315,-0.64354,-0.2013,3.7847,0.21636,0.36901,0.081777
-0.62411,2.1245,-0.57758,0.076158,5.0635,0.27294,1.3655,-0.056049
-0.29299,0.7348,0.91714,0.27021,-2.9792,0.016184,1.4634,-0.096498
-0.60767,-0.37509,-0.6619,0.28503,1.7947,-0.012489,-0.40471,-0.17
-0.6072,-2.2638,0.17329,0.40446,1.6506,-0.043377,1.5895,-0.12974
-0.60752,0.27358,1.6507,0.030967,-0.75786,-0.025048,-0.91091,-0.096206
-0.81998,2.0652,-0.24495,-0.70542,2.8082,0.081084,0.63317,-0.036603
-0.72837,-3.241,0.25675,-0.70414,-4.1891,-0.10626,2.1771,-0.062157
-0.58155,0.69083,0.1891,-0.2465,4.8998,0.33122,-1.1999,0.11154
-0.5916,3.01,0.26708,0.32724,6.259,0.54511,1.6879,0.11312
-0.22595,-1.9963,0.52952,-1.1684,-6.2561,-0.10438,0.89235,0.15192
-0.50519,1.0664,-0.82198,0.401,5.2187,0.42952,-2.1632,0.10395
-0.65126,3.2741,0.43591,0.79491,5.1295,0.03724,0.33914,0.057877
-0.57979,0.74935,-0.55892,-0.7512,-2.7625,-0.0092165,0.81988,-0.0063506
-0.70764,-1.0193,-0.16098,-0.47471,3.3811,0.19463,-1.8956,-0.061233
-0.63662,1.5229,0.090446,0.0081527,0.93149,-0.15027,2.7855,-0.077734
-0.61867,0.30577,0.48093,-0.27692,1.4532,-0.0069255,1.7369,-0.13206
-0.55983,1.6449,-1.2774,1.3193,4.048,0.29232,0.35598,-0.05359
-0.55233,-2.8765,0.64502,-0.1981,-0.38915,-0.041811,3.4827,-0.040983
4.527,0.18781,-1.933,-0.314,3.4065,0.14119,0.49041,-0.0046469
4.5068,0.93137,-1.6157,1.8324,4.4369,0.30719,-0.16752,0.1534
4.4761,0.32069,0.44347,0.46863,-2.2763,-0.066756,1.5381,0.16073
-0.65688,-2.0284,1.3407,1.3979,2.5429,0.088682,0.5064,0.052109
-0.85105,2.2369,-0.22601,2.0065,2.1397,-0.044635,1.0106,0.11127
-0.64898,1.5842,1.7877,0.078612,-2.2804,-0.014293,1.9919,0.070216
-0.62974,0.18783,1.4168,0.45258,1.9975,-0.04733,-0.78971,-0.0086384
-0.62236,0.57613,0.99496,0.21559,0.070863,-0.05618,2.2634,-0.068948
-0.46724,-1.3148,0.26493,-0.022112,2.5384,0.024809,0.49984,-0.11127
-0.56962,1.5369,-0.22188,0.57849,4.5451,0.29569,0.6267,-0.12617
-0.6229,-2.1192,0.7353,-0.0839,-3.193,-0.06605,1.5719,-0.10597
-0.62265,-8.197,-1.7391,-0.84515,1.2247,-0.07549,-1.09,-0.10857
-0.80125,-1.2818,-0.27529,-0.67853,2.3611,-0.18214,0.77709,-0.0063749
-0.77109,-1.3433,-0.12329,-0.94189,-1.4279,-0.028411,1.2772,0.093216
-0.5858,-2.3374,-1.4512,-0.94174,-1.1839,0.0041704,-0.044426,0.16823
-0.59486,-1.206,-0.91321,-0.5342,-3.7912,-0.1826,1.7059,0.086693
-0.25947,1.4473,-1.3703,-0.35339,2.1964,0.014657,-0.45184,0.16883
-0.54156,2.9213,-0.21468,-1.2138,0.061486,0.025521,0.43164,0.072942
-0.66826,-0.54093,1.3918,-1.2084,-6.1042,-0.060582,2.2752,-0.003357
-0.58915,1.5538,-2.2489,-0.38989,2.7211,0.0671,-1.4875,-0.066295
-0.7355,4.0743,-1.9595,0.60454,4.0418,0.1421,-0.36664,-0.099297
-0.80628,-1.3334,-0.14483,-0.13955,-8.3017,-0.12836,0.12165,-0.091679
-0.64469,-1.5327,-1.2958,0.31989,2.887,0.092719,-3.1986,-0.087834
-0.56509,0.94652,-0.63941,1.3646,2.1657,-0.26056,-1.1121,-0.069921
-0.55395,-0.13557,-0.35735,-0.93093,-3.778,-0.010776,1.9298,-0.013336
-0.38977,-4.8371,-1.6489,-1.2671,0.36906,0.013533,-1.6826,0.13289
-0.56435,-2.6634,-0.83576,0.45386,-2.0986,-0.15334,1.2755,0.021979
4.5309,2.6786,-0.51632,-0.69085,-2.0024,0.026343,1.859,0.14177
4.488,5.0899,3.18,1.5521,2.1784,-0.022218,-0.4848,0.087715
4.4489,0.019424,1.4344,0.13523,-3.0701,-0.16473,2.3589,0.088251
-0.65655,2.6604,-0.045139,-0.53068,0.90728,-0.009332,-0.10666,0.016576
-0.64233,3.3286,-0.25855,1.244,4.1426,0.095889,-1.9139,-0.069994
-0.63504,1.0837,-1.0305,0.2292,-4.4675,-0.1874,0.67197,-0.080605
-0.41821,-2.7058,0.92253,0.43262,1.0317,-0.019914,-1.2209,-0.098056
-0.50092,-0.11573,0.84348,1.1314,-0.65166,-0.22006,-0.58671,-0.071844
-0.63542,-2.4805,0.085134,-0.51535,-4.1019,-0.06612,-0.47987,-0.055781
-0.63296,1.7557,0.057543,0.86092,-0.73316,0.012051,-0.6663,0.17723
-0.87818,-1.2256,0.32049,0.3312,-4.1926,-0.21132,0.48361,0.24869
-0.75661,-2.0485,1.0565,0.12369,-2.0365,-0.1179,-1.4888,0.25618
-0.55192,4.8301,1.7583,0.20088,1.0733,-0.12374,-0.40393,0.14844
-0.59964,-1.172,0.6416,-0.12217,-7.1989,-0.1398,0.11328,0.13021
-0.41455,-0.43006,0.080508,0.37746,-0.30336,-0.12022,-5.1413,0.018085
-0.49867,4.4261,-0.16635,0.3422,2.7544,-0.43744,-2.3921,-0.0076405
-0.54306,-0.10609,0.26278,-0.97578,-4.548,-0.061063,-0.21345,-0.097107
-0.58911,-0.15142,-1.435,-0.13038,-2.0031,0.041726,-3.2064,-0.12283
-0.55671,1.6548,0.30369,0.19683,-0.18897,-0.64154,-0.76441,-0.09404
-0.77604,-0.53329,-1.935,-0.79845,-2.4178,0.012847,0.24826,-0.089732
-0.63,-2.9427,-1.8613,-0.5143,-1.3887,0.066439,-2.2239,-0.049721
-0.57248,-1.6285,-0.37598,-0.63962,-3.667,-0.14492,2.3043,-0.035118
-0.56323,1.8039,-0.53315,-0.74433,-0.8141,-0.032454,-2.029,0.012633
-0.25661,3.7726,-1.0018,0.55991,2.3579,0.0043501,-2.2496,-0.010902
-0.51575,-2.1732,0.87958,-1.4762,-5.6601,-0.10335,1.1157,0.088591
-0.56296,0.069895,-0.7212,0.28581,3.257,0.15793,-0.67862,0.21975
-0.5188,5.0769,0.78537,1.378,4.1874,0.16929,-1.0835,-0.0023105
4.5037,2.1442,0.67678,-0.15291,-4.9919,-0.11344,0.54188,0.016454
4.4637,-5.7327,1.2196,0.027216,0.86698,0.063981,-1.3994,-0.029423
4.428,0.81275,1.0144,1.6659,-0.58965,-0.0044483,1.3792,-0.10682
-0.64386,0.26508,0.022191,-0.55673,-2.1371,0.003535,2.6669,-0.10711
-0.46006,-4.2845,1.1498,-0.59119,0.63359,0.039775,-2.8368,-0.092799
-0.60123,-2.4984,0.54557,-0.68952,-1.1281,-0.079462,1.625,-0.072647
-0.64245,-0.42581,-1.3134,-0.31538,-0.86668,0.032561,0.54515,-0.076249
-0.63349,2.0902,0.17068,1.4844,1.5615,-0.037839,0.038615,0.15026
-0.84664,-1.6641,0.21705,-0.4896,-3.6363,-0.069239,1.3461,0.13639
-0.69505,-5.7939,0.42464,-0.071864,0.50258,0.0051908,-1.8198,0.36505
-0.52802,-0.34111,-0.23421,-0.41245,2.782,-0.062905,0.34949,0.24805
-0.60721,0.26765,0.69767,-0.74268,-5.3156,-0.021326,0.24031,0.10938
-0.61698,-0.29022,-0.48129,0.25785,-0.44282,0.016248,-0.56049,0.009396
-0.43333,-0.96154,-0.28699,0.060043,-3.0475,-0.14181,1.6016,-0.027476
-0.64147,1.8742,0.012028,-0.08189,-1.0986,0.020638,-0.76211,-0.09516
-0.59866,1.5781,0.50181,-0.54363,-0.35298,0.050665,-0.6057,-0.12308
-0.59427,-1.8687,1.5538,-0.60169,-6.4055,-0.035105,1.5523,-0.075202
-0.73841,-0.29353,-0.43714,-0.53221,2.6395,-0.0084272,-3.0906,-0.06318
-0.60179,0.5512,-0.251,-0.48558,3.8308,0.16456,0.47635,-0.0052554
-0.57628,-3.7323,-0.10457,-1.019,-8.0289,-0.098997,0.042321,0.074159
-0.5798,0.43148,-0.64779,0.002552,4.4606,0.23616,-4.1396,0.049797
-0.40243,2.8861,-0.45658,1.4187,3.6184,-0.12936,-0.60157,-0.0064723
-0.45082,-0.1115,-0.92144,-1.2787,-5.41,0.015863,0.50898,0.15272
-0.5767,-3.1414,-1.8616,-0.80365,2.8061,0.065907,-2.7386,0.026433
-0.57138,3.0638,-0.52623,0.86005,0.072289,-0.095397,2.3214,0.014823
-0.72479,2.7454,-1.8737,-1.0089,-0.89648,0.053283,2.1695,-0.034193
4.5068,3.3653,2.1485,0.16478,2.1929,0.036636,-0.83075,-0.039012
4.4851,-2.0874,0.8251,-0.72847,-1.2955,0.0049533,1.8614,-0.10991
4.4573,1.5845,-0.8323,0.11527,1.1148,0.042746,0.92399,-0.11607
4.438,2.8285,0.65989,2.31,3.3565,0.17237,-1.1294,-0.092847
-0.55409,-1.1338,0.89287,-0.40165,-3.5204,-0.062264,1.2477,-0.052568
-0.75244,-1.1141,0.36205,1.1273,2.5945,0.063102,0.43199,0.048604
-0.65466,0.82324,-0.50332,1.4968,2.5465,-0.020235,-0.41898,0.067637
-0.85008,-0.36187,-0.14648,-0.35021,-3.6677,0.015343,1.1478,-0.013068
-0.70591,-3.4311,0.8334,-0.15433,0.099282,0.0025467,-1.4793,0.2169
-0.57896,0.94013,0.809,0.12997,0.16882,-0.053414,2.2139,0.19458
-0.6182,0.55284,1.0005,0.084264,-0.82389,-0.030407,-0.33603,0.11539
-0.61617,6.9535,0.063009,1.4454,3.4209,0.14081,-0.074634,-0.024945
-0.48955,0.39286,0.68748,-0.11517,-5.0809,-0.062251,0.78913,-0.048601
-0.59491,-1.3054,-1.7263,0.29574,2.9281,0.036874,-1.941,-0.093943
-0.61186,3.0309,-0.79599,0.57668,4.2699,0.044094,-1.0776,-0.14213
-0.61239,-0.64366,0.068534,-0.81663,-3.0724,-0.027795,0.32882,-0.081944
-0.76892,-3.2878,-1.0872,-0.31011,-1.7065,0.063353,-1.7174,-0.099321
-0.6224,-0.26006,-0.4674,0.041577,0.34384,-0.22858,-0.094484,-0.00674
-0.58457,-2.8699,0.12668,-1.1889,-0.69817,-0.027776,0.58012,0.10886
-0.59061,0.14467,-1.7443,-0.12111,-3.0218,0.0030601,-1.1481,0.061868
-0.27544,-1.0545,-0.50935,0.13049,-3.5564,-0.050872,1.359,0.17784
-0.47703,0.94179,-1.6028,-0.77965,1.6234,0.035975,-0.15159,0.14114
-0.5853,4.3573,-0.63658,0.36592,4.6394,0.24821,0.75166,0.018158
-0.58386,-0.2878,0.71525,-0.67681,-6.8996,-0.10695,0.099379,0.024753
-0.68687,0.59427,0.12004,-0.75509,3.7755,0.19977,-1.7046,-0.013725
-0.65706,4.1596,0.4275,1.186,3.5722,0.0012632,-0.61409,-0.071893
-0.5661,0.53613,-0.52415,-0.82026,-2.0637,-0.014575,1.9005,-0.126
4.5186,-1.6809,-1.7545,-1.6704,1.3811,0.0405,-1.4188,-0.086544
4.4962,-4.8253,-0.20161,0.156,-1.4939,-0.074444,1.3541,-0.051205
4.4742,0.3718,-0.28488,-0.26646,0.026497,0.024026,2.4925,-0.049429
-0.61653,1.6733,1.2674,1.2711,2.9634,0.13425,-0.64486,0.048166
-0.65453,-1.7355,1.0337,0.12419,-2.6194,-0.027705,2.4118,0.126
-0.72747,-0.21738,0.60068,-0.16966,1.4192,-0.0088764,-1.2661,0.10653
-0.73451,1.1525,-1.3306,1.1781,3.0284,0.049144,0.63912,0.090125
-0.63556,0.60254,-0.54668,0.64323,-2.987,0.0011991,0.96379,0.068586
-0.62346,-1.9068,0.24009,0.51733,-1.1283,-0.062918,-1.5601,0.07871
-0.61698,1.054,1.5112,0.86788,0.5894,-0.090751,1.7265,-0.0569
-0.50316,1.724,1.3916,-0.13512,-0.62756,0.045505,0.081218,-0.092823
-0.6026,5.3377,1.221,1.2403,2.1506,-0.021468,0.022676,-0.16477
-0.60699,-2.5726,0.95391,-0.0090671,-3.9115,-0.10521,0.23461,-0.13568
-0.60558,0.35081,0.52258,0.012925,2.102,-0.022327,-1.2178,-0.083891
-0.80294,3.3507,1.6736,0.74201,4.2642,0.078556,-0.88927,-0.014698
-0.65527,-1.6532,0.34229,-0.23806,-5.6577,-0.20372,-0.63309,-0.030226
-0.58399,-1.2192,-2.6758,0.88754,2.495,-0.0084785,-4.946,0.16375
-0.59191,1.5313,-1.9085,0.036266,4.916,-0.37938,-0.52235,0.12982
-0.36946,-0.25179,-1.5482,-1.1413,-4.9009,-0.024195,-0.087042,0.12938
-0.51758,0.88973,-2.0219,-0.4021,1.7624,-0.055756,-2.5885,0.091366
-0.57882,2.237,0.48534,0.25275,2.2555,-0.43819,0.72651,0.025556
-0.5754,2.0614,2.1398,0.113,-1.0458,0.026901,-0.032122,-0.037187
-0.80209,0.16604,-0.083047,-1.3132,1.3274,-0.006303,-0.0032232,-0.052982
-0.68967,-0.77844,1.5121,0.15284,-2.6741,-0.0080935,2.0596,-0.11207
-0.60636,1.2375,-0.58536,-0.60168,3.4817,0.16911,-1.8728,-0.10081
-0.5603,3.2398,-0.60326,1.0001,5.7236,0.50954,0.1194,-0.060137
-0.29725,-0.56721,1.6956,-0.97853,-5.4053,-0.076709,0.75379,-0.030056
4.5396,-4.7006,-0.23369,-0.34094,4.1944,0.25364,0.19463,-0.051035
4.5214,-1.3184,-1.1962,1.2336,3.0596,0.057962,-0.23525,0.13788
4.489,0.27092,-0.039782,0.094611,-0.90104,-0.060999,2.5801,0.15683
-0.64073,-3.6976,0.64077,-0.58801,2.9447,0.11914,-1.4283,0.069121
-0.78889,-0.085088,0.16662,0.42388,0.68301,-0.045899,1.4692,0.12483
-0.66733,2.0198,1.262,0.037319,-2.4087,-0.0046794,1.7279,0.055273
-0.63245,2.6939,2.3214,1.033,3.1165,0.11999,-0.90365,-0.049696
-0.62051,0.50496,1.5838,0.092929,-2.5789,-0.054036,0.96708,-0.063009
-0.4582,0.60447,0.02893,0.33935,2.4519,0.051422,-0.18685,-0.16557
-0.58679,2.2379,-0.34633,0.98105,4.542,0.22672,-0.57946,-0.11351
-0.62278,-1.8622,0.026257,-0.092372,-3.7432,0.019123,0.70188,-0.09477
-0.62551,-5.6312,-1.6951,-0.61965,0.11891,0.0057876,-1.8713,0.027187
-0.82467,-2.0601,-0.47423,-0.13252,0.07821,-0.14735,0.70988,0.038236
-0.672,-0.98677,-1.3388,-0.65202,-0.63749,-0.02286,0.35459,0.20799
-0.58527,-0.53318,-1.1909,-1.1536,-1.2627,0.057686,-1.7801,0.15842
-0.59242,-1.6701,-0.16419,-0.78976,-3.3908,-0.076344,2.7286,0.036703
-0.39593,1.1269,1.8834,-0.71331,3.0806,0.048554,-0.042287,0.1288
-0.53587,2.7437,-0.3125,-0.37161,2.4564,0.055068,1.2994,0.058948
-0.57899,-1.1933,1.2071,-0.63332,-7.5106,-0.061731,1.2303,-0.023996
-0.59018,2.1644,-1.121,0.11236,3.3783,0.13003,-2.0358,-0.1027
-0.78075,2.1666,-0.40217,-0.15968,4.2855,0.22844,-0.3129,-0.11288
-0.71134,-1.9341,0.0039725,-0.22597,-7.2883,-0.046746,0.21066,-0.1183
-0.59161,-1.4188,-4.1315,0.42499,4.0597,0.26148,-2.264,-0.094502
-0.56438,1.4077,-0.60699,1.5862,1.7353,-0.23484,0.39835,-0.020929
-0.56139,-1.4778,-1.2059,-1.5284,-2.6064,-0.008209,2.3041,-0.034534
-0.31627,-2.9805,-2.5728,-0.92361,1.705,0.026176,-2.5772,0.019399
-0.52815,-2.8748,-0.93758,0.32012,-0.22562,-0.063027,1.0397,0.14727
4.5521,2.8749,-0.32532,-0.766,-0.17831,0.051583,2.1446,0.025045
4.511,4.4119,2.9196,1.1094,3.1429,0.18027,-1.026,0.024388
4.4704,1.0569,1.962,-0.071877,-0.979,-0.02021,2.2252,0.082823
-0.67828,2.8352,0.69797,-0.066224,0.86068,0.027857,0.25246,0.0085929
-0.64651,4.3341,2.0358,2.0514,3.039,0.14452,0.040105,-0.061549
-0.63197,-0.12799,1.5843,0.1595,-2.9385,-0.040489,1.6125,-0.079948
-0.40902,0.6095,0.14384,0.89515,3.1806,0.14521,-0.54329,-0.10319
-0.51956,1.1538,-0.17325,1.2427,2.0767,-0.080971,0.4924,-0.1036
-0.6311,-3.4521,-0.98528,-0.25553,-2.6099,-0.021031,0.93144,0.088908
-0.6307,-4.8767,-1.0382,-0.30033,-0.13594,-0.0074132,-1.6065,0.099276
-0.7607,-3.0348,0.10522,-0.36023,-1.1741,-0.062514,1.1971,0.097572
-0.70664,-0.52939,-0.55221,-0.12755,-0.027085,-0.011321,-0.70319,0.28069
-0.60026,4.7236,0.16096,0.66982,2.8093,0.042393,0.077615,0.12537
-0.59863,-1.6424,-0.18468,-0.72661,-4.6316,-0.037178,0.74634,0.13912
-0.32016,-0.26149,1.5166,-0.33884,3.5653,0.12762,-2.0306,0.081071
-0.47701,4.9575,0.81711,0.93469,5.0153,0.15205,-0.16326,0.014799
-0.56007,-0.66819,1.3857,-0.94707,-4.5626,-0.05618,-0.39322,-0.048066
-0.59207,1.8446,-2.1534,0.53202,2.9074,0.13353,-2.5451,-0.11709
-0.63651,1.9605,-0.074009,-0.042884,4.3807,-0.23701,0.2399,-0.11894
-0.70712,-0.44485,-1.4004,-0.84773,-3.1259,0.0034259,-0.13714,-0.1076
-0.57274,-2.303,-0.62041,-0.24671,1.6965,-0.061493,-2.1698,-0.062084
-0.57252,-2.2946,-0.27908,-0.12507,0.69762,-0.10798,3.1098,0.041206
-0.57363,1.2883,-1.3116,0.076345,-0.13098,0.046365,0.27291,-0.049356
-0.36736,1.8057,0.51025,1.251,4.3668,0.28778,-0.84949,0.0085198
-0.50834,-3.0772,0.10444,-0.67506,-4.5491,-0.12667,0.53668,0.065349
-0.56459,0.53256,0.018279,-0.84639,5.4554,0.47991,0.046328,0.11785
-0.55377,4.3287,-0.85876,0.76654,6.0778,0.54393,0.13252,0.049797
4.5306,2.8983,0.049114,-0.27375,-2.933,-0.097675,1.3386,0.021784
4.4888,-3.5368,-0.19302,-0.16448,3.4192,0.18056,0.4452,-0.014747
4.4501,-0.93934,0.52876,1.2485,1.245,-0.048581,0.60947,-0.078926
-0.64116,2.1247,0.96784,-0.58934,-0.3798,0.035083,2.2455,-0.10519
-0.36903,-3.2937,1.1225,0.17746,3.0611,0.1339,-1.2343,-0.14296
-0.65911,-1.4349,0.39042,0.079061,0.98997,-0.060017,2.5614,-0.090097
-0.63387,-0.82116,0.099106,-0.35227,1.4843,0.00030704,1.5197,-0.044001
-0.63113,1.5453,0.67227,1.0052,4.1786,0.25083,0.67362,-0.0068617
-1.0056,-2.6249,0.83195,-0.64743,-2.695,-0.040309,0.94368,0.26716
-0.683,-3.8283,0.046211,-0.11312,2.9139,0.076066,-0.27028,0.25823
-0.6166,1.2812,-0.03312,0.30524,3.9309,0.10227,0.58788,0.18047
-0.60601,-0.44087,-0.2209,-0.25003,-0.84872,0.013809,1.2686,0.23328
-0.59084,3.4813,-0.81403,0.62723,0.70343,0.042008,0.70992,0.054445
-0.53957,-0.42084,1.0544,0.36551,-1.7061,-0.10563,2.6647,0.017014
-0.66056,2.5293,1.803,-0.55424,2.3046,-0.0087673,-0.95175,-0.081725
-0.59915,5.2218,0.84636,-0.79165,4.2505,0.306,1.3164,-0.074691
-0.86337,-2.2143,0.15356,-0.85384,-6.0344,-0.13977,0.91789,-0.11361
-0.7822,-0.50977,0.628,0.083301,4.7157,0.32587,-2.9597,-0.1122
-0.56847,0.70887,0.23298,0.015256,5.7452,0.28363,0.31556,-0.035994
-0.57504,-3.9872,0.38615,-0.62891,-7.0902,-0.068482,0.40602,0.036435
-0.58006,-0.0095006,-0.97404,0.24116,4.023,0.2942,-1.7359,0.011513
-0.42583,1.3647,-0.14445,0.84336,2.4539,-0.32499,0.58743,0.010759
-0.56922,0.040893,0.87904,-0.74561,-3.4824,-0.069695,0.87044,0.0079601
-0.5734,-2.0616,0.18496,-1.6313,1.1985,-0.034129,-1.0261,0.030108
-0.57212,-0.45571,0.49847,-0.14455,-2.9626,-0.1188,1.3912,0.047022
-0.82945,2.4457,0.078112,-0.35444,0.98229,3.7505e-05,0.96394,0.036946
-0.61761,4.8004,0.31531,1.7753,2.0442,0.0023414,-0.37485,-0.031175
4.5024,0.20932,1.6078,-0.25431,-4.4868,-0.16851,1.4344,-0.063058
4.468,-1.3526,-0.33491,-0.34963,1.6616,-0.070022,-1.2621,-0.10998
4.4467,0.86494,-1.5989,0.69563,2.2591,-0.030041,-0.10537,-0.11512
-0.51926,-0.78586,-1.2984,0.4797,-2.7505,-0.044673,2.5712,-0.081238
-0.66266,-4.6688,2.2066,0.307,1.2208,-0.02553,-2.4407,-0.0046226
-0.65248,-0.69017,0.61098,1.157,-0.40466,-0.12979,1.203,0.039161
-0.70797,-0.33006,0.59343,-0.078897,-3.5264,-0.10303,0.06594,0.019131
-0.72903,0.32685,0.52704,0.51112,-0.82776,-0.073603,-0.56171,0.16073
-0.6104,-0.11534,0.59533,-0.066417,-4.2383,-0.075464,1.6383,0.14175
-0.61688,-2.0676,-0.18697,-0.021752,2.0063,0.0068529,-0.78902,0.11911
-0.70076,4.8686,0.12607,0.39494,2.7149,-0.12445,-0.4526,-0.0067643
-0.41423,0.99288,0.96656,-0.015567,-5.3538,-0.064792,0.23377,-0.047822
-0.63862,-2.7486,-2.7203,-0.12171,-2.365,-0.02519,-2.7063,-0.095038
-0.61103,-1.1548,-0.96006,-0.45151,-1.4182,-0.21551,0.55202,-0.12865
-0.59364,1.0935,0.052153,-0.23613,-2.5022,-0.025626,-0.49536,-0.059821
-0.77167,-1.1916,-0.1734,-1.0279,-4.2514,-0.0042109,-1.7975,-0.073791
-0.56023,-1.8926,-1.581,0.047756,-5.6044,-0.065183,2.7106,0.015724
-0.58134,-1.0969,-0.63246,-0.85365,1.3807,0.006962,-1.246,0.07192
-0.585,0.9593,-0.89266,-0.38062,-0.19389,0.032067,0.72294,0.067344
-0.32343,-2.3427,-0.18636,-0.89129,-7.0016,-0.031068,1.1319,0.15326
-0.47293,1.3038,-1.924,-0.33789,2.0633,0.01259,-4.0404,0.14335
-0.58109,3.583,-0.74226,0.12734,3.932,-0.05222,-1.4352,0.025873
-0.57929,0.27825,-1.1257,-0.37967,-7.5473,-0.083223,0.30186,0.012244
-0.70796,-0.19559,-2.8855,-0.50234,1.0356,-0.015191,-3.2815,-0.029034
-0.63683,1.8823,-0.80537,1.4265,-0.3397,-0.23196,-0.60118,-0.09679
-0.55776,1.0147,0.20384,-0.58158,-1.5341,0.013039,1.3752,-0.13485
-0.55504,-0.14233,-0.70258,-0.44763,0.33645,0.027793,-1.5646,-0.082163
4.5156,-4.6746,-0.48852,-0.40176,-1.5594,-0.026293,2.4176,-0.084207
4.4977,0.40695,-2.0113,0.025379,-1.6316,-0.045591,0.90065,0.03775
4.4732,1.8155,2.423,2.1871,4.0784,0.21329,-0.97824,0.089395
-0.64913,-0.58495,1.3154,-0.45423,-3.9757,-0.065665,0.86114,0.092096
-0.79233,0.20099,-0.76917,0.16276,1.3681,-0.042491,0.84613,0.10913
-0.7824,4.1149,0.32638,1.4234,2.3443,-0.11091,-0.95247,0.13133
-0.66091,0.2652,-0.96144,-0.11419,-3.596,0.0093621,1.2553,0.039453
-0.62388,-1.2802,0.58546,0.084116,-0.1583,-0.049589,-1.6369,0.013168
-0.61241,2.3709,0.63624,0.5722,-0.38998,-0.12725,1.1731,-0.042225
-0.4756,0.89257,0.63989,-0.41431,-2.236,0.019726,0.18321,-0.12921
-0.59127,5.1801,0.48143,1.07,1.0674,-0.014235,-0.16414,-0.14345
-0.60525,-1.9888,0.48073,-0.21269,-5.9129,-0.14093,0.33096,-0.13464
-0.60408,-0.13068,2.6109,0.054192,2.2205,-0.080111,-1.8163,-0.056608
-0.73944,3.392,0.86451,0.8387,3.2294,-0.062546,-1.1141,-0.0021645
-0.60162,-2.859,0.83157,-1.0383,-8.223,-0.23148,-1.1727,0.088567
-0.58671,-1.3318,-2.2046,0.86689,0.66313,-0.02886,-4.222,0.0039687
-0.58566,2.0719,0.10055,0.18435,3.508,-0.57476,-1.2229,0.098351
-0.30789,-0.68294,-0.15074,-0.24227,-6.5361,-0.10724,-0.62719,0.15747
-0.54906,0.89192,-2.6424,-0.72605,-1.3703,0.02882,-4.4419,0.12208
-0.58025,1.6293,-0.041471,0.45454,-0.92323,-0.559,-0.28484,0.043712
-0.57251,1.2525,-0.28854,-1.6754,-3.0814,0.00098088,-1.0156,-0.0088087
-0.92764,-0.13337,2.3312,-1.075,-1.0171,0.0046517,-1.6848,-0.055391
-0.66783,-0.39519,1.4664,-0.57126,-5.4453,-0.18019,1.1227,-0.10399
-0.55627,1.3002,1.1162,-0.5584,0.060054,0.020901,-2.3803,-0.10214
-0.55818,1.853,-1.3216,0.16147,3.1881,0.076412,0.24787,-0.072769
-0.46808,-3.8231,0.50945,-1.1818,-6.5978,-0.061981,1.7367,0.024948
-0.27471,-3.0483,-1.5117,-0.42161,3.1305,0.055119,-1.8338,0.078905
4.5407,1.3509,1.0634,1.5725,2.9681,-0.027333,-1.6906,0.095649
4.5152,0.0068048,-1.3532,0.010606,-3.2771,-0.11386,0.5617,0.22445
4.4695,-6.5648,1.9983,0.36742,0.13935,0.080526,-2.1814,0.13654
-0.81068,1.1813,-0.30811,1.629,-2.1943,-0.027468,-0.075232,0.11962
-0.70702,2.0652,0.068785,0.13466,-4.4772,-0.018637,-0.031627,0.065909
-0.64318,-2.7275,0.7851,0.41418,-0.46363,0.012609,-3.3565,-0.014479
-0.63089,1.2717,1.0176,-0.61232,-1.8947,-0.041105,1.6069,-0.044293
-0.50617,0.25379,-0.93485,-0.19297,-0.39089,-0.029579,-0.14636,-0.11426
-0.67623,2.3718,0.58591,1.0409,2.9174,0.035468,-0.43865,-0.11356
-0.63066,-2.417,0.62398,-0.50861,-5.4781,-0.055493,0.84387,-0.067414
-0.63122,-4.724,-0.20976,-0.67833,1.8331,0.011807,-1.8458,0.011805
-0.75826,-1.9156,0.077675,-0.60612,1.962,-0.23244,0.062055,0.085817
-0.64597,-1.7048,0.42342,-0.80565,-3.7327,0.028345,0.83444,0.094944
-0.59797,-3.1871,-2.6877,-0.92288,-0.92998,-0.0019327,-1.6054,0.14914
-0.59308,-2.0073,-1.6256,0.18856,-3.2584,-0.079809,1.0823,0.12249
-0.22003,2.1279,0.45865,-0.066475,-1.2084,0.0049405,-1.5509,0.07523
-0.48772,1.1967,0.38856,-0.84968,-0.67085,0.090383,-0.47707,0.13761
-0.60143,0.20576,0.90853,-0.40292,-5.5669,-0.044295,2.0184,0.020518
-0.5985,0.80212,1.7054,-0.5854,2.2071,0.0051137,-1.8068,-0.022584
-0.78166,2.8281,0.86523,0.3297,3.2765,0.0084188,0.46975,-0.10378
-0.64755,-1.3445,1.6993,-0.89849,-8.1001,-0.10308,-0.31959,-0.12183
-0.54935,-0.058841,0.63872,0.046285,3.9758,0.22222,-2.4376,-0.1046
-0.57015,1.699,0.23074,1.4397,3.0449,-0.18648,-1.002,-0.060721
-0.28718,-1.584,-0.76202,-0.75742,-5.3712,-0.025382,0.78972,-0.068704
-0.37062,-5.098,-2.1455,-2.011,3.2485,0.083876,-1.1891,0.0043581
-0.55222,-2.172,-1.3392,0.42177,-0.026179,-0.091912,0.85491,0.18962
-0.5708,0.20847,-1.0252,-1.0669,0.18639,0.01947,2.2159,0.22138
4.5312,2.5634,0.23485,-0.12767,3.0688,0.090004,-0.64407,0.033052
4.4986,-0.9489,0.27957,-0.44972,-0.050327,0.013623,2.3601,0.20388
4.4546,3.0648,-1.0216,0.37965,0.87124,0.090973,0.26181,0.067637
-0.64958,5.1081,0.069228,1.9763,4.1466,0.22267,-2.2792,-0.019907
-0.6375,0.57326,1.5144,0.2318,-3.085,0.0094648,1.4812,-0.056779
-0.44981,0.60544,0.3757,0.39375,3.1981,0.089594,-1.0835,-0.11271
-0.61123,2.9773,0.49484,1.4441,2.7459,-0.0071116,-0.30539,-0.091606
-0.63267,-2.9663,-0.55309,-0.30545,-2.0247,0.038722,1.5356,-0.071917
-0.63493,-2.1331,0.3477,-0.21181,0.29736,0.037336,-0.84695,-0.048139
-0.89754,-1.3697,1.0196,-0.07399,-0.73712,-0.094967,2.008,0.15294
-0.64868,-2.4045,0.16342,0.10894,1.0483,0.062467,-0.38021,0.25837
-0.60132,4.1136,-0.16023,0.74905,3.052,0.075398,0.48891,0.23644
-0.59826,-0.95059,0.36643,-0.22842,-4.6854,-0.037376,0.5996,0.08572
-0.51834,-0.95691,-0.19625,0.45521,2.6404,-0.01315,-1.9349,0.13089
-0.54866,3.0628,0.44645,0.85975,4.4255,0.016864,-0.65255,0.082872
-0.60345,0.21072,2.1758,-0.76098,-4.2507,-0.033058,-0.71101,0.0045771
-0.5974,-0.54551,-1.0114,0.20828,-0.022474,0.014419,-1.1359,-0.074521
-0.68317,2.3682,-0.83019,0.26855,1.1133,-0.36819,0.26773,-0.1267
-0.63417,-0.16185,-0.99805,-0.7209,-1.4501,0.0077257,-0.39451,-0.12544
-0.4979,-0.014195,1.3507,-0.44836,-1.0077,0.041796,-1.7617,-0.10687
-0.57304,-3.1297,0.38532,-0.035645,-2.3556,-0.030304,1.3715,-0.035142
-0.56637,1.0597,-1.8551,0.10181,1.4585,0.019791,-0.18722,-0.076249
-0.46086,1.7605,-1.0571,0.82626,6.0423,0.43385,-0.073215,0.063791
-0.50205,-2.0101,-0.22057,-1.0543,-4.6237,-0.022963,1.1375,0.0025571
-0.56381,-0.45636,0.16797,0.39421,4.9146,0.39577,-1.7967,0.10704
-0.5517,3.4723,-0.047163,1.6024,5.2031,0.23276,-0.16,0.05172
4.4129,1.4636,-1.4798,-0.097029,-0.61726,-0.017007,2.0162,0.055906
4.5046,-1.5801,-2.3968,-0.5568,1.4966,0.015157,-1.7523,0.017208
4.4622,-2.5746,0.1748,0.19631,0.41835,-0.034238,1.5433,-0.052228
4.416,2.6481,-0.070026,0.018211,-0.39613,0.083003,2.6763,-0.081725
-0.46684,1.9379,1.7347,1.7575,4.9527,0.39499,0.74055,-0.11633
-0.61917,-1.2881,2.0299,0.25822,-2.2483,0.0074112,2.198,-0.1129
-0.63951,-1.7245,0.30358,-0.4258,2.9971,0.064142,0.10615,-0.074424
-0.63694,2.126,-0.20198,0.90677,4.2274,0.24858,0.55064,-0.034996
-0.96533,-2.1198,-0.46026,0.37703,-2.8881,-0.071466,0.78491,0.12675
-0.69527,-2.5227,-0.39532,0.44364,0.82231,-0.009762,-1.0829,0.25034
-0.61102,-1.7328,-0.8479,0.063332,2.3692,-0.04219,1.867,0.40698
-0.61209,0.57066,-0.23875,-0.54406,-0.88643,-0.0082475,-0.077563,0.14849
-0.4346,7.1814,0.36757,0.63383,2.4742,0.010922,0.5713,0.080098
-0.54567,0.27772,1.2322,-0.31101,-2.0296,-0.015506,2.5904,0.022709
-0.63722,2.2362,2.9436,-0.093406,3.7968,0.14236,-1.4632,-0.055489
-0.60327,5.518,2.3432,0.58524,5.4024,0.33149,-0.91323,-0.097837
-0.90929,-1.4074,0.78449,-0.63294,-5.4932,-0.11546,0.69709,-0.11638
-0.6023,-0.65478,-0.72538,0.67654,3.1365,0.11746,-3.9806,-0.11594
-0.52683,1.1985,-1.5422,-0.022581,4.896,-0.37483,-1.1614,-0.027233
-0.5794,-2.7408,-0.61676,-0.7559,-4.5066,-0.096892,-0.22296,0.040524
-0.58199,-0.99853,-2.3082,-0.70759,2.1665,-0.050468,-1.9953,0.038601
-0.28025,0.23428,-0.35096,0.22573,0.23047,-0.17481,2.5062,0.10446
-0.61781,0.8347,0.48249,-0.52606,-1.3728,-0.04088,0.49465,0.022758
-0.57724,-0.16809,0.25215,-0.06609,1.8518,0.0038367,-0.81294,0.13539
-0.57708,-0.52571,0.66354,-0.12347,-3.7447,-0.078339,1.7363,-0.018909
-0.74158,2.692,0.6751,-1.3724,2.8953,0.088593,0.019273,0.013947
-0.55827,4.802,-0.33386,0.99826,4.1914,0.20725,-0.53314,-0.050086
4.511,1.2806,2.311,-0.59214,-3.9159,-0.13782,0.89139,-0.065711
4.4779,-3.4859,2.4639,0.12104,3.3167,0.15294,0.25176,-0.094259
4.4554,1.4539,-0.23259,1.0444,2.6197,-0.079886,1.3872,-0.113
2.3314,0.44595,-1.477,0.12614,-2.8303,-0.061975,1.7369,-0.043734
-0.66918,-7.2113,-0.22331,-0.078242,1.0231,0.026542,-2.2186,-0.0038925
-0.66338,-1.3088,-0.1944,0.6246,-0.047926,-0.090744,0.77569,0.11955
-0.79679,-0.49913,-0.27718,0.10476,-2.8651,-0.056648,0.47892,0.10473
-0.75768,-0.42707,0.50169,0.42281,0.034711,-0.034129,-0.73604,0.09784
-0.62897,0.42257,1.4292,-0.45976,-3.9692,-0.055711,1.5125,0.21566
-0.62545,-1.6574,-0.47585,-0.20607,2.6346,0.037009,-1.189,0.10865
-0.39776,3.5963,0.48001,0.58831,3.7616,0.038433,-0.10189,0.048264
-0.45953,0.71592,1.7069,-0.18329,-5.0458,-0.010628,0.88796,-0.078999
-0.64893,-6.2245,-0.95444,-1.2132,0.76833,0.00090387,-1.3581,-0.10584
-0.62087,-2.9542,-0.10111,-0.4213,1.2702,-0.20105,0.44043,-0.13425
-0.62284,0.61436,-0.33199,-0.51201,-2.7902,0.015529,0.071495,-0.12746
-0.67079,-1.6264,-1.4776,-1.4632,-0.71292,-0.0039863,-1.1166,-0.099248
-0.57021,-3.0383,-0.59732,-0.18477,-4.1132,-0.12018,1.8578,-0.010999
-0.59099,-0.82452,-0.60537,-0.43063,1.8729,0.010389,-0.99108,0.089735
-0.58882,1.9537,-0.29632,-0.86395,0.67073,0.034852,-0.12358,0.043128
-0.38551,-1.8969,-0.27739,-1.1971,-6.0883,-0.058182,2.1499,0.13746
-0.51504,0.93812,-2.9784,-0.74539,3.2841,0.14557,-1.7766,0.18536
-0.5902,4.6744,-2.9175,0.44895,4.7406,0.29348,0.35915,0.095698
-0.58202,-0.95357,-0.13786,-0.7464,-7.0723,0.0011413,0.57893,-0.020686
-0.72684,1.382,0.85978,0.37322,3.808,0.19662,-5.1652,-0.036238
-0.57566,3.1922,-0.45471,1.1417,2.9505,-0.10905,-0.056942,-0.061695
-0.56098,0.23709,-0.081056,-0.71416,-2.0565,0.015215,2.2987,-0.10682
-0.565,-5.8774,-2.2588,-0.68422,3.1454,0.13935,-0.32159,-0.094624
4.5309,-3.1261,-0.59014,0.63881,-0.40666,-0.021288,2.3422,-0.10519
4.5096,0.37506,0.0098505,-1.1382,-0.2217,0.070739,2.884,0.002338
4.4884,2.0877,2.6737,1.3811,4.5981,0.38596,0.092912,0.068707
3.9146,-2.4319,1.6715,-0.070586,0.12806,0.0027008,2.5244,0.061211
-0.78115,0.24988,-1.0563,0.037615,1.4108,0.052263,0.3094,0.15163
-0.74256,2.5831,-0.54989,0.92441,3.9226,0.21426,-1.5916,0.22557
-0.6786,0.73835,-0.97952,0.095466,-2.9861,-0.044442,0.96054,0.10444
-0.63761,-1.0883,1.3982,0.84025,3.2011,0.11431,0.0066087,0.022125
-0.63705,3.0021,0.68959,1.5602,1.7467,-0.1085,0.011476,-0.061549
-0.59185,0.4786,0.069414,-0.30146,-2.4502,0.0080016,0.54159,-0.10214
-0.61124,2.105,0.74444,0.16456,0.41861,-0.0029338,-0.045062,-0.18494
-0.62106,-2.5996,1.617,-0.73002,-1.9042,-0.055782,1.1277,-0.11719
-1.015,1.7168,0.42367,0.29406,0.38794,-0.056469,-0.92711,-0.1204
-0.75523,5.8587,-0.79996,1.0862,2.9137,0.071862,-0.30269,-0.090219
-0.61426,-3.1226,-0.50442,-1.1205,-4.1194,-0.060191,1.6126,0.05907
-0.59789,-0.05405,-2.3599,0.63883,3.642,0.19128,-2.2189,0.065105
-0.5923,3.9103,-1.2601,0.87628,4.4476,-0.04543,-1.4967,0.022052
-0.34215,-1.5944,0.56596,-0.99796,-5.5535,-0.049711,-0.19221,0.15562
-0.58162,-0.2877,-1.6009,0.074116,2.4269,0.008669,-2.6876,0.14476
-0.5917,3.4513,0.16931,-0.037476,2.5059,-0.5856,-0.38973,0.06328
-0.58315,1.0747,-0.82073,-0.56449,-2.7437,-0.038698,0.76944,-0.010585
-0.78511,-0.18988,-0.21851,-0.32336,-0.00171,0.0061598,-1.3767,-0.063983
-0.58881,0.3862,0.50996,-0.43938,-1.539,-0.15038,2.5563,-0.069945
-0.56719,0.6637,1.1962,-0.31162,0.33265,0.018796,-0.18111,-0.11916
-0.56676,1.5479,-1.4723,0.23741,2.525,0.032876,-0.97406,-0.080922
-0.27867,-2.5827,1.3272,-0.69869,-5.6151,-0.13154,1.9628,-0.048017
-0.45479,-1.8481,0.38788,-0.43769,2.7066,0.064854,0.40783,0.0071813
4.5452,2.7737,0.30576,1.157,4.4082,0.18632,-1.4332,-0.03984
4.524,-0.54566,0.46102,-0.35869,-5.3871,-0.15163,0.36936,0.1471
4.487,-7.6735,-0.068227,0.050505,0.54942,-0.020954,-0.48856,0.15849
-0.45934,0.69114,0.25821,1.8549,-1.8446,-0.042363,0.45565,0.13247
-0.71586,2.3458,-0.11726,-0.37657,-3.3721,-0.073385,1.6448,0.10047
-0.65211,-0.2927,1.9587,0.52148,-0.51239,-0.051501,-2.4649,0.031811
-0.6486,1.5209,0.96136,0.096012,-2.4062,-0.081503,1.0916,-0.032636
-0.45462,-0.19684,0.058975,-0.64862,-1.145,-0.011309,0.57024,-0.067341
-0.7169,1.5658,-0.34352,0.74022,1.8822,-0.03531,-0.67503,-0.14617
-0.63797,-1.9265,1.0143,0.16749,-4.6465,-0.087921,0.88434,-0.10339
-0.64022,-3.3154,1.0713,-0.092423,-0.94221,-0.015185,-1.7536,-0.078439
-0.73678,-3.5367,0.34763,0.054577,1.8142,-0.30479,0.19862,0.085476
-0.65985,-1.9106,0.51312,-0.54183,-4.8708,-0.050122,-1.0563,0.037944
-0.6145,1.7766,-1.2809,0.21845,-0.81688,-0.011405,-2.0448,0.015724
-0.60223,-2.6651,-1.1435,-0.29591,-3.3253,-0.11659,1.4162,0.059216
-0.52523,2.8001,-0.72467,0.28557,1.3208,-0.010808,-2.3968,0.05374
-0.57965,5.0826,-1.3392,-0.79429,4.3665,0.21919,0.26837,0.14525
-0.61211,-0.60888,0.23814,-1.6707,-5.2248,-0.063663,0.99146,0.047679
-0.61054,1.1036,-0.095529,-0.17423,3.7269,0.1018,-2.3912,-0.034023
-0.76291,4.2453,-0.42851,-0.15649,5.2546,0.12173,-0.055703,-0.071893
-0.59955,-1.1134,0.35855,-0.72999,-7.8394,-0.0089149,-0.020511,-0.11694
-0.57933,-0.15878,-2.0385,-1.1772,4.6641,0.3079,-2.6335,-0.1119
-0.57634,0.78313,-0.21541,0.9711,1.1961,-0.26384,0.41953,-0.086106
-0.24271,-0.80579,-0.63009,-0.91428,-2.3243,0.011672,1.385,-0.030129
-0.36927,-5.5597,-0.81713,-1.8829,0.62761,0.020894,-3.1829,-0.026381
-0.56614,-3.0587,0.66571,-0.34986,-1.3308,-0.019716,1.995,0.04325
-0.58081,0.65508,-2.1761,-0.035041,1.8618,0.0085214,1.599,0.13242
4.5308,3.6883,-1.0475,0.86099,3.8252,0.16622,-0.35228,0.022879
4.4966,-0.48341,-0.092773,0.49583,-3.3044,-0.050019,3.7154,0.16397
4.4552,2.6225,0.82729,-0.83364,2.8988,0.04324,-0.29629,0.071287
-0.66464,4.584,-0.65434,1.5097,4.0823,0.2264,0.86613,-0.011218
-0.66319,2.0089,-0.089214,0.10316,-1.8169,-0.03952,2.9453,-0.050232
-0.56504,-2.2921,1.6891,0.15522,1.1793,-0.0091652,-1.1097,-0.1085
-0.61883,1.0762,0.49258,1.038,1.0899,-0.092484,2.0185,-0.08467
-0.6499,-1.7259,0.42228,-0.31989,-1.8313,-0.0088636,1.3663,-0.090073
-0.64507,1.36,1.2523,0.64562,1.1025,0.016948,0.54799,0.0046258
-0.83677,-0.19354,0.74606,-0.39429,-2.8591,-0.018304,1.8791,0.12851
-0.68624,-6.5179,-0.35396,-0.58859,1.6911,-0.015422,-1.1175,0.11928
-0.62439,-0.019358,0.29427,-0.77891,3.2991,0.013611,0.40478,0.36127
-0.61316,-0.66465,0.83488,-0.43037,-4.6888,-0.047965,1.0131,0.060871
-0.34109,-4.8941,-1.6609,-0.90453,0.079835,0.0083417,-1.8857,0.13717
-0.54788,1.2812,-1.0223,-0.53266,-0.77254,-0.23451,0.85875,0.086863
-0.61027,1.9749,-0.3775,-0.20642,-1.4102,-0.060274,0.080075,-0.002992
-0.6086,0.93705,-1.4266,-1.051,-4.7913,0.035379,-1.1683,-0.059626
-0.84553,-0.7792,1.8795,-0.14763,-7.1016,-0.08398,1.7377,-0.13778
-0.56955,1.2259,0.69222,-0.74006,0.99837,0.0369,-0.29117,-0.12025
-0.58459,0.73406,1.5127,-0.32891,1.4224,0.035424,1.2298,-0.10132
-0.58547,-3.6159,-0.30984,-1.4547,-6.8515,-0.029303,1.4061,-0.028644
-0.49627,0.19031,0.55833,-0.081819,1.9172,-0.050834,-2.5093,-0.011145
-0.53527,1.8585,-0.40178,-0.038137,3.6993,-0.35859,-1.3147,-0.025553
-0.57219,-0.80701,-1.4953,-0.34954,-6.7595,-0.11957,-0.12435,0.053496
-0.58057,-5.0301,-4.1836,-0.94375,-0.13619,0.028063,-2.6516,0.13758
-0.72419,1.2856,-0.59247,1.154,-2.8687,-0.17203,0.51194,0.10169
-0.81141,2.5608,-0.29604,-0.7898,-2.7232,-0.023335,1.54,0.070387
4.5051,4.0655,0.42548,0.84096,2.0649,0.043676,-0.33555,-0.0017507
4.465,-2.5645,0.7525,-0.14043,-3.4018,-0.10224,1.7279,-0.098153
4.4328,3.0711,-0.63726,-0.073469,-0.93291,-0.065485,-0.025077,-0.069872
-0.54216,2.894,1.3376,1.5118,3.0642,0.075867,-1.0742,-0.13468
-0.69546,-1.2604,1.5224,-0.011874,-5.2331,-0.14624,0.5264,-0.097228
-0.65196,-2.3348,1.4164,0.81554,0.86705,-0.05376,-0.66552,-0.053615
-0.6465,2.3634,-0.093165,1.9935,-0.30324,-0.075606,-0.12606,-0.017205
-0.83239,-1.3173,-0.87717,0.014704,-5.1166,-0.071068,-0.25198,0.10889
-0.71587,-2.2376,-0.19719,0.34652,-2.3757,-0.034187,-2.7557,0.24173
-0.63018,0.11577,0.35242,0.38259,-1.5067,-0.06193,0.64557,0.229
-0.6217,0.4777,0.65838,-0.017738,-2.2349,0.022743,-1.1536,0.086498
-0.23162,7.0016,0.096459,1.2839,-0.6493,-0.01401,-1.6681,0.081996
-0.57519,-0.00067679,0.87984,-0.2656,-5.164,-0.12341,0.36977,-0.013725
-0.61559,1.7909,-0.0051046,0.40708,2.1078,-0.012656,-2.4819,-0.076492
-0.61481,4.4573,1.2006,1.0331,3.9724,-0.061692,-1.4498,-0.13279
-0.92892,-1.0074,1.2972,-0.59564,-6.8621,-0.17433,-0.75966,-0.099978
-0.61,-2.9668,-2.1104,0.32736,1.0702,0.0023735,-3.6414,-0.075519
-0.55221,0.83323,-1.4926,0.18932,3.458,-0.88662,-1.2647,-0.019444
-0.58996,-2.2332,-1.5775,-0.3327,-5.3468,-0.032018,-1.3678,0.045903
-0.40132,-3.4513,-0.56257,-0.069558,-1.6287,0.033171,-3.3807,0.10378
-0.38563,0.028845,-0.41466,0.074527,-1.7001,-0.48435,0.092161,0.12011
-0.64574,0.57653,3.9238,0.16449,-1.5657,-0.0034921,-0.63894,0.077883
-0.58966,0.3687,-0.095279,-1.1752,-0.36734,0.073171,-0.61862,0.017379
-0.80202,0.070935,1.9331,0.15763,-4.0673,-0.057579,1.716,-0.02475
-0.73935,3.8129,-0.3277,-0.48394,3.2838,0.09279,-1.3228,0.0039443
-0.54295,5.272,-0.76581,1.9007,5.4469,0.39237,-0.36495,-0.071698
-0.55939,-0.43877,2.101,-1.0662,-5.1184,-0.034424,1.0378,-0.10906
4.497,-1.6266,1.9529,-0.58983,4.0532,0.22695,0.097838,-0.067682
4.4738,0.21649,-1.5518,1.5731,2.72,-0.059337,0.68981,-0.093845
4.4519,-0.91904,-0.49628,-0.23373,-1.7455,0.037593,2.426,-0.04994
-0.67097,-7.6206,1.4997,-0.2996,0.86487,0.086789,-1.2063,0.044735
-0.66701,0.016849,0.2187,0.9091,-0.9612,0.018334,2.436,0.078467
-0.84586,-0.652,0.070667,-0.058652,-3.1767,0.020824,1.499,0.11329
-0.7105,-0.47643,0.86587,0.98954,2.2365,0.068108,-1.2959,0.019934
-0.63664,0.2962,0.49556,0.023837,-1.9815,-0.016513,1.1646,0.12228
-0.63378,-2.6458,-0.30115,0.2239,2.3282,0.054907,-0.34286,0.097621
-0.34475,3.498,0.41266,0.85089,3.4379,0.059945,0.091268,0.013972
-0.4838,0.23214,0.76106,-0.22606,-4.2355,0.046661,0.74493,-0.052933
-0.61447,-4.8576,-0.34111,-0.4928,1.9305,0.0039137,-1.402,-0.14498
-0.62727,-1.4894,0.3457,-0.084812,2.6743,-0.067122,0.61534,-0.12088
-0.60229,0.13376,0.32066,-0.38375,-2.276,-0.016924,0.19763,-0.09954
-0.65437,-2.8305,-0.76716,-1.0189,-1.3944,0.047116,-1.6794,-0.064202
-0.61021,-2.161,-0.63983,-0.47286,-3.7159,-0.0026899,2.3877,-0.062157
-0.59694,-1.1792,-0.56663,-0.47843,3.4712,0.12253,-0.41998,0.11546
-0.58453,2.5678,-0.56588,-0.96195,2.4913,0.073511,0.91613,0.056782
-0.43861,-2.6417,0.03908,-0.87038,-6.5508,-0.056597,1.6435,0.10821
-0.54139,1.6165,-0.95735,-0.16334,4.3894,0.22785,-2.3767,0.16063
-0.59099,3.9343,-0.68586,0.14159,5.4429,0.29343,0.47851,0.099154
-0.57913,-1.5685,-0.081512,-0.11862,-6.2228,0.014708,0.20249,-0.029812
-0.62421,2.2469,-2.3199,0.49429,4.5386,0.28476,-1.6746,-0.028522
-0.56667,2.6162,1.1992,2.0439,3.7749,-0.012682,0.17658,-0.041811
-0.56472,0.18667,-0.32869,-1.2499,-1.7637,-0.020466,1.9457,-0.11813
-0.5698,-2.0716,-0.39962,-1.1495,3.4506,0.18919,-1.6118,-0.076079
-0.23375,-3.733,-0.25768,0.0066819,0.079546,-0.047567,3.1154,-0.093237
4.514,2.1374,-0.47569,-0.43101,1.2842,0.023981,2.752,-0.080411
4.5078,0.55238,0.59468,1.359,4.11,0.25149,0.37816,0.15735
4.4726,-2.7398,1.2571,-0.092558,-0.22121,0.036438,4.0541,0.039429
-0.91533,0.49998,0.024812,-0.25627,2.4883,0.051686,0.12903,0.11899
-0.81172,2.3603,1.1182,1.526,4.6155,0.29846,-0.55885,0.18125
-0.63802,0.90242,-0.65199,0.43005,-0.96951,0.015305,1.9095,0.095601
-0.64326,-1.0771,0.14122,0.93105,3.7208,0.19719,-0.66283,0.016065
-0.29697,3.5289,0.48723,0.93726,3.178,0.0062496,1.4572,0.00082907
-0.62746,-0.038811,1.2616,-0.040957,-0.3265,-0.00031546,1.4716,-0.024482
-0.58744,3.7683,1.0281,0.62509,1.1047,-0.022745,-0.54692,-0.13021
-0.62347,-1.0604,0.81463,0.12895,-0.053179,-0.048395,1.8475,-0.13004
-0.90822,-0.017393,0.39112,0.31582,2.7927,0.044928,-0.23797,-0.14169
-0.72742,3.7965,0.44683,0.17784,4.6618,0.2944,0.99699,-0.063812
-0.63291,-2.9022,0.32435,-0.60349,-3.6512,-0.028373,0.80937,-0.037917
-0.60711,-5.7726,-1.546,0.066408,3.5861,0.20472,-2.3079,0.13705
-0.59508,3.214,-0.29145,0.54422,4.7143,-0.024105,-0.15189,0.0024597
-0.42104,-1.4462,0.47852,-0.38342,-1.9344,-0.039437,0.1904,0.15895
-0.5771,-1.9862,-1.9869,-0.44117,-1.4773,0.037984,-1.5448,0.16871
-0.5983,1.2748,-0.20426,0.26954,1.4288,-0.28285,1.6201,0.15642
-0.59017,1.2756,2.9383,-1.305,2.1665,0.039556,0.0026271,-0.0020915
-0.75504,1.5179,-0.57064,-0.97837,0.43506,0.067094,-0.36205,-0.035751
-0.61209,-1.2772,1.8445,-0.29668,-1.7396,-0.046297,2.7923,-0.055148
-0.57214,2.1762,-2.9066,-0.82034,4.0659,0.22163,0.014212,-0.088321
-0.57037,3.8068,-1.3879,0.67642,6.7489,0.51874,0.09812,-0.074691
-0.27726,-2.1279,-0.53753,-0.14605,-3.6615,0.017095,1.9821,-0.091338
-0.49024,-6.6652,-0.23436,-0.29932,3.8872,0.20463,-1.2755,0.023999
-0.5751,-0.43542,0.13074,1.4017,3.8553,0.071413,-0.5621,0.012244
4.525,-0.094483,-1.1162,-0.052428,0.37844,-0.043627,2.9668,0.023269
4.5031,-2.6333,0.63223,-0.015612,0.7232,0.025752,-0.51911,0.2317
4.4644,-1.8959,1.2935,0.10093,0.76469,-0.050353,1.9404,0.15949
-0.64752,2.1536,-1.0079,-0.45065,-0.47722,0.036438,2.5817,0.1065
-0.65035,1.8878,0.81135,1.5315,3.956,0.22411,0.4101,0.023828
-0.38138,0.65858,1.702,0.010202,-2.0638,-0.077948,1.9456,-0.027914
-0.51203,0.28121,1.3515,0.22303,2.6341,0.029346,-0.0070763,-0.047263
-0.69644,2.1221,0.36687,0.69572,4.0296,0.11214,0.4748,-0.12733
-0.6382,-2.2741,0.39159,0.18162,-1.8766,-0.040951,1.0926,-0.12402
-0.82192,1.5505,-0.44764,0.63404,0.71805,0.025913,-1.1031,-0.049137
-0.79855,-1.5818,-0.61011,0.42606,1.1969,-0.1476,1.6417,0.039113
-0.6749,-1.6193,0.58767,-0.045421,0.038931,-0.07153,-1.0926,0.089954
-0.61465,3.8672,0.10948,0.30504,3.7447,0.21885,0.63149,0.11273
-0.60067,-1.0935,0.92779,-0.53727,-4.2523,-0.14012,0.98851,0.015432
-0.43877,0.23125,-0.12859,0.63804,4.6499,0.30198,-1.8093,0.10799
-0.57432,5.2019,0.24223,0.80832,5.8533,0.15293,-0.5536,0.089711
-0.60996,-0.85947,-0.23302,-0.84169,-3.9414,-0.0035114,0.53029,0.067125
-0.60862,1.1985,-0.42975,0.40973,3.2205,0.17265,-2.7182,-0.030129
-0.72917,2.9742,-0.067765,0.30618,4.5972,-0.29585,-1.0034,-0.088686
-0.58087,-0.42407,-0.98657,-0.36473,-1.4089,-0.04939,0.021469,-0.10553
-0.58007,-0.82284,0.02575,0.16616,0.34246,0.055202,-1.4189,-0.11482
-0.57282,-1.0825,0.53269,0.12973,-0.48823,-0.14859,2.7433,-0.092336
-0.2575,0.084267,-0.88656,-0.087593,0.65735,-0.045257,-0.20107,-0.019225
-0.45112,2.2796,0.037294,0.61742,3.7241,0.23369,-0.79674,-0.034607
-0.59478,-2.6321,0.30007,-0.055383,-3.2693,-0.025023,2.9298,0.071093
-0.57689,-1.1288,0.57205,-0.14436,4.4527,0.32841,1.0986,0.20359
3.2857,4.3297,-1.7438,0.86076,4.3046,0.24671,0.043489,0.065178
4.514,1.9366,0.90421,0.0072792,-2.004,-0.073295,1.0047,0.10336
4.4725,-3.2124,-0.33193,-0.028329,3.0057,0.10983,1.2137,0.057609
4.427,0.81739,0.75767,1.4859,1.1099,-0.085976,0.82436,-0.030348
-0.3835,1.7452,-0.13698,-0.094549,-1.8291,0.0072957,2.3612,-0.071941
-0.54605,-3.7075,0.68962,-0.00011354,2.5639,0.03896,-1.949,-0.12492
-0.61584,-1.5782,0.58411,-0.095506,0.1077,-0.0888,2.1544,-0.11745
-0.64542,-0.088645,-0.16676,-0.18527,0.65335,-0.0015155,1.0677,-0.09825
-0.7382,4.1278,0.67471,1.3806,3.0,0.10727,0.29664,0.0081548
-0.76835,-1.6028,0.51331,-0.13243,-2.8959,-0.015974,1.6205,0.084454
-0.69437,-7.5286,1.2647,-0.35868,2.7184,0.11424,-1.1347,0.41299
-0.6202,-1.3062,0.1832,-0.28307,2.8143,0.041732,0.55701,0.25752
-0.61249,0.36474,0.6105,-0.38822,-2.5889,-0.0018685,1.6155,0.028939
-0.33694,-1.4937,-2.0213,-0.56099,-0.83643,0.0037789,-1.4053,0.1121
-0.50042,0.32729,-0.64354,-0.14972,-2.3731,-0.079071,2.0024,0.046
-0.60722,2.1293,1.5318,-0.17898,-0.28032,-0.069721,0.15442,-0.010001
-0.60707,2.1209,0.30602,-0.39516,-1.6631,-0.047606,-0.72551,-0.076079
-0.8393,-1.0807,1.0715,-0.43704,-6.5962,-0.07601,2.4298,-0.14388
-0.57815,0.0070103,0.62112,-0.42415,2.7511,0.0259,-1.5844,-0.11894
-0.58632,1.466,-0.69172,-0.58464,2.0026,-0.011552,1.9267,-0.068242
-0.58045,-4.6261,0.6767,-0.95369,-6.9633,-0.069785,1.8242,-0.051108
-0.35803,0.48659,-0.92964,0.058007,3.4883,0.19374,-3.4725,0.0032629
-0.53402,1.4814,0.12144,0.78444,4.6409,0.068859,-0.75505,-0.038574
-0.58431,-1.51,-2.5199,-1.3044,-5.7271,-0.075926,0.2184,0.18675
-0.57306,-5.0386,-3.862,-0.36351,2.3413,0.034474,-2.3843,0.033685
-0.68313,3.3088,-1.9253,0.74264,-1.3862,-0.25028,0.78952,0.073186
-0.59536,2.4756,-0.79198,-0.26989,-1.7321,-0.04846,1.3996,0.064156
4.5594,2.1964,0.65543,-0.50175,0.23082,0.042303,-1.6827,-0.0022132
4.4829,-2.6975,0.96106,-0.916,-1.2421,-0.050686,2.7452,-0.074302
4.4502,3.0466,-1.3182,0.16209,-1.5744,0.021279,1.2594,-0.083769
4.4261,2.4386,1.4118,2.2772,3.7793,0.20822,-1.8995,-0.12385
-0.68197,-0.88504,1.0396,-0.47222,-5.8443,-0.14944,0.5379,-0.12123
-0.65224,-0.99787,0.72578,0.16992,1.5261,-0.036067,-0.12731,-0.02054
-0.64555,3.1267,-0.12751,1.334,0.93776,-0.13968,-0.12652,-0.038209
-0.81567,-0.94312,-0.69666,-0.24813,-4.962,-0.083281,0.66448,-0.026016
-0.67437,-3.4382,0.97826,-0.16429,-1.3152,-0.074476,-2.3551,0.19064
-0.62692,-0.98313,0.28453,-0.0035691,-0.2585,-0.11337,1.6535,0.22218
-0.62832,1.4811,0.76234,-0.4647,-2.4802,-0.062,-0.25111,0.091269
-0.38996,7.182,-0.078955,1.0925,2.2862,-0.024304,-0.7485,0.11502
-0.62524,0.06642,0.93898,-0.33857,-5.8729,-0.22866,0.7232,0.06143
-0.61745,0.36612,0.30768,0.80469,2.267,-0.0306,-1.5837,-0.045072
-0.6144,5.1312,0.75505,1.0095,3.6062,-0.068014,-1.4082,-0.0909
-0.74171,-0.7969,0.64119,-0.77484,-6.7962,-0.13595,-0.91546,-0.11005
-0.6082,-1.8684,-1.8171,0.10344,0.71348,0.0072058,-2.6322,-0.11003
-0.59679,0.81338,-0.10841,0.39987,3.677,-0.39099,-0.43595,-0.066806
-0.59118,-2.9927,-1.3604,-0.58824,-4.8598,-0.071607,-0.79316,0.057269
-0.5804,-1.3995,-1.1983,0.014152,-2.6824,0.030963,-1.7575,0.083188
-0.42728,-0.93021,-0.46715,0.97604,-1.7459,-0.46242,0.88714,0.12325
-0.6686,0.27585,1.5326,-1.424,-1.5651,-0.0097556,-0.4735,0.13388
-0.58812,-1.7012,-0.12114,-0.96439,1.2078,0.016171,-0.10899,0.036752
-0.87112,0.19963,0.80786,-0.096014,-5.5236,-0.11976,1.1956,0.10439
-0.62568,3.0258,-0.11354,-0.41771,2.3992,0.0033425,0.097067,0.012
-0.54216,5.4511,-1.7901,0.86471,4.6687,0.28557,0.090613,-0.012946
-0.55807,-0.26937,1.836,-1.803,-5.5647,-0.098497,2.1921,-0.09533
4.496,-1.8655,-0.75048,0.30808,4.135,0.28122,1.2268,-0.054978
4.4888,1.934,-0.23958,1.3339,2.6417,-0.077139,-0.15407,-0.12449
4.4643,-0.3515,-2.1897,-0.37834,-0.85582,-0.067577,2.4322,-0.075324
4.4622,-7.4733,-1.8314,0.052284,1.3828,0.061896,-2.1026,-0.035702
-0.66532,0.3862,0.34341,0.69504,-0.53831,-0.077319,1.2711,-0.040351
-0.99875,-1.2901,-0.61642,-0.65289,-2.604,-0.0032803,1.7038,0.15262
-0.71944,-0.66761,0.41359,0.77272,1.0444,-0.018201,-1.6734,0.1251
-0.63087,0.001725,0.85263,-0.1435,-2.3505,-0.051213,2.113,0.064302
-0.63341,0.40098,-0.79326,-0.1602,2.1902,0.011993,-0.46519,0.072066
-0.24176,3.6405,-1.1937,0.77006,3.4655,0.0053127,0.12142,0.088153
-0.5147,0.49088,0.52966,-0.0103,-4.2867,-0.055731,0.98045,-0.017449
-0.62558,-1.501,-0.21961,0.024685,-2.8152,0.016916,-2.0606,-0.09292
-0.62561,-0.64039,0.43118,0.24595,-1.7921,-0.1703,0.79967,-0.11687
-0.61001,0.39969,1.9221,-0.094524,-3.431,-0.068797,-0.79489,-0.125
-0.71508,2.9891,0.48104,-0.084671,0.57876,0.010504,-0.69216,-0.1029
-0.59139,-3.4882,-0.2952,-0.82415,-6.1647,-0.19215,0.90952,-0.074156
-0.59821,-1.3561,-1.6607,-0.12933,3.0045,0.021748,-2.6979,0.0011941
-0.46733,2.0926,-0.55539,-0.7636,3.8124,0.17694,0.33335,0.092218
-0.41021,-3.3998,0.31466,-0.85903,-8.942,-0.16519,-0.014603,0.15691
-0.55806,1.1927,-1.9083,0.043504,3.6679,0.11054,-3.8498,0.10655
-0.59592,1.5548,-0.21662,0.52487,4.3938,-0.17603,-1.0249,0.12756
-0.59662,1.2315,-0.68337,-0.46525,-8.4283,-0.14269,-0.53317,0.046
-0.73965,-0.50932,0.052532,-1.0503,0.35905,-0.024901,-3.3221,-0.004793
-0.54424,2.5133,0.34109,0.57192,-1.987,-0.10456,1.3795,-0.048236
-0.56353,1.2988,0.24385,-0.72323,-3.1293,-0.029323,0.15023,-0.075008
-0.56114,3.5938,0.72922,0.68919,-1.026,0.084017,-1.0863,-0.057509
-0.44258,-3.1276,0.7678,-0.37023,-3.4493,-0.073276,1.3265,-0.11942
4.5194,1.0353,-0.23532,-0.1984,0.37024,-0.035028,0.13257,-0.096133
4.4994,1.7683,-0.80271,2.2568,3.1034,0.10136,-1.5135,0.041741
4.4761,0.38471,1.6971,0.24535,-4.5456,-0.095615,1.2533,-0.023095
-0.85262,-2.7851,0.57697,0.21813,1.397,0.063699,-0.019869,0.13403
-0.72992,1.421,-1.7713,1.2735,1.3234,-0.076889,-0.11132,0.15107
-0.64204,-0.013579,-0.94786,0.14906,-4.0837,-0.0089662,1.5801,0.1322
-0.64452,-3.5627,1.9882,-0.090664,0.63253,-0.0426,-1.7483,0.028769
-0.36598,0.89149,0.62307,0.46704,-0.37648,-0.05806,0.73861,0.036314
-0.60882,1.1109,1.5057,0.072549,-2.6873,-0.012246,-0.34303,-0.082942
-0.62008,4.9456,1.214,1.2622,3.3908,0.13949,0.18711,-0.12714
-0.62548,-1.1652,0.88906,-0.26383,-5.1455,-0.016648,0.70274,-0.11587
-0.78807,-5.4484,0.22781,-0.40345,0.75216,0.0080979,-1.9879,-0.11081
-0.79843,0.57901,0.48796,-0.32505,3.0617,-0.2175,-1.136,-0.096498
-0.61632,-2.3371,-0.5964,-0.76692,-1.8429,0.037503,0.69887,0.012024
-0.60945,-3.0965,-2.6566,-0.53863,-1.3499,0.026837,-2.1274,0.098984
-0.58166,-0.92459,-0.39197,-0.4567,-2.6146,-0.13539,0.25265,0.0043581
-0.43023,-0.57843,1.8069,-0.60604,0.48662,0.022711,-0.69822,0.17292
-0.58399,0.59971,1.1356,-1.0616,-1.8822,0.050004,-0.44335,0.17711
-0.59703,0.14032,0.1029,-0.27175,-5.546,-0.014594,1.6602,0.1019
-0.58894,1.7599,-0.88878,-0.5173,1.0254,0.0034516,-2.1472,-0.03064
-0.71319,2.8573,-0.31587,-0.017282,2.3089,-0.0085748,-0.1379,-0.043198
-0.57593,-1.2083,1.2875,-0.53045,-7.2629,-0.058567,0.38605,-0.097399
-0.57481,0.20072,1.2059,0.20422,2.2852,-0.017861,-3.6347,-0.079243
-0.56595,3.933,-0.2791,1.0969,2.789,-0.14401,-1.0536,-0.053955
-0.45042,-1.9094,-0.65769,-1.1605,-3.5733,-0.016411,1.7809,-0.085643
-0.54943,-4.6579,-2.9159,-1.3106,2.814,0.094554,-2.6184,0.025021
-0.56974,-3.5374,-0.98972,0.71816,-0.84474,-0.10571,1.2182,0.064035
4.5308,1.6125,-0.62491,-0.75298,-1.1882,0.021684,1.8756,-0.033658
4.5122,2.9328,1.9647,0.84725,1.6879,0.047989,-0.60516,0.18263
4.4773,0.3699,0.45013,0.15647,-1.2527,-0.08443,2.2545,0.14941
-0.64479,1.4907,-0.73922,0.17781,1.2818,0.066722,-0.27989,0.13824
-0.64757,4.5213,0.36974,1.5838,3.3268,0.04643,-1.0522,0.02305
-0.31833,1.5836,-0.64967,0.15316,-3.1479,-0.10627,1.0973,-0.046362
-0.53054,-0.35019,0.34997,0.26167,2.4782,0.043664,-1.2761,-0.066611
-0.65359,0.58833,0.8066,0.97923,1.6816,-0.075747,0.30774,-0.12802
-0.63656,-1.9195,-0.24931,-0.42465,-1.6142,0.015638,0.72721,-0.11414
-0.92429,0.84161,0.00065771,0.095421,-1.0883,0.033896,-0.025854,-0.051911
-0.73765,-2.2968,1.2924,-0.38136,-3.7987,-0.039956,1.0901,0.0034332
-0.63318,-1.7471,1.3556,0.34628,1.284,-0.022379,-1.7148,0.31342
-0.61399,4.5082,0.86907,0.61038,3.1849,0.02015,0.48908,0.12629
-0.60577,-1.0939,0.22328,-0.38483,-6.2006,-0.1032,-0.32746,0.096136
-0.39779,-2.0279,-1.3987,0.74238,2.4611,-0.050077,-4.0401,0.15959
-0.6237,4.3592,-2.2189,-0.32576,3.3872,-0.26427,-1.3618,0.08387
-0.60814,-0.35049,0.86052,-0.77507,-4.0491,-0.062148,0.35304,0.03259
-0.60528,2.2017,-1.6968,-0.10013,0.68539,0.0035415,-3.0198,-0.054272
-0.69604,2.0832,0.94965,0.48896,2.5112,-0.55649,-0.055812,-0.10309
-0.60572,0.46957,-2.0099,-0.056719,-3.5653,-0.014582,-0.98305,-0.1285
-0.58227,-2.7755,0.5469,-0.073476,-0.91766,0.064681,-2.6669,-0.11361
-0.56749,-0.47598,0.0050582,0.048007,-1.7685,-0.10633,1.7295,-0.077101
-0.30544,0.66164,0.5225,-0.3594,-0.36883,0.036688,-2.371,-0.07126
-0.46485,3.31,-1.4347,0.62008,3.2518,0.066658,-1.6539,-0.037357
-0.58396,-4.6706,-0.36039,-0.8593,-4.9875,-0.070099,1.0145,0.06182
-0.57618,0.1428,-1.2948,0.077732,4.1618,0.25694,-1.5864,0.12371
-0.74348,3.4302,-0.35155,1.366,4.8801,0.29888,-0.70917,0.16801
4.531,1.9704,1.2253,-0.38563,-4.1773,-0.04509,0.70842,0.032055
4.4924,-4.415,0.75538,-0.090137,2.1307,0.064963,-0.13008,0.070143
4.4498,-0.50593,0.060915,1.7777,0.67732,0.0041447,0.55062,-0.030981
-0.44021,1.9131,0.18422,-0.33918,-1.6237,0.050556,2.6051,-0.084256
-0.56886,-2.1128,0.22152,-0.86134,2.7845,0.080551,-2.8542,-0.12264
-0.62255,-1.4532,1.0514,-0.4096,0.58761,-0.012169,1.4007,-0.098153
-0.64533,-0.24196,-0.22894,0.019875,-1.1546,0.047546,0.84756,-0.10913
-0.69655,1.9614,0.96544,1.4728,2.5269,0.038003,-0.0047516,-0.031054
-0.74037,-3.1259,0.13685,-0.39003,-2.6993,-0.00061708,1.5062,0.15107
-0.62873,-3.7594,0.46009,0.012906,2.872,0.050992,-1.8195,0.23097
-0.61805,1.3563,-0.49922,-0.12271,4.3987,0.12021,-0.38274,0.24014
-0.61674,-0.28371,0.15248,-0.13867,-3.4497,-0.032602,0.64224,0.16102
-0.45173,-0.85832,-1.8702,0.72192,0.77074,-0.0029723,-2.1876,0.12537
-0.52621,-0.40379,-0.55854,-0.24948,-0.63546,-0.084442,0.80736,0.089614
-0.60706,2.6351,-0.15855,-0.48056,-0.31041,-0.0094283,-0.064282,-0.0098309
-0.60149,2.1008,1.5558,-0.73372,0.15666,0.080859,-1.4096,-0.049429
-0.74658,-0.87296,0.52061,-0.020545,-3.5515,-0.0020418,1.9086,-0.12609
-0.60885,-0.3608,1.0142,-0.78259,3.1346,0.080686,-1.4156,-0.13096
-0.58914,0.12742,-0.84084,-0.45579,3.4287,0.11139,1.0088,-0.083404
-0.57769,-3.5568,1.2994,-1.2027,-6.3154,-0.0043071,1.6391,-0.038306
-0.37018,-0.85963,-1.6711,-0.48439,3.5785,0.090665,-3.8269,0.0062077
-0.53978,2.2167,-1.278,0.77523,4.9665,0.15684,-0.78273,0.025191
-0.59088,-1.5927,-1.3508,-0.62034,-7.2044,-0.019857,-0.46492,-0.0021158
-0.56891,-3.5846,-4.6987,-0.98569,4.5544,0.28718,-3.3285,0.027649
-0.73505,3.7068,-1.4023,0.70279,0.64538,-0.11494,1.5036,0.12705
-0.58964,1.4541,-1.3404,-0.47054,0.021847,0.046462,2.1609,0.11186
-0.55302,0.66621,1.5827,-1.319,0.55816,0.059746,0.58422,0.031909
4.5091,-0.1122,1.4658,-0.084684,-0.54413,0.0091183,2.3282,-0.040448
4.4735,2.4826,-1.4683,0.29162,0.29067,0.018976,1.2139,-0.10178
4.4412,4.1489,1.1494,2.5432,4.5264,0.3248,-0.46397,-0.1231
-0.66865,0.20245,1.5089,0.28167,-4.4332,-0.027943,0.63264,-0.1508
-0.64348,-2.8015,1.5717,0.41847,2.7039,0.051454,-0.38426,-0.071284
-0.88615,0.35984,0.49485,1.8654,0.6431,-0.047067,0.46389,-0.017668
-0.82471,-0.97833,-0.93977,-0.55028,-0.65489,-0.0042879,1.6338,-0.036165
-0.6281,-4.2071,-1.1684,-0.36806,-0.75861,-0.0042815,-1.0266,0.090538
-0.61855,-1.1831,0.091217,-0.027533,-0.1751,-0.061821,2.1462,0.24365
-0.62279,0.19466,0.17864,-0.052036,1.1849,-0.028289,0.26127,0.05778
-0.42838,6.2832,-0.040533,1.2847,4.4669,0.2774,1.0224,0.1664
-0.58738,0.37585,0.58785,0.31884,-4.4596,-0.059594,0.6622,0.064692
-0.60999,-3.3569,0.59308,-1.0431,3.2941,0.12834,-1.5544,-0.011973
-0.6057,3.5708,1.0618,0.72637,4.3273,0.096364,0.64479,-0.064835
-0.7874,-0.15573,1.3498,-0.84787,-3.0741,-0.020255,-0.27527,-0.12196
-0.67294,-1.9587,-1.902,0.12822,-0.47414,-0.0039221,-2.1684,-0.1064
-0.5921,1.428,-0.19401,0.083416,0.47885,-0.23354,1.1711,-0.071746
-0.58693,-2.1908,-0.37052,-0.52118,-0.64975,0.012744,0.34096,-0.034388
-0.43213,-0.73033,-0.60979,-0.19222,-2.816,0.020477,-1.9411,0.02709
-0.44413,-2.2538,-0.95208,-0.17417,-1.2642,-0.038108,2.0879,0.11658
-0.60127,-0.70022,-1.3384,-0.59177,1.9536,0.072401,-0.63987,0.11794
-0.58206,1.6512,0.67053,0.66035,5.085,0.38284,0.33566,0.021054
-0.69036,-0.037115,0.5456,-1.3074,-5.3909,-0.060608,0.42924,0.028696
-0.63511,1.5074,1.1163,-0.18757,4.0228,0.1788,-2.2914,0.030521
-0.54428,5.0174,-0.1056,0.59072,6.129,0.48612,1.1785,0.027333
-0.55242,0.98469,-0.0063895,-0.20944,-1.3592,0.0058197,2.6996,-0.095744
-0.51434,-3.4004,-1.6371,-1.2772,3.679,0.22025,-2.4465,-0.07401
4.4979,-2.0563,-0.30814,1.1858,1.4506,-0.12363,1.7674,-0.11517
4.471,0.75856,0.93185,-0.90123,1.0587,0.026792,2.5822,-0.10957
4.4493,-0.85966,0.96031,0.72309,4.2133,0.29243,0.25873,-0.028425
-0.65756,-0.0060135,1.7308,-0.1831,0.9942,0.015221,3.1401,-0.022097
-0.75231,0.79216,-0.76685,-0.51752,2.5851,0.016203,1.9759,0.072772
-0.59633,0.79135,0.7005,1.057,5.1986,0.37402,0.33308,0.10307
-0.62957,-0.32528,0.26013,0.38486,-1.3125,-0.048203,2.0979,0.019277
-0.6315,-1.542,0.171,0.19575,2.5009,0.010806,-1.7142,0.06513
-0.34445,2.8316,0.6893,0.63324,3.1693,0.017127,1.513,0.089638
-0.58075,0.25979,0.1832,-0.13592,0.51927,0.049921,0.96789,0.0091526
-0.62352,6.3895,0.99686,0.87179,1.9791,-0.033218,0.48822,-0.078391
-0.62709,-0.32978,0.94619,0.19862,-1.4563,-0.13438,1.4416,-0.098591
-0.80858,0.34761,3.7585,0.23859,1.113,0.0063266,-0.77503,-0.13203
-0.69162,2.8098,1.532,0.60129,3.397,0.041597,0.24132,-0.1269
-0.59752,-3.276,0.54405,-0.29796,-3.6686,-0.12938,1.0936,-0.055464
-0.59692,-0.93,-2.2658,0.50435,1.1513,-0.030741,-4.1442,-0.00058252
-0.32292,0.49361,-1.4504,0.50075,5.0002,-0.19305,-0.2205,0.16788
-0.411,-1.5885,-0.014227,-0.90833,-4.8249,-0.067763,-0.58122,0.16616
-0.60591,-0.84864,-1.7533,-0.17297,-0.98899,0.029211,-2.3527,0.15937
-0.59211,0.74146,0.011823,0.47148,1.1088,-0.44914,1.0665,0.11154
-0.55929,2.2357,1.7223,-0.66163,-1.9698,0.0016996,0.24254,0.075327
-0.62002,0.51357,0.25694,-0.96904,0.11634,-0.038589,-0.24683,0.0049909
-0.57947,0.36269,1.6542,0.53021,-4.5175,-0.14699,1.6971,-0.05269
-0.56373,1.3339,-0.42346,-0.9549,1.5574,-0.0055136,-1.6537,-0.069094
-0.55502,4.1086,0.77709,0.48406,3.6987,0.1854,-0.59189,-0.063131
-0.38788,-0.20657,2.0356,-0.67686,-6.7465,-0.12763,1.5458,-0.094819
4.648,-4.1079,0.35036,-0.52498,2.2658,-0.063605,0.59283,-0.090316
4.5113,-0.69692,0.66043,0.84675,2.5701,-0.095128,-1.2826,0.026895
4.4843,0.92362,-1.2302,-0.33374,-2.7246,-0.1275,2.3548,0.056636
4.465,-6.9009,0.67936,-0.91626,0.88263,-0.026473,-1.5084,0.16771
-0.64174,-1.3746,0.26579,0.2144,-0.63181,-0.098888,1.087,0.17613
-0.64201,1.6086,0.75628,0.16003,-4.1493,-0.097431,1.0294,0.13853
-0.63923,-1.2712,0.62903,0.37527,0.053497,-0.070953,-1.5779,0.01587
-0.3566,1.039,1.2675,0.11242,-5.404,-0.12617,0.31077,0.0221
-0.62348,0.31654,0.072241,0.57521,1.1961,-0.046027,-0.62529,-0.089075
-0.62553,4.169,0.1428,1.4278,3.4154,0.0073855,-0.4342,-0.12456
-0.62473,-1.4063,0.87061,0.098536,-6.5358,-0.045052,-0.10104,-0.15294
-0.72624,-3.7988,0.35344,-0.58846,-1.0714,-0.030645,-1.2643,-0.08338
-0.72438,-4.6315,0.58735,-0.048979,-1.0094,-0.3197,-0.36267,-0.081749
-0.60542,-0.53941,-0.24703,-0.42669,-3.3673,-0.068918,-0.57634,-0.017741
-0.60844,-2.1594,-1.3041,-0.76535,-1.6467,0.014143,-2.0654,0.07781
-0.1412,-2.7438,-1.1662,-0.26879,-5.5293,-0.14174,1.8517,0.095528
-0.47128,1.2317,-0.3959,0.14384,0.96912,-0.069413,-1.2996,0.081874
-0.55788,1.3882,-0.866,-0.84894,1.8367,0.044966,0.7098,0.18553
-0.59959,-0.46194,0.18726,-1.1174,-7.7836,-0.052977,1.4181,0.086523
-0.70532,1.6052,-0.24897,-0.45119,2.3673,-0.033712,-3.3396,0.018158
-0.72644,3.2183,0.40391,-0.1172,3.1181,-0.1244,-0.28225,-0.055708
-0.62465,-1.1784,0.77815,-0.3431,-8.3335,-0.053574,0.13574,-0.1019
-0.5758,0.66259,-3.3547,-0.39518,3.1587,0.094561,-2.0336,-0.09129
-0.56324,3.1322,-1.0938,1.0131,-0.84014,-0.34735,-0.32109,-0.062376
-0.40829,-1.4625,-1.4183,-1.2137,-3.0786,-0.031164,1.4113,-0.11186
-0.5738,-3.2538,0.14033,-1.2749,-1.4317,0.021382,-2.4211,-0.05746
-0.56769,-3.5021,-0.11357,-0.31242,-3.3692,-0.084898,1.8404,0.18397
-0.57196,2.213,-1.427,0.6328,-1.7526,-0.0097171,1.2455,-0.021416
4.5365,2.928,2.6434,2.9329,1.6396,0.067761,0.012632,0.14963
4.5004,-0.074324,1.2705,0.57154,-3.1835,-0.058805,1.4332,0.16959
4.46,2.1462,0.27487,0.39514,-0.16431,0.019348,-0.64091,0.10514
-0.64588,3.9427,0.50487,1.9519,2.7297,-0.0023306,-1.0053,0.00053702
-0.49968,1.3811,0.11996,0.66281,-3.8457,-0.05464,1.351,-0.03339
-0.65253,-1.6014,1.88,0.93732,0.46161,-0.027288,-1.1124,-0.083696
-0.63803,2.1473,1.4573,1.8877,-0.39321,-0.060428,-0.064443,-0.10745
-0.63548,-2.248,0.34705,-0.31624,-3.6878,-0.029605,-0.12959,-0.08815
-0.7118,0.28702,0.87833,0.38082,-1.3082,-0.0042879,-1.0305,-0.026259
-0.75809,-3.1165,0.46785,-0.73288,-2.9523,-0.080329,0.95775,0.19419
-0.61065,-2.5572,-0.92449,0.076595,0.076245,0.020926,-1.4084,0.21296
-0.61103,3.5922,-0.22377,0.65892,2.5483,-0.09102,-0.91558,0.19329
-0.27703,-2.0219,-0.66106,-0.48308,-6.4093,-0.10588,0.18085,0.098156
-0.3918,-0.68692,-0.61972,0.20209,2.207,-0.04708,-3.0961,0.14265
-0.65204,3.5922,-0.094675,0.74395,3.3457,-0.30108,-1.259,0.089297
-0.60848,0.1626,1.8743,-0.73208,-5.4944,-0.09953,-0.76942,0.055662
-0.86996,0.8401,-1.3074,0.62559,-2.3243,0.075758,-3.5423,-0.027573
-0.74938,2.681,0.17258,-0.08444,0.66539,-0.69946,-1.1948,-0.099881
-0.66069,0.40667,-1.1626,-0.93564,-4.5673,0.0013403,-0.73791,-0.12283
-0.58163,-0.72078,0.24113,-0.6533,-2.3223,-0.0084593,-1.8364,-0.10674
-0.56959,-0.49415,0.033645,-0.53845,-2.3411,-0.13657,1.8985,-0.07014
-0.35585,0.60621,-1.0343,0.52292,-1.3153,0.021241,-1.5773,-0.10037
-0.49662,0.8744,-1.5662,0.37455,3.7906,0.15646,-0.88456,0.038358
-0.57832,-2.5791,0.89792,-1.2916,-6.9789,-0.1601,-0.034003,-0.021708
-0.57485,1.5079,-1.3185,-0.40405,4.467,0.23598,0.23559,0.058072
-0.69111,3.1174,0.11334,1.2466,6.22,0.34617,-0.31475,0.15155
4.4908,1.3046,-1.4914,0.21082,-5.0465,-0.04174,1.1763,0.044735
4.5125,-6.5243,-0.35871,-1.307,2.6334,0.065573,-1.6578,0.080584
4.4668,0.0062847,0.28582,1.3178,-0.56555,-0.014338,-0.1311,-0.012532
4.4325,3.5143,0.57019,-0.36827,-2.4682,0.049985,1.9697,-0.069337
-0.53277,-2.3759,-0.68629,0.68424,-0.94594,0.034435,-2.4332,-0.10969
-0.64842,-1.5373,1.5261,-0.18697,-2.0638,-0.018669,1.4217,-0.13067
-0.64932,-0.63254,-0.32642,-0.4878,0.48021,0.053797,0.95076,-0.11166
-0.77849,1.0723,-0.48258,1.0859,3.1692,0.04985,-0.5986,-0.088783
-0.73779,-2.3748,1.144,-0.04086,-3.2174,-0.028373,0.78506,0.073356
-0.59099,-3.9799,-0.22275,0.18214,2.0906,-0.035464,-0.9871,0.18402
-0.61808,-1.1698,-0.26514,0.17818,3.2272,-0.12499,0.31793,0.43967
-0.6327,-0.9421,0.14065,-0.097883,-2.4604,0.050582,0.24622,0.12787
-0.45707,4.3845,-1.1579,0.77809,0.74831,0.004119,-0.54686,0.13676
-0.57266,-2.4263,-0.21028,-0.39725,-1.7706,-0.11498,1.7775,0.083359
-0.61256,3.9588,-0.17322,0.043517,2.6307,0.031618,-1.2245,0.030181
-0.59778,6.8502,1.4117,-0.68765,5.6408,0.4056,0.3896,-0.049526
-0.68609,-0.96357,0.63247,-1.5582,-4.8739,-0.015461,0.60321,-0.094502
-0.6813,0.30926,-0.87712,0.10696,5.5915,0.38507,-3.5274,-0.13568
-0.59068,2.0725,0.71617,0.69166,6.7854,0.22445,-1.0723,-0.097666
-0.58314,-2.5396,1.4411,-0.66211,-7.1069,-0.051758,0.20059,-0.066514
-0.41684,-1.683,-1.3934,-0.0053161,4.4337,0.28015,-3.3255,0.016673
-0.47203,-0.52746,-0.86776,0.89221,2.9976,-0.28415,-0.47399,0.057123
-0.58236,-0.74766,0.94464,-0.86479,-1.4616,0.026157,0.72737,-0.024166
-0.57381,-2.8724,-1.8147,-2.1124,1.7407,0.03869,-0.39179,0.10663
-0.91034,-0.47717,0.77402,-0.1224,-2.8489,-0.050333,2.0661,0.035292
-0.59561,1.9159,-0.55794,-0.79585,3.1364,0.12217,0.5749,0.11619
-0.55788,5.0581,-0.90941,1.4041,4.3843,0.28091,0.43658,0.049773
4.5172,0.23895,1.1406,0.23976,-3.7503,-0.041651,1.1666,-0.022925
4.4764,-0.033891,-0.2951,-0.31137,3.1876,0.065092,-0.42903,-0.094429
4.4449,1.6653,-0.63616,0.52085,3.8355,0.1683,-0.041523,-0.12877
-0.71038,0.29314,-1.0353,-0.003325,-0.68033,0.031843,2.6536,-0.10117
-0.65232,-4.8321,1.2661,0.86771,1.319,0.052385,-2.0144,-0.080046
-0.833,-0.38231,0.3817,1.337,-0.056493,-0.020146,0.70377,-0.014504
-0.70925,-1.3035,0.35343,0.16906,-2.1366,-0.033372,1.4202,0.025629
-0.59066,-0.63983,0.3151,0.9895,1.2691,0.024283,-0.51788,0.091269
-0.62532,-1.2055,0.87647,-0.17403,-3.064,-0.065376,1.1111,0.36227
-0.62772,-2.2584,-1.4338,-0.2932,3.0831,0.068178,-0.9828,0.093143
-0.41195,3.0113,-0.063698,0.13851,4.229,0.13344,0.56812,0.16981
-0.66408,1.2638,0.7109,0.20677,-3.7649,0.012,-0.2808,0.050673
-0.61652,-1.5986,-1.8421,-0.52271,-0.60017,0.0030666,-1.7289,-0.0043549
-0.61539,-0.76911,-0.49211,-0.22255,-0.81888,-0.12976,0.94982,-0.080362
-0.84359,1.8256,0.35413,-0.1034,-0.50135,-0.055307,-1.3257,-0.13736
-0.67955,2.012,0.6797,-1.4371,0.50321,-0.0055842,-0.25026,-0.10915
-0.59692,-2.4579,0.48306,-0.7554,-4.9038,0.0078348,3.0102,-0.071308
-0.59593,-0.96371,0.4979,-0.21883,3.9314,0.20091,-1.8465,0.0037253
-0.39042,2.819,0.046885,-0.1675,4.3305,0.27234,1.2586,0.11196
-0.47851,-3.8049,0.016448,-1.5795,-7.0488,-0.029502,0.7068,0.13218
-0.59884,-0.26271,-1.2843,-0.25661,4.8008,0.2791,-6.6177,0.11741
-0.58829,2.3485,-0.81261,0.2563,5.1638,0.055485,-0.47386,0.094116
-0.76782,-0.089153,-1.4973,-0.82098,-3.9963,-0.055878,0.19127,0.026457
-0.63059,0.99978,-2.3722,-0.2185,1.0877,0.057628,-3.3689,0.037896
-0.56361,1.8456,-1.0026,-0.10057,-0.74348,-0.13282,1.5759,-0.017449
-0.55943,2.838,-0.86837,-0.51375,0.040376,0.063378,1.3563,-0.088613
-0.55455,3.0263,1.2089,0.35728,2.3872,0.018167,-0.40211,-0.11256
4.5026,-3.1591,0.25602,-0.33029,-2.1561,-0.043723,3.1475,-0.11624
4.4779,1.1842,-0.59554,-0.16826,0.17103,0.0030537,0.090639,-0.071114
4.457,1.9013,1.3778,2.4706,5.1533,0.31398,-1.5842,-0.021172
-0.73246,0.85586,1.4598,0.09332,-3.2716,-0.028604,1.4983,0.037433
-0.77434,-2.1927,1.9473,0.39916,2.5107,0.012738,-0.90447,0.14956
-0.59711,2.5239,-0.65396,1.5014,2.4305,-0.074694,0.93294,0.16363
-0.63849,-0.14292,-0.37973,-0.13995,-2.9696,-0.014575,1.4703,0.11816
-0.63958,-0.36734,0.84925,-0.00078152,0.91927,0.016049,-1.6643,0.0009751
-0.48729,1.4716,0.68541,-0.029845,0.5167,-0.036099,1.76,0.088786
-0.60664,-0.31283,0.22124,-0.29198,-0.16632,0.032972,-0.57025,-0.042176
-0.63205,6.0041,1.0078,0.84539,3.0406,0.082875,0.15679,-0.090925
-0.63395,0.54329,1.5007,0.070095,-5.278,-0.093587,0.35146,-0.11322
-0.79256,-4.8647,2.1206,-0.16738,2.8625,0.034942,-2.2716,-0.13016
-0.66132,-0.15888,0.71502,0.040665,3.6108,-0.059716,-0.38891,-0.10589
-0.60464,-2.1585,0.823,-0.64857,-3.0926,-0.0027926,-0.058586,0.012438
-0.60805,-5.41,-3.3488,-0.44435,-2.302,0.017422,-2.664,-0.03356
-0.33984,0.85583,-0.87082,-0.63056,0.35637,-0.24147,1.3583,0.12169
-0.45488,-1.1253,-1.0076,-0.30527,-1.6636,-0.004628,0.069627,0.16796
-0.60874,-0.14771,-1.6903,-1.2133,-3.8698,0.035975,-2.3478,0.19212
-0.60161,-0.44378,-0.21184,0.10211,-3.5384,-0.053889,2.119,0.10074
-0.63274,1.8917,0.13353,-0.73349,0.84508,0.036912,-0.73218,0.048653
-0.67347,2.7084,-0.10062,-0.10076,1.4772,0.034942,0.25941,-0.015769
-0.58949,-1.0665,1.115,-1.5276,-5.6044,-0.059485,1.903,-0.058555
-0.57236,2.3748,0.17516,0.084142,4.1597,0.2059,-1.0259,-0.098762
-0.29562,3.3829,0.23037,1.0229,5.7248,0.2798,-0.31011,-0.093772
-0.45979,-1.5122,-0.6952,0.13096,-5.1546,0.020387,1.1909,-0.09662
-0.48838,-7.4186,-0.61202,-0.72854,4.0071,0.24055,-2.3668,-0.014625
4.5368,-0.41182,0.26862,0.88262,1.7325,-0.071806,-0.3081,-0.056024
4.5138,1.366,-1.4309,-0.72691,-1.1701,0.029333,2.8629,0.018961
4.4842,-4.1918,-0.80571,-1.5331,1.1653,0.082502,-2.9157,0.14231
-0.60327,-1.8901,0.6666,-0.65129,0.032708,-0.022071,2.0587,0.22223
-0.64621,1.8247,-0.56268,-0.38901,-0.87649,0.04471,1.7153,0.13644
-0.63974,1.2654,1.3521,1.0367,1.7192,0.055132,-0.60442,-0.0027973
-0.42443,0.047276,1.3586,-0.34811,-2.2477,-0.0060976,1.9133,-0.013798
-0.62152,1.0999,0.85519,-0.0069025,2.404,0.029545,-0.90406,-0.071503
-0.62845,3.7645,0.49927,1.0617,3.5815,0.12217,0.24017,-0.18509
-0.62607,-1.0671,1.0221,0.17494,-4.5096,-0.032474,0.93247,-0.10287
-0.72148,-3.1987,1.7384,-0.017038,1.7411,0.0034067,-2.1404,-0.10278
-0.68623,-4.1222,0.21504,-0.2122,0.98392,-0.15146,1.2709,0.023609
-0.60328,-0.92895,1.2769,-0.23924,-3.2649,-0.033096,-0.54104,-0.0023349
-0.61299,0.29578,-1.4123,-0.45096,1.8413,0.038587,-0.41905,0.16406
-0.15263,-2.8914,0.087048,0.080423,-3.3349,-0.088736,2.5994,0.15477
-0.54183,2.3047,-0.42473,0.29232,1.9985,-0.035207,-2.0897,0.023536
-0.61392,5.1638,0.32338,-0.69379,3.8657,0.2061,0.36198,0.15046
-0.59687,-2.1681,1.0602,-1.1102,-5.5797,-0.00095079,0.82853,0.063913
-0.74562,2.3451,-0.32154,0.25877,5.0703,0.34516,-3.0159,-0.004793
-0.73376,4.3411,0.55345,0.71888,6.3083,0.36166,-1.0744,-0.056292
-0.61274,-1.8617,0.65276,-0.309,-5.8919,-0.063817,0.15258,-0.11468
-0.57961,0.20385,-1.1345,-0.09137,4.8924,0.35031,-2.4587,-0.10869
-0.56335,1.2653,-0.62447,1.1933,2.7449,-0.14796,0.71289,-0.085911
-0.42959,-0.38704,-1.8132,-0.86537,-0.73758,-0.0098326,1.5378,-0.084329
-0.59159,-6.3625,0.31353,-0.87261,2.2703,-0.022141,0.44828,-0.040278
-0.56924,-3.7461,0.32695,-0.15916,0.86793,-0.02209,2.7307,0.063913
-0.56452,2.0098,-0.6294,-0.55444,2.3278,0.0302,2.2993,0.019229
4.5394,3.7094,-0.95195,1.881,4.8692,0.3755,-0.27963,0.016819
4.5095,0.53004,0.85141,-0.14223,-0.95437,-0.084025,3.2768,0.19045
4.4638,0.95492,1.2102,-0.73624,4.27,0.27161,0.70557,0.1223
-0.65068,3.3041,-0.8589,0.8766,4.892,0.34805,0.94976,0.0010481
-0.48176,2.3887,-0.11505,0.48429,-0.39378,-0.029907,2.7588,-0.021732
-0.62356,-2.1695,0.36744,0.44519,3.4631,0.13782,-1.3913,-0.086787
-0.64958,2.1977,1.0547,0.95485,2.0763,-0.069374,1.0762,-0.08686
-0.64889,-1.3797,0.94526,-0.0063245,-0.33298,-0.034591,1.4768,-0.09477
-0.87418,0.20246,0.78486,0.57495,2.0189,0.018122,0.087466,0.027698
-0.71814,-2.3083,0.52779,0.23683,-2.3258,-0.10441,1.2468,0.071166
-0.61445,-5.5834,-0.68218,-0.24147,3.2077,0.14289,-1.1376,0.064521
-0.62254,-1.1648,-0.26474,-0.47451,3.9732,0.14917,0.41961,0.37111
-0.4477,-1.462,-0.89856,-0.54465,-2.9466,-0.010673,0.78148,0.13975
-0.44463,-5.8292,-3.2494,-1.1799,0.7372,-0.018586,-2.504,0.11308
-0.69933,1.3833,-1.657,-0.62868,2.0983,-0.19115,1.5903,0.10193
-0.61868,1.3772,0.0050132,-0.7121,-0.15448,-0.044474,1.2173,0.015115
-0.71903,-0.072513,-0.73074,-1.019,-2.6977,-0.026364,-0.83247,-0.019834
-0.67345,0.21391,0.1967,-0.097722,-3.5121,-0.13067,2.8172,-0.088345
-0.64692,1.5217,0.81093,-0.83012,2.1103,-0.05496,-0.46137,-0.13758
-0.59212,1.0407,-0.98638,-0.46874,1.4763,0.0067695,1.7556,-0.11509
-0.58806,-2.5873,0.84269,-1.0248,-5.4887,-0.046233,2.6233,-0.075665
-0.33841,1.1323,-2.3998,-0.91206,3.7909,0.20119,-2.2632,-0.1039
-0.58926,2.1343,-1.8979,-0.020005,5.265,0.18566,-0.21351,-0.092945
-0.58633,-0.7392,-1.9282,-0.71909,-5.1176,-0.067102,1.8395,0.0053559
-0.58298,-5.0804,-1.8961,0.60097,3.6187,0.20164,-2.2222,0.037385
-0.69487,2.0238,-1.0671,1.365,1.5313,-0.18879,-0.65815,0.20984
-0.6124,1.2812,-1.0362,-0.71927,-1.9393,-0.0069062,2.4236,0.14863
4.5128,1.4335,-2.107,0.017472,1.2376,-0.027173,-2.376,0.014069
4.4704,-2.3048,-0.69103,-0.68826,-1.1847,-0.084096,1.4726,-0.00075289
4.4322,2.6718,-0.97974,-0.2891,-1.3457,0.020208,1.605,-0.068558
-0.6101,2.5534,-0.020143,2.1462,3.4748,0.18557,-0.33064,-0.094235
-0.65828,-1.2655,1.7438,0.15877,-3.4448,-0.06666,1.3825,-0.12838
-0.65996,-1.1522,1.2505,0.48741,1.1601,-0.029374,-0.33533,-0.098542
-0.67747,2.5567,0.99604,1.1545,0.83303,-0.13626,-0.13259,-0.084694
-0.66366,-2.4257,-0.9521,-0.1167,-3.0009,-0.052323,0.78637,0.031616
-0.62379,-1.5,-0.15692,0.14416,0.75894,-0.062507,-1.4672,0.05374
-0.62539,-0.47653,-0.47329,0.25157,0.58843,-0.12164,1.9247,0.22255
-0.49425,-1.5495,0.6565,0.19644,-0.74116,-0.073263,-0.32507,0.15292
-0.55305,5.2165,0.21199,0.57858,0.20338,-0.067776,0.064046,0.23452
-0.57907,0.17333,1.0783,-0.17031,-5.4626,-0.064317,0.81114,0.07102
-0.62102,-1.1108,0.19988,0.19356,2.7152,0.047501,-2.1032,0.017452
-0.79948,4.9543,0.16142,0.81565,3.5528,-0.10411,-0.45765,-0.060405
-0.82399,-0.28216,1.0622,-0.72764,-5.4366,-0.10223,-0.022386,-0.08024
-0.63666,-3.0406,-1.7844,-0.66951,-2.0213,0.054907,-2.8565,-0.14391
-0.5971,0.24864,-0.39046,0.093134,0.72313,-0.53788,-0.87717,-0.085351
-0.59614,-0.16843,-0.67221,-0.61829,-2.7888,-0.020036,-0.12406,-0.029374
-0.42274,-1.5117,0.11504,-0.78172,-4.0798,0.026754,-2.2719,-0.016548
-0.54913,-2.6511,0.13356,-0.25702,-3.9201,-0.11192,1.2977,0.083432
-0.59003,1.3331,-1.1526,-0.60979,-0.78699,0.00090387,-1.2114,-0.0063506
-0.57912,2.3181,0.65151,0.55432,2.7738,0.043555,-1.2887,0.050089
-0.75257,0.19636,0.19227,-0.5146,-7.0347,-0.14726,0.82586,0.034732
-0.62916,2.3382,-0.088193,-0.83646,2.3991,0.023917,-0.43088,0.070679
-0.56742,5.2119,-0.98287,1.5463,3.3018,0.029821,-0.15023,0.0012672
-0.59991,1.0842,0.2265,0.44989,-5.7778,-0.13197,0.4522,-0.07272
4.485,-6.5795,0.63053,-1.0523,0.73873,0.048887,-1.5739,-0.10969
4.451,-2.2663,2.0288,1.6951,-0.82442,-0.18597,-0.35015,-0.18801
4.4286,0.091999,-0.51237,-0.83697,-2.8815,-0.062341,2.0847,-0.10472
-0.65879,-4.806,0.91707,-1.0658,0.97729,0.043715,-1.3703,-0.048406
-0.9014,-1.8111,-0.16326,-0.55345,-2.46,-0.11043,2.5094,0.040548
-0.71188,-0.66541,-1.4984,-0.55932,-1.9282,-0.061968,0.83456,0.082483
-0.60634,1.8816,1.0957,1.0826,0.6598,0.018244,-0.59392,0.073502
-0.63249,-0.42708,1.8099,-0.13264,-4.8855,-0.080451,1.4996,0.17268
-0.61282,-2.2658,-0.061418,0.11366,2.2601,-0.071441,-1.8266,0.10977
-0.53336,0.7694,-0.5913,0.2319,2.5962,-0.16733,-0.13529,0.096647
-0.67101,0.2464,-0.15513,0.4947,-5.8967,-0.0096722,-0.40638,-0.0066427
-0.62169,3.1807,-0.68037,0.5909,-0.55027,-0.0077662,-1.9079,-0.07861
-0.63731,-0.89452,0.81517,0.20469,-2.6636,-0.19966,0.77274,-0.079632
-0.71537,1.5527,1.422,0.1326,-2.3973,-0.0084913,-1.3277,-0.13512
-0.59509,2.3114,0.85678,-0.15878,1.2175,-0.049101,-0.54954,-0.10234
-0.60149,-4.0329,0.38439,-0.92247,-7.7203,-0.17547,0.53181,-0.044634
-0.6032,1.6209,-1.418,-0.36064,3.7723,0.13946,-2.1101,0.01071
-0.3928,2.6373,-1.3615,0.55106,4.7392,0.14018,-0.48657,0.089979
-0.60067,-2.7742,-0.28761,-1.143,-9.7281,-0.1598,-0.75659,0.099617
-0.60576,-0.47046,-0.97991,0.1169,3.7054,0.14998,-3.6123,0.14004
-0.59642,3.2594,0.14837,0.79463,2.479,-0.5477,-0.55468,0.08073
-0.7792,0.8769,-0.64779,-0.34622,-6.8769,-0.10538,-0.95339,0.01037
-0.66985,-1.5466,-0.047985,-0.82269,0.76717,-0.0093577,-3.074,-0.0037708
-0.57294,1.2355,0.27452,-0.47247,-2.6584,-0.20675,1.8226,-0.041543
-0.56839,1.5991,1.1844,-0.69187,-3.3317,-0.038955,0.40378,-0.0909
-0.32563,2.9559,1.0872,0.82221,0.77814,0.061761,0.44915,-0.11969
-0.39609,-4.7846,0.7081,-0.59388,-3.4947,-0.10751,1.8712,-0.079267
4.5055,1.5005,-2.2789,0.1367,0.65203,0.014156,-0.94459,-0.05583
4.4905,1.3208,-1.3106,1.9535,2.8507,0.042188,-2.132,-0.0046469
4.4612,-0.15321,1.4615,-0.0021946,-4.6918,-0.099177,1.0721,0.083091
-0.77714,-2.3908,1.0778,0.88259,1.6591,0.041976,-0.91336,0.17947
-0.60886,2.6522,-0.4164,2.0623,-0.13815,-0.08518,0.054407,0.18548
-0.6431,0.8662,-0.091007,0.080211,-4.0482,-0.026377,1.9758,0.096793
-0.63977,-1.869,1.3133,0.13973,0.2393,0.024835,-2.159,0.016892
-0.47404,2.223,0.23542,0.11971,-0.46015,-0.14157,1.1999,0.021297
-0.64144,0.011596,1.4459,-0.28322,-1.9238,0.013899,0.45993,-0.048772
-0.63514,5.6298,0.1594,1.1175,0.97415,0.017827,0.064951,-0.12914
-0.63319,0.0012049,0.64754,0.14265,-6.4586,-0.048883,0.22023,-0.080825
-0.76894,-3.3399,0.47448,0.34896,1.1115,-0.025215,-1.95,-0.12441
-0.58421,1.3092,1.1487,0.020626,2.4197,-0.097701,-1.0193,-0.079973
-0.60699,-3.4206,0.9364,-0.9559,-5.3164,-0.066127,-0.18381,-0.0030163
-0.61266,-5.1869,-1.4375,-0.59123,0.32048,0.053085,-3.0418,0.027795
-0.31698,1.7746,-2.1488,-0.23558,-0.33357,-0.22556,0.035815,0.037798
-0.46209,-1.4828,0.43524,-0.74297,-1.9924,0.054894,0.44226,0.22763
-0.61138,-1.8991,-1.1178,-0.75247,-4.4916,0.046718,-2.1546,0.14342
-0.60538,1.1205,0.87801,0.016342,-3.7373,-0.18033,1.7522,0.060019
-0.70535,1.2829,2.6216,-1.2105,-2.3172,-0.02329,-0.49739,0.031933
-0.60914,1.6118,1.6637,-0.3615,0.4071,0.033177,-0.61452,-0.039864
-0.58239,-0.44575,1.5213,-0.88661,-5.0253,-0.027699,2.1775,-0.049599
-0.57671,1.4778,-1.3531,-0.085082,2.8949,0.058334,-0.11257,-0.10222
-0.26443,4.4738,-1.7468,1.5222,4.1919,0.063282,-0.90045,-0.084256
-0.43889,-2.0048,0.33547,-0.24883,-5.0661,-0.057219,1.0665,-0.10706
-0.52579,-5.76,-1.105,-0.1967,3.132,0.089876,-2.6019,0.092924
-0.56986,-0.054853,0.23872,1.439,2.3338,-0.15074,-0.49281,-0.0019698
4.5323,0.0050259,-2.704,-0.40939,-2.0649,0.04419,2.1239,0.035292
4.5105,-3.813,-2.6698,-0.48429,2.1655,0.084094,-2.0096,0.20597
4.4709,-2.2848,-0.26423,-0.17129,-0.43166,0.016184,0.41162,0.19288
-0.64959,1.1574,-0.061109,-0.27634,-1.8584,0.058668,2.0212,0.10371
-0.64137,2.4876,1.4822,1.2854,3.1284,0.090659,-0.72561,-0.0028216
-0.52241,0.87959,1.5375,0.071354,-3.6018,-0.025588,1.1976,0.010832
-0.57599,0.69251,0.73016,0.3297,2.5317,0.063,0.03778,-0.053712
-0.63429,1.6774,-0.51368,1.3203,3.0749,0.016755,0.54847,-0.11935
-0.62953,0.077826,0.70063,0.3027,-3.9046,0.008868,0.10233,-0.097764
-0.74637,-1.8164,0.50121,0.49929,-0.67107,-0.018849,-2.606,-0.051473
-0.66904,-2.7111,0.24974,0.51538,1.2724,-0.054582,0.95204,0.012414
-0.60637,-2.1139,0.34084,-0.30395,-2.1285,-0.00097004,-0.72809,0.010808
-0.61008,3.6064,0.66411,0.11276,1.5252,0.041231,-0.98517,0.026238
-0.23184,-3.5005,-0.0025479,-0.93274,-3.5919,-0.08074,1.2674,0.13702
-0.56257,1.2449,-1.2409,-0.25594,3.8869,0.14425,-2.2066,0.11059
-0.60926,4.8087,0.15519,-0.46846,5.4054,0.31302,0.075348,0.1067
-0.60067,-1.48,0.13244,-0.75065,-5.5301,-0.043557,0.64589,0.12398
-0.80354,2.53,-1.0412,0.093076,4.3201,0.17831,-3.6012,0.015334
-0.73453,3.8604,-0.48794,0.72542,5.3636,-0.13623,-0.93548,-0.046898
-0.58722,0.35533,-1.5467,-0.6677,-4.4843,0.0036441,-1.089,-0.10107
-0.57949,-1.9998,0.13182,-0.48349,2.5865,0.027068,-2.5259,-0.10979
-0.3363,0.9283,-0.79488,-0.11296,-0.015011,-0.126,1.5576,-0.10312
-0.51102,-0.49638,1.4435,-0.065646,-0.071926,0.01286,0.33241,-0.090365
-0.604,0.62429,-1.3206,-0.64018,1.4176,0.045339,-1.1723,-0.099662
-0.57355,-4.2432,0.63486,-0.067817,-1.3341,0.070104,2.626,0.048896
-0.90159,0.23349,-0.1713,-0.50923,4.3664,0.27695,2.2363,0.072236
4.5472,4.6207,-0.3374,1.3442,5.9088,0.44282,-0.42246,0.025897
4.5182,1.1945,1.4791,0.13588,-3.3714,-0.046708,0.79576,0.17119
4.4778,-4.44,1.2205,-0.088403,3.02,0.053239,-0.33257,0.10964
4.5197,1.2108,1.0036,1.6387,1.9223,0.028095,0.8956,-0.030202
-0.59734,2.303,0.72062,0.065747,0.69022,0.04797,3.3093,-0.014528
-0.67699,-0.4756,2.3881,0.56085,0.90523,0.075129,-0.90771,-0.12597
-0.64836,-0.60792,0.71715,0.32471,0.39422,0.0035992,1.5155,-0.11692
-0.65014,-0.1206,-0.073668,-0.37212,1.8206,0.058129,0.61168,-0.09146
-0.87296,2.4754,0.2765,1.0497,3.9867,0.13984,0.60271,-0.059066
-0.63207,-1.4846,0.47071,0.27217,-2.8208,0.013059,2.0173,0.087545
-0.61897,-6.5368,0.18927,-0.14897,1.3374,0.053925,-1.0592,0.19918
-0.62186,-2.638,-0.23014,-0.1806,3.4326,-0.024939,0.51034,0.12846
-0.40859,0.21586,0.26525,-0.21581,-2.6943,-0.0058345,-0.39573,0.14812
-0.55677,0.30166,0.041457,0.096731,0.98119,0.028595,-0.40118,0.060019
-0.64715,-2.0991,0.40844,-0.31102,-1.5903,-0.06974,2.003,0.11033
-0.6175,3.1909,0.35419,0.17619,2.6836,0.022441,-1.8201,0.0091283
-0.63453,4.627,0.21655,-0.99593,3.8244,0.1813,1.1746,-0.0091251
-0.66251,-1.0674,0.95976,-0.85861,-4.9851,0.0031115,2.8353,-0.0992
-0.59845,1.4192,-1.0962,-0.17569,4.8425,0.26784,-3.4112,-0.14525
-0.58934,1.3584,-0.5426,-0.47961,6.0593,0.35285,-0.038377,-0.09679
-0.36455,-2.5681,0.26284,-0.066533,-7.8137,-0.076773,0.013146,-0.094843
-0.37705,-0.46079,-3.7214,0.050659,5.3361,0.40415,-1.0445,-0.028206
-0.6204,1.1038,-1.4745,1.5251,2.9213,-0.31222,0.011021,-0.02862
-0.58965,-1.8553,-0.65837,-1.2365,-1.3558,0.0027072,2.3836,0.13123
-0.60937,-4.2785,1.2102,-2.0938,1.6085,0.055209,-1.9466,0.0081548
-0.78418,-0.92367,0.59308,-0.15722,-0.49781,-0.028135,1.6575,0.11916
-0.65505,3.3382,-1.4414,-0.12801,0.25684,-0.029124,1.4589,0.116
4.5198,5.461,0.83364,1.8251,3.446,0.11015,0.58452,0.0041147
4.4782,-0.01993,1.3785,-0.43974,-2.8316,-0.034604,2.5323,-0.04091
4.4401,2.7859,0.052975,-0.12174,2.7797,-0.027282,-0.22067,-0.090633
-0.63766,3.4325,-0.36332,1.4007,4.4021,0.19681,-0.76691,-0.13247
-0.66027,-0.72473,-0.65691,0.066794,-2.4826,-0.039873,1.7623,-0.12402
-0.66193,-4.0294,-0.2944,0.49828,1.9969,-0.0025487,-1.098,-0.075543
-0.74211,1.1914,-0.012974,1.7608,0.13477,-0.08613,-0.023381,-0.021513
-0.6585,-2.502,-0.3536,-0.40341,-3.7282,-0.049172,0.90247,0.005648
-0.62276,-1.332,1.0204,0.37982,-1.0248,0.026356,-0.6985,0.3261
-0.63054,-0.4194,0.61909,0.13016,-2.4574,-0.047388,1.5256,0.24861
-0.60272,-2.8177,1.0389,0.10396,0.85443,0.032388,-1.0328,0.23128
-0.56604,4.2037,0.13935,0.47126,3.1874,-0.019837,0.1872,0.15937
-0.6278,0.40259,0.55943,-0.34054,-4.9794,-0.050654,0.5597,0.051476
-0.62201,-3.6658,-0.58142,-0.12621,1.8316,-0.025536,-3.3295,-0.039426
-0.67412,3.0995,0.083097,-0.040648,1.5699,-0.20396,-0.13318,-0.098421
-0.68439,0.51148,0.16284,-0.81725,-2.8517,-0.080342,0.20124,-0.092993
-0.57371,-3.2434,-0.28106,-0.69839,-3.1682,0.00049956,-1.5944,-0.11619
-0.59538,-1.3086,-0.12931,0.048797,-2.266,-0.12975,2.553,-0.054759
-0.60216,-0.65006,1.0808,-0.76484,-0.15026,0.016601,0.61345,-0.038574
-0.46098,-0.83288,-1.6171,-0.7883,-1.3163,0.051525,-0.48319,0.042009
-0.52264,-2.8,-0.23582,-0.66888,-4.4652,-0.015653,1.3014,0.097037
-0.58884,-0.023501,-2.0345,-0.27654,3.0627,0.081976,0.055338,0.16012
-0.57818,5.2911,-2.2007,1.1103,4.9272,0.31501,0.72923,-0.0099283
-0.74108,-0.55235,-0.68269,-0.80395,-5.3333,-0.04862,0.87116,0.1177
-0.61194,2.0642,0.26725,-1.8237,4.5452,0.28915,-1.4705,0.037312
-0.56663,4.9054,0.47807,1.5949,4.822,0.17767,0.17789,-0.017157
-0.56708,1.2698,-0.55475,-0.16647,-2.861,0.0080979,1.947,-0.068704
4.5055,-4.6511,-0.43451,-1.3715,3.3261,0.15763,-1.2529,-0.080946
4.4733,-2.8454,-0.66351,0.48022,1.3616,-0.036157,1.165,-0.13916
4.4523,-0.56098,0.035675,-0.38217,0.1867,0.070078,3.1618,-0.093724
-0.67485,-3.8357,0.60593,0.17281,2.9697,0.12148,-1.3199,-0.051522
-0.90842,-3.2062,1.0052,-0.53239,0.062559,-0.0036975,3.0897,0.014629
-0.69654,0.051964,-1.2763,-0.33121,0.14511,0.024822,0.60036,0.13123
-0.64007,3.9429,1.4307,1.3344,3.9855,0.24699,-0.23679,0.054007
-0.63646,0.24856,1.0071,-0.21965,-1.725,-0.054088,2.2351,0.06569
-0.58882,-1.9554,0.11975,0.50273,3.1686,0.068531,-1.05,0.20381
-0.53696,2.3567,-0.033929,-0.038773,4.0125,0.089696,0.75016,0.08
-0.65749,0.43098,-0.69826,-0.44631,-2.0155,-0.0035178,1.1563,0.038309
-0.62656,0.16236,0.0060667,-0.23569,0.44944,0.0098755,-0.91309,-0.11772
-0.85559,-1.2633,0.14042,0.1956,-1.4128,-0.15742,1.1346,-0.1122
-0.70075,1.0501,1.8404,-0.57914,1.3117,0.026677,0.25171,-0.11762
-0.5514,3.266,0.86771,-0.36314,2.6445,0.0065256,0.5961,-0.089391
-0.60315,-3.1142,0.87088,-0.84233,-4.1979,-0.11633,1.6755,-0.082309
-0.60697,0.88534,0.17488,0.39073,4.0119,0.14097,-2.6495,-0.01005
-0.3979,0.8979,0.34836,-1.0587,6.2999,0.42516,-0.16057,0.13537
-0.61823,-2.5326,-0.45105,-0.91025,-7.3827,-0.091521,0.79627,0.1425
-0.60064,0.41151,-1.2106,0.014428,5.7191,0.40481,-3.4289,0.16586
-0.59701,2.47,0.60283,0.73421,4.9981,-0.31195,0.67363,0.079903
-0.86992,0.42185,-0.65744,-0.98528,-5.1254,-0.060755,-0.74724,0.072991
-0.63161,-1.719,0.14057,-0.36085,3.1617,0.15145,-1.378,-0.0047443
-0.57402,1.9685,1.4872,-0.47238,0.13258,-0.064163,2.9515,-0.058653
-0.57427,1.4192,-0.2588,-0.52287,0.4046,0.013084,2.0158,-0.071089
-0.41893,3.8333,-0.2614,1.161,2.7328,0.05673,1.1059,-0.11478
-0.51707,-2.4445,0.34765,-0.025747,-2.2943,-0.0098839,2.4685,-0.089635
4.5162,-0.71866,-0.42727,-0.37231,3.745,0.18711,0.60942,-0.1056
4.5006,0.88646,-2.4788,1.1074,4.3684,0.23417,-0.66048,0.0073273
4.4795,-0.69804,-0.50593,-0.23615,-1.9151,-0.12018,1.6943,0.088518
-0.79971,-4.2003,-0.56952,0.55841,2.4065,0.060163,0.23614,0.14167
-0.64582,-0.050152,-0.48086,1.518,1.1842,-0.078057,0.23723,0.15104
-0.65141,0.31422,-0.038863,-0.50805,-1.9811,-0.049711,2.1388,0.13216
-0.56613,-2.7848,-0.022347,-0.34461,1.2057,0.010517,-1.8997,0.039964
-0.45318,0.91586,0.58994,0.28125,-1.5357,-0.096328,1.6347,0.041498
-0.65194,0.70907,0.040557,-0.28135,1.4423,0.023814,0.4436,-0.055927
-0.6449,5.4568,0.40245,1.8788,3.6413,0.11177,0.47449,-0.10881
-0.66922,-0.056953,0.97895,0.050197,-4.7288,-0.075349,0.8235,-0.10178
-0.7527,-6.2388,0.27566,-0.16978,0.87684,-0.012104,-1.7489,-0.11945
-0.57425,0.32777,0.017643,0.09851,2.2645,-0.15278,0.44424,-0.090657
-0.61357,-2.0486,-0.4409,-0.47974,-1.3209,-0.03239,0.36151,-0.0091981
-0.61159,-2.1369,-2.053,-0.58184,-2.1267,0.0046774,-1.7046,0.0014375
-0.48871,-0.78697,-0.36383,-0.22244,-2.4576,-0.095378,1.4969,-0.029691
-0.52245,-0.97612,1.7348,-0.81075,1.1884,-0.037819,0.34,0.19424
-0.61263,1.6345,-1.9367,-1.0058,-0.26399,0.061607,0.6522,0.18967
-0.60716,0.042441,-0.55772,-0.5261,-5.9793,-0.078051,2.1499,0.041035
-0.84016,1.649,-0.68101,-1.1342,2.7726,0.035623,-0.69631,0.06878
-0.62388,4.1055,0.14982,0.50057,3.8924,0.22202,1.3409,-0.022462
-0.58175,-0.72225,0.81828,-0.94513,-6.3591,-0.051431,0.64051,-0.075835
-0.5818,1.0267,-1.4623,0.88393,4.0813,0.231,-1.047,-0.066684
-0.25153,3.8227,-0.17784,1.4386,2.2093,-0.2635,-0.55145,-0.085376
-0.50448,-2.6205,-0.79011,-1.5385,-1.9939,0.0039843,3.0749,-0.10855
-0.57658,-3.9173,-2.3769,-2.273,1.5265,0.056004,-2.9657,-0.035069
-0.57181,-4.2976,-1.7258,0.27039,-0.10932,-0.081092,2.465,0.036484
4.5238,1.2357,-1.7368,-0.57567,0.39875,-0.029926,2.7206,-0.011875
4.5103,1.772,0.35984,1.9824,2.7494,0.068345,0.094184,0.29707
4.4723,-0.92807,0.61586,0.23721,-1.9019,-0.033398,1.2537,0.15189
-0.6606,1.7968,1.711,-0.24993,1.4185,0.03457,0.3403,0.1031
-0.4832,3.5299,0.64887,1.6013,3.7053,0.18489,1.2613,0.081314
-0.44616,1.2847,0.48983,0.96692,-2.6531,-0.044282,1.8971,0.018109
-0.59719,-1.0578,1.0524,0.27486,1.6235,-0.064452,-0.78892,-0.045948
-0.64168,1.3397,1.3412,0.92124,2.0781,-0.096661,2.4635,-0.10343
-0.64488,-0.36613,0.80154,-0.57715,-0.41775,0.00017869,0.7427,-0.082553
-0.70095,3.3214,0.56359,1.0874,1.4179,0.031098,0.444,-0.082991
-0.60332,-2.6148,0.7741,-0.046262,-3.844,-0.057752,1.0965,-0.030859
-0.62145,-3.7766,0.28664,-0.26216,2.6066,0.024302,-1.0884,0.10188
-0.61382,4.3463,0.45272,0.4619,3.4866,-0.017052,-0.067615,0.0073029
-0.4255,-0.93192,-0.1263,-0.3404,-4.6234,-0.090821,0.15893,0.062185
-0.59862,-4.1038,-2.4751,0.71065,-2.0531,0.011518,-3.1518,0.15944
-0.61334,2.1651,-0.80309,-0.077188,0.45145,-0.4399,0.42983,0.066444
-0.60538,0.99432,-1.4492,-0.70946,-2.6156,-0.009101,0.4752,0.028769
-0.85874,0.76671,-0.35063,-0.71657,-5.107,0.067588,-1.9403,0.0094447
-0.61497,1.9468,0.29295,0.58032,-2.3551,-0.16198,2.3183,-0.057874
-0.58914,0.71414,2.698,-0.53043,0.13188,0.013758,-0.71663,-0.11677
-0.58682,-1.8911,0.51926,-1.2449,-1.0225,0.05132,0.45326,-0.11604
-0.34412,-1.1292,2.0267,-0.27679,-5.8233,-0.1017,1.9789,-0.10891
-0.53401,0.92491,-2.1406,-0.68388,2.92,0.060202,-0.70812,-0.092458
-0.64407,3.5031,-1.9324,0.71589,4.7676,0.02873,-0.47398,-0.065029
-0.57746,-3.6568,-1.5049,-0.5796,-5.6726,-0.059844,1.4511,0.088202
-0.8924,-4.539,-0.60598,-0.18988,2.5613,0.039929,-4.0737,0.22588
-0.64197,-0.53131,-0.54761,1.5565,1.9993,-0.28552,-1.0865,0.13571
4.5209,1.9627,-0.67039,-0.57952,-1.5297,0.0093108,2.1668,0.11342
4.484,0.1102,1.3597,-0.55099,-0.53911,-0.022546,-1.0865,0.13559
4.4377,0.21361,1.7406,-0.43158,0.090625,-0.11992,1.6741,-0.018154
-0.48795,2.5461,-0.29161,-0.45339,-2.5745,0.029288,2.2052,-0.05011
-0.71556,2.9309,0.45653,1.5708,1.2947,-0.070696,-1.0725,-0.11611
-0.64977,0.011628,2.4126,-0.11944,-4.4798,-0.13895,1.3892,-0.11889
-0.6526,0.94771,0.33223,0.18323,1.9786,0.010954,0.020525,-0.058847
-0.82623,1.1848,0.43271,0.66794,1.2217,-0.14331,-0.23533,-0.011778
-0.62592,-2.7983,-1.2861,-0.37525,-2.1081,-0.035804,0.84437,0.010881
-0.62563,-3.5459,-0.71592,0.06154,-2.9562,0.032074,-1.2869,0.21731
-0.617,-1.921,-0.52661,0.24642,-2.0683,-0.094524,0.9035,0.12804
-0.44106,0.52291,0.52918,-0.23583,-1.6172,-0.015666,-0.98894,0.21269
-0.52906,5.8846,0.35825,-0.10644,1.5732,-0.026242,-0.24562,0.13367
-0.62688,-0.5487,-0.064437,-0.70231,-5.1051,-0.075901,1.092,0.076788
-0.62074,1.1376,1.1645,0.42771,3.6326,0.1215,-2.5629,0.012341
-0.67789,4.9078,1.9146,0.70956,5.0544,0.18192,-0.95238,-0.048942
-0.61568,-1.4771,1.3071,-0.85521,-6.8077,-0.075837,-1.0747,-0.12592
-0.59338,0.79204,-1.689,0.98037,4.3521,0.2388,-3.2716,-0.12904
-0.58913,-0.64308,-0.67848,0.031378,5.0002,-0.1984,-0.43916,-0.075616
-0.37223,-1.3916,-0.89256,-0.45234,-5.7199,-0.0079844,-0.36137,-0.022049
-0.34715,-2.8585,-0.97332,-0.22244,0.6695,0.024065,-3.4636,0.006013
-0.6335,0.88347,0.13429,-0.0941,-1.0963,-0.23403,1.5204,-0.045632
-0.59067,0.699,-0.90397,-0.13275,-2.5987,-0.031408,0.20206,0.069024
-0.51455,1.2372,-0.40194,0.70863,-0.51122,0.027331,-0.53357,0.023634
-0.72131,-2.721,-0.36475,0.029207,-4.6572,-0.025786,2.3182,0.10091
-0.60934,2.6467,0.99614,-0.64094,2.9662,0.10153,-0.59555,0.095041
-0.56578,5.7231,-0.30247,1.8341,3.5032,0.15202,-0.73545,-0.015307
4.4925,2.465,3.0382,-0.38336,-4.8124,-0.10027,1.4441,-0.049502
4.4535,-2.6528,-0.68697,0.13519,3.2583,0.12579,0.19837,-0.11597
4.4244,0.54511,-0.26496,1.2064,0.48325,-0.0080165,-0.41375,-0.13765
-0.66085,-0.042651,-1.3409,0.11121,-2.0577,0.0092081,2.1856,-0.12186
-0.66017,-6.8309,0.76929,-0.46771,2.3352,0.039698,-3.229,-0.055756
-0.79316,-1.5644,-0.2759,0.37539,-0.24636,-0.03436,1.8306,-0.0085167
-0.71204,-0.10256,0.55652,-0.23175,-2.3499,0.015131,0.4471,-0.014212
-0.6323,0.30842,0.32215,1.2215,1.2161,0.013758,-0.38259,0.20641
-0.62124,-1.6737,1.0044,-0.73724,-3.8709,-0.0087288,0.97492,0.091463
-0.2292,-1.2628,0.18018,0.17743,3.215,0.089228,-0.72623,0.21822
-0.55833,4.6227,-0.19222,0.48627,4.799,0.17636,-0.99737,0.14464
-0.62279,0.62926,-0.31378,-0.29177,-2.9803,-0.03248,-0.03322,0.06676
-0.62136,-0.71537,-2.8251,-0.17297,-0.72421,0.0099718,-2.3981,-0.035459
-0.7025,0.40825,-1.0086,-0.27462,-0.091078,-0.18454,1.2002,-0.097009
-0.66664,0.88635,-0.21518,-0.43674,-1.7346,0.004549,0.00037304,-0.13142
-0.59381,-0.2696,0.42301,-1.1951,-1.3178,0.066901,-2.1028,-0.11095
-0.5947,-1.957,-0.15689,-0.081504,-3.4133,-0.044705,2.7534,-0.031029
-0.35701,-1.3098,0.37361,-0.67186,1.4833,-0.043043,-1.2748,-0.026575
-0.52764,-0.65406,0.49517,-0.88503,0.40517,0.0091568,1.0137,0.028647
-0.54882,-4.0795,0.19216,-0.65082,-4.52,-0.031434,1.2875,0.13255
-0.58995,0.71822,-2.6603,0.037582,3.0583,0.053194,-4.8203,0.15623
-0.74695,3.5644,-2.1448,0.097174,5.3295,0.3097,-1.1173,-0.0051337
-0.74295,-0.11101,-1.0373,-0.24399,-5.4644,-0.029117,0.69606,0.065933
-0.60102,-0.68488,-1.6404,0.22295,4.1969,0.2334,-3.9516,0.017817
-0.56543,3.4709,-0.46045,1.3338,3.2039,-0.020415,-0.47261,-0.013579
-0.56505,2.0636,0.63932,-0.030873,0.6169,0.035,1.8316,-0.065516
4.5081,-0.072635,0.47871,0.035045,2.849,0.088901,-0.31282,-0.084719
4.4762,-3.3849,0.16656,-0.1969,0.93157,-0.060043,2.4149,-0.11884
4.4551,0.11951,-1.3217,0.42919,0.82507,0.063006,1.9494,-0.13532
4.4346,1.9927,0.75413,2.6916,5.2726,0.46408,-0.49026,-0.070165
-0.81098,-1.3924,-0.10501,-0.19902,-1.0084,-0.019119,1.7444,0.039526
-0.75925,-0.47842,-1.5549,0.37193,3.4366,0.19671,1.7092,0.07837
-0.65341,2.5779,-0.75005,0.95078,3.5489,0.18081,0.45863,0.12344
-0.6462,-1.5495,-0.72568,0.5605,-1.3707,0.026291,1.9184,0.013704
-0.52757,-1.701,0.0097156,0.30565,1.3223,0.012937,-1.0161,0.16431
-0.59056,1.9045,0.28694,0.96136,3.0426,0.032946,1.8554,0.10027
-0.63811,1.0514,0.22531,-0.58094,0.18466,-0.036106,0.36663,-0.01925
-0.63698,5.6617,0.38625,0.53569,3.1412,0.12651,1.1822,-0.089805
-0.78109,-0.80552,1.0046,-0.41556,-3.5811,-0.058041,1.1827,-0.12093
-0.67225,-0.91027,2.5553,0.32723,4.2962,0.27416,-0.89952,-0.12614
-0.57905,3.2787,1.9288,1.0695,5.6186,0.3335,0.292,-0.10441
-0.61284,-2.5324,0.95422,-1.2305,-4.4008,-0.039058,-0.083021,-0.070262
-0.60146,-0.37101,-1.683,0.50789,2.6346,0.049998,-2.9044,-0.027817
-0.39606,0.12016,-0.49956,0.44289,5.7167,0.083234,0.69632,0.10061
-0.66595,-2.1709,-0.61343,-0.26057,-2.5599,-0.072249,0.20969,0.17706
-0.60962,0.25765,-1.9045,0.27776,0.66506,0.016768,-1.6677,0.13814
-0.59995,0.77744,0.44142,0.32435,0.10101,-0.21257,2.4243,0.030302
-0.71499,1.3628,0.81019,-0.80398,0.25065,0.0101,-0.35611,0.078297
-0.60452,0.25753,1.0067,-0.93114,3.6225,0.18798,0.45362,0.011708
-0.58099,0.99224,1.1191,-0.40925,-2.9632,-0.096494,2.8645,-0.047603
-0.58566,2.4264,0.22448,-1.0414,4.0642,0.25507,0.95662,-0.045997
-0.39744,4.1483,2.0169,-0.13596,6.0305,0.4487,1.0216,-0.12032
-0.54554,-0.53187,0.83082,-0.41286,-3.6825,-0.10638,1.1619,-0.11037
4.5149,-4.2908,-0.99899,-0.65149,3.9518,0.2561,-0.32454,-0.099857
4.4902,-4.3449,0.16765,1.3797,1.6046,-0.19352,0.11178,-0.047944
4.468,0.25659,-0.24921,-1.0774,0.49956,-0.03934,2.5549,0.051501
4.4991,-0.95942,0.21871,-0.87086,3.5018,0.22869,-0.52006,0.067977
-0.65884,-0.27689,0.32988,0.044603,0.65089,-0.034752,2.8527,0.15766
-0.65987,-0.30062,-0.73268,-0.50542,1.5827,0.0052293,1.7628,0.16311
-0.38887,2.004,-0.86603,1.1321,2.446,-0.013061,-0.14587,0.08185
-0.55744,0.014235,0.25587,0.36345,-3.2166,-0.091675,0.98033,0.037336
-0.65683,0.066375,0.79575,0.56333,2.1173,-0.054614,-0.52654,-0.044366
-0.65224,1.6363,1.4056,0.95972,3.5865,-0.0072143,0.44581,-0.11592
-0.83227,0.15228,0.53859,-0.1927,-2.1677,-0.00084811,-0.1043,-0.16391
-0.65611,4.2314,0.0011395,0.87919,1.305,-0.042292,-0.13135,-0.12222
-0.6276,-3.5181,0.54136,-0.41817,-2.2612,-0.17156,2.794,-0.085449
-0.62222,-0.13083,1.5232,0.061026,2.3949,-0.0094347,-3.0328,-0.018227
-0.61472,5.3229,2.1526,-0.29719,4.6555,0.27427,1.3892,0.023828
-0.4129,-1.8936,-0.3345,-0.80761,-5.0271,-0.11246,0.8599,-0.022973
-0.56823,-0.38472,-0.57039,0.5828,4.2069,0.25579,-2.5991,0.19694
-0.62271,2.2579,-0.21712,0.61178,6.708,0.34692,-0.70715,0.15095
-0.61446,0.28669,0.48066,-0.78732,-6.2671,-0.085713,0.41474,0.014337
-0.8364,1.1636,-1.1137,-0.63868,4.193,0.31157,-3.0306,0.04308
-0.60218,1.8908,0.59816,0.35337,2.0169,-0.43267,-0.063981,-0.024872
-0.58824,0.88283,-0.68285,-1.2563,-0.084212,0.011133,0.89708,-0.094794
-0.58512,-1.8178,0.38101,-1.4352,1.4631,-0.036478,-0.32096,-0.072598
-0.31812,0.1364,0.93457,-0.40921,-2.2906,-0.09851,2.982,-0.11675
-0.51494,-0.40361,1.374,-1.1623,2.6585,0.10629,-0.2425,-0.10441
-0.58457,3.0737,-1.762,0.058881,3.0893,0.16703,0.24148,-0.019079
-0.57999,-3.6729,0.8419,-0.43698,-2.6925,-0.10066,2.9434,0.01733
4.5266,-0.59383,-1.6099,-0.11894,3.8786,0.23879,0.85431,-0.018714
4.5043,1.7825,-0.21698,0.64645,4.107,0.2561,-1.1328,0.18662
4.4717,1.2349,-1.8336,0.45607,-2.0849,-0.10142,2.1641,0.15053
-0.66793,-5.8112,0.14335,-0.12448,1.9564,-0.0027798,-1.8677,0.097548
-0.47109,1.3781,0.25896,1.5417,0.36561,-0.035355,1.0628,0.020859
-0.58378,1.9312,0.56421,-0.013852,-1.244,-0.070497,1.4746,-0.022754
-0.56703,-1.1054,1.8803,0.92011,2.6901,0.055266,-1.9939,-0.086276
-0.64687,-0.47737,1.08,-0.35283,-0.17397,-0.092124,1.5864,-0.11667
-0.6854,-2.1973,-0.41253,0.0036117,2.3294,0.065348,0.1804,-0.090365
-0.85904,1.5782,-0.29693,0.55908,4.5532,0.2995,0.6435,-0.013871
-0.64363,-1.8685,1.101,-0.02224,-3.7307,0.00084611,1.6555,-0.00031481
-0.62834,-6.4067,-0.35956,-1.2168,1.7373,-0.024387,-1.3754,0.22087
-0.6174,-0.10135,0.16942,-0.12097,2.2894,-0.12323,1.9434,0.0046745
-0.42963,-0.33851,0.56656,-0.66447,-2.6992,-0.036016,0.57306,0.24718
-0.57783,-1.3138,-1.2303,-0.92139,-0.046224,0.033376,-1.0308,0.15985
-0.6181,-0.084221,-0.61879,0.44637,-3.3306,-0.15604,2.0021,0.044151
-0.61061,2.5372,0.9353,-0.33878,0.80376,-0.099318,-0.98262,0.0031168
-0.67895,1.7771,-0.13318,-0.91401,-0.4815,0.024867,0.076536,-0.041178
-0.60495,0.48749,1.0864,-0.56318,-5.8115,-0.12827,2.311,-0.093212
-0.59196,-0.26314,-0.4312,-0.6598,2.2715,-0.00082244,-2.0607,-0.11933
-0.59998,1.0028,-0.25867,0.20126,3.3114,0.096435,0.094184,-0.10207
-0.44106,-3.1942,0.40405,-0.60865,-7.4826,-0.10668,-0.13955,-0.078512
-0.49556,-1.8081,-0.36656,0.29375,2.7971,0.12185,-2.165,-0.073961
-0.59172,2.1849,-1.4521,1.3072,2.5764,-0.11903,-0.12851,0.012098
-0.57994,-1.2831,-0.48759,-0.8075,-3.8023,-0.032268,1.7613,0.00070738
-0.83268,-3.7946,-2.9758,-1.1364,2.1002,0.014554,-0.79684,0.16526
-0.69838,-0.49822,-0.36842,0.97054,-0.99191,-0.2359,0.97319,0.14574
4.523,3.2707,-0.18394,-0.43559,-0.97792,0.036572,2.5243,0.019983
4.4837,2.749,1.6291,0.28836,3.085,0.20486,-1.4264,0.036776
4.4444,0.21058,1.0857,-0.33553,-0.82174,-0.05763,2.7049,-0.029058
-0.54937,2.7591,-0.28129,0.43489,-0.45882,0.013809,-0.15807,-0.079413
-0.72827,3.794,2.0415,1.7716,2.5763,0.089741,-1.111,-0.1267
-0.65841,-1.8898,2.0391,-0.089154,-3.7408,-0.1287,1.3789,-0.10682
-0.82213,0.25377,0.71652,0.90672,2.4265,0.030001,-0.63959,-0.053031
-0.80917,1.3868,-0.58813,1.1581,2.3722,-0.080836,0.014597,-0.014698
-0.69991,-3.7611,-1.3955,-0.2369,-4.2302,-0.08031,-0.17584,0.27049
-0.6352,-3.4842,-0.25821,-0.22341,-1.8738,-0.004166,-1.0829,0.24087
-0.62364,-0.64365,1.0017,-0.17017,-1.1362,-0.15035,2.1158,0.019107
-0.36608,0.46931,-0.024704,-0.33236,-1.4615,-0.044436,-0.39616,0.25657
-0.59138,6.6196,0.29466,0.65927,0.70714,-0.067686,-0.19729,0.092461
-0.63191,-0.31388,0.32119,-0.64174,-4.5632,-0.098221,1.2782,0.077445
-0.63048,2.0304,1.3299,0.10425,2.6344,0.064328,-2.1422,-0.0060342
-0.75722,4.6157,1.6976,0.90063,4.5766,0.10173,-1.0403,-0.036603
-0.57586,-1.1162,1.917,-0.86241,-5.9999,-0.13103,-0.18706,-0.12398
-0.59897,-0.84818,-0.11716,0.48848,2.4752,0.095369,-3.2127,-0.11714
-0.5926,1.4182,-0.2906,0.025173,3.5007,-0.40039,-0.21245,-0.085351
-0.43518,-1.2592,-1.3561,-0.33277,-4.6897,-0.062045,-0.63256,-0.01336
-0.47076,-1.6454,-2.2652,-0.63917,1.7051,-0.072037,-1.7153,0.030497
-0.61025,-1.5478,-0.3943,-0.3799,-0.74154,-0.11679,2.1731,0.1166
-0.59458,0.74937,-0.2572,-0.27004,0.20513,-0.016173,-0.60911,-0.0021888
-0.70142,2.7484,-1.3793,0.39491,2.1407,0.025849,-1.0552,0.060092
-0.69483,-1.7096,-0.17325,-0.54144,-5.5638,-0.11917,1.7548,0.1056
-0.56106,1.816,-0.51864,-0.69801,3.1459,0.12787,2.3665,0.078394
-0.56398,4.1834,1.2318,1.6521,4.6204,0.32565,-1.5306,0.0088849
4.5007,2.9076,2.0354,-0.10776,-4.9057,-0.094775,1.1038,-0.025797
4.4644,-6.197,1.9889,-0.5369,1.8604,-0.002921,0.14998,-0.096693
4.4331,-1.7455,1.5242,1.6765,-0.29647,-0.10002,0.99603,-0.12522
-0.66834,1.1799,0.12979,-0.70542,-0.86575,0.019239,2.7022,-0.12697
-0.66275,-3.0294,0.44469,-0.69623,2.0709,-0.012169,-2.1904,-0.057655
-0.75092,-2.358,-0.22616,-0.4683,-0.32641,-0.079629,1.4926,0.011027
-0.71159,-1.4157,-2.0685,-0.30004,0.22889,-0.043056,0.99939,0.08443
-0.63987,0.73363,0.29053,1.2038,2.5337,0.074038,0.34423,0.12196
-0.63192,-0.9593,1.3498,-0.10207,-3.9254,-0.021397,1.956,0.1886
-0.43859,-2.9225,-0.19729,-0.056629,2.1807,-0.048581,-1.6738,0.21045
-0.55306,2.4706,0.23795,0.44416,3.4351,-0.0028825,0.57449,0.13174
-0.62953,0.83736,0.80083,0.23598,-4.0776,0.015754,0.32883,0.057317
-0.62951,0.7974,-0.27928,0.19261,0.048693,-0.012111,-1.5227,-0.027427
-0.75472,-1.7027,-0.64655,0.30858,-2.9192,-0.14514,1.6534,-0.10538
-0.60974,2.1932,0.69499,0.095344,-0.17975,-0.058663,-1.2065,-0.12687
-0.60496,3.8263,-0.19613,-1.0579,2.1988,0.023134,0.32747,-0.11254
-0.59832,-3.8823,0.083521,-0.74918,-6.0262,-0.085373,2.3183,-0.056389
-0.41647,-0.67838,-0.47902,-0.61665,3.7389,0.22863,-2.3354,0.005721
-0.52528,0.81099,0.001223,0.23859,4.8473,0.24261,-0.10133,0.083846
-0.65702,-3.0423,-0.047959,-1.2641,-8.3412,-0.12456,-0.47316,0.14462
-0.59499,-1.7628,-2.1005,0.6906,4.0173,0.29846,-3.2621,0.14737
-0.68245,3.2087,-0.77596,0.6987,2.2466,-0.33856,-1.0423,0.043737
-0.69088,-0.33939,-0.86803,-0.92064,-4.7938,-0.098182,0.026523,0.031787
-0.54755,-2.9603,-0.47633,-0.97396,2.1516,0.03174,-1.2822,0.038115
-0.56742,-0.46419,0.39431,-0.072384,-1.493,-0.17302,1.572,-0.022316
-0.57182,2.9607,-0.4915,-0.41388,0.03414,0.027543,1.5573,-0.062863
-0.35833,3.2677,0.3175,1.0662,2.3943,0.040705,0.87515,-0.094551
4.4931,-1.2817,0.73993,-0.34947,-4.2916,-0.091117,2.7836,-0.094648
4.4692,-1.1032,-0.98815,-0.1534,2.0583,0.0075524,-0.17489,-0.054564
4.4464,2.9188,-0.65688,0.81174,2.301,-0.020941,-0.67333,-0.034266
-0.90595,-0.68637,-1.6314,0.11652,-1.8981,-0.0049296,1.5612,0.0028978
-0.75674,-3.366,-0.33604,0.21017,-0.55233,-0.015807,-1.3413,0.12758
-0.64541,-0.39957,-0.21834,1.2159,-0.22699,-0.1071,0.54805,0.12223
-0.64111,0.90456,0.64983,0.055342,-3.2567,-0.052804,0.93402,0.0044311
-0.41498,0.81786,0.98697,0.82225,-0.12655,-0.0030878,-0.93459,0.13362
-0.58723,1.5072,0.70175,-0.10291,-3.8626,-0.082023,1.2452,0.053472
-0.63275,-2.3139,-0.12415,-0.43425,2.356,0.052783,-1.573,-0.015842
-0.62882,4.5126,0.5501,0.15422,3.9253,0.13736,0.034056,-0.1073
-0.86611,-0.17902,1.746,0.14438,-5.7346,-0.021038,0.26276,-0.12157
-0.70646,-7.6995,-1.022,-1.1599,0.14815,0.0081941,-3.9714,-0.12259
-0.60825,-2.6242,-1.2088,-0.65825,0.68597,-0.13108,0.45093,-0.11166
-0.60437,-1.3428,-0.046475,-0.40668,-2.259,-0.058413,-0.25916,-0.033147
-0.56446,-2.8941,-0.3783,-1.3511,-2.5349,-0.014614,-1.112,-0.035386
-0.3502,-1.327,-0.66837,-0.19613,-5.0706,-0.058291,2.2593,0.1141
-0.65325,-0.17503,-0.82493,-0.68878,2.1596,0.0063908,-0.68045,0.17297
-0.60408,1.639,-0.32298,-0.64583,1.8634,0.053412,0.18883,0.13666
-0.6298,-1.3946,0.61193,-0.95656,-7.0039,-0.030689,1.8059,0.082118
-0.7189,1.4811,0.34779,-0.63698,3.1699,0.098533,-3.726,0.056003
-0.52318,4.4444,-0.059998,0.69037,4.6901,0.15632,-0.30574,0.0051125
-0.57118,-0.21791,0.11101,-0.87264,-7.4902,-0.095821,0.85534,-0.055756
-0.57363,1.6592,-3.8175,-0.83321,3.5918,0.17631,-3.342,-0.051522
-0.40512,1.2342,0.28477,1.3106,0.82932,-0.1805,-0.84717,-0.10134
-0.56061,-1.009,-1.3806,-1.2426,-0.60429,0.035571,2.0692,-0.10925
-0.51975,-0.1643,-0.0023809,-0.63118,1.3897,0.017519,-0.74294,-0.084524
4.507,-2.0134,1.1022,0.1597,-1.1349,-0.045077,2.4956,-0.0071294
4.4907,0.15018,-1.6927,0.48991,-0.76252,-0.032082,1.5953,0.12953
4.4631,3.0296,0.46434,2.4312,2.9981,0.063911,-1.2114,0.14832
-0.65523,-0.39211,1.0525,0.60135,-4.3667,-0.054177,-0.226,0.1537
-0.65578,0.44821,1.8806,0.44588,1.3794,-0.070901,-1.5785,0.063816
-0.44197,2.6567,0.29302,1.4961,1.8373,-0.16974,0.030363,0.068975
-0.57938,1.3989,-0.68042,-0.061606,-3.301,-0.002292,0.83394,0.0020703
-0.6603,-0.01467,0.67319,0.36245,0.23693,-0.061737,-1.4165,-0.081384
-0.64726,1.1565,1.5473,0.36365,-0.22999,-0.10699,1.9841,-0.09516
-0.78917,-2.3517,1.2291,0.2283,-1.5378,-0.0067971,-0.81574,-0.13266
-0.71433,4.4286,0.42967,1.2147,0.77153,0.0070262,0.13741,-0.060551
-0.58465,-3.8342,0.34725,0.69635,-5.5131,-0.063265,0.28487,-0.066782
-0.61656,-2.3056,0.080213,0.29562,2.1935,-0.053439,-2.2385,-0.012971
-0.38945,1.7802,0.35192,0.75508,2.576,-0.10368,-0.90494,0.05447
-0.43479,-1.8272,0.98024,-0.81524,-5.1217,-0.10714,0.038198,0.12322
-0.57251,-3.1877,-3.2579,-0.064921,-0.84593,0.023108,-4.1512,0.058047
-0.61505,3.1068,-1.2347,-0.29784,1.3075,-0.53545,-1.2257,0.18195
-0.59525,1.029,-0.78521,-0.30957,-2.8754,-0.053395,0.092617,0.014994
-0.68964,0.24776,-1.2723,-0.42819,-4.2851,0.061819,-3.1645,-0.0096606
-0.5478,1.3208,0.64762,-0.010371,-1.7251,-0.29133,2.2758,-0.071868
-0.58206,0.50128,2.5128,-0.07004,-0.08619,0.014137,-0.76,-0.11648
-0.57987,1.3204,-0.19204,-0.050912,-0.2498,-0.0098711,-1.0134,-0.067074
-0.35022,-3.2107,0.92736,-0.49296,-4.6963,-0.075625,1.7652,-0.088783
-0.54245,1.7218,-2.4479,-0.50154,3.1212,0.10376,-1.16,-0.090681
-0.57752,2.8141,-0.5905,1.1654,6.2664,0.54063,0.56533,-2.2752e-05
-0.57328,-2.2329,0.97315,-0.92781,-4.8705,-0.009454,1.7387,0.11607
-0.91515,-5.5896,1.5113,-1.0161,3.4738,0.17405,-2.3097,0.036581
4.525,0.41951,0.9965,1.982,3.0662,0.021729,0.031115,0.15941
4.4916,0.74914,-0.89221,-0.25536,-1.0355,0.0044848,2.4894,0.23287
4.443,-4.3559,-0.5617,-0.44834,1.8625,0.069892,-1.6764,0.061868
-0.42076,0.30583,0.48755,0.21153,-0.30302,-0.0054815,0.952,0.010929
-0.68281,2.1046,0.0638,0.02755,-2.4557,0.014496,1.0296,-0.049648
-0.64768,-0.12972,1.5223,0.85653,2.4408,0.045717,-1.02,-0.1039
-0.64699,-0.20207,1.8873,0.085234,-3.0188,-0.031248,1.5196,-0.08669
-0.70283,-2.4651,0.1365,0.18554,2.2373,0.0081941,-0.36408,-0.091241
-0.79585,0.64268,-0.54057,0.88584,3.8629,0.13891,-0.41507,-0.008468
-0.68792,-3.6497,-0.12202,0.023131,-4.6258,-0.023406,0.17082,0.19962
-0.62919,-3.5789,-1.4162,-0.32809,0.58533,0.026118,-0.91315,0.21515
-0.61829,-3.5071,0.25944,0.14213,1.4922,-0.28306,-0.28445,0.072236
-0.38257,0.44554,-0.16681,-0.013248,-2.4706,-0.04149,-0.55373,0.12327
-0.61444,3.3143,0.50062,-0.33983,0.61275,0.029288,-1.3822,0.14783
-0.6168,-1.6877,-0.14914,-0.66592,-4.0606,-0.12806,1.5726,0.09122
-0.60899,3.0191,1.5495,-0.16026,3.1286,0.12202,-1.6213,-0.031492
-0.60995,5.5566,0.93665,-0.3557,5.4312,0.42038,0.5005,-0.052276
-0.59914,-1.2754,0.6232,-1.3824,-6.5802,-0.10382,0.32041,-0.10156
-0.59331,0.72612,-1.5473,0.17856,4.1052,0.18167,-3.9785,-0.11485
-0.58501,3.2808,-0.9089,0.47905,4.6845,-0.15374,-0.51637,-0.095379
-0.26916,-2.3206,-0.91608,-0.84914,-7.7824,-0.12139,-0.45319,-0.079194
-0.56477,-0.51463,-2.8047,-1.8239,3.6071,0.21148,-4.1829,-0.090292
-0.5835,-0.82558,-1.3274,0.75862,0.26154,-0.1646,0.29999,0.059654
-0.58124,0.18345,-1.7253,-0.90385,-0.92926,0.029526,1.6646,-0.001264
-0.79857,-2.9565,0.76004,-1.9311,0.40923,-0.0082924,-1.4023,0.045173
-0.65873,-3.2126,0.45511,-1.0116,-1.8853,-0.0426,1.9996,0.23681
-0.55425,3.7379,-1.0542,0.16691,1.38,-0.0055457,1.7675,0.054713
4.5087,4.9246,1.5659,1.3214,3.2613,0.18294,-0.13177,0.052401
4.4686,0.23323,2.0476,0.16569,-2.5775,-0.10965,1.8987,-0.0057422
4.4274,3.4692,1.2148,1.0264,1.7601,0.032677,-0.33135,-0.068364
-0.76207,3.9992,0.59371,2.1124,3.1985,0.12934,0.19014,-0.12429
-0.65226,0.029654,-0.59236,0.42237,-3.4046,-0.023245,1.5578,-0.11723
-1.0058,-3.1685,1.4649,0.67381,1.5166,0.019162,-1.736,-0.083088
-0.7899,1.4733,0.067236,1.214,1.1644,-0.10499,0.92945,-0.084061
-0.69989,-2.5699,0.4176,-0.29614,-3.4252,-0.036985,0.54455,0.095552
-0.62977,-1.4315,0.28919,0.67171,-0.10737,-0.014479,0.1312,0.2186
-0.6201,-0.39835,0.81337,-0.49463,-2.4711,-0.086785,1.7159,0.17424
-0.3833,-3.7716,-1.0147,-0.81314,1.8621,-0.023457,-1.1783,0.23807
-0.66703,2.7721,-0.095825,-0.38439,2.3401,-0.051976,0.46943,0.16204
-0.621,-0.31173,1.1782,-0.36544,-3.7632,0.0041768,1.2127,0.078978
-0.6195,-3.0908,-0.61002,-0.19974,1.9808,0.00087178,-2.1801,-0.012265
-0.804,2.9242,-0.37602,-0.29634,1.1814,-0.19071,0.43022,-0.049794
-0.62555,0.79595,-0.0054259,-0.36751,-1.3617,-0.020614,-0.3163,-0.080192
-0.59578,-1.2751,-1.5541,-1.128,-4.101,0.0096445,-1.674,-0.12967
-0.58419,-1.5102,0.88249,0.033876,-3.7377,-0.098978,2.7386,-0.083623
-0.34668,-0.78516,0.1929,-1.0002,1.3832,-0.0081127,-0.51586,-0.085303
-0.44256,-0.23834,-0.17191,-0.25152,0.16326,0.046256,0.6423,0.040548
-0.62987,-3.9731,-0.34262,-1.1428,-4.931,-0.0014257,2.1978,0.01531
-0.59149,0.95109,0.48141,-1.1948,3.5683,0.19522,-5.4802,-0.019006
-0.68995,1.0277,-1.3131,-0.026011,5.6567,0.35682,0.30819,0.16253
-0.65598,-0.71859,-1.8125,-0.19552,-4.5447,-0.078911,0.9771,0.027625
-0.54002,-3.7822,-2.9843,-0.71097,2.6859,0.13147,-0.6145,0.096136
-0.55547,0.11685,-0.35184,1.0407,0.17227,-0.09797,2.2577,0.028258
4.52,2.8081,0.29355,-0.98515,0.2933,0.019001,2.9254,-0.021124
4.4812,3.9875,0.91887,0.67101,2.7277,0.073197,1.1171,-0.08467
4.4463,-2.8024,1.1851,-0.3333,-0.11209,-0.0034279,2.7664,-0.11361
-0.69132,0.60519,-0.98009,-0.13526,1.2044,-0.0075095,1.5238,-0.10803
-0.69257,1.8825,1.8069,1.2986,4.9178,0.40391,-0.92947,-0.11059
-0.79703,-1.4854,0.52386,-0.18104,-2.8853,-0.058426,1.4067,-0.034607
-0.66775,-2.8516,0.62926,0.9172,2.6178,0.045364,-0.43907,0.035949
-0.63359,0.36303,-0.097315,1.7004,2.5612,-0.011187,0.40096,0.096696
-0.62665,-0.47988,0.60585,-0.10775,-2.4584,-0.053247,0.48327,0.13569
-0.47657,2.8313,0.46669,0.64795,-0.10871,-0.028353,-0.70546,0.21999
-0.55012,0.8784,0.22879,-0.023955,0.1843,-0.021461,1.9571,0.22615
-0.62597,1.6199,0.47322,0.61673,0.36679,-0.045334,-0.69352,0.072115
-0.6189,6.188,0.90011,1.0339,2.3357,-0.021243,0.57776,-0.013384
-0.78062,0.20983,1.2246,-0.12501,-5.2891,-0.071646,0.6243,-0.088759
-0.63323,-1.6177,-0.81036,0.43274,2.5883,0.018148,-2.575,-0.12634
-0.60235,3.5999,-0.28368,0.36625,4.1166,-0.24898,-1.153,-0.099735
-0.59244,-2.8733,1.342,-0.51603,-4.7663,-0.07558,-0.30153,-0.080605
-0.58228,-4.5572,-1.0383,-0.15968,-3.2062,0.056499,-2.1638,-0.016865
-0.55342,0.3223,-0.20449,0.17167,-0.39229,-0.64065,-0.39844,0.061236
-0.60492,-2.1881,0.085442,-1.0982,-0.92277,-0.016982,-0.71829,0.12052
-0.58429,-1.1975,0.25446,-0.74711,-3.2831,-0.011052,-0.40529,0.11867
-0.69775,-1.7413,0.27491,-0.52091,-4.1341,-0.084577,2.0828,0.1351
-0.62851,3.0858,-2.1087,-0.12793,-0.442,-0.093985,-1.8178,0.030765
-0.4463,4.0696,0.22681,0.38451,4.3538,0.21037,-0.87924,0.042569
-0.55897,0.54515,1.1772,-0.55952,-7.4207,-0.13302,0.16999,-0.017059
-0.44668,-1.5263,1.3327,-0.26705,2.3682,0.018501,-0.28858,-0.076395
-0.55205,3.1568,0.61711,1.2707,3.0565,-0.10715,-0.87079,-0.12076
4.5104,0.48695,-0.92272,-0.075692,-4.4731,-0.14097,1.0045,-0.096668
4.4832,-7.3826,-0.88317,-0.7273,-0.04571,0.044812,-0.95905,-0.083161
4.4596,-3.2527,0.66167,0.4767,-2.3969,-0.16537,0.80568,-0.070943
-0.8157,-0.22992,-1.1671,-0.56445,-2.6105,-0.056103,1.9781,0.10081
-0.63517,-3.2214,-0.090185,0.45244,2.1649,0.015671,-0.86329,0.15236
-0.63794,-1.715,0.26754,-0.068787,-3.3318,-0.13098,1.7352,0.11663
-0.63827,0.46611,-1.0012,-0.44239,0.53965,-0.063226,0.31652,0.00087775
-0.37004,3.0486,-0.43416,1.2056,2.2408,-0.094158,-0.61319,0.12468
-0.63026,0.038819,0.27439,-0.19562,-4.6168,-0.074604,0.38757,0.11186
-0.62486,-0.18202,1.7951,0.37061,0.011738,0.010004,-1.9144,-0.031832
-0.62046,0.6597,1.2165,-0.018393,1.4495,-0.18584,0.63261,-0.063277
-0.80346,0.81418,1.3314,-0.28076,-4.2596,-0.0002192,-0.27026,-0.18426
-0.66377,3.6959,0.30833,0.84959,0.36067,0.024405,-0.98553,-0.12982
-0.59405,-2.6868,-0.24003,-0.27125,-3.4026,-0.14282,1.6573,-0.114
-0.60003,-0.18239,-1.1388,-0.00036403,2.3736,-0.029412,-2.0251,-0.032392
-0.24672,4.3616,-0.18022,-0.30821,4.1814,0.16685,-0.45938,0.0063051
-0.47159,-3.9516,0.10213,-1.404,-7.2763,-0.16436,-0.41625,0.16027
-0.64951,-0.22703,-1.6187,0.082318,4.7309,0.31921,-3.554,0.18553
-0.59509,3.6619,-0.34454,0.68234,5.7233,-0.027564,-0.85124,0.16864
-0.79068,-1.3988,-0.76927,-0.59268,-8.3079,-0.050597,-0.92867,0.094603
-0.63902,1.4261,-2.3513,-0.49938,3.5439,0.16153,-3.4599,0.053472
-0.52525,2.8884,0.23353,0.90942,1.2211,-0.47388,-0.41043,0.0034089
-0.56543,0.77689,0.047868,-1.3833,-3.2139,0.026471,0.64043,-0.056779
-0.56882,-3.6996,1.6055,-2.3516,-0.3127,0.018039,-1.4695,-0.061841
-0.38616,-1.7086,1.3797,-0.68114,-3.3932,-0.093286,1.8632,-0.12512
-0.60925,0.11133,-1.4789,-0.07609,0.15335,-0.0045189,0.47135,-0.076225
-0.56316,1.8066,0.9834,1.1306,2.5145,0.052032,-0.22552,-0.052568
4.5286,-1.348,1.4324,0.068483,-4.7504,-0.080111,2.2018,-0.057704
4.5204,-1.3827,-0.19907,0.45919,0.91265,0.024302,-2.2373,0.19823
4.4907,2.0436,-0.17587,1.3341,3.4221,0.13871,-1.7839,0.12649
-0.64127,0.51853,-1.157,0.53139,-3.1533,-0.047137,0.11329,0.24769
-0.65026,-2.7027,-0.54402,0.57842,0.54336,0.00050598,-1.6393,0.072236
-0.42595,4.0952,0.5816,1.5047,-0.92291,-0.10919,0.291,0.073088
-0.58386,1.551,1.6541,-0.25259,-3.1871,0.0056336,1.2338,-0.0016534
-0.64024,1.2777,1.5667,0.33377,-0.52601,0.019701,-1.2398,-0.041641
-0.63838,1.112,1.0525,0.27667,-1.0231,-0.071068,1.7304,-0.12583
-0.83706,-2.8725,-0.7431,-0.28508,-0.41025,0.015048,-1.2673,-0.1232
-0.62759,2.3019,-0.098613,0.68527,2.1642,0.0039137,0.066332,-0.099127
-0.60906,-4.0193,-0.1252,-0.23229,-5.9882,-0.021326,0.1614,0.077007
-0.61067,-8.6427,-1.1301,-0.028194,0.8913,-0.044994,-2.3087,0.049846
-0.44222,-1.4651,-1.1195,-0.21208,2.0192,-0.2918,0.067751,0.12305
-0.43951,-1.4431,0.56582,-0.646,-2.8157,-0.012393,0.6736,0.14231
-0.6274,-2.8605,-2.7418,-0.98277,-4.5482,0.070437,-2.9867,0.032493
-0.60802,0.55989,-0.3829,-0.33329,-3.3595,-0.087824,0.88965,0.14746
-0.63259,1.3219,-0.54207,-0.55931,-0.64258,0.053373,-0.79095,0.084697
-0.70966,2.4867,0.34855,-0.94861,-4.3882,0.055343,-0.48539,0.024972
-0.59899,-0.79449,1.445,-0.42137,-5.655,-0.0058024,1.7547,-0.047019
-0.57473,1.7653,-0.89176,-0.43115,1.3968,-0.03223,-2.0863,-0.094089
-0.56871,3.7626,-0.36841,0.8839,3.9287,0.18297,-0.60443,-0.07143
-0.46286,-1.5831,0.29681,-0.11873,-7.6468,-0.1073,-0.64187,-0.10421
-0.50724,-0.99634,-0.13941,0.8727,3.062,0.13596,-2.2161,-0.1131
-0.5656,1.1536,-0.24201,1.5844,4.0639,0.051628,-1.1766,-0.028814
-0.5631,-1.1779,-1.6621,-0.39478,-2.4621,-0.0035884,1.7518,-0.010001
-0.73929,-5.2824,-2.0777,-1.0195,2.8385,0.076412,-1.9973,0.12026
4.5483,-3.2995,-1.3625,0.53071,-0.15543,-0.023951,1.1021,0.083554
4.5231,0.8909,-0.33325,-0.34811,-0.16517,0.057224,3.6229,0.23827
4.4748,0.73937,-1.3525,-0.42298,3.6025,0.20596,-0.67821,0.07669
-0.37567,0.0025021,0.70223,-0.067258,-1.5781,0.037939,2.6578,0.11252
-0.5766,3.029,-0.03294,-0.80402,1.4891,0.040128,0.066351,-0.025115
-0.63755,4.0162,0.48964,1.6914,3.1315,0.10222,-0.17121,-0.071893
-0.63636,-0.015634,0.71854,0.15458,-2.6327,-0.014408,1.1478,-0.070043
-0.75885,-2.9859,0.094057,0.19829,2.3877,0.03484,-0.95056,-0.12074
-0.76231,-1.8693,-0.086876,1.1265,2.64,-0.018734,0.70566,-0.13702
-0.6123,-2.6959,0.11794,-0.87704,-2.4736,-0.026672,0.49633,0.042715
-0.61742,2.6162,0.74798,0.97233,2.3276,0.0063331,-0.38889,0.10356
-0.30746,-2.0187,0.064159,-0.22881,-2.5448,-0.037665,1.3425,0.19037
-0.46261,-0.18054,0.42083,0.096538,3.3578,0.11923,-0.7929,0.10933
-0.59493,4.9267,-0.86743,0.20736,5.1917,0.28854,-0.12787,0.22092
-0.60705,-1.014,0.10855,-0.5491,-4.4871,-0.066512,0.086914,0.15438
-0.75118,0.095672,-0.56016,0.1507,3.0209,0.095395,-1.9478,0.013193
-0.74184,4.0044,0.65195,0.62873,5.6269,0.12968,-0.59967,0.0011211
-0.64046,0.11415,0.43284,-0.47539,-2.8342,0.022531,-0.23761,-0.068534
-0.58283,0.090618,-1.4992,-0.42858,-0.64677,-0.012412,-1.9435,-0.12023
-0.57127,1.6596,-0.14805,0.62634,0.28294,-0.2697,1.5191,-0.073767
-0.42217,-0.84138,2.999,-1.2241,0.34859,0.037965,-0.6592,-0.10572
-0.58295,-0.71822,2.7166,-1.2059,0.20149,0.014278,0.40902,-0.11665
-0.5706,-2.4741,1.9401,-0.41259,-2.6378,-0.052316,2.7556,-0.045583
-0.56626,1.9846,-2.1272,-0.26034,4.3701,0.2939,0.93876,-0.067414
-0.68831,3.1981,-1.7647,1.6153,6.9351,0.63572,0.65176,0.10782
-0.59532,-2.0581,0.062206,-1.3817,-3.0971,0.021966,2.0371,0.21218
4.629,-2.9554,-1.4138,-1.4587,5.5568,0.4427,-0.70754,0.075011
4.5142,2.3259,-0.99259,0.69783,3.8267,0.10595,1.1874,0.034853
4.4756,3.0829,-1.2073,-0.62719,1.9886,-0.0053147,4.1017,0.087302
4.4328,-1.4036,1.0282,-0.78296,2.6609,0.10137,-1.1085,-0.043442
-0.65575,0.54524,1.6829,-0.15611,2.1336,0.0087974,2.5062,-0.10197
-0.65259,0.45803,-0.20179,-0.2209,0.22957,0.022993,1.8116,-0.10743
-0.95686,0.5453,0.94536,1.1626,2.413,0.044453,0.37317,-0.10589
-0.82977,-1.5079,1.5087,0.20788,-1.4923,-0.098497,1.3611,-0.08355
-0.64962,-2.4971,0.37762,-0.030976,3.7029,0.20015,-0.239,0.061187
-0.62971,-0.4926,-0.2468,0.59741,5.0706,0.30273,1.2469,0.1764
-0.59664,-1.8209,0.26001,0.12992,-2.8832,0.018225,0.84878,0.24584
-0.32519,1.1408,-0.64854,0.1677,1.4227,0.015709,-0.7957,0.24998
-0.67734,-1.7272,-0.46981,0.27933,-0.038697,-0.077261,1.9201,0.26779
-0.62494,2.3585,0.84436,-0.31949,0.79965,-0.016321,-1.5223,0.089273
-0.61624,6.3466,1.5208,-0.56909,4.4827,0.30341,0.75472,0.0043581
-0.64187,-0.42846,0.88448,-0.7875,-4.3943,-0.12487,1.4199,-0.040132
-0.66355,1.7609,0.40831,0.33814,4.9156,0.30473,-2.5518,-0.066903
-0.59743,4.0103,0.13492,-0.21762,6.6199,0.49361,0.15116,-0.13994
-0.58482,-1.9567,-0.18911,-0.88838,-5.5982,-0.076356,0.8202,-0.071795
-0.5099,0.18326,-3.0995,-0.62013,4.5783,0.349,-2.2542,-0.08007
-0.54004,-0.5869,-0.69399,0.1577,4.095,-0.36049,0.30005,0.064886
-0.59392,-2.1797,-2.3221,-0.25936,-1.9175,-0.058298,-0.12863,0.037214
-0.59162,-2.8381,0.049487,-0.80756,1.8174,0.030649,-1.9233,-0.0063749
-0.75652,-0.28529,0.64596,-0.25763,-1.4706,-0.12541,2.1864,0.16477
-0.56522,1.6637,-0.35503,-0.047739,2.0813,0.013572,0.14989,0.037506
-0.55828,5.3932,-0.066563,1.0678,3.2938,0.15666,0.58167,0.060481
-0.55392,-2.0378,1.7669,-0.60763,-3.1571,-0.017502,2.761,0.019521
4.5461,0.67541,-0.13463,-0.10834,4.6103,0.31337,-0.38078,-0.023655
4.4835,3.9706,-0.37293,0.84808,4.5724,0.31043,0.35309,-0.093675
4.4488,1.2212,-0.57787,0.50981,-0.4264,-0.080387,1.4605,-0.1268
4.4413,-4.7504,0.20923,0.81416,0.88414,-0.046091,-0.68711,-0.10392
-0.67041,-0.14783,0.79354,1.5935,0.85892,-0.036176,1.1039,-0.079851
-0.74141,-0.56437,0.74738,0.00091413,-1.9676,-0.068893,1.5543,0.046049
-0.59765,-2.5776,1.0451,0.89402,1.8811,-0.061301,-0.94928,0.055395
-0.63479,-1.4912,1.0003,-0.015535,0.32177,-0.042774,2.2892,0.046974
-0.63925,-0.56091,-0.12478,-0.20986,1.9849,-0.026525,-0.67227,0.1065
-0.429,3.1383,-0.82075,0.78715,4.6106,0.29368,0.65786,0.19969
-0.55242,0.17024,0.76338,-0.047489,-2.876,-0.041176,2.0889,0.17991
-0.62741,-4.5791,-0.52219,-0.5864,0.23799,-0.0086004,-1.5672,0.033077
-0.62228,1.1552,0.7228,-0.10579,0.6854,-0.2371,1.3712,-0.060648
-0.84173,0.88588,1.2682,-0.25721,-0.81057,-0.066146,1.1163,-0.09623
-0.65901,0.4668,0.067436,-0.32672,-0.23665,-0.030016,-1.5145,-0.14685
-0.60447,-2.1302,-0.1923,-0.39141,-3.9533,-0.13039,1.8567,-0.097983
-0.59771,0.015853,1.1767,-0.57056,1.3023,-0.082774,-1.6717,-0.047579
-0.41914,0.73015,-0.4825,-0.36533,0.31245,-0.049724,-0.066305,-0.012313
-0.51212,-4.5487,1.135,-0.6386,-7.5233,-0.16279,1.3425,0.12432
-0.59397,-0.39962,-3.4518,0.32363,2.7656,0.077157,-3.1323,0.10312
-0.59001,1.5265,-2.7446,-0.094337,3.8341,0.1688,-0.18839,0.13875
-0.82192,-1.1988,0.19978,-0.29024,-7.4531,-0.10415,1.5132,0.10743
-0.64915,1.0739,-1.4288,-0.42828,2.9106,0.055433,-3.2012,0.034878
-0.57094,4.0283,-0.23927,1.1897,3.1221,-0.040637,-0.1605,0.028988
-0.56343,0.19492,-0.58819,-0.97855,-3.6128,-0.050295,1.8481,-0.034315
-0.47034,-2.7916,-2.3913,-2.8942,2.9404,0.12372,-2.7405,-0.086787
-0.5549,-1.2086,-0.9334,0.55685,-0.03598,-0.099222,1.4313,-0.14135
4.5175,1.3796,-0.16193,-0.49875,-0.62121,0.00030062,2.3291,-0.088905
4.4936,-0.38794,1.6912,0.32103,2.4623,0.11142,-0.94863,-0.039061
4.4727,-2.4528,0.82233,-0.59787,-1.7515,-0.063919,2.0578,-0.032879
4.3353,1.3052,-1.2854,-0.10468,0.25964,0.032857,0.30579,0.036022
-0.60692,2.555,0.47243,1.7988,2.8645,0.10765,-1.6768,0.10991
-0.64641,-0.2499,0.52585,-0.21109,-3.7958,-0.092503,1.2833,0.18996
-0.65408,0.7757,0.20507,0.67676,2.4865,0.052802,-0.51266,0.020226
-0.46765,3.8129,0.11858,1.5595,0.74678,-0.062674,-0.0598,0.077712
-0.6405,0.51297,-0.83673,-0.34604,-2.8928,-0.018028,0.8031,0.022977
-0.63401,-1.3612,-0.1335,-0.90311,-1.3189,0.027209,-0.43767,-0.042687
-0.63102,0.0015195,1.7345,-0.18934,-2.1599,-0.10576,1.7384,-0.11538
-0.75536,1.6638,1.3467,0.11209,-0.61864,-0.0071116,-0.97403,-0.15471
-0.70734,4.8416,0.86168,1.0798,3.2673,0.098058,0.14448,-0.12444
-0.61419,-2.238,0.68177,-1.2178,-5.5848,-0.11181,0.9315,-0.088077
-0.61189,-2.8397,-1.1633,0.85485,2.7966,0.073588,-2.4302,-0.029642
-0.22841,2.9051,-0.55858,-0.32988,3.9343,-0.0062966,-0.79715,-0.0074945
-0.5668,-3.1312,-1.0836,-0.87663,-5.3601,-0.020184,0.6126,0.060287
-0.61457,-0.49339,-2.9839,-0.11956,2.4603,0.085871,-2.506,0.13702
-0.60333,1.1902,-0.81858,0.29866,3.0246,-0.36867,0.03649,0.1876
-0.83492,1.316,-2.1631,-0.63907,-3.7539,-0.048023,-0.34591,0.088737
-0.63138,1.1031,-1.377,-0.16316,-0.6739,0.026754,-2.635,0.074062
-0.59882,1.7692,-0.47162,0.040897,-0.77039,-0.1512,2.5706,-0.01684
-0.57592,2.0295,1.6846,-0.14761,0.1154,0.0062111,-0.00082785,-0.051692
-0.53756,3.288,-0.47904,0.38841,3.1332,0.14975,-0.89121,-0.10806
-0.45285,-1.329,0.38609,-0.16602,-5.872,-0.13269,1.335,-0.09937
-0.63563,-0.52436,-0.2104,-0.20197,3.6556,0.17873,-0.47049,-0.10584
-0.57113,1.791,-0.75635,0.81286,3.6694,0.18777,-0.10317,0.011027
4.5666,0.79992,2.0607,0.095774,-4.7413,-0.086175,1.308,-0.057971
4.5262,-6.5767,-0.31566,-1.0017,2.0795,0.022467,-1.457,0.13342
4.5016,-1.8642,-0.30216,1.3505,1.5414,-0.14217,0.41153,0.1295
-0.465,0.65071,-2.3372,-0.58936,-1.4203,-0.018625,2.7207,0.12846
-0.65476,-3.4119,0.77505,-0.81497,1.8643,0.043362,-0.18228,0.04325
-0.54151,-0.25914,0.66567,-0.25686,0.15782,-0.017424,2.0721,0.11553
-0.59314,0.97658,-0.77886,-0.31758,-0.99125,-0.031113,1.4512,0.022733
-0.64589,3.2217,1.3521,1.0059,1.6062,-0.0095502,-0.37528,-0.046678
-0.64574,-0.061121,2.0121,-0.40445,-3.0056,-0.069291,2.3404,-0.12106
-0.82315,-0.90676,0.91923,-0.11031,2.6515,0.073191,-0.94975,-0.13318
-0.67888,1.3739,0.058962,-0.16225,3.8825,0.038645,0.13222,-0.16374
-0.61882,-1.8355,-0.51565,0.27297,-3.7106,0.0077578,0.62207,0.015188
-0.62049,-3.3163,-2.0895,0.61897,-0.6884,-0.015082,-0.33639,-0.0043792
-0.29297,-2.8158,-0.23237,0.31427,-2.5702,-0.091553,1.606,0.023658
-0.42834,-0.76426,0.37428,-0.47344,-0.33912,-0.021185,-0.76958,0.12515
-0.61828,4.3823,1.2858,-0.43724,-1.2164,0.0057234,-0.99097,0.0045528
-0.61579,-2.8108,0.62265,-0.78734,-4.8056,-0.087497,1.712,0.18266
-0.6681,1.5428,-0.46357,0.092158,2.6962,0.0077128,-1.503,0.11008
-0.67641,2.7802,-1.4574,-0.4942,4.5431,0.26207,0.19966,0.018279
-0.62842,0.48949,1.3506,-1.4618,-8.0089,-0.095955,0.95727,-0.040813
-0.58316,1.9027,-1.297,-0.11061,3.7984,0.23624,-3.3676,-0.087834
-0.58873,2.1291,0.7171,1.1309,3.0598,-0.15121,-0.57442,-0.10324
-0.3787,0.41624,-0.87288,-1.0975,-6.0151,-0.043454,-0.25772,-0.11103
-0.54112,-5.7852,-0.39748,-1.3868,1.9621,0.00021078,-0.61105,-0.080752
-0.57491,-1.0184,-0.17846,0.0032456,-3.5288,-0.14594,1.5049,-0.036335
-0.57775,0.91416,-0.038824,-0.26675,-1.4157,0.035796,0.46015,0.0082035
-0.73364,2.1088,-0.37713,0.99686,1.2881,0.03654,-0.1855,0.11106
4.5495,-0.53146,0.60691,-0.23949,-4.1716,-0.051213,2.624,0.009542
4.5216,-1.3006,-0.8439,-0.76956,2.2107,-0.013799,-0.043726,0.18227
4.4744,3.1724,-1.4224,1.103,3.7463,0.17289,-1.4327,0.042179
-0.48965,2.025,-1.4067,0.19936,-4.1907,-0.073225,1.0486,0.075911
-0.57147,-2.1971,0.65719,0.69549,0.61974,0.029282,-1.5768,-0.014187
-0.64157,-0.22575,0.63111,1.1917,-0.71609,-0.083948,0.21631,-0.077977
-0.63877,0.65747,1.9248,-0.065499,-3.8624,-0.011309,1.1743,-0.08394
-0.84044,-0.60362,1.1066,0.40444,-0.048304,-0.03644,-0.99084,-0.10331
-0.70601,-2.2984,0.97539,-0.55174,-3.1957,-0.058092,0.90146,-0.058409
-0.61405,-2.689,0.032971,-0.2396,1.514,-0.046772,-1.4725,0.053642
-0.62083,1.9826,-0.77201,0.36679,4.7484,0.19224,-0.56005,0.060043
-0.41651,-2.2507,0.3396,0.037216,-5.1822,-0.072724,0.32402,0.35202
-0.54317,-5.5693,-2.1959,-0.56798,0.041301,-0.055724,-2.7704,0.15352
-0.60089,-0.36353,-1.3805,-0.2672,-0.11393,-0.16938,0.54433,0.23267
-0.60561,1.6435,-0.65037,-0.77706,-1.3096,-0.050808,0.21116,0.11575
-0.83764,0.78674,-0.21454,-0.5118,-2.7438,0.019977,-0.44227,0.011708
-0.70121,0.96914,0.82369,0.065201,-4.8309,-0.053561,1.8817,-0.030396
-0.659,0.74255,0.96343,-0.89207,1.1574,0.039216,-0.94628,-0.087152
-0.58674,1.1629,0.01808,-0.68368,1.4203,0.04632,0.32899,-0.13697
-0.57768,-1.3775,1.9064,-0.84474,-6.6749,-0.022308,1.5398,-0.082382
-0.44245,-0.51738,-1.1405,-0.99887,2.3566,-0.0030172,-2.9399,-0.089854
-0.60683,2.4922,-1.2107,0.64737,4.6298,0.16825,-1.0081,-0.083575
-0.57549,-2.3596,-1.3942,-0.84973,-8.2579,-0.064048,0.37983,-0.039523
-0.56673,-2.2896,-3.1804,-0.35162,3.3005,0.14152,-2.4517,-0.024312
-0.78985,2.7786,-2.1173,1.2255,0.74525,-0.11184,0.87246,0.14109
-0.62457,0.55063,-1.2491,-0.83901,-1.2634,0.019887,1.9105,0.19616
-0.55959,-0.16105,-0.031732,-1.052,-0.16818,0.044729,-1.4221,0.10431
4.5117,-1.0718,1.1375,-0.058466,-0.82717,-0.075304,2.6214,-0.0049877
4.4744,3.8015,-1.4296,0.046748,-0.87571,0.050055,1.8112,-0.012386
4.4342,4.479,1.1406,2.6268,3.3433,0.11109,-1.0302,-0.083404
-0.65636,0.66638,1.4495,0.08059,-3.7111,-0.11373,-0.064379,-0.11933
-0.65547,0.62416,1.535,0.38507,1.7897,0.025444,-0.28065,-0.12424
-0.89942,1.7641,0.63427,1.4439,1.4712,-0.091059,-0.25978,-0.086301
-0.69849,-1.093,-0.52063,0.55436,-3.0299,-0.063849,1.2699,-0.076298
-0.61643,-5.167,-0.61071,0.075728,-1.3429,0.0060571,-1.931,0.040232
-0.62917,-1.3426,0.44643,0.77378,0.22427,-0.088184,2.1191,0.099519
-0.36528,-0.58297,0.19312,-0.42413,-0.67514,-0.00015502,0.11407,0.23184
-0.42213,5.2139,-0.53615,1.0145,2.7893,0.1035,-0.12948,0.22006
-0.70746,-0.47861,0.39597,0.0018005,-5.4269,-0.0893,0.76559,0.17623
-0.62282,-0.89869,3.8799,0.38266,2.641,0.019149,-1.4628,0.032517
-0.96632,5.4422,3.0655,1.0015,3.415,0.049407,1.1306,-0.025553
-0.91761,-0.010265,1.2547,0.049028,-5.6774,-0.11722,-0.14418,-0.093115
-0.67424,0.013362,-0.85283,0.992,0.017621,-0.070356,-3.9934,-0.093918
-0.59875,2.1411,-0.96538,0.16971,3.1849,-0.29246,-0.97849,-0.10324
-0.58818,-0.66129,-0.55159,-0.77169,-3.8556,-0.048318,0.28257,-0.047579
-0.42157,-0.86277,-1.287,0.0086858,-1.8619,0.034666,-2.6098,-0.025188
-0.58631,-1.7434,-0.080202,0.013888,1.4631,-0.29227,1.46,0.073186
-0.59323,-0.59169,-0.19614,-1.2713,-1.2042,0.02169,0.22243,0.1086
-0.59044,-0.58405,-2.2242,-1.0566,0.93187,0.061536,-0.26997,-0.024726
-0.82221,0.063357,0.060318,0.43545,-3.6478,-0.07875,1.8841,0.028234
-0.59737,1.9963,-0.15804,-1.2194,1.6191,-0.0053724,-0.45044,0.056149
-0.563,4.8211,1.1099,0.14542,5.8898,0.49936,-0.73947,0.05705
-0.55,0.54016,2.528,-0.48286,-4.7646,-0.10175,1.2264,-0.028668
-0.36723,-1.7033,0.62824,-0.064169,4.3088,0.30689,-2.8964,-0.061938
4.49,1.0975,0.82618,1.5788,4.1558,0.1094,-0.76122,-0.084061
4.4613,-0.19248,-2.3876,-0.18011,-1.2808,-0.046894,1.2533,-0.11395
4.439,-6.7281,0.45202,-0.63018,3.3067,0.21232,-1.2229,-0.082845
-0.75722,-3.2264,-0.1624,0.10565,1.2009,0.013078,0.65751,-0.061013
-0.79138,-1.1068,-0.14435,0.021878,-2.0175,-0.026987,1.3036,0.065495
-0.61001,-2.2854,-1.5865,0.89692,2.5043,0.043882,-1.7597,0.1057
-0.63887,-0.78226,0.80681,0.0044339,-2.7111,-0.085386,1.4303,0.013752
-0.53793,-0.074864,-0.31235,0.25568,2.809,0.089196,-0.059055,0.13999
-0.51055,3.8814,0.22415,1.0549,4.5797,0.21143,-0.12246,0.1296
-0.59215,0.21905,-0.20097,-0.085178,-3.866,-0.037319,0.34475,0.094408
-0.63359,-1.9017,0.066819,-0.27944,0.48614,0.0026366,-1.3653,-0.026429
-0.77641,-0.23938,0.88349,0.10168,0.22067,-0.13915,1.1182,-0.088832
-0.75641,1.6591,0.42333,-0.42149,-1.1683,-0.013272,0.19052,-0.11042
-0.65434,1.4743,-0.57913,-0.28006,1.2155,0.033851,-0.2297,-0.13269
-0.60943,-4.382,0.04224,-0.97371,-3.1353,-0.08751,2.3415,-0.080605
-0.6032,1.6378,0.242,-0.45385,3.1091,0.1318,-0.41097,-0.070676
-0.31038,1.482,-0.57285,-0.60396,4.0309,0.28023,1.471,0.030911
-0.58319,-3.5702,0.16053,-1.3144,-6.3919,-0.0074132,1.5936,0.10519
-0.60305,-0.78276,-1.3626,-0.72754,4.5365,0.28795,-3.5732,0.16506
-0.59413,2.021,-1.2975,0.042367,5.4103,0.31011,0.23985,0.10972
-0.75429,-0.41815,-0.00056286,-0.39324,-7.4701,-0.10931,0.45362,0.11755
-0.63145,1.3825,-3.9083,-0.56183,4.0552,0.23283,-0.63912,0.028672
-0.58126,3.885,-1.4242,1.2348,0.69462,-0.24425,0.4742,-0.011656
-0.5693,0.54794,-0.43708,-1.4694,-1.3604,0.020022,1.9156,-0.041446
-0.45587,-0.77242,0.61214,-0.75987,1.9433,-0.0017401,-2.943,-0.10292
-0.49759,-1.4986,0.58361,-0.27265,-0.51399,-0.11251,2.3488,-0.1203
-0.55461,-0.63524,-0.97699,0.57291,0.99906,0.022261,1.7857,-0.058677
4.5085,2.1285,0.50347,2.242,3.2554,0.16185,-0.52781,-0.051327
4.4906,-1.5889,0.57624,0.18151,-2.18,-0.07583,2.2267,0.045708
4.467,-1.7935,-0.46338,-0.22069,2.3815,0.033518,0.39379,0.086717
-0.5821,-0.16855,-0.72726,1.0167,3.4135,0.18436,-0.39584,0.11875
-0.64775,-1.2604,-2.1731,-0.13645,-1.3165,-0.025748,3.064,0.12666
-0.65869,-0.76773,0.90176,0.40622,1.1685,-0.018714,-1.4891,0.086669
-0.47262,2.8889,0.029662,0.94667,0.79922,-0.068533,1.767,0.053642
-0.64995,0.03063,0.36935,-0.32305,-0.66124,0.0021681,1.2307,0.032395
-0.63508,4.0167,1.7835,0.63685,1.399,-0.0099096,0.7558,-0.039353
-0.63202,0.50136,1.4016,-0.16361,-2.643,-0.080277,1.3759,-0.08523
-0.63414,-3.6137,0.62923,-0.65921,2.3302,-0.031453,-1.5869,-0.15136
-0.64238,2.6019,0.52693,-0.24571,3.5097,0.10971,0.61577,-0.16423
-0.61493,-2.2396,0.3667,-0.19514,-2.6605,-0.055673,0.84253,-0.091582
-0.61629,-6.3959,-2.4252,-0.33292,0.14096,-0.037575,-1.9935,-0.015745
-0.18423,-0.25063,-1.779,-0.50587,-1.0831,-0.12887,1.0251,0.039989
-0.5185,-1.2882,-0.51748,-0.76558,-1.152,-0.011796,-0.47553,-0.0074701
-0.61189,-1.1956,-1.8495,-1.7684,-2.2344,0.051422,-0.56675,0.28519
-0.60314,0.24321,0.99202,0.38917,-3.8106,-0.072949,2.5458,0.11738
-0.8899,0.63109,0.71098,-0.5403,1.4493,-0.057296,-0.43728,0.094141
-0.70085,2.7953,1.1168,0.15025,1.8981,-0.039687,1.066,0.05189
-0.58649,-0.10438,0.35935,-0.83603,-4.837,-0.0048077,1.5314,-0.015915
-0.57905,1.6165,1.4987,0.19014,3.4189,0.17624,-4.9401,-0.049088
-0.55256,3.7903,-0.26727,1.13,5.0316,0.23159,-0.26418,-0.11113
-0.49034,-1.5374,-0.98666,-1.3389,-3.2393,-0.049435,0.91837,-0.10489
-0.55743,-1.7857,-2.3876,0.39441,3.235,0.20468,-0.59908,-0.11857
-0.57045,-2.1514,-0.26859,1.138,2.0185,-0.1153,0.585,-0.047749
4.5173,1.0454,0.028846,-1.2163,0.16037,0.0057042,2.0159,-0.049623
4.5199,0.62154,-0.44266,0.92104,3.5204,0.23811,0.18968,0.11634
4.4974,-3.4836,0.49813,-0.0087523,-0.49415,-0.068463,3.2165,0.15842
4.4356,2.4295,-0.6136,-0.0089386,0.76331,-0.010032,0.5706,0.11836
-0.65997,5.0314,2.5051,1.1801,4.5373,0.38964,-0.34352,0.017306
-0.45717,1.247,1.6302,0.096114,-1.9878,-0.039995,2.284,0.088202
-0.66221,1.4065,0.67614,0.82205,3.0401,0.15231,0.25828,0.01587
-0.65132,3.8123,0.59356,1.3235,3.3474,0.10673,0.40392,-0.053882
-0.64964,-0.44201,-0.10064,0.030325,-2.4882,0.013816,1.0079,-0.083867
-0.82146,-0.017335,0.82074,0.32884,-0.13958,-0.048774,-1.0297,-0.12677
-0.668,-2.131,0.80467,-0.037932,-0.24326,-0.061134,2.5703,-0.085327
-0.61905,-2.441,0.39617,0.098979,0.97402,0.0029703,-0.75229,0.033101
-0.62073,4.3732,0.68664,0.59343,3.0472,0.11173,0.32343,0.015529
-0.36898,-2.2799,-0.45957,-0.31651,-4.0958,-0.10061,1.271,0.085306
-0.52011,-2.2367,-2.7847,0.2139,2.2658,0.0048442,-2.9665,0.15581
-0.62562,3.0587,-1.1413,0.74711,3.9069,-0.25028,-0.86731,0.066687
-0.61967,-0.5895,0.73582,-0.79162,-4.0434,-0.13771,-0.61481,0.068902
-0.7955,0.73053,-0.73729,0.45991,-2.7347,0.016094,-1.6704,0.061187
-0.76966,2.2738,0.64319,0.22471,0.99276,-0.52177,0.24875,-0.0071781
-0.59595,1.1397,-0.55269,-0.87399,-1.5774,0.0082006,-0.25163,-0.073888
-0.58916,0.75765,0.29886,-0.76147,-2.0393,-0.029868,-0.9826,-0.11212
-0.43811,-1.0693,0.13452,-0.33572,-3.9566,-0.14205,2.1324,-0.11526
-0.48227,1.2719,-1.7011,-0.30706,-0.27616,-0.050949,-0.40144,-0.11278
-0.52089,1.9704,-0.56647,1.0586,4.8893,0.25384,-0.38502,-0.011535
-0.57931,-2.5204,0.18952,-0.73354,-7.4252,-0.1694,0.15007,-0.035264
-0.54789,-1.7096,0.62438,0.73094,2.7867,0.11008,-0.61451,0.026676
-0.72268,-0.013868,-0.81961,1.3492,3.7951,-0.021166,-0.69236,0.1454
4.5368,1.5712,-1.4396,-0.60412,-1.6828,-0.10026,2.37,0.030692
4.5064,-2.0626,-0.99925,-1.734,0.77668,-0.023977,-1.6931,0.15664
4.4594,-1.5601,0.4195,-0.010371,-0.95935,-0.046476,1.1022,-0.014723
-0.53479,3.6283,-0.81724,0.3221,-1.9088,-0.094832,1.5259,0.013606
-0.57718,1.5415,-0.027313,0.8823,2.6175,0.059733,-1.1303,-0.059553
-0.65193,-0.58528,1.8922,-0.26036,-3.7375,-0.11083,1.418,-0.10485
-0.64827,-0.13066,-0.18567,-0.027905,1.2588,-0.032711,0.0065059,-0.071527
-0.78701,1.9645,0.13897,0.94272,2.7464,-0.073379,-0.3814,-0.081117
-0.65127,-3.0376,-0.62217,0.37114,-4.0696,-0.052201,0.88239,0.089857
-0.62688,-3.4148,-0.4494,0.41457,-0.99994,-0.0063736,-1.9683,0.15029
-0.63287,-2.4701,-0.82758,0.3163,-0.06813,-0.14968,1.563,0.06384
-0.34804,-0.54488,0.13486,-0.34192,-2.7824,-0.01077,-0.46149,0.27015
-0.51565,5.6326,-0.20416,1.0043,0.13321,0.0018857,-0.95993,0.13208
-0.62733,-1.4903,0.35399,-0.6364,-3.8296,-0.12784,2.5619,0.1307
-0.61508,3.2578,1.2145,0.059684,2.6256,0.0016611,-2.5074,0.088226
-0.76509,6.2335,0.9362,0.62024,5.1266,0.32857,-0.48623,-0.0039168
-0.72747,-1.1196,0.61448,-1.0795,-6.4897,-0.17087,-0.1582,-0.093261
-0.59539,0.3236,-0.85672,0.37752,4.4049,0.23911,-4.2405,-0.13928
-0.59743,2.6743,-0.039396,0.70738,5.4596,-0.29087,-1.1671,-0.102
-0.25698,-1.625,1.326,-0.43976,-8.3927,-0.080675,-0.64992,-0.073986
-0.5462,-1.567,-3.9002,-0.97899,3.5425,0.20496,-5.2717,-0.057704
-0.58021,-1.3242,0.39692,0.89379,0.14913,-0.37843,0.35271,0.025727
-0.58558,-0.69237,1.2938,-1.1157,-2.5308,-0.0019391,0.65108,-0.044074
-0.7546,-2.2564,0.39112,-2.0197,0.20067,0.049138,-0.82724,0.043177
-0.76195,-1.6501,0.80011,-0.24541,-4.8314,-0.14929,2.0481,0.11054
-0.58861,2.1785,0.088063,-1.3287,2.0217,-0.0076314,-0.41655,0.10816
-0.56239,5.1702,-0.87663,1.5898,0.57052,0.026272,-0.092397,0.063986
4.5111,-0.30848,1.2325,-0.34644,-3.9063,-0.062931,1.3204,-0.027159
4.4736,1.6965,-1.1678,0.89233,1.0892,0.024783,-0.60822,-0.076614
4.4361,2.9664,0.1555,0.919,2.497,0.034487,-0.75128,-0.12081
-0.65935,0.73396,-0.89605,-0.013942,-2.4827,-0.011026,2.8367,-0.11439
-0.66265,-4.9418,1.106,0.71772,1.3612,0.034846,-0.75749,-0.10163
-0.93249,0.59207,0.77468,1.6673,-0.76035,-0.059786,1.1479,-0.064031
-0.70548,-2.0559,0.44738,-0.19234,-3.2389,0.0072636,0.68424,0.040524
-0.62782,-1.5464,0.40323,0.44665,-1.3773,0.046603,-0.78115,0.068634
-0.63279,-2.6423,0.57524,0.0056028,-3.123,-0.045771,1.6971,0.24034
-0.56465,-2.2278,-1.0383,-0.13293,1.5634,-0.027917,-1.079,0.26872
-0.51049,4.0676,0.22993,1.1905,2.6955,-0.03513,-0.18782,0.16331
-0.6505,0.55926,0.65053,-0.0095167,-5.6643,-0.052759,0.32473,0.10473
-0.62877,-6.586,-1.3188,-1.0838,-0.63715,-0.060428,-2.491,0.01037
-0.89087,0.93415,-0.83145,-0.3976,-0.45776,-0.23529,0.58113,-0.075884
-0.73102,1.5539,0.37395,-0.48225,-2.7438,0.011422,1.1977,-0.10511
-0.62233,-3.373,-1.4802,-0.63849,-4.7154,-0.0099289,-1.7484,-0.1065
-0.60193,-1.5536,-0.11553,0.18536,-4.3933,-0.069066,2.3701,-0.090438
-0.5934,-0.31013,-0.96689,-0.80963,-0.28575,0.019938,-1.0831,-0.061841
-0.4185,0.95209,-0.8448,-0.86047,-2.723,0.05338,-0.44669,-0.013068
-0.62323,-4.1902,-0.98625,-0.88649,-6.5744,-0.024529,1.362,0.076812
-0.60007,-1.1396,-1.5064,-0.57137,1.902,0.013469,-2.2082,0.11198
-0.59492,3.5648,-0.27304,0.71585,3.6162,0.077304,-0.68405,0.027211
-0.69078,-2.0905,-0.31669,0.25669,-8.1377,-0.11595,-0.31734,0.045343
-0.61014,1.3038,-0.87358,0.85818,2.1684,0.019649,-1.517,0.075765
-0.57036,2.6615,0.34695,1.9903,2.441,-0.26846,-0.8715,0.047655
-0.56019,1.5864,-0.16393,-0.75265,-3.3995,-0.040335,1.389,-0.019712
-0.35605,-0.81063,-1.1128,-0.71962,2.1165,0.0087011,-0.91512,-0.072039
4.5,-2.1763,0.14871,0.46244,-0.61001,-0.033911,2.0192,-0.064591
4.4715,1.721,0.39306,-0.41011,-1.443,0.015273,3.3903,-0.12079
4.4505,1.6224,-0.86661,1.3909,3.9758,0.21932,-1.7174,-0.086422
-0.75865,-2.0465,0.69246,0.13797,-3.4792,-0.066197,0.76162,0.022636
-0.69695,-1.6988,-0.51405,-0.20447,0.76961,0.060625,0.65988,0.067953
-0.62828,1.0149,0.4607,1.0425,2.3575,-0.040065,-1.4471,0.11782
-0.63684,-2.4732,-1.5657,-0.093657,-3.8553,-0.059299,0.41248,0.13094
-0.55713,-1.5736,-0.24254,0.59327,1.1275,0.019425,-1.0201,0.11583
-0.52588,0.87767,-0.29533,0.68838,1.4459,-0.12102,0.41848,0.26151
-0.58523,0.31393,0.96781,-0.39344,-2.3076,0.032683,0.52903,0.088664
-0.6325,5.6512,0.9506,0.85795,1.2606,-0.03755,-0.76657,0.015675
-0.58441,0.71089,0.83811,-0.22034,-4.656,-0.068059,0.41516,-0.11519
-0.72563,0.30384,2.5535,0.25909,2.8023,0.059059,-1.2675,-0.11507
-0.606,3.9005,1.6172,0.26764,4.6876,0.28284,0.1927,-0.15549
-0.60701,-3.097,1.0352,-0.92418,-5.3651,-0.079308,-0.62226,-0.078391
-0.60874,-2.2143,-0.97692,0.086685,0.69388,0.0085407,-2.7482,-0.073864
-0.38765,0.73124,-1.1897,-0.15997,3.9835,-0.096571,-0.347,0.024388
-0.53016,-2.1419,-0.42256,-0.18949,-2.4912,-0.035689,0.29419,0.092607
-0.60038,-2.7971,-3.0857,-0.98271,-2.1391,0.059464,-3.281,0.17825
-0.58886,0.60932,-0.2524,0.23673,-1.1955,-0.18607,2.0065,0.049675
-0.81478,0.82604,1.1893,-1.506,0.47314,0.0049148,-0.40308,0.12819
-0.62239,2.3853,0.10089,-0.26992,2.5982,0.098694,-0.60434,0.023828
-0.57661,-0.091535,1.6683,-1.072,-4.8174,-0.11717,2.219,-0.006667
-0.56114,2.8525,-0.47863,-0.33937,4.3419,0.2896,-0.56748,-0.042638
-0.18443,4.8695,1.0989,1.4705,7.119,0.57858,-0.27474,-0.076492
-0.58806,-1.0788,-0.49146,0.11432,-4.3179,-0.026287,1.4138,-0.14164
-0.55568,-6.2598,-0.14895,-0.5341,4.2037,0.30198,-2.0378,-0.084354
4.5069,-0.45254,0.64726,0.72121,2.4831,-0.059177,-0.078854,-0.11113
4.4887,-0.09718,-0.4206,-0.66131,1.2509,-0.035515,3.3929,0.0070596
4.466,-5.3623,-1.5235,-0.89209,1.7483,0.017127,-1.124,0.066201
-0.64588,-3.5597,-0.37527,-0.4703,0.4074,0.0095226,3.0923,0.09397
-0.64822,-0.39113,-2.0843,-0.83069,0.54876,0.038613,2.2176,0.18653
-0.39524,2.5072,0.67898,1.1189,2.5764,0.065682,-0.0010141,0.11142
-0.55857,0.52676,1.7104,0.087989,-2.4428,-0.041099,1.3942,0.04785
-0.66666,-0.072841,1.2752,0.57106,2.4889,-0.0048462,-0.73629,0.016649
-0.6362,2.4613,0.74066,0.91006,3.8397,0.12698,1.1966,-0.020491
-0.77295,0.022712,1.2473,0.047891,-2.7231,0.0071224,0.53658,-0.089586
-0.87177,4.3859,0.10354,0.92616,-0.30368,0.04487,-0.58282,-0.14118
-0.6078,-1.4913,0.64504,-0.2112,-1.1359,-0.13142,2.1806,-0.145
-0.61429,0.18549,-0.66418,-0.4146,2.8645,0.066901,-1.0561,-0.09791
-0.61709,5.5815,0.98152,-0.020172,4.7838,0.32247,0.44617,-0.020783
-0.47099,-2.7226,0.097372,-0.8537,-5.2417,-0.10803,0.34756,0.055249
-0.62268,-1.3301,-0.57028,0.72235,4.2254,0.2686,-2.1242,0.051135
-0.61385,3.155,0.017714,1.2127,5.4903,0.11916,-0.23945,0.24379
-0.60537,-1.2005,1.0888,-0.93249,-5.276,-0.011982,-0.1733,0.11166
-0.6815,-0.12147,-2.4468,-0.057746,2.1041,0.026664,-2.0913,0.10105
-0.63803,2.6246,0.20757,0.55514,1.851,-0.47354,-0.23352,0.038017
-0.58509,0.63825,1.4099,-1.0881,0.48739,0.011454,0.83244,-0.032562
-0.57797,1.0659,1.1094,-1.1564,2.0431,0.073409,-0.012638,-0.051789
-0.4762,-0.56428,1.3445,-0.69442,-2.6946,-0.089243,1.4697,-0.11502
-0.50469,2.3187,-0.71045,-0.94748,2.7503,0.090043,-0.36386,-0.09017
-0.57411,3.3935,-1.1657,0.3666,5.7312,0.50607,1.1556,-0.092628
-0.57556,-3.946,0.59501,-1.4203,-3.0409,-0.032544,2.1418,0.048434
-0.71656,-3.2636,0.022577,0.43614,4.6616,0.38054,-0.033412,-0.013311
4.5206,0.20549,-0.83553,1.0852,4.0815,0.20732,0.47682,0.12101
4.4971,-0.47704,-1.7774,-0.096277,-0.3774,-0.023489,1.5759,0.30274
4.4601,-5.5661,-0.52658,0.48027,1.7084,-0.041188,-1.4334,0.17214
-0.63144,1.2668,0.4653,1.1875,0.20211,-0.10074,1.9008,0.091707
-0.46823,1.5553,0.44762,-0.29573,-0.99201,0.011101,1.7005,0.06109
-0.70786,0.58778,1.4941,0.44679,2.0304,-0.046502,-0.43177,-0.02071
-0.65202,0.57869,1.7293,-0.16852,-0.65421,-0.11279,2.8818,-0.069532
-0.63171,-0.27931,-0.0091132,-0.19486,2.4846,0.06291,-0.48203,-0.077198
-0.79243,2.4519,0.10628,0.99207,3.7967,0.16013,1.2261,-0.097447
-0.61084,-2.0271,0.78801,-0.0030938,-3.2087,-0.052689,1.5858,-0.012678
-0.62232,-5.7005,-0.58559,-0.73687,0.83736,0.0033168,-1.4314,0.10088
-0.62595,-3.3204,-0.47482,-0.43967,1.11,-0.20084,1.1544,-0.011827
-0.36582,-0.27953,0.99334,0.19295,-2.7722,-0.023463,0.022182,0.087886
-0.53932,1.2143,-1.988,-0.4834,1.8262,-0.035573,-1.1683,0.18417
-0.62263,-1.7071,0.025011,-0.059313,-4.8267,-0.10268,1.203,0.11497
-0.61995,2.8824,-0.37224,-0.08873,2.9108,0.027767,-1.6219,0.059946
-0.80422,5.3999,0.60622,-0.30275,2.7805,0.091814,0.76526,0.055127
-0.62851,-1.764,1.3818,-0.91023,-7.0507,-0.1112,0.93661,-0.048966
-0.59487,1.604,-0.49676,0.57651,3.6812,0.17543,-3.8899,-0.090633
-0.5906,2.6617,1.1441,1.0762,4.9452,0.068191,-1.1184,-0.1185
-0.28508,-2.3166,0.11553,-0.034977,-8.477,-0.16437,-1.0807,-0.1057
-0.42904,0.1921,-2.5819,0.33953,3.1948,0.17509,-2.2558,-0.11076
-0.59621,-1.4489,-0.74341,1.5831,1.8868,-0.2931,-0.19765,-0.011559
-0.58069,-0.88444,-0.24167,-0.95486,-3.3483,-0.054248,0.73234,-0.075616
-0.66507,-4.205,-0.92826,-1.5175,0.70475,0.034069,-2.1025,0.037652
-0.66324,-4.7814,-0.69731,-1.0333,-2.1958,-0.12833,2.3985,0.17085
-0.71804,3.4772,-1.5132,-0.086245,-0.33478,0.028486,2.1125,0.070411
4.5182,5.0692,1.4348,1.6198,2.7599,0.092186,0.19144,0.12159
4.4707,0.26488,2.6886,0.0049927,-3.4902,-0.10968,3.1704,0.015529
4.4274,3.3557,0.020707,0.3693,2.4425,0.050575,0.054805,0.002484
-0.60487,3.8659,-1.0124,1.4891,3.2831,0.11949,-1.2287,-0.065029
-0.6506,0.92508,-0.55428,-0.12035,-4.2063,-0.082825,1.2192,-0.11663
-0.64571,-1.9679,0.68171,0.59605,2.4464,0.029167,-0.49191,-0.07199
-0.76009,1.7354,0.16744,1.5909,-0.12503,-0.13875,1.0105,-0.097812
-0.63425,-2.2797,0.52469,-0.22298,-3.939,-0.013157,0.68717,0.02541
-0.62307,-1.1439,0.31411,0.46918,-1.7012,-0.041079,-0.26326,0.14391
-0.62217,-1.4871,0.7953,0.26741,-4.1438,-0.12193,0.54055,0.25764
-0.36028,-2.6333,0.22669,0.31287,0.38693,-0.068103,-1.1718,0.27728
-0.55116,2.8736,0.19813,0.56537,0.93508,-0.04749,0.15095,0.20549
-0.62022,-0.75339,0.53519,-0.098538,-6.5161,-0.093061,0.07427,0.12245
-0.60943,-2.5188,-2.3006,-0.54091,1.9812,0.0021874,-2.0712,0.066444
-0.771,4.3869,-0.48676,0.59635,2.3783,-0.28973,-0.80275,0.0023867
-0.64215,0.54878,0.51636,-0.39936,-3.6523,-0.049948,0.37108,-0.051205
-0.59299,-2.7648,-1.1284,-0.76619,-2.4661,0.058629,-1.5398,-0.12926
-0.59271,0.54664,-0.084673,-0.10705,-2.1262,-0.26712,0.28739,-0.1213
-0.31273,-0.62871,0.34738,-0.77107,-1.1924,-0.024208,0.14246,-0.075422
-0.44792,-1.5331,0.042234,-0.63014,-2.1162,0.019861,-0.99185,-0.046167
-0.60012,-4.0361,0.080701,-0.45467,-3.9535,-0.12195,1.5815,-0.036651
-0.57944,1.4648,-1.2816,-0.58659,0.66229,-0.0024396,-0.021474,-0.044804
-0.90856,2.2967,0.33608,0.62448,4.0369,0.2494,-1.0616,0.11519
-0.70298,-0.53853,0.21315,-1.0769,-6.5495,-0.11588,0.42076,0.018109
-0.62249,0.26674,-0.57849,-0.37633,3.2752,0.12936,-1.1861,0.15192
-0.5606,4.4917,-1.2132,1.0705,3.4145,0.029237,0.47764,0.072967
4.5687,0.86459,-1.3205,0.050788,-3.7511,-0.024516,1.9731,-0.024093
4.4894,-5.3865,-0.3004,-1.4244,0.087825,-0.0037167,-1.9326,-0.030153
4.449,-0.89823,1.4335,0.89525,-0.034149,-0.096302,0.711,-0.092555
4.426,1.6162,0.60617,-0.71616,-1.598,0.033402,2.8649,-0.12512
-0.66173,-2.1903,1.5161,-0.16214,3.6997,0.25936,-2.0372,-0.092215
-0.75189,-1.7088,0.17543,-0.57056,-2.2049,-0.025896,2.7777,-0.077758
-0.68735,-1.3597,-1.3408,-0.65357,0.4488,0.026125,0.90334,-0.017887
-0.63207,0.93781,0.366,1.3245,2.0588,-0.0068292,-0.76163,-0.00141
-0.62486,-1.4104,0.79685,0.34101,-3.8685,-0.014639,1.068,0.18295
-0.37936,-2.0408,0.28904,0.34571,1.1293,-0.0004053,-1.9402,0.21374
-0.56243,-1.0656,-0.43963,0.16857,2.8893,-0.026133,0.30925,0.38663
-0.63086,-0.30187,0.17982,-0.1398,-4.5702,-0.044333,-0.25527,0.19638
-0.62528,6.3604,-1.1795,0.7026,2.0319,0.051961,-0.87484,0.043493
-0.89457,0.29671,0.23946,0.25204,-3.2715,-0.09695,1.3159,-0.0095389
-0.61765,2.4854,1.0295,-0.35591,0.94559,-0.028148,-1.646,-0.077539
-0.59907,5.9018,2.0415,0.24692,3.7306,0.15073,-0.15253,-0.096352
-0.59582,-2.7534,1.506,-0.71477,-6.7717,-0.081907,0.071193,-0.11641
-0.39782,-0.056439,-0.081249,0.25525,3.9009,0.23194,-4.3133,-0.072525
-0.45082,2.0214,0.36538,0.95135,5.159,-0.086984,-1.498,-0.037211
-0.5995,-3.9852,-1.2488,-0.93271,-7.4748,-0.19877,-2.1075,0.032979
-0.59689,-2.5875,-1.943,-0.51511,2.6005,0.060901,-3.9132,0.091585
-0.81487,1.4522,-0.77023,0.07806,0.6871,-0.30699,0.55707,0.048848
-0.76614,0.25327,-0.56216,-1.0256,-2.963,-0.0081063,0.33981,0.034683
-0.60124,-1.7646,-0.5604,-1.2953,-0.037277,-0.0037296,-1.0398,0.14854
-0.56635,0.3271,1.0048,0.17692,-4.1949,-0.17653,1.5197,0.018012
-0.55883,2.3454,0.79967,-0.58197,0.53331,-0.036581,-0.24661,-0.034777
-0.39058,5.3451,1.2553,1.6553,3.0025,0.14104,-1.3803,-0.047944
4.5077,0.92171,2.541,0.039374,-5.1901,-0.11912,1.3214,-0.058434
4.4747,-3.6216,1.7713,0.72393,2.3507,-0.021538,-1.8302,-0.13081
4.4502,1.2489,-0.43893,0.93922,2.4512,-0.07361,-0.56094,-0.085814
-0.89023,0.36457,-1.3512,0.31329,-3.839,-0.10871,0.65378,-0.071673
-0.71024,-5.6546,-0.72639,0.57125,-0.2356,0.046904,-1.5742,0.0032142
-0.64024,-0.77155,0.20346,0.75367,-0.91923,-0.071068,0.41979,0.057001
-0.63311,-1.0414,0.34178,-0.083958,-3.9955,0.0059544,0.76172,0.12734
-0.29551,-0.040602,0.88158,0.52827,-0.50557,-0.016885,-1.2098,0.11595
-0.5251,-0.50909,0.83391,-0.40409,-3.6698,-0.037819,0.59927,0.30527
-0.63972,-1.5681,-0.9616,-0.56846,2.3593,-0.051001,-1.7262,0.12047
-0.63197,2.2618,-0.57475,-0.18344,4.1608,0.063237,0.18746,0.038967
-0.77742,0.4375,0.56225,-0.053629,-5.6284,0.025194,0.31212,-0.08983
-0.64797,-1.9691,-2.2292,-0.25744,0.51195,-0.011097,-3.4718,-0.10095
-0.54633,-0.29203,0.35237,0.1034,0.42481,-0.16752,0.6276,-0.17309
-0.60139,-1.5437,-0.27382,0.20567,-2.3793,-0.0055457,-1.1847,-0.09937
-0.61235,1.7233,0.1195,-0.55975,-1.1201,-0.026499,-0.48917,-0.085619
-0.43085,-3.0936,0.57215,-0.53195,-6.0496,-0.060633,1.2692,0.0054776
-0.52482,-0.5376,-1.1886,-0.21412,3.1983,0.08643,-1.6857,0.11867
-0.5984,2.3312,-0.57091,-0.3185,4.5835,0.31779,1.0468,0.19965
-0.59751,-1.3052,0.49364,-0.84872,-8.3187,-0.075804,0.70897,0.033198
-0.72901,0.050147,-0.76829,0.28727,4.176,0.19553,-4.2312,0.14705
-0.60873,3.4492,0.7175,0.79013,3.9089,-0.1162,-0.83581,0.057342
-0.57251,0.00022229,-0.20102,-0.20347,-6.7375,-0.040681,-1.0862,-0.0053771
-0.56907,-0.5745,-1.8423,-1.0473,1.3935,-0.018945,-4.3416,-0.048625
-0.35688,1.7729,-0.072724,-0.029659,-1.0319,-0.12173,1.3609,-0.0946
-0.48522,0.97479,-0.57074,-0.39938,-2.4009,0.016826,0.31297,-0.13274
-0.55825,1.8815,2.6281,0.50363,2.2663,0.092424,-1.2181,-0.12707
4.5128,-2.4774,0.43476,-0.43831,-2.3032,-0.069188,1.2239,-0.06627
4.4942,-0.87414,-1.5664,0.46952,0.14698,-0.018111,-0.59346,0.059873
4.4704,2.0131,-2.2249,1.798,2.5971,0.027915,-2.4102,0.069973
-0.64476,-0.56863,0.637,0.25353,-4.2407,-0.16644,0.35914,0.16842
-0.64549,-1.8871,1.1611,1.1027,0.99073,0.0068465,-0.61792,0.13873
-0.55593,2.0262,0.94653,2.0377,-0.025325,-0.071441,-0.6942,0.14075
-0.60733,1.4188,0.29865,-0.20285,-3.9134,-0.0335,0.92292,0.044929
-0.64076,-0.30954,0.61005,-0.064368,0.19336,-0.0095631,-1.8398,0.010954
-0.62975,2.0848,0.53597,0.38459,-0.14659,-0.063804,1.6434,-0.041641
-0.83683,-1.1974,1.3613,0.17873,-0.91553,0.035648,-0.83146,-0.12585
-0.6606,4.6575,-0.24017,1.2055,2.2475,0.035077,0.36517,-0.14732
-0.56904,-1.8749,0.85665,0.0712,-6.0612,-0.0049874,0.14507,-0.10747
-0.60842,-6.3348,-0.38555,-0.66606,1.3891,-0.00034113,-2.1007,-0.037868
-0.6108,1.3919,1.39,0.20893,2.5218,-0.13097,-0.61994,-0.014163
-0.35937,-2.1285,1.5826,-0.92957,-5.0425,-0.057861,-0.10946,0.075303
-0.64901,-3.8526,-3.1227,-1.108,-2.8634,0.055664,-3.1433,-7.1428e-05
-0.60614,0.80842,-0.32603,-0.24851,-1.5466,-0.23837,0.99314,0.16421
-0.60033,0.57297,1.1661,-0.51402,-1.8773,-0.035066,0.24427,0.033637
-0.74023,-0.049779,-0.2967,-0.58715,-4.9933,0.054394,-1.6166,0.11862
-0.62631,0.52301,1.7096,-0.053218,-3.7053,-0.073167,2.2309,0.012706
-0.57858,1.7179,0.051825,-0.44849,0.57455,0.015825,-1.0593,-0.050913
-0.58229,2.2702,1.2058,-0.17159,1.5165,0.071727,-0.871,-0.060478
-0.39287,-1.0059,0.97883,-1.2227,-5.5917,-0.057502,1.4901,-0.088394
-0.45484,1.669,0.4605,-0.57537,2.9368,0.090293,0.1449,-0.10709
-0.57048,2.3979,-0.023889,1.6896,5.6507,0.37158,0.31413,-0.091825
-0.57082,-2.1915,0.25648,-0.55616,-4.3735,-0.00028337,1.2282,-0.030275
-0.84623,-8.3503,-1.1379,-0.7813,3.969,0.22986,-2.0374,0.064521
4.5348,-0.64002,-1.0259,1.1904,1.7564,-0.080688,-0.24459,-0.024823
4.5185,0.14978,-1.8549,-0.49768,-1.0739,0.054066,2.6741,0.26728
4.4727,-3.6012,0.13827,-1.0422,3.2572,0.16938,-2.4251,0.10865
-0.52108,-1.8291,0.90271,-0.76012,0.33169,0.041539,2.391,0.14849
-0.46682,2.3629,-1.1435,-0.44223,-1.2496,0.05388,1.3241,0.057463
-0.70781,1.52,1.5722,0.58118,3.3442,0.15025,-1.1161,-0.033195
-0.65081,-0.016231,1.5555,-0.55069,-2.096,0.017763,2.0061,-0.0606
-0.72872,-0.49721,0.38,0.13586,2.9636,0.073351,-0.90546,-0.089537
-0.7372,1.4464,-0.34465,1.2709,3.4234,0.061722,-0.35587,-0.10594
-0.60661,-2.3825,0.11529,0.07251,-3.7744,-0.0096593,0.93569,-0.039061
-0.62098,-4.6018,-0.97755,-0.075531,0.78728,0.002797,-1.4712,0.035024
-0.61968,-2.6958,-0.33991,0.15923,0.1949,-0.14348,0.6358,0.10877
-0.47073,-0.53764,-0.38964,-0.10042,-2.8708,-0.0054559,-0.94342,0.10675
-0.56928,0.62297,-1.2814,-0.25411,1.7422,-0.011982,-0.020049,0.25998
-0.62348,-2.9426,0.27415,-0.94792,-3.8817,-0.041259,1.5784,0.19444
-0.61433,2.9896,0.39021,-0.17548,3.7709,0.13778,-0.50081,0.0099558
-0.86732,4.7387,-0.38669,-0.67144,4.8916,0.36506,0.8784,0.066055
-0.66499,-0.76419,1.0413,-1.4403,-5.5901,-0.048235,1.3141,-0.021562
-0.58798,2.4688,-1.1936,0.136,5.1941,0.36573,-4.4132,-0.089343
-0.58963,3.3055,-1.0517,0.044943,5.852,0.2708,-0.37917,-0.088077
-0.36786,-1.7314,-0.18202,-0.62335,-7.6342,-0.058856,0.42815,-0.13271
-0.51857,0.079727,-2.8468,-0.80226,5.0086,0.32153,-2.1648,-0.11436
-0.57738,0.54417,-1.4657,1.0404,1.3285,-0.28628,0.39696,-0.078342
-0.58117,-1.3899,-0.017285,-1.5634,-1.0507,0.055074,1.93,0.016892
-0.69726,-4.2522,-0.021634,-2.232,2.087,0.055023,-0.49133,0.053788
-0.70089,-4.5773,-0.49712,-0.25806,0.38817,-0.052015,1.5728,0.17331
-0.55797,2.0393,-1.7202,-0.39937,2.3391,0.0095739,1.4442,0.17317
4.5313,5.0847,-0.75352,1.8151,4.7276,0.36809,-0.92705,0.036387
4.4941,0.61073,1.8867,-0.32145,-2.5806,-0.094896,4.9256,0.066201
4.4505,1.5003,1.2368,-0.29847,3.8368,0.21093,0.511,0.039283
-0.63001,3.2264,0.015504,1.5225,4.6859,0.25592,0.62503,-0.047263
-0.65434,0.79268,-1.0802,-0.031342,-0.42144,0.0066283,2.2,-0.10251
-0.74574,-2.6462,0.70887,-0.35495,2.1921,-0.041747,-1.4376,-0.1183
-0.79744,1.4073,0.41865,0.36139,1.1059,-0.084218,1.3374,-0.10891
-0.66996,-2.0723,0.092586,-0.03657,-0.80265,0.006731,1.0496,-0.063812
-0.62725,0.45978,-0.13026,0.27296,0.15399,0.025104,-0.21317,0.049407
-0.62017,0.14221,0.22645,-0.31843,-1.1519,-0.031813,2.17,0.05503
-0.41542,-4.4919,1.0514,-0.4237,2.8158,0.0067566,-1.0747,0.15477
-0.57796,1.4952,0.92708,-0.20451,3.312,0.039146,0.76099,0.27302
-0.62615,-0.47519,1.4316,-0.19791,-2.8462,-0.017174,0.99083,0.14094
-0.61079,-5.0254,-0.25652,-0.38313,2.7201,0.095074,-0.76192,0.11697
-0.73603,2.8781,-0.23279,0.43973,1.1406,-0.19265,1.311,0.044735
