tachometer_signal,underhang_bearing_axial,underhang_bearing_radial,underhang_bearing_tangential,overhang_bearing_axial,overhang_bearing_radial,overhang_bearing_tangential,microphone
-0.61116,-2.8366,1.0743,-0.23079,-1.2909,-0.14321,1.4631,-0.16301
-0.60605,0.85291,0.62916,0.57553,2.4814,-0.018317,-0.11812,-0.10414
-0.60709,4.8566,2.0806,-0.067682,2.5265,0.069167,1.579,-0.052398
-0.79521,-4.0557,-0.57745,-0.25668,-6.274,-0.0014,1.89,-0.016378
-0.64417,-0.86171,-0.21633,0.5155,5.2645,0.20592,-3.8671,0.016843
-0.58363,-0.076944,-0.50991,0.47645,7.698,0.24415,-1.6378,0.22849
-0.59293,-1.4409,-0.3654,-0.54766,-7.3205,-0.018753,-0.75976,0.13242
-0.24651,0.25898,-1.3114,-0.22689,-1.6716,0.069956,-2.6727,0.12941
-0.58468,1.2442,-0.49269,0.29024,0.82399,-0.26183,0.23347,0.091755
-0.58452,1.8323,0.71053,0.193,0.82465,0.028185,0.54958,0.012317
-0.57449,0.74156,-0.76921,-0.9985,2.2323,0.062396,-1.0523,-0.040959
-0.85655,-0.3219,1.9137,-0.35051,-5.2223,-0.091341,-0.39923,-0.096839
-0.61553,0.52762,0.56568,-0.98553,3.2079,-0.0040954,-1.9356,-0.10796
-0.54744,1.8541,0.22704,-0.36324,4.9617,0.10358,-0.68934,-0.10604
-0.55817,-2.3226,-0.41089,-0.37718,-2.1147,-0.0050837,-0.042891,-0.045291
4.532,-0.7725,-2.2786,-1.0432,0.83062,0.084915,-0.55748,-0.079145
4.5212,-4.8749,-1.0789,-0.076719,-1.4075,0.03267,1.0801,0.08516
4.4901,-1.0336,-2.1601,-0.50764,1.4335,0.015696,1.516,0.11132
-0.65109,1.8157,-0.76072,0.26741,4.758,0.19184,0.62982,0.15323
-0.66027,-0.38662,-0.35669,0.70917,-2.9237,-0.024079,0.032283,0.10796
-0.77687,-0.61012,0.49299,0.3093,0.34214,0.037304,-1.0749,0.096939
-0.58011,2.3828,1.0242,1.3971,0.93666,-0.08115,1.2586,0.037458
-0.62072,-0.09639,1.2797,0.33381,1.294,0.013251,0.28471,-0.042225
-0.61753,5.466,0.74846,1.0812,0.65144,0.041719,1.7069,-0.058993
-0.42116,0.53536,1.5498,0.60467,-4.4369,-0.000662,1.366,-0.16202
-0.6032,-6.4528,2.4524,-0.4248,3.6338,0.032767,-1.1981,-0.1377
-0.61339,0.72212,1.0856,-0.080817,4.7567,-0.009531,1.3365,-0.13079
-0.61579,-0.71869,1.511,0.24802,-2.2698,-0.020672,0.20562,-0.055026
-0.84825,-6.1774,-2.2843,-0.39336,-4.8246,0.087149,-1.2336,0.016989
-0.70345,-1.9057,-1.4611,0.95579,-5.4565,-0.021294,1.996,0.0051369
-0.58054,0.10769,-0.15789,-0.065723,5.0289,0.24178,-1.0053,0.12332
-0.5912,1.9312,0.099202,-1.5944,4.2208,0.15275,3.6089,0.11398
-0.22478,-1.1848,-0.75472,-0.79699,-6.2849,0.040545,2.4286,0.13934
-0.47466,1.4004,-1.8661,-0.70891,5.6688,0.22887,-2.4454,0.10003
-0.59487,3.1659,-0.49848,-0.38589,6.3379,0.033903,-0.23968,0.031738
-0.5858,-0.57595,-0.012396,-0.84186,-5.8515,0.029751,0.00090605,-0.035264
-0.6819,-0.68238,-0.13533,-1.1917,2.8503,0.063564,-1.584,-0.065686
-0.72608,0.98164,0.40363,0.38624,0.14496,-0.040181,0.57716,-0.095549
-0.61934,-0.98825,-1.383,-0.59056,3.9964,0.065515,-0.095679,-0.13634
-0.55811,0.72889,-1.2878,0.71361,4.5037,0.19786,0.59912,-0.024872
-0.60706,-2.2003,0.51829,-0.31441,-3.1733,-0.019286,0.21635,-0.024677
4.5302,-3.5572,0.11522,-0.19512,3.9918,0.12022,0.76108,-0.026454
4.5063,-4.0046,-0.79046,0.61968,3.9422,0.073075,-0.27419,0.17054
4.4728,-1.3164,-0.3729,-0.55333,0.75163,0.07373,1.7099,0.19558
-0.656,1.0382,-1.1375,0.17104,2.2076,0.045486,0.26806,0.042763
-0.76476,0.61944,-0.24538,-0.27964,-0.2439,0.044954,2.0334,0.11018
-0.64825,-0.53817,1.3357,-0.42558,4.1167,0.14396,0.82626,0.06917
-0.63211,3.0715,1.5333,0.015378,4.4258,0.11539,1.6827,-0.012654
-0.62556,0.86039,-0.1541,0.67131,0.043979,0.010216,1.3422,-0.063034
-0.42631,1.6366,0.58492,0.49765,-1.1516,0.036778,0.47878,-0.14182
-0.60589,-1.0519,1.4432,0.076634,-0.093268,-0.078975,2.6768,-0.15542
-0.62081,-0.35624,0.66217,1.1759,3.9714,0.1233,-1.3964,-0.067682
-0.62399,4.6679,0.50458,1.0082,4.2928,0.13337,1.7196,-0.025772
-0.85202,-2.5411,1.026,0.18395,-4.1368,-0.062976,1.9135,-0.0070077
-0.73018,-5.8044,-1.5859,0.24426,-0.15416,0.023384,-1.7477,0.10171
-0.58855,0.86818,-0.46807,-0.22205,4.9111,-0.37116,0.11943,0.016624
-0.59541,-0.50635,-0.041934,-0.24059,-1.6256,-0.047766,-1.6908,0.15893
-0.22311,-0.50313,-1.4596,-1.2569,-5.2556,0.032247,-0.76764,0.14854
-0.47234,1.2817,0.33216,0.059407,-5.6631,-0.1536,0.73714,0.076423
-0.58245,1.1904,1.1629,-0.0046353,4.1887,0.080076,-0.53206,0.030375
-0.58645,3.462,0.79824,-0.22353,3.2767,0.06067,2.3631,-0.050159
-0.75129,-1.7572,2.2943,-0.37915,-6.7429,-0.038211,-0.2047,-0.080411
-0.70891,1.857,-2.4106,-0.46044,4.1882,0.1027,-1.9487,-0.10032
-0.61883,2.3096,-0.038889,1.2376,2.7888,-0.42614,-1.3183,-0.11285
-0.56642,-2.7098,-0.61982,-1.1333,-2.6006,-0.0080742,0.47447,-0.055148
-0.56067,-0.68937,1.0604,-1.1083,0.95166,0.07416,-0.0088873,0.010564
-0.29262,-3.0554,0.010403,-0.29764,-0.63205,-0.027166,1.3754,0.029329
4.53,0.47831,-2.0294,-0.50633,1.2302,-0.01161,0.32779,0.11079
4.4985,2.2719,-0.90352,0.78272,4.8812,0.19752,-0.32725,0.24929
4.4539,1.6344,-0.74482,0.62083,-2.2329,-0.024112,0.72043,0.064935
-0.85624,0.45843,0.74995,-0.10023,-0.52839,0.035623,-0.25027,0.12018
-0.67034,1.5641,0.98652,1.2485,0.32625,-0.043762,0.87417,0.064692
-0.6417,0.080009,1.069,0.34256,-0.042544,0.011018,0.41087,-0.024117
-0.63162,3.7306,1.0817,1.3423,1.6918,-0.0044612,1.4302,-0.055781
-0.53352,0.7198,1.8063,0.52974,-3.7856,-0.040868,0.5648,-0.15345
-0.62932,-5.3713,0.74451,-0.038779,2.5079,-0.049185,-0.77269,-0.1269
-0.62495,-0.46393,-0.40544,-0.1136,3.7806,-0.17101,0.83843,-0.15106
-0.62229,-1.7775,0.29664,0.57988,-1.3073,0.038138,0.48158,0.04875
-0.86185,1.4239,-1.0299,-0.26808,-3.1822,0.026811,-0.2491,0.013047
-0.74101,-5.2321,-0.54379,-0.61175,-4.6411,-0.080598,3.2098,0.25935
-0.59722,1.6088,1.5014,0.19052,4.7272,0.15112,-1.7195,0.18436
-0.60045,5.5219,0.4769,-0.43986,6.199,0.39559,3.0089,0.041668
-0.17225,-1.4544,0.82561,-1.3805,-7.2114,-0.071088,1.9911,0.1296
-0.4929,1.1088,-0.98959,0.13235,4.2716,0.10183,-3.5131,0.081168
-0.66599,3.5425,-0.37276,0.26493,5.6297,-0.67844,-1.7439,-0.0052797
-0.59135,-0.13692,0.74901,-0.21947,-7.3087,-0.0020674,-0.49401,-0.055732
-0.7471,-0.058584,-0.16222,0.057737,-2.1847,0.019803,-1.5286,-0.086081
-0.82323,0.47598,0.71867,-0.087542,-2.5702,-0.18945,0.48969,-0.099686
-0.63695,0.59813,-1.0283,0.15301,0.31246,-0.004859,-1.4037,-0.10969
-0.57282,2.0709,-0.37654,0.13913,3.5389,-0.0052762,-1.0457,-0.081019
-0.5659,-1.2727,0.45845,-0.63042,-7.7036,-0.10085,0.41502,-0.028985
-0.43139,-4.4363,0.20469,-0.41011,2.0473,-0.014851,-1.0731,0.1305
-0.72221,-0.0014474,-0.087544,0.835,1.6231,-0.10146,-1.9427,-7.1428e-05
4.5274,0.43867,-0.85651,-0.71982,-1.9942,-0.068007,1.7012,0.13566
4.4868,0.40133,0.24009,-1.5078,-1.0577,-0.0006235,-1.1959,0.1105
4.4328,-1.0081,0.65276,0.031583,-2.061,-0.020781,1.0147,0.080803
-0.70003,-0.032132,-0.49611,-0.74955,-0.48516,-0.061051,1.5598,0.060773
-0.65017,2.6255,-0.84873,0.42025,1.4405,-0.055313,0.5719,-0.038817
-0.63437,0.59619,0.54268,0.71705,-3.3585,-0.020486,0.22723,-0.063131
-0.57407,0.35018,0.10507,0.85256,-2.7895,-0.039514,-2.4024,-0.1019
-0.55268,-0.55653,1.2647,0.88182,-1.5163,-0.17735,0.66269,-0.11548
-0.6655,-2.3705,0.58671,0.45108,-0.043205,-0.0045318,-0.9863,-0.068023
-0.63897,2.4775,1.0687,1.0719,1.5961,0.015555,1.1436,-0.026089
-0.90621,-1.6679,1.0396,0.28099,-6.4455,-0.074611,-0.11421,0.11458
-0.70336,-9.5323,0.35762,-1.1322,1.2424,0.023968,-2.6256,0.067612
-0.5479,-0.83558,-0.15989,-0.25885,3.8805,-0.26133,0.69042,0.22041
-0.60318,0.007325,0.76024,0.092884,-2.8153,-0.025992,0.13673,0.17
-0.4489,-3.2271,-2.0813,-0.45878,-6.9243,0.017583,-0.9746,0.030424
-0.40714,0.25192,-0.27318,0.40163,-6.4486,-0.020049,1.8684,0.11531
-0.60751,1.9519,0.80253,-0.37524,4.028,0.080154,-1.2348,0.037093
-0.60165,4.5445,0.77111,-0.65454,2.1655,0.012134,2.3896,-0.060989
-0.68209,-1.6242,1.0264,-0.69908,-7.4693,0.038581,0.95461,-0.074521
-0.76098,1.5828,-0.16978,-0.2349,4.8172,0.15992,-2.2315,-0.11057
-0.58692,1.7641,-0.2021,0.070455,5.2341,-0.15428,-1.2267,-0.11327
-0.5765,-2.1087,-0.82114,-1.4515,-6.2053,0.0010707,-0.25066,-0.073158
-0.5745,-1.7373,-1.6058,-1.2876,1.0413,0.056396,-1.1843,-0.056049
-0.31977,-0.41115,-0.85885,-0.65623,-0.95633,-0.0017979,0.70167,-0.010926
-0.51486,-1.083,-3.1152,-0.38756,1.3305,0.0061726,0.53212,0.22486
4.7234,3.4508,-2.3358,0.63458,2.4805,0.035667,-0.66055,0.031495
4.5203,-1.8245,-0.59756,-0.38393,-3.3522,-0.026114,0.40068,0.12196
4.4819,0.040482,-0.40958,0.054211,2.8206,0.062608,0.38351,0.12709
4.3487,1.12,-0.67962,1.5647,2.355,0.0054988,-0.99391,0.054226
-0.65559,2.0025,0.36532,-0.022497,-2.301,0.051146,0.85068,0.0046014
-0.64281,1.4584,1.1125,0.74437,1.5204,0.064681,-0.39268,-0.067804
-0.474,0.96849,1.2495,0.095388,-2.0838,0.024058,0.89035,-0.10755
-0.6053,-2.4778,0.535,-0.13717,2.5727,0.062756,0.077346,-0.11302
-0.63628,-0.31101,0.38783,0.081104,4.2552,0.047347,0.76465,-0.070895
-0.63573,-1.7553,-0.36267,0.63601,-2.1797,0.060137,-0.12083,-0.069775
-0.75107,0.14185,-0.58231,0.48966,-3.3082,0.069699,-0.39292,0.012122
-0.69619,-3.2283,0.67715,-0.23876,-1.6568,-0.065415,2.651,0.25531
-0.55925,0.65625,0.1488,0.73615,4.0841,0.075783,-1.1531,0.13359
-0.60795,5.2755,0.65581,0.31185,5.7894,0.35892,1.9421,0.16754
-0.61126,-1.0554,0.47898,-0.57831,-6.1535,0.011435,1.4735,0.087302
-0.45228,-0.63523,-1.6768,0.23057,3.8211,0.037015,-2.7914,0.04179
-0.57104,3.9553,0.9766,0.83667,6.15,-0.21479,-0.61886,0.045294
-0.59799,-0.46451,1.1046,0.060178,-3.954,-0.035509,-0.6576,-0.031954
-0.59172,0.86512,-1.399,-0.92754,-3.9287,0.06506,-0.22281,-0.064615
-0.66624,0.059825,0.86391,0.6224,-3.433,-0.1066,0.49718,-0.11981
-0.62527,-0.065237,-0.17064,0.11952,3.5413,0.050973,-0.6331,-0.13719
-0.57762,2.2793,-0.17722,0.018802,3.8793,0.10974,1.2464,-0.099759
-0.58139,-2.4225,1.6325,-0.066725,-5.6167,0.0086049,0.13998,-0.036943
-0.2587,1.025,-0.71565,0.3327,2.8998,-0.022058,-1.19,-0.051984
-0.54104,0.91183,-1.8468,0.96567,3.3297,-0.099427,-0.88372,0.058778
-0.57129,-1.4744,-1.1048,-0.9322,-0.21801,0.060631,1.5873,0.13761
4.5347,2.2582,-0.063807,-0.35628,2.2929,0.042168,-0.30059,0.031105
4.5022,-1.0623,1.4566,0.35198,1.3603,-0.035239,1.4642,0.15786
4.4612,-0.1818,-0.71579,-0.49875,2.234,0.024174,0.72425,0.081728
-0.6666,1.9513,-1.2022,0.24076,4.6839,0.20556,0.86708,0.021005
-0.65742,1.8104,-0.52077,0.49294,-0.28487,-0.0071373,1.5239,-0.0569
-0.54973,0.28348,0.10665,0.38149,1.8475,-0.014639,-1.0495,-0.099978
-0.59105,0.66105,1.0735,0.45332,1.286,-0.014004,1.707,-0.080678
-0.68403,-3.5321,-0.36862,0.53154,2.4616,0.051904,-0.026117,-0.091704
-0.64046,0.62239,-0.053028,1.1247,3.7598,0.063205,2.0862,-0.089903
-0.82582,-1.3968,1.432,0.7052,-3.5529,-0.014511,0.83163,0.05189
-0.71147,-7.2098,0.83287,-0.80339,-0.92424,0.039999,-1.1994,0.12218
-0.58967,-3.1355,0.039273,-0.068928,1.8582,-0.16354,1.9562,0.29283
-0.61611,0.52421,2.1968,0.35542,0.34232,0.026619,0.06876,0.1396
-0.61504,4.6703,0.24805,-0.37491,0.4975,0.013277,2.3263,0.038918
-0.37786,-2.1976,1.5341,-0.092147,-5.9515,0.022069,3.1866,0.12103
-0.65333,2.2491,1.5392,0.77415,5.3389,0.24866,-2.5766,0.036265
-0.61092,6.1254,1.1978,-0.1307,7.0607,0.54745,1.5382,-0.042176
-0.6114,-2.3652,0.61144,-1.3766,-6.9499,-0.018214,1.0199,-0.081603
-0.72636,0.59362,-0.23831,-0.21301,4.2399,0.14464,-2.2739,-0.10774
-0.64192,0.49872,-0.49429,0.89808,4.3565,-0.50314,0.046521,-0.14688
-0.58417,-1.8628,1.2394,-1.0092,-2.2508,-0.065164,-0.62691,-0.089221
-0.59346,-1.6938,-0.044966,-0.8505,-0.26649,0.072215,0.33795,-0.071114
-0.23657,-1.9475,0.29234,-0.22733,-2.4533,-0.057316,0.76639,0.077591
-0.42403,0.70951,-0.68223,-1.4718,3.8163,0.09775,0.29276,-0.0037464
-0.59439,3.43,-0.99953,0.27983,5.8765,0.39423,1.3744,0.11334
-0.58688,-1.0439,-0.42247,-0.66896,-2.8464,-0.029695,1.2771,0.11765
4.5257,-2.4995,-0.38991,-0.9288,3.199,0.012584,-0.048189,0.04179
4.4867,-0.76895,0.60586,0.15747,0.83318,-0.10568,0.70686,0.093313
4.444,2.1659,-0.76938,0.097816,-0.33583,0.025733,2.5619,0.014385
-0.66286,3.3905,1.705,0.94451,4.2892,0.20848,0.34541,-0.067585
-0.35897,0.94795,1.0317,0.28443,-1.1772,-0.037332,1.3905,-0.10813
-0.53636,-2.3939,1.2759,-0.32063,2.3304,-0.045918,-0.073472,-0.11728
-0.67344,1.1547,0.71888,0.80374,3.2261,-0.036876,1.3808,-0.081141
-0.65335,-2.2805,0.76452,0.21038,-0.31325,0.039704,1.5331,-0.041616
-0.79317,1.6886,0.44546,0.42533,-0.79191,0.060157,0.69197,-0.00674
-0.75162,-0.64522,1.0292,0.76931,-4.1677,-0.060152,0.80121,0.17095
-0.62602,-6.2302,1.7956,0.52728,3.8756,0.098187,-1.9463,0.19008
-0.6189,1.1554,-0.17633,-0.045588,4.0062,0.024187,1.2721,0.2775
-0.61421,0.26639,0.94199,0.55587,-3.6852,-0.042151,0.27033,0.012511
-0.38972,-6.4446,-2.1971,-1.039,-3.8544,0.034268,-2.5532,0.11047
-0.53181,2.0806,-0.42741,-0.46429,-0.41005,-0.21435,1.0189,0.028307
-0.61511,1.6422,-0.18246,0.44484,1.4055,-0.042305,0.30001,-0.035605
-0.61421,2.9875,0.4088,-0.55781,-3.4598,0.052398,0.31772,-0.077101
-0.74629,-2.409,1.5512,-0.51402,-7.1223,-0.037409,1.5541,-0.1398
-0.57647,0.58329,-0.56165,0.25585,4.9073,0.21653,-1.2717,-0.12018
-0.58522,1.3417,0.35129,0.073107,5.6472,0.32428,1.421,-0.085181
-0.58626,-4.2262,0.15056,-0.93127,-7.4405,-0.054023,0.42234,-0.013287
-0.34954,0.88462,-2.5713,-0.78525,3.4996,0.063949,-3.5543,-0.056754
-0.55018,0.029956,-2.2072,1.1024,2.7802,-0.20886,-0.58138,0.13673
-0.58274,-0.39189,-1.2834,-0.76426,-2.2154,0.01612,0.11787,0.094554
-0.58037,1.5532,0.012639,-0.088942,1.1365,0.06626,-0.0099533,0.11502
-0.60931,-1.9263,0.019744,-0.38856,-1.1985,0.016421,0.82872,0.11495
4.5138,1.4565,-0.035323,-0.55011,2.3319,0.025682,0.94389,0.027138
4.4723,3.0519,-1.6492,0.94309,4.3642,0.14728,-0.0026517,0.0081304
4.4337,1.8516,0.22074,0.72124,-2.171,-0.052137,0.68726,-0.076225
-0.36327,-0.43588,0.18047,0.33115,0.54794,-9.0845e-05,-0.10099,-0.10553
-0.54405,-0.29387,0.87023,0.38714,0.71981,0.0040356,1.0098,-0.13846
-0.60883,-2.3298,0.29238,0.3997,-1.0507,0.0024505,0.42625,-0.097885
-0.6456,1.0678,0.57766,0.95381,1.8526,0.039178,1.119,-0.083453
-0.63614,-0.3893,1.4166,0.85926,-3.3419,-0.076267,1.0393,0.015992
-0.7378,-4.0521,0.70846,0.60977,0.083432,-0.036902,-1.24,0.094944
-0.63269,-2.3375,-0.18288,0.25447,3.1927,-0.050674,1.5826,0.25813
-0.62272,-0.00059972,0.93467,0.28756,-0.9575,-0.03488,-0.20032,0.17438
-0.61074,7.2633,0.6829,1.0858,0.98883,-0.0069768,1.075,0.071409
-0.39412,-0.42077,2.0936,-0.031188,-3.4119,-0.0053468,2.5898,0.081266
-0.57494,2.3672,1.5484,1.0757,4.2543,0.1283,-1.8284,0.038163
-0.60856,6.2437,2.7242,0.54371,6.4476,0.34474,0.58081,-0.038842
-0.6052,-0.98676,1.2666,-0.6241,-6.9909,-0.0073105,0.78086,-0.077977
-0.84355,-1.0056,-1.7428,0.10629,0.6918,0.0098627,-2.1836,-0.13417
-0.61094,1.5185,-1.6083,0.61249,3.5666,-0.85567,-0.14983,-0.1193
-0.58403,-1.7809,-0.267,-0.68848,-2.1923,-0.091559,-0.9667,-0.082747
-0.58669,-1.6952,-0.56552,-0.69704,-3.9513,0.065047,-0.30403,-0.038185
-0.41416,-3.279,0.17037,-0.32111,-4.2999,-0.092516,1.6725,0.068999
-0.55589,0.94028,-2.4995,-0.59589,2.6767,0.011037,-0.063859,-0.0074458
-0.57534,2.7254,-0.42833,0.49382,5.2856,0.28886,0.69856,0.10035
-0.57813,-1.4561,-0.4288,-0.12549,-6.3247,-0.06125,0.41736,0.074256
-0.91176,-0.81707,-1.0446,-0.29358,3.5278,0.095498,-1.4993,0.136
-0.6814,2.0905,-1.6805,0.68885,0.71031,-0.090578,-0.54158,0.071628
4.5007,1.9319,-0.65249,-0.38148,-1.6189,0.016338,1.4557,-0.0015317
4.4573,3.0833,-0.44353,-0.16259,2.8177,0.0076743,-0.049063,-0.11061
4.4278,0.28547,1.6154,0.44603,-1.088,-0.052496,1.7517,-0.083891
-0.4544,-1.4862,0.048883,-1.1268,1.4991,0.019842,1.4282,-0.12395
-0.71109,0.68594,-0.062715,0.25861,3.3181,-0.022212,1.0156,-0.1158
-0.65481,-1.9676,-1.6462,0.13088,-0.90441,0.025002,2.1126,-0.06094
-0.65276,0.55072,0.23082,0.69274,-0.11556,-0.022674,-0.64354,-0.047555
-0.91459,-0.16666,0.062515,0.56163,0.23351,-0.054222,1.2559,0.15542
-0.66579,-4.0464,0.39371,0.78046,2.3303,0.0045105,-0.66096,0.15304
-0.62441,1.1537,-0.75642,0.95661,4.0146,0.1373,1.5094,0.35049
-0.61523,-0.019455,0.26448,0.66086,-4.2597,0.011108,0.57748,0.11373
-0.31292,-7.3424,-0.86657,-0.67028,0.1778,0.032356,-0.43377,0.13408
-0.59084,0.94383,1.2034,-0.43492,3.2311,-0.18363,0.60754,0.056928
-0.6191,1.8515,2.3795,0.12596,1.041,0.040846,0.28855,-0.0054258
-0.61734,1.609,0.17176,-0.76847,-2.1679,0.017615,1.2155,-0.052106
-0.88841,-1.4776,1.4086,-0.31899,-5.9158,-0.00093795,3.0301,-0.12047
-0.5921,1.0442,-0.45463,-0.01179,5.6752,0.34654,-0.10967,-0.11329
-0.58942,2.5928,0.55787,-0.73257,5.7673,0.42254,2.8358,-0.071552
-0.58858,-4.5441,0.31165,-0.93954,-7.6318,-0.028565,0.43915,-0.001556
-0.46531,-1.5403,-0.72106,0.057436,4.3074,0.19614,-2.852,0.025848
-0.32374,0.094799,-1.3722,0.66637,4.5738,-0.2281,-0.35213,0.072334
-0.63214,-0.81517,-1.0086,-1.004,-3.8149,-0.043743,-0.66065,0.014069
-0.58974,-3.0198,-0.74379,-1.042,1.238,0.06264,-0.46752,0.040524
-0.66651,-0.37103,0.10538,-0.34466,-2.6643,-0.026723,0.7758,0.13471
-0.75358,1.4003,-0.16773,-0.97103,1.1991,-0.033398,0.29187,0.10453
-0.59909,4.3494,-0.085765,0.46067,4.847,0.22335,-0.48098,0.0084468
4.4887,1.6861,1.6111,-0.20407,-5.0475,-0.12519,0.32356,-0.04534
4.4523,-1.9949,-0.18888,-0.2365,1.4675,-0.014639,-0.79653,-0.084719
4.4239,-1.2955,0.5463,0.79331,-0.66087,-0.074611,1.2664,-0.13208
-0.62501,-0.029377,0.41888,0.13448,-1.8649,-0.022642,1.5923,-0.096157
-0.66195,1.5868,1.1107,0.97872,1.4135,-0.046862,0.18783,-0.092458
-0.6581,-0.71485,1.6047,0.59878,-3.6623,-0.11142,0.42383,-0.041421
-0.87549,-2.1085,1.6237,-0.1284,0.98476,-0.01299,-0.2447,-0.0008259
-0.67888,-0.51428,0.52111,0.41455,2.9511,-0.14962,0.31808,0.18319
-0.63146,-1.562,-0.66156,-0.34172,-1.2045,-0.0041531,0.39608,0.22873
-0.61725,5.4731,-0.69778,0.57717,-0.79725,0.05037,1.098,0.20571
-0.3927,0.76875,1.198,0.72851,-3.4687,-0.053651,1.5163,0.16384
-0.57016,0.93443,2.6347,0.75241,2.0127,-0.048922,-1.6057,0.059751
-0.6228,5.9023,3.3412,0.67716,4.7892,0.15902,0.16387,0.011343
-0.62105,-0.34883,0.92328,-0.10676,-5.5523,-0.033167,0.50759,-0.081701
-0.93533,-3.1357,-0.61321,-0.32435,-2.7888,0.072459,-1.7739,-0.078099
-0.65207,1.2316,-0.80903,0.18092,2.2364,-0.54807,-0.70433,-0.13556
-0.58533,-2.2719,0.77369,-0.15325,0.54376,-0.020486,-0.78211,-0.092482
-0.59283,-0.096499,-0.93586,-0.81201,-5.5757,0.0023029,-0.2826,0.022831
-0.59382,-2.8875,0.74895,-0.38356,-6.8996,-0.013734,1.7049,0.032517
-0.51197,0.054276,-1.582,-0.30269,3.6036,0.041924,-2.7969,0.063499
-0.51812,2.5224,-0.69323,-0.84172,5.5078,0.27959,0.35153,-0.010172
-0.58647,-1.3755,-1.144,-0.53785,-8.5795,-0.094152,-0.065952,0.044321
-0.61374,-0.23299,-3.4861,-1.6571,4.1319,0.15335,-3.1098,0.0013888
-0.74312,2.9518,-1.3479,0.81199,-0.53529,-0.083621,-0.15737,0.085184
-0.55233,0.50083,-1.0577,-0.09435,-0.75381,-0.038147,0.060809,0.018742
-0.64172,3.7691,-0.056992,0.57709,0.56128,-0.0061618,0.14289,-0.028328
4.481,0.038382,1.3586,-0.13049,-3.0269,-0.0184,1.2516,-0.060137
4.4479,-1.1575,-0.040321,-0.9684,2.9757,0.0302,0.91789,-0.11974
4.4221,-0.80522,-0.30315,0.48441,2.9286,-0.055249,-0.4388,-0.11207
-0.65677,-0.83936,-0.59925,-0.55239,-0.87002,-0.017784,1.8086,-0.076492
-0.6498,0.65635,0.56372,0.18646,-0.40217,-0.025562,-0.53111,0.0074246
-0.88571,-1.2932,-0.094315,0.28809,-1.7868,-0.055089,1.2621,0.047728
-0.69232,-3.3624,-0.45767,-0.33534,1.7518,0.031888,-0.41593,0.067807
-0.63095,0.87482,-0.64094,0.57078,3.2228,-0.085367,0.68141,0.36142
-0.62948,0.0055333,0.001101,0.75797,-3.3132,-0.023624,0.83536,0.12152
-0.46732,0.35109,-0.011625,0.29889,-3.6543,-0.0083309,-1.9514,0.12315
-0.58019,-1.3176,0.69714,-0.2986,-0.042518,-0.1854,1.6239,0.047972
-0.62042,3.5702,1.1433,0.32409,1.8587,0.057712,-0.082187,-0.025553
-0.61693,4.7942,1.9826,-0.21365,1.0412,0.084453,1.2516,-0.1159
-0.98253,-2.5037,1.6355,-1.0709,-6.6687,0.0079888,2.0319,-0.12371
-0.62876,0.1427,0.59159,1.1392,5.0994,0.20499,-3.6989,-0.10202
-0.58984,1.9863,-0.20731,0.010773,7.0246,0.26273,-1.4826,-0.047555
-0.59431,-4.0951,-0.21617,-0.8407,-7.6801,-0.10891,-0.41162,0.013095
-0.58467,-1.8564,-1.3274,-0.34652,-1.1592,0.0055116,-2.7845,0.03573
-0.36921,-0.51634,-1.1435,0.64288,2.5267,-0.64414,0.61859,0.11162
-0.65186,-0.96389,0.87714,-0.15557,-2.1494,-0.038731,-1.2066,0.11704
-0.59146,-0.70118,-1.9137,-1.8887,-1.6303,0.027171,0.16001,0.033588
-0.59058,-0.031034,0.93907,-0.30256,-5.0546,-0.037319,1.3024,0.021127
-0.66662,2.7996,-1.322,-0.7248,2.8517,-0.048171,-2.4875,0.024072
-0.59008,4.003,0.29343,0.76575,5.3311,0.23921,0.55902,-0.014723
-0.56535,0.37754,0.6988,-1.3252,-5.3504,-0.063778,0.63065,-0.10572
4.4794,-2.0799,-1.4662,-1.1934,2.5481,0.06137,-1.3271,-0.057095
4.4799,-2.6309,-0.42217,0.17112,-0.88205,-0.045379,0.20106,-0.12889
4.455,0.032962,-1.4193,-0.59349,0.72869,-0.015711,1.2084,-0.11709
4.2378,1.9444,0.84059,0.9179,1.8284,-0.0070795,0.24176,-0.060137
-0.66572,-1.3907,1.1414,0.42495,-2.2608,-0.0086197,0.69368,-0.011997
-0.84356,-3.3295,0.51576,0.029798,0.6188,-0.05627,0.46137,0.15116
-0.76855,0.023964,0.14783,0.96037,2.1837,-0.063675,0.63271,0.064813
-0.6331,-0.87829,0.30994,-0.12916,-1.7733,0.0048699,0.14918,0.091707
-0.63423,2.3359,0.32058,0.44034,-1.1871,0.054195,0.36078,0.21688
-0.47562,1.5038,0.90181,0.53635,-3.2733,-0.10138,1.1998,0.1031
-0.46847,-3.6852,2.083,0.29353,2.9418,-0.044596,-1.6398,0.042642
-0.63721,3.8954,1.3683,-0.00014565,3.4571,-0.073488,1.1205,-0.073547
-0.6274,0.67169,1.5953,0.40649,-3.4618,-0.081452,-0.13463,-0.11098
-0.71251,-6.6966,-1.1473,-0.093368,-1.9555,0.050396,-0.87455,-0.12595
-0.61813,0.51443,0.55935,0.38364,-1.6999,-0.20519,0.9126,-0.12558
-0.58455,0.0055526,-0.44475,-0.081235,1.6002,-0.038365,-0.65563,-0.087931
-0.59784,2.3595,-1.7745,-1.4492,-1.3827,0.035725,0.95312,0.020567
-0.59511,-2.4259,0.41296,-0.29139,-6.9319,-0.035509,2.3273,-0.0062289
-0.33577,-0.66761,-2.8706,-0.11086,4.809,0.16612,-2.7945,0.1177
-0.54194,0.85157,-0.33306,-0.51757,5.8089,0.33572,0.99283,0.10001
-0.60166,-2.1394,-0.5217,-1.4405,-8.3032,0.018064,0.2575,0.15452
-0.58986,2.6729,-2.2675,-1.1294,4.6193,0.22034,-3.8159,-0.024044
-0.65081,3.0852,-0.53036,0.72761,1.8616,-0.18639,0.003539,0.079148
-0.57671,1.3915,-0.25547,-0.78177,-1.1251,0.03724,1.2092,-0.0049147
-0.56458,1.6322,-0.60334,-0.92293,2.0653,0.094728,-0.44304,-0.051303
-0.56704,-1.4609,0.14445,-0.25506,-1.2876,-0.034822,2.094,-0.08669
4.4863,-0.75221,-1.0365,-0.9389,3.3743,0.024212,0.23309,-0.097812
4.4884,0.92981,-1.5525,0.87847,4.3754,0.16812,-0.25486,-0.10222
4.4675,-1.0597,-1.1418,0.38879,-2.4007,-0.019292,1.2084,-0.058117
-0.68963,-2.2181,0.17576,-0.32563,1.0183,0.029609,-0.7361,-0.0052067
-0.80127,-2.6885,-0.65905,-0.15087,1.1802,0.04023,0.67709,0.070362
-0.82359,-2.2731,-1.5153,0.22724,-0.71862,0.027999,0.66768,0.1343
-0.63477,1.2683,-0.25059,1.0246,0.90886,0.036476,-0.31036,0.11609
-0.63714,0.3078,0.99717,0.67638,-1.8061,0.01911,0.86988,0.12245
-0.35278,-1.5614,1.0149,0.40033,-0.33171,0.016306,-1.1207,0.18339
-0.54823,1.3555,1.2281,0.48606,2.2024,-0.13868,1.6738,0.044248
-0.58081,2.0584,1.8066,0.44799,1.3475,0.020464,0.096496,-0.0367
-0.62145,5.6921,0.91252,0.81547,0.37216,0.083375,0.97516,-0.13018
-0.7701,-1.7963,1.0254,0.35446,-4.6074,-0.00070051,1.7235,-0.11974
-0.78454,-0.85295,1.9419,0.64327,4.4316,0.19533,-1.8832,-0.1278
-0.65339,2.2899,1.9744,0.42578,6.2654,0.30463,0.31357,-0.083599
-0.60045,-2.0504,0.68623,-0.057033,-6.3873,-0.041914,-0.86047,-0.067804
-0.58812,-0.85618,-2.1378,0.21244,-3.9401,0.070219,-2.3192,0.014945
-0.39273,0.30465,-2.0586,0.3258,1.3766,-0.59898,-0.31555,0.087521
-0.57257,-1.8669,0.6022,-1.3283,-1.1644,-0.034431,-0.68393,0.10957
-0.59149,0.22418,-1.8867,-0.86954,-5.2055,0.045711,-0.27883,0.12293
-0.58185,-0.41678,0.46014,-0.36739,-4.2871,-0.012573,1.5813,0.046633
-0.74343,3.5475,-0.35114,-0.90408,2.1634,-0.055551,-1.233,0.027333
-0.62048,4.976,-0.92217,-0.1767,6.291,0.3672,0.043252,0.024534
-0.56561,-1.2307,-1.2572,0.0089749,-5.8408,-0.065415,0.73343,-0.023022
-0.57159,-0.98688,-2.6486,-0.23641,3.3191,0.083484,-0.37014,-0.076322
-0.30091,-0.31722,-0.72825,0.79071,-0.12939,-0.097451,-0.65883,-0.1229
4.5128,0.68334,-0.28076,-0.42521,-0.15646,0.041527,0.67884,-0.11806
4.494,2.5266,-0.40492,0.91681,2.1534,0.029077,0.42658,-0.075105
4.4747,-2.949,0.39839,0.24888,-2.1098,0.02049,0.99703,-0.014893
-0.92482,-3.2141,0.0433,-0.70729,2.0013,-0.0014193,0.57798,0.12327
-0.86396,-1.0971,-0.04036,0.58939,3.5727,0.054092,0.46857,0.1353
-0.60809,-0.856,-0.4378,-0.32581,-1.3103,-0.029111,1.1164,0.15864
-0.63818,2.8988,0.62891,0.6272,1.03,-0.002844,0.65149,0.04196
-0.26604,1.1513,0.5755,0.46407,-1.4406,0.015626,1.6497,0.083529
-0.48225,-3.4896,1.72,-0.044579,3.5653,0.096255,-0.27676,0.1425
-0.68149,3.2541,0.59707,0.18703,4.2431,0.081399,1.1528,-0.034315
-0.62361,1.104,0.62107,0.57841,-2.6144,-0.034007,0.40559,-0.089172
-0.9864,-3.372,-1.5654,-0.0070695,-3.7752,0.063577,-0.71621,-0.10373
-0.72417,-1.4791,0.56559,-0.027469,-1.2839,-0.076632,2.1195,-0.12376
-0.6461,0.97173,-0.29256,-0.15489,3.9984,0.16189,0.56864,-0.1122
-0.60307,3.1754,0.67015,-1.0613,3.5053,0.10666,3.0935,-0.01482
-0.58928,-2.1412,-0.39928,-0.49856,-5.697,0.047886,1.8847,-0.026819
-0.38696,-1.8936,-1.2985,0.5687,5.0345,0.21536,-3.3421,0.1141
-0.52519,-0.39562,0.087684,-0.42095,6.5332,0.045422,-0.76339,0.17801
-0.60001,-2.4496,-0.127,-0.67735,-8.0728,-0.0037488,-0.34627,0.16139
-0.59644,1.1085,-0.80441,-0.12521,1.2046,0.021825,-2.7936,0.15681
-0.66895,1.5647,-1.3978,0.70144,0.91535,-0.23598,-0.26664,0.078783
-0.59918,2.0716,0.86991,0.13933,-0.81408,-0.039976,-0.45436,0.0017539
-0.56826,2.4274,0.23682,-0.42212,2.5171,0.016768,-0.25332,-0.042687
-0.56544,-0.17175,1.5622,-0.04018,-5.8894,-0.044853,-0.86198,-0.06116
-0.32395,0.94056,-0.18381,-1.0419,4.1825,0.13638,-1.2562,-0.09808
-0.46231,0.67885,-0.47835,0.31969,3.5945,-0.007118,0.6981,-0.10448
4.5077,0.32527,-0.3169,-0.20682,-2.3094,-0.065293,0.89601,-0.10336
4.4907,-1.9352,-0.096955,-0.6117,0.26918,0.038241,0.019722,0.014921
4.463,-3.4141,0.51313,-0.016318,-0.89124,-0.052586,1.2188,0.039575
-0.83107,-1.9998,-1.4489,-0.57053,0.19605,0.025245,0.30205,0.15219
-0.65812,-0.047423,-1.4837,0.54334,2.0166,-0.076889,0.53475,0.18273
-0.64678,-0.7207,0.36926,0.70266,-3.0441,-0.036099,0.73991,0.12965
-0.65022,-0.22111,-0.22445,0.43073,-0.81213,0.01843,-0.40204,0.012219
-0.46766,1.268,1.552,0.87684,-0.82805,-0.13247,0.80229,0.061114
-0.64928,1.332,0.86937,0.8533,1.5493,-0.028366,-0.60189,-0.016402
-0.6392,5.933,0.93751,1.463,1.9033,-0.0039542,1.5928,-0.13515
-0.63218,0.56354,1.383,0.52917,-5.5103,-0.080688,0.35133,-0.079583
-0.70595,-7.176,4.6739,0.54182,1.0401,0.020997,-3.0079,-0.1496
-0.6851,1.1269,1.1084,0.40482,3.9456,-0.15919,1.1652,-0.11302
-0.61351,-1.5803,-0.096763,0.14976,-1.9977,-0.053234,0.43287,-0.018933
-0.60115,1.0346,-4.0732,-0.15232,-5.8014,0.062659,-0.88277,-0.018398
-0.45009,-2.2584,-0.6058,0.34399,-5.8248,-0.053722,2.8739,0.076471
-0.46942,-0.32039,0.23538,0.32192,3.5325,0.095106,-1.3767,0.14649
-0.61685,0.4261,0.43941,-1.3813,2.506,0.019983,2.6954,0.19045
-0.60622,-1.347,0.38907,-0.74072,-6.9156,-0.0076571,1.0984,0.085038
-0.74339,2.6156,-0.62263,0.19823,4.4716,0.12657,-2.625,0.080098
-0.63274,2.4244,-0.39263,-0.073469,5.0158,-0.19822,-0.92623,0.012438
-0.58093,0.70484,-0.34501,-1.1817,-6.6706,-0.041099,-0.74765,-0.037479
-0.57284,-2.0406,-1.2375,-2.5008,1.2357,0.07595,-0.80354,-0.070262
-0.36153,0.75696,-0.45087,-0.26774,-2.0281,-0.046207,0.27972,-0.11468
-0.46291,-0.44683,-2.7783,-0.04815,0.94482,0.011717,-0.29934,-0.10572
-0.60211,2.2641,-1.4587,0.38156,2.7149,0.025804,0.48135,-0.034339
4.5145,-1.8311,-0.47743,-0.45148,-5.1337,-0.064933,-0.51077,-0.055051
4.4962,-3.837,-1.7571,-0.23583,1.1715,-0.0068035,0.14816,0.07798
4.4671,-3.0836,-1.1647,0.49731,-0.10929,-0.086945,-0.55696,0.14092
-0.63554,-0.19758,-0.42626,-0.18787,-2.581,-0.0044291,1.0428,0.14055
-0.65053,-0.3411,0.24963,0.65485,1.0303,0.015054,-0.38918,0.11466
-0.65122,1.5104,1.1062,0.45772,-3.6424,0.0073214,0.38693,0.0068405
-0.40267,-1.5037,-0.17318,-0.044939,1.5537,0.012661,-0.54706,0.031203
-0.58903,2.6288,0.83818,0.29319,2.711,-0.13978,0.63393,-0.06004
-0.63436,1.2778,0.72739,0.68123,-1.3441,-0.016327,0.19015,-0.11047
-0.62937,1.8654,0.13486,0.62327,-3.5583,0.0053769,-0.21346,-0.12592
-0.83638,-2.32,0.97953,0.01956,-4.2731,-0.13542,1.8942,-0.10728
-0.6782,1.2129,0.47096,1.2506,3.3353,-0.039905,-1.8339,-0.0799
-0.61592,5.4407,1.0653,0.097681,4.8701,0.26676,0.76618,-0.071138
-0.6084,-3.1319,-0.50985,-0.40901,-6.7952,-0.043871,0.62886,0.017014
-0.26531,-3.3829,-0.78986,0.4743,0.30656,-0.015647,-3.647,-0.031735
-0.55239,0.32656,-0.40177,0.00049022,4.7505,-0.51542,-0.74621,0.17222
-0.60906,-1.4232,-0.13392,-0.51316,-4.9526,-0.06743,-1.0974,0.14856
-0.59953,2.1682,-1.0625,-0.025182,-4.9701,0.0908,-2.031,0.095625
-0.83191,1.6647,0.27318,0.091946,-3.1021,-0.2156,0.3819,0.058339
-0.63558,1.9596,-0.23911,-0.21432,1.5883,-0.038962,-0.063627,0.0069135
-0.58923,1.5948,0.35578,-0.47541,1.9148,0.077176,0.76068,-0.05415
-0.57503,-0.95523,2.2261,-0.55126,-7.3184,-0.085495,-0.0076864,-0.074594
-0.40077,0.59648,0.18483,0.10601,2.8177,-0.061217,-0.93926,-0.090219
-0.50519,2.0895,0.52664,1.0144,3.5607,-0.071165,-1.6635,-0.12244
-0.6248,-2.4453,-0.65375,-0.55022,-3.4346,0.033537,0.73182,-0.0028459
-0.5707,-2.4241,-0.55076,-1.6576,1.0716,0.081386,0.1414,0.062453
4.5201,-2.712,0.012818,0.33289,-0.8365,-0.048774,0.43238,0.009396
4.5042,-1.2749,-2.3621,-0.28173,-1.3499,0.0096317,-0.2872,0.2005
4.4694,1.2509,0.70881,0.54482,3.9633,0.10166,-0.83689,0.17925
-0.65224,0.81914,0.24331,0.33212,-2.7545,0.025072,0.90618,0.16161
-0.65659,1.676,1.547,0.33161,0.63422,-0.027282,-0.631,-0.013895
-0.4868,2.9448,0.67171,0.8789,1.3917,-0.055743,2.3549,0.046682
-0.67797,-1.3111,1.1728,0.40862,-0.96317,0.045371,-0.087536,-0.020491
-0.64061,3.5118,1.0045,0.74168,-0.45029,-0.00053365,0.87111,-0.103
-0.64125,0.62632,0.96084,0.83967,-3.1753,-0.0011626,0.62364,-0.10553
-0.79071,-6.588,1.4601,0.18758,0.88539,0.0034259,-1.8973,-0.13712
-0.70782,0.12433,0.58298,-0.12309,3.1829,-0.13262,0.72797,-0.050256
-0.61719,-1.0672,1.0687,0.44878,-1.7825,0.00026212,0.44461,-0.031905
-0.6146,0.033951,-1.316,0.12569,-3.2515,0.066356,-0.86673,0.019934
-0.29023,-3.3318,-0.29586,-0.043603,-5.3956,0.020541,3.194,0.11738
-0.5118,1.1888,0.30541,0.10039,3.693,0.0052806,-0.89119,0.041571
-0.61896,4.4746,2.6451,-1.5928,3.9832,0.15444,4.0057,0.19268
-0.61149,-2.1951,1.0619,-0.4592,-5.9856,0.028878,1.4242,0.13554
-0.81599,2.192,0.71691,0.13358,4.7083,0.22382,-2.5545,0.069632
-0.62807,1.359,0.6902,-0.14417,6.6185,0.10221,-1.3318,-0.0035761
-0.55521,0.59371,-0.010109,0.35905,-5.5251,0.040853,-0.8476,-0.05415
-0.57979,-0.99337,-0.86684,-1.1322,0.24202,0.068634,-2.7953,-0.076249
-0.5193,1.2698,-0.10713,0.20315,-2.0288,-0.038577,0.32186,-0.083283
-0.46129,0.49333,-1.5551,0.16132,2.2654,0.031156,-1.7978,-0.1129
-0.60279,1.4132,-2.5119,-0.1504,3.5111,0.085711,0.073659,-0.068047
-0.57956,-4.8812,-0.37798,-0.83715,-3.639,-0.021686,0.16673,0.07635
-0.78005,-1.8796,-0.21962,-0.55494,5.0769,0.31548,0.20346,-0.010658
4.526,-0.53662,-0.57785,0.60768,3.5453,-0.0044868,-0.70218,0.0837
4.5006,0.5224,-0.54467,-0.24224,0.80983,-0.012342,1.3782,0.22072
4.4579,-0.24824,-0.66649,-0.53301,2.6743,0.003227,0.34593,0.16878
-0.66145,2.0578,1.0362,0.81016,-0.51504,0.011416,1.5121,0.011051
-0.44971,-0.90112,-0.45453,-0.47083,2.4987,0.049317,0.69392,0.060384
-0.60984,2.1356,-0.053311,0.78194,2.1333,-0.0027798,1.3157,-0.0045496
-0.64936,0.4931,-0.011747,0.60729,-0.5993,-0.0043264,0.89141,-0.066806
-0.64773,0.24102,0.66693,0.80662,-1.5138,-0.013337,-1.1793,-0.11188
-0.82184,-0.48271,1.3434,0.32931,0.16615,-0.10611,2.1378,-0.12244
-0.68095,-1.7105,1.083,1.0133,2.9724,-0.015114,-0.46943,-0.14676
-0.6192,4.2873,0.12626,0.86135,4.7245,0.23996,1.7867,0.052255
-0.62206,-1.8981,0.4088,0.35631,-4.5951,-0.044981,0.54669,0.0041634
-0.37915,-7.0869,-0.73907,0.20184,-0.24229,0.025278,-2.1461,0.23423
-0.4848,-0.05703,1.2314,0.141,4.8833,-0.33804,0.25271,0.14759
-0.62421,-0.11444,0.2405,0.36078,-2.7121,-0.043242,-1.8866,0.044077
-0.61524,-1.0266,-0.91962,-0.24276,-4.9111,0.0063202,-0.75998,0.14311
-0.69856,1.4941,-0.12423,0.025829,-4.3332,-0.11027,1.2487,0.072577
-0.64074,1.802,-0.91948,-0.15509,3.257,-0.0025295,-1.0399,-0.0011666
-0.61465,3.8916,0.15376,-0.30835,3.9874,0.16732,2.1456,-0.052228
-0.58605,-1.7855,2.2711,-0.21589,-6.4523,-0.0045959,0.29344,-0.10373
-0.57793,2.035,-0.15941,0.65247,4.0013,0.15895,-1.1138,-0.067341
-0.5158,1.7936,0.42824,0.93864,4.4435,-0.10511,-0.64117,-0.11227
-0.53514,-1.8025,0.41248,-1.0521,-5.321,0.012013,-0.31891,-0.11234
-0.57521,-1.7519,-0.22045,-0.80193,2.9207,0.0031692,0.72853,-0.080362
-0.56829,-2.1191,0.38799,0.50263,-1.3814,-0.028893,0.85821,0.0072299
4.3919,0.0081406,-1.258,-0.78955,3.1596,-0.018105,0.44114,-0.008614
4.5275,1.8893,-0.85899,0.46131,4.9955,0.26557,-0.36958,0.18224
4.491,0.29134,-1.6196,0.42634,-1.4312,-0.00017427,0.38511,0.15623
-0.59725,-1.2112,0.085571,-0.97947,0.1322,0.049054,-1.0151,0.032201
-0.43565,0.28943,0.64937,0.50026,0.81427,0.017288,1.9058,0.068172
-0.64519,0.47595,-0.62321,0.28979,-0.087667,0.042887,0.37265,-0.02789
-0.64124,3.4778,0.22667,1.2522,1.5851,-0.003537,1.0197,-0.057144
-0.6381,-0.78714,0.99031,0.71993,-3.0904,-0.063996,0.39585,-0.097399
-0.90062,-2.9092,2.0255,0.86684,0.043298,-0.032602,-1.1908,-0.1609
-0.72033,-0.69088,1.0388,0.48706,3.3191,-0.10038,0.28868,-0.071479
-0.60645,-0.65293,0.57669,0.09587,0.92536,0.037451,-0.052383,-0.031881
-0.62243,4.1763,-0.95019,1.0848,1.6117,0.070476,1.9349,0.13118
-0.44538,-3.6195,0.62252,0.1056,-5.0504,-0.072339,1.606,0.11439
-0.5203,-0.3334,2.0509,1.1878,4.885,0.19172,-1.3298,0.10436
-0.64012,3.1349,0.27895,0.65122,6.783,0.28981,-0.58828,0.20629
-0.60842,-1.2267,1.0318,-0.2312,-6.0875,0.012802,0.78872,0.082239
-0.85878,1.109,-0.91897,0.25313,-2.0472,-0.0083951,-2.4742,0.10278
-0.73694,1.7969,-0.90214,0.71287,2.8446,-0.84445,-0.42101,0.023999
-0.65002,1.2506,0.39119,-0.86758,-1.4221,-0.082074,-1.2761,-0.047287
-0.588,2.5551,-1.1866,-0.92087,-2.7889,0.016742,0.13051,-0.1158
-0.57587,-0.32733,0.40358,-0.57226,-4.7106,-0.059132,1.2373,-0.070043
-0.44606,2.1922,-1.0006,-1.1109,2.976,0.0066732,-1.4495,-0.10545
-0.61862,1.7879,-0.2729,-0.033371,5.8776,0.25244,-0.17001,-0.055659
-0.57693,-2.2745,-0.65102,-1.2472,-7.6219,-0.087754,0.065125,-0.061062
-0.57725,-1.2397,-1.0577,-1.7464,3.9929,0.12591,-1.4591,0.0093473
-0.89501,-1.0933,-0.48485,-0.19087,0.19677,-0.12189,0.51306,0.097669
4.5406,0.62608,-2.175,-0.33118,1.1449,-0.016025,1.9926,0.02507
4.5127,3.5283,-0.15812,0.22074,2.0147,0.062634,0.21,0.17321
4.4691,0.55201,1.0028,0.66134,-2.4103,-0.062501,0.56862,0.071458
-0.47723,0.28845,1.5558,-0.25302,0.43443,-0.039488,0.16314,0.056222
-0.60161,2.1794,0.92538,0.96838,1.9342,-0.046194,0.34955,-0.0023592
-0.65255,0.34607,1.0424,-0.0094203,-1.4865,-0.042228,0.97006,-0.068777
-0.65345,1.7314,1.3826,0.36262,-1.0751,-0.011938,0.7531,-0.078147
-0.8371,-0.5229,1.1515,0.32151,-2.9662,-0.021487,2.0758,-0.10721
-0.70374,-4.3392,0.18899,0.01482,3.7424,0.10715,-1.4794,-0.10034
-0.62321,0.10646,-1.3776,0.3998,4.4551,-0.044834,0.60063,0.044053
-0.62519,-2.0325,0.72932,0.89532,-4.115,0.0024697,0.13885,0.10307
-0.22948,-2.7954,-2.814,0.053543,-4.7642,-0.013824,-1.1962,0.17908
-0.47772,-4.5453,-0.42607,-0.18397,-3.254,-0.060351,1.6269,0.10994
-0.64736,2.2868,-0.21554,0.5693,3.2512,-0.041432,-1.5668,0.16572
-0.6195,6.9298,0.0074094,-0.82519,3.3524,0.052173,2.8025,0.11169
-0.71517,-1.7324,0.50176,-1.076,-6.9576,0.026657,1.7041,0.016284
-0.77373,2.1876,-0.76457,0.24303,4.875,0.20848,-2.9052,0.057488
-0.67605,2.4604,0.3882,0.29113,6.4868,-0.045642,-1.5282,-0.080532
-0.5922,-0.8022,1.1578,-0.57918,-8.4578,-0.12517,-0.8351,-0.1137
-0.57763,0.6436,-1.9165,-0.54026,0.071762,0.058219,-2.0798,-0.095111
-0.41401,0.39321,-0.85804,0.54602,-1.2408,-0.29514,0.4212,-0.10638
-0.54135,-0.1098,-0.50279,-0.39329,-0.51855,-0.032275,-0.53841,-0.086203
-0.58592,-0.57121,-1.6019,-0.61559,0.77603,0.058039,-0.45032,0.014872
-0.5838,-1.5074,0.086194,-0.50125,-5.3781,-0.06904,0.81756,-0.015283
-0.75359,-0.6386,-0.59352,-0.69344,1.5578,-0.068681,-2.5379,0.11665
-0.60487,0.96413,-0.68596,0.46157,3.3959,-0.074264,-1.446,0.16518
4.5316,0.80891,-0.9069,-0.022106,-4.3196,-0.072949,0.04085,0.025532
4.4926,0.64397,-1.1222,-0.57309,-0.83015,0.055151,-0.6213,0.069292
4.4522,1.3675,0.35977,0.12505,-1.8747,0.0037532,0.052602,0.033028
-0.59693,0.24419,-1.0913,-0.56139,-1.8592,0.0259,0.4647,-0.013798
-0.65222,2.8982,0.62321,0.79849,1.9801,-0.013856,-0.41592,-0.081701
-0.65487,-0.41396,-0.12751,1.0121,-3.85,-0.05754,-1.0591,-0.098835
-0.78971,-0.29222,1.4217,0.58109,-1.938,0.015382,-0.86802,-0.10173
-0.71031,-0.35157,2.0212,0.92852,0.35107,-0.22033,-0.052171,-0.059894
-0.59081,-2.229,0.84403,0.5972,-0.51452,-0.044307,-0.14431,-0.026527
-0.62686,2.6886,0.40138,1.1904,0.21855,0.034891,0.92389,0.17616
-0.59943,-0.59719,0.38576,0.55832,-7.0731,-0.11874,0.39902,0.1847
-0.44338,-8.289,1.5558,0.52952,1.7715,-0.028251,-2.3202,0.20746
-0.54453,2.2543,1.0975,0.08919,3.7338,-0.18708,0.91586,0.13785
-0.61912,0.058277,1.2496,0.42543,-3.2775,0.012289,-1.2083,0.15163
-0.59932,-5.2783,-1.6553,-0.73633,-5.386,0.088997,-0.3065,-0.011121
-0.70087,0.50945,0.73687,0.62613,-5.3968,-0.10715,1.1978,0.014823
-0.65905,2.1562,-0.050664,-0.12115,3.2197,0.010472,-0.30478,-0.063277
-0.59697,2.5576,-0.46498,-1.2421,-0.61053,0.042406,1.6279,-0.12507
-0.58571,-1.9423,0.79417,-0.68179,-7.4743,0.0020462,2.748,-0.090487
-0.25647,0.84272,-1.151,-0.99354,4.1574,0.11654,-3.3107,-0.12412
-0.50395,1.6109,-0.30909,-0.39246,5.6223,0.11231,-0.83916,-0.060016
-0.58243,-2.7212,-0.85419,-1.0428,-9.2311,-0.024535,-0.81203,-0.065273
-0.57698,-3.2327,-3.4819,-2.1207,3.405,0.059406,-2.86,0.038042
-0.77896,0.29924,-1.2564,0.14651,-2.0526,-0.068925,0.63367,0.087253
-0.63452,-0.40688,-1.7339,-0.068395,-1.1424,0.019714,0.46936,0.17716
-0.5541,3.3297,-2.4771,1.0653,2.271,0.048278,-0.46246,0.15781
4.5172,-1.0434,0.14776,-0.70593,-4.4291,-0.0044547,0.92231,0.016186
4.4817,-0.2625,-1.0303,-1.281,1.4197,-0.010641,-0.075835,0.082775
4.4368,1.2763,-0.026638,0.69172,2.9137,-0.044923,-0.64768,-0.0080056
-0.67769,1.698,-0.27049,-0.3173,-1.5357,-0.0057511,1.7119,-0.080678
-0.65376,1.1525,0.95881,0.070583,0.25922,0.063275,0.88338,-0.1139
-0.88939,-0.50724,1.3002,0.51451,-2.0195,-0.056135,1.1899,-0.11385
-0.74054,-2.365,-0.18089,-0.75141,1.6016,0.01284,0.23408,-0.10424
-0.61567,0.20146,-1.1558,0.55423,3.4543,-0.026544,0.4649,0.0046745
-0.6308,-1.918,-0.33993,1.0498,-2.8676,0.03208,0.23632,0.058339
-0.6324,-3.5915,0.38931,0.36906,-4.2551,0.051576,-1.5319,0.16983
-0.39368,-2.6307,0.55785,0.31221,-0.12844,-0.0017722,3.1278,0.24779
-0.67145,0.38973,0.45204,0.48868,1.703,0.010748,-0.79266,0.16428
-0.6325,8.0537,0.024568,1.1397,1.4407,0.074519,0.91843,0.13938
-0.61992,-1.2557,0.92251,-0.31435,-4.8416,-0.033629,1.2784,-0.01465
-0.77784,2.3061,-0.37065,1.2399,3.5102,0.021536,-3.0604,0.0011941
-0.68351,4.3843,0.18577,1.2665,6.6717,0.0429,-1.1669,-0.04551
-0.60096,-0.84175,1.1187,-1.0141,-5.6872,-0.018535,-0.8028,-0.09477
-0.59698,-1.2349,-0.082405,-0.43772,-3.2902,0.051223,-1.8655,-0.094259
-0.45115,0.48665,-0.32234,0.3103,-0.59492,-0.25608,0.25056,-0.12775
-0.52617,-1.1116,0.25175,-0.72374,1.0271,0.023827,-0.23908,-0.072185
-0.59398,-0.53121,0.18337,-0.58313,-0.14965,0.0836,0.47015,-0.013482
-0.58939,-2.2874,-0.17927,-0.61462,-4.7671,0.014868,1.2978,-0.038379
-0.8986,0.73006,-0.53058,-0.76855,2.9622,-0.025543,-3.3621,0.038261
-0.62988,2.0587,-1.1416,0.37314,5.4424,0.26881,-0.10139,0.14987
-0.56252,-0.92367,-0.70385,-0.7661,-4.5028,-0.023354,0.0022161,0.17952
-0.56005,-0.61753,-2.3457,-0.41074,3.0145,0.060734,0.65503,0.047923
4.5092,-0.28515,0.016583,0.51327,-0.85645,-0.026088,0.75535,0.031982
4.4676,2.6297,-1.2843,-0.34498,0.82734,0.051365,1.8223,0.015919
4.4268,3.9946,0.86019,0.87044,3.8959,0.12676,-0.43281,-0.072817
-0.66258,-0.22422,1.2627,0.34114,-2.1841,-0.052432,0.44336,-0.12144
-0.76792,-1.087,1.1024,0.060082,1.258,-0.0043777,0.70524,-0.11188
-0.67564,0.021274,0.57314,1.6013,2.5499,0.018667,0.54925,-0.11397
-0.59483,-1.3152,0.59414,-0.20557,-0.74441,0.024392,0.53855,-0.088515
-0.63242,0.12261,0.24739,0.74234,0.073522,-0.0095952,0.79774,0.10195
-0.63768,0.18812,-0.16879,0.36511,-3.1809,-0.0051671,1.4172,0.084697
-0.39618,-6.632,1.0902,-0.72453,3.5839,0.033441,-1.6544,0.2894
-0.5866,8.1009e-05,-0.19381,-0.50227,5.3017,0.10007,0.6495,0.27787
-0.63206,0.27426,0.6526,0.29654,-3.8225,0.033017,0.118,0.1506
-0.62524,-2.6863,-1.6293,-0.36588,-2.8528,0.007777,-0.76998,0.059386
-0.87576,-0.73329,-0.55401,-0.027186,-2.7665,-0.084199,2.3876,0.038139
-0.66115,3.5657,-0.13989,0.4168,4.3478,0.17793,-0.19993,-0.040497
-0.60265,5.1642,0.42007,-1.2088,4.7582,0.20881,3.3777,-0.10611
-0.59999,-3.2385,1.4246,-0.24359,-6.173,-0.0080485,1.5463,-0.10541
-0.42859,0.92816,-0.67261,-0.19979,5.6559,0.32267,-2.9988,-0.14206
-0.48901,0.87621,-0.68251,0.45544,6.8487,-0.0030236,-1.708,-0.065394
-0.59456,-3.26,-1.3359,-0.98744,-6.4555,0.038851,-0.49302,-0.018374
-0.59111,-1.1889,-2.324,0.37823,0.89417,0.015677,-0.83206,-0.079486
-0.62328,-0.98527,-0.9066,0.054263,-0.40911,-0.11611,0.47149,0.070338
-0.65109,0.85203,-1.8309,-0.17748,1.7385,0.034211,-0.4786,0.010686
-0.50459,2.8041,-2.0324,0.5964,5.5543,0.32334,-0.22819,0.1205
-0.56275,-1.1537,0.75003,-0.16114,-4.478,0.0064935,-0.6045,0.14338
4.3369,-1.0466,0.2197,-0.34215,2.8803,-0.017373,-0.60586,0.0082278
4.4935,0.44477,-0.22298,0.60201,2.5545,-0.059613,-0.73665,0.022052
4.4512,1.1962,0.073532,-0.4978,0.87206,-0.041201,1.4337,-0.05471
4.3972,2.0669,0.87992,0.30042,2.3008,0.050896,0.891,-0.11263
-0.69692,-0.7449,1.6613,0.14789,-1.4454,-0.0089406,1.8316,-0.11512
-0.77864,-2.4833,0.5691,-0.4221,2.5164,0.041758,0.44773,-0.092677
-0.59552,-0.90862,-0.094167,0.071694,3.662,0.028409,0.97399,-0.050134
-0.63346,-1.4443,-0.86955,-0.047771,-0.16574,0.030322,0.79587,-0.013798
-0.63538,0.94919,0.69412,0.20837,-2.25,0.048836,-0.14125,0.14547
-0.34199,-1.1918,1.0154,0.21829,-2.5351,-0.053452,1.6859,0.24431
-0.56548,-0.935,-0.088791,1.2029,3.7977,0.048348,-1.7357,0.15102
-0.63034,4.7268,0.26727,0.25355,4.1049,0.057801,1.0696,0.31805
-0.62016,0.21467,1.221,0.58174,-5.2917,-0.041702,0.05302,0.07394
-0.83732,-5.1407,-0.75104,-0.50051,-0.14217,0.0095482,-2.3814,0.037944
-0.63251,3.2806,-0.74438,-0.030025,2.559,-0.56704,-0.021282,-0.051376
-0.60259,0.76089,0.47338,0.12759,-1.0145,-0.11278,-1.1535,-0.063204
-0.60293,2.3414,-0.11837,-0.89762,-4.936,0.044517,-0.10405,-0.10424
-0.23322,-2.0525,1.4243,-0.14766,-7.9148,-0.079924,1.9341,-0.11339
-0.56287,-1.0888,-1.5196,0.17361,4.047,-0.0045189,-2.1293,-0.1212
-0.59373,2.0508,0.077894,-0.60837,4.7168,0.18618,2.1934,-0.014285
-0.58854,-5.0465,0.25434,-0.78872,-8.887,-0.055891,0.047176,0.025775
-0.79705,1.7378,-2.6841,-0.84437,3.7936,0.047527,-3.2107,-0.021416
-0.73661,1.1511,-1.9364,1.3869,1.7039,-0.39024,-0.64088,0.15754
-0.59535,-0.33969,0.25628,-1.0187,-3.7252,0.0011285,0.96115,0.045635
-0.56735,1.606,-0.86886,-1.5865,1.1944,0.0398,-0.75176,0.062574
-0.56674,-0.87365,0.21852,-0.20007,-2.9703,-0.10267,1.0465,0.044978
4.4655,1.5398,-0.51434,-0.62858,1.8418,0.061697,0.74403,-0.0045253
4.4804,3.8799,-1.922,1.1429,3.8599,-0.014517,-0.7965,-0.0799
4.4467,1.0135,0.042607,0.23922,-4.1052,-0.087561,0.66617,-0.10146
-0.64981,-0.38379,0.12749,-0.18701,-0.27465,0.06341,-0.55864,-0.075227
-0.77721,-1.9436,0.087742,0.66125,-1.2914,-0.071235,-0.13761,-0.10217
-0.61232,-2.0768,-0.64722,0.47963,-1.4991,0.016287,0.38914,-0.058823
-0.63333,-0.091728,-0.25709,0.93814,1.3767,-0.028976,-0.47556,0.043493
-0.63042,-0.51358,0.88423,0.67006,-3.4277,0.0020269,0.51645,0.050722
-0.398,-4.3642,0.36935,0.14469,-1.1358,-0.033064,-2.047,0.35132
-0.56262,0.66413,0.58386,0.094875,2.2875,-0.24293,0.75219,0.24567
-0.62983,0.071905,0.64505,0.36485,-0.74454,0.0020783,-0.26614,0.15277
-0.62723,7.6876,-0.23313,1.1647,-2.1494,0.039024,0.19913,0.10648
-0.75802,0.088409,1.556,0.3607,-4.8546,-0.05507,1.7645,0.017914
-0.65901,3.254,2.428,0.9667,3.7817,0.0057234,-1.91,-0.03283
-0.60194,5.3836,2.1719,1.1618,6.2413,0.23838,-0.78352,-0.10869
-0.6015,-1.7249,1.0618,-0.27083,-7.7348,-0.072506,0.084519,-0.088807
-0.30354,-3.2118,0.60775,0.18014,-2.8569,0.01182,-3.8757,-0.11103
-0.5283,0.95673,-1.3537,0.21012,1.9423,-1.1019,-0.43154,-0.08355
-0.6414,-2.4045,0.1249,-0.33769,-3.5182,-0.10873,-1.5163,-0.013895
-0.59714,-0.72876,-2.7385,-1.2502,-6.6753,0.053033,-1.8342,0.019472
-0.80678,-2.7851,0.54511,-0.20445,-6.412,-0.12646,0.77788,0.095844
-0.68836,2.0162,-2.2259,-0.68419,1.1038,-0.057444,-1.5101,0.0013158
-0.63298,3.3161,-1.585,-0.55641,4.5996,0.17545,0.37761,0.16506
-0.56876,-0.86058,-0.57386,0.31463,-7.0545,-0.036908,-0.44915,0.023342
-0.5574,-0.11939,-0.93195,-0.68067,1.8209,0.062031,-2.8359,-0.0015804
-0.32299,1.9346,-0.32057,0.88281,-0.36891,-0.10042,-2.2936,0.0069866
4.5085,1.9836,0.031499,-0.52446,-1.4481,0.062833,0.70644,-0.02952
4.4748,3.333,-0.26246,0.23157,0.75514,0.079916,-0.71991,-0.11086
4.4484,-1.2407,1.3788,0.2221,-2.2449,0.014759,0.76483,-0.081774
-0.87263,-1.9228,0.14477,-1.0582,1.1168,0.039736,0.18289,-0.10424
-0.65244,-0.73219,-0.24038,0.47792,2.8574,0.020253,0.49819,-0.046557
-0.63913,-1.4591,-1.1712,0.28978,-1.4683,0.033582,1.2656,0.016503
-0.6311,-0.14035,-0.47707,0.30303,-1.7456,0.043773,-0.26393,-0.013603
-0.431,-0.27172,0.54384,0.86498,-1.6439,-0.034174,0.26311,0.11933
-0.48357,-4.9934,-0.36686,0.18396,1.1579,0.065015,-1.0847,0.22291
-0.64482,2.1795,-0.058456,0.64306,2.8284,-0.046322,1.0343,0.19724
-0.63543,0.4499,1.0734,1.0177,-5.8283,-0.057656,-0.41802,0.135
-0.77867,-5.5496,-0.0042567,-0.4509,-1.4894,0.029282,-2.5204,0.058096
-0.65456,-0.82073,0.92626,0.10683,2.4229,-0.21447,0.038365,-0.037187
-0.60772,2.1086,1.7406,-0.43444,1.9694,0.06866,-0.12977,-0.093286
-0.6017,1.7457,0.94293,-1.241,-0.02178,0.10607,2.0304,-0.1166
-0.35845,-1.6858,0.98849,-0.78368,-6.8262,0.021543,2.3891,-0.092482
-0.46493,-0.75206,-0.65441,0.7007,6.3514,0.35952,-2.752,-0.077831
-0.52445,2.4154,-0.13657,-0.33749,7.4072,0.50433,1.1084,0.01458
-0.59449,-5.3519,-0.43375,-0.41415,-8.5607,-0.0354,0.00014185,0.062063
-0.61655,-1.3028,-1.4999,-0.27679,3.8279,0.065599,-3.1776,0.12021
-0.87669,0.7695,-2.2715,0.9661,3.5615,-0.56624,-0.67631,0.10278
-0.63399,0.0022003,2.2302,-1.7121,-2.1445,0.018558,-0.49343,0.023025
-0.57111,-1.0203,-2.646,-1.009,0.70771,0.019245,0.72269,0.11312
-0.56317,0.96986,1.3111,-0.26641,-3.824,0.0086626,3.5955,-0.042882
-0.42444,1.1287,-1.7249,-1.8955,4.6579,0.1989,1.1367,0.0042364
-0.52005,3.8505,-0.30627,-0.11411,5.6227,0.30577,-0.46919,-0.057168
4.5038,1.3182,0.059251,-0.46974,-3.6226,-0.03479,0.29482,-0.06722
4.4739,-2.0691,-0.70143,-1.1105,2.0317,0.093297,-0.22688,-0.11266
4.4473,-2.6819,-0.5371,0.10031,0.33704,0.032356,0.62001,-0.1101
-0.695,-1.2237,-1.2057,-0.35035,-0.88638,0.058674,1.8588,-0.049429
-0.64419,-0.32061,0.29589,0.61454,3.1593,0.059162,-0.069054,0.02249
-0.63614,-1.112,0.5916,0.42978,-2.6783,-0.013138,0.95357,0.01329
-0.38664,-2.3378,0.57088,0.26251,0.56534,-0.014505,-0.78015,-0.0068617
-0.55797,0.79189,0.84183,0.50543,3.2522,-0.13619,0.54617,0.13997
-0.63537,-0.41413,0.50328,0.14711,-0.32873,-0.015634,0.20747,0.12705
-0.62695,4.9332,0.83471,0.62108,-1.5764,0.035809,0.07698,0.102
-0.77162,1.3775,1.2964,0.4684,-3.0208,-0.071152,1.2207,0.033977
-0.63001,-0.0027639,1.6465,0.65241,4.1152,0.096955,-1.7326,-0.011145
-0.53309,4.9701,1.2281,0.12791,5.394,0.19385,0.47008,-0.071698
-0.60492,-0.52341,1.677,0.049067,-4.079,0.01526,0.25496,-0.12032
-0.44379,-4.9956,-1.4885,-0.88132,-5.5365,0.021408,-2.2013,-0.11921
-0.53996,1.1191,-1.0944,-0.066372,-2.1152,-0.23591,1.1676,-0.12585
-0.61988,-2.5551,-1.881,-0.23091,2.9968,0.014701,-0.052055,-0.013847
-0.59596,0.96702,-1.2699,-1.5326,-3.4765,0.046025,1.2802,0.069121
-0.77653,-3.2714,-0.34442,-0.15386,-6.6978,0.026972,1.548,0.030838
-0.72334,1.1218,-2.0162,-0.0044747,5.1656,0.23463,-1.5947,0.11609
-0.61182,1.763,-0.46359,-0.34237,6.3754,0.36254,0.76474,0.14885
-0.57504,-0.923,-0.73168,-1.3723,-7.0752,-0.02474,-0.22482,0.023585
-0.56863,1.3848,-2.1337,-0.14662,3.6431,0.020997,-3.2263,0.0043581
-0.30203,2.7063,-1.7325,0.27463,-0.045125,-0.083634,0.19638,0.027674
-0.58106,0.95189,-0.89927,-0.25688,0.51333,0.031169,0.28574,-0.048772
-0.5618,3.6277,-0.47574,0.33779,1.631,0.068916,0.22355,-0.098908
4.4999,-0.64268,0.37448,-0.35208,-2.2493,-0.029008,0.93836,-0.073937
4.4698,-2.95,-0.97403,-0.63764,2.6745,0.03509,-0.88801,-0.12841
4.4488,-1.3999,-0.59621,0.72892,2.7146,-0.015448,-0.14873,-0.075884
-0.64888,-0.59305,-0.71951,0.22749,-0.68361,0.056255,1.5228,-0.024872
-0.64238,-0.83627,-0.79691,0.35904,1.522,0.01707,-0.060365,0.069316
-0.3983,-0.96805,0.66001,0.32444,-1.7838,-0.032531,0.798,0.093118
-0.50116,-2.8882,-1.3265,0.086904,2.6484,0.018796,0.16884,0.042325
-0.67565,0.83976,-0.51196,-0.0030038,3.9111,0.033396,1.578,0.18178
-0.6412,0.17436,-0.26154,0.65782,-2.1591,-0.028463,0.17562,0.10246
-0.89005,1.7668,0.054877,0.54683,-0.88603,0.064719,-1.4096,0.11225
-0.67746,0.093643,0.48432,0.14346,1.4664,-0.1384,2.0258,-0.037454
-0.59473,2.844,1.7059,0.63907,3.6168,-0.0018685,-0.88442,-0.082747
-0.60766,6.2229,1.203,0.31846,4.7763,0.25988,2.5093,-0.099711
-0.60057,-2.1821,1.4485,-0.096939,-5.9106,-0.044205,1.6654,-0.10541
-0.38044,-1.664,0.10725,1.4131,4.8383,0.18758,-2.4752,-0.11115
-0.64543,0.96207,0.22687,0.76253,6.7057,-0.038371,-1.0479,-0.02346
-0.60769,-3.9276,1.2709,-0.3069,-5.5196,0.035398,-0.57755,0.039648
-0.60413,-0.59236,-1.0504,-0.090477,-3.0793,0.073524,-2.2214,0.030229
-0.79065,-1.1166,-0.50538,0.73083,-1.123,-0.22932,-0.37168,0.1472
-0.62276,-0.26732,0.078273,-0.25179,3.2461,0.012353,-0.22081,0.14997
-0.57722,1.6306,-0.18011,-0.63836,0.54055,0.088856,1.0084,0.039989
-0.57701,-0.3358,2.6518,-0.33824,-5.2279,-0.05351,0.80635,-0.012557
-0.32109,2.4084,0.39899,-0.10424,3.9651,0.081046,-0.66789,0.012925
-0.5074,3.9068,1.954,0.85288,6.0663,0.30724,0.10186,-0.042711
-0.56887,-0.21976,-0.4213,-1.0271,-1.7553,0.040673,0.88989,-0.11468
-0.56082,-0.51096,0.73909,-1.5309,3.5329,0.087315,1.2893,-0.090925
4.4901,-3.2612,0.93373,0.42716,1.3556,-0.036183,1.1965,-0.095938
4.4705,-2.2237,-2.2277,-0.41478,1.3376,0.053604,0.58516,-0.1232
4.4522,-0.00068963,-0.31104,0.64335,4.8516,0.198,0.20831,-0.0025539
-0.65066,-1.0219,-1.4032,0.23852,-0.7094,-0.016025,0.81605,0.061893
-0.36998,-1.9676,0.0516,-0.07952,1.5502,0.032908,-0.43698,0.16231
-0.48744,0.48788,0.51242,0.36871,1.671,-0.053298,2.5382,0.11831
-0.61584,-0.30835,1.1371,0.46245,1.0148,-0.026467,0.058883,0.096866
-0.64218,4.5239,0.67954,1.0687,1.6242,0.029988,1.5083,0.12573
-0.65883,1.3977,1.2092,0.52148,-3.3548,-0.011809,1.3492,0.054421
-0.66208,-6.4344,1.1867,-0.79838,2.614,0.0132,-1.1279,0.002046
-0.57399,-0.067517,1.1278,-0.075538,3.8916,-0.021095,1.383,-0.1278
-0.61288,0.95908,1.548,0.57925,-0.76323,0.049812,1.1276,-0.11607
-0.61615,-0.72594,-0.82443,-0.32794,-1.9956,0.047084,0.50006,-0.12042
-0.45777,-2.7307,0.8875,0.17623,-5.5935,-0.038519,3.4629,-0.098396
-0.53438,-0.15301,0.51231,0.085806,4.3416,0.12467,-1.2246,-0.085278
-0.60538,2.2834,1.9818,-1.2214,4.0113,0.10786,3.8975,0.081777
-0.59706,-3.3435,0.51482,-0.74391,-6.7919,-0.032121,1.8113,-0.00070421
-0.90109,0.31371,-0.37208,0.22146,4.8627,0.22907,-3.5249,0.14613
-0.58368,1.5251,-0.97635,-0.16122,6.1644,-0.12757,-1.1231,0.14286
-0.57907,-0.57534,-1.076,-0.70503,-5.3365,-0.010372,-0.45229,0.12257
-0.58532,0.22788,-1.0968,-0.22107,0.07796,0.032407,-1.5281,-0.00046083
-0.25048,1.2537,-0.16469,-0.29604,-1.8425,-0.090411,0.93676,0.0011698
-0.58605,2.1292,-1.4661,-0.23068,2.727,0.0060443,-1.166,-0.05028
-0.56327,4.9285,-1.3777,0.66719,4.5842,0.19922,0.27832,-0.083988
-0.56431,-3.7716,-0.22661,-1.3527,-3.5839,-0.050314,0.5685,-0.10947
4.508,-2.1084,-1.5421,-1.0938,4.7566,0.20471,0.59995,-0.10954
4.4949,-1.4103,-2.1784,0.55716,3.0971,-0.035336,-0.27103,-0.066027
4.4782,0.025441,-0.57409,-0.70941,1.3398,-0.0095695,2.5354,0.013947
4.4776,-0.1721,-1.1067,-0.66601,3.3297,0.092629,0.32269,0.051208
-0.39007,-0.79503,0.79022,0.31916,-1.2264,0.024071,1.9078,0.11349
-0.52757,-2.7497,-0.85454,-0.62667,2.1461,0.042765,0.9396,0.2271
-0.6736,1.4974,-0.42912,0.87765,2.5687,-0.015121,1.6747,0.13079
-0.6489,-1.1134,-1.0771,0.67251,-1.1134,-0.014113,1.308,0.076982
-0.89422,1.6479,1.0156,0.38135,-1.9544,-0.023117,-0.80317,0.029499
-0.76844,1.3282,1.1789,0.82494,1.4484,-0.062103,2.6548,-0.042006
-0.60649,1.6393,1.7877,0.70174,2.9645,-0.021782,-0.31515,-0.072112
-0.6225,5.2956,0.66706,1.2192,2.8945,-0.032551,1.8549,-0.15739
-0.61887,0.3777,0.86615,0.28032,-4.2895,-0.073661,1.1295,-0.072331
-0.50648,-5.9186,-1.0055,1.1634,-0.46846,0.035122,-2.3392,-0.073572
-0.6209,0.14126,-0.37034,0.14777,4.6588,-0.40733,0.16304,-0.029983
-0.61416,-1.4727,-0.93313,-0.37689,-2.0548,-0.043114,0.61641,-0.046751
-0.61197,-1.1365,-2.6942,-0.69269,-4.8517,0.01913,-1.2181,0.042617
-0.76587,-0.64748,-1.2857,0.053614,-3.6526,-0.15071,1.6778,0.16175
-0.63469,-0.17417,-0.29522,-0.77688,3.6881,0.064431,-0.27344,0.17652
-0.58534,2.4902,0.44776,-0.35145,0.83459,0.072029,2.4912,0.096161
-0.58934,-1.4211,2.1026,-0.87225,-7.1418,-0.025896,0.52587,0.029012
-0.21382,3.0166,1.095,-0.045498,3.9912,0.1258,-2.8561,0.015407
-0.51284,3.5043,1.2772,0.84213,5.1612,-0.14782,-1.2545,-0.028401
-0.58023,0.3464,0.22504,-0.99727,-7.1016,-0.037652,-0.55162,-0.076687
-0.58098,-4.0668,-0.55104,-2.2145,3.3533,0.064065,-0.05237,-0.10864
-0.80188,-2.1571,-0.62647,0.41486,-1.099,-0.0090304,1.0263,-0.096668
4.6174,1.0585,-1.3926,-0.454,1.2081,-0.013542,1.4229,-0.099467
4.5105,2.4513,-0.94782,1.7008,3.2094,0.0022451,-0.68958,0.0046501
4.4885,-1.2597,1.1206,-0.10455,-3.4287,-0.06236,0.53097,0.077518
-0.55285,-2.5267,1.7933,-0.12455,0.48746,0.024482,0.21601,0.064935
-0.36333,-0.55145,0.28568,0.99594,1.6541,-0.0068292,0.19987,0.13478
-0.68814,-0.64957,0.34058,0.011724,-2.6165,0.018539,1.0409,0.26601
-0.6576,2.1452,1.2018,1.084,0.66147,0.045608,0.79856,0.076958
-0.73094,2.1094,0.8788,0.411,-1.4161,-0.0046152,1.8083,0.01475
-0.76178,-1.8603,0.86514,-0.16809,2.6687,0.0030473,-0.46156,-0.037308
-0.64232,2.096,0.42649,-0.14027,4.2907,0.028679,1.0801,-0.096717
-0.62465,0.17152,0.74078,0.95461,-2.7156,0.03414,-0.1437,-0.12252
-0.61632,0.48518,-1.1979,0.32986,-2.6635,0.021279,-0.0023755,-0.092385
-0.48282,-2.8157,1.3229,0.38865,-3.9197,-0.095262,3.2619,-0.10037
-0.478,0.035254,1.7648,0.10109,3.2351,0.0032142,-1.0261,-0.074837
-0.62107,3.5981,0.30538,0.27306,4.75,0.28589,1.8393,0.046511
-0.61851,-2.4456,-1.094,-0.36249,-7.0178,-0.048402,1.2419,-0.014358
-0.81488,-0.34296,-2.2558,0.70583,2.7198,-0.13561,-5.337,0.1745
-0.72979,0.75379,-0.22971,-0.8866,5.5928,-0.41325,-1.0933,0.15898
-0.58355,-0.45374,-0.86943,-0.39582,-6.449,-0.10687,-1.2096,0.12291
-0.58634,1.8199,-2.1355,-0.44762,-2.4127,0.06006,-2.0561,0.053837
-0.28965,1.1547,-0.92207,0.47125,-2.956,-0.1678,0.2657,0.015724
-0.55747,2.6782,-1.5202,-0.025754,1.0125,-0.047927,-0.75982,-0.020686
-0.57966,3.2086,-1.165,-0.22951,4.0716,0.10499,0.44743,-0.091071
-0.58175,-0.5325,1.2894,-0.37021,-6.2008,0.029211,0.042706,-0.088686
-0.61129,-1.7791,0.22042,0.4652,2.7504,-0.040175,-3.1153,-0.11227
-0.66396,0.058483,-2.4475,0.69595,1.299,-0.1093,-1.0809,-0.081482
4.5536,0.37299,-0.86736,-0.24059,-1.6985,-0.03764,0.3761,-0.083039
4.52,-0.10363,-1.2795,-0.80867,0.64013,0.053688,0.048287,0.10558
4.4893,-1.6786,1.5077,0.3593,-1.7469,0.014939,1.4314,0.066517
-0.39314,-2.3371,-1.5852,-1.1471,0.71417,0.024341,0.4947,0.20276
-0.59083,0.71777,-0.99675,0.21266,2.877,-0.04244,0.52259,0.17514
-0.65019,0.037521,-2.5082,0.37797,-2.2024,-0.022096,1.1872,0.13211
-0.63998,1.6103,0.79118,0.28182,-0.56381,0.0048185,-0.33581,-0.022389
-0.77049,1.4362,1.2442,0.69357,-0.14462,-0.046008,0.40941,0.00068305
-0.6412,0.24862,1.6939,1.0763,1.4004,0.02762,-0.098511,-0.023217
-0.62277,3.7715,0.51062,1.3562,4.2774,0.11899,0.89623,-0.13369
-0.61231,0.12627,1.7999,0.32851,-4.9937,-0.072005,0.2966,-0.097861
-0.31393,-7.9122,-0.3876,-0.95261,-2.5354,0.020285,-2.7668,-0.11293
-0.54097,-1.2693,1.0313,-0.58376,1.8627,-0.27912,0.82508,-0.10331
-0.6111,-1.2651,-0.87136,-0.20246,2.0262,0.025104,0.79028,0.0031168
-0.60608,2.2984,-0.2688,-0.37077,-2.4374,0.084992,1.1234,0.022611
-0.7611,-2.9668,0.84986,0.20316,-5.3379,0.0044207,2.816,0.065373
-0.69937,-1.0527,0.93237,0.68638,4.4708,0.18787,-0.17168,0.23968
-0.58166,1.1157,2.0832,-0.48796,5.639,0.35188,1.9758,0.18044
-0.58373,-1.3232,1.063,-0.86986,-7.3927,-0.056353,0.25955,0.060433
-0.3167,2.4165,-0.97944,-0.044656,3.9838,0.083407,-3.0401,0.032079
-0.52138,2.2383,-0.3189,0.35087,4.6621,-0.087407,0.6311,-0.036165
-0.60101,1.5819,0.29472,-0.83824,-4.8542,0.0017766,-0.64402,-0.068948
-0.57086,-3.1855,0.62782,-1.3803,3.904,0.17685,0.13458,-0.11013
-0.85942,0.27056,0.0032594,0.24793,-3.102,-0.056847,0.47208,-0.099346
-0.71881,-2.1433,0.31589,-0.51743,1.7561,-0.018804,-0.71683,-0.076127
-0.60609,0.7496,0.46376,0.3096,3.9771,0.12886,-0.30903,-0.03008
4.5324,-0.22971,0.60945,-0.40921,-4.5243,-0.086226,0.019908,-0.046776
4.5088,-1.0444,-0.82139,-0.55431,0.69944,0.034917,-1.096,0.048629
4.4822,-2.3679,-0.28764,0.18239,0.21938,-0.053677,-0.58348,0.14693
-0.69355,0.20564,-1.1089,0.46121,-1.1302,0.047123,0.57326,0.14377
-0.65536,2.7581,1.3035,1.206,2.3875,-0.059581,-0.27755,0.13437
-0.64927,1.5686,1.4346,0.62534,-3.1966,-0.049685,0.30759,0.020299
-0.85213,-0.722,2.8822,0.62886,1.114,-0.01213,-0.19756,-0.0057178
-0.69047,1.762,2.1997,0.65979,2.498,-0.15552,0.46526,-0.089903
-0.6282,0.72674,1.0216,0.26407,0.96325,0.061742,0.8792,-0.11122
-0.61485,4.2702,0.50085,0.6892,1.7562,0.02479,1.5023,-0.1129
-0.38145,-1.561,1.0617,0.39369,-5.182,-0.065228,0.63469,-0.075251
-0.52766,-4.082,3.5574,0.69841,3.5541,0.015215,-2.1217,-0.0078109
-0.62455,2.5179,1.7784,0.53989,5.3155,0.13294,0.70955,0.0065241
-0.61771,-2.9805,0.1521,-0.13667,-4.3009,-0.013131,0.2,0.060627
-0.75737,-2.9232,-3.1362,0.40254,-2.9992,0.045063,-0.95967,0.056344
-0.69863,0.42911,-0.94964,0.58555,-1.1112,-0.19391,0.33592,0.14055
-0.54599,0.60831,0.00025299,-0.45803,2.6828,0.0031757,-0.23401,0.13276
-0.58393,2.3151,-0.083548,-1.1372,-2.2847,0.063237,0.80111,0.02614
-0.43709,0.023958,1.1129,0.055496,-5.4669,-0.026916,2.4929,-0.0078352
-0.44658,2.7923,-1.222,-0.24486,3.5757,0.061344,-2.0646,-0.03524
-0.64577,2.6725,0.13872,-0.21314,5.6256,0.19931,-0.30289,-0.090024
-0.58274,-1.2594,-0.26135,-0.70563,-8.2772,-0.10006,-0.67689,-0.084159
-0.86084,-2.3455,-1.7433,-1.6459,4.2971,0.12758,-2.7593,-0.047555
-0.809,1.711,-0.76019,0.63753,-1.1919,-0.042709,0.53205,-0.083331
-0.57379,-1.8877,-1.414,-0.30523,0.097073,0.025746,0.66613,0.013606
-0.5566,-0.22581,-1.2379,-0.44431,0.59027,0.058411,0.14927,0.11828
4.5218,-1.2483,0.56169,-0.30533,-3.0707,-0.023534,1.4761,-0.021197
4.5177,-2.3991,-1.3329,-1.2852,1.9984,0.049471,0.55859,0.23842
4.4752,-0.57229,-0.057422,0.62695,2.0311,-0.0936,0.06314,0.16657
-0.66098,0.78565,-1.0869,-0.57827,0.27833,-0.011681,1.6483,0.11473
-0.65755,0.94639,0.73816,-0.22563,-0.45283,0.05587,1.0501,0.0011455
-0.75759,0.95381,0.93601,0.19252,-0.40865,0.021709,1.5073,-0.019931
-0.66578,-1.0393,0.20303,-0.55663,2.1965,0.047925,0.2022,-0.05067
-0.63126,2.4924,0.3878,0.39671,3.8085,0.056479,0.86702,-0.12142
-0.61997,-0.013457,0.36598,0.76832,-2.3264,0.0477,0.64582,-0.088369
-0.39597,-4.1465,0.32744,0.037756,-3.1172,0.070547,-1.1325,-0.046557
-0.58891,-3.1474,1.5517,0.15751,-0.6496,-0.041869,2.7809,0.042544
-0.62185,-0.13318,0.64295,0.23229,1.902,0.039993,-0.63515,0.042812
-0.6186,4.6494,-0.60135,-0.14461,1.4055,0.087668,1.3358,-0.0022862
-0.73771,-3.7356,0.16437,-0.10429,-5.2886,0.03054,2.4793,0.16976
-0.66632,0.37914,-0.38294,0.84363,4.1725,0.10798,-3.1986,0.046609
-0.51889,2.4807,0.8009,0.37874,7.1638,0.22548,-1.2175,0.18227
-0.58563,-1.0905,0.29751,-0.83964,-5.7844,-0.047856,-0.032462,0.076471
-0.61865,2.1333,-0.8694,0.15958,-0.93964,-0.0040569,-2.4841,0.0029221
-0.39251,1.2522,-0.11129,0.35455,3.1621,-0.48367,0.75119,-0.044512
-0.53032,1.6287,1.7707,-0.92606,-1.2574,0.022447,-0.27764,-0.094259
-0.57622,-1.3955,-1.8038,-1.339,0.98888,0.021652,1.0259,-0.10056
-0.56387,0.31482,0.87938,0.056479,-3.8462,-0.016231,0.95174,-0.065589
-0.70157,0.51064,-0.43325,-1.0933,3.6611,0.10073,0.2078,-0.094648
-0.57269,1.295,0.11504,0.29027,5.9521,0.42047,0.98477,-0.030688
-0.55559,-3.5238,0.037551,-0.69872,-3.8269,-0.0045703,0.63021,0.14075
-0.55877,-2.1276,-2.0743,-0.92534,3.8455,0.16983,-0.11003,0.021224
4.5456,-1.9831,-1.0935,0.49485,0.70689,-0.065774,0.68681,0.10295
4.5159,0.71284,-1.6717,-0.56191,1.5428,0.0076101,1.6068,0.24134
4.4667,2.9641,0.83631,0.75629,3.622,0.12656,0.5079,0.13201
-0.64446,0.4704,0.92624,0.34814,-0.9379,-0.023354,1.4117,0.079684
-0.88465,0.80422,0.69239,-0.035144,2.1284,-0.043146,1.0463,-0.0043792
-0.66198,1.4937,0.63781,1.0373,2.8952,-0.020755,1.0015,-0.063228
-0.63027,-0.035799,1.5269,-0.36798,-0.083011,0.019726,0.76329,-0.078318
-0.62348,2.446,1.2762,0.56039,0.26152,0.036675,0.76771,-0.1168
-0.5322,0.25609,0.89981,0.43876,-2.2408,-0.085386,1.6548,-0.050451
-0.54537,-7.1608,1.0348,0.16741,3.1417,0.043606,-1.3944,-0.10134
-0.61744,0.98595,0.62313,0.18101,4.8162,0.15024,1.331,0.14442
-0.6093,-1.9853,1.1297,-0.12506,-3.2995,-0.033096,0.64011,0.038528
-0.86655,-7.7966,-2.7231,0.0061616,-1.0764,0.0066347,-1.5728,0.29247
-0.6184,-0.23613,-1.3677,0.021557,0.044017,-0.21546,1.1725,0.17029
-0.57222,0.6629,1.1954,0.028597,2.5995,-0.079462,-0.80598,0.056441
-0.58459,2.7783,-0.36942,-1.75,1.1767,0.056768,2.2032,0.10809
-0.58478,-0.62684,1.1811,-0.18444,-5.3802,-0.043929,2.6126,-0.013895
-0.39677,2.2627,-1.8655,-0.19351,4.8063,0.22632,-2.4919,-0.031735
-0.63073,1.5525,0.5316,-0.39739,6.836,0.30857,-0.0055544,-0.093651
-0.57399,-1.306,-0.64749,-0.98592,-7.0085,-0.0067394,0.14574,-0.12227
-0.57547,-0.86568,0.023502,-0.92735,3.5914,0.092193,-2.0364,-0.069702
-0.70261,1.4597,-0.30465,0.49764,0.40788,-0.19056,1.1221,-0.082139
-0.58583,-1.1402,-0.21326,-0.13229,0.49836,-0.025113,0.30284,-0.10127
-0.55291,0.86668,-2.9224,-0.00074298,1.8472,-0.0049425,1.0374,-0.038574
-0.55722,-2.7883,0.3481,-0.71684,-2.4433,-0.021622,1.5921,0.082288
-0.28952,-1.0528,-0.50763,-1.2491,3.3384,0.032991,1.1388,0.032468
4.5414,0.51527,0.22861,0.30169,5.0739,0.2372,-0.85753,0.17171
4.4987,0.76526,-1.9579,-0.065434,-1.5049,0.010549,1.0014,0.13987
4.4289,-0.38769,-0.087981,-0.40084,1.0513,0.023737,0.071014,0.005721
-0.90066,0.7852,-0.064463,0.46669,0.88601,-0.011617,1.6011,0.023707
-0.64516,0.34837,-0.26396,-0.054342,0.78786,-0.052028,0.48385,-0.08024
-0.63254,1.3153,-0.26123,0.96243,3.087,0.0014943,0.52116,-0.092653
-0.62776,0.15825,0.9168,0.8515,-1.8935,-0.0031648,0.92505,-0.090633
-0.43516,-2.573,0.52356,0.63535,-1.286,0.0023606,-0.8483,-0.051059
-0.53137,-1.3728,1.0262,0.659,0.96417,-0.18401,2.2909,-0.031297
-0.66077,-1.3908,0.63857,0.6761,1.849,-0.0068806,-0.17271,0.019448
-0.62036,3.4654,0.097802,1.3946,2.5531,0.038048,1.5847,0.27577
-0.62979,-2.1346,-0.072551,1.3243,-4.8743,-0.015448,1.2329,0.075254
-0.73199,-1.3399,0.37728,0.55617,3.1886,0.043157,-2.3307,0.21914
-0.57142,2.7451,0.39484,0.73471,5.9431,-0.039873,-0.28016,0.16747
-0.5885,-0.49398,1.0155,-0.35236,-4.8572,-0.17017,-1.3189,0.028331
-0.58452,0.57139,-0.50126,-0.0062024,-6.9145,0.029276,-1.5885,-0.024409
-0.45868,2.0588,0.30463,0.71309,-2.2756,-0.37028,0.61665,-0.015331
-0.53222,0.73017,0.65413,-0.45947,1.5906,0.0065384,-0.40478,-0.09185
-0.58337,2.8054,1.092,-0.53627,-0.24061,-0.023187,0.92251,-0.09735
-0.58508,-1.3709,1.0969,-0.28275,-6.8916,-0.061359,0.90714,-0.10356
-0.69967,1.4315,0.56118,0.12178,3.0169,-0.036837,-2.7294,-0.12108
-0.60204,1.5563,-1.0526,0.53039,3.5822,-0.14791,-1.6454,-0.03339
-0.55231,-2.094,-0.26864,-2.0965,-4.8105,-0.00844,0.39195,-0.065492
-0.5584,-0.9029,-0.84336,-1.7059,2.2032,0.0089835,-1.5566,0.035121
-0.26302,-1.5978,-0.82891,-0.33915,-1.599,-0.015345,0.81743,0.11797
4.5548,-0.084092,-3.2441,-0.37967,1.3322,0.029128,0.56137,0.028258
4.5212,4.1905,-0.46173,0.30523,4.2458,0.20532,-0.064141,0.17163
4.4762,1.1889,-0.56456,0.068322,-2.5608,-0.016956,0.66265,0.072674
-0.7643,1.1257,1.3215,-0.33355,-0.14598,0.03844,0.23969,0.022076
-0.78539,0.75519,0.65172,0.9736,0.47642,-0.056353,0.44442,-0.036043
-0.68702,-0.37085,0.036774,0.80073,-1.0097,0.0013916,0.53197,-0.10453
-0.63404,2.2028,0.17215,0.95677,1.4814,-0.040951,0.56796,-0.090487
-0.25061,-0.11736,1.6941,0.58174,-4.1381,-0.020999,0.16597,-0.093699
-0.50093,-5.648,0.89763,0.13024,0.70984,0.013187,-1.4126,-0.14812
-0.57697,-1.5672,0.35296,0.2879,2.5877,-0.2634,0.8412,0.068002
-0.62272,-1.9301,0.76883,0.4129,-0.13716,0.038292,0.34209,0.11276
-0.59545,4.1628,-0.67794,0.43909,-1.6203,-0.0256,0.29846,0.10687
-0.81876,-4.4772,-0.83927,-0.89794,-5.6647,-0.077306,2.3955,0.11923
-0.62797,2.3952,2.3926,1.5546,4.6976,0.22996,-2.3395,0.12658
-0.59603,5.543,1.5139,0.34735,6.5541,0.44945,0.31162,0.10935
-0.58545,-0.67808,1.5296,-0.51499,-7.0271,-0.086246,0.96163,-0.02935
-0.32385,1.0794,0.022429,0.38793,-2.2222,0.033524,-3.434,-0.01555
-0.55027,2.0012,-0.28893,0.44232,3.877,-0.87759,-0.42432,-0.096741
-0.58063,-0.3074,0.13028,-0.76536,-5.7023,-0.071043,-1.6726,-0.10616
-0.57841,-0.10229,-2.05,-1.3202,-4.9033,0.067992,-2.0112,-0.10648
-0.74365,-1.5124,-0.51826,0.076486,-4.6131,-0.07146,1.8862,-0.092142
-0.58749,0.71577,-0.67876,-0.70876,1.5855,-0.052419,-0.089771,-0.072842
-0.55735,1.4047,-0.81853,-0.40675,4.575,0.16305,0.08502,0.044808
-0.56086,-2.8352,-0.36547,-0.75247,-7.9201,-0.050834,-0.64368,-0.026064
-0.24521,-0.75441,-1.7305,-0.22694,0.94046,-0.047779,-2.6212,0.10748
-0.49463,0.3052,-0.74572,0.59335,-0.86136,-0.20093,-2.1334,0.15727
4.5331,1.2438,-1.0251,-0.17374,-1.9857,-0.027641,0.17278,0.033004
4.4952,4.5182,0.26542,0.87405,-0.94948,0.022807,-0.93693,0.090368
4.4488,-0.61412,0.29808,0.17651,-3.9799,-0.0354,-0.080928,0.0033846
-0.72532,-0.38555,-0.13438,-0.31212,-0.35805,-0.00068767,-0.22967,-0.052081
-0.6924,1.7444,0.09017,0.18494,1.4189,-0.06682,-0.98517,-0.11721
-0.6433,-0.30861,-0.18595,0.2218,-3.1386,-0.038256,-0.035345,-0.10597
-0.63721,1.8668,0.87002,0.35882,-3.3224,-0.044481,-0.40743,-0.085497
-0.51123,-0.75803,1.5031,0.33963,-4.1648,-0.068309,0.5565,-0.046313
-0.6456,-4.9296,-0.19192,0.36385,1.8407,-0.055743,-1.6632,0.016989
-0.63134,1.3373,0.43452,0.72991,2.5877,-0.097951,0.41517,0.24457
-0.62893,-0.56976,0.2153,0.84648,-6.4634,-0.076157,-0.75022,0.10234
-0.7536,-7.4394,-0.92081,-1.1217,-4.1026,0.0144,-2.012,0.2379
-0.64243,-2.575,-0.035773,0.37083,-1.0208,-0.16651,0.42259,0.14235
-0.60586,2.7124,0.6977,0.072343,1.5296,0.038401,0.24779,0.10307
-0.59534,5.5362,0.34704,-0.78881,-0.81218,0.06205,1.0376,-0.014796
-0.41659,-0.95714,1.1418,-0.84324,-7.7885,0.017801,1.9584,-0.020296
-0.63617,1.612,-0.4494,0.91827,4.9,0.18482,-2.8342,-0.092945
-0.59282,2.6083,1.0659,-0.50397,6.5774,0.35552,-0.13135,-0.13597
-0.59244,-3.1653,1.3034,-0.97842,-9.3947,-0.040836,-0.39065,-0.10521
-0.83774,-0.60588,-1.2605,0.10553,3.187,-0.044295,-3.1519,-0.080459
-0.64356,-0.17742,-1.2504,0.87345,1.1723,-0.59273,-0.72125,-0.0031867
-0.56439,-1.1826,0.90097,-0.75151,-3.4573,0.029045,-1.1389,-0.056341
-0.56856,-1.203,-2.8313,-1.1401,-1.3111,0.051782,-0.73571,0.04179
-0.14968,-1.5525,0.31858,-0.14462,-5.9976,-0.057662,0.48115,0.093508
-0.39317,-0.5911,-2.7878,-1.403,3.101,-0.011046,-0.61028,0.16212
-0.72834,3.2561,0.082481,0.19968,4.1827,0.13281,-0.3952,0.12653
4.5154,0.59939,-0.84336,-0.18668,-4.7624,-0.027468,-0.34073,0.043566
4.4734,-0.7076,0.97613,-1.062,-0.80845,0.081347,-0.63881,0.036946
4.434,-0.17931,-0.098799,-0.095416,-0.45627,0.00315,-0.075758,-0.064104
-0.68312,0.59035,-0.27882,0.01297,-2.1583,-0.0046023,0.84772,-0.11463
-0.65062,1.1587,0.33588,0.63392,1.1524,-0.059151,-0.56307,-0.11149
-0.6505,0.30705,1.1807,0.33934,-4.6874,-0.054697,-0.088673,-0.068071
-0.45694,-2.0475,0.93203,0.58195,-0.56718,0.022409,-0.70662,-0.10772
-0.66039,-1.1879,1.3455,0.89546,0.87101,-0.15688,-0.23607,0.060652
-0.64255,-2.3332,0.50528,0.31763,-0.3476,-0.0019968,-0.087921,0.13427
-0.64104,3.9176,1.0269,0.6615,-1.9566,-0.013946,0.061111,0.21062
-0.71409,-0.62429,0.29501,0.20878,-4.7515,-0.033013,0.92702,0.27809
-0.65676,-1.2474,0.22748,0.64349,3.7225,0.024674,-1.7626,0.1489
-0.61451,5.0518,1.0976,-0.35694,4.967,0.13554,0.072022,0.090879
-0.60593,0.32372,1.4105,0.64624,-4.4856,-0.017386,-0.32559,0.023512
-0.44137,-4.3111,-2.7269,-0.75002,-7.6798,0.092007,-3.2248,-0.012873
-0.54444,1.9032,-0.084634,0.18381,-2.2151,-0.20905,-0.26569,-0.075616
-0.60184,0.56924,-1.0554,-0.6329,1.6181,0.036418,-0.90679,-0.11619
-0.60554,2.0281,0.12722,-1.1086,-3.8018,0.087437,1.3062,-0.10012
-0.79987,-2.8104,-0.22948,-0.15566,-7.102,0.03638,1.5943,-0.077612
-0.60842,-0.21338,-0.50892,-0.67173,3.9543,0.049221,-1.267,-0.032782
-0.5703,0.97176,-0.69708,-0.93573,6.166,0.27861,-0.23209,0.056027
-0.57282,-2.6901,-1.295,-1.4138,-7.6864,-0.075253,-0.97935,-0.0017507
-0.50087,1.1842,-2.465,-0.10616,1.4482,0.074801,-3.5105,0.012974
-0.39985,0.49533,-1.9977,0.56903,-0.49099,-0.12971,-0.75725,0.12812
-0.5188,0.77187,-1.1958,-0.54176,-1.3682,0.03853,0.42572,0.15518
-0.57147,4.0476,0.11777,0.92612,1.2154,0.036226,-0.77368,0.075449
4.5032,-0.494,0.9872,-0.12785,-3.5835,0.0038431,1.0008,0.0043337
4.4627,1.0553,0.11569,-1.2071,1.9114,0.035295,-0.96548,-0.067877
4.4305,1.1593,-0.047638,0.93568,3.2109,-0.062045,-0.1575,-0.10774
-0.65138,0.89613,0.21875,0.070468,-1.9762,-0.024086,1.1987,-0.11911
-0.65233,1.1295,-0.49563,0.21414,1.4466,-0.0044162,-0.91926,-0.051741
-0.53639,-0.61999,0.82852,0.25251,-1.7825,-0.0076507,0.9708,-0.074959
-0.58277,-3.3301,-0.62659,-0.55341,2.3156,0.035282,-0.4967,-0.078318
-0.63728,0.25527,-0.47831,0.39271,3.7656,0.01121,0.89668,0.11685
-0.63199,-0.71708,-1.6054,0.66002,-2.279,-0.001907,0.75162,0.11724
-0.84951,-3.7715,0.035797,-0.18604,-2.6984,0.057866,-1.3983,0.40316
-0.69287,-2.9013,0.1315,-0.088627,-0.20333,0.0099718,2.3078,0.23549
-0.6155,2.4628,1.048,0.41835,2.6931,0.023288,-1.4289,0.11395
-0.60691,8.5906,-0.20145,0.69237,4.0913,0.13803,2.6681,0.015286
-0.56255,-1.2377,2.7265,-0.16915,-5.9309,-0.0088379,1.688,-0.0090034
-0.61137,2.0334,-0.33974,0.96371,5.056,0.24576,-2.7143,-0.054613
-0.59224,3.629,2.188,1.1683,7.2511,0.093014,-1.7303,-0.11877
-0.59585,-2.2982,0.74784,-0.49274,-6.1078,0.020766,-0.68598,-0.12249
-0.7478,-0.98961,-1.5076,-0.39503,-2.3839,0.071291,-2.6689,-0.063204
-0.59977,-0.56455,-1.1267,0.36895,0.27198,-0.22972,0.088854,-0.035824
-0.50352,-1.8971,-0.22431,-1.0224,2.8528,0.058623,0.2159,0.031933
-0.57444,0.96239,-1.7353,-0.85535,0.6778,0.028358,1.0645,-0.021513
-0.48748,-2.2947,0.4533,-0.96927,-4.7157,-0.016314,0.49982,0.058534
-0.52532,1.7122,-1.0504,-0.99404,4.6236,0.21993,-0.90071,0.023001
-0.57073,2.8795,0.56114,1.0665,6.5722,0.37152,0.33543,0.12634
-0.56914,0.19848,-0.83702,-0.80545,-2.3594,0.0008782,0.72847,0.10957
-0.66207,1.4095,-0.17633,-1.3636,3.8741,0.11073,-0.12875,-0.017449
4.4904,-1.0051,0.57403,0.48196,0.91689,-0.040874,0.70986,-0.03524
4.4539,1.7364,-1.788,-0.21308,0.76838,0.043304,1.411,-0.10638
4.4243,2.674,0.8496,1.1234,5.3356,0.27901,0.38723,-0.11733
-0.65783,1.241,1.1945,0.19979,-1.177,0.031907,0.68751,-0.07418
-0.49116,-2.3133,1.0301,-0.060726,1.9507,0.062595,-0.04223,-0.057387
-0.59148,-0.51347,0.36622,1.1162,2.0469,-0.039392,2.986,-0.026259
-0.64495,-2.2984,0.47781,0.42484,0.66545,-0.018849,-0.2777,0.0019243
-0.64239,1.7327,0.46098,0.83644,0.7369,0.03405,1.4368,0.22262
-0.85825,-0.83495,-0.34481,0.76801,-3.4227,-0.054704,1.1878,0.26682
-0.74103,-5.8118,1.3896,-0.29137,2.9313,-0.047888,-1.7698,0.1662
-0.61683,0.10938,-0.11664,-0.14668,4.2649,-0.030754,1.1548,0.17365
-0.61552,1.4679,1.6055,0.3142,-1.9166,0.053258,0.65542,0.035413
-0.48519,0.90797,-0.7765,-0.12279,-3.6963,0.018918,-0.071879,0.0021677
-0.52306,-0.54196,-0.11662,0.36573,-4.9125,-0.05797,3.3788,-0.079413
-0.61496,2.6087,0.22655,0.25877,4.0748,0.076983,-1.2194,-0.091971
-0.60461,5.2757,0.87212,-1.0979,4.3639,0.13884,4.4847,-0.14829
-0.75555,-3.6391,0.76852,-0.66957,-7.166,-0.0020225,1.3707,-0.09808
-0.63607,-0.79832,0.4513,-0.132,4.8532,0.17411,-3.1663,-0.061865
-0.58313,-0.0019805,-1.3878,0.020298,5.8412,-0.3777,-1.2522,0.026506
-0.5802,-3.119,-0.45666,-0.43688,-5.8414,-0.063303,-0.69996,0.087618
-0.57736,0.0015516,-2.9489,-0.60109,-0.72221,0.031124,-1.4841,-0.050232
-0.29842,-0.89023,-0.4558,-0.03402,-2.519,-0.072127,0.74521,0.13707
-0.6156,2.2053,-3.0136,-0.81843,3.6082,0.082759,0.26839,0.047144
-0.58053,4.6608,-2.6818,-0.36798,5.4624,0.34429,0.82437,0.1194
-0.57804,-0.18923,0.20934,-1.061,-4.5067,-0.012387,0.062543,-0.014406
4.5282,-0.99627,-2.0504,-0.65944,3.3882,0.028005,0.097279,-0.025431
4.4762,0.18414,-0.0014237,1.0427,1.2846,-0.13493,-1.9045,-0.099857
4.4451,0.36993,0.43767,-0.24344,-0.26667,0.032414,1.0504,-0.1232
-0.61055,2.1761,1.8917,0.26372,3.6334,0.055934,1.1331,-0.079997
-0.51764,-0.88978,0.88256,0.3489,-2.2008,-0.05824,1.0147,-0.089757
-0.54609,-4.6264,0.49161,-0.6842,2.2536,0.012301,0.22482,0.0070839
-0.6532,0.22599,0.43199,0.19927,3.0691,-0.040354,1.2119,0.059702
-0.65369,-1.6226,-0.72835,0.080577,-0.42063,0.015395,0.95582,0.093532
-0.79357,0.71747,-0.12863,0.54274,-2.2735,0.054182,0.028803,0.37829
-0.77031,-0.43283,1.0649,0.4327,-2.1117,-0.066037,1.2438,0.20437
-0.61868,-0.27292,0.54083,1.5397,4.001,0.12965,-1.6605,0.13264
-0.61986,5.042,0.49077,0.28268,4.7055,0.084825,0.67701,0.068269
-0.34681,0.80948,0.32642,0.39676,-3.945,-0.024323,0.41607,-0.029058
-0.48295,-5.4549,-2.5443,-0.62715,-3.5271,0.028531,-2.79,-0.079218
-0.58895,1.3183,-0.34366,-0.83052,1.8218,-0.41342,0.43613,-0.10869
-0.60901,0.26674,-0.50547,-0.067695,-0.24527,-0.019485,-0.72818,-0.11057
-0.62093,0.72529,0.10401,-1.1885,-4.6893,0.08358,-0.49373,-0.034875
-0.72586,-3.4091,0.33505,-0.54289,-7.5476,-0.0092614,1.7044,-0.010366
-0.60244,-0.7062,-0.76383,0.083191,4.2271,0.11159,-1.3238,0.037847
-0.58509,1.2295,-0.042807,-0.18377,5.2046,0.28503,1.5588,0.15209
-0.57533,-2.3751,0.87158,-0.61925,-8.3911,-0.024811,-0.14565,0.0036523
-0.38856,2.2469,-2.3834,-0.24655,2.9513,0.030257,-3.2914,-7.1428e-05
-0.49144,1.68,-1.0222,1.4904,3.127,-0.31199,-1.2574,0.14394
-0.57692,1.1753,-0.50061,-0.59157,-4.6559,-0.042767,-0.73782,0.03809
-0.56876,2.4121,0.072787,-0.58968,0.74428,0.022749,-0.093707,-0.016792
-0.78114,-1.182,0.54733,-0.14015,-2.5364,-0.038243,0.4941,-0.055513
4.5062,1.9336,-0.37058,-0.53006,1.8113,0.026003,-0.48408,-0.050548
4.4748,2.6692,-1.1012,1.5447,4.5429,0.1229,-1.0766,-0.12198
4.4515,0.30645,0.43537,0.77379,-3.4356,-0.013016,0.19548,-0.082333
-0.42678,-2.1319,0.087947,0.23583,-1.2157,-0.024689,-1.4052,-0.037454
-0.6147,-2.2323,0.59354,0.60154,-0.64677,-0.019241,1.3365,0.009323
-0.65328,-2.4298,-0.20947,0.32505,-1.0853,-0.010782,0.54936,0.088859
-0.63661,1.3164,-0.99282,1.1491,0.49888,0.040063,0.53533,-0.001337
-0.75081,-0.70401,0.92798,0.74597,-3.0634,-0.016898,0.54217,0.14158
-0.74443,-2.7103,0.90769,0.84165,0.5856,-0.00016144,-1.0501,0.21135
-0.62882,1.421,0.38216,0.31209,3.5006,-0.12541,0.39269,0.14265
-0.61984,0.83203,0.50114,0.39976,-1.8167,-0.0092486,-0.54332,0.031811
-0.3887,7.9737,-0.037283,1.2723,-0.28881,0.068082,-0.31713,-0.051449
-0.56583,0.03415,1.9317,0.27882,-3.0047,-0.042658,2.0505,-0.0762
-0.62984,1.0323,2.2536,0.70312,4.2366,0.094381,-2.3061,-0.12931
-0.60193,4.2322,2.153,-0.035215,6.1627,0.32564,0.19845,-0.12045
-1.0397,-1.9968,1.3072,-0.29399,-7.0444,-0.021198,0.6268,-0.08686
-0.74167,-3.3439,-2.0425,0.26697,1.3089,0.0067438,-2.1975,0.017574
-0.65056,0.52241,-2.1752,0.21072,4.1,-0.77056,-0.32656,0.072869
-0.58553,-2.5031,0.1057,-0.059455,-2.7889,-0.050513,-1.3714,0.10848
-0.57301,-0.37207,-0.61286,-0.2992,-4.8036,0.083003,-1.5008,0.09049
-0.32843,-1.4393,0.57406,0.052766,-4.6663,-0.05978,0.37097,0.12437
-0.57921,2.1448,-1.4212,-0.19704,2.0733,-0.019658,-0.96651,0.03276
-0.57788,3.7531,0.20916,0.30295,4.807,0.24475,0.16333,0.10424
-0.57247,-0.70053,0.55217,-0.46553,-6.1173,-0.046047,0.37038,0.0015349
-0.754,0.026899,-1.0233,-0.66654,3.8081,0.090851,-1.5958,-0.041251
-0.53927,2.0363,-1.4489,0.55421,0.73559,-0.16715,-0.66437,-0.083769
4.5064,1.4033,-0.58828,-0.51755,-1.5829,-0.0095181,0.98035,-0.080898
4.4825,0.68074,-0.61494,-0.69509,1.5084,0.056845,-0.69028,-0.084037
4.4601,-2.0938,0.74987,0.43057,-1.7823,0.010261,1.151,-0.062498
-0.55245,-3.4297,-1.1399,-1.0883,0.46922,-0.025068,0.66525,-0.0038681
-0.67777,-0.18447,-0.81261,0.41794,2.7003,-0.047831,0.31996,0.072017
-0.64818,-1.6224,-2.4387,0.24159,-2.3261,-0.0092807,0.83098,0.07119
-0.87773,-0.26419,-0.025681,0.46725,-1.3889,-0.059215,-0.97128,0.062039
-0.76521,0.63588,0.63113,0.62349,-0.2777,-0.070452,0.28672,0.14698
-0.62472,-2.0159,1.4867,0.77577,-0.16219,-0.018355,-0.83215,0.1028
-0.61963,3.7948,0.57659,0.98847,2.788,-0.044121,0.70964,0.04196
-0.62266,1.489,1.9438,0.4427,-5.7057,0.0097985,0.40467,-0.060429
-0.38104,-7.2142,-0.33629,-1.1062,-0.27867,-0.032923,-1.6926,-0.068266
-0.65554,0.066151,1.0815,-0.49157,3.1059,-0.34157,0.36106,-0.10862
-0.6111,0.023322,1.1744,0.076781,-0.34117,-0.022757,0.1971,-0.12677
-0.66373,-0.48775,0.027555,-1.0069,-3.2188,0.06049,0.43627,-0.065954
-0.68322,-2.3453,0.51009,-0.24039,-6.5591,0.015645,2.9061,-0.064835
-0.63363,-0.49646,-0.55688,0.12596,5.5443,0.29637,-1.2739,0.062501
-0.58771,2.2102,-0.37893,-0.39614,5.3974,0.27345,3.0529,0.1408
-0.578,-3.0338,0.66398,-0.85649,-8.083,-0.028559,0.47321,0.026895
-0.35413,-0.31495,-1.3809,-0.091344,4.0559,0.11286,-3.5728,0.15669
-0.52427,1.9255,-1.2137,0.70289,4.5937,-0.18369,-0.33225,0.12975
-0.58571,0.37103,-0.54538,-1.1702,-5.0577,-0.021211,-1.0915,0.030132
-0.58349,-1.9889,0.42168,-1.2004,0.69527,0.030918,-0.5919,0.0059644
-0.82968,0.8473,0.75016,-0.53538,-2.4203,-0.076177,1.274,-0.020661
-0.55181,1.1816,0.1731,-1.0228,2.5809,0.0021617,0.42547,-0.083477
-0.55639,2.7376,-0.70133,-0.28973,5.2314,0.27478,0.15877,-0.11315
4.5106,0.12062,1.5471,-0.023576,-4.6569,0.017692,0.5374,-0.09
4.4937,-3.8137,-0.79201,-0.3148,1.2103,0.040872,-1.4335,-0.037065
4.4712,-3.4441,-0.84271,0.73834,0.087728,-0.016449,0.24119,-0.021197
-0.69801,-1.4222,-0.83406,-0.07792,-0.63258,0.015106,1.6047,0.019667
-0.65336,1.3832,0.39558,1.0742,2.5951,0.027947,0.28972,0.093167
-0.72961,-0.71365,0.76512,0.44488,-3.3623,-0.0077405,0.10587,0.11865
-0.75304,-1.6893,1.0357,0.1734,2.2387,-0.012579,0.057547,0.042252
-0.59362,2.0548,0.64219,0.71017,3.711,0.0032527,0.84849,0.13851
-0.61958,1.1517,0.29988,0.029181,-0.0050175,0.061684,0.65146,0.052109
-0.62166,6.2372,0.011572,0.79536,-0.51134,0.077952,0.95134,-0.038939
-0.49426,1.4321,1.9112,0.57256,-2.7686,-0.0053083,1.9307,-0.09516
-0.56071,0.13402,2.7973,0.61466,3.8055,0.088695,-1.8192,-0.12035
-0.60471,4.5656,2.6682,0.32621,5.1436,0.22304,0.9518,-0.1315
-0.60482,-1.0546,0.74721,-0.17656,-4.5795,-0.0023562,0.89212,-0.069434
-0.73224,-4.334,-2.0705,-0.83775,-1.2146,0.027196,-2.3351,-0.078853
-0.62704,0.30537,-2.0902,0.17567,2.8627,-0.36032,-0.18532,-0.01465
-0.58679,-2.4826,-0.40341,-0.064208,1.3598,0.032574,-0.047932,0.082385
-0.58305,0.65729,-1.0651,-0.71243,-4.3916,0.065997,-0.0070828,0.070435
-0.43783,-2.0726,0.49486,-0.36502,-5.9855,0.035006,1.692,0.16436
-0.52693,1.3655,-1.0518,-0.3742,4.6195,0.15062,-1.3181,0.1268
-0.57678,3.8508,-0.5544,-0.47509,6.1243,0.36982,1.638,0.072115
-0.57378,-0.85997,0.25645,-0.56117,-7.1113,0.033537,0.070455,0.00029364
-0.89363,0.93593,-1.5067,-1.2304,4.4262,0.12506,-2.4735,-0.031905
-0.5416,2.8925,-1.0073,0.64767,1.7307,-0.085906,0.57152,-0.077344
-0.54857,-0.5701,-0.31641,-0.73866,0.3123,0.052468,0.94511,-0.13593
-0.54949,1.8209,-0.5855,0.24299,3.1332,0.019495,1.3082,-0.10027
4.5115,-1.9229,0.017142,-0.26634,-2.301,-0.019683,1.3375,-0.077904
4.495,-4.0709,-1.4055,-1.3387,2.9757,0.074705,0.76093,-0.096839
4.4716,-1.7918,-0.82104,0.60965,3.8588,0.06581,-0.52182,0.069632
-0.64396,-0.81017,-1.4262,-0.067156,-0.010252,0.039223,2.1238,0.124
-0.8644,1.0111,0.17558,0.36179,0.56101,-0.009685,0.45151,0.1491
-0.79884,-0.63549,0.12531,0.21567,-0.66417,0.015176,1.0956,0.12826
-0.5935,-1.4182,-0.7617,-0.051689,3.0856,-0.016032,0.83642,0.050113
-0.61972,2.9618,-0.0051175,0.45902,4.3357,0.14318,1.0657,0.05778
-0.62351,0.9746,0.86591,0.98099,-2.7772,-0.016924,0.4332,-0.045364
-0.45647,1.2959,1.0109,0.7674,-2.5529,0.020253,-1.7323,-0.055051
-0.64657,-0.90595,1.4775,0.11871,1.7217,-0.066961,1.9941,-0.15805
-0.60523,1.4368,1.0138,0.52151,2.8287,0.031663,-0.2682,-0.12497
-0.60759,5.5517,0.21867,0.30126,2.6952,0.046943,1.6014,-0.072598
-0.66848,-4.1755,0.79946,-0.71357,-5.1978,-0.023977,1.6291,-0.059894
-0.70607,-0.42787,-0.92984,0.69029,5.2651,0.2505,-2.5804,-0.075957
-0.58639,1.4759,-0.63624,0.82075,7.1985,0.16055,-1.0925,0.12245
-0.58756,-3.0706,1.0033,-0.72686,-6.2969,-0.058285,-0.45357,0.078662
-0.48936,-1.2622,-1.2041,-0.16332,-3.2746,0.07004,-1.6825,0.20169
-0.46798,0.41724,-0.63504,0.67198,1.1221,-0.33524,0.67908,0.14961
-0.59196,1.4274,-0.26355,-0.69254,1.8026,0.0044335,-0.11579,0.079586
-0.57927,1.1602,-0.32669,-1.095,1.0324,0.040089,0.5409,0.01144
-0.81189,0.19085,1.5394,-0.81658,-3.9452,0.034859,1.2103,-0.016865
-0.61577,2.3098,0.27913,-0.40021,4.141,0.15447,-0.12114,-0.060308
-0.54739,3.5199,0.00071552,0.010645,5.5027,0.29585,0.55637,-0.10862
-0.55352,-2.737,-0.14688,-0.98825,-1.5772,-0.0044483,0.91406,-0.089197
-0.54939,-1.752,-1.0808,-1.0069,3.0667,0.07115,0.77962,-0.090973
4.5197,-3.2455,0.7682,-0.0055473,0.50709,-0.01188,1.0734,-0.03081
4.5002,-1.2123,-2.7508,-0.38257,1.9133,0.033421,2.2373,0.068853
4.476,1.5151,-0.80256,0.99907,4.2523,0.1644,-0.22767,0.096842
-0.64931,0.36281,-0.54453,0.40569,-1.7734,-0.006181,0.43493,0.058315
-0.84545,-1.1586,0.071515,-0.37921,1.401,0.0023927,0.62332,0.22121
-0.56965,0.94053,0.055268,0.97282,1.9025,-0.047234,1.6304,0.096258
-0.62102,0.31924,1.0421,0.67949,0.37594,-0.027166,1.0544,0.027528
-0.62339,4.3897,0.67812,1.3482,0.83105,-0.018342,1.2098,-0.036238
-0.36007,1.4442,1.3565,0.84547,-3.9516,-0.034617,1.2042,-0.099443
-0.55358,-7.1263,1.3228,-0.71126,3.0317,0.009022,-1.177,-0.11276
-0.61334,-0.59955,1.6888,-0.29366,4.0182,-0.080624,1.2673,-0.16129
-0.61702,-0.36814,1.1412,0.70739,-2.6946,-0.061519,-0.33116,-0.10015
-0.74903,-5.7065,-1.9845,-0.81626,-4.0616,-0.016231,-0.74245,0.007814
-0.69826,-3.0856,0.41899,0.24809,-4.9796,-0.11842,2.705,0.022733
-0.58855,0.032602,0.65586,-0.070695,3.9651,0.12711,-0.15544,-0.0091251
-0.59082,3.5032,0.75436,-1.003,3.2138,0.063468,3.4086,0.098424
-0.31082,-3.5109,0.59863,-0.75807,-7.8902,-0.07961,1.5239,0.17509
-0.46158,0.8408,-1.4892,0.45787,4.9299,0.13386,-3.5395,0.2224
-0.58945,3.1268,-0.13265,-0.036512,6.3723,-0.21561,-2.118,0.084089
-0.58257,-0.43296,-0.84144,-1.0094,-8.6691,-0.11205,-0.7093,0.026262
-0.78808,-0.23735,0.24875,0.23681,1.1166,0.0011862,-2.7667,-0.03064
-0.62281,0.81355,0.48342,-0.1132,-1.8262,-0.11405,0.19365,-0.10124
-0.59464,0.8567,-0.80681,0.21472,-0.17729,0.041084,-0.34482,-0.094308
-0.55546,3.6158,-2.5727,0.91668,3.4197,0.084652,-1.3617,-0.089075
-0.54781,-2.792,0.78552,-0.40301,-5.9419,-0.053908,0.64613,-0.059505
4.5492,-3.8075,-0.25432,-0.96984,2.3137,0.023577,-1.461,-0.094527
4.5295,-2.4387,0.20915,0.74919,2.665,-0.11893,-1.1939,0.098789
4.5012,-0.18651,-0.78788,-0.28345,-1.6104,-0.0056484,1.2642,0.15065
-0.59431,1.1234,-0.4157,0.039978,0.24418,0.023513,0.23544,0.019253
-0.83575,-0.80068,0.32512,-0.087792,-1.5067,-0.057585,1.38,0.15143
-0.61424,-1.0331,-0.35854,-0.6925,0.57783,0.03319,0.85223,0.12118
-0.62663,2.0731,-0.96791,0.31393,3.2462,-0.02646,0.34678,0.044832
-0.62677,0.76471,0.2934,0.62237,-2.7534,0.00013377,0.9562,-0.022803
-0.50071,0.65591,0.30402,0.54473,-2.8828,-0.026082,-1.0851,-0.13028
-0.6521,1.2421,1.7186,1.1172,-0.92397,-0.095403,1.5024,-0.14077
-0.6125,0.063659,1.2999,0.80418,1.5885,-0.012329,-1.1973,-0.13454
-0.61221,5.0241,0.43448,1.3803,1.5878,-0.036966,0.73234,-0.10168
-0.74425,-2.4658,0.76003,0.58045,-5.9331,-0.12361,0.41749,-0.069799
-0.71597,-4.7676,-2.8079,0.56746,1.7605,-0.015884,-3.2806,0.0011455
-0.58704,0.81206,-1.9799,0.26318,4.9758,-0.40055,-1.0163,0.099008
-0.59682,-1.9486,0.29667,-0.3649,-4.3428,-0.073263,-1.4828,0.07136
-0.26019,-1.2151,-1.2135,-0.67022,-5.9131,0.027581,-0.60375,0.22002
-0.47205,0.78733,-0.042056,0.75676,-5.2029,-0.23887,1.1979,0.14664
-0.59914,1.2335,0.63253,-0.41538,1.9064,-0.082511,-2.0326,0.093483
-0.58042,3.0705,-0.31951,-0.93857,-0.38088,0.079602,0.96622,0.037871
-0.68646,-1.4547,1.9843,-0.5291,-7.8735,-0.041073,0.49479,-0.030226
-0.71442,3.0616,-0.56042,0.072086,3.5479,-0.03393,-2.6132,-0.053566
-0.61081,3.0896,-0.38911,0.99391,4.5202,-0.10244,-1.6354,-0.10772
-0.56225,-1.0675,-0.028122,-1.7238,-4.6008,-0.024394,-0.30774,-0.087274
-0.55314,-1.1444,-0.74481,-1.6587,1.7043,0.084941,-1.8,-0.045632
-0.25901,-2.7395,-0.86138,-0.005528,-1.3597,-0.02682,0.60965,-0.050427
4.55,0.57024,-2.5652,-0.25736,0.22618,0.047514,1.0432,-0.064664
4.5308,2.1817,-1.8501,0.85132,2.5925,0.014669,-1.0781,0.17976
4.4918,0.7827,0.22826,-0.2957,-2.9474,-0.016218,-0.04232,0.036971
-0.92859,-2.0239,-0.60793,-0.052434,1.2998,-0.019497,0.73076,0.15907
-0.64765,0.24941,0.19784,0.92372,1.2146,-0.06132,0.67161,0.14781
-0.63276,1.2872,1.0168,-0.23138,-2.0096,0.041289,0.79462,0.061747
-0.62563,3.1458,1.0902,0.89295,0.55803,-0.015121,0.31494,-0.015964
-0.31922,2.2796,0.91148,0.72881,-2.7091,-0.0469,1.4551,-0.051205
-0.58603,-4.5118,1.6868,-0.12263,3.0398,0.024694,-0.76722,-0.12987
-0.62153,1.013,1.1376,0.020844,3.7311,-0.086008,0.83649,-0.13916
-0.61822,-1.5024,0.74808,0.51787,-1.9199,0.009253,-0.16436,-0.10227
-0.89386,-1.5093,-1.4035,-0.36335,-2.9471,0.02599,-0.56019,0.0097367
-0.77428,-3.5072,0.68127,0.21106,-2.8871,0.007116,2.4067,-0.011218
-0.59081,-0.91281,4.4992,0.88881,4.2799,0.16239,-1.698,0.08735
-0.59695,3.1891,0.78204,0.15634,5.284,0.31807,2.5322,0.16397
-0.36894,-2.2326,-0.74325,-0.1167,-6.6777,-0.046919,1.6547,0.078394
-0.42961,0.25339,-2.2126,0.25043,3.5879,0.089677,-3.4081,0.20059
-0.63146,2.1736,-0.1266,-0.25791,5.9909,-0.37429,-1.4878,0.12055
-0.593,-0.13424,0.22531,-0.91974,-6.3143,-0.026351,-0.79084,0.03977
-0.97677,1.3889,-0.19161,-0.41754,-2.3357,0.058135,-0.62195,-0.044245
-0.7428,0.50678,-0.15432,0.32788,-0.62437,-0.091572,0.25124,-0.08613
-0.63495,1.7244,-0.89421,-0.061664,2.1515,-0.020826,-0.7357,-0.088394
-0.56806,2.1924,-1.062,0.044513,5.0271,0.23691,0.59926,-0.1083
-0.55494,0.22348,0.82316,-0.32203,-6.8121,-0.032987,0.19391,-0.05948
-0.43292,-2.1549,-0.014991,-0.47019,3.3554,-0.0011626,-0.78365,-0.059821
-0.5027,-2.0097,-1.245,0.57409,1.2383,-0.092573,-1.5789,0.030108
4.5421,0.17011,-0.41124,-0.31335,-0.91406,0.034198,1.4242,-0.039134
4.5152,2.4694,-0.03046,0.25384,0.66484,0.012475,0.1739,0.075498
4.4808,-1.4485,0.58481,0.2944,-2.0354,-0.030786,1.3253,0.15428
-0.65751,-1.3882,-0.1427,-0.81482,0.74951,-0.030933,-0.07378,0.15866
-0.64207,1.6287,-0.38288,-0.15161,2.7592,-0.015814,0.36279,0.10495
-0.64008,0.93381,-0.26144,0.34227,-2.0786,0.049305,0.83937,-0.0078109
-0.37432,2.5468,0.30782,0.46686,-1.6695,0.029051,-0.76483,-0.025164
-0.50236,0.69477,1.7948,0.56908,-2.5432,-0.05756,0.6024,-0.10599
-0.63022,-2.2574,0.065271,0.99001,2.5514,0.035276,-1.1218,-0.12412
-0.63289,1.4273,0.30257,0.6287,2.8257,-0.035554,0.8706,-0.066806
-0.73887,-1.4602,0.37854,0.98708,-5.5755,-0.025453,-0.27273,-0.023996
-0.73675,-10.075,-1.1648,-0.80013,-3.9993,-0.011828,-2.2604,0.0212
-0.53956,-1.4777,0.57132,0.048758,-0.60192,-0.247,0.21208,0.0405
-0.6027,-0.74228,-0.15934,0.19138,1.3052,0.01465,-0.0036406,0.15146
-0.43928,4.6916,-1.0116,-0.53731,-1.3737,0.028948,1.0874,0.066395
-0.42665,-1.2663,-0.28747,-0.52614,-7.0194,-0.017238,1.8024,0.1278
-0.5517,0.847,-0.32082,0.50097,5.0871,0.23019,-3.4788,0.10599
-0.59854,2.5394,0.3607,-1.0193,6.3363,0.36321,0.88684,0.041303
-0.52804,-1.4124,0.73724,-0.64228,-8.5639,0.041976,0.30508,-0.04955
-0.79301,2.2987,-0.98479,-0.40639,3.814,0.086744,-4.713,-0.08209
-0.65798,1.7022,-0.42839,1.0456,3.0168,-0.50622,-0.98904,-0.11957
-0.57484,0.39886,1.8457,-0.64808,-4.0155,-0.007779,-0.43162,-0.087956
-0.5634,0.077806,-1.5252,-1.3903,-0.23058,0.028852,0.46132,-0.0413
-0.38873,-1.737,-0.18823,-0.10644,-4.9883,-0.0088507,0.054638,-0.04147
-0.46463,-1.7485,-2.3326,-0.60051,3.4645,0.056678,-0.016401,0.075035
-0.56493,0.83746,-1.4946,0.091888,4.2238,0.16309,-0.32258,0.087545
4.5255,0.18974,-0.53031,-0.094023,-4.312,-0.0011626,0.041685,0.038601
4.5059,-0.56371,-0.26685,-1.0039,0.32317,0.07663,-0.68437,0.26127
4.4627,-1.8734,0.39964,0.25612,-0.73081,0.019226,0.54074,0.15121
-0.65149,0.38602,-0.78866,-0.23386,-0.5452,0.010293,0.14586,0.06345
-0.64387,2.3315,-0.040199,0.66872,1.6487,-0.026435,0.35255,-0.011729
-0.55594,0.57583,1.7519,0.75019,-3.4965,-0.015416,0.57837,-0.063058
-0.59294,-1.311,1.6152,0.50529,-0.19189,0.0041126,-1.2286,-0.080046
-0.62339,-0.093468,1.7123,1.0266,0.35012,-0.15772,0.99939,-0.12811
-0.63238,-1.1789,1.1316,0.60184,0.23981,0.031624,-0.7105,-0.087055
-0.94867,3.8461,0.87702,1.1562,1.0945,-0.011315,0.55326,0.026213
-0.75219,-2.8787,1.0301,0.11191,-5.7281,-0.046663,0.72261,0.1304
-0.5644,-4.9939,3.8629,2.0356,3.7065,0.04324,-2.9742,0.093337
-0.60777,3.1441,1.6783,0.72481,5.9115,0.12712,0.40383,0.033393
-0.61418,-0.89323,0.43485,0.35412,-4.5503,-0.038339,-0.58041,0.083408
-0.42305,-1.6778,-3.7078,0.43956,-6.8543,0.079499,-1.7421,0.03646
-0.61651,0.81123,-0.78998,0.65239,-1.6808,-0.17546,1.8769,0.12403
-0.60004,1.1005,0.87704,-0.63949,1.8277,0.0027264,-0.43365,0.028842
-0.59728,2.436,0.12363,-1.426,-3.4223,0.0093172,1.7887,-0.059821
-0.75254,-1.0573,1.1346,0.19452,-6.0426,-0.0081448,1.5186,-0.097885
-0.63458,2.108,-0.34763,0.10681,3.5909,0.015754,-3.2609,-0.12264
-0.58053,0.80873,0.18262,-0.63588,5.6497,0.17545,-0.6703,-0.10601
-0.57764,-1.1225,-0.48952,-0.77534,-7.8367,-0.043948,-0.5141,-0.061427
-0.45694,-1.6693,-2.7017,-1.8204,2.3408,-0.0056676,-3.944,-0.10105
-0.49121,0.42187,-1.8966,0.18356,-0.70521,-0.025806,0.56274,0.055857
-0.57343,-0.47424,-1.8164,-0.57862,-0.17821,0.0096573,0.43112,0.14912
-0.56961,2.905,-0.066461,0.42479,0.34358,0.073377,1.2258,0.0060617
4.5265,-2.0407,-0.4299,-0.22554,-2.5136,-0.033539,0.82377,0.12118
4.4915,-1.6384,-1.2752,-0.79034,2.0178,0.060978,-0.50755,0.24382
4.4477,0.048702,-0.058264,0.39644,2.6065,-0.047535,-0.51265,0.077007
-0.64838,1.5934,-0.33056,-0.0033892,-0.98281,0.0039907,1.5784,-0.0099039
-0.44831,0.16398,0.77155,-0.15493,0.73747,0.027241,-1.1918,-0.081409
-0.4595,1.2779,1.3878,0.2208,-0.99212,0.022024,1.6566,-0.096133
-0.67564,-2.7646,-0.26489,-0.39912,2.3692,0.057262,-0.29598,-0.10653
-0.63925,1.0633,0.69557,0.23028,2.221,-0.060056,1.6901,-0.088321
-0.80872,-0.75511,-1.1162,0.98206,-1.9862,-0.012246,-0.12402,-0.021343
-0.68548,-3.7693,-0.9701,0.11627,-3.2502,0.049362,-0.83265,0.039259
-0.55141,-3.8626,1.1546,0.012045,-1.7722,-0.075176,1.8277,0.2335
-0.61069,0.65961,0.0034393,0.6378,2.5889,-0.044904,-1.5545,0.10261
-0.61731,6.1672,0.68777,-0.13324,3.4635,0.044299,2.2164,0.14128
-0.45467,-1.9334,0.12162,-0.28722,-6.7201,0.017634,1.67,0.14622
-0.60344,0.31507,-0.13641,0.84095,4.6655,0.15884,-3.9071,0.049943
-0.60888,3.1527,0.7284,0.17876,6.9949,0.13688,-0.8469,0.04011
-0.60926,-0.70277,0.23717,-0.46439,-6.1201,-0.03841,-0.44978,-0.040497
-0.87167,3.143,-1.3928,-0.06591,-1.4636,0.0087332,-3.4378,-0.10166
-0.63678,0.37141,-0.99726,0.4604,1.2098,-0.26576,-0.69965,-0.13554
-0.58125,-0.081157,1.8455,0.08305,0.7356,0.0098306,-0.44649,-0.11249
-0.58268,-1.7119,0.76006,-1.514,1.3964,0.020946,-0.037799,-0.090657
-0.34725,-1.3299,1.9385,-0.51042,-4.708,-0.018586,0.09403,-0.081506
-0.42147,0.68381,-1.0239,-0.82553,4.908,0.23147,0.19811,-0.043928
-0.58343,1.9236,0.70047,0.67224,6.2012,0.38882,0.56782,0.025362
-0.57682,-1.9375,-0.72336,-0.40258,-1.9761,-0.018515,1.1381,0.13992
-0.74043,-0.96646,-1.2933,-1.5746,3.5217,0.037663,-1.773,0.03702
4.5192,-1.9648,-0.86522,0.19903,0.88146,-0.012573,-0.23264,0.14269
4.4769,1.962,-1.5329,0.14102,0.39178,0.011159,1.3466,0.073624
4.4387,2.9005,0.74982,1.1245,4.7982,0.2663,0.32627,-0.022827
-0.47356,1.9101,1.1611,0.26854,-1.3532,-0.011546,0.73312,-0.064445
-0.60427,-0.50241,0.95441,-0.14758,3.007,-0.033564,0.75122,-0.13371
-0.60624,1.2719,1.5644,1.2513,3.0822,-0.075509,0.98155,-0.12166
-0.63967,-2.4038,0.80973,0.3588,-0.45474,0.0063972,0.69122,-0.10268
-0.71747,1.087,0.4649,0.65009,-0.6979,0.031849,0.76341,0.017476
-0.79707,-1.5882,-0.37088,0.48181,-2.6578,0.017602,1.5972,0.11712
-0.57975,-7.1099,0.71125,0.28727,3.2416,0.032882,-1.6849,0.075376
-0.61304,0.48856,0.12346,0.28077,4.8274,0.061126,0.43884,0.28531
-0.61262,0.42413,1.3311,0.18905,-1.7832,0.01834,1.2675,0.032566
-0.41117,-1.0774,-3.2643,-0.38352,-4.9283,0.066471,-1.8306,0.19237
-0.53883,0.20641,-0.78006,0.31085,-3.7545,-0.10584,2.5697,0.11748
-0.60561,2.1774,0.42116,-0.30536,3.048,-0.064285,-0.45538,0.0085198
-0.59826,4.5063,2.2142,-2.0049,1.5637,0.04385,3.1719,-0.04057
-0.73169,-1.5465,1.5,-0.017918,-6.8796,-0.0089534,1.9947,-0.10003
-0.61743,1.1897,0.40272,-0.48788,4.137,0.083638,-2.86,-0.1461
-0.5809,0.55732,-0.79518,-0.34906,5.6805,0.030142,-0.50037,-0.10726
-0.58485,-2.1844,-0.33404,-0.60227,-6.8855,-0.022096,-0.68173,-0.071868
-0.41891,-0.33636,-2.0466,-1.0458,-0.37223,-0.0034793,-2.9933,-0.084767
-0.54999,-0.34456,-1.4748,0.23406,-2.5887,-0.16838,0.33176,0.052425
-0.58202,-0.51406,-2.2617,-0.35913,0.28965,-0.033122,-0.76442,-0.023484
-0.57097,3.0131,-1.2732,-0.12964,1.351,0.022877,-0.55583,0.10171
-0.78603,-2.6705,-0.083857,-0.60145,-4.8882,-0.019671,-0.19716,0.19991
4.5867,-0.80068,-0.089003,-0.93795,3.1305,-0.019677,-0.19281,0.04106
4.5047,1.1889,0.17409,0.85411,3.2388,-0.070985,-1.0329,0.093216
4.4621,2.2733,-0.15011,-0.37475,-0.99563,-0.056417,0.90473,-0.002919
-0.38943,1.5242,-0.48748,-0.055395,1.3777,-0.020556,-0.17272,-0.053761
-0.55651,1.8441,0.91581,0.90906,-2.2714,0.027639,0.6365,-0.1048
-0.66454,-2.3356,-0.055643,-0.51457,1.3044,-0.044769,0.56779,-0.12001
-0.63902,1.1784,0.54236,0.42673,1.3437,-0.068296,1.199,-0.087371
-0.64886,-1.1592,-0.5804,0.63896,-1.5218,0.030995,0.87432,-0.03889
-0.65138,-2.021,-0.73087,0.30012,-3.0373,-0.03067,-1.2805,0.14092
-0.61056,-2.7534,0.0172,0.24234,-1.2494,-0.1361,2.3454,0.18312
-0.61434,-0.59602,0.6787,0.86343,3.4717,0.074705,-1.0337,0.16961
-0.61229,6.0951,-0.039287,1.0575,4.364,0.14774,1.1957,0.15216
-0.37062,-0.56748,0.26501,0.81324,-4.6411,-0.021525,-0.13235,0.16178
-0.57828,-4.6088,-0.53491,0.46314,-0.82032,-0.02648,-1.7337,0.10188
-0.61163,2.6398,1.5457,0.33281,4.7962,-0.31602,-0.04153,0.047144
-0.60352,0.26424,0.89774,-0.16241,-3.4085,-0.075118,-1.5484,-0.04349
-0.8365,-0.065802,-1.0254,-0.35159,-6.7752,0.072196,-1.274,-0.11775
-0.60537,1.0397,0.02769,-0.10341,-4.9467,-0.20088,1.1439,-0.13731
-0.5816,-0.2874,-0.41381,-0.58487,2.1107,-0.063168,-0.0077378,-0.1128
-0.58372,0.095017,0.060677,-0.31861,3.5856,0.081238,1.1227,-0.048504
-0.14812,-3.5014,0.82087,-0.61723,-7.8832,-0.075657,-0.29106,-0.044269
-0.43512,0.25035,-1.9378,0.27833,2.9535,-0.026685,-2.4609,-0.051838
-0.59834,0.4276,-1.1412,1.0277,3.6106,-0.22468,-1.1528,0.15189
-0.57827,-1.4524,-1.135,-0.93289,-4.8002,-0.015801,-0.038364,0.059629
-0.74547,0.7673,-0.62095,-0.36777,0.25201,0.018719,0.92758,0.11729
-0.71663,-0.88681,-0.015287,-0.02953,-2.4602,-0.010577,0.46781,0.13369
4.5247,1.0617,-1.1575,-0.58559,1.4856,0.050434,0.078803,0.030886
4.4848,3.4259,-0.37783,0.96271,4.4855,0.15389,-0.47559,-0.0051824
4.4454,1.6079,-0.62965,0.55912,-3.1359,0.0091247,-0.075784,-0.048601
-0.46348,0.28153,-0.20431,-0.28292,-0.81863,0.010017,-1.0929,-0.11463
-0.6862,-0.48651,0.95288,0.5911,-0.30796,0.035943,0.17574,-0.12259
-0.64966,-2.4767,-0.7304,0.11403,-0.33841,0.03869,-0.23227,-0.10594
-0.64949,2.8816,-0.11199,1.1124,0.25201,0.032318,0.32991,-0.053712
-0.8444,-1.6844,1.2261,0.82725,-4.2797,-0.0098262,-0.02096,0.040792
-0.62527,-4.9964,0.52521,0.66241,-1.2272,0.052956,-2.1682,0.10134
-0.61996,-1.7716,0.16419,0.23796,1.8025,-0.15008,0.94931,0.25017
-0.60999,0.78838,0.93141,0.1989,-0.0049726,0.031323,-0.43759,0.1305
-0.39581,6.1811,-0.059664,1.0175,0.84678,0.066157,1.8699,0.24253
-0.53634,-1.8,1.2971,0.065933,-5.6466,0.026503,2.1905,0.10497
-0.6191,1.6122,3.7479,1.6283,4.4971,0.10519,-2.5924,0.024412
-0.6163,4.8823,2.455,0.50932,6.8276,0.34296,-0.70221,-0.04753
-0.75715,-1.5567,1.9245,-0.38744,-6.9008,-0.041022,0.90736,-0.081433
-0.66396,1.0742,-0.77526,0.17409,-0.11239,0.028043,-3.1997,-0.1278
-0.58353,0.21957,-1.3935,0.7029,3.4973,-0.78495,-0.20615,-0.11675
-0.58328,-1.6858,-0.25804,-1.0753,-3.6847,-0.065723,-2.1464,-0.048601
-0.31039,-1.4944,-0.2134,-0.57016,-2.9462,0.067466,-0.8631,-0.0048903
-0.45023,-2.0558,-0.17464,-0.47688,-4.0419,-0.044923,2.1212,0.039478
-0.50498,0.79168,-1.6243,-0.55943,2.8452,0.030091,-0.7489,0.010175
-0.58271,2.8365,-0.11977,0.4426,5.6749,0.23749,-0.2988,0.068853
-0.71576,-1.6812,-0.37784,-0.35141,-6.8713,0.010087,0.11455,0.069827
-0.82369,0.05795,-1.738,-1.2136,3.5502,0.036489,-0.91167,0.13099
-0.6017,0.97049,-0.57902,-0.080477,0.59212,-0.094229,-0.56818,0.051671
4.5051,1.6836,-0.94499,-0.35233,-0.36797,-0.033783,1.4104,-0.014309
4.4649,4.7522,0.096986,0.63509,1.8207,0.075597,0.71791,-0.081628
4.4334,-0.0097382,0.8127,0.27495,-2.1443,-0.054652,0.88011,-0.11986
-0.57888,-0.56319,0.27679,-0.57356,0.12371,0.011352,1.0633,-0.12948
-0.6506,1.5725,0.55325,0.54001,2.7907,-0.077274,-0.56919,-0.086763
-0.64497,-0.77474,0.30045,0.23538,-2.6656,0.046237,0.75159,-0.031175
-0.84466,0.68282,0.795,0.52118,-1.9004,0.026728,-0.83217,-0.058604
-0.69127,-1.4775,0.4014,0.46523,-2.8411,-0.021108,0.66877,0.17195
-0.62479,-4.4959,0.1563,0.23981,2.9264,0.033607,-1.5381,0.20249
-0.61018,2.4979,-0.15507,0.53104,4.3271,0.01988,0.75431,0.23343
-0.38968,-0.069906,1.5085,0.98528,-5.6904,-0.048832,-0.42446,0.18137
-0.57355,-4.8302,-0.84007,-0.75927,-3.7773,-0.0065854,-2.4769,0.082531
-0.61547,-2.0674,0.036703,-0.14192,-0.3183,-0.21899,1.3683,0.021103
-0.60845,2.6618,0.97795,0.41793,1.2009,-0.005135,-0.79148,-0.031759
-0.73238,5.2788,0.20762,-1.1198,-0.65902,0.071111,0.5148,-0.067244
-0.63383,-2.203,0.67444,-0.90829,-6.6611,0.043362,2.7645,-0.1314
-0.57132,0.2427,-0.89144,0.18832,5.8614,0.34855,-1.1619,-0.10616
-0.58726,1.1135,0.7274,-0.66727,6.5999,0.3696,0.12726,-0.019907
-0.44929,-2.8185,0.43073,-1.0417,-9.2479,-0.057033,-0.75698,-0.001191
-0.40949,-1.9023,-1.3469,-0.37031,3.2769,-0.039822,-3.1975,0.049115
-0.58707,0.31955,-1.5487,0.70081,1.9493,-0.37988,0.39545,0.11692
-0.57787,-0.060806,-0.040964,-0.37724,-3.6337,-0.039424,-0.34616,0.025629
-0.69101,0.38345,-0.41447,-0.86303,-0.93744,0.064527,-0.78987,0.020129
-0.74697,-0.88837,0.27241,0.53078,-4.3799,-0.010968,0.41237,0.12028
-0.61304,1.2916,0.066401,-0.78445,1.6912,-0.022283,-2.0105,0.047874
-0.55975,3.455,0.11498,0.067776,4.5262,0.14041,-0.28243,-0.026527
4.4998,1.291,0.28269,-0.11241,-4.8842,-0.092856,0.2026,-0.046167
4.4636,-1.9332,0.46986,-0.40737,-0.56163,0.091089,-0.49951,-0.14834
4.4351,-1.1481,0.43685,0.60231,-0.25089,-0.03094,-0.38647,-0.13746
-0.65036,-0.5411,0.31454,-0.13566,-2.0803,-0.0062131,0.1881,-0.099613
-0.64818,0.85047,-0.60808,1.0085,1.0767,-0.035612,-0.77714,-0.035751
-0.82482,-1.6528,0.93653,0.4126,-4.4135,-0.018939,-0.04571,0.017208
-0.68833,-1.5851,1.4385,0.4594,1.21,0.0069171,-0.78095,0.025946
-0.62245,0.084286,1.5087,0.68739,2.3384,-0.1346,-0.37563,0.20033
-0.62042,-0.53716,0.17377,-0.027886,0.49844,0.035019,0.79947,0.12123
-0.54082,4.6179,-0.35052,0.38338,-1.2396,0.020452,0.62405,0.32316
-0.51145,1.6191,0.93045,0.77677,-3.964,-0.048755,0.82939,0.10923
-0.60976,-0.026962,1.1151,1.156,3.4076,-0.061474,-2.4965,0.0052586
-0.61258,5.7255,2.2997,0.0031043,4.5004,0.066061,0.98285,-0.026819
-0.70273,-0.5358,1.8002,0.47253,-4.3659,0.011384,-0.074012,-0.10039
-0.63996,-4.2973,-0.2519,0.54036,-3.8937,0.018892,-1.5897,-0.095841
-0.51559,0.37792,-0.028919,0.034146,0.38347,-0.31894,-1.0356,-0.098762
-0.58712,-1.9919,-0.41601,0.10406,0.75639,0.027023,-0.38708,-0.008468
-0.57577,-0.53268,-0.79112,-0.90386,-2.7573,0.028993,-0.54308,-0.02088
-0.37681,-2.5338,-0.16786,-0.27873,-5.0754,-0.00052082,2.1341,0.046706
-0.60554,-0.34461,-1.7375,-1.0964,4.0571,0.090941,-1.3023,0.12332
-0.58799,3.2596,-1.7044,-0.22615,6.1354,0.36891,0.28021,0.052109
-0.58267,-0.88481,-0.031289,-0.74786,-7.7554,-0.0052313,0.019626,-0.024434
-0.73625,1.7371,-3.978,-1.5582,4.9473,0.21641,-2.9946,0.066201
-0.56045,2.8084,-0.59723,0.66401,1.8366,-0.073943,-0.46273,0.063962
-0.55885,1.3522,-0.63284,-0.46691,-0.24084,0.073633,0.34115,-0.034315
-0.55836,3.4191,1.322,0.060962,2.5505,0.020599,-0.22539,-0.055148
4.4917,-0.8788,0.80871,-0.2776,-0.93264,-0.0096657,0.85074,-0.114
4.4637,-1.3045,-1.23,-0.93283,3.494,0.082541,1.095,-0.15783
4.4432,-0.11141,-0.71524,0.61951,4.6001,0.14903,-0.53074,-0.098689
-0.66267,-0.65757,-1.1585,-0.11303,-0.23534,0.034544,1.791,-0.072112
-0.79149,-0.51281,0.40425,0.00041314,1.0968,-0.0079651,0.15562,0.048385
-0.72241,-2.0193,-0.005959,0.42122,0.66815,0.050479,1.0376,0.072577
-0.62848,-2.6071,-0.24768,-0.24002,2.5513,-0.010346,0.31468,0.038918
-0.62684,1.4021,-0.27398,0.56259,4.231,0.076014,1.0082,0.22819
-0.40349,0.62967,0.369,0.72978,-2.9472,0.040917,0.65275,0.18195
-0.48439,-2.2893,0.29693,0.48033,-2.6919,0.017268,-1.7756,0.18845
-0.66874,-1.3372,0.86528,-0.068466,1.175,-0.10548,2.4447,0.00029364
-0.61909,2.6084,1.5526,0.36929,2.0615,0.035237,-0.27951,-0.027306
-0.60277,8.0295,0.76501,0.72322,1.397,0.054368,0.85026,-0.13678
-0.61075,-2.5238,1.5209,-1.1255,-5.0033,0.057134,2.2671,-0.13215
-0.59,1.8706,0.14599,0.77746,5.7083,0.35768,-1.7561,-0.11285
-0.59067,2.5955,0.934,0.86265,7.657,0.37425,-0.95848,-0.046484
-0.58796,-2.4059,1.1109,-1.0606,-6.7858,0.016274,0.18023,-0.04955
-0.43723,-2.3637,-0.72724,0.042316,-0.34143,0.036284,-2.6993,0.078224
-0.54074,-0.54034,-0.76962,0.45833,3.1841,-0.42951,0.4721,0.12456
-0.58876,-1.222,0.9681,-0.45923,0.050254,-0.021435,-1.2471,0.16389
-0.57854,1.2276,-1.9836,-0.65348,0.70362,0.0088295,0.34686,-0.025626
-0.86807,-0.32945,0.16702,-0.47132,-3.1759,0.011769,0.81083,0.097061
-0.60004,2.3901,-1.2852,-0.89445,3.9427,0.056223,-2.999,0.022684
-0.56013,4.3327,-0.13509,0.25178,6.439,0.42219,0.78419,0.010662
-0.56451,0.17985,-0.041754,-0.80688,-2.6517,-0.016995,0.9153,-0.073596
4.515,0.7752,-0.67934,-0.5355,3.524,0.094201,0.28354,-0.062644
4.4814,-2.7281,0.54877,0.38476,0.83002,0.020221,1.0394,-0.14094
4.4578,-0.43766,-1.622,-0.64249,2.4325,0.013174,2.2004,-0.10618
-0.50821,2.0814,0.086765,0.67456,4.8487,0.23485,0.44211,-0.055221
-0.85932,-1.4223,0.041894,0.29104,-0.96636,-0.034097,0.80855,0.011878
-0.81138,-2.571,0.46985,0.076428,1.5362,0.0049726,0.21389,0.16981
-0.62957,0.36012,0.71457,1.51,3.0492,-0.038525,1.9544,0.078126
-0.63535,-1.8469,0.47037,0.4721,1.0891,0.066112,0.63448,0.10899
-0.38006,3.2191,-0.45423,0.90079,1.7838,0.062043,1.782,0.22092
-0.54053,1.2296,0.72984,0.36046,-3.0182,0.0099846,1.1467,0.1186
-0.60031,-4.877,2.7206,0.00065079,3.8164,0.1431,-1.1322,0.032736
-0.61548,1.1227,1.0709,-0.44778,4.8988,0.049234,1.3341,-0.044293
-0.73871,1.2503,1.814,0.38599,-2.6611,-0.036144,0.023267,-0.075105
-0.74373,-3.8327,-2.2289,-0.75789,-3.8262,0.062396,-0.41921,-0.12831
-0.59805,-2.2454,-0.32897,-0.10129,-4.579,-0.10934,2.5018,-0.11137
-0.59886,1.3231,0.59203,0.19606,4.9614,0.23523,-0.27586,-0.091655
-0.59027,4.3634,0.73088,-1.4867,4.6188,0.22213,4.3586,0.031884
-0.39055,-4.6017,-0.18777,-0.16439,-7.4037,0.0011862,1.9041,0.054105
-0.59833,-0.65646,-0.77407,-0.7459,4.8931,0.13635,-3.2113,0.096453
-0.59289,1.6231,-1.1489,0.36948,6.3435,-0.27097,-1.5601,0.1361
-0.5831,-0.75973,-0.48598,-0.64513,-7.6144,-0.054749,-0.74076,0.017939
-0.72455,-0.36033,-0.76888,-0.61536,-0.33447,0.043317,-1.0926,0.028818
-0.61157,0.76629,0.339,0.25464,-1.8096,-0.049352,1.4227,0.071871
-0.56437,1.5798,-0.34449,-0.61607,1.0897,0.035552,0.39189,-0.0086384
-0.5637,4.9027,0.33245,0.71268,4.6991,0.21651,0.51794,-0.058458
-0.36481,-0.21908,1.4183,0.077417,-6.4159,-0.056321,-0.74019,-0.099102
4.5094,-2.8159,-0.060717,-0.026878,1.3319,-0.064888,-3.2755,-0.089294
4.4832,-1.932,0.56633,0.69115,1.502,-0.10256,-2.0289,-0.086714
4.4621,-1.225,0.25966,0.011589,-0.42762,0.0021104,1.6045,-0.04865
-0.85434,0.0055718,0.21504,-0.20269,0.15573,0.042354,0.35889,0.088932
-0.80691,-2.508,0.82241,0.040762,-2.184,-0.027904,2.0453,0.12325
-0.64029,-2.9955,0.27368,-0.55614,2.0018,-0.046983,0.25751,0.17331
-0.63778,1.2724,0.2474,0.16711,3.3421,-0.046759,0.95503,0.029791
-0.43292,0.26561,-0.34824,0.19671,-2.3866,0.01698,0.65714,0.10986
-0.44882,2.7523,0.57853,0.48545,-2.3151,0.032138,0.049378,0.085501
-0.68784,1.5224,1.9012,0.23659,-2.3376,-0.05154,1.6567,0.00029364
-0.62701,0.79284,1.0027,1.4517,3.087,0.033145,-2.0017,-0.091095
-0.6438,6.2101,1.4654,0.65912,3.1319,-0.061538,1.293,-0.086422
-0.73846,-0.65939,1.3355,0.27066,-5.0374,-0.059299,0.057849,-0.1268
-0.63571,-7.0363,-0.41332,0.38551,-0.95008,0.01456,-1.8561,-0.12991
-0.60192,0.86738,-0.98398,0.042913,2.9469,-0.59846,0.046122,-0.056681
-0.59117,-0.55163,-0.036056,0.11642,-1.4189,-0.074823,-1.514,-0.021756
-0.41152,-0.16696,-1.3169,-0.87965,-5.6083,-0.0026963,-0.32976,0.10144
-0.50083,-3.142,0.46523,-0.25311,-8.2575,-0.11711,1.3884,0.18864
-0.60202,-0.19332,-1.4715,0.37274,3.6995,0.018552,-2.152,0.12994
-0.60024,3.512,0.26983,-0.5379,3.9605,0.10727,2.8066,0.15192
-0.80592,-2.7929,0.64115,-0.23134,-8.2766,-0.067147,0.16517,0.099032
-0.59062,2.5766,-3.9618,0.25768,4.1176,0.098443,-2.6572,0.018401
-0.56724,3.2232,-0.66385,1.5237,3.0798,-0.26237,-0.77061,-0.027062
-0.56445,-0.77609,1.0158,-1.3865,-3.8342,-0.0124,0.94515,-0.060624
-0.22441,1.6088,1.7788,-1.0592,2.0953,0.084825,0.76838,-0.098835
-0.45821,-2.1212,0.46912,-0.31875,-1.8746,-0.081137,0.7815,-0.12149
4.5093,-0.29455,-1.8872,-0.45511,1.5608,-0.022937,0.079561,-0.088905
4.4898,0.8326,-1.4744,0.59689,4.2824,0.14609,-1.234,0.010954
4.4675,-0.42655,-0.70102,0.27315,-3.025,-0.056738,1.2572,0.041206
-0.77194,-1.8301,-0.1184,-0.15801,-0.69503,-0.021891,-0.559,0.087253
-0.70392,-1.508,-0.18853,0.90175,-0.7717,-0.056019,0.17886,0.17475
-0.64394,-1.1347,-0.91596,0.25619,-1.2166,-0.018419,0.60912,0.12656
-0.63708,2.5627,-0.93158,1.1215,1.3795,0.01843,0.45511,0.010589
-0.49867,1.4541,1.1003,0.48887,-3.0693,-0.062636,0.98469,0.090368
-0.59703,-2.2519,1.6582,0.29132,0.74039,-0.037524,-1.4983,0.028136
-0.63126,1.8009,1.0004,0.18433,3.1429,-0.18901,0.45952,-0.096522
-0.62542,0.73348,1.2054,0.25926,-1.1957,0.0078219,-0.13642,-0.079121
-0.69502,6.2694,0.38257,1.2741,-1.2219,0.087072,0.86961,-0.15941
-0.66358,-1.6892,1.2754,0.16101,-4.0143,-0.049679,2.2183,-0.1229
-0.60984,-0.064704,1.2001,0.99687,4.5265,0.17166,-2.1281,-0.057265
-0.59602,4.3633,0.74212,0.56221,6.6458,0.34129,-0.36348,-0.03008
-0.2639,-3.4061,0.72431,-0.4765,-6.8523,-0.022841,0.59405,0.01312
-0.43373,-3.9305,-0.78056,0.46492,0.59689,0.01148,-3.0372,0.1096
-0.60248,1.0777,-0.73496,0.21228,4.3056,-0.52943,0.2358,0.1828
-0.59591,-0.26269,-0.14698,-0.42872,-2.9009,0.0045233,-1.3643,0.094846
-0.78063,1.061,-1.5169,-1.1575,-4.2248,0.078446,-1.2136,0.10792
-0.56707,-0.053812,0.83563,-0.50098,-3.3926,0.0024826,2.0179,0.05116
-0.57617,2.302,-1.8287,-0.41021,2.862,0.025887,-0.23339,-0.018982
-0.56832,3.7365,-0.34386,-0.41505,5.5315,0.28877,0.67608,-0.06335
-0.3262,-1.0444,-0.57981,0.34391,-5.9626,-0.078166,0.19675,-0.094527
-0.51407,-1.7545,-0.45526,-0.83873,3.6401,0.09553,-3.0906,-0.12166
-0.53845,-0.67602,-0.73079,0.81676,1.0851,-0.066968,-1.1167,-0.083794
4.5166,0.023142,-0.5793,-0.41453,-0.2505,0.055183,0.85505,-0.031419
4.4997,-0.025671,-0.33585,-0.088582,1.9512,0.029885,-0.67749,0.069511
4.4717,-2.7089,0.59732,0.27811,-1.1274,-0.0048398,0.81533,0.11982
-0.64228,-3.0875,-0.26927,-0.60277,1.7461,0.029481,0.26258,0.11787
-0.64791,0.55535,-1.1336,0.22569,3.1793,-0.042029,0.275,0.13371
-0.6486,0.96193,-0.31655,0.35091,-1.8298,0.016075,0.79298,0.012682
-0.49783,1.2076,-0.38081,0.5027,-0.81188,-0.016122,-0.78124,0.033491
-0.64053,2.0232,1.7749,0.61528,-1.4015,-0.0039542,1.2763,0.0061104
-0.63282,-2.1095,0.28581,0.22205,2.7946,-0.013587,-0.96225,-0.055537
-0.62872,3.6024,0.9407,0.95094,3.1789,-0.0013423,1.6146,-0.11826
-0.69661,0.05734,1.7342,0.83965,-5.3113,-0.026473,0.34358,-0.14289
-0.67322,-7.979,-0.89177,-0.87702,-0.48817,-0.030317,-2.151,-0.11517
-0.61372,-2.3444,0.28012,-0.10437,1.8047,-0.12621,0.49524,-0.088029
-0.60171,-0.47911,0.88248,0.16237,2.3724,-0.033038,0.83348,-0.027573
-0.39945,2.0636,-0.47167,-1.1431,-0.85936,0.012051,1.2731,-0.062376
-0.48222,-2.9563,0.62309,-0.87738,-6.3958,0.042245,2.2772,0.16161
-0.61277,-0.21456,-1.2378,0.47341,5.9009,0.37308,-1.8024,0.17034
-0.59975,4.1592,0.14885,-0.49252,7.1527,0.48762,0.87759,0.078613
-0.78059,-2.3234,-0.43453,-0.6653,-7.7519,-0.0032033,0.056905,0.11931
-0.55569,1.368,-2.5491,-0.41111,4.091,0.18192,-3.6025,0.056368
-0.57685,2.2954,-0.68764,0.95525,2.7876,-0.51949,0.36055,-0.0023105
-0.57229,0.30161,2.6258,-0.67244,-1.5265,-0.060909,-0.097445,-0.054686
-0.5379,-1.5098,0.67969,-0.23162,0.54238,0.019624,0.24793,-0.074691
-0.45823,-0.38869,2.3771,-0.099566,-4.1972,0.0049148,2.0374,-0.1266
-0.66042,-1.9371,-0.17809,-1.7523,4.344,0.17953,0.41604,-0.070335
-0.56382,0.12042,-0.22164,-0.29419,5.2074,0.24709,0.16127,-0.027013
4.5079,0.062779,-0.25743,-0.10556,-1.9966,-0.05,0.50694,-0.016305
4.5005,-2.1978,-0.2637,-1.2229,1.6927,0.07853,-0.33013,0.11602
4.4713,-3.174,-0.41234,0.079588,1.0743,-0.0056933,0.90736,0.15053
-0.6531,-1.6044,-2.207,-0.42122,-0.078881,0.030469,0.37606,0.1699
-0.65484,2.7296,-0.083009,0.59382,3.1759,-0.028886,0.36236,0.012195
-0.47636,1.1835,-0.071645,0.75481,-1.6233,0.0084893,0.82958,0.078443
-0.64769,-0.41038,1.3331,0.41576,-0.10324,-0.016635,-0.74944,0.025337
-0.64486,2.0627,1.2804,0.76908,2.0237,-0.098676,1.3382,-0.077369
-0.64713,1.0193,1.7292,0.49681,1.2549,0.069712,0.068528,-0.088442
-0.8398,5.964,1.4299,1.3827,1.5638,0.042534,2.1447,-0.16496
-0.67502,-0.66357,1.7571,0.77742,-4.5652,-0.003075,1.4271,-0.12096
-0.61982,-5.9743,2.2567,1.0271,4.1611,0.15552,-2.1154,-0.096717
-0.6145,0.70433,0.35906,-0.021624,5.8457,0.20187,1.3965,0.010175
-0.37693,-1.9525,1.0695,0.1691,-2.5069,0.0020719,0.5672,0.050138
-0.48459,-4.4971,-3.2432,-0.26386,-6.2219,0.07174,-1.6158,-0.0060829
-0.63515,-0.55754,-0.94676,0.16195,-3.0383,-0.064356,2.2927,0.18794
-0.61426,0.17907,-1.1951,0.077058,4.5877,0.23632,-0.77492,0.15912
-0.72548,4.6323,-0.96622,-1.276,1.0107,0.067396,2.852,0.13656
-0.68456,-1.8685,1.0472,-0.57809,-5.8144,0.04548,2.1434,0.056636
-0.52573,2.6098,-0.44432,-0.089771,5.6418,0.35041,-2.0532,0.0062321
-0.57876,2.577,-0.0069869,0.10306,6.5645,0.21892,-1.034,-0.040326
-0.61337,-0.27291,-0.28909,-1.123,-5.4877,-0.072384,0.090774,-0.071114
-0.39706,-2.4499,-0.96602,-2.5134,2.3998,0.0034195,-1.0151,-0.10453
-0.52112,0.29216,0.26503,-0.49398,0.70525,-0.0033381,1.0949,-0.11711
-0.57394,-1.1915,-1.9144,-0.20819,3.0108,0.0066539,1.3453,0.01346
4.687,3.966,-1.7589,-0.13019,4.4416,0.25594,0.93632,-0.055051
4.5155,-2.028,-0.10774,-0.38667,-2.11,-0.0058602,1.1218,0.096501
4.4944,-2.2451,-1.152,-0.61739,3.1296,0.06461,1.5276,0.14158
4.5333,-1.4519,-0.37166,0.9305,1.8357,-0.026762,2.1427,0.11612
-0.65764,0.9446,-0.28407,-0.14553,0.40986,0.025804,1.8878,0.050989
-0.38529,2.5157,1.2529,0.56289,3.109,0.001552,0.96836,0.18297
-0.57338,1.3136,1.1743,0.20852,-0.35321,-0.014415,1.7914,0.02709
-0.64306,-1.643,1.4659,-0.10564,3.5318,0.12276,-0.29595,-0.047433
-0.6372,1.6631,1.0841,-0.058209,4.4976,0.1304,1.7686,-0.14001
-0.72932,-0.24889,0.8753,0.76017,-1.0329,-0.037024,0.5428,-0.15187
-0.65203,4.8912,0.77279,1.5306,-1.3682,0.053085,0.31704,-0.12575
-0.62106,-2.9495,1.2946,0.37963,-2.1235,-0.083358,2.0789,0.021589
-0.62052,0.36611,1.1542,0.79921,4.8254,0.26078,-1.3947,-0.0033814
-0.43585,3.8432,0.39538,-0.24548,6.3467,0.44227,0.71333,0.082921
-0.49854,-2.992,0.45356,-0.49286,-6.512,0.0018793,0.59641,0.13167
-0.6248,-4.0263,-1.7669,0.25997,1.8119,0.017686,-2.0971,0.038236
-0.60836,2.001,-0.13812,0.29658,5.299,-0.30167,-0.21441,0.20147
-0.82446,-0.32652,1.2951,0.024576,-1.7252,-0.031216,-0.074538,0.096696
-0.64475,1.3263,-1.5125,-0.47135,-4.0605,0.027119,-0.8499,0.04123
-0.61579,-0.14978,1.5354,-0.20049,-4.6132,-0.080669,1.1898,-0.021464
-0.5845,1.9061,0.14189,0.39534,3.5451,0.075533,0.51095,-0.083112
-0.57746,2.9149,0.81436,-0.35729,4.6264,0.20916,1.48,-0.065151
-0.44466,-2.0915,0.87869,-0.035414,-5.2404,-0.0037552,0.52097,-0.12604
-0.58438,-0.28263,-0.80952,0.60719,3.7862,0.12004,-2.2427,-0.098056
-0.57347,0.89258,-1.0813,1.1361,3.2577,0.017224,-1.1559,-0.036651
-0.56743,-0.70749,-0.01352,-0.39091,0.82926,0.012616,1.5274,-0.0060099
4.5342,1.1301,-0.4798,-0.65055,2.7513,0.0090348,0.15603,-0.016183
4.5161,-3.0021,1.0295,0.15524,2.1788,-0.045584,2.2929,0.19298
4.4802,-1.1783,-0.87846,-0.39802,2.793,-0.0091588,0.7635,0.15878
-0.6748,1.0506,-0.91418,0.90061,4.4066,0.21175,1.3732,0.095625
-0.39268,1.8937,-0.88232,0.57298,-0.19859,-0.047221,1.272,0.09874
-0.65002,0.78611,0.47607,0.14035,2.1366,0.016871,-0.88162,0.0050639
-0.65298,1.6901,1.0609,0.47506,2.6886,0.0072764,2.4341,-0.056122
-0.64723,-2.1698,0.37423,0.27859,2.1999,0.0001466,0.32185,-0.090754
-0.85958,2.9413,0.85173,1.167,2.707,0.016242,2.5845,-0.1443
-0.68818,-0.96944,1.7626,0.92412,-3.1572,-0.054774,0.95901,-0.10346
-0.61814,-5.6651,-0.19137,-0.55287,-1.0743,0.035449,-1.1969,-0.043953
-0.62879,-4.3558,0.086945,-0.13469,2.4172,-0.17911,1.9879,0.04841
-0.27614,0.10899,1.9077,0.76638,-0.27986,-0.022456,-0.36562,0.073672
-0.49538,1.3854,0.77669,-0.28318,1.2954,-0.01487,2.0826,0.10538
-0.66567,-3.6633,1.0263,-0.59262,-6.1693,-0.023515,2.874,0.19191
-0.61976,0.43972,0.059149,0.8323,4.9993,0.23534,-2.8197,0.05481
-0.80817,5.1804,0.31495,-0.7603,6.0723,0.44202,1.3039,0.10972
-0.79647,-1.8669,0.031769,-1.0274,-7.9597,-0.072121,0.73579,0.042009
-0.63004,1.935,-0.98641,-0.62615,3.515,0.12497,-2.9718,-0.01869
-0.59314,1.4019,-0.33583,0.87352,3.364,-0.71314,-0.56372,-0.096109
-0.58367,0.80106,1.3888,-0.92773,-2.9079,-0.094916,-0.73493,-0.065978
-0.47121,-1.9089,-0.029227,-1.3436,-2.7104,-0.028604,-0.083985,-0.1046
-0.58596,-1.352,0.4914,-0.94603,-4.2263,-0.02261,0.58196,-0.086349
-0.58607,0.0076461,-0.99649,-0.69213,3.3311,0.063487,0.053309,-0.06958
-0.58723,3.2948,-0.82014,0.61776,4.876,0.22861,0.70883,0.0058914
-0.75916,-2.5094,-0.43588,-1.2101,-4.6528,-0.047593,0.66122,0.084308
4.5362,-3.2655,-1.2858,-1.3942,2.5285,-0.041298,0.12157,-0.0023592
4.5106,-2.4504,0.042157,0.75745,-0.38901,-0.11188,-0.4378,0.17338
4.466,1.1544,-0.8676,-0.063893,-1.3296,-0.0049425,1.8304,0.085768
-0.27334,2.6294,0.75334,0.74027,3.5862,0.1702,0.019581,0.10826
-0.62595,1.5772,1.0501,0.60743,-3.4073,-0.056847,0.47593,0.031105
-0.66103,-1.0436,1.5478,-0.17341,1.7748,0.0023029,0.066094,-0.045827
-0.66066,2.2867,1.5732,0.70326,2.4371,-0.065312,1.6101,-0.068096
-0.63055,-0.97347,1.1327,0.24104,-1.7995,0.013084,0.88859,-0.10755
-0.7105,1.5895,0.67207,0.18269,-2.0975,-0.036048,0.8401,-0.11994
-0.63194,-1.0259,1.3533,1.047,-3.1425,-0.12782,1.04,-0.023071
-0.63193,-5.4684,2.2796,1.6855,2.7395,0.0081043,-1.5821,0.074987
-0.2266,1.7871,0.49917,0.55951,3.5439,0.024828,0.78637,0.096234
-0.48025,-1.7763,0.073525,0.5099,-2.7979,-0.03085,-0.061945,0.063402
-0.59206,-6.8024,-2.2278,-0.8107,-3.8702,-0.015076,0.13879,0.16937
-0.62845,0.40266,0.38866,0.41519,1.021,-0.24111,0.62803,0.10835
-0.68601,0.59382,2.1583,0.47887,1.2104,-0.073366,0.2222,0.022636
-0.74677,3.0011,-0.31822,-0.51113,-3.4224,0.0046581,0.51466,0.10721
-0.67447,-0.23952,0.34089,0.0067397,-6.8227,-0.017277,1.6771,-0.030275
-0.59808,2.4708,-1.0314,0.1758,4.1665,0.11189,-1.6034,-0.082845
-0.58551,3.2069,-1.1239,-0.51579,5.0045,0.24989,0.8816,-0.076857
-0.38241,-1.9236,0.6267,-0.61533,-7.7046,-0.038185,0.43978,-0.12502
-0.54911,1.4629,-2.4104,-0.74394,3.3676,0.058424,-3.2707,-0.097739
-0.58749,-0.34529,-1.4115,1.0963,2.8075,-0.17667,-0.31236,-0.036676
-0.58165,-0.81481,-1.27,-0.68543,-1.9061,0.0089386,0.3053,-0.053493
-0.74069,0.53955,-0.34059,-0.38865,-0.070019,0.027838,-0.4443,0.077785
-0.59496,-4.1296,-0.71899,-0.10317,-2.234,-0.056424,0.7553,0.14798
4.5347,0.23125,-0.47241,-0.58825,1.2743,-0.03128,0.8134,0.02322
4.4972,2.5157,-1.5866,0.8048,3.8323,0.10599,-0.15803,0.098862
4.4594,2.3806,-0.74644,0.49536,-3.8217,-0.12557,0.20886,0.098351
-0.63131,-0.054981,-0.44868,0.074257,-0.092799,-0.0040889,-1.8929,0.040768
-0.68832,0.72105,0.91647,0.30615,-0.43089,-0.054415,0.076119,-0.042249
-0.65003,-0.13779,0.070532,0.26677,-1.0033,-0.022648,0.35308,-0.082869
-0.74287,1.623,0.36591,1.1067,-0.039775,-0.013555,0.45746,-0.084865
-0.7174,-0.54897,1.6507,1.0313,-3.6449,-0.043877,0.77007,-0.094892
-0.65974,-4.1799,1.9827,0.17814,-0.16375,0.01182,-1.7957,-0.080046
-0.62862,-3.079,0.48921,0.28761,2.5971,-0.13739,1.1044,0.1378
-0.6354,-0.84071,0.90604,0.18992,-1.1176,-0.034097,-0.30372,0.080171
-0.46262,3.5861,-0.6296,0.21392,1.0277,0.0062625,0.93924,0.10585
-0.6002,-2.4431,0.97876,-0.023679,-5.0643,-0.06322,2.1834,0.13766
-0.61751,-0.28145,1.1746,0.6887,4.158,0.19116,-2.0719,0.1782
-0.60455,5.0518,2.273,-0.014918,5.739,0.22922,0.7172,-0.018057
-0.6893,-0.43212,0.11236,-0.30738,-6.6939,-0.021326,0.28228,0.056465
-0.67088,2.4049,-1.6496,-0.318,1.3105,0.074461,-1.63,-0.014479
-0.59833,2.7026,-0.25583,0.3135,2.8034,-0.66866,0.25096,-0.089172
-0.58791,0.32661,1.4748,-0.99969,-2.5529,-0.06698,-1.5212,-0.083526
-0.44979,0.29399,-0.29097,-0.22719,-4.1867,0.051012,0.13013,-0.14011
-0.53151,-2.2501,2.2072,-0.24944,-4.0559,-0.049268,1.8303,-0.11458
-0.58312,1.3831,-0.12827,-0.45185,2.3475,0.031143,-0.38299,-0.090827
-0.57795,4.0436,0.68416,1.2627,5.5554,0.26045,-0.66495,-0.040545
-0.74015,-2.9344,-1.4071,-0.66411,-5.4153,-0.039161,0.03988,0.081972
-0.61795,-1.867,-2.9603,-1.3658,4.2534,0.23225,-0.79032,0.19517
-0.55751,-0.74458,-1.0461,0.10489,0.31406,-0.03488,-0.40205,0.1361
4.5185,0.53271,-0.89977,-0.39899,0.4693,0.0076294,0.6871,0.024632
4.4891,4.0361,-0.04124,1.1975,2.9351,0.077542,0.65832,0.16523
4.4406,1.6993,1.0295,0.51448,-2.5884,-0.056789,0.48904,0.044199
-0.69007,-1.6082,1.0728,-0.042498,0.98185,0.03672,1.0742,-0.03451
-0.65731,1.443,1.3659,0.92027,1.7778,-0.012701,0.70537,-0.084646
-0.84764,0.18706,1.8322,0.22471,-2.4313,0.032754,0.27348,-0.10441
-0.77238,2.8452,1.0086,0.71588,-0.3956,0.0067374,0.82483,-0.098518
-0.60589,-1.4773,0.455,0.042175,-2.2617,-0.016083,2.2661,-0.054856
-0.63063,-7.3619,1.3282,-0.40105,3.1116,0.012622,-1.555,0.043493
-0.63334,0.31892,0.096684,-0.071356,4.527,0.077432,1.1682,0.077907
-0.38622,-1.0431,0.12523,0.84648,-2.7052,0.020413,0.6625,0.22274
-0.67503,-4.2429,-2.1543,0.17595,-3.9309,0.048278,-0.73727,0.16616
-0.62838,-1.357,0.61412,0.45584,-3.618,-0.10853,2.4147,0.10867
-0.62677,2.7177,-0.4406,-0.36035,3.9837,0.15447,-0.0043663,0.03444
-0.98704,7.4288,0.50943,-1.1098,2.7553,0.04102,3.1238,0.014799
-0.65618,-1.4872,-0.4088,-0.35934,-6.6984,-0.021788,1.7562,-0.014698
-0.60033,1.0236,-0.094058,-0.080644,4.2721,0.17484,-4.1188,-0.095062
-0.59259,0.83894,0.052789,-0.82789,6.51,0.17652,-1.015,-0.097326
-0.3581,-0.90757,0.46125,-0.48954,-7.5861,-0.026557,-0.73638,-0.1239
-0.49957,-0.74241,-1.503,-0.79034,0.61855,0.025939,-2.6837,-0.084986
-0.59949,0.66051,-1.2916,0.4871,-0.22629,-0.13084,1.457,-0.082942
-0.59148,-0.1668,-1.0315,-0.22456,0.32072,0.0093814,-0.90492,-0.062547
-0.72834,2.4993,-1.1799,-0.48808,1.0301,0.016351,-0.74555,-0.024288
-0.70072,-2.8302,-0.11762,-0.69015,-4.5723,-0.072442,-0.36532,0.13792
-0.55878,-0.46056,-0.48586,-0.18731,2.8252,-0.063091,-0.83791,0.22019
-0.51326,2.3218,-0.59252,0.27895,4.1168,0.077728,-0.68548,0.03517
4.5073,2.0344,0.50394,-0.40291,-2.7658,-0.017688,0.20522,0.050697
4.465,1.6804,0.018613,-0.93502,0.29656,-0.016783,-0.72904,0.034634
4.4161,-0.51378,1.333,0.337,-1.3138,-0.077909,0.84929,-0.045437
-0.66344,-0.56592,-0.98377,-0.39432,0.36514,-0.023964,-0.1862,-0.10438
-0.71851,2.3775,-0.43127,0.2589,2.4544,-0.04844,0.22237,-0.10928
-0.78424,-0.86094,-0.58742,0.81601,-2.5374,-0.0063094,0.16751,-0.11667
-0.60488,-2.0514,-0.11985,0.43233,-3.0464,-0.037742,-1.1484,-0.07345
-0.63095,-2.7719,1.1277,0.71509,0.085641,-0.17197,1.6416,0.20205
-0.63474,0.18778,0.60161,0.64834,1.4136,-0.043916,-0.87368,0.077761
-0.46104,3.9219,-0.30762,1.2749,3.7621,0.14282,1.157,0.20549
-0.54568,-1.2515,0.33888,0.68534,-5.1856,-0.057264,0.52547,0.2949
-0.6295,-5.3838,-0.23194,-0.90592,2.0068,-0.035464,-2.5949,0.15124
-0.6196,3.332,1.105,0.37382,4.4144,-0.20018,0.35893,0.052036
-0.76231,0.93286,0.9508,0.27716,-2.4496,-0.053125,-1.0391,0.03938
-0.69099,0.16086,-0.68118,-0.065364,-5.2492,0.066118,-1.0231,-0.03227
-0.60358,0.52257,1.2313,0.59346,-4.5313,-0.0802,1.4349,-0.1093
-0.59908,0.08304,0.46098,-0.29228,3.8478,0.14976,0.32878,-0.099492
-0.37327,0.83888,-0.03479,-0.56741,1.667,0.014137,2.4709,-0.13838
-0.55616,-3.0137,1.4786,-0.62378,-6.8286,0.0060635,1.4195,-0.071673
-0.58958,-0.39666,0.057562,-0.45306,4.5598,0.26072,-3.885,-0.014187
-0.58866,2.1308,0.65247,0.57393,5.4109,0.088143,-1.0853,-0.058969
-0.75895,-1.582,-0.6734,-1.0461,-7.1825,-0.041195,-0.9377,0.04325
-0.69161,-3.5721,-0.68046,-1.3377,4.0663,0.16451,-1.1292,0.017403
-0.53766,1.8382,0.048812,0.27128,0.31114,0.00024928,0.064059,0.1004
-0.5636,1.632,-1.2321,-0.13632,3.0185,0.01698,0.90651,0.13625
4.5328,4.6827,-0.90002,0.52077,3.5868,0.15535,0.56491,0.014483
4.4892,0.6476,1.1781,-0.63656,-2.7516,-0.002138,0.71013,0.023974
4.4488,-1.4286,0.35683,-0.63445,3.0869,0.096646,1.0649,-0.074472
4.4517,-0.064884,0.82243,0.69991,3.021,0.014413,0.42487,-0.080167
-0.6462,0.81725,0.48191,-0.33459,-0.36165,-0.0058024,1.8664,-0.083575
-0.7246,-1.6099,0.6532,0.28328,0.95902,-0.040175,0.16412,-0.14595
-0.59998,-1.3509,0.31957,0.51473,-0.54666,-0.038037,1.9998,-0.08888
-0.63293,-4.3234,-0.65576,-0.30072,3.124,0.084472,-0.62612,-0.0024565
-0.63504,-0.12011,0.064416,0.24124,3.6935,0.060516,0.55325,0.14221
-0.34155,-1.1342,-0.98942,0.61743,-1.0929,0.020336,-0.23016,0.2223
-0.57125,-0.34228,-0.95681,0.69986,-2.7319,-0.00018711,-0.59361,0.15387
-0.62973,-1.5763,1.4576,-0.074054,-2.1928,-0.12096,1.4302,0.23944
-0.62068,2.7689,0.73757,0.68791,2.7402,0.018623,-0.56965,0.071944
-0.76691,7.4213,1.6505,0.23094,2.815,0.011396,2.4874,0.025727
-0.6314,-1.015,-0.80577,-0.10749,-6.1293,-0.02243,1.0797,-0.044829
-0.60305,0.49953,-0.45396,0.68791,3.9701,0.09768,-4.0888,-0.060648
-0.59965,1.6605,0.061705,0.20679,5.8783,-0.23857,-1.1498,-0.10701
-0.28463,-1.1656,-0.12774,-0.68138,-4.9069,-0.13492,-1.2033,-0.1103
-0.52442,0.24928,-1.4486,-0.26607,-4.7333,-0.008793,-2.3137,-0.077223
-0.59484,-1.7699,-0.96899,0.068412,-0.66039,-0.26078,0.063192,-0.016207
-0.58883,-1.0257,-1.9764,0.23174,1.0193,-0.058182,-0.46074,0.045757
-0.76329,-0.82641,-0.66383,-0.03849,2.1412,0.042316,-0.19933,-0.035021
-0.72393,-1.785,0.56087,-0.74475,-6.4157,-0.077672,-0.21042,0.16433
-0.60866,-0.28165,-0.048377,-0.0097864,3.5368,0.083696,-1.6544,0.045878
-0.56705,3.5078,-0.55703,0.4674,4.1461,0.11695,-0.18176,0.10789
-0.55705,1.3533,0.16431,-0.099521,-1.7568,-0.032217,0.34189,0.036143
4.5171,1.8121,-1.4428,-1.2503,2.4129,0.022865,-0.38473,0.0060861
4.473,-1.1194,1.2321,0.15098,-0.59847,-0.016866,0.83145,-0.054369
4.4397,1.3123,-1.5638,-0.036191,1.1564,0.026612,1.0365,-0.10093
-0.68812,3.3541,0.34499,1.071,3.9887,0.18666,-0.93506,-0.073012
-0.86176,-1.1114,-0.26045,0.4892,-1.5914,-0.018714,0.42756,-0.09292
-0.61402,-1.493,0.13512,0.11759,0.79307,-0.049499,-0.60579,-0.052422
-0.63908,-1.1335,0.41446,0.98376,1.8369,-0.034976,1.2795,0.044418
-0.63768,-2.1614,0.55638,0.23231,0.29283,-0.0088956,0.7822,0.01239
-0.35238,1.4335,-0.45899,0.77093,1.4078,-0.055159,1.6298,0.33691
-0.51283,-0.30255,0.21219,0.46486,-3.2052,-0.074726,1.3148,0.2454
-0.64303,-7.0899,2.0888,-1.0471,2.5183,0.0059609,-0.90651,0.16973
-0.63391,2.5725,0.74082,0.12991,4.0423,-0.020864,1.1671,0.13162
-0.79644,1.6073,1.4518,0.38517,-1.4995,0.0053319,0.34106,0.050722
-0.63719,-0.97159,-2.5973,0.0053267,-3.6323,0.039435,-0.58093,-0.022414
-0.60902,-0.1756,0.75031,0.34923,-4.8648,-0.055865,2.337,-0.094235
-0.60526,1.1948,1.3717,-0.059217,4.102,0.1365,-0.32854,-0.079194
-0.31489,3.2782,0.1558,-1.5631,3.3124,0.11607,4.1262,-0.11193
-0.43742,-3.3787,1.0024,-0.76663,-6.8276,0.022685,2.0993,-0.095257
-0.60933,-0.78694,-2.1632,-0.39646,4.6592,0.24415,-2.7211,-0.020686
-0.59983,-1.0951,-0.64211,-0.3485,5.8946,-0.061801,-1.3786,0.065105
-0.72133,-2.0523,-1.4043,-0.8729,-8.3015,-0.042536,-0.68418,0.050454
-0.77261,-3.1198,-0.69854,-0.24842,1.0102,0.044389,-1.8882,-0.006886
-0.62752,0.6711,-0.54582,0.37155,-1.8388,-0.0079972,0.65393,0.15579
-0.57234,0.02652,-0.29859,-0.60035,1.3241,0.04385,-0.57611,0.040865
-0.56102,4.6617,-2.0737,0.92871,3.038,0.09956,-1.003,-0.010829
-0.4046,-0.20648,0.86419,-0.39729,-5.4765,-0.013208,-1.7014,0.023828
4.5099,-2.1414,0.081016,-1.1389,2.8056,0.066516,-0.12155,-0.021416
4.4701,0.20974,0.65237,0.69038,2.4563,-0.028803,-0.607,-0.10757
4.4418,1.4236,0.42056,-0.48425,-0.7,-0.015159,1.2547,-0.085814
-0.77508,0.57764,0.48348,0.27615,-0.27608,0.0021489,-0.63573,-0.11407
-0.7743,-0.95951,0.5036,0.56995,-1.8014,-0.045296,1.1279,-0.071089
-0.63833,-2.8075,0.8769,-0.80427,1.7366,-0.038082,0.24433,-0.03872
-0.62958,0.11716,-0.1577,0.071084,2.6026,-0.028854,1.2922,-0.042395
-0.48818,-1.3104,-0.99102,0.40002,-1.8057,-0.045424,0.4348,0.10899
-0.58592,0.82088,-0.79498,0.70247,-2.3458,0.0059223,0.05101,0.11609
-0.63885,-1.033,0.99525,0.26729,-2.3003,-0.049852,1.8012,0.20965
-0.62823,0.30003,0.20996,1.2535,3.3016,0.10814,-1.822,0.18129
-0.69169,7.3794,1.1633,0.92873,3.5253,0.11169,1.2428,0.11103
-0.72864,0.22028,0.9451,0.94964,-4.1691,0.0044207,0.74728,-0.010999
-0.59839,-4.804,-0.89964,-0.36655,-0.76028,-0.025966,-2.3681,-0.078342
-0.60362,2.3076,-0.43296,-0.40282,3.8139,-0.24868,-0.021185,-0.094916
-0.27939,-0.42921,1.4037,0.14948,-1.4492,-0.03058,-1.9182,-0.10621
-0.56544,-0.94634,-0.97173,-0.74422,-4.3928,0.017634,0.37276,-0.12879
-0.57044,-1.2341,0.46806,0.21036,-6.0346,-0.099825,0.99881,-0.019031
-0.5908,-2.2977,-0.43663,0.28251,3.6636,0.11327,-1.4751,0.0079601
-0.69731,1.3112,0.63468,-0.8263,4.1661,0.2204,1.7225,-0.0060829
-0.77692,-3.4715,0.48889,-0.72646,-7.0233,-0.011232,0.18058,0.14153
-0.62426,1.1584,-3.0032,-0.16245,4.3019,0.20543,-1.2801,0.038334
-0.57256,2.8076,-0.40591,1.0797,3.0303,-0.083595,-0.28691,0.08903
-0.56203,-0.34113,-0.044375,-1.1549,-1.9946,0.038722,1.0095,-0.0086384
-0.41534,2.3548,0.66797,-1.0043,1.2016,0.010447,-0.30717,0.02451
-0.58342,0.46732,1.6027,0.48096,-1.513,-0.039943,1.741,-0.050938
4.4892,0.73015,0.20411,-1.3734,3.0118,0.065008,0.4688,-0.06352
4.4553,1.906,-0.51089,0.29985,3.9297,0.13529,0.71242,-0.14629
4.429,-0.13443,-0.93746,0.50794,-1.1348,-0.0036782,1.6567,-0.11037
-0.69085,-1.2348,1.1604,-0.12912,-1.5284,-0.066043,0.042822,-0.074667
-0.65373,-1.7524,0.094404,0.13341,-0.21875,-0.020511,0.35711,-0.0044036
-0.64498,-3.8765,-0.92744,-0.1174,1.2956,0.014105,0.79864,0.048385
-0.3933,1.5191,-1.4389,0.84022,2.3532,-0.028796,0.63614,0.024047
-0.56136,-0.65105,0.64433,0.83892,-4.0183,-0.06313,0.01034,0.23233
-0.6568,-3.622,0.71495,0.32957,-0.88739,-0.014209,-0.96266,0.17163
-0.64117,-0.39757,1.0231,0.011287,0.77136,-0.24636,1.0651,0.25942
-0.8179,2.5687,1.7035,0.39683,0.18751,-0.063637,0.19375,0.044613
-0.69191,7.7896,1.4424,1.3872,-0.050559,0.033479,1.3158,-0.021951
-0.56918,-2.8014,0.83255,0.3287,-6.1098,-0.075657,1.5511,-0.085205
-0.61257,1.3034,1.5827,1.1645,4.6066,0.223,-3.3017,-0.12259
-0.626,3.509,1.4758,0.69393,6.7214,0.37063,-1.6986,-0.089635
-0.34708,-2.3538,1.7222,-0.62432,-6.0017,-0.063393,0.34851,-0.092555
-0.66548,-2.1841,-0.90041,0.35108,-3.9854,-0.0099995,-2.7879,0.0013645
-0.6076,-0.10188,-1.3325,0.80609,2.7217,-0.63957,0.48236,0.062282
-0.60091,0.0778,0.11583,-0.96549,-2.8889,-0.053099,-1.5184,0.030692
-0.72472,-0.11443,-2.6451,-1.0413,-3.6086,0.034833,-0.60184,0.15138
-0.64293,-0.75187,-0.28629,-0.87807,-4.5379,-0.050828,1.5668,0.103
-0.58288,2.3885,-0.54091,-1.2962,2.7928,-0.055114,-3.1333,0.03186
-0.57672,4.2719,-1.1106,-0.62166,5.0149,0.2209,0.2847,-0.01869
-0.34512,-1.3414,-0.87082,-0.36351,-5.2959,-0.014312,0.17346,0.019496
-0.55345,-0.75134,-2.6836,-0.77933,2.411,0.057301,-0.31172,-0.075592
-0.57886,0.23744,-0.28418,0.60433,-0.24994,-0.039526,0.017808,-0.1147
4.483,0.54004,-0.79091,-0.31857,-0.53256,0.0059737,0.83778,-0.10966
4.4539,2.3317,-0.079713,0.91533,1.9757,-0.02209,-0.22333,-0.15347
4.4364,-2.6182,0.34215,0.29376,-2.5898,-0.038384,0.67466,-0.050134
-0.65712,-2.8408,-0.34656,-0.52533,0.70371,0.0071994,1.312,0.040037
-0.65393,-0.17753,0.35262,0.47194,2.0838,-0.037357,-0.53224,0.097669
-0.524,-0.77441,-0.54796,-0.00096778,-2.4631,-0.063476,1.1052,0.11132
-0.47775,0.87202,0.39095,0.27369,-1.3456,-0.047099,0.085514,0.05851
-0.66021,0.67001,1.2156,0.3378,-2.9075,-0.072487,1.0105,0.1948
-0.65581,-2.657,-0.1938,0.14757,3.0239,0.055497,-1.0672,0.1159
-0.70121,5.0022,1.1293,0.4688,3.687,0.07742,0.98777,0.04673
-0.73539,0.85027,1.9364,0.9194,-4.8154,-0.067038,-0.060076,-0.078099
-0.5906,-4.8455,-0.19188,-0.78137,-3.3995,0.053425,-1.2466,-0.098689
-0.618,-2.8201,0.25056,0.44479,-1.1642,-0.11401,0.80564,-0.096157
-0.61947,1.7984,0.96035,0.14843,2.1915,0.0025788,-0.54798,-0.10015
-0.44945,4.4651,0.52829,-0.93233,1.1222,0.051371,2.0556,-0.11429
-0.56688,-4.1802,0.42795,-0.99063,-6.7551,0.025547,2.0276,0.022538
-0.61271,-1.1421,-0.80123,0.39159,4.744,0.24622,-3.2566,0.11364
-0.60784,2.3348,0.13388,-0.31254,6.5306,0.3593,-0.20486,0.042155
-0.82078,-2.8648,0.39423,-1.0752,-8.4552,-0.035592,-0.24159,0.15138
-0.63962,0.22635,-2.0635,-0.84607,3.5528,0.1438,-2.9783,0.13155
-0.58556,1.9232,-0.38764,0.99931,1.1615,-0.39565,-0.012002,0.040256
-0.58778,1.4177,1.1665,-0.44175,-2.7508,-0.030779,0.028109,-0.018203
-0.40994,0.091858,0.42232,-0.44078,-1.8186,0.056871,-0.45559,0.0036279
-0.5224,-0.54851,1.7319,0.46704,-4.5512,-0.081015,0.061907,-0.064615
-0.57076,0.34059,0.45597,-1.0087,3.361,0.067094,-0.3759,-0.11507
-0.57047,3.0353,-0.26213,0.41152,4.2928,0.2352,0.23363,-0.091217
4.4856,-0.018594,-0.66895,-0.27594,-3.3937,-0.10764,0.066878,-0.098567
4.4714,-4.7578,1.0087,-1.182,0.54756,-0.008517,-0.18887,-0.10502
4.4489,-3.3754,0.39295,-0.21769,-0.018286,-0.00077752,0.040266,0.034196
-0.65919,-2.0423,-0.99949,0.21512,-1.4369,-0.047587,0.12899,0.10497
-0.46239,0.34938,0.50446,0.41723,0.65409,-0.018554,0.26849,0.13839
-0.55602,-0.86911,0.51625,0.027017,-2.5299,0.019649,1.4664,0.12636
-0.58062,-1.0063,1.0359,0.33077,1.4213,-0.012348,-0.78233,0.082604
-0.64487,1.7224,1.2955,0.68019,2.8682,-0.1237,0.1223,0.12495
-0.77074,0.88095,0.76065,0.52667,-0.84293,-0.021256,0.57008,0.012828
-0.72592,5.8439,1.1797,0.74285,-1.5024,0.043773,0.49083,-0.034096
-0.58978,0.75705,1.9357,0.59412,-3.8653,-0.097951,1.0925,-0.12918
-0.62016,0.076702,1.6013,1.4084,3.8757,0.1468,-1.5504,-0.11638
-0.61967,4.7264,1.7669,0.61248,5.3682,0.25377,0.24241,-0.083769
-0.47246,-1.7362,1.1432,-0.0018863,-4.9977,-0.060653,-0.74171,-0.1121
-0.6038,-5.6012,-2.1615,-0.4741,-5.3628,0.056627,-2.4942,-0.10149
-0.61189,-0.49739,-0.92751,-0.10113,1.1768,-0.34981,0.38604,0.055127
-0.60453,-0.70286,-1.2573,-0.55227,1.2326,0.019431,-0.09494,0.036046
-0.79117,0.28287,-1.0373,-1.3228,-4.1722,0.031939,-0.16574,0.18653
-0.64784,-1.7864,-0.72665,-0.53551,-5.087,-0.029759,2.35,0.15513
-0.58416,1.7558,-1.3729,-1.089,4.402,0.22749,-0.55646,0.11602
-0.59241,4.057,-0.99186,-0.73042,5.8566,0.37127,0.4929,-0.0028946
-0.36056,-0.86632,-0.091964,-0.68746,-6.5354,-0.018926,-0.31717,0.0029465
-0.59401,2.2426,-2.4776,-0.039614,3.0452,0.04471,-2.6282,-0.032855
-0.57753,1.78,-0.73836,0.97718,2.6915,-0.03565,0.16537,-0.10015
-0.57394,0.026707,-0.43186,-0.50664,1.2635,0.075283,1.3488,-0.14525
-0.7753,3.3509,0.85331,0.55589,2.6113,0.065945,1.0366,-0.10526
4.4946,-2.2417,1.2902,0.40173,-1.0393,0.011499,2.0335,-0.080411
4.4791,-1.9215,-0.66667,-1.1994,3.6162,0.16754,0.73251,0.015992
4.4217,-1.0322,-0.80066,0.49842,4.1279,0.17261,0.61861,0.072723
-0.45317,0.10588,-0.38687,-0.06826,-0.41565,0.03645,1.748,0.088105
-0.50113,-0.59484,-1.4657,0.076743,2.6242,-0.027327,-0.26211,0.22077
-0.74388,0.13747,0.60849,0.54956,-0.090063,-0.032018,1.8874,0.12846
-0.65414,-1.7889,-0.66753,-0.51696,3.5335,0.12439,0.23013,0.07635
-0.84558,3.5144,0.26986,0.51143,4.4031,0.25042,1.9813,0.047582
-0.75463,1.4714,0.63926,0.9007,-2.3244,-0.011142,0.69692,-0.033731
-0.62292,-2.1359,1.0716,-0.21001,-1.5165,0.028993,-0.61937,-0.067877
-0.62342,-2.5491,1.0479,0.22263,-0.18955,-0.071415,2.3088,-0.15167
-0.61867,2.2179,1.6342,0.12019,2.7987,0.036239,-1.2953,-0.092799
-0.46118,5.9816,-0.6012,0.22374,3.5632,0.19341,3.0069,-0.078026
-0.55374,-4.0676,2.4756,-0.53978,-5.9734,0.0187,2.0086,-0.046995
-0.62047,0.39155,-0.96689,0.66293,5.0592,0.29506,-2.2631,-0.069215
-0.61817,2.8558,0.90307,0.92993,6.897,0.1666,-2.1461,0.080292
-0.81476,-2.6971,-0.27992,-0.91536,-7.2118,-0.095179,-0.23556,0.15591
-0.71592,-1.0417,-2.6321,-0.23942,-1.1165,-0.024375,-3.0755,0.20237
-0.58404,1.2256,-0.71877,0.82033,0.052341,-0.4465,-0.75996,0.14019
-0.59235,0.87263,0.70744,-0.6547,0.98584,-0.037409,-0.53688,0.051111
-0.40216,2.4971,-0.3608,-0.68973,-0.94357,-0.020479,0.49957,0.012073
-0.42334,-0.35055,1.482,-0.20193,-5.3132,-0.13442,0.069517,-0.043685
-0.59385,1.9818,0.44502,-0.93926,3.1531,0.082072,-0.45755,-0.043904
-0.58401,3.0238,2.4525,0.90533,4.9466,0.17923,-0.90142,-0.10553
-0.67466,-1.5723,-0.010244,-0.20239,-3.9593,-0.03101,0.52476,-0.10292
4.5111,-0.58469,1.1921,-0.97815,1.488,0.033229,-0.63113,-0.097326
4.4967,-5.2079,0.27429,-0.32883,-0.66056,-0.037492,-0.41915,0.0060617
4.4736,-1.9734,-2.046,-0.38744,0.23454,0.021074,1.1651,0.067125
-0.56207,1.9507,-1.1768,0.55605,3.4959,0.11755,-0.082077,0.041717
-0.48896,-0.091452,-0.098208,0.69143,-2.7991,-0.035945,0.16294,0.13342
-0.60462,-1.9587,0.13434,0.16972,0.46427,-0.013202,-1.2068,0.13004
-0.65794,1.536,0.62568,1.2826,0.54246,-0.065889,1.1183,0.064546
-0.65305,-0.32714,1.0063,0.73888,-0.45552,-0.043826,-0.80052,-0.010585
-0.64224,4.7545,1.6121,0.96088,0.68285,-0.063265,1.6354,-0.0051094
-0.62212,1.1352,1.4865,0.64622,-5.1205,-0.024663,0.6538,-0.095062
-0.63081,-6.0794,2.0134,-0.87338,0.5339,-0.059177,-1.39,-0.12673
-0.62038,-1.3301,1.1867,-0.16655,2.7947,-0.28156,0.85223,-0.10253
-0.56428,0.37543,2.658,0.29086,-2.2753,-0.038288,0.38474,-0.125
-0.55362,-2.1322,-1.3191,-0.43519,-3.8063,0.039005,0.28947,-0.05342
-0.62221,-3.7362,-0.78938,0.33761,-6.7456,-0.03909,2.8582,0.02507
-0.61841,0.53367,-0.21062,0.3277,3.9928,0.11546,-1.9973,0.0061104
-0.80693,4.1398,0.3593,-1.0614,3.6219,0.094676,3.5236,0.23549
-0.74083,-3.7916,0.36138,-0.78854,-8.8732,-0.048761,0.95264,0.20164
-0.58853,0.94058,-0.92536,-0.32439,3.6677,0.054991,-3.5122,0.12666
-0.59149,2.7056,-1.4075,-0.070406,4.5249,-0.6416,-1.5759,0.07927
-0.16507,0.58447,0.021305,-0.58446,-6.9539,-0.10869,-1.0848,0.012341
-0.5514,-0.45288,-0.34831,-1.2583,-1.7734,-0.026069,-1.7201,-0.030226
-0.61253,0.55024,1.187,-0.2178,-3.8635,-0.11352,0.082496,-0.10545
-0.57916,0.78254,-0.60475,-1.0321,2.3067,0.045204,-0.91394,-0.093066
-0.80363,3.6037,-0.70532,-0.0059519,3.5096,0.09347,0.040079,-0.12473
-0.7281,-2.4201,0.2855,-0.84688,-5.712,-0.090038,-0.0059589,-0.081165
4.5178,-2.7673,-1.8763,-1.1937,1.1653,-0.023181,-1.0907,-0.085595
4.5025,-2.6567,-0.7773,0.90494,-1.0212,-0.1996,-1.9535,0.10704
4.4703,0.48797,-0.39142,-0.61055,-1.9711,0.043131,1.9459,0.036022
-0.36498,0.6013,0.080778,0.19576,1.9066,0.018032,0.50288,0.19322
-0.65082,-0.10746,0.8717,0.39938,-4.9904,-0.039039,0.48776,0.182
-0.65489,-2.0786,0.15577,-0.69402,1.3334,-0.037993,-0.14481,0.085087
-0.64614,3.1547,0.81171,0.6088,0.65871,-0.067038,0.76959,-0.014139
-0.85939,0.86258,0.31781,0.21887,-2.2698,-0.068566,0.22846,-0.020515
-0.67324,3.2176,1.048,0.16521,-3.1456,-0.0016567,-0.24049,-0.061938
-0.63183,1.3685,1.4763,1.046,-4.3464,-0.084327,0.52852,-0.14133
-0.61964,-3.253,1.9172,0.96768,1.8392,-0.047215,-2.3372,-0.082796
-0.35812,2.5502,0.49203,0.20827,2.8378,-0.11216,0.52964,-0.14461
-0.56698,-2.0218,0.010994,0.42689,-4.8072,-0.024227,-0.90373,-0.071211
-0.6214,-9.9532,-1.7924,-0.54883,-4.5717,-0.0084336,-1.1212,0.020786
-0.61563,0.038883,-0.86017,-0.42888,0.18514,-0.34296,-0.3343,0.044881
-0.86994,0.147,-1.809,0.11471,0.30667,-0.037332,-0.15811,0.07467
-0.65315,1.1975,0.1703,-1.2044,-4.9629,0.070758,-0.43149,0.15732
-0.58381,-1.6406,0.35767,-0.3091,-7.3495,-0.038968,1.5078,0.15355
-0.58827,2.1087,-0.95958,-0.032857,4.2395,0.13805,-1.4306,0.044905
-0.14441,4.0164,0.3405,-0.054907,4.9604,0.23544,1.0652,0.011197
-0.50833,-1.1323,0.57632,-0.56811,-8.2153,0.002874,-0.0040581,-0.05196
-0.63629,2.1318,-2.266,-0.5607,3.3432,0.013104,-4.1908,-0.073304
-0.58255,2.2558,-0.85,1.523,2.5772,-0.28475,-1.8816,-0.11431
-0.6733,0.067319,-0.1115,-0.82146,-3.8614,-0.0090433,-0.15593,-0.10811
-0.75903,0.3456,-0.16095,-0.414,0.31525,0.075135,-1.3438,-0.054004
-0.58661,-3.9519,-0.39969,-0.3485,-1.9684,-0.074206,0.96557,-0.015258
4.5299,-0.15694,-1.5262,-0.91688,1.7499,-0.018028,0.28894,-0.025748
4.508,1.4785,-1.081,0.65961,4.4012,0.18889,-1.2574,0.082312
4.4772,0.76298,-1.0795,0.51885,-3.6215,-0.09,-0.01669,0.15701
-0.64469,-1.1537,-1.3365,0.40121,-0.96188,-0.0013294,-2.3032,0.15029
-0.66444,0.27607,0.58944,0.60047,-0.49019,-0.012887,-0.0025939,0.12736
-0.65726,0.35104,0.3589,0.2423,-1.6927,-0.0077983,0.37136,-0.0079812
-0.81965,3.4049,0.77073,1.1846,0.3227,-0.016898,0.038596,-0.0081516
-0.67073,0.9886,1.927,0.89856,-3.9542,-0.043768,0.37836,-0.10351
-0.63366,-3.9276,1.1712,0.26549,-0.93099,0.025874,-1.871,-0.11349
-0.62108,-1.0712,0.67338,-0.12479,2.6606,-0.12953,0.91475,-0.099005
-0.49363,-0.78488,0.82075,0.10346,-1.8078,0.039114,-0.70039,-0.056754
-0.5681,5.3844,0.13029,0.83956,-0.54682,0.050274,0.51376,-0.045048
-0.63064,-2.9044,1.6881,-0.00080079,-4.6973,-0.027455,2.1462,-0.0073971
-0.62627,-0.63477,-0.20553,0.60652,3.6391,0.055048,-2.6379,0.096209
-0.78927,4.9019,1.9873,0.37037,5.712,0.23779,0.47226,0.071823
-0.72809,-2.2047,-0.014285,-0.52075,-7.4474,-0.068854,-0.0098377,0.14564
-0.57539,-1.343,-1.7183,0.053794,0.27884,-0.0034023,-1.906,0.14491
-0.58823,2.8486,-1.0985,0.46892,3.1699,-0.72186,0.31522,0.077956
-0.52263,0.73245,0.24728,-0.53496,-2.2363,-0.055564,-1.6076,-0.013944
-0.48612,1.6341,0.041206,-0.52007,-4.3484,0.038125,-0.57496,-0.044391
-0.58288,-1.0436,1.4988,0.066819,-4.3514,0.024629,1.6287,-0.1036
-0.5849,1.4297,-1.6412,-0.47168,2.7952,0.029218,-0.95733,-0.091338
-0.58734,4.0593,-0.10348,0.34106,4.3619,0.19992,0.1313,-0.065759
-0.7271,-2.592,0.02512,-0.48084,-5.8204,0.0073984,0.45278,-0.086276
-0.58852,-3.2271,-2.2891,-0.75798,4.0983,0.19177,-2.0629,0.030619
-0.5597,-1.1967,-1.7672,0.68802,0.8604,-0.064837,-0.10065,0.10417
4.5181,1.9452,-1.6405,-0.5048,-0.93738,0.041713,1.3429,-0.025456
4.5182,0.94751,0.70264,-0.18532,2.9823,0.094343,-0.44863,0.31617
4.4707,-1.1317,0.50151,0.22013,-1.0076,0.028871,1.3087,0.16779
-0.66273,-1.1459,-0.13845,-1.1939,1.8285,0.064636,0.72484,0.11965
-0.65038,2.9827,0.25002,0.063948,3.4893,0.097436,0.27531,0.020664
-0.65226,0.78871,-1.2184,0.19586,-1.1603,0.055485,1.6996,-0.010026
-0.66047,1.2467,0.80384,0.6582,-0.46976,0.055773,-1.1732,-0.056657
-0.63854,0.72396,0.51317,0.45272,0.014731,0.0015585,0.98025,-0.12692
-0.62873,-3.9381,1.3693,0.67936,2.3845,0.0057619,-0.91462,-0.091752
-0.5171,0.60213,-0.09851,0.92086,4.1231,0.12468,1.1472,-0.061792
-0.60156,-1.9218,1.37,0.64839,-3.9827,-0.0035242,0.85054,0.017306
-0.60593,-9.4176,-1.2051,-1.1768,0.025187,0.011531,-1.4832,0.028891
-0.61718,-2.3819,0.54502,-0.45958,3.1257,-0.10768,0.20775,0.0081791
-0.76783,-0.068615,0.12417,0.12994,1.505,-0.015942,0.92789,0.1396
-0.646,1.6071,-0.72974,-0.97182,-2.1409,0.075764,1.641,0.021687
-0.52906,-1.7285,0.68563,-0.52195,-5.4406,-0.031896,2.7409,0.17438
-0.59111,2.3919,-0.52902,-0.273,6.1943,0.45811,-1.5138,0.092169
-0.59656,4.5427,1.5748,-0.33534,6.7887,0.52569,1.9289,-0.0066427
-0.43358,-1.0179,0.33803,-0.61064,-7.6257,0.017852,0.57265,-0.036895
-0.56515,0.99891,0.50286,-0.65453,4.5707,0.2356,-2.0522,-0.094064
-0.57885,1.9686,-0.46752,0.71823,4.0529,-0.13055,0.46613,-0.096766
-0.57844,0.15705,2.7109,-0.27891,-1.7406,-0.056655,-0.25097,-0.062936
-0.68146,-1.6688,-0.48262,-0.96131,0.65808,0.0078027,0.18235,-0.12911
-0.57446,-2.7067,0.35635,-0.2665,-1.5725,0.035655,1.1115,-0.062863
-0.55954,-2.7734,-1.0855,-0.9369,4.5158,0.23888,0.12779,0.15
-0.56601,1.7267,-0.26553,-0.18097,5.5118,0.36348,1.0524,-0.043076
4.5356,-0.06857,-0.20207,-0.34751,-1.8592,-0.047657,0.98057,0.11738
4.5027,-0.98075,-0.85838,-1.1637,2.4382,0.050498,-1.3335,0.20354
4.4568,-0.92811,0.30664,0.30114,1.9291,-0.010949,1.944,0.15087
-0.6567,0.23378,-1.3595,-0.3006,1.3199,-0.022956,0.77714,0.080049
-0.78423,3.7799,0.24311,0.92923,3.6634,0.098482,1.0974,-0.014674
-0.75432,1.7536,0.85687,1.0302,-1.3399,0.033267,0.69019,-0.059626
-0.64277,-0.88045,2.1804,0.45987,1.0341,-0.0067971,-1.0149,-0.093407
-0.63363,-0.23483,1.6249,0.95671,2.7817,-0.079084,2.1196,-0.13388
-0.4908,-0.14488,1.4709,-0.063938,1.935,0.026779,0.46424,-0.041811
-0.57821,5.0832,0.14626,1.1965,2.6791,-0.0012332,1.8537,-0.093139
-0.72355,-2.1746,0.38456,0.86486,-4.3993,-0.012874,1.504,0.14291
-0.62246,-4.6456,0.66568,0.56676,3.9034,0.079069,-2.6748,0.039648
-0.90582,1.723,0.86727,-0.06239,5.5536,0.20779,1.0546,0.22211
-0.70066,-1.6607,1.4439,0.049857,-3.1481,-0.037184,-0.20775,0.17003
-0.59882,-2.8582,-2.2105,-0.63698,-4.4141,0.060631,-0.83234,0.056538
-0.59476,1.1343,-0.57639,0.22492,-1.5015,-0.18231,1.3565,0.073794
-0.59399,1.7261,-0.52894,0.037216,4.201,0.16914,0.22998,-0.027208
-0.4371,3.9934,0.065316,-1.0488,0.94425,0.03835,2.1319,-0.018787
-0.65646,-1.6809,1.3965,-0.94605,-5.3687,-0.040765,3.085,-0.1036
-0.58877,1.6039,0.54437,-0.85828,5.686,0.40214,-2.614,-0.13184
-0.59275,2.9399,0.57804,-0.10222,6.5108,0.34009,-0.14814,-0.072963
-0.74234,-1.9287,-0.43359,-2.1489,-5.8422,-0.048248,-0.21283,-0.070773
-0.62298,-3.5023,-1.1298,-1.4226,4.5763,0.31761,-0.70958,-0.080995
-0.55702,0.16025,0.34293,-0.048568,1.7409,-0.043845,1.0142,-0.004793
-0.56691,-0.64568,-1.3133,-0.22994,2.6119,-0.012804,1.1246,0.048872
4.55,3.7026,-0.69643,0.41011,4.2289,0.21091,0.77791,0.056392
4.5174,-0.49925,0.61052,-0.45412,-1.3325,-0.040271,1.0523,0.18288
4.4737,-1.9365,0.38086,-0.56955,3.1774,0.11743,1.5706,0.12758
-0.72549,0.33656,1.4166,1.182,3.7487,0.12103,0.50456,0.036119
-0.81309,2.0166,1.5853,-0.13108,0.23504,-0.059337,1.6456,-0.002919
-0.74714,2.7218,0.83685,0.80673,2.4145,-0.0093192,1.5236,-0.081238
-0.63372,0.41369,0.84835,0.52714,-0.44826,-0.014312,2.2681,-0.12198
-0.64305,-3.0513,1.0978,-0.0070631,3.5844,0.16241,-0.41454,-0.10485
-0.39083,0.56228,-0.097649,0.40182,4.6562,0.21145,1.3759,-0.02363
-0.59133,-1.9587,-0.16506,0.56362,-0.62302,-0.027333,0.63947,-0.0083463
-0.61127,1.7686,-0.72392,1.0038,-1.5415,-0.02689,0.4854,0.076642
-0.63727,-2.841,0.93941,0.16229,-0.32674,-0.10054,3.3254,0.23744
-0.59214,2.035,1.0211,0.72074,3.463,0.12313,-0.3481,0.08679
-0.82774,5.6517,2.3926,0.48856,4.2828,0.28807,2.8441,0.18835
-0.61218,-1.9641,0.0014607,-0.068877,-5.703,-0.046541,1.7825,0.16326
-0.60479,0.96192,-1.0507,0.39513,3.131,0.071124,-3.0421,0.024242
-0.59437,3.6912,-1.0882,0.56242,5.7983,-0.31786,-0.9431,-0.035775
-0.45118,-0.36861,2.0849,-0.59318,-4.6552,-0.11539,-1.4983,-0.050646
-0.52651,0.081608,-1.3266,-0.18209,-5.2848,0.017256,-1.5734,-0.10762
-0.59474,0.12179,0.84744,0.42676,-3.2346,-0.26621,0.34079,-0.1185
-0.59375,-0.077985,-1.2209,-0.13617,3.1507,0.045833,-0.14436,-0.091898
-0.82819,1.6639,-0.56055,-0.47763,1.6783,0.01397,0.52464,-0.10837
-0.63235,-3.5013,0.83996,-0.53973,-6.7959,-0.057412,-0.41151,0.011708
-0.56669,-0.56109,-1.2352,-0.10369,2.9842,0.034525,-1.3708,-0.044123
-0.56994,1.5004,-1.7313,0.71915,2.6467,-0.12885,-0.11331,0.062234
-0.18035,-0.49946,-0.74605,-1.1782,-2.0478,-0.087118,1.1432,0.15185
4.5337,0.42119,-0.77464,-1.8587,0.84069,-0.01247,-0.59184,0.026822
4.4975,-1.6068,0.48639,0.25229,-1.0631,-0.091431,1.2289,0.13021
4.4524,1.1538,-1.4343,-0.60065,0.61185,-0.061185,0.75577,0.070022
-0.73496,3.8553,-0.44312,0.88284,3.5564,0.1389,0.22531,-0.033585
-0.77664,1.4325,0.058782,0.7122,-3.1118,-0.087061,0.10206,-0.093553
-0.67831,-0.29247,1.3235,0.46375,-0.59017,-0.0064827,-0.78307,-0.14257
-0.64844,0.76117,1.2568,0.94977,0.25499,-0.14525,0.77489,-0.089781
-0.65007,-3.0541,1.4653,0.59006,-0.95939,-0.078474,-0.25043,-0.06812
-0.52147,0.74176,-0.048525,0.93899,1.0459,-0.0081127,0.74863,-0.10533
-0.6102,-1.657,0.90338,0.8265,-5.2789,-0.13528,0.96006,0.14196
-0.63449,-9.1952,0.053579,-0.57268,1.1021,-0.084686,-1.7785,0.1803
-0.62151,-0.37365,0.51926,-0.35533,3.3093,-0.2532,0.33938,0.13788
-0.76911,0.86965,-0.032458,0.49936,-1.1713,-0.066236,0.21098,0.13573
-0.6594,-1.2026,-2.0119,-1.0555,-3.7851,-0.0046344,-0.070287,0.1399
-0.61013,-0.80354,0.86216,-0.35161,-5.9304,-0.032127,2.7467,0.077907
-0.59777,2.0985,1.4837,0.049336,4.4559,0.22052,-0.95057,-0.035678
-0.5563,5.2085,2.3346,-0.79466,4.3402,0.27596,3.6248,-0.088442
-0.62982,-2.4559,1.2456,-0.514,-8.3952,-0.092387,1.0001,-0.13907
-0.5933,0.33272,-0.045538,0.19502,4.5113,0.21307,-3.3503,-0.12064
-0.59125,0.7233,-0.45172,0.14196,5.3363,-0.50005,-1.7369,-0.10029
-0.84774,-1.9728,-1.6676,-1.3376,-7.6285,-0.087427,-1.5028,-0.082845
-0.58836,-3.1746,-1.7032,-0.92235,-1.3906,-0.02947,-0.30221,-0.073426
-0.56411,-2.1156,-0.63888,-0.51555,-1.5677,-0.086977,0.75821,0.092997
-0.57106,-0.012146,-2.1887,-0.31713,0.58869,0.014612,-1.9416,0.0037983
-0.29235,3.2059,-1.5893,1.1519,3.6948,0.13957,-0.98578,0.14357
-0.42245,-0.78597,0.57287,-0.47594,-6.9253,-0.12133,-1.2066,0.15581
4.5251,-3.5743,0.66071,-0.25871,1.161,-0.055596,-2.3422,0.039259
4.4842,-0.50421,0.60714,0.82212,1.0734,-0.11871,-1.5273,0.057731
4.4398,2.7163,0.48096,-0.26501,-2.0876,-0.026319,1.2075,-0.028206
-0.8086,2.8053,0.67848,0.31795,-0.1264,0.015581,-0.74175,-0.10161
-0.6952,-0.40896,1.4248,0.098401,-2.1631,-0.0086967,1.2361,-0.13899
-0.64968,-2.2696,0.89897,-0.6224,0.13049,-0.056918,-0.39848,-0.11086
-0.64512,2.5463,0.30485,-0.1268,2.5805,-0.084269,0.921,-0.060478
-0.41688,-1.8954,-0.92911,0.88743,-2.9861,-0.025023,0.093953,-0.050694
-0.69291,-0.67907,-0.89763,0.42197,-3.0464,0.032202,-0.83327,0.023415
-0.64272,-1.938,0.75512,0.59806,-1.6149,-0.074803,1.5283,0.21057
-0.63861,0.14248,0.41673,1.1432,1.1835,0.009606,-1.5109,0.096769
-0.84953,4.6183,0.062354,1.2705,2.0725,-0.033725,0.34011,0.26536
-0.64995,-0.45964,0.53801,0.056382,-5.5911,-0.030356,-0.00024346,0.1251
-0.61365,-3.1836,-2.1465,0.65981,0.34292,0.010947,-3.8302,0.075449
-0.59749,3.4523,-0.89397,-0.084587,4.3584,-0.4484,-0.73162,-0.025967
-0.39064,0.79852,-0.25513,-0.54873,-2.7806,-0.090584,-1.2925,-0.029788
-0.58516,0.75164,-0.83563,-0.77216,-5.4509,0.069539,-0.82382,-0.11638
-0.6046,0.27708,0.28618,0.57668,-5.3325,-0.14806,1.4669,-0.13775
-0.60573,-1.1541,1.0878,0.20631,3.2057,0.0077834,-1.5508,-0.11168
-0.73549,0.89598,0.907,-0.42323,0.23444,-0.017136,1.5416,-0.069337
-0.62917,-4.5669,1.9696,-0.57927,-6.7446,-0.026223,0.2225,0.01845
-0.56301,1.2226,-3.283,0.20786,3.935,0.16159,-2.6443,-0.042833
-0.57163,1.7134,-0.6715,1.1982,4.1376,-0.020088,-1.0529,0.084795
-0.32675,-1.2667,-0.8787,-1.645,-4.1088,-0.032204,0.12342,0.075863
-0.41162,0.28605,-0.64369,-1.8272,2.7501,0.024918,-0.63484,0.12052
-0.54079,-1.3593,-0.74344,0.080539,-0.33878,-0.019902,1.1337,0.12989
4.5133,0.74345,-1.8534,-0.78956,1.7293,-0.03162,0.53246,0.045197
4.4702,4.99,-0.26593,0.76024,3.9804,0.21714,-0.094671,-0.015356
4.4324,2.3268,0.14684,-0.4358,-1.3582,-0.027295,1.2105,-0.088248
-0.64708,-0.37463,1.3122,-0.57388,0.90555,-0.011257,0.22615,-0.11495
-0.65052,-1.0822,0.97462,0.94832,1.5465,-0.080072,1.1843,-0.10677
-0.64972,-0.11473,0.8501,0.42265,-0.96367,0.019502,0.62892,-0.054102
-0.52745,0.020471,-0.4598,0.54802,1.1997,-0.052259,1.1987,-0.10784
-0.54593,-1.8773,1.1365,0.48491,-2.564,-0.028405,0.75027,0.10633
-0.64151,-6.8522,0.66905,-0.53268,2.5993,0.026689,-0.70454,0.14011
-0.63533,-0.57735,0.59407,0.027383,3.5066,-0.0001486,0.89884,0.25535
-0.89611,-0.17925,0.43069,0.51368,-0.85284,0.027646,0.1792,0.26796
-0.6875,2.4666,-0.63761,0.11142,-0.87177,0.059168,0.22453,0.1481
-0.61504,-0.92358,0.7817,0.037537,-3.9587,0.0095675,2.8576,0.072261
-0.60327,1.2014,4.5002,0.7533,5.1447,0.3528,-1.9377,-0.00041216
-0.3629,5.4276,2.2794,-0.0086945,6.1172,0.49211,1.6409,-0.025943
-0.61469,-1.5664,0.27785,-0.40918,-5.8988,-0.035169,1.2441,-0.10896
-0.59506,-0.34827,-0.80989,0.16719,1.3064,-0.055236,-3.2569,-0.11938
-0.59641,0.95138,0.17602,-0.11735,5.0943,-0.37134,-0.50128,-0.10876
-0.77875,-2.2046,1.4665,-0.88272,-4.5951,-0.020094,-1.3423,-0.069142
-0.67701,-1.6795,-1.0506,-1.3208,-2.9966,0.032375,-1.1049,-0.0084437
-0.59205,-1.8815,-0.2755,-0.32047,-1.7738,-0.052381,2.142,0.025629
-0.57314,0.84961,-2.8466,-0.4194,2.9698,0.067357,-2.6606,-0.0036978
-0.49745,3.1975,-1.1702,-0.17834,5.4048,0.31196,-0.070563,0.019034
-0.45884,-1.5309,-1.2962,-0.30545,-6.2133,-0.063791,-0.28787,0.12775
-0.54063,-0.5568,-0.92644,-0.77615,3.6508,0.11538,-1.4106,0.14875
-0.56907,0.65048,-1.3194,0.24644,0.99124,-0.047035,-0.62164,0.047095
4.4939,1.9794,-0.22573,-0.27692,0.07708,0.0045554,1.0727,-0.034923
4.4541,4.4138,0.36336,0.54983,1.5356,0.047585,-0.25539,-0.08596
4.4227,0.096861,1.4115,0.52186,-1.6411,-0.043877,0.61972,-0.1323
-0.65614,-2.3071,1.6138,-0.36668,1.8455,-0.031665,0.69971,-0.12529
-0.6575,0.48259,0.4696,0.47519,2.6281,-0.058612,0.87819,-0.043661
-0.35361,-1.6949,-0.30786,-0.057984,-2.0413,0.045127,0.90211,-0.027792
-0.65414,1.1939,-0.11104,0.40042,-0.89567,-0.019247,0.34584,-0.035751
-0.64392,-1.9516,0.75176,0.5145,-1.9204,-0.063233,1.4629,0.16701
-0.63532,-5.1958,-0.2385,0.22992,3.4059,0.088118,-1.2981,0.1857
-0.80283,2.1738,-0.30745,-0.034193,3.9501,0.1171,1.339,0.27407
-0.71798,0.58261,0.22265,1.0558,-3.4603,0.016222,0.074398,0.19534
-0.62058,-6.7332,-2.8168,-0.098544,-5.1707,0.048387,-1.2593,0.049505
-0.6157,0.16183,0.6676,-0.054682,-2.2227,-0.11597,0.18674,-0.01521
-0.48534,2.3743,0.48962,0.16948,2.9447,0.016607,-0.012008,-0.069434
-0.59131,5.9575,1.5685,-0.83039,1.4372,0.026343,2.3306,-0.078147
-0.60984,-2.4386,0.26795,-0.23528,-6.2258,-0.046669,2.1391,-0.14065
-0.60074,-0.98138,0.28044,0.15942,4.956,0.25816,-3.7861,-0.10908
-0.81248,-0.32169,0.39967,-1.0052,6.674,0.37703,-0.45255,0.0023624
-0.66,-3.437,-0.024364,-0.57306,-7.9726,-0.037351,-0.12994,0.037823
-0.55468,-0.65942,-1.0918,-0.76469,3.0659,0.052006,-1.9545,0.091366
-0.57987,1.0689,-1.7247,0.78745,1.5716,-0.32842,-0.00012787,-0.02363
-0.5731,1.3578,-0.38498,-0.67271,-2.3019,-0.058869,0.22072,0.0018756
-0.35809,1.9131,0.45964,0.061745,0.888,0.0069877,-0.29023,0.033052
-0.62202,-0.13379,0.41022,0.49931,-5.5723,-0.062565,1.106,0.11123
-0.57908,1.0232,0.32818,-0.84492,3.8073,0.1752,0.39827,0.028185
-0.61463,3.27,0.61251,0.50013,4.2765,0.2026,-0.72024,-0.038696
4.4797,1.9334,0.50633,0.038963,-2.5292,-0.043614,0.3644,-0.086714
4.449,0.85695,1.0673,-1.1763,-0.09145,-0.017149,-0.032539,-0.11989
4.4481,-1.3494,1.4491,0.07585,-0.11385,-0.0064955,0.7171,-0.10217
-0.65998,-1.2761,-0.6568,-0.25881,-1.019,-0.053979,0.54558,-0.046873
-0.44595,0.34449,-1.0875,0.83592,1.9798,-0.06039,0.343,0.052352
-0.56088,-1.2627,0.11921,0.79855,-2.1434,0.013065,0.69417,0.05262
-0.65477,-3.5538,0.34971,0.32955,-0.15959,-0.015775,-1.1382,0.080803
-0.65425,-1.0794,0.59973,0.93585,0.52757,-0.17347,0.59562,0.24472
-0.80342,-0.098625,0.37667,0.57945,0.19939,-0.045777,-0.57368,0.23141
-0.77372,5.5326,0.50566,1.087,1.6176,0.029532,0.93854,0.12544
-0.62125,-0.034636,1.1271,0.35406,-6.0173,-0.13628,0.3611,0.073526
-0.62009,-3.927,5.7547,1.0169,3.061,0.033518,-2.6303,-0.03266
-0.39614,4.1815,2.2179,0.3803,5.1612,0.072286,1.0717,-0.094259
-0.45609,0.17331,1.1314,0.22204,-4.0033,-0.081003,-0.62966,-0.12724
-0.65123,-2.8317,-3.4884,0.033324,-6.7862,-0.011058,-1.645,-0.093675
-0.61342,-0.36419,-1.0292,0.83397,-1.6634,-0.17837,1.8895,-0.10976
-0.61085,-1.2637,0.43826,-0.4485,1.7881,0.0038495,-0.7428,-0.064153
-0.72246,-0.23006,-0.69151,-1.1364,-3.5215,0.057025,1.4467,0.016162
-0.59863,-3.6458,0.49138,0.097258,-5.558,0.023275,1.2711,0.12091
-0.58392,0.88797,-0.40718,-0.10622,3.7005,0.13583,-2.9188,0.13848
-0.57369,2.1609,0.58817,-0.043263,5.3177,0.17556,-1.191,-0.029472
-0.43316,-0.2838,-0.45621,-1.1969,-6.9474,-0.048209,-0.39015,0.13011
-0.50208,-0.46228,-2.2409,-1.3391,3.3524,0.13498,-2.7276,0.031422
-0.57807,3.3088,-1.1102,0.24196,0.79071,-0.075445,1.2876,0.013485
-0.57367,2.8206,-1.0921,-0.29851,1.2457,-0.040027,0.94219,-0.051984
4.5223,4.1123,-0.46667,0.43247,1.3588,0.059765,-0.086438,-0.06352
4.4752,-2.2167,-0.60773,-0.45057,-1.7864,-0.041464,2.0998,-0.12305
4.4511,-2.7167,-0.51256,-0.92909,3.3481,0.10306,0.10093,-0.11701
4.8479,-1.0078,-0.37609,0.61649,3.512,0.12965,0.10832,-0.047579
-0.45266,-0.8233,-0.81088,-0.25212,-1.0882,0.030938,1.4498,-0.026648
-0.52303,-2.4727,-1.2302,0.58738,2.4805,0.027338,-0.75973,0.07063
-0.65541,-0.97163,0.83937,0.72978,-0.55299,-0.011161,0.91902,0.076958
-0.65016,-3.318,-0.65966,0.12503,2.797,0.044017,-0.29192,0.092364
-0.70658,1.5646,-0.19624,0.78615,3.6584,0.094798,1.1256,0.37369
-0.7699,0.87211,0.10439,0.71484,-3.3,-0.032724,0.077757,0.16053
-0.63085,-3.0188,0.19316,-0.017513,-3.0454,0.048567,-1.0927,0.05391
-0.62411,-0.31927,1.432,0.076075,-1.1123,-0.050635,1.6696,-0.066003
-0.24252,2.7095,1.0477,0.18147,2.2382,0.019829,-0.54927,-0.079729
-0.56083,6.2898,1.0282,-0.71054,2.6428,0.089773,2.8474,-0.13442
-0.58173,-4.0472,0.14393,-0.040623,-5.9123,0.039614,1.9712,-0.14566
-0.6082,-0.67722,0.0065293,0.74313,4.1513,0.15963,-3.6765,-0.10565
-0.80116,2.0297,-0.25991,-0.60466,6.5,0.24221,-0.73184,-0.058336
-0.77144,-3.3613,-0.75711,-1.2229,-7.02,-0.030702,-0.018064,0.022514
-0.65169,0.19861,-2.6754,-0.67733,0.075384,-0.015512,-3.5834,0.075084
-0.58864,-1.8843,-2.1521,0.32541,1.2789,-0.40951,0.35765,0.15742
-0.57594,1.5527,1.2658,-0.69614,-0.29318,-0.046528,-0.024146,0.023342
-0.40247,-0.53392,-1.8186,-1.8146,-0.43677,0.029365,0.56635,0.018523
-0.58057,0.43854,1.1398,-0.56637,-5.4495,-0.10844,-0.20105,0.08791
-0.57606,2.5026,-0.80237,-1.1608,3.6211,0.13125,0.34099,0.01273
-0.57116,4.0106,1.1551,0.82543,4.6347,0.20531,-0.12926,-0.035167
-0.79606,0.28361,0.23063,-0.52487,-3.8716,-0.027205,0.24575,-0.09589
4.5024,-0.84036,0.089862,-1.091,1.5013,0.00013377,-1.4382,-0.068047
4.4756,-2.7758,0.12018,0.26174,-0.61593,-0.039911,-0.56119,-0.11789
4.4574,-0.51309,-1.1418,-0.10316,-0.99452,-0.035625,1.3543,-0.059407
-0.338,1.0481,0.57156,0.97811,3.6456,0.12264,-0.80276,-0.011948
-0.54193,-2.9465,-0.33469,0.085632,-2.6803,-0.085476,0.11141,0.035681
-0.66595,-3.8136,0.98629,-0.15499,1.2407,-0.028212,0.43725,0.10171
-0.65653,0.61516,0.38066,0.84579,1.8767,-0.074797,1.2699,0.13201
-0.83793,-1.4641,0.39608,0.39952,-1.2157,-0.01041,-0.0071919,0.1563
-0.80252,3.1551,0.66147,0.59541,-0.93856,0.0044977,0.72262,0.25686
-0.6289,1.0479,0.62254,0.57437,-3.8392,-0.081984,1.2184,0.087448
-0.62837,-3.9089,1.3274,0.30141,2.9117,0.055318,-2.0222,-0.025456
-0.62276,4.0807,1.0374,0.27685,4.2068,0.034929,0.4234,-0.082285
-0.52154,0.40209,1.3608,0.06768,-1.1428,0.018507,1.9761,-0.11178
-0.69218,-2.5937,-3.3253,0.11534,-4.6355,-0.0055521,-1.4052,-0.1395
-0.61731,-1.8004,-0.47879,0.39112,-2.813,-0.049204,1.8214,-0.11276
-0.61119,1.0444,0.9153,-0.23535,2.8959,-0.023091,-0.22539,-0.065321
-0.73918,1.2997,0.34316,-1.1071,0.27015,0.0087845,1.8715,0.044297
-0.65105,-3.5371,0.92249,0.11018,-5.8243,-0.014723,1.9078,0.10538
-0.59568,-0.72575,-0.38168,0.092826,4.4957,0.21207,-2.8917,0.14442
-0.58451,0.75396,-0.90647,-0.23956,5.9416,0.23402,-0.42705,0.094287
-0.43196,-0.70068,-0.55252,-1.0583,-6.5532,-0.11691,-0.55784,0.12517
-0.49927,0.76529,-1.5478,-1.2984,2.2249,-0.040489,-2.9935,0.033515
-0.59171,2.3739,-0.14136,0.29718,0.13846,-0.049801,1.1604,0.04802
-0.58915,1.3058,-1.5711,-0.14939,1.6599,-0.0035242,0.23871,-0.031638
-0.80203,5.1551,-0.16881,0.30372,2.1213,-0.016962,0.22059,-0.064494
-0.55554,-1.7923,0.77053,-0.49888,-3.1403,-0.064125,0.22951,-0.11534
4.5017,-1.8564,-0.64356,-0.43383,3.1545,0.082066,-0.54001,-0.099224
4.481,-1.5033,0.063125,1.1339,3.6148,0.090858,-0.76768,-0.048236
4.4614,-0.84175,-0.84525,-0.26898,-0.99522,0.012096,1.0511,-0.008249
-0.44946,-2.9618,-0.80675,0.047165,1.92,-0.043672,0.22807,0.096501
-0.68067,-1.5241,-0.34068,0.014537,-2.0477,-0.049461,0.98658,0.13914
-0.66326,-2.9872,-1.4793,-0.65781,2.7902,0.053733,0.48894,0.12167
-0.76045,2.4586,-0.1008,0.21498,2.3386,-0.0869,1.6457,0.069973
-0.84468,-0.055386,-0.56728,0.5171,-1.0389,-0.051482,0.71738,0.12432
-0.59073,1.7138,-0.10308,0.12618,-2.6315,0.01044,-0.33624,0.061698
-0.6267,0.49634,1.6704,0.23986,-1.3249,-0.11967,2.5392,-0.030202
-0.62941,2.5107,1.2449,1.026,3.6201,0.16445,-0.86444,-0.072744
-0.47707,7.1229,0.88061,0.70357,4.217,0.18246,1.4628,-0.13422
-0.59717,-1.3946,0.27757,1.1541,-4.0147,-0.077479,0.46783,-0.13568
-0.61952,-6.3581,-1.5499,1.0426,0.37307,0.027325,-2.2581,-0.11908
-0.61505,2.1126,1.1101,-0.17191,4.5849,-0.16037,-0.49649,-0.045048
-0.70859,-1.9718,-0.076315,-0.40809,-1.9907,-0.01093,-1.0405,-0.028352
-0.63586,-1.6478,-1.1103,-0.15977,-4.6058,0.0099333,-1.0722,0.048531
-0.59458,-1.0283,-0.15665,-0.27821,-4.0849,-0.12731,1.3607,0.17178
-0.59461,0.57061,-1.0452,-0.29399,3.709,0.09191,-1.4202,0.030448
-0.39364,2.3128,-0.84607,-0.47717,3.5685,0.15166,1.5953,0.14486
-0.45895,-1.6776,0.50569,-0.55788,-6.0439,-0.058144,0.71291,0.097767
-0.58723,1.6939,-1.1226,0.054468,3.9152,0.20214,-2.4524,0.015432
-0.58558,3.3886,-0.41262,1.1035,3.6653,-0.010551,-0.86553,-0.018057
-0.74984,-0.35445,0.2666,-0.81799,-2.6941,-0.011283,0.49,-0.084573
-0.57921,1.9721,1.0754,-0.42173,1.6898,0.018077,-0.010499,-0.11796
-0.56146,-1.9976,0.96793,0.077848,0.20367,-0.0078945,0.62476,-0.12159
4.5063,-1.2585,-0.77696,-0.13363,2.7226,0.022069,0.28068,-0.085084
4.4949,-0.45143,-1.304,0.36746,4.2376,0.20013,0.70399,0.1012
4.466,-0.63725,-1.5693,0.14503,-1.1375,-0.040078,0.17667,0.035754
-0.61865,-2.6258,-0.33997,0.12574,0.97761,-0.015948,0.45067,0.094287
-0.65535,-0.57783,0.063632,0.45537,1.0334,0.0020654,0.73544,0.14666
-0.77897,-1.1983,-0.3138,0.24485,-0.047688,0.0053063,0.17939,0.13739
-0.7303,2.9024,0.52827,0.92225,1.789,-0.027898,1.3527,0.074402
-0.60844,0.84753,1.6141,1.0105,-3.3596,-0.074341,0.52058,0.080438
-0.62535,-1.5479,1.503,0.7826,-1.4102,-0.028931,-1.3117,-0.034558
-0.63042,0.41571,1.1321,0.54703,2.4586,-0.13017,1.529,-0.094624
-0.43137,1.924,1.6853,0.3055,0.43996,-0.031825,-0.61512,-0.14206
-0.60628,6.6233,1.1955,0.99635,1.5728,0.04342,2.176,-0.13471
-0.6108,-3.4408,1.5206,-0.1054,-4.0982,-0.05154,2.5991,-0.11655
-0.60781,0.16915,3.6643,1.2022,4.6915,0.27204,-2.748,-0.03945
-0.66054,3.2266,2.4278,0.67131,6.6689,0.42047,0.02328,-0.063423
-0.66295,-3.7716,1.2403,-0.42413,-5.7341,-0.083512,0.86255,0.1426
-0.59201,-1.0044,-0.44513,0.97418,1.1265,0.017634,-1.1883,0.18645
-0.59355,0.57538,-1.0995,0.81699,3.449,-0.56729,-0.55033,0.071969
-0.40109,0.62351,-1.1964,-0.18703,-1.926,-0.092278,-0.88122,0.14435
-0.55154,1.1815,-0.20394,-0.74552,-1.7169,0.046834,-0.63446,0.072504
-0.58601,0.81448,0.031756,-0.44579,-2.6326,-0.080528,2.3682,0.011757
-0.57814,2.5365,-0.45841,-0.74042,3.2782,0.1024,-0.01633,-0.031759
-0.89931,4.2799,0.47498,0.43397,5.0541,0.29038,-0.19237,-0.057655
-0.62034,-2.2801,-0.12585,-0.57511,-5.4811,-0.024092,0.32856,-0.12894
-0.54857,-1.3419,-2.6405,-0.98775,3.7237,0.20259,-0.68971,-0.063423
-0.55278,-2.1387,-0.57792,0.20586,0.78453,-0.16559,-0.57473,-0.015769
4.5138,-0.014645,-1.3633,-0.88005,-0.0034762,-0.039154,1.6313,-0.047044
4.5015,1.2171,-0.62148,0.25495,3.0963,0.11681,1.1492,0.046195
4.4731,-0.5363,0.99832,0.14703,-1.6956,-0.026018,1.7452,0.14116
-0.6568,-1.4543,0.041495,-0.95639,1.386,-0.05025,0.37214,0.16518
-0.81211,2.4348,0.70926,0.30897,2.926,-0.0036269,0.52694,0.1085
-0.82334,0.76252,-0.24472,0.22032,-0.91624,0.020015,1.7125,0.095601
-0.57257,1.8669,0.54827,0.32386,-0.63146,-0.041413,-0.12703,0.038431
-0.62735,1.1628,1.1903,0.75047,-1.0269,-0.083608,1.3229,-0.045705
-0.62987,-2.0499,1.2362,0.39778,3.2272,0.077753,-1.0943,-0.076687
-0.51675,4.0756,0.60264,0.83524,4.7798,0.23926,0.69838,-0.17652
-0.59351,-0.66322,2.1927,1.0041,-4.3418,-0.069477,0.10763,-0.13551
-0.62106,-9.9194,0.52794,-1.0082,-0.77669,-0.0024589,-0.84353,-0.092117
-0.62165,-1.9496,0.33018,0.32548,2.1919,-0.17727,1.119,-0.074521
-0.90075,-0.38541,-0.25251,0.20454,1.4785,-0.024785,-0.079656,0.059143
-0.70756,1.5421,-0.77883,-1.3176,-0.98536,0.030078,1.3824,-0.025626
-0.5897,-2.8337,0.225,-0.64319,-5.4828,0.0044078,2.8538,0.19215
-0.59452,0.68932,-0.41558,-0.27924,5.3771,0.45417,-0.95655,0.1452
-0.36221,3.0974,1.2874,-0.82108,6.2102,0.54778,1.78,0.16947
-0.5471,-0.7115,1.0908,-0.93667,-7.9304,0.0016098,0.37055,0.088664
-0.60399,1.3566,-0.12329,-0.28872,4.013,0.25502,-2.1767,0.0086902
-0.59014,2.6594,-0.4112,0.9062,3.5632,-0.083589,-0.25176,-0.034364
-0.78613,0.49484,1.3923,-0.38041,-1.7454,-0.046778,-0.096135,-0.060381
-0.68364,-0.38723,0.032682,-0.72189,0.34559,0.018815,-0.68867,-0.092969
-0.60078,-2.5126,0.76051,0.13786,-0.58608,-0.012207,0.88834,-0.12346
-0.56172,-0.61006,-0.48152,-0.98677,3.3036,0.18003,-0.67646,-0.012995
-0.53362,2.0538,-0.14958,-0.074465,4.8428,0.3238,0.20199,-0.082017
4.5291,-0.35219,0.11091,-0.42009,-2.9875,-0.0864,0.81656,0.01514
4.5025,-7.0933,-0.60783,-1.3566,2.372,0.040455,0.2081,0.12622
4.4655,-2.5823,-0.13924,0.29273,1.1669,-0.073494,0.49406,0.18587
-0.66149,1.3723,0.048388,-0.12224,-0.53945,0.017615,1.2834,0.042642
-0.7189,2.4325,0.75062,1.0668,2.3716,0.011826,0.11897,0.1654
-0.61996,1.0364,1.7531,0.47129,-2.1219,-0.024189,0.95842,0.053107
-0.63243,0.3278,2.4539,0.31366,2.6197,0.025143,0.35889,-0.0059125
-0.63084,3.0366,1.9221,0.71116,3.6874,0.10039,0.44676,-0.0799
-0.36719,0.55349,0.77083,0.014987,0.16464,-0.055827,0.52438,-0.1376
-0.46719,2.6668,0.059303,0.081695,-0.30444,0.029006,1.0244,-0.16552
-0.62031,-1.4989,1.1162,0.20122,-2.728,-0.046977,1.8107,-0.055854
-0.62244,-0.90992,0.83505,0.88068,3.6125,0.15616,-1.1764,-0.080703
-0.87016,3.0897,1.6027,0.31275,4.346,0.21081,1.5834,0.10453
-0.74074,-3.0335,0.63811,0.38275,-4.2257,-0.04269,0.82123,0.10629
-0.59247,-3.1293,-1.4781,0.52526,-1.9557,-0.049287,-2.542,0.00017195
-0.5994,0.57287,-0.94486,-0.028394,2.6807,-0.39593,-0.83243,0.1322
-0.36521,0.09853,-0.4397,-0.11291,-0.63166,-0.074322,-0.65622,0.11736
-0.5401,1.4076,-1.3663,-0.63922,-5.2931,0.038947,-0.89868,0.11721
-0.56071,0.42233,0.25389,0.068329,-4.803,-0.021647,2.302,0.020591
-0.58775,2.4184,-1.526,-0.51966,3.4962,0.19115,-0.8207,-0.051522
-0.63481,4.0562,-0.39002,-0.31412,4.8893,0.36242,0.99023,-0.064713
-0.69093,-1.7443,0.10593,-0.023615,-7.1838,-0.089275,-0.35483,-0.10214
-0.63486,0.85508,-2.9678,-0.42666,4.0589,0.23756,-2.3301,-0.093943
-0.56699,0.86573,-0.5904,1.0603,2.0712,-0.12882,-0.6271,-0.073621
-0.55748,-1.1752,-1.1676,-0.49328,0.4443,-0.069579,0.53062,0.021565
4.6696,1.9307,-0.40233,0.085812,0.80045,0.0042795,0.59413,-0.062961
4.5335,-2.7458,0.73661,-0.12206,-0.49635,-0.045931,1.7783,0.139
4.4997,-0.021657,-1.3309,-0.46826,3.0886,0.15201,1.491,0.15722
4.8626,2.7198,-0.29097,0.44261,4.5464,0.28625,0.32964,0.027138
-0.82961,1.0215,-0.65678,-0.3324,-0.33844,-0.00085453,1.6157,0.13865
-0.66128,2.3221,0.93216,-0.066186,0.76547,-0.040457,0.27436,0.1509
-0.63682,1.5235,1.019,0.71921,0.63097,-0.077826,1.4719,-0.0066427
-0.62711,-1.6645,0.74333,-0.11445,2.6886,0.066407,0.031924,-0.049234
-0.45538,2.9648,0.92353,0.60759,4.1436,0.18542,1.2231,-0.16842
-0.62601,-0.053395,1.1927,0.82412,-3.0012,-0.022944,0.62505,-0.1517
-0.61776,-3.2031,-0.27712,0.11105,-2.5587,0.015638,-1.2364,-0.095062
-0.61934,-5.8815,0.47579,-0.067695,0.76358,-0.16406,1.6135,0.090392
-0.89712,0.87497,0.79323,0.50691,2.0501,-0.013677,-0.18847,0.017354
-0.7177,4.4868,-0.37607,0.081958,1.3302,-0.03223,1.6529,0.085038
-0.59677,-4.4227,0.92795,-0.64946,-5.9587,0.00084611,2.5922,0.16192
-0.59832,1.2065,-0.086953,0.7717,5.1172,0.35702,-2.8111,0.036508
-0.26423,3.7629,0.27491,0.90772,6.6146,0.31741,-1.3178,0.16847
-0.44035,-1.3286,0.46217,-0.86844,-7.9121,-0.15353,-0.50381,0.10891
-0.6475,-0.086244,-1.1695,0.1525,-2.146,-0.0022407,-2.444,0.015018
-0.58879,2.1774,0.20806,0.47429,1.7758,-0.46221,0.10084,-0.044658
-0.88294,0.88612,1.7563,-0.079308,-1.306,-0.01933,-0.74933,-0.080386
-0.80695,1.0054,-0.6638,-0.65338,-1.3305,-0.022571,-0.24918,-0.086495
-0.63967,-2.0089,0.85324,-0.37763,-5.2624,-0.11397,0.27663,-0.12989
-0.5694,0.95806,-0.55871,-1.1626,2.8055,0.039794,-1.1275,-0.087907
-0.55874,2.9015,0.11447,0.45782,4.1288,0.10951,-0.27118,-0.01134
-0.37802,-2.1667,-0.93532,-1.165,-4.6713,-0.12128,-0.026393,0.034999
4.5445,-0.50367,-1.1855,-0.73095,0.84646,0.027498,0.16266,-0.025261
4.5195,-3.5862,-0.31887,0.13425,-1.4521,-0.11288,0.55418,0.21026
4.4805,0.33842,-1.8673,-0.79078,0.14386,-0.085431,1.137,0.073867
-0.77496,3.5526,-0.24755,0.90146,2.9321,0.11872,0.01592,0.19086
-0.66841,1.0058,-0.30604,0.55023,-2.8585,-0.11813,0.011335,0.090928
-0.64239,0.86298,1.1754,0.55415,-1.1761,-0.080335,-0.80752,-0.0057665
-0.63067,1.7562,1.6491,1.3838,0.59647,-0.093472,1.2141,-0.043928
-0.52542,-0.73657,1.431,0.46605,-0.46082,-0.014229,0.026825,-0.099297
