tachometer_signal,underhang_bearing_axial,underhang_bearing_radial,underhang_bearing_tangential,overhang_bearing_axial,overhang_bearing_radial,overhang_bearing_tangential,microphone
-0.57685,-0.93219,-1.0483,-1.5772,-2.0699,0.063885,0.16066,0.01918
-0.49529,0.62077,0.22671,0.11524,-3.3223,-0.0071052,-0.24641,0.093751
-0.57292,0.32004,-1.0966,-0.38857,3.6903,-0.015037,-0.91341,-0.0043062
-0.5096,4.4003,0.52621,-0.028554,3.4885,-0.10864,0.0024858,-0.030445
4.4743,0.24832,0.62583,-0.64976,-2.4503,0.0063523,-0.19607,-0.085449
4.4427,2.4794,-0.16235,-0.61375,-1.041,0.061844,-0.067821,-0.13364
-0.62164,-2.9021,0.50806,-0.60132,-2.8257,-0.0059115,0.21226,-0.10971
-0.58744,-2.1451,-0.063962,-0.15704,2.2953,-0.0010278,-0.19217,-0.087444
-0.64511,0.16635,-0.6078,0.13048,2.4903,-0.16032,0.18191,0.0046501
-0.64349,-1.5443,0.35672,-0.076874,-3.8612,0.033601,0.41041,-0.028328
-0.46043,-0.021651,0.5431,0.3057,-1.7379,-0.047003,0.52465,0.086425
-0.64912,-0.41149,1.0419,0.11824,-4.4135,-0.029586,0.31039,0.10745
-0.63787,-4.3468,3.0678,0.59822,3.4776,-0.064837,-1.7753,0.23257
-0.63135,0.99572,0.78294,0.0064635,4.0573,-0.11636,1.0974,0.05537
-0.74851,0.68805,1.9839,0.31645,-0.57518,-0.016988,-0.95422,0.085135
-0.60538,7.0809,-1.1371,-0.2463,2.4574,0.031689,3.7509,0.0095664
-0.61163,-1.1045,1.6162,0.25376,-6.4721,-0.012432,1.198,-0.050256
-0.61202,-1.027,0.96023,1.2674,1.6541,-0.040502,-2.58,-0.063958
-0.38027,1.7429,2.3574,0.59457,4.4376,-0.469,0.67245,-0.14062
-0.57698,-3.156,1.8973,-0.53539,-2.5815,0.030187,-1.717,-0.13339
-0.60419,2.6996,-0.48497,-1.124,-0.40663,0.086834,2.4867,-0.13894
-0.60311,-3.843,-0.44016,0.1176,-6.8443,-0.00033471,0.21168,-0.030859
-0.88195,0.38911,-2.8469,-0.0036718,5.0622,0.077112,-3.3716,0.063231
-0.69746,2.3632,-1.0898,0.75521,4.9529,-0.40487,-0.51821,-0.056608
-0.57283,-2.7139,-0.70446,-1.2723,-6.9513,-0.054094,-1.4431,0.17078
-0.57873,-0.83296,-0.32117,-0.74822,-0.94039,0.0075139,0.53227,0.028623
-0.55839,-0.64391,0.11656,0.23851,-6.3334,-0.036131,-0.8815,0.10412
-0.39378,-0.95116,-1.3036,-0.22579,3.5634,-0.029971,-2.0969,0.095698
4.5024,3.0829,0.10094,0.57778,-0.018948,-0.15532,-1.0209,0.0055019
4.4603,1.4523,0.65385,-0.079944,-1.5616,-0.03925,-0.38801,-0.065492
4.4239,4.6133,0.17918,0.42375,-0.86751,0.019521,0.39025,-0.093772
-0.77421,-1.4249,0.82191,0.11307,-4.9838,-0.083929,-0.78447,-0.1248
-0.65567,-2.2708,0.60119,-0.19794,-0.3472,0.013963,-1.73,-0.11616
-0.64389,0.083362,-0.01564,0.64482,0.59692,-0.064831,0.24109,-0.071819
-0.63901,-2.953,-0.55952,0.18086,-2.5019,0.0045939,-1.357,-0.03889
-0.43538,-0.21624,0.26887,0.78061,-0.93224,-0.029258,0.66664,0.20449
-0.63605,-2.2874,0.0096321,0.75088,-6.4814,-0.024272,-1.172,0.24294
-0.64247,-3.8398,-0.58186,-0.1956,-2.2021,-0.020505,-1.7974,0.15418
-0.63862,-0.36442,-0.058771,0.39109,-1.1131,-0.09267,1.7448,0.12357
-0.8875,0.9411,0.89632,0.92194,3.8569,0.022492,-1.7946,0.10823
-0.65508,7.2136,0.46725,0.40147,5.4652,0.23425,2.4254,0.10448
-0.60741,-1.393,0.54089,-0.31597,-6.8372,0.033973,-0.01511,0.017087
-0.6128,-1.3583,-0.17625,0.3421,-2.0773,-0.014389,-2.3419,-0.047214
-0.48632,1.2878,1.328,0.46824,2.7906,-0.45067,-0.74445,-0.10516
-0.48378,-2.4008,2.6081,0.18092,-1.4495,-0.028431,-2.5945,-0.14043
-0.60017,2.3717,-0.2281,-1.0438,1.1479,-0.0070282,1.9765,-0.11117
-0.60296,-4.3575,0.59611,0.030793,-7.9602,0.019803,-0.75404,-0.12931
-0.71174,1.4264,-2.1231,0.40826,1.8738,-0.030138,-2.1401,-0.066782
-0.77314,1.5055,-0.9927,0.52559,1.0876,-0.55739,-1.7183,-0.058872
-0.5697,-1.5685,-1.219,-1.0225,-4.6536,-0.019176,-2.8884,-0.034023
-0.57572,2.0267,-0.75569,-0.79917,0.86609,0.00073059,0.04794,0.070411
-0.36697,-2.3668,-1.2322,0.10229,-7.5244,0.032086,-1.4824,0.22948
4.5322,-1.7188,-1.854,-0.71075,4.1613,-0.062539,-1.3169,0.041108
4.4985,1.5345,-0.12757,0.19714,-0.5324,-0.11641,-1.1366,0.097012
4.4541,1.0824,-0.60321,0.27328,-0.14889,0.051204,-0.45934,0.018158
-0.7785,5.1483,0.12217,0.73227,1.0032,0.027806,0.17362,-0.037479
-0.81457,-0.34534,1.0321,0.57919,-6.3268,0.00031987,-2.186,-0.10134
-0.68933,-1.967,0.54305,0.3257,0.18464,0.021093,-3.0048,-0.11502
-0.64104,0.85017,0.28098,0.27964,-0.96503,0.027658,0.088841,-0.095233
-0.63123,-2.8927,-0.53561,0.88284,-0.83802,0.052963,-1.9108,-0.032684
-0.40555,1.3664,-0.16095,0.51022,2.1271,-0.0017915,1.0715,-0.001556
-0.59897,-3.4836,0.43386,0.98362,-7.5644,0.01859,-1.2237,0.26594
-0.63299,-2.077,-1.0026,0.06716,-3.7579,0.067761,-1.3433,0.23549
-0.62197,-1.3374,0.76246,0.27527,-4.1916,-0.086843,0.074186,0.078637
-0.76521,0.35522,0.21013,0.80668,3.9963,-0.043345,-2.8794,0.16708
-0.66052,6.1372,1.1884,-0.36416,5.606,0.13363,0.46143,0.1379
-0.60253,-1.0542,-0.4018,-0.99359,-7.9294,0.028159,0.010744,0.025435
-0.60441,0.11771,-1.2169,0.25289,-3.3508,0.012301,-0.82019,-0.021172
-0.41771,1.2721,0.37185,0.20808,-1.0663,-0.38732,-0.65358,-0.056876
-0.61314,-1.2122,1.8005,0.28598,-0.82708,-0.063971,-2.1442,-0.12957
-0.58511,2.0719,0.82153,-0.99445,1.6544,-0.0481,1.9507,-0.11417
-0.588,-3.6472,1.5254,-0.30707,-9.0488,-0.0047371,-2.1764,-0.1248
-0.79001,2.5523,-2.0584,0.11107,-0.28756,0.014246,-2.4552,-0.12123
-0.70567,0.64181,-1.4773,0.71673,0.47857,-0.14544,-1.1451,0.0022407
-0.54425,-2.0496,-2.5294,-0.65541,-2.5019,0.032786,-2.2474,-0.010074
-0.57211,3.719,-1.7933,-0.28614,1.7895,0.06669,0.90392,0.079075
-0.29077,-3.3683,-0.87532,-0.36188,-6.8186,-0.033635,-1.5094,0.14479
4.5302,-3.5849,-2.2588,-0.73339,3.6613,0.0084573,-2.2986,0.028258
4.4995,0.45082,-0.59958,-0.44241,0.014815,0.00085253,-0.75219,0.238
4.4498,1.814,-1.3045,0.1254,-0.36094,0.03364,0.50897,0.090222
-0.64103,4.833,0.29498,0.89889,2.6139,-0.018137,0.12888,-0.016767
-0.75094,0.19162,0.030407,0.40585,-5.9701,-0.013728,-1.5837,-0.056122
-0.71529,0.25907,0.61256,0.14376,1.0098,0.043606,-1.678,-0.1012
-0.63961,1.0049,0.56086,0.14925,0.57112,-0.0042494,0.96938,-0.10022
-0.62557,-3.7847,-0.55343,0.24804,0.84766,0.010909,-1.4609,-0.073645
-0.46264,1.4586,-1.4269,-0.16981,3.1424,-0.021089,1.5134,-0.047457
-0.61019,-2.4179,0.37697,1.0273,-6.292,0.065445,-0.85422,-0.015161
-0.63229,-4.6095,-0.97037,-0.43325,-4.5235,0.036412,-1.3512,0.17691
-0.62662,-2.2379,1.87,-0.016363,-4.4487,-0.034758,1.0396,0.041303
-0.81208,-0.38295,0.85308,0.65681,4.479,-0.0060527,-3.3074,0.12853
-0.65587,5.3208,0.78082,-0.20006,5.7966,0.16024,1.953,0.18524
-0.59827,-1.8242,-0.88473,-0.24924,-8.2049,0.042297,-0.082328,0.075254
-0.59423,0.94091,-1.3358,0.49955,-2.1693,0.015568,1.0295,0.043396
-0.5432,1.2426,0.28375,0.99501,-0.36329,-0.25154,-1.1176,0.0017296
-0.46284,-0.33964,2.1753,0.5278,-0.64035,-0.011732,-1.3579,-0.053225
-0.587,1.4693,1.3043,-0.35208,2.9483,0.0733,1.927,-0.09937
-0.59331,-2.3263,0.74885,0.76557,-7.3868,0.023423,-1.4863,-0.13298
-0.83652,1.8765,-0.96247,0.86937,1.8344,0.0020205,-2.6553,-0.10497
-0.66448,1.9945,-0.6694,0.9538,0.99449,-0.12537,-0.52365,-0.10227
-0.56394,-2.4632,-0.94854,-0.56354,0.27084,0.033864,0.26692,-0.023168
-0.56729,3.0103,-2.4895,0.46089,2.5554,0.077112,0.79049,0.12919
4.5973,-2.2212,-0.47119,-0.091505,-4.8854,-0.0060848,-0.2768,-0.00055819
4.529,-4.8066,-1.8303,-1.434,2.7571,0.014252,-3.5951,0.14537
4.4916,-1.5384,-0.49962,-0.070194,1.7317,0.031657,0.1608,0.17555
-0.71294,0.53517,-1.5747,0.060108,1.0866,0.041841,-0.015707,0.12483
-0.66488,4.7007,-0.37291,0.8445,3.1597,0.005794,-0.040432,0.0034089
-0.70295,0.34052,-0.033557,0.44101,-3.8294,-0.023046,-0.78067,0.019326
-0.67495,0.39397,1.5472,0.53754,2.0186,0.035642,-0.94533,-0.029447
-0.63953,1.4153,1.2951,0.21101,1.8693,0.033595,1.2582,-0.091168
-0.62924,-2.3167,0.2575,0.85295,3.403,0.038401,-0.66401,-0.084938
-0.48534,3.062,-1.016,0.27334,5.7946,0.064142,1.4222,-0.11463
-0.51719,-2.6247,0.71266,1.1607,-5.1986,0.02907,-0.83954,-0.037065
-0.62928,-4.1261,-1.8586,-0.23944,-3.6355,0.089786,-1.0951,-0.05802
-0.63026,-2.8048,2.0871,0.31566,-3.5614,0.061344,1.317,0.010004
-0.78489,-1.7078,2.5014,0.44854,4.6767,0.053277,-1.6687,0.11719
-0.70491,6.5213,0.65136,0.20315,5.6884,0.21383,3.0964,0.0304
-0.59251,-4.3202,0.075761,-0.26246,-6.1975,0.021356,0.34026,0.19049
-0.59463,2.3968,-1.0076,0.50883,-2.1151,0.07079,-0.20711,0.094019
-0.57557,-0.34521,0.12525,0.01816,1.2017,-0.10637,-0.58598,0.064156
-0.4172,0.8296,0.652,0.31413,3.759,0.048246,-0.68981,0.019983
-0.61407,0.17084,0.84678,-0.93564,5.6194,0.14569,2.6169,-0.062133
-0.59143,-0.65596,-0.10511,-0.22113,-5.9606,0.0060443,-0.32611,-0.063691
-0.63471,0.87905,0.14001,0.73433,3.3488,0.007854,-2.1297,-0.13242
-0.61968,2.0623,-0.55755,0.15375,-0.080365,-0.083332,-0.21539,-0.11663
-0.54805,-1.9936,0.20114,-0.13791,1.0194,0.063507,-0.13471,-0.093091
-0.56373,4.1564,-1.148,0.64045,2.2629,0.015844,0.52472,0.0002693
4.5241,-1.1882,0.010403,0.11532,-5.1463,0.042983,-0.72706,-0.060356
4.5182,-6.5628,-2.1856,-1.007,2.6103,0.054047,-0.27854,0.20064
4.4802,-3.2808,-0.11463,-0.37987,1.0518,0.035757,1.2353,0.16119
-0.65615,-0.98382,-3.0126,-0.070059,2.1856,0.043766,-0.2227,0.17063
-0.64831,2.192,-1.1728,1.0475,3.4805,0.036559,0.99032,0.055565
-0.84075,-0.5735,-1.5436,0.24491,-2.8566,0.033421,0.4875,0.080852
-0.66709,1.114,0.27067,0.21229,1.9564,0.005948,-1.1286,0.022831
-0.63295,1.9244,0.021651,-0.35181,-0.11262,-0.021942,1.933,-0.073621
-0.62665,-3.7199,1.3059,0.57212,4.266,0.056236,-1.5581,-0.10064
-0.4127,4.423,-0.44481,-0.29927,5.7142,0.081469,1.1445,-0.12363
-0.58191,-1.7531,0.80717,0.80816,-4.6849,0.031124,-0.72866,-0.14422
-0.61729,-1.9732,-1.6631,0.27357,-3.8629,0.10272,-0.071783,-0.10855
-0.6121,-3.767,1.3416,-0.69072,-1.9051,-0.036144,1.8412,-0.082528
-0.80636,-2.1133,1.38,0.31912,4.7209,-0.026781,-1.5248,0.026603
-0.6521,2.9017,1.9441,-0.13323,7.9103,0.37477,-0.27315,0.04656
-0.58471,-4.8739,-0.05464,0.0074591,-6.1067,-0.0045125,-0.025469,0.25302
-0.59045,2.5913,-0.61685,0.30201,-4.247,0.017846,-0.41777,0.17686
-0.64019,0.067904,-1.8393,0.7233,0.48639,-0.012586,0.59779,0.10392
-0.5187,1.6785,-0.7076,0.49346,4.3617,-0.015422,-1.9717,0.087959
-0.59273,2.1155,0.19715,-1.1926,7.1933,0.28992,0.46943,0.0032385
-0.58063,-0.76207,0.079114,-0.21877,-7.0486,0.063115,-1.2714,-0.024969
-0.79972,-1.6667,-0.68657,-0.82022,4.1942,-0.0043264,0.32107,-0.054223
-0.66944,1.5724,-0.15435,-0.5873,0.82808,0.019797,0.43337,-0.12042
-0.53707,-2.3286,-0.10712,-0.51924,4.1502,0.0037147,-0.50848,-0.11529
-0.8087,3.4688,-0.81539,-0.07485,4.7911,0.099457,1.3342,-0.087956
4.5,-1.4253,-0.91503,-0.16734,-2.1735,-0.020903,-0.84512,-0.01594
4.4833,-1.0047,-2.4974,-0.64339,0.96586,0.044909,0.50456,0.043542
-0.67899,-2.7782,0.5596,-0.69394,-0.25266,0.02076,2.2792,0.094141
-0.656,-2.8008,-2.5779,-0.87921,4.4624,0.076579,0.61582,0.12663
-0.64605,1.7109,0.48259,-0.45708,4.4511,0.040782,0.92944,0.06659
-0.75607,-0.058867,-0.72628,-0.335,-1.4961,0.062518,1.6805,0.063889
-0.65889,3.0008,1.5803,0.40348,0.066303,0.066683,1.5026,0.085135
-0.62441,2.1668,1.023,-0.04097,-2.1098,-0.025434,1.5556,0.023536
-0.62303,-4.6149,2.3444,0.34406,4.2021,-0.032031,-2.3724,-0.070822
-0.36438,3.4538,0.9092,-0.094581,5.2634,0.051724,1.298,-0.13714
-0.53492,-0.82725,1.4696,0.41312,-1.5114,-0.0002577,0.97614,-0.12933
-0.61258,3.0621,-0.216,0.32142,-2.8277,0.089908,1.4422,-0.12283
-0.61266,-4.1332,0.35412,0.40759,-4.1663,-0.0005529,1.8119,-0.103
-0.86438,-0.97506,0.78043,0.2991,4.6443,-0.004981,-2.9696,-0.077149
-0.72824,1.1692,0.42906,-0.11971,7.7204,0.11605,0.13347,0.076471
-0.59461,-3.7925,0.6095,-0.64506,-4.4972,0.069135,-1.0814,0.13968
-0.58808,2.0089,-2.333,-0.54812,-3.4983,0.077015,1.1806,0.19071
-0.55959,-0.49523,-0.61945,0.94297,-2.1982,0.0075396,1.4145,0.10728
-0.37611,1.6899,-2.6865,-0.16546,5.5144,0.14421,-2.4215,0.12288
-0.61616,3.5543,0.25825,-0.87888,6.9411,0.1761,0.52164,0.035048
-0.58325,-0.6231,0.67011,-0.49306,-6.6041,-0.01926,-0.60272,0.011951
-0.6023,-2.9996,-0.2535,-2.1232,3.1815,-0.0074453,-0.33542,-0.043222
-0.7201,1.6115,0.24728,-0.38325,-0.52228,-0.0306,0.18013,-0.089489
-0.52102,-0.73092,-0.55124,-0.34405,4.4474,0.080455,-0.90435,-0.12743
4.5044,3.6258,-0.28977,-0.13103,4.7873,0.070084,0.28568,-0.10402
4.484,-2.0113,-1.0682,-0.66171,-2.3016,0.011666,0.10487,-0.055294
4.4627,-1.1126,-1.501,-0.577,-0.87794,-0.0016631,0.20577,-0.0043062
-0.51797,-4.3156,0.27939,-1.0215,-0.46217,0.014952,1.8919,0.066687
-0.65803,-1.6476,-2.4834,-0.96706,2.9134,0.030456,0.48272,0.090465
-0.64984,0.99694,-0.65565,-0.26776,4.08,-0.061724,1.1547,0.036971
-0.87096,-0.3106,-0.48376,-0.37569,-2.4344,0.005794,0.94348,0.083748
-0.69156,2.656,1.2554,0.1797,-0.94393,-0.0011882,1.7773,0.23542
-0.61811,0.91687,1.1869,-0.073495,-3.1407,-0.069162,1.7842,0.085987
-0.61828,-3.8461,1.7628,0.043485,4.4093,-0.0038643,-2.2678,-0.0061802
-0.22209,3.825,0.95675,-0.064766,5.009,-0.090879,0.4996,-0.1223
-0.54854,-0.55212,1.2645,0.87138,-1.9983,0.0092723,0.25258,-0.11317
-0.6216,1.8143,0.14694,-0.07688,-4.1508,0.018019,1.1215,-0.13984
-0.61163,-3.0651,0.27018,0.60665,-4.2745,-0.026954,2.0465,-0.14741
-0.58256,0.11604,0.036433,1.1803,4.7407,0.074833,-3.1384,-0.11261
-0.77932,-0.038785,0.25853,-0.8796,7.8707,0.10462,-0.70943,-0.014163
-0.64945,-3.4924,-0.47552,-0.58201,-6.5132,0.037195,-0.86046,0.095917
-0.58595,0.33551,-1.2191,-0.38853,-3.8388,0.08007,0.8853,0.091731
-0.57283,-0.59816,-0.69126,0.52084,-2.47,0.0097087,0.8388,0.06255
-0.40169,1.2657,-1.7787,0.037955,5.0695,0.12708,-1.2712,0.11865
-0.50419,4.0254,-0.30123,-0.71408,6.1777,0.10322,0.47345,0.070119
-0.57547,-1.2048,1.2109,-0.67878,-6.389,0.035385,-0.64273,0.048823
-0.57309,-1.6521,-1.3847,-1.2424,2.3355,0.047405,0.09001,-0.018641
-0.68566,0.50111,0.072857,0.23223,-1.6451,-0.0064891,0.085065,-0.057898
-0.56298,0.38006,-0.57043,-0.10219,3.24,-0.021731,-0.63831,-0.068096
4.4879,3.9382,0.8538,0.61682,4.3469,-0.033937,-0.23169,-0.12935
4.4651,-0.77413,-1.231,-0.48673,-2.5234,0.035507,0.095654,-0.088029
-0.026662,-1.6819,-0.65543,-0.69085,-1.8481,-0.0025873,-0.21512,-0.091436
-0.52502,-4.3169,0.398,-0.70098,-1.5835,0.0068657,1.7743,-0.039012
-0.6429,-2.816,-1.6217,-1.0384,3.463,-0.013118,-0.20662,0.053399
-0.6347,1.3253,-1.1372,0.032438,3.8573,-0.1138,0.77465,-0.015672
-0.70427,-2.3766,-0.81561,-0.45317,-1.9896,0.051923,1.1469,0.14316
-0.77611,1.4152,-0.12881,0.04405,0.90865,0.0072123,1.5258,0.15387
-0.61411,1.0955,1.4731,-0.5026,-2.6607,-0.072326,3.0301,0.1718
-0.61252,-3.7643,0.77951,0.0038622,4.4482,0.079403,-1.3023,0.068172
-0.33201,4.6736,0.6673,-0.28329,5.096,-0.014832,1.0354,0.0027761
-0.58721,-0.56485,1.2842,0.6786,-2.4637,0.038029,0.34443,-0.046946
-0.61703,3.2656,0.077913,-0.69815,-3.978,0.059842,1.797,-0.12733
-0.60045,-1.3934,0.30224,0.83365,-4.3829,-0.023008,2.0584,-0.10516
-0.73071,-0.19613,-0.043116,1.0169,4.3878,-0.0046665,-3.3819,-0.10906
-0.72847,1.2268,0.82168,-0.49298,7.1613,-0.17588,-0.66922,-0.071357
-0.64631,-3.4354,-0.079142,-0.71468,-7.4736,0.0076487,-0.8655,-0.0025296
-0.58339,-0.087727,-1.0377,-0.22138,-4.8483,0.043009,0.19063,0.053034
-0.5772,-0.47165,-1.6323,0.15318,-2.6518,-0.036568,1.2829,0.0023624
-0.42234,1.1326,-1.8272,-0.22763,4.5061,-0.00085453,-2.9554,-0.0082003
-0.60841,3.1352,-1.2331,-0.57337,6.6587,0.22184,-0.1374,0.15248
-0.5727,-1.6619,0.67169,-1.1742,-6.2963,0.055356,-0.21652,0.040841
-0.56987,-0.86794,-1.8782,-1.8207,2.3428,0.063237,0.26878,0.017549
-0.68618,1.0715,0.38772,-0.34328,-1.3621,-0.0016118,0.3238,0.016016
4.501,0.91725,-2.0427,-0.9384,4.8811,0.1764,0.7694,-0.021391
4.4625,4.6874,-0.25393,-0.2235,4.3231,0.0035864,-0.14274,-0.13729
4.4358,-1.1324,-0.63815,-0.82246,-0.37043,0.02144,1.0166,-0.10979
-0.5014,0.34191,-0.46068,-0.27806,-0.18612,0.074814,0.0058573,-0.14931
-0.57508,-2.3964,0.44803,-0.83403,-1.7271,-0.0011176,1.132,-0.086982
-0.66082,-2.1884,0.93965,0.10224,4.1961,0.065156,0.17916,-0.04405
-0.64559,0.89409,-0.23138,0.49244,4.0761,-0.026736,1.4317,-0.040326
-0.94306,-2.4024,1.0665,-0.49982,-1.8779,-0.020178,0.96129,0.18122
-0.70328,3.3747,0.86012,0.7436,-0.40475,0.045993,2.0054,0.21532
-0.60877,-0.46499,1.3969,0.20785,-4.4053,-0.038782,1.0947,0.15338
-0.61522,-5.181,1.7187,1.2502,4.22,0.058328,-1.7199,0.19648
-0.60563,3.1863,1.1862,0.30651,5.2617,0.02839,0.34388,0.073818
-0.46011,-0.64065,0.86005,0.22577,-1.8502,-0.012246,-0.44929,0.039015
-0.6595,4.456,-0.18634,-0.77594,-1.9857,0.036733,2.7618,-0.04938
-0.61249,-0.86498,-0.15765,0.62022,-5.6096,0.051352,2.3555,-0.072598
-0.72168,1.1719,-1.1364,1.0445,3.712,-0.071299,-2.5897,-0.10047
-0.82629,2.0926,0.4882,-0.54148,6.4767,-0.46189,-0.88474,-0.11361
-0.62597,-3.6272,-0.41406,-0.99767,-6.7655,0.0051651,-0.68136,-0.090097
-0.58757,-0.83489,-1.489,-0.98927,-5.2619,0.075385,2.0089,0.0055506
-0.5837,-1.2865,-1.3462,0.16542,-2.6964,-0.055885,0.82229,-0.008249
-0.38889,0.8301,-1.305,-0.18281,4.8954,0.051705,-1.5075,0.00022063
-0.49269,3.3375,-0.79958,0.042233,5.9232,0.065329,0.60258,0.047047
-0.59005,-2.6306,-0.46941,-0.91395,-4.8377,-0.025145,0.07619,0.16711
-0.58103,-0.3806,-2.0572,-1.3044,1.6925,0.018635,1.6919,0.071117
4.6367,-0.14438,0.61656,-0.15963,-3.2871,-0.0026707,0.51929,0.032712
4.4898,-0.3688,-0.081268,-0.76977,4.8979,0.096454,-0.72473,0.037458
4.4489,2.4303,1.0562,-0.14263,3.9736,-0.01487,0.97502,-0.052276
-0.56656,1.1907,0.74493,-0.27579,-0.28872,-0.019209,0.51198,-0.08153
-0.55463,3.6564,1.6037,-0.066276,1.975,0.043856,1.7256,-0.11278
-0.54635,-1.688,1.29,-0.40743,-3.4501,0.0049469,0.92603,-0.10653
-0.65375,-2.6779,1.0265,0.24708,3.8105,0.038478,-0.98038,-0.096863
-0.65171,0.32222,-0.54993,0.093327,2.9445,-0.078134,2.8555,0.015602
-0.76325,-3.2717,0.74809,0.36907,-0.70936,0.027928,0.72635,0.012682
-0.69507,3.012,0.6065,1.1671,-0.64899,-0.012945,1.8862,0.22761
-0.56227,-1.8149,1.1303,0.3423,-5.3405,0.0059609,0.15842,0.32464
-0.61725,-6.1236,1.7656,0.37037,1.0214,-0.054588,-2.9438,0.13997
-0.60014,1.7777,1.6066,0.41674,4.1984,-0.16076,1.6986,0.06642
-0.42672,-0.46187,1.5053,-0.24176,1.8895,0.0084123,-0.20297,0.093921
-0.56002,5.1517,0.077945,-0.87442,2.3413,0.051769,5.1915,0.013339
-0.60968,-1.4671,-0.042782,0.22947,-6.3419,0.0092274,1.5921,-0.06425
-0.60317,0.6373,1.2809,0.72699,2.3264,0.025098,-2.9826,-0.075081
-0.72252,2.1594,0.29179,0.36731,5.5633,-0.35768,1.643,-0.14697
-0.59146,-2.8569,2.7671,-1.327,-5.4447,0.035295,-1.2935,-0.12232
-0.5858,0.72902,-0.84316,-1.1006,-2.2978,0.054182,2.226,-0.067147
-0.58781,-1.7362,-0.15112,0.30018,-5.3434,0.034044,0.76878,-0.070943
-0.41358,-0.1253,-1.9441,-0.40429,5.325,0.21639,-1.2619,0.076593
-0.50208,2.3521,-0.18294,0.69455,4.0613,-0.23826,-0.95892,-0.0097092
-0.58341,-2.0602,-0.95086,-0.49352,-2.0262,0.07294,-0.33089,0.14099
-0.57051,2.0682,-1.3816,-0.72042,0.79293,0.077432,1.1027,0.096915
4.519,-1.7123,0.45098,0.20092,-4.7808,0.022043,-0.77713,0.080682
4.482,-2.2261,-1.0023,-0.4505,4.0121,0.070142,-0.60306,0.10694
4.4388,2.3791,-0.36293,0.32043,1.8884,0.015497,0.73895,0.0047231
-0.65691,1.2294,-0.31357,0.04951,-0.87709,0.053373,-0.32979,-0.057558
-0.41903,3.6445,1.1741,0.94232,2.0666,0.044363,1.1263,-0.10704
-0.62119,-0.80948,0.6456,0.39796,-4.213,-0.0044162,0.0040142,-0.1306
-0.66778,-2.5233,1.0816,0.98793,1.5134,-0.0097748,-2.2885,-0.12456
-0.63943,-1.0471,-0.095806,0.36993,1.4129,-0.065376,1.9331,0.044929
-0.82376,-4.068,-0.059144,0.93057,0.6687,0.0045811,-1.1046,0.094384
-0.76318,3.9195,0.1824,1.1388,3.2137,0.021761,1.9198,0.083651
-0.5898,-3.4221,1.8957,0.77896,-5.925,-0.050057,-0.32713,0.36543
-0.61689,-7.5301,-0.80398,-0.5475,-1.8401,0.043317,-1.4194,0.16078
-0.61533,0.65033,0.82978,0.39913,3.0595,-0.27226,1.2042,0.045732
-0.4326,-0.030212,0.97847,-0.045626,3.055,-0.0021124,-1.2628,0.14286
-0.65584,5.2061,0.97956,-0.28206,4.6341,0.15603,4.9027,0.035097
-0.60719,-1.8166,0.97792,-0.63295,-5.4846,0.062454,1.6438,0.017866
-0.60273,1.2725,-1.3464,0.71321,1.8159,-0.0041339,-1.0803,-0.069142
-0.72477,2.4648,0.37003,0.49755,4.7759,-0.28256,0.92254,-0.12057
-0.6233,-2.2896,1.9648,-0.15914,-2.4936,-0.051219,-1.4575,-0.12746
-0.58484,1.2323,-0.44002,-0.99284,-0.73872,0.013963,1.827,-0.098348
-0.59152,-2.8316,1.14,0.69534,-5.6463,0.034127,-1.0377,-0.062693
-0.35373,1.8924,-0.44972,-0.04817,4.173,0.078029,-1.5275,-0.069215
-0.48102,0.87644,-0.058874,0.54564,4.5416,0.032998,-0.41921,0.06586
-0.58819,-3.1667,-1.0908,-0.3915,-0.57895,-0.0026193,-0.48218,0.14834
-0.66248,3.5,-0.24008,-0.057573,0.75625,0.062005,0.64146,0.020494
4.5127,-3.3201,-0.19518,0.077719,-3.3144,-0.029246,-0.025944,0.17609
4.4737,-2.6664,-0.21075,0.19535,4.4421,0.11997,-0.51598,0.12756
-0.69752,1.5501,-0.25525,0.33451,3.4042,-0.077255,0.44599,0.04987
-0.65678,2.301,0.34931,0.1715,-0.28857,0.059457,0.22313,-0.020564
-0.2786,3.5158,1.5022,0.75778,2.6921,-0.025998,1.1049,-0.071479
-0.50161,-0.18978,0.62522,0.1583,-3.2948,-0.021089,0.068933,-0.092726
-0.70446,-1.7756,1.7059,1.1222,3.3252,-0.013869,-1.3257,-0.1167
-0.64262,-0.48713,0.56649,0.1503,3.8604,-0.051091,1.4851,-0.1111
-0.85961,-3.2839,0.50376,1.2388,1.6043,0.064155,-0.39324,0.0083982
-0.75729,3.3655,-0.70628,0.98362,3.5729,-0.019401,2.9647,0.11962
-0.61702,-2.5825,1.8451,0.98007,-5.1911,-0.023181,0.60499,0.11887
-0.61564,-7.793,-1.6461,-0.033217,-2.1742,0.038921,-0.9761,0.085087
-0.60924,0.36655,1.1261,0.19027,3.9249,-0.052868,1.275,0.028331
-0.42828,-0.17027,0.7833,0.14014,3.0485,-0.056623,-0.59959,0.06715
-0.58871,4.8748,3.0353,-0.56512,4.345,0.13534,5.7263,0.13169
-0.61236,-2.0416,1.1658,-0.72442,-5.4072,0.038658,1.711,0.042642
-0.61282,1.4967,-0.74174,0.11682,3.9435,0.032356,-0.26694,-0.010439
-0.77131,2.1099,0.75875,0.437,4.9009,-0.078481,1.8157,-0.076444
-0.59786,-1.4486,1.6277,-0.97415,-1.8412,-0.043396,-0.65396,-0.11215
-0.58168,1.5458,-0.62409,-1.0851,0.41713,0.02015,2.6973,-0.10314
-0.58439,-2.974,0.54055,0.35435,-4.1757,0.053136,0.041454,-0.091606
-0.23392,1.5993,-1.6648,-0.11824,4.7129,0.16026,-0.58146,-0.082041
-0.5216,1.6213,0.27449,0.71132,3.6134,-0.096886,0.056937,-0.022219
-0.58754,-3.2933,-0.78336,-0.70155,0.59397,-0.031126,0.68414,0.06311
4.5314,2.7377,-2.0657,-0.2586,0.15426,0.00022361,1.5031,0.0029708
4.5089,-2.4293,-0.1565,-0.12837,-2.3674,0.0069748,0.7867,0.25015
4.4631,-2.8404,-0.91362,-0.37581,3.7727,0.04523,-0.04282,0.17153
-0.67308,0.55522,-0.013951,0.18217,3.288,-0.088363,1.969,0.11553
-0.65773,1.5073,-0.15829,0.2961,-0.22419,-0.0075608,0.79179,0.029962
-0.55716,4.0938,1.4032,1.1647,1.8753,-0.027397,0.91581,-0.013457
-0.60185,-0.0769,1.3075,0.52735,-3.6093,0.0192,-0.28064,-0.055927
-0.63149,-0.61739,1.7013,1.2918,1.8569,-0.013985,-1.5304,-0.13113
-0.64322,-0.39943,1.0245,0.4444,3.0657,-0.12329,2.2739,-0.13556
-0.75929,-1.9485,1.9023,1.8593,2.4096,-0.030259,0.28692,-0.10446
-0.78238,3.2464,-0.68664,1.5111,4.408,0.10679,1.7377,0.02322
-0.68982,-3.204,1.7229,0.82573,-4.6759,-0.0055457,0.65278,0.030716
-0.61978,-5.9066,-2.6004,0.46483,-3.7533,0.062525,-1.1396,0.10144
-0.60611,1.4481,-0.16893,0.53218,3.5195,-0.2115,0.59242,0.022928
-0.34881,-1.4216,-0.40949,0.37479,3.2204,-0.020223,-0.95686,0.05279
-0.55109,4.421,0.74332,-0.11039,5.0804,0.27863,5.2843,0.25752
-0.61222,-2.6058,1.28,-0.36024,-5.4169,0.02074,0.66378,0.10478
-0.60552,1.571,-1.4824,-0.068607,2.7497,-0.063444,-0.0041287,0.032882
-0.78616,2.4542,-0.19693,0.564,3.6033,-0.23639,0.70047,-0.015283
-0.58669,-0.46471,0.2106,-0.19281,-0.19556,-0.032762,-1.1414,-0.072063
-0.57964,1.3604,-0.37465,-0.73592,1.9655,0.025265,2.505,-0.068534
-0.58159,-1.5802,0.60383,0.65415,-4.3111,0.048265,0.73048,-0.091801
-0.24017,-0.40615,-1.0838,0.615,5.0065,0.27916,-0.9241,-0.1103
-0.51374,0.36212,-1.1541,0.40031,2.3504,-0.042042,1.0381,-0.036992
-0.56531,-2.339,-0.15117,-0.63239,2.1314,-0.021622,0.86374,-0.040448
4.5193,2.9324,-1.3266,0.49963,1.714,-0.017322,1.6662,0.071871
4.4895,-3.2406,-0.98756,0.35095,-2.875,-0.06329,-0.46655,0.10986
-0.66332,-2.818,-1.8029,-0.66327,1.8791,-0.026685,-0.041754,0.14206
-0.63487,-0.93231,-0.57706,0.058772,2.0951,0.0043051,0.97275,0.15411
-0.64966,0.19632,-1.9371,0.14654,1.8017,-0.010307,0.32995,0.092656
-0.65375,4.0394,0.52499,0.54667,3.0669,-0.026775,1.6597,-0.0011666
-0.55796,-0.38126,-0.35054,-0.066475,-2.1721,-0.06295,0.65658,-0.010877
-0.63445,0.45453,0.67767,0.11886,0.89384,-0.050641,0.13749,-0.067609
-0.632,1.4746,1.0383,0.27733,0.53718,-0.011822,2.5823,-0.13422
-0.61959,-3.9316,1.4055,0.99861,4.4576,0.16992,-0.46629,-0.082601
-0.70586,3.003,0.303,-0.07318,4.9968,0.16845,1.8923,-0.1148
-0.67896,-2.5547,0.80743,0.043357,-3.4426,0.026028,1.1807,-0.09129
-0.61306,-4.7423,-2.8102,-0.4963,-3.928,-0.016494,1.1003,0.011343
-0.60526,1.1157,0.16539,1.013,-0.56251,-0.11077,2.2285,-0.019469
-0.38845,-1.9967,-0.29951,0.83692,4.695,0.22621,-0.31728,0.18331
-0.58107,3.1625,1.9845,-0.84102,6.5116,0.49857,3.0427,0.16375
-0.60668,-3.4135,1.2357,-0.30549,-5.9366,0.0023221,0.47097,0.15851
-0.59999,0.93432,-1.0761,-0.48614,-0.54233,-0.033269,0.20144,0.068002
-0.75894,1.0518,-0.92347,0.80986,1.0229,-0.10873,1.0621,0.050162
-0.62295,1.1429,-1.5444,-0.65023,3.2984,0.020041,-0.1449,0.001973
-0.58145,3.1624,-0.77353,-1.2599,5.5306,0.35039,2.943,-0.072331
-0.57447,-0.86901,0.21852,-0.025362,-5.976,-0.050231,-0.22026,-0.079462
-0.25055,-2.3723,-1.6153,-0.20553,3.8651,0.10747,1.3493,-0.11117
-0.45919,-0.24983,0.74313,0.30422,-0.44315,-0.032692,0.90827,-0.10774
4.5025,-0.79042,-1.0143,-0.56214,3.9634,0.14792,1.955,-0.11025
4.4894,2.533,-1.2518,0.077308,3.4708,0.043041,1.9616,0.10188
4.4571,-2.219,-0.86375,-0.37481,-2.5419,-0.077935,-0.21204,0.036143
-0.8565,-2.4314,-1.1271,-0.70145,0.93851,-0.045649,0.44195,0.11101
-0.63235,-2.071,0.0097284,-0.17983,-0.63564,-0.051129,1.7678,0.18295
-0.64694,-1.3394,-2.2159,-0.64529,3.7428,0.11182,-0.02367,0.12442
-0.64842,3.4552,-0.20016,0.095279,3.6447,0.063378,1.4941,0.0081548
-0.44504,-0.4542,-0.34188,-0.26571,-2.0665,-0.03635,1.863,0.065495
-0.68574,4.67,1.7524,0.67295,-0.8595,0.0039714,1.6769,-0.027914
-0.64012,1.9608,1.2496,0.33472,-1.7394,-0.055673,1.7937,-0.094356
-0.64083,-5.6973,3.1094,0.38889,3.8407,0.12817,-1.174,-0.098372
-0.79244,3.5339,1.782,-0.29278,4.9066,0.10863,1.2601,-0.13208
-0.72216,-2.043,1.0336,0.57062,-1.6206,0.0044784,-0.076086,-0.11918
-0.61538,-0.56046,-0.69365,-0.83023,-3.6725,0.028396,1.4031,-0.051984
-0.61431,-2.0092,-0.11337,0.48097,-4.7375,-0.00042456,2.0012,-0.033439
-0.43516,-1.8534,-1.7693,1.323,4.4773,0.13025,-2.7068,0.11568
-0.50832,2.1335,0.19324,-0.41388,6.4277,0.068576,0.44613,0.19818
-0.62619,-3.5641,-0.63683,-0.48449,-7.2737,-0.063624,-0.42971,0.11675
-0.61201,1.2709,-1.865,-0.63952,-3.2687,0.025432,0.75672,0.092826
-0.71683,-0.25919,-0.5968,0.5468,-3.1979,-0.1012,0.80562,0.078564
-0.62538,2.4476,-1.8511,-0.22865,4.0567,0.061459,-1.195,0.010783
-0.58492,5.525,0.18541,-0.47681,5.5049,0.13521,0.4004,-0.015526
-0.57435,-1.3797,-0.29094,-0.82784,-5.6816,-0.051232,-0.48778,-0.076979
-0.39986,0.95801,-0.58474,-1.5602,0.70581,-0.0027669,0.3851,-0.13235
4.4732,-2.1819,-0.39351,-0.12776,-0.77355,-0.076979,0.66603,-0.10185
4.4775,-2.1015,-1.8793,-0.44746,3.3327,0.030078,0.14533,-0.10918
4.4566,2.2156,0.27523,0.35324,3.1475,-0.11256,0.077339,-0.033536
-0.7264,-0.30317,0.10928,-0.34231,-1.9852,-0.045771,0.66985,-0.019396
-0.89196,-0.87134,-0.52477,-0.59344,0.018996,-0.071113,1.1227,0.11463
-0.59882,-2.6595,-0.018679,-0.57221,-3.5351,-0.036876,1.2543,0.17499
-0.64387,-1.4626,-0.076752,0.020401,3.8555,0.10376,0.11376,0.032468
-0.64653,3.5649,0.12748,0.25586,2.9668,-0.18158,1.451,0.03169
-0.46857,-1.8404,0.65156,0.40272,-2.8546,-0.069836,0.4547,0.10921
-0.56445,5.1969,0.58142,0.81517,0.48881,0.0013595,1.8589,0.040962
-0.63222,1.0355,1.8283,0.46112,-5.8354,-0.10943,0.66837,-0.056925
-0.62884,-6.5306,2.6735,0.38334,3.5175,-0.0075095,-1.9922,-0.067195
-0.68523,2.7369,2.6344,0.31109,3.2221,-0.29912,0.2421,-0.10949
-0.65394,-1.4778,1.7647,0.40108,-1.8373,0.0022066,-0.85213,-0.14788
-0.61275,1.9095,0.43582,-0.48791,-3.5452,0.042759,2.6941,-0.098689
-0.61317,-3.2058,0.1494,0.18928,-7.5793,-0.010057,1.0894,-0.022608
-0.5263,-1.1055,-0.71132,0.80517,3.7943,0.045602,-2.6553,0.026871
-0.54355,0.55718,-0.75898,-0.16061,5.3429,-0.39133,-1.3456,0.11266
-0.60573,-4.2039,0.22946,-0.60796,-9.2223,-0.054062,-1.9573,0.14795
-0.59776,-0.15728,-1.1144,-0.87559,-4.563,-0.01693,0.79831,0.15798
-0.74371,-0.16931,-0.45542,0.2211,-4.5854,-0.10425,0.70162,0.032371
-0.71656,2.1163,-2.0998,-0.039679,2.6867,-0.10285,-1.3029,0.099105
-0.542,4.9248,-0.12985,0.58862,4.0723,-0.14307,-0.07335,0.047314
-0.57565,-0.71611,0.039722,-1.6963,-4.7228,-0.0090304,-0.29293,-0.033049
-0.50447,1.3672,-0.28463,-1.3541,-0.28709,-0.010924,-0.3437,-0.086641
4.486,-1.3177,-0.29994,-0.24639,-1.9543,-0.013914,0.26371,-0.095914
4.4584,-2.7745,-2.2828,-1.0998,3.1052,-0.002215,0.35326,-0.14118
4.436,2.0593,-0.29565,-0.021906,2.8101,-0.13138,-0.12943,-0.083502
-0.65581,0.16334,0.043622,-0.39346,-2.3007,-0.061468,0.6873,-0.063253
-0.79939,0.033989,-0.015659,-0.31406,-1.2726,-0.0046408,0.6183,0.015675
-0.59094,-2.523,0.26172,-0.73616,-3.9001,-0.025459,0.56344,0.074062
-0.64083,-1.9878,2.0924,0.47406,2.8925,-0.0092807,-0.64079,0.060457
-0.64315,2.4654,-0.00058855,0.15478,3.3291,-0.1069,0.86517,0.11804
-0.36741,-2.0158,-0.085399,-0.17984,-4.1297,-0.034457,0.49091,0.19626
-0.60151,6.5107,0.17822,0.80595,-0.15472,-0.013471,2.0942,0.11018
-0.6312,0.92402,1.4522,0.74092,-5.5265,-0.026512,1.2502,0.022782
-0.62558,-4.6537,3.1077,1.5923,2.0865,-0.10218,-3.9757,-0.026259
-0.81547,3.8762,2.0722,0.45434,4.2841,-0.18155,0.49554,-0.095476
-0.61656,-2.2878,2.5201,0.77803,-3.5983,-0.055012,-1.0362,-0.14281
-0.60841,2.4847,-1.4837,-0.37366,-5.1147,0.014323,1.5297,-0.10962
-0.60792,-2.5644,-0.81241,0.74797,-6.9156,-0.010089,0.8062,-0.11504
-0.36368,-0.16677,-1.5941,1.0122,3.3748,-0.014755,-2.758,-0.0091251
-0.49086,0.70361,-0.83539,-0.31829,5.5133,-0.1643,-0.45227,0.04106
-0.62875,-4.3243,-0.21152,-0.64472,-7.6393,-0.02707,-1.0329,0.069219
-0.60059,-1.5108,-0.9517,-0.83488,-4.1239,0.019688,1.046,0.12999
-0.95832,-0.34404,-0.49656,-0.035041,-3.9656,-0.061384,0.63823,0.03904
-0.71776,1.6199,-1.5401,-0.49935,3.9351,0.045197,-2.3969,0.071214
-0.60576,5.0308,0.34278,0.31427,5.6089,0.29764,0.84084,0.11346
-0.57415,-1.0241,-0.026799,-0.84479,-4.0616,-0.025196,-0.35699,0.026992
-0.65379,1.6633,-0.74411,-1.3343,0.6098,-0.0117,1.0027,-0.017205
4.4751,-1.4665,0.49689,0.13692,-2.773,0.011737,0.99201,-0.077466
4.4404,-0.92485,-1.3467,-0.75228,3.526,0.015581,-0.10566,-0.12234
-0.59767,3.0241,0.60174,-0.0709,3.8802,0.049844,0.21023,-0.1165
-0.66648,0.56213,0.50771,-0.44468,-1.5056,0.015401,0.89849,-0.067974
-0.68511,0.34024,0.56354,-0.28528,0.80547,0.030071,0.88951,-0.03597
-0.63243,-0.19305,0.33533,-0.14696,-2.992,-0.01342,0.69365,-0.073572
-0.63361,-4.1759,1.3924,0.25849,3.619,0.063,-2.0234,0.078004
-0.63098,1.1108,-0.82006,0.10184,3.7445,-0.036568,1.672,0.03792
-0.32762,-1.8859,1.0133,-0.07056,-1.703,0.039126,0.13115,0.28714
-0.48393,6.5447,-0.47976,0.95045,1.2635,-0.029323,2.0001,0.2272
-0.63461,-0.25884,1.6319,0.65925,-5.1273,-0.057604,1.1513,0.12111
-0.62882,-3.092,2.4521,0.58954,3.8568,0.11185,-2.6758,0.022611
-0.81722,4.1097,2.2327,0.59332,5.3268,-0.080303,0.66497,-0.018836
-0.60415,-2.0661,2.2038,0.41806,-2.0611,-0.048517,-1.4871,-0.065175
-0.60067,4.2372,-1.0882,-0.1649,-1.4492,-0.00090587,2.938,-0.13361
-0.60168,-2.2576,0.61753,0.3794,-5.8801,0.058995,1.8161,-0.11602
-0.40475,0.4186,-0.43382,0.36518,4.6344,0.12461,-3.5876,-0.10969
-0.4708,0.81855,-0.61294,0.1475,5.6842,-0.19124,0.32091,-0.066295
-0.61872,-4.2081,1.7093,-0.3896,-6.5144,0.025034,-1.035,0.017768
-0.59776,-2.8469,-1.9539,-0.35667,-1.714,-0.010359,1.9486,-0.056389
-0.73279,-1.4436,0.22396,0.31275,-5.0096,-0.043653,-0.46409,0.112
-0.7454,-0.14485,-1.6481,-0.42296,4.3467,0.11753,-1.6666,0.052596
-0.60653,2.6841,-0.20603,0.0070159,3.6585,-0.018458,0.68415,0.12851
-0.56948,-0.63322,0.62246,-0.48745,-1.2699,0.04066,0.11627,0.095893
4.5078,4.6354,-1.0122,0.10267,1.3819,0.048355,1.0018,-0.013676
4.4687,-1.0758,1.291,-0.064188,-4.3129,0.0052678,-0.49238,-0.010829
4.4319,-2.199,-0.67026,-0.5888,3.6786,0.094471,-1.3197,-0.078123
-0.65537,1.2041,-0.29651,0.04003,2.8198,-0.058631,0.57378,-0.12709
-0.65213,0.53087,-1.1588,0.27174,-0.49512,0.033973,-0.095974,-0.084743
-0.75164,2.4043,0.85171,0.90496,3.4957,-0.013773,0.91854,-0.097082
-0.62681,-1.5628,0.47406,0.68289,-4.2283,-0.070029,-0.29113,-0.078683
-0.62742,-4.0449,0.54333,0.52251,0.3211,0.0065513,-1.3499,0.17791
-0.62113,-1.0873,0.18843,0.62756,0.66493,-0.095602,1.5729,0.13396
-0.36219,-2.3421,-0.09526,1.9003,1.9065,-0.036343,-1.1587,0.16046
-0.51035,4.8049,-1.3872,1.2113,4.268,0.16444,2.0507,0.2609
-0.62534,-1.6274,0.97332,0.65029,-5.0354,0.010549,0.038166,0.13646
-0.62002,-3.4212,-1.8749,-0.058382,-2.8203,0.046937,-0.94321,0.11867
-0.91206,1.1851,1.2222,-0.10155,1.9682,-0.27196,0.47787,0.047241
-0.71006,-0.54771,2.4707,0.11443,3.8561,0.11248,-0.64616,-0.010415
-0.60318,4.5859,2.7305,-0.17735,6.2773,0.44551,3.436,-0.080532
-0.59137,-3.0905,1.6208,0.20223,-6.4534,-0.017136,0.022484,-0.12164
-0.45671,1.7064,-2.3701,0.17573,0.43184,0.017859,-0.76687,-0.10548
-0.54917,0.068443,-0.59441,0.42558,3.7253,-0.12113,0.73084,-0.10582
-0.57213,-1.4214,-0.19806,-0.2623,-0.15615,0.036964,-0.27712,-0.10397
-0.58182,-0.32677,-0.92255,-0.88944,2.7973,0.014393,2.0102,-0.033658
-0.63975,-1.0291,-0.12931,0.32761,-5.7649,0.039165,0.34632,-0.026162
-0.78148,-2.6035,-1.4831,-0.49708,4.3115,0.17731,-1.2047,0.075084
-0.63112,-0.20807,-1.0802,-0.17739,1.362,-0.071736,0.96907,0.15314
4.5568,1.1146,0.17677,-1.1387,3.0275,0.027286,0.71445,0.033393
4.5032,7.2254,0.39054,0.82178,3.2605,0.023185,2.4777,0.019253
4.4654,-0.9226,-0.062221,-0.044766,-3.1961,-0.01736,-0.41106,0.053009
-0.68718,-1.0576,0.86413,-0.4307,1.6297,-0.030593,-0.10991,-0.036627
-0.64614,0.066022,0.80082,0.25129,1.6957,-0.0037231,1.3826,-0.085035
-0.64194,-1.1469,-1.4702,-0.32035,1.5477,-0.049743,0.49218,-0.10003
-0.85323,2.5501,0.0015699,0.13973,3.8322,0.046827,1.4448,-0.093188
-0.67092,-1.5016,-0.71753,0.4105,-3.3305,-0.012329,0.49709,-0.058482
-0.62347,1.487,-0.10747,0.84025,0.86371,0.014323,0.41455,0.028063
-0.61263,-2.7841,0.77114,0.011955,-0.7183,-0.049865,1.5131,0.14895
-0.43094,-2.1545,-0.77255,0.9476,4.1396,0.17993,-1.1013,0.2116
-0.50907,4.612,-0.81869,-0.11097,5.0847,0.14054,1.5816,0.15511
-0.6243,-2.5164,-0.020169,0.92137,-4.3063,-0.025145,0.46934,0.16197
-0.61103,-0.67332,-1.3481,0.20796,-6.5733,-0.032685,0.15732,0.10998
-0.97828,1.3701,1.2405,0.73577,-2.5297,-0.10637,1.0222,0.056344
-0.68668,-0.46599,-0.15065,1.0132,4.5828,0.16286,-2.7639,0.016259
-0.50638,4.1613,1.2432,-0.71341,6.7451,0.38018,1.1506,-0.037454
-0.58466,-2.6268,1.4877,-0.82093,-7.2546,-0.028225,-0.55809,-0.091509
-0.53202,2.4784,-1.2326,-0.10931,-2.6116,-0.033462,-0.39559,-0.10655
-0.40553,0.62882,-0.81209,0.75476,1.6764,-0.12578,0.90863,-0.12738
-0.63081,-0.51083,-2.4169,0.029875,2.0239,-0.043576,0.10209,-0.1102
-0.58327,1.8155,-0.47595,-0.40363,5.5167,0.30455,1.6224,-0.022949
-0.58981,-1.905,0.32493,0.32329,-6.9257,-0.046406,-0.63864,-0.021708
-0.68037,-3.1361,-2.0742,-1.0026,3.0679,0.033928,-1.0778,0.12936
-0.56041,-1.4924,-1.4612,0.081509,-0.37613,-0.089762,0.49897,0.14284
4.53,0.53424,-1.9621,-0.32347,3.1391,-0.0047564,0.11719,0.034245
4.4937,6.436,-0.91716,0.77584,2.9729,-0.027198,0.93284,0.11354
4.4563,-0.052714,-1.113,0.25331,-2.7592,-0.04552,0.19697,0.11527
-0.57212,0.20959,0.22486,0.057352,-1.4491,0.011788,-1.052,0.030667
-0.65103,1.222,0.79599,-0.52962,0.26017,-0.087786,2.0391,-0.049112
-0.64877,-0.86388,-0.4438,-0.28034,1.9702,-0.049191,-0.5767,-0.086203
-0.77118,1.9684,-0.15593,0.29734,3.568,-0.007394,0.62092,-0.10772
-0.70978,-1.7632,-0.5211,-0.092944,-2.8121,-0.025921,0.33086,-0.14328
-0.623,1.4728,-0.07733,0.48968,-0.14316,-0.063919,0.57715,-0.041835
-0.61844,-2.0459,1.8018,-0.10901,-2.2033,-0.087202,2.1221,0.011294
-0.42,-3.7944,0.54259,0.053274,4.4986,0.17201,-1.7143,0.15377
-0.39556,3.7567,-0.087268,-0.34791,5.519,0.1923,0.40663,0.087302
-0.62831,-2.6712,-0.61207,0.47803,-4.0585,0.020882,0.16252,0.15774
-0.62074,0.28408,-1.8188,0.046465,-6.1215,-0.027089,0.65293,0.10378
-0.82569,-0.57988,0.37966,0.91693,-4.1822,-0.094858,1.13,0.11023
-0.70312,0.35023,-0.51142,0.76471,4.944,0.25065,-3.3413,0.083554
-0.57431,2.8304,-0.24231,-1.429,6.6561,0.21875,0.21417,0.01015
-0.58295,-1.4134,0.48585,-0.52308,-6.9542,-0.056154,-0.15937,-0.0652
-0.58563,1.8088,-0.0087535,0.19029,-2.1424,-0.002568,-1.143,-0.082674
-0.48778,1.0629,-0.39702,0.64941,-0.01765,-0.16817,0.39165,-0.11417
-0.54428,0.030001,-1.1547,-0.25779,2.0773,-0.025318,-0.90751,-0.088418
-0.57725,3.4791,-1.0973,-0.2048,4.8679,0.15227,0.97736,-0.10234
-0.57646,-1.85,0.36945,-0.26307,-7.2404,-0.080001,-1.2594,-0.036724
-0.76543,-2.816,-3.0663,-1.1481,2.8131,-0.034912,-1.0503,0.092023
4.573,-1.7371,-1.1762,0.0081463,-1.7561,-0.083955,-0.14136,-0.032441
4.5309,-2.0037,-2.7642,-0.80903,2.2232,-0.030555,-0.47395,0.19775
4.4901,4.5507,-0.92524,0.48,2.5317,-0.075278,0.9623,0.068002
-0.39519,-0.2364,-1.2275,0.045521,-3.155,-0.071133,0.029856,0.16129
-0.60332,1.6481,0.23586,-0.64114,-1.1824,-0.081837,-1.2714,0.10276
-0.64703,2.7069,0.672,-0.65404,-0.88704,-0.063573,1.1299,0.029329
-0.64381,-2.0446,0.95672,-0.53217,1.7153,-0.037646,-0.24996,-0.021537
-0.71962,3.562,0.43132,-0.65281,2.8796,-0.068803,1.2127,-0.12183
-0.74665,-0.42128,0.63751,0.17444,-3.6378,-0.021622,0.0071738,-0.13678
-0.61849,0.38399,0.84796,0.21774,-1.8275,0.010286,0.61155,-0.10144
-0.62013,-1.8176,1.529,-0.40903,-3.8136,-0.064298,2.0676,-0.011023
-0.42039,-3.9894,0.98384,0.35303,4.6336,0.16178,-2.4838,-0.019809
-0.56661,3.6681,-0.099236,-0.33792,5.9752,0.14214,-0.32126,0.034586
-0.56291,-3.528,-0.61006,0.76677,-5.4259,-0.045353,-0.30609,0.13807
-0.60768,-2.1784,-1.2546,-0.42465,-5.8403,0.026368,-0.35268,0.028526
-0.66699,-0.12763,-0.23975,1.1166,-5.7188,-0.074919,-0.13345,0.125
-0.68687,-1.3121,-0.4358,0.64701,4.3099,0.10041,-3.4922,0.1425
-0.59307,1.6681,1.1874,-1.5519,6.0987,0.13765,0.19239,0.085841
-0.58231,-1.0066,-0.16283,-0.59965,-7.7994,-0.010089,-0.27048,0.0029221
-0.57904,1.8473,-0.7881,-0.28879,-3.5725,-0.0080485,-0.88343,-0.044585
-0.46928,1.4024,-0.021133,0.27141,-2.3371,-0.17222,-0.10741,-0.064202
-0.59744,0.15222,-2.0054,-0.71389,2.8657,-0.061789,-0.42671,-0.13627
-0.57065,3.77,-1.5255,-0.26004,3.8903,-0.030953,0.11963,-0.12276
-0.569,-2.0884,0.0096385,-0.33013,-6.7069,0.028583,-0.95663,-0.048991
-0.79843,-1.8589,-2.7415,-1.0531,3.2176,0.014419,0.12073,-0.024166
4.5266,-2.4284,-0.47131,-0.53099,-1.9669,-0.027391,-0.072823,-0.045583
4.5183,-3.7161,-3.0882,-0.90769,3.6241,0.099714,0.53527,0.27215
4.4766,2.189,-0.94873,-0.13834,2.9027,-0.089294,0.16261,0.086474
-0.27073,-0.95001,-1.1266,-0.16691,-2.7557,0.035347,-0.13599,0.19592
-0.59685,1.2863,-0.58463,-0.052242,-0.17484,-0.058663,-0.57806,0.16567
-0.64947,0.89845,0.38446,-0.37417,-2.2258,-0.073969,0.79778,0.085598
-0.63899,-1.5736,1.2474,-0.38827,3.3093,0.073165,-0.8252,0.021103
-0.80077,4.0118,0.38486,-0.099225,3.479,-0.041984,0.93502,-0.086349
-0.67878,0.050828,1.15,0.18864,-3.6241,-0.024574,0.16115,-0.12157
-0.5978,3.2445,1.0692,0.51478,-1.1508,0.020124,1.3563,-0.13756
-0.61968,-1.369,1.2053,-0.054901,-5.2618,-0.014716,-0.031441,-0.10638
-0.29262,-5.2659,5.0303,1.1803,3.5078,-0.023598,-4.2577,-0.081652
-0.53701,2.229,1.8265,0.21412,5.7797,-0.050141,0.18259,-0.056365
-0.65965,-3.1567,0.095598,0.42431,-5.0364,-0.014145,-0.66896,0.0015592
-0.61256,-0.7321,-3.2515,-0.19083,-5.4476,0.040532,0.30238,0.077688
-0.89828,-1.1347,-1.7691,1.1258,-5.4742,0.0031757,0.86108,0.045367
-0.7287,-0.31888,-1.5648,0.26418,3.4075,-0.089968,-2.6935,0.15618
-0.60326,0.046467,1.7489,-1.2388,4.8731,-0.22454,-0.42464,0.15343
-0.58339,-1.5315,1.2171,-0.86058,-6.7774,0.014458,-1.4606,0.069803
-0.57238,1.4725,-1.9106,-0.90058,-3.898,0.012141,1.3019,-0.034071
-0.41038,0.80055,0.58559,0.27016,-4.0777,-0.058824,-0.44179,-0.034242
-0.54221,1.509,-1.3727,-0.3168,3.4737,-0.0059757,-0.70168,-0.062425
-0.57393,5.1383,-0.10245,0.62674,4.2503,0.059181,0.64291,-0.089635
-0.58026,-1.8667,-0.76065,-1.2153,-4.6091,-0.0085491,-0.38191,-0.10954
4.5144,1.1037,-1.4599,-0.52372,0.80003,-0.00032829,-0.23123,-0.11237
4.4977,-4.1066,0.86954,-0.23506,-3.3715,0.026388,1.4251,-0.019152
4.4775,-2.7002,-1.4749,-0.86568,3.2802,0.021331,-0.93531,0.03405
-0.65289,1.363,0.81099,0.35705,2.9825,-0.12833,-1.0437,0.10127
-0.43889,-0.21308,-0.30304,-0.2976,-2.7095,0.014207,0.80796,0.16628
-0.52847,1.5211,1.2103,0.72653,1.2547,0.03647,1.514,0.14226
-0.65981,0.69336,0.93077,0.18736,-4.882,-0.0047756,0.41235,0.048556
-0.64764,-1.6746,2.0164,0.50721,1.7974,0.0027521,-1.195,0.072455
-0.78182,2.5688,0.011444,0.76591,2.1851,-0.13972,1.4948,0.025654
-0.67895,-0.26869,1.9672,1.1901,-1.9009,0.034448,-1.093,-0.091801
-0.64947,7.1133,0.37887,1.6693,1.6803,-0.0051414,1.931,-0.1516
-0.61791,-1.6651,1.5383,0.18503,-6.3647,0.00022361,0.49124,-0.1112
-0.58857,-4.6049,-0.019263,0.587,-2.8045,-0.024137,-2.6866,-0.12461
-0.43051,0.20089,2.3986,-0.24148,4.4698,-0.35765,0.62624,-0.092409
-0.58579,-3.0775,2.3437,-0.19046,-2.1208,-0.059517,-1.9468,-0.07878
-0.61094,1.0962,-0.98307,-1.0337,-1.0288,0.017493,3.5409,0.074378
-0.61009,-1.6664,-0.16109,0.37293,-6.9101,0.011608,0.72832,0.040841
-0.68643,-0.5636,-1.8399,0.24922,1.9406,-0.10008,-2.8029,0.15202
-0.63067,-0.20403,-0.9159,0.023336,3.9387,-0.39351,0.41602,0.27098
-0.58345,-1.404,1.5971,-0.64951,-5.3701,-0.021346,-1.0939,0.13184
-0.5713,0.36256,0.005707,-0.73351,-2.5852,0.034435,1.4552,-0.017108
-0.38167,-0.13665,0.64878,0.44543,-5.1281,-0.014947,0.34655,0.0050639
-0.53837,2.3449,-1.0963,0.19294,4.3571,0.14337,-1.5578,-0.028474
-0.57248,3.7515,0.24611,0.57655,1.5273,-0.12623,-0.52222,-0.11711
-0.57189,-0.96525,0.3553,-0.47459,-1.577,0.045281,-0.19754,-0.11738
4.4921,3.1438,-1.3313,0.076826,-1.9913,0.04426,0.59199,-0.11748
4.4704,-3.6096,0.94227,0.45162,-3.1223,-0.0097813,0.12888,-0.071649
4.4626,-2.4649,0.035694,-0.9282,1.3653,-0.045456,-1.6481,-0.020613
-0.64423,-0.78299,-0.43025,0.3483,1.8757,-0.030247,1.4751,0.054275
-0.4476,-1.278,-1.5363,0.29692,-1.7162,-0.030298,-0.6486,0.1837
-0.5966,1.9648,0.23112,1.0008,-0.54027,0.01585,0.46446,0.027017
-0.64629,-1.7027,-0.31187,0.28712,-4.5077,-0.028264,-1.2008,0.14437
-0.63774,-0.70994,1.2438,1.2203,0.00042866,0.034628,-3.232,0.25664
-0.74383,1.6097,0.35276,0.52232,1.567,-0.06012,1.691,0.10059
-0.72041,-1.2911,1.8005,1.9118,2.4453,0.055934,-0.73437,-0.013798
-0.60702,6.9125,0.3921,1.1363,4.2419,0.12146,1.32,-0.074083
-0.61104,-1.0635,2.4477,0.69288,-5.7476,-0.00094437,-0.86582,-0.10594
-0.60982,-5.0497,-0.51131,-0.87669,-4.4154,0.0098242,-3.3336,-0.10322
-0.45453,-0.28674,0.40832,-0.46698,2.5729,-0.28411,0.62698,-0.113
-0.58219,-2.9755,0.59121,-0.22453,2.9404,-0.069695,-1.5905,-0.0992
-0.59705,0.18135,-0.63427,-1.4113,3.8128,0.10498,4.0654,0.03001
-0.59285,-1.6418,-0.22926,-0.72461,-7.1527,-0.018913,-0.16198,-0.0058395
-0.72137,-0.36495,-1.0066,0.50335,0.91904,0.01913,-0.97572,0.12724
-0.60646,-0.5104,-0.44061,0.39303,3.0803,-0.27275,0.9911,0.13359
-0.57938,0.10795,1.6512,-0.42069,-2.4428,0.020458,-1.0725,0.0062808
-0.57294,0.29486,-0.1465,-1.574,1.1613,-0.016526,1.1141,0.0561
-0.32076,-0.53301,1.4891,0.37798,-7.0274,-0.04622,-0.72963,0.034391
-0.51999,-0.64424,-0.050278,-0.46277,4.8615,0.16186,-1.1951,0.010954
-0.56431,3.0411,-0.1319,0.14675,1.1321,-0.12429,0.3272,-0.050548
4.5005,0.51636,-0.15229,-0.28411,1.1737,0.028384,-0.42188,-0.070943
4.4677,4.8475,-0.40034,-0.08979,0.010159,0.061665,1.5185,-0.12583
4.4435,-3.6909,0.11651,0.41639,-3.7818,0.00074985,-0.086643,-0.10747
-0.64787,-3.6039,-0.2427,-0.72194,0.85364,0.00084611,-1.761,-0.11035
-0.64724,-1.3172,-0.52382,0.23035,0.96237,-0.064651,0.78485,0.023244
-0.58068,-1.0728,-1.5954,0.17291,-0.76589,0.051756,-0.26499,0.031422
-0.51886,1.9935,0.5971,1.2075,0.85582,-0.0044355,0.76134,0.03332
-0.68224,-2.6494,0.099922,0.33139,-5.4208,-0.036035,-1.4626,0.3308
-0.64094,-1.0744,0.85635,0.85799,-0.61479,-0.025145,-0.87366,0.23425
-0.90932,0.92243,1.4777,0.22171,0.69443,-0.047876,1.5257,0.24372
-0.78008,-1.0349,1.1766,1.5829,2.7293,0.0056336,-1.2684,0.092753
-0.58151,6.9552,0.50801,0.68125,4.566,0.19542,1.6917,0.012049
-0.61256,-1.4408,2.1102,0.58672,-5.4103,-0.012368,-0.47666,-0.081944
-0.61668,-2.8616,0.6005,0.35293,-3.5841,0.019483,-0.72355,-0.074399
-0.40772,0.80954,1.1584,1.0165,2.1295,-0.3074,0.30189,-0.1093
-0.6323,-1.5925,0.65146,0.55271,2.5966,-0.02587,-1.3811,-0.1122
-0.60356,1.6459,-0.17947,-0.48637,4.2787,0.12811,3.7012,-0.081409
-0.60725,-2.9409,0.11142,0.27916,-7.2148,0.04057,-0.81854,-0.047701
-0.69749,-0.33487,-1.991,0.17399,0.060183,-0.052605,-1.9724,0.12026
-0.65793,-0.59605,-0.85105,0.44005,3.034,-0.18291,0.10788,0.085306
-0.57987,-0.66028,-0.83677,-0.075416,-1.6388,0.02855,-1.2528,0.011951
-0.5803,1.031,-1.3002,-0.71618,1.9234,-0.034694,1.0469,0.058169
-0.33309,-0.85223,0.35239,0.47841,-7.0696,-0.035028,-1.464,0.10198
-0.48567,-0.83506,-1.8103,-0.30275,4.949,0.23546,-1.4809,0.10439
-0.57095,2.6151,-0.083253,0.48857,0.6191,-0.055499,-0.69002,0.016259
4.485,0.81999,0.014803,-0.072127,1.8068,0.03439,-1.5421,-0.043588
4.4456,4.6638,-0.69333,0.3925,1.7809,0.028794,0.1254,-0.1185
4.4206,-1.3969,-0.76347,0.047988,-3.5289,-0.0081384,-0.50511,-0.13164
-0.66836,-2.3077,-0.81285,-0.10232,1.3644,0.040006,-1.0229,-0.11806
-0.65173,-1.4374,0.53651,0.74485,-0.1397,-0.074277,0.53218,-0.047993
-0.60184,-2.5569,-2.2643,0.15668,0.56763,-0.047247,-1.3253,-0.0076405
-0.53484,1.5519,-0.77208,0.30688,1.8338,-0.0093513,1.111,0.040938
-0.64529,-3.8913,-1.5164,0.36196,-4.3201,-0.016436,-0.96926,0.28271
-0.64829,-0.86363,0.46815,0.43119,-2.5305,0.019508,-0.52785,0.24158
-0.6895,-0.19772,1.7994,-0.16478,-0.83435,-0.082639,1.0818,0.12283
-0.83512,0.3554,0.52634,1.1491,3.1395,0.0078412,-2.0729,0.2161
-0.59204,6.8856,0.60081,0.82497,5.3859,0.1628,1.0632,0.098181
-0.61364,-1.3479,1.3198,-0.075942,-5.4434,-0.021352,-0.21026,0.0049665
-0.61644,-1.9339,-0.44997,0.87894,-4.2941,0.064835,1.136,-0.056803
-0.51218,1.5918,1.006,1.0945,0.36764,-0.23024,0.44835,-0.10251
-0.58502,-1.6616,2.5647,0.70556,3.2561,-0.075888,-3.151,-0.12079
-0.60439,3.8498,0.2979,-0.9872,5.1933,0.28049,2.7135,-0.11463
-0.60141,-3.7422,1.0137,-0.10974,-7.2979,-0.0086518,-0.55776,-0.090414
-0.74868,0.70576,-2.7949,0.18984,-1.7199,0.035231,-1.5818,-0.015283
-0.66485,0.058977,-0.98778,0.83679,0.93052,-0.10895,-0.36858,-0.077661
-0.57531,-1.1367,-0.73886,-0.52161,0.68226,0.026625,-1.1829,0.013144
-0.58117,3.2417,-1.4684,0.095003,2.3075,-0.041105,0.97198,0.010613
-0.3467,-1.9105,-0.29395,0.31372,-8.1231,-0.059138,-1.796,0.1785
-0.50124,-0.66571,-0.5821,-0.40032,3.7396,0.035655,-2.7878,0.11758
4.5143,1.1959,0.1955,0.19262,-1.4269,-0.15257,-1.1349,0.048604
4.4726,1.5001,-0.75657,-0.15413,1.7843,-0.041715,0.36731,0.05133
4.4307,6.2427,-0.33513,0.85804,1.63,-0.027186,0.87,-0.049331
-0.71838,-0.20158,-1.3389,-0.0069154,-4.9727,-0.068379,-1.5217,-0.098786
-0.65532,-0.55215,0.69838,-0.046891,-1.7009,-0.0059693,-1.1209,-0.12395
-0.65347,-1.1189,0.62615,-0.28158,-2.0984,-0.059106,0.52516,-0.10351
-0.645,-2.4435,-2.1112,-0.033455,1.8919,0.012115,-0.58032,-0.082991
-0.51403,1.7073,-1.2472,-0.20947,2.3129,-0.16043,0.51267,0.0056723
-0.58193,-3.3518,-0.59062,0.02315,-4.3973,-0.019029,-0.57927,0.07523
-0.64202,0.18845,-0.17568,-0.13898,-1.9778,-0.001753,0.44683,0.20568
-0.63217,-0.46729,1.3102,-0.11719,-4.3471,-0.081875,0.41609,0.055711
-0.70761,-0.85531,0.15234,1.4926,3.8353,-0.016475,-2.6922,0.14846
-0.55732,4.526,1.2609,0.22329,5.2955,0.1026,0.046135,0.21822
-0.61359,-1.9988,1.744,0.19664,-5.7382,0.039499,-0.81555,0.094067
-0.60985,-0.1049,0.43211,-0.42881,-6.8108,0.089266,0.35625,-0.032903
-0.24494,1.472,0.48313,0.64452,-4.5316,0.010498,0.83405,-0.053006
-0.49697,0.30061,-0.83044,0.84134,4.1762,0.030963,-2.8992,-0.11991
-0.59928,3.4762,0.45741,-0.22017,5.9523,-0.048158,-0.54426,-0.12376
-0.59817,-3.4572,0.71743,-0.051176,-8.8098,-0.022809,-1.6681,-0.098007
-0.80239,-0.048322,-0.67575,-0.10105,-4.074,0.039556,-0.71201,-0.10132
-0.68996,-0.45403,-1.4072,0.4575,-1.9129,-0.055865,0.50792,-0.085668
-0.57438,-0.54598,-1.7901,-0.70011,2.9239,-0.03067,-3.5264,0.0091283
-0.58195,3.76,-1.5038,-0.12672,5.1383,0.14351,0.3578,0.056246
-0.35153,-3.5495,-0.81812,-0.76826,-7.0419,0.012674,-1.5829,0.2104
-0.29593,-0.46196,-1.5146,-1.0505,-0.22226,-0.026037,-0.52472,0.13788
4.5055,-1.5804,-0.63523,-0.11371,-2.6989,-0.022924,0.51295,0.12016
4.464,-0.40188,-1.9166,-1.0893,3.3728,-0.025568,-0.95889,0.088494
4.4774,4.9899,1.0522,0.082228,1.9097,-0.080226,-0.060917,0.013606
-0.77094,1.7619,0.76456,-0.14618,-1.7908,0.020111,0.28145,-0.037771
-0.73942,2.4893,0.91059,0.067211,-2.1868,0.048246,0.30175,-0.10056
-0.65368,-0.2663,1.4351,-0.12745,-4.2962,-0.0038451,-0.16602,-0.10407
-0.64055,-1.7528,2.1804,0.90533,2.2126,-0.022706,-2.4195,-0.078537
-0.5338,1.3062,-0.42774,0.38365,2.138,-0.19673,0.84927,-0.1433
-0.71005,-3.9113,1.1452,1.0414,-3.75,0.025425,-1.1937,0.047363
-0.64502,3.83,0.50614,1.4624,-1.2014,0.021774,0.86131,0.12729
-0.64301,-1.9204,2.2605,0.57373,-7.128,-0.021949,-0.31125,0.073453
-0.91194,-5.3459,1.0577,0.39304,3.4927,-0.075837,-2.7918,0.12266
-0.61813,2.3954,1.7177,-0.064118,4.5063,-0.25076,-0.093296,0.16759
-0.61331,-1.6794,1.6221,0.25251,-2.4097,-0.01858,-1.6647,0.034537
-0.60449,3.4092,-0.28615,-0.87385,-2.4775,0.057468,2.357,0.030667
-0.44205,-0.89172,0.59927,0.24055,-7.5765,0.04392,0.41663,0.0049178
-0.54559,1.027,-0.59199,0.58751,3.7116,-0.037659,-3.2695,-0.058044
-0.60949,3.1055,0.83365,-0.11031,5.0684,-0.46158,0.33996,-0.10356
-0.60983,-2.8798,1.6889,-1.0497,-8.5269,0.016011,-1.5681,-0.11723
-0.72379,0.21939,-1.1853,-1.3355,-4.67,0.041276,0.90877,-0.099419
-0.67119,-2.3663,0.3317,0.036099,-6.18,-0.026723,-1.2662,-0.082601
-0.57074,0.50201,-1.7251,-1.0649,4.0266,0.017204,-1.8279,-0.084621
-0.57829,2.9932,-0.017169,0.58743,3.841,-0.21873,0.4805,0.030059
-0.36179,-3.0612,-0.75898,-0.8122,-5.1261,-0.061288,-0.97973,0.11407
4.5258,0.58507,-1.9583,-0.66527,-2.3029,-0.0050131,0.27269,0.00392
4.498,-2.9417,-0.27117,-0.22458,-5.0689,-0.0003668,-0.61178,0.23506
4.4527,-2.0059,-0.99794,-0.84817,2.9158,-0.043704,-1.0096,0.16599
-0.76129,2.8389,0.42795,0.45891,1.373,-0.12521,-0.17552,0.061576
-0.89554,1.9138,0.14021,-0.06467,-3.7123,-0.0026193,-0.87348,0.0070839
-0.70596,4.0011,2.5108,1.0188,-0.58455,-0.023252,0.3059,-0.044172
-0.65081,0.7677,1.9204,0.44841,-5.1715,-0.016468,-0.67433,-0.0762
-0.64224,-1.7703,1.7093,0.79485,-0.030553,-0.010577,-2.8933,-0.063034
-0.4859,0.57979,0.085025,0.15449,-0.27853,-0.1633,2.8838,-0.11285
-0.56969,-2.1744,1.8732,1.5107,-2.3297,-0.035188,-1.6408,-0.043149
-0.64291,4.2921,0.7582,1.5647,-0.29711,0.038652,0.36779,0.057196
-0.63512,-2.4469,2.507,0.34656,-7.456,-0.0845,-0.58924,-0.013725
-0.79173,-5.5319,-0.76297,0.28371,-0.9599,-0.006534,-3.1005,0.10801
-0.63666,1.3859,0.0088805,0.325,3.8056,-0.67163,0.048916,0.19149
-0.61146,-1.6618,-0.0025543,-0.085769,-1.7231,-0.0095117,-2.0301,0.046122
-0.60304,4.1378,-0.043161,-1.3167,0.58918,0.090312,2.9632,0.081582
-0.52013,-1.3552,0.71744,-0.21802,-9.2776,-0.031761,-0.3474,0.075181
-0.57149,0.88877,0.24499,0.26688,2.2343,-0.063598,-4.3339,0.0041147
-0.60167,3.2783,0.30597,0.3875,4.0206,-0.64534,-0.13,-0.044245
-0.59851,-1.7416,0.9768,-1.0092,-6.449,0.029949,-1.7875,-0.091704
-0.7752,-0.069559,-1.2259,-1.5691,-4.496,0.08299,0.56542,-0.10723
-0.61268,-2.2543,0.23133,0.020793,-6.1994,0.042027,-1.1442,-0.10132
-0.54575,-0.19426,-2.5974,-0.12525,5.1952,0.20557,-0.84066,-0.080581
-0.57488,0.5531,0.39303,0.42565,2.8542,-0.16904,-1.2426,0.044856
-0.39832,-2.3862,-0.77824,-0.58649,-1.2836,0.057904,-0.24839,0.080171
4.5195,3.0096,-1.5825,-0.59376,-1.5878,0.036239,0.086991,0.087472
4.4911,-3.4402,-0.32573,-0.43898,-3.4405,0.065547,-0.46958,0.16297
4.219,-2.4405,-0.63459,-0.5531,3.2962,0.052173,-0.72415,0.080706
-0.64947,1.6022,-0.62072,0.34864,1.7976,-0.0068998,0.076003,0.04656
-0.84409,1.1639,-0.16175,0.34058,-1.8973,0.051506,-0.62988,0.084624
-0.6895,3.2698,1.3584,1.0076,1.8685,0.0034965,0.28127,-0.023509
-0.64326,1.5098,1.9497,0.5341,-4.6555,-0.013946,-0.36482,-0.056097
-0.64177,-1.6792,2.1734,1.271,0.93189,-0.038082,-2.2824,-0.079097
-0.46276,1.3206,0.50111,0.27174,0.87625,-0.036388,2.3668,-0.14104
-0.61508,-2.0371,1.6257,1.4777,-0.035164,0.02194,-1.8736,-0.11655
-0.62704,4.3896,-0.30834,1.239,0.72312,0.085288,1.3374,-0.1174
-0.6246,-3.293,2.3228,0.4203,-6.1088,0.00076268,-0.2086,-0.04719
-0.78509,-4.3312,-0.87099,0.56794,-4.0458,0.037727,-2.5748,0.030497
-0.69962,1.6256,0.45456,0.74117,3.9153,-0.3984,0.062941,-0.0057908
-0.60566,-2.5685,1.0911,-0.0082321,0.82645,-0.012008,-1.7626,0.20169
-0.60072,3.7172,-0.15345,-0.80056,3.5262,0.077388,4.1148,0.12357
-0.33589,-2.5066,1.527,0.11563,-8.1376,-0.004243,-0.75474,0.14325
-0.58289,0.76943,-0.53349,0.42862,3.4212,-0.022071,-2.0036,0.094968
-0.59757,3.3227,0.39579,0.50739,3.8367,-0.47611,-0.17416,0.009615
-0.59111,-0.75558,1.7942,-0.66596,-3.0929,0.0034901,-2.1269,-0.03962
-0.81943,0.84575,-0.84653,-1.3325,-0.97773,0.039383,1.435,-0.091825
-0.6225,-0.86737,0.1384,0.47058,-6.3912,-0.025684,-1.3648,-0.096036
-0.4904,-1.5308,-1.3076,-0.24953,4.195,0.069886,-1.5795,-0.11186
-0.5682,0.090734,-0.031462,0.12141,1.4087,-0.068014,-0.66026,-0.065273
4.513,-0.028452,0.89316,-0.42607,0.2442,0.043202,-0.33177,-0.078488
4.5033,3.184,-1.5036,0.6095,0.90566,0.046122,0.25736,0.099178
4.4731,-4.0076,-1.1591,-0.017365,-2.9676,0.024148,-0.96837,0.10543
-0.66994,-3.2829,-0.12784,-0.0072558,1.7161,0.051018,-1.6061,0.11733
-0.66637,0.43282,-0.36878,0.16785,2.2353,-0.0068035,-0.10389,0.015237
-0.83537,-0.019268,-1.2818,0.3195,0.070458,0.078479,-0.41791,0.12639
-0.63836,2.8909,-0.27023,0.6511,4.2859,-0.0094989,0.6922,0.046901
-0.63816,0.050763,-0.43596,0.76,-4.0672,-0.0020097,-0.44989,0.013071
-0.64378,1.7326,1.2887,0.82441,1.9992,0.0032655,-1.071,-0.067779
-0.4209,1.2683,1.3555,0.19343,2.2025,0.029494,1.5017,-0.11611
-0.61093,-0.87811,0.67508,1.2213,4.0583,0.023372,-1.6492,-0.16637
-0.63035,5.306,-0.29547,0.10859,5.6853,0.21293,1.7567,-0.12371
-0.63097,-3.1547,0.78926,0.42547,-3.4678,0.011826,0.55814,-0.1177
-0.83216,-3.5054,-1.4085,0.028276,-5.4018,0.10198,-0.76822,-0.027159
-0.73795,0.14032,0.23073,0.71491,0.95194,-0.080457,0.98179,-0.042346
-0.59972,-2.6808,-0.33852,0.96825,5.2524,0.2023,-1.598,0.17202
-0.60349,3.4358,0.45,-0.19795,6.6691,0.357,2.6616,0.13476
-0.53687,-3.966,0.7551,-0.001867,-6.8795,0.057301,-0.3691,0.14734
-0.44782,0.93502,-1.3315,0.14851,1.992,-0.013086,-1.7496,0.12018
-0.59509,1.735,-0.92348,0.78388,3.6875,-0.17221,-0.21112,0.07854
-0.59874,-0.25465,0.16648,-0.071549,1.3754,0.044062,-2.0781,-0.0045496
-0.73313,3.2779,-0.80485,-0.84754,4.1599,0.053078,1.9161,-0.030469
-0.66354,-0.9404,-0.066069,0.11195,-5.427,0.07269,-0.6829,-0.093261
-0.57623,-0.94777,-1.6555,-0.45836,4.0737,0.058854,-1.6665,-0.1212
4.6466,0.96469,-0.46276,0.26957,0.43777,0.032343,-0.33837,-0.08983
4.4842,-0.20987,-1.264,-0.24895,2.8013,0.046205,-0.41494,-0.066733
4.4678,4.1653,-0.55697,0.27138,2.906,0.056139,1.8647,-0.045632
-0.62741,-2.344,-0.88069,0.17437,-2.2714,0.038363,-0.70391,0.045952
-0.66925,-3.333,-1.3506,-0.48373,0.18991,0.060169,-1.4405,0.10804
-0.66264,-1.1311,-0.68484,-0.34809,0.13599,0.024231,0.99803,0.06861
-0.77766,-1.7978,-2.327,0.19297,3.2465,0.049452,-0.77721,0.080195
-0.66156,2.5406,-0.33138,0.028378,4.3731,-0.013317,0.48154,0.1213
-0.63402,-0.54334,0.030054,0.45183,-3.4201,0.020997,-0.28125,0.072334
-0.63254,3.3724,0.84712,0.3864,-0.73547,-0.020723,-0.48953,-0.0006312
-0.37568,0.51956,1.9554,-0.078666,-2.3126,-0.08321,0.96015,-0.060186
-0.51413,-1.2009,2.6388,1.564,4.9504,0.12044,-3.0489,-0.10156
-0.61938,5.0894,1.6771,-0.34371,6.7016,0.16118,0.036753,-0.10224
-0.62602,-2.9519,0.6459,0.40884,-3.9434,0.020182,-0.25233,-0.11989
-0.70297,0.43432,-1.6243,-0.61274,-5.1352,0.084229,-0.066575,-0.12147
-0.75851,-1.7032,-0.89415,0.49717,-4.0331,0.011948,0.56121,-0.004793
-0.59218,-2.0469,-2.5024,0.76265,5.6233,0.22267,-2.7578,0.046098
-0.60136,1.6164,0.7724,-0.94826,7.0722,0.10764,-0.631,0.11899
-0.451,-3.7751,-0.53495,-0.69004,-7.9662,-0.024542,-0.78222,0.15963
-0.48804,0.55659,-0.93886,-0.61654,-3.6885,0.031028,-0.57557,0.14226
-0.53889,0.35783,-0.77628,0.27517,-1.3371,-0.040534,0.13367,0.051014
-0.59031,1.6585,-2.8667,-0.77164,5.1337,0.15529,-0.81585,0.08903
-0.61479,4.9084,-0.41331,-0.26433,5.4548,0.030925,0.30353,0.014994
-0.72347,-0.82079,0.4071,-0.84443,-6.0577,0.012032,-0.97485,-0.040618
-0.59419,-0.091195,-1.2976,-0.78698,2.7733,0.039229,0.64126,-0.10378
4.4886,-1.8944,0.40678,-0.03007,-1.5449,0.017981,0.76317,-0.10455
4.4621,-1.3188,-1.8689,-0.6764,4.0959,0.025284,-0.10213,-0.077928
4.4417,3.1239,-0.26888,-0.017905,2.9037,-0.071113,-0.54002,-0.086081
-0.6145,-1.0937,-0.28309,-0.37925,-2.024,0.058283,0.49429,-0.041689
-0.65504,-1.0265,-0.76917,0.027993,-0.42538,0.0054025,-0.20534,0.090612
-0.64672,-0.39564,0.86874,-0.31692,-3.815,-0.026409,0.85304,0.063353
-0.85522,-1.2359,0.41278,0.32756,3.5077,-0.018272,-1.4052,0.1251
-0.66019,1.5955,-0.69864,0.47099,2.7228,-0.19745,-0.14883,0.34864
-0.62263,-1.5768,0.79334,0.18603,-3.7861,0.030713,-0.43581,0.182
-0.63126,6.2291,1.0656,1.323,-0.35512,-0.02388,1.3974,0.057025
-0.37904,0.91296,1.8002,0.5241,-4.8354,-0.014909,0.19178,-0.011535
-0.62194,-4.2416,2.4927,0.52476,-0.69511,-0.021378,-1.9692,-0.05802
-0.61151,2.1166,2.292,0.45084,5.4693,-0.039064,1.2449,-0.10728
-0.61155,-1.3815,3.2125,-0.2082,-1.7476,0.00044181,-1.0438,-0.12471
-0.9245,4.0669,-0.41078,0.060737,-0.9049,0.05046,2.8369,-0.11723
-0.71344,-2.5459,-0.4009,0.19916,-6.1864,-0.0026707,0.73655,-0.065978
-0.57874,-1.766,-0.85707,0.6019,4.3711,-0.0065533,-3.458,0.024899
-0.59494,0.47819,0.31705,-0.091736,5.7567,-0.29461,-0.23452,0.067612
-0.20197,-3.8805,1.0087,-1.1214,-7.5477,-0.026537,-1.4792,0.079659
-0.4666,-0.32921,-1.799,-0.75979,-4.55,0.035391,1.6064,0.052328
-0.63601,-1.132,-0.8009,0.32245,-4.9045,0.020317,-0.43416,0.030667
-0.58743,1.7253,-1.8638,-0.21716,4.9174,0.16695,-0.50609,0.020689
-0.62293,4.9196,1.1387,0.79823,4.0953,-0.16935,-0.67593,0.014361
-0.7075,-0.54634,0.39653,-0.92874,-4.7982,-0.050404,-0.79443,-0.0043306
4.5193,3.3782,0.89903,-0.26003,-0.17242,0.02049,0.14086,-0.026064
4.4721,-1.6663,1.716,-0.13125,-3.8522,-0.025806,-0.28627,-0.11195
4.4451,-1.3744,0.10111,-0.53128,2.8622,-0.033969,-2.0515,-0.082041
-0.46763,1.7837,0.27097,0.51934,2.5145,-0.21165,-0.68383,-0.12449
-0.56981,-0.46542,0.62689,-0.21035,-3.0836,0.014708,0.42872,-0.07586
-0.65453,0.79548,1.1325,0.63761,0.38304,0.013617,0.51367,0.032955
-0.65435,0.17546,0.72609,0.1143,-5.3755,-0.015698,-0.16875,-0.01426
-0.86571,-2.2034,1.1605,0.88977,2.3099,-0.023592,-2.0915,0.1684
-0.66682,0.10094,-0.96696,0.69544,3.1515,-0.16165,1.2788,0.19896
-0.61645,-1.4379,0.68863,0.88618,-1.8246,-0.014562,-1.4802,0.33876
-0.61885,6.268,-0.95901,1.1406,1.8543,0.01404,1.7441,0.11283
-0.50841,-0.19524,1.8774,0.75853,-5.7011,-0.052426,0.11237,0.07579
-0.55197,-3.7159,-0.12007,0.81229,-2.5622,0.03149,-1.8848,0.0085442
-0.62315,2.8881,2.3915,0.37888,5.1675,-0.37569,0.94759,-0.072452
-0.61954,-1.3973,1.9854,-0.070682,-1.0332,-0.030805,-1.3179,-0.09404
-0.71574,5.5791,-0.24796,-0.45663,-1.1277,0.07869,2.903,-0.12877
-0.67045,-2.0307,-0.47895,0.38098,-7.1268,0.015221,0.25234,-0.11762
-0.59363,-0.91957,-1.8999,0.042342,2.1451,-0.084667,-2.8094,-0.12052
-0.58963,-0.037122,-0.95414,0.064282,4.6139,-0.56849,0.30708,0.0063781
-0.58966,-2.6317,1.9963,-0.88871,-7.0077,0.0045105,-1.8757,-0.025529
-0.39589,-1.6943,-0.78949,-1.0354,-4.3658,0.059175,1.8174,-0.018447
-0.58238,-1.9452,0.11244,0.35329,-5.8343,0.04066,-1.169,0.17755
-0.58903,0.72332,-1.9444,0.00018834,3.782,-0.021865,-1.7697,0.070557
-0.57761,3.6755,0.45574,0.66535,1.7796,-0.13374,-0.53985,0.0036279
-0.67729,0.060037,0.39552,-0.89152,-3.114,0.018475,-0.38542,0.068878
4.5029,4.5637,-1.0013,-0.2338,-1.6757,0.032003,0.16899,-0.0026756
4.4605,-1.7064,1.5818,-0.1205,-4.0942,-0.037575,-0.51553,-0.092507
4.4297,-1.0938,-0.043411,-0.090066,2.6314,0.0079503,-1.5272,-0.08596
-0.32847,1.3014,-0.064688,0.26327,2.3327,-0.090154,0.92653,-0.11633
-0.58346,-0.17957,0.22385,-0.027385,-2.8438,0.030334,-0.035846,-0.10606
-0.64864,0.82075,0.49095,1.2828,-0.55998,0.045736,0.10182,-0.084597
-0.64891,-1.3289,1.1254,0.049298,-5.2028,-0.068277,0.17503,-0.058847
-0.79291,-3.4162,2.4437,1.2529,0.17895,-0.07746,-2.1521,0.24523
-0.69925,-0.29187,-0.43618,0.41621,2.6343,-0.090584,1.3516,0.24737
-0.61389,-0.97392,0.97338,0.4999,0.41404,-0.0097684,-1.1586,0.16917
-0.61644,5.6259,-1.1565,0.97554,3.0827,-0.04337,1.2347,0.19281
-0.5773,-1.156,1.2867,0.66121,-5.9027,0.02108,-0.027742,0.11831
-0.51863,-4.3498,-0.6556,0.66008,-3.7557,-0.010243,-2.6268,0.089906
-0.55716,1.0815,2.9118,0.016753,4.2008,-0.5051,-0.31901,0.015067
-0.60937,-0.85108,2.9293,0.30779,0.34769,0.041251,-1.6437,-0.031054
-0.63815,5.571,-0.16379,-0.76581,0.22803,0.048836,3.1391,-0.10755
-0.70867,-1.598,0.23253,0.035803,-7.8177,0.0076807,0.43632,-0.13736
-0.55976,0.82124,-2.2134,0.43806,2.936,-0.045597,-2.4775,-0.12378
-0.58408,-1.479,0.31606,0.13165,3.9761,-0.61111,-0.39395,-0.058458
-0.59006,-0.77724,1.7277,-1.0028,-5.535,-0.046053,-1.5704,-0.051765
-0.39362,-4.0894,0.49711,-1.2835,-2.9246,0.011634,0.77242,-0.039791
-0.50305,-1.2741,1.0978,0.43307,-6.0484,0.019008,-0.59392,-0.013214
-0.57775,-1.4835,-0.54965,-0.51935,4.8605,0.1124,-2.4609,0.092559
-0.56846,2.3435,0.11034,0.027126,0.9406,-0.024118,0.23871,0.0644
4.4705,0.91579,0.33155,-0.39977,-1.6544,0.053123,-0.66796,0.046974
4.5018,5.2208,0.29063,0.64256,-0.31091,0.089555,0.41128,0.096234
4.4572,-1.6018,0.47568,0.34015,-4.3826,0.00067925,-0.92329,0.019058
-0.65055,-0.93543,0.52495,-0.47346,0.77871,-0.0049681,-1.4676,-0.037552
-0.4474,0.61658,-0.13653,0.3651,1.6362,0.021973,-0.023253,-0.1028
-0.59246,-1.3593,-1.015,0.26989,-1.63,-0.0012652,-0.74828,-0.13089
-0.63713,2.6904,0.70728,1.1121,0.85009,0.043895,0.56383,-0.10214
-0.63533,-2.0525,0.11865,0.08499,-4.2676,0.015125,-1.1203,-0.060429
-0.82302,-2.1941,0.56884,0.23338,-1.2517,0.026664,-1.346,-0.0032354
-0.71116,-2.0642,0.56579,0.48192,-0.76468,-0.015127,1.228,0.25433
-0.60847,-2.0785,0.60439,1.5294,3.263,0.070367,-1.4174,0.24233
-0.61288,5.1359,-0.48508,1.2047,5.6232,0.12808,0.48797,0.15
-0.50638,-1.5564,0.64785,0.11378,-5.6339,0.047103,0.38159,0.10986
-0.40614,-1.774,-1.596,0.0019289,-5.6139,0.03525,-1.7117,0.14968
-0.67369,0.79027,0.92303,0.15316,0.31096,-0.20088,-0.046828,0.030473
-0.60361,-0.69742,2.6381,0.66507,2.6225,-0.051469,-2.336,0.0016809
-0.78528,4.9824,1.9156,0.01579,5.2714,0.14433,2.8647,-0.044439
-0.72414,-1.8742,1.2556,0.50158,-7.8134,0.02839,-1.3098,-0.1027
-0.5578,2.104,-0.97697,0.25618,-1.3574,0.061761,-1.9081,-0.13264
-0.58091,0.23621,-0.91961,0.48849,2.5978,-0.097977,0.33286,-0.11361
-0.58435,0.2473,-1.1708,0.13754,-0.49053,0.029648,-1.6974,-0.059115
-0.42513,0.26919,-1.8327,-1.2735,4.3753,0.010665,1.5116,-0.024653
-0.60049,-1.9519,-0.9172,0.55743,-7.5211,0.04754,-1.8593,-0.033341
-0.58206,-6.3408,-2.1062,-0.76807,5.196,0.1863,-1.8625,0.1334
-0.575,-0.46946,-0.14049,-0.19117,0.30897,0.031554,-0.10998,0.096647
4.5219,1.2046,-1.1,-0.62049,2.6038,0.052353,-0.0071406,0.048312
4.4927,5.2974,-1.5996,0.79362,3.3644,0.010665,1.4031,0.25918
4.4484,-0.35469,-0.10951,0.43881,-3.4608,-0.036985,-0.716,0.081826
-0.65711,-1.0754,-0.057949,-0.43451,1.3416,0.013046,-0.86793,0.016624
-0.36831,1.1872,0.74976,-0.15731,-0.12681,0.038459,0.78165,-0.0707
-0.5976,-0.34561,-0.48521,-0.17165,3.1278,0.053508,-1.0474,-0.08355
-0.65141,2.3755,0.20031,-0.16279,4.2572,-0.0044419,1.3774,-0.1266
-0.64416,-2.2888,-0.8702,-0.15489,-1.5274,0.0019371,0.41396,-0.17005
-0.81638,2.5018,0.40261,0.38395,0.31328,0.055029,1.1293,-0.035167
-0.71943,-1.7005,1.6235,0.24391,-2.5499,-0.0148,0.12646,0.020056
-0.61784,-4.8176,0.22545,0.63401,5.1145,0.14394,-2.5216,0.1866
-0.61615,3.6212,-0.021158,-0.13458,6.4347,0.11096,-0.12043,0.08645
-0.50329,-2.0533,-0.5083,0.57905,-3.4922,0.078716,-0.21636,0.096818
-0.3296,1.243,0.39597,0.11947,-5.0244,0.077503,1.2546,0.10614
-0.61521,-1.4313,0.95081,1.0392,-4.153,0.039467,0.98044,0.13279
-0.61313,-0.13572,1.6749,1.4649,4.7617,0.080404,-3.6085,0.067198
-0.60396,2.1757,1.1938,-0.83124,7.4038,0.22292,-0.66785,-0.033779
-0.68819,-1.3537,0.98359,-0.37844,-7.4731,0.0028355,-0.67027,-0.060673
-0.55448,2.6371,0.046654,-0.059301,-2.6852,0.048169,0.2907,-0.10589
-0.58214,1.1778,-0.46808,0.43349,-1.1166,-0.041002,0.020775,-0.088175
-0.58033,0.97752,-1.3043,-0.19735,3.3816,0.045839,-1.247,-0.058507
-0.51962,4.203,-0.70331,-0.025195,5.1353,-0.023861,0.20162,-0.112
-0.53043,-2.1225,-1.1604,-0.12769,-6.2229,-0.018548,-0.87745,-0.039767
-0.5835,-1.1926,-1.5783,-1.2101,2.6104,-0.0011433,-0.70761,0.039624
4.5323,-2.682,-0.50328,0.11542,-1.0277,0.010966,-0.54281,-0.023509
4.5109,-1.7653,-2.5386,-0.68979,3.7481,0.034852,0.040279,0.18784
4.4749,4.2477,-0.73616,0.18,4.2985,-0.018868,-0.087459,0.15951
-0.64721,0.0039085,-1.2371,-0.36683,-1.9783,-0.034675,-0.15402,0.18195
-0.65471,1.9462,0.74414,-0.45045,0.00044151,-0.0083437,-0.12926,0.046828
-0.43677,2.1904,1.2484,-0.11634,-1.8027,0.041347,0.95214,-0.014212
-0.58404,-0.8072,1.3912,-0.46505,3.9797,0.027357,-0.14484,-0.052617
-0.65435,2.5474,0.55811,-0.26636,4.1081,-0.077794,1.2411,-0.11692
-0.63928,-1.6867,0.38894,-0.21168,-1.2649,0.027139,1.0123,-0.13035
-0.65583,4.5688,0.41177,0.6721,2.0538,0.056293,2.1992,-0.12084
-0.69145,-1.76,1.4789,-0.13075,-4.8385,0.029487,0.70433,0.002046
-0.67529,-5.5379,1.746,0.57196,5.0221,0.059059,-2.9969,-0.032295
-0.61672,1.2725,1.0135,0.064295,6.3633,0.040859,-0.26219,0.19597
-0.60574,-2.3893,-0.56048,0.51035,-2.0339,0.012725,-0.66964,0.06199
-0.46784,0.83102,-0.89715,-0.78775,-4.2906,0.078613,0.97358,0.036776
-0.5369,-1.5868,-0.90533,0.6746,-5.1242,0.076059,1.3717,0.19916
-0.60395,0.51726,-0.4436,0.37824,5.7001,0.21163,-2.6325,0.14871
-0.59328,1.2225,0.18884,-0.90394,6.4657,0.014695,-0.041234,-0.0033084
-0.74159,-0.74452,1.5588,-0.91231,-7.2351,0.0022323,-1.435,-0.011924
-0.5721,1.3848,-0.96842,-0.99408,-2.3628,0.082977,1.56,-0.058044
-0.58077,0.41768,0.040127,0.030048,-3.0613,-0.021025,1.0347,-0.079291
-0.57198,0.83456,-1.2035,-0.35102,4.5795,0.037285,-2.0991,-0.080508
-0.39491,3.9196,-0.29048,0.1373,5.3296,0.11835,0.75573,-0.12381
-0.57012,-3.5539,-0.33004,-1.5169,-3.5025,0.0314,0.093381,-0.054929
-0.57103,-0.17112,-1.5713,-1.2956,2.6578,0.035006,-0.04424,-0.06408
4.5192,-2.4057,0.29002,0.038604,-0.83152,-0.002876,0.84784,-0.044902
4.4998,-3.6315,-2.9882,-1.6634,4.9877,0.13506,0.41837,0.16234
4.471,1.5217,-0.082855,-0.12421,4.0866,-0.031427,0.67029,0.16832
-0.63848,-0.91752,-1.7724,-0.3452,-0.13244,0.023782,1.2518,0.15335
-0.64697,0.9726,0.18661,0.10663,-0.33025,0.048303,0.91365,0.14822
-0.50939,1.218,0.8722,-0.1653,-2.1816,0.041815,1.0389,0.04639
-0.58826,-1.2674,2.42,0.34462,3.9435,-0.018471,-0.70317,-0.0017264
-0.67346,2.5062,0.2964,0.44007,4.0998,-0.082575,1.9157,-0.13257
-0.62956,-0.68106,1.9554,0.42465,-1.0625,0.059849,0.52841,-0.13948
-0.78894,5.6226,0.52245,1.2013,1.5696,0.011037,2.3497,-0.13388
-0.75755,-1.9116,1.6317,0.22482,-5.8648,-0.02578,0.67625,-0.14807
-0.67355,-6.1007,3.6951,1.1219,5.0353,0.11033,-2.2988,-0.09662
-0.61313,0.78489,1.4222,0.3808,6.6714,0.17737,0.78743,0.025946
-0.60594,-2.2085,-0.01237,0.62463,-1.6332,-0.00037322,-0.28712,-0.0030406
-0.45426,1.0604,-3.0838,-0.42451,-2.5881,0.035616,2.246,0.10911
-0.65413,-2.0803,-1.9152,0.931,-4.404,0.066407,1.4264,0.16367
-0.60654,0.084132,-0.98961,0.31659,5.4719,0.17656,-1.728,0.12894
-0.60073,0.73607,1.2694,-0.65329,6.9733,0.054573,0.022779,0.018377
-0.70712,-1.0014,1.9921,-0.87193,-5.9014,0.015452,-0.48158,0.057634
-0.62474,-0.32542,-1.153,-1.2614,-0.78069,0.058052,1.9718,-0.0042332
-0.57996,0.99141,0.029168,-0.12806,-2.2911,0.017288,1.0269,-0.043563
-0.56873,1.4238,-1.1416,-0.33538,5.0758,0.15618,-0.068013,-0.065102
-0.33303,5.1503,-0.34555,0.39181,5.0227,0.0994,1.5494,-0.134
-0.52347,-2.73,-0.29987,-1.1395,-3.3422,0.037772,-0.48118,-0.063472
4.5175,0.41349,-2.2461,-1.09,0.87744,0.056287,0.84603,-0.10137
4.5017,-4.4715,0.0076727,0.31032,-2.4723,0.008945,0.72113,0.031324
4.472,-2.2525,-2.2235,-1.1137,3.853,-0.0093577,-0.40103,0.075133
-0.79067,-0.032414,-0.50934,0.96374,3.9871,-0.10081,0.30434,0.15082
-0.63094,-0.89813,-0.81804,-0.59051,-1.3398,0.042188,1.1768,0.19585
-0.64381,2.1504,1.4063,0.41059,1.4121,-0.0063543,1.4508,0.11466
-0.44086,1.2993,1.0624,-0.059191,-3.3846,-0.073032,0.39315,0.028136
-0.5374,-2.4483,2.5998,0.37258,2.2507,-0.034887,-1.7615,0.071336
-0.68361,3.2116,0.24027,0.17478,3.8938,-0.080772,3.0047,-0.0030406
-0.63978,-0.60326,2.5666,0.79652,-0.68267,0.035719,0.38525,-0.097423
-0.80785,6.6453,0.98578,1.1912,0.3956,0.060202,2.2887,-0.10183
-0.84515,-2.2643,1.7621,0.16094,-5.5552,-0.014999,0.90044,-0.1285
-0.64227,-3.157,0.14707,-0.025914,4.0296,0.017275,-3.0873,-0.098616
-0.61351,0.85109,1.1582,0.49334,6.1265,-0.14842,1.2477,-0.03889
-0.61005,-2.2346,2.0704,0.34537,-0.55869,0.024969,-0.9268,-0.044464
-0.42849,1.0809,-1.5872,-1.0339,-0.072311,0.048117,3.4151,0.14956
-0.53229,-2.5315,-0.11015,0.59416,-5.9974,0.04333,1.0358,0.13841
-0.6127,-1.0831,-1.6254,0.22684,4.1693,0.054182,-3.4869,0.13642
-0.60702,0.9406,-0.58018,-0.10827,5.769,-0.25422,0.17626,0.21705
-0.82534,-1.0994,0.19917,-0.837,-5.9009,0.044062,-0.98894,0.11539
-0.60356,-0.13628,-1.7217,-1.2281,-2.0199,0.063616,1.2809,0.023171
-0.58361,0.29536,0.61239,-0.093759,-3.9966,0.069006,0.55603,-0.0038195
-0.57159,1.1628,-1.603,-0.12922,6.0851,0.33813,-1.3049,-0.049964
-0.3591,4.4274,0.23797,0.38707,2.6873,-0.10701,-0.53569,-0.10533
-0.53314,-1.0585,0.46975,-0.46257,-0.52275,0.033306,-0.13205,-0.14788
4.4914,2.5591,-0.78599,-0.39996,0.69742,0.03147,1.6729,-0.11996
4.4698,-3.7353,0.33857,0.093674,-2.7497,-0.033558,0.00049505,-0.13013
4.4444,-4.5887,0.56663,-0.7982,3.5639,-0.015519,-0.40296,0.016868
-0.74964,-0.7916,-1.7383,0.20507,2.1192,-0.039693,0.15629,0.061382
-0.57628,-2.0926,-1.7224,0.039927,-0.58031,-0.02818,-0.5136,0.19088
-0.63658,2.3463,0.098643,1.1908,3.9429,0.036277,0.76253,0.04381
-0.61728,-0.52405,-0.23339,0.70789,-4.8531,-0.056263,-1.1056,0.088859
-0.4134,-1.354,0.56877,0.80076,0.23687,-0.019671,-2.0165,0.23567
-0.5802,1.0959,1.0444,0.28384,0.59121,-0.080271,1.8561,0.08533
-0.62678,-1.166,1.0186,1.5981,2.5455,0.025335,-1.9782,-0.0049147
-0.62095,7.5997,0.4208,0.95712,4.2096,0.064963,2.7015,-0.046508
-0.71022,-1.3355,2.5465,0.41411,-6.0888,0.014406,-0.081332,-0.1047
-0.63578,-3.5579,-0.69832,0.56707,-3.7211,-0.020146,-1.6555,-0.14184
-0.60605,-0.2325,0.92195,0.20275,3.2846,-0.3784,0.72172,-0.094429
-0.60835,-2.0192,1.9899,0.048912,3.3745,-0.020518,-1.4941,-0.060113
-0.37906,0.23452,1.1558,-0.93938,5.6669,0.25255,3.0981,0.009542
-0.54061,-2.988,-0.0078541,0.095157,-7.8554,-0.049217,-0.204,0.051111
-0.59783,-0.54045,-2.6308,-0.092327,-0.72126,-0.02107,-1.661,0.11332
-0.59324,0.37256,-0.73668,0.63351,2.7669,-0.29771,0.01323,0.076374
-0.69354,-0.4352,-0.5915,-0.29544,-1.8152,-0.053946,-0.72183,0.033101
-0.69567,2.9602,-0.29568,-0.73859,3.1401,-0.058766,2.1513,0.11303
-0.57543,-1.026,0.19358,0.85479,-7.6351,-0.012522,-1.2906,0.023755
-0.57141,-0.2334,-1.2657,-0.3622,3.7704,0.020188,-1.8533,0.016454
-0.54167,2.7461,-0.012505,0.54803,-0.34415,-0.11677,-0.48505,-0.060016
4.4904,0.79008,-0.79182,-0.39573,1.8084,-0.0088828,-0.38667,-0.072525
4.4572,5.3694,-0.42897,-0.022517,1.0986,0.016864,0.93841,-0.12758
4.4339,-4.0274,-1.1874,-0.015567,-2.8077,-0.050731,-0.34739,-0.13356
-0.98288,-2.6913,-0.56897,-0.3778,-0.68573,0.025868,-0.38148,-0.10901
-0.73655,-1.9364,0.16629,0.67131,-0.46511,-0.076658,1.2194,0.011246
-0.60743,-1.6733,-1.3896,-0.29312,1.7436,0.032189,-0.67056,0.078345
-0.64085,1.1984,-0.91407,0.33054,4.1016,-0.060364,0.62216,0.047972
-0.63579,-1.7069,-1.1797,-0.061593,-5.2369,0.046012,-0.43299,0.10799
-0.44699,1.3471,-0.25905,0.08605,-0.48086,-0.012932,0.2404,0.20515
-0.65662,0.59151,1.2614,-0.25354,-1.8887,-0.031774,2.0041,0.14464
-0.63474,-2.9861,0.36426,0.30188,4.2277,0.037285,-1.9262,0.096234
-0.62749,6.352,0.58616,-0.94162,4.8021,-0.018445,1.0413,-0.019298
-0.73014,-1.6038,0.91224,1.4464,-5.5149,0.028583,-0.67873,-0.073572
-0.59881,0.10436,-1.0533,-0.37195,-6.8372,0.004825,0.42364,-0.12378
-0.60618,-0.19452,0.98892,0.81753,-5.1322,-0.060287,0.61463,-0.10859
-0.61046,-1.0489,-1.4801,0.80767,4.4148,0.035558,-3.2022,-0.071576
-0.40854,2.3562,1.2313,-0.86025,6.6325,-0.15603,-0.04914,-0.039986
-0.56343,-4.0383,-0.24827,-0.5716,-8.8767,-0.028937,-1.1662,0.011319
-0.6097,-1.1418,-0.82637,-0.98366,-3.9319,-0.030754,-1.0689,0.044783
-0.60245,-0.41601,-1.9709,0.081226,-1.0439,-0.047901,0.38529,0.059167
-0.79126,0.57042,-2.6989,-0.31661,3.3532,-0.020736,-1.0102,0.037531
-0.68872,4.7864,-1.2608,-0.53756,5.4443,0.067633,0.34577,0.044589
-0.57888,-2.2275,0.51193,-0.92814,-7.0803,-0.034341,-1.1985,0.1185
-0.57474,-0.67445,-1.9531,-1.1459,1.5908,0.00015944,-0.72443,0.050186
4.5564,0.94711,0.13225,0.14176,-2.0218,-0.013202,0.32113,-0.015234
4.4739,1.5607,-1.673,-0.8045,3.1207,0.030668,-0.33348,-0.055245
4.4361,4.2624,-0.14828,0.029348,2.5254,-0.0038387,0.71041,-0.11938
-0.53348,-0.087997,-0.28934,-0.11907,-3.0322,0.01576,0.22536,-0.11541
-0.79855,-0.087387,-0.74531,-0.15368,-0.69733,-0.032044,-1.3651,-0.10935
-0.84305,-1.8099,-0.12194,-0.79635,-2.2222,-0.04056,0.99057,-0.04259
-0.68381,-2.2127,-0.15879,-0.3697,3.4724,0.022659,-0.0099341,-0.014333
-0.6417,1.0932,-0.31735,-0.32186,3.7518,-0.080579,0.423,0.094749
-0.63006,-1.4808,0.86025,-0.44424,-3.7706,0.03715,0.54453,0.023512
-0.37046,2.1173,0.50267,0.14118,-2.5701,0.023757,0.80838,0.22131
-0.61894,-0.092826,1.7885,-0.60281,-3.7404,-0.024445,1.6665,0.22844
-0.64004,-2.4724,1.191,1.0965,4.0825,-0.025382,-3.1696,0.17976
-0.63331,4.7979,1.034,-0.39908,5.4695,-0.072371,0.031269,0.025435
-0.83014,-1.3974,0.58307,0.62239,-3.905,-0.00018069,-0.72743,-0.024872
-0.62392,1.059,-1.3623,-0.31566,-6.4888,0.051763,0.42056,-0.049088
-0.6049,-0.18715,-0.067026,0.64703,-6.0378,0.051191,0.63547,-0.12892
-0.60574,-1.1585,-1.9499,0.50789,5.0475,0.13799,-3.0633,-0.10837
-0.24468,2.3071,0.82461,-0.47532,6.3928,-0.1773,-1.5041,-0.073401
-0.52917,-4.3094,-0.33466,-0.81735,-8.3791,0.063969,-0.77305,-0.02548
-0.60846,-1.2788,-0.62653,-0.81017,-4.3542,0.053354,0.15231,0.017939
-0.59972,-0.74172,-1.3953,-0.054657,-2.478,-0.015551,1.1101,-0.067877
-0.7216,-0.070124,-3.7423,-0.43753,4.802,0.10853,-0.75388,0.15596
-0.75651,3.9487,-1.0785,0.25931,5.3008,-0.0087031,0.1042,0.026238
-0.55236,-1.1386,-0.30492,-1.0018,-5.7409,0.063121,-0.67361,0.14403
-0.5736,0.39289,-1.7458,-1.6072,2.9248,0.056839,0.11662,0.086571
4.5087,0.076156,0.42245,-0.26368,-2.2604,0.061434,0.79325,0.001973
4.4672,0.25677,-1.5208,-0.77105,4.2179,0.0022387,-0.47351,-0.020004
4.4313,4.7377,0.5607,-0.31625,3.3892,-0.04294,0.7626,-0.068412
-0.66186,0.6878,0.71803,-0.29067,-0.87603,0.090826,0.95952,-0.11171
-0.65257,2.0856,0.27255,-0.077034,0.37198,-0.0006235,0.60713,-0.093724
-0.76086,-1.1402,1.2776,-0.49927,-2.7061,-0.024663,0.98716,-0.099735
-0.67814,-2.7093,0.56952,0.23825,4.1927,0.097872,-0.83213,-0.079681
-0.63759,0.25599,-0.17312,0.2072,3.7106,-0.12659,0.93145,0.08533
-0.62302,-2.3757,0.88363,0.32399,-2.4232,0.031881,0.33743,0.035608
-0.48164,3.0745,0.88085,0.90808,-0.47782,0.097667,1.3835,0.13805
-0.5387,-1.5638,1.1943,-0.23216,-4.8097,-0.0018107,0.67422,0.32732
-0.62911,-4.6825,2.9981,0.59141,4.6725,0.11976,-3.586,0.1562
-0.61746,2.9276,1.7279,0.047769,6.5838,0.12991,0.5036,0.13167
-0.71695,-0.70452,3.0146,0.43916,-2.211,0.057205,-0.21211,0.058607
-0.58204,2.378,-0.62493,-0.82147,-2.4103,0.035212,2.3569,-0.0037221
-0.60029,-0.03235,0.19141,0.46163,-5.3911,0.042277,1.4985,-0.10796
-0.59637,0.40788,-0.52258,0.33985,5.3971,0.17019,-3.3208,-0.10387
-0.49106,2.7665,0.12203,-0.93091,6.7159,-0.059036,-1.0393,-0.11765
-0.54035,-4.1675,0.31425,-1.3908,-6.5493,0.047675,-0.90396,-0.14727
-0.59701,-0.28726,-2.0957,-1.1969,-2.8548,0.078838,1.7433,-0.049307
-0.58443,-1.8347,-0.98534,0.17138,-2.211,-0.006765,0.037601,-0.076906
-0.82996,0.69626,-2.19,-0.32365,5.5054,0.22102,-0.34878,-0.017303
-0.69894,2.4795,0.5893,0.38437,6.3668,0.22253,0.63132,0.13257
-0.57416,-2.4569,-0.84591,-1.1567,-4.0259,0.050832,-0.232,0.23016
-0.55147,1.7901,-1.4885,-0.65549,2.9245,0.0092979,1.154,0.065763
4.5098,-1.3772,-0.36768,-0.46184,-1.9524,0.047392,1.6905,0.063572
4.4704,-0.66284,-1.5512,-0.83814,4.8617,0.14158,0.10881,0.076982
3.3695,3.7674,0.68851,0.26999,4.4587,0.036906,0.75577,-0.011096
-0.65275,1.28,0.24561,-0.33359,-0.4061,0.026394,0.90415,-0.067609
-0.64736,2.9368,2.0385,-0.009446,1.7653,0.070726,1.7,-0.063861
-0.74981,-0.42227,1.7054,-0.085679,-2.7116,0.022287,1.3039,-0.10528
-0.72186,-2.48,1.56,0.50459,4.124,0.080025,-0.90916,-0.111
-0.63097,0.6899,-0.24832,0.13104,4.3785,0.011897,2.1416,-0.076346
-0.62096,-3.3503,0.8532,0.62965,-0.67732,0.072356,-0.26746,0.016941
-0.37642,4.4971,-0.91197,0.53586,1.4724,0.00066642,2.8371,0.17879
-0.56039,-2.4473,0.99017,0.58936,-5.1254,0.0022772,0.52758,0.18132
-0.62683,-6.4908,-0.63623,-0.71375,0.52505,-0.0050002,-1.4396,0.11337
-0.61426,1.475,2.0224,0.18219,5.8946,0.071978,1.8128,0.061722
-0.86045,-0.20143,1.6096,0.10152,0.54957,0.0086755,-0.17029,0.06788
-0.61038,4.9449,0.88503,-0.27363,1.9427,0.068936,4.2373,0.075595
-0.5969,-1.2492,0.50106,0.22478,-5.2493,0.0048635,1.2888,-0.015696
-0.58868,0.8959,0.066112,0.79565,4.0271,0.021305,-2.4497,-0.059602
-0.46213,2.0602,1.0274,0.24723,5.4018,-0.17113,1.5026,-0.11242
-0.49049,-2.0771,1.6738,-1.158,-4.151,0.021947,-0.85997,-0.12921
-0.60583,0.85729,0.033626,-1.0734,-1.6336,0.027575,2.581,-0.095476
-0.58699,-3.5098,-0.24048,0.18636,-3.9567,0.010196,-0.51308,-0.068412
-0.85257,1.6413,-1.8163,-0.00090355,4.8975,0.13605,-0.88325,-0.075811
-0.65622,2.3732,0.30777,0.7879,3.6415,-0.14845,-0.017274,0.067052
-0.5103,-3.0065,-0.90422,-0.67192,-0.60279,0.045961,0.34236,0.14469
4.5379,2.8171,-1.0366,-0.11645,-1.0405,0.020009,0.81056,0.018012
4.5053,-1.9066,0.16695,-0.045928,-3.2189,-0.051412,-0.15676,0.11254
4.4666,-2.1546,-2.0721,-0.13931,3.802,-0.025575,-0.34528,0.14145
-0.66091,0.88986,-0.57841,0.29305,2.3303,-0.039616,1.5069,0.080657
-0.65637,1.6117,-0.39853,0.21844,-0.93131,-3.3088e-05,0.3039,-0.0078352
-0.6537,4.029,2.0965,1.1502,1.6018,-0.030619,0.63473,-0.046605
-0.7174,-0.10094,0.49181,0.12642,-4.6269,0.00048673,-0.63554,-0.079462
-0.66742,0.25152,1.4984,0.95344,-0.14665,0.030585,-1.1496,-0.14771
-0.62653,-0.45151,1.0285,0.025424,1.5664,-0.031376,1.8088,-0.099273
-0.62439,-4.4912,0.62784,1.2236,3.1533,0.044382,-0.78297,-0.05342
-0.21856,3.0234,-1.6441,0.22599,4.2903,0.0086755,0.87128,0.059435
-0.42839,-3.1048,0.62047,0.67091,-4.7445,0.055311,0.096104,0.080146
-0.62647,-4.3245,-2.305,0.70424,-5.4839,0.066003,-0.917,0.10733
-0.6197,0.4002,-0.072011,0.71579,-0.80594,-0.10754,1.8655,0.077177
-0.72183,-0.959,-0.33965,0.60403,3.8524,-0.054498,-2.0082,0.098765
-0.64682,5.07,2.9614,-0.78197,6.5448,0.43688,2.9321,0.13442
-0.59407,-2.7839,1.4982,-0.21762,-6.5804,0.023089,0.61526,0.065227
-0.58664,1.6791,-0.49273,0.092717,-1.4313,0.027299,-0.57101,-0.02161
-0.46797,1.1878,-0.48799,0.74673,0.88439,-0.17721,0.20201,-0.074205
-0.4478,0.35041,-0.75801,-0.22149,2.582,-0.0079074,-1.0445,-0.092361
-0.56419,1.4664,-1.3152,-1.2427,4.815,0.079082,2.0573,-0.10278
-0.58044,-1.76,0.21122,0.081554,-6.1666,-0.0064377,-0.33032,-0.11363
-0.57034,-1.5473,-1.1715,-1.2206,3.6641,-0.026332,-1.4162,-0.080557
-0.70116,-0.20002,-0.57705,-0.19482,-0.48313,-0.048549,0.40848,0.032882
4.5391,-1.4186,-0.81028,-0.65942,2.5345,-0.0046858,-0.45392,-0.041787
4.5282,3.8598,-0.42362,0.065188,2.2684,0.04478,1.3998,0.18052
4.4844,-0.90762,-1.0113,0.17285,-2.6841,-0.04133,-0.82509,0.041668
-0.45559,-2.0211,-1.8017,-0.93635,-0.50151,-0.020434,-0.67588,0.2262
-0.60544,-0.9381,0.37125,-0.27842,-0.52856,-0.023367,1.3501,0.14669
-0.64477,0.22817,-2.1449,-0.42295,2.7528,0.035173,-0.049936,0.073745
-0.63716,4.4181,0.38834,-0.12391,2.9764,-0.075368,1.3431,-0.025188
-0.75674,-0.47862,-0.1072,-0.41605,-2.8621,-0.010795,1.5392,-0.10034
-0.65831,1.9394,1.494,-0.21914,-0.8884,-0.020961,1.0103,-0.14792
-0.62132,0.57829,1.1569,-0.018014,-2.7323,-0.060601,1.209,-0.14289
-0.61396,-6.5433,3.2462,0.42035,4.4005,0.13127,-2.1988,-0.082845
-0.35936,2.0578,0.64612,-0.64873,5.7802,0.16228,2.2357,-0.043271
-0.56563,-3.5248,0.91324,0.46693,-4.2765,0.045929,-0.40254,0.025191
-0.60368,-2.3346,-2.606,-0.95173,-4.0169,0.043105,0.75961,0.088494
-0.60562,-0.43584,-0.059105,0.75603,-4.9002,0.0015328,1.2104,0.009615
-0.79985,-1.0112,-1.0698,0.9812,3.7362,-0.14244,-2.2982,0.14893
-0.73173,3.043,1.0053,-0.8396,6.5384,0.085454,-0.20296,0.15099
-0.59757,-1.9884,0.42094,0.069234,-7.3612,0.012834,-0.6673,0.11162
-0.58417,1.8647,-2.9917,-1.1298,-5.0823,0.019842,0.40354,0.020518
-0.42003,0.19155,-0.72436,1.0783,-3.1389,-0.095192,0.7212,-0.03485
-0.43493,2.3559,-3.222,-0.54777,3.7038,-0.03601,-1.9794,-0.043734
-0.5827,3.3822,-1.4351,-0.68275,5.7635,0.14581,1.0266,-0.12738
-0.56821,-1.6491,-0.71303,-0.49753,-7.6966,-0.019472,-0.89489,-0.08484
-0.76963,-1.8124,-2.0328,-0.69369,1.1812,-0.0040504,-0.17143,-0.067682
-0.68571,-1.795,-0.66822,0.19724,-1.7783,-0.022167,0.31034,-0.051643
4.5238,0.27151,-1.7289,-0.57925,3.0092,-0.0061297,0.45594,-0.062084
4.509,2.528,-0.62364,0.48426,4.2562,0.033826,0.99596,0.20763
4.4686,-0.677,-1.02,-0.23793,-4.1215,-0.077948,-1.1348,0.059191
-0.35208,-1.9784,-0.62558,-0.72607,0.46204,0.040448,0.21124,0.17974
-0.6074,-1.2889,-0.16795,-0.30408,-1.7156,-0.052227,1.0336,0.18331
-0.6482,-0.64563,-1.6156,-0.70858,3.6385,-0.015236,-0.37168,0.10646
-0.64024,3.5391,-0.22946,-0.16943,3.2031,-0.050821,0.96536,0.011075
-0.80233,-0.67937,-0.069679,-0.15121,-2.8088,0.0045554,1.1763,-0.050305
-0.63232,4.4516,1.5709,0.46923,-1.9698,-0.03703,1.1422,-0.11614
-0.6196,1.29,1.4176,0.50676,-2.9001,-0.067494,0.97036,-0.12371
-0.62092,-6.7949,2.2844,0.56876,3.7254,0.00087178,-1.5552,-0.11646
-0.43155,2.6132,1.7406,-0.2292,4.3071,-0.1819,0.42386,-0.10755
-0.52779,-2.8271,0.98426,0.50504,-4.032,0.0015841,-0.47185,-0.049818
-0.62104,-1.5703,0.50307,-0.46527,-5.8848,0.068602,1.1749,-0.010804
-0.61522,-2.4517,-0.65276,0.52991,-5.7647,-0.043133,1.229,0.048288
-0.94852,-1.5082,-0.34549,1.7603,4.3303,-0.004859,-4.2019,0.1215
-0.74696,3.234,1.1883,-0.43184,6.1049,-0.030311,-0.042724,0.19466
-0.64339,-3.779,-0.64493,-0.0028368,-9.4362,-0.010635,-1.3992,0.13152
-0.58579,1.2847,-0.43702,-0.20074,-4.5953,0.053739,-0.026104,0.080925
-0.56849,0.52811,0.23695,0.20979,-2.0992,0.003657,0.31228,-0.003284
-0.3513,2.8004,-1.3368,-0.32119,2.2446,-0.03943,-0.9589,-0.015769
-0.64114,4.6158,0.57633,-0.59027,5.0394,-0.0095567,-0.7577,-0.051254
-0.57817,-1.8203,0.316,-0.63829,-6.241,0.012853,-0.73044,-0.11585
-0.58276,1.0774,-0.82222,-1.3536,-0.37796,0.06454,0.078791,-0.081749
4.4708,-1.2835,0.020476,-0.41313,-1.413,-0.0632,-0.38966,-0.11066
4.5036,-3.6295,-3.0896,-0.61839,2.9795,-0.041375,0.31244,-0.025967
4.4835,1.9641,-0.3243,-0.12327,2.2917,-0.061031,0.2547,0.033101
-0.63825,-0.029325,-0.71506,-0.5655,-2.6806,-0.018394,-0.27279,0.049821
-0.41443,-0.82247,-0.26261,-0.82787,-0.35775,0.0023799,0.44165,0.1516
-0.53653,-1.9785,-0.086247,-0.69689,-3.8071,0.013001,0.53004,0.13267
-0.6531,-0.84505,0.11735,-0.21965,4.1208,0.080539,-0.19165,0.065933
-0.64558,3.7309,-0.33115,0.18273,3.105,-0.078955,1.4122,0.070119
-0.8137,-0.73714,0.23091,0.14041,-3.4082,0.022473,0.8531,0.045051
-0.66244,6.1841,0.80488,0.44429,-0.95455,0.039897,1.3431,-0.073499
-0.6169,1.1474,1.5032,0.49326,-5.1221,-0.044461,0.39979,-0.12716
-0.61508,-5.1052,2.7365,0.23739,4.1823,-0.033404,-2.9888,-0.10954
-0.34477,3.4773,2.2839,-0.12749,4.1542,-0.2528,0.59862,-0.14834
-0.52629,-2.5484,0.8733,0.50834,-4.0576,0.024154,-1.133,-0.10076
-0.63522,0.36202,-0.030512,-0.19035,-5.4386,0.098585,0.68048,-0.079705
-0.60925,-2.2803,-1.2066,0.60668,-6.8185,0.051737,0.75366,0.043858
-0.71846,-1.5812,-0.811,1.0502,4.2898,0.054265,-3.1451,0.068464
-0.69392,1.973,-0.49764,-0.34582,6.0894,-0.1763,-1.1922,0.12106
-0.61223,-3.688,0.12913,-0.42593,-9.1188,-0.0054109,-1.7998,0.16397
-0.58238,0.16116,-0.88406,-1.2339,-4.0996,0.033299,-0.005381,0.12247
-0.58,0.48109,-0.60699,0.41391,-3.2156,-0.0089406,0.61575,-0.01757
-0.43381,2.0326,-1.914,-0.20772,3.2904,-0.014229,-1.7553,0.047071
-0.49015,5.2841,-0.12031,0.43186,5.0182,-0.038159,-0.34006,0.00065871
-0.57126,-0.82707,-0.2928,-1.005,-4.456,0.060259,-0.3164,-0.080265
-0.56763,0.51453,-1.3932,-1.5007,0.14726,0.015735,-0.30002,-0.096182
4.4928,-2.0772,0.10604,-0.23103,-1.5612,0.024373,0.71657,-0.11276
4.474,-2.5332,-1.7732,-0.97156,3.8896,0.034121,0.0029932,-0.098908
4.4534,2.1656,0.10933,-0.25169,3.7969,-0.010198,0.76791,-0.048382
-0.64325,-1.3085,0.56877,-0.55712,-1.9125,0.017788,0.61224,0.025337
-0.47066,-0.14711,0.12753,-0.4081,0.32664,0.068326,1.4987,0.17558
-0.59424,-1.7696,0.081536,-0.29586,-3.6093,0.0053063,0.80936,0.10086
-0.64795,-1.4848,2.3804,1.0472,3.8881,-0.0027349,-0.28835,0.1029
-0.63997,1.3935,-0.77585,0.17373,4.1436,-0.10211,1.0861,0.32744
-0.9181,-1.295,0.82345,-0.0082578,-2.4341,0.028486,-0.0064149,0.12632
-0.65524,6.9474,0.26244,0.76603,0.99119,0.085005,1.8742,0.060433
-0.61661,0.55285,1.8441,1.011,-5.4978,0.0090348,0.55594,-0.046265
-0.61065,-4.9655,3.7879,0.65293,3.3128,-0.025665,-2.8,-0.082772
-0.44578,3.5787,1.8314,0.53157,5.1664,-0.11784,0.91332,-0.11261
-0.4602,-2.3834,2.1248,0.4729,-1.6182,0.051737,-1.4859,-0.12354
-0.5929,3.6144,-1.648,-0.66071,-1.4632,0.054163,2.7994,-0.13505
-0.59749,-3.5663,-0.27745,0.42557,-5.8766,0.051243,1.1713,-0.056024
-0.82311,0.48025,-2.1068,0.629,3.6419,-0.052721,-3.3413,-0.0094902
-0.82855,1.3787,-1.1221,-0.065659,5.8674,-0.15443,0.19604,0.10001
-0.60509,-3.5526,0.72224,-0.84329,-6.2841,0.010023,-0.97292,0.13909
-0.58038,-1.1579,-0.68018,-0.75784,-1.6375,0.034653,1.8223,0.0092987
-0.57885,-0.30845,0.61401,-0.069918,-4.8173,0.035674,-0.049249,-0.02806
-0.36196,1.5716,-1.2535,-0.55227,4.8959,0.11742,-1.5205,0.048896
-0.60588,4.4683,0.14813,0.39946,4.4965,0.0081428,0.41657,0.028647
-0.56593,-1.1605,0.97311,-0.74194,-1.3372,-0.0054944,0.57898,-0.01409
4.5032,4.1863,-0.71129,-0.39079,0.0043399,0.031868,0.89196,-0.042541
4.4669,-1.4832,1.64,0.20351,-4.2164,0.014349,-0.16461,-0.13403
4.4395,-2.854,-1.0796,-0.32647,3.934,0.009407,-1.0803,-0.12388
-0.65697,0.37138,-0.57244,0.19023,2.4175,-0.076883,0.79462,-0.13354
-0.6451,-0.83333,-0.85962,0.36798,-0.69336,-0.012656,-0.12958,-0.038452
-0.55622,1.4679,1.082,0.79754,1.9971,0.004196,0.98918,-0.016329
-0.62423,-0.91947,0.40468,0.45211,-5.0315,-0.031537,-1.3476,7.4599e-05
-0.65967,-1.6335,1.1789,0.8549,1.3917,0.036515,-1.075,0.19208
-0.64017,1.48,0.26521,0.4438,1.6364,-0.060743,1.9738,0.2309
-0.96758,-3.4643,0.27235,1.8846,0.88157,-0.0045703,-1.7258,0.2554
-0.66773,4.945,-0.30315,0.6733,3.7674,0.043311,2.4316,0.1436
-0.54022,-0.57372,1.0158,0.68989,-5.0818,-0.029252,-1.0383,0.065324
-0.6102,-3.0687,-1.1619,-0.2972,-3.1168,0.0051394,-1.585,-0.078439
-0.61223,1.7355,1.2558,0.3139,1.3467,-0.11873,0.82452,-0.095379
-0.45865,-0.89184,0.93624,0.59416,3.935,0.0049212,-1.1649,-0.098981
-0.67757,3.8578,1.775,-0.25313,6.7099,0.45958,3.1765,-0.12843
-0.60283,-4.2592,0.57355,-0.012381,-6.5782,0.00076268,0.27045,-0.1001
-0.72163,0.84086,-2.1054,0.36367,-1.2035,-0.016796,-1.1547,-0.022511
-0.76279,-1.2206,-1.5448,0.46909,2.9305,-0.15065,0.57503,0.084527
-0.55108,-2.1866,-1.1187,-0.48193,2.1172,0.014393,0.0011372,0.1003
-0.57711,0.61119,-0.61976,-0.98883,4.2269,0.11035,2.291,0.0098341
-0.58148,-1.3113,-0.66005,0.69417,-6.366,0.0070197,-0.24688,0.033125
-0.34996,-1.942,-1.7096,-0.61443,3.8379,0.0080722,-2.0827,0.13775
-0.49728,1.6518,-1.1415,0.034172,0.66322,-0.098587,0.24161,0.13167
-0.579,1.313,-0.72141,-0.58706,2.7397,-0.001169,0.32056,0.018328
4.4891,6.9372,0.14449,0.40035,3.7432,0.025451,0.86827,-0.023363
4.4489,-0.51651,-0.44402,0.015231,-2.9331,0.046763,-0.2789,-0.074059
4.3755,-2.0702,-0.72466,-0.75703,1.0572,0.031284,0.1792,-0.11565
-0.65446,-2.1007,-0.10889,-0.27158,1.5772,0.016806,1.4958,-0.12344
-0.64739,-2.7436,-2.8004,-0.64488,2.5402,0.010607,0.21983,-0.090146
-0.47585,1.505,-0.8607,-0.2712,3.9433,-0.027295,0.8233,-0.026089
-0.47583,-2.3861,-1.6975,-0.45008,-3.2044,0.0033939,0.19645,0.023974
-0.6608,-0.18626,-0.049385,0.3236,-0.47864,-0.0058217,-0.33442,0.10096
-0.64348,-0.81074,0.70734,-0.26483,-0.64336,-0.029855,2.2455,0.22072
-0.73492,-2.29,-0.34266,0.33042,4.4069,0.081123,-1.1603,0.21992
-0.66131,4.6789,-0.88391,-0.78871,4.8463,0.051397,1.103,0.2545
-0.57117,-0.89707,0.4435,0.4865,-4.3107,0.040327,0.92848,0.099349
-0.60829,0.28465,0.33009,0.5406,-5.9281,0.095158,0.30427,0.018328
-0.60577,1.5118,0.71673,0.52393,-2.3872,-0.11403,1.2356,-0.041056
-0.45729,-0.24171,0.027497,1.1522,4.647,0.064995,-2.8687,-0.10531
-0.55076,3.2744,1.3495,-0.65028,7.3407,0.26253,0.62633,-0.13111
-0.59913,-3.1125,1.329,-0.24632,-7.3121,-0.011373,-0.56812,-0.12225
-0.59868,1.3927,-1.2027,-0.17947,-4.2722,0.060202,-0.44024,-0.05157
-0.76468,-1.0313,-0.92941,0.10013,-0.012345,-0.13257,0.3122,-0.052398
-0.55743,0.25278,-2.3525,-0.27227,3.5563,-0.028238,-0.59759,-0.079267
-0.57312,2.8157,-1.1307,-0.7429,5.4908,0.13354,1.1183,0.096015
-0.57741,-2.4675,-0.77449,0.14598,-6.9677,-0.034572,-0.96266,-0.021878
-0.32059,-1.8892,-2.318,-0.78127,2.0225,0.035193,-0.63124,0.18334
-0.50252,-0.97549,-1.0195,-0.063886,-1.135,-0.079738,0.32005,0.15542
4.5141,1.021,-1.6411,-0.3178,3.2863,-0.067917,-0.48441,0.030083
4.4728,6.8457,0.068303,0.69525,3.912,0.051961,1.2466,0.046025
4.4318,0.72409,-0.40537,0.21131,-2.8879,-0.04914,0.029747,-0.034948
-0.76668,-0.0096676,0.71239,-0.66422,-1.1312,-0.015441,-0.93181,-0.076541
-0.6521,-0.22941,0.74812,-0.57787,-0.16122,0.018173,1.4547,-0.1174
-0.65502,-1.6134,-0.46846,-0.50967,2.0401,0.018064,-0.33807,-0.10451
-0.20201,2.5892,0.043294,0.06355,3.6705,-0.1207,0.12866,-0.086155
-0.62792,-2.9341,-0.78913,-0.091087,-3.7636,-0.031838,0.0488,-0.0090034
-0.64294,1.5773,-0.16728,0.37128,0.11965,0.009914,0.42565,0.13612
-0.6413,-2.93,1.0092,0.060975,-2.6783,-0.033378,1.9938,0.1114
-0.88331,-2.6153,0.19511,0.21841,4.1166,0.054175,-1.5474,0.23143
-0.77244,4.7966,-0.33584,-0.48857,5.324,0.0065962,0.55075,0.1673
-0.67404,-1.4562,-0.18903,0.91871,-3.2026,0.0058132,0.33104,0.10242
-0.61516,1.893,-0.70744,-0.15832,-5.689,0.082291,0.7548,0.097621
-0.60667,0.7526,0.84188,0.84078,-4.4456,-0.029605,1.1889,-0.017838
-0.54195,0.19019,-0.6372,1.265,5.4377,0.20034,-3.3135,-0.033877
-0.63464,3.5494,1.0294,-0.57589,7.116,0.1086,0.49721,-0.095427
-0.5992,-2.2874,1.0182,-0.55578,-7.3904,0.013732,-0.85243,-0.11234
-0.59796,2.1405,-0.73467,-0.26175,-3.0579,0.013142,-0.67706,-0.098372
-0.81532,-0.2089,-2.0258,0.018301,0.82214,-0.049833,0.58139,-0.093991
-0.61654,0.14346,-2.7895,-0.4793,3.7664,0.02178,-2.1084,-0.082577
-0.57679,3.2101,-0.97127,-0.58417,6.3099,0.29489,0.4846,-0.066173
-0.57319,-2.9255,-0.18353,-0.68393,-6.4939,0.0278,-0.9901,0.02709
-0.30139,-2.5745,-1.6284,-1.3001,2.4835,0.0044848,-0.30838,0.19777
-0.53629,-2.2232,-0.55414,-0.19148,-1.0124,0.032946,1.0944,0.15119
4.5106,0.067255,-2.7226,-0.8438,4.1528,0.073646,-0.042487,0.12476
4.4669,6.0464,-0.35432,-0.11955,3.8046,0.031977,1.466,0.064181
4.4885,0.94268,-0.041188,-0.11773,-1.2877,0.021344,0.95581,0.042642
-0.74617,0.84543,0.22839,-0.59713,-0.234,0.066805,-0.36367,-0.010829
-0.64052,1.2805,0.4455,-0.90825,-0.99906,-0.010513,1.7663,-0.073937
-0.65025,-0.18894,1.3483,-0.056147,3.7282,0.049401,-0.18918,-0.099905
-0.26115,2.059,0.19918,-0.18233,3.9303,-0.043358,1.483,-0.10565
-0.52655,-1.6642,0.73291,-0.13307,-2.0286,0.062422,0.87479,-0.16289
-0.68769,2.7815,0.86675,0.68035,0.49518,-0.014331,1.2251,0.012317
-0.64033,-2.227,1.7819,-0.37506,-4.0071,-0.051168,1.3647,0.079805
-1.1297,-4.6055,1.9619,1.3232,4.5565,0.065457,-2.7391,-0.024774
-0.86071,2.9333,0.70734,0.08447,6.0027,0.045935,0.059596,0.10867
-0.64742,-2.4957,-0.64342,0.13117,-2.0003,0.051718,-0.17216,0.17227
-0.61472,3.3185,-1.0127,-0.37149,-2.4867,0.045929,1.7986,0.019594
-0.60153,-0.37483,0.5341,0.87547,-5.2411,0.029051,1.4719,0.0038956
-0.42383,0.29749,-0.37851,0.66009,5.0605,0.12398,-3.1994,0.05537
-0.58012,1.3297,1.9908,-0.80262,6.5317,-0.20835,-0.89155,-0.018227
-0.60478,-1.1764,1.1015,-1.3479,-7.463,-0.036671,-0.88884,-0.0909
-0.60705,1.5178,-0.77845,-0.60484,-3.1583,0.077003,0.43252,-0.10139
-0.77685,0.85863,-0.54042,-0.0074613,-3.7417,-0.054511,0.3686,-0.10726
-0.56727,0.28187,-2.6947,-1.1486,4.8632,0.16796,-1.6076,-0.094794
-0.57853,3.8407,-0.69095,0.32584,4.8885,-0.089146,0.95261,-0.070797
-0.57379,-3.0917,-0.70249,-1.3937,-6.2221,0.041276,-0.45437,-0.016451
-0.35923,0.041355,-1.4249,-1.0998,2.3146,-0.024221,0.49722,0.067296
4.5331,-2.45,-0.051621,-0.4795,-3.0922,-0.010924,0.77069,0.057585
4.5101,-3.8432,-2.2755,-1.306,4.458,0.088727,-0.23094,0.23713
4.4642,2.548,-0.22461,-0.24371,3.8237,0.034833,0.76569,0.11213
-0.74793,0.56287,-0.11415,-0.33167,-1.9643,0.04136,0.44752,0.10088
-0.82684,3.611,1.5156,-0.012657,0.60265,0.046468,1.1968,0.047412
-0.60568,1.8053,0.61855,-0.12246,-2.547,0.039101,1.4122,-0.013068
-0.64004,-1.5204,2.1499,0.5697,3.8029,0.046243,-0.43269,-0.05858
-0.62314,2.0494,0.5035,0.40384,2.0389,-0.1514,0.88939,-0.11894
-0.40187,-1.6506,1.1335,0.15553,-1.1777,-0.0086389,-0.67139,-0.13695
-0.61625,4.4669,0.32352,1.1385,1.951,-0.031427,2.3859,-0.10543
-0.63313,-3.3595,1.554,0.55877,-6.415,-0.024721,-0.19099,0.013485
-0.63602,-6.1782,1.194,0.28875,-2.0353,-0.029169,-3.1011,-0.027159
-0.79353,-1.4039,1.7547,0.50321,4.1888,-0.20406,1.7637,0.067174
-0.7017,-1.8499,2.2498,0.12063,0.67831,0.017089,-0.98345,0.13554
-0.60837,4.1336,-1.1167,-0.091331,2.997,0.072401,5.1267,0.086742
-0.59979,-1.8565,-0.00020954,-0.26493,-7.629,0.0021745,0.89434,0.10468
-0.36475,1.3525,-0.90815,0.98965,1.285,-0.084186,-2.477,0.13121
-0.55274,1.1288,0.51437,-0.21216,4.0784,-0.53541,0.0053949,0.05464
-0.60059,-0.20961,2.9643,-0.16359,-4.329,-0.013799,-1.3532,0.01548
-0.5944,0.1731,1.1797,-0.61032,-0.090095,0.06264,1.7193,-0.077344
-0.72821,-0.99254,1.5626,0.65803,-7.2677,0.027607,-1.1118,-0.081749
-0.6461,1.2274,-0.38102,0.97104,3.7228,-0.041907,-2.3748,-0.086422
-0.57503,2.0832,0.29568,0.45469,3.1998,-0.14491,0.37774,-0.10713
-0.56616,-3.1062,-0.078281,-0.54207,-0.90156,0.0041896,-0.016947,0.0014862
4.5274,4.0136,-1.5828,0.091811,-0.13117,0.069995,0.743,-0.058044
4.5093,-3.688,0.34272,0.15463,-4.9296,-0.031055,-0.86515,0.10536
4.4812,-3.6574,-0.41962,-0.3533,2.4271,-0.026743,-1.2694,0.15518
-0.65965,-1.8275,-0.7401,0.018083,2.2096,-0.099402,-0.30335,0.22106
-0.8813,-1.7363,-1.6556,0.11146,-0.99419,0.048939,-0.35234,0.15528
-0.75481,3.0245,-0.92271,0.71595,0.98176,-0.0087031,0.69369,0.11967
-0.61468,-0.042368,-0.22202,0.75199,-4.4073,0.040814,-0.57646,0.012755
-0.63836,-0.14989,1.4793,0.5193,0.021353,-0.0098133,-1.8947,-0.044391
-0.64398,1.432,1.1558,0.225,-0.26169,-0.068347,1.2955,-0.059334
-0.52684,-2.3768,0.42478,1.1086,2.0313,-0.01376,-0.65701,-0.18017
-0.62202,4.8032,0.050675,0.43665,4.3474,-0.051668,0.92393,-0.13851
-0.62604,-2.6765,1.3382,1.0167,-6.645,-0.011995,-0.65663,-0.11378
-0.62174,-0.58645,-0.75503,0.50351,-7.1717,0.071541,-1.5923,-0.044634
-0.85656,-1.3274,0.11429,0.58811,-2.6466,-0.12109,1.0699,0.036654
-0.68292,-2.4405,1.51,0.6663,2.5307,-0.093292,-2.6164,-0.018958
-0.60479,3.5897,1.7868,-1.0545,5.9699,0.24974,1.6374,0.14055
-0.608,-3.3204,0.13441,-0.35531,-7.0766,-0.01634,-0.84619,0.08864
-0.32977,2.9877,-2.4962,-0.30633,-3.0322,0.0070647,0.91436,0.13345
-0.58784,0.8661,-1.1127,0.37749,-0.72744,-0.063784,0.4465,0.090928
-0.59653,1.6731,-1.2805,-0.14639,2.7459,0.011249,-1.7876,0.030424
-0.59076,2.6912,-0.59211,-1.4597,5.5894,0.21538,1.5749,-0.0075918
-0.75461,-0.62043,0.7181,-0.15501,-7.8601,0.018327,-1.2129,-0.087347
-0.63993,-1.3273,-0.73845,-1.4504,2.852,-0.064497,-1.3648,-0.10455
-0.58059,0.70359,-0.508,-0.28266,-1.5575,0.025316,0.62851,-0.10932
-0.57001,-1.5552,-0.9848,-0.71021,3.0503,-0.017328,-0.18593,-0.096717
4.5052,4.1379,-1.76,-0.2611,1.4313,-0.026569,1.338,-0.045291
4.4913,-3.1402,-1.5641,-0.26929,-3.0807,0.016049,-1.251,0.090271
4.4651,-2.7702,-1.8598,-1.0668,-0.37413,0.027427,-0.075418,0.11054
-0.6623,-3.8157,1.2869,-0.094119,-0.9367,0.0057362,1.2037,0.14883
-0.96158,-1.23,-2.4009,-0.87543,2.2313,-0.012676,0.49334,0.17107
-0.69495,2.8657,-0.6907,-0.14613,3.3115,-0.0072528,0.7546,0.14379
-0.58541,-0.26844,-1.3557,-0.46748,-3.1469,-0.026987,0.46372,0.083237
-0.63328,2.4353,1.5338,0.22058,-0.55784,-0.0073554,0.6493,0.043323
-0.63411,1.9101,1.1128,-0.4794,-2.2083,0.02203,2.2929,-0.058458
-0.47882,-4.2463,1.6618,0.26348,4.0759,0.012558,-2.0692,-0.10017
-0.65944,4.1696,0.39709,-0.20721,4.8117,-0.055628,1.2118,-0.14598
-0.62391,-1.7902,1.8753,0.96153,-4.1981,0.046019,0.29335,-0.13208
-0.62756,0.805,-0.1057,0.44151,-4.1735,0.057057,0.83016,-0.081117
-0.73368,-1.4771,0.33715,1.1009,-6.2329,0.018411,1.6507,-0.046971
-0.68656,-1.8354,0.050277,1.3538,4.2165,0.012398,-3.6816,-0.019079
-0.59513,1.1756,1.0769,-1.2597,7.5403,0.39691,0.47261,0.092047
-0.60621,-2.8422,-0.98131,-0.42918,-6.4229,0.051018,0.21005,0.07338
-0.37051,2.2567,-1.6967,-0.069192,-3.3849,0.052135,0.15755,0.1251
-0.47929,-0.32304,-1.5299,0.54035,-1.6181,-0.037665,0.67832,0.15861
-0.60241,2.204,-2.7982,-0.39786,5.0841,0.13946,-1.307,0.043591
-0.59755,3.9354,-0.68224,-0.86981,6.4037,0.18978,0.64022,0.022782
-0.67846,-0.50066,1.086,-0.35882,-8.2648,0.031252,-1.0562,-0.011535
-0.72194,-2.381,-1.8521,-1.5131,2.9104,-0.02485,-0.67182,-0.061403
-0.58602,0.35065,-0.43745,-0.40201,-1.9314,-0.016199,0.37889,-0.13941
4.4867,0.095544,-1.3172,-0.51355,4.1219,0.041803,-0.26838,-0.0955
4.4904,3.8123,-0.26226,-0.031123,3.2009,0.00564,0.20833,-0.087201
4.4696,-2.3943,-0.92533,-0.69427,-2.553,0.033954,-0.2884,-0.060308
-0.66197,-3.2383,-1.198,-1.3382,-0.2203,0.0094776,0.23401,0.08937
-0.66347,-4.492,-0.27827,-0.56498,-1.5876,-0.014402,1.4016,0.085038
-0.58797,-0.79776,-2.0071,-0.72649,3.5989,-0.020255,-0.091787,0.052328
-0.79864,3.282,-0.50769,-0.38222,3.9711,-0.043614,0.98316,0.043931
-0.62486,-1.597,-0.17643,-0.4094,-2.5665,0.071362,1.2963,0.1747
-0.62541,3.235,1.7241,0.31621,-0.93951,0.067203,1.8089,0.088664
-0.61892,1.4868,1.3812,-0.0032094,-3.7326,0.028486,0.99553,-0.0015804
-0.43417,-3.8775,1.875,0.027242,2.8343,-0.0028311,-2.6326,-0.062376
-0.55155,3.9474,1.1556,-0.63134,5.1329,0.023365,0.59025,-0.089854
-0.61591,-1.3751,1.4585,0.95338,-2.499,0.024732,0.61399,-0.14262
-0.61622,3.6766,-0.01521,-0.11243,-2.578,0.050216,1.7963,-0.10611
-0.7961,-1.8177,0.049628,1.0905,-6.1587,0.019149,0.94908,-0.10879
-0.6494,-0.61595,0.7548,0.98374,3.8854,-0.065877,-2.5469,-0.013628
-0.5863,-0.24342,1.2219,-0.37846,7.4496,0.14613,-0.11678,0.029572
-0.58994,-4.0669,-0.37223,0.13425,-5.9306,-0.0073683,-0.46176,0.090904
-0.21071,1.4755,-2.1196,-0.33512,-3.401,0.057012,0.47894,0.1543
-0.49831,-1.3625,-1.6753,0.52276,-3.0406,-0.066294,0.3052,0.096526
-0.58193,2.2801,-2.9163,-0.2896,5.0758,0.1579,-1.9317,0.060506
-0.58541,4.3004,-0.55347,-0.24352,6.6285,0.26689,0.45887,0.10371
-0.65193,-0.48033,-0.086818,-0.21674,-6.0546,0.020259,-1.1146,0.035851
-0.66493,-0.60748,-0.66499,-1.2578,2.1437,0.037817,0.2663,-0.02952
-0.62614,-0.51819,0.15853,0.46282,-0.82714,0.042797,0.49577,-0.092044
4.4886,0.23671,0.62832,-0.40233,4.9193,0.17201,-0.19904,-0.076955
4.4607,3.4008,0.63288,0.80519,4.0456,-0.013818,-0.069291,-0.1634
4.4388,-0.61942,-0.056446,-0.73775,-1.3177,-0.041574,0.92727,-0.10353
-0.61137,-1.2375,-1.1655,-0.81492,1.8382,0.037272,1.1247,-0.064323
-0.65123,-3.6186,0.85149,-0.85212,-4.1694,-0.02123,0.3077,0.097743
-0.64179,-1.0982,0.90715,0.028802,4.5166,0.13423,-0.011771,0.0069866
-0.77387,0.98218,-1.8361,0.3404,2.851,-0.14178,0.76411,0.11471
-0.64769,-3.9803,-0.12876,0.86414,-1.8118,-0.013491,0.17786,0.43621
-0.62405,3.8529,0.94062,1.0851,1.6066,0.0072636,1.8524,0.18774
-0.614,0.6444,1.8942,0.98884,-5.0391,0.0060058,0.53795,0.043761
-0.334,-5.6237,2.9152,-0.53873,0.90412,-0.031209,-2.256,0.080098
-0.61035,2.022,1.6905,0.12673,3.8637,-0.039424,1.6744,-0.021172
-0.60877,-0.24825,1.9295,0.53657,2.0438,0.069468,0.32975,-0.079364
-0.60846,6.83,-1.1847,-1.072,2.072,0.035045,3.2561,-0.098616
-0.72443,-2.3493,-1.1116,-0.14675,-5.7772,0.033787,1.519,-0.1379
-0.62861,0.18119,-2.2877,-0.017764,3.9126,0.032061,-2.3747,-0.10032
-0.58371,0.80568,-0.33829,-0.19242,5.8263,-0.35359,0.41342,-0.044099
-0.58654,-4.3064,1.4129,-1.0504,-4.3256,-0.016834,-0.49613,0.054932
-0.31669,-0.10854,0.11742,-0.48322,0.45177,-0.022565,2.5965,0.076179
-0.48357,-2.003,0.19094,1.0933,-5.5723,-0.028617,-0.20273,-0.016792
-0.59127,1.0153,-2.1278,0.14983,4.9857,0.1748,-2.0228,0.12466
-0.57934,3.2221,-0.35004,0.74296,3.7942,-0.2072,0.041383,0.093678
-1.0107,-1.2374,1.1153,-0.93718,-2.803,-0.038012,-0.55056,0.13938
-0.70013,4.0899,-1.7245,-0.67389,-1.0932,0.018635,0.87629,0.043591
4.5076,-1.436,0.83181,0.024062,-4.7017,-0.053183,0.50652,-0.018885
4.4681,-2.3492,-0.24345,-1.0907,3.443,-0.070863,-1.6682,-0.095938
4.4387,2.5015,1.5948,0.1064,1.9613,-0.12721,-0.065663,-0.079486
-0.50309,0.33503,0.17498,0.27221,-1.2155,-0.05163,-0.48327,-0.17056
-0.69832,1.9676,0.55136,0.89111,1.1621,-0.071851,0.36694,-0.11108
-0.64955,-3.4228,-1.159,0.20054,-4.68,0.018969,-0.76802,-0.037357
-0.65027,-1.5,0.37073,0.78284,0.78824,-0.081234,-2.7987,-0.039669
-0.85788,-0.4089,-0.51992,0.13927,0.71311,-0.14463,0.68949,0.16275
-0.67529,-5.386,-0.80675,1.1663,1.7657,0.012969,-1.2618,0.26314
-0.62265,2.9693,-1.0285,0.41095,4.3875,-0.013234,1.5599,0.2427
-0.61659,-0.345,1.7362,1.0145,-7.6174,0.00315,-1.1879,0.12649
-0.35149,-5.0393,-1.161,-0.59497,-3.5092,-0.021346,-0.54032,0.094627
-0.52443,0.54276,1.8456,0.059337,-1.1436,-0.11423,2.2092,0.083724
-0.62372,0.73202,2.0921,0.63067,3.8717,0.043304,-0.92305,-0.016865
-0.61653,5.6121,2.2767,0.60329,5.4816,0.2333,3.0707,-0.062352
-0.73395,-2.4931,0.86482,-0.39695,-8.0799,0.044408,-0.38821,-0.14345
-0.60902,0.78815,0.51955,0.11414,-3.9752,0.009099,-0.26263,-0.11628
-0.58869,-0.32829,-0.52702,0.30793,0.18023,-0.17906,-0.02665,-0.09954
-0.5834,-2.65,0.31461,0.0021602,1.8559,-0.080784,-1.3297,-0.016889
-0.43636,0.629,-0.8606,-0.80352,4.0338,-0.024721,1.7592,0.037969
-0.38536,-2.828,-0.75299,0.13779,-10.085,-0.074636,-1.8771,-0.030908
-0.61731,0.0028039,-1.4323,0.72247,1.8868,-0.011636,-1.856,0.036022
-0.58903,0.42777,-0.94325,-0.035073,-1.8129,-0.048787,-0.41898,0.14493
-0.53381,-1.1762,0.31865,-0.38911,0.049586,0.033903,-1.8097,0.14739
-0.73938,5.312,0.05566,0.24098,1.249,0.016133,0.6455,0.045367
4.4966,-0.5505,-0.098722,-0.12311,-7.0646,-0.034392,-1.551,0.033247
4.4561,-2.7805,-2.7589,-0.62276,0.32812,-0.007426,-1.8495,-0.044147
4.5773,-1.948,-0.32963,-0.19157,-2.1029,-0.056263,0.31899,-0.054077
-0.57174,-0.0104,-2.3817,-0.30151,1.1451,0.014522,-0.90821,-0.13028
-0.61247,2.8674,0.81554,-0.114,2.434,-0.085418,0.0079765,-0.11105
-0.6487,-2.1563,-0.79277,0.05917,-4.1217,0.064238,0.29189,-0.042298
-0.64728,-1.023,0.86898,-0.13719,-1.7787,-0.019895,-0.86881,-0.029885
-0.89063,0.032846,0.52197,-0.47386,-2.9129,-0.03094,0.85036,0.0062808
-0.73707,-5.9325,-0.32786,0.24664,2.9531,-0.025344,-2.2054,0.18745
-0.62096,1.8206,-1.7206,-0.56378,4.1715,-0.16646,-0.018475,0.26183
-0.61754,-2.2991,0.13132,0.85186,-6.414,0.011198,-1.1211,0.12797
-0.38717,2.1611,-1.0347,0.04362,-6.5045,0.013065,-0.73558,0.13169
-0.55671,-1.6535,1.1588,0.31253,-4.8325,0.020214,0.99395,0.096063
-0.61154,1.0368,2.2285,1.6305,2.8485,-0.13674,-3.3882,0.011489
-0.61145,4.3074,2.3855,0.042798,6.925,-0.0010535,-0.70395,-0.015842
-0.65519,-1.9953,2.1347,-0.29221,-8.8472,-0.010404,-1.3026,-0.10107
-0.64148,1.2879,-0.035221,-0.35039,-7.4583,-0.015307,-0.82604,-0.14238
-0.5533,-1.048,0.22807,0.75706,-3.0646,0.011923,0.71513,-0.10764
-0.58487,-0.7864,-2.5455,-0.27126,4.0142,-0.07291,-2.8501,-0.063472
-0.34464,2.4215,-0.73703,-0.74694,4.8918,-0.18839,-0.54676,-0.084378
-0.44033,-3.3917,-0.16602,-0.92647,-9.2223,0.023205,-1.8158,0.030473
-0.51992,-3.8889,-1.2395,-1.6762,-1.4327,0.015221,-0.75481,0.033515
-0.57963,0.33871,0.29934,-0.31976,-1.9298,0.0033361,0.2904,0.10629
-0.64946,-0.03183,-1.1374,-1.2561,2.8226,0.020381,-0.70762,0.097937
4.5258,4.2255,-0.17622,-0.37418,3.0895,-0.048042,0.36286,0.045197
4.4913,-0.076379,-0.97368,-0.86799,-3.6332,-0.0036076,-0.21736,0.13773
4.4464,1.2753,-1.066,-1.0806,-1.0059,-0.011739,-0.44859,0.022733
-0.65904,-1.7171,1.3074,-0.7437,-3.4067,-0.0080806,0.58891,-0.038014
-0.55313,-0.54032,-0.58314,-0.41533,2.2482,0.024706,-0.34848,-0.10283
-0.60208,1.8135,-0.072011,0.25046,2.0949,-0.11396,0.3683,-0.12434
-0.63682,-1.1094,0.52809,-0.34033,-3.6419,-0.0010535,0.41393,-0.10027
-0.63569,1.7893,1.535,0.46561,-2.0902,-0.01023,0.76503,-0.072379
-0.92193,-0.86795,0.72964,0.47067,-5.9158,-0.00029621,0.28962,0.034951
-0.70719,-6.0486,1.9326,0.52977,1.6837,-0.08219,-3.7558,0.042349
-0.61315,-1.8554,-0.97599,-0.45921,3.3738,-0.23401,-0.17683,0.30656
-0.61841,-1.654,0.33856,-0.097953,-3.8324,-0.022546,-0.89836,0.086109
-0.33798,4.1941,-1.4173,-0.44179,-4.1333,0.077298,1.1617,0.18426
-0.54375,-2.2583,-0.20877,0.28732,-6.8686,-0.011418,0.96425,0.15864
-0.61612,1.6731,-0.32698,1.2759,2.8946,-0.08606,-3.9474,0.038747
-0.60355,3.9415,1.5145,-0.04738,6.5521,-0.26286,-1.7505,0.026335
-0.7862,-1.5871,1.6372,-0.45522,-7.8509,0.032138,-1.2614,-0.046435
-0.61664,1.718,0.25136,-0.95425,-5.735,0.094631,0.66646,-0.090584
-0.58697,-0.55736,-0.092439,0.48041,-5.5619,0.023083,0.10696,-0.13877
-0.58421,0.28366,-0.43321,0.088009,5.0323,0.087495,-2.7401,-0.089513
-0.56931,2.8753,-0.59583,-0.39312,5.4202,-0.17743,-1.4689,-0.079389
-0.36686,-2.5525,0.81501,-0.80387,-7.4851,0.0599,-1.2375,-0.067609
-0.6089,-4.0328,-1.942,-2.0326,-1.2625,0.083606,-0.7403,0.016941
-0.57871,-2.6034,-0.18567,-0.28402,-2.1302,0.058758,0.16621,0.15547
-0.63021,0.18875,-1.3415,-0.19036,2.9076,0.033094,-1.5891,-0.034899
4.5235,3.0572,-0.066737,0.23127,3.9043,-0.026634,-0.29621,0.18492
4.4863,-0.26963,-0.64006,-0.50427,-2.6824,0.042104,-0.59829,0.16569
-0.64884,2.2757,-0.028501,-0.67186,-0.83819,0.094843,0.4688,0.077274
-0.65437,-1.195,1.076,-0.54115,-3.2105,-0.004166,0.8048,0.0036279
-0.50177,-0.16778,1.1174,-0.40038,2.8393,-0.011732,-0.3677,-0.041811
-0.60888,2.4652,0.62801,0.42018,3.2361,-0.060088,0.97229,-0.061938
-0.64141,-1.2417,0.92692,-0.27428,-2.1,0.028634,-0.07179,-0.12415
-0.64382,3.8833,1.5681,0.50304,0.38303,0.080558,1.9798,-0.10516
-0.80938,-0.56815,1.9301,0.53701,-4.7014,0.0083032,0.36104,-0.049672
-0.69594,-8.6707,3.6453,0.7419,2.3359,0.01956,-2.1582,0.040914
-0.61134,-1.0906,0.68942,0.050351,4.2069,-0.11549,0.82626,0.046779
-0.61772,-2.5616,1.1056,0.045438,-0.33351,0.070399,-0.62309,0.040159
-0.36441,2.8154,-1.2932,-0.76806,-1.4226,0.045031,3.0276,0.14924
-0.44081,-2.0457,-0.4769,0.33481,-6.4243,0.039114,1.5786,0.057001
-0.59836,0.23656,-1.0026,1.0154,2.7166,0.034647,-3.2486,0.16307
-0.61158,3.1395,-0.3681,-0.28689,6.4318,-0.26351,0.17286,0.082896
-0.80552,-1.318,1.0898,-0.54595,-5.8728,-0.02725,-1.6088,0.049407
-0.69377,2.666,0.074444,-0.80745,-3.0455,0.10111,2.8506,-0.040375
-0.65733,-1.0541,0.62444,0.68026,-5.1807,0.051846,-0.10329,-0.097666
-0.58414,2.3659,-0.96257,-0.067085,5.9138,0.20981,-1.6624,-0.078245
-0.57275,3.5766,0.10817,0.2883,5.6258,-0.14884,-0.66461,-0.083258
-0.40376,-2.4256,0.045375,-1.0377,-5.535,0.049317,-0.78315,-0.10543
-0.55958,-0.42184,-1.542,-1.3989,0.28128,0.086558,0.71214,-0.015112
-0.57946,-3.6599,0.15864,0.070063,-4.4033,0.053258,-0.29135,0.011538
4.5279,-0.96149,-1.6154,-0.84762,4.9675,0.066658,-1.357,-0.048333
4.5186,0.38533,-0.40233,-0.10683,2.3824,-0.061474,-0.1933,0.3383
4.4763,0.060756,-0.018916,-0.31568,0.23662,0.011204,0.39439,0.19376
-0.64867,2.5777,0.11506,-0.2034,1.4196,0.058244,0.7004,0.12843
-0.64086,-0.74192,0.035347,-0.089148,-3.9749,-0.038878,0.050643,0.03461
-0.42162,-0.34414,0.82687,0.67637,2.1078,0.030084,-1.8991,0.04785
-0.526,2.7344,0.80342,0.26807,2.2763,-0.072859,1.4111,-0.018325
-0.63686,-2.5726,1.456,0.75367,-0.59832,0.071092,-1.0492,-0.12527
-0.64031,3.9494,1.5134,1.2471,2.1968,0.033614,2.0154,-0.12376
-0.70324,-1.0876,1.6016,0.71919,-5.7423,0.0017446,-1.4774,-0.13709
-0.66891,-3.4127,0.9723,-0.31423,0.77077,-0.019703,-2.1989,-0.079243
-0.60377,-1.9145,1.0789,0.32508,3.0669,-0.13689,1.4,-0.042103
-0.611,-1.9362,1.3324,0.98988,4.186,0.037304,-1.4031,-0.027062
-0.46381,3.1072,0.65141,-0.14254,6.0541,0.29266,3.4085,0.10225
-0.49677,-3.1779,0.14199,-0.57626,-6.6287,0.058854,-0.063351,0.052182
-0.53833,-1.9985,-1.465,-0.075454,-2.0531,0.083195,-1.5443,0.17752
-0.60447,1.4087,-0.70523,0.11615,4.0602,-0.24703,0.51487,0.14099
-0.64966,-0.40951,0.018484,0.51277,-0.43118,0.0082262,-1.0669,0.053302
-0.80049,4.349,0.2732,-0.83415,3.0958,0.0063202,3.5189,0.040743
-0.63714,-1.8637,1.0441,0.48114,-6.4905,0.10531,0.37689,-0.037114
-0.5809,3.1548,-1.2755,0.45708,4.1867,0.037073,-1.1031,-0.055367
-0.57035,2.93,0.44128,1.2649,2.6369,-0.15799,-0.54324,-0.056803
-0.41227,-0.81811,-0.36012,-0.54223,1.09,-0.00085453,-1.1356,-0.13507
-0.5149,2.9906,-1.278,-0.11731,4.2105,0.063821,0.97439,-0.089586
4.5174,-3.293,-1.1229,0.03834,-4.8993,0.024161,-0.98581,-0.10317
4.5026,-4.1467,-2.264,-0.47434,4.544,0.1242,-0.18122,-0.0092468
4.4782,-2.2795,-0.80151,-0.39433,1.6126,-0.0068292,0.12386,0.097621
-0.65426,-0.87338,-2.3763,-0.19057,1.774,0.033787,-0.15967,0.23525
-0.65027,3.6529,0.45547,0.70114,4.4527,0.030758,1.049,0.18952
-0.63868,-1.0051,-0.97711,-0.043828,-2.8988,0.020753,-0.25382,0.062915
-0.49991,0.42665,0.66869,-0.1126,0.36691,-0.0093449,-0.61924,0.066176
-0.64702,2.314,0.38782,-0.058286,0.052219,0.06042,1.725,0.0089092
-0.63394,-3.4396,-0.16693,-0.34468,4.4782,0.058142,-0.84783,-0.045632
-0.62957,3.4328,-0.62664,-0.37113,5.4218,0.13061,2.4083,-0.15783
-0.78008,-1.0908,1.3291,0.65469,-4.3471,0.060676,0.26967,-0.15328
-0.6876,1.6067,0.12285,-0.5923,-2.031,0.0065641,0.77431,-0.1275
-0.6348,-2.6876,1.405,0.1816,-2.9275,-0.048196,0.47201,-0.086155
-0.6097,-1.9901,1.1975,1.0482,5.5751,0.19512,-2.6682,-0.0070321
-0.47857,3.5927,1.1893,-0.77562,8.1517,0.35726,-0.3372,-0.027111
-0.4399,-3.7311,0.4386,-0.0797,-5.981,0.052802,-0.45925,0.11081
-0.62802,-0.59793,-1.697,-0.53785,-5.1423,0.079127,-0.073228,0.14106
-0.60386,-0.83836,-1.7644,0.26204,-2.0149,-0.023329,-0.50694,0.12228
-0.78543,0.5927,-0.77338,0.31257,5.2988,0.15662,-2.349,0.047728
-0.77124,4.4726,-0.21055,-1.3653,6.6958,0.23123,1.4389,0.10529
-0.63912,-2.2339,1.4266,-0.55813,-7.1087,-0.0047114,-0.55857,0.0022163
-0.58063,1.1112,-1.8835,-0.54844,0.15702,0.0532,-0.56811,-0.060575
-0.57685,1.775,-0.048036,0.36179,-1.6491,-0.048896,-0.60718,-0.054759
-0.38057,-0.20979,-0.54083,-0.59314,3.6088,0.0017895,-0.53939,-0.11139
-0.51785,3.4154,-0.39891,-0.466,4.2039,-0.073911,1.5747,-0.13135
4.4938,-1.4101,-1.0088,-0.50972,-4.7674,0.01096,-1.1072,-0.090097
4.4738,-2.3265,-1.153,-0.68198,0.35529,-0.041092,-1.1892,-0.10341
4.45,-3.946,-0.1606,-0.45072,-2.5264,-0.070741,-0.2454,0.061771
-0.74206,-2.0278,-1.3346,-0.2317,2.7822,0.018777,-0.97122,0.098351
-0.64607,2.3073,-0.91856,0.12218,2.5139,-0.18113,-0.036302,0.21279
-0.6418,-1.7758,-0.91561,-0.50547,-4.037,-0.036427,-0.74904,0.13807
-0.34885,1.5707,1.1176,-0.43485,-0.33374,0.0021232,0.04925,0.12714
-0.51694,1.0553,0.87178,-0.15781,-2.9508,-0.047831,0.46105,0.17538
-0.63837,-2.1235,1.3072,-0.0041343,3.8443,-0.032204,-1.9026,0.0021433
-0.63883,3.0797,0.39243,-0.52051,4.6628,-0.053902,0.30841,-0.070481
-0.75425,-0.56678,1.5764,0.35031,-4.6412,0.029648,-0.85019,-0.12217
-0.61979,4.8087,0.53109,-0.13831,-2.1464,0.041321,1.5797,-0.124
-0.54654,-2.1383,1.2842,0.46629,-5.4542,-0.027076,1.7124,-0.12234
-0.60841,-1.4666,1.1078,1.5589,4.4325,-0.011912,-4.1063,-0.076371
-0.61168,2.5468,0.14086,-0.10895,6.6125,-0.4599,-1.5939,0.0067188
-0.38316,-4.3912,0.1354,-0.25357,-7.1887,0.018051,-1.0941,0.027771
-0.60035,0.15344,-2.4618,-0.92889,-6.2418,0.047662,0.38213,0.13143
-0.60926,-1.8634,-1.5734,0.46168,-4.47,0.028544,0.42524,0.15922
-0.60199,1.3369,-1.0201,0.13703,4.8743,0.0083674,-3.0656,0.03775
-0.73136,3.8282,-0.7894,-0.7856,6.2094,-0.081984,-0.62489,0.044102
-0.58336,-1.2374,0.8707,-0.7161,-8.7402,0.015683,-1.3625,0.021273
-0.57807,-0.033294,-0.84427,-1.725,-3.3896,0.015151,-0.60249,7.4599e-05
-0.58219,0.97551,1.0546,0.28893,-2.7343,-0.01446,-0.39883,-0.045729
-0.38253,0.4779,-1.2531,-0.30065,2.9761,-0.0018942,-0.67911,-0.096206
4.4976,4.7761,0.52461,-0.037392,2.4066,-0.094332,-0.14452,-0.076444
4.4695,-1.0547,0.41305,-0.84158,-2.5053,0.017718,-0.50829,-0.12361
4.4483,-0.08686,-1.0666,-0.83447,-1.3599,0.036027,0.13865,-0.11551
-0.98432,-3.5371,0.21773,-0.76514,-3.0943,0.054785,0.69569,-0.038379
-0.73344,-2.6645,-0.41468,-0.46756,3.7956,0.047521,0.25619,0.066493
-0.64542,0.78561,-0.96889,0.14683,2.0554,-0.053202,0.79861,0.087886
-0.64457,-1.2778,0.049063,-0.0030552,-3.3624,0.033107,0.31057,0.012414
-0.5541,0.65191,0.63017,0.35029,-2.1832,0.021241,0.1624,0.18429
-0.52892,0.75886,0.91383,-0.19393,-4.125,-0.017091,1.0114,0.17246
-0.63703,-4.9006,3.7817,0.31638,3.7133,-0.015878,-2.4117,0.13569
-0.637,1.7746,1.0735,-0.082474,4.2223,-0.15365,0.40882,0.00058569
-0.66643,0.39552,2.3564,0.24616,-2.8065,-0.0099545,-1.2226,-0.029569
-0.69349,4.8922,-1.2381,0.34473,-0.2997,0.084421,3.3098,-0.12106
-0.62189,-1.5,1.8243,0.10222,-7.0007,0.061883,1.2294,-0.13863
-0.60798,-1.1457,-0.0045458,1.5909,4.4475,-0.0098133,-3.1749,-0.089659
-0.60585,2.2807,2.006,-0.1575,6.5552,-0.24782,-1.2384,-0.046898
-0.51022,-4.3563,0.75957,-0.61039,-6.8253,-0.00082244,-1.2212,-0.034631
-0.55292,-0.45986,-0.28463,-1.0668,-4.2303,0.089529,1.9095,0.049675
-0.60342,-3.1236,-1.02,0.46569,-5.1795,0.024931,-0.45081,0.12254
-0.59251,0.74266,-1.0191,-0.04422,5.493,0.14822,-1.5533,0.054908
-0.79973,3.1458,-0.64376,-0.45988,6.1986,-0.095224,-0.63114,0.050965
-0.61989,-2.1021,1.2846,-0.94174,-7.9249,0.015696,-1.0693,0.10356
-0.57253,-1.5006,-1.5925,-2.0479,-0.94177,-0.025485,0.59894,0.080876
-0.57884,0.68287,0.35591,-0.4115,-3.6785,-0.0010791,-0.55224,0.007595
-0.15908,0.48138,-1.3937,-0.90358,3.8358,0.013495,-0.32712,-0.0183
4.4785,4.7129,0.75436,0.060724,2.4308,0.0025532,0.074,-0.093212
4.4463,-0.74501,0.63448,-0.63473,-2.0845,-0.0092614,0.067231,-0.18326
4.4283,0.32636,0.18289,-0.82633,-0.88744,0.019322,0.27788,-0.11095
-0.8853,-2.998,-0.02516,-0.72793,-2.0686,0.0045298,0.53901,-0.11646
-0.76245,-2.0632,-0.57905,-0.43345,2.0553,-0.001477,-0.20508,-0.0058638
-0.63022,1.0626,0.17732,0.096692,2.8064,-0.028674,1.3016,-0.0033084
-0.64403,-3.9576,-0.6865,-0.086983,-2.9208,0.032504,-0.32629,0.078418
-0.42929,1.1733,0.99841,0.41182,-2.2251,0.071477,1.259,0.32004
-0.55771,0.18446,1.1642,-0.064278,-3.6696,0.015715,1.0132,0.22676
-0.62346,-6.6361,1.2941,-0.33903,0.21107,0.0055437,-2.404,0.18959
-0.63143,0.38705,0.95884,0.35027,2.7592,-0.14687,1.2739,0.16684
-0.79844,1.0539,1.435,0.29239,0.079398,0.045839,-0.83942,0.028307
-0.77385,5.8625,-0.15399,-0.22304,1.9018,0.067691,4.3295,-0.041568
-0.64537,-1.4295,1.4495,-0.010178,-7.6306,-0.0081191,1.0685,-0.076955
-0.60916,-1.0722,-0.80168,0.97858,4.0709,-0.08606,-4.0192,-0.11913
-0.59583,1.9196,1.0749,0.048424,5.6611,-0.42956,-0.45378,-0.058774
-0.46904,-3.0832,1.9359,-0.95979,-4.7917,-0.0043777,-1.7377,-0.07788
-0.63113,0.86517,-0.61487,-1.3471,-1.5057,0.010761,2.1561,-0.033317
-0.60102,-3.9594,-0.3004,0.36421,-6.3697,0.032812,-0.66028,0.021589
-0.59504,2.0703,-2.2264,0.25715,5.5577,0.134,-1.838,-0.04624
-0.74976,1.8954,0.4871,0.64865,5.722,-0.10891,0.22904,0.10161
-0.62553,-1.3237,0.0015378,-1.2312,-5.3621,0.027966,-1.4956,0.049067
-0.56858,1.584,-0.40347,-0.85623,1.7531,0.0031821,0.77745,0.13184
-0.57122,-0.97934,-0.16633,0.3766,-4.2049,0.0076743,-0.61757,0.055468
4.5135,-1.0807,-1.7969,-0.28051,5.8729,0.27938,-0.63458,0.012024
4.4696,3.215,0.076301,0.70487,2.126,-0.056892,-0.53646,-0.033244
4.4335,1.2725,0.51309,-0.036975,0.11632,0.065092,0.36774,-0.085497
-0.6639,3.3448,0.6806,0.40793,2.145,0.038241,0.91566,-0.12025
-0.85327,-1.4863,1.1495,0.011705,-4.2511,0.026478,-0.68619,-0.10903
-0.76899,-2.3236,1.4425,0.82544,2.7887,0.06488,-0.62471,-0.090097
-0.62835,0.025082,-0.5189,0.40622,2.6022,0.0019307,1.3129,-0.079024
-0.63651,-5.2472,-0.10687,0.59528,-0.83418,0.050062,-1.4317,0.12276
-0.47037,1.3334,-0.61647,0.50484,3.6984,0.0054988,2.3082,0.1462
-0.3677,-2.148,0.83772,0.86455,-5.4078,0.027556,-0.5952,0.21843
-0.66659,-3.3458,-1.1644,-0.69457,-0.80534,0.065926,-1.2322,0.30724
-0.63216,0.091768,1.0196,0.24488,-0.22882,-0.031126,1.4508,0.149
-0.65738,0.18554,1.6555,1.0335,4.2234,0.037554,-2.5253,0.031641
-0.69153,6.9175,1.2529,-0.1564,6.1925,0.27784,1.9148,0.030327
-0.68753,-0.99381,0.092586,-0.38723,-6.378,0.066869,0.34289,-0.037795
-0.60383,0.53131,-0.99419,0.35471,-0.61624,0.02074,0.249,-0.12132
-0.59215,0.47846,0.81637,0.97286,2.2317,-0.20468,-0.31008,-0.084816
-0.37127,-2.0751,2.0874,0.80065,0.26349,0.013335,-2.5284,-0.11998
-0.52085,0.5914,0.98527,-0.69339,5.216,0.14593,2.1608,-0.092093
-0.59662,-3.8705,-0.0077835,0.72362,-6.1611,0.028878,-1.4393,-0.043466
-0.59648,1.6962,-3.0259,0.53656,2.8707,0.012391,-1.61,-0.055099
-0.69819,1.8603,-1.2806,0.32227,0.6746,-0.14705,-0.46103,0.013193
-0.63559,-1.9353,-2.5409,-0.88945,2.0267,0.0081364,0.055935,0.14089
-0.56128,5.8861,-2.6792,0.74268,4.4318,0.034929,1.0302,0.20084
-0.54479,-0.84163,-0.85894,-0.44866,-5.6496,0.030142,-0.79458,0.067904
4.509,-4.0497,-3.7152,-1.0417,3.032,0.04917,-0.87569,0.09543
4.467,-1.1927,-0.0047899,-0.3974,1.0393,-0.0043906,0.30797,0.035876
-0.53341,1.4993,-1.7049,-0.69456,3.4892,0.016806,0.39818,-0.036432
-0.65921,4.3207,-0.33001,0.6794,4.406,0.026324,1.2955,-0.079729
-0.54107,-0.97159,-1.1322,-0.41627,-3.05,-0.023258,-0.33609,-0.11317
-0.73759,-0.84736,0.65053,0.40542,0.60397,0.030367,-1.1649,-0.10475
-0.62457,-0.18332,-0.42387,-1.0093,0.87073,-0.0045703,2.0271,-0.080143
-0.62762,-5.9645,-0.05606,-0.48356,4.2899,0.090088,-0.60886,-0.033925
-0.62987,1.1162,-0.36516,-0.57835,5.3098,0.023429,1.0922,0.046487
-0.45004,-2.3387,0.28164,0.62219,-3.6254,0.009099,-0.34984,0.13763
-0.57481,1.6205,-0.92109,0.24622,-1.3734,0.060869,1.2104,0.16418
-0.62586,-2.1519,1.5362,-0.021097,-4.12,-0.033539,1.342,0.17375
-0.61075,-0.65887,3.3027,0.87116,5.6872,0.18082,-5.4525,0.029353
-0.75447,4.38,2.3687,-0.22047,7.8539,0.32273,-0.021802,0.05077
-0.65329,-1.5137,0.73885,0.2335,-5.5318,0.027209,-0.65563,0.019545
-0.59739,2.3135,0.17274,-0.55215,-4.1205,0.056152,0.83394,-0.05673
-0.59345,0.75932,-1.6575,0.83871,-2.3108,-0.019215,0.43806,-0.089951
-0.37804,0.65672,-0.99699,-0.14218,5.5619,0.14708,-2.6463,-0.13751
-0.51789,0.64399,-0.52833,-1.4355,6.588,0.14866,-0.030465,-0.11259
-0.58026,-2.3936,0.71966,-0.50983,-6.5001,0.07595,-0.23386,-0.11465
-0.57977,-3.8506,-1.2877,-0.51087,2.6286,0.017236,-0.80454,-0.029715
-0.65435,0.58992,-0.72278,-0.31348,-0.50506,-0.0066944,0.63035,-0.03081
-0.61498,-2.1006,-1.5091,-0.68949,3.7433,-0.0099866,-1.6447,0.08477
-0.55752,3.6593,-1.1808,-0.18694,4.1298,0.01827,0.32816,0.159
4.5331,-0.21954,-0.48955,-0.13316,-3.8431,-0.0045061,-1.1151,0.014483
4.5074,-0.26266,-1.571,-1.4093,0.45012,-0.004044,0.156,0.23326
4.4577,-1.8186,0.63013,-0.86247,-1.2787,-0.020171,1.521,0.097864
-0.62621,0.50192,-1.7052,-0.8607,4.0879,0.028396,-0.29835,0.033198
-0.64552,3.6726,0.15416,0.0047036,4.2368,0.003811,0.85361,-0.067293
-0.94709,-1.1655,0.026759,-0.69653,-2.4063,0.052045,1.1208,-0.090195
-0.65723,1.003,1.6715,-0.026113,-0.50057,0.030944,0.66098,-0.11018
-0.58052,-0.086956,1.1961,-0.44541,-1.8763,0.034416,1.9468,-0.10061
-0.62244,-7.1365,2.4225,-0.36556,3.3785,-0.043653,-1.8609,0.006013
-0.62598,1.3961,0.89735,-0.17618,4.6909,-0.048562,1.3318,-0.011462
-0.46446,-2.5561,0.082262,-0.048382,-1.7523,0.063474,0.70989,0.24832
-0.61562,3.7952,-0.99516,0.84392,-0.95234,0.077798,1.7663,0.059775
-0.61525,-3.0622,0.27392,0.033382,-5.1422,0.036341,1.0257,0.14304
-0.60906,-0.56581,1.2927,0.62614,3.6748,-0.1049,-4.9156,0.079002
-0.68537,3.07,2.5747,-0.41431,7.0554,-0.12605,-0.79193,0.094457
-0.65652,-2.3268,2.0431,0.19876,-4.5978,0.056909,-0.78674,0.15355
-0.59189,4.1577,0.088468,-0.18714,-3.8568,0.093733,1.0425,-0.0042089
-0.59206,0.068302,-0.62249,1.5223,-3.8715,0.026304,0.98956,-0.054053
-0.27078,2.3938,-0.090274,0.15804,4.6905,0.081803,-2.1054,-0.09881
-0.56747,1.5582,0.63052,-0.71876,6.7923,0.10892,-0.5615,-0.11346
-0.57997,-1.2619,0.77247,-0.37754,-8.1369,0.019739,-1.3712,-0.10433
-0.58106,-4.5917,-0.7214,-1.548,0.86387,-0.011187,-0.071629,-0.098956
-0.81115,-1.234,-0.40244,0.66319,-2.2312,0.0042666,0.74164,-0.0018724
-0.63949,-3.2828,-0.49395,-1.1584,2.9182,-0.066846,-1.7056,0.12736
4.5415,3.2773,-1.1626,-0.37266,3.7186,-0.089685,0.82705,-0.01757
4.5155,-1.5728,-0.32415,-0.28231,-2.3719,0.0052742,-1.3621,0.14471
4.4804,1.0952,-2.0318,-0.88535,-0.73249,0.0012312,0.10282,0.1463
-0.45048,-1.3487,1.6814,-0.89146,-2.8759,-0.00801,1.1154,0.11824
-0.71619,-0.61247,-1.8149,-0.52359,3.2494,0.0054154,-0.046475,0.09251
-0.66605,1.267,0.089444,-0.46603,1.8227,-0.042665,0.52738,0.010345
-0.88172,0.17504,0.61193,0.080083,-2.906,0.035353,0.57177,-0.027379
-0.75796,3.6456,1.9485,0.94904,-1.6326,0.026895,0.94478,-0.10577
-0.60368,0.85723,1.6769,0.21818,-3.9876,-0.057919,1.0009,-0.12381
-0.6332,-7.1662,3.2836,0.67707,0.56803,-0.042857,-2.5613,-0.08742
-0.63299,1.3438,0.4385,0.46474,3.0689,-0.093177,1.7919,-0.033074
-0.49802,-1.6685,1.1678,0.35234,-2.1434,-0.0059179,-0.4754,-0.030007
-0.57535,4.0676,-0.28006,0.90953,-3.2483,0.0041254,0.85631,-0.012386
-0.63261,-5.1235,0.32917,-0.30527,-5.9559,0.012231,1.7699,0.098667
-0.63049,0.79452,-0.22346,0.82746,4.071,-0.043929,-4.0179,0.027674
-0.76189,2.3412,0.52059,-0.61591,7.0877,-0.20039,-1.2628,0.19648
-0.67334,-2.5207,0.83336,-0.84769,-4.8838,-0.0062131,-1.3372,0.1343
-0.59816,4.8309,-1.3306,-1.0081,-3.6282,0.058713,1.4704,0.09801
-0.60279,-0.4224,-0.27058,0.58414,-3.5923,0.051544,1.0573,-0.013165
-0.29091,3.0996,-0.70032,-0.17815,4.9604,0.080275,-2.1315,-0.050767
-0.5154,3.7952,0.57648,-0.20753,6.4677,0.018154,-0.04327,-0.059066
-0.60572,-1.8275,1.8665,-1.3191,-6.6641,0.026028,-0.97546,-0.13335
-0.59422,-2.3788,-0.48395,-1.7015,0.7415,-0.020229,0.94016,-0.12132
-0.72484,-1.5459,0.28199,0.03791,-2.6941,-0.0034023,0.74906,-0.086544
-0.73128,-1.6333,-0.50112,-1.2333,3.9985,-0.073571,-0.3853,-0.018325
4.5205,2.673,-0.69483,0.08991,3.7806,-0.13532,-0.033541,-0.054686
4.5127,-2.9093,-0.44742,-0.74184,-1.8415,0.019258,0.13087,0.24854
4.4685,1.7519,-1.2116,-0.32023,-1.2493,0.064867,0.78748,0.097402
-0.39977,-1.75,0.65709,-0.6453,-3.4503,-0.051007,-0.18285,0.16535
-0.6237,-0.59095,-0.74283,-0.10334,2.6785,-0.014241,0.0017537,0.13179
-0.6621,1.7979,0.30099,0.37622,2.5662,-0.13812,1.262,0.09453
-0.64838,0.090657,0.81081,0.45364,-2.5528,-0.017919,-0.37818,-0.028303
-0.67252,4.6444,0.83296,0.80832,0.33783,0.019547,1.4501,-0.095573
-0.65982,0.83112,2.0335,0.79577,-5.3944,-0.055827,0.50084,-0.12841
-0.63172,-4.9959,3.2242,0.64121,-0.44581,-0.044487,-3.2552,-0.12675
-0.62261,1.2996,1.2294,0.22168,2.596,-0.091938,1.713,-0.10648
-0.44733,-1.073,1.3022,-0.0087716,1.0732,0.032626,-0.5153,-0.12225
-0.50386,5.9276,-0.72393,0.49755,-1.581,0.040801,3.3654,-0.03726
-0.62351,-5.4913,0.30922,0.43387,-6.2764,-0.013908,1.2772,0.031543
-0.61836,0.68372,-0.0047256,1.169,-1.3319,0.02436,-2.2261,0.035462
-0.91971,0.31569,0.9111,-0.08611,5.1252,-0.45532,0.03482,0.16443
-0.70111,-2.5575,1.0423,-0.82556,-2.7428,-0.0025231,-1.9088,0.18495
-0.58964,4.0524,0.16559,-0.16058,-0.56062,-0.0055329,1.9313,0.12274
-0.59353,-0.91359,-0.49761,0.29122,-7.0702,-0.013484,-0.47244,0.045854
-0.27975,3.1113,-0.021364,0.42786,2.8508,-0.01985,-2.5936,-0.0010449
-0.5319,3.9793,0.23598,0.55203,3.404,-0.51628,-0.42301,-0.029958
-0.58151,-0.61753,1.1074,-0.72056,-6.1642,0.026375,-1.5994,-0.054102
-0.58135,3.6054,-0.75167,-0.05905,0.42913,0.033665,0.65248,-0.125
-0.77692,-3.0829,0.61367,0.19735,-7.2221,-0.029971,-0.93492,-0.12422
4.5001,-2.8039,-1.0477,-1.4024,4.6078,0.033986,-3.0091,-0.10653
4.4975,0.15776,0.52337,0.068997,-0.25606,-0.088428,0.14451,-0.012532
4.4762,-1.233,-0.79022,-0.23055,0.53334,0.077124,0.55533,0.065519
-0.65309,4.244,-0.068728,0.82531,0.96343,-0.029708,0.26503,0.094579
-0.44018,-1.7626,-0.86155,0.46051,-4.6161,-0.037935,-1.3008,0.15883
-0.65198,-1.2922,-0.1882,0.27429,-1.5869,-0.00066842,-1.9796,0.13082
-0.65212,0.67027,0.1341,0.23033,-0.50823,-0.017842,0.34498,0.054202
-0.64224,-2.2118,-0.12344,0.80872,0.93443,0.035982,-1.3214,0.025678
-0.79374,4.6898,-0.69691,0.4254,4.1778,-0.088627,0.80315,0.017598
-0.65938,-0.15125,-0.29721,0.92428,-5.9271,0.041199,-0.93432,-0.096425
-0.63,0.48148,0.73532,-0.11883,-2.8949,0.060843,-1.0352,-0.14001
-0.61144,-0.66072,1.9311,0.007382,-2.0329,0.0098948,1.6785,-0.10132
-0.4012,-0.049901,2.3739,1.2174,3.8852,-0.041772,-2.8573,-0.10947
-0.58502,4.3652,1.8475,0.50824,6.423,0.28266,1.5232,-0.09662
-0.61565,-3.9368,-0.10318,-0.010339,-7.7205,0.020362,-0.85847,-0.091046
-0.61481,1.6993,-0.92364,-0.25889,-7.2925,0.058116,-0.84233,0.056611
-0.96761,-0.2359,-0.82172,0.76941,-1.0594,-0.11609,1.1063,0.11402
-0.63484,-1.7351,-2.312,-0.10492,2.9739,-0.028585,-2.2176,0.1334
-0.58469,1.3015,-0.35636,-1.1803,5.5158,-0.017059,0.27696,0.21464
-0.58643,-2.218,-0.34569,-1.1031,-9.0573,0.023493,-1.4271,0.079294
-0.43885,-0.42974,-0.55144,-0.42171,-0.5305,0.067492,-0.22884,0.007668
-0.45225,1.9456,0.075138,-0.14737,-0.83378,-0.058984,0.83186,0.012901
-0.64262,0.11095,-0.67746,-0.60468,3.2165,-0.0084079,-0.31602,-0.031954
-0.57982,5.4897,-1.3927,0.051867,4.1802,0.02153,0.92773,-0.1057
-0.86153,-1.5087,-0.17715,-0.74955,-6.1718,-0.016141,-1.5443,-0.11818
4.4848,-1.6142,-2.4233,-0.2786,0.93349,-7.1593e-05,0.025264,-0.11093
4.4649,-3.9538,0.60765,-0.29279,-2.7318,0.034339,0.64869,-0.14807
4.4393,-1.8624,-2.7578,-0.77365,3.0069,-0.0080036,-0.52018,0.017208
-0.66177,4.6921,0.61898,0.24417,3.512,-0.050167,-0.10392,0.0032142
-0.45891,-1.5735,-0.31378,-0.44878,-2.0077,0.083016,0.70692,0.16421
-0.63755,0.54959,1.1032,-0.21241,-0.73833,0.030046,1.4246,0.090027
-0.65524,0.74782,0.73174,-0.31643,-3.2026,0.0073149,1.0667,0.13391
-0.6518,-3.3577,2.2552,0.07032,3.2918,-0.041022,-1.8816,0.14238
-0.87643,3.3675,0.075221,0.12831,4.0323,-0.16804,1.8871,0.097499
-0.66348,0.38064,2.1312,0.31894,-2.6166,0.0034131,0.085399,0.0046258
-0.62812,6.052,0.15217,0.98996,-1.5499,0.04677,1.2177,-0.10212
-0.61501,-1.2075,1.253,0.0017298,-6.0829,-0.012111,0.59899,-0.096498
-0.47186,-1.2802,1.4913,0.7825,4.6085,-0.01299,-3.0914,-0.14128
-0.55683,1.9616,1.9235,0.34505,6.3347,-0.29232,-1.5183,-0.10003
-0.6205,-3.6175,0.84973,-0.37807,-4.2118,0.046981,-1.1021,-0.097058
-0.61716,0.22209,-1.9892,-0.4823,-3.9508,0.1063,1.6392,0.045246
-0.69751,-1.049,-1.049,0.65494,-7.044,-0.0057062,0.37305,0.070289
-0.65111,-1.2555,-2.6943,-0.088069,5.2289,0.0018216,-3.3374,0.1242
-0.56416,1.0696,-0.29589,-0.7044,5.9689,-0.29834,-1.7066,0.16913
-0.58273,-1.8118,-0.19225,-0.52518,-8.2213,-0.0057382,-1.2662,0.016551
-0.49814,-1.6404,-1.6512,-1.9397,-3.0464,0.060875,-0.20831,0.082361
-0.41468,1.1407,0.17573,-0.61388,-3.3652,-0.035496,-0.90909,0.031738
-0.56851,1.3751,-1.7179,-0.68524,5.6746,0.20013,-0.93795,0.021492
-0.5786,5.0112,0.12896,0.28727,4.7574,0.02916,0.29789,-0.055513
4.494,-0.35227,-1.1305,-0.7717,-3.3076,0.071618,-0.47088,-0.05342
4.4607,1.2277,-1.2646,-0.71347,-0.73646,0.066048,0.51809,-0.13154
4.4386,-3.336,-0.1384,-0.059525,-1.8909,0.056223,0.44812,-0.11551
-0.65912,-2.4734,-2.9937,-0.72117,3.7443,-0.0094026,-0.042005,-0.06318
-0.6633,2.2387,-0.13141,-0.1225,3.626,-0.044314,0.75083,-0.012362
-0.36363,-1.9243,-0.70828,-0.46261,-1.3816,0.0022836,0.56666,0.044637
-0.57414,0.98661,0.94869,-0.16954,0.35342,0.028146,1.7513,0.037141
-0.65554,-0.68032,1.3763,-0.08383,-2.852,-0.0048783,1.0555,0.26679
-0.64883,-3.5784,0.53417,0.049638,4.5345,0.061658,-1.3993,0.1361
-0.72921,2.4441,0.070949,0.13508,4.5775,-0.069541,0.54425,0.21875
-0.68518,-0.06245,1.5409,0.48707,-1.8506,0.063173,-0.065901,0.069584
-0.62867,7.6154,0.81542,1.2509,-0.55515,0.03894,1.8144,-0.008614
-0.61937,-1.6941,1.584,0.039599,-4.6512,0.064957,1.4659,-0.097618
-0.5279,0.93272,0.69583,0.79326,2.7821,0.031836,-2.9987,-0.11799
-0.57906,2.5657,1.633,0.23678,7.0505,-0.34586,-1.1745,-0.10458
-0.60482,-2.3933,0.14186,-0.12339,-4.0739,0.01327,-0.55233,-0.09937
-0.60844,0.049768,-0.97569,-0.9219,-3.3974,0.049895,1.4479,-0.044683
-0.69522,-2.0663,-1.7311,0.65931,-5.8815,-0.020518,0.28984,0.00073172
-0.6508,-1.0471,-2.1413,-0.11108,5.4988,0.055549,-3.6139,0.13629
-0.57928,1.4017,-1.4213,-0.81282,6.9105,0.069738,-0.9438,0.13067
-0.58458,-2.2755,-0.26489,-0.71058,-6.9546,0.022101,-1.0599,0.022587
-0.57851,-1.2417,-1.2742,-1.4509,-1.734,0.0060571,0.18997,0.072504
-0.47061,-0.15236,-0.073077,-0.26646,-3.5721,-0.043204,-0.62227,0.10142
-0.57436,1.1984,-1.2015,-0.65118,4.7759,0.078953,-0.90125,0.073843
-0.57444,4.3741,0.74857,-0.11548,4.1497,-0.095763,-0.40711,0.0030682
4.4818,0.31753,-0.11596,-0.99664,-1.5643,0.04521,0.30532,-0.050013
4.4416,3.1046,-0.84499,-0.54969,-0.25938,0.082303,0.19087,-0.1275
4.4143,-2.1923,0.26813,0.11152,-2.2636,0.057615,0.1412,-0.12894
-0.65872,-3.3124,-0.14918,-0.43706,3.8189,0.055626,-1.0045,-0.11156
-0.66351,1.3268,-0.19807,-0.11118,2.7849,-0.042896,-0.39135,-0.039718
-0.31655,-1.5205,0.40527,-0.21253,-2.1224,0.062698,0.78843,-0.012167
-0.61752,1.1283,0.85265,0.96169,0.77578,0.050421,1.3238,0.053058
-0.65448,-2.0121,1.6255,0.099075,-4.9242,-0.00030262,-0.11159,0.26679
-0.64381,-3.9603,1.5516,0.95431,4.1518,-0.015538,-1.9189,0.20257
-0.95203,0.88009,-0.22403,0.70274,4.0712,-0.18341,0.81284,0.20016
-0.73115,-0.035523,1.2772,0.90962,-1.5275,0.054862,-1.5208,0.15051
-0.62349,8.2769,-0.15947,0.86235,3.1481,0.048656,3.3624,0.076228
-0.62462,-1.5066,1.5344,0.19938,-5.387,0.04118,1.421,-0.02161
-0.4076,0.92454,0.53782,1.1059,1.1192,-0.015191,-2.4197,-0.05286
-0.56019,2.7922,1.4966,-0.036095,6.6834,-0.20956,0.66317,-0.11239
-0.68539,-2.4893,1.001,-0.92769,-2.7539,0.061864,-0.88935,-0.12982
-0.6088,2.0787,-0.021826,-0.90533,-0.56008,0.059887,2.0807,-0.12035
-0.7867,-2.3163,-0.93082,0.12537,-5.9078,-0.010936,0.63046,-0.056681
-0.67092,-0.86898,-3.2655,0.35731,5.4669,0.11057,-3.2951,-0.0078109
-0.61108,2.1094,-0.9592,0.7899,5.871,-0.26306,0.2907,-0.053104
-0.58695,-2.9559,-0.0045008,-1.2624,-6.7278,-0.0041788,-0.45349,0.028988
-0.5747,-1.8659,-0.12492,-1.1596,-1.0318,0.030874,1.6107,-0.011851
-0.30417,-0.91045,0.76187,0.39606,-3.9053,0.0043436,0.65202,0.17173
-0.60302,-1.5551,-0.77083,-0.27139,5.2337,0.11716,-1.5084,0.1332
4.5078,2.8803,1.4231,0.55628,2.3091,0.027652,-0.36419,0.021078
4.4661,0.95201,0.40767,0.073127,0.24303,0.043773,0.51665,-0.015185
4.426,5.8477,-0.26077,0.61268,0.74756,0.043202,1.1283,-0.049964
-0.67799,-1.996,0.25445,-0.23321,-3.4084,-0.0057318,-0.2023,-0.1251
-0.65908,-2.3023,0.57073,-0.00030622,2.1535,0.0099204,-0.92556,-0.12573
-0.65789,0.6149,0.21155,0.4171,1.789,0.024264,1.0036,-0.085862
-0.5218,-1.6673,-0.29539,0.76945,-1.133,0.056313,-0.37491,-0.10326
-0.53689,1.102,0.28737,1.218,1.3747,0.042271,1.0236,0.045051
-0.65777,-2.3192,-0.59019,0.78056,-5.2089,0.015074,0.035899,0.13953
-0.65941,-4.1589,0.48173,0.32837,-0.28293,0.043221,-1.7532,0.12313
-0.90253,-0.84857,-0.12502,-0.071465,1.2668,-0.077434,2.3172,0.28334
-0.73467,-0.70602,0.35259,0.89234,4.5521,0.062935,-1.0041,0.16492
-0.61445,6.8632,-0.42881,0.78823,5.8805,0.30624,3.072,0.22199
-0.61995,-2.0661,0.98871,0.091882,-5.1081,0.040423,0.95716,0.055784
-0.26629,-0.37875,-0.14325,0.50554,-3.7468,0.034647,-1.7276,-0.011023
-0.43295,2.6131,1.1616,0.57221,4.1694,-0.15445,0.59232,-0.075275
-0.61419,-1.4835,1.6827,0.48359,2.6691,-0.027468,-1.3051,-0.11465
-0.61274,2.8834,0.63405,-1.1216,4.8978,0.11378,3.4744,-0.1012
-0.71834,-3.1,0.17451,0.062548,-6.4676,0.019765,-0.57983,-0.099784
-0.80816,0.26931,-1.5657,0.15302,2.5897,0.041411,-1.2024,-0.062522
-0.64364,0.43744,-1.3089,0.37243,2.3352,-0.1952,-0.16261,-0.081457
-0.5884,-1.6127,-0.64479,-0.8291,0.53362,-0.033885,-2.566,0.022465
-0.57505,2.1484,-2.4302,-1.491,3.6826,-0.038262,1.4745,0.0065728
-0.3918,-2.6961,-0.74371,-0.40545,-6.958,0.012494,-0.90078,0.19103
4.3102,-1.2039,-2.5496,-0.81488,5.0117,0.054772,-1.3776,0.073429
4.497,0.42798,-0.15377,-0.31162,-0.030887,-0.11239,0.033234,0.13364
4.4543,1.8363,-0.80898,0.14159,1.517,0.016588,-0.32906,0.049894
4.8386,6.1197,-0.039255,0.6403,2.7668,0.0010386,1.2473,0.002484
-0.65806,0.29739,-0.09851,0.35561,-4.9816,-0.070356,-1.3785,-0.044293
-0.65874,-1.3844,-0.046694,-0.24066,0.24904,-0.047497,-1.6989,-0.098177
-0.64855,0.12824,0.23299,-0.11933,-0.82143,0.0078091,1.3102,-0.090535
-0.59699,-2.9327,-1.1232,-0.33119,1.8083,-0.049223,-1.321,-0.11431
-0.55313,1.9596,-0.34023,-0.24551,3.9516,-0.072628,1.0322,-0.08798
-0.65357,-3.3118,-0.20922,0.25764,-5.31,0.0034003,-0.79059,0.060846
-0.64139,2.2301,0.59642,0.26085,-1.5815,0.029622,0.19711,0.063183
-0.74758,-1.5563,1.8463,-0.1597,-3.6717,-0.099998,0.12403,0.13483
-0.70018,-1.878,2.4564,1.6962,5.1702,0.065156,-2.3048,0.14569
-0.61796,4.0365,1.4076,0.33354,7.4886,0.19322,-0.50596,0.16409
-0.61736,-1.6697,1.3437,0.25452,-6.1953,0.045505,-0.14809,0.033904
-0.40826,-0.18842,-1.6039,-0.5879,-6.4244,0.084389,-0.46242,0.045173
-0.57081,1.3251,-0.62268,1.0113,-3.1955,-0.037614,0.31551,-0.0045253
-0.58935,0.10015,-0.51053,0.88193,4.2987,-0.12975,-3.3113,-0.079218
-0.6037,3.695,0.8023,-1.0277,6.2444,-0.066595,0.11452,-0.10769
-0.61777,-2.5051,-0.35741,-0.41891,-8.2668,0.030392,-0.70218,-0.095379
-0.80456,1.9286,-2.1274,-0.44895,-3.6897,-0.0036718,-0.088865,-0.11563
-0.6726,-1.3486,-0.56345,0.34033,-1.4862,-0.083287,-0.23307,-0.070116
-0.58776,0.27192,-2.2953,-0.84194,3.8995,0.028923,-0.33838,-0.059991
-0.58019,4.2947,-0.32471,-0.38118,4.9227,-0.0089213,0.34653,0.014969
-0.28051,-3.1387,-1.2414,-0.74761,-5.6311,-0.0030429,-1.26,0.12332
4.5205,-0.28935,-2.3576,-0.39524,0.99571,0.054836,-0.31101,0.0053316
4.4946,-1.5717,-0.38696,-0.2474,-1.7045,-0.014004,1.9151,0.27986
4.4477,-0.53075,-0.15351,-1.2145,3.8187,0.044812,0.064431,0.10745
-0.83098,4.2314,0.77563,-0.23346,3.7167,-0.088229,0.67229,0.061917
-0.66288,1.4547,0.99716,-0.57789,-2.6694,0.047912,0.87327,0.0049178
-0.65641,1.6251,1.3172,-0.23946,0.34284,0.024809,0.95696,-0.062449
-0.64421,0.82094,1.665,-0.16415,-3.3026,0.01945,1.3902,-0.074253
-0.51716,-2.0752,2.19,0.61575,3.1547,0.034384,-1.6772,-0.15201
-0.61523,0.40647,0.09432,0.56261,4.0501,-0.16791,0.63702,-0.083891
-0.65614,-2.1644,1.0995,0.10809,-2.7611,0.071381,-1.0701,-0.060381
-0.63912,5.6326,-0.72622,0.85679,2.3319,0.07801,2.7197,0.091244
-0.94928,-2.1036,1.3969,0.51279,-6.3551,-0.015717,0.23851,0.046876
-0.69127,-4.3382,1.1658,1.0262,1.7469,0.0084765,-3.0916,0.1387
-0.57865,1.5828,2.2228,0.70138,6.185,-0.43196,-0.28791,0.17669
-0.60973,-2.2345,2.023,0.61816,-4.923,-0.005642,-1.2936,0.09582
-0.61757,3.6541,-1.761,-0.032363,-4.2831,0.038228,-0.0029085,0.060627
-0.39331,-0.47515,-0.23756,0.29655,-7.0255,-0.021294,0.58182,0.059629
-0.66315,1.3543,-1.799,0.029233,4.4077,-0.10219,-3.1833,-0.015867
-0.60446,2.9125,0.81446,-0.28916,5.4578,-0.51454,-0.72558,-0.084061
-0.6032,-1.8805,1.0434,-1.3461,-8.3248,-0.042613,-1.1821,-0.071917
-0.69758,-1.4103,-0.29896,-1.0569,-4.7911,0.054509,0.50321,-0.099711
-0.63703,-0.31026,0.017714,-0.1319,-3.2047,-0.017431,0.065844,-0.10964
-0.58082,-0.59537,-1.8354,-0.16112,4.1144,0.018443,-0.18855,-0.063983
-0.58415,2.9835,0.35954,0.28905,4.0592,-0.17147,-1.7405,0.056417
4.5288,-1.9316,-0.62441,-0.31879,-4.1501,0.041982,-0.94287,0.010029
4.506,0.49779,-0.91846,-0.36459,-2.0138,0.026125,0.94036,0.16019
4.4698,-3.4817,-0.080671,-0.73403,-3.0506,-0.0014514,0.021867,0.17224
-0.69067,-0.89647,-0.93637,-0.44427,2.5478,-0.018676,-0.061983,0.078004
-0.89515,3.2491,-0.13167,0.23014,3.0028,-0.088171,0.12055,0.12897
-0.77252,1.1992,0.83876,-0.30885,-3.1953,0.065072,0.5386,0.056417
-0.66463,2.3587,2.0064,0.44348,-0.39103,0.040237,0.83369,-0.008614
-0.65209,1.4919,2.002,0.28072,-3.7555,0.014028,0.65223,-0.072769
-0.64178,-0.8445,2.7365,1.4569,1.8138,-0.025312,-2.3758,-0.11198
-0.53698,1.627,-0.28996,0.29234,3.2331,-0.12116,1.7405,-0.13386
-0.68094,-1.9108,1.2835,0.14329,-1.0695,0.033967,-0.73236,-0.047117
-0.64653,5.5816,-0.61,0.77821,1.1169,0.037792,2.645,-0.039961
-0.8687,-2.7913,1.0361,0.68799,-6.1218,-0.029246,0.56175,-0.040643
-0.73293,-3.9737,-2.617,1.1645,-0.30772,0.058539,-3.3965,0.082604
-0.56182,2.2367,0.078819,0.55398,5.3992,-0.58205,-1.1941,0.058169
-0.61348,-3.2327,0.17407,-0.26894,-1.9066,-0.0087288,-1.4005,0.1736
-0.61465,4.8091,-1.2087,-1.0402,-2.8438,0.096679,2.8127,0.0304
-0.45408,-1.4628,-0.11471,0.4286,-7.1612,-0.0072464,0.46884,0.17604
-0.54926,1.7776,-0.9619,0.81689,4.6196,0.0079759,-1.9846,0.058339
-0.61158,2.3938,0.88098,-0.07451,5.5414,-0.37808,-0.1541,-0.027281
-0.60775,-0.87499,1.2979,-0.41549,-6.3069,0.025444,-1.1147,-0.052568
-0.72264,-2.7443,0.024915,-1.4333,-1.8654,0.072485,1.6141,-0.10548
-0.63826,-0.34193,0.42996,0.13195,-4.1171,0.065746,0.30599,-0.085595
-0.58316,-1.7728,-1.1345,-0.71955,5.3581,0.087489,-1.6,-0.10618
-0.58852,1.4421,-0.84758,-0.19711,3.089,-0.10467,0.5628,-0.056681
4.5078,-0.40167,-0.57156,-0.41739,-1.1579,0.032003,0.98213,-0.068826
4.4968,0.92547,-1.262,-1.1123,-1.4601,0.015042,0.97961,0.22695
4.4555,-4.2452,1.075,0.019688,-3.3966,0.038902,0.22658,0.12838
-0.67914,-2.9673,-1.0326,-0.257,3.4157,-0.019209,-0.46761,0.11356
-0.73858,1.9356,-0.56639,0.26888,1.5963,-0.043467,1.6481,0.18115
-0.79576,0.44436,-0.23577,0.19291,-1.9076,0.076386,0.22522,0.11176
-0.65551,3.122,2.1655,1.119,-0.1423,0.011313,1.0256,0.045586
-0.65184,1.2235,1.6128,0.65776,-4.849,-0.025093,-0.12272,-0.049137
-0.40917,1.172,3.26,1.3961,0.77401,-0.03608,-2.5215,-0.092555
-0.60063,2.3164,1.1814,0.56374,3.1156,-0.074835,2.0655,-0.12767
-0.57538,-0.5416,2.4052,1.365,0.39297,0.082355,-1.0967,-0.16172
-0.63634,5.631,0.55904,1.0747,4.1836,0.040391,1.9833,-0.12237
-0.73077,-3.3183,1.2495,-0.12189,-5.6378,-0.029971,-0.07396,-0.066343
-0.76162,-3.3386,-0.98311,0.0089813,-2.1153,0.032632,-1.2752,-0.013871
-0.58505,0.70949,-0.71513,0.51111,4.5921,-0.36128,0.046675,0.015651
-0.61339,-3.2876,-0.23789,-0.074439,2.0297,0.080969,-1.0203,0.12033
-0.60638,4.6014,-0.2121,-0.29532,3.6125,0.070149,3.7842,0.045757
-0.36565,-3.1458,0.34734,0.065824,-7.3977,0.02658,-0.44261,0.14158
-0.52962,1.5847,-1.12,0.42109,2.2611,-0.030176,-1.718,0.10709
-0.6035,2.221,-0.095472,0.36497,4.075,-0.23309,0.80006,0.028526
-0.59537,0.41966,1.0173,-0.55806,-0.94261,0.043664,-0.79955,-0.023825
-0.67778,1.5583,-1.9691,-1.0171,0.062507,0.059162,1.2128,-0.045851
-0.60746,-0.7572,0.25925,0.14231,-5.8498,0.051576,-1.0307,-0.10582
-0.57997,-0.88796,-1.7034,0.24557,5.1534,0.13088,-0.45732,-0.1223
4.5035,0.25162,0.28589,0.1035,0.58397,-0.078217,-0.74257,-0.078366
4.4783,-1.3052,0.74786,-0.11704,0.95623,0.039614,-1.0699,-0.062352
4.4582,3.5687,-0.93529,0.44543,2.0233,0.064366,0.9021,0.0037496
-0.68333,-3.1624,-1.5803,0.25912,-3.287,-0.019895,-0.94696,0.16496
-0.66847,-3.9176,-0.84795,-0.19155,0.34432,0.044825,-1.2308,0.080901
-1.0063,-0.84658,-0.040418,-0.10671,0.90787,0.053713,1.1582,0.12164
-0.75098,-1.1834,-2.7884,-0.11574,1.7917,0.077715,-0.3105,0.080025
-0.67967,3.2249,-1.4059,0.18647,3.7308,0.0072957,1.2729,0.14206
-0.6458,-0.5897,-0.14261,-0.055794,-3.0941,0.08661,0.26896,0.064716
-0.62973,3.712,0.36826,0.56152,-1.5075,0.031073,0.090099,-0.012435
-0.48229,1.6998,2.0588,0.27837,-1.9699,-0.041477,0.78351,-0.10051
-0.69358,0.52993,0.55637,1.0053,4.8163,0.021748,-1.6087,-0.10908
-0.62935,5.7132,1.5296,-0.08049,6.7814,0.2588,0.68141,-0.12656
-0.63344,-2.2968,0.72562,-0.043108,-5.0631,0.060086,0.17487,-0.067195
-0.68331,-1.2691,0.89283,0.17998,-6.1158,0.071612,-0.90886,-0.090438
-0.65179,-0.21376,-0.70599,0.49171,-1.854,0.0098306,0.60627,0.0082035
-0.60652,-2.4101,-0.94803,1.0167,5.3517,0.068782,-2.4899,0.088226
-0.59763,3.7994,0.22482,-0.58769,7.2429,0.17335,0.74512,0.032079
-0.37997,-3.6592,-0.067386,-0.58063,-7.9164,0.066638,-0.90892,0.16443
-0.54728,1.2344,-1.54,0.037993,-2.139,-0.0015412,-0.31733,0.15082
-0.60638,1.1668,-1.7043,0.41617,0.28422,-0.080046,0.11794,0.032371
-0.60274,1.5511,-1.4966,-0.39151,3.4339,0.02529,-1.1144,0.015578
-0.81258,5.5516,-0.15155,-0.27253,5.8136,0.097737,0.70142,0.014458
-0.60619,-1.5595,-0.33726,-0.45001,-6.1458,-0.0099802,-0.88758,-0.069775
-0.57473,0.015789,-1.332,-1.1004,3.0039,0.087964,-0.34588,-0.095841
4.4747,-1.4969,-0.71592,-0.50123,-0.79303,0.032645,0.81058,-0.10774
4.4488,-1.6343,-1.7537,-0.74546,4.3086,0.045358,-0.16244,-0.096401
4.4225,3.091,0.42765,-0.13377,4.3618,-0.064304,-0.045081,-0.058458
-0.68533,-1.6392,-0.52885,-0.42272,-1.3369,0.050498,0.58392,-0.014017
-0.67121,-1.519,-0.24387,-0.32229,-0.015499,0.034076,0.60982,0.093362
-1.0168,-0.73366,-0.40223,-0.77698,-1.792,0.027536,1.2732,0.09543
-0.8127,-1.9906,1.1269,0.28722,3.6772,-0.029323,-1.3027,0.15708
-0.67491,2.4726,-1.0049,0.22665,4.7624,-0.064484,1.303,0.26645
-0.637,-1.6815,0.61815,-0.23258,-2.4229,0.086154,1.0348,0.13306
-0.632,7.3804,0.32803,0.86831,0.11364,0.088028,2.6671,0.0010968
-0.4613,1.0038,1.4629,0.67961,-4.8089,-0.021705,1.0175,0.023926
-0.6547,-3.2685,3.5979,0.72154,4.5275,0.0023863,-2.9529,-0.060089
-0.62782,3.3664,1.818,0.36014,6.5397,0.034474,0.66522,-0.12429
-0.62863,-2.0222,1.953,0.45677,-2.7633,0.031374,-0.82838,-0.061573
-0.76174,2.4892,-1.244,-0.26352,-2.7668,0.07183,2.1383,-0.1104
-0.67215,-2.2407,-0.7767,0.64579,-5.0664,0.077997,1.4074,-0.037357
-0.60299,-0.48412,-1.7325,0.85121,5.0334,0.072459,-2.5057,0.011343
-0.59489,1.9671,-0.67286,-0.40772,6.6353,-0.17851,0.4218,0.035267
-0.37232,-3.9543,0.49457,-0.651,-7.2388,0.026914,-0.90318,0.1176
-0.47094,-1.2259,-1.7962,-1.4052,-3.2588,0.10113,1.7321,0.016989
-0.60242,-0.56382,0.27942,0.014415,-3.3362,0.046641,0.83626,0.14824
-0.59469,1.2091,-2.5749,-0.54475,5.6115,0.18403,-0.4391,0.042228
-0.6871,5.0548,0.26911,0.45406,4.2544,-0.25116,0.48564,0.075692
-0.58604,-0.47011,0.58131,-0.65192,-3.2755,0.036572,0.037369,-0.00089892
4.4881,1.9704,-1.0807,-0.99099,-1.215,0.041572,1.4854,-0.040497
4.452,-2.4319,1.2809,-0.23001,-3.8172,-0.003537,0.073679,-0.11687
4.427,-2.0817,-1.4516,-0.96915,3.6712,-0.063303,-0.62889,-0.11426
-0.61336,1.7943,0.041193,0.43387,1.5695,-0.069618,0.072401,-0.12583
-0.6067,-0.86376,-0.62066,0.41596,-2.3252,-0.025703,0.29767,-0.037333
-0.66416,0.62486,0.88076,0.86882,0.26079,-0.031466,0.20683,-0.00014444
-0.72411,0.034105,1.1792,0.8659,-5.892,-0.074091,-0.59964,-0.040959
-0.81782,-2.7585,1.7857,0.97453,1.1683,-0.069079,-2.1436,0.19015
-0.61055,0.68726,-0.73284,0.58677,1.5022,-0.10366,0.95456,0.27434
-0.63362,-2.1065,1.1205,1.4996,-2.0693,-0.0028311,-1.2943,0.25044
-0.63756,7.1651,0.43274,1.584,0.97785,-0.0059885,0.92837,0.034537
-0.45525,-0.47403,2.5587,0.50451,-6.2047,-0.051983,0.39221,0.060554
-0.55136,-3.0544,0.15133,0.60992,0.68545,0.0064037,-2.3014,-0.026527
-0.62225,3.4575,1.1577,0.38376,5.0306,-0.43715,0.64329,-0.091923
-0.61624,-1.5963,2.0408,-0.32984,0.17535,0.03758,-0.80666,-0.06924
-0.75101,4.3581,0.53851,-0.81857,1.8563,0.05852,3.8863,-0.14337
-0.69557,-2.9767,1.0236,-0.05659,-7.6621,-0.0037488,0.68802,-0.1149
-0.60481,-0.67965,-0.74307,0.26748,3.6255,-0.13114,-3.1739,-0.028498
-0.59514,0.50749,-0.50567,0.55271,5.4725,-0.46405,0.63699,0.00017195
-0.31864,-3.117,1.0393,-1.1691,-6.1298,-0.023284,-1.2314,0.087983
-0.5447,-2.5757,-2.0865,-1.088,-2.8532,0.023108,1.1433,0.0027031
-0.59717,-1.7066,0.27229,0.50911,-5.2279,0.062262,-0.82599,0.11551
-0.58607,-0.75405,-2.127,-0.58224,5.4831,0.22736,-0.79157,0.13851
-0.76605,2.7802,0.31223,0.18483,2.6448,-0.094518,0.043053,0.12123
-0.61129,0.60232,0.77958,-0.49177,-0.83958,0.073383,0.41946,0.04011
4.483,5.4043,-0.43556,-0.23424,0.20786,0.09236,1.1186,0.002046
4.4434,-2.0273,1.171,-0.41581,-3.0263,0.036097,-0.27841,-0.063155
4.4562,-1.7409,-0.2326,-0.59473,3.5067,0.03894,-0.065631,-0.086836
-0.6305,1.0949,-0.34372,0.52622,2.6138,-0.04475,0.45266,-0.13439
-0.67606,-0.99998,-1.24,0.37552,-1.1044,-0.012329,-0.41572,-0.11327
-0.65111,0.15653,-0.15821,0.90461,2.6326,-0.002645,0.64244,-0.024336
-0.94151,-0.64004,1.1025,0.49559,-3.79,0.035841,0.31946,-0.032392
-0.80066,-3.3674,0.1557,0.81947,0.48736,0.012013,-1.7898,0.058607
-0.59219,-1.0897,-0.063326,0.83132,0.86701,-0.093966,2.4476,0.22279
-0.6255,-1.8068,1.0545,1.5131,1.3881,0.054349,-1.9342,0.25691
-0.62889,5.9959,0.12965,1.2787,3.4728,-0.0026065,1.5406,0.12186
-0.44199,-1.249,1.7036,0.19955,-5.6565,-0.017187,0.19537,0.11047
-0.59998,-1.7497,-0.33559,0.6791,-4.2778,0.0038046,-2.1647,0.072796
-0.61778,2.2363,0.94748,0.15661,3.827,-0.4495,0.38834,-0.0058152
-0.61866,-1.1331,3.0463,0.16907,2.8465,0.0062176,-1.5479,-0.068291
-0.91837,4.1538,1.8908,-0.7672,5.353,0.20119,3.3978,-0.12385
-0.67749,-2.6631,1.8034,-0.066802,-7.836,-0.016436,-0.10105,-0.14332
-0.59362,0.64828,-2.0346,0.15819,1.823,-0.044493,-1.7106,-0.094794
-0.59712,0.29086,-0.67046,0.47401,3.9795,-0.4183,-0.034851,-0.071333
-0.19541,-1.3427,-0.64116,-0.98858,-2.7129,0.025919,-1.5126,-0.078829
-0.46429,-0.38038,-1.8127,-1.6049,1.1275,-0.00552,1.7828,0.087691
-0.59824,-1.3443,-1.2197,0.56003,-7.1279,-0.015968,-0.78365,-0.010391
-0.59068,-1.9298,-1.519,-0.37337,4.4482,-0.00039889,-1.8022,0.101
-0.72052,0.76773,-0.9584,-0.22953,0.74661,-0.10658,-0.50463,0.15133
4.5162,1.5756,-0.0053488,-0.34718,0.99074,0.068974,0.32266,0.049407
4.4772,7.1508,0.18092,0.49658,1.359,0.059188,0.95998,0.096599
4.4346,-1.0144,-0.21264,-0.027225,-3.2731,0.032093,-0.49062,-0.011948
-0.66765,-1.2729,1.4545,-0.26319,0.33974,0.0061277,-0.63469,-0.041519
-0.38741,0.57601,0.64807,0.11793,1.5763,-0.029342,0.52245,-0.095452
-0.71113,-1.3401,-1.0624,0.34346,0.21857,-0.0085876,-0.44001,-0.11969
-0.65656,1.4562,0.44293,0.30592,3.9949,-0.075413,1.4459,-0.11242
-0.6525,-1.2068,-0.44739,0.27305,-4.6026,0.061074,-0.14061,-0.028766
-0.79076,0.57054,-0.74314,0.84507,0.054852,-0.016513,-0.56326,0.088616
-0.61257,-2.1443,0.3603,0.12545,0.15868,-0.046643,1.8563,0.068659
-0.6227,-3.0194,-0.7756,0.83558,4.6273,0.075507,-0.94459,0.34923
-0.62539,6.1918,0.32108,0.15036,6.0486,0.071041,0.86598,0.08533
-0.46063,-2.2047,-0.26915,0.71489,-5.4526,0.01748,-0.62927,0.14138
-0.54307,0.53118,-1.8026,-0.031785,-7.1975,0.064598,0.2473,0.15503
-0.6264,1.2933,1.2972,0.71391,-2.7074,-0.044185,1.1631,0.05447
-0.62392,-0.1234,-0.69131,1.0775,5.0877,0.077317,-3.2299,0.0033846
-0.67447,4.7079,0.5463,-0.7192,7.0069,0.072626,0.59424,-0.074302
-0.65331,-2.2734,0.38782,-0.94471,-7.8033,-0.0091909,-0.74905,-0.10443
-0.59536,1.4937,-0.78322,-0.32702,-2.3452,0.077978,0.12132,-0.1221
-0.59442,0.072945,-1.6546,0.13502,0.76513,-0.11008,1.0283,-0.082601
-0.2224,-0.29611,-2.2409,-0.22471,4.0597,-0.022173,-0.98277,-0.076225
-0.45007,3.3808,-0.9731,-0.24467,6.0003,0.14941,1.0174,-0.10309
-0.55142,-3.7912,0.54975,-1.0918,-6.0953,0.03654,-0.62037,0.043907
-0.59025,-3.5342,-2.531,-1.8268,3.6305,-0.013503,-0.31479,0.1923
4.5683,-1.1897,-0.29766,-0.4685,-1.408,-0.03076,1.1598,0.002338
4.5082,-0.98629,-2.5047,-0.84497,4.5037,0.050582,-0.54582,0.17117
4.4682,5.5585,0.13707,-0.056969,4.1426,-0.063618,0.62765,0.15399
-0.64246,0.54786,-0.044041,-0.26959,-0.9936,0.030989,0.88946,0.051087
-0.65137,1.9445,0.81408,-0.41308,-0.46701,0.063693,0.93129,-0.022633
-0.52991,1.0738,1.2611,-0.2994,-2.0697,-0.018233,0.89184,-0.051473
-0.58259,-0.42735,1.9295,0.33991,3.9281,-0.017675,-0.654,-0.059091
-0.64783,1.6198,0.77663,0.34715,4.2574,-0.082633,1.9059,-0.12957
-0.64594,-0.75039,0.87706,-0.0061511,-1.791,0.07079,0.49436,-0.08428
-0.79085,4.1508,0.62816,1.3997,1.2961,0.069359,1.9791,0.014361
-0.64926,-1.7827,1.4045,0.43652,-5.2378,0.02092,0.61575,0.082799
-0.62277,-7.3818,2.7347,0.94563,2.9541,-0.014549,-2.9913,0.056027
-0.61934,2.0859,1.69,0.77372,5.7289,-0.094088,0.33118,0.051793
-0.44022,-1.8935,0.18367,-0.30135,-0.56689,0.029128,-0.44454,0.18723
-0.56916,4.8593,-1.3269,-0.86021,0.11086,0.10311,3.7227,0.050965
-0.61803,-1.5151,-0.3656,0.11428,-5.5481,0.018417,2.1322,0.11931
-0.61207,0.29149,-0.95528,0.95212,4.6553,0.029237,-1.9114,0.09397
-0.77075,1.2982,2.267,-0.36561,6.2641,-0.3358,0.24622,0.00014761
-0.65428,-1.0338,2.921,-0.81884,-6.5337,0.0013531,-1.2401,-0.061963
-0.59339,-0.31503,-0.43504,-0.70319,-2.856,0.046494,2.3044,-0.10458
-0.5923,-0.63542,-0.011895,0.12949,-4.3754,0.049908,-0.71052,-0.086933
-0.3926,0.51265,-0.093416,-0.094774,5.069,0.14023,-0.9756,-0.096863
-0.51159,2.5449,0.53365,0.32418,4.5695,-0.11799,0.65798,-0.099662
-0.5582,-3.7552,-0.074748,-1.0311,-3.7846,0.059528,-0.083933,0.015164
-0.57881,1.3282,-1.3705,-0.17527,2.0623,0.057416,0.97914,0.029694
4.5077,-2.5239,0.68134,-0.022915,-3.5599,0.0044142,0.33824,0.004139
4.4914,-4.3091,-1.6721,-0.96874,4.7996,0.10658,-0.55145,0.29223
4.4565,0.96498,0.053084,0.25408,3.6872,-0.02431,0.65698,0.16759
-0.66341,-0.103,-0.88813,-0.20549,-0.15271,0.08831,0.48069,0.13902
-0.65156,4.0512,0.52328,0.71278,1.4193,0.084485,1.1639,-0.011316
-0.50038,2.0354,1.1015,0.63472,-3.9875,0.039139,-0.0099276,9.8937e-05
-0.68145,-1.139,1.5464,0.90436,2.0673,0.048727,-1.3869,-0.060965
-0.64272,1.0295,0.67658,0.27116,1.8415,-0.030491,1.6842,-0.18575
-0.64383,-1.4847,0.26194,1.2278,1.664,0.041578,-0.87786,-0.099394
-0.80036,4.4112,-0.25157,1.0634,4.4406,0.065188,1.6972,-0.11419
-0.67524,-2.9821,1.3424,0.97859,-5.9068,-0.0059308,0.70198,-0.024215
-0.62236,-5.7667,-0.6905,-0.3016,-2.883,0.053675,-0.567,-0.027719
-0.61673,-2.64,1.3284,0.28802,2.7088,-0.16372,1.7112,0.061284
-0.39369,-1.3483,2.4358,0.02877,3.9532,0.022319,-1.2495,0.088372
-0.48858,3.7973,-0.50796,-0.1495,5.7176,0.23448,4.9641,0.13194
-0.63755,-2.5784,-0.36396,-0.37094,-5.9077,0.034403,0.90638,0.14248
-0.61384,1.5597,-0.944,0.79785,0.32066,0.018398,-1.4563,0.10349
-0.8722,0.62075,-0.41952,0.51809,4.5109,-0.25149,0.2896,0.064789
-0.61291,0.38432,1.732,0.12766,-1.1648,-0.0069126,-1.5434,-0.0054014
-0.54149,0.060294,0.51601,-1.2589,2.6321,0.078472,1.9611,-0.037381
-0.58579,-1.034,1.0656,0.5192,-5.8695,0.00077552,-0.60735,-0.070457
-0.3434,0.96072,-0.1419,-0.30672,4.4142,0.035552,-1.5186,-0.086349
-0.38128,1.7636,-0.11941,0.13908,2.8459,-0.094223,0.58864,-0.1165
-0.65603,-2.1345,0.1319,-0.62545,1.2996,0.006962,0.5166,-0.071187
4.5148,3.7205,-1.4286,-0.084947,1.4761,0.054195,1.4873,-0.088832
4.4883,-2.7886,0.7757,-0.20181,-2.9601,0.019726,0.58908,0.038115
4.4679,-3.3808,-1.7511,-0.99157,3.727,-0.023964,-1.7994,0.14235
-0.72605,-1.4533,-1.3298,-0.48205,3.8749,-0.045655,1.2828,0.23807
-0.66393,-0.82547,-1.1333,-0.22542,0.49623,0.069083,0.28818,0.17115
-0.65844,5.0683,1.211,1.2057,3.391,0.0058197,0.952,0.011684
-0.416,0.44925,-0.69233,0.38093,-3.0466,0.010748,-0.42378,0.040086
-0.62029,-0.084522,0.97048,0.25886,0.86734,-0.0052954,-0.5842,0.0017783
-0.65247,1.0547,1.0948,0.25951,1.8203,0.030649,2.0735,-0.070992
-0.6552,-2.2267,0.4073,0.91646,4.0978,0.035565,-0.12865,-0.1377
-0.69616,5.5452,-0.42158,0.3343,5.5844,0.15639,1.6547,-0.14449
-0.69789,-1.8433,0.85742,0.90756,-4.7304,0.016242,0.68453,-0.11268
-0.62693,-3.5559,-2.3795,0.0085895,-5.7856,0.049991,-1.5015,-0.050378
-0.62036,-2.6016,0.061654,-0.35252,-0.46489,-0.032275,1.9809,0.030059
-0.51549,-1.7168,1.0004,0.81187,4.6797,0.056941,-0.84487,-0.027671
-0.4427,3.39,1.7564,-0.54157,6.8182,0.39634,2.5855,0.16937
-0.63297,-3.8124,-0.35146,-0.014244,-5.6932,0.06642,0.16793,0.16679
-0.62405,1.9774,-2.2318,0.30693,-0.86821,0.033479,0.096894,0.14822
-0.84571,-0.5095,-1.3009,0.018378,1.9371,-0.23089,0.55097,0.14279
-0.67587,1.1396,-0.89023,0.1913,1.9469,-0.050603,-1.7429,0.06401
-0.51937,2.2231,-1.892,-1.5228,5.2206,0.17135,2.8351,0.009323
-0.58678,-0.41408,-0.17652,0.53868,-5.7707,0.02744,0.31693,-0.072233
-0.58811,-0.21079,-0.88861,-0.27624,4.0531,0.043394,-1.6225,-0.079948
-0.41586,1.4505,-0.99821,-0.16924,0.10242,-0.07703,0.73608,-0.12974
-0.51551,-1.1073,-0.74146,-0.39984,1.6424,-0.024028,-0.002459,-0.093602
4.4896,3.7172,-1.3894,-0.11206,1.6029,0.055741,1.0281,-0.069386
4.4671,-2.9202,-1.1945,0.12556,-3.5677,-0.077678,-0.72974,-0.049842
4.4442,-2.9938,-1.2,-0.79181,0.56725,-0.019061,-0.89173,0.087861
-0.68835,-2.0217,0.1727,-0.0085018,0.76553,-0.011848,0.94847,0.10777
-0.65889,-1.7752,-3.0734,-0.49753,1.2427,-0.023142,-0.13521,0.26816
-0.66274,3.5913,-0.32442,0.22538,3.4224,-0.024137,1.1448,0.02507
-0.4335,-0.80043,-1.4565,-0.4448,-3.5638,-0.036703,0.077301,0.10388
-0.64045,1.3283,0.77249,-0.1469,-1.0736,-0.048228,0.3991,0.12588
-0.64837,1.3558,1.2261,0.20563,-1.2236,-0.035573,2.036,0.0077897
-0.64601,-3.8399,1.4412,0.79328,3.9755,0.001321,-1.8273,-0.051838
-0.90507,5.368,0.15148,-0.025542,5.6938,0.027877,0.97365,-0.16438
-0.66617,-1.9507,2.14,1.256,-4.7433,0.014977,0.17003,-0.13383
-0.62808,-0.0053713,-1.0455,0.45493,-5.2982,0.034442,0.81496,-0.12716
-0.62263,-0.80072,0.51009,1.016,-3.7009,-0.086457,0.76132,-0.079072
-0.47138,-2.3278,-0.10041,0.78247,3.9051,-0.057078,-2.0732,-0.0097579
-0.499,1.3448,1.6378,-1.8349,7.0106,0.2825,0.5978,0.080803
-0.61116,-3.5768,-0.48068,0.24957,-6.4902,0.053713,-0.57617,0.12751
-0.6104,1.5229,-1.2827,-0.60199,-2.799,0.0496,0.64177,0.14189
-0.8101,-0.75744,-1.3351,0.55862,-1.1102,-0.027885,0.35595,0.14223
-0.67026,2.2152,-3.418,-0.26788,4.5645,0.089459,-0.77453,0.039453
-0.56066,3.8406,-1.4454,-1.0402,6.5869,0.22779,1.7509,0.07338
-0.58567,-0.79374,0.1584,-0.14411,-6.8752,0.0060571,-0.43149,-0.0043062
-0.58293,-2.8442,-1.4316,-1.1136,3.4895,-0.060884,-0.023542,-0.054004
-0.3757,0.21226,0.16752,-0.13695,-1.7673,-0.011578,0.73861,-0.10029
4.487,0.61389,-1.7003,-0.81888,4.8822,0.15521,1.1795,-0.097861
4.4608,4.3418,-0.82264,-0.10196,3.6361,0.019758,1.0024,-0.1258
4.4362,-0.83674,-0.28699,-0.70679,-1.9526,0.00083969,0.20892,-0.063277
-0.89131,-3.6871,-1.3021,-0.40246,0.48255,0.026388,0.78733,0.010516
-0.71252,-2.744,-0.042345,-0.46381,-1.9687,-0.015191,1.917,0.056879
-0.64976,-1.7718,-1.811,-1.1078,4.2384,0.065066,0.11942,0.083627
-0.65762,2.5834,-0.41898,-0.090259,4.2848,0.0037597,2.2789,0.0092013
-0.38902,-2.3208,0.11039,-0.29199,-2.266,-0.00082244,1.1751,0.20712
-0.58928,3.6333,1.1444,0.51867,-0.30217,0.057724,2.5669,0.19217
-0.6549,0.87885,1.2031,0.12871,-3.8759,-0.044923,1.0611,0.15664
-0.64145,-4.8822,2.2626,0.045168,2.0789,-0.046072,-2.065,0.01548
-0.90413,3.1618,1.4268,-0.11861,4.8781,-0.020171,2.0358,-0.059334
-0.71249,-1.0774,0.90217,0.49875,-1.6492,-0.017617,0.56807,-0.094867
-0.63434,5.1393,-0.19718,0.37668,-0.62269,0.091224,2.2462,-0.13722
-0.61946,-2.1768,0.45249,0.71258,-6.0167,-0.031569,1.2808,-0.095573
-0.24129,-0.45356,0.91844,1.0578,3.9675,-0.058022,-3.053,-0.062595
-0.5044,-0.68472,0.72974,-0.52583,6.4399,-0.29467,-1.0761,-0.0073485
-0.66568,-3.6475,0.52295,-1.0951,-5.8664,-0.045244,-0.63429,0.062891
-0.61257,0.52487,-0.79866,-0.23806,-0.61126,0.017731,1.708,0.10621
-0.92054,-1.2606,-0.071221,0.21449,-5.0586,-0.02965,-0.2655,0.072455
-0.76088,1.9678,-1.353,-0.064856,4.5855,0.059541,-1.7567,0.048215
-0.6048,4.4198,0.94344,0.47112,4.9749,-0.2003,0.84929,0.072553
-0.58325,-0.47458,0.35046,-0.85782,-4.3042,-0.026865,-0.25264,0.068513
-0.57376,2.4779,-0.87903,-0.94881,0.85416,-0.0041403,1.2429,-0.032319
4.4934,-1.4229,0.85372,-0.016261,-4.5431,-0.015166,0.13895,-0.052836
4.4604,-1.4676,2.3211,-0.48688,4.3766,0.04471,-0.61541,-0.096255
4.4309,2.7348,0.71405,-0.026287,3.4291,-0.19238,0.91069,-0.12495
-0.58628,-0.5391,0.78207,-0.049461,-1.727,-0.021955,0.8048,-0.071868
-0.85157,1.5987,-0.24841,0.65608,1.8523,0.048117,1.5826,-0.074667
-0.69874,-3.2114,-0.85251,0.018474,-4.7926,-0.047593,-0.88835,0.0057453
-0.64892,-1.4612,-0.16613,0.38222,1.8806,-0.020768,-0.47893,-0.031808
-0.64654,-0.47183,0.020521,1.0004,1.5914,-0.15256,0.33774,0.077055
-0.29414,-3.3062,0.72528,1.1426,-0.29077,0.029321,-0.51005,0.12106
-0.52,3.5953,-0.71855,0.81212,4.3354,0.010915,1.8697,0.24528
-0.6518,-0.26587,1.2955,1.0078,-7.07,-0.0085363,-0.79329,0.17784
-0.64783,-3.5828,-0.15577,-0.99225,-2.2493,0.031175,-1.4616,0.095601
-0.87319,0.93146,1.823,0.60056,-0.32899,-0.098593,2.5692,0.0069379
-0.73998,0.061007,3.4191,0.52077,2.5776,-0.0020546,-1.7518,-0.065638
-0.64441,6.9538,0.70359,0.15638,4.8269,0.20753,5.1332,-0.076176
-0.61852,-2.6653,0.91487,-0.24685,-7.3787,0.062833,0.90519,-0.11643
-0.36804,0.94498,-0.61908,0.76217,-2.1461,0.066953,-0.42765,-0.098786
-0.4759,-0.27157,-0.39567,0.60722,2.0894,-0.49884,-0.51033,-0.10755
-0.58749,-3.3069,0.41498,-0.31108,-1.1151,0.001552,-1.0095,0.016819
-0.61099,-0.68411,0.032386,-1.1867,3.081,0.042316,2.5877,0.068269
-0.61699,-1.0223,-0.27978,0.10111,-8.004,0.0089578,-0.70738,-0.037016
-0.7121,0.77628,-2.465,0.2617,4.1631,0.028807,-2.27,0.17511
-0.63696,2.189,-1.0352,0.49705,-0.48077,-0.18746,-0.74931,0.09655
-0.58434,-1.0312,0.39952,-0.3122,0.06383,0.069963,-0.034299,0.094335
-0.57181,5.8549,-0.71034,-0.059243,-0.10682,0.0016996,1.0535,0.0018999
4.4874,-1.0676,0.92768,0.20735,-6.1563,-0.054049,-1.0082,0.0098828
4.4437,-3.4434,-1.8485,-1.2385,1.7105,-0.0082924,-2.094,-0.11064
4.4129,-0.96341,1.2904,-0.30389,-0.16906,-0.080233,0.64745,-0.11667
-0.67424,0.038138,-1.3713,0.089833,0.56918,0.038395,-0.78314,-0.1111
-0.81235,3.0628,0.14553,0.54836,2.0042,-0.02639,0.93838,-0.11336
-0.69717,-2.7776,-1.1229,0.2822,-4.0269,0.030476,-0.15773,-0.052739
-0.64435,-2.8815,-1.0768,-0.19543,0.033889,-0.04536,-1.8113,-0.0082733
-0.64443,-1.5516,-0.51199,-0.33144,-0.26591,-0.052477,1.4465,0.20281
-0.28284,-4.5432,-0.67099,0.39434,2.6953,-0.026743,-1.9292,0.25321
-0.51277,3.3558,-0.96235,-0.087041,4.9729,-0.0081448,1.0717,0.17263
-0.64569,-1.262,1.385,1.0325,-7.0196,0.012051,-0.95199,0.27025
-0.63854,-1.6285,-0.95286,-0.68846,-4.0584,0.047764,-0.5727,0.10794
-0.82871,-0.08896,1.5603,-0.32478,-2.8475,-0.074258,2.068,0.06345
-0.76299,0.55284,2.0688,1.1821,3.8078,-0.032018,-2.4387,-0.019809
-0.60811,5.2298,2.6219,-0.4579,6.8572,0.31007,0.78592,-0.057168
-0.61414,-2.6282,1.5913,-0.49141,-7.4758,0.045833,0.12852,-0.13242
-0.60398,1.4018,0.25543,0.12355,-5.032,0.033248,-0.069285,-0.098299
-0.49287,-0.5601,-0.47191,0.34106,-0.28843,-0.040707,-0.073748,-0.10872
-0.55709,-1.7283,-0.38203,0.24805,2.7546,0.035173,-1.44,-0.060843
-0.60105,0.86755,-0.87554,-0.80275,5.3659,0.20233,1.2587,-0.040399
-0.59174,-1.744,-0.88605,0.25304,-8.7523,0.023115,-1.6615,-0.052203
-0.75953,-1.5698,-1.2326,-0.5543,2.7274,-0.019812,-1.7334,0.03203
-0.61221,0.99326,-1.3064,0.10004,-0.64668,-0.01625,0.013609,0.15542
-0.5794,-1.4244,-0.62932,-0.541,2.006,0.022505,-0.84105,0.22466
-0.86298,4.7689,0.28182,-0.014655,3.0762,-0.018124,0.79651,-0.0025539
4.4839,-0.65518,-0.32073,0.18981,-4.9947,-0.011585,-1.1698,0.076617
4.4419,-2.6914,-2.6522,-0.54302,1.2956,0.025123,-1.2761,-0.024239
-0.65137,-2.1336,0.023521,-0.2607,-0.13564,0.043927,1.0614,-0.062839
-0.66447,-0.46352,-2.6586,-0.25275,2.6272,0.040769,-0.23814,-0.11456
-0.87089,3.0783,0.70616,0.045707,3.805,-0.0094732,0.80498,-0.1183
-0.70351,-1.551,-1.5321,-0.1035,-2.1795,0.02203,0.72659,-0.084037
-0.63884,-1.525,0.6848,-0.12796,-0.94586,-0.0089919,-0.23544,-0.025821
-0.63592,-0.55387,0.7912,-0.51297,-0.6665,0.012648,2.0718,0.022782
-0.44634,-6.5977,-0.45237,0.2842,4.3,0.068172,-1.5625,0.28264
-0.53347,2.2485,-1.4134,-0.57972,5.2323,0.098597,0.83919,0.26358
-0.68527,-2.5389,-0.41522,0.73334,-4.424,0.058064,-0.23848,0.1599
-0.6317,1.3886,-0.57997,-0.32134,-3.5771,0.074821,0.37652,0.076885
-0.84954,-1.4949,1.1923,0.1484,-1.7572,0.02255,2.1985,0.11052
-0.79022,1.2644,1.2468,0.87063,4.9309,0.10644,-2.1266,0.020616
-0.58525,4.7763,2.1716,-0.08453,8.1741,0.40761,0.23606,-0.01521
-0.60427,-1.8638,1.4424,-0.18892,-5.9484,0.02083,-0.72496,-0.083745
-0.60733,1.4331,-0.25205,-0.33782,-4.5883,0.064501,-0.37201,-0.087104
-0.49099,-0.53791,0.083772,0.46025,-0.63941,-0.052265,1.0713,-0.13909
-0.66546,-0.43489,-1.4821,-0.20831,5.2522,0.2117,-1.9628,-0.11553
-0.59758,1.8726,-0.73362,-1.0271,6.5957,0.30023,0.59718,-0.11093
-0.59789,-2.814,0.19008,-0.81418,-6.4753,0.061588,-0.61407,-0.023411
-0.74823,-3.7729,-1.9968,-1.605,0.85173,0.014387,-0.05106,0.018912
-0.69508,0.52022,-0.92668,-0.29331,0.4954,-0.022944,1.5519,0.11147
-0.57151,-1.1468,-2.0475,-1.4453,4.7142,0.16245,0.81971,0.15939
4.5159,4.066,-0.062169,-0.17618,5.1155,0.18441,1.4191,0.042398
4.4895,-1.4604,-1.0038,-0.83887,-1.1291,-0.024362,0.39763,0.18502
4.4398,0.53501,-0.86569,-1.0376,1.1487,0.081777,0.64293,0.085403
-0.67164,-1.9263,1.0329,-0.48682,-0.70623,-0.01634,1.5052,-0.012995
-0.66893,-0.38227,-0.051814,-0.54214,4.5974,0.13234,1.1762,-0.053785
-0.71985,2.3514,-0.086247,0.19918,4.2119,0.042303,1.3216,-0.089878
-0.64111,-0.58165,0.5805,-0.45123,-1.6284,-0.013529,1.4211,-0.096157
-0.64051,1.7059,1.3729,0.36328,0.47195,-0.0026899,2.1255,-0.061086
-0.63461,-1.2885,1.2399,0.54663,-3.3274,0.0046902,2.038,0.0065728
-0.56478,-6.7947,2.6515,0.69275,3.5724,-0.0046152,-2.3797,0.0062321
-0.50562,-0.36019,-1.2958,0.13626,4.5997,-0.0053211,1.1891,0.12047
-0.64682,-2.3369,0.62958,-0.099501,-0.817,0.034891,0.4436,0.081996
-0.63301,4.3668,-1.0558,-0.10841,-0.87911,0.028512,2.9755,0.17365
-0.68275,-2.0005,-0.29878,0.37141,-4.5073,0.061318,2.0439,0.040451
-0.82289,1.4586,0.61225,1.5248,3.9784,0.018931,-1.5085,0.094384
-0.56966,3.5668,0.82317,-0.040102,7.2796,-0.010943,0.094543,0.085282
-0.59874,-1.4146,0.91279,-0.87285,-4.5671,0.041604,-0.30966,-0.02862
-0.60167,3.184,-0.23526,-0.73553,-2.8333,0.037554,3.1485,-0.061281
-0.4801,-0.83668,-0.11672,0.53988,-4.207,0.0084316,1.1168,-0.10713
-0.56315,1.6292,-0.76832,0.29185,5.8649,0.22834,-2.4042,-0.095111
-0.5918,3.6249,-0.45099,0.0053973,5.3064,-0.016096,-0.073607,-0.11852
-0.59067,-2.2717,0.42568,-1.0914,-3.183,-0.023701,0.10491,-0.080411
-0.76257,-0.32641,-0.95159,-1.2994,0.37822,0.0049726,2.088,-0.090024
-0.64725,-3.4547,0.19696,-0.11928,-2.4706,0.042406,1.0651,0.097596
4.5185,-0.81767,-2.871,-0.9011,5.3354,0.20882,-0.34194,-0.020296
4.5173,1.5909,0.0015571,-0.18837,4.0354,-0.01557,0.41336,0.12549
4.4807,-0.32557,-0.37472,-0.17936,0.32871,0.022749,0.95135,0.16767
-0.55302,4.1851,0.20255,0.010163,0.9446,-0.0069191,0.63991,0.18857
-0.68208,-1.2734,-0.6522,0.080847,-2.6523,0.020079,1.0351,0.090952
-0.65478,-1.1699,0.72182,0.1978,1.5722,0.030886,-0.99624,0.0078384
-0.75444,2.4012,0.68426,0.49152,2.4017,-0.040168,2.3249,-0.028328
-0.74393,-1.6133,1.4809,0.55523,0.070863,0.041982,0.22359,-0.13936
-0.64896,4.1221,0.43223,1.2955,2.8577,-0.021506,2.5011,-0.13091
-0.62946,-1.8981,1.637,1.0394,-5.5224,-0.039186,-0.49259,-0.091071
-0.612,-3.7596,1.4599,-0.0081935,-0.011812,-0.056,-2.4678,-0.021075
-0.48771,-1.5153,1.1503,0.23927,1.859,-0.13685,2.4098,-0.037673
-0.54898,-2.1994,1.0633,1.0274,4.1156,0.12243,-0.60471,0.10032
-0.61915,3.8868,0.59291,0.17533,5.4221,0.29797,4.5638,0.15922
-0.61018,-2.766,1.8102,-0.5547,-6.2442,0.022499,1.0493,-0.021367
-0.71664,-1.451,-0.35172,-0.12817,-2.7315,0.0149,0.19201,0.19763
-0.54974,1.6347,0.47144,0.80915,3.8921,-0.11476,1.6955,0.1481
-0.59226,-0.66472,0.79422,0.20496,1.5059,-0.029374,-0.60691,0.04802
-0.58826,3.7763,0.21985,-1.1289,3.8983,0.056229,4.4442,-0.0099039
-0.42233,-1.9595,1.0832,-0.23752,-7.0131,-0.014119,-0.12291,-0.061987
-0.51455,2.367,-0.53491,0.36819,3.7265,-0.00068125,-0.8476,-0.080508
-0.5794,2.094,0.0060346,0.37365,3.4581,-0.12886,-0.26382,-0.11322
-0.57783,-1.6318,-0.50096,-0.45438,0.45702,-0.016269,-0.66364,-0.1195
-0.84033,2.4039,-1.0009,-0.29956,3.6858,0.054124,1.6912,-0.075495
-0.69357,-3.3952,-0.95037,-0.18653,-6.6253,0.0052678,-1.1594,-0.030542
4.5156,-3.85,-2.8787,-0.44088,3.9091,0.10009,0.0037381,0.052206
4.4903,-2.6816,-0.1516,-0.13388,-0.086351,-0.072512,0.23045,0.10616
4.4237,-0.59619,-3.0388,-0.015914,1.5477,-0.053812,-0.50586,0.10526
-0.60983,4.786,0.6594,0.042156,3.6502,0.0097664,2.0537,0.15338
-0.69512,-0.96552,-0.768,-0.20159,-3.2669,-0.013362,-0.08943,0.14537
-0.64734,0.205,1.1175,-0.50438,-0.62479,-0.038506,0.71888,0.040159
-0.95793,2.4042,0.99216,-0.29056,-1.2467,-0.036626,1.8779,-0.011583
-0.7513,-2.7162,-0.24404,-0.24827,3.9254,0.070874,-0.41883,-0.06391
-0.67786,4.275,-0.28212,-0.35861,4.5518,0.052488,1.9612,-0.14427
-0.6297,-1.8541,1.0829,0.49226,-4.6608,-0.057386,0.51311,-0.13147
-0.62093,4.0553,0.27316,0.56577,-1.9461,-0.009608,0.48181,-0.097472
-0.45767,-1.871,1.0921,0.14623,-3.1334,-0.083775,1.0584,-0.085668
-0.66159,-1.8277,1.1582,0.74914,4.5663,0.11486,-3.011,-0.0064236
-0.62048,3.8631,0.86538,0.22807,7.3029,0.16889,-0.81854,-0.03429
-0.6186,-3.0985,1.4877,-0.47611,-7.23,0.013976,-0.80142,0.066785
-0.69221,-0.43164,-1.4373,-0.45589,-6.4028,0.032009,0.20796,0.20641
-0.5728,-0.089962,-1.0256,0.20276,-3.9249,-0.086708,-0.5833,0.19636
-0.59303,0.55725,-1.1421,0.011461,4.3422,-0.026306,-2.6343,0.10804
-0.57944,4.9509,0.071463,-1.3265,5.8597,0.1079,0.15362,0.0055019
-0.40969,-2.2532,1.1486,-0.22927,-9.2324,-0.035798,-1.1749,-0.010172
-0.51075,0.77009,-0.75298,-0.50233,-2.0804,0.021215,-1.2462,-0.068412
-0.58428,1.4718,-0.28248,0.54267,-2.1644,-0.16753,0.14841,-0.077782
-0.58399,-0.53153,-1.7406,-0.37683,3.5235,-0.031671,-0.38742,-0.1176
-0.8085,3.7546,-0.55555,-0.023538,4.1305,-0.014164,0.82769,-0.10446
4.5075,-2.5999,-1.2885,-0.7615,-4.737,-0.024862,-1.0816,-0.094819
4.4933,-4.0738,-1.9082,-1.1362,-0.24796,0.0338,-0.074699,0.082872
