tachometer_signal,underhang_bearing_axial,underhang_bearing_radial,underhang_bearing_tangential,overhang_bearing_axial,overhang_bearing_radial,overhang_bearing_tangential,microphone
-0.63296,1.6623,0.031165,0.083146,-4.8998,0.021581,0.12196,-0.078415
-0.44036,1.1552,1.7023,0.43763,-3.724,0.040416,1.4449,-0.10811
-0.5756,-4.5572,0.65947,0.38654,5.3573,-0.12388,-5.0496,-0.13269
-0.63562,2.694,1.5064,-0.57923,6.9318,-0.41129,-1.2173,-0.13191
-0.61565,-4.9018,1.3202,-0.6803,-1.7048,0.11609,2.9676,-0.07749
-0.92568,4.936,-2.2862,-0.68284,1.8403,0.099348,4.9835,-0.031005
-0.70617,-2.581,-1.2628,0.56424,-8.2533,0.027325,-0.87033,0.091512
-0.61283,-0.39198,-3.1959,0.11606,-0.31916,-0.082844,-4.0065,0.14255
-0.59433,3.4032,-0.42252,0.098876,2.6536,-0.11364,2.0704,-0.0072511
-0.585,-0.58959,-1.0184,-1.4034,0.69393,0.086269,-0.28201,0.028063
-0.44518,6.1101,0.54877,0.51426,4.7807,-0.15478,2.7435,0.11291
-0.58885,-1.4669,-1.0114,-0.22619,-7.6772,0.03294,-0.85547,0.056806
-0.58851,0.3947,-1.2911,-0.29674,1.5494,0.021356,0.93813,0.005648
4.4755,0.7257,-0.30153,0.49128,-5.3715,0.057622,0.26997,-0.047798
4.4363,-6.6968,-2.0063,-1.59,5.9487,0.15064,-3.2006,-0.11409
4.4125,3.1164,0.40102,0.59338,0.14399,0.011371,0.80056,-0.12436
-0.66041,-1.2887,-1.5176,-1.0512,2.2178,0.05628,-0.51136,-0.13038
-0.65957,4.0232,1.0732,0.93985,2.5155,-0.035053,1.3394,-0.071041
-0.40884,-2.3761,0.43459,-0.51412,-3.2434,0.053489,0.38797,-0.020491
-0.59453,0.9095,1.5542,0.58578,-2.3756,0.022537,1.1932,0.077445
-0.65975,-0.38485,1.0634,0.8401,-3.4011,0.069148,0.4372,0.10648
-0.65398,-6.8716,0.62929,0.66689,-3.7642,0.02787,-2.8176,0.38279
-0.90894,2.0145,0.10616,0.53924,1.4998,-0.10348,1.3498,0.24774
-0.78214,-1.4906,1.2173,1.102,0.73701,0.083523,-2.0866,0.12125
-0.65861,7.965,0.93719,0.52064,6.1482,0.20195,3.5996,0.11585
-0.62383,-1.7282,1.1053,0.6905,-6.2896,0.079679,-1.0415,0.02984
-0.43616,3.0719,-1.5435,-0.15018,-6.9166,0.061581,0.069967,-0.025115
-0.47322,0.17958,3.4463,0.5173,-1.5268,0.049086,2.061,-0.087688
-0.68192,-2.7239,-0.67707,-0.23617,5.9527,0.15273,-4.4353,-0.14705
-0.61453,0.95436,0.81397,-0.80749,7.4302,-0.23865,-0.67399,-0.13928
-0.63126,-2.0104,1.6067,-0.68564,-7.5253,0.081841,-1.5212,-0.080825
-0.67589,-0.91503,-0.85263,-0.083695,-0.62767,0.12564,3.5796,-0.10042
-0.65077,-1.004,-1.6743,0.23809,-7.2878,0.06212,-0.41457,-0.048699
-0.59127,-3.6535,-2.1794,0.87955,5.296,-0.12098,-3.1932,-0.032149
-0.5773,4.0391,-0.61173,-0.047354,1.042,-0.13482,-0.16858,0.041644
-0.46274,-1.6416,-1.7769,-1.0746,1.4053,0.090922,0.11179,0.15085
4.5067,5.1358,-0.88502,0.24312,1.2139,0.0023157,1.1393,0.060554
4.4718,-0.41988,-1.2126,-0.72769,-3.4893,0.064681,0.3635,0.18341
4.4262,3.238,-1.7494,-0.16454,-0.01169,0.10255,1.3686,0.048166
-1.0133,-3.3945,-0.70793,0.15892,-2.7631,-0.01797,-0.15971,0.016308
-0.64505,-2.7349,-0.20476,-0.69244,-0.3531,-0.00045664,-2.4076,-0.075129
-0.65716,3.4594,0.64226,0.10496,1.6809,0.028454,1.2885,-0.081287
-0.64967,-3.5673,-1.0105,-0.6643,2.2907,0.023769,-1.1506,-0.10256
-0.43368,2.8615,0.54195,0.48863,4.5598,-0.29076,1.9604,-0.124
-0.48615,-3.024,0.49551,-0.21732,-2.6348,0.091615,-0.59982,0.025118
-0.66255,3.524,0.84766,0.61216,2.2404,0.024777,2.3315,0.07854
-0.64989,-2.4073,1.9312,0.22597,-6.5499,0.011518,0.50013,0.014994
-0.66927,-7.9503,1.2965,0.65698,2.2582,-0.027699,-4.8758,0.17487
-0.78683,3.5106,0.94085,0.055856,4.9982,-0.4599,-0.39024,0.18765
-0.5987,-4.4068,3.262,0.73109,2.6165,0.04469,-2.1765,0.048799
-0.61772,5.1814,0.71957,-0.15232,7.3469,0.31061,3.0759,0.17268
-0.61481,-0.99158,-0.29665,0.57038,-7.3305,0.092514,-0.79469,0.018474
-0.49296,3.7583,-2.55,-0.36249,-6.9494,0.025823,1.5279,0.015919
-0.55109,0.85588,1.8741,1.0858,-3.2723,0.013161,0.54427,-0.039986
-0.60807,0.57443,-1.631,-0.16297,7.544,0.29311,-3.3823,-0.076711
-0.60812,4.6386,1.5195,0.374,5.6546,-0.68853,-2.1467,-0.060843
-0.85285,-1.6648,-0.41957,0.72276,-7.9235,0.088637,-1.6696,-0.11349
-0.6462,2.3972,-0.87416,0.083352,-0.28979,0.076893,2.5009,-0.10728
-0.58791,-4.0683,-1.3607,-0.21684,-7.2369,0.087014,-1.3035,-0.011924
4.5031,-4.3327,-3.2229,-0.97512,6.7757,0.10746,-2.77,-0.038744
4.4911,1.9758,-0.69654,0.43125,-2.5886,-0.086432,-0.43055,0.15615
4.4594,-3.2034,-1.3926,-1.0545,5.4246,0.045769,-1.7125,0.16886
-0.68423,6.204,-0.49676,0.67105,2.273,-0.091842,0.68391,0.16224
-0.66832,-0.66115,-1.5842,0.066107,-1.3727,0.043497,-1.2581,0.074062
-0.81966,4.8295,0.57816,0.70321,0.60032,-0.001323,1.6173,0.10268
-0.64067,-0.58879,0.53942,-0.13816,-2.2849,0.028127,-0.54109,0.041595
-0.6543,2.2398,0.27715,-0.010808,-2.9304,0.092642,0.60569,-0.019079
-0.64041,2.3029,1.9911,0.51476,-1.1987,0.051108,1.7154,-0.1001
-0.45044,-5.382,1.8353,0.25255,1.3714,0.06205,-2.4169,-0.12972
-0.58081,4.8348,0.76397,0.29156,5.2924,-0.25178,1.2698,-0.14043
-0.58046,-2.7753,1.1495,0.93815,-3.3217,0.040532,-0.89797,-0.13919
-0.6301,5.7588,0.61824,0.3976,1.6648,0.12345,3.3913,-0.068388
-0.87982,-2.8681,1.0837,1.1498,-6.6595,0.007546,-0.28551,-0.065638
-0.77152,-1.1181,-0.08678,0.6237,-6.249,0.011416,-2.7062,0.10103
-0.56029,0.74754,1.1379,0.36712,2.7062,-0.18885,-0.36779,0.1296
-0.60636,-3.123,-1.0613,-0.61718,5.0517,0.081578,-1.2829,0.13715
-0.61129,3.7302,0.81222,-0.10146,6.8906,0.075385,2.7465,0.035535
-0.38276,-1.7047,0.55295,-0.25692,-7.8614,0.077798,-0.78482,0.12242
-0.5969,0.56222,-2.8376,0.32225,-5.3006,0.0050688,1.3425,0.016576
-0.59646,1.9867,0.40291,1.2503,-3.6098,0.081591,0.86359,-0.0037464
-0.59379,0.30181,-1.5615,-0.043686,6.5866,0.17721,-2.7506,-0.034242
-0.7273,5.5691,0.048754,0.74751,1.8711,-0.3656,-1.7694,-0.1184
4.5409,-1.2186,-0.69578,-0.35683,-2.2866,0.040384,-0.41824,-0.10334
4.4658,3.904,0.47841,0.304,-0.67163,0.019989,1.5301,-0.12629
4.4436,-1.8856,-0.21358,-0.38756,-3.5397,-0.005719,-0.38577,-0.060721
-0.43198,-2.0727,-2.4871,-0.53085,-0.76588,0.018597,-0.50693,-0.035702
-0.59245,-2.03,-1.2755,0.18056,-1.6234,0.019085,0.094595,0.039307
-0.66438,-4.1745,-1.4791,-0.49299,0.55762,0.076104,-1.7113,0.088153
-0.65601,2.1497,0.0053986,0.82621,2.6548,-0.17886,0.14732,0.06659
-1.0134,-4.995,-2.0765,-0.31148,0.1573,0.014464,-1.458,0.32907
-0.69842,5.0368,0.65866,0.1842,5.4065,-0.030336,1.429,0.17957
-0.63136,-0.038207,1.2913,-0.20401,-5.8713,-0.00016144,-0.96735,0.10263
-0.6289,0.35373,2.6196,-0.16908,-2.7509,0.062403,-0.51611,0.025191
-0.71,2.522,2.2386,-0.194,-2.2247,0.0216,1.82,-0.04994
-0.48427,-3.9898,2.0381,0.31221,6.118,0.10192,-4.6282,-0.10263
-0.70582,5.1684,1.2082,0.22466,7.1611,-0.35019,0.47099,-0.10085
-0.61944,-4.411,2.5872,-0.096084,-2.3824,0.091512,-1.375,-0.12865
-0.90742,3.5774,-1.2767,-0.92282,1.5599,0.10489,4.7087,-0.062547
-0.76724,-3.41,0.39678,1.3605,-8.1426,0.074204,-0.89418,-0.054199
-0.56142,-2.2863,-0.88763,0.66031,-0.018421,-0.11744,-4.4947,0.053934
-0.59208,-0.63707,0.39136,0.20833,3.477,-0.61806,-1.4917,0.052669
-0.59572,-0.61262,-1.8373,-0.70257,0.44276,0.020554,-0.54841,-0.019955
-0.37071,3.4579,-0.042627,-0.90683,4.2686,0.070514,5.5491,0.10626
-0.58432,-2.2638,-1.9289,-0.22991,-7.4048,0.046577,-0.74197,0.13831
-0.5936,-1.8939,-0.90543,-0.89333,3.5226,0.0075652,0.12175,0.13216
4.9558,2.4087,0.72616,0.26676,-3.8068,0.013187,0.69245,-0.0055475
4.4666,-2.6584,-2.1132,-1.6972,6.6128,0.15457,-1.9558,-0.022219
4.4313,3.4813,-0.010006,0.4737,0.77634,-0.044288,0.3794,-0.093212
-0.66573,-0.23401,-0.5922,0.23092,-0.48166,0.01293,-1.4062,-0.12636
-0.66721,5.0891,0.57816,0.6344,1.039,-0.0094925,1.2305,-0.099686
-0.47499,-2.3283,1.6713,-0.79305,-2.4767,0.05535,-0.39899,-0.10628
-0.53134,-0.53859,0.0209,-0.67125,-1.2145,0.070072,0.91613,-0.094867
-0.67806,-0.70166,1.4998,-0.041663,-0.2643,0.047065,1.312,0.046876
-0.65826,-7.0969,0.0089511,-0.046018,2.3129,0.07697,-1.9568,0.17988
-0.7469,1.9301,-0.90969,0.87131,5.4257,-0.18447,1.3388,0.14279
-0.78475,-2.2524,0.0075314,0.58467,-0.67934,0.071804,-1.7208,0.39184
-0.68455,7.2231,-0.29224,0.99894,5.5033,0.15601,4.6142,0.17217
-0.62616,-0.95289,1.9462,0.70529,-6.7233,0.050081,-0.4074,0.13238
-0.5846,-1.8574,0.19976,0.50458,-5.6685,0.045743,-2.8626,0.038942
-0.43431,2.7081,1.9489,0.85896,2.5919,-0.18204,-0.065381,0.0067188
-0.62549,-1.9907,-0.39847,0.010542,6.4188,0.21753,-2.7467,-0.069678
-0.61646,4.6607,2.042,-0.2591,8.4319,0.38763,2.2485,-0.1324
-0.61115,-2.2844,0.85683,-0.19496,-6.9172,0.095414,-0.34723,-0.073669
-0.69794,1.412,-3.2231,-0.28305,-5.3043,0.10873,1.7247,-0.10915
-0.5816,-0.44915,0.41826,1.2847,-3.8163,0.063693,0.5605,-0.10295
-0.58929,-2.8723,-1.7922,0.71596,7.1336,0.27869,-3.2019,0.010637
-0.58425,4.1221,0.061127,0.86608,3.594,-0.56743,-2.0857,-0.010001
-0.3741,-3.8608,-0.4843,-0.52113,-4.0281,0.071657,-2.3126,0.13009
-0.4788,2.674,-0.05766,0.23305,-0.527,0.036579,1.8653,0.16316
4.5041,-1.4187,-1.2606,-0.3012,-5.171,0.03715,-0.28552,0.10049
4.468,-2.8413,-1.878,-1.6851,2.4039,0.01859,0.28841,0.18879
4.4133,-0.53795,-2.0386,-0.63324,-0.99167,6.3175e-05,0.48953,0.060092
-0.68422,-3.7894,-0.013064,-1.2774,3.944,-0.0096465,-0.89627,0.043615
-0.66002,5.219,0.54477,1.3963,3.1874,-0.15397,-0.023337,-0.037795
-0.65568,-1.8382,-0.8353,-0.56379,0.16815,0.039505,-1.5811,-0.06133
-0.42731,4.1135,1.1081,-0.074067,4.4668,-0.034739,0.90194,-0.11271
-0.50317,-1.9781,1.0702,-0.27577,-3.9681,0.022062,-1.1124,-0.12461
-0.67008,-0.99924,1.5577,0.44068,-1.9646,0.017256,0.06034,-0.025845
-0.64454,-0.11256,1.456,-0.1734,-1.6364,-0.0051286,1.8153,0.019082
-0.76784,-9.5731,0.13809,0.73206,2.7742,0.045858,-3.2464,-0.013238
-0.79708,3.4361,0.17614,-0.47965,5.5571,-0.3688,1.8085,0.10081
-0.66973,-4.1702,2.1851,0.29447,-1.3163,0.047931,-1.2241,0.15976
-0.62186,5.6535,-0.93238,-0.15476,3.1804,0.10464,5.8938,0.097864
-0.61551,-1.6288,1.6701,0.85432,-7.6208,0.10539,-0.48971,0.079684
-0.39465,-0.57101,-1.4492,0.31946,-5.7155,-0.025145,-1.7085,0.13147
-0.56111,2.3103,0.57527,0.36849,1.378,-0.23602,-0.11184,0.045927
-0.60435,-0.37914,-0.65589,-0.9335,5.3214,0.075251,-0.51231,-0.01482
-0.60122,2.961,0.97203,-1.0417,6.8803,0.056428,3.4275,-0.050889
-0.77627,-0.71278,0.76327,-0.63648,-8.7403,0.051891,-1.4273,-0.10112
-0.57287,-2.6686,-1.9348,-1.7193,-3.0202,0.018154,1.1978,-0.09516
-0.59006,1.0462,-0.60952,0.32344,-3.5706,0.077221,1.16,-0.10205
-0.57844,-4.199,-2.3025,-0.94303,7.4971,0.31041,-1.5918,-0.072793
4.5095,3.7713,-0.015197,0.40297,-0.29198,-0.092413,-0.41158,-0.055805
4.4981,-4.1089,-1.4245,-0.74924,1.182,0.06452,-1.572,0.20865
4.4575,4.4953,-0.82408,-0.0023487,0.69376,0.070059,2.0196,0.12943
-0.66431,-1.444,-0.40122,-0.34644,-1.9757,0.10345,0.15077,0.14683
-0.87729,0.51093,-0.89758,-0.4836,-0.85228,0.07579,1.2816,0.22922
-0.69246,-0.67175,0.31132,0.64561,-1.6416,0.050421,-0.045832,0.11427
-0.64667,-1.8561,-0.84766,-0.021964,-0.18348,0.028191,-1.6412,0.070947
-0.63762,3.1712,1.2563,0.54479,2.6483,0.0211,1.3645,0.0019486
-0.54855,-4.8671,-0.21464,0.29033,2.4578,0.051037,-0.65691,-0.10699
-0.55533,5.4553,0.33903,0.061264,5.8527,-0.0051992,0.91523,-0.13782
-0.67191,-1.5203,1.5923,0.35814,-5.9353,0.055164,-1.9692,-0.13495
-0.62482,3.0612,0.063382,-0.4495,-0.15784,0.088824,2.3557,-0.12071
-0.90376,-0.37291,2.3371,0.93528,-4.3917,0.059739,0.84876,-0.13546
-0.869,-5.6905,2.5065,0.52346,5.181,0.0074305,-3.7778,-0.073694
-0.62408,2.8317,1.8983,-0.083014,7.1215,-0.19865,-0.18018,0.12293
-0.60823,-4.9721,1.6783,-0.12655,0.33939,0.10894,-0.010095,0.14846
-0.60492,4.3445,1.2507,-0.27508,5.8102,0.19132,5.5564,0.03113
-0.42524,-2.6449,-1.5948,-0.045453,-7.1648,0.078325,-0.77258,0.13698
-0.61756,1.6253,-3.3731,-0.83015,-3.1106,0.042977,0.18187,0.060822
-0.60165,2.7894,-1.516,0.76058,0.93085,0.009959,2.4047,0.06109
-0.5978,0.13008,-1.724,-1.3426,5.8408,0.20603,0.15547,-0.013336
-0.79195,6.0444,0.52511,0.33091,5.3568,-0.1247,0.1582,-0.014601
-0.58438,-1.9575,-0.42752,-0.32092,-5.4013,0.11562,-0.71174,-0.081482
4.4778,2.2859,-2.1662,0.17407,-0.76351,0.091243,1.5853,-0.08411
4.4506,-1.8654,-1.7622,0.061065,-2.3301,0.07681,0.87675,-0.12337
4.4264,-5.4222,-3.639,-1.0448,3.2765,0.055279,-1.6807,-0.11463
-0.59482,-1.2567,-0.45215,-0.13862,0.15532,0.009683,0.87269,-0.040862
-0.67684,-4.0203,-1.7844,-1.304,3.6123,0.0055951,-0.40096,0.066468
-0.66789,3.5276,0.20941,0.8058,3.6819,-0.15687,1.2943,0.018547
-0.92361,-2.8804,-1.1619,-0.33724,-2.2692,0.0091183,-0.83231,0.10753
-0.75021,3.6267,1.0251,0.82362,2.1832,0.0036056,1.9957,0.31269
-0.52662,-0.13537,0.18031,1.0002,-4.392,0.0060956,-0.72551,0.22953
-0.63227,-1.1571,1.676,0.27504,-3.1001,-0.004474,-1.3728,0.14987
-0.54753,2.9969,2.0612,0.011197,-0.18441,-0.037255,1.231,0.03938
-0.45433,-2.4498,2.0215,1.3132,6.0053,0.14163,-2.0394,-0.0044766
-0.68041,6.2544,1.8634,0.19573,7.2534,0.052308,1.6176,-0.062717
-0.6306,-2.7031,3.6431,-0.61482,-5.2592,0.052988,-0.36838,-0.09
-0.68911,6.1203,-1.0617,0.24639,-1.1,0.11678,3.3669,-0.073547
-0.77405,-2.0759,1.952,1.3077,-6.8488,0.040654,0.14198,-0.11242
-0.58687,-3.0567,-1.1045,1.3466,0.35046,-0.13025,-5.0379,-0.078902
-0.6002,0.15407,1.0442,-0.40936,3.6175,-0.85511,-1.1545,-0.014455
-0.60472,-1.3267,-1.0681,-0.71953,-0.82879,0.033986,-0.28912,-0.0093198
-0.31547,-0.8031,-0.22741,-0.74488,5.3491,0.023898,4.1791,0.0067432
-0.56179,-1.7407,-2.3626,-0.2016,-8.372,0.039563,-1.1007,0.044491
-0.60249,-3.5866,-2.765,-0.71992,3.0965,0.023179,0.31195,0.098156
-0.59406,2.7363,-0.080381,-0.47623,-3.2796,0.036316,0.93677,0.078564
4.502,-1.1429,-1.9409,-1.4658,7.2459,0.34578,-1.9703,0.030643
4.463,5.0839,-0.98499,0.87923,1.7982,-0.10927,-0.067583,0.0069622
4.4249,0.67864,-0.47432,-0.11905,-1.7703,0.023949,-1.4423,-0.056852
-0.66844,5.405,0.88801,0.44835,2.1584,0.011262,0.94473,-0.083769
-0.51954,-0.60659,1.4584,-0.69413,-2.6003,0.082618,0.08536,-0.11212
-0.54972,-1.7679,-0.67536,-1.1856,-1.2383,0.05861,1.0797,-0.13444
-0.65421,-0.76283,0.55298,0.16707,-0.46054,0.0095097,1.3891,-0.097545
-0.6582,-5.3084,1.133,0.68851,-0.26524,0.082964,-1.9857,0.028818
-0.75752,1.4182,0.62859,0.60853,4.2148,-0.17512,1.0966,0.056514
-0.7105,-3.9496,0.86035,0.85364,0.40252,0.10254,-0.60118,0.16645
-0.62055,4.6522,-0.92393,0.74303,4.9042,-0.031934,2.6785,0.31827
-0.62723,-1.7956,1.1979,0.83895,-6.3301,0.029853,-1.0852,0.11972
-0.63234,-2.3806,-1.2637,-0.40593,-7.0151,0.083465,-1.1884,0.0708
-0.4766,4.1715,1.5547,1.4473,-1.4042,-0.083582,-0.41891,0.045538
-0.57878,-2.7591,0.051086,0.51166,6.0592,0.094574,-4.4252,0.047631
-0.61753,5.7305,1.0282,-0.11934,7.8174,0.247,1.6163,-0.026186
-0.61228,-2.3875,2.7424,-0.76921,-5.5933,0.080956,-0.97365,-0.07547
-0.67573,3.1914,-1.1347,-0.43721,-2.2909,0.040712,3.4382,-0.13887
-0.61244,-1.4928,1.4591,1.4148,-4.8396,0.098938,0.030254,-0.12419
-0.59416,-0.019654,-2.8891,0.35354,6.6584,0.10263,-3.5552,-0.10027
-0.59883,4.8627,0.20628,0.53437,2.8847,-0.56856,-0.97506,-0.053493
-0.43518,-4.2239,-1.5766,-0.20519,-1.9446,0.11538,-0.75856,-0.0019211
-0.52907,2.9749,-0.30033,1.0812,0.68406,-0.0098519,1.359,0.16706
-0.62419,-2.2111,-1.0488,-0.061529,-5.3551,0.027132,-0.739,0.087472
4.5092,-4.8817,-1.9428,-1.4816,2.484,-0.026884,0.99589,0.17102
4.4692,-0.90038,0.54534,-0.30043,-2.3783,-0.010083,0.61358,0.17906
-0.71591,-3.2918,-1.4712,-1.268,5.155,0.090556,-0.86112,0.19894
-0.65638,4.7878,0.021664,1.01,2.0244,-0.091579,1.0537,0.080122
-0.65946,-0.14816,-1.2673,-0.1763,-0.76755,-0.018811,-0.74122,-0.014845
-0.33731,6.7118,2.6046,0.58765,1.8546,-0.036395,1.5578,-0.052909
-0.63756,-0.20865,1.0433,-0.46189,-2.6634,0.059566,0.73685,-0.1314
-0.67483,2.2667,2.0859,0.70055,-1.424,0.076707,0.97856,-0.15053
-0.63795,0.94792,1.3393,0.25021,-0.80904,0.034326,0.78709,-0.13164
-0.87047,-11.371,1.7388,-0.7585,1.0687,-0.0014128,-2.9859,0.0040417
-0.77447,3.5486,0.028692,-0.27291,5.2333,-0.15494,1.7512,-0.024604
-0.67294,-4.1953,2.5907,-0.046686,0.26481,0.04358,-0.15689,0.051549
-0.61949,5.5795,-0.065587,-0.11369,3.1545,0.097468,5.5252,0.072845
-0.61096,-1.7639,2.1025,0.3659,-6.5851,0.095029,0.4215,0.022246
-0.37559,-1.4179,-0.78582,0.36656,-4.0405,0.043875,-1.6536,0.2104
-0.64239,0.56481,1.1528,0.57693,1.9289,-0.33757,-0.814,0.15258
-0.60866,-0.54014,-1.379,-0.59485,5.1556,0.064848,-1.9477,0.093775
-0.60446,3.0471,1.6902,-0.49238,7.2513,0.091673,2.287,-0.0032354
-0.78109,-1.1561,0.44062,-0.30959,-8.6053,0.063301,-0.64738,-0.019371
-0.60046,-2.7418,-0.075197,-0.5491,-3.7856,-0.0017466,1.4477,-0.092531
-0.58449,1.6724,0.86283,0.32475,-4.5185,0.036835,0.42184,-0.10195
-0.58016,-5.3911,-0.20513,-0.7063,6.4747,0.18328,-1.7407,-0.084816
-0.25216,2.1075,0.10306,-0.056179,1.3363,-0.11134,0.40896,-0.095841
4.4886,-1.8072,-0.70448,-0.034129,-1.4452,0.082695,-0.34474,-0.093359
4.4706,3.6559,-0.19952,0.95468,-0.76104,0.059284,0.90667,0.011878
1.3236,-1.4459,0.36577,0.019001,-2.2648,0.035597,0.12223,-0.026673
-0.92379,-2.1008,-2.4035,-1.002,-0.74231,0.04376,0.92477,0.14313
-0.81202,-2.6469,-0.51968,0.074443,-1.9818,-0.024169,0.21307,0.19957
-0.64962,-2.7706,-0.33421,-0.34932,2.1663,0.034403,-0.91869,0.053277
-0.64949,1.4215,1.0395,0.0060268,3.7744,-0.033898,0.87089,0.10677
-0.48794,-3.5191,-1.6736,-0.71131,0.57189,0.070495,-0.8382,0.043153
-0.55648,4.6498,0.51709,0.084303,5.5977,-0.1081,0.70819,0.015164
-0.71043,-0.2507,1.4802,0.48492,-6.2448,-0.015441,-0.24784,-0.11921
-0.63901,2.5903,2.3139,-0.11327,-2.2198,0.020291,0.32929,-0.12656
-0.88195,1.5569,1.4513,0.61066,-3.5548,0.060766,2.1591,-0.10891
-0.762,-5.731,1.2044,0.10854,5.6428,-0.056533,-5.5848,-0.11962
-0.6752,3.484,0.23091,-0.61284,6.6083,-0.40326,-0.039777,-0.1002
-0.61618,-5.6452,0.74435,-0.29117,-0.077835,0.09888,0.90727,-0.0034544
-0.60277,5.8756,-1.5083,-0.6379,3.6851,0.048034,6.5711,0.0015105
-0.43875,-3.3578,-0.31321,0.28429,-7.7113,0.032484,-0.67988,0.12045
-0.53982,-0.29865,-2.4247,0.33072,-1.3962,0.0086113,-2.7618,0.17171
-0.61418,3.0947,-0.54082,-0.020917,1.4337,-0.11541,0.72372,0.027041
-0.61328,-0.42518,-1.0474,-0.85609,3.31,0.074474,1.3447,0.10178
-0.88701,6.4124,0.68626,0.011255,5.2277,-0.22603,1.9135,0.056758
-0.58952,-1.8189,0.45087,-0.13708,-7.8297,0.087354,-0.90545,0.023171
-0.58157,2.3135,-0.96333,0.44185,0.24317,0.04634,1.7168,-0.041981
4.4743,0.3108,0.79917,-0.0054831,-5.4172,0.059297,0.23867,-0.048333
4.4431,-6.9588,-1.7971,-1.42,6.2401,0.15268,-1.9628,-0.16944
4.416,1.6814,0.55382,0.22676,-0.98699,-0.054177,1.2703,-0.125
-0.67424,-1.9107,-1.9395,-0.89537,2.7122,0.064007,-0.18168,-0.11646
-0.67117,3.8812,0.57032,0.72686,2.9881,-0.022347,1.4991,-0.037966
-0.67004,-2.0686,-0.14259,-0.57478,-3.5738,0.031361,-0.012317,0.022806
-0.75035,2.5266,2.3495,0.36115,-0.77664,0.0096124,0.69435,0.084551
-0.5698,-0.18106,0.1081,0.76442,-2.7976,-0.00038605,0.0066857,0.15859
-0.63574,-3.0244,-0.11857,0.37664,-2.7991,0.065791,-1.4214,0.34098
-0.59056,2.4957,0.20282,0.24096,-0.37145,-0.0203,1.9627,0.14364
-0.35191,-1.9315,-0.044349,0.97154,4.3663,0.063693,-1.9342,0.10409
-0.59143,8.0729,1.1281,0.71798,6.3953,0.10538,1.4834,0.082191
-0.62963,-3.1774,0.61399,0.079415,-4.2851,0.09449,-0.65149,-0.022754
-0.63504,6.2395,-1.6773,-0.80298,-5.4627,0.088599,2.1868,-0.058823
-0.6952,-0.30442,2.0075,0.74178,-4.0266,0.092841,2.0743,-0.14887
-0.67702,-2.4927,-0.14113,0.41746,2.936,-0.0054109,-4.2885,-0.14357
-0.60634,1.0047,1.8493,-0.50127,6.0143,-0.51743,-0.78226,-0.088345
-0.60017,-2.4026,-1.3648,-0.53106,-5.2211,0.082701,-1.4482,-0.049648
-0.323,-0.64863,-0.90062,-1.0506,3.447,0.090762,4.1125,-0.089099
-0.53711,-2.1371,-1.4952,-0.24492,-8.4775,0.05424,-1.0025,-0.035945
-0.60506,-4.4789,-2.0233,-0.6806,0.84328,-0.12653,-1.557,-0.014504
-0.59302,2.823,-0.31497,-0.25775,-0.86068,-0.026775,1.6294,0.09655
-0.87929,-0.96509,-1.6745,-1.8057,5.1653,0.12269,1.5909,0.1746
4.4993,7.1815,0.82949,0.72706,1.2919,-0.15858,0.22804,0.04673
4.461,1.4339,-0.1155,-0.11086,-3.1817,0.023956,0.19247,0.089054
4.4199,5.7462,0.028789,0.37942,-1.3789,0.023936,2.3667,-0.008249
-0.55105,-1.507,-0.091148,-0.5122,-2.5783,0.039152,0.60125,-0.066976
-0.6823,-3.4012,-1.0896,-0.57345,-2.1521,0.067748,-0.48972,-0.14727
-0.64452,1.5467,1.3502,-0.37298,0.10364,0.01474,1.3231,-0.10334
-0.65744,-4.0497,0.65599,-0.054278,1.7154,0.032985,-1.2533,-0.10801
-0.87619,1.815,-0.13237,0.22661,3.8801,-0.32728,0.9633,-0.082918
-0.71387,-3.6445,-0.027268,0.13797,-2.0719,0.065547,-1.0377,0.13186
-0.58407,4.2613,-1.0861,0.86305,4.0057,-0.051039,1.9037,0.19176
-0.63254,-2.0244,0.6673,0.72797,-7.8939,0.020169,-1.1767,0.12242
-0.63497,-6.2949,-1.7007,-0.48598,-5.3226,-0.0066752,-5.4117,0.083748
-0.44187,3.1868,1.4092,0.57262,0.69015,-0.22872,-0.11843,0.1875
-0.60608,-3.9723,-0.50218,0.30955,3.9968,-0.055769,-3.6323,0.051525
-0.62643,5.8853,1.1125,0.0041384,7.0531,0.029686,1.2306,0.10405
-0.61625,-1.7845,2.1529,-0.066809,-6.7143,0.036829,-0.96993,-0.026429
-0.80241,4.8418,-1.4042,-1.2354,-4.1681,0.075802,2.8952,-0.048479
-0.6555,0.00082596,-0.18339,1.4308,-6.9686,0.06959,-0.65174,-0.11074
-0.6029,0.2172,-0.056638,0.81094,6.2333,0.060933,-4.7299,-0.11232
-0.60401,4.4189,0.90993,0.86802,3.662,-0.73138,-1.4543,-0.060527
-0.31087,-1.5653,-1.3136,-0.81501,-4.6515,0.078876,-2.0906,-0.092993
-0.55104,4.0515,0.51122,0.45857,2.6258,0.030649,2.5812,-0.084767
-0.59534,-4.0964,-1.6808,-0.26857,-8.1028,0.09295,-0.7511,0.058924
4.511,-4.9755,-2.5233,-1.5971,4.9129,-0.046194,-0.57096,-0.069094
4.4864,-0.86384,-0.90466,-0.42069,-4.6005,-0.042626,0.043143,0.18609
4.4521,-5.325,-2.228,-1.4501,5.615,0.021992,-1.2031,0.18314
-0.6755,4.8457,-0.19942,0.80355,0.67437,-0.066794,0.98513,0.14652
-0.6694,-0.62718,-1.7579,-0.8087,-0.0039386,0.021267,-1.6543,0.064984
-0.7012,6.4485,0.54304,0.074816,1.7228,-0.036067,1.0587,0.015821
-0.54458,0.46949,0.52136,-0.22562,-2.5,0.019168,0.09613,-0.017814
-0.73389,4.0863,1.2731,0.22541,-1.9664,0.080378,1.1731,-0.17156
-0.65386,1.6665,2.3187,0.4229,-3.2547,-0.011482,0.87192,-0.12468
-0.97816,-8.9702,2.1549,1.0018,-1.2385,-0.00068125,-3.2591,-0.11334
-0.75818,2.9379,0.97563,0.25644,3.4704,-0.31787,0.67024,-0.1443
-0.61401,-3.2539,1.619,0.87404,-1.1033,0.064527,-0.98118,-0.0615
-0.62961,4.8989,-1.5541,-0.21594,1.8791,0.09931,4.5768,0.051574
-0.62658,-1.5559,1.1936,0.74086,-7.2165,0.084229,-0.07947,-0.034923
-0.45354,-1.1121,-0.61309,0.36453,-6.6803,0.035148,-1.2121,0.16457
-0.64933,0.16984,1.1636,0.8953,1.3616,-0.16394,0.32111,0.15776
-0.62614,-1.853,-0.80379,-0.29207,4.9212,0.0086113,-1.9821,0.1074
-0.62534,1.6611,0.46876,-0.74997,7.2287,0.098527,2.0584,0.13274
-0.62278,-0.63624,1.4868,-0.48559,-8.4693,0.03733,-1.1254,0.057536
-0.66119,-1.9929,-1.7858,-0.5346,-5.6863,0.019733,1.0437,-0.016767
-0.59671,2.8349,0.39317,0.65674,-3.9419,0.043516,1.0824,-0.059651
-0.60301,-2.4883,-2.1287,-0.010345,6.7076,0.17834,-2.4393,-0.081944
-0.39951,3.038,-0.48513,0.53453,0.86141,-0.24167,-1.4167,-0.13656
4.5545,-0.093295,-0.39392,-0.35051,-2.2722,0.10278,-0.24722,-0.10183
4.4744,3.8415,-0.42468,0.72878,-0.39077,0.066221,0.9526,-0.071138
4.4538,-4.2379,0.084363,-0.5079,-3.8336,0.036739,-0.69497,-0.046021
-0.77652,-3.4262,-2.2954,-0.68052,-0.40457,0.04634,0.19157,0.07321
-0.8235,-1.519,-0.3119,-0.076559,-0.81543,-0.012175,0.71771,0.14931
-0.69837,-4.4423,-0.78254,-0.57271,0.52311,0.039454,-0.69493,0.12573
-0.65779,2.0994,0.33294,0.58032,1.7074,0.010209,0.60314,0.087083
-0.31135,-2.5989,-1.3247,0.040987,0.51304,0.037573,-1.0072,0.17338
-0.509,5.445,0.48475,0.3864,5.3323,-0.063932,0.75392,0.089273
-0.65673,0.12869,0.68873,-0.039659,-4.7481,0.047213,-1.2242,0.022514
-0.6493,-1.2258,2.6538,-0.077554,-3.0148,0.021113,-0.98332,-0.087517
-0.661,2.5903,2.2086,-0.07487,-1.622,0.025278,2.036,-0.079729
-0.72797,-4.5598,1.789,-0.075801,6.2265,0.11592,-4.6122,-0.14053
-0.62156,4.6604,1.3471,0.5935,7.5836,-0.2769,-0.2267,-0.10409
-0.62153,-5.1983,3.3176,-0.72394,-2.3987,0.073659,-1.3901,-0.067463
-0.61081,4.4337,-1.1947,-0.58167,2.6239,0.11114,5.1823,-0.010634
-0.27653,-2.8656,-0.14347,1.2263,-7.9362,0.013842,-0.69558,0.047947
-0.53734,-2.1413,-1.869,0.23074,0.38026,-0.041991,-4.1437,0.12232
-0.62144,0.73828,-0.37576,-0.10914,4.5003,-0.62682,-0.62801,0.1343
-0.61361,-0.48233,-2.3252,-0.53062,0.85854,0.0441,-1.4367,0.0097854
-0.86011,2.7079,0.21724,-0.77822,6.9448,0.23502,3.6659,0.15077
-0.62457,-0.93698,-1.8484,-0.050957,-7.642,0.064091,-0.98036,0.078297
-0.58397,-2.6128,-0.48503,-1.0812,3.3438,-0.046817,0.30535,0.0304
-0.58928,0.59345,0.46492,-0.21556,-3.7204,-0.0023113,0.86145,-0.020929
4.468,-3.5185,-1.0412,-1.1499,7.1262,0.25505,-2.2669,-0.072282
4.431,4.9394,0.04244,0.36325,1.1407,-0.10656,0.22671,-0.12449
-0.71718,-0.2792,-0.61202,0.085889,0.71877,0.020606,-1.222,-0.12646
-0.67221,4.2287,1.6108,0.73204,1.245,0.058,1.3113,-0.11682
-0.59302,-2.7246,2.4898,-0.93628,-1.1741,0.027581,0.68446,-0.06683
-0.8418,1.3693,0.003253,-0.26864,0.048706,0.031291,1.3806,-0.058434
-0.68123,-0.43033,1.8544,0.62362,-1.4823,-0.0009187,0.8232,0.15104
-0.64576,-7.486,-0.26602,0.31984,0.77067,0.089183,-2.2366,0.24082
-0.64463,1.5706,0.15136,0.20588,4.1351,-0.078866,1.6996,0.18212
-0.4974,-2.3944,-0.0092225,0.55761,2.0191,0.11666,-0.97214,0.27731
-0.59476,8.0225,0.42637,0.65196,6.4264,0.23556,3.2496,0.10074
-0.63473,-2.1329,1.6713,-0.028464,-6.0791,0.076502,-1.1776,0.06771
-0.63147,1.7564,0.39173,-0.32008,-6.4479,0.075976,-0.16204,-0.043928
-0.68145,1.6575,2.0007,0.62169,0.35884,-0.022161,1.5547,-0.051424
-0.65896,-2.5254,0.14537,0.016252,6.8294,0.22674,-4.192,-0.11329
-0.61249,2.379,1.5537,-0.86583,7.476,-0.2972,-0.69063,-0.12125
-0.59969,-2.7417,1.7488,-0.35121,-5.6644,0.094214,-0.70614,-0.088272
-0.45055,-0.022576,-0.54183,-0.45301,-0.87439,0.067126,3.9942,-0.07659
-0.5393,0.0098489,0.48793,1.1683,-6.1837,0.053733,-0.41379,-0.10489
-0.60144,-3.2161,-1.3414,0.42581,5.4778,0.027761,-3.6019,0.062307
-0.59482,3.0699,0.060838,-0.10366,1.0327,-0.16913,-1.6177,-0.0072024
-0.89499,-2.5009,-1.069,-0.91504,0.46857,0.108,0.75252,0.13486
-0.63279,5.1343,0.27033,0.87596,0.57316,-0.018945,0.40025,0.17387
4.4975,0.22831,-1.3073,-0.31161,-4.8362,0.066138,-0.31076,0.052109
4.4595,1.3821,-1.6466,-0.39866,-0.20816,0.047501,0.60238,0.10288
4.4566,-1.6147,-1.0529,0.29222,-1.7174,0.019303,0.55471,0.0097367
-0.61866,-3.425,0.78106,-1.2308,1.7568,0.072106,-0.70129,-0.033293
-0.67467,3.3254,0.34585,0.54287,1.5179,-0.0099738,1.1872,-0.089951
-0.65651,-2.7774,-0.34224,-1.371,2.0598,0.099669,-0.35356,-0.096571
-0.8667,3.581,0.82195,0.25712,3.8368,-0.13092,1.4499,-0.11811
-0.81457,-1.4847,0.8126,-1.0115,-2.2255,0.084184,-0.47935,-0.079048
-0.6304,1.1384,1.232,1.0268,0.084491,0.037355,1.7137,0.070581
-0.63821,-1.8685,0.42177,0.58417,-4.952,0.018135,0.035918,0.14196
-0.63821,-6.0146,0.78328,-0.074703,-0.75251,-0.040996,-4.6048,0.0011698
-0.35866,2.0829,0.77501,-0.040481,2.8539,-0.32155,0.16452,0.13537
-0.65077,-4.3125,2.6258,0.8944,3.1914,0.062165,-1.9564,0.18862
-0.63082,6.6458,0.26528,0.19909,6.8555,0.25431,2.9426,0.10755
-0.62633,-1.7866,0.093466,0.26481,-7.4333,0.079345,-0.86833,0.03607
-0.76613,3.9099,-2.2321,-0.85256,-6.4955,0.023487,2.0062,0.050722
-0.61632,0.84355,1.3985,0.69727,-3.9258,0.017852,0.87613,-0.019298
-0.60764,-0.14603,-1.33,0.20821,6.2651,0.060696,-4.8989,-0.075348
-0.59629,3.9194,1.646,0.47801,5.6176,-0.92721,-2.7437,-0.069337
-0.47047,-1.7998,0.50453,-0.42241,-8.3738,0.060086,-2.3746,-0.14435
-0.52483,0.65005,-0.62009,-0.99486,-0.57126,0.058655,2.0293,-0.098177
-0.60096,-1.5828,-0.50324,-0.14094,-7.1639,0.063372,-0.71676,-0.075714
-0.59535,-5.3833,-2.3729,-0.42384,7.0725,0.20798,-2.0569,-0.028133
4.5082,2.7133,-0.23285,-0.20378,-2.26,-0.073905,0.14728,0.01862
4.498,-4.9075,-1.2227,-0.95505,4.4737,0.0037404,-0.49863,0.33886
4.4546,4.6969,-0.85611,0.091329,1.7185,-0.027827,0.55307,0.18293
-0.65979,-2.1899,-0.86288,-0.10475,-2.8546,0.07122,0.2791,0.148
-0.56483,4.7057,-0.1834,0.30104,-0.77782,0.058405,2.4621,0.13904
-0.48248,-0.32002,0.08065,0.059857,-2.8471,0.019906,-0.17264,0.044929
-0.72196,0.17447,0.19924,-0.49057,-2.4698,0.097365,-0.61803,0.0071569
-0.65505,1.7986,0.90458,0.094855,1.1411,0.061812,1.5807,-0.054394
-0.76087,-4.0322,1.3483,-0.29103,1.6891,0.083311,-2.2616,-0.12203
-0.78083,4.8605,0.85557,0.35223,5.769,-0.11462,1.5714,-0.14977
-0.60985,-2.5709,0.46506,0.2287,-4.448,0.11969,-0.61544,-0.12845
-0.62428,4.4219,-0.31231,0.20453,1.7494,0.066048,3.7969,-0.0099039
-0.62872,-1.5012,2.0192,0.96491,-5.8496,0.044363,0.73215,-0.018714
-0.46439,-4.2744,0.58106,0.62359,-1.4759,-0.033385,-4.9176,-0.026259
-0.59075,0.82081,0.69521,0.25568,5.4648,-0.36242,-0.13688,0.23072
-0.62554,-4.561,1.0685,-0.35745,2.4841,0.087258,-1.202,0.18156
-0.61955,4.1036,1.6504,-0.65624,6.499,0.20707,4.8268,0.064521
-0.83577,-1.6049,0.47178,-0.11103,-6.93,0.047719,-0.70687,0.11366
-0.68754,1.8768,-3.6189,-0.27264,-5.682,0.088471,0.97707,0.034513
-0.59476,2.1525,1.9669,0.52659,-2.2267,0.0066796,0.9983,-0.0045739
-0.59326,-0.16523,-0.97567,-0.4506,5.901,0.10451,-1.2706,-0.033098
-0.52434,5.9647,0.78003,0.55989,2.7045,-0.46165,-1.1184,-0.10219
-0.46958,-2.512,-0.3435,-0.33075,-5.1092,0.046,-1.1281,-0.12546
4.479,2.9768,-1.4588,0.26842,-2.2308,0.039781,2.1395,-0.11234
4.4574,-4.3678,-1.0447,-0.32924,-3.7533,0.06135,-0.049454,-0.094283
4.4318,-4.8601,-3.0068,-1.3612,0.73791,-0.036857,-1.3142,-0.025164
-0.828,-1.2923,-0.23749,-0.56415,-2.2892,-0.06089,0.49802,0.027333
-0.69391,-4.7895,-0.85549,-1.5217,2.7041,0.047347,-0.59256,0.13388
-0.66024,3.1176,0.50077,1.0094,1.7695,-0.18289,-0.018867,0.10977
-0.60594,-3.0715,-1.8445,-0.18887,-1.9902,-0.019606,-2.1077,0.10022
-0.50534,3.9494,1.1478,0.46963,2.5204,-0.0066367,1.8074,0.3273
-0.59807,0.21186,0.50075,0.012122,-5.8755,-0.023438,-1.6962,0.13072
-0.65383,-0.24295,1.6437,0.18159,-3.3475,0.06746,-1.2165,0.043785
-0.64855,2.2417,1.3868,-0.25867,-1.5123,-0.064542,0.78705,-0.023582
-0.74637,-3.2167,3.5896,0.026342,5.2478,-0.017059,-3.1593,-0.083964
-0.58294,5.8003,1.3428,-0.0052326,7.1491,-0.11487,0.92112,-0.13476
-0.62342,-3.3876,2.2684,-0.14889,-5.214,0.05544,-0.48493,-0.10205
-0.62397,4.8088,-1.5802,-0.51241,-2.7992,0.13358,3.0098,-0.054588
-0.33746,-1.8151,1.1117,1.1309,-7.3443,0.030193,-0.23465,-0.065711
-0.52769,-3.8863,-1.0763,1.1147,-0.015075,-0.16741,-4.7769,0.0052099
-0.61915,-1.0249,-0.12701,-0.14762,3.1729,-1.0001,-1.4093,0.17334
-0.60863,-2.5804,-0.2662,-0.22411,-1.5512,0.072972,-1.8031,0.065324
-0.92442,0.7693,-0.80283,-0.56706,4.741,-0.016988,3.0404,0.034634
-0.64877,-0.89572,-1.4852,0.013163,-8.4287,0.12646,-1.462,0.07046
-0.5891,-3.3157,-2.1552,-0.72618,3.6082,0.03061,-0.9291,0.11208
-0.58932,3.7747,0.25402,-0.25672,-2.8784,0.084415,0.60501,0.026213
4.4935,-1.0784,-2.0677,-1.1378,6.2138,0.19166,0.25957,-0.0023592
4.4507,5.9122,-0.51231,0.58713,1.3206,-0.029663,0.84201,-0.065808
4.4173,0.241,-0.98103,-0.23988,-2.3789,0.055735,-0.24409,-0.1185
-0.67445,4.8415,0.0952,0.042875,0.75218,0.027536,1.1452,-0.15245
-0.78202,-1.2668,0.72482,-0.049371,-2.4447,0.078844,0.27745,-0.12088
-0.76539,-3.5576,-2.1973,-1.1609,-1.0072,0.06814,0.045795,-0.091704
-0.68119,-0.94509,0.36096,-0.18248,-0.56413,0.084947,1.2372,-0.046313
-0.65162,-6.3069,0.54921,-0.16531,1.5207,0.088047,-1.6849,0.24265
-0.64024,2.6286,0.2587,0.44539,4.9985,-0.18989,1.1954,0.10663
-0.48381,-3.44,0.34386,0.55678,0.243,0.059085,-0.88145,0.16431
-0.61667,6.3784,0.6093,1.1099,5.3726,0.0097472,2.3711,0.31201
-0.64074,-0.71516,2.1707,0.79871,-7.0158,0.028473,-0.73949,0.14304
-0.63296,-1.8151,0.43606,-0.30322,-4.6227,0.044305,-2.5367,-0.0020428
-0.72277,2.8249,1.7134,0.98497,0.15695,-0.081824,-0.56044,0.015748
-0.65856,-2.0274,0.69645,0.73181,5.903,0.053797,-4.0713,-0.02896
-0.61633,4.7138,1.3593,-0.22842,8.6704,0.43134,1.8731,-0.095135
-0.6074,-2.6187,1.7817,-1.0167,-5.1746,0.037131,-0.84566,-0.10672
-0.42507,3.0722,-2.0954,-0.62434,-1.5009,0.051275,3.5899,-0.12875
-0.59223,-2.1788,0.3119,0.94386,-4.8633,0.10849,-0.071558,-0.10497
-0.60393,-0.83403,-2.5381,0.34659,6.3,0.040256,-3.9667,-0.092434
-0.60076,2.8783,0.11057,0.27231,3.4282,-0.42737,-0.85418,-0.016524
-0.80379,-2.8732,-1.2965,-0.4032,-2.1792,0.12105,-1.2102,0.053107
-0.68053,3.3451,-0.00041511,0.63146,2.4114,-0.0029402,1.4106,0.2058
-0.58317,-3.2747,-1.8591,-0.092423,-5.226,0.048137,-0.62884,0.17007
4.5047,-3.7197,-3.0229,-0.78883,4.8269,-0.011225,0.56222,0.15447
4.4667,-0.11408,-0.29328,0.68926,-1.3129,0.041148,1.0695,0.10161
-0.49422,-3.5852,-1.5444,-1.2576,5.4801,0.080821,-0.74532,0.08718
-0.74591,4.6558,-0.041632,1.2956,2.2621,-0.084301,1.1937,-0.01336
-0.66238,-0.12092,-1.3288,-0.37268,0.79433,0.033203,-0.72974,-0.039864
-0.87609,5.8284,2.4496,0.85644,2.4518,0.025226,1.3435,-0.07788
-0.84839,-2.0027,0.96552,-0.5057,-1.8746,0.070547,0.36194,-0.11514
-0.724,0.4867,1.4772,0.37037,-1.4044,0.030906,1.0192,-0.1056
-0.64071,-0.080425,2.3703,0.38918,-1.1053,0.0064678,1.6937,-0.080411
-0.63363,-8.8562,3.5539,-0.23046,3.116,0.080603,-3.3143,0.064838
-0.46637,2.8959,-0.17325,-0.43083,5.9805,-0.087889,1.4694,0.0053316
-0.67307,-3.5189,1.5067,0.3176,0.12879,0.082079,-0.27865,0.1231
-0.63311,6.0571,-1.2483,0.29845,5.197,0.082329,5.2127,0.11904
-0.63044,-1.58,-0.036325,0.70886,-5.3274,0.059637,-0.008624,0.05279
-0.68095,-0.92033,0.35797,0.4492,-4.1875,0.042444,-0.97399,0.15323
-0.67719,1.4371,2.6699,0.43483,2.0125,-0.14591,-0.1617,0.10395
-0.60368,-0.70301,-1.0051,-0.74011,5.9107,0.18485,-2.3476,0.016965
-0.59176,2.9668,1.3163,-0.1962,6.9172,-0.12601,1.0757,-0.042492
-0.42105,-0.54362,-0.086471,0.37732,-7.9795,0.065194,-0.94956,-0.050962
-0.52308,-3.5648,-1.6189,0.24881,-2.832,0.053662,2.2738,-0.11908
-0.59889,0.26395,-0.2581,0.72116,-5.4033,0.10501,-0.33868,-0.12923
-0.59521,-6.4141,-1.6297,-0.21739,7.3584,0.27145,-2.5728,-0.12359
-0.93406,3.3918,0.29087,0.17492,0.7629,-0.13165,-0.32932,-0.059407
4.4967,-2.2891,1.4478,-0.0046802,0.41195,0.077471,0.49874,0.016527
4.4778,5.2392,0.63391,0.69676,2.575,0.037176,1.3563,0.098862
-0.76635,-1.8598,0.42597,-0.013942,-3.1616,0.037374,0.079574,0.12702
-0.38399,0.58315,-1.3721,-0.27528,-0.014529,0.073492,0.85904,0.12364
-0.47551,-2.4578,-1.0795,0.089942,-1.4414,0.037785,0.15249,0.16961
-0.65596,-1.4064,-0.48551,0.071983,-0.27826,0.083657,-1.9693,0.043639
-0.66435,3.1219,-0.058938,-0.60457,3.792,-0.047439,1.9675,0.049846
-0.778,-3.3881,-0.6356,-0.53319,1.743,0.041007,-0.69411,-0.013628
-0.82912,2.8422,0.30709,-0.31239,6.0833,-0.17116,1.8441,-0.1111
-0.6725,-0.13081,1.2622,0.19242,-4.3649,0.020349,-0.63333,-0.18003
-0.63577,6.4377,0.5756,0.63039,1.8418,0.11422,2.924,-0.11193
-0.63123,-0.10651,2.6533,0.34221,-4.9524,0.018411,1.1604,-0.057022
-0.38097,-6.388,0.80043,0.71675,4.7516,-0.066518,-2.816,-0.061281
-0.5589,3.1536,0.52907,0.18886,5.6543,-0.657,-0.06129,-0.037771
-0.63087,-5.2223,2.1982,0.43791,1.5701,0.049991,-2.4301,0.047582
-0.62317,4.9269,-0.086394,-0.30471,6.1167,0.21478,5.5764,0.05722
-0.90177,-3.0211,-0.44708,0.63889,-7.4891,0.087463,-0.67363,0.1545
-0.65311,1.5382,-2.9563,-0.082076,-4.7021,0.047655,0.51476,0.13335
-0.60092,1.6932,0.32898,0.83181,-0.20797,0.013129,1.8686,0.033929
-0.58849,-0.046376,-1.7863,-0.83085,6.2999,0.16359,-1.4379,0.024169
-0.52414,6.6472,0.39355,0.036715,5.1606,-0.48169,-0.86911,0.005648
-0.57205,-1.3864,0.017707,-0.36673,-6.5082,0.046712,-0.87725,-0.069191
-0.57782,3.3968,0.64958,-0.20273,-0.96472,0.084941,1.9306,-0.10864
4.4716,-0.96051,-0.39324,0.45979,-4.7274,0.029468,0.17036,-0.1202
4.4425,-6.4287,-2.6902,-0.65429,5.8327,0.19022,-1.1528,-0.19137
4.4161,0.20605,0.72894,-0.025734,-1.4819,-0.00039247,0.51303,-0.050256
-0.58349,-4.3689,-1.8157,-0.79421,4.9338,0.079736,-0.032475,-0.0087601
-0.65796,3.325,-0.52158,0.76371,3.2313,-0.02811,1.8718,0.056514
-0.66395,-1.9722,-1.1714,-0.21601,-1.925,0.032735,-0.37009,0.084673
-0.54874,3.6425,1.729,0.73517,0.63557,0.0010707,2.3129,0.14939
-0.59416,-0.9321,-0.033846,0.25983,-3.2855,-0.012047,-0.36851,0.16112
-0.64939,-0.8714,0.89419,0.058752,-2.5759,0.0047479,-0.50922,0.30858
-0.63488,3.064,0.91207,-0.081106,0.43491,0.0058774,2.1681,0.02081
-0.71113,-3.0345,0.88659,1.1298,4.6787,0.013861,-2.78,0.023707
-0.65762,6.6653,1.2813,-0.24775,5.9115,0.025701,0.91182,-0.067755
-0.62471,-3.2621,1.664,0.048758,-3.2693,0.076508,-0.85706,-0.10577
-0.62629,5.191,-1.5048,-1.4132,-4.9861,0.12093,3.2042,-0.075008
-0.4998,-1.023,1.5951,1.0044,-5.4582,0.02015,1.6536,-0.17131
-0.58341,-3.1703,0.086695,0.40586,1.1853,-0.070144,-4.6589,-0.092044
-0.60796,0.82452,0.77572,-0.64996,5.4349,-0.68746,-0.90356,-0.032465
-0.60511,-3.5843,-1.4231,-0.35175,-4.1097,0.036008,-1.3971,9.8937e-05
-0.91578,0.78258,-0.4297,-0.31776,4.291,0.059515,3.9678,-0.038671
-0.64063,-1.7971,-1.4604,-0.072911,-8.7427,0.073011,-1.1166,0.0082278
-0.58775,-3.446,-3.0968,-0.46463,0.33811,-0.16804,-1.6448,0.066079
-0.58738,3.3755,0.49607,-0.06379,-1.68,0.0028163,1.6368,0.085476
-0.33083,-0.519,-1.4663,-1.7471,5.2166,0.056345,0.75809,0.10161
4.4849,6.1288,1.2269,1.3083,1.1947,-0.13533,-0.087453,0.020032
4.4423,1.0848,0.015337,-0.0010063,-2.7083,0.035526,-0.19271,-0.019542
4.4081,5.1302,0.66855,0.51782,-1.402,0.058931,2.1086,-0.083112
-0.94281,-1.5211,0.63051,-0.65819,-2.983,-0.013458,-0.079444,-0.12604
-0.75728,-2.6702,-0.53738,-0.80659,-1.6548,0.056864,-0.76285,-0.12962
-0.67721,-0.93569,0.92409,-0.18814,-0.42134,0.0076294,1.1898,-0.099808
-0.65599,-5.6137,0.35532,-0.037386,1.5874,0.083985,-1.7712,-0.036238
-0.65186,2.6012,0.12238,0.99019,3.3524,-0.29934,0.78068,0.05408
-0.39993,-4.5653,-0.062047,0.4377,-2.1059,0.039749,-1.2992,0.17012
-0.71032,3.6189,-0.8014,1.1781,4.4184,0.006224,2.5477,0.25767
-0.65114,-1.0498,1.2404,0.65588,-8.4517,-0.019581,-1.0793,0.17818
-0.64562,-7.3426,-0.48256,-0.78626,-3.4305,-0.038596,-3.2699,0.01015
-0.79493,4.2948,1.8988,0.54481,0.57086,-0.0857,0.79157,0.13693
-0.6621,-3.0836,0.63726,0.61068,4.8019,-0.035105,-3.1343,0.028331
-0.61966,6.4828,1.9763,-0.24436,7.2582,0.17158,1.2917,-0.010537
-0.62254,-2.059,1.2326,-0.053603,-6.6583,0.10869,-0.39053,-0.059212
-0.40965,2.7958,-1.454,-1.3879,-3.8578,0.034069,3.0069,-0.099565
-0.59716,-1.5487,1.0234,1.171,-6.3105,0.013238,-0.18085,-0.12371
-0.61392,-1.5269,-1.271,0.48509,7.0007,0.21427,-3.8898,-0.11261
-0.61501,2.4497,0.3288,0.85132,4.4871,-0.74799,-2.1936,-0.091022
-0.70673,-2.2025,-1.6351,0.050724,-6.0049,0.068313,-1.3557,-0.079559
-0.73252,1.8413,-0.55728,-0.044001,0.5098,0.061793,1.9466,0.007449
-0.59024,-4.1395,-1.5358,-0.10784,-7.0667,0.032202,-0.91269,0.25017
4.5194,-4.1366,-3.4864,-1.3864,6.2869,0.16931,-1.1497,0.010783
4.4897,0.94842,-0.84033,0.063441,-2.8267,-0.072949,0.64614,0.17268
4.4509,-3.0822,-2.3208,-1.4107,5.3731,0.038619,-0.48294,0.14128
-0.69434,5.9109,-0.19129,0.96922,1.7852,-0.0069832,1.8182,0.099617
-0.68276,0.60551,-1.457,-0.056609,-1.6954,0.027723,-0.74861,0.033637
-0.81547,5.5971,2.0261,0.38512,1.2602,0.01834,1.9837,-0.036603
-0.74141,0.047867,1.0239,-0.30861,-3.2766,-0.012387,0.21285,-0.07586
-0.67941,0.40561,1.2601,-0.075962,-2.7289,0.092976,0.033831,-0.17457
-0.65036,1.7123,1.3391,0.097225,-0.14861,-0.03796,1.8925,-0.11322
-0.63832,-8.2423,3.1197,-0.24555,1.51,0.015375,-2.3566,-0.049648
-0.48497,1.4954,0.16685,-0.57457,4.9298,-0.24003,1.3609,0.0078871
-0.57563,-2.9768,1.6947,0.074174,-2.7371,0.021196,-0.55639,0.0069135
-0.64548,3.4443,-1.9006,-0.5909,0.83075,0.063834,3.9362,0.081241
-0.64185,-0.57267,0.82405,0.2645,-6.4031,0.068069,0.91173,-0.001556
-0.84574,-3.0018,0.69233,0.35594,-3.6495,0.036393,-1.8806,0.20427
-0.6441,1.3772,0.76547,0.17747,4.171,-0.23231,0.42408,0.15537
-0.60812,-0.84844,-2.019,-0.71646,3.2565,0.096075,-1.3125,0.17536
-0.60796,5.0365,0.19543,-0.33505,7.5531,0.28409,3.3002,0.0051369
-0.61333,-1.6099,1.2089,-0.33572,-8.3549,0.085608,-0.70249,-0.01521
-0.49341,0.33334,-1.6566,0.18586,-5.5395,-0.009255,-0.02001,-0.048479
-0.60293,1.8263,0.25637,0.23064,-2.4504,0.044453,1.9667,-0.098348
-0.60442,-2.644,-1.6048,-0.70405,7.3882,0.31654,-1.7621,-0.13176
-0.68951,3.4189,0.21851,0.20682,3.595,-0.31054,-1.141,-0.061452
-0.57355,-2.0567,0.97293,-0.47645,-3.2709,0.097962,-0.3289,-0.099297
4.4946,2.4778,0.26211,0.27649,-0.47722,0.044491,1.6516,-0.014552
4.471,-4.032,-0.59937,0.37311,-2.9655,0.071901,-0.060834,0.070484
-0.24304,-4.2595,-2.0472,-0.72819,0.68475,0.046879,0.20931,0.14072
-0.53249,-0.90794,0.0077177,-0.35078,0.23776,0.047886,0.88256,0.16723
-0.6004,-2.4503,-0.95508,-0.36622,2.9138,0.062101,-0.67191,0.13705
-0.66732,3.9733,0.33857,0.6955,3.8147,-0.11537,0.4774,0.067028
-0.71719,-3.6647,-0.51147,-0.14401,0.016022,0.057987,-0.62618,0.018133
-0.82309,4.5489,1.0064,0.32449,5.2721,0.030123,2.4575,0.0054776
-0.71699,0.49241,1.5444,0.037929,-4.7108,0.031406,-0.91194,-0.044658
-0.64171,1.3491,2.0852,0.10069,-0.70882,0.040038,-0.56207,-0.15313
-0.62732,1.9716,1.4948,-0.39923,-0.37798,0.059348,1.9793,-0.0845
-0.45973,-3.1044,1.2128,0.13844,6.9021,0.3005,-4.2308,-0.14819
-0.55499,4.4469,1.1311,-0.22919,8.075,-0.067834,-0.6116,-0.10392
-0.6267,-5.5364,3.6137,-0.47063,-1.9571,0.070437,-0.79282,-0.035751
-0.62261,3.3364,-0.21575,-0.26948,4.4659,0.081296,5.9916,0.0267
-0.74208,-2.3026,-0.40291,1.0068,-6.7849,0.018193,-0.6816,0.14975
-0.62522,-2.1644,-2.7155,-0.26363,0.17119,-0.04054,-3.6206,0.15528
-0.59489,1.5529,-0.932,-0.71916,3.82,-0.33423,0.28112,0.12374
-0.59482,-0.90089,-0.4337,-0.76308,3.7265,0.081976,1.5201,0.012998
-0.47031,4.0991,0.037866,-0.5686,6.937,0.23267,4.6989,0.11366
-0.55853,-0.70285,-0.38613,0.15249,-7.8587,0.075835,-1.4511,0.046438
-0.57428,1.3027,-1.2052,-0.07485,1.8105,-0.026473,1.3821,-0.025164
-0.51623,0.50336,-0.25676,0.2942,-4.354,0.023737,0.49998,-0.075884
4.4573,-6.4737,-2.2481,-0.8824,7.1448,0.24169,-0.58741,-0.10482
4.4287,3.1817,0.050026,0.78386,-0.94608,-0.054396,0.027069,-0.13505
-0.66325,-0.79967,-1.3004,-0.40894,3.6571,0.018956,-1.3897,-0.11838
-0.66857,4.6446,-0.16644,0.40437,3.3736,0.032626,1.7114,-0.060283
-0.67154,-2.886,0.69436,-0.14758,-1.7565,0.042399,-0.28286,0.016332
-0.46224,2.2615,0.22458,0.24004,0.67779,0.052282,1.7001,0.0020703
-0.68224,-1.8834,0.64684,0.91244,-2.772,-0.042838,-0.19237,0.20125
-0.66011,-4.1944,-0.077433,0.05118,-1.3765,0.057699,-1.6295,0.23554
-0.64951,2.264,0.85386,-0.034444,3.3613,-0.062982,2.3147,0.11298
-0.85552,-2.1497,0.0064522,0.2743,3.1509,0.074076,-0.15038,0.22685
-0.70357,7.8997,0.14258,0.19335,6.0174,0.047521,1.448,0.058023
-0.63458,-1.6675,1.7383,-0.25127,-4.5881,0.0046388,-0.17211,-0.0076648
-0.6311,4.3908,-0.10443,-1.234,-5.139,0.069918,2.278,-0.055537
-0.31775,1.1487,1.8445,1.0212,-4.2191,0.028576,2.0839,-0.11765
-0.60971,-4.2834,1.1296,0.3621,3.5082,-0.050205,-4.765,-0.13853
-0.61798,3.1322,1.6554,-0.23668,6.1388,-0.68048,0.34902,-0.087834
-0.617,-4.2137,0.92172,-0.50883,-3.6201,0.089465,-1.0896,-0.058945
-0.93489,0.46743,-0.2057,-0.28546,2.371,0.072183,4.5651,0.0070839
-0.67259,-2.1786,-1.1931,0.18043,-7.4099,0.065502,-0.70138,-0.042882
-0.59354,-1.4642,-1.5608,0.54641,1.1362,-0.0603,-2.0677,0.12174
-0.59133,2.3345,-0.40806,0.18981,-0.56694,-0.10928,-0.083041,0.07136
-0.59879,-2.8526,-1.0934,-1.0775,3.6153,0.033858,2.4006,0.14749
-0.50503,6.0467,1.4721,0.46785,1.0485,-0.20813,1.3884,0.13778
4.4784,1.3222,-0.031784,0.38836,-4.4711,0.0031628,-0.283,0.022733
4.4402,4.1047,-1.2896,0.1988,-1.8468,0.056672,1.1181,0.06513
4.363,-1.4962,-0.5568,-0.2994,-2.4374,0.018777,0.58928,-0.04461
-0.73611,-4.4792,-1.501,-0.39771,-0.015152,-0.024221,-1.7348,-0.10163
-0.6271,0.66573,0.20688,-0.1005,0.62088,-0.021532,1.7067,-0.12137
-0.66122,-3.3811,-1.3294,-1.0595,1.7659,0.025412,-0.67633,-0.099248
-0.66589,3.959,0.75194,0.63162,3.9712,-0.3088,0.1221,-0.05123
-0.49043,-3.0652,-0.32755,-0.80834,-2.477,0.065483,-0.46293,-0.033366
-0.6622,2.7611,0.90301,1.2712,0.20547,-0.0402,1.6677,0.28758
-0.66066,-1.745,0.80686,0.74756,-5.7082,-0.060788,-0.62136,0.19969
-0.65479,-7.403,0.71247,-0.12145,-3.7646,0.03346,-4.0516,0.018036
-0.76457,3.736,1.4101,0.31244,0.74661,-0.27656,-0.0079561,0.13926
-0.7018,-4.2243,0.97439,1.0577,4.177,0.018276,-2.8275,0.16302
-0.62674,6.6628,0.68861,-0.29354,6.3857,0.19159,2.8468,0.051452
-0.62843,-1.691,0.60295,-0.11063,-7.1407,0.079326,-0.58316,0.05997
-0.44855,3.6406,-2.726,-0.87727,-6.5251,0.11354,1.354,-0.029764
-0.55397,0.37958,1.6991,1.1258,-5.459,0.0093685,0.98899,-0.075641
-0.61854,-0.55876,-1.8084,0.026741,6.371,0.054105,-4.9798,-0.12419
-0.61991,4.7957,2.248,0.4472,5.9795,-0.82618,-2.6135,-0.11434
-0.76653,-2.7737,0.44173,-0.35333,-8.9152,0.075424,-2.059,-0.10893
-0.67458,1.1486,-0.94491,-0.77464,-1.4,0.082791,2.7681,-0.091728
-0.58636,-1.5852,-0.90811,0.33408,-6.6841,0.10075,-0.41343,0.013314
-0.59073,-5.7326,-2.9901,-1.12,6.9471,0.24811,-1.8753,0.087326
4.5135,2.2176,-0.87219,-0.090464,-1.7345,-0.050577,0.61014,0.0023867
4.4935,-3.311,-1.3258,-1.1601,4.5419,0.040301,-0.71887,0.24289
4.4495,5.9968,-0.76187,0.12693,2.2329,-0.012913,1.4395,0.18025
-0.67938,0.0037223,-0.033165,-0.0041535,-2.896,0.10078,0.087081,0.10205
-0.78139,5.0997,1.083,0.33355,-0.6974,0.075186,0.085668,0.042276
-0.80449,0.50181,0.035476,0.2645,-2.039,0.062435,-0.26412,0.00031798
-0.62724,0.19929,-0.3053,-0.22358,-1.5441,0.089568,-1.2859,-0.052593
-0.64814,1.6916,0.92526,-0.12809,2.2259,0.015375,2.5197,-0.13887
-0.64484,-5.7209,0.07923,0.035399,1.2851,0.04967,-0.96131,-0.071649
-0.49747,3.5554,0.16073,-0.38023,5.3798,-0.070163,1.3297,-0.11962
-0.5913,-3.0586,0.53162,0.3346,-4.6561,0.090165,-0.88699,-0.075129
-0.63995,4.1683,-1.3146,-0.0092212,1.2081,0.094657,3.4745,-0.083453
-0.63304,-2.1071,2.2138,1.2145,-4.7813,0.10849,1.0796,-0.033098
-0.84495,-4.4501,-0.42166,0.63899,-0.15741,-0.013426,-4.6492,0.0080331
-0.66406,1.8253,1.1822,0.035912,5.1123,-0.45308,1.0226,0.17166
-0.60687,-3.8758,0.73195,-0.10686,2.2221,0.081238,-1.252,0.18694
-0.61437,4.6474,0.90887,-0.59079,6.3365,0.24551,3.6789,0.11658
-0.32004,-1.5069,-0.6511,-0.44902,-7.2755,0.072934,-0.55378,0.090977
-0.57454,3.1897,-3.3528,-0.89468,-4.7123,0.026407,0.74453,0.020056
-0.59322,2.8733,-1.465,0.35593,0.12825,0.0049854,2.1797,-0.032587
-0.60013,-1.2391,-1.4333,-1.0882,5.3131,0.063346,-0.31305,-0.05544
-0.66848,4.697,0.56958,0.48343,4.3612,-0.36314,0.18774,-0.12424
-0.72054,-2.8696,-0.60264,-0.16478,-6.2191,0.044286,-1.2088,-0.093383
4.501,2.487,-1.9709,0.47052,-1.2493,-0.029675,0.046084,-0.10258
4.4827,-3.9464,-1.9223,-0.67951,-3.7387,0.073787,0.22589,0.0071813
4.4565,-6.9818,-2.4784,-0.9479,2.81,-0.018406,-2.0513,0.016989
-0.50823,-0.012994,-0.71795,0.011351,-1.0189,-0.079424,0.56481,0.066541
-0.64385,-4.3698,-3.0876,-0.83405,2.7452,0.061806,0.28455,0.13367
-0.66544,2.4665,-1.3139,1.2626,1.2714,-0.12008,0.36243,0.14523
-0.64217,-0.64715,-0.68084,-0.30568,-2.8685,0.034692,-0.85103,0.0028004
-0.76052,5.104,1.8029,1.6385,1.1045,0.010845,1.9417,0.24959
-0.67077,1.1891,1.1344,0.69094,-4.9117,0.039775,-0.50448,0.064692
-0.63939,-3.4383,2.1252,-0.35137,-3.041,0.021151,-1.7139,-0.041129
-0.62613,3.2151,1.8356,0.36241,-0.02738,-0.11543,0.73752,-0.077928
-0.3683,-5.5079,4.6457,1.3912,4.8536,0.034827,-2.2,-0.11461
-0.59673,4.8067,1.7616,0.14972,7.1376,0.23247,0.86026,-0.14642
-0.62264,-2.414,0.85798,0.057654,-6.1469,0.052,-0.040303,-0.11227
-0.61646,2.951,-2.2299,-1.0628,-2.8108,0.044812,2.4821,-0.058215
-0.80747,-1.5701,0.79333,0.69189,-5.2088,-0.010686,0.5469,-0.028303
-0.67043,-3.9736,-1.5116,0.81986,2.1118,-0.1494,-4.7214,0.095187
-0.58697,-1.8427,0.49936,-0.48399,4.5774,-0.99526,-1.2608,0.13943
-0.59948,-2.0657,0.374,0.23809,-2.5627,0.073473,-2.4666,0.1297
-0.376,-1.6256,-0.6305,-1.031,3.0095,0.0099782,3.5266,0.034659
-0.53298,-0.45971,-0.55255,0.098728,-7.9238,0.10102,-0.99161,0.1048
-0.62823,-3.4129,-2.008,0.26887,4.7444,-0.076472,-0.74237,0.095698
-0.59234,2.5583,-0.017085,-0.59557,-2.4854,0.018847,1.2363,0.018863
4.4869,-1.0011,-1.0318,-1.1144,5.6268,0.1528,0.83606,-0.030786
4.4539,7.0211,-0.41227,0.29881,1.1862,-0.035554,0.75066,-0.10497
4.425,0.66306,-0.44934,0.16819,-3.4783,0.082579,-0.66514,-0.14143
-0.673,4.2184,-0.3843,0.2158,0.42987,0.071143,1.4795,-0.14128
-0.6647,-1.1729,0.72601,-0.074677,-3.4288,0.096659,-0.035172,-0.077076
-0.41075,-4.0685,-2.9369,-0.57428,0.3515,0.088548,0.39912,-0.065102
-0.69521,-0.27661,0.63163,-0.1303,-0.43448,0.067826,0.96358,-0.046046
-0.66271,-6.7715,-0.042139,-0.31485,1.8345,0.10168,-1.2817,0.1684
-0.65824,2.2453,-0.91145,0.66862,5.0921,-0.1417,1.0257,0.10529
-0.89132,-1.7654,0.46546,0.16972,0.11855,0.088195,-0.71957,0.19281
-0.64613,6.3814,0.61034,0.8904,5.4137,0.093284,2.8713,0.25472
-0.63306,-0.86043,1.2477,0.80744,-6.601,0.062666,-0.41713,0.10548
-0.62077,-1.2988,-1.1349,0.96133,-4.9616,0.026067,-3.6538,0.011684
-0.53489,2.6654,1.0502,0.25513,0.24932,-0.15976,-0.63333,-0.027086
-0.53284,-2.8463,-0.21747,0.69141,5.7255,0.073903,-3.0046,-0.091704
-0.62357,4.4187,2.156,-0.1585,7.9028,0.28628,1.4857,-0.13773
-0.62521,-3.2692,2.0055,-0.67951,-5.4595,0.047803,-0.99067,-0.11675
-0.86079,3.621,-1.5543,-0.16823,-2.5157,0.073069,3.5389,-0.097082
-0.60755,-1.4643,0.5468,1.3958,-6.3808,0.070238,0.046482,-0.058677
-0.59038,-0.21791,-1.893,0.17737,5.5989,-0.0086646,-3.9235,-0.060892
-0.59098,3.0349,1.0547,-0.15678,4.0706,-0.3099,-0.66011,0.033174
-0.41902,-2.1103,-1.9353,-0.70395,-2.6859,0.10069,-0.74788,0.088543
-0.37691,5.2245,0.88769,1.2018,1.7143,-0.039141,1.1839,0.22221
-0.6116,-1.4811,-1.5825,-0.62344,-6.2016,0.050473,-0.16566,0.15009
4.4937,-3.1519,-2.031,-0.56474,1.7827,0.049086,0.17039,0.14454
4.45,-0.83923,-2.0248,0.42449,-3.3729,-0.021942,0.35871,0.057901
-0.93485,-4.3883,-0.78992,-1.005,3.7712,-0.041265,-2.1381,0.01071
-0.66284,5.195,0.36359,0.80907,0.68441,-0.052073,0.46882,-0.057071
-0.65841,-1.272,-1.8239,-1.2762,2.145,0.023031,-1.2745,-0.094867
-0.6607,6.0144,1.3327,1.2367,2.9792,-0.039071,2.178,-0.058215
-0.51153,-2.69,0.86974,-0.41603,-2.557,0.0073342,-0.70808,-0.1149
-0.60271,1.6772,1.8242,1.0658,-1.3692,0.035347,0.69705,-0.018471
-0.64914,-0.79985,1.4669,1.0613,-3.9017,0.046584,0.88705,0.027163
-0.64735,-8.6824,0.58753,0.27106,-1.9003,0.0072508,-2.8776,0.098959
-0.82222,3.3068,1.6992,0.082851,1.7962,-0.16607,1.2926,0.10553
-0.69191,-3.5631,1.0516,0.78245,3.4376,0.044633,-1.6087,0.16148
-0.62288,6.9374,-0.29119,-0.84542,5.4368,0.11909,4.2993,0.12751
-0.61135,-1.1599,-0.7764,0.062715,-5.5036,0.08564,-0.088294,0.099154
-0.38033,2.6648,-1.0603,-0.24894,-6.5055,0.023185,1.0217,0.10779
-0.52473,1.6141,2.0508,1.0902,-2.3905,-0.023483,0.67909,0.014702
-0.60807,-1.0404,-0.094245,0.30048,5.7284,0.04247,-3.1823,-0.042444
-0.61141,1.0405,1.8307,-0.50696,5.8869,-0.7093,-0.41251,-0.082528
-0.70056,-0.36608,-0.0025543,-0.14293,-8.1152,0.024848,-1.8606,-0.10942
-0.62653,-3.7945,-1.3303,-0.97784,-1.5175,0.034833,2.6017,-0.11461
-0.59884,0.58188,-1.4124,-0.60545,-7.3647,0.010819,-0.92413,-0.087858
-0.58214,-8.0229,-2.2713,-0.80535,6.1558,0.014349,-2.5224,-0.010658
-0.61802,2.4194,0.23116,-0.16569,-1.3975,-0.14799,0.24388,-0.0043549
4.5047,-1.1712,-0.57604,-0.50225,0.83747,0.026837,0.86309,0.068342
4.4803,4.932,-0.23621,1.0333,1.612,-0.036067,0.89771,0.16409
4.4864,-0.38526,0.17695,-0.24591,-3.8801,0.058443,-0.26253,0.1433
-0.65996,1.7617,-0.50246,0.01929,-0.95285,0.052975,0.87252,0.045878
-0.87683,-2.1905,-0.038555,0.28474,-3.1818,0.026548,-0.92955,0.11329
-0.63484,-1.7213,-0.07099,0.075246,-0.31306,-0.012502,-1.8842,0.016162
-0.64936,3.4171,0.32028,-0.57553,3.2011,-0.13165,0.70772,-0.029009
-0.65198,-3.789,-0.73637,0.13574,-0.04201,0.078023,-1.9648,-0.068315
-0.45118,2.8381,0.22873,-0.072082,5.3375,-0.33278,1.3705,-0.19241
-0.61601,-0.79075,0.78091,-0.023987,-4.6114,0.013527,-0.64368,-0.16041
-0.63383,5.1098,0.57895,0.28684,0.19778,0.077208,1.9747,-0.11991
-0.62803,-1.6265,1.3261,0.16856,-5.0721,0.063449,0.70269,-0.086422
-0.86581,-6.9827,-1.7037,0.66259,3.3776,-0.0469,-3.4503,0.014677
-0.77968,2.4083,-0.62411,-0.79718,5.2791,-0.5132,0.31118,0.0080087
-0.60528,-4.8166,-0.17245,-0.28221,1.5441,0.084582,1.2954,0.203
-0.61338,2.9538,0.90683,-0.82619,5.347,0.098822,5.5075,0.1369
-0.26443,-1.3695,-0.55947,1.193,-8.1527,0.063077,-1.0526,0.15576
-0.56954,2.0269,-2.0643,-0.24638,-5.6049,-0.0081833,-0.090053,0.11047
-0.60909,2.0678,1.0266,0.49728,-0.4409,0.022306,1.0533,0.025459
-0.60154,0.034541,-1.1608,-0.97382,5.241,0.036534,-0.89635,0.033929
-0.72936,6.7409,0.72178,-0.17092,5.1288,-0.47876,0.36635,-0.045802
-0.65247,-1.3147,0.13647,-0.23954,-7.7301,0.1081,-1.1195,-0.10249
-0.59982,1.5709,-0.63272,0.15856,-0.74228,0.063635,1.4205,-0.12969
4.4838,-2.5727,-0.96605,0.19841,-6.1363,0.049183,-0.51313,-0.1009
4.4664,-8.0367,-1.8907,-0.93209,5.7988,0.051018,-2.9185,-0.035872
4.4415,0.88329,-0.48784,-0.1383,-1.3529,-0.026223,0.3839,-0.024653
-0.68545,-2.4798,-2.6813,-0.82168,2.848,0.047322,-0.93052,0.054884
-0.66901,3.5979,-0.36868,0.68164,2.7889,-0.028803,1.4542,0.20271
-0.66216,-1.0309,0.66881,-0.69583,-2.9555,0.049934,0.15102,0.066249
-0.76975,2.569,1.8381,0.49704,-0.72179,0.082323,1.4686,0.15401
-0.61474,1.1679,0.38673,0.29827,-4.0611,0.016453,-0.9158,0.24302
-0.63659,-3.258,1.3767,0.84594,-3.5488,0.053354,-2.1269,0.1169
-0.63525,3.1595,0.061121,0.60801,1.3633,-0.055666,1.4811,0.0017539
-0.39211,-2.1638,0.86722,0.34464,2.9851,0.088079,-1.9538,-0.037162
-0.59751,7.3196,0.74194,-0.027147,5.9375,0.11635,2.0052,-0.069848
-0.62734,-2.9223,1.1457,0.26107,-5.7008,0.055408,-0.92138,-0.14323
-0.62686,0.90228,0.76733,-1.1825,-6.0518,0.12466,0.19485,-0.11434
-0.92529,-0.0090061,2.7184,0.54461,-5.5364,-0.038686,1.1846,-0.092945
-0.65672,-4.4609,-0.91376,0.2195,5.3125,-0.073225,-4.8066,-0.041933
-0.59749,0.75784,0.44582,-0.45789,6.4336,-0.74272,-1.3862,0.032955
-0.60445,-3.5147,0.20796,-1.0165,-6.4468,0.037233,-1.4072,0.074987
-0.29067,-1.3761,-1.01,-0.99518,1.5742,0.0278,3.8289,0.12391
-0.48119,-0.15559,-2.1328,-0.087484,-8.6844,0.075937,-1.9351,0.041449
-0.6559,-1.5503,-1.188,0.39642,4.3209,-0.35634,-3.1502,0.056392
-0.59899,4.177,-0.40797,-0.1389,0.052553,-0.047632,1.2727,0.081899
-0.79004,-0.70932,-1.1683,-1.5944,3.1365,0.13515,1.5822,0.065105
4.4992,6.5251,0.43332,-0.11652,0.43023,-0.02397,1.2593,-0.0054014
4.4556,0.40133,-0.6691,-0.62662,-3.8003,0.057782,-0.30063,-0.064859
4.4238,3.2181,-1.4836,0.083981,-0.30201,0.065406,1.2826,-0.10453
-0.65866,-0.82478,-0.25611,-0.015201,-2.7882,0.052565,0.10167,-0.078172
-0.44014,-3.3132,-0.63972,-0.50633,0.50313,0.0050367,-0.42895,-0.1174
-0.65487,-0.10614,0.77849,0.41472,0.179,0.0040677,1.0901,-0.081117
-0.65867,-4.4217,-1.1727,-1.1609,2.3998,0.05843,-0.51221,-0.05359
-0.6592,2.3031,0.24897,0.46361,4.4923,-0.26646,1.1022,0.16061
-0.7608,-3.2192,0.018606,-0.38694,-3.7135,0.087919,-0.6524,0.20532
-0.66223,4.2309,0.94629,0.67681,1.6945,0.066478,2.0421,0.24007
-0.62476,-0.19925,1.8762,0.5696,-7.054,0.04797,-0.017769,0.26786
-0.61446,-10.041,2.8442,0.65827,0.59413,-0.020601,-3.916,0.077688
-0.38825,5.7746,2.7802,0.24698,2.6653,-0.31378,-0.16798,0.10991
-0.54849,-3.7862,3.5501,1.2867,1.7729,0.066054,-2.7468,0.02047
-0.6248,6.8603,1.763,0.38896,5.8942,0.12806,4.2188,-0.022608
-0.62575,-2.4175,0.94809,0.66427,-7.071,0.10582,-1.3167,-0.082747
-0.79629,2.1317,-1.9511,-0.57631,-6.5131,0.075777,1.413,-0.11977
-0.60889,-0.91534,1.5952,0.90307,-2.9138,0.0058132,0.66461,-0.17304
-0.58371,-2.2501,-1.5179,0.028552,7.4133,0.34007,-3.7464,-0.09292
-0.59335,1.7982,0.6993,-0.54531,6.1966,-0.53887,-2.6161,-0.071503
-0.3792,-2.2057,-0.61678,0.38128,-8.538,0.064963,-1.9832,0.010783
-0.4795,-2.4147,-1.2683,-0.83621,-1.9926,0.077715,1.7135,0.074159
-0.54021,-2.4455,-1.6062,0.084771,-7.0607,0.036559,-0.68727,0.21388
4.5268,-2.9786,-2.9536,-0.47047,7.6303,0.24759,-3.5378,0.024412
4.4924,3.3122,-0.33138,0.069755,-2.5038,-0.13094,-0.38987,0.12466
4.4517,-3.4357,-0.31978,-0.95283,4.5433,0.0052357,-0.88342,0.12846
-0.73197,5.9739,0.0546,0.70654,1.6946,-0.0049617,1.3705,0.11317
-0.66799,0.32037,-0.92461,0.32616,-2.1407,0.057468,-0.70273,-0.0053527
-0.65719,5.223,1.3401,1.0444,-0.74549,0.042464,1.8825,-0.056438
-0.50664,-0.58338,1.3871,-0.022806,-3.5489,0.052468,-0.3932,-0.072136
-0.61282,-0.99966,0.95472,-0.14773,-3.7955,0.034063,-0.55717,-0.12522
-0.64938,1.1879,1.1496,-0.06652,0.023768,0.052655,1.7873,-0.093918
-0.64596,-6.9917,0.90668,0.047686,0.56921,0.090049,-2.2798,-0.071576
-0.82985,2.9108,-1.2509,0.15585,5.1913,-0.25195,1.5336,0.097718
-0.7266,-3.279,0.56825,0.2577,-4.096,0.067331,-0.85856,0.021176
-0.62337,5.6935,0.92366,0.34728,-0.68761,0.10034,2.8951,0.12751
-0.62119,-2.3412,2.6179,0.55775,-6.3379,-0.00057216,0.26914,0.051866
-0.42428,-2.1841,1.4508,0.96716,-4.6681,0.023493,-2.1254,0.20327
-0.56892,2.7618,1.2842,0.23022,4.5794,-0.3464,-0.4502,0.13023
-0.60946,-1.3291,-1.5641,-0.61773,3.4101,0.084498,-0.78719,0.10332
-0.61258,3.9979,0.88955,0.053794,7.055,0.18436,3.4524,0.016551
-0.76533,-0.93183,1.0512,-0.5911,-8.3817,0.029102,-0.67983,-0.05892
-0.62678,0.56311,-2.1008,0.63814,-5.8266,0.055581,0.93821,-0.071333
-0.55535,0.7495,0.88926,1.0692,-4.1116,0.051358,0.83311,-0.11375
-0.58867,-2.2141,-1.4753,0.0065406,7.0712,0.25946,-2.9323,-0.11305
-0.61033,3.7446,0.1984,0.47591,2.4502,-0.28467,-1.9441,-0.071041
-0.39392,-3.1017,-0.6328,-0.0032672,-3.438,0.12456,-0.63277,-0.008687
4.4971,2.2567,-0.39199,0.60122,0.41436,0.038016,0.51286,0.03405
4.4712,-2.3732,-0.53612,-0.39037,-3.1391,0.09123,-0.31926,0.10942
-0.6708,-2.3005,-2.3952,-0.55551,-0.19971,0.074788,0.59187,0.05739
-0.80287,-1.7872,-1.7217,0.41654,-1.2108,0.065419,0.29905,0.18901
-0.70225,-3.2253,-1.304,-0.0035241,1.4328,0.04392,-1.6443,0.11824
-0.65268,4.0432,0.48418,0.71891,2.8911,-0.14522,-0.32624,0.033028
-0.65296,-3.3979,-2.058,-0.73583,1.0107,0.03303,-1.6842,0.0067675
-0.63599,5.1166,0.81472,-0.26609,5.6567,-0.043563,1.9556,-0.076492
-0.60338,-0.431,1.5048,-0.14869,-5.0157,0.015279,-0.57206,-0.10399
-0.63521,2.7945,1.5334,0.53361,-2.4167,0.011615,-0.51291,-0.168
-0.63307,0.75501,2.3924,-0.28116,-2.9131,0.012661,1.3562,-0.1231
-0.74987,-6.1233,1.5882,-0.13678,5.5489,0.0061149,-5.0358,-0.12259
-0.63782,4.4347,0.75109,-0.033487,6.5698,-0.47445,0.040336,-0.043928
-0.6113,-4.8394,2.3431,0.21563,-1.5922,0.063821,-1.6344,-0.0042332
-0.61059,3.5018,-0.29074,-0.15467,4.2516,0.048214,6.0329,0.14172
-0.53069,-2.2986,-0.29952,0.62898,-7.9078,0.01404,-1.1332,0.11887
-0.48376,-0.48361,-3.013,0.3042,-4.8797,0.022492,-2.2242,0.16326
-0.63564,1.5956,-0.38867,-0.30081,1.3867,-0.23973,0.42485,0.15021
-0.60508,0.011442,-1.1807,-1.0809,4.2133,0.05913,0.67888,0.03074
-0.84003,5.7448,-0.27761,-0.40352,6.3464,-0.1581,2.1292,0.072967
-0.64255,-0.81607,-0.46853,0.0097713,-9.6251,0.051095,-2.106,-0.033998
-0.55358,-1.3715,-1.8481,-0.53832,-0.90609,0.059861,0.45425,-0.081555
-0.546,0.39495,-0.45854,0.25279,-5.7055,0.035321,-0.083143,-0.11229
4.4679,-2.6787,-1.9851,0.20257,6.6408,0.068461,-0.8085,-0.085911
4.4434,3.2884,0.70657,1.2584,-2.217,-0.17648,-1.1215,-0.12174
4.4025,-1.996,-1.4005,-0.35217,1.8653,0.033242,-1.0617,-0.068023
-0.67578,3.7702,-0.20176,0.24443,1.5451,0.063507,1.6663,-0.017619
-0.67412,-1.8519,0.40836,-0.0051041,-3.2966,0.054426,-0.53678,0.012292
-0.69442,1.4515,-0.33708,0.33074,-1.3146,0.066279,1.09,0.0111
-0.65183,-0.35089,0.8762,0.56594,-2.7539,0.039255,-0.16693,0.21505
-0.64107,-3.6377,0.32156,0.13118,-1.6879,0.090062,-2.7092,0.21697
-0.64637,2.4882,0.5014,0.224,2.8039,-0.1374,1.7659,0.17192
-0.2867,-2.5095,0.29228,1.0985,0.83919,0.065329,-0.66904,0.10117
-0.54368,7.4056,0.41611,0.60658,4.9493,-0.023181,1.3407,0.017574
-0.63739,-1.6203,1.46,0.39532,-6.5882,0.036945,-1.6288,-0.071771
-0.63903,1.6696,-0.24578,-1.0798,-7.1864,0.0793,1.3788,-0.096766
-0.78922,1.0791,2.0287,1.4329,-3.9181,-0.0035627,1.2288,-0.11283
-0.69504,-4.3115,1.7349,0.25298,5.0102,-0.13091,-5.3544,-0.12242
-0.61844,2.813,1.8015,0.017986,6.4614,-0.83925,-1.3814,-0.067585
-0.6105,-4.8862,0.72607,-0.32128,-6.0366,0.058725,-1.4508,-0.02823
-0.33614,0.63612,-0.26013,-0.60076,-0.062838,0.10665,3.2789,0.046146
-0.3977,-1.507,-0.47223,0.61437,-7.6161,0.11469,-0.85568,-0.0084193
-0.60051,-0.96501,-1.4887,0.55608,2.0757,-0.12793,-3.3107,0.12374
-0.60841,3.6115,0.033619,0.00090128,0.45332,-0.29612,-0.62047,0.067101
-0.86874,-1.5312,-1.2009,-1.2725,1.1239,0.095459,1.292,0.11086
-0.70939,6.0766,1.3212,0.55197,0.12653,-0.14212,0.24052,0.095357
4.4806,-0.4066,-0.39552,-0.097992,-6.1191,0.05225,-0.81055,0.02305
4.4392,1.5335,-1.6515,-0.16042,-1.7104,0.062878,0.12223,-0.054296
4.4078,-1.0989,-1.0906,-0.58221,-2.0816,0.078645,1.0014,-0.066733
-0.47609,-3.7783,-0.62331,-0.28833,0.94517,-0.0068228,-2.0715,-0.12991
-0.59591,1.231,0.15327,0.50524,1.0824,-0.13156,0.29939,-0.14715
-0.66671,-3.477,-1.2778,-0.75051,0.52413,0.086828,-1.3659,-0.10309
-0.66557,3.0915,0.486,0.6091,3.9601,-0.23312,1.1366,-0.042273
-0.85233,-3.5397,-0.15535,-0.90237,-3.8703,0.06024,-0.53104,-0.008541
-0.68117,3.4307,1.4556,0.98288,-1.1976,0.040269,0.79737,0.19784
-0.63368,-0.044122,1.0484,0.423,-4.9695,0.014515,-0.068091,0.26996
-0.64343,-9.9642,0.26773,-0.37167,0.015348,-0.012425,-3.5071,0.094846
-0.39755,4.888,0.74849,-0.19934,2.6152,-0.35142,-0.021005,0.1444
-0.55276,-2.6804,2.7037,1.318,1.5333,0.098495,-1.4056,0.12972
-0.63276,6.3812,0.46393,-0.10859,5.4797,0.11913,4.8731,0.051452
-0.6295,-1.6291,0.83838,0.072748,-7.3663,0.12491,-0.75893,-0.0091495
-0.86093,1.6871,-2.6949,-0.39793,-7.7594,0.098674,-0.10781,-0.088248
-0.72466,0.89212,1.8201,0.46671,-4.1432,-0.012271,0.82942,-0.11748
-0.60026,-1.6903,-0.51014,-0.021457,6.1094,-0.005565,-3.5182,-0.13408
-0.60725,1.8945,0.81992,-0.41919,6.5289,-0.4503,-1.8968,-0.077539
-0.32592,-2.514,0.033414,0.12871,-9.7321,0.064822,-1.7507,-0.083867
-0.54439,-2.6011,-1.5508,-1.4445,-3.1147,0.019155,1.6897,-0.072306
-0.53222,-2.0672,-1.0909,1.3601,-5.3233,0.11236,-0.79313,0.012024
-0.595,-4.9905,-2.6035,-1.4098,7.1741,0.18097,-1.8922,0.096258
4.5137,4.0892,-0.69359,-0.047733,-1.0324,0.015959,0.84267,-0.027038
4.489,-1.7135,-0.86769,-1.1371,3.0884,0.089382,-0.73107,0.20434
4.447,7.1389,0.73317,0.52895,1.6789,0.067582,1.0603,0.15628
-0.67345,0.76682,0.41612,0.11254,-2.7836,0.11125,0.083029,0.069876
-0.6611,3.3395,0.32241,0.13632,-0.1523,0.070303,0.81895,-0.036213
-0.45105,-0.7919,0.88756,0.18453,-2.8463,0.074557,-0.44299,-0.046046
-0.64782,-2.0795,-1.0919,-0.50231,-0.93033,0.090884,-1.7753,-0.08226
-0.65063,1.6646,1.0108,0.10681,1.583,0.067992,2.0766,-0.17304
-0.64978,-5.8451,-0.57709,-0.42476,2.9271,0.15256,-0.85392,-0.097593
-0.81834,2.5326,-0.8241,-0.38411,6.1151,0.045223,1.4513,-0.037941
-0.69157,-3.3552,0.95374,0.44736,-5.7527,0.11858,-1.8741,-0.054321
-0.62448,4.1811,0.3911,-0.047675,1.0719,0.14268,2.2378,0.00053702
-0.6263,-2.9059,1.596,0.72547,-4.2274,0.10857,0.90342,0.089224
-0.2615,-4.5713,0.50957,0.85458,2.655,0.038016,-4.5503,0.035632
-0.54302,3.1738,1.5632,0.12315,6.352,-0.43066,0.39834,0.19804
-0.64655,-3.1057,0.50862,-0.036865,1.0336,0.11554,-0.98599,0.15248
-0.62276,5.7243,0.99584,-0.265,6.2537,0.17253,4.5511,0.093435
-0.77646,-1.5145,-0.46765,-0.57804,-7.5397,0.059772,-0.74803,0.036362
-0.69036,2.3166,-3.1703,-0.14444,-4.1625,0.051929,0.15081,-0.0312
-0.60099,2.6564,-1.0349,0.39166,0.10668,-0.030702,1.2996,-0.062084
-0.59795,-0.94311,-0.79539,-0.88778,5.8233,0.053835,-0.44722,-0.085716
-0.60529,4.4804,0.30516,0.11594,4.7924,-0.40105,-0.33136,-0.1128
-0.42952,-3.6862,-0.71814,-0.46606,-7.2712,0.028018,-1.4014,-0.10202
4.4856,1.9096,-2.0443,0.15102,-1.29,0.034358,1.0958,-0.10178
4.4868,-3.4446,-1.559,-0.41201,-4.8236,0.0073342,-0.23851,0.016843
4.4535,-5.4423,-2.6425,-1.0525,2.3998,0.044331,-1.1611,0.013923
-0.8338,-0.54133,-1.2558,-0.16974,-0.67304,-0.043576,0.31323,0.16321
-0.72568,-3.247,-1.8388,-1.0039,2.4016,0.039479,-0.17358,0.18234
-0.66182,5.0896,-0.57586,0.84803,2.8401,-0.23422,-0.26613,0.12719
-0.65213,-0.66076,0.0084886,0.11804,-2.8752,0.010735,-0.91329,-0.0031623
-0.45556,4.1076,1.8381,1.1074,0.99286,0.017788,1.5546,0.13072
-0.63018,0.47394,1.1318,0.50959,-5.3156,-0.00038605,-1.3501,-0.016134
-0.65078,1.3541,1.9908,0.77935,-2.0121,-0.0041018,-1.4979,-0.087079
-0.64849,2.5013,1.5694,-0.35374,-0.74601,-0.088672,0.53627,-0.11952
-0.8316,-3.9994,2.6744,0.68854,4.3231,0.060465,-3.722,-0.13936
-0.62459,4.7618,1.2815,0.045926,6.9715,-0.26878,1.1745,-0.11677
-0.62353,-3.8308,3.1014,-0.43357,-5.8059,0.041039,-1.3473,-0.090949
-0.61828,3.6399,-0.36754,-0.80274,-1.263,0.10348,3.6009,0.019326
-0.32415,-3.3879,1.2676,0.88181,-7.2963,0.1054,0.1585,0.071141
-0.43292,-3.6925,-1.3268,0.71124,-1.6724,-0.080444,-4.1526,0.13009
-0.63017,0.79965,-0.40104,-0.26338,2.6348,-0.81408,-1.2269,0.13023
-0.62101,-2.0074,-0.64654,-0.75324,0.75395,0.088182,-0.66894,0.12235
-0.78426,1.7361,-0.098639,-0.99977,5.8909,-0.011244,4.2478,0.044394
-0.72474,-1.0309,-1.6367,0.1629,-8.7398,0.095703,-1.5956,0.056222
-0.56278,-1.8506,-1.5998,-0.9195,1.1389,-0.037158,-0.19932,0.021906
-0.58745,2.487,0.0030539,-0.013017,-3.5975,0.083632,1.0134,-0.063301
4.5103,-1.6431,-1.4198,-1.3352,7.1301,0.18236,-2.1772,-0.048187
4.4555,4.1556,-1.1794,-0.081074,1.4907,-0.045334,-0.12719,-0.13154
4.4279,-1.4732,-0.62799,-0.54974,-1.0091,0.038504,-1.2093,-0.12687
-0.67559,4.646,0.29614,0.78465,0.96681,0.033421,0.79914,-0.11867
-0.68143,-1.4134,1.1593,-0.45567,-2.8474,0.074615,0.063378,-0.029812
-0.80814,-1.8078,-1.5421,-0.69189,-1.5363,0.034872,0.94714,-0.002919
-0.74482,-0.89628,-0.02825,0.44422,-2.2976,0.053425,0.24871,0.025532
-0.64786,-4.9805,0.067789,-0.020076,-0.42539,0.040448,-1.6702,0.20196
-0.65406,0.81341,-0.30915,0.47365,3.6472,-0.060133,1.0979,0.16058
-0.4043,-3.3062,-0.75913,0.57835,1.4483,0.13799,-0.84003,0.17769
-0.57569,6.1717,0.00016948,0.21239,5.3667,-0.1229,1.2611,0.16078
-0.64409,-0.19099,1.5235,0.39033,-6.846,0.037663,-0.74221,0.050722
-0.64319,0.2276,0.81108,-0.40106,-4.4609,0.064322,0.79704,-0.029764
-0.75782,2.6053,2.3024,1.1749,-3.9254,0.0062689,1.7241,-0.070432
-0.73281,-4.676,1.064,0.51554,6.6962,0.10608,-6.0009,-0.11171
-0.63132,3.9331,1.4011,-0.72833,7.4762,-0.27289,-0.51153,-0.12188
-0.61214,-3.8496,1.3249,0.038854,-3.3307,0.040006,-0.48145,-0.079632
-0.61745,2.7666,0.018054,-0.49034,2.4553,0.085666,4.612,-0.045097
-0.46046,-2.5956,-0.0033252,0.46065,-7.0642,0.10494,-0.59856,-0.014625
-0.52565,0.41153,-2.6667,0.18846,2.6483,-0.036484,-2.5684,-0.042322
-0.60806,2.563,-0.7692,0.80886,1.6753,-0.13934,-1.0506,0.136
-0.50844,-2.0796,-1.7301,-1.3228,2.6214,0.10244,0.53137,0.044418
-0.72927,5.571,-0.21002,0.88487,3.4636,-0.059433,1.5484,0.16377
-0.52001,-0.39599,-0.39127,-0.20771,-5.4779,0.069526,-0.28776,0.12712
4.4825,0.57762,-2.4714,-0.22046,-0.46404,0.081822,0.20129,0.03534
4.4421,-1.129,-1.3131,-0.40092,-3.0792,0.085217,0.31253,-0.031346
4.5199,-3.7909,-1.3434,-0.84331,4.4634,0.058417,-1.8362,-0.068753
-0.59737,2.8985,0.64225,0.76195,0.0876,-0.0016824,0.38928,-0.10947
-0.66049,-2.2366,-2.5162,-1.0298,2.2672,0.048111,-0.1338,-0.13361
-0.65694,4.8043,0.54621,0.44398,3.4404,-0.0030236,0.8921,-0.076882
-0.79908,-3.323,0.48204,-0.8448,-2.5702,0.069674,-0.27041,-0.034144
-0.69215,2.3229,2.6214,1.0123,-0.053924,0.056499,1.0837,0.060968
-0.63261,-1.2641,1.1111,1.0101,-3.5397,0.029635,0.32807,0.30892
-0.64213,-10.88,0.13229,-0.38531,-1.6282,0.086122,-2.8591,0.14771
-0.37509,2.7362,0.69136,0.082645,1.1753,-0.089923,1.9011,0.14425
-0.56182,-1.9095,2.7002,1.2174,4.2565,0.098578,-1.0822,0.12067
-0.62812,6.7699,0.59103,0.22785,6.2466,0.21782,5.4593,0.15993
-0.62538,-1.8676,1.4133,-0.066533,-6.5966,0.077587,-1.0559,0.056636
-0.68163,2.6758,-0.90397,-0.72015,-5.4549,0.094266,1.1633,0.014166
-0.73267,0.48994,1.6074,0.9284,-3.1597,-0.042466,0.88682,-0.075251
-0.57014,-0.8125,-0.91405,-0.29836,6.3538,-0.014755,-4.979,-0.10275
-0.60494,2.0981,1.1839,-0.56305,6.8537,-0.75764,-1.5271,-0.11417
-0.57155,-1.6093,0.88497,-0.19247,-8.5482,0.077035,-1.3322,-0.10166
-0.55957,-3.0837,-1.5032,-0.65281,-2.8853,0.10933,2.7146,-0.10185
-0.60532,-0.56434,-0.042062,0.54951,-6.4887,0.016107,-0.12756,-0.096961
-0.59132,-6.3534,-1.7794,-0.74456,6.6927,0.0099975,-2.7277,0.022879
-0.64577,1.8205,0.067673,0.017498,-0.38779,-0.081593,-0.2295,0.037166
4.5191,-0.29574,-1.3945,-0.77137,2.2955,0.031451,0.48705,0.021881
4.4983,5.3669,-0.55142,0.68458,0.44497,-0.051001,1.4463,0.33672
4.4518,-0.076315,-0.17521,-0.060103,-3.2497,0.083741,0.066949,0.16209
-0.66197,1.7096,-0.7573,-1.0533,-0.46105,0.031073,0.26675,0.043931
-0.45708,-1.0675,0.63921,-0.11545,-2.7186,0.029808,-0.10794,0.093581
-0.63534,-1.7829,0.79168,-0.3374,2.0487,0.10237,-0.85434,-0.036213
-0.65011,3.2048,1.4649,0.20598,3.3061,-0.019645,1.8005,-0.079243
-0.6487,-5.4032,-1.4525,-0.49886,0.93821,0.10217,-0.84992,-0.12125
-0.79497,2.5767,0.34686,-0.21021,5.6467,-0.16602,0.96643,-0.13047
-0.71848,-2.2208,0.2254,-0.11754,-4.5347,0.08496,-1.3491,-0.076517
-0.61604,0.91444,0.50946,-0.63793,-0.34826,0.044761,1.6843,-0.06627
-0.62748,-1.4026,0.98622,0.54569,-4.4492,0.065772,0.92557,0.096185
-0.34752,-7.3277,0.059039,0.37987,6.7013,0.086295,-4.3852,0.11315
-0.55721,3.4551,0.63387,-0.65258,6.8165,-0.51443,-0.84904,0.024291
-0.62993,-4.1044,1.5587,-0.41155,0.070189,0.11656,-0.80477,0.18117
-0.6224,5.112,0.061564,-0.87989,4.2981,0.12589,5.5779,0.17516
-1.0135,-0.95112,-0.6967,1.0685,-8.0075,0.075989,-0.242,0.13639
-0.68514,1.786,-1.4419,0.45042,-2.1811,-0.0045767,-2.0012,0.075303
-0.67699,3.0199,2.0029,0.50243,2.7685,-0.099543,1.612,-0.0014343
-0.59467,-0.17877,-1.9285,-1.5664,3.4858,0.10188,0.093959,-0.043028
-0.58478,5.9751,0.90874,0.12709,6.2133,-0.11747,2.3588,-0.058312
-0.36602,-1.657,-0.29133,-0.30619,-6.9828,0.12072,-1.2874,-0.11334
-0.6447,1.0572,-0.72966,-0.18287,0.85005,0.024225,0.70841,-0.12794
4.4983,-1.1027,-0.74623,0.062028,-4.7406,0.051711,-0.031563,-0.10317
4.4768,-7.8971,-2.1663,-1.1204,6.8182,0.16519,-2.9535,-0.034631
4.4548,1.9257,-0.33631,0.10737,-0.21759,-0.01272,0.12427,0.024145
-0.66353,-2.2653,-2.7733,-1.0643,2.955,0.086192,1.1246,0.080779
-0.66066,5.0057,-0.10797,0.85367,3.1481,0.036489,1.1973,0.19874
-0.64769,-0.75561,0.096228,-0.42114,-2.8415,0.066818,-0.047566,0.07927
-0.30226,4.7812,1.8922,1.0344,-1.0826,0.0733,0.48302,0.14759
-0.59273,1.19,1.0734,0.84804,-2.1943,-0.018047,-0.5812,0.21554
-0.65496,-2.034,1.4455,-0.11424,-3.5594,0.099117,-1.993,0.045732
-0.65419,2.3506,1.2852,0.38162,1.4591,-0.045713,1.45,-0.024774
-0.81342,-0.93547,1.0456,0.8348,3.7245,0.11797,-1.8006,-0.1076
-0.64227,7.5965,0.47149,0.53829,7.1903,0.18905,1.8994,-0.10197
-0.62297,-3.662,0.84387,0.34712,-5.2075,0.095312,-0.51259,-0.14123
-0.61924,2.3469,-0.80041,-0.43923,-5.5671,0.05999,-0.058631,-0.098542
-0.45881,-2.4194,2.0383,0.78336,-3.3298,-0.013125,0.54119,-0.017303
-0.46402,-4.2441,-0.52327,-0.34042,4.6402,-0.030125,-6.0735,-0.0059369
-0.57161,0.49402,-0.32206,-0.51125,7.222,-0.59083,-0.88888,0.082507
-0.61845,-3.8581,0.21801,-1.0059,-6.2025,0.067562,-1.9009,0.18808
-0.66163,-0.82459,-1.3303,-1.0508,2.0489,0.064938,3.7142,0.11439
-0.73821,0.32551,-2.3756,-0.16932,-8.2872,0.012327,-1.704,0.048921
-0.60182,-2.0666,-1.5282,-0.30486,4.2333,-0.24749,-3.392,0.048604
-0.58931,4.7097,-1.0102,-0.42504,0.62333,-0.012489,0.67398,0.060822
-0.58823,-1.4729,-1.8981,-1.0868,4.2465,0.08564,2.0088,-0.023095
4.4856,6.8167,0.25019,0.33009,1.031,-0.062591,1.3499,-0.028279
4.4497,0.69049,-0.72718,0.32524,-4.6281,0.024867,-0.3138,-0.11217
4.4209,1.8998,-1.1685,0.15148,-0.52798,0.098739,1.5753,-0.14948
-0.67948,-3.7797,-0.67534,0.014852,-2.0381,0.05766,0.51324,-0.12607
-0.94044,-4.4651,-0.67539,-1.3781,1.211,0.041109,-1.9979,-0.083161
-0.73217,-1.3935,-0.33745,0.20723,0.37734,0.04238,0.59963,-0.047214
-0.65501,-4.2245,-0.98187,-1.1312,2.7265,0.12132,-0.6216,-0.05123
-0.64412,-0.019191,-0.52205,0.59206,4.26,-0.21696,0.85712,0.18017
-0.32648,-2.0721,-0.42447,0.027068,-2.3681,0.098001,-0.82883,0.24438
-0.57628,4.9913,0.58699,0.81066,4.8046,0.039909,1.8296,0.2279
-0.65037,0.26227,1.5144,0.63349,-7.4618,0.034557,-0.52589,0.20936
-0.64272,-7.3361,2.4196,-0.29491,-1.0467,0.023699,-3.7315,0.11682
-0.82414,4.9749,3.2394,0.15499,2.0657,-0.19283,-0.1697,0.034951
-0.6556,-4.4743,4.0962,1.6204,3.372,0.0044399,-3.2118,-0.022949
-0.60698,6.5433,2.0441,-0.22989,7.3835,0.27109,2.253,-0.10095
-0.61326,-2.8658,1.267,0.79695,-6.5351,0.090851,-1.5375,-0.13276
-0.44706,3.4738,-3.1904,-1.0055,-4.9789,0.10413,1.9824,-0.1478
-0.53808,-1.5692,0.86625,1.1123,-5.2099,0.01947,0.26949,-0.10713
-0.56273,-1.451,-2.6269,0.76274,7.1089,0.1352,-4.2927,-0.071041
-0.60374,2.9413,0.0005485,0.32848,5.2257,-0.66441,-1.8025,-0.092409
-0.82501,-1.2381,-1.2764,-0.31304,-6.4677,0.038767,-2.0689,-0.032903
-0.81456,3.8991,-0.47823,-0.10697,1.3219,0.00012093,1.7381,0.10962
-0.58268,-3.019,-1.7575,0.15134,-7.3644,0.077477,-1.0451,0.23209
-0.5863,-4.5704,-3.5715,-0.75793,6.3521,0.022197,-1.9781,0.032931
4.4866,2.9489,-0.48258,0.18209,-3.7214,-0.017944,-0.19544,0.025264
4.4508,-2.7363,-1.4797,-1.5504,5.9559,0.049414,-0.9167,0.067953
-0.66758,6.2289,0.15938,0.58025,1.8535,-0.081798,0.72484,-0.012289
-0.66197,0.8492,-0.73833,0.17679,-2.0327,-0.0051029,-1.0412,-0.07255
-0.65478,6.5412,2.3796,1.0606,1.5895,0.045756,1.0804,-0.092336
-0.87312,-1.8303,0.92357,-0.43242,-2.8227,0.03552,0.77122,-0.10115
-0.75349,-0.014651,0.61835,-0.053571,-4.1392,0.023404,-0.33186,-0.092823
-0.64182,0.88582,1.4211,0.48109,-1.4003,-0.018426,0.69967,-0.0036491
-0.63681,-8.5953,0.73694,0.21913,-0.42366,0.046988,-2.9138,-0.017157
-0.44654,3.2545,0.38467,-0.0070888,3.7761,-0.22551,1.37,0.20332
-0.58001,-2.7682,0.9789,0.8243,-2.0365,0.095511,-1.052,0.12072
-0.63515,5.4981,0.08586,0.90238,2.4201,0.12845,3.4295,0.16224
-0.62625,-1.8026,1.2876,0.78518,-7.0093,0.058963,-0.61292,0.095114
-0.94994,-1.0895,0.72072,0.72528,-5.7375,0.075257,-1.6317,0.12834
-0.70248,1.5382,2.1579,0.69674,2.5145,-0.20788,0.1566,0.073916
-0.61281,-1.0006,0.44893,-0.48238,5.4909,0.042489,-2.356,-0.0063993
-0.60043,3.3545,0.49939,-0.23087,7.4818,0.064527,2.636,-0.068364
-0.60002,-1.1877,2.0117,-0.31186,-8.3972,0.060734,-0.80961,-0.091996
-0.43928,-0.89373,-1.5835,0.77186,-4.9183,0.045704,1.9254,-0.10249
-0.66984,0.066221,0.93352,1.414,-4.8456,0.10456,0.73615,-0.13325
-0.59323,-2.3497,-2.3678,0.54731,6.2767,0.031823,-3.5614,-0.10531
-0.59145,4.0534,-0.29005,0.62155,1.7888,-0.2278,-1.5352,-0.014187
-0.75922,-2.0283,-1.2266,0.11014,-2.9716,0.083131,-0.63979,0.069778
4.5127,3.5109,-0.69444,0.55999,0.0044298,0.066144,1.286,0.071506
4.4855,-3.9266,-0.98456,-0.5141,-3.8697,0.060169,-0.64342,0.16092
3.5047,-1.6167,-2.5478,-0.85715,-0.29935,0.039171,0.37905,0.044443
-0.43882,-1.6242,-1.1845,0.070249,-1.8059,3.1087e-05,-0.017756,0.14364
-0.63045,-2.1434,0.51193,-0.57228,1.214,0.079807,-0.80185,0.1084
-0.66495,3.9687,1.0675,0.93315,2.9743,-0.10843,-0.01012,0.0041147
-0.65799,-3.7885,-1.2171,-0.62779,-0.022159,0.052802,-1.3307,-0.032709
-0.75664,5.0111,1.0496,0.035379,5.4618,-0.063868,1.6688,-0.11738
-0.68182,-0.95343,1.6328,-0.2954,-5.1537,0.016312,-0.91472,-0.17153
-0.63475,-1.0455,3.6493,-0.15009,-2.6759,0.015433,0.057945,-0.13507
-0.63441,-0.11806,1.8424,-0.25235,-3.4928,-0.012047,1.6201,-0.094867
-0.2227,-7.3091,3.9611,0.39946,6.1979,0.0448,-3.0115,-0.058117
-0.46539,2.6984,0.63563,0.39359,6.8068,-0.38608,-0.036938,0.023804
-0.67989,-3.7174,2.1024,-0.2064,-2.1399,0.068243,-1.8625,-0.027062
-0.62966,2.3119,-2.4791,-0.67677,2.9342,0.12549,4.8404,0.1084
-0.79235,-1.3134,0.0093494,1.3861,-8.2806,0.029795,-0.88995,0.1608
-0.73715,-0.44602,-1.4078,0.55038,-2.1386,-0.057604,-3.8683,0.15562
-0.61606,1.6939,0.60989,-0.15939,2.8369,-0.49125,-1.0145,0.12391
-0.59625,0.6299,-1.3881,-0.4636,1.2073,0.10177,-1.1649,0.0023137
-0.58661,3.4561,-0.14068,-0.78536,5.8381,0.017589,4.2491,-0.020491
-0.39013,-0.72483,-1.3122,-0.052563,-9.0377,0.10051,-0.78497,-0.047068
-0.5598,-2.8054,-1.6861,-1.0746,0.45343,0.026914,0.67525,-0.099151
-0.58652,-0.81412,0.6942,0.11323,-4.3657,0.066728,0.7994,-0.1423
4.4886,-2.5072,-0.88892,-1.2118,6.6437,0.11517,-1.9357,-0.077661
4.4664,2.5261,0.14272,0.7036,0.45379,-0.065267,-0.15741,-0.080703
4.4471,-1.9344,-0.80801,0.090507,-0.76454,0.01354,-0.82572,0.0044311
-0.65656,2.6086,0.7536,0.6743,0.65556,0.020548,1.1236,0.045343
-0.65362,-3.8457,0.68229,-0.71587,-2.9617,0.060458,-0.43398,0.12454
-0.32296,0.33567,0.32203,-0.77522,-2.0431,0.061318,0.69575,0.096477
-0.47802,1.01,1.1896,0.34812,-0.51162,0.019617,1.539,0.15842
-0.65642,-4.4969,1.0486,-0.0012889,0.97219,0.11462,-2.0969,0.14627
-0.6514,3.6314,0.28078,0.63494,4.3139,-0.15324,1.0622,0.076009
-0.82246,-0.11774,1.0872,0.82818,0.033151,0.11123,-1.1579,0.021589
-0.64336,8.1811,0.79882,1.4027,4.0111,0.052674,3.552,-0.053396
-0.61966,-1.1842,1.6034,0.26824,-6.9154,0.071477,-0.16627,-0.088321
-0.62118,-2.8678,0.28403,0.87453,-6.1803,0.067665,-2.4013,-0.12668
-0.28532,1.0478,1.9936,0.90543,1.9388,-0.11917,0.51462,-0.1038
-0.46331,-3.5173,-0.82563,0.11324,5.9231,0.10906,-3.0289,-0.091655
-0.57332,0.35989,0.65586,-1.0198,8.2954,0.1654,2.0674,-0.037527
-0.61091,-4.8283,1.1213,-0.83481,-6.483,0.13253,-0.66503,0.040768
-0.6164,1.515,-2.1829,-0.22015,-3.7271,0.12709,3.038,0.031154
-0.82304,-0.48053,-0.77584,1.0871,-5.0334,0.12194,-0.18057,0.069778
-0.65843,0.14428,-1.4315,0.71806,6.6102,0.068589,-4.1816,0.011489
-0.58834,4.1953,0.086007,0.49869,4.3541,-0.4206,-1.0652,0.023999
-0.57562,-0.65843,-0.73796,-0.82442,-3.4004,0.084421,-1.3306,-0.011194
-0.39759,4.2023,-0.18382,0.23911,0.74074,0.019643,2.638,0.060871
4.4917,-1.3158,-1.2314,-0.5135,-5.6427,0.088355,-0.17995,-0.003211
4.452,-1.915,-0.56225,-0.46006,3.244,0.0092723,0.34307,-0.058726
4.4215,-0.15261,-0.94824,0.2283,-1.288,0.035443,0.69457,-0.094551
-0.79825,-4.7597,0.84677,-1.4592,5.1642,-0.022199,-1.2327,-0.13391
-0.69905,3.3023,1.0674,0.75403,2.8826,-0.037896,0.32982,-0.10991
-0.6498,-4.0053,-1.2246,-0.50514,1.3437,0.069154,-0.82545,-0.077149
-0.64544,1.6336,0.32521,-0.021438,4.3639,-0.010571,1.525,-0.0088087
-0.37914,-3.7197,-0.35654,-0.86571,-2.3888,0.036733,-0.072387,0.305
-0.61143,0.76614,0.57285,-0.049923,-2.1068,0.11142,1.0785,0.19565
-0.6444,-0.11629,1.0874,-0.065306,-2.3625,0.016479,1.7721,0.19434
-0.64034,-7.8575,1.4181,0.27452,3.3377,0.018116,-3.8888,0.26049
-0.81452,5.6754,-0.37048,-0.08363,5.7203,-0.32313,1.1254,0.11531
-0.75208,-2.2137,1.91,0.7636,-0.33389,0.050062,-1.1835,0.090368
-0.59777,7.8988,-0.2018,0.041083,4.2472,0.12719,5.8308,-0.011632
-0.6123,-1.0731,1.0881,0.50209,-6.6559,0.088227,-0.72699,-0.068753
-0.498,0.92004,-1.4722,0.15674,-6.6035,0.068769,0.0065445,-0.09937
-0.53535,1.6315,1.6981,0.53429,0.64607,-0.12267,0.5139,-0.13398
-0.62759,-2.5034,-0.64621,-0.33037,6.2119,0.13382,-1.3959,-0.12858
-0.60071,0.96608,0.0050004,-0.82332,7.7081,0.066009,1.973,-0.10163
-0.82564,-1.4872,0.27705,-0.35315,-7.8621,0.083016,-1.1082,-0.078488
-0.79042,-2.6122,-2.4073,-1.0465,-2.7957,0.035148,2.3566,-0.052301
-0.62873,-0.95132,-1.4954,0.9012,-3.5645,0.13592,0.70688,0.051866
-0.57923,-4.4381,-2.6935,-0.33038,7.8794,0.30642,-1.4065,0.21666
4.528,5.3299,-0.28925,0.38968,0.43604,-0.054684,0.84317,-0.032855
4.4969,-0.60189,-1.1034,-1.0959,2.2316,0.075167,1.2989,0.18638
4.4544,7.2986,0.70431,1.4493,0.75342,0.066645,1.7505,0.12799
-0.66853,1.1781,0.098033,-0.20032,-2.1301,0.089825,0.31355,0.06014
-0.66741,3.0916,0.5997,0.022155,-0.12654,0.021029,1.1862,-0.036797
-0.96782,-0.50378,1.0628,0.78141,-1.7211,0.045326,0.24507,-0.085643
-0.66702,-1.9394,-0.82089,0.25472,0.0040766,0.091673,-1.3522,-0.096912
-0.64566,1.0788,0.50318,0.62634,2.4543,-0.023784,1.1783,-0.15265
-0.63652,-5.8497,-0.21497,-0.15449,3.0488,0.055998,-0.61405,-0.08007
-0.40737,3.8822,0.15246,-0.095339,6.1796,-0.024715,1.3135,-0.025967
-0.51615,-2.8007,0.32292,0.26106,-5.3057,0.058161,-0.83052,0.10285
-0.64726,2.7247,-0.34885,-0.53752,-1.5348,0.054118,2.1285,0.045805
-0.63309,-0.45427,1.6565,0.73931,-4.8824,0.093194,1.3216,0.078345
-0.83275,-4.9414,0.415,0.13666,4.9205,-0.12003,-5.2501,0.056831
-0.69053,4.2586,1.3851,-0.7937,6.5161,-0.35623,0.49879,0.18777
-0.54095,-2.5061,1.6966,-0.031945,1.616,0.12639,-0.63325,0.14338
-0.60144,5.0013,1.0091,-0.45847,6.3584,0.20322,6.4386,0.04011
-0.60488,-0.57117,-0.79885,0.20701,-6.6846,0.039364,-0.14162,-0.027476
-0.36171,1.7024,-3.4834,-0.031098,-4.5324,0.042265,0.18638,-0.056754
-0.63674,1.9429,0.038399,0.15573,0.49489,-0.070138,1.8846,-0.069872
-0.59652,-0.39803,-0.59301,-1.091,5.908,0.15464,-0.85615,-0.11504
-0.59949,5.5497,0.97466,0.28034,5.4011,-0.4613,-0.2414,-0.077149
-0.72466,-3.9428,-0.93386,0.04942,-7.4643,-0.0044162,-1.5115,-0.050353
-0.63247,1.8495,-1.4034,0.95748,-0.15646,0.026484,1.0996,-0.078975
4.5082,-3.1996,-2.1913,0.19957,-5.0729,-0.0066559,-0.36672,0.073575
4.4789,-8.2416,-2.717,-1.2841,3.4395,0.0015777,-2.6123,0.093873
-0.35748,-0.46977,-1.0874,-0.09672,-0.73647,-0.10303,0.95609,0.24934
-0.57261,-2.9375,-2.1513,-0.95189,2.5286,0.00026853,0.23823,0.20712
-0.66754,5.4505,-0.23413,0.87539,2.3847,-0.25234,1.1443,0.10035
-0.65711,-1.0397,-0.17559,-0.26927,-2.9436,0.0070454,-0.63001,0.0047475
-0.88668,4.6132,1.9459,0.88023,0.31856,-0.0030878,1.7213,0.018231
-0.71328,0.57531,1.3395,0.84215,-4.7219,0.037131,-1.033,-0.083356
-0.63506,-0.99144,1.5085,0.05856,-3.7808,0.037362,-1.8433,-0.10385
-0.62733,1.9082,1.3584,-0.16123,0.32848,-0.02845,1.8689,-0.15138
-0.46991,-4.9542,2.4387,0.66985,3.8483,0.028345,-3.0362,-0.10514
-0.53965,3.8368,1.04,0.025906,6.5271,-0.2278,1.0203,-0.10463
-0.65167,-4.06,1.9471,-0.18888,-5.8633,0.043901,-0.29484,-0.049356
-0.623,2.4219,-2.1359,-1.1941,-3.4005,0.05879,3.1309,-0.0021158
-0.71731,-1.7821,1.6166,1.6981,-7.521,0.02599,-0.084254,0.068172
-0.7032,-2.3287,-1.1869,0.92333,0.9057,-0.18736,-4.5845,0.20103
-0.58506,2.0832,0.066144,-0.19562,3.174,-1.0012,-1.6066,0.17297
-0.58971,-1.328,0.14252,-0.91243,-1.0998,0.075815,-1.2929,0.11928
-0.58903,1.8564,-0.55983,-1.2808,5.3492,0.02153,2.7443,-0.019396
-0.43016,-0.66655,-2.2338,-0.060251,-9.1917,0.02479,-1.4748,0.035365
-0.53053,-3.6929,-0.92439,0.16856,0.5666,-0.12996,-0.83385,-0.015502
-0.57996,3.714,0.28114,-0.18832,-3.4973,-0.002061,1.2457,-0.076687
-0.3361,-2.0273,-0.35591,-1.1498,5.7028,0.019483,0.34076,-0.07255
4.4679,4.4925,-0.4793,0.28775,0.37513,-0.052393,0.87985,-0.12991
4.4475,-1.7362,-0.61707,-0.41447,-2.1269,0.015356,-1.0119,-0.10896
-0.85591,4.4922,0.0011395,0.60302,-0.60058,0.056595,1.7444,-0.052033
-0.67058,-3.032,0.79588,0.030337,-3.4372,-0.005873,-0.43868,-0.018325
-0.33783,-3.3611,-2.6214,-0.94508,-1.7154,0.0099269,-0.35539,0.05043
-0.56066,0.059799,0.067474,0.0091033,-1.1542,0.06015,1.2596,0.0065241
-0.65759,-3.959,-0.27782,-0.11574,1.2076,0.019399,-1.6431,0.18251
-0.65159,2.7367,0.66076,0.63027,4.6562,-0.26524,1.0046,0.19422
-0.77027,-2.2381,0.40997,0.54881,-1.2841,0.12119,-1.2117,0.19877
-0.77864,6.8435,1.0693,1.2606,4.2396,-0.02517,1.9918,0.096355
-0.62479,0.43752,3.1045,0.65647,-6.9682,0.0062561,-0.70079,-0.0045496
-0.62819,-4.0179,0.64748,-0.50709,-4.636,0.090447,-2.6924,-0.068047
-0.2917,3.5169,2.1501,1.0031,-0.39545,-0.11216,-0.40659,-0.10562
-0.54661,-2.785,0.22305,0.37936,6.2383,0.083824,-3.1475,-0.12159
-0.58251,4.515,0.89357,-0.1132,8.3347,0.36776,3.412,-0.13264
-0.61027,-4.6951,1.3942,-0.75039,-5.6788,0.082027,-0.24081,-0.080338
-0.8344,2.278,-2.7753,-1.4856,-4.4963,0.099098,1.8743,-0.065127
-0.72194,-1.6325,-0.22088,0.87326,-4.2704,0.081726,1.4019,0.041765
-0.59039,-0.43248,-2.5219,0.61444,6.3987,0.049857,-3.7034,-0.02161
-0.59071,2.7858,-0.15711,0.64835,3.9857,-0.7195,-1.4347,0.13622
-0.58035,-1.2018,0.29494,-0.42156,-5.3517,0.11784,-1.0826,-0.013676
-0.44886,3.287,0.095149,-0.17648,0.69865,0.051917,2.0085,0.12539
-0.57096,-1.0598,-0.68445,0.62906,-6.5769,0.079871,-0.54531,0.10429
4.4876,-2.2618,-2.3752,-0.1475,6.6444,0.13223,-1.5165,0.020348
4.4459,2.4949,0.73898,0.060345,-0.89733,-0.016455,0.4104,-0.039669
4.4104,-3.1469,-0.79944,-0.99663,5.1385,0.039435,-0.43999,-0.088321
-0.64658,4.1605,0.32541,0.5561,2.3563,-0.056334,0.35494,-0.13079
-0.65694,-1.4894,-0.37131,-0.0032864,-1.8687,0.090383,-0.82098,-0.15369
-0.6569,3.5717,1.4175,1.2168,1.591,0.052963,1.8212,-0.076736
-0.40054,-2.1855,0.56188,-0.068093,-2.7806,0.078986,-0.098158,-0.039426
-0.60723,-2.5104,0.078491,-0.096874,-1.8158,0.063872,-0.49768,-0.028766
-0.65609,-0.29625,0.25391,-0.39689,0.36624,0.0592,2.232,0.14907
-0.64309,-8.5998,0.73009,-0.57964,1.4067,0.088496,-2.8165,0.17962
-0.91853,3.9815,-0.036942,-0.52933,5.9583,-0.14885,2.3563,0.14698
-0.77255,-1.4287,0.744,-0.373,-2.5254,0.093117,0.029625,0.16547
-0.61886,6.6971,-0.21683,-0.36825,2.3559,0.14475,4.2927,0.15
-0.62008,-0.42595,2.1617,0.44411,-5.4574,0.068589,1.1153,0.015919
-0.59931,-2.2076,0.030761,0.42594,-0.7922,0.048348,-1.5215,-0.0058152
-0.3692,2.2839,1.7318,0.58408,3.6772,-0.53408,-0.18035,-0.078074
-0.68119,-2.8644,1.178,-0.22628,3.0353,0.077593,-1.3486,-0.10356
-0.60752,2.1507,1.0054,-0.39282,7.1248,0.1733,3.8589,-0.14006
-0.60131,-1.7132,0.33126,-0.67363,-7.7668,0.054407,-0.63865,-0.076468
-0.63208,-1.7578,-2.2691,-0.6392,-4.1483,-0.024124,0.99802,-0.082626
-0.64555,-0.051006,-0.20923,0.13771,-2.0013,0.054836,2.1562,-0.07822
-0.58769,-3.3655,-2.1194,-1.2535,7.6542,0.34851,-1.2879,0.014653
-0.57455,4.6408,-0.30477,-0.3471,2.4213,-0.18229,-0.15496,0.036046
4.526,-1.1088,-0.72535,-0.33452,-2.4582,0.089677,-0.2472,0.028112
4.4977,5.1154,-0.62455,0.38055,-2.1085,0.019142,2.2632,0.20278
4.4508,-1.052,0.35158,-0.32807,-2.0218,0.065509,0.14937,0.16805
-0.68116,-1.7101,-2.3512,-1.1508,0.77263,0.033537,1.1335,0.084381
-0.80526,0.088364,0.31481,0.28572,-1.9888,0.037541,0.44651,0.032955
-0.655,-2.2913,-0.98897,-0.39255,3.6015,0.059155,-1.3372,-0.027379
-0.651,3.5388,0.41965,0.8147,4.572,-0.042697,1.2657,-0.083915
-0.64271,-4.7439,-2.4485,-0.52581,1.203,0.029231,-0.83413,-0.13425
-0.50238,3.6315,0.59406,-0.094357,6.1627,0.014458,1.5553,-0.11728
-0.48226,-3.008,1.2814,0.16131,-4.8627,0.025444,-0.91458,-0.092482
-0.67261,1.0222,1.4649,0.35934,-0.65802,0.060176,-0.18978,-0.093383
-0.64317,-1.2394,0.68434,0.51514,-1.8201,0.010023,2.2668,-0.048942
-0.79166,-5.9102,1.4518,0.48897,6.638,0.17159,-5.2148,0.093508
-0.73672,4.9621,-0.50102,-0.13862,7.1866,-0.31722,0.14917,0.032833
-0.6057,-4.1745,2.0329,0.041867,-1.6703,0.11162,-0.72751,0.16813
-0.61064,5.8466,-0.70214,-0.50148,2.6357,0.1312,5.9724,0.14591
-0.6096,-0.9485,1.1317,0.76044,-6.5754,0.10189,-0.10093,0.035243
-0.4189,1.2588,-2.3202,0.4177,-1.3447,-0.0056933,-2.1402,0.054591
-0.5923,2.4337,1.8998,-0.35558,3.2051,-0.14545,0.74821,-0.019712
-0.60484,0.25605,-1.7945,-1.0683,2.941,0.036296,0.85927,-0.036432
-0.60068,5.2907,1.485,0.27596,6.3945,0.043144,3.7713,-0.0615
-0.68795,-2.2948,0.63016,-0.38863,-6.7016,0.088509,-0.64958,-0.1352
-0.58086,0.20507,-1.2977,-0.37813,1.2112,0.063064,1.2081,-0.10718
4.5024,-2.3698,-1.4775,-0.50894,-3.5015,0.069597,1.012,-0.091436
4.4845,-6.7573,-3.3494,-1.3186,7.2126,0.27089,-2.2251,0.010199
4.4596,2.1889,-0.21915,0.48853,0.36989,-0.11618,0.020287,0.046706
-0.56408,-1.9295,-2.5871,-0.62865,2.7251,0.010466,0.35408,0.16506
-0.67935,5.5071,0.26143,0.33546,3.6,-0.0086646,0.96137,0.1426
-0.66809,-0.83821,0.47668,-0.44119,-2.331,0.042496,-0.17169,0.1314
-0.8031,3.0221,1.9618,0.52311,-2.0115,0.066118,0.5004,0.076715
-0.70468,1.8842,0.21407,0.73208,-2.0556,0.044735,0.015644,0.10869
-0.65107,-0.50969,1.3533,0.44478,-2.427,0.039159,-2.0458,-0.001264
-0.63544,3.3292,0.9216,0.29059,2.5949,-0.075105,1.4134,-0.070773
-0.66476,-2.2818,1.3713,1.2851,2.6701,0.045621,-1.2102,-0.13378
-0.56151,6.5547,1.5399,0.27533,5.9659,0.035565,2.3903,-0.13096
-0.55675,-4.2635,0.70317,0.34129,-5.6661,0.036258,-1.2967,-0.12634
-0.62779,2.2509,-1.5633,-1.3319,-6.1756,0.071535,0.32553,-0.11886
-0.7955,-0.67601,1.3564,0.52521,-3.8172,-0.029329,1.8914,-0.049745
-0.79898,-4.3248,-3.0671,-0.56496,5.1833,-0.062604,-5.2308,0.053496
-0.5429,2.2662,-0.25716,-0.4386,6.2846,-0.91709,-1.7103,0.10923
-0.60232,-3.3445,-0.43151,-0.82266,-5.028,0.099143,-1.3351,0.14805
-0.60547,2.2061,-1.2849,-0.74563,3.5098,0.05458,4.3452,0.023609
-0.41942,-0.56466,-0.28722,0.086641,-8.7789,0.022634,-1.4802,0.035973
-0.55166,-0.2614,-1.5036,0.60772,2.7798,-0.19426,-2.824,0.052547
-0.59277,4.4871,-0.32273,0.23623,-0.45707,-0.095416,0.92803,0.069851
-0.58666,-1.0573,-1.9211,-1.4288,5.0505,0.062916,1.0675,-0.040813
0.17386,5.7668,0.33593,0.19393,1.3653,-0.045706,0.88757,-0.059529
4.4585,-0.2049,-0.34189,-0.10995,-4.5833,0.028852,-0.90798,-0.14547
4.4326,2.4985,-1.1209,0.28517,-1.4098,0.037997,1.2982,-0.13021
-0.67244,-3.2637,-1.489,0.15696,-3.3751,0.062249,-0.18729,-0.087347
-0.46266,-5.2763,-1.2319,-0.83822,0.89204,-0.0046794,-1.6624,-0.04534
-0.61318,-0.67393,0.15013,0.49707,-0.33497,-0.038596,0.17538,-0.006667
-0.65807,-3.5298,-1.988,-1.4882,2.5869,0.093303,-0.57945,-0.020515
-0.65158,2.67,-0.71434,0.30438,4.3052,-0.20713,1.1994,0.13381
-0.89233,-2.3252,-0.97159,0.29924,-3.3918,0.084858,-0.50417,0.26528
-0.77808,5.7489,1.0758,1.1017,3.0088,0.02925,2.2065,0.17499
-0.62457,1.098,2.1227,0.50433,-7.4916,-0.035483,-0.056358,0.20055
-0.63,-7.6775,1.4604,-1.137,-0.44897,0.014997,-3.6057,0.048045
-0.48254,6.0601,1.9889,0.41035,1.5888,-0.29925,0.55927,-0.0098066
-0.51901,-3.5087,2.6416,1.3742,2.7575,-0.0037681,-2.4262,-0.070822
-0.68266,6.1398,2.0402,0.046118,6.1482,0.17339,3.8578,-0.13583
-0.6159,-2.8103,1.15,0.65581,-6.2692,0.073999,-1.5795,-0.12831
-0.88484,2.7666,-2.9222,-0.96607,-6.5974,0.084748,1.2152,-0.081822
-0.74924,-1.5565,0.90833,0.91916,-5.3964,-0.031068,-0.46544,-0.053931
-0.57319,-2.8252,-0.32457,0.84056,6.2646,0.089067,-3.4972,0.020883
-0.59407,3.5353,-0.2215,0.14618,5.3567,-0.61829,-2.1861,-0.04938
-0.59242,-2.0584,-1.5463,0.0017748,-7.7069,0.051448,-1.9382,0.054056
-0.40044,2.4944,-1.2488,-0.77046,-2.5149,0.054625,1.7473,0.12021
-0.57642,-2.1384,-1.3444,0.11853,-6.8405,0.05553,-0.9996,0.16896
-0.59074,-3.3191,-3.6509,-0.74626,6.5721,0.043009,-2.7447,0.0938
4.4886,3.2833,-1.034,-0.29665,-2.3644,-0.031158,0.30041,0.035778
4.4476,-1.8243,-1.3594,-1.059,4.6156,0.026401,-0.97949,0.028647
4.5632,6.7563,0.65742,0.85171,1.3653,-0.016314,1.4235,-0.05269
-0.66207,0.75634,-0.016038,0.042708,-2.9778,0.077503,-0.61771,-0.10285
-0.66058,3.3682,1.8832,0.91863,-0.18339,0.082239,1.8336,-0.10489
-0.46314,-0.86914,-0.0497,-0.24335,-3.6907,0.055722,-0.64899,-0.10054
-0.5087,-3.2171,0.55777,-0.29939,-3.4492,0.057089,-1.3873,-0.047676
-0.66823,0.34431,0.19516,-0.22236,0.23958,0.019765,2.0989,0.02468
-0.65275,-10.219,2.1379,-0.47922,1.0029,0.031836,-1.547,0.15664
-0.83235,1.8548,0.42671,-0.30947,4.6192,-0.23415,1.6699,0.19412
-0.78958,-1.7713,1.5098,-0.016261,-4.6109,0.087835,-0.38273,0.1618
-0.67481,5.4069,-0.18317,0.34327,-1.403,0.069167,2.6659,0.17521
-0.62199,-0.14073,2.4028,0.77135,-5.5294,0.057198,1.0514,0.15163
-0.60808,-1.5072,0.38232,0.88991,-0.42319,0.017538,-4.2893,0.0051612
-0.45469,2.9046,1.7801,-0.2373,5.8905,-0.38084,0.084474,0.045416
-0.64524,-1.696,0.5992,0.21027,0.73704,0.11547,-0.58307,-0.031832
-0.61175,3.7832,1.5749,-0.59947,6.7872,0.21306,3.786,-0.088759
-0.61523,-1.819,0.29076,-0.47597,-7.7354,0.064366,-0.67381,-0.07216
-0.72785,1.3372,-2.5222,0.053768,-2.1611,-0.018284,-0.40208,-0.1037
-0.60268,1.003,-0.23606,-0.22425,-1.4742,0.00030062,1.6862,-0.095768
-0.5866,-2.8551,-1.1625,-1.5378,6.1591,0.16804,-0.38479,-0.096985
-0.57877,5.5689,-0.57728,0.082144,5.3123,-0.19461,0.44889,-0.035069
-0.3569,-2.7952,0.19959,-0.42043,-6.3091,0.1285,-0.82389,0.075936
4.5159,1.0111,-0.90164,-0.33451,-0.54787,0.092905,1.9508,0.00070738
4.4976,-3.8087,-1.0195,0.14575,-4.6548,0.086597,0.09954,0.32146
4.4494,-4.8123,-1.8687,-0.73207,3.7395,0.031528,0.033548,0.15226
-0.81806,2.3435,0.071097,0.37622,-0.65496,-0.015101,1.0594,0.13427
-0.699,-1.9738,-1.662,-1.0524,3.846,0.078459,0.73918,0.12894
-0.6541,5.5039,0.49975,0.68755,5.1824,-0.13764,1.6127,-0.012605
-0.64864,-3.0859,0.22164,-0.30327,-1.5,0.085403,-1.0375,-0.06262
-0.4562,3.6569,1.9984,0.68046,2.9847,0.019527,2.5484,-0.098299
-0.55334,-0.11287,1.0577,0.54963,-5.4551,0.053258,-0.56824,-0.14834
-0.59172,-4.214,0.36141,-0.23972,-0.31864,-0.010481,-1.673,-0.11526
-0.64178,-0.77752,0.72355,-0.039351,0.20651,-0.021384,1.4698,-0.08226
-0.82352,-3.4129,0.96994,0.47744,5.7072,0.0774,-2.9074,0.015967
-0.87752,4.4749,2.0057,0.18016,7.8303,0.30087,2.0309,0.058972
-0.63742,-3.9953,0.16861,0.20184,-6.1476,0.091211,-1.1014,-0.004793
-0.61663,4.012,-3.3864,-0.55296,-1.1472,0.14066,2.6346,0.22622
-0.61274,-0.26548,1.6651,0.52387,-5.6624,0.032029,0.79961,0.040062
-0.479,-0.72023,-0.41725,0.83506,5.1095,-0.1249,-4.4152,0.13634
-0.52534,3.1001,0.71896,0.37273,6.274,-0.73354,-0.23153,0.097718
-0.60623,-0.50444,-0.49997,-1.0053,-4.6459,0.090807,-0.69814,0.023585
-0.59852,0.27699,0.61891,-1.2217,1.8275,0.065541,3.771,-0.037162
-0.74028,0.09293,-0.18689,0.14385,-7.4788,0.082085,-0.032687,-0.056389
-0.61834,-3.7592,-2.011,-0.74951,4.7878,-0.11314,-1.0723,-0.096717
-0.58562,0.94677,0.62865,-0.70796,-2.4657,-0.047336,1.0194,-0.1213
4.4983,-1.8213,-1.6905,-1.4695,6.1989,0.11487,-0.019471,-0.092993
4.4807,4.8987,-0.50895,0.29254,0.44657,-0.056315,1.2659,-0.034169
4.4575,-2.3723,-1.1485,-0.32783,-1.5793,0.043593,-0.10117,0.0098584
-0.67455,2.5152,0.68444,0.44937,-0.81074,0.072754,2.0534,0.036411
-0.66243,-3.1516,0.46839,-0.56035,-1.4924,0.10039,0.2326,0.10392
-0.83422,-1.5117,-1.6536,-0.52502,-1.796,0.02848,-0.26518,0.13642
-0.71047,2.2366,1.3836,0.11674,-0.38464,0.030334,1.2354,0.12252
-0.60998,-5.8291,1.3739,-0.38201,0.66538,0.052077,-1.9045,0.194
-0.63267,3.1793,1.332,0.33617,4.7055,-0.13599,1.8967,0.048507
-0.41828,-0.082673,0.5761,0.58095,-0.9811,0.055857,-1.0522,-0.024555
-0.60676,7.7701,0.78246,1.2251,4.3155,-0.0039606,2.5688,-0.075178
-0.64023,-1.5991,1.4558,0.1804,-6.7152,-0.0017016,-0.23557,-0.11232
-0.62075,-2.5178,1.0588,0.30434,-5.3201,0.078947,-1.0714,-0.13013
-1.0642,2.8892,1.8728,0.48488,1.2368,-0.17067,0.37185,-0.12461
-0.82195,-3.8242,-0.21179,-0.26285,6.0476,0.078222,-3.7263,-0.049429
-0.62862,2.3922,0.58366,-0.58503,7.9996,-0.023309,1.5302,-0.021659
-0.60236,-5.4401,1.0986,-0.20592,-7.1279,0.060452,-0.44609,0.038504
-0.60356,2.0619,-0.63637,-0.35912,-3.1585,0.085711,2.9342,0.00095076
-0.44583,-0.82051,0.060369,1.0151,-5.4519,0.10188,1.1881,0.13702
-0.60643,0.1134,-1.8274,0.59807,6.1628,-0.054993,-3.7927,0.033442
-0.59591,5.4108,0.90152,0.51112,4.018,-0.56731,-0.69234,0.035438
-0.58771,-1.6319,-0.37068,-0.84801,-1.7168,0.1402,-0.65795,0.07944
-0.76956,6.0055,0.55059,0.86101,1.1663,-0.034495,2.2343,0.040914
4.4935,0.92051,-0.36978,-0.25678,-5.4284,0.021337,-0.073607,-0.028084
4.4561,-2.342,-1.6931,-1.2842,2.9477,0.044755,-0.16151,-0.11037
4.4262,-2.2825,-1.0408,-0.77572,-1.1908,0.00564,0.94945,-0.11035
-0.50155,-5.1404,-0.59456,-1.0877,5.432,0.078504,0.13869,-0.13245
-0.60329,2.3557,-0.78469,0.86671,2.3135,-0.10919,0.52874,-0.090973
-0.66662,-3.3842,-2.0399,-0.60902,0.46397,0.023789,-0.40004,-0.057801
-0.65818,2.1039,-0.1822,0.3144,4.1709,-0.07841,0.80011,0.0065728
-0.92765,-2.9579,-0.50376,-0.72349,-1.8177,0.030412,-0.094645,0.31433
-0.66891,4.0987,1.0677,1.0208,-0.99678,0.11379,1.7965,0.23515
-0.5828,-0.045233,1.2496,0.61858,-2.6881,0.0096188,1.1362,0.23382
-0.62664,-6.1914,0.67941,0.73417,1.4829,0.041405,-4.4603,0.22656
-0.61388,6.269,0.77621,0.4247,5.1735,-0.36865,0.89978,0.065543
-0.27333,-2.0814,1.9915,0.95272,1.5174,0.095055,-1.2178,0.056149
-0.67924,7.27,1.0148,0.12202,4.7927,0.065348,6.3144,-0.016037
-0.62175,-1.4013,0.8329,0.52056,-6.9422,0.11406,-1.1445,-0.092336
-0.61094,1.2644,-0.78051,-0.14616,-6.4931,0.096133,0.10321,-0.072331
-0.72946,0.86074,1.6471,0.75476,-0.17612,-0.047362,1.3262,-0.12234
-0.54645,-2.2724,-0.96719,-0.20978,5.8818,0.10132,-1.6062,-0.13111
-0.59443,0.55404,-0.6014,-2.1328,7.8957,0.20802,1.9483,-0.05252
-0.5979,-1.8764,-0.57219,-0.57976,-7.8452,0.050428,-0.94121,-0.056243
-0.40045,-1.2185,-1.7649,-0.88247,-2.1819,0.013931,2.8556,-0.00031481
-0.54562,-0.86364,-1.3243,0.33751,-4.6482,0.1113,0.16887,0.15484
-0.59956,-5.4844,-2.5193,-0.30512,7.6294,0.25973,-2.1678,0.20597
4.5281,3.7742,-0.5782,0.14037,0.14178,0.0093108,0.41866,0.027771
4.4871,-0.54458,-0.76211,-0.75164,2.697,0.034673,-0.75933,0.1536
4.4482,7.6179,0.66026,0.99809,1.7029,0.029173,1.1188,0.07304
-0.6672,1.5585,0.12791,-0.11105,-3.0393,0.041982,-0.52361,0.0064998
-0.66644,3.3826,1.1502,-0.03341,-0.64235,0.028249,0.67728,-0.062985
-0.34617,-1.1338,1.5866,0.60943,-1.963,0.0441,-0.14836,-0.10214
-0.46121,-3.8038,-1.2953,-0.32866,-0.12861,0.024539,-1.3465,-0.094746
-0.67166,0.0045186,0.53433,0.81329,1.7808,0.0086369,1.7993,-0.10059
-0.6557,-6.0107,-1.8086,0.18952,2.361,0.05947,-0.89959,-0.02587
-0.70833,3.8911,-0.18791,0.24617,5.9031,-0.026967,1.3784,-0.013336
-0.75542,-2.7858,0.91354,0.071373,-6.1195,0.032375,-0.92416,0.18297
-0.64358,1.2425,0.5316,-0.18987,-3.4794,0.030193,0.97691,0.088543
-0.62575,-0.75107,1.6766,-0.025394,-3.2574,0.070514,1.5267,0.14479
-0.61642,-4.1729,1.6081,0.22856,5.4251,-0.057001,-4.2666,0.047899
-0.44964,4.1854,1.7379,-0.21685,7.3164,-0.46139,-0.65161,0.17029
-0.57106,-2.5413,2.9865,-0.10979,-1.7954,0.11321,-1.1735,0.10882
-0.61912,5.4511,-0.090564,-0.22739,4.1285,0.10487,5.8112,0.021224
-0.61417,-0.20558,-0.45083,0.919,-6.8845,0.092135,0.31799,-0.041933
-0.56118,1.2425,-1.2068,-0.1167,-2.2608,0.016774,-2.6572,-0.10093
-0.61939,3.756,0.39945,0.16749,3.5487,-0.22629,0.99949,-0.08355
-0.59068,-2.3461,-2.0431,-2.027,2.4572,0.065913,0.65437,-0.11787
-0.58482,3.9559,1.218,-0.1079,5.7112,-0.19092,1.7455,-0.095208
-0.18946,-3.4995,-1.8737,0.43648,-8.0499,0.03251,-1.087,-0.029058
-0.46228,-1.1023,-1.5569,-0.66141,1.625,0.012449,1.0402,-0.01925
4.5104,-1.9327,-2.744,-0.25691,-4.2799,-0.0028632,0.28878,0.061771
4.4818,-7.1317,-2.4194,-0.52787,5.5433,-0.013471,-1.7036,0.10716
-0.56129,2.474,-0.579,0.35665,0.040048,-0.14653,-0.46006,0.14384
-0.75753,-2.2263,-2.1357,-0.54187,0.93656,0.064315,-0.90958,0.16066
-0.65366,6.1221,0.073179,0.92506,1.755,-0.13261,0.030537,0.11045
-0.65174,-0.52555,0.5056,-0.4102,-2.6429,0.048855,-0.47784,0.0045771
-0.24891,5.1195,1.9798,1.2846,-1.1027,-0.0013294,0.89316,-0.034266
-0.5651,1.1095,1.7858,0.66588,-3.6051,0.012423,0.076472,-0.083794
-0.61702,-4.9926,1.9164,0.59386,-2.6908,0.021344,-3.0638,-0.17998
-0.6366,2.0051,0.8009,0.14534,2.8492,-0.12164,1.877,-0.13916
-0.82427,-3.5534,1.3394,1.0118,1.4965,0.091339,-1.3251,-0.15325
-0.86015,4.4554,0.25499,-0.037675,6.1501,0.13574,2.0253,-0.03395
-0.69591,-4.3764,0.31583,0.39921,-7.3887,0.090954,-1.3992,-0.0096606
-0.61715,0.80311,-2.4095,-0.58817,-7.0155,0.088336,0.27008,0.027065
-0.60763,0.062882,0.94775,0.96366,-3.6509,0.0083546,0.55208,0.010248
-0.47544,-3.0052,-1.1755,-0.063084,5.7983,-0.077255,-4.6652,0.19118
-0.58432,1.889,0.41864,-0.94009,6.84,-0.62306,-1.106,0.14518
-0.60656,-1.2973,0.61652,-0.65068,-6.797,0.097532,-0.043713,0.12743
-0.59828,0.62977,0.53881,0.015815,-0.60044,0.12747,3.5241,-0.0084193
-0.64667,0.69455,1.7323,0.75684,-6.6425,0.095799,-0.4909,0.01346
-0.60155,-0.24505,-1.821,0.52972,6.1104,-0.03282,-2.8961,-0.017449
-0.58336,5.0526,0.20772,0.53902,-0.25135,-0.084301,0.71029,-0.091509
-0.57734,-2.5655,0.41304,-1.1897,1.3934,0.1081,-0.42871,-0.10027
4.4796,4.9321,1.3631,0.74822,-0.78069,-0.0093128,1.068,-0.11188
4.4605,-3.5389,0.015272,-0.32333,-3.5694,0.037984,0.0048619,-0.042371
4.4342,-0.57148,-1.8868,-0.28412,-0.14221,0.065733,1.4216,-0.043271
-0.67184,-5.1196,-0.88385,0.9106,-2.7361,0.019566,0.21316,-0.0061072
-0.87529,-6.0154,-2.4049,-0.39443,2.2735,0.069295,-1.7197,0.12731
-0.70182,2.2694,0.095843,0.13282,1.0961,-0.018856,0.94321,0.080998
-0.62419,-3.9533,-2.0964,-0.54525,3.6116,0.082226,-0.42009,0.15815
-0.64452,3.5063,0.85405,0.2554,5.5386,-0.10833,1.559,0.12395
-0.60017,-0.12745,0.29557,-0.3989,-3.0017,0.082124,-0.45032,0.16696
-0.51449,4.524,2.0729,0.029804,1.309,0.022807,1.9639,0.058534
-0.6855,1.3708,1.6253,0.28506,-3.1472,0.044164,1.4217,-0.02621
-0.63446,-5.0206,0.49963,0.168,4.2199,-0.011058,-5.234,-0.083258
-0.86773,3.703,1.3199,-0.23578,6.3109,-0.27504,0.67365,-0.094113
-0.75541,-3.8129,5.4142,-0.31635,1.7766,0.020843,-2.1758,-0.1103
-0.64661,4.2828,0.1018,-0.89446,7.3503,0.41188,6.7694,-0.085205
-0.61313,-3.7475,0.79997,0.62719,-5.752,0.087855,0.36026,-0.043271
-0.60674,0.7544,-2.5632,-0.32787,-5.0443,0.08548,0.35515,-0.024336
-0.31854,-1.3638,0.38025,0.21251,0.057511,-0.023072,2.3518,0.062088
-0.58752,-0.75179,-2.0557,-0.97321,7.2827,0.35721,-1.2148,0.023536
-0.61044,3.6707,0.9568,-0.44001,6.3968,-0.43769,-1.1331,0.075084
-0.60211,-0.79702,-0.241,-0.27724,-6.3835,0.11439,-1.3299,0.020251
-0.75619,0.53719,-1.3659,-0.60735,1.6486,0.058963,2.7647,0.11276
-0.60247,-0.09325,-1.0885,-0.053552,-4.835,0.070771,0.67877,0.091074
4.4899,-2.6852,-1.2046,-0.1803,7.9736,0.34799,-2.0095,0.0013158
4.4494,5.0884,1.0785,-0.36465,1.101,-0.069753,0.24504,-0.047871
4.4171,-0.38659,-0.31415,-0.54794,3.7651,0.0042731,0.36235,-0.11224
-0.59746,5.4217,0.32165,0.46615,3.8285,-0.017996,2.4829,-0.12806
-0.66175,-1.5599,0.68511,0.004132,-1.7417,0.03679,0.46243,-0.12025
-0.6677,1.4028,0.89826,0.12768,-0.5297,0.091782,2.2164,-0.090365
-0.84423,-2.3596,0.64915,0.33278,-1.4524,0.061556,0.60592,-0.061476
-0.70744,-3.7125,-1.1771,0.52972,-3.5915,0.055247,-1.0421,0.17884
-0.56156,-0.0092309,-0.61437,-0.045523,3.3077,-0.015101,2.8403,0.19933
-0.63218,-6.3153,-0.4745,0.11139,2.6275,0.023603,-1.5969,0.25
-0.63227,4.5828,-0.1215,0.098568,6.3434,-0.093337,1.8273,0.080998
-0.44279,-1.5289,0.55039,0.19627,-4.537,0.038068,-0.28021,0.14182
-0.64219,5.746,0.15799,0.022148,-1.9858,0.10704,2.4162,0.12437
-0.63076,0.94428,1.8543,1.0976,-3.9695,0.085679,1.3879,0.0096394
-0.62797,-1.3149,0.74308,0.96136,1.8519,-0.022847,-2.3936,-0.050134
-0.64046,3.3456,1.7298,0.1811,5.5327,-0.46003,0.12042,-0.10078
-0.65287,-3.2462,1.5353,-0.7013,2.17,0.018494,-1.1883,-0.12782
-0.60242,2.7672,0.74866,-0.52119,6.3937,0.24583,4.8094,-0.11755
-0.6049,-2.3577,0.099524,-0.66452,-7.5896,0.066337,-0.4627,-0.082212
-0.29008,-0.65919,-2.0059,-0.99299,-3.8726,0.015221,1.9329,-0.10144
-0.4559,0.83237,0.3465,0.35167,-1.5307,0.0054603,2.8995,-0.057509
-0.59904,-2.9757,-1.9027,-0.61173,7.0181,0.30099,-0.78593,0.019983
-0.59806,4.7084,-0.50488,0.28501,3.025,-0.24538,0.025617,0.089784
4.5183,-1.1988,-0.88615,-0.52694,-3.2259,0.10285,-0.45887,0.03461
4.4966,4.2831,-1.2428,0.19137,-0.97295,0.035,2.002,0.19434
4.4546,-0.21676,-0.088219,-0.3271,-2.3525,0.056845,0.46525,0.14673
-0.66382,-0.71071,-2.3088,-0.78769,2.6275,0.020368,1.148,0.06272
-0.42727,0.38651,0.425,0.38902,-2.2435,0.0037211,0.69834,-0.018398
-0.55078,-2.5678,-0.3565,-0.45283,3.9519,-0.0033894,-0.83469,-0.059894
-0.64448,3.6497,0.82778,0.96597,4.2801,-0.12614,0.73488,-0.11268
-0.64953,-3.9864,-2.1243,-0.22662,1.4771,0.017532,-0.5528,-0.17674
-0.77258,3.1215,0.35341,-0.11804,5.9271,0.029314,1.9806,-0.078415
-0.71086,-1.7806,0.6359,0.0017234,-5.5752,0.064129,-1.1275,-0.051424
-0.60873,-2.297,0.833,-0.059705,-1.2652,-0.0029916,-0.72586,0.00068305
-0.62334,-0.084895,1.1449,-0.023731,-2.1818,0.0018986,1.2502,0.043128
-0.61935,-4.8643,1.8087,-0.065377,6.8927,0.24101,-3.6855,0.046025
-0.42496,5.022,1.0205,0.26492,7.2475,0.029905,1.0985,0.051841
-0.54704,-3.4834,2.9747,-0.22798,-1.9741,0.090697,-0.43166,0.1994
-0.61695,4.2433,-2.1628,-0.60918,0.30867,0.11557,4.5306,0.1316
-0.60941,0.11815,0.83554,1.5369,-6.9227,0.054214,-0.12407,0.045781
-0.90069,1.3782,-0.64281,0.41823,-0.91515,-0.047221,-3.0366,0.049602
-0.63126,2.1991,1.4687,-0.31875,3.4409,-0.46236,-1.121,-0.062693
-0.59014,0.19195,-1.6643,-0.57981,0.66418,0.034442,-0.48226,-0.068802
-0.59462,2.1193,1.3648,-0.66615,5.6695,0.03516,2.7872,-0.084232
-0.42807,-1.7378,0.039799,0.085022,-7.5121,0.08532,-0.65219,-0.12882
-0.54963,-2.9744,-1.5252,-1.1628,-1.5004,0.019996,1.0949,-0.066709
4.5196,-1.2514,-0.58536,-0.060566,-3.4368,-0.020146,1.9102,-0.102
4.4905,-4.0571,-2.9319,-1.255,6.3134,0.17042,-1.2258,-0.0084923
4.4651,2.2875,0.26864,0.095042,0.3077,-0.26578,-0.66306,0.1039
-0.85258,-1.8322,-2.392,-0.53467,0.29536,-0.009531,-0.20107,0.24873
-0.66415,5.5462,0.32516,0.4878,1.6589,0.0057683,0.92038,0.19784
-0.65864,-1.1851,0.97592,-0.66221,-2.909,0.00017869,-0.45238,0.10553
-0.5309,2.3447,1.0753,-0.19922,-3.9259,-0.0013679,0.13002,0.035584
-0.61009,1.2504,1.4394,0.69382,-2.4582,0.010363,0.65796,0.022514
-0.64675,-2.5639,1.7693,0.36422,-2.3989,0.044658,-2.352,-0.060016
-0.63959,2.534,1.0872,0.63631,2.9382,-0.14779,1.5775,-0.098932
-0.91519,-0.74133,1.7146,0.44612,0.88291,0.11192,-1.1772,-0.13337
-0.74634,6.7615,0.56579,0.84651,6.1153,0.18727,2.8841,-0.13746
-0.64165,-3.3244,1.3432,0.74325,-7.8395,0.033274,-1.3154,-0.092507
-0.62124,-1.6165,-0.66537,-0.38132,-6.4438,0.05028,-0.46459,-0.054686
-0.61066,0.29441,2.3252,1.3945,-2.4517,-0.098567,0.6692,7.4599e-05
-0.46563,-3.9834,-0.90604,-0.51245,4.667,-0.15178,-5.4786,0.12919
-0.62297,2.4521,0.40477,-0.13927,6.9958,-0.50633,-0.28752,0.17519
-0.61491,-3.511,0.82812,-1.0691,-7.3966,0.060189,-1.745,0.15443
-0.60564,2.6612,-1.3242,-0.59263,-0.97069,0.091147,3.7681,0.047801
-0.82901,0.44114,-0.26104,0.63453,-7.4887,0.064989,-0.61749,0.042812
-0.59156,0.60665,-1.1546,0.99393,5.5605,-0.15441,-3.5283,0.061698
-0.58502,5.1457,0.22979,0.61115,0.39253,-0.36045,-1.472,-0.0073485
-0.58647,-1.6353,-0.36105,-1.0823,-0.55885,0.075989,-0.54473,-0.059018
-0.2626,5.6702,-0.72068,0.27829,-0.55006,-0.032833,1.7035,-0.10309
4.4686,-0.33264,-0.97141,-0.27608,-5.4457,0.035237,-0.13015,-0.11534
4.4435,-3.1032,-2.5891,-1.1727,0.41364,0.033383,0.91648,-0.12444
-0.51234,-3.3066,-0.96773,-0.030314,-3.5854,0.05114,-0.072457,-0.079364
-0.91653,-5.888,-1.6019,-0.86552,2.5919,0.043856,-1.221,-0.040083
-0.78684,1.6765,-0.24327,0.82296,-0.3761,-0.0021124,0.84071,0.094116
-0.65945,-3.2883,-3.7028,-0.915,2.2063,0.098341,-1.223,0.024485
-0.64939,2.8324,-0.90846,-0.091396,4.8283,-0.032249,1.3939,0.20373
-0.4549,-1.3198,-0.02022,-0.61875,-3.3668,0.042611,-0.18758,0.14544
-0.47066,3.12,1.6246,0.17743,-0.714,0.06839,1.4929,0.25372
-0.71484,1.9977,2.4344,0.5332,-5.4112,-0.0018685,0.888,0.11522
-0.63752,-9.5799,3.1029,-0.11021,3.5621,0.0037404,-4.4589,0.013972
-0.67691,6.1014,1.6982,-0.26092,3.009,-0.35583,0.98237,-0.040667
-0.70522,-2.6578,3.4438,0.61222,0.90143,0.04822,-1.439,-0.10492
-0.70993,6.8521,-1.2103,-0.03858,2.3148,0.10443,6.6933,-0.12047
-0.61564,-3.4618,0.46642,0.53396,-7.1846,0.09904,-0.23887,-0.11293
-0.60332,-0.081806,-1.3713,0.050769,-6.5337,0.061697,-1.9292,-0.03726
-0.31307,-0.60391,1.0614,0.86857,0.61215,-0.17329,0.49811,-0.026892
-0.48648,-3.3513,-1.7008,-0.87925,4.2882,0.038799,-0.69025,0.042155
-0.61321,1.3583,0.53499,-0.97355,6.4252,-0.0082988,1.2336,-0.038379
-0.60987,-2.4358,0.42875,0.29666,-8.7583,0.08668,-0.6363,0.057244
-0.84833,-4.0068,-2.0661,-0.66691,-5.0106,0.055093,0.35374,0.048994
-0.6275,0.73509,0.21597,0.86006,-4.8338,0.08007,0.033349,0.12916
-0.57639,-1.7225,-0.56967,-0.30765,7.0479,0.25755,-1.471,0.10502
4.4913,4.9215,0.61436,0.64761,0.67271,-0.16439,-1.0317,-0.0032597
4.451,0.64965,0.30221,-0.22177,0.53552,0.075109,0.36694,-0.018203
4.4155,6.3527,1.0115,0.88413,-0.051856,0.066426,2.2351,-0.082041
-0.68903,-0.90263,1.5325,-0.02391,-3.0937,0.08738,0.24733,-0.12127
-0.66551,-1.294,-0.31341,-0.2352,-2.1241,0.033023,0.034981,-0.14269
-0.58304,-1.7917,-0.62166,0.13939,-1.3397,0.0064486,0.75406,-0.092531
-0.7719,-4.5297,-1.142,-0.061979,-1.2338,0.05999,-1.8047,-0.058823
-0.62298,0.67298,0.11742,0.19526,2.168,-0.05831,1.5739,-0.034364
-0.63402,-8.821,-1.0681,0.23986,1.3766,0.11492,-0.66401,0.31269
-0.63592,4.2323,-0.67478,0.11498,5.7892,0.023712,1.1772,0.15941
-0.42241,-1.826,0.55512,0.35414,-6.952,0.092,-1.172,0.15265
-0.56828,1.5411,-1.5354,-0.53025,-4.4721,0.079409,0.8908,0.22593
-0.63209,1.6952,1.4959,0.7269,-2.2518,0.067511,1.8197,0.13235
-0.62232,-2.6038,-0.48167,0.79379,5.0299,-0.024927,-4.0788,-0.013506
-0.73411,4.8592,1.3501,-0.31976,6.9879,-0.34449,-0.33098,0.007522
-0.63459,-2.4469,3.3315,-0.070174,-2.0926,0.079698,-0.96552,-0.073815
-0.60485,3.1891,1.3455,-0.77258,4.5892,0.05037,6.0148,-0.1074
-0.59919,-1.5339,0.018703,0.60945,-7.2483,0.048605,-0.32562,-0.10068
-0.45108,0.36186,-2.7713,-0.14824,0.54104,-0.01102,-2.5523,-0.10324
-0.45689,1.7674,-0.97362,-0.44925,0.43145,-0.17162,1.0984,-0.11356
-0.59086,-2.0665,-1.5716,-1.5285,3.6988,0.011506,0.70324,-0.084548
-0.5923,4.2829,-0.59461,-0.20091,6.2188,0.08729,3.0209,0.0035062
-0.74935,-4.215,-1.5261,-0.37174,-7.2531,0.080757,-0.12994,0.10945
4.5207,-0.56733,-2.1543,-0.74138,1.2304,0.070514,1.8813,0.028355
4.4987,-0.56609,-1.0734,0.0034062,-4.5018,0.023083,0.14921,0.21904
4.4532,-5.02,-1.337,-1.0661,5.9551,0.10399,-0.45208,0.14235
-0.59903,3.1312,0.79416,0.33912,-0.67858,-0.0821,0.080152,0.085038
-0.56124,-0.65109,-0.71039,-1.1665,3.4729,0.094708,0.12777,0.059143
-0.56939,5.7625,-0.08509,0.38258,4.3871,-0.065883,2.5602,-0.015648
-0.65127,-1.2049,0.93732,-0.47567,-2.33,0.070007,0.52119,-0.072696
-0.77855,3.9247,1.6491,0.49216,1.3721,0.021491,1.9845,-0.13422
-0.67513,-0.029672,1.1403,0.81547,-5.1371,0.025008,-0.57079,-0.13405
-0.56468,-6.585,1.3075,-0.36429,-2.288,0.070932,-2.4122,-0.070773
-0.62837,-0.35321,1.5682,0.37351,1.3711,-0.055615,1.2625,-0.046459
-0.63304,-2.2268,0.79959,1.1658,4.2201,0.062043,0.56062,0.0018756
-0.42793,5.2545,0.65965,0.71681,6.4856,0.18316,2.8251,0.081095
-0.59301,-3.8721,-0.112,0.046581,-6.6815,0.074461,-1.5847,0.010662
-0.6239,3.5876,-2.9405,-1.0062,-4.1035,0.1228,1.6297,0.1865
-0.61377,-0.13133,1.2638,1.342,-5.6009,0.043189,0.16832,0.07725
-0.69457,-1.1044,0.12571,0.96281,5.4587,-0.054896,-4.023,0.11741
-0.70006,3.8789,0.81117,-0.086103,5.9912,-0.68705,-0.51756,0.049797
-0.5979,-0.45957,-1.0792,-1.2037,-4.1849,0.11291,-0.73543,-0.00067987
-0.59752,0.66455,0.3201,-1.1772,1.6799,0.033094,4.0364,-0.039474
-0.22226,-0.62848,-0.83882,-0.11585,-7.6635,0.063673,-0.12664,-0.078342
-0.58706,-4.2173,-1.4265,-1.1646,4.4116,-0.063149,-1.1846,-0.11813
-0.58201,1.4185,0.71061,-0.22604,-3.1786,-0.0040504,1.1935,-0.13833
4.5021,-2.2646,-1.0686,-1.8848,5.9925,0.10664,-0.93161,-0.094989
4.4831,3.9542,-0.23989,0.21505,-0.78938,-0.11494,0.28415,0.010491
4.4577,-1.434,-1.1132,-0.10195,-1.4616,-0.0028054,-0.40119,0.067004
-0.62296,3.6563,-0.21935,0.34253,-0.6767,0.0046003,2.0421,0.10748
-0.6587,-2.5209,0.83143,-0.56268,-2.0256,0.059605,0.44357,0.10826
-0.50773,-0.47576,-0.73099,-1.071,-2.4146,0.073319,0.0059344,0.095065
-0.4773,2.1289,1.0359,0.29869,-1.3142,0.047084,1.0823,0.10385
-0.71987,-3.6166,0.41854,0.33433,0.44101,0.040782,-1.7602,0.16779
-0.645,4.2158,0.76933,0.48139,4.3009,-0.34864,0.36426,0.016381
-0.89637,-0.81045,1.0804,0.82412,-1.5636,0.055465,-1.873,-0.044464
-0.78558,7.2184,0.43413,1.2708,2.2362,-0.0037937,3.2185,-0.12918
-0.61015,-1.1538,1.3432,0.93446,-6.7425,0.028903,-0.41689,-0.12692
-0.61964,-5.0554,0.58388,0.29514,-7.354,0.038324,-2.2873,-0.12544
-0.61883,3.9317,2.4018,0.75687,1.3696,-0.19684,-0.42677,-0.045705
-0.40886,-4.972,-1.1567,0.3054,5.5898,0.021087,-4.0248,-0.01757
-0.61235,3.3067,-0.04945,-0.3459,7.6743,-0.045995,1.2078,0.032201
-0.61649,-4.7542,1.5451,-0.24959,-7.4799,0.068596,-0.82319,0.060846
-0.61545,0.43134,-1.4576,-0.92932,-4.2924,0.037028,2.6599,0.15803
-0.84929,-0.73508,0.86011,1.0456,-5.1047,0.10715,1.1457,0.15973
-0.66922,0.80075,-2.6547,0.5563,6.6031,0.05818,-3.6165,0.041376
-0.5846,5.1036,1.6953,0.91044,4.528,-0.71947,-0.93592,0.041108
-0.5862,-1.3642,-1.1698,-0.47698,-3.4703,0.086019,-1.368,0.052304
-0.22622,5.8288,-0.46235,0.51203,1.1128,0.024674,2.2994,-0.036262
4.49,-1.2582,-1.1058,-0.081871,-6.0562,0.066568,-0.49217,-0.039718
4.4548,-4.0071,-0.84396,-1.012,3.7362,0.05098,0.59368,-0.13982
4.4294,-0.71566,0.53557,-0.45644,-1.6314,0.044479,0.78529,-0.10806
-0.83814,-4.1091,-0.69574,-1.3249,5.9787,0.13322,-0.61804,-0.10704
-0.84837,3.4234,-0.66464,0.92098,3.1324,-0.13164,-0.0085084,-0.048333
-0.71872,-3.8569,-1.8333,-0.52452,-1.0032,0.01603,-0.76256,-0.010099
-0.65274,3.2516,1.2562,0.067243,3.9083,-0.025671,0.74003,0.0092013
-0.62808,-2.0313,-0.10883,-0.27894,-3.1993,0.026407,-0.61279,0.20274
-0.43456,1.9269,0.87969,0.56477,-2.1334,0.016543,0.48643,0.25207
-0.63705,2.1411,1.099,-0.16047,-0.6502,0.014676,2.0597,0.15589
-0.64728,-8.0316,2.809,0.90303,1.9127,0.037079,-1.8939,0.2039
-0.64255,5.9883,0.52851,-0.18984,5.5989,-0.18905,1.8477,-0.0062532
-0.74114,-1.4746,2.0025,0.29648,-1.1054,0.088156,0.11405,-0.00065554
-0.5961,6.7817,-0.51209,-0.040289,1.7973,0.097539,4.6828,-0.041446
-0.61681,-1.7952,2.2591,0.58058,-7.4637,0.089254,-0.35219,-0.11843
-0.60712,-1.357,-1.2547,0.29756,-5.4401,0.0070647,-2.2459,-0.096936
-0.38545,1.114,0.56567,0.48431,1.5564,-0.36271,-0.012541,-0.12653
-0.48896,-3.4965,-1.42,-0.60253,4.2371,0.076027,-0.99755,-0.065711
-0.60997,0.82257,-0.17217,-0.98876,6.9463,0.2371,4.335,-0.017741
-0.6073,-3.1047,-1.2301,-0.89352,-8.1529,0.11302,-0.63632,-0.042784
-0.84175,-2.707,-3.5095,-0.98991,-4.3881,0.071458,0.42349,0.13651
-0.62186,0.85592,-1.5541,0.14066,-3.6199,0.094683,1.0562,0.085963
-0.57301,-3.1949,-2.2866,-0.98734,6.5047,0.22557,-1.1875,0.19743
0.45667,3.8133,-1.06,0.71403,1.9819,-0.084744,-0.083676,0.14109
4.491,0.035588,-0.7419,-0.38711,-1.8032,0.090126,-0.43307,0.057342
4.4456,6.7981,0.24805,0.87576,-1.7496,0.10951,1.6137,0.034123
-0.65056,0.20728,1.1112,0.19411,-2.9483,0.078549,0.054734,-0.020491
-0.67036,-1.9614,-1.423,-0.91443,-1.4329,0.082528,-0.63803,-0.080703
-0.71095,-0.34831,0.73818,-0.096239,-1.5931,-0.0086069,0.6649,-0.11475
-0.75363,-2.5838,0.0085014,-0.059538,1.9667,0.05852,-1.2057,-0.10743
-0.67974,0.013721,0.41145,0.99418,2.8203,-0.1433,1.3213,-0.07895
-0.64621,-5.6355,-1.4304,0.14028,-0.4523,0.043689,-1.2397,0.038626
-0.63984,2.7925,1.2382,0.57744,3.982,0.011384,1.4937,0.043518
-0.44711,-2.8443,0.90687,-0.24649,-5.8154,-0.029984,-0.89168,0.24404
-0.56742,-3.4874,0.76448,-0.52148,-4.7046,0.045743,-0.83557,0.13858
-0.63886,1.8536,0.99512,-0.021868,-1.2263,0.0022066,1.1678,0.16092
-0.623,-3.7727,1.2809,0.26502,6.8079,0.24698,-3.1942,0.070995
-0.91647,5.6461,0.26409,-0.29132,7.741,-0.041099,1.4861,0.094311
-0.65667,-2.553,2.2571,-0.16745,-4.644,0.10564,-0.57706,0.076252
-0.61209,5.4167,0.27279,-0.58185,0.86061,0.063038,4.1273,-0.02363
-0.59878,-0.35303,1.3534,0.76161,-6.9364,0.067299,0.53268,-0.054588
-0.40113,-0.22818,-0.83231,0.93668,3.2144,-0.07359,-4.7047,-0.1137
-0.58115,3.4776,1.7226,0.5545,4.1052,-0.87158,-1.0418,-0.11938
-0.59171,-2.3864,-1.4012,-0.89915,-2.4649,0.026112,-1.1656,-0.12378
-0.5916,2.1994,0.66525,0.28831,4.1851,-0.017854,3.6768,-0.10365
-0.80515,-3.0921,-0.8371,0.0020253,-8.3945,0.063064,-1.1618,0.0023624
-0.6384,-3.5496,-2.6829,-0.92513,4.8678,-0.1044,-0.38242,0.070119
4.5153,-0.54476,-0.73481,-0.42905,-4.7143,-0.057194,0.24051,-0.015453
4.4992,-7.7351,-2.5168,-1.2084,5.972,0.067177,-2.2926,0.24572
4.4511,3.9092,-0.96771,0.43046,0.89692,-0.093838,0.38188,0.13968
-0.60537,-0.11392,-1.6661,-0.081691,-2.1445,0.016556,-1.5796,0.14272
-0.70224,6.6199,1.2202,0.66405,1.5527,-0.044763,1.1922,0.11943
-0.6583,-0.51112,1.1806,-0.42199,-2.9378,0.059585,-0.28363,0.0055993
-0.87399,2.3703,1.4349,-0.13209,-2.4311,0.019784,0.59385,-0.029058
-0.80848,2.0038,1.3827,0.00040672,-1.073,0.046449,1.2707,-0.085935
-0.66548,-7.4837,2.3137,0.11042,0.088846,0.0018472,-2.2933,-0.17664
-0.63576,1.5134,0.56504,-0.28314,4.7695,-0.11772,1.69,-0.11779
-0.63427,-1.4516,1.1328,0.74688,-0.56891,0.082393,-1.2121,-0.07126
-0.49666,4.9641,-1.5487,0.68996,5.4717,0.11236,4.6384,-0.04792
-0.6334,-4.5533,1.5603,0.44655,-7.9487,0.041546,-1.4744,0.021906
-0.6276,-1.284,-1.8234,-0.047335,-7.4927,0.044633,-1.7814,0.013777
-0.62441,1.0349,1.0196,1.0665,-1.1758,-0.19395,0.45686,0.10397
-0.75969,-3.3696,-0.62439,-0.36249,4.7417,-0.082004,-4.3755,0.18714
-0.68298,3.5317,0.56978,-0.46685,7.342,-0.25024,0.32992,0.15133
-0.60327,-2.2346,0.88442,-0.40683,-7.3277,0.031644,-1.187,0.11008
-0.5955,0.40261,-1.9538,-0.65278,-4.275,0.071406,2.3302,0.020786
-0.47799,1.7475,1.8077,0.29487,-5.6729,0.11159,0.1919,-0.010464
-0.45593,-0.2533,-2.3951,0.16565,6.4175,-0.01745,-3.2775,-0.029131
-0.58746,4.975,-0.096409,0.1367,1.2007,-0.19595,-0.12726,-0.11667
-0.59048,-2.9659,-0.48899,-1.0575,-0.33693,0.044447,0.48119,-0.12035
4.4889,5.4366,0.50947,0.76756,-1.6978,0.029147,1.1887,-0.11008
4.472,-2.8183,0.61727,-0.16406,-3.9614,0.072209,-0.57984,-0.026502
4.4482,-2.5095,-1.5482,-0.59369,-0.5598,0.047732,0.13949,-0.011973
-0.65962,-3.6097,-0.62582,-0.25702,-2.0113,-0.0082411,0.70914,0.037896
-0.48153,-5.5255,-1.242,-0.66779,2.8531,0.029776,-0.9748,0.13272
-0.38664,1.5193,-0.76335,0.29546,1.7016,-0.010956,0.81366,0.095236
-0.68456,-4.4165,-3.0525,-1.1341,1.2634,0.10577,-1.4564,0.15112
-0.65906,3.5301,0.63581,0.1165,4.9453,-0.015114,1.5247,0.24396
-0.87807,0.22503,0.39024,-0.19288,-3.8506,0.068268,-0.95701,0.074914
-0.77623,5.5271,2.3726,0.68941,1.069,0.032946,1.2969,0.013899
-0.58168,1.7596,1.895,0.10037,-3.6398,0.027588,0.62374,-0.036846
-0.62284,-5.9152,1.9049,0.68907,3.7968,0.0057234,-3.7591,-0.10258
-0.62633,5.5266,1.1298,-0.1065,6.2821,-0.36528,0.19534,-0.08007
-0.37105,-3.933,2.2891,0.12125,0.35345,0.024353,-2.5896,-0.12346
-0.54624,5.4503,0.12843,0.20974,5.7142,0.11686,6.6564,-0.097107
-0.61883,-3.6161,0.4348,0.70278,-6.5889,0.076367,0.30839,-0.048309
-0.61911,-0.29696,-1.7319,-0.093997,-5.3076,0.053354,-1.3506,-0.027719
-0.71889,-0.16931,1.5685,0.14549,0.80125,-0.06193,1.7335,0.044394
-0.68719,-1.7046,-3.1205,-0.9728,6.5551,0.21994,-0.66586,0.064424
-0.5875,4.2236,0.84324,-0.2906,6.2195,-0.42475,-0.594,0.026846
-0.58564,-1.4975,-1.2516,0.15734,-7.4968,0.11414,-0.89852,0.028477
-0.36866,1.2783,-0.41572,-0.39585,0.074582,0.069468,1.1034,0.052401
-0.45627,-0.28518,-1.0127,0.067834,-5.739,0.070508,0.19813,0.067515
4.4918,-5.0696,-1.0241,-0.81942,7.3953,0.26137,-2.0716,0.017574
4.4538,3.6012,1.5901,-0.25651,-0.90127,-0.11641,-0.10201,-0.068485
4.4199,-0.68228,0.63561,-0.20915,3.0335,0.052809,-0.12957,-0.11874
-0.76395,6.0358,0.039915,0.9736,2.5258,-0.054421,1.8156,-0.12692
-0.6686,-1.1859,0.60653,0.35153,-3.4863,0.060221,0.14937,-0.099321
-0.6532,3.0816,1.1686,0.72736,-0.97821,0.07708,0.88954,-0.040375
-0.64304,0.10888,0.84932,0.46456,-1.8373,0.043875,0.019343,-0.034242
-0.43805,-3.4386,-1.1883,0.059035,-3.2273,0.096281,-1.0041,0.23476
-0.57348,0.21985,-0.54654,-0.49688,1.844,-0.040194,2.707,0.24306
-0.64742,-6.0766,0.70343,0.24507,1.273,0.022614,-2.4367,0.21009
-0.63463,5.7513,0.65793,0.48488,5.6988,-0.25961,0.86413,0.11052
-0.79613,-2.0639,0.41663,-0.20621,-4.8349,0.020869,-0.2617,0.12383
-0.60406,6.7981,-1.3689,-0.3026,-1.3398,0.055581,3.5082,0.10653
-0.61427,1.2275,2.6464,1.0221,-5.1921,0.070187,0.98326,0.005575
-0.61146,-2.8947,1.6807,0.87456,1.2845,-0.056154,-3.9606,-0.052787
-0.36861,2.9349,2.442,0.099339,5.2294,-0.85171,-0.36626,-0.10146
-0.57332,-3.6937,1.7849,-0.3403,-0.36051,0.087951,-3.2911,-0.12763
-0.60115,1.8567,1.102,-0.37467,5.1687,0.068326,4.0692,-0.13308
-0.60125,-3.5561,-0.47012,-0.13958,-7.6688,0.065368,-0.94437,-0.1009
-0.7059,-0.77988,-2.7713,-0.13389,-2.6884,-0.032262,-0.11943,-0.075884
-0.64036,2.1266,-0.60199,-0.1867,-0.23413,0.055189,3.0367,-0.026965
-0.57303,-4.1234,-2.7683,-1.5869,6.106,0.14463,0.15817,0.074232
-0.58277,4.3052,-1.2805,0.034512,3.1013,-0.093106,1.0339,0.14571
4.5241,0.76894,-0.7982,-0.084009,-4.7319,0.058212,0.071643,0.029986
4.4984,4.4439,-1.5094,0.72217,-1.659,0.06051,1.5314,0.16925
4.4568,-1.0782,0.12041,-0.20369,-3.3469,0.080179,-0.047008,0.1223
-0.66669,-3.7128,-1.6668,-1.2197,3.2052,0.069359,-0.54612,0.11914
-0.875,1.3212,0.78403,0.059722,-0.043141,0.047976,1.0745,-0.013701
-0.80459,-3.2378,-1.3241,-1.3728,3.0975,0.041937,0.66584,-0.074497
-0.73159,3.0387,-0.92379,0.62457,3.3305,-0.084558,1.8756,-0.10589
-0.64514,-2.8017,-0.1993,-0.61453,-1.3548,0.086443,-0.92345,-0.122
-0.63457,4.5224,1.5106,0.80844,3.8795,-0.01179,2.4632,-0.038039
-0.51254,-0.77098,0.67189,0.7526,-5.6614,0.048226,-0.64535,-0.074205
-0.65219,-7.8239,1.0171,-0.38539,-3.3728,0.022743,-2.2336,0.061333
-0.63128,1.5898,1.6404,0.43177,-0.3325,0.0027457,1.7643,0.031836
-0.62586,-4.8049,3.355,0.90986,6.2758,0.18401,-2.5535,0.046609
-0.817,6.8021,-0.099898,0.090777,7.4749,0.35941,2.7296,0.023828
-0.60632,-3.2216,0.9674,0.008795,-4.2771,0.096435,-0.76328,0.19171
-0.6057,4.1857,-2.937,-1.3818,-3.7569,0.12662,3.5631,0.14732
-0.59811,-0.12698,1.5556,1.0913,-4.8005,0.03903,1.3671,0.040841
-0.41525,0.63121,-2.2093,0.41451,5.483,-0.053561,-4.3325,0.0065728
-0.58796,1.8543,1.5531,-0.6125,5.6616,-0.76532,-1.4006,-0.047336
-0.59458,-0.55707,-0.29642,-0.083547,-5.5267,0.072703,-1.7149,-0.063764
-0.59273,-1.0818,-0.12017,-1.0516,3.4017,0.054625,3.7741,-0.11799
-0.83882,0.10674,-2.0234,0.34394,-6.867,0.10978,-0.52487,-0.11127
-0.65036,-7.3412,-2.833,-0.91081,5.9509,0.069032,-1.644,-0.028936
-0.6105,-0.96172,-1.1528,-0.49582,-0.71096,0.033774,0.91546,-0.011072
4.5073,-2.8844,-0.78151,-0.97542,4.9345,0.036746,0.77731,0.011173
4.4872,5.3733,-0.51995,0.83651,3.0863,-0.060114,1.5081,0.10212
-0.43268,0.94915,-0.0047385,0.32559,-3.2407,0.069385,0.24979,0.14031
-0.71721,4.2828,-0.025328,0.68453,-0.21699,0.089799,1.7791,0.16791
-0.66311,-0.98326,0.25675,-0.022761,-1.6335,0.031753,0.13562,0.13269
-0.84964,-1.3642,-0.87074,-0.061067,-1.4892,0.02531,-1.6194,0.018888
-0.78107,2.6196,1.0056,-0.43819,1.904,-0.027545,1.9158,0.048458
-0.69,-5.4614,-0.70137,-0.3167,1.8583,0.056909,-1.5903,-0.053274
-0.63689,4.1714,0.23975,0.02272,5.3828,-0.1851,1.5343,-0.093724
-0.62734,-0.31584,1.4328,0.54215,-3.023,0.0678,-0.51085,-0.10385
-0.48063,6.6799,0.74893,1.5203,2.9088,0.046603,3.4573,-0.15075
-0.58564,-2.2253,2.8145,0.67654,-5.2293,0.0027457,0.50686,-0.13602
-0.62741,-4.3842,0.5104,0.86675,0.71873,0.037702,-4.1508,-0.074399
-0.62685,0.09774,1.1134,0.11147,4.7939,-0.42066,0.3158,-0.041568
-0.73945,-4.1056,-0.091206,0.75837,4.0794,0.094561,-3.4541,0.075181
-0.65217,2.7846,1.9357,-0.53964,6.7539,0.26676,3.498,0.18353
-0.5969,-2.7179,-0.2494,0.0035154,-7.4244,0.10863,-1.0751,0.16844
-0.59181,1.9411,-1.4492,-0.62594,-4.1396,0.090858,1.3953,0.090392
-0.32331,2.0282,0.10268,1.7383,-2.6578,0.072215,2.1104,0.036435
-0.50018,-0.40223,-1.9589,-0.72431,6.371,0.1731,-2.2038,0.08516
-0.59323,5.7954,0.50561,0.72615,3.0345,-0.62163,-1.6708,0.025167
-0.5952,-1.7025,-0.28114,-0.4814,-5.9225,0.1049,-1.0513,-0.028474
-0.67575,4.7049,-0.14212,0.63789,-0.85218,0.058584,1.43,-0.10777
4.4781,-1.1164,-0.30075,-0.037803,-4.5155,0.0090156,-0.79022,-0.11132
4.4569,-8.1718,-2.7459,-1.005,4.9796,0.052719,-1.0411,-0.1615
4.4478,-1.6988,0.26027,0.079428,-2.7149,-0.013061,0.32285,-0.037503
-0.55393,-3.9752,-2.9679,-0.75926,5.4079,0.083619,-0.07249,-0.048796
-0.35731,3.2322,-0.81292,1.3996,2.491,-0.078327,0.87791,0.022246
-0.63372,-3.9075,-2.2184,-0.24059,-1.2718,0.067761,-1.4724,0.078151
-0.65913,3.0731,0.93021,0.2664,1.6959,0.054169,2.0449,0.16163
-0.64266,0.24627,-0.0077321,0.26017,-2.8452,0.031028,-1.0164,0.045343
-0.7377,0.16915,0.92407,-0.12287,-1.7016,0.013341,0.0089141,0.33781
-0.67691,2.3324,0.67655,-0.36961,-1.3071,0.028576,1.4965,0.13739
-0.62573,-4.135,1.427,0.42294,5.4268,0.066735,-1.7277,0.033442
-0.62681,6.7504,1.2759,0.03317,6.2195,-0.092528,1.4978,-0.052933
-0.45799,-1.9186,0.64436,-0.17312,-2.5542,0.074827,-0.1433,-0.09477
-0.59399,6.6108,-1.4792,-0.31859,-1.1989,0.054034,3.0512,-0.088369
-0.61323,-1.2939,1.6233,0.95527,-4.9394,0.046962,0.78036,-0.16851
-0.6126,-2.4126,-0.24712,0.57827,-1.6472,0.065997,-3.4896,-0.11441
-0.82517,-1.1949,1.7053,-0.12011,4.9674,-0.59576,-1.1015,-0.034558
-0.67372,-2.7543,-0.55934,-0.78956,0.31313,0.05714,-0.80061,0.020494
-0.5826,-0.65166,0.65011,-0.51975,6.5352,0.21012,4.983,-0.060332
-0.58764,-1.6683,-0.42101,-0.26364,-7.7275,0.054471,-0.51128,0.056514
-0.32725,-5.2262,-3.2587,-1.3305,-2.1394,-0.022141,-0.26474,0.028623
-0.42362,1.4909,0.17934,-0.53051,-1.7291,0.091166,2.2614,0.15934
-0.61419,-0.53287,-0.87525,-1.3845,7.1434,0.35444,-0.87946,0.12551
4.5009,6.245,0.8193,0.3321,2.5661,-0.12364,-0.66834,0.032347
4.46,0.55156,-0.46016,-0.13806,-1.0554,0.083895,-0.66434,0.015675
4.4222,7.1855,0.68435,0.35589,0.72701,0.022653,1.4604,-0.072477
-0.63579,-1.9245,0.63566,-0.086951,-1.2199,0.062537,0.2367,-0.10855
-0.65147,-1.8333,-1.5478,-0.75863,-2.2594,0.08849,-0.13336,-0.13838
-0.64591,0.49422,-0.089253,0.32377,-0.24043,0.027216,1.2374,-0.06941
-0.52556,-3.7746,-0.38462,-0.077118,0.90059,0.048182,-1.4272,-0.077539
-0.59386,0.55214,0.043204,0.70351,3.8137,-0.097207,0.65638,-0.057046
-0.64122,-6.905,-0.69061,0.41931,0.79996,0.040846,-1.026,0.21987
-0.63189,5.9522,-0.97411,0.88411,5.9817,0.084036,1.1591,0.12352
-0.87324,-1.8156,0.1282,0.027633,-6.9532,0.024206,-0.90356,0.15613
-0.6441,-0.015672,-1.817,0.0019739,-4.3108,0.083022,-1.3052,0.26514
-0.61195,1.362,1.4644,0.31205,0.08742,0.020285,2.1903,0.17526
-0.61915,-1.9847,0.28425,-0.12618,5.5167,0.039396,-6.1997,0.0032629
-0.51512,5.0726,1.5653,-0.45467,7.6073,-0.26172,-0.52254,0.023317
-0.62033,-2.1246,2.6317,-0.64698,-3.4628,0.11033,-1.0369,-0.066879
-0.59889,5.0869,-0.65407,-0.53502,2.2102,0.03801,5.0962,-0.09606
-0.59503,-1.3049,-0.61644,1.2847,-7.2356,0.052443,-0.080562,-0.10273
-0.72838,0.5798,-1.1146,0.15619,1.9092,-0.14323,-4.3397,-0.11957
-0.7409,3.1448,0.43797,-0.28298,1.3,-0.17409,1.3664,-0.10767
-0.58283,-1.6184,-2.6443,-2.1414,1.6364,0.017179,1.061,-0.093894
-0.58319,4.6231,-0.7471,0.92819,5.19,-0.10756,1.9418,0.043201
-0.25521,-2.8827,-1.9916,-0.7365,-7.2215,0.092713,-0.10405,0.084478
4.5179,-2.4345,-2.9721,-0.85576,0.82648,-0.04681,0.93037,0.079659
4.4982,-2.721,-2.5286,-0.041939,-5.5111,0.0067502,-0.46343,0.30208
4.4479,-6.4958,-2.9592,-0.86648,5.464,0.048239,-1.2814,0.15861
-0.85178,3.545,1.1738,0.5032,-1.6334,-0.057868,1.2586,0.090952
-0.7842,-1.5308,-1.7167,-0.57156,3.0266,-0.00025128,-0.98143,0.049554
-0.66666,4.5587,-0.14346,0.32453,3.2365,-0.17617,1.3562,-0.013311
-0.65186,-1.8303,0.50793,-0.19051,-2.28,0.069731,-0.65971,-0.079948
-0.64308,4.0044,1.3872,1.0169,0.15374,0.047219,1.6883,-0.094186
-0.50645,-0.33401,1.0779,0.84251,-6.312,0.017551,-0.86463,-0.13322
-0.67424,-5.6659,0.4494,-0.38012,-2.9136,0.01791,-3.357,-0.089197
-0.63907,0.046634,-0.21692,-0.039679,0.50769,-0.056725,2.0509,-0.072404
-0.6398,-2.4127,0.76024,0.48501,3.6305,0.0079503,-1.3572,0.01144
-0.81851,5.1097,0.39952,0.20589,6.0221,0.13726,1.7402,0.068586
-0.66321,-3.7648,-0.29351,-0.20499,-6.6677,0.027504,-1.3279,0.018644
-0.60871,2.6502,-2.4953,-0.90331,-5.2837,0.025663,1.3821,0.18081
-0.61691,0.26257,1.412,0.83297,-5.4859,0.017666,0.55011,0.1012
-0.19683,-1.9355,0.17845,0.37527,4.7625,-0.19541,-4.8359,0.12741
-0.53938,2.7005,0.96345,0.024891,5.0951,-1.1105,-1.774,0.070898
-0.61084,-0.61304,0.17237,-0.55716,-5.8994,0.10107,-1.5121,0.002046
-0.60883,0.58633,0.21943,-0.88489,-0.25838,0.055408,3.4346,-0.028352
-0.87158,0.23723,-0.060711,-0.31003,-8.622,0.075251,-0.6901,-0.077417
-0.68255,-3.6927,-1.5549,-0.3195,4.3253,-0.091007,-1.7856,-0.10952
-0.54879,2.7169,0.26671,-0.31067,-2.7518,-0.078911,0.51003,-0.10258
4.4941,-1.9874,-0.14992,-1.7151,2.4692,0.037022,0.4471,-0.090073
4.4862,4.1547,-0.37747,0.19629,-0.54047,-0.039199,1.1221,0.012609
4.4632,-1.9104,-0.54159,0.0086344,-3.6408,0.062043,-0.29907,0.055735
-0.72289,2.6946,-1.5743,0.34195,-2.2667,0.076239,0.26411,0.10514
-0.67288,-2.256,-0.42501,-0.06266,-2.7515,0.082964,-0.078699,0.10974
-0.77775,-1.9968,-1.2654,-0.87219,-2.7565,0.087136,-1.0969,0.076155
-0.78457,2.985,0.13466,-0.35446,-0.88754,-0.0024589,1.0483,0.080025
-0.72553,-3.5304,-0.11368,-0.51982,0.81434,0.093425,-1.5742,0.16418
-0.63991,4.6721,0.75537,0.4424,4.5143,-0.35473,0.92786,0.0082765
-0.62554,0.038125,1.0367,-0.0057914,-4.0024,0.041963,-1.3351,-0.041519
-0.35898,7.5931,0.80043,1.0102,0.46294,0.03398,0.90281,-0.12867
-0.59397,-0.81536,2.3346,0.23006,-7.0811,0.0020847,0.18665,-0.12716
-0.629,-6.6253,-0.070032,-0.0038003,-0.89089,-0.042337,-5.6692,-0.13464
-0.63033,3.3537,1.2306,-0.70448,4.4551,-0.60742,-0.78392,-0.10263
-0.94978,-4.5484,0.21287,0.28851,2.7187,0.018719,-2.6408,-0.036651
-0.6372,1.4871,0.49231,-0.31909,7.3593,0.27077,3.2695,0.031641
-0.59222,-4.1546,-0.21943,0.19698,-8.0533,0.041212,-0.5847,0.12824
-0.5956,1.0777,-3.3021,-0.084433,-7.3809,0.08034,1.2202,0.066882
-0.52866,-0.14037,0.39284,0.5351,-3.9446,0.024886,0.83016,0.11938
-0.49992,-0.17019,-1.9574,-0.25531,6.4043,0.11913,-3.7325,0.041498
-0.60291,5.5954,1.1541,0.27645,5.5229,-0.58701,-1.8005,0.050746
-0.59793,-1.3045,-0.34293,0.39671,-7.2064,0.078119,-1.4697,0.097791
-0.74694,3.6576,-1.8546,0.10046,-0.81344,0.003734,2.5597,-0.039304
4.5265,-1.0461,-0.79974,0.1475,-6.3905,0.036438,-0.99765,-0.073207
4.4613,-3.7858,-2.8263,-0.74994,6.1497,0.11327,-1.5828,-0.13259
4.4336,-0.32137,0.24139,0.36858,-1.6366,-0.011482,0.0033399,-0.12011
-0.65759,-4.199,-1.9617,-1.1322,5.2953,0.048098,0.82655,-0.098445
-0.50985,3.8509,-0.50725,0.23675,2.7353,-0.092625,0.95948,-0.086106
-0.59249,-3.6218,-2.0011,-0.27767,-1.6744,0.093547,-0.28992,-0.022657
-0.6591,3.0216,1.1172,0.32052,2.2717,0.0045041,1.9435,-0.050719
-0.65628,-1.3372,-0.53456,-0.011649,-3.7066,0.014381,-1.097,0.067734
-0.75784,-0.70697,0.027786,-0.19028,-2.9766,0.041822,-0.86559,0.26441
-0.66368,1.1841,0.95975,0.045264,0.41006,0.056832,2.1015,0.17484
-0.63381,-4.5919,0.18965,0.50647,3.5328,0.0369,-2.8951,0.25652
-0.62809,5.6499,-0.29809,0.13339,6.2116,-0.17898,0.9951,0.022125
-0.37223,-1.5031,0.65597,0.54532,-4.1208,0.092494,0.22825,0.037458
-0.57943,7.0579,0.47372,-0.54025,-0.31946,0.10175,3.7922,-0.046776
-0.61633,-1.5229,1.5925,0.82642,-6.5229,0.092186,0.21809,-0.094648
-0.61514,-2.6447,0.29914,0.65348,-2.4429,-0.052227,-4.4798,-0.10657
-0.69157,2.0616,1.7344,-0.033911,4.1156,-0.59177,-0.05578,-0.1147
-0.63926,-4.0501,-0.95145,-1.399,2.2199,0.083734,-0.60122,-0.070213
-0.59736,0.48715,-0.35848,-0.63735,6.1798,0.16603,5.253,-0.0049877
-0.59285,-2.564,-0.77365,-1.2652,-7.9216,0.051602,-0.40918,-0.073231
-0.53466,-3.074,-4.3466,-0.92649,-4.0442,0.010498,0.56871,0.10692
-0.46262,0.94593,-1.5189,-0.084414,-3.592,0.042072,1.3153,0.10658
-0.56127,-2.3839,-2.9306,-1.0311,6.5626,0.16254,-1.8175,0.20062
-0.72766,4.6142,-0.82909,0.44005,1.7365,-0.10817,-0.14996,0.097669
4.4821,-0.15588,-0.98604,-0.79405,-0.69539,0.038818,-0.85901,0.024047
4.4473,6.5039,-1.1721,0.52198,-0.34976,0.057769,2.2578,0.057804
4.578,-0.31175,1.2644,-0.21353,-2.0245,0.11134,0.10917,-0.012289
-0.66679,-1.3114,-1.7879,-0.93386,-0.71281,0.044517,-0.015515,-0.076273
-0.6712,0.11237,0.20609,0.68891,-1.3635,0.0082391,0.8109,-0.073255
-0.54268,-2.6098,-0.69445,-0.058581,1.1881,0.025072,-1.7175,-0.099565
-0.66613,1.0083,0.74241,0.93279,3.169,-0.1237,0.18922,-0.08523
-0.65198,-5.4875,-1.2855,0.24963,0.96489,0.11529,-2.0315,-0.033585
-0.65008,3.0132,1.4081,0.38084,5.0905,-0.028296,1.6556,0.036849
-0.875,-3.0928,0.82419,-0.29704,-5.768,-0.0070346,-0.63392,0.23408
-0.68713,-1.8011,0.68796,-0.7025,-3.3193,0.05062,-0.90365,0.11493
-0.62995,1.7878,0.88284,-0.14117,-1.5179,0.0028034,1.4308,0.089614
-0.6352,-4.0282,1.4414,0.34844,7.2934,0.31899,-3.8591,0.11906
-0.33316,5.6558,0.5081,0.087745,8.0566,-0.044314,0.7799,0.093751
-0.5706,-2.7163,3.3783,-0.31009,-4.1229,0.072305,-1.2937,0.078224
-0.62054,5.4764,-1.1755,-0.73473,2.2352,0.070874,5.1511,0.013899
-0.61893,-0.87723,1.6115,0.76868,-6.4163,0.05449,0.22699,-0.042298
-0.80394,-0.013161,-0.036325,1.1087,2.2497,-0.060659,-4.1923,-0.09589
-0.6503,2.5805,1.1779,-0.49932,3.8546,-0.53682,-1.605,-0.097569
-0.59126,-1.4133,-1.3409,-1.1122,1.0517,0.096107,-0.71976,-0.12848
-0.59529,2.1712,0.87003,-0.12467,6.0514,0.045063,4.4593,-0.096376
-0.51002,-2.7464,-0.86142,0.18401,-7.839,0.073486,-1.2288,-0.036384
-0.40266,-1.6594,-2.0581,0.19376,3.9615,0.02624,-0.009735,0.023901
4.5064,-0.3845,-0.99631,0.076897,-4.9246,0.00976,0.0040142,0.028672
4.4864,-7.8125,-1.641,-0.53412,6.9841,0.16511,-1.9854,0.19714
4.4406,3.4986,-0.24581,0.37483,0.89588,-0.094685,-0.35446,0.091074
-0.80957,-0.94038,-0.80219,-0.1151,1.1615,0.068807,-1.0629,0.15411
-0.64699,6.2464,0.482,0.58932,3.1803,-0.0086069,1.513,0.10904
-0.65467,-0.60919,1.3355,-0.503,-2.1916,0.083844,0.2612,-0.0059369
-0.65197,4.1221,1.237,0.5147,-1.396,0.10758,1.2293,-0.038817
-0.53113,1.4248,1.3467,0.38129,-2.6411,0.015594,0.48363,-0.077758
-0.63803,-4.8162,1.1137,0.49828,-1.8419,0.031278,-2.9137,-0.18222
-0.64744,1.1478,0.22146,0.064584,3.2685,-0.088999,1.6182,-0.14337
-0.65205,-2.2536,2.4132,1.2626,2.2578,0.063994,-1.3958,-0.093651
-0.88862,4.3335,0.8033,0.46266,6.5225,0.13038,1.1104,-0.0229
-0.69438,-4.9047,1.1932,0.20202,-7.4434,0.062031,-1.692,0.013826
-0.61863,1.118,-1.8216,-1.3036,-6.6973,0.077234,1.7436,-0.012557
-0.62278,-0.64649,1.3832,0.92494,-4.8584,-0.023226,1.4223,0.049359
-0.25348,-3.1678,-0.11048,0.57532,5.5363,-0.11655,-4.7149,0.19049
-0.49566,3.5374,0.95044,-0.20374,5.9432,-0.85336,-2.0141,0.17285
-0.63317,-2.0483,0.57924,-0.04131,-5.2847,0.017878,-1.4673,0.11344
-0.6164,2.3337,0.25725,-0.3996,1.5896,0.045961,4.1521,0.028745
-0.68711,-0.58868,-0.4032,0.52441,-7.7881,0.10011,-0.50892,-0.0039412
-0.67749,0.2557,-1.0728,1.134,3.359,-0.20749,-2.0975,-0.044318
-0.61852,3.7058,1.2262,0.28582,-1.3323,-0.037858,0.60682,-0.136
-0.5883,-3.1844,-0.16335,-0.94872,4.5404,0.1185,-0.64567,-0.12597
4.4842,4.4259,0.47404,0.2452,-0.089183,-0.002292,1.3416,-0.095622
4.4652,-1.5462,-0.40411,0.17941,-2.8206,0.073396,0.082779,-0.0707
4.4412,2.4659,-0.5408,0.82403,-1.7761,0.03844,2.0871,-0.019663
-0.6763,-4.1532,-0.90116,0.063126,-2.0414,0.07432,-0.59988,0.030108
-0.67157,-3.4164,-1.6259,-0.80181,-0.93214,0.056659,-0.85321,0.081412
-0.7883,0.91234,1.4687,-0.04332,0.1078,0.056146,1.4358,0.084405
-0.63857,-3.4354,-1.4252,-0.88424,2.8985,0.04849,-0.73584,0.18239
-0.6418,3.6969,-0.1629,0.25473,4.6894,-0.18201,1.1386,0.13554
-0.63058,-1.0367,0.28403,0.42852,-1.8734,0.11333,-1.6588,0.043761
-0.43594,6.4244,1.5899,1.065,3.0016,0.029,2.4521,0.029962
-0.50446,0.41945,2.6681,0.77124,-5.9978,0.025355,-0.38708,-0.031686
-0.63084,-3.4111,0.16382,-0.55251,-4.1816,0.022287,-2.7066,-0.079024
-0.62746,3.5423,2.2106,0.62316,0.22348,-0.095731,0.43965,-0.11865
-0.75092,-2.932,-0.74996,0.44659,6.6025,0.19247,-3.7271,-0.11093
-0.66087,5.1723,0.55049,-0.34922,8.2096,0.38095,2.8625,-0.078342
-0.59976,-4.8386,2.0819,-0.46904,-5.7388,0.11892,-0.45853,-0.021318
-0.60311,1.7825,-2.8057,-1.1706,-3.3984,0.074577,3.2895,-0.0053771
-0.25391,-2.2861,0.47801,1.52,-5.2582,0.088483,0.98539,0.1231
-0.47344,-1.0531,-1.7674,0.54087,6.4598,0.085839,-4.1465,0.082069
-0.61287,3.3466,1.0678,0.56074,3.8069,-0.94843,-2.2689,0.035827
-0.59623,-1.3586,-0.64161,-0.41555,-5.2126,0.10316,-1.9191,0.021614
-0.74734,3.4516,0.11567,0.22035,0.79722,0.036226,2.2943,0.037701
-0.67446,-0.32378,-0.55492,-0.090567,-7.0394,0.073434,-0.39311,0.059751
4.4899,-2.3343,-0.33531,-1.6365,5.2032,-0.020325,-1.3712,-0.00674
4.4512,0.95654,0.95836,-0.19902,-2.484,-0.066326,0.0093444,-0.076882
4.4205,-3.5032,-0.70463,-0.5003,4.9735,0.030373,-0.74271,-0.08209
-0.53747,4.2939,-0.22718,0.82778,1.4296,-0.13648,0.95032,-0.13666
-0.62926,-0.8451,-0.75167,-0.17354,-2.3936,0.064277,-1.064,-0.10185
-0.6573,3.0018,0.75898,0.37925,1.4505,-0.0075801,1.3398,-0.089537
-0.64898,-0.72413,0.90841,-0.79585,-2.7107,0.0092209,-0.42859,-0.040375
-0.80435,-1.4015,0.20883,-0.30916,-2.9552,0.00099371,-0.57754,0.30902
-0.66432,0.9594,0.40692,0.034499,-0.10467,-0.0014193,1.7288,0.21766
-0.63521,-8.8827,1.5101,-0.14065,0.63695,0.076059,-2.5193,0.2307
-0.62256,2.5982,-0.060743,-0.42517,5.0581,-0.26934,3.1289,0.18212
-0.44568,-0.044578,1.473,-0.18229,-1.3408,0.039293,0.026086,0.12617
-0.5716,7.2187,-0.97321,0.34182,3.8251,0.090113,6.1607,0.078443
-0.62018,-0.52657,2.6764,0.45205,-7.2609,0.049112,0.1299,0.0065972
-0.6189,-2.408,0.48305,0.28018,-2.3399,0.002258,-2.0352,-0.059578
-0.73598,1.6829,1.9339,1.1081,1.4802,-0.31502,-0.75433,-0.10774
-0.58171,-2.8684,0.51366,-0.071934,3.7541,-0.032839,-2.8576,-0.11351
-0.59778,2.1973,1.1628,-0.3477,7.2726,-0.023406,1.9687,-0.13607
-0.59544,-4.5975,-0.042827,-0.86726,-8.1929,0.024373,-0.56293,-0.065346
-0.47004,-1.3775,-2.1403,-0.098031,-5.7354,0.077015,1.5223,-0.071041
-0.48885,0.31768,0.074695,0.26182,-3.0008,0.043272,1.5398,-0.037868
-0.63224,-3.8504,-2.1,-0.78421,7.4013,0.31058,-1.1341,0.084259
-0.59201,2.9413,-0.021595,0.14357,1.7151,-0.12164,-0.45387,0.23279
4.5065,-0.88181,-0.58457,-0.35027,-2.5264,0.11558,-0.77887,0.027917
4.4968,5.6006,-0.37476,0.12797,-2.3613,0.096184,1.4227,0.18149
4.4561,-1.0709,0.30796,-0.1741,-3.1397,0.095864,-0.3502,0.11115
-0.66372,-1.2457,-2.4772,-1.212,0.80087,0.10688,0.63478,0.072748
-0.66548,0.27766,0.98388,0.11204,-1.3963,0.072889,1.0253,-0.038769
-0.46897,-2.42,-0.14151,-0.54557,3.8854,0.076277,0.15266,-0.078001
-0.69305,2.5428,-0.19021,1.0705,3.3879,-0.08502,0.66269,-0.10137
-0.64822,-5.2764,-2.1309,0.01595,-0.33363,0.027986,-1.7751,-0.1278
-0.65027,2.2512,-0.5605,0.343,5.1873,-0.011745,1.8065,-0.058434
-0.73349,-2.1287,0.70535,0.18896,-5.1971,0.060522,-1.1136,-0.066514
-0.75775,0.66403,1.1464,0.092074,-0.72757,0.069148,-0.2692,0.1249
-0.62465,-0.90269,0.90552,0.40365,-2.3251,0.015472,1.0937,0.049821
-0.61669,-5.1366,1.3091,0.87847,7.2959,0.30583,-3.4928,0.067783
-0.40257,5.6582,0.89371,0.14872,7.6746,-0.095712,0.012324,0.0212
-0.5132,-3.6111,2.5807,-0.60217,-1.9536,0.052802,-0.65157,0.19502
-0.6279,6.4417,-1.9021,-0.50471,2.1283,0.065111,4.7537,0.15817
-0.62106,-0.87994,0.5235,0.65721,-6.4906,0.067671,0.25739,0.14104
-0.95324,0.35824,0.089528,0.51956,-1.1574,-0.014582,-3.453,0.0089092
-0.65736,1.9331,1.8274,0.24561,4.7524,-0.19989,1.8872,-0.041494
-0.58199,-0.10037,-2.4385,-1.2426,1.7951,0.073165,0.49373,-0.067268
-0.58812,2.3342,1.0286,-0.60607,6.632,0.13487,3.9753,-0.10239
-0.4624,-1.6706,-0.3174,-0.15266,-7.0716,0.060702,-0.61568,-0.11984
-0.44226,-0.10248,-1.7901,-0.52668,1.6935,0.063545,0.99272,-0.02991
-0.65505,-2.6992,-1.174,0.058425,-3.9898,0.023757,0.85621,-0.02088
4.5036,-9.1498,-3.4925,-0.88008,7.3838,0.24933,-2.071,0.038334
4.4778,2.978,-0.22998,0.32406,0.70614,-0.15904,-0.095396,0.056952
-0.88865,-0.30841,-1.8485,-0.46027,1.5174,0.019412,-0.32583,0.17993
-0.59134,6.0158,-0.088444,0.4754,2.4536,-0.022071,1.4614,0.20215
-0.65209,-0.74479,1.2696,-0.23021,-2.5669,0.073434,0.24157,0.12427
-0.65496,3.9415,1.2804,0.41193,-1.767,0.068846,0.060642,-0.01628
-0.5109,0.49953,0.69814,0.52213,-1.7034,-0.0075544,-0.47286,0.040524
-0.55819,-1.5261,1.5277,0.16021,-3.1672,0.059816,-1.4832,-0.035605
-0.64606,2.5646,1.1751,0.41103,3.0925,-0.060261,1.9753,-0.088004
-0.6471,-3.4199,0.34743,0.85677,2.5413,0.046917,-0.60781,-0.14907
-0.70309,6.211,1.1731,0.091875,5.8896,0.013444,1.4711,-0.13629
-0.69639,-4.406,0.60442,0.4932,-4.8906,0.03362,-0.15331,-0.12726
-0.61645,2.3868,-1.5031,-0.92716,-5.8949,0.049869,1.2047,-0.063788
-0.61842,-1.3469,0.87412,0.5409,-3.2792,0.051807,1.7536,-0.040618
-0.32831,-4.6597,-1.6675,-0.088705,4.2987,-0.14731,-4.5853,0.1176
-0.47634,1.872,0.4495,-0.44174,6.0246,-0.77364,-1.0458,0.19439
-0.62413,-2.847,-0.44439,-0.62685,-4.0731,0.077368,-1.0715,0.16122
-0.61281,0.97732,-1.3509,-0.96042,3.9589,0.1012,4.1167,0.11814
-0.70554,-0.28735,-0.043752,-0.26038,-8.168,0.058417,-1.2854,0.03388
-0.61977,-0.22319,-1.9091,0.47461,2.2422,-0.088806,-1.9714,0.063669
-0.61674,4.634,-0.34106,0.13641,-1.037,-0.082216,1.6397,0.019496
-0.58323,-3.0545,-1.2232,-1.6482,5.6914,0.15564,0.44445,-0.070651
-0.50414,5.7386,0.97725,0.24747,2.1613,-0.16335,0.95357,-0.076346
4.4669,0.82194,-0.46945,0.54004,-4.6203,0.034102,-0.51451,-0.12578
4.4419,3.0267,-1.6869,0.4256,-0.70029,0.091647,2.5737,-0.12838
-0.63974,-3.2547,-0.81621,-0.74107,-3.6757,0.043317,0.39012,-0.081068
-0.66776,-5.7338,-2.1755,-1.0468,1.094,0.0010707,0.258,-0.0084193
-0.72565,-0.91143,-0.74012,-0.043661,-0.37213,-0.03497,0.76016,0.013533
-0.63716,-3.4714,-1.6526,-0.91206,3.3352,0.090306,0.02818,0.0032872
-0.64191,2.675,0.38466,0.95586,4.5622,-0.2473,0.14796,0.22133
-0.64044,-4.0041,-0.74682,0.36613,-1.5439,0.043234,-1.5065,0.12675
-0.40642,3.7215,0.53142,0.27185,4.6212,-0.0021573,2.3018,0.24396
-0.62161,0.5384,0.903,0.65257,-6.7586,-0.0022279,-1.6275,0.14625
-0.63355,-4.4517,-0.48431,-0.4723,-4.8473,0.036527,-0.94784,0.030765
-0.62789,4.0847,2.142,1.1835,-0.69804,-0.0043456,1.7563,-0.039986
-0.86495,-3.4698,0.87542,0.37629,5.62,0.060631,-4.3225,-0.099857
-0.64235,4.9574,1.641,-0.17801,7.3113,0.16268,0.10622,-0.12694
-0.60869,-3.4228,3.062,-0.42844,-3.8643,0.1224,-0.96675,-0.12471
-0.60999,4.1432,-2.972,-1.0695,0.23349,0.12274,4.2735,-0.089343
-0.18621,-2.6334,0.5802,0.51135,-7.4506,0.07244,-0.77306,-0.017765
-0.50346,-1.5031,-2.2553,0.41696,4.8192,-0.22961,-3.7867,0.015164
-0.6525,3.6801,-0.83397,0.41202,3.3401,-0.47841,-1.4135,-0.057022
-0.59621,-2.744,-2.0752,-1.2026,-1.2468,0.033832,-1.2583,0.092899
-0.72731,4.6494,-0.058007,0.31849,3.5781,-0.099812,3.9303,0.12593
-0.65644,-2.3369,-1.8856,-0.27627,-7.5986,0.097243,-0.68788,0.16742
-0.63553,-0.77909,-2.4395,-0.83458,1.9387,-0.019651,0.26708,0.089735
4.4877,0.38279,0.87706,-0.26862,-5.2671,-0.017623,-0.017242,0.034415
4.4475,-4.8641,-1.6623,-1.4755,6.0023,0.10613,-2.1278,-0.028474
4.4274,5.2699,0.1846,0.55615,0.15698,-0.10501,-0.18054,-0.06885
-0.67717,-0.083238,-1.0581,-0.38307,-0.23389,0.02762,-1.6863,-0.12665
-0.65589,5.6942,1.9957,0.61584,1.7545,-0.024612,0.83099,-0.12651
-0.65576,-0.97224,0.68019,-0.36037,-3.0763,0.049183,-0.13789,-0.073061
-0.80523,1.5077,0.94,0.2736,-3.1867,0.0077257,0.17102,-0.025237
-0.67475,0.046936,0.67456,1.2195,-2.8903,-0.013279,0.39886,0.015894
-0.63223,-9.2793,0.44448,-0.010313,-3.3929,0.083093,-3.3133,0.28385
-0.62464,0.79075,0.34999,0.4038,1.7076,-0.10592,0.6824,0.14498
-0.25928,-1.6956,0.59622,0.8071,1.4443,0.099637,-2.6863,0.1489
-0.59982,6.992,0.24422,0.55468,5.639,0.14937,3.782,0.19028
-0.63162,-1.9012,0.73192,0.2877,-7.4875,0.10024,-0.86106,0.16029
-0.62427,1.6321,0.29447,-0.41436,-6.672,0.056191,-1.3576,0.040987
-0.79253,1.0603,2.8611,0.818,-2.3224,-0.054742,0.8113,-0.010342
-0.66275,-1.8561,0.26853,0.20322,5.5364,0.013424,-4.3815,-0.066636
-0.5991,3.0504,1.0344,-0.13499,6.827,-0.57556,-0.92091,-0.11329
-0.59748,-2.8123,1.4349,-0.26521,-8.8537,0.069667,-1.9061,-0.11095
-0.47781,-1.1628,-0.63059,-0.66237,-3.0063,0.039486,2.8698,-0.10064
-0.37608,-0.0043309,-1.1051,0.39795,-7.9887,0.069552,-0.78574,-0.085862
-0.64772,-4.896,-2.5881,-0.29407,4.6114,-0.34243,-3.8953,-0.086228
-0.59371,2.7119,-0.87755,-0.32189,0.5087,-0.13958,-0.2523,0.012998
-0.86124,-1.4873,-1.8418,-0.61951,0.014975,0.080526,0.86696,0.032736
4.5172,5.9483,-1.0035,0.39848,-0.33381,-0.012971,0.91952,0.016795
4.4955,-1.0334,-1.1066,-0.44864,-4.814,0.056691,-0.50731,0.27536
4.4511,1.3712,-1.322,-0.54623,-1.2002,0.089748,0.35691,0.16358
-0.66089,-1.8572,-0.74839,-0.093406,-2.1976,0.016941,0.0074307,0.00925
-0.50062,-2.3567,0.11797,-0.49716,-0.85014,0.02848,-2.9134,0.086717
-0.66725,1.4351,-0.062921,-0.79093,1.3779,-0.050167,1.6437,-0.010147
-0.65373,-3.7715,-1.7318,-0.92357,1.1527,0.078093,-0.90291,-0.083429
-0.65441,2.7497,-0.034745,0.2102,4.148,-0.2506,1.4549,-0.081238
-0.83058,-0.93677,1.1631,-0.18611,-3.9772,0.061722,-1.2225,-0.12359
-0.70175,3.8735,1.8603,0.74865,1.8676,0.053245,1.7662,-0.066709
-0.63004,-2.0359,2.2466,0.45991,-6.8617,-0.031819,0.0090811,-0.043758
-0.62306,-8.9091,2.8943,0.3326,3.7696,-0.053446,-5.8249,0.059337
-0.56919,2.95,1.5429,-0.19769,5.0108,-0.71138,-0.73406,0.084576
-0.52326,-5.1976,2.5402,0.83371,1.4424,0.066946,-2.2253,0.015773
-0.63151,5.5143,-0.0573,0.24681,6.2335,0.1524,3.9305,0.20695
-0.62728,-2.4552,0.39721,0.33648,-7.8731,0.10835,-1.5105,0.17368
-0.88435,3.0156,-2.1254,-0.27101,-7.2394,0.027408,-0.25396,0.11558
-0.6598,1.2477,0.70871,0.84723,-0.97543,-0.057649,1.0386,0.064594
-0.55963,0.928,-1.8734,-0.34867,6.6089,0.1757,-2.2978,0.0015835
-0.58778,4.996,0.73458,-0.34242,6.3894,-0.38248,-0.46273,-0.039791
-0.51402,-0.83055,-0.12211,-0.1795,-8.4492,0.096409,-1.329,-0.070018
-0.39071,3.5861,-0.14862,-0.025792,-1.226,0.024918,1.8117,-0.12312
-0.58342,-3.269,-0.66583,-0.14597,-6.7833,0.050742,-0.73974,-0.11361
4.4987,-6.5985,-1.7126,-0.14875,7.3807,0.23553,-2.8519,-0.11492
4.478,3.0795,0.080842,0.55441,-1.9992,-0.0323,0.75335,-0.0075675
4.4553,-2.8619,-1.4152,-0.73409,3.1041,-0.0041531,-0.77587,0.064035
-0.67402,4.3354,0.019358,0.84504,2.9083,-0.0046537,1.6241,0.087594
-0.65849,-2.0055,-0.30317,0.27949,-3.2894,0.024764,-0.8584,0.15304
-0.65681,5.2452,1.0402,0.33411,0.4746,0.043304,1.5647,0.054056
-0.40932,0.23443,0.040962,0.55714,-2.9544,0.075828,-0.35069,0.12035
-0.61395,-1.0267,-0.81744,0.060165,-2.301,0.03088,-1.3582,0.21955
-0.65094,2.0551,0.75973,0.10134,0.73949,-0.035419,1.5482,0.052523
-0.64463,-3.0439,0.26079,-0.018547,2.6458,0.11028,-2.0958,-0.022073
-0.82517,7.2613,0.6644,0.53296,6.4136,-0.089698,0.39468,-0.10185
-0.64053,-2.6128,1.4319,0.07147,-5.1969,0.030142,-0.88665,-0.13276
-0.62527,3.1327,0.87163,-1.1357,-4.7899,0.10608,2.2915,-0.13098
-0.61938,-1.3318,2.4034,0.92064,-5.0919,0.013367,1.1808,-0.091971
-0.5545,-3.1176,1.4468,0.28496,0.11399,0.023006,-4.1984,-0.02806
-0.59189,0.27907,0.82958,-0.3656,5.6123,-0.71361,-0.5634,0.012657
-0.6208,-4.3046,-0.99631,-0.60194,-1.2615,0.014888,-1.2933,0.069389
-0.61188,0.53148,-0.25745,-0.37504,5.5151,0.11041,6.3551,0.17051
-0.78022,-1.9468,0.041213,-0.34657,-8.0624,0.055761,-0.72622,0.15433
-0.61417,-0.05667,-2.4953,0.0064314,-4.6744,-0.0073554,-0.97275,0.050722
-0.54877,2.9114,0.79834,0.38658,-1.5005,-0.010609,1.6738,0.078735
-0.58293,-0.98819,-0.74409,-0.57739,5.9469,0.12214,0.024879,0.03388
-0.57529,7.0369,0.73458,0.694,3.2669,-0.34372,-0.74652,0.014483
4.5005,1.1673,-1.1412,0.23701,-4.5153,0.073428,-0.83499,-0.031248
4.4564,4.2266,-0.35178,0.36631,-0.39984,0.024469,1.7283,-0.10519
4.4284,-3.7555,-1.342,-0.046866,-2.715,0.10793,0.19661,-0.1313
-0.66223,-4.0199,-0.20313,-0.79508,0.22118,0.048066,-0.21953,-0.075714
-0.80542,0.6702,-0.90999,0.2654,-0.53139,0.043234,1.0758,-0.078926
-0.66732,-5.2033,-0.45876,-0.95233,1.6961,0.078799,-1.0787,-0.033244
-0.64129,1.5677,0.011193,1.0598,2.2642,-0.12585,0.010924,0.010783
-0.64578,-5.1137,-0.98318,-0.28989,0.11532,0.057089,-0.98592,0.19714
-0.42114,4.0303,0.51493,0.69535,5.1512,-0.049871,2.1362,0.2085
-0.58914,-1.1975,0.65284,-0.27117,-5.6152,0.02694,-1.0285,0.2178
-0.63731,-2.3876,2.416,0.18569,-3.8635,0.037182,-0.50927,0.2609
-0.62834,3.0892,1.6812,-0.1005,-0.28517,0.073466,2.2211,0.075546
-0.78553,-3.3358,1.9692,0.32963,6.3742,0.1338,-3.5666,0.043469
-0.70776,5.7604,0.86721,-0.0067227,7.2752,-0.33597,0.4706,-0.031175
-0.61275,-2.6107,3.3665,0.0097906,-3.3345,0.061947,-0.99677,-0.099735
-0.61108,4.0785,-0.60307,-0.1817,2.9238,0.089286,6.2112,-0.12646
-0.44161,-1.0203,0.34513,1.489,-7.5722,0.040051,-0.27886,-0.10881
-0.54617,-1.3185,-1.2903,0.41866,-0.45243,-0.091258,-3.989,-0.094454
-0.65769,0.36908,-0.30405,-0.5923,3.9324,-0.2092,-0.11925,-0.062206
-0.59582,-1.909,-1.719,-1.5083,2.5206,0.052802,0.02423,-0.075519
-0.79102,3.7287,-0.066987,-0.77446,6.6148,0.042271,3.3132,-0.004793
-0.72846,-2.5027,-1.823,-0.24116,-7.9189,0.077112,-1.3889,0.14272
-0.60505,-2.4765,-1.9259,-0.55227,2.0539,-0.052515,1.1019,0.21537
4.5206,0.33175,-1.2877,0.42873,-4.6638,0.086808,0.38564,0.035072
4.4807,-4.9344,-1.3229,-0.9928,6.6472,0.070341,-1.211,0.020591
4.4421,5.2915,0.67192,0.58542,-0.79541,-0.12661,-0.12228,0.07944
-0.71646,0.50129,-1.0288,-0.33574,2.762,0.076207,-0.67362,-0.010926
-0.6675,6.798,0.044328,0.61169,3.4266,-0.04047,2.0713,-0.061744
-0.66703,-1.8486,0.98695,-0.33848,-2.8503,0.029905,-0.44,-0.081384
-0.78782,3.2095,0.54964,0.61566,-0.23204,0.046648,1.2338,-0.10755
-0.64035,-0.58419,1.1482,0.73734,-3.0493,0.057872,0.33229,-0.070067
-0.63765,-5.2872,0.28995,0.42971,-2.1694,0.04607,-2.8899,-0.0088087
-0.64124,1.2428,0.39882,0.15489,2.2037,-0.075586,1.8671,0.0050152
-0.29124,-4.6484,1.0678,0.50668,2.6366,0.05585,-1.8097,0.14398
-0.55238,5.0304,0.088712,0.12529,6.6681,0.12289,1.535,0.096599
-0.64495,-3.5511,0.56307,0.35098,-5.646,0.088323,-1.1297,0.13775
-0.6334,4.5313,-0.87004,-0.83571,-3.495,0.060561,2.2928,0.029037
-0.7509,0.56292,2.0936,0.75869,-5.3655,0.011846,0.654,0.14941
-0.70487,-1.648,1.5277,0.52273,4.6555,-0.10067,-5.2032,0.074914
-0.61633,3.4772,1.6935,0.10956,5.859,-0.90039,-1.8107,0.010102
-0.60471,-1.1922,1.4214,-0.56378,-2.8805,0.070906,-1.1005,-0.062255
-0.21478,1.7299,1.0963,-0.5115,3.0158,0.047296,5.3714,-0.098908
-0.44246,-0.7957,-0.8007,0.18514,-8.1771,0.072773,-0.94297,-0.095525
-0.64264,-1.8029,-1.465,-0.66465,0.69146,-0.10015,-2.0568,-0.095354
-0.59888,0.92332,-0.3944,-0.55308,-0.94179,0.02341,1.0747,-0.097958
-0.83782,-2.8708,-1.8557,-1.0995,4.3978,0.1244,1.5527,0.015724
-0.58898,5.3359,0.53958,0.43749,0.25191,-0.028398,0.98437,-0.049842
4.5056,-2.2838,-1.5794,-0.13802,-3.7001,0.1005,-0.20077,0.14179
4.4776,2.9853,-0.756,0.41816,-2.3273,0.10267,1.5995,0.15233
-0.66152,-0.60566,-0.29807,0.50835,-1.9617,0.11539,0.90365,0.052863
-0.46426,-2.8718,-2.2496,-0.4223,0.062161,0.081591,-0.67688,0.16506
-0.62111,1.8977,0.98729,0.078329,0.1649,0.038491,0.9815,0.10203
-0.66375,-2.5936,-0.77385,-0.89909,2.2898,0.10076,-1.1129,0.011294
-0.66255,4.5166,1.2182,0.53554,4.2909,-0.15551,2.1626,-0.040886
-0.76674,-0.78588,0.39836,-0.18434,-2.0498,0.072087,-0.71822,-0.11816
-0.6303,4.5153,1.9521,1.2066,2.1743,0.068564,2.1637,-0.1204
-0.63189,-0.74807,1.6311,0.90337,-6.8706,0.02857,-0.80643,-0.1379
-0.62552,-5.245,0.5321,0.06574,-3.7418,0.048618,-4.13,-0.11052
-0.33318,0.63566,1.654,0.25405,0.74652,-0.17081,0.29987,-0.030031
-0.55619,-3.9595,0.3643,0.4807,5.4241,0.037131,-2.3468,-0.0035761
-0.6305,3.4682,0.76819,0.18325,7.5956,0.26061,2.2304,0.058534
-0.62686,-4.7066,1.3006,-0.31109,-6.184,0.064103,-0.6545,0.1563
-0.74822,2.805,-4.1519,-0.4976,-5.4935,0.12662,1.4854,0.24647
-0.73982,-0.082198,1.0056,1.7266,-5.9129,0.052314,0.32909,0.16681
-0.57388,0.19322,-1.4585,1.1782,5.8142,-0.023521,-4.1031,0.11505
-0.59364,4.0608,2.7663,0.40105,4.9017,-0.94452,-1.4649,-0.0024079
-0.56798,-0.21289,-1.4194,-0.3277,-6.0077,0.084858,-2.6361,-0.025724
-0.36248,2.8409,0.67227,0.33167,0.94716,-0.018528,2.6676,-0.059432
-0.54411,-0.49129,-1.1341,-0.36193,-7.2261,0.11662,0.27853,-0.11865
-0.58237,-2.3735,-1.2602,-0.55627,6.7689,0.1559,-0.98777,-0.11716
4.4834,2.8784,0.1308,-0.17283,-2.0871,0.005364,0.52309,-0.07199
4.4626,-5.2482,0.42648,-0.99079,5.1968,-0.033295,-0.43479,-0.061086
2.4253,2.502,-1.1002,0.67492,2.5098,-0.009409,0.92119,-0.030981
-0.65797,-2.2896,-1.138,0.22529,-2.8538,0.022512,-0.20086,0.052085
-0.65132,4.4998,0.36274,0.45628,1.1141,0.052135,1.9349,0.074695
-0.51061,-1.1429,0.6249,-0.67513,-2.3934,0.037663,-0.76637,-0.0023835
-0.57858,-0.041257,0.55431,-0.35148,-2.5837,0.11563,0.2951,0.20232
-0.6456,1.801,1.1346,-0.49922,0.22086,0.085923,2.0706,0.17643
-0.6389,-4.5183,1.2835,0.24495,0.91489,0.10317,-1.7237,0.086571
-0.76747,4.4481,-0.14057,0.63979,4.8116,-0.17558,1.5162,0.0002693
-0.6441,0.099468,1.1775,0.42209,-3.0226,0.064976,-0.76925,-0.041592
-0.62622,7.168,0.023418,0.40507,4.1312,0.079364,4.7174,-0.10436
-0.61321,-1.4776,2.0004,0.42761,-6.3501,0.047418,0.84688,-0.12118
-0.44596,-3.3495,-0.11221,0.73634,-3.0205,-0.0091267,-2.4549,-0.11259
-0.53267,0.53164,1.6007,0.60015,3.323,-0.3736,-0.55284,-0.12015
-0.67962,-4.414,0.62365,-0.54862,3.3408,0.028262,-1.7159,-0.024726
-0.60591,1.4149,0.99423,-0.89119,7.107,0.27091,4.4303,-0.011656
-0.73859,-3.6841,-0.34344,-0.90963,-7.9005,0.085711,-1.1533,0.09049
-0.70246,0.50495,-4.1964,-0.99668,-5.1935,0.085756,1.567,-0.0043549
-0.51204,-0.22823,-0.55503,1.0393,-2.316,0.03602,1.8706,0.17806
-0.57923,-0.13337,-2.3394,-0.89087,6.6614,0.13092,-1.5884,0.043299
-0.58348,6.8111,0.0017177,0.15064,2.9183,-0.2393,-0.28305,0.017671
-0.44538,-2.0117,-0.018454,-0.43151,-3.3939,0.059001,-0.3762,0.05868
4.4825,4.9842,-1.1679,0.79163,-2.4748,0.088477,2.0697,-0.0094658
4.4413,-0.51652,0.18693,-0.25987,-2.6101,0.10241,0.37897,-0.067852
4.4198,-1.2158,-1.9522,-1.4079,1.277,0.082695,0.25709,-0.091825
-0.82925,-2.1681,0.38657,-0.06117,-1.3104,0.035475,0.80584,-0.13743
-0.71763,-5.1726,-0.45765,-1.1015,4.056,0.014669,-1.2926,-0.14206
-0.64811,3.2733,-0.040116,0.87931,3.3256,-0.025632,0.11272,-0.023996
-0.65321,-4.6796,-2.1955,-0.16824,-0.28762,0.079249,-1.6425,-0.026989
-0.40048,2.5836,1.2558,0.22185,4.4239,0.0044463,1.6547,0.023877
-0.50553,-2.7658,-0.026201,-0.1332,-5.3605,-0.01231,-1.2889,0.34429
-0.6479,-1.6473,2.463,-0.21622,-1.4403,0.072651,-0.45501,0.22452
-0.63796,1.7522,0.72264,-0.47907,-1.1036,0.039627,1.7841,0.12685
-0.87623,-6.6204,1.3888,-0.03815,6.2105,0.15383,-3.3923,0.16791
-0.67122,6.1827,1.1047,-0.25323,6.6568,-0.14425,0.67763,0.094676
-0.61765,-2.0855,3.1459,-0.12903,-2.8576,0.05252,-0.72362,-0.0087114
-0.61105,6.133,-0.95509,-0.97584,2.0641,0.09329,4.6489,-0.070213
-0.39618,-1.4479,1.4023,1.3542,-6.8806,0.078498,0.0427,-0.11351
-0.44826,0.072329,-0.41684,0.86772,-3.004,-0.02965,-1.9618,-0.12848
-0.68385,-0.38013,1.6116,-0.20734,2.2996,-0.22386,-0.97122,-0.12955
-0.60316,-0.82969,-2.0745,-1.1918,4.9497,0.048233,-0.11712,-0.11239
-0.96289,0.85509,1.6877,-0.53752,6.7609,-0.046611,2.4055,-0.081141
-0.75096,-1.6539,-2.3876,-0.033121,-8.0345,0.10415,-0.59624,-0.054053
-0.57,-4.5304,-2.6219,-0.88104,1.7652,-0.0028568,2.13,0.098327
-0.57336,-0.069277,-1.1284,-0.146,-3.4337,0.047546,0.78335,0.14664
4.5148,-1.771,-1.0423,-0.91569,8.3299,0.39791,-2.6724,-0.027963
4.4994,3.5552,0.50322,0.41297,3.1242,-0.072942,-0.27342,0.33728
4.4483,-0.12464,-0.55535,-0.70718,1.4972,0.062152,-0.96553,0.11889
-0.6699,7.4424,-0.34664,0.68416,3.9108,0.011942,1.3994,0.059021
-0.66612,0.50899,1.8422,0.2048,-0.7933,0.068807,0.61162,-0.026527
-0.74705,2.7428,0.40029,0.09501,-0.88756,0.10992,1.6246,-0.069069
-0.67227,-1.4495,0.74275,-0.28411,-0.53652,0.014888,0.61866,-0.11626
-0.63493,-2.4996,-1.0332,-0.058433,-1.6272,0.037099,-1.3624,-0.13123
-0.63683,2.2692,0.41015,-0.59894,3.4296,0.031015,3.3205,-0.084597
-0.43181,-6.8441,0.18024,0.21166,3.0564,0.075706,-1.5992,-0.02402
-0.49494,2.9764,-0.40719,-0.19956,6.7783,0.024552,0.80638,0.018085
-0.63894,-3.37,-0.28628,0.10965,-4.5921,0.022922,-0.15456,-0.0081029
-0.63169,3.4991,-0.92082,-0.47964,0.46881,0.12737,3.0609,0.089614
-0.77115,-0.23403,1.7013,0.5261,-4.4928,0.01121,1.3249,0.062112
-0.7526,-4.2194,1.0328,0.80681,2.8011,-0.049692,-1.9749,0.24715
-0.61352,3.4132,1.2216,0.21819,5.7891,-0.40839,0.24426,0.15545
-0.60161,-2.3169,1.9315,-0.31241,2.2495,0.023282,-0.93177,0.056782
-0.35796,3.9524,1.5429,-0.48861,6.4834,0.16194,4.3866,-0.0069834
-0.45861,-1.0508,0.46969,-0.24143,-7.1071,0.086462,-0.39419,-0.049429
-0.5834,0.22611,-1.9458,-0.21349,-2.435,-0.0056869,0.76119,-0.069167
-0.59334,1.8409,0.75543,-0.13142,-1.098,0.088329,3.1779,-0.098299
-0.65659,-1.742,-1.8038,-1.0293,7.2857,0.32132,-1.3594,-0.0569
-0.69432,4.5642,-0.16014,0.12063,2.724,-0.18439,-0.36839,-0.088272
4.5073,-1.6173,-0.53567,-0.73737,-2.2028,0.047745,-0.59676,-0.077636
4.4955,1.2386,-1.6279,0.46417,-1.2868,0.034846,2.2798,0.16623
4.4574,-2.3039,0.33575,-0.5916,-2.3488,0.053739,0.37452,0.065787
-0.39557,-3.0789,-2.7966,-1.3768,1.3438,0.013797,1.1947,0.17431
-0.62996,-0.6847,0.24309,0.047159,-1.8789,-0.037165,0.90118,0.25723
-0.66356,-3.2054,-0.96937,-0.51168,3.8881,0.059194,-0.43392,0.13233
-0.6546,3.8787,0.5272,0.80869,4.1145,-0.17147,0.36413,0.057658
-0.78535,-2.4463,-2.3055,-0.31844,1.6536,0.08444,-0.19571,0.11196
-0.67088,5.0029,0.49126,0.50211,5.6873,-0.058715,1.5361,-0.051668
-0.62808,0.58272,1.4218,0.14163,-5.7408,0.05209,-0.87112,-0.1037
-0.62769,2.272,1.4145,0.076409,-0.45394,0.050858,-0.19477,-0.096498
-0.14397,1.8999,1.3046,0.30047,-3.8667,-0.041137,1.2844,-0.11952
-0.57734,-5.9757,0.29855,0.46475,6.8192,0.080949,-5.9946,-0.1183
-0.62992,4.6085,-0.29424,-0.71492,6.7021,-0.46066,0.028655,-0.094186
-0.62116,-4.7076,2.4966,-0.39853,-2.1942,0.074153,-1.1191,0.0071569
-0.82406,4.8889,-1.4809,-0.84873,2.1535,0.093515,5.5955,0.084381
-0.73986,-2.9964,0.0032273,0.91412,-8.1399,0.088836,-0.033502,0.12994
-0.6312,-0.28682,-2.1552,0.35109,-3.1287,0.024629,-2.6323,0.20042
-0.59437,1.1835,1.284,0.37074,1.5786,-0.22073,-0.26555,0.14094
-0.58747,0.63093,-2.5345,-1.3332,2.0694,0.057692,-0.40364,0.017598
-0.43454,4.7812,0.48301,-0.10353,5.2987,-0.15696,2.3767,0.03276
-0.55872,-0.85098,-0.877,-0.28241,-6.6518,0.047135,-0.57075,0.015067
-0.58011,1.7434,-1.1725,-0.32816,1.7181,0.047123,0.8641,-0.04955
4.4878,0.10726,-0.036306,0.13095,-4.0873,0.0034644,0.77733,-0.056633
4.4523,-5.3136,-1.7876,-1.387,6.966,0.2247,-2.1197,-0.12904
4.428,2.421,-0.32137,0.76376,0.9897,-0.10055,-0.19452,-0.12269
-0.66716,-2.1859,-1.9312,-0.49646,2.371,0.061684,-0.7533,-0.086398
-0.65685,5.8304,0.15195,0.49451,2.9243,-0.032377,0.95871,-0.038817
-0.31601,-2.379,0.70625,-0.6043,-2.5156,0.030347,-0.69539,0.016259
-0.60854,0.64814,1.1651,-0.18326,-2.2242,0.043991,0.79849,0.031203
-0.65933,-1.5807,0.58684,0.71569,-1.8213,0.050672,0.53662,0.39474
-0.64528,-4.5471,0.97178,0.35975,-1.4143,0.078106,-2.5022,0.15552
-0.70953,2.901,-0.018724,0.10509,3.0841,-0.035355,2.2192,0.21768
-0.65606,-0.94268,0.95768,0.71536,1.6982,0.087553,-0.87413,0.15189
-0.62924,8.3396,0.63354,0.099499,6.1397,0.18584,2.7744,0.027747
-0.61922,-1.9839,1.3634,0.60946,-6.8502,-0.0040825,-0.8872,-0.035264
-0.40407,-0.26796,1.0701,-0.44575,-7.0991,0.083503,-0.087517,-0.060892
-0.58039,1.2905,2.4666,1.2954,-1.2337,-0.052823,0.51428,-0.14666
-0.65768,-3.4026,-1.4436,-0.28267,5.8691,0.11111,-5.1407,-0.14145
-0.60914,2.1193,0.85448,0.0015371,7.5895,-0.39945,-0.93251,-0.10599
-0.76788,-3.6561,0.23913,-0.93773,-6.5881,0.037753,-1.0817,-0.054929
-0.73114,-1.0735,-0.98275,-0.60099,0.81718,0.060362,3.8658,0.027795
-0.55737,-1.0691,-1.7025,0.081322,-7.1291,0.0714,-0.60379,-0.023557
-0.58875,-2.0435,-2.3741,0.42348,6.3557,-0.0082475,-3.2055,0.082531
-0.59125,4.2102,0.64864,-0.13061,0.29908,-0.33362,-0.74396,0.024607
-0.3403,-2.1866,-0.85781,-1.1768,1.4271,0.10217,1.0679,0.20622
4.5206,6.0444,-0.87728,0.21015,0.23211,-0.047028,1.9483,0.032687
4.4796,0.7371,-0.96868,-0.3381,-4.8206,0.027966,-0.083375,0.10388
4.4367,2.6568,-0.56231,-0.63398,-0.33515,0.044344,0.9736,-0.015818
-0.79307,-1.3657,-0.77427,0.051809,-3.3786,0.034448,0.35491,-0.06997
-0.74213,-4.0673,-0.56535,-0.65851,1.6829,0.0046966,-1.0796,-0.12273
-0.65894,2.2026,0.62414,0.33792,0.20489,-0.11932,1.0111,-0.11548
-0.64725,-3.4639,-2.7192,-1.1386,2.1335,0.015953,-0.66189,-0.086349
-0.26522,2.9428,-0.16768,0.43278,3.8185,-0.21465,1.1666,-0.04018
-0.55984,-4.2833,-0.50317,-0.25031,-3.4984,0.015985,-0.38085,0.071385
-0.65407,2.9352,0.81084,0.64229,0.85673,0.013886,1.3128,0.040402
-0.64635,-0.52763,1.523,0.79133,-5.7948,0.011493,0.097652,0.096574
-0.68389,-10.854,1.8999,0.41976,2.7323,-0.064522,-4.955,0.15608
-0.67227,5.2014,0.91198,-0.040308,3.1099,-0.37166,0.30029,0.1846
-0.61041,-4.1038,2.4917,0.90927,0.72433,0.071862,-0.98111,0.11415
-0.61261,6.694,1.0577,-0.24224,4.5639,0.040205,5.66,0.06401
-0.47367,-1.1581,1.7156,0.76805,-7.9585,0.0054731,-0.9924,0.017768
-0.38365,0.96331,-2.264,-0.5706,-7.4298,0.10186,0.041242,-0.028352
-0.68955,0.90393,2.2732,0.68119,-1.9852,-0.14126,0.87912,-0.098762
-0.60863,-1.825,0.021767,-0.47145,5.5346,0.065124,-1.1896,-0.11921
-0.69893,4.5106,1.0006,-0.72748,5.8455,-0.45936,1.1016,-0.081409
-0.78655,-3.1152,0.39452,0.10936,-9.1198,0.055722,-1.4093,-0.096206
-0.56495,-3.3428,-2.179,-0.51183,-4.5409,0.038825,1.0678,-0.10054
-0.57927,-2.7759,-0.56523,0.30186,-5.7409,0.031952,-0.12745,0.062964
-0.69599,-2.4861,-1.4859,-0.93891,6.633,0.077715,-2.5979,-0.030275
4.5123,1.9468,-0.91127,0.40697,-0.61334,-0.19172,-0.033252,0.086498
4.4821,-1.5817,-2.3877,-0.6551,2.2786,0.056268,-0.19605,0.17253
-0.59918,6.1882,0.25858,0.54078,1.1115,0.048098,1.2413,0.15859
-0.67758,0.36369,0.37145,-0.074369,-3.1759,0.053502,-0.32247,0.10181
-0.89538,2.7457,1.1638,0.35956,-1.5906,0.060965,1.2796,0.050211
-0.72818,0.47483,0.35895,0.12924,-2.4472,0.0064678,-0.34169,-0.0075188
-0.65223,-0.90735,0.55756,0.77135,-1.4605,0.077124,-1.4767,-0.086471
-0.64815,3.4901,0.76809,0.38604,1.9806,-0.041805,2.068,-0.1073
-0.39178,-6.8392,1.0356,-0.39142,1.5372,0.099592,-1.6069,-0.17701
-0.55932,2.6411,0.98695,-0.82343,5.4212,-0.080637,2.1506,-0.091704
-0.64443,-3.0715,0.86586,-0.001321,-5.024,0.083471,-0.57807,-0.086471
-0.63927,0.82346,-0.21231,-0.8239,-3.5237,0.11758,2.3241,-0.077393
-0.63764,-0.64117,1.5883,0.87779,-3.9348,0.041649,1.5652,0.060067
-0.66741,-4.1958,-0.72994,0.33424,2.5091,-0.044288,-4.0769,0.060749
-0.6037,2.2169,0.46556,-0.2946,6.6394,-0.38317,0.24111,0.1599
-0.61028,-2.4545,-0.51968,-0.54956,0.081274,0.10882,-0.82779,0.10994
-0.53773,3.928,1.168,-0.86652,6.2345,0.19701,5.4242,0.085987
-0.45313,-1.3365,0.086958,-0.30071,-7.3585,0.1184,-0.51625,0.10003
-0.52978,1.4746,-1.5167,-0.47418,-1.1077,-0.025055,-0.78651,0.023877
-0.60163,3.0341,0.63607,0.17351,0.28082,0.0051715,2.4797,-0.021075
-0.60872,-1.4411,-0.73421,-1.5418,6.6458,0.27281,0.11252,-0.047822
-0.69802,6.2167,0.48951,0.63203,5.33,-0.16049,0.22802,-0.11441
-0.54952,-2.0807,0.47803,-0.72467,-5.313,0.106,-0.26162,-0.11738
4.4813,1.3213,-0.018345,0.4889,0.33328,0.036964,1.8816,-0.082236
4.4621,-3.2174,-0.69961,0.030485,-4.1081,0.093617,0.2427,-0.068972
4.4353,-5.2586,-1.0789,-0.75038,2.9198,0.0072123,-1.0531,-0.014187
-0.60985,-0.37994,-0.0093702,0.1238,-0.84711,-0.029374,0.55894,0.063061
-0.67113,-4.2449,-1.0077,-0.65658,3.4577,0.064155,0.049115,0.14136
-0.65815,4.1411,0.20882,0.87824,3.7641,-0.17371,0.53279,0.005867
-0.92679,-3.525,-0.67893,0.020632,-1.6713,0.11213,-0.64796,0.16703
-0.68087,4.1181,1.4652,0.61374,4.1656,0.02737,2.1767,0.1488
-0.63942,0.75589,1.4204,-0.24973,-4.3808,0.036489,-0.4139,0.073161
-0.63831,0.91683,1.2445,0.098137,-0.72899,0.04057,-0.61564,-0.014212
-0.40942,2.3929,1.5493,-0.7065,-1.2938,-0.018933,1.1816,-0.06997
-0.62498,-2.7897,3.1135,0.97199,6.8662,0.25181,-2.9519,-0.10925
-0.6734,5.1954,1.8849,0.0036952,7.9232,0.035898,0.32169,-0.1405
-0.62093,-4.1894,2.0091,0.11405,-4.0838,0.10569,-0.44493,-0.1056
-0.8149,4.558,-1.3323,0.19154,2.8925,0.077278,4.9581,-0.09292
-0.75231,-2.5698,-0.024332,0.94326,-7.7668,0.027857,-0.65264,0.042057
-0.6662,-2.5397,-2.8045,0.51792,-0.29279,-0.11419,-4.7734,0.055468
-0.60467,0.84878,-0.92091,-0.10119,3.5398,-0.42396,-0.58674,0.11162
-0.5935,-0.76323,-2.7297,-0.87511,0.045899,0.048727,-0.74296,-0.0044766
-0.36671,2.2526,-1.0818,-1.2309,5.5191,0.0081171,4.9233,0.13588
-0.61092,-0.73628,-1.0111,-0.32083,-8.6732,0.02796,-0.76678,0.031276
-0.59286,-0.11649,-1.7401,-0.80933,0.69239,0.058219,1.2704,0.080219
-0.58454,0.78466,0.051459,0.39949,-5.1549,0.03516,0.7538,-0.0047686
4.4801,-4.0925,-1.963,-0.2891,6.9246,0.17555,-1.7292,-0.022973
4.4431,4.6496,0.36556,0.84008,-1.5534,-0.12148,-0.56846,-0.12361
4.4122,0.26952,-1.2238,0.026753,0.72318,0.032157,-1.1462,-0.13683
-0.65918,5.776,1.2,0.74246,1.0714,5.6757e-05,1.8928,-0.095087
-0.48732,-3.033,1.3815,0.086589,-3.3077,0.023436,0.06034,-0.16043
-0.65814,0.59752,0.50481,-0.19658,-1.1833,0.08523,0.54274,-0.041178
-0.66324,-1.1798,1.3309,0.9245,-2.4082,0.039069,0.036669,0.0085929
-0.64843,-6.5381,0.70087,0.2636,-0.76266,0.0915,-2.3947,0.010467
-0.96138,0.48576,-0.29625,0.096211,3.4487,-0.10797,1.804,0.3558
-0.73317,-2.1918,-0.46678,0.31168,1.9518,0.1168,-1.077,0.27346
-0.62141,7.2417,-0.90667,0.67035,5.9329,0.10551,1.8182,0.14722
-0.62467,-1.8977,1.456,-0.11379,-6.4637,0.087104,-0.83655,0.073502
-0.41967,0.42349,0.74374,-0.74809,-6.3892,0.10354,0.36019,0.036241
-0.50764,2.7626,1.3919,1.4542,-1.6132,-0.0079459,1.2235,-0.0229
-0.68505,-2.7563,0.044225,-0.20493,5.1023,-0.0023883,-4.6112,-0.11456
-0.61533,3.7272,1.5208,-0.47816,7.0572,-0.4922,0.076138,-0.12488
-0.81252,-3.0953,2.4021,-0.16221,-6.1054,0.076085,-0.70786,-0.12578
-0.81177,1.4275,0.14519,-0.076173,-0.68977,0.087508,3.7784,-0.10562
-0.6373,-2.4451,0.67403,0.54077,-6.5803,0.04462,0.038211,-0.084256
-0.5951,-0.2801,-1.6091,1.055,4.9778,-0.16463,-3.3142,-0.052471
-0.59166,4.5188,0.78456,0.39437,1.6085,-0.36618,-1.0189,-0.023411
-0.35342,-2.8973,-1.5831,-0.92829,0.8016,0.054002,0.28388,0.086012
-0.61572,4.8369,-0.12506,0.99024,1.5171,-0.03703,1.2244,0.16423
4.5168,0.53925,-0.79607,-0.14338,-5.1956,0.07518,-0.71984,0.040865
4.4781,0.24003,-1.9062,-0.89538,0.94604,0.057558,-0.27299,0.052304
4.438,-1.5481,-0.63533,-0.96987,-1.3608,0.036457,1.0339,0.078662
-0.77993,-3.5816,0.12561,-0.1608,3.4573,0.067594,-0.2307,0.014215
