tachometer_signal,underhang_bearing_axial,underhang_bearing_radial,underhang_bearing_tangential,overhang_bearing_axial,overhang_bearing_radial,overhang_bearing_tangential,microphone
-0.55341,-0.71247,0.017707,-0.050328,3.5855,0.17368,1.1724,-0.10743
-0.59441,1.95,0.56785,0.1177,2.9943,0.16028,2.7881,-0.12804
-0.66006,-1.1413,1.1831,0.1813,3.0842,0.13143,1.3493,-0.10635
-0.66036,-1.2853,1.2068,-0.27385,3.5738,0.19498,1.1488,-0.070018
-0.60865,0.030695,0.79078,0.60228,4.9046,0.10312,2.0499,-0.0039412
-0.74732,-6.8723,0.28333,-0.14683,5.2349,0.1647,-1.9551,0.029061
-0.57153,0.69863,-0.39009,0.085465,8.7917,-0.064997,1.6854,0.32886
-0.62689,-3.9194,0.56766,1.2785,7.5435,0.19212,-1.8083,0.13953
-0.63185,6.1384,0.17486,0.38622,12.491,0.080121,3.8077,0.025921
-0.40839,-1.5342,0.8085,-0.224,1.5426,0.13729,0.562,0.11921
-0.5635,3.1119,-2.605,-0.48468,3.3524,0.1837,3.7953,0.13707
-0.62414,1.312,2.073,0.57619,1.313,0.14639,1.3685,0.046073
-0.6187,-2.2049,0.63165,0.63482,9.3272,0.063834,-2.6675,-0.038939
-0.81019,4.1079,2.3085,-0.24782,8.4627,-0.40386,0.98192,-0.091558
-0.67527,-1.8862,0.93714,-1.4647,9.2593,0.16003,2.2012,-0.12203
-0.59798,3.6781,0.78417,-0.41699,12.143,0.1136,5.2938,-0.10183
-0.60003,-2.1024,-0.34534,0.13565,-2.2322,0.15008,0.63478,-0.097447
-0.26869,0.68277,-2.0537,-0.3192,2.5887,0.075366,2.7574,-0.08063
-0.44913,-3.4509,-1.1998,0.00018834,0.098325,0.11707,1.4012,0.052085
4.5185,-6.4339,-1.9361,-0.30779,14.323,-0.17059,-2.0941,-0.048528
4.4964,1.5909,0.047656,0.36769,1.9785,-0.082331,-0.28234,0.083967
4.4636,-2.1301,-1.2653,-0.36667,11.443,0.032927,-0.93344,0.15596
-0.79681,6.3874,0.052917,0.74242,7.1489,-0.025876,1.4147,0.15338
-0.6479,-0.94745,-1.2601,-0.41625,6.5615,0.090274,1.0048,0.11463
-0.65904,5.031,0.14786,0.014987,6.6481,0.13674,4.5018,0.043347
-0.44663,-1.7728,0.63457,0.486,3.048,0.11711,1.5072,-0.0023592
-0.62505,3.9903,0.53307,0.21382,4.3939,0.099092,3.0041,-0.09348
-0.60929,0.86541,0.76968,0.34607,1.6387,0.099034,1.7281,-0.14145
-0.64313,-3.3736,1.6868,-0.5737,4.681,0.10409,0.2131,-0.16637
-0.73526,3.1773,1.4753,-0.44995,6.298,0.088015,3.0423,-0.10818
-0.76633,-5.4341,2.1385,0.14924,11.124,0.093508,-1.5411,-0.10704
-0.6009,2.6924,1.2058,-0.21082,12.291,-0.11472,2.2623,-0.025091
-0.62213,-3.8417,2.8642,0.079081,3.5077,0.16935,0.78309,-0.049429
-0.6187,4.618,-0.77044,-0.36633,9.5309,0.13731,5.0579,0.05593
-0.49482,-1.8244,-0.80097,0.96123,-1.7346,0.17392,0.65559,0.17484
-0.55592,-1.4235,-2.3699,0.23472,2.7025,0.00026212,-1.0533,0.16316
-0.61508,1.7382,0.71225,0.68428,3.0568,-0.0061425,1.0364,0.15309
-0.60612,0.13129,-2.0606,-0.026762,14.979,0.22534,-1.6518,0.023755
-0.7957,5.0174,2.2734,-0.013839,12.42,-0.1888,0.91606,0.052839
-0.64325,-0.22836,-1.8345,-0.91157,0.96165,0.16402,1.0965,-0.022268
-0.58891,6.3265,-0.19436,0.3323,7.8914,0.18207,5.7487,-0.081628
-0.58797,-0.77597,-1.7448,-0.31719,-0.20606,0.1569,2.4107,-0.10818
4.4749,-5.1673,-2.5594,-1.0325,6.901,0.08161,2.9287,-0.12096
4.4476,-2.2872,-1.7065,-0.20906,2.143,0.099387,1.8261,-0.13561
-0.43011,-5.3325,-1.8076,-0.69501,11.011,0.020214,-1.766,-0.070578
-0.66316,2.517,-0.78719,0.39504,5.0124,0.012417,1.6032,-0.047725
-1.0187,-3.7803,-1.1114,-0.42961,9.3558,0.080436,-0.40929,0.0074977
-0.76171,2.3265,0.40352,0.17966,8.3652,-0.011854,2.0115,0.016478
-0.67892,-6.4501,-1.0486,-0.8475,8.4221,0.12754,-0.22891,0.22734
-0.64188,2.936,-0.1125,-0.26189,9.9063,0.09519,4.5224,0.24652
-0.5651,-0.1451,0.87715,0.087925,1.3342,0.12939,1.6029,0.11575
-0.4611,2.3737,0.66726,0.16714,4.3737,0.16051,2.0297,0.12724
-0.64714,2.7781,2.0819,0.194,2.0423,0.08206,2.3879,0.023755
-0.6261,-2.8882,2.0841,0.90103,8.034,0.054297,-3.2515,-0.060089
-0.63747,5.0308,3.0158,-0.28546,10.378,-0.28458,1.1424,-0.059991
-0.68364,-3.4919,1.5917,0.075047,9.3809,0.12214,-0.8009,-0.14476
-0.64622,3.185,1.5497,-0.95592,13.409,0.20042,5.5393,-0.1378
-0.60619,-4.3081,2.5175,0.43334,-2.3141,0.10175,-0.054733,-0.080167
-0.59544,0.49572,-1.266,-0.31123,2.2192,0.11619,4.5278,-0.015307
-0.39919,-1.5705,0.064108,0.31964,-0.82906,0.08462,1.5678,0.017135
-0.53767,-2.3425,-1.3759,0.42575,12.271,-0.2719,-2.7769,-0.0076162
-0.59806,3.1899,0.056091,-0.38559,7.7024,-0.17003,0.18423,0.0086415
-0.59148,-2.4076,-0.67831,-0.9908,9.3569,0.097333,3.5706,0.044881
-0.81929,5.1682,0.15448,1.0299,8.6898,-0.028873,2.8471,0.13783
4.5033,2.2431,-1.0976,-0.64484,2.4289,0.16764,3.1175,0.041571
4.4653,5.053,-1.8942,0.11004,5.0593,0.075231,3.8411,0.07248
4.4233,-3.653,-1.2763,-1.0069,0.28006,0.078119,1.4414,-0.021659
-0.44834,-2.7211,-0.16332,-0.49477,3.5909,0.13988,1.4567,-0.088978
-0.55295,0.63815,-2.2902,0.25463,4.739,0.11883,2.9645,-0.1569
-0.67243,-1.2459,-1.1363,-0.52919,6.86,0.11613,1.4555,-0.111
-0.65781,0.32412,0.03511,-0.35327,7.126,-0.012169,2.7722,-0.13537
-0.82953,-9.0149,1.023,-1.3183,6.9041,0.099592,-0.56572,-0.041446
-0.7681,1.1726,-0.783,0.059645,9.7015,-0.17161,1.9282,0.21184
-0.6501,-4.0823,0.058847,-0.14309,3.2795,0.13472,-0.48131,0.20242
-0.63333,2.9553,-0.8465,0.42825,8.0526,0.076066,3.7566,0.10942
-0.62895,-1.0316,2.1226,0.017549,-1.7862,0.058867,1.1176,0.088324
-0.42244,-0.54556,-0.42682,0.096089,0.10793,0.087932,0.094492,0.18475
-0.68711,2.6612,2.4452,0.20627,3.4155,-0.05627,2.7376,0.088567
-0.63112,-2.0349,1.0342,-0.21697,11.95,0.1054,-3.3891,0.091463
-0.62736,5.2983,1.1103,-1.1322,11.579,-0.45328,0.25086,-0.041835
-0.81061,-1.9861,0.59701,-0.0092919,0.68249,0.12329,0.3517,-0.057217
-0.6218,2.7386,-0.19018,-0.53854,8.7626,0.10559,6.8802,-0.10648
-0.60237,-0.98665,0.019692,-0.47899,-2.9819,0.12647,1.5065,-0.089757
-0.59323,-2.6869,-1.724,-0.46811,1.6862,-0.065883,0.28979,-0.092069
-0.45495,1.5993,-0.633,-0.36599,2.2181,0.063519,3.0948,-0.11509
-0.532,-5.2924,-2.2066,-0.0046288,12.728,0.25941,0.50152,0.0053316
4.568,2.9981,0.41819,0.027145,4.9196,-0.078429,2.0144,-0.014479
4.4948,-0.65294,-1.445,-0.45609,6.1207,0.14668,2.9898,0.04454
4.4681,5.8503,-1.2005,1.2623,4.2357,0.087142,4.0755,0.16557
-0.75516,-2.7635,-1.2957,-0.15539,2.5979,0.133,3.2989,0.25825
-0.65891,2.1046,-0.40279,-0.12375,0.41208,0.093983,3.5326,0.18451
-0.65806,0.075411,1.1818,-0.13372,3.4131,0.14102,1.7962,0.083724
-0.537,1.6357,-0.87451,-0.25499,2.9097,0.10046,2.2849,0.0027274
-0.52956,3.4945,0.97142,0.34207,2.5128,0.034602,2.5855,-0.038598
-0.69628,-5.1698,1.1807,0.17927,3.9885,0.11474,-0.67067,-0.11419
-0.65478,2.4964,1.9935,0.18961,7.6631,-0.041439,2.9789,-0.16637
-0.7566,-3.2552,0.39553,-0.71553,5.7923,0.089427,0.74394,-0.15637
-0.65246,4.451,0.65195,0.66982,10.513,0.044472,4.149,-0.12639
-0.58739,-4.0781,0.47357,-0.32514,-1.6309,0.071214,1.4597,-0.079802
-0.62463,0.86386,-0.71943,-0.34572,2.2827,0.094683,2.7459,-0.03962
-0.62584,1.3476,1.6836,0.99019,-0.50499,0.11921,1.5442,0.015237
-0.46831,-4.0234,-0.55954,0.98831,8.2754,-0.071248,-3.3841,0.12196
-0.54204,2.9207,0.91359,-0.01339,7.4966,-0.4292,0.52713,0.16307
-0.62599,-2.2871,-0.90527,-0.28225,7.5713,0.06307,2.1104,0.14992
-0.61465,4.1846,-0.85226,-0.56596,10.593,0.083497,5.439,0.023001
-0.67153,-0.64182,-0.26714,-0.14053,-4.5178,0.056499,-0.65685,0.023901
-0.64382,0.83292,-1.8455,-0.71194,-0.18732,0.036065,1.6719,-0.0076648
-0.59444,0.95879,-0.83661,0.2467,0.21146,0.11403,2.4726,-0.051619
-0.58926,-4.8808,-2.0969,-1.2657,11.791,0.060651,-0.34599,-0.082723
4.476,4.363,0.95568,-0.10433,1.3261,-0.11025,0.6794,-0.082869
4.4498,-2.7516,-0.056927,0.36457,7.6393,0.055696,0.071611,-0.135
4.4253,4.6988,0.79357,1.0149,4.8761,-0.031857,1.3109,-0.09477
-0.67788,-2.714,-1.1071,0.16512,2.1484,0.067267,0.48009,-0.049842
-0.76896,3.5284,-0.53013,0.59121,4.0598,0.053027,3.1474,0.041644
-0.75182,-3.9919,0.39928,0.53261,1.1176,0.12941,1.2091,0.068099
-0.64797,1.522,-0.95091,0.44191,1.1366,0.13058,2.8979,0.13836
-0.64473,0.22032,-0.11952,0.602,2.2513,0.13572,2.3258,0.13934
-0.70259,-3.0888,-0.50781,0.38552,1.6166,0.12976,-0.53172,0.36105
-0.55749,3.8217,1.3443,-0.44333,6.1165,0.030379,3.3401,0.1662
-0.57627,-3.3255,3.7654,0.41057,7.4128,0.093155,-0.98948,0.06126
-0.63452,5.3218,1.4308,0.14497,11.346,0.16202,3.81,-0.017108
-0.72066,-1.3061,2.5713,-0.082795,-2.2465,0.056467,0.28102,-0.062693
-0.74941,5.2198,-1.4895,-0.72071,6.7702,0.12874,5.3336,-0.1195
-0.58709,-0.26894,0.93996,0.68525,-0.9542,0.13126,2.1014,-0.12889
-0.60941,-3.282,-0.0055029,0.616,3.7526,0.016364,-2.147,-0.099589
-0.60836,2.0246,1.8282,-0.1675,5.6111,-0.076523,1.4271,-0.041543
-0.41114,-3.8064,-2.2394,-1.0804,11.243,0.32535,0.41608,0.01458
-0.5728,2.8552,0.35556,-0.062827,10.61,-0.069612,1.8634,-0.067779
-0.60284,-3.2943,-1.7283,-1.4031,-2.9989,0.081129,0.32687,0.13627
-0.59376,0.053506,-2.9068,-0.13178,3.3135,0.074416,4.498,0.077761
-0.80333,-0.85645,-1.5182,-0.56914,-2.4656,0.045762,1.6102,0.1894
-0.40354,-3.635,-2.1413,-0.37378,9.896,-0.14342,-1.5351,0.094895
4.4825,3.5177,0.29929,0.18963,0.4485,-0.025588,1.2281,0.089735
4.4385,-2.6853,-0.11684,-0.25048,9.9242,-0.033179,-0.63673,0.019691
-0.4833,5.7265,-0.89327,0.75783,4.264,-0.17362,0.73802,-0.031735
-0.69028,-0.91518,0.6947,-0.81221,5.4712,0.021671,0.97787,-0.12697
-0.65154,4.3265,-0.099795,0.81043,4.8705,0.059739,3.0672,-0.12595
-0.65306,-3.0973,0.70013,0.42519,1.6491,0.034159,0.34853,-0.114
-0.77592,2.1424,0.80966,0.75765,2.753,0.048759,3.5883,-0.047993
-0.76152,-1.8785,0.73751,0.26403,-0.71582,0.028666,1.42,0.027114
-0.67703,-2.8203,0.32038,0.30054,1.8247,0.095934,0.75937,0.090879
-0.63465,0.16568,1.0952,-0.016396,3.7803,0.023307,3.0035,0.17046
-0.58331,-6.9974,1.3582,-0.89764,7.3355,0.11604,-1.5564,0.10709
-0.49945,3.9947,0.87896,0.35636,9.2739,-0.16063,2.4346,0.1773
-0.6368,-2.9929,2.7227,0.24455,0.38065,0.052995,-0.98087,0.054957
-0.62285,6.355,-1.2729,-0.3438,9.2367,0.14143,6.818,0.15464
-0.59782,0.30608,1.6234,0.73847,-2.8712,0.068326,1.3799,-0.015307
-0.69354,1.1861,-1.0538,-0.09823,-1.4804,0.025387,1.6768,-0.012581
-0.61616,1.0146,2.6451,0.86213,0.40226,0.097693,2.0998,-0.075397
-0.6007,-1.2572,-0.34472,0.085253,12.041,0.42127,-2.3964,-0.085838
-0.5884,3.4916,2.7133,-0.47873,8.0368,-0.51067,-0.75957,-0.084719
-0.40129,-1.0519,-2.2694,-0.74421,0.0022269,0.12001,2.3358,-0.11356
-0.51446,2.5277,0.44021,0.51665,3.8994,0.039242,4.8833,-0.057241
-0.5892,-4.399,-2.1335,0.17357,-2.8671,0.071432,1.6661,-0.029861
4.5065,-1.6822,-1.6515,-0.41199,3.7513,0.047103,2.6438,-0.043052
4.4913,-2.3691,-2.3918,-0.39102,-0.19788,0.072491,2.3527,0.17214
4.461,-7.1068,-1.5497,-1.6911,6.8645,-0.023701,-0.208,0.20892
-0.65384,3.837,-0.55015,0.1094,2.0316,0.0059994,1.5371,0.15331
-0.6545,-3.0234,-1.8757,-0.72796,8.5527,-0.028238,0.64499,0.081266
-0.45086,5.2455,0.73897,-0.014083,4.7053,-0.027943,2.0859,0.028209
-0.6085,-4.9325,-0.80053,-0.47163,7.7481,0.01619,-0.68138,0.026116
-0.65265,4.5266,-0.1488,-0.026524,6.9159,-0.098529,4.4248,-0.072574
-0.64601,-1.4142,1.4692,0.57795,0.49927,0.085878,0.30542,-0.11779
-0.76658,4.2993,1.3592,0.60484,3.8832,0.05218,3.18,-0.19502
-0.71663,0.8824,3.8194,0.51291,-2.1654,0.061601,2.2387,-0.13174
-0.66502,-4.6727,0.32411,0.43872,2.5772,-0.01566,-2.2981,-0.12814
-0.62334,3.1358,2.0712,-0.19347,4.3472,-0.022956,2.1352,-0.057582
-0.6191,-5.0727,2.1299,-0.61844,8.2466,0.0049341,-1.3672,0.0030195
-0.33351,4.3527,1.1155,-0.91041,9.7089,0.098931,2.5493,0.11697
-0.66065,-5.033,1.5779,-0.0030873,-3.2586,0.10938,2.0754,0.17708
-0.62033,2.993,-0.84079,-0.28923,3.3244,0.055427,3.9798,0.14712
-0.61319,-0.77627,1.5778,0.24362,-5.2448,0.047912,0.13257,0.0013645
-0.73288,-0.36882,-0.8021,-0.4023,3.5809,-0.14575,-0.65598,0.042423
-0.6248,3.5544,0.28901,-0.56568,1.5728,-0.020601,3.722,0.026773
-0.59191,-0.51661,-1.5834,-0.45972,9.5075,0.2858,0.89152,-0.0059369
-0.58074,5.6953,1.6652,1.0108,4.2139,-0.070876,1.3719,-0.055659
4.4794,-1.129,-2.1043,-0.88322,-0.89745,0.10812,1.4745,-0.074691
4.4451,2.9411,-0.72977,0.39739,1.8122,0.081187,3.6963,-0.1266
4.4208,-2.6567,-2.1243,-0.33963,-0.35448,0.083799,2.6375,-0.12918
-0.68772,-2.7188,-2.4888,0.079421,0.57396,0.049054,3.3122,-0.086106
-0.92208,-1.7588,-0.55793,0.22792,-0.4491,0.017544,2.2629,0.00092643
-0.66272,-3.6229,-2.2322,-0.317,1.5242,-0.0013743,0.98375,0.053715
-0.64565,-0.12636,-2.5027,0.0003746,3.4608,0.019656,2.204,0.10519
-0.64636,-5.3281,0.18279,-0.046615,3.0798,0.044556,-1.0421,0.16769
-0.57707,1.7036,-0.26464,0.31857,5.7921,-0.22812,0.94161,0.20702
-0.50217,-3.7335,-0.10491,0.96455,3.3409,0.079499,0.32057,0.21228
-0.6968,5.0649,0.82212,1.2656,7.767,0.019316,3.0874,0.098813
-0.64836,-0.78986,1.0848,0.24629,-4.3534,0.079493,0.17568,0.011416
-0.87786,4.2225,1.1323,-0.079847,0.93,0.047399,1.4695,-0.021903
-0.73633,2.5784,2.9725,0.58716,-1.9077,0.020131,1.9044,-0.082869
-0.58555,-3.8817,1.1831,0.87334,6.9451,-0.15663,-4.1174,-0.17718
-0.61479,3.3368,1.7136,0.0034447,7.8413,-0.5687,0.4424,-0.11461
-0.6199,-3.3453,0.26657,-1.1131,4.0659,0.11857,0.82631,-0.053347
-0.42675,2.9525,-0.47955,-0.73696,8.0737,0.10471,5.7028,-0.044293
-0.55522,-1.8269,-1.4981,0.34034,-6.3715,0.12747,0.1955,-0.077612
-0.61509,-2.274,-3.0799,-0.36781,-3.2766,0.094317,3.0634,0.1166
-0.60826,1.3954,-1.4763,-0.046859,-3.7167,0.11004,1.4782,0.0042607
-0.70124,-3.9379,-2.6295,0.13099,8.4866,-0.15531,-2.4824,0.20145
-0.67958,4.3541,0.93602,0.21782,0.64418,-0.18885,-0.42804,0.14581
4.486,0.16698,0.64344,-0.33325,4.3384,0.078498,1.4435,0.081655
4.4439,7.0258,-0.12114,1.0459,3.4671,-0.044115,1.818,0.03736
-0.41243,2.0572,-0.82051,0.10882,0.53647,0.056518,0.09428,-0.00031481
-0.6105,5.2403,-0.54391,0.46384,1.4543,0.023115,2.4449,-0.068923
-0.66851,-3.0123,1.5789,-0.11524,-2.2798,0.085897,1.2797,-0.11168
-0.66918,1.1456,0.71752,0.0091226,-2.1728,0.024308,1.6899,-0.099346
-0.89841,-0.21503,-0.62835,-0.23414,0.48825,0.028961,1.7129,-0.11723
-0.68494,-2.4839,0.25714,0.2003,-0.73885,0.085512,0.79888,-0.0024565
-0.64591,1.4998,1.1921,-0.15238,4.135,0.015831,3.5383,0.019326
-0.63908,-5.647,0.14506,-0.35658,4.4241,0.095119,-0.32629,0.1829
-0.3222,3.0369,-0.40133,-0.43593,7.3402,-0.1217,2.2871,0.07523
-0.51264,-2.4692,0.28148,0.19906,-2.3683,0.046378,-0.1453,0.16781
-0.55558,5.5941,-2.014,-0.16087,3.7527,0.10287,4.0855,0.057804
-0.63572,0.089295,0.23469,0.7744,-4.4872,0.026869,0.6432,0.18679
-0.67414,-0.80776,0.68861,0.025726,-1.3973,0.02719,-1.5838,0.047071
-0.76386,3.4518,2.4789,0.34684,1.7704,-0.093645,1.4624,0.0089336
-0.57447,-1.8612,-0.14514,-0.37141,8.8367,0.28109,-0.053622,-0.029642
-0.60431,3.373,1.2853,0.16223,7.9792,-0.098657,2.1229,-0.10042
-0.60258,-0.63572,-1.0539,-0.82899,-4.7284,0.057962,-0.18142,-0.058555
-0.41226,1.4807,-0.12839,-0.12417,0.54173,0.053669,3.7142,-0.12144
-0.5588,-2.1209,-0.8654,-0.39293,-3.7476,0.11099,2.1885,-0.12232
-0.59345,-5.4046,-1.8927,-1.1319,6.6342,-0.11104,-0.38398,-0.049915
4.502,2.0598,-0.70958,0.63904,-1.6609,0.021947,1.5869,-0.057874
4.489,-5.1821,-1.1882,-0.1843,8.6835,0.17861,-1.2573,0.24835
4.4552,4.4855,0.63065,0.11327,-0.12993,-0.13178,0.81869,0.15345
-0.66241,-0.32158,-0.42953,0.088998,7.1457,0.055607,1.1084,0.19303
-0.67102,4.6899,-0.40506,0.49445,3.6977,0.026016,3.3887,0.25212
-0.56801,-2.8492,0.23164,0.10583,-0.13332,0.069809,0.14252,0.070484
-0.62728,4.6057,1.6511,0.19549,-0.26026,0.043651,2.4009,0.042155
-0.65196,0.71051,0.55862,-0.10759,-0.27358,0.030373,2.2786,0.0073029
-0.64789,2.1009,0.99927,-0.079841,1.0333,0.063911,2.2372,-0.14396
-0.81994,3.5386,2.7976,0.41466,0.704,0.085756,3.2935,-0.16352
-0.75004,-8.9743,3.0439,-0.21838,5.5094,0.060388,-0.28413,-0.13602
-0.70537,3.5031,1.7258,-0.46202,6.2873,-0.11928,1.9886,-0.1359
-0.6315,-5.5118,3.4883,0.88404,2.5259,0.093553,1.138,-0.06391
-0.62532,4.2353,-0.30921,0.26325,7.0397,0.079801,4.7385,-0.067317
-0.47059,-3.3397,0.51014,0.55662,-3.8315,0.097179,0.061901,0.022198
-0.61706,-0.079635,-3.2109,-0.79211,-2.8455,0.10628,1.8306,0.10855
-0.61955,-1.0773,1.218,0.26979,-0.97673,0.025464,2.3207,0.15506
-0.60519,-0.88045,-1.1515,0.46833,9.988,0.37351,-3.1015,0.039867
-0.70837,3.9075,-0.36457,-0.43569,7.4335,-0.23461,-1.7987,0.03186
-0.59179,-0.67244,-2.2166,-0.8523,0.26494,0.056017,0.49834,0.11286
-0.59502,3.6308,-1.0284,-0.4337,4.8125,0.019149,5.7007,0.036776
-0.58367,-0.79447,-1.3317,-0.69978,-4.7764,0.085204,2.6114,-0.030908
4.4761,-0.53856,-2.5086,-0.75177,3.2504,-0.034662,2.6514,-0.075251
4.4441,0.6299,-1.9254,0.29495,-2.328,0.057859,1.5939,-0.13293
4.4174,-7.632,-1.49,-0.079757,7.6722,0.047264,-0.41316,-0.12502
-0.68064,2.6636,1.1384,0.16228,-0.81574,-0.095365,1.691,-0.12181
-0.95977,-3.3401,-1.4513,-0.68968,7.2397,0.073216,-0.56541,-0.073937
-0.74238,2.9061,-1.1289,0.43217,3.9571,-0.080727,1.9739,0.0023867
-0.64897,-5.2301,-1.1502,-0.74448,3.7071,0.10421,0.25339,0.014337
-0.6599,1.534,0.031005,0.012777,3.5978,-0.03264,2.5664,0.30033
-0.36488,-2.2175,0.72496,0.3266,-2.0307,0.047797,1.1162,0.24231
-0.58908,2.7483,1.1455,-0.077073,1.8132,0.010665,2.2959,0.23038
-0.67722,2.0986,1.6858,-0.30874,-2.6759,0.044453,2.2719,0.23394
-0.6512,-5.9868,2.7467,0.19158,4.618,-0.0015091,-1.1995,0.085087
-0.95867,5.2569,2.6634,0.41382,5.263,-0.088947,0.95255,0.025532
-0.75533,-2.8032,4.5693,1.3429,4.4916,0.084344,0.095725,-0.042346
-0.67512,5.8192,2.2698,0.040364,8.5741,0.29531,3.9001,-0.11672
-0.62878,-3.4372,2.8797,-0.2385,-3.6248,0.097307,0.5806,-0.14147
-0.62367,2.0804,0.11897,-1.0737,0.24468,0.097352,4.3649,-0.081822
-0.51737,-1.4231,0.46864,0.81125,-5.0139,0.039268,1.2696,-0.11193
-0.65998,-3.4878,-2.0025,0.2375,8.3538,-0.00017427,-3.3375,-0.028474
-0.61926,0.8882,2.2909,-0.089694,2.874,-0.1816,0.16808,-0.055781
-0.61782,-1.228,-1.677,-1.0749,7.0044,0.13251,2.8747,-0.034534
-0.81375,4.729,0.50606,1.069,6.6656,0.07054,2.8005,0.098521
-0.64065,-2.0197,-2.227,-0.55225,-4.3231,0.066773,2.1096,0.16927
4.4897,2.0139,-0.99489,0.16111,0.89656,0.043349,2.7519,0.033564
4.4534,-0.0748,-1.8948,0.16246,-0.30456,0.055793,2.8237,0.10921
4.4112,-2.3803,-1.9398,-0.7116,1.5388,0.0050175,1.4089,0.089054
-0.63531,0.66096,-1.5674,0.31463,-0.87962,0.043169,2.8503,0.010394
-0.68592,-1.5075,-0.81031,-0.42658,5.0766,-0.039918,-0.50934,-0.079194
-0.68605,4.1496,1.0315,-0.37516,3.0869,0.0075331,2.6334,-0.080776
-0.86828,-5.4545,0.43295,-0.92876,5.7631,0.04041,1.0346,-0.13537
-0.70793,2.7187,-0.026548,0.083879,5.5709,-0.13727,2.0176,-0.10117
-0.64929,-3.9012,-0.47062,0.30413,3.2544,0.058084,0.15824,-0.017181
-0.64936,0.89915,-0.98007,1.0797,6.2826,-0.0021252,4.0687,0.062745
-0.57223,-1.9774,1.5308,-0.10589,-4.787,0.062846,0.59962,0.078735
-0.4413,-1.564,-0.38818,-0.77276,-1.0751,-0.028835,0.53634,0.099276
-0.66738,1.6969,1.2484,0.41391,0.6256,-0.050622,3.3696,0.12926
-0.65378,-4.4129,0.080476,0.84786,6.0924,0.022935,-3.6837,0.16326
-0.9166,5.7471,0.66935,-0.37633,7.1297,-0.32535,0.98855,0.12989
-0.82637,-1.5059,0.052345,0.045996,0.96752,0.083157,0.093041,0.096647
-0.59644,5.3934,0.16968,-0.015862,7.1754,0.18872,6.8809,0.030765
-0.61563,-1.0521,1.0732,0.47659,-6.6718,0.087636,0.23789,-0.048163
-0.61952,0.49145,-0.98028,0.45022,-3.8295,-0.017643,1.0548,-0.062741
-0.44609,1.5402,1.69,0.60479,-2.5702,0.014227,1.6971,-0.11402
-0.60476,-3.9613,-1.6789,0.31496,9.4825,0.41783,-2.1738,-0.14547
-0.60783,2.0144,2.3192,0.19078,2.7167,-0.16129,0.14977,-0.093699
4.6387,-0.85158,0.12207,-0.80716,3.2507,0.069263,2.1091,-0.07053
4.475,4.3988,0.026778,1.0326,2.6122,0.0018922,3.5767,0.050576
4.449,-1.3524,-0.84453,-0.37233,2.0698,0.02701,2.1887,0.090222
-0.67623,1.2226,-1.7183,-0.066372,1.3098,0.097725,3.4524,0.096355
-0.67397,-2.9847,-0.70281,-0.12546,-0.6029,0.040917,1.8895,0.063548
-0.28532,-0.087419,0.26376,-0.15087,-0.45801,0.062294,1.7355,0.1563
-0.47413,2.3995,-0.55561,0.62108,1.3508,0.0052293,2.8516,0.11626
-0.68857,-0.2472,0.75943,0.099191,1.7891,0.077554,0.84225,0.12347
-0.66665,4.6182,1.0662,0.11456,5.548,-0.08939,3.2778,-0.017911
-0.82217,-4.1957,1.0812,0.27534,5.4215,0.041418,0.89647,-0.10463
-0.68556,4.3498,0.92306,-0.25045,6.8534,0.13989,4.05,-0.12619
-0.62742,-1.9481,1.4727,0.20074,-1.4679,0.067164,0.31128,-0.11738
-0.6346,3.0355,-1.4601,-0.38034,5.2392,0.10688,5.1911,-0.11969
-0.534,0.24768,-0.13131,0.78479,-3.7574,0.064546,0.82421,-0.090998
-0.53013,-3.9393,-1.7934,-0.44166,-0.54817,0.047527,-1.6529,0.033296
-0.58027,1.0214,2.8934,-0.31056,2.2692,-0.053504,2.4945,0.096939
-0.62901,-4.6187,0.47712,-0.169,8.6039,0.4801,0.34801,0.073356
-0.70885,4.1361,1.7149,0.14721,8.2562,0.15917,2.1294,0.020835
-0.77525,-1.026,-1.1068,-0.53845,-4.7438,0.082855,0.82118,0.021954
-0.55851,1.276,-1.1138,-0.46269,1.946,0.073357,4.7533,0.13924
-0.5981,-0.589,-0.72761,0.083609,-4.8628,0.077394,2.2335,0.015675
-0.60053,-2.272,-0.45,-0.25172,5.6943,-0.18791,-0.33858,-0.034777
-0.43835,2.7825,-0.10976,0.53773,-2.0696,-0.033635,1.2906,-0.032976
4.4503,-2.9106,-1.928,-0.40505,8.6284,0.22434,-1.0582,-0.079924
4.4172,4.3314,0.078729,0.60161,1.4781,-0.12427,1.379,-0.12276
-0.45917,0.2133,-1.0099,-0.26435,5.6669,0.038395,0.36982,-0.090949
-0.83067,4.6325,0.35752,1.1857,3.917,-0.053638,2.784,-0.10908
-0.72616,-4.9405,-0.9789,0.1885,-0.98218,0.052436,0.63862,-0.094454
-0.66305,2.4657,0.23548,0.33079,1.4544,0.018603,2.4183,-0.06021
-0.66418,-1.1374,0.57967,0.30296,-0.92658,0.028563,0.62401,0.058145
-0.52405,1.9377,0.29848,0.31704,-0.57563,0.00315,1.2522,0.28804
-0.59953,1.5172,0.78804,0.26707,0.46681,0.011602,2.564,0.16421
-0.65134,-6.6906,0.28772,-0.043038,2.6831,-0.028739,-1.6977,0.26407
-0.65037,4.5357,1.3074,0.53504,6.0449,-0.019234,2.0241,0.088275
-0.81539,-2.3961,2.5357,0.90046,2.9912,0.06212,-0.16767,0.053423
-0.75302,5.7317,2.2577,-0.07713,7.2494,0.27271,5.088,-0.0054258
-0.68068,-1.4792,2.2214,0.45393,-3.5639,0.00073059,0.4168,-0.090389
-0.62993,1.7487,-0.9985,-0.77253,-0.66731,0.069905,3.1041,-0.1205
-0.62016,0.59279,0.74591,0.97076,-4.164,0.023031,1.3146,-0.1055
-0.48955,-3.5574,-0.27483,0.15531,7.5915,0.10068,-3.6091,-0.1434
-0.58521,0.84053,-0.0060361,-0.94635,5.9978,-0.20012,0.75828,-0.075081
-0.61375,-2.1503,-1.6141,-1.3509,4.2142,0.087835,3.7883,-0.081141
-0.61379,3.9935,-0.84452,0.19847,6.5195,0.2093,4.9417,-0.053006
-0.73673,-2.9432,-2.495,-0.70662,-5.9135,0.081636,0.72076,0.066882
-0.57871,1.5366,-3.6998,-0.71047,1.2423,-0.023463,2.8905,0.16032
4.5005,0.51387,-1.7526,-0.32255,-2.914,0.015754,2.3264,0.020421
4.464,-6.7411,-1.9604,-1.0122,5.9694,0.0061277,-0.14504,0.087959
4.4253,2.4664,-0.037597,0.13706,-2.3426,-0.05378,1.3201,0.1252
-0.63378,-1.9212,-1.9192,0.13382,6.2738,0.021883,-0.13403,0.033125
-0.6786,6.282,-0.72848,-0.2367,3.256,-0.15516,1.9305,-0.041592
-0.67508,-3.2274,-0.43227,-0.54181,3.5441,0.014868,0.82311,-0.089951
-0.8535,4.4239,1.2239,0.085632,2.9996,-0.059664,3.4506,-0.11465
-0.72056,-1.4318,0.67484,0.37281,0.30253,0.030521,0.72918,-0.13926
-0.65212,2.625,0.99729,0.80306,1.2727,0.035841,3.2594,-0.066441
-0.65505,-1.4552,1.7279,-0.03402,-3.1216,-0.022026,1.8705,-0.010756
-0.32147,-4.3755,-0.0064665,-0.45017,0.40353,-0.046772,-0.5362,0.026165
-0.53192,1.7917,0.93741,-0.17703,2.7336,-0.071864,3.1557,0.10619
-0.64612,-5.7202,0.35514,0.1721,6.2027,0.17002,-1.8291,0.17025
-0.64274,4.8593,0.93167,-0.61723,7.1393,0.040846,2.0649,0.034367
-1.0317,-3.1804,3.6231,0.27973,-4.7298,0.085018,-0.087003,0.17158
-0.7736,5.4812,-0.45513,-0.5196,3.9357,0.066625,5.086,0.12135
-0.67425,-0.59609,0.84464,0.8085,-6.8782,0.046892,0.68198,0.079392
-0.6195,-0.91353,-1.9213,-0.096817,0.95413,-0.11919,-3.1668,-0.0072998
-0.61643,2.7238,-0.11347,0.11856,1.7297,-0.099485,2.301,-0.047895
-0.45818,-0.7402,-2.2049,-0.78798,6.9548,0.30901,1.615,-0.10886
-0.68857,4.1065,1.0397,0.58967,5.3975,-0.18672,0.47872,-0.13843
-0.6068,-3.4496,-2.3393,-0.85844,-5.6808,0.019258,0.88169,-0.1165
-0.60674,3.5955,-1.5644,-0.091434,0.80455,0.054593,3.0919,-0.078196
4.4746,-1.0716,-0.39833,-0.58189,-4.0968,0.041469,1.9807,-0.028255
4.459,-5.2102,-0.39754,-0.42281,1.6506,0.056133,1.2692,0.055735
-0.69596,-1.8201,-2.3046,0.42815,-2.8699,-0.0031327,1.4626,0.15143
-0.67044,-5.332,-1.0121,-0.20544,5.0481,0.00021719,-1.1242,0.11556
-0.4894,4.2048,-0.69993,-0.0012119,2.472,-0.13167,1.3915,0.13235
-0.63416,-2.4073,-0.83972,-0.70537,3.8079,0.033781,-0.19013,0.10003
-0.67641,4.8256,0.18438,0.27775,4.862,-0.15114,2.4076,0.12052
-0.6702,-2.2854,0.00082473,0.22195,1.299,0.080352,-0.66233,0.020348
-0.81171,5.0862,0.78966,0.28214,3.6528,-0.030414,3.7258,-0.026624
-0.65932,0.46981,2.0493,-0.076919,-4.49,-0.022834,0.6881,-0.10786
-0.63774,-1.6396,2.3072,0.40931,-2.3283,0.061921,0.47728,-0.12086
-0.63607,2.0506,2.469,0.35974,0.36888,-0.052669,2.1077,-0.13537
-0.41196,-5.7203,2.5038,0.34645,5.699,0.10914,-3.4894,-0.10158
-0.55253,2.9564,1.6709,-1.084,6.6268,-0.056552,0.89691,-0.073621
-0.71587,-6.012,1.7523,0.20478,0.31166,0.090928,0.50617,-0.0035031
-0.63534,2.5402,0.82517,-0.23244,6.4614,0.29251,7.3995,0.080244
-0.80848,-3.9053,2.426,0.09526,-6.4715,0.066228,0.35113,0.12254
-0.92244,-0.78163,-2.3382,-0.80766,-4.3637,0.013489,1.6108,0.16014
-0.58764,1.9966,1.6108,0.31603,-2.0831,0.054695,2.5283,0.0368
-0.6037,-1.1817,-2.9152,-0.13079,8.6313,0.42764,-2.1048,0.051379
-0.60943,5.7935,1.3718,0.22279,2.2572,-0.35523,-0.7925,-0.013433
-0.44259,-0.65868,-1.1887,-0.61728,-0.21638,0.069924,1.083,0.039113
4.4697,6.5017,0.82961,1.2283,0.3921,0.02402,3.293,-0.015453
4.431,0.086052,-1.606,-0.12992,-1.4214,0.035982,-0.007847,-0.11723
4.4034,0.68164,-1.9313,-0.21857,-1.8029,-0.016096,3.0508,-0.1037
-0.82454,-2.8952,-0.56151,-0.31437,0.46188,0.069494,2.6955,-0.14522
-0.739,-5.5803,-3.4079,-0.48276,-1.4479,-0.039789,2.4012,-0.15092
-0.6653,-0.36639,-1.878,0.67538,-0.21822,-0.046406,1.6476,-0.015599
-0.65939,-3.7669,-0.55202,0.00084348,1.798,0.043048,-1.0839,0.031616
-0.47897,1.3928,1.0365,-0.010448,3.3046,-0.13733,2.136,0.1215
-0.52479,-8.344,-0.5502,0.072651,3.3606,-0.0024653,-0.25135,0.39919
-0.6666,2.4039,-0.25743,0.36963,4.8804,-0.10198,2.0987,0.26713
-0.65839,-1.513,0.2232,-0.21091,-2.6813,0.0099846,0.30264,0.17706
-0.86597,4.725,-1.6836,0.099563,3.3864,0.027261,3.9457,0.18373
-0.68247,1.8558,0.95459,0.53155,-4.2973,0.06375,1.6109,0.078102
-0.59684,-2.6614,-0.65475,0.67316,-1.248,0.0032591,-2.2298,-0.0091738
-0.62175,4.091,2.6648,0.048848,2.0132,-0.10601,1.7022,-0.084573
-0.56477,-2.9073,0.71204,-0.79045,6.1831,0.20341,-1.328,-0.12602
-0.49442,4.058,0.72924,-0.15339,6.4858,0.089157,1.5904,-0.14206
-0.56988,-3.6641,0.39674,-0.52058,-5.0289,0.0015841,-0.56082,-0.11753
-0.61336,-0.59287,-1.479,-0.037302,0.28327,0.030886,3.9393,-0.10672
-0.60395,-0.39994,-0.72927,-0.19838,-7.0132,0.037586,0.64698,-0.064153
-0.82884,-5.9407,-0.83492,-1.0829,5.0329,-0.18579,-1.2174,0.024218
-0.54457,1.0382,-0.57481,-0.38457,-1.8205,-0.037563,1.7958,0.20305
4.5683,-2.9859,-1.6934,-0.56977,7.2554,0.34308,-1.7706,0.0111
4.4889,5.8414,0.84607,0.3674,0.9457,-0.06915,1.5745,0.068075
4.4551,2.0233,0.54725,-0.040803,1.6464,0.010068,1.2486,0.17477
-0.63499,6.6797,0.39344,0.66092,3.0532,-0.022039,3.7413,0.16114
-0.67411,-1.8525,-0.4992,0.30495,-3.0167,-0.0084015,1.6767,0.044516
-0.67197,4.6286,0.66162,-0.081517,-1.1848,-0.0052056,3.0853,-0.033341
-0.91896,1.8236,1.219,0.45928,-1.7159,0.024058,1.639,-0.062498
-0.69511,1.5632,0.47807,0.15269,-0.75212,0.017788,1.6829,-0.20877
-0.64974,1.2636,1.2781,-0.53188,0.6437,0.040712,2.6428,-0.14544
-0.64676,-6.6564,0.15308,0.31668,1.3227,0.071817,-2.1392,-0.094673
-0.30664,2.1904,1.4248,-0.12512,4.1847,-0.22208,0.59505,-0.064323
-0.51772,-6.4061,0.73931,1.161,3.1177,0.035584,-0.75905,-0.0040628
-0.65033,3.9726,-0.1968,0.29125,6.1542,0.24336,4.8092,0.08589
-0.63233,-1.1715,-0.94504,-0.024765,-5.2674,0.008361,0.19137,0.030813
-0.88248,1.8143,-2.5335,-0.47733,-2.201,0.060824,2.8437,0.26604
-0.68496,0.76743,1.6615,1.2248,-4.2957,-0.029226,1.1729,0.18811
-0.65018,-2.4579,1.6529,0.37866,4.3745,-0.15791,-2.2336,0.14605
-0.61016,2.7026,3.5317,-0.3436,4.011,-0.3715,-0.89466,0.050916
-0.60067,-0.19239,-1.4027,-0.56747,4.559,0.075604,2.3246,-0.023314
-0.43981,3.8768,0.5958,-0.42498,5.7591,0.09766,3.8794,-0.053274
-0.58071,-1.3316,-1.815,-0.32837,-7.5477,0.040737,-0.77571,-0.083088
-0.59522,1.5555,-0.95441,-0.41851,0.32565,-0.058638,1.8541,-0.12249
-0.58332,-0.63008,-1.016,-0.23797,-4.3367,0.04023,1.677,-0.068583
4.4811,-8.6669,-2.7371,-1.147,5.5807,-0.07112,-1.7294,-0.07384
4.4644,1.6006,0.16017,-0.033924,-2.3183,-0.058715,0.40942,0.00053702
4.3233,-3.4008,-2.4343,-0.094479,6.0602,0.16198,-1.5102,0.038942
-0.66181,5.5151,-0.13646,0.53251,0.9045,-0.12983,1.0425,0.05778
-0.38096,-4.5071,-3.516,-0.67326,2.8422,-0.05747,1.3202,0.14785
-0.57175,4.5123,-0.25548,0.36254,1.9771,-0.02818,3.5202,0.057731
-0.66105,-1.2517,0.49418,0.94935,-1.5482,0.024077,-0.25562,0.22264
-0.64839,5.361,1.5774,0.63017,1.0401,0.034775,3.1736,0.080949
-0.8617,1.6376,1.131,0.728,-4.3622,-0.022571,0.84477,0.039015
-0.63567,-0.86519,1.6018,0.37592,-1.2516,-0.028296,0.31635,-0.066343
-0.63662,4.5026,2.7227,0.21278,0.99129,-0.041195,1.5843,-0.087444
-0.63077,-6.713,3.9346,0.41463,5.3269,0.14204,-2.4385,-0.12724
-0.42419,5.1747,2.1381,-0.42277,5.8237,0.028647,1.3405,-0.10088
-0.5495,-4.531,4.2172,0.12287,-1.6368,0.048612,-0.34826,-0.12035
-0.6626,3.3164,-1.3862,-0.88759,4.2908,0.11044,5.0925,-0.045729
-0.61751,-3.403,0.16517,1.1652,-6.0917,0.047495,0.75614,-0.017692
-0.95273,-0.7626,-2.9325,0.013233,-3.2736,-0.050866,-0.90848,0.0049178
-0.74683,-0.20748,0.8015,1.3446,-1.3728,-0.025966,0.47693,0.1417
-0.66344,-0.67546,-2.507,0.077359,7.8284,0.48783,-1.6794,0.02653
-0.59592,4.4885,1.2035,0.29309,5.6527,-0.062366,-1.3002,0.029767
-0.58953,-0.2987,-2.4031,-0.92886,-2.8122,0.0052228,1.3636,0.023853
-0.30566,6.4535,0.020508,0.78574,1.8865,-0.043967,3.1169,0.076763
4.4854,0.86795,-2.7106,-0.41199,-5.5843,0.06135,0.12968,-0.003284
4.4469,-3.5162,-3.3964,-0.97002,-0.36063,-0.033359,1.7984,-0.052179
4.4144,-0.49044,-1.7506,-0.35842,-2.3328,-0.046066,1.342,-0.071771
-0.85106,-4.9138,-1.4776,-0.80193,3.4925,-0.0876,-0.082212,-0.14841
-0.68462,2.1134,-1.0567,0.31553,-1.2648,-0.071505,1.3403,-0.14408
-0.65764,-5.7366,-0.93593,-0.46554,4.9449,0.11804,0.3446,-0.080898
-0.64588,1.3737,-0.62225,0.23254,2.8367,-0.10836,1.8743,-0.029447
-0.54982,-7.1382,-1.4031,-0.62703,3.095,-0.030227,-0.59964,0.0063781
-0.50803,1.6113,-0.32311,0.34671,4.468,-0.15461,2.0201,0.22165
-0.65964,-2.3124,0.27667,-1.1673,-4.9242,0.046706,-0.0064598,0.2875
-0.65047,2.4138,-0.21881,0.27245,-0.90712,0.027607,1.5642,0.11726
-0.95554,2.3081,2.6631,-0.51923,-3.7219,0.0064293,2.6687,0.17604
-0.66559,-3.8307,-0.03682,0.40195,1.7653,-0.10613,-3.798,0.13048
-0.61765,4.8382,1.7356,-0.21213,3.7479,-0.3358,0.28353,0.040256
-0.61624,-3.0041,2.3736,0.013471,3.9203,0.075,-0.93603,-0.018008
-0.39422,4.3073,2.2563,-0.52915,5.9483,0.25169,5.6937,-0.10249
-0.50111,-1.5839,2.579,0.33368,-7.2354,0.036207,-0.71626,-0.12522
-0.69908,1.0912,-1.5504,-0.30826,-3.0038,0.024264,3.7372,-0.13636
-0.61236,0.52588,1.5533,0.14221,-4.9506,0.050973,1.0971,-0.12502
-0.72148,-2.5649,-1.3527,0.74728,7.024,0.21787,-3.194,-0.072525
-0.77713,2.4037,0.25513,-0.30108,1.0844,-0.2511,0.51145,-0.036724
-0.58613,-4.4527,-1.8513,-1.311,2.6663,0.063943,2.0654,0.098473
-0.58434,4.3702,-0.03734,1.2188,2.7287,-0.064869,2.4436,0.072407
4.4916,1.3024,-1.3145,-0.8242,-2.9479,0.076367,2.4604,-0.0043062
4.4766,2.5085,-3.0458,-0.70633,0.94517,-0.0014128,3.3851,0.17762
-0.63067,-2.9854,-0.57679,-0.47006,-2.7317,0.024681,1.043,0.1537
-0.67979,-4.6772,-0.076334,-0.71371,-0.076293,0.046231,1.3064,0.098424
-0.67436,1.3429,-2.6066,0.35518,0.52056,0.047315,2.877,0.0026057
-0.84695,-0.71867,0.16709,0.29751,2.0997,-0.0031327,-0.97239,-0.022268
-0.70177,3.1697,-0.40639,-0.49287,3.2791,-0.098984,2.0747,-0.1177
-0.64832,-5.9028,0.48609,-0.79678,2.5557,0.0071096,-0.6045,-0.15362
-0.64,2.0446,0.14167,-0.3611,5.0659,-0.071954,2.623,-0.12161
-0.53878,-2.3474,1.8829,-0.3298,-3.3199,0.046545,-0.37634,-0.10008
-0.52335,2.7325,-0.73519,0.59569,3.163,0.062537,4.0038,-0.059042
-0.65079,-1.9626,1.5476,0.23259,-4.5508,0.074314,1.5221,0.010053
-0.6363,-2.8432,-0.981,0.32818,-1.0002,-0.036927,-1.8245,-0.055148
-0.70641,2.0924,1.9092,0.0054808,1.6891,-0.12317,1.7659,0.18317
-0.70825,-3.3181,-0.91271,-0.84879,6.0798,0.29146,-3.0672,0.16793
-0.5569,4.344,-0.20363,-1.4923,6.8015,0.17871,1.0493,0.15039
-0.60252,-1.8975,0.89433,0.036266,-5.762,0.053649,-0.035975,0.12461
-0.55292,2.5889,-0.60508,-0.46196,1.1032,0.0020526,4.1786,0.039429
-0.45219,0.14195,-0.85641,0.28037,-7.535,0.065445,0.43013,-0.0090764
-0.56531,-1.6127,-1.1676,-0.68747,2.5244,-0.44132,-2.8867,-0.036165
-0.5992,3.2018,-0.28181,-0.85034,0.17107,-0.080804,1.8337,-0.08063
-0.65082,-2.1806,0.50616,-0.79538,6.2749,0.31673,1.4292,-0.094721
4.4849,4.7478,1.3362,0.6685,1.6563,-0.15814,0.41501,-0.10969
4.4689,-0.7582,-1.0621,-0.30136,-1.5097,0.059316,0.88766,-0.05325
4.4456,3.375,-0.39116,0.62291,2.2211,0.034872,3.8133,0.024315
-0.67268,-4.0243,-1.7577,-0.072005,-2.7519,0.023153,0.63541,-0.011729
-0.42324,-1.4161,-0.47441,0.15858,-3.3867,0.024187,2.5207,0.19327
-0.55835,-0.48772,-0.41441,0.56799,-1.4515,0.035218,1.7372,0.10358
-0.66504,0.59182,-0.99834,-0.16552,-1.3164,0.037978,0.6088,0.15708
-0.65282,2.8749,1.2179,0.67233,1.077,-0.00064275,1.9798,0.10071
-0.84786,-3.6527,1.3969,0.35799,0.039104,0.06814,-2.1114,0.14698
-0.72327,4.1708,1.4051,0.43775,4.4336,-0.10258,0.73534,0.015407
-0.63527,-2.8317,0.89837,0.50009,0.071441,0.030392,-2.9642,-0.031492
-0.63219,5.3509,1.1711,-0.17119,5.5878,0.21856,3.0724,-0.10494
-0.26806,-0.96054,0.33327,0.28674,-4.6777,0.048932,-0.14498,-0.14865
-0.54999,0.037939,-1.059,-0.98094,-3.0438,0.016267,1.0089,-0.13335
-0.60536,-0.0094043,1.4476,0.38148,-1.8584,-0.029977,1.6604,-0.11139
-0.61845,-4.8494,0.097577,0.49445,6.0864,0.21854,-3.0542,-0.039986
-0.72044,1.8756,1.9292,-0.49597,4.9122,-0.2506,-0.36958,0.002484
-0.77627,-3.0079,0.18032,-1.2654,2.5125,0.052783,0.77249,0.087131
-0.63176,2.8743,-0.87834,-0.35577,5.5802,0.24868,6.0789,-0.020807
-0.59593,-2.4875,-0.8535,0.39984,-6.9782,0.034204,0.24208,0.16562
-0.58796,-1.3991,-2.1061,-0.35008,-3.751,-0.051444,1.211,0.074183
-0.4156,0.88896,-0.6805,-0.27481,-4.9021,-0.042048,0.75933,0.14306
4.4968,-2.8301,-0.53487,0.089319,7.2072,0.078325,-3.2515,0.024485
4.4588,5.2941,1.6366,0.46796,-2.781,-0.21588,-1.3408,0.026481
4.4218,0.53583,-0.69754,-0.4133,5.2457,0.035,-2.1206,-0.055708
-0.81859,7.1767,0.97861,0.71982,1.4304,-0.084224,1.4637,-0.12743
-0.65714,-2.1989,-0.75564,-0.28233,1.971,0.01087,0.53131,-0.1369
-0.66192,2.9906,0.34632,0.27265,0.81328,-0.0086004,2.8534,-0.11353
-0.65717,-1.9959,0.025994,0.98946,-2.6079,0.027164,0.35654,-0.063155
-0.43029,1.3296,0.29719,0.5659,-1.0819,0.023532,2.1017,0.11424
-0.59944,-2.1704,-0.21299,-0.2618,-3.4666,3.7505e-05,0.27646,0.14695
-0.65374,-3.0853,0.33945,-0.31442,-1.2188,0.06581,-0.11082,0.16141
-0.64519,1.1372,0.49151,-0.16976,1.2063,-0.028058,2.2116,0.16165
-0.97725,-5.5283,1.3934,0.29759,2.9518,-0.0069768,-1.9914,0.1545
-0.69308,4.6748,1.3106,-0.38684,4.8966,-0.099094,1.6867,0.1619
-0.62335,-1.7828,2.3513,0.48668,-1.9743,0.019328,-0.71994,0.037798
-0.62338,5.2363,-0.55044,-0.38601,3.3523,0.0035735,4.145,0.012487
-0.33576,0.15725,0.5781,1.2715,-7.1902,-0.015435,-0.6017,-0.056803
-0.54332,0.28689,-1.3059,-0.41837,-3.6434,-0.076619,-1.3712,-0.079218
-0.74971,1.0071,2.554,0.38405,-2.5806,-0.080842,1.464,-0.14109
-0.60903,-1.8755,-0.99238,-0.2036,7.5233,0.43114,-2.42,-0.10438
-0.75922,2.9464,1.3785,0.0062644,4.8473,-0.30237,-1.1717,-0.096401
-0.79317,-1.8491,-1.8973,-0.65348,-4.3316,0.061421,-0.51243,-0.085643
-0.63993,1.753,-1.2554,0.50342,1.7486,0.027633,4.0257,0.01548
-0.59288,-4.3634,-2.2177,-0.36068,-5.7603,0.055671,0.93662,0.087983
4.4978,-1.9033,-3.3299,-0.81337,2.0233,-0.12458,1.543,-0.027062
4.4884,-0.74714,-2.4801,0.5181,-4.1518,-0.029733,0.53447,0.23338
4.4282,-5.65,-2.1806,-0.65211,5.1656,0.087392,-2.1893,0.13323
-0.67692,4.6793,0.57804,-0.46015,-1.0451,-0.10831,1.1053,0.12632
-0.66875,-0.62619,-0.0052909,-0.6034,4.5722,0.034294,-0.23013,0.017549
-0.68762,4.8447,0.37325,0.4716,2.6596,-0.16322,0.53099,-0.0042089
-0.68625,-4.3336,0.062328,-0.32357,1.8809,0.031631,-1.1741,-0.0854
-0.64838,3.9175,0.24363,-0.010114,3.8489,-0.018535,2.7653,-0.14861
-0.63299,-1.5497,2.308,-0.36342,-5.0988,-0.045052,-0.13815,-0.13692
-0.49686,1.121,3.0602,0.60284,-1.7037,0.0063331,1.1946,-0.12823
-0.57043,0.16624,2.8255,-0.048202,-3.4155,0.030527,1.6978,-0.10884
-0.64158,-7.4557,1.5033,0.59223,3.4696,-0.092618,-4.0054,-0.036554
-0.6331,3.1541,1.2963,-0.53973,4.8047,-0.15487,0.43682,-0.01482
-0.90415,-4.3546,0.30284,0.0087244,2.006,0.041398,-1.5873,0.14917
-0.69616,3.6522,0.81794,-0.59206,6.4185,0.31277,4.8948,0.20522
-0.60046,-3.5726,2.3351,0.24812,-7.3598,0.037291,-1.3002,0.24238
-0.60234,2.0433,-0.44821,-0.75344,-3.8697,-0.029759,3.5845,0.10896
-0.24638,1.0506,0.44014,0.25927,-6.1954,0.037111,0.98527,0.066712
-0.46357,-0.26709,-1.3295,0.55177,6.4389,0.023667,-4.1581,0.01402
-0.66003,4.2775,1.2218,-0.50166,3.1947,-0.31156,-0.26027,-0.022316
-0.60142,-1.4358,-0.47789,-1.1193,3.4805,0.0319,3.3738,-0.084548
-0.73442,5.2552,1.1151,0.69397,4.0782,-0.027038,3.0613,-0.12013
4.4788,-1.1559,-3.1358,-0.99909,-3.8022,0.011319,2.041,-0.11631
4.4564,0.70806,-2.493,-0.1188,-0.44053,-0.032095,3.1596,-0.11183
4.4341,-3.5611,-2.6822,-0.21183,-3.0363,0.039768,0.82977,-0.055294
-0.67783,-4.2736,-0.93609,-0.81332,-0.34167,-0.043216,0.35984,-0.016694
-0.49069,-0.53027,-3.0987,0.51091,-0.33829,-0.0074068,2.0221,0.086401
-0.63646,-3.5494,-2.6374,-0.34448,2.31,0.024334,-0.9536,0.12417
-0.67975,2.8995,-1.0971,-0.38505,2.2352,-0.079661,2.0275,0.16445
-0.67115,-6.2093,-1.3183,-1.1528,3.9618,0.013803,-1.0359,0.2308
-0.90774,3.8975,-0.80853,0.36179,4.1377,-0.21929,2.4982,0.18307
-0.69817,-0.66712,0.41747,0.39146,-2.7995,-0.0043521,-1.4819,0.098959
-0.6443,5.8565,0.039896,0.8909,2.0362,0.030893,3.5908,0.0049665
-0.63138,0.68865,2.5377,0.088381,-6.1013,-0.03135,0.068304,-0.093845
-0.35866,-1.9118,1.0674,0.40014,-3.1214,-0.074694,-2.6593,-0.1214
-0.56762,3.9062,2.8553,0.31199,0.35067,-0.14744,1.3969,-0.098616
-0.64616,-3.9056,0.64593,-0.64227,5.6465,0.26824,-2.7027,-0.15167
-0.63132,3.4583,0.79504,-0.88007,5.9018,-0.069105,0.35285,-0.083453
-0.78395,-4.9795,0.90106,0.032675,-6.1903,0.043227,-1.0111,-0.015015
-0.72154,2.0451,-1.6721,-0.75223,0.82637,0.040975,4.1992,0.046195
-0.52363,-1.812,-0.59136,0.20762,-7.7768,-0.0037039,0.58453,-0.02088
-0.59886,-2.7671,-2.2152,-0.75821,0.19879,-0.1333,-1.7341,0.15817
-0.53945,3.3906,-0.83849,-0.46675,-2.2287,-0.067404,2.0661,0.038261
-0.45187,-1.1586,-2.3597,-0.50323,6.2004,0.35084,-0.34446,0.17324
-0.95481,5.5558,0.26447,-0.15002,1.3884,-0.15737,-0.040939,0.11093
4.4653,0.27853,-2.0022,-1.5562,0.053754,0.0025467,2.1648,0.02524
4.4259,6.6728,-0.72454,0.87353,-0.6923,0.021305,2.2377,-0.0094902
-0.70637,0.35083,-0.29029,-0.012092,-2.8678,0.014907,0.73367,-0.079486
-0.64909,-0.64087,-0.80137,0.010234,-3.5752,0.023493,1.3803,-0.12943
-0.6731,-1.8086,-0.13291,-0.10663,-2.1339,-0.0034985,0.55349,-0.11607
-0.6737,-0.28527,-1.3021,-0.33641,-0.16619,0.040429,0.1882,-0.074691
-0.46438,1.3586,0.32272,0.083333,0.59532,-0.00074543,1.9755,-0.019712
-0.58993,-6.398,0.2217,-0.57111,1.819,0.056216,-1.6975,0.10731
-0.66599,1.1915,-0.2384,0.22126,4.8296,-0.057758,0.71077,0.084576
-0.66033,-5.1087,-1.5738,0.13378,-0.23687,0.066548,-1.1502,0.16216
-0.79867,4.4381,-1.4005,0.23994,4.2142,0.035597,3.112,0.12077
-0.76283,-1.5854,0.98262,0.22456,-5.8855,0.022993,-0.93098,0.16757
-0.63522,0.64864,-0.20956,-0.78654,-4.567,0.020118,0.85636,0.038967
-0.63478,3.5568,3.305,0.70494,-3.2442,0.023712,0.89369,0.083894
-0.57831,-4.0981,0.66833,0.58163,5.3165,0.16164,-4.1386,-0.0020915
-0.59501,5.5708,1.3311,-0.64983,4.329,-0.33943,0.21814,-0.052471
-0.62376,-3.1621,0.48881,-1.1736,-0.088239,0.078851,-1.1385,-0.111
-0.61906,3.0603,-0.026317,-0.79924,4.9339,0.12146,6.8037,-0.11899
-0.66867,-1.4894,-0.23151,-0.24988,-8.6949,-0.0042815,-0.76,-0.1119
-0.73315,-1.9162,-2.9438,-1.1468,-5.1881,-0.02929,0.4087,-0.12361
-0.63322,-0.31044,-1.527,0.65477,-3.0246,-0.0054944,1.5182,-0.080654
-0.59959,-6.2559,-3.3762,-0.56388,7.4012,0.34754,-2.5341,0.046317
4.5092,3.9427,0.70503,-0.4037,-1.4411,-0.071556,0.15885,-0.05471
4.4939,-2.8332,-0.54124,-0.76601,3.6303,-0.022911,1.2028,0.23686
4.4551,5.7214,0.7637,0.81915,-0.46291,-0.011463,1.8657,0.17555
-0.67941,0.10454,-1.231,0.87392,-1.4667,0.069436,0.25996,0.17012
-0.67092,4.1814,-0.48806,-0.1692,-1.1584,0.017236,1.7899,0.012779
-0.83876,-1.8543,1.41,-0.34559,-2.7398,0.01782,0.3735,0.024485
-0.65011,2.4897,0.21825,0.12912,-1.5957,-0.0012203,1.6053,-0.00070421
-0.65428,1.4305,0.20399,0.45147,-0.53795,0.04942,2.1776,-0.088953
-0.64653,-0.96681,1.6162,0.7201,-0.26688,-0.015961,-2.1392,-0.112
-0.44298,2.53,1.1114,-0.36146,3.7368,-0.0852,2.1154,-0.15493
-0.63199,-5.9637,2.8088,0.60347,2.1507,0.030084,-1.1481,-0.1406
-0.63753,1.7069,0.6592,0.17794,5.8605,0.17322,2.8381,-0.021197
-0.62872,-4.2575,3.2269,0.12424,-4.5927,0.074352,-0.75864,-0.067366
-0.86359,2.4073,-1.8609,-0.51208,1.4879,0.072722,4.2444,0.0022893
-0.74803,-0.89416,0.67126,0.63582,-5.0065,0.070662,0.25645,0.12503
-0.60955,-3.5845,-2.4616,-0.44046,0.68421,-0.070131,-3.2937,0.15455
-0.61656,2.0729,2.8773,0.075349,0.072944,-0.081747,1.5209,0.12763
-0.25435,-2.1862,-1.6178,-0.57038,6.7492,0.41115,-0.1554,0.11541
-0.45521,4.8247,1.6341,0.42288,5.7303,-0.018785,1.0279,0.025508
-0.61843,-0.81697,-1.5151,-0.0015137,-6.463,0.060978,-1.1425,0.014312
-0.6028,0.55205,-0.71307,0.41413,-1.4095,-0.022295,3.4207,-0.019955
-0.93303,-0.092107,-0.39883,-0.071844,-5.9965,0.017467,0.15511,-0.10368
-0.7705,-2.4439,-1.284,-0.46831,5.1496,0.0062946,-1.9094,-0.10426
4.465,0.98014,-1.3659,0.3769,-3.0058,-0.010372,0.25743,-0.14028
4.4426,-7.9436,-2.9937,-1.0471,5.5001,0.087405,-2.8517,-0.08338
-0.66714,5.1276,0.76543,0.034833,-0.21913,-0.097534,0.53037,-0.037649
-0.37875,-2.069,-2.0999,-0.67233,4.8767,0.097211,1.2655,0.021711
-0.70324,3.4678,-1.3916,0.67019,2.6132,-0.036555,1.1691,0.044321
-0.66447,-5.5087,-0.8749,0.038212,0.18794,-0.032217,-2.3571,0.051866
-0.65854,3.623,0.54821,0.22993,0.28946,-0.028071,2.2566,0.21491
-0.84646,0.61422,1.2895,-0.044181,-4.7317,-0.029887,0.10865,0.23216
-0.65133,2.4689,2.1679,0.009919,-1.5657,0.039704,-0.20922,0.15484
-0.63529,2.9914,2.0564,0.14588,-1.957,-0.016301,1.3944,0.10186
-0.61666,-4.4542,1.167,0.19531,2.3467,0.019123,-3.3987,-0.022097
-0.27765,5.3776,2.0978,-0.10181,3.6415,-0.34286,0.1911,-0.068461
-0.5925,-2.0989,1.2618,0.68643,1.8025,0.054458,-1.0157,-0.086495
-0.62177,5.5479,2.108,-0.068678,5.8841,0.31864,5.0991,-0.13298
-0.62182,-4.0872,2.4418,0.16643,-6.7503,0.073884,-0.77762,-0.14469
-0.90086,0.66913,-2.3834,-0.46972,-4.1098,-0.0080485,2.4622,-0.072087
-0.69244,-2.1021,1.6964,1.5031,-5.8185,-0.0032418,0.81715,-0.0092955
-0.58252,-2.436,-1.7231,0.67847,6.8141,0.19755,-4.5121,-0.0035274
-0.59483,1.7052,0.32226,-0.3361,3.4489,-0.43853,-3.2419,-0.017911
-0.3872,-0.96916,-1.986,-1.1941,2.0032,0.062204,0.8327,0.020007
-0.40888,4.1326,0.1592,1.1925,4.1559,0.029423,2.7678,0.13384
-0.665,-1.7615,-2.2383,-0.47998,-5.8948,-0.0066431,0.13984,0.15408
4.4922,2.0031,-2.5126,-0.1702,0.085506,-0.024471,2.3025,0.04179
4.4485,0.31778,-2.2772,-0.89889,-3.3759,0.021684,0.75098,0.037774
4.409,-4.3133,-1.7252,-1.0999,0.49001,-0.028585,-0.083876,-0.039377
-0.72008,1.5359,0.20283,1.068,-1.5262,-0.003582,1.8611,-0.097691
-0.66623,-2.3233,-1.1546,-1.0086,4.3949,0.058636,-2.3531,-0.12402
-0.66065,4.4506,0.070628,-0.34013,1.9271,-0.09962,0.3482,-0.061306
-0.56964,-5.5322,-1.0523,-0.8331,3.7811,0.04745,-0.80625,-0.092312
-0.60824,2.0148,-0.56467,0.093128,4.4701,-0.056565,1.9994,0.012341
-0.65861,-4.5618,-0.17837,-0.048041,-2.2809,0.022499,-1.0489,0.16832
-0.65559,2.9232,-0.086375,0.52978,0.575,0.0099461,2.1631,0.097864
-0.86905,-0.55049,2.0498,0.33905,-6.4422,0.0037661,-0.54669,0.15019
-0.70044,-3.5409,0.70877,0.56254,-2.9162,-0.0044932,-2.0598,0.16399
-0.62678,4.2928,1.2465,1.3406,-0.9224,-0.1439,0.62076,0.11806
-0.61736,-4.2001,1.5016,0.12373,5.6436,0.21854,-3.644,0.07411
-0.41981,6.5866,1.6603,-1.0948,5.6384,-0.11253,-0.844,0.064035
-0.5884,-2.2264,0.96455,0.24315,-4.976,0.01526,-0.15401,-0.0061072
-0.61736,5.1643,0.18962,-0.37061,2.6843,0.010864,4.8467,-0.064542
-0.61948,-2.2995,0.43571,0.050293,-8.5617,0.031368,-0.55767,-0.11222
-0.78096,0.45512,-0.8308,-0.084099,-3.6234,-0.10156,-1.2402,-0.097934
-0.58804,2.2232,0.13772,0.32982,-1.6017,-0.020614,2.362,-0.11061
-0.56064,-3.348,-2.4154,-1.1455,6.6284,0.3244,-0.56367,-0.095671
-0.58728,1.5745,0.46145,0.082061,1.4259,-0.10869,0.52016,0.03921
-1.0068,-1.3144,-1.3168,-0.49301,-3.0246,0.029629,0.7747,-0.029593
4.5048,4.0314,0.22714,0.93176,-1.4066,0.0088487,2.5471,0.14379
4.4733,-2.1347,-1.7492,-0.39639,-2.7081,0.030489,2.0918,0.19831
-0.67469,-1.0505,-1.2967,-0.58754,-2.1476,-0.0071693,2.3338,0.1794
-0.6731,-1.1529,-1.78,-0.071632,-2.7929,-0.0052248,0.61206,0.030278
-0.75215,-0.68418,-2.2011,-0.24808,-1.2309,0.039152,0.37769,0.091171
-0.59821,2.5753,-1.7864,0.098972,-0.63977,-0.023297,1.0976,0.032906
-0.64274,-2.1509,1.5341,0.25502,0.39604,0.015683,-1.5082,-0.080435
-0.64566,2.7335,1.3534,0.46443,4.1584,-0.11069,0.68538,-0.080752
-0.52991,-4.3577,1.4052,0.25552,1.7503,0.026831,-1.6882,-0.14719
-0.57242,2.6358,0.3711,0.32718,4.8943,0.095382,1.5966,-0.13938
-0.63259,-2.4602,0.85194,-0.4076,-5.8154,0.026875,-0.66462,-0.12639
-0.63558,0.43922,-1.4325,-0.61823,1.0197,0.082778,2.8888,-0.073913
-0.78108,2.148,2.1736,0.23991,-3.7832,0.0093493,1.8401,-0.06116
-0.68857,-6.4252,-0.57963,0.8436,3.6575,-0.083589,-4.124,0.097158
-0.60558,3.3137,2.2572,-0.63963,3.8575,-0.31683,0.16848,0.17066
-0.60906,-3.663,0.026842,-0.69524,4.0752,0.040448,-1.3115,0.06126
-0.50647,5.0581,0.084601,-0.49727,5.7422,0.23385,3.2645,0.13023
-0.49438,-0.16148,-1.1754,0.11164,-7.4377,0.019348,-1.0718,0.048921
-0.59425,-0.19318,-2.3535,-1.0705,-5.33,-0.02363,1.8647,0.052888
-0.59818,2.9158,1.0027,0.22479,-5.0938,0.028903,1.0304,-0.0074701
-0.52548,-3.3456,-1.4678,-1.0168,6.6259,0.075135,-3.5173,-0.054053
-0.59088,3.2288,1.6449,-0.012394,-1.5449,-0.16919,-0.846,-0.10295
4.4704,-1.5032,0.85973,-0.29104,3.7547,-0.003537,-0.44298,-0.080946
4.4442,4.0085,0.5883,0.70356,1.7484,-0.024214,1.0636,-0.1671
4.4217,0.75784,-0.33938,0.44704,-1.8337,0.014804,-0.55258,-0.064056
-0.5122,2.518,-0.93505,0.053203,0.63204,-0.023733,1.5124,-0.064542
-0.6044,-6.0018,0.40671,-0.078505,-3.4263,-0.011386,0.36882,0.060919
-0.66142,1.0546,-0.46609,-0.058555,-2.9404,0.048631,0.73386,-0.0043792
-0.64772,0.65844,0.36648,-0.28897,-0.34133,-0.031659,0.84843,0.069048
-0.75284,-1.2221,-0.79297,-0.36926,-2.7681,0.013707,-0.33184,0.28359
-0.63721,2.9211,0.58909,-0.10665,2.7663,-0.014594,1.8976,0.28089
-0.63258,-5.4442,0.92364,-0.19913,1.8388,0.070803,-1.0967,0.19896
-0.63023,5.7526,1.4715,0.049368,5.0983,-0.00020636,1.1687,0.0076437
-0.41096,-1.5463,2.2994,-0.29657,-2.9781,-0.0004759,-0.57216,0.00392
-0.60404,6.7129,-0.3544,-0.31884,3.6817,0.071143,3.1507,-0.086812
-0.61673,0.43267,0.59567,1.2756,-5.4462,-0.015897,0.53446,-0.13855
-0.61844,-3.1548,-0.25929,-0.29507,-3.1412,-0.016025,-2.0787,-0.1388
-0.73788,1.5684,2.2997,0.26746,0.16794,-0.066178,1.0903,-0.14654
-0.76701,-4.5668,-0.95232,-0.17599,6.7701,0.39082,-1.7967,-0.082942
-0.58941,0.51622,0.57479,0.0009912,6.0209,0.037734,-0.25597,-0.028912
-0.60036,-2.1992,-1.7765,-0.80457,-5.8241,0.026279,-0.96968,-0.03524
-0.32186,-0.02858,-1.6106,-0.45405,-0.98132,0.040173,2.7844,0.0074003
-0.51781,-0.97668,-2.019,-0.36557,-5.2849,0.059464,0.72692,0.14956
-0.59117,-2.6802,-2.2301,-0.88714,4.5699,-0.047125,-1.0871,0.19276
4.5096,0.65146,-1.3633,0.0013445,-3.2432,-0.029836,0.33247,0.030448
4.4675,-3.9066,-1.6046,-0.70065,6.734,0.29379,-2.4975,0.060067
4.4296,6.8647,0.71342,0.089447,-0.44292,-0.17933,-0.23362,0.034099
-0.74406,1.9325,-0.10123,-0.45074,4.2949,0.077195,0.85627,-0.044926
-0.66817,6.2126,0.5415,0.83355,2.1521,-0.044288,2.871,-0.095354
-0.65485,-2.905,0.42313,0.11351,-2.1633,-0.038634,-0.086656,-0.080776
-0.48933,2.4513,1.6569,0.11925,-2.4534,0.0084252,1.4426,-0.13736
-0.65868,-2.3439,0.24925,-0.12842,-1.4649,0.017256,1.034,-0.065857
-0.64759,1.4684,0.36067,0.24452,-0.42396,0.017378,0.99007,0.011757
-0.6472,0.86559,1.8655,0.25502,-0.90926,0.024828,1.9731,0.023147
-0.88016,-9.0109,2.3045,-0.062782,2.4705,0.0047865,-3.0051,0.071993
-0.70154,3.8711,1.1444,-0.54962,4.299,-0.12263,1.0306,0.24937
-0.62444,-4.6907,2.7057,0.73664,1.1728,0.049574,0.29708,0.19624
-0.61784,6.1146,0.078536,0.42672,4.6162,0.14613,4.7143,0.028915
-0.33134,-0.69477,0.54545,0.5364,-6.3922,0.020124,-0.97343,0.18
-0.58823,1.564,-0.52924,-1.2662,-4.4096,0.054631,0.62735,0.066785
-0.61952,1.4727,1.8443,0.65467,-5.1616,0.027954,0.42277,-0.030542
-0.61274,-1.9101,-0.75762,0.56428,7.4848,0.39136,-5.1196,-0.060624
-0.86025,4.5592,2.3095,-0.25127,4.1608,-0.32667,0.17906,-0.081579
-0.63764,-2.4547,-0.56773,-1.2522,0.11211,0.072061,1.1494,-0.1424
-0.60048,4.9109,0.01506,0.52028,3.3545,0.019778,4.483,-0.11149
-0.5892,-3.4522,-1.8894,-0.34459,-6.7739,0.072799,0.06359,-0.06279
-0.3617,-1.5074,-2.1414,-0.52389,-0.97589,0.016697,1.057,-0.0059855
4.5003,-1.867,-1.7981,-0.50026,-4.9729,-0.02526,0.44669,0.027844
4.4759,-9.574,-1.6521,-1.1289,4.2206,-0.023142,-1.0114,0.14299
-0.6156,2.4,-1.492,1.2765,-3.2522,-0.082703,0.44019,0.13649
-0.67321,-2.1014,-1.6046,-0.19136,5.0276,0.089241,-1.3417,0.09672
-0.91412,5.366,0.32717,0.48173,0.79976,-0.11437,0.54358,0.12831
-0.70136,-5.0545,-2.0466,-1.5535,3.7638,-0.010648,0.29839,0.051793
-0.65259,3.6232,-0.17745,-0.20102,2.139,-0.045071,2.7004,0.018352
-0.64891,0.50679,1.4516,0.38859,-1.26,-0.023065,-0.58129,-0.060308
-0.49309,4.9323,1.1664,1.1285,4.044,0.041097,2.4528,-0.10755
-0.62902,0.59589,1.7901,0.29583,-5.8232,-0.01145,0.56087,-0.16189
-0.64031,-6.0864,1.2896,-0.58331,-0.76513,0.020355,-2.4935,-0.13933
-0.64256,2.9358,2.5518,-0.36727,2.3759,-0.080784,2.4475,-0.14089
-0.78413,-4.5352,1.3414,0.32344,4.6366,0.10393,-2.2909,-0.0955
-0.67634,3.1698,1.7117,-0.60608,5.9953,0.061485,0.84505,0.046073
-0.61401,-3.7505,0.93214,-0.082506,-3.4368,0.013983,-0.59377,0.092705
-0.61093,2.3217,-1.0633,-0.97696,3.0137,0.073178,3.5969,0.073526
-0.2785,-1.6863,0.65734,0.71029,-7.6495,0.02135,-0.31597,0.22337
-0.44994,-0.94745,-0.9959,0.055727,2.9085,-0.21316,-2.1553,0.17183
-0.61273,2.8682,2.0933,1.0004,-1.4683,-0.094049,1.0972,0.039283
-0.6128,-1.413,-1.6046,-0.6126,6.3136,0.37669,-0.40656,0.028258
-0.82393,6.1188,1.4533,0.5682,2.5957,-0.30729,-0.35402,0.0038226
-0.65693,0.88049,-1.4454,-0.35829,-5.9786,-0.0037424,-0.11793,-0.070384
4.4684,3.9947,-1.2033,0.58801,-0.73092,-0.031851,3.1417,-0.06116
4.435,-3.2512,-1.1078,-0.72419,-3.7473,0.043445,0.9609,-0.13987
4.4109,-3.7587,-0.8982,-0.91332,-2.0855,-0.0078624,1.8238,-0.12381
-0.45556,-2.6332,-2.3564,0.73499,-3.8273,-0.051989,0.7631,-0.10234
-0.69046,-4.711,-1.1146,-0.36795,0.82217,-0.079963,-0.92895,0.003847
-0.67494,0.36427,-0.42071,-0.21562,1.0021,-0.10826,1.5791,0.03242
-0.6708,-4.6836,0.034692,-1.3178,2.0377,0.042188,-0.45561,0.035705
-0.78197,1.1991,-0.48854,0.074925,3.0655,-0.27341,0.59345,0.12593
-0.6286,-3.9346,-1.0216,0.59069,0.55124,0.010729,-1.0184,0.37695
-0.64192,4.9632,0.1387,0.2352,4.5089,0.0037853,1.7304,0.22656
-0.6472,-0.39895,0.88252,-0.35611,-6.7419,0.019316,-0.67661,0.013412
-0.45457,2.2881,-0.43028,0.26727,-5.5269,-0.057771,-1.2366,0.063231
-0.55128,2.4095,2.1552,-0.33977,-2.064,-0.06811,2.1869,-0.023022
-0.63522,-3.0611,-0.6336,0.42399,1.535,-0.065922,-5.0824,-0.068923
-0.63506,3.7629,2.009,-1.1237,5.0134,-0.41974,0.38842,-0.10772
-0.70684,-2.393,-0.76394,0.01807,0.13961,0.064617,-0.52135,-0.11998
-0.65718,2.8008,0.15523,-0.13972,5.1887,0.17026,5.5303,-0.11098
-0.60564,-3.4247,0.62115,-0.056333,-8.5516,0.012423,-0.95634,-0.06593
-0.61059,-1.7309,-1.5764,-0.4783,-5.9053,0.021928,1.0041,-0.082747
-0.42432,0.064031,0.11963,0.49394,-5.2619,-0.0092358,0.56339,0.10456
-0.51591,-4.8651,-2.3592,0.28989,6.236,0.12265,-3.8217,0.098862
-0.62175,2.5679,0.61627,-0.24812,0.80011,-0.2633,-0.77543,0.18833
-0.69569,-0.29609,-1.9833,-0.5693,1.797,0.052911,1.4984,0.17124
4.4814,7.024,-0.87662,1.5059,1.0462,0.01019,2.4722,0.15423
4.4404,0.72177,-0.3983,-1.4327,-0.95218,0.025701,0.98023,0.082239
-0.6911,4.1436,-0.47055,0.48869,-0.496,-0.010866,2.5126,0.0013645
-0.6704,-1.5618,1.011,-0.63269,-2.2308,0.020137,0.88467,-0.067901
-0.66263,-0.77317,0.38409,-0.76713,-1.326,0.005287,0.65255,-0.070505
-0.53416,2.1172,-0.8589,0.66243,-1.6649,0.037368,0.36236,-0.11178
-0.5785,-3.2307,-0.08448,0.11391,0.21463,0.028968,-0.95684,-0.12626
-0.65318,0.23581,1.2181,-0.18223,3.0512,-0.1183,1.8274,-0.063399
-0.65053,-4.8226,0.29943,-0.17929,2.4644,-0.0094026,-1.0916,-0.01555
-0.8586,3.0853,0.098598,0.63895,4.9013,-0.055384,1.558,0.062574
-0.65265,-4.0843,0.16132,0.19775,-4.5402,0.028441,-0.70623,0.07944
-0.62707,2.3261,-0.34119,0.16876,-0.41294,0.092623,2.122,0.18648
-0.62848,0.74697,0.62807,0.78096,-5.0988,0.010652,-0.29067,0.00594
-0.42806,-2.5042,0.93832,0.47763,-2.5389,-0.036786,-3.1807,0.15764
-0.57911,3.4859,2.7224,0.0014729,1.9101,-0.18693,0.1526,0.11943
-0.61949,-1.555,0.39638,-0.74414,5.6581,0.27165,-0.5084,0.045538
-0.6163,4.2309,0.66695,-0.24179,6.1587,0.24125,1.793,-0.020004
-0.84306,-0.88673,0.46609,-0.39991,-7.0608,-0.0089021,-1.2186,-0.069386
-0.72199,-0.014516,-0.013661,-0.5698,-3.6364,-0.0021573,2.6116,-0.094064
-0.59957,-0.42285,0.23986,0.029143,-5.443,0.071875,1.2083,-0.10606
-0.59928,-5.3104,-1.3719,-0.38675,5.3741,-0.015089,-1.4197,-0.080557
-0.30156,1.3463,0.68243,0.0039586,-3.2266,-0.13068,-0.77927,-0.04826
4.4848,-2.6638,-1.8212,-0.11248,5.7878,0.2445,-1.0796,-0.095038
4.4811,2.4025,-0.27078,0.97186,-0.27334,-0.12935,-0.055311,0.32238
4.4371,-0.96758,-0.84525,-1.0208,1.8085,-0.011321,-0.01633,0.081047
-0.84694,5.3627,0.49729,1.5903,-0.20086,-0.033487,1.4374,0.10064
-0.9571,-3.1267,-0.52138,0.15203,-3.5348,-0.0045446,-0.53856,0.19811
-0.73747,2.5224,0.4887,0.939,-1.1445,0.0092274,1.8136,0.075084
-0.66824,2.4946,0.2887,0.15436,-2.6643,-0.011328,-0.69996,0.069535
-0.65696,1.5172,1.0426,0.089216,-1.6876,0.072491,0.41487,-0.036238
-0.53653,3.4331,2.5417,0.23778,-1.1364,-0.098625,0.97792,-0.10054
-0.69739,-4.489,2.668,1.1503,3.1055,-0.046759,-2.5777,-0.15975
-0.6484,4.6364,1.8014,0.77388,5.08,-0.031216,-0.1207,-0.14235
-0.64835,-3.4373,1.2199,0.7909,-1.6091,-0.010558,-1.4543,-0.098348
-0.85823,4.8948,0.59909,-0.12826,4.5259,0.092449,3.1134,-0.1001
-0.69569,-2.6856,-0.47665,0.85435,-5.9055,0.050043,-0.86369,-0.057411
-0.62681,-1.9452,-1.4881,-0.87897,-4.4975,-0.021673,-0.45412,0.10105
-0.62241,0.4228,2.958,0.71353,-2.2868,-0.076119,0.93727,0.14014
-0.47085,-3.8069,-0.14366,0.1089,6.7804,0.3467,-4.5716,0.13792
-0.5703,3.1381,0.79713,-0.21642,5.7054,-0.1589,-1.3455,0.15012
-0.63549,-0.92645,-1.1959,-0.72897,-3.3901,0.056332,-1.0471,0.050259
-0.6195,3.1532,-0.72075,-0.47648,3.7723,0.0072058,5.5035,0.073526
-0.78793,0.12927,-0.96518,-0.12412,-7.3905,0.063686,0.48043,0.060579
-0.61895,-2.7565,-1.4586,-0.19403,0.95795,-0.11969,-0.32756,-0.028693
4.4776,2.2178,-0.90097,0.51279,-3.8177,-0.0055521,0.96678,-0.044439
4.4359,-4.7674,-1.4799,-1.9129,6.6637,0.19507,-2.7573,-0.12142
4.4112,4.5581,0.58038,-0.013788,-0.66408,-0.12886,0.76894,-0.13422
-0.57264,-1.2834,-1.4504,-0.50022,3.6567,0.0040228,0.28963,-0.16279
-0.76185,4.346,0.21268,0.56737,2.2442,-0.045771,1.5368,-0.093237
-0.6831,-6.9098,-0.97689,-0.47721,-1.4634,0.0069363,-1.1744,-0.035532
-0.91639,3.6448,0.40306,-0.075216,0.50439,-0.05385,0.68546,-0.030981
-0.87703,-2.592,0.034204,0.3022,-2.7989,-0.023175,-0.14868,0.43025
-0.70085,0.91823,-0.10513,0.10017,-1.6536,0.05148,0.94746,0.25428
-0.65481,1.2197,0.90859,0.30468,-2.1272,0.0034516,1.3822,0.21211
-0.65099,-3.7743,1.9656,0.7658,2.2898,0.024969,-2.2973,0.067612
-0.41838,5.098,0.80479,0.10256,4.7542,-0.077473,0.34639,0.082969
-0.61786,-2.5641,1.5522,1.3146,1.6178,0.057391,-1.7679,0.027722
-0.64457,5.8624,0.9388,-0.16986,5.8749,0.27204,3.366,-0.052593
-0.64588,-0.85783,1.5889,0.0009334,-6.2559,0.091641,-0.58653,-0.099565
-0.71629,2.2854,-1.0805,-1.1394,-3.7547,0.05028,2.0635,-0.14809
-0.66002,0.1128,0.85656,0.9818,-5.8043,0.056858,0.43447,-0.13778
-0.61952,-3.6255,0.27047,1.0568,5.8603,0.11858,-4.8809,-0.087298
-0.6139,1.3888,1.4308,-0.78041,4.4421,-0.22219,-0.47038,-0.063301
-0.31666,-2.0802,-2.0346,-1.6459,1.8594,0.045082,1.7456,-0.050524
-0.49625,3.4395,-0.0080469,0.88542,4.7017,0.10176,2.9027,0.030181
-0.62637,-1.8839,-2.7897,-0.69971,-6.9502,0.025521,-0.2033,0.11716
-0.61773,-0.22888,-2.6557,-0.14844,0.10095,0.037323,2.008,0.16445
4.4867,0.98049,-1.1528,-0.40137,-4.0622,-0.0069897,1.8103,0.053569
4.455,-5.9599,-2.703,-1.4621,4.3179,-0.014119,-1.5994,0.22138
4.4121,3.0816,-1.0941,-0.4,-1.487,-0.064465,1.0862,0.03809
-0.67584,-2.6103,-1.4091,-0.65372,5.4026,0.21271,-1.44,-0.020515
-0.68187,4.853,1.4836,0.25036,1.6711,-0.03042,0.49733,-0.069824
-0.51708,-4.2987,-0.26706,-0.63604,3.6843,0.038209,0.11496,-0.08484
-0.68246,2.9118,0.48041,0.093295,2.9853,-0.062456,1.9751,-0.13468
-0.66819,-3.9228,1.4434,0.355,-0.62328,0.011557,-0.69476,-0.13544
-0.67477,3.7594,1.2913,0.581,1.7531,0.023923,2.2478,-0.06391
-0.80272,-2.0331,1.2856,-0.013261,-4.8164,-0.02879,0.76601,0.17864
-0.66583,-3.1581,0.63529,0.57412,-1.4658,0.041308,-2.5048,0.051817
-0.63886,1.7349,1.8111,-0.99062,1.7636,-0.06243,1.0505,0.13685
-0.64286,-4.4986,0.82525,0.32898,5.2214,0.19897,-2.2145,0.041084
-0.35543,4.7747,1.882,-0.69776,6.3033,0.16319,0.11233,0.20101
-0.58048,-3.316,2.2036,0.25199,-3.1407,0.065072,-1.2216,0.17146
-0.63795,4.0595,-0.049135,-0.38,4.0843,0.070033,4.5593,0.12705
-0.63278,-0.785,1.3677,0.75032,-6.2159,0.026644,0.049982,0.017354
-0.80442,0.86126,-1.4608,-0.25437,-2.0683,0.0026558,-0.82549,-0.035361
-0.63414,2.425,0.16175,-0.038291,-0.44141,0.013007,2.664,-0.075032
-0.61151,-0.27676,-3.3142,-0.82208,7.4432,0.554,-1.1841,-0.09993
-0.60606,3.5384,1.0906,0.22908,4.6852,-0.0014064,0.13871,-0.12127
-0.27629,-3.3887,-2.7467,-1.4292,-3.9711,0.066253,0.18597,-0.055854
4.5615,2.8539,-1.1115,0.87488,1.5732,0.041071,2.4804,-0.093675
4.4815,-3.5175,-2.2073,-0.20805,-3.8123,0.044832,1.033,0.068561
4.4505,-2.2271,-1.4289,-0.88327,-0.30955,-0.014639,1.3247,0.093848
-0.72078,-1.7029,-0.45651,0.81333,-0.93166,-0.039077,1.9968,0.085403
-0.82533,-4.3868,-1.6652,-1.1305,1.5538,-0.030965,0.21046,0.15732
-0.67052,3.3063,-1.2107,0.04879,0.77135,-0.03008,2.0286,0.15574
-0.65647,-3.1938,-0.18671,-0.25446,3.5146,0.003458,-1.4097,0.10332
-0.65007,3.8041,0.80163,0.33885,3.1895,-0.16757,1.0449,0.033904
-0.43799,-3.2767,0.54341,0.25285,1.8581,0.039864,-1.919,-0.025699
-0.60622,5.0551,0.46101,0.57865,4.2966,0.012372,2.1589,-0.12271
-0.64369,-1.3945,2.1098,-0.063096,-5.837,-0.043922,-1.1674,-0.11972
-0.64009,3.5105,0.357,0.57464,-1.4344,-0.047901,1.4475,-0.085084
-0.82511,1.1757,2.8772,0.51225,-3.5439,-0.030548,1.6125,-0.13025
-0.64338,-6.9253,1.3262,-0.13766,2.6238,-0.15797,-5.4591,-0.072331
-0.61786,3.3412,1.028,-0.79249,5.083,-0.013253,1.1183,0.045732
-0.62153,-5.2246,0.53012,-0.57882,2.9836,0.0058967,0.36725,0.052328
-0.34308,4.1701,0.040891,-0.8978,5.6962,0.26278,4.8568,0.1261
-0.57581,-3.1037,0.041637,0.54848,-7.4627,-0.0057832,0.76716,0.14683
-0.61412,1.4256,-1.55,-0.41537,-4.9882,0.047168,2.8422,0.042471
-0.61051,0.14318,1.5601,0.195,-4.4081,-0.0084978,0.7199,0.099105
-0.80971,-0.60254,-0.20319,0.59495,6.8029,0.18638,-3.2529,0.048361
-0.66203,5.4608,1.9919,0.052683,0.11882,-0.18357,0.1328,0.009323
-0.59586,-1.9728,0.48001,-0.45554,3.8048,0.044601,1.914,-0.047798
4.457,4.6721,0.63448,0.62946,0.94967,0.021318,1.4018,-0.090341
4.4272,-0.5047,-1.1395,-0.16106,-0.3535,0.047052,2.1892,-0.12217
-0.57592,5.2655,-0.50506,0.74316,-0.72857,0.03072,1.4975,-0.12217
-0.67689,-5.0319,-0.59229,-0.69672,-2.9928,-0.018406,-0.27543,-0.10183
-0.66755,-2.7927,0.077797,-0.82553,-1.9456,-0.006226,0.69389,-0.052398
-0.82747,0.040488,-2.4954,0.99384,-0.93788,-0.048248,1.2848,-0.060502
-0.91469,-3.063,-1.1283,-0.10622,-0.73001,-0.026268,-1.5442,0.16105
-0.71264,0.39144,-1.0384,-0.1358,3.5061,-0.012643,2.015,0.27312
-0.64697,-4.6698,-0.051891,-0.69548,2.4168,-0.016751,-1.5542,0.16114
-0.63477,4.6818,-0.67544,0.41445,5.3925,-0.04586,1.5424,0.061795
-0.48025,-0.71934,0.31432,0.22527,-4.053,0.026702,-0.34397,0.12673
-0.61179,6.3098,-0.92673,0.49123,3.2637,-0.028276,3.2207,0.064813
-0.63298,0.8708,0.80723,0.53708,-5.2558,0.012186,0.27531,0.00058569
-0.62842,-2.7882,-0.58876,-0.095102,-2.9176,-0.069759,-2.3194,-0.063739
-0.86593,4.1393,2.6045,0.22098,0.79273,-0.14253,0.63067,-0.12322
-0.62145,-4.7499,-0.30443,-0.84567,5.9534,0.30248,-4.4426,-0.12994
-0.60899,3.119,0.38868,-0.32521,5.3946,-0.025286,0.15947,-0.1367
-0.60262,-3.888,-0.070893,-1.0394,-4.8881,-0.024201,-0.91706,-0.073182
-0.24903,1.5728,-1.4713,-0.42703,0.14367,0.019123,3.5156,-0.080362
-0.50674,-1.3799,-1.244,0.061752,-7.7997,-0.030484,1.3278,-0.012776
-0.61002,-4.9917,-1.4925,-0.16439,4.245,-0.044295,-1.1801,0.072163
-0.59611,2.5739,-0.58536,-0.056442,-2.0873,-0.016025,1.0782,0.10232
4.5172,-2.4766,-2.3296,-0.78892,5.9828,0.30747,-1.0764,0.046876
4.4821,4.8982,1.1562,0.17139,-0.37233,-0.14987,1.1548,0.1812
4.4405,2.0274,-0.13968,-0.39412,0.8702,-0.03961,0.75357,0.10784
-0.66883,7.0155,0.031345,0.27695,2.2125,0.014997,3.1625,0.01733
-0.42492,-1.3617,-0.059953,0.6987,-1.6255,-0.045122,0.62089,-0.049234
-0.60269,2.916,-0.12475,0.13474,-2.7977,0.019675,2.5959,-0.0854
-0.71557,-0.89007,1.5036,-0.005573,-1.1919,0.046333,0.57934,-0.1378
-0.65392,-0.86851,0.076943,-0.21078,-0.99154,-0.0024525,0.83086,-0.19687
-0.80214,1.7776,2.0762,0.073955,1.1687,-0.030754,2.5132,-0.080362
-0.84624,-6.663,1.3613,-0.0133,1.904,-0.0039863,-1.7489,0.032882
-0.68243,1.6888,0.20222,0.36693,4.9591,0.068557,1.0388,0.031957
-0.63431,-3.8649,0.60885,0.56621,0.54774,0.054291,-0.91971,0.10517
-0.62866,5.5366,-0.61034,0.39556,5.6442,0.36814,2.5584,0.022563
-0.33566,-1.0148,0.047804,0.61318,-5.613,0.051063,0.0045344,0.057074
-0.61959,-0.71478,-1.511,-1.0785,-3.9386,0.030232,-0.48912,0.21938
-0.63165,2.0489,1.8949,0.36437,-1.4825,-0.010391,1.3739,0.13444
-0.62475,-2.117,-0.82971,0.59737,6.6866,0.42371,-4.3442,0.043493
-0.75682,4.2859,1.3345,-0.35353,5.1203,-0.34259,-1.0602,0.00085341
-0.60223,-0.14732,0.12393,-0.74788,-1.2183,-0.018759,0.23914,-0.034144
-0.6035,0.63902,0.78323,-0.63443,4.3476,0.16735,5.9811,-0.11765
-0.59416,-1.2651,-0.87411,-0.79885,-6.7837,-0.0083758,0.66947,-0.091241
-0.54154,-3.3858,-1.2446,-0.5802,1.382,-0.12992,1.2475,-0.11356
-0.47906,-0.4435,-1.4038,-0.2198,-2.7618,0.0086562,1.8077,-0.078439
4.4838,-5.5511,-3.7547,-0.53841,6.9775,0.32155,-2.5105,-0.04719
4.4625,2.5732,0.36803,-0.38004,-0.28284,-0.1882,0.043123,0.014434
-0.81195,-1.8498,-1.4064,-0.64353,4.2327,0.092058,-0.11325,0.096891
-0.71262,5.7025,-0.55787,0.32819,2.3757,-0.068707,1.5702,0.1617
-0.58989,-2.6217,-1.1615,0.016477,0.55987,-0.022982,-0.24197,0.13612
-0.65752,4.4517,0.93567,0.30702,-0.76624,-0.018317,2.2258,0.055662
-0.65563,-0.78518,1.2131,0.38936,-3.0375,0.040108,1.1197,0.068294
-0.44838,4.0042,1.2887,-0.0003833,-1.7544,0.037753,0.88154,0.034975
-0.66441,2.9617,2.0528,0.63447,-1.845,0.031304,1.9165,-0.027938
-0.65204,-5.7331,1.6165,0.31763,0.42425,0.034692,-1.6363,-0.12991
-0.65687,4.9539,2.3205,0.25252,3.1658,-0.16319,0.37743,-0.08226
-0.65998,-3.4749,2.2478,0.92358,2.4277,-0.0092358,-0.90721,-0.14603
-0.65628,5.3484,1.772,0.72886,5.2827,0.26023,3.2773,-0.11536
-0.62363,-4.4489,2.5409,-0.54187,-5.4578,-0.0042494,-0.70764,-0.018325
-0.62848,2.1263,-2.3489,-1.6232,-2.4066,-0.0028568,1.1694,-0.01796
-0.34729,-1.8477,0.42998,0.85858,-5.0462,0.013675,0.92559,0.050405
-0.5011,-3.5307,-2.5026,0.55174,4.9711,0.046231,-3.9127,0.20836
-0.62789,1.4872,0.54225,-0.66394,3.7305,-0.21982,-0.84829,0.15825
-0.62233,-0.93376,-2.2169,-0.99262,3.6758,0.038113,2.3285,0.021151
-0.86666,4.3521,0.090832,0.2605,4.7096,0.1328,3.7441,0.045319
-0.66977,-0.92243,-1.4055,-0.21965,-6.4584,0.02031,-0.097605,0.088689
-0.59941,2.6235,-0.6986,0.016971,0.028925,-0.0046665,1.7539,0.0024597
4.4735,0.49416,-0.84193,0.088535,-4.6312,-0.027275,0.40006,-0.038963
4.4393,-6.6817,-1.0525,-1.1842,5.0219,0.10444,-2.0155,-0.11295
4.4107,1.0611,-1.6384,0.45054,-2.7199,-0.16183,0.16232,-0.14814
-0.69761,-3.989,-0.89312,0.090013,4.8454,0.12427,-1.68,-0.11468
-0.68036,4.1679,1.2458,0.5451,1.0964,-0.15871,1.5036,-0.082358
-0.75809,-5.1792,-1.5928,-0.434,3.7502,0.02024,-0.89803,-0.020637
-0.75852,2.1007,-1.6127,0.16435,2.6111,-0.082357,1.9145,0.040768
-0.64609,-4.3781,0.16793,0.5394,-1.3035,-0.0029402,-1.5461,0.083602
-0.64617,1.3327,0.091249,0.22735,3.269,-0.026999,2.2762,0.25112
-0.64371,0.11573,1.0931,-0.056802,-6.4944,-0.061237,-0.53736,0.087788
-0.39327,0.42867,1.371,0.47037,0.30274,-0.019067,-1.8329,0.16759
-0.58526,3.2861,1.7016,-0.017333,0.73076,-0.051951,1.8414,0.20252
-0.64035,-2.9123,2.1266,0.084026,5.1769,0.23829,-3.9585,0.06036
-0.63233,6.4384,1.6133,-0.83468,5.6445,0.061588,0.51825,-0.040691
-0.83743,-2.6053,2.6449,0.18739,-2.4726,0.0448,-0.030767,-0.097472
-0.65211,5.3319,1.1821,-0.16446,3.831,0.082175,4.3566,-0.12875
-0.6116,-2.7591,2.1322,0.48353,-7.6361,-0.021294,-0.72523,-0.12775
-0.60933,-1.0434,-0.55704,0.038045,-2.4859,-0.10303,-0.82649,-0.11047
-0.29939,1.211,1.1443,0.70725,-2.6088,-0.04373,1.827,-0.10582
-0.55186,-3.0726,-2.5156,-0.64062,6.7094,0.45756,-1.9332,0.011513
-0.60872,3.2016,0.26979,0.66623,3.3449,-0.39365,-1.6121,0.01329
-0.60356,-3.8386,-3.4151,-0.8489,-3.1516,0.008053,-0.27226,0.14554
-0.74354,3.3964,-1.7017,0.45938,0.088666,0.022967,2.8547,0.17256
4.497,-0.57039,-2.6818,-0.19668,-4.1244,-0.00022561,0.66641,0.14269
4.4599,-2.0074,-4.3249,-0.85525,0.12073,-0.036176,2.2841,0.15749
-0.65854,-1.1001,-1.8655,-0.38562,-1.8359,-0.032127,1.3786,0.06771
-0.39258,-2.8371,-1.3922,-0.55804,1.9396,-0.066711,-0.32436,-0.0080543
-0.60879,5.0543,-0.67529,0.21216,0.34403,-0.052772,1.6057,-0.047482
-0.63592,-2.0552,0.5565,-0.62856,3.6611,0.084633,-0.52986,-0.080532
-0.65509,2.0892,0.74109,0.37887,3.761,-0.11847,0.74821,-0.15486
-0.76678,-6.0433,-0.66065,-0.39038,2.5396,-0.021628,-1.2734,-0.093115
-0.80277,1.1208,-0.079142,0.18833,4.6237,0.16277,2.0655,-0.058726
-0.70135,-2.2764,1.1849,0.054237,-6.2536,-0.050648,-0.82999,-0.036895
-0.63438,0.7506,0.65707,0.58483,0.35918,-0.051418,0.5661,0.022538
-0.62317,1.8117,2.5536,-0.14662,-2.9985,-0.011552,1.4069,0.018231
-0.51568,-4.2698,1.0647,1.1693,3.4482,-0.064234,-4.4324,0.022344
-0.59947,4.206,1.666,-0.086636,4.5464,-0.17965,-0.49016,0.16494
-0.62736,-3.0312,0.62925,0.29572,2.529,-0.014646,0.098371,0.16331
-0.61671,5.7874,0.86601,0.017588,5.8666,0.29646,4.2252,0.072163
-0.84361,-1.4699,0.6873,0.32932,-7.9161,0.025188,-0.28381,0.065665
-0.60437,2.3996,-0.65261,-0.3391,-4.4817,-0.024991,2.9523,-0.038258
-0.59987,1.057,-0.25453,0.61504,-5.6687,0.029988,0.45264,-0.064153
-0.59455,-1.2832,-0.82927,0.58704,6.4157,0.11832,-4.2305,-0.074521
-0.46359,4.2495,0.21561,-0.29983,1.9461,-0.4091,-1.0572,-0.12261
-0.52035,-2.941,-1.3131,-0.72471,1.4457,-0.026602,1.5261,-0.1165
4.4798,4.9397,0.80299,0.96633,1.1585,-0.054094,1.7227,-0.11682
4.4655,-3.5084,-1.521,-0.18531,-3.0045,-0.033558,0.86184,0.089687
4.4327,2.1959,-1.7888,-0.034007,-1.1245,0.035039,1.7579,0.092583
-0.82542,-4.3721,-1.3225,-0.47665,-2.9603,-0.012862,-0.045961,0.13352
-0.64136,-3.5827,-2.0372,-0.60356,-3.5835,-0.013138,-0.20478,0.28663
-0.66728,1.0332,-2.2466,0.44415,0.26148,-0.0098519,2.2739,0.12203
-0.41362,-2.3054,-1.8706,0.045406,0.17117,0.010697,-1.278,0.081753
-0.55029,2.7382,0.67321,-0.51529,2.5991,-0.15438,1.5698,0.075352
-0.70501,-4.1163,-0.5204,-0.70212,1.5708,-0.020069,-1.5513,-0.041227
-0.65616,4.251,0.31305,-0.10575,4.5724,0.0061085,0.58821,-0.091825
-0.67549,-0.68165,2.0022,-0.1126,-5.876,-0.035548,-0.27399,-0.073061
-0.77233,4.4223,0.73295,0.13901,0.37581,0.042438,1.8639,-0.14994
-0.69621,-0.99072,2.7084,0.61409,-5.4133,-0.0035563,0.29984,-0.14371
-0.63554,-4.9549,0.34384,0.016971,-3.7822,-0.080772,-4.4016,-0.086739
-0.62826,2.7864,3.2537,0.39323,1.8646,-0.24249,1.4838,-0.030664
-0.49085,-3.7857,-0.49158,-0.71427,4.632,0.18609,-1.5942,0.062161
-0.53421,2.998,0.40407,-0.71319,5.5914,0.075251,0.70316,0.10874
-0.6307,-3.3011,-1.4631,0.33895,-8.0561,-0.014466,-1.6574,0.14961
-0.62309,1.6784,-2.495,-0.94557,-3.3024,0.036906,3.4851,-0.024555
-0.92022,-0.47836,0.61197,-0.19353,-6.5189,-0.011238,1.3544,0.14875
-0.65325,-4.1577,-1.4691,-0.97594,3.8182,-0.24838,-2.8296,0.10658
-0.60372,3.1582,0.17856,-0.033262,-1.036,-0.15666,0.51178,0.032809
4.4708,-0.69313,-1.3106,-0.92915,5.7989,0.31135,0.75184,-0.039718
4.4433,6.4899,1.6158,0.30808,-0.48946,-0.064901,0.82992,-0.092409
4.4118,0.48795,-0.78174,-0.73956,0.74558,-0.051091,0.92204,-0.13588
-0.69099,4.5926,0.015549,0.97312,1.2914,-0.064747,2.3404,-0.17333
-0.68704,-5.5716,-0.32213,0.28678,-2.2219,0.03011,-0.23056,-0.12013
-0.94804,-0.66823,-0.28261,0.59305,-4.0919,-0.048081,1.5303,-0.062109
-0.78495,-0.09763,-0.26355,-0.14666,-2.1946,-0.030324,0.14558,-0.032246
-0.58632,-3.2975,-0.70063,-0.2047,-2.5051,0.0051266,0.13371,0.29038
-0.65365,0.88288,1.0218,0.10794,0.50695,-0.017129,2.2484,0.25251
-0.6583,-6.0675,2.9536,0.65645,2.0129,-0.0094861,-2.3291,0.099154
-0.42244,3.1543,0.74694,0.24246,3.8873,-0.16044,0.48005,0.22807
-0.68769,-2.054,1.6856,0.75671,-2.1345,-0.0085684,-1.1141,0.12352
-0.65393,6.1555,-0.82814,0.22901,4.043,0.14573,4.106,0.080414
-0.64917,0.33326,1.3048,0.98265,-6.2389,0.022306,-0.88783,-0.040278
-0.77786,-0.5221,0.42746,-0.70341,-4.6935,-0.02723,-0.90513,-0.08024
-0.65816,2.3533,3.6522,0.78915,-1.0432,-0.072949,1.2147,-0.13439
-0.62166,-4.3143,0.42672,0.2184,6.2758,0.43383,-3.2071,-0.12305
-0.62549,3.1723,1.6775,0.10712,5.6423,-0.11243,0.10167,-0.082772
-0.46351,-2.384,-1.1339,-0.96898,-5.7082,0.017153,-0.93867,-0.1222
-0.49047,0.50407,-1.5527,-0.71866,0.395,-0.030997,3.9147,-0.069921
-0.61963,-1.7025,-0.9037,-0.62237,-6.6076,0.026291,1.5685,-0.03945
-0.6183,-4.2831,-2.4708,-0.96468,3.5292,-0.085944,-0.52148,0.011294
-0.84153,0.084851,-1.5839,-0.2035,-2.9647,-0.047016,1.1926,0.15489
4.508,-3.5298,-2.5068,0.14177,7.0481,0.44788,-1.5516,0.032955
4.4834,4.9592,0.16831,0.51936,-1.1149,-0.106,-0.26375,0.32764
4.4336,0.94477,-1.1703,-0.20718,3.7253,0.068069,-0.61298,0.10524
-0.48235,7.0817,0.80086,1.3006,2.472,-0.00064917,1.7239,0.042861
-0.5932,-2.3266,-0.41255,0.45674,-1.484,0.034358,0.053803,-0.0039655
-0.67954,3.225,0.64115,0.40929,-0.19761,0.031162,1.8507,-0.066855
-0.66758,-0.47812,1.5147,0.23532,-1.8283,0.037169,0.11112,-0.11499
-0.74049,1.502,0.61721,0.074341,-2.8364,0.033524,0.70469,-0.13573
-0.78415,1.0991,2.1842,0.5542,-0.66166,-0.0063607,2.0081,-0.065686
-0.64728,-8.307,2.3446,-0.29211,1.6202,-0.0094925,-2.9347,0.0033115
-0.63667,1.5517,0.92177,0.50032,4.3283,0.032054,0.91938,-0.0019454
-0.63254,-2.5814,2.8276,0.60821,0.6759,0.026869,-1.0669,-0.028522
-0.51587,4.2578,-0.47325,0.12854,5.3349,0.34531,4.1488,0.14119
-0.54743,-1.5483,-0.51136,0.25527,-5.7802,-0.021673,-0.94303,0.079197
-0.63668,1.2487,-3.0929,-0.99562,-1.7868,-0.011129,0.9498,0.15898
-0.62462,2.2614,1.8381,0.75641,-3.7235,-0.013587,0.79286,0.051379
-0.64954,-2.5132,-0.50314,0.5556,6.9658,0.38367,-4.9812,0.077007
-0.64891,4.5656,1.0778,0.1247,5.5416,-0.14975,-0.3972,-0.00050951
-0.60137,-0.89441,-0.604,-1.2826,-0.90729,0.021973,-0.28344,-0.038769
-0.60506,2.2143,-0.72339,-1.1302,4.0968,0.16186,6.9552,-0.093651
-0.41354,-0.90495,-0.52463,-0.44943,-7.134,-0.028219,-0.42231,-0.13305
-0.55476,-2.8675,-2.4841,-0.19381,0.9155,-0.099979,0.62607,-0.095646
4.5275,-2.0472,-2.3976,-0.053995,-4.0746,-0.064773,0.84812,-0.07878
4.4778,-9.8547,-3.6368,-0.69855,6.6402,0.2989,-3.4667,-0.07289
4.4557,2.5621,0.079403,-0.2073,-1.3355,-0.10097,-0.13578,0.031787
-0.78773,-1.7202,-1.8467,0.10263,3.7906,0.0024312,0.67462,0.20897
-0.67767,4.9863,-0.36767,0.12869,3.6528,-0.06141,1.3409,0.20763
-0.66891,-3.5787,-1.8243,-0.69335,-0.65651,0.012147,-1.2227,0.14837
-0.4057,4.5829,-0.04672,-0.36949,0.94201,-0.12344,1.8472,0.071555
-0.53791,0.69089,0.45178,0.36092,-1.1369,-0.0014834,1.2174,0.20142
-0.60675,5.5119,0.08171,0.70204,-0.60323,-0.0050066,2.4405,0.034367
-0.65388,2.1171,1.0409,0.063178,-2.8803,0.014753,1.309,-0.037162
-0.66353,-4.0349,1.3693,-0.39564,0.56017,-0.0029402,-2.9159,-0.082479
-0.76168,4.8947,1.8228,-0.257,3.6654,-0.015332,1.8826,-0.12648
-0.67042,-5.3823,1.7788,0.27123,3.7544,0.12991,-1.6602,-0.15194
-0.63315,4.3196,1.9672,-0.34319,5.7213,0.26477,3.3987,-0.099589
-0.61853,-2.1842,2.1612,-0.022138,-5.386,-0.0040184,-0.71889,-0.027403
-0.455,2.0266,-1.6043,-0.41294,0.75175,-0.0078303,3.7769,0.011343
-0.5786,-1.9309,0.9947,0.95642,-6.8207,-0.040303,0.042732,0.080195
-0.62206,-3.9884,-2.5041,0.41377,3.775,-0.06218,-4.5033,0.13865
-0.61046,2.0856,0.32036,-0.38635,1.8644,-0.19405,1.0209,0.04875
-0.8793,-1.3812,-2.4123,-1.3966,4.79,0.25182,0.79312,0.034391
-0.64331,4.5883,0.24126,0.83631,4.7877,0.1391,1.7061,0.054567
-0.59504,-0.45442,-2.8549,-0.97496,-6.3756,0.054965,-0.2416,0.067515
-0.5901,3.7654,-2.02,0.073615,-0.012994,-0.03092,3.0721,-0.0023835
4.4671,0.384,-0.14198,-0.61505,-5.0553,-0.048806,0.7373,-0.03081
4.4272,-6.8258,-0.812,-0.99368,2.8868,-0.064991,1.2882,-0.18153
4.4,0.302,-0.50126,0.53637,-3.4158,-0.079803,0.6829,-0.14359
-0.67819,-4.5096,-1.0688,-0.38422,5.2371,0.25262,-3.0619,-0.12047
-0.89907,3.662,-0.27069,0.14,1.3585,-0.099825,0.27826,-0.086155
-0.79429,-4.1476,-1.4344,-0.27336,3.1942,0.032273,0.25279,-0.075008
-0.59383,2.197,-0.054493,0.38109,2.8911,-0.10737,2.6099,0.10139
-0.65264,-3.4728,0.48221,0.28608,0.52053,-0.032268,-0.50456,0.20585
-0.5898,3.6438,0.63628,0.58415,2.0411,0.036187,2.0815,0.26309
-0.38379,-0.62018,1.4542,-0.25346,-4.7587,-0.043454,1.0706,0.28101
-0.66829,-1.4044,0.28245,0.27696,-2.8214,-0.0065404,-0.87193,0.15737
-0.64443,4.0147,2.851,-0.10527,0.65396,-0.07943,1.446,0.12765
-0.63622,-3.1662,2.0841,-0.18048,4.7299,0.24962,-2.5755,-0.025237
-0.68552,5.6409,2.5999,-0.6389,5.2616,0.060394,-0.17058,-0.026064
-0.71989,-3.0144,2.9677,0.5093,-0.75867,0.060984,-0.14069,-0.10606
-0.62236,4.8357,1.2201,0.35029,4.9622,0.29569,5.9265,-0.14578
-0.61258,-1.5784,1.1588,0.33259,-6.9898,-0.0059693,-0.19908,-0.084305
-0.51974,-0.63447,-1.7943,-0.65472,-4.4699,-0.03925,-0.68614,-0.12329
-0.58909,1.303,-0.16167,0.072985,-1.4983,-0.048735,2.2522,-0.10124
-0.61004,-2.5226,-3.4804,-0.57697,7.421,0.54595,-2.3161,-0.012922
-0.60593,2.6623,0.60062,0.46286,3.5247,-0.21483,-0.98182,-0.029642
-0.90566,-3.0964,-2.0537,-0.8109,-4.1682,-0.030734,-0.40734,0.17331
-0.67465,4.9853,-0.0054323,1.1775,-0.19199,-0.059652,2.1849,0.040768
4.4955,-0.92751,-1.2279,-0.36295,-4.4254,0.0093621,0.71903,0.21086
4.453,0.088339,-0.43453,-0.44896,-1.6843,-0.062411,1.5524,0.097669
-0.57679,-1.1402,-1.1528,0.59431,-1.8536,-0.041946,1.021,0.064351
-0.56807,-4.1562,-1.0833,-0.75221,1.5675,-0.043133,-0.78459,0.014239
-0.66883,4.191,0.16904,-0.058909,-0.079864,-0.042812,1.6977,-0.047993
-0.6619,-2.6573,0.25382,-0.67727,3.2169,0.033871,-1.7634,-0.092653
-0.81315,1.9493,0.76933,0.70177,3.1302,-0.14802,1.1048,-0.19619
-0.73381,-3.0996,0.10114,-0.058722,1.0478,-0.04142,-1.9984,-0.11641
-0.59863,2.3869,0.23228,0.45083,3.9785,0.058058,1.0354,-0.039036
-0.63376,-3.2976,1.6208,0.12096,-6.0815,-0.077178,-1.1948,-0.0053771
-0.63838,1.3402,0.18035,0.33573,-3.4708,-0.058554,0.41502,-0.031735
-0.42396,0.26674,1.412,0.66563,-2.9049,-0.028379,1.3364,0.13651
-0.66607,-5.7316,1.3921,0.40442,2.6538,-0.15727,-4.8785,0.068269
-0.63512,3.1627,1.1281,-0.58085,4.845,-0.22957,-0.55206,0.26906
-0.62955,-3.0493,1.6024,-0.34898,0.2909,-0.040534,-0.71684,0.039161
-0.76872,5.3857,1.0777,-0.31812,4.8273,0.28583,5.9292,0.09212
-0.63247,-0.99704,2.5106,0.3759,-7.7125,-0.047972,-0.43865,0.02911
-0.60274,0.5725,0.41214,-0.19231,-6.1902,-0.043499,1.7679,-0.021756
-0.60732,2.2027,2.4859,0.93895,-4.602,0.016043,0.83888,-0.057533
-0.39916,-1.9731,-1.5126,0.078124,6.4397,0.24046,-3.6115,-0.092993
-0.54657,3.322,2.5712,0.28487,-0.57931,-0.27717,-1.103,-0.133
-0.59736,-2.2949,-1.1518,-0.031875,1.0407,0.022281,1.6209,-0.12775
4.4839,5.2714,0.21343,1.6592,-0.18576,-0.058991,1.5099,-0.099005
4.4653,-2.7396,-1.6782,-0.67255,-1.8603,0.037182,1.9138,-0.011072
4.4282,-0.69753,-3.2206,-0.38706,-2.2542,0.026933,2.4028,0.081923
-0.67069,-3.4098,0.17065,-0.22341,-3.4986,0.022544,0.035912,0.12004
-0.66786,-2.5946,-2.3337,-0.96412,-0.8156,-0.014036,0.48939,0.13172
-0.48904,2.288,-1.0789,0.73625,-1.4931,-0.058118,1.1971,0.024924
-0.47086,-1.7034,-0.17968,0.053421,-0.61358,-0.026557,-1.2222,0.1506
-0.65469,2.7084,0.52597,0.14775,2.3975,-0.16613,1.3865,0.081874
-0.66073,-3.8399,0.86122,-0.28938,2.195,-0.049268,-1.7731,0.05481
-0.70896,5.1549,0.53764,0.45758,4.2771,-0.038204,1.3649,-0.087907
-0.72566,-1.6417,0.81307,0.001004,-5.3298,-0.022713,-0.34575,-0.12135
-0.61802,4.352,-0.8686,0.61327,1.2473,0.028326,3.2911,-0.14736
-0.62943,0.69754,2.1621,0.4862,-5.2231,-0.026987,0.86382,-0.11392
-0.62469,-4.5485,0.72662,0.64604,-1.2489,-0.09299,-4.3629,-0.067658
-0.45344,2.1997,1.5093,-0.10355,3.0227,-0.40247,-0.50915,-0.008249
-0.55344,-5.3597,0.45259,-0.55571,3.2627,0.010241,-0.49215,0.093435
-0.62649,2.7859,0.61291,-0.69353,5.1276,0.21174,2.918,0.086863
-0.62027,-1.8998,-0.51102,0.43928,-7.8408,-0.024163,-0.36197,0.056806
-0.67783,-0.25356,-2.5144,-0.47917,-5.1794,-0.027263,2.1347,0.053083
-0.67451,0.69474,1.317,0.28899,-5.9671,0.015863,-0.02525,0.1195
-0.5919,-3.0804,-1.3429,-0.10394,6.3166,0.33433,-2.8826,0.10429
-0.59579,4.431,0.92468,-0.087581,-1.892,-0.058182,-0.52453,0.0017783
4.4468,-0.53543,0.64487,-0.4451,3.883,0.1432,0.56732,-0.0092468
4.4497,6.6492,0.55169,1.2333,0.54541,-0.061057,0.95997,-0.09662
4.4185,0.78536,0.26042,-0.73977,-1.6295,0.0058325,0.16626,-0.11782
-0.67956,4.0347,0.2373,0.43348,0.88435,-0.0058602,2.566,-0.14123
-0.81827,-4.3343,1.0265,-0.37768,-4.1743,0.013591,0.38071,-0.11568
-0.72057,-1.588,-0.004867,-0.59053,-2.5776,-0.015056,1.4365,-0.066368
-0.65251,-0.13297,-0.9134,-0.1233,-0.99634,0.021934,1.2715,-0.034875
-0.65234,-5.1167,-1.7355,0.38514,-1.1276,0.013803,-0.72685,0.34161
-0.37339,1.3177,-0.44234,-0.67812,2.4438,-0.041997,2.5016,0.13722
-0.4998,-5.7359,0.66755,-0.31449,1.7597,-0.040836,-1.865,0.19208
-0.57782,4.3492,-0.058141,0.25096,5.1016,0.063622,2.1609,0.16981
-0.64354,-2.3839,0.3632,-0.012632,-2.9402,-0.0013166,-0.81468,0.12977
-0.58908,6.7021,-0.72635,-0.029646,3.8534,0.15848,4.2546,0.034099
-0.77227,0.90319,1.3144,1.4022,-5.6548,0.022447,-0.43044,0.0056966
-0.68646,-1.3331,0.56763,0.1141,-4.1242,0.0035671,-2.7113,-0.076273
-0.61792,2.7187,2.4746,0.64552,1.5179,-0.13979,0.53197,-0.12179
-0.6029,-2.6517,-0.67978,-1.3932,5.9094,0.40814,-1.4723,-0.087225
-0.36786,2.3729,1.4238,-0.079847,5.0628,-0.02879,0.55616,-0.13578
-0.55133,-1.844,0.30308,-0.36471,-5.3619,0.017974,-0.62249,-0.13335
-0.60126,-1.8998,-1.5982,-0.10161,1.0823,0.00067925,3.9798,-0.053542
-0.59728,-0.30128,-1.2397,0.025668,-6.9254,0.030752,0.29194,-0.04534
-0.8561,-6.3643,-2.4056,-0.73263,3.8951,-0.16752,-1.7365,0.072285
-0.64947,0.94004,-0.95694,-0.22977,-2.5867,-0.11317,0.87056,0.15744
4.5049,-2.4884,-1.1403,-1.2771,5.7017,0.29583,-1.6695,0.024412
4.4727,5.5216,-0.68196,0.24114,2.7011,-0.12422,0.38,0.18582
4.4151,1.6575,-0.36007,-0.34604,0.58548,-0.0081191,-0.24147,0.098619
-0.67308,5.3528,-1.6828,0.45703,2.0121,-0.024368,3.7622,0.051257
-0.66409,-1.7022,-0.056812,0.1651,-2.7456,0.018321,-0.19618,-0.014772
-0.66143,3.7241,1.5033,0.44012,-2.8371,-0.00072618,2.4825,-0.030542
-0.91167,0.9673,0.99938,-0.22635,-1.5622,0.0066026,1.039,-0.13977
-0.74865,1.0675,0.58932,-0.23241,-1.8247,-0.011456,0.6883,-0.14011
-0.64185,0.35422,2.6108,0.10449,0.10459,-0.011585,2.1995,-0.18331
-0.64116,-8.4201,2.0584,0.02342,2.7607,-0.053459,-3.0583,0.038942
-0.62746,2.0786,1.4447,0.0012417,3.9666,-0.20838,0.22933,-0.027646
-0.49231,-4.4396,0.54765,0.84931,-0.95766,-0.039282,-2.2397,0.032639
-0.63025,4.7943,0.070982,0.1992,4.4443,0.2129,2.2781,0.070825
-0.63292,-1.4302,-0.75884,0.24026,-5.4106,-0.0010342,-0.083888,0.19887
-0.61472,0.98684,-1.3879,-0.38823,-6.2531,-0.052778,0.11348,0.052279
-0.73923,1.5563,1.2966,1.3664,-3.4287,-0.056725,0.46964,0.18458
-0.66427,-1.9207,-1.6396,0.18728,5.7585,0.25457,-4.421,0.08645
-0.60927,3.364,1.8297,-0.92658,4.1277,-0.27516,-1.28,0.010637
-0.60014,0.33485,-0.33274,-0.90333,-0.44299,0.03724,0.091153,-0.039182
-0.50903,3.1883,0.201,0.18837,3.5598,0.017711,5.132,-0.061257
-0.57797,-1.7985,-0.27421,-0.1156,-6.7134,-0.029284,0.23381,-0.15033
-0.59363,-3.2607,-1.9631,-0.11505,-0.52952,-0.05102,1.008,-0.12841
4.4894,-0.34013,-0.52905,-0.21308,-4.6366,-0.068341,0.77288,-0.0909
4.4667,-7.3439,-0.36851,-0.53569,5.3195,-0.0069126,-2.7642,-0.033974
4.4453,2.8599,0.51249,-0.21648,-3.4045,-0.21865,-1.2533,0.022684
-0.66828,-3.6376,-0.16636,-0.371,4.7735,0.16397,-2.4337,0.053594
-0.66442,3.7409,-0.022424,0.56061,0.61904,-0.039764,0.93525,0.15438
-0.4033,-3.5218,-1.2757,-0.25032,1.9596,-0.068373,-1.6929,0.12259
-0.57808,3.6993,-0.97594,-0.009613,0.37575,-0.085212,2.493,0.15301
-0.6805,-1.6419,0.9197,0.63081,-3.1728,-0.0078368,-0.61165,0.24465
-0.65732,4.3057,0.31111,0.59725,1.2324,0.01782,2.1859,0.052888
-0.78763,2.144,1.1771,0.8211,-6.0877,0.0048378,0.12839,-0.039085
-0.68719,-4.5027,1.9222,0.38358,0.057832,-0.021519,-2.8904,-0.087006
-0.57752,3.7251,2.8579,0.4464,1.2504,-0.10402,-0.47007,-0.14337
-0.62938,-6.789,4.7362,0.44867,3.3202,-0.011668,-2.4392,-0.13383
-0.63179,5.2698,2.5313,-0.096977,5.1277,0.21916,2.6134,-0.079097
-0.36239,-4.0308,3.0013,-0.189,-4.156,0.00049315,-1.0444,-0.079802
-0.67236,1.1865,-2.4178,-1.1036,-1.1207,0.056749,3.2764,0.014069
-0.62644,-1.8629,-0.24815,1.2344,-5.7744,0.036258,0.16294,0.0561
-0.62325,-0.69924,-1.2225,0.51828,3.4461,-0.056501,-3.084,0.0050395
-0.82594,1.691,1.2971,0.1502,0.57711,-0.1518,0.47113,0.016478
-0.63329,-1.4209,-1.2417,-1.06,4.7965,0.22428,0.36557,0.16978
-0.59532,4.9443,0.75476,0.79925,4.1238,-0.042061,0.68888,0.055419
-0.60251,-0.83929,-1.3152,-0.017796,-6.9027,-0.025434,-1.1999,0.030692
-0.3465,3.8564,-1.3684,0.50282,-0.32847,0.015966,2.4648,0.030059
4.4672,-0.52604,-1.5412,-0.50727,-4.7667,-0.0090561,-0.33314,-0.014285
4.4303,-5.6043,-3.571,-0.7671,0.67402,-0.018458,-1.3461,-0.10392
2.2278,-0.30288,-0.81593,0.74655,-3.634,-0.048447,0.37044,-0.12514
-0.79599,-3.9388,-1.8011,-0.84422,4.1002,0.092379,-2.209,-0.12534
-0.76115,3.2227,0.74832,0.067661,-0.24166,-0.097297,0.099263,-0.08226
-0.64974,-4.3329,-1.2251,-0.59717,4.0882,0.11138,-0.27886,-0.077247
-0.65311,1.1416,-0.26138,0.13913,3.2372,-0.11412,1.2684,0.095187
-0.40272,-4.5426,0.16673,0.22213,-1.6947,-0.042806,-1.729,0.23048
-0.39873,2.9145,0.20889,0.26153,2.6816,-0.004859,1.968,0.13522
-0.67046,-0.84119,1.2656,-0.070309,-7.6882,-0.061808,-0.46249,0.31299
-0.65005,-1.7415,-0.32,0.19907,-1.6908,-0.063817,-1.5348,0.13831
-0.82536,4.3108,1.8337,-0.067785,0.17011,-0.054813,1.6515,0.085744
-0.77705,-2.9869,0.5124,-0.10022,3.7504,-0.015865,-4.1961,0.017476
-0.62346,5.6986,2.3217,-0.37882,5.3528,0.0019756,-0.23381,-0.019663
-0.61578,-2.7865,3.316,0.34812,-2.7421,-0.021968,-1.4008,-0.089172
-0.61114,4.6126,1.1814,-0.010737,2.9296,-0.014999,5.7483,-0.072087
-0.52831,-2.2561,1.3559,1.2454,-8.7014,0.045647,-1.0664,-0.14457
-0.5476,-1.4668,-1.7714,-0.25,-1.5051,-0.09344,-1.9723,-0.12376
-0.60893,0.31695,3.0422,0.37148,-2.979,-0.052304,1.2613,-0.10857
-0.60775,-1.1276,-1.2722,-0.21846,6.4207,0.42101,-1.7952,-0.05858
-0.81263,3.3723,1.7897,0.97141,4.0955,-0.097746,-1.8435,0.056952
-0.63858,-3.1277,-1.3737,-0.46823,-5.9749,0.0030088,-0.32042,0.23761
4.5125,3.3953,-1.2548,0.18456,-0.2054,-0.045251,2.467,0.0049422
4.4822,-1.9662,-1.324,-0.13013,-3.5341,-0.0014514,0.81795,0.13089
4.4442,-1.7398,-3.025,-0.46297,-1.0624,0.017994,1.9572,0.16075
-0.58633,-1.7449,-1.4942,-0.16022,-3.8067,-0.025896,1.1022,0.089078
-0.67871,-2.1905,0.1864,-0.80457,1.0371,-0.087934,-0.81416,0.019204
-0.67637,4.3943,1.2195,0.35899,-0.33679,-0.11451,0.99791,-0.03524
-0.72034,-3.2516,0.91767,-0.39428,2.3615,0.02445,-1.5502,-0.095379
-0.79516,2.1557,0.35264,0.18833,3.358,-0.16336,0.44813,-0.18572
-0.6512,-4.5358,0.47467,0.42547,1.2776,0.033364,-1.8489,-0.11779
-0.65066,1.3945,0.34536,0.55566,4.1243,0.045871,2.0046,-0.043953
-0.33175,-2.0977,1.8771,-0.38747,-7.2146,0.0091183,-0.79214,-0.039353
-0.48645,-0.1697,-0.94247,-0.39752,-1.2764,-0.059517,-0.84165,0.03478
-0.58659,0.051682,1.4372,0.065265,-1.6739,-0.058535,1.5894,0.12899
-0.64026,-4.6977,-0.91,0.90849,3.1669,-0.064728,-3.9554,0.08443
-0.71765,4.9941,0.73839,-0.38375,5.1502,-0.21976,0.8428,0.09049
-0.76216,-2.741,0.71014,-0.34046,-1.5722,0.053681,-1.42,0.1764
-0.64762,4.9078,0.049609,-0.1809,4.6591,0.22941,6.9182,0.11329
-0.61331,-0.96192,1.1604,0.82863,-8.9117,0.058514,-0.51491,0.024607
-0.60147,1.1588,-0.52672,0.46803,-5.1709,-0.022867,-0.16983,-0.043296
-0.4076,1.7493,1.7117,0.70882,-4.6032,0.023737,0.79081,-0.08063
-0.58334,-0.54105,-1.4823,0.72358,6.1591,0.3083,-3.2189,-0.077296
-0.59626,4.8301,2.0735,0.95548,2.9884,-0.24135,-1.6555,-0.12101
-0.59519,-2.7809,-0.46216,0.30603,-2.5716,0.051217,0.72622,-0.12787
4.4725,4.2556,-0.38265,0.47937,0.64461,0.040108,1.0209,-0.060697
4.4535,-3.0642,-0.96266,-0.23239,-2.5614,0.022505,0.18198,0.0085929
-0.58477,-0.13263,-2.9623,-0.21817,-1.0017,0.03706,1.6962,0.059118
-0.6745,-4.4465,-1.273,-0.38915,-2.0262,-0.032557,0.4042,0.08477
-0.37371,-2.1892,-1.4331,-0.97082,-1.5861,-0.031915,-0.064212,0.13792
-0.61623,3.1989,-1.5282,0.81583,0.81242,-0.017431,1.7182,0.038382
-0.66407,-2.5788,-0.11479,-0.58584,0.74939,-0.014947,-2.1607,0.15365
-0.66173,3.1549,0.32567,-0.51009,3.4439,-0.086984,0.77178,0.11295
-0.86624,-3.3585,-1.1,-0.26801,3.0846,0.044639,-0.69725,0.022831
-0.76494,5.8922,0.35225,0.49535,4.43,0.11893,1.9676,-0.07255
-0.6286,-1.2146,1.9588,0.059966,-5.1049,0.009176,-0.88227,-0.11765
-0.63981,3.1091,-0.24883,0.050383,-0.80347,0.036008,0.32092,-0.13276
-0.63414,1.8569,2.5132,0.28843,-4.0157,-0.059068,1.6751,-0.092628
-0.46704,-5.2139,2.613,0.55792,2.6502,-0.1087,-3.6924,-0.099978
-0.60486,2.3897,1.9891,0.27748,5.0169,-0.011982,0.39342,-0.03064
-0.62505,-5.3175,-1.9242,-0.70878,3.4875,0.054464,-0.32038,0.0042364
-0.61863,4.2706,-0.80449,-0.59091,5.7654,0.28336,3.1604,0.097937
-0.67833,-2.7184,-1.2601,0.21905,-7.3679,0.0035607,-0.82976,0.12318
-0.66253,0.54052,-2.3277,-0.18585,-6.002,-0.013613,1.6113,0.034586
-0.6054,1.3439,0.58591,0.24744,-3.7672,0.043118,0.91514,0.062039
-0.59779,-2.3254,-1.7409,0.090302,6.6967,0.3144,-3.3197,0.024047
-0.38178,4.3946,1.7262,0.047487,-0.23317,-0.22975,-0.74084,0.05907
4.4588,-0.64571,-0.38069,-1.5414,3.7455,0.1161,0.83856,-0.018666
4.4434,6.6959,0.73139,0.29914,1.7334,-0.025164,1.8673,-0.086106
4.4123,0.28707,0.39444,-0.44609,1.2338,0.0053255,1.4239,-0.101
-0.87888,4.6142,0.03635,0.32523,0.16997,0.0061405,2.467,-0.13405
-0.6825,-3.407,1.3958,-0.43134,-2.4381,-0.018862,0.70573,-0.12339
-0.66045,-1.411,0.34336,-0.1661,-1.7891,0.013745,1.3911,-0.07603
-0.65474,-1.1728,-0.87656,0.54018,-0.46275,-0.062604,1.057,0.016405
-0.46002,-3.1658,-0.48049,0.33767,-0.18977,0.027203,-0.35733,0.04948
-0.53163,0.15079,0.99301,-0.15094,3.0321,-0.092772,2.1982,0.22157
-0.68345,-6.07,0.070391,0.32375,3.4946,0.10536,-0.49301,0.3107
-0.64728,4.1804,-0.055842,0.23171,5.34,0.17024,2.7204,0.19152
-0.838,-2.1255,0.67567,0.41933,-3.4315,-0.00595,-1.5551,0.19602
-0.72286,4.7726,-1.5588,-0.34327,2.2286,-0.0049361,3.8178,0.10173
-0.58021,1.1477,0.51274,0.91013,-4.4942,-0.043768,-0.37219,0.0070352
-0.61909,-2.5715,-0.95717,-0.10896,0.38243,-0.07943,-3.2021,-0.054832
-0.62313,4.4295,3.2715,-0.43184,0.72021,-0.20361,0.68658,-0.082601
-0.41909,-3.8296,1.0125,0.46578,6.7572,0.52797,-0.65059,-0.13308
-0.69221,3.2511,1.6249,0.37643,6.3969,0.27879,0.86219,-0.13571
-0.61066,-2.2271,-1.0962,-0.80271,-5.0152,0.022293,-0.060911,-0.12539
-0.61285,0.69847,-1.3163,-0.76153,-0.18001,-1.0004e-06,3.6559,-0.051327
-0.98967,-1.6379,-1.01,0.26703,-7.7775,-0.040168,0.88755,-0.047628
-0.64349,-6.1197,-1.669,-0.42952,3.3412,-0.19443,-0.88105,0.11906
-0.59545,1.136,-1.3593,0.44299,-3.3562,-0.086008,0.15723,0.08572
4.4953,-4.2733,-3.1533,-0.24612,6.1542,0.21389,-0.83622,0.048312
4.4673,4.1464,-0.91304,-0.13769,-1.067,-0.19926,0.25123,0.16584
-0.57151,1.0472,-1.6288,-0.75995,3.51,0.028993,-1.043,0.13057
-0.68282,6.7432,0.58207,1.1153,2.5528,-0.047754,0.95139,0.074378
-0.67963,-2.4501,-0.29079,-0.36254,-1.6817,0.015241,-1.2089,-0.013555
-0.74163,4.1218,0.92589,-0.015124,-0.37,-0.038872,1.1772,-0.042857
-0.79132,-0.18571,1.5872,0.43579,-3.1227,-0.029804,-0.72488,-0.15209
-0.63674,1.0876,1.6542,0.16922,-2.5071,-0.03266,0.48913,-0.1535
-0.6477,0.59055,1.5693,0.27788,-1.0548,-0.024785,1.3762,-0.099565
-0.42656,-6.7827,2.6512,0.0076517,2.1615,-0.063303,-4.0182,-0.043563
-0.48753,2.0948,1.1666,-0.1651,4.2055,0.0044207,-0.41422,-0.049964
-0.69034,-5.4377,3.1226,1.0999,2.182,-0.031825,-1.9198,0.066614
-0.64343,3.7932,0.90807,-0.25084,5.9271,0.37043,3.2609,-0.0012153
-0.74624,-2.1493,1.5784,-0.041894,-6.6753,0.039049,-0.7355,0.10441
-0.79864,1.251,-1.8403,-1.2787,-2.0409,-0.013972,1.4585,0.17487
-0.5926,1.208,0.88542,0.80956,-5.3371,0.0039201,0.74891,0.13763
-0.60868,-1.9814,-0.17941,0.50395,6.4029,0.26527,-4.7804,0.095357
-0.60646,4.8591,1.1763,-0.85619,4.3751,-0.35289,-2.5531,-0.031613
-0.50743,-0.78436,-0.45956,-1.4504,0.26441,0.020991,0.59951,-0.030275
-0.54489,4.2898,-0.42541,-0.58927,4.3191,0.17395,4.6836,-0.055659
-0.60316,-1.9251,-0.6072,-0.53478,-7.2313,0.0097023,-0.94478,-0.10463
-0.60533,-0.32257,-2.8864,-0.99936,0.43957,-0.024696,1.8377,-0.11271
4.4775,-0.54736,-2.1776,-0.48347,-4.8299,-0.027179,1.1995,-0.11008
4.462,-9.9214,-3.3837,-1.7526,4.1823,-0.040913,-1.5286,0.048677
4.4362,0.013625,-1.406,-0.55839,-2.5609,-0.13152,0.84355,0.049067
-0.67929,-3.7262,-2.4698,-0.13624,4.6778,0.16579,-0.82921,0.038163
-0.21627,4.4357,-1.0105,0.34318,2.1151,-0.19432,0.63007,0.21215
-0.53597,-4.1299,-1.3197,-0.44411,1.0893,-0.04803,-0.82075,0.16153
-0.67506,3.9066,0.44965,0.14301,2.7281,-0.052252,3.4269,0.14574
-0.66901,-1.4005,1.0517,-0.46176,-2.1464,-0.065004,0.11929,0.13992
-0.87964,4.3807,1.3425,0.52385,-1.557,-0.044731,1.5063,0.074938
-0.76427,1.8877,1.7486,0.42763,-3.7943,0.010992,0.91132,-0.031759
-0.7104,-3.7599,0.66509,-0.26578,0.090605,-0.061237,-1.9463,-0.07917
-0.64125,3.532,1.8576,-0.20219,2.6432,-0.20402,0.97753,-0.12609
-0.52183,-3.4187,1.3706,0.32422,4.5492,0.2361,-2.7319,-0.13678
-0.55089,5.3394,1.7993,-0.6408,5.8906,0.21266,2.5783,-0.12378
-0.57637,-5.4904,3.6912,0.19472,-5.839,0.0096637,-1.641,-0.06554
-0.63028,3.3456,-0.84789,-0.81384,1.9095,0.06986,3.3134,-0.0042332
-0.64275,-1.8106,0.33246,0.5965,-7.6197,-0.0060334,0.21601,-0.0072268
-0.77457,-2.3562,-1.8941,0.33976,2.1264,-0.2254,-4.5176,0.11894
-0.62318,1.8916,-0.87599,-0.32387,1.7833,-0.31731,-0.054791,0.012487
-0.60314,-1.7472,-2.2881,-1.4082,4.5921,0.2327,1.695,0.17925
-0.59189,4.6217,0.43575,0.38188,4.2544,-0.052708,1.0383,0.035365
-0.3796,-1.3476,-2.2194,-0.2536,-8.5237,-0.014274,-0.99956,0.12378
-0.53591,2.957,-1.3909,-0.3875,-0.89856,-0.054896,1.5216,0.020397
4.4582,0.12956,-0.44825,-0.71756,-5.5476,-0.022892,0.40894,-0.03193
4.4229,-5.1719,-0.3467,-0.90396,1.1447,-0.071351,-0.11881,-0.081311
-0.86364,0.75632,-1.0932,0.036619,-4.7528,-0.10278,0.24513,-0.15216
-0.71481,-3.5979,0.74576,-0.10698,3.3098,-0.034116,-2.3646,-0.13062
-0.6581,4.1966,1.2735,0.32765,-0.21852,-0.2255,0.098352,-0.094162
-0.65839,-4.9924,-0.90517,-0.61414,2.6685,-0.045366,-1.5157,-0.070822
-0.26616,0.32672,-0.2316,-0.19376,1.8587,-0.20688,1.0078,0.15007
-0.5266,-4.1633,-0.7793,0.023131,-2.8469,-0.061603,-1.3694,0.18407
-0.67182,2.3172,0.40654,0.51924,0.10693,-0.029804,0.83247,0.19161
-0.64717,-0.93853,1.1669,-0.33805,-6.078,-0.050969,-0.076702,0.27811
-0.86043,-1.9676,1.6735,0.41345,-4.8783,-0.051944,-1.4843,0.12434
-0.7785,4.3979,1.8989,0.13255,-1.7878,-0.070317,0.58079,0.12775
-0.60381,-3.4572,1.989,-0.0061318,3.8126,0.083561,-4.2654,0.019837
-0.62262,5.7129,1.6963,-0.66668,4.7644,-0.19551,-0.21668,-0.033633
-0.6125,-3.0589,2.4738,0.027017,-5.1041,0.025887,-1.9873,-0.062985
-0.46925,5.1875,0.98009,-0.58275,2.405,-0.0058538,4.0521,-0.1168
-0.58343,-3.03,1.7361,0.19003,-8.5728,0.028313,-1.1197,-0.1434
-0.60826,-1.3865,-2.3319,-0.8644,-3.8145,-0.10843,-1.3308,-0.14055
-0.60475,3.2777,0.54766,-0.020525,-2.2943,-0.073193,1.8376,-0.064372
-0.77,-2.1758,-3.6921,-0.58234,5.8301,0.33624,-1.1413,-0.08338
-0.63342,4.6602,0.37703,0.17961,2.3341,-0.19385,-0.3427,-0.049623
-0.58877,-3.9645,-2.709,-1.0371,-4.2076,0.017249,0.46331,0.13685
4.5057,4.9672,0.15387,0.83032,-1.3684,0.019393,2.2567,-0.014698
4.4901,-1.2493,-1.8946,-0.50809,-3.7823,-0.023393,-0.16816,0.26823
4.4448,-1.662,-1.2688,-0.97327,-2.8138,0.034108,0.57592,0.14681
-0.67694,-1.0878,-2.2185,0.38046,-1.1319,0.030264,1.4686,0.098083
-0.66613,-2.7649,-1.3734,0.014068,1.2162,0.01157,-0.71451,0.077128
-0.99433,4.4256,0.34445,0.30767,-0.58234,-0.046554,1.5578,-0.04534
-0.66794,-5.4149,-0.035799,-0.11677,2.54,0.026741,-1.646,-0.075251
-0.65244,2.175,0.18615,0.18889,3.3569,-0.16356,0.26477,-0.12522
-0.64085,-4.7442,-0.44604,0.42889,0.93403,-0.0067907,-1.3568,-0.14342
-0.52241,2.9495,-0.53768,0.33364,2.8636,-0.027911,2.4307,-0.098883
-0.52056,-2.1352,1.5456,0.007215,-7.4715,0.014785,-1.5146,-0.10093
-0.64966,-2.2996,0.40772,-0.49971,-2.1558,-0.019022,-0.60186,0.041668
-0.63315,0.63145,2.1794,0.63914,-2.0812,-0.055018,1.0066,0.045976
-0.96044,-5.1733,0.90767,0.6126,4.5414,0.11578,-5.7246,0.024826
-0.69151,3.865,1.2155,-0.83795,4.8846,-0.10764,-0.81346,0.15905
-0.57366,-3.8931,1.4625,0.16783,-0.38554,0.050177,-0.59854,0.15053
-0.60572,5.4354,1.1159,-0.44114,5.0873,0.29015,6.0362,0.11804
-0.61255,-1.2097,0.76031,0.38409,-8.0361,0.066651,-0.96537,-0.01117
-0.41151,1.5962,-2.081,-0.0011926,-5.8277,-0.01111,0.49837,0.00085341
-0.67386,2.5665,1.2252,0.47038,-3.0663,0.044286,1.9722,-0.068704
-0.59606,-3.0285,-2.3767,0.19544,6.9744,0.46294,-2.6126,-0.087956
-0.60012,4.3568,0.58,0.3388,0.53417,-0.085193,-0.2472,-0.090852
-0.78274,-1.8608,-0.93615,-0.2452,-0.05763,0.020779,0.29497,-0.095379
4.4772,4.6781,0.83696,1.2679,-0.093075,0.0030986,0.97321,-0.087663
4.4587,-2.7404,-1.9442,0.44034,-2.2363,-0.018901,1.3884,-0.0018481
-0.67575,-1.129,-2.1806,-0.2021,-1.2043,0.057686,2.0521,0.012024
-0.29283,-4.4093,-1.1585,-0.33353,-3.0618,-0.01616,0.021501,0.12459
-0.55685,-2.5207,-1.541,-0.78009,-0.37504,-0.039719,0.66794,0.12819
-0.67074,1.8378,-1.6592,0.2353,0.56484,0.005871,1.5315,0.088713
-0.6684,-3.3942,-0.055887,0.27908,0.57014,0.024212,-1.8815,0.1737
-0.91067,3.1464,0.51656,0.16892,3.9093,-0.030112,0.401,0.15175
-0.66511,-4.1396,1.408,0.30021,1.198,0.023859,-1.4388,0.04875
-0.63685,4.8156,1.2066,0.59395,4.6813,0.07611,1.9058,-0.011462
-0.63264,-1.5193,1.5613,-0.26533,-5.7607,-0.033532,-1.2535,-0.087493
-0.51477,3.81,-0.58245,0.35471,0.65324,0.066491,2.7685,-0.12322
-0.51029,2.3792,3.1142,0.35898,-4.2852,0.0062304,1.1266,-0.11507
-0.68843,-5.5014,0.65048,1.0291,2.5828,-0.15267,-4.7199,-0.10533
-0.62682,2.2942,2.0044,0.24121,4.1431,-0.1988,0.25018,-0.095695
-0.73479,-4.9598,1.153,-0.63592,3.7023,0.084351,-1.0214,-0.018885
-0.78834,2.4952,-0.083651,-0.7203,5.4618,0.29298,1.8066,0.065957
-0.56463,-2.7573,-0.10102,0.69878,-7.2743,0.030578,-1.0719,0.06642
-0.59568,-1.0281,-1.9633,-1.0474,-5.7531,-0.0090304,2.8214,0.043688
-0.59339,1.9988,-0.22267,0.17993,-5.1386,-0.0052441,0.49621,-0.027135
-0.41977,-5.0411,-1.3024,-1.0462,6.3063,0.22798,-3.2695,0.11828
-0.58404,3.2244,0.47099,-0.40883,-1.6058,-0.070016,-0.33691,0.087764
4.4869,-0.099743,0.49076,0.18797,4.9226,0.24545,0.59653,0.00073172
4.4454,6.7044,1.3928,1.0187,2.3685,-0.081567,0.40554,-0.067463
4.4092,1.4411,1.007,0.47727,-1.6451,-0.00050157,-0.11444,-0.1058
-0.663,4.3954,0.21543,0.15546,2.1126,0.018751,1.8604,-0.14135
-0.65534,-5.2036,0.78233,0.52918,-3.3993,-0.040681,-0.03347,-0.15927
-0.654,2.3299,0.82004,0.45315,-2.6508,0.00019152,1.8045,-0.088248
-0.48246,-0.50916,-0.0039355,-0.20434,-0.34116,0.036604,0.89416,-0.055002
-0.48792,0.14919,-0.49816,-0.15422,-1.3791,-0.0009187,0.83412,0.10008
-0.66422,-1.1404,0.65967,-0.65612,1.3231,-0.058137,2.4798,0.45897
-0.65155,-7.1471,1.5396,-0.64542,2.6603,-0.0047885,-2.2948,0.26236
-0.75894,3.9293,0.75589,-0.1016,4.3471,-0.088357,1.1271,0.19254
-0.79212,-3.1891,0.74662,0.36863,-1.023,-0.030182,-2.0081,0.10804
-0.6567,6.9176,-0.46879,0.17977,4.4789,0.19177,3.4804,0.086401
-0.62005,0.56026,0.46466,0.75036,-5.3359,0.037593,-0.050071,0.026579
-0.52051,0.31454,-0.85091,-0.64247,-4.6982,0.020978,-1.7588,-0.054004
-0.4196,2.54,3.2401,0.74827,-2.6483,-0.10617,-0.031557,-0.10137
-0.57036,-2.9731,-0.028976,0.40797,6.1764,0.30246,-4.4684,-0.12354
-0.6079,2.0155,1.7793,-0.52686,4.6965,-0.29842,-1.672,-0.11972
-0.61029,-0.40906,-1.2561,-0.95395,-3.7332,-0.012201,-0.78069,-0.075397
-0.6895,1.6623,-0.1333,-0.24262,2.6283,0.0086113,4.1328,-0.059821
-0.61311,-2.5989,-0.67732,-0.30107,-6.6136,0.017897,0.64293,0.009615
-0.58347,-3.8663,-2.5916,-0.67768,1.3834,-0.11806,-0.14289,0.17171
4.5082,-0.6907,-1.7246,-0.1425,-3.8682,-0.083717,1.1217,-0.003138
4.5044,-7.4465,-0.6061,-0.80217,5.994,0.13464,-2.5878,0.20098
4.4661,5.2273,1.2593,-0.33505,-1.8425,-0.18485,-1.1343,0.20605
-0.67446,0.99062,-0.99589,0.020542,4.4904,0.087636,-0.90575,0.1656
-0.66866,7.2698,-0.30298,0.80943,2.0332,-0.082883,1.6339,0.027479
-0.87033,-3.7129,-0.43393,-0.65801,-0.24517,-0.031851,-1.7754,0.023682
-0.63925,4.5774,0.37859,0.078772,-1.2175,-0.021301,1.6559,-0.036603
-0.64786,0.033495,1.2594,0.58186,-2.3118,-0.014582,0.75331,-0.18777
-0.64225,4.1598,1.3791,0.3349,0.50341,0.009099,1.3334,-0.12609
-0.53239,0.95238,1.6886,0.11448,-4.579,-0.0092743,1.288,-0.13882
-0.58355,-7.7927,2.3907,0.16332,-0.1295,-0.0043456,-3.2261,-0.14272
-0.63291,2.9532,2.5983,0.50968,2.5262,-0.19119,0.23789,-0.069361
-0.63436,-7.1011,3.5524,0.5332,2.9353,0.025316,-3.769,0.032152
-0.65828,5.5918,0.9622,0.47375,4.9358,0.18576,2.8728,-0.015623
-0.70849,-2.769,1.9434,-0.38398,-5.5565,-0.015929,-2.2468,0.2114
-0.61028,2.1688,-3.3752,-0.98964,-2.4989,0.058353,2.2252,0.21293
-0.60814,-0.16762,0.93571,1.1584,-6.0031,-0.014395,0.36061,0.13452
-0.60626,0.16143,-1.1182,0.5886,4.8802,0.0043501,-4.0828,0.029061
-0.4589,3.1904,1.8595,-0.41379,2.704,-0.35115,-0.37178,0.02081
-0.57915,-0.67252,-1.0581,-0.99688,2.9278,0.015792,1.3773,-0.0098553
-0.593,5.6582,1.1083,0.57581,4.3133,0.081264,2.6007,-0.045924
-0.59265,-1.1344,-1.1038,-0.2268,-7.4966,0.050229,-0.071802,-0.06206
-0.73565,2.9573,-0.45004,-0.067271,-1.0956,-0.015441,1.1383,-0.14868
4.4807,-1.3454,-1.62,-0.43016,-5.2734,0.009253,-0.027806,-0.11266
4.4609,-10.433,-2.3695,-1.7805,3.0055,-0.12871,-1.6823,-0.12982
4.426,2.1998,-0.25503,0.93024,-4.1796,-0.091668,-0.089174,-0.0051094
-0.49978,-4.4597,-2.1366,-0.014565,4.5128,0.071881,-1.5063,0.045027
-0.62293,1.6722,-0.89032,1.0849,-0.68866,-0.11159,-0.29826,0.092875
-0.66088,-3.5394,-2.8247,-0.37654,2.8823,0.031541,-1.2023,0.010954
-0.65144,2.9503,-1.1647,0.23106,2.7065,-0.078975,1.7824,0.13147
-0.89143,-0.86262,1.6611,0.13641,-2.8694,0.037272,-1.257,0.15937
-0.68778,4.3528,0.53131,0.7418,2.4864,0.014188,1.6853,0.19463
-0.63724,1.8384,0.015651,0.76668,-6.8625,-0.0021188,-0.54592,0.013339
-0.62642,-4.0869,1.1903,-0.15532,-2.0801,-0.007779,-2.7751,-0.052301
-0.62253,4.2641,3.3612,-0.28371,0.72159,-0.05326,1.3559,-0.10799
-0.63628,-4.7693,3.0405,0.011647,3.7352,0.054349,-3.2813,-0.12393
-0.67477,4.3382,1.8351,-0.26212,5.1974,0.046988,0.86437,-0.16109
-0.61588,-4.5102,1.9378,-0.093483,-4.0984,0.017422,-1.0438,-0.10813
-0.87759,3.1087,-1.4309,-0.77148,1.1623,0.035802,2.7641,-0.0080056
-0.7559,-3.196,0.3129,1.0212,-8.382,0.00016585,-0.92572,0.036752
-0.55106,-1.8819,-2.0578,0.014486,0.75954,-0.204,-3.3821,0.027333
-0.59471,1.7754,1.7298,0.81108,-1.1017,-0.040232,0.27322,-0.0035761
-0.59983,-1.4287,-0.95981,-0.50959,5.3375,0.25508,0.032566,0.010686
-0.40028,5.4642,0.58553,0.87144,3.225,-0.17293,-0.2204,0.15477
-0.60161,0.00049202,-1.9118,-0.064413,-6.0874,0.060343,-0.40438,0.12264
4.5181,3.4352,-1.4002,-0.067374,-0.64867,0.04102,2.0834,0.020056
4.4631,-1.9745,-2.1128,-0.1922,-3.8722,0.019014,-0.31369,-0.0013613
4.4267,-3.274,-1.9364,-1.0071,-0.75874,0.015908,-0.049454,-0.073937
-0.73327,-1.3654,-1.9274,0.69646,-2.387,-0.044904,1.1444,-0.12261
-0.6629,-4.2175,-0.88992,-1.2028,3.4374,-0.034739,-2.1496,-0.12144
-0.66137,2.3329,0.61602,0.24904,0.07708,-0.039456,1.0802,-0.10156
-0.41137,-4.9454,-0.025713,-0.61857,3.6663,0.040975,-1.0037,-0.10005
-0.56072,-0.83405,-0.23261,0.20361,3.9071,-0.13182,0.64205,0.18689
-0.6565,-5.7539,0.58168,0.16314,-0.8257,0.006532,-1.5212,0.13661
-0.64881,2.5899,0.073378,0.60338,4.3974,0.14579,1.6624,0.13739
-0.81535,-1.7346,0.31603,-0.015272,-6.4514,-0.022456,-0.62491,0.15331
-0.69668,-1.3733,-0.58791,0.21097,-4.0009,-0.064247,-2.2094,0.07248
-0.61772,2.7435,2.051,-0.61809,0.86521,-0.010898,2.3232,0.1692
-0.6199,-4.2187,0.96152,0.26851,4.9485,0.24828,-2.6278,0.019131
-0.44822,5.6427,1.665,-0.32665,5.4052,-0.17583,-0.25067,0.030035
-0.47877,-2.1908,2.5375,0.33238,-3.3135,0.014413,-0.57946,-0.039401
-0.67678,4.4747,0.06026,-0.15737,3.8077,0.10705,5.0672,-0.09292
-0.611,-2.8652,1.7896,0.51416,-8.4463,-0.01514,-0.68264,-0.13004
-0.91008,0.69899,-1.2805,0.19517,-3.8887,-0.082966,-0.93354,-0.081409
-0.69966,1.29,0.90941,0.80162,-3.9709,-0.082716,0.51843,-0.10589
-0.55912,-2.3451,-2.0657,0.65099,5.9759,0.30299,-2.4761,-0.08596
-0.58499,2.8346,1.0517,0.45788,3.328,-0.17855,-2.1381,0.011903
-0.58307,-0.73652,-2.0772,0.74672,-3.6152,0.071689,0.64588,-0.01078
4.5154,3.7859,-1.1386,0.86173,0.62267,-0.010911,1.6299,0.089687
4.4901,-4.7517,-2.9614,-0.13844,-2.8957,0.0076294,0.43418,0.25837
4.4893,-0.43339,-3.2224,0.3281,-2.1916,0.020689,1.4814,0.1407
-0.67798,-1.8516,-2.6192,-0.36058,-1.4114,-0.018445,1.0484,0.045173
-0.81904,-2.1468,-1.0691,-1.0164,-0.095965,0.019444,-0.18777,0.063523
-0.71249,3.9836,-0.78223,0.077051,0.86734,-0.049891,1.6335,-0.0074458
-0.64698,-3.6219,0.81966,-0.68244,2.5549,0.005871,-1.186,-0.095354
-0.6487,2.7828,0.87715,0.093051,3.4311,-0.10255,0.55702,-0.11794
-0.40409,-4.6126,-0.83867,0.20242,2.1258,0.0054282,-0.59192,-0.18046
-0.59354,3.0632,1.7084,0.5409,4.596,0.10159,2.6684,-0.095087
-0.64054,-3.941,0.71601,-0.30374,-5.1848,-0.028918,-0.71661,-0.090998
-0.64125,0.2428,0.69393,0.47041,-3.0885,0.012584,0.97352,-0.033877
-0.76844,-0.44086,3.4271,0.31795,-2.2993,0.0050239,1.3118,0.051549
-0.73148,-3.7133,1.1362,0.11382,3.7882,0.024469,-4.8578,0.15204
-0.65908,3.2709,1.2471,-0.34274,5.6778,-0.20095,-0.91465,0.20225
-0.61131,-3.4976,-0.95693,-0.78165,0.79212,0.01431,-0.77704,0.21926
-0.60182,4.3998,-0.3523,-0.29458,5.6627,0.35613,4.8658,0.10925
-0.31414,-1.0476,-0.57325,0.052631,-7.4932,0.051031,-0.39353,0.10003
-0.59579,0.066985,-0.82802,-0.037752,-5.9197,-0.018522,1.2013,0.010345
-0.60232,2.1972,0.22813,0.085176,-3.1788,0.034589,1.0393,-0.023411
-0.59268,-1.3537,-1.0841,-0.1411,6.7785,0.30417,-3.8615,-0.057046
-0.63803,4.3646,2.2413,-0.093689,-0.075291,-0.26914,-0.98398,-0.13403
4.4896,-0.62736,-0.73816,-0.72626,2.9065,0.036989,1.2112,-0.10231
4.4731,3.9153,-0.49969,1.2775,1.3873,0.016768,1.3535,-0.090827
4.4492,-1.3036,-1.4766,-1.1995,-0.67927,-0.018811,1.3768,-0.026843
-0.53673,1.906,-0.6871,0.42211,-1.7407,0.01533,2.3994,-0.031759
-0.53615,-4.2637,-0.68016,0.41411,-3.1597,-0.0085491,0.42165,0.073478
-0.66356,-0.70023,0.30214,-0.0061575,-1.9642,-0.0019327,0.82915,0.12135
-0.65471,1.4473,-0.74548,0.72763,-1.0136,-0.0013872,0.53899,0.09874
-0.86386,-1.4832,-0.47799,-0.10081,-1.3012,-0.0048719,-0.56365,0.36451
-0.68084,2.9572,1.2004,-0.024013,1.5874,-0.041554,2.4003,0.16735
-0.62278,-3.1661,0.94381,0.75469,3.7218,0.11102,-1.2607,0.078418
-0.62495,5.1989,1.0283,0.36991,4.8195,0.042585,1.1286,-0.013019
-0.42203,-0.90208,1.1143,0.41406,-3.7708,0.031271,-0.97156,-0.088442
-0.56703,4.5116,-0.1246,0.35307,2.6156,0.050203,2.9952,-0.13425
-0.65581,-0.23898,0.84264,1.0454,-5.897,-0.0071758,-1.2306,-0.11198
-0.61661,-2.526,0.043936,0.22246,-3.0644,-0.051533,-3.1912,-0.17326
-0.57691,1.6669,2.6063,0.13955,-0.35666,-0.23464,-0.0099212,-0.073328
-0.70393,-5.2329,0.64133,-0.10497,6.1963,0.378,-2.4163,-0.011267
-0.59954,2.1954,0.071271,-0.10069,5.7787,0.081751,0.48358,0.042447
-0.59484,-1.5488,-1.7514,-0.93985,-6.0904,0.0055116,-1.1612,-0.033658
-0.58902,2.1309,-1.6806,-0.51345,-0.70493,0.031413,3.0751,0.064984
-0.39345,-0.70394,-1.1916,-0.54521,-8.3035,-0.064105,0.6028,0.059386
-0.5141,-3.0145,-1.6415,-0.02339,2.3227,-0.43222,-1.4844,0.17132
-0.65641,4.4929,-0.79315,0.10804,-3.6797,-0.1129,-0.28728,0.10655
4.4773,-1.8779,-0.16382,-0.47331,5.4941,0.11377,-1.3856,-0.0037951
4.4382,5.7178,0.31477,0.68814,-1.8252,-0.22298,-0.11475,-0.03193
-0.73476,1.0621,0.68432,-0.72811,2.9206,-0.025555,-0.2825,-0.084524
-0.66857,5.3138,0.31632,1.2165,0.7173,-0.080464,1.5615,-0.13135
-0.65451,-4.1227,-1.0265,-0.54273,-3.4055,-0.034046,-1.1651,-0.099297
-0.43473,3.0176,-0.19326,0.1942,-1.4218,-0.013125,0.71273,-0.12154
-0.59379,-2.3524,0.17249,0.1421,-3.7599,-0.036792,-0.99962,-0.017254
-0.65055,0.048702,0.15901,0.081502,-2.8495,0.026766,0.41941,0.092924
-0.64572,0.28716,0.77725,-0.048825,-1.7658,-0.068758,1.2051,0.035657
-0.85438,-5.931,0.72313,0.50732,1.3001,0.0016162,-4.6771,0.22759
-0.71438,3.4796,-0.79887,0.82541,4.2999,-0.081157,-0.79245,0.15
-0.61959,-4.2146,1.5949,0.93303,-0.029378,0.02092,-1.8107,0.16044
-0.61836,5.784,0.19565,-0.1541,5.1022,0.21653,3.4672,0.025678
-0.51897,-0.56659,1.6196,-0.26957,-7.022,-0.0016375,-1.0268,0.048118
-0.60009,2.3491,-1.2409,-1.134,-4.7274,0.036322,1.0606,-0.0033327
-0.61128,2.1307,1.1567,1.1964,-5.6829,0.005287,0.093047,-0.068217
-0.60759,-2.8481,0.0030731,0.53965,6.3116,0.23585,-5.1105,-0.1185
-0.8374,3.3597,0.81698,-0.45803,3.8062,-0.53411,-2.6383,-0.14057
-0.82271,-1.7014,-1.4884,-1.3448,-0.19945,-0.029111,0.30295,-0.11813
-0.57116,2.9945,-1.1047,-0.62354,4.0703,0.076919,4.8936,-0.11278
-0.58877,-2.9481,-1.9567,-0.89446,-8.0567,-0.019478,-0.80051,-0.042249
-0.59305,-1.3421,-2.9002,-1.5418,-1.0397,-0.052246,1.1747,-0.0078595
4.5139,0.431,-1.9968,-0.11427,-5.3983,-0.052798,0.98939,-0.024677
4.491,-7.849,-4.165,-0.90497,4.5671,-0.17162,-3.5192,0.19643
4.4499,1.2024,-0.1526,-0.97637,-2.9598,-0.1495,-0.22214,0.19947
-0.67669,-2.524,-1.4891,-0.31656,4.1169,0.05707,-1.5631,0.065665
-0.85755,5.4271,-0.34047,0.40707,1.138,-0.17782,0.37098,0.11281
-0.76602,-2.8427,-0.59926,-0.26,0.21088,0.024617,-1.5978,0.040135
-0.65821,4.601,0.96425,-0.09742,1.0229,-0.049923,2.5718,-0.036724
-0.65379,-0.77797,2.2942,0.23025,-2.8888,0.028197,-0.11093,-0.066124
-0.41517,4.0479,1.0204,0.84703,-1.9006,-0.028302,1.0171,-0.16369
-0.54418,-0.87582,1.727,0.1279,-4.4971,-0.0054559,0.31361,-0.13931
-0.64659,-5.9918,0.54193,0.41304,-1.9506,-0.031171,-2.6107,-0.12123
-0.64071,1.088,1.9466,-0.18365,3.2778,-0.11292,1.2589,-0.0022375
-0.77643,-5.4748,1.2846,0.23318,3.4267,0.030245,-1.8839,0.045294
-0.69339,4.2107,1.2095,-0.4413,5.2089,0.10823,1.6035,-0.011535
-0.59724,-4.4014,2.7573,0.34921,-6.6095,-0.002722,-2.1611,0.15009
-0.61549,2.3517,-0.86768,-0.99123,-0.38007,0.031496,2.3191,0.14669
-0.42328,-0.28174,0.62373,0.88246,-7.5207,0.047893,-0.0017269,0.11984
-0.46724,-0.19889,-1.1752,0.15863,1.8806,-0.15748,-4.4863,0.11429
-0.68887,2.4794,0.14764,-0.2935,0.57798,-0.2461,0.37986,0.015334
-0.61161,-0.26106,-1.7124,-0.83141,5.0841,0.23958,0.58855,0.011732
-0.81544,4.4725,1.0784,0.72062,3.9898,-0.16704,0.3247,-0.030202
-0.70637,-0.72641,-2.9879,-0.91821,-7.9638,0.0038238,-0.87899,-0.12298
-0.55165,2.4482,-1.928,0.094605,-0.51159,0.023301,1.5329,-0.1294
4.4714,-1.6462,-1.5221,-0.42971,-5.2627,0.0074882,0.79537,-0.1001
4.4491,-4.5059,-2.8653,-0.78105,0.88267,-0.087118,-1.184,-0.053688
-0.4047,-2.0557,-2.7233,0.18155,-4.0675,-0.10808,0.043554,-0.00089892
-0.63082,-6.2188,-0.69915,-0.83432,2.3255,-0.045257,-1.5289,0.073307
-0.67199,3.6428,0.21403,-0.084992,0.0818,-0.17034,-0.24873,0.089054
-0.67049,-4.0625,-1.0874,-0.25427,2.981,-0.0051863,-1.2127,-0.0099283
-0.83698,3.0875,0.34114,-0.14777,2.4277,-0.10945,2.1399,0.2251
-0.69487,-1.8812,-0.25532,0.27071,-2.1013,0.04392,-1.7481,0.20179
-0.63472,4.5305,1.2367,-0.017404,1.0311,0.022556,1.2542,0.094311
-0.63489,0.69695,1.8382,-0.11978,-6.4714,0.01406,0.12642,0.043031
-0.38462,-0.058012,1.9632,0.79487,-2.9887,-0.014254,-2.7538,-0.024531
-0.56838,3.4863,2.1618,-0.28474,-0.94269,-0.097688,-0.0619,-0.098956
-0.62958,-3.0271,2.3875,0.021551,4.4945,0.12241,-3.3711,-0.092555
-0.62996,4.4584,2.5817,-0.50979,5.8464,-0.053215,-0.70323,-0.14031
-0.81485,-4.5273,2.8873,0.2589,-5.689,-0.0096337,-2.1725,-0.10713
-0.72385,3.5214,-0.07336,-0.26786,2.6522,0.068692,3.0965,-0.0468
-0.66772,-4.4086,0.17463,0.15374,-8.5362,0.028589,-1.39,0.074013
-0.60352,-1.8822,-3.0033,-0.68431,-4.206,-0.059324,-2.2311,0.10487
-0.58371,1.6269,-0.85176,0.16118,-1.8268,-0.090128,1.6286,-0.023947
-0.37082,-0.35579,-3.6018,-0.77591,5.8554,0.31724,-0.90001,0.033953
-0.56604,5.7118,0.77314,0.22629,3.6109,-0.19991,-0.92946,0.10882
-0.59938,-2.0351,-1.9408,-1.0441,-4.8857,0.010216,-0.13528,0.12666
4.4948,4.5719,-0.28543,0.60671,-0.53608,-0.028431,1.7332,-0.034412
4.4552,0.024934,0.37863,-0.20015,-5.0242,0.0199,-0.007224,0.0089092
4.4171,-0.096236,-0.59314,-0.47065,-1.1754,0.024373,1.506,-0.04792
-0.66942,-2.1634,-1.5455,0.70299,-1.9818,0.020586,0.83342,-0.11095
-0.65627,-3.5438,-1.2669,-0.18184,0.85093,-0.026884,-1.5752,-0.087006
-0.39136,3.1433,0.57818,0.31365,0.055546,-0.10061,1.0391,-0.12821
-0.53776,-4.9445,-0.36984,-0.64469,3.1622,-0.002799,-1.777,-0.073937
-0.65634,-0.17414,-0.30617,0.13184,4.2591,-0.017123,0.16369,-0.054296
-0.65965,-7.1011,-0.72876,0.17302,0.75076,0.028627,-1.3083,0.23408
-0.89525,2.3366,-0.99394,0.43001,3.2511,-0.051213,2.1409,0.22182
-0.75142,-1.9069,0.87067,-0.10092,-7.382,-0.044474,-1.7277,0.096842
-0.61803,-0.61036,0.56372,-0.39348,-1.2986,0.0077963,-0.93996,0.3053
-0.62541,2.9134,1.9076,0.89412,-2.333,0.031631,0.39053,0.12325
-0.37674,-4.421,2.4771,0.33981,5.4341,0.22881,-5.9873,0.057731
-0.53665,6.2358,1.4236,-0.64132,5.8729,0.062537,-0.66638,0.048069
-0.59493,-2.5536,2.1749,0.30939,0.30865,0.044511,-0.45283,-0.039061
-0.61618,5.1439,1.3306,-0.60861,5.6213,0.34181,6.9224,-0.077369
-0.72926,-2.1951,2.3096,0.23426,-7.2289,-0.015166,-1.071,-0.13792
-0.72384,0.95869,-0.74198,-0.35976,-5.5812,-0.025036,0.62038,-0.10806
-0.61538,-0.060478,2.8799,0.42482,-3.0883,0.071946,1.639,-0.10794
-0.59487,-2.8771,-2.4194,-0.16252,7.4996,0.45372,-2.9955,-0.068656
-0.5948,4.6552,1.5359,0.65152,1.0004,-0.15097,-0.99603,-0.036651
-0.42299,-4.6045,-1.2308,-0.50716,0.072199,0.056062,0.26615,0.13522
4.5076,2.7224,0.53221,0.5953,0.15534,-0.029682,1.515,0.10487
4.4765,-1.7445,-1.6309,0.19576,-0.7617,0.044735,1.6667,0.15511
-0.69832,2.6751,-0.66718,0.64009,-1.4852,0.016543,1.5383,0.066176
-0.8436,-1.7367,-0.36531,-0.02278,-2.8304,0.050928,0.052358,0.16158
-0.71076,-0.91298,-1.4377,-0.20789,-1.8034,0.011608,0.51301,0.069827
-0.65749,1.9887,-1.8608,0.73295,0.0023168,-0.028751,0.53585,-0.0023835
-0.64059,-1.2743,0.37032,0.62155,0.17426,-0.0055714,-1.7035,-0.069824
-0.51948,2.0936,1.71,-0.44704,3.0279,-0.081644,1.6907,-0.14975
-0.6174,-5.4171,0.30139,0.17828,2.1051,-0.013805,-1.3238,-0.1598
-0.63482,2.1704,0.014444,0.19879,4.5695,-0.058111,0.83922,-0.17491
-0.63452,-2.9384,0.3154,-0.10995,-4.3905,0.027068,-1.0459,-0.14371
-0.75571,2.9882,-2.1069,-0.16555,2.4434,0.068981,3.498,-0.056608
-0.63662,0.56425,0.26828,0.025906,-4.9954,-0.028456,0.43492,-0.051814
-0.60873,-6.4453,-0.44586,-0.36514,-1.3745,-0.09378,-3.8326,0.14683
-0.61203,2.4864,1.1952,-0.048536,1.9486,-0.10461,0.57178,0.11451
-0.39186,-3.8954,-0.26625,-0.62929,5.6796,0.25826,-2.6133,0.13189
-0.47522,4.9015,0.38024,-0.076617,5.5561,0.09768,1.2149,0.17034
-0.62111,-1.1275,-0.33159,-0.7237,-6.004,0.050903,-1.2099,0.11074
-0.60114,1.7006,-1.1005,0.1428,-1.6584,-0.01711,2.3473,0.032809
-0.90151,0.59866,0.81677,0.44488,-6.7441,-0.013061,-0.35041,-0.019736
-0.66756,-3.1943,-0.58815,-0.95513,5.3523,0.016306,-2.5693,-0.05286
-0.58811,3.1357,1.5121,-0.21678,-2.3745,-0.055711,0.1308,-0.12544
4.4827,-2.1909,-0.53335,-0.73787,5.875,0.30367,-1.184,-0.094843
4.4572,4.7361,1.1958,0.60835,0.40295,-0.077544,0.38895,-0.076371
4.4363,-0.37375,-0.1939,-0.27655,-0.17353,0.0094841,-0.25322,-0.079705
-0.66265,3.6208,-0.37588,0.52852,2.7841,0.013476,2.9484,-0.031346
-0.66443,-5.5925,-0.48413,0.26188,-3.419,0.0054731,0.10211,0.096915
-0.65592,2.0572,-0.30322,0.19107,-3.3652,0.039351,1.798,0.017306
-0.79554,-0.39563,0.4081,0.17914,-1.385,-0.014383,0.37699,0.14897
-0.70427,0.11277,-0.13842,-0.49063,-2.3164,-0.022103,0.55963,0.19424
-0.63617,1.5442,1.1994,-0.060752,0.97366,-0.012432,2.0814,0.28563
-0.63296,-5.0832,0.41391,-0.81204,2.2693,0.0042923,-3.1558,0.10996
-0.32239,4.121,1.3343,-0.16658,4.0463,-0.21056,0.9923,0.022441
-0.63027,-0.44641,1.8183,0.81071,0.061152,0.061511,-0.82169,-0.026064
-0.62026,5.5611,0.25103,0.59803,5.0624,0.23731,2.8988,-0.11151
-0.61908,-1.4388,1.004,0.7418,-6.7465,0.046661,-1.06,-0.11302
-0.80865,-0.76847,-1.9208,-0.74536,-4.7056,0.013925,-1.3548,-0.12772
-0.69981,0.54986,1.8135,0.20968,-3.4337,-0.024221,0.31336,-0.075032
-0.5902,-5.0353,-0.63961,0.30449,5.9028,0.19453,-4.7787,-0.01611
-0.59834,1.3951,0.25845,-0.42354,4.688,-0.47135,-2.1495,0.03646
-0.53668,-0.95967,-1.7939,-1.0634,-1.8699,0.065085,-1.0482,-0.045729
-0.47469,0.11392,-0.94323,-0.76909,3.8893,0.095023,4.7574,0.15216
-0.64018,-1.7333,-1.5592,-0.42051,-7.5343,0.061511,-0.078346,0.10962
-0.59712,-0.73591,-2.3036,-0.82972,1.5451,-0.075843,0.18797,0.18704
4.4799,0.49856,-1.6761,-0.054997,-4.2109,0.0043116,1.313,0.016186
4.4773,-4.9378,-2.5474,-0.70955,6.4304,0.18014,-3.3938,0.076982
4.4378,5.2133,0.71326,-0.28133,-1.83,-0.26665,-1.558,0.0019973
-0.66697,1.1081,-0.16918,-0.30952,4.3151,0.059938,-0.34226,-0.099151
-0.66602,7.3358,1.0098,0.81217,2.0606,-0.10305,1.3623,-0.074156
-0.3595,-3.2549,-0.27097,0.064803,-0.94619,-0.027885,-1.2014,-0.13361
-0.64124,3.879,1.3428,-0.099598,-1.4793,-0.039539,1.8111,-0.10083
-0.65708,-3.7509,0.90624,0.30557,-2.9741,0.0032912,0.44179,-0.011802
-0.65796,1.1093,-0.083459,0.24865,-2.0589,-0.029605,0.17003,0.014264
-0.91105,0.77491,1.2355,0.19328,-2.9296,0.013219,1.1647,0.10543
-0.73237,-8.118,-0.15971,-0.20883,1.3337,-0.045527,-2.2381,0.2113
-0.62343,3.5417,1.2685,0.021198,2.8163,-0.1608,-0.10967,0.13169
-0.62948,-3.7851,1.3912,1.1053,2.3152,0.0021232,-2.6058,0.13612
-0.35586,5.7957,1.9813,0.10065,5.4288,0.29899,3.0979,0.057317
-0.51941,-1.4544,3.1678,-0.14329,-5.869,0.0060122,-0.84346,0.075522
-0.62694,3.9186,-1.9298,-0.8964,-2.3522,0.028345,2.0793,0.018571
-0.62411,-0.059836,2.3369,1.1044,-5.9113,-0.032493,0.2189,-0.039937
-0.66755,-1.4904,-0.47737,0.8508,5.6734,0.10971,-4.9305,-0.093139
-0.70808,2.4745,2.8841,-0.43174,3.5792,-0.29483,-1.1881,-0.12777
-0.63817,-1.1118,-0.6358,-1.2854,2.2408,0.056819,0.93683,-0.094429
-0.59485,3.2457,1.0016,0.50405,4.405,0.10826,3.4187,-0.11198
-0.57954,-2.7244,-1.8727,0.3038,-7.6716,-0.0023241,-0.72428,-0.040497
-0.41649,-0.69913,-2.1879,-0.19549,-1.5604,-0.013349,0.83899,0.0097854
4.5101,-0.91357,-1.5744,-0.62737,-5.7052,-0.030073,-0.39159,-0.020734
4.499,-10.123,-1.43,-1.4912,4.5387,0.0026751,-2.6551,0.40265
4.4463,1.9097,-1.5266,0.75115,-3.3538,-0.11616,0.18155,0.051817
-0.77132,-2.0163,-1.5,-0.099225,4.0514,0.0031692,-2.2161,0.15394
-0.63925,6.1396,0.062566,0.46679,0.33286,-0.14222,0.62331,0.21525
-0.65572,-2.8047,-0.59781,-1.0026,3.1169,-0.020338,-1.0675,0.017744
-0.64448,4.3817,-1.1222,0.0051404,1.2824,-0.047574,1.6981,-0.014625
-0.39916,-0.58981,1.5711,0.57624,-1.3454,0.013636,-1.0399,-0.072233
-0.46989,3.6733,0.50448,0.7472,2.1612,0.032324,2.3054,-0.20502
-0.6423,0.5438,2.2161,0.45784,-6.6379,-0.069849,-0.71878,-0.14649
-0.64513,-6.8008,0.72393,-0.0969,-0.77825,-0.044615,-2.6791,-0.15282
-0.77145,3.0354,2.0762,-0.0021432,0.38014,-0.096931,1.0094,-0.075592
-0.68897,-6.2636,1.1321,0.4623,3.6499,0.0040741,-5.5528,-0.004793
-0.60993,3.5391,1.4248,-1.0223,5.4479,0.12352,1.0379,0.019886
-0.61453,-4.5474,2.0467,0.042194,-3.6423,0.011242,-1.7717,0.079513
-0.34366,3.9825,-2.3519,-0.98245,0.067177,0.044543,3.3207,0.19872
-0.43498,-1.6819,0.81652,0.88169,-7.686,-0.011488,-1.3582,0.16786
-0.59996,-0.94969,-1.4795,0.40506,4.017,-0.11894,-3.8075,0.16728
-0.60974,3.4425,0.9741,0.25213,1.1318,-0.19594,-0.26846,0.03388
-0.551,-0.79478,-0.42475,-1.1682,4.1804,0.071971,1.4633,0.041571
-0.78382,6.1721,1.0407,1.2246,4.0873,0.0062047,1.7644,-0.016378
-0.63868,-1.9857,-0.16382,-0.26497,-7.3076,0.018988,-0.89499,-0.11434
-0.62204,2.0405,-1.3979,-0.36258,-0.83826,-0.0029787,2.3792,-0.085157
4.4656,-0.52672,-0.49027,-0.51947,-4.5966,0.020304,0.33531,-0.083307
4.4425,-7.2889,-2.1804,-1.9618,2.7115,-0.072897,-1.1673,-0.11018
-0.58186,-1.5038,-1.7039,1.271,-2.944,0.0058453,0.1787,-0.04478
-0.67048,-4.9352,-1.5864,-0.57887,3.9619,-0.022052,-2.0208,0.014337
-0.66049,4.4583,0.43571,0.66535,1.0873,-0.15801,0.18847,-0.0073971
-0.79534,-3.8927,-1.3648,-0.92217,2.7807,0.035584,-0.80277,0.035389
-0.6837,2.0239,-0.55033,0.23358,2.9497,-0.1525,1.3693,0.39028
-0.64211,-1.9968,0.48395,0.35221,-1.9251,0.067845,-1.2505,0.24311
-0.62944,4.7354,-0.091746,0.61255,2.1075,-0.00083527,3.0238,0.097231
-0.39229,1.1785,1.8719,0.28256,-6.7361,-0.027506,-0.47991,0.13247
-0.60737,-4.5994,1.0443,0.046073,-2.6649,-0.04251,-2.8438,0.0059644
-0.62498,5.1072,2.8404,0.42123,1.7717,-0.072904,2.0181,-0.055051
-0.62276,-3.4922,0.66427,-0.45824,4.4484,0.11805,-4.3096,-0.043539
-0.81037,5.9208,1.6791,-0.57289,6.0704,0.13128,1.1241,-0.14542
-0.68974,-4.0431,2.9863,-0.44094,-4.2042,0.042444,-1.4837,-0.13765
-0.60498,1.766,-0.24509,-1.1456,2.5251,0.046956,4.482,-0.072306
-0.6014,-3.5337,0.29857,0.73228,-7.6703,0.035013,-0.32414,-0.043831
-0.32892,-2.9848,-1.4338,0.12307,2.1904,-0.2183,-3.2327,0.049846
-0.51583,1.2292,1.2712,0.48801,-1.8849,-0.13497,0.26281,-0.021172
-0.55878,-2.679,-1.6858,-1.2544,5.7319,0.25946,-0.64967,0.017452
-0.59563,4.5043,0.63289,0.56442,3.8441,-0.10937,-0.027838,0.12775
-0.78,0.38749,-0.55713,0.053216,-6.4142,0.069443,-0.10558,0.070143
4.4911,4.7904,-0.54858,0.5378,-0.84819,0.053232,2.2242,0.054226
4.4561,-1.4908,-0.55028,-0.5453,-3.4343,0.046224,0.54354,0.10171
4.4141,-3.1096,-1.227,-1.156,-0.33712,0.058064,0.55193,-0.03227
-0.67686,0.61903,-1.6048,0.75096,-3.3074,-0.023726,0.73203,-0.062814
-0.6975,-2.5243,-0.25934,-0.28687,2.0501,-0.066236,-1.2105,-0.14885
-0.64668,3.332,0.90569,0.041276,0.96201,-0.081959,0.89507,-0.12461
-0.65655,-5.7378,-0.49176,-0.46859,4.0422,0.070919,-1.2534,-0.10718
-0.65471,1.557,-0.018653,0.26207,4.1668,-0.087459,0.081449,-0.039036
-0.78537,-4.8937,-0.74667,0.64469,-0.041811,0.0041447,-1.1792,0.20361
-0.73046,2.1743,-0.39387,0.55402,3.8818,0.0095611,1.1583,0.18266
-0.63544,-2.0963,0.72889,-0.38686,-5.5192,-0.044911,-0.23078,0.14722
-0.63441,-0.94768,-1.1143,-0.4024,-3.6801,-0.042543,-1.1087,0.066298
-0.46348,2.3947,0.76658,-0.10346,-0.41296,0.012167,2.2333,0.18385
-0.60834,-3.7218,-1.0121,0.51797,3.5451,-0.07592,-3.4485,0.10925
-0.62917,5.2488,1.2208,-0.86726,5.3787,-0.16814,0.7813,0.07708
-0.62362,-1.8913,0.63228,0.15264,-0.66319,0.073672,-1.0127,-0.0087601
-0.87334,4.9289,0.11033,-0.17001,4.7575,0.1442,6.5,-0.056633
-0.62752,-0.95985,0.66004,0.64575,-8.5049,-0.0075416,-0.43616,-0.11078
-0.61081,-1.0273,-0.94917,-0.18306,-4.5644,0.0067823,-0.17907,-0.097374
-0.59939,0.61011,1.4026,0.56298,-3.776,0.041456,0.77839,-0.10285
-0.59317,-4.8312,-1.6183,0.57143,6.6034,0.33793,-3.7075,-0.088905
-0.41851,2.1248,1.3407,0.022476,0.70008,-0.25447,-1.0944,-0.027086
-0.80495,-0.89161,-1.3366,-0.15506,0.72854,0.054484,1.0293,-0.046703
4.4984,4.5444,-1.1878,1.134,0.96216,-0.0012524,2.6137,0.11558
4.4645,-0.33956,-0.73273,-1.071,-1.1211,0.051846,0.51853,0.037896
-0.82563,0.57572,-2.4151,-0.23896,-1.0484,-0.0016503,1.4925,0.22043
-0.59893,-1.5842,0.23039,-0.48048,-2.0772,-0.00063633,0.66847,0.15907
-0.65621,1.2972,0.138,-0.17812,-1.3406,0.026625,0.01865,0.086547
-0.65853,3.5983,-0.75565,0.81624,-0.80209,-0.018727,0.97554,-0.029399
-0.43616,-1.427,0.47465,-0.1969,0.32998,0.018385,-1.4005,-0.034753
-0.52369,2.1978,0.77137,-0.11837,2.8982,-0.12157,1.6139,-0.11597
-0.64777,-3.4889,0.85976,-0.20944,3.6966,0.055401,-0.31956,-0.15525
-0.65088,4.8386,0.46347,0.62793,5.1747,0.091731,1.9466,-0.18584
-0.82603,-3.2206,0.68715,0.10951,-5.3727,0.014881,-1.0126,-0.14206
-0.71433,2.7645,-0.71188,0.21999,-1.569,0.054869,1.9665,-0.084256
-0.61717,-0.089827,1.3651,0.8582,-5.2007,-0.015422,0.032701,-0.071041
-0.62088,-4.5692,0.76665,0.87348,-2.4974,-0.042774,-3.1935,0.02726
-0.36945,2.2017,1.4163,0.6339,2.553,-0.26998,0.21322,0.15481
-0.50383,-3.2475,-0.90765,-1.1925,4.7663,0.2048,-0.94952,0.14362
-0.64418,4.0148,-0.5327,-0.82781,5.7863,0.22157,2.8049,0.15046
-0.61698,-0.95021,-0.054756,-0.41946,-7.0326,0.05123,-0.88294,0.057196
-0.75743,0.315,-0.56356,-0.42419,-4.6726,0.0098499,1.9559,0.056758
-0.74398,1.1094,0.99552,-0.074947,-5.8299,0.052205,0.529,-0.0029433
-0.64726,-4.064,-1.0936,-0.39851,5.4677,-0.04579,-2.5108,-0.055391
-0.58669,2.6714,1.4149,-0.14859,-3.1371,-0.15454,-1.0613,-0.11283
4.4647,-0.5379,-1.0548,-0.6017,5.5373,0.18193,-1.4299,-0.072428
4.4367,5.3199,0.41674,0.80979,0.34148,-0.079584,-0.36095,-0.21444
4.4129,-0.73551,-0.71159,-0.64343,1.6486,-0.0066495,0.9701,-0.099516
-0.68184,3.5923,-0.41793,1.1059,0.0464,-0.024285,2.4023,-0.05269
-0.67992,-3.8084,0.23664,1.4454,-3.0649,-0.040508,-0.51889,-0.0043792
-0.84049,1.9387,-0.75424,0.27959,-2.6623,-0.036452,0.91118,-0.023825
-0.66639,0.41255,-0.51271,0.3615,-2.3269,0.032934,-0.30762,0.22386
-0.65007,-0.88196,-0.67368,0.028552,-1.4384,0.026253,0.25323,0.27465
-0.63718,1.9833,1.8642,-0.22323,-0.30271,-0.051071,1.4571,0.19512
-0.37281,-3.507,1.5497,0.58932,3.4537,-0.038018,-2.0112,0.16411
-0.5186,6.6008,1.401,0.09341,5.2592,-0.043075,-0.29616,0.069559
-0.64262,-2.4473,1.8407,0.69249,-2.583,-0.008594,-1.7033,-0.01392
-0.6426,6.0889,0.89533,0.1253,4.2525,0.14231,2.962,-0.058701
-0.76678,-0.66381,0.46477,1.2883,-6.0074,0.0092209,-1.7283,-0.14084
-0.67281,-0.91816,-1.4403,-0.414,-4.4235,0.0065513,-1.0164,-0.14617
-0.6145,1.2073,3.7719,0.38044,-1.7495,-0.13608,0.68271,-0.12183
-0.61195,-4.3009,0.31716,0.40996,6.8246,0.40347,-3.7908,-0.0321
-0.49645,1.866,0.97387,-0.2932,5.697,-0.12749,-1.0583,-0.015137
-0.48584,-1.5784,-1.3477,-1.3,-5.9034,0.010209,-1.379,-0.045973
-0.54098,1.5331,-1.8571,-1.0291,2.0051,0.038799,3.9195,0.064765
-0.61116,-1.9752,-2.0086,0.24637,-6.707,0.07577,0.076158,0.158
-0.707,-4.4245,-1.8996,-0.40093,2.8608,-0.22438,-0.88929,0.19346
4.5002,2.1543,-1.4433,0.099274,-3.8449,-0.018111,0.69209,0.032395
4.4709,-4.0829,-1.3316,-1.6657,6.147,0.19437,-3.7944,0.10872
4.4293,5.8072,0.1415,-0.36449,0.30157,-0.073468,0.49256,0.0035549
-0.67615,1.8451,-0.6935,-0.4545,4.1902,0.047565,0.51328,-0.042784
-0.50603,5.564,-0.77537,0.77552,1.8325,-0.084494,1.5865,-0.094064
-0.60418,-4.6637,-0.23702,-0.63785,-0.30521,-0.04219,-2.2915,-0.13318
-0.66167,2.8886,1.36,-0.043815,0.84766,-0.044019,0.43301,-0.13967
-0.65844,-0.93137,1.0261,0.17363,-2.7839,0.0041319,0.21877,-0.070457
-0.86058,0.33253,0.90315,-0.03052,-2.056,0.043099,0.84423,0.044783
-0.6894,-0.20896,0.40014,0.12899,-2.3155,0.00015302,1.3785,0.15876
-0.63792,-5.8277,1.2648,0.93431,2.2635,0.0041832,-4.0903,0.10001
-0.62941,4.1613,0.74617,-0.4159,4.7305,-0.11905,-0.31277,-0.0045253
-0.36678,-3.6563,1.7391,0.81364,-0.19961,-0.0050323,-2.2215,0.21184
-0.5471,5.5912,0.44984,-0.15071,5.0202,0.15509,2.6359,0.048118
-0.63373,-0.76936,0.53019,0.3084,-6.7889,0.029288,-0.56003,0.12943
-0.62388,2.3744,-1.0723,-1.1108,-4.1115,0.040256,0.45452,0.011757
-0.8722,2.4101,1.7177,1.1927,-4.5789,0.027498,1.2013,-0.017643
-0.65122,-1.6982,-0.20559,0.63452,6.7289,0.26133,-6.0886,-0.077271
-0.60602,3.5784,2.8103,-1.0051,4.7585,-0.45176,-3.3338,-0.07586
-0.59927,-1.9022,-0.10407,-1.0505,-1.8282,0.0039714,-0.56279,-0.10699
-0.55387,3.5791,0.37342,-0.37659,4.035,0.08007,5.1985,-0.10229
-0.53411,-2.7043,-1.2452,-0.049287,-7.6183,0.011993,-1.3132,-0.081263
-0.56506,-4.8764,-2.9431,-0.34664,2.6005,-0.10921,0.30816,-0.014504
4.502,-0.33889,-2.3084,0.045438,-3.7482,-0.04251,0.61372,-0.046021
4.478,-9.4922,-3.0932,-2.3736,4.9504,0.02823,-2.058,0.087423
4.4511,3.5717,-1.4101,-0.18175,-0.5691,-0.11371,0.027865,0.1748
-0.63171,-2.4293,-2.0251,-0.81537,3.7838,0.046507,-0.72931,0.17689
-0.6625,5.1569,-0.33827,0.58842,0.82134,-0.10985,0.12853,0.12237
-0.66429,-2.2411,-0.71935,-0.33958,0.44575,-0.018509,-1.5762,-0.028449
-0.45523,4.8325,0.35944,-0.068209,1.3731,-0.032544,1.4404,0.017987
-0.66031,-0.68938,1.4672,0.014184,-2.8509,-0.038416,-0.15271,-0.061354
-0.64489,2.6104,1.2959,0.38632,-1.8729,-0.0045253,0.97144,-0.15705
-0.64195,1.4416,1.9158,0.32359,-2.7311,0.030745,0.51244,-0.14038
-0.88402,-5.3798,0.95043,-0.048131,1.6419,-0.034553,-4.265,-0.17479
-0.79458,2.7539,1.6927,0.11423,3.8921,-0.20528,0.20147,-0.11526
-0.62852,-5.0389,2.3044,0.84795,2.2471,0.048361,-1.4036,-0.052982
-0.62787,3.1732,-0.10297,-0.21571,5.7789,0.27039,3.7388,0.015164
-0.35736,-3.4704,1.3834,0.19611,-7.3439,0.018969,-1.0315,0.11692
-0.548,0.3403,-3.4635,-0.84523,-4.8584,0.0362,2.0823,0.2142
-0.62152,0.16158,0.72557,1.2037,-6.0927,0.048355,0.45525,0.16767
-0.61428,-1.599,-0.47797,1.1573,5.85,0.12894,-4.8925,0.098181
-0.85971,3.4128,1.381,-0.66333,3.4363,-0.59834,-3.0418,0.039478
-0.66323,0.087504,-1.228,-0.9395,0.65738,-0.010872,0.39014,0.040841
-0.56085,4.438,1.1454,0.23576,4.9476,0.19643,3.4874,0.019569
-0.58949,-1.7516,-1.5262,-0.30674,-7.0164,-0.024593,-0.46014,-0.087347
-0.45471,1.1299,-1.3018,-0.30659,1.5002,-0.074636,1.9347,-0.070773
4.4609,0.30333,-1.6767,-0.0027277,-4.386,0.023108,0.68032,-0.13965
4.4347,-9.4693,-1.3135,-0.70587,4.2714,-0.031036,-2.1114,-0.11921
-0.67236,-0.2976,-0.99178,-0.075216,-1.63,-0.13081,0.26948,-0.10867
-0.66851,-3.1633,-1.8874,-0.30917,4.7164,0.091333,-0.71403,-0.027841
-0.77181,2.4525,-0.74957,0.57441,1.9968,-0.10983,0.46761,0.030765
-0.63343,-5.6097,-1.836,-1.422,2.8713,-0.045193,-1.1219,0.041984
-0.63913,1.4751,-0.094803,-0.021232,3.7384,-0.048402,2.3977,0.40474
-0.64179,-1.3304,0.88026,-0.16076,-2.4266,0.036476,-0.60627,0.066639
-0.3194,3.0673,0.55386,0.3384,0.53954,-0.014472,1.7889,0.21396
-0.59684,1.4773,1.6375,0.32813,-4.9732,-0.044769,0.63387,0.17132
-0.64046,-2.0392,0.53224,1.0054,0.39011,-0.0016182,-3.2429,0.038285
-0.63558,3.9275,2.2932,-0.48504,3.5254,-0.1742,-0.071546,-0.016694
-0.88984,-2.5854,2.3234,0.68352,5.2554,0.27338,-1.2108,-0.060332
-0.62831,5.8344,3.1036,-0.39095,6.7933,0.40129,0.064354,-0.17309
-0.60623,-4.0352,2.5727,0.22905,-4.5549,0.072677,-0.9606,-0.14033
-0.61079,1.4448,-1.6207,-0.47106,0.59148,0.058604,2.1849,-0.095354
-0.35506,-2.2875,0.65174,0.31971,-6.0923,0.029327,-0.36196,-0.041202
-0.43199,-1.0291,-2.6316,-0.14563,2.3572,-0.11513,-2.3417,-0.078853
-0.57785,0.83396,-1.0535,0.16768,0.51922,-0.15134,1.1518,0.033783
-0.60652,-1.1676,-3.2459,-0.99813,6.3043,0.37594,0.30324,-0.013409
-0.72169,4.9437,-0.16766,0.50449,3.9193,-0.045424,0.70815,0.15983
-0.67114,-2.4152,-3.1984,-1.4273,-3.8223,-0.0014834,-0.68032,0.17358
4.4978,3.6427,-2.0137,0.15724,0.19011,-0.0078945,1.2688,0.033831
4.462,-0.98056,-1.8357,-0.08751,-2.6803,0.0039329,0.13128,0.13405
4.4255,-2.4331,-2.1937,-1.4196,-0.72068,0.024758,0.39988,-0.019761
-0.44786,0.56728,-1.6967,0.80213,-0.21946,0.035744,1.6415,-0.048528
-0.67382,-3.8057,-1.8565,-0.52701,2.1446,-0.021827,-0.2198,-0.11536
-0.66103,3.4717,0.63501,0.021583,0.98556,-0.092682,1.5469,-0.11312
-0.66185,-4.131,0.4234,-0.66232,3.6808,0.016383,-1.2292,-0.070554
-0.8396,1.6409,0.56834,0.39907,4.3628,-0.092997,0.41589,-0.083015
-0.65864,-5.7865,-0.3833,0.42597,0.93026,0.052269,-0.56864,-0.03614
-0.6321,0.52094,0.24387,0.2057,3.9131,0.036219,3.173,0.24131
-0.62415,-1.1677,1.9498,-0.0092854,-7.618,0.0081556,-1.0311,0.059337
-0.41337,-0.69813,1.0821,-0.19272,-1.3053,0.015279,-1.0596,0.14557
-0.49083,2.529,1.6774,0.39703,-2.6629,-0.041298,0.26309,0.14016
-0.63581,-4.5379,1.27,1.1675,5.7877,0.18633,-5.567,0.18222
-0.62804,5.3297,0.91256,-0.77652,5.429,-0.21235,-1.3631,0.12829
-0.89945,-2.6223,1.0862,0.20855,-1.4635,0.026882,-2.1419,0.033929
-0.64418,5.6266,0.85149,-0.75739,4.2302,0.096807,6.6541,-0.035434
-0.59609,-1.269,1.133,0.96751,-7.833,0.03147,-0.87058,-0.08321
-0.59663,0.25397,-0.96619,-0.78555,-4.9528,-0.086612,-0.47316,-0.079364
-0.2196,0.97468,0.81118,0.94714,-3.472,0.015728,1.6779,-0.10149
-0.43057,-2.1413,-2.1141,-0.16357,6.6339,0.25148,-3.1674,-0.11628
-0.54113,2.9742,0.47265,0.13102,0.16134,-0.2661,-0.23313,0.01458
4.4147,-3.5017,0.39671,-0.72194,-0.25562,0.023429,0.52933,-0.080216
4.4957,3.5347,0.0495,1.2464,-0.47298,-0.01102,1.3118,0.1096
4.465,-2.6635,-1.523,0.33988,-3.2365,0.028454,-0.089546,0.13717
-0.69278,0.94655,-2.3185,0.42483,-1.4007,0.041726,1.0145,0.1518
-0.65975,-2.6863,-1.4186,-0.18515,-4.0932,-0.029675,-1.0158,0.13055
-0.65317,0.52855,0.28754,-0.34221,-3.0899,0.0081492,-0.096462,0.0084955
-0.47152,1.8478,-2.51,0.46761,-0.80741,-0.080194,1.5269,0.063621
-0.58707,-1.6287,0.95576,0.52328,-0.95294,0.013181,-2.5854,0.0066458
-0.64457,2.683,-0.26956,0.089884,3.4135,-0.20577,0.8701,-0.079437
-0.63818,-4.0343,0.46183,0.25956,1.2685,0.028711,-2.271,-0.098616
-0.76749,3.6595,-0.27252,0.27697,4.832,0.050922,1.7805,-0.13544
-0.66545,-2.7843,0.57513,0.19046,-7.0759,-0.048819,-1.38,-0.13096
-0.62208,2.9516,-0.3439,-0.39748,0.58754,0.0061085,1.4882,-0.085132
-0.61047,0.25385,1.3507,-0.072326,-5.1079,0.011634,0.6504,-0.070432
-0.345,-5.6727,-0.562,0.67931,1.1785,-0.18843,-5.5214,0.12055
-0.56616,2.7243,1.0774,-0.32052,3.0254,-0.62971,-0.49359,0.14175
-0.6389,-4.544,-0.90166,-1.4945,3.7455,0.073094,-1.4103,0.1315
-0.6082,4.0111,-0.12001,-0.52996,4.9076,0.046064,2.7146,0.14564
-0.70212,-0.1791,-1.0538,0.10199,-9.3062,0.016723,-1.6285,0.040646
-0.63964,0.814,-2.5051,0.30923,-5.7907,-0.042389,2.6396,0.1019
-0.57473,1.168,-0.12279,0.051456,-7.5557,-0.0059821,-0.93719,0.011708
-0.58007,-2.9759,-1.5868,0.3893,5.3191,-0.15384,-4.4199,-0.027403
-0.36453,4.8217,1.2831,0.22235,-3.1261,-0.32581,-1.4803,-0.088077
4.468,-0.55772,-0.30734,-0.22773,2.8313,-0.063008,-0.1179,-0.094332
4.4387,2.7931,0.28728,0.70855,-0.088033,-0.078057,0.40074,-0.17642
4.4904,-0.65808,-0.78104,0.33313,-2.4836,-0.022867,-1.4479,-0.10073
-0.66396,4.2555,-1.4597,0.25076,-0.46074,-0.06682,0.61798,-0.081579
-0.8576,-4.0972,0.47678,0.51578,-3.9945,0.010113,-0.57155,0.0025327
-0.64766,1.0236,-0.98311,0.14502,-4.9195,-0.018958,-0.01895,-0.044464
-0.64729,-1.1596,-0.14652,-0.73373,-1.7771,0.0049276,0.50339,0.20756
-0.64945,-0.4556,-2.1907,-0.54743,-3.5147,0.065939,-0.36208,0.10076
-0.36468,1.2105,0.99823,-0.60816,1.0066,-0.097258,1.2588,0.25302
-0.61424,-5.1116,1.9044,-0.69268,1.4851,-0.01367,-1.3291,0.28305
-0.63759,4.8569,0.86544,-0.12429,4.8572,-0.016815,0.85642,0.07669
-0.63069,-0.87061,2.2706,-0.047739,-3.9756,-0.011084,-1.6472,0.0037983
-0.76771,6.7974,-0.8728,-0.15627,2.8856,0.015722,3.1113,-0.069264
-0.66732,0.036693,0.49673,0.79798,-6.1553,0.035488,-0.13425,-0.12955
-0.61781,-2.4299,0.12774,-0.0010256,-4.4497,-0.045925,-3.0728,-0.14474
-0.60896,1.3251,2.35,0.1173,-0.65857,-0.10517,-0.20768,-0.15119
-0.34417,-4.0299,0.47494,0.039522,5.2338,0.18292,-2.3191,-0.072014
-0.54458,1.0058,0.34786,-0.002612,4.7683,-0.22209,-0.41743,-0.071746
-0.60677,-2.4513,-1.0903,-0.55687,-7.9165,0.062961,-1.8607,-0.058507
-0.59873,-0.38198,-0.97449,-0.24859,-2.0809,0.019604,3.0693,0.0086659
-0.86963,-1.6152,-1.7585,-0.35406,-6.9768,0.069654,-0.33134,0.14617
-0.68393,-4.5046,-2.9419,-1.1371,4.1105,-0.14707,-2.6921,0.23092
4.5163,3.1467,-0.85292,-0.00050533,-3.3866,-0.058381,0.1405,0.042155
4.4817,-1.9458,-2.5033,-0.3919,5.1259,0.072992,-1.545,0.1261
4.4367,6.3613,1.2386,0.65589,-1.8726,-0.15808,-0.65255,0.029085
-0.49097,1.5992,-0.33955,-0.08462,1.6675,-0.025196,0.026671,0.00046401
-0.71957,5.902,0.55185,0.27111,0.5864,0.019091,1.9366,-0.079097
-0.66347,-3.1822,1.0857,0.008217,-3.6518,0.049337,-0.53295,-0.12108
-0.66349,3.1082,1.698,0.61769,-4.9785,0.04349,1.1041,-0.075884
-0.72634,-1.7265,0.85968,-0.26287,-2.5895,0.042252,0.18083,-0.080995
-0.62804,-1.1692,0.72966,0.017132,-3.57,0.060394,-0.45421,-0.016694
-0.63494,0.7862,0.94724,0.51816,-0.43375,-0.028726,0.70721,0.11911
-0.63721,-8.2751,2.3779,-0.51603,2.4235,-0.01161,-3.1846,0.0081548
-0.46381,3.4991,0.94662,-0.43941,3.0103,-0.17618,0.63177,0.029256
-0.53923,-3.5368,3.4101,0.32702,-2.2557,0.027305,-1.2292,0.22452
-0.6389,5.4765,-0.34417,0.085427,2.8667,0.095434,2.9514,0.061382
-0.63059,-0.55958,1.0805,1.2834,-7.302,0.032163,-1.3308,0.071725
-0.86128,0.34485,-1.735,-0.77417,-5.9217,-0.0034985,-1.6259,0.084405
-0.72851,1.5696,2.0954,0.39209,-2.941,-0.019613,0.70824,0.012073
-0.60845,-1.043,-0.68616,-0.023018,6.7699,0.36745,-3.8166,-0.048358
-0.60657,3.0532,1.2625,0.12408,4.9953,-0.19204,-1.5335,-0.062961
-0.27653,-0.95892,-1.6158,-0.50533,-6.0699,0.020022,-2.0306,-0.10156
-0.46361,0.38505,-0.82358,-0.50382,-0.26555,0.068326,3.2368,-0.1156
-0.6777,-1.4922,-1.9797,-0.25851,-5.8826,0.040089,0.72267,-0.09954
-0.59922,-4.0088,-2.179,-1.107,4.4133,0.012789,-1.8495,-0.036116
4.4989,1.0208,-1.1927,-0.31895,-4.7928,-0.019035,-0.34169,-0.045535
4.4886,-7.1485,-2.3175,-0.16981,6.4919,0.26075,-3.3452,0.12524
4.455,3.869,0.17752,0.059774,-1.4312,-0.044583,-0.14965,0.18869
-0.66438,-0.77096,-1.3229,-0.78235,4.795,0.10255,-0.65054,0.15683
-0.65525,5.6976,-0.42886,0.55042,3.1096,-0.033603,2.3987,0.038796
-0.40734,-2.9778,-0.15599,0.099743,-1.3163,0.073075,-0.89482,0.059167
-0.67274,4.8296,0.33345,0.36744,-1.0904,0.0068593,2.0835,0.060457
-0.65622,0.63026,1.041,-0.49098,-2.1724,0.051025,0.04733,-0.033341
-0.65452,2.9828,1.2891,-0.020532,-1.109,0.049298,0.38122,-0.055002
-0.80945,2.8138,2.6417,0.081162,-1.0177,0.042669,1.6466,-0.16333
-0.62047,-7.5983,2.4163,-0.16083,4.348,0.088708,-3.8928,-0.13787
-0.62428,4.1745,2.3967,-0.33946,4.5088,-0.068585,0.42777,-0.12152
-0.6149,-4.1505,3.1331,0.52199,-0.25038,0.029802,-1.7378,-0.058117
-0.42921,3.2541,0.90205,-0.16638,4.9974,0.21421,4.318,-0.043393
-0.45466,-4.0043,-0.18753,0.73088,-3.9106,0.073454,-2.2142,0.11765
-0.63103,-0.4626,-2.9803,-0.57032,-4.1829,-0.0059115,0.35977,0.12086
-0.62334,-0.025735,1.1071,0.70377,-4.6215,-0.016783,0.01393,0.076934
-0.75259,-1.7909,-2.4955,0.36343,7.638,0.47321,-4.8965,0.13612
-0.70778,4.1575,0.24697,-0.53586,4.9172,-0.11486,-0.5715,0.034999
-0.58407,-0.84715,-1.2555,-0.53733,-0.89483,0.074243,0.21459,0.071117
-0.58845,4.8526,-0.69771,0.34482,3.8567,0.0040035,4.8184,0.019813
-0.29626,-1.021,-1.5921,-0.41114,-6.4604,0.047752,-0.22579,-0.048187
4.4766,-1.0397,-2.6389,-0.92884,1.3291,-0.060897,1.1543,-0.054004
4.4408,-0.52787,-2.1949,-0.13812,-3.6797,-0.028013,0.17702,-0.14035
4.4156,-7.4537,-0.41471,-0.5064,4.6749,0.095401,-0.68482,-0.14985
-0.76112,2.1958,-0.17893,0.6342,-2.7407,-0.030722,0.54417,-0.090657
-0.85014,-3.0465,-1.5565,-0.64126,4.7346,0.10156,-1.9962,-0.068704
-0.71154,2.3189,-0.85344,0.41087,2.3803,-0.088992,0.651,-0.027062
-0.65978,-6.7011,-1.6062,-1.0127,2.8165,0.072177,-1.1667,0.043177
-0.65307,3.4803,0.44929,0.66124,2.8458,-0.049191,1.2835,0.15791
-0.41478,-1.0041,1.3444,0.25461,-4.3989,0.01286,-1.8783,0.23676
-0.57518,3.3953,0.36712,0.85882,1.2538,0.046763,1.8885,0.27441
-0.65225,1.4063,1.7025,0.32648,-5.6098,0.027357,0.93669,0.14167
-0.64552,-5.0561,2.3556,0.26044,1.2703,-0.028225,-4.0234,0.031057
-0.92581,5.0115,2.484,0.21262,2.7439,-0.16978,-0.12343,0.012828
-0.65483,-2.4187,1.3325,0.37503,3.2951,0.022152,-3.0508,-0.038258
-0.62902,6.2724,1.5522,-0.85457,6.5182,0.28467,2.194,-0.14841
-0.61578,-3.2701,2.8369,-0.14634,-6.1055,0.00083327,-0.71076,-0.11349
-0.47867,1.9236,0.061795,-0.99924,-0.64801,0.002213,3.2043,-0.12186
-0.57426,-2.5836,1.2174,0.089434,-7.1977,0.028807,0.17469,-0.096401
-0.61865,-1.3974,-2.2758,-0.055094,5.7312,-0.0031905,-3.3723,-0.098323
-0.6093,1.3617,0.13182,-0.41971,1.0555,-0.12845,0.49003,-0.012557
-0.75827,-2.6411,-1.3297,-1.6321,4.1704,0.094946,1.5516,-0.010877
-0.62845,4.4353,-0.34378,1.0155,3.9514,-0.029675,0.17618,0.1581
-0.49516,-1.4756,-1.2318,-0.39623,-5.8356,0.018392,0.26725,0.1949
4.4955,3.156,-1.3242,0.50388,0.30725,0.037073,1.8713,0.093848
4.455,-0.83638,-0.47116,-0.25594,-3.5325,-0.010802,0.72225,0.072869
0.70761,-3.0826,-1.7509,-0.66292,-1.0077,-0.0041403,-0.69907,0.04785
-0.64587,0.3974,-2.1914,0.85872,-2.4883,0.018456,0.64383,-0.0229
-0.66685,-1.5346,-1.1503,-0.37653,2.2039,-0.017572,-1.9327,-0.073231
-0.60603,4.3542,0.14176,-0.40456,1.8117,-0.12834,0.84637,-0.074789
-0.79458,-5.5852,-0.086671,-0.79051,2.667,0.053296,-1.73,-0.12699
-0.66854,2.2652,-0.17148,0.43971,3.9505,-0.18443,0.6094,-0.089416
-0.64478,-4.5014,0.21467,0.50096,-0.49035,0.039621,-1.5401,-0.041981
-0.64638,4.2964,-1.6928,0.90693,2.5649,0.0044592,1.867,-0.005158
-0.38327,-1.99,0.93492,0.40832,-6.5893,0.029898,-0.70882,0.04011
-0.61414,-2.3274,-1.1719,0.11917,-4.4269,0.026561,-1.7323,0.13856
-0.63327,3.3768,2.1096,0.31011,0.0064272,-0.022289,0.68554,0.073721
-0.63037,-3.5549,0.16061,0.061604,4.4177,0.069943,-3.3326,0.14715
-0.74621,5.6136,0.32091,-0.90908,5.6347,-0.34221,-1.0726,0.12911
-0.66841,-1.7367,-0.50807,0.28906,-4.2145,0.015645,-1.3715,0.074281
-0.61289,5.319,-0.13752,-0.15589,3.84,0.014522,5.3156,0.012122
-0.60612,-0.97104,1.1083,0.27262,-8.2744,-0.02356,-0.668,-0.065784
-0.49736,-0.32209,-0.86773,-0.0695,-3.5193,-0.12316,-1.601,-0.07328
-0.56094,2.835,0.34113,0.64876,-2.8096,-0.058734,0.97367,-0.10782
-0.5877,-3.4085,-1.5246,0.26764,7.2187,0.46941,-2.4465,-0.12317
-0.59288,2.0807,0.51414,0.29101,2.1742,-0.22994,-0.76492,-0.092312
4.5357,-0.012256,-0.25076,-0.12829,-2.2546,0.049658,0.13977,-0.077466
4.485,4.6277,0.10779,1.1543,0.30008,-0.033276,2.0181,0.07209
4.4604,-2.7504,-1.0236,-0.39742,-1.7862,-0.016622,0.59859,0.12965
-0.66408,-1.8788,-1.481,-0.31283,-2.4868,0.028666,1.2692,0.12846
-0.66075,-1.7506,-2.0965,-0.68883,-0.44516,-0.0036461,0.98393,0.082677
-0.40015,-1.0261,-1.9621,-0.48863,-1.2212,0.016948,-0.40964,0.1397
-0.68415,3.8708,0.27885,0.52162,-0.08856,0.010954,1.2044,0.088981
-0.65544,-2.0664,0.91645,-0.054047,2.6676,0.042637,-2.0971,0.10341
-0.65074,3.7855,0.89905,-0.15678,4.5612,-0.086843,1.1692,-0.058872
-0.7502,-2.4168,0.077727,0.18009,1.5636,-0.00082886,-1.4362,-0.12965
-0.62084,4.8963,-0.28894,0.26186,4.4256,0.10748,1.6873,-0.13128
-0.62655,-2.2552,1.0912,-0.49646,-4.8414,0.031348,-0.23287,-0.12334
-0.62946,-0.033705,0.013609,-0.6728,-4.0775,0.040609,0.42052,-0.10341
-0.29111,1.6097,1.3741,0.85982,-3.1133,-0.051643,1.4602,-0.092336
-0.57028,-6.8005,1.013,0.82918,3.762,-0.018156,-3.4786,0.0038956
-0.62588,2.5849,1.6409,-0.49321,4.6866,-0.30861,-0.62122,0.1029
-0.61812,-3.9137,-0.3343,-0.97183,1.3445,0.073024,-0.97793,0.04841
-0.86106,4.3537,-0.81187,-0.45679,5.5185,0.23519,5.3701,0.14187
-0.67718,-1.1359,-0.061321,0.63352,-7.6023,0.0096445,-0.41019,0.027017
-0.58728,-0.90041,-3.0599,-0.32918,-5.0527,-0.031517,-0.003525,0.13559
-0.59361,2.2486,0.49605,0.66225,-3.4456,0.015966,0.85021,0.035559
-0.39651,-2.4782,-1.9398,-0.50852,7.0182,0.2807,-3.2295,-0.0083463
-0.41795,4.8942,1.7065,0.049934,-1.1431,-0.17771,-0.71315,-0.052276
4.4638,-0.37123,0.39096,0.24523,2.3518,-0.036144,-0.50769,-0.071211
4.4327,5.5582,1.6501,1.1538,0.19031,-0.050661,1.2991,-0.11908
1.1831,0.16957,-0.42396,0.27937,-1.0064,0.04684,0.7422,-0.113
-0.74614,1.1003,-0.91069,-0.0072494,-2.5641,-0.028771,1.9537,-0.099394
-0.71889,-4.4684,0.37869,-0.29638,-2.0677,0.0031821,-0.12803,-0.060454
-0.656,-0.47623,-0.85294,-0.24423,-0.40441,0.017756,-0.23817,-0.052276
-0.64586,1.7458,0.37703,0.50714,-1.0205,0.022248,0.95424,0.078881
-0.46421,-6.3928,-0.67726,-0.12265,0.048327,0.039646,-1.7117,0.26757
-0.6702,2.0529,0.67735,0.15948,4.207,-0.024387,1.3375,0.19436
-0.65387,-2.9623,0.3616,0.41215,1.9268,0.033428,-0.61335,0.24827
-0.64696,6.7642,-0.099647,0.69455,5.3843,0.2238,2.0332,0.039745
-0.83172,-1.1158,1.2881,-0.51556,-5.4384,-0.023791,-0.53958,0.062599
-0.61386,3.9932,-0.76096,-0.55937,-2.8015,-0.0041146,1.2367,-0.014236
-0.6202,1.7453,2.786,1.4734,-3.9744,0.033357,0.96663,-0.10287
-0.60847,-4.5328,1.3313,0.99743,3.7455,-0.018811,-5.0632,-0.10287
-0.52939,3.5544,0.9745,0.0056606,4.0591,-0.35145,-1.2716,-0.16472
-0.46113,-4.4825,0.42647,-0.95211,2.3353,-0.019523,-1.1121,-0.1011
-0.61534,1.2467,-0.66423,-0.72112,6.1844,0.39154,5.0154,-0.077271
-0.61373,-2.5371,-0.652,-0.61732,-7.674,-0.014511,-0.92488,-0.079243
-0.75555,-1.7674,-3.1491,-1.1277,-5.284,-0.044891,1.2578,-0.025115
-0.73908,-0.55369,-2.0439,0.16666,-3.0752,0.066683,1.1363,0.11619
-0.56547,-5.7446,-3.6715,-0.20215,7.3954,0.34554,-3.3451,0.24861
4.5239,3.6275,-0.27752,-0.41986,-0.82091,-0.1383,-0.14541,0.026408
4.4925,-0.46041,-1.0117,-0.43464,3.7766,0.024796,0.76752,0.14922
4.443,7.7767,0.52301,1.1302,1.1001,-0.035843,1.627,0.10203
-0.65693,0.83039,-0.88106,0.45803,-2.1681,0.022037,0.31084,0.039478
-0.6706,4.7196,0.47642,-0.26674,-0.65542,0.060946,1.5852,-0.044488
-0.66075,-1.786,1.5628,-0.11068,-2.337,0.043676,0.11656,-0.067074
-0.90162,2.158,0.79775,-0.040366,-1.3412,0.014984,1.5152,-0.12239
-0.70008,-0.50696,0.75706,0.0081592,0.059919,-0.005443,1.7009,-0.17545
-0.64425,-6.3806,1.0398,-0.11528,-0.90641,0.01784,-1.8317,-0.050962
-0.63459,1.7341,-0.33882,0.037351,3.82,-0.090892,1.6217,0.014458
-0.45523,-5.4457,2.0149,0.44406,2.1249,-0.01136,-2.1835,0.0067188
-0.55836,3.4139,0.96753,0.58023,6.2188,0.30955,1.9627,0.17594
-0.6384,-4.1637,0.95677,-0.39915,-5.8453,0.042156,-0.449,0.18677
-0.62975,3.7292,-1.4535,-0.67629,-0.26912,0.064334,2.1897,0.010662
-0.86231,1.0939,1.3021,0.98884,-5.0887,0.017743,0.2002,0.24061
-0.63766,-3.6612,0.36243,0.51406,3.9034,-0.049743,-5.0417,0.14177
-0.60853,4.5175,1.0453,0.024737,3.8845,-0.22069,0.2726,0.045805
-0.59846,-1.8729,-0.37539,-1.0654,4.5469,0.1193,-0.056865,-0.027281
-0.53039,4.3983,0.49787,-0.87697,5.7218,0.22322,2.6056,-0.039061
-0.5416,-1.1542,-0.37215,0.001884,-8.8804,-0.0094283,-0.91869,-0.11723
-0.58824,0.07825,-1.9043,-0.12968,-4.8838,-0.048286,1.1176,-0.10597
-0.59301,-0.64078,-0.27422,-0.3808,-4.1541,0.017711,0.41605,-0.12823
-0.68679,-6.3541,-1.6664,-1.0598,6.6749,0.185,-3.8818,-0.073718
4.5021,1.6319,0.11091,0.19494,-2.7458,-0.079186,-0.60363,-0.04001
4.4869,-3.8008,-1.0613,-0.37125,4.5229,0.052982,-1.1138,0.069827
4.3364,5.6531,0.051607,0.51591,2.2968,-0.11193,1.0296,0.079367
-0.53815,-1.7362,-0.41217,-0.49752,0.069225,0.0043821,-0.73275,0.1414
-0.51584,4.3886,-1.2376,0.76795,0.51119,-0.04459,1.7276,0.12853
-0.59321,-3.6073,0.54727,1.0307,-2.0443,0.0092851,-0.8631,0.055127
-0.64828,4.1189,0.25279,0.12242,-0.96943,-0.0091588,2.0926,0.11845
-0.63601,1.6603,0.23663,0.21512,-2.5195,-0.0050195,0.44778,-0.012678
-0.74686,-0.5773,0.079108,-0.70841,-1.3743,0.036964,-0.55101,-0.034364
-0.66493,3.9016,2.5592,0.022559,0.68347,0.00066642,1.6835,-0.15138
-0.62637,-5.3468,3.8768,0.17494,4.4813,0.10562,-1.9578,-0.12256
-0.62638,4.8166,1.2877,-0.34513,5.8789,0.13337,1.9881,-0.088029
-0.54394,-2.8263,3.0896,0.43847,-3.8765,0.0027649,-1.6894,-0.1067
-0.51385,3.1669,-1.4808,-0.33012,4.5123,0.19191,4.7435,-0.05359
-0.61361,-2.4322,0.19419,0.91837,-5.3661,0.05354,0.72392,0.01441
-0.60994,-3.2147,-1.6026,-0.30916,-1.425,-0.00024487,-2.8453,0.010589
-0.81194,-0.18202,1.8977,0.53075,-0.9277,-0.053099,0.79126,0.17514
-0.71691,-2.094,-1.2623,-0.14156,7.3753,0.52852,-2.8741,0.16669
-0.5932,3.5729,2.3273,0.85935,5.4278,-0.24005,-0.60405,0.034148
-0.5879,-0.55073,-1.2873,-0.13216,-5.8965,0.04677,-0.82419,0.049992
-0.47136,4.1412,0.34035,0.65072,0.4527,0.021299,2.9626,0.04252
-0.58036,-0.96682,-0.48514,-0.08304,-6.2952,0.048676,0.22005,-0.0078109
4.4848,-3.8754,-1.3155,-0.37037,4.1655,-0.059106,-2.3293,-0.036335
4.449,0.77435,-0.62136,0.81143,-3.3767,-0.10183,-0.46336,-0.11419
4.4186,-4.8817,-1.0477,-0.92717,5.7419,0.15564,-3.0397,-0.14829
-0.7289,5.2245,0.21132,0.17088,0.034217,-0.12872,0.35514,-0.12931
-0.66067,-2.9446,-1.1237,-0.74409,3.7242,0.026587,0.075952,-0.070067
-0.65309,2.0726,0.19312,0.20108,2.4065,-0.049275,2.1772,-0.0012153
-0.64776,-5.0217,0.019262,-0.23306,0.41063,0.034275,-1.7842,-0.010245
-0.41118,2.308,0.20597,0.10201,0.67326,-0.0136,0.85311,0.11595
-0.67709,-1.3215,0.016352,0.16634,-4.1587,-0.0034793,-0.30839,0.27694
-0.64591,-0.26605,0.51069,0.26771,-1.3984,0.0092594,-0.1865,0.27935
-0.6378,3.6624,2.164,0.29817,-2.4487,-0.010635,1.5406,0.020324
-0.86004,-5.1577,2.3879,-0.55161,3.6334,-0.029451,-4.4072,0.12052
-0.62788,4.5797,3.9484,-0.28214,4.0156,-0.30444,0.45818,0.043177
-0.61642,-1.7257,5.2609,0.42357,0.52988,-0.024227,-0.50916,-0.026162
-0.62064,6.1143,0.51639,0.19148,5.8246,0.36274,5.5888,-0.089562
-0.41726,-1.116,2.3912,-0.36276,-7.2425,-0.0034857,-0.41149,-0.13872
-0.62072,1.4957,-3.1481,-0.64955,-5.1046,-0.055686,0.47964,-0.13157
-0.60721,-1.6973,1.1473,1.1929,-5.2517,0.0097857,0.10652,-0.12412
-0.60723,-1.0247,-0.89249,0.57796,6.7229,0.24933,-5.0711,-0.097131
-0.80495,2.5663,1.2504,0.14156,3.3512,-0.54542,-3.5234,0.018839
-0.6955,-2.4992,-1.4977,-0.63172,-1.8169,0.024527,-0.49826,-0.043174
-0.57953,3.7645,-0.22713,1.3102,2.7358,-0.055878,2.5954,0.16864
-0.5848,-1.1659,-1.7088,-0.55001,-6.4279,-0.020678,0.39763,0.12374
4.5091,-0.01126,-1.3306,-0.043288,-0.91711,0.041308,1.9353,0.11137
4.4724,-2.047,-1.9063,0.20345,-3.7036,-0.0036975,0.23108,0.13269
-0.73854,-5.6124,-0.15426,-1.5128,2.0246,-0.045424,-0.73147,0.077518
-0.66775,3.8567,-0.42711,0.21774,-0.5416,-0.052958,1.445,0.0028978
-0.85451,-1.6837,0.32263,-0.79593,4.337,0.084004,-1.3815,-0.052252
-0.77745,3.6579,0.70305,0.49645,1.8872,-0.080752,1.2969,-0.080532
-0.70234,-5.357,-0.84923,-0.99029,2.8769,0.0076294,-2.3792,-0.13644
-0.63927,2.3792,-0.44486,0.49008,4.1768,-0.053048,2.1941,-0.099978
-0.62592,-0.84063,0.82029,-0.17976,-3.7143,-0.019504,-0.44164,-0.039986
-0.39355,1.3649,0.17038,0.26522,-0.80202,0.013707,1.6417,0.027795
-0.65279,0.25862,1.6441,0.48672,-4.4267,0.049022,0.87151,0.0166
-0.63186,-6.9988,0.15002,0.35868,0.48206,-0.045713,-4.0242,0.097864
-0.63013,3.6097,2.0816,-0.53181,3.6527,-0.18871,-0.12847,-0.013409
-0.72257,-3.3739,2.3147,0.069389,3.9483,0.020073,-2.3659,0.20091
-0.64238,5.025,1.5323,-0.46354,6.2892,0.38761,4.1174,0.1628
-0.59933,-1.8051,2.0111,0.25847,-6.8834,-0.0050452,-1.1278,0.08404
-0.59548,4.1497,-1.3376,-0.21048,-2.6527,0.019207,2.9088,0.036143
-0.49173,1.3892,0.9501,0.26647,-6.1101,0.03482,-0.35522,-0.038477
-0.49474,-0.14211,-0.85286,0.41992,5.6524,0.01483,-3.4041,-0.048723
-0.59653,3.8755,1.4542,-0.19396,2.3982,-0.26891,0.8503,-0.10185
-0.59724,-2.9005,-1.466,-1.3669,2.4679,0.025701,1.6486,-0.12811
-0.66071,4.783,0.58097,1.3383,2.1681,-0.1219,1.5674,-0.11297
4.5038,-0.18258,-2.5341,-0.5169,-4.6799,-0.015191,-0.083754,-0.093115
4.4887,-0.92455,-3.1756,-0.71729,-1.0681,0.02212,2.7571,0.054275
4.4627,-5.2169,-1.1619,-0.8147,-2.203,0.032343,0.65354,0.078248
-0.322,-6.1041,-2.3336,-1.4387,-0.030386,0.018809,-0.086322,0.10022
-0.46543,0.47808,-2.4069,0.29605,-1.3329,-0.034219,1.158,0.19458
-0.64772,-2.6079,0.18552,-0.8208,2.7095,-0.068097,-0.9779,0.15194
-0.66311,3.5544,0.65498,-0.036647,2.6559,-0.10118,0.49102,0.12546
-0.6993,-4.4484,-0.29422,-1.3039,3.1967,-0.018432,-1.013,0.097426
-0.82565,4.6059,0.85027,0.073628,4.0756,-0.22448,1.7289,-0.0044522
-0.69262,-0.21653,1.6122,-0.010525,-4.1862,-0.023322,-0.9255,-0.10292
-0.63294,4.9507,-0.45331,0.85228,0.91596,0.052616,3.0396,-0.1128
-0.62302,0.93722,2.7576,0.66579,-5.5524,-0.037883,0.86145,-0.092896
-0.42574,-3.9976,0.28378,0.44711,-1.4187,-0.12374,-4.8517,-0.13208
-0.55927,2.3203,1.6618,-0.33295,1.6722,-0.23432,-0.36347,-0.11896
-0.62519,-5.6176,1.5374,-0.15765,4.4102,0.073896,-2.8744,-0.003357
-0.62063,2.2772,1.5255,-0.97284,5.8972,0.27026,1.8566,0.0031898
-0.82106,-3.3463,0.96711,0.15579,-7.2852,0.029109,-1.3319,0.11952
-0.66135,1.5529,-2.824,-0.49733,-1.7291,0.036393,2.7313,0.1638
-0.5956,0.4105,-0.094848,-0.13709,-6.9334,0.016678,-0.16394,0.021589
-0.58875,-1.4476,-0.48428,0.58977,5.1031,-0.04527,-3.2701,0.13018
-0.5075,3.99,0.54504,-0.44953,0.019317,-0.16396,0.65806,0.036046
-0.52559,-1.2455,-0.38369,-0.84673,4.0212,0.10251,0.97033,0.03517
-0.58625,6.2912,0.91644,1.0791,2.2249,-0.045366,0.11377,-0.015599
4.4699,1.4665,-0.9221,-0.83536,-2.8131,0.036925,1.3322,-0.0459
4.4348,4.1439,-0.73668,-0.27157,0.20596,0.032606,1.5337,-0.1174
2.8884,-3.1819,-0.31438,-0.57501,-2.8946,-0.0099995,0.35842,-0.12617
-0.58915,-3.3888,-0.42717,-0.77037,-1.3412,0.031053,0.1238,-0.12084
-0.65512,-3.0597,-2.1423,0.86283,-1.2459,0.0056207,1.2872,-0.046751
-0.64944,-2.5314,-0.32052,0.016824,1.3316,-0.061769,-2.4836,-0.050986
-0.5837,1.6304,-0.45046,-0.64427,2.5603,-0.17933,0.42306,0.11926
-0.58407,-6.9484,-1.2293,-0.70198,1.6321,0.043972,-1.7927,0.27743
-0.64839,1.941,-0.72402,-0.37272,4.6324,-0.10682,1.419,0.1573
-0.63437,-0.89243,1.1624,-0.32001,-3.7659,0.041045,-1.0589,0.086182
-0.72469,6.6368,-1.4327,1.1982,3.1566,0.033755,3.1365,0.12013
-0.65695,0.81852,2.4411,0.79681,-6.2927,0.046231,0.32825,0.10008
-0.62089,-0.23136,1.0795,1.1676,-1.1933,-0.075034,-1.9672,-0.0020671
-0.62236,3.6311,1.8615,0.49751,1.856,-0.14405,0.10926,-0.063837
-0.39477,-2.1315,0.42197,-0.85296,4.8983,0.20023,-3.444,-0.10268
-0.50989,3.1435,0.42108,-1.1011,6.0848,0.10799,-0.15606,-0.14247
-0.60327,-3.2456,0.97281,0.10657,-6.5024,0.073839,-1.1122,-0.122
-0.60137,-0.39338,-0.83878,-0.9303,0.51378,0.058315,2.9742,-0.098932
-0.80185,-1.1181,-1.174,0.036144,-8.0726,0.068159,-0.60692,-0.099419
-0.6958,-2.799,-0.77019,-0.75902,3.2044,-0.37698,-3.602,-0.055367
-0.57653,1.6184,-0.26079,-1.1386,-0.29807,-0.0071501,1.198,0.05391
-0.58298,-4.8163,0.63553,-1.0381,5.0577,0.25074,0.37017,0.20376
4.5274,5.5605,0.19085,0.65304,1.5751,-0.043723,0.16954,0.025702
4.4963,0.84721,-1.6368,-0.05115,-3.5676,0.060144,1.2736,0.18636
4.4512,6.4393,-0.63673,0.50588,1.2,0.060028,2.3094,0.13588
-0.66734,-1.4104,-1.0067,0.41348,-2.8719,0.0083546,0.078418,0.070192
-0.93522,0.77788,-0.42183,0.26698,-3.1835,0.024219,1.5539,-0.016694
-0.74124,0.49571,-0.45185,0.37821,-0.90496,-0.0087416,0.67279,-0.069532
-0.64405,-0.25498,-0.87456,-0.24203,-1.5114,-0.016789,-0.90928,-0.11115
-0.64208,1.2314,0.4649,0.14206,2.192,-0.0037745,2.2054,-0.14425
-0.63949,-4.8646,0.47335,-0.16851,0.40076,-0.000662,-2.1209,-0.059139
-0.37564,1.476,0.86452,0.29425,4.1774,-0.09557,0.42128,-0.03154
-0.64357,-5.2203,0.86173,0.72849,-2.1373,0.047951,-1.6605,-0.021124
-0.63342,2.7464,0.45459,0.47129,4.9165,0.24671,3.0812,0.085233
-0.62997,-1.2117,1.2809,0.49741,-4.7015,0.046834,0.17596,0.066663
-0.81215,-1.0004,-1.9698,-0.50973,-4.4428,0.047334,-0.28649,0.052425
-0.6557,1.7633,1.6586,0.95484,-0.49936,-0.048228,1.8894,0.23754
-0.60288,-3.1481,-0.58931,-0.15512,6.5039,0.40071,-3.9532,0.15937
-0.60843,4.5204,1.7712,-0.47514,5.8456,-0.0038002,-0.29199,0.0313
-0.41582,-0.23234,0.27577,-1.0064,-2.3736,0.016479,-0.62887,0.029815
-0.59455,3.5541,-0.13849,-0.37908,4.3096,0.096974,5.9702,-0.026721
-0.5961,-0.70586,1.0225,0.30402,-6.7495,0.02556,0.63537,-0.1056
-0.59551,-4.2255,-2.5114,-0.63402,-2.1607,-0.11258,-0.33685,-0.10816
-0.8615,1.251,0.15304,-0.04596,-3.0879,-0.015929,1.2182,-0.1129
-0.69959,-4.2446,-1.4351,0.043678,7.2179,0.38289,-2.3385,-0.10575
4.4914,3.3001,1.0771,0.42585,-0.96898,-0.2214,-1.1136,-0.049234
4.4727,-1.9707,-0.73622,-0.39197,1.9246,0.0091696,-1.0412,0.0405
-0.24686,6.8707,0.11077,1.1397,2.2379,-0.053863,1.1975,0.084819
-0.47646,-1.7479,-0.94792,-0.22014,-1.2498,-0.01333,-0.29496,0.1322
-0.72663,2.1903,0.024015,0.021467,-1.909,-0.0060014,0.91599,0.1095
-0.66462,-0.30846,0.78406,0.3537,-2.8938,-0.022629,0.096316,0.081728
-0.83788,3.7175,1.2422,-0.21987,-2.0929,0.026381,0.9094,0.11897
-0.82418,1.8339,0.57967,0.65207,-1.1364,-0.059934,0.47365,0.074597
-0.69042,-2.2468,1.5616,0.11919,-0.82166,0.038222,-2.1376,-0.0060342
-0.63589,4.5232,0.38606,0.62214,3.573,-0.11243,1.1651,-0.097861
-0.62255,-3.2249,1.9971,1.1034,0.95273,0.028371,-4.6737,-0.07474
-0.51106,5.1739,0.75077,-0.31695,5.0238,0.15084,2.1254,-0.14629
-0.65494,-1.915,1.4348,-0.29119,-4.4133,0.012211,-2.6959,-0.10643
-0.62641,0.51541,-2.9051,-1.0234,-1.711,0.010427,2.3463,-0.07861
-0.62792,-0.25394,1.1751,0.72975,-4.9208,-0.019497,0.36169,-0.043904
-0.73468,-4.1296,-1.1729,0.32616,4.09,0.0064229,-3.6811,0.057682
-0.66176,0.71049,1.3625,-0.20571,2.2629,-0.32853,-0.427,0.21247
-0.59321,-2.9242,-1.1448,-1.0717,4.9996,0.22053,2.0836,0.1645
-0.59346,3.3429,0.3374,0.31375,5.8498,0.30546,3.0219,0.019934
-0.38587,-1.0622,-0.45936,-0.15109,-7.916,0.014368,-0.57593,0.064959
-0.426,-0.70614,-1.4883,0.12692,-3.3474,-0.035599,1.7986,0.081412
-0.59998,1.0669,-0.099743,0.15427,-5.526,-0.044667,-0.50267,0.009396
4.4847,-2.5461,-2.0132,-0.15605,6.3179,0.10024,-3.2558,0.0034576
4.4459,3.8387,1.0381,0.16271,-4.2555,-0.17974,-1.3515,-0.099078
4.4158,-2.1166,-0.30288,-0.11046,5.2886,0.10113,-2.194,-0.14162
-0.5656,5.3416,0.52588,0.76274,0.84787,-0.16476,0.057842,-0.13631
-0.66298,-3.076,-0.90865,-0.22401,2.6647,-0.02947,-0.4588,-0.067901
-0.52792,2.3497,-0.012871,-0.36673,1.4428,-0.041028,3.1837,-0.029642
-0.48309,-3.8005,0.32444,0.36729,-2.6305,0.025605,-0.034896,0.0018513
-0.66213,1.8142,-0.2809,0.18909,0.27429,0.02144,1.7651,0.10877
-0.65708,-0.72929,-0.16501,-0.072211,-4.8722,-0.026499,0.21726,0.25411
-0.59539,-2.5647,0.94508,-0.23662,-0.88217,-0.03513,-1.4183,0.14751
-0.81535,3.6726,1.6416,-0.60257,1.5648,-0.057823,1.879,0.16944
-0.694,-3.9359,1.5431,0.15132,4.4068,0.093951,-2.7351,0.14391
-0.62737,5.6404,1.1169,-0.10101,5.4918,0.15293,1.3618,0.053861
-0.61823,-1.9102,4.2826,-0.21019,-3.3291,-0.016834,-2.1075,-0.033804
-0.45893,3.8616,0.49249,-0.49418,2.8593,-0.0047756,3.9809,-0.094965
-0.56047,-0.98003,0.67673,1.6236,-7.0985,0.036572,-0.86937,-0.13045
-0.61549,-1.7757,-2.5922,-0.073431,-1.1517,-0.12374,-3.3055,-0.15389
-0.61468,0.45878,2.0559,0.39989,-1.7341,-0.13381,-0.087414,-0.10565
-0.83865,-1.5884,-2.293,-0.53273,5.8935,0.28937,-1.3611,-0.11361
-0.63185,1.524,1.0478,0.98275,5.5947,0.039698,-0.41096,0.020299
-0.59184,-2.6516,-3.5441,0.16639,-7.2118,0.058398,-1.1379,-0.037357
-0.58365,0.17906,-2.2112,0.062529,-0.66667,0.035064,3.0808,0.11656
4.5254,-1.8137,-2.5291,-0.1271,-6.6777,0.015247,-0.74792,0.16961
4.4922,-3.6023,-3.2442,-0.93638,3.7605,-0.11444,-1.1191,0.14729
4.455,1.0454,-1.6013,0.38332,-3.6373,-0.065819,0.39129,0.15817
-0.61238,-5.5915,-1.0941,-1.3203,4.6881,0.020253,-1.3889,0.069097
-0.88285,6.3062,1.7269,0.048572,-0.95903,-0.13426,0.96722,0.030789
-0.71662,-1.1845,-0.10524,-0.18013,3.4276,0.02443,0.37653,-0.039547
-0.5977,4.5652,0.13931,0.53464,2.0894,-0.12776,1.4114,-0.06554
-0.65852,-4.8634,0.79638,0.23365,-0.45593,0.012314,-1.3825,-0.13495
-0.66748,4.0376,0.73719,0.053884,1.6323,0.030758,1.6637,-0.093675
-0.48365,-1.0951,1.4065,0.0042155,-5.1228,-0.062552,0.049288,-0.10621
-0.5881,-2.9628,-0.35291,-0.33038,-2.155,-0.052246,-0.35518,0.013582
-0.64737,1.1058,1.8801,-0.62782,0.040883,0.0022515,1.7753,0.0034332
-0.63788,-5.1245,0.94211,0.17296,4.4873,0.086449,-3.3441,0.0070596
-0.80018,5.4247,1.2707,-0.083669,5.3374,-0.17346,0.093522,0.0071813
-0.67386,-4.3053,3.702,0.18087,-3.2217,0.064514,-1.2107,0.21396
-0.62456,4.9556,0.48421,0.17055,4.661,0.16393,4.3378,0.15705
-0.6282,-0.7418,1.2605,0.74564,-7.4622,0.021068,-0.80866,0.038796
-0.44695,0.77628,-2.4425,0.018821,-3.8897,-0.031999,-1.9205,0.0837
-0.57844,1.8692,2.0026,0.75606,-1.8014,-0.04604,0.70135,-0.013165
-0.61048,-0.58403,-1.7874,-0.46933,6.7274,0.41414,-1.9524,-0.039913
-0.60973,4.6897,2.3843,0.87898,5.1573,-0.13599,-1.4888,-0.072866
-0.84904,-2.0203,-1.9223,0.30773,-4.978,0.069674,-1.1441,-0.14449
-0.62717,2.2943,-0.58893,0.57872,0.57424,-0.025921,3.1713,-0.11224
4.4868,-2.2999,-2.1129,-0.61004,-5.1287,0.033434,0.46258,-0.11061
4.4719,-5.2576,-0.85423,-0.19356,2.468,-0.030272,-0.8674,0.035072
4.4465,-2.4037,-1.4252,0.5206,-3.6879,-0.011026,0.042231,0.074865
-0.59441,-7.2278,-1.7317,-0.86475,4.5184,0.089241,-2.8026,0.069316
-0.65828,4.0588,-0.57332,-0.14661,0.55494,-0.085893,1.0588,0.19745
-0.67413,-3.2563,-1.4693,-0.55454,3.9248,0.09021,-1.0264,0.14579
-0.77182,4.4065,-0.93878,0.57417,3.0927,-0.16564,0.69692,0.11205
-0.74448,-3.4905,0.054645,-0.063591,0.67046,-0.016918,-1.4904,0.19178
-0.65298,4.4602,0.99062,0.038327,2.9391,0.017602,2.7012,0.038066
-0.648,0.31837,2.3518,-0.13756,-5.5457,-0.040001,0.027159,-0.08024
-0.64352,1.7774,3.0407,0.62464,-1.6654,0.013765,-2.0114,-0.069605
-0.52599,2.5807,2.2733,-0.68253,-0.41916,-0.079353,1.1366,-0.13242
-0.64585,-4.3969,2.3994,0.26386,4.6907,0.13445,-3.6736,-0.14919
-0.63375,4.6438,1.4992,-0.358,5.9914,-0.15856,-0.41719,-0.12113
-0.63215,-3.4408,1.3389,0.058521,-2.6594,0.080763,-1.2263,-0.065321
-0.78307,3.7858,0.51816,0.13787,4.939,0.23641,4.9166,0.039307
-0.6741,-4.3598,1.0005,0.20924,-7.7831,0.054541,-0.37474,0.092534
-0.60665,-0.61409,-2.1299,-0.38857,-5.7525,-0.030683,-0.77365,0.11147
-0.615,1.1879,1.1658,0.19449,-2.2136,0.01843,1.5635,-0.012946
-0.37032,-1.0367,-2.5127,-0.11163,7.0038,0.41591,-2.7196,0.1745
-0.56869,6.021,1.473,0.75858,4.0309,-0.43325,-1.6675,0.045586
-0.60599,-0.67691,-1.8375,-0.5358,-3.8579,0.057172,-0.24793,0.062161
-0.59944,5.3408,-0.023336,0.85717,0.70829,0.058347,2.2012,0.025264
4.4565,-0.15357,-0.48759,-0.17523,-4.3029,0.033903,0.52385,-0.042833
4.4208,-1.388,-1.0458,-0.64754,1.277,0.045435,1.0271,-0.12247
4.419,-1.6618,-2.3553,0.39342,-1.8696,-0.014915,0.72764,-0.12709
-0.6799,-6.0024,-0.14374,-0.3738,3.0238,-0.020813,-1.5458,-0.12025
-0.38543,3.4976,1.0656,0.76684,0.12559,-0.025158,1.0455,-0.056754
-0.54052,-2.5881,-0.27945,-0.67136,4.2076,0.14834,-0.63306,-0.094697
-0.71744,0.79876,-0.28603,0.38849,3.9125,-0.051347,0.7395,0.11086
-0.66759,-8.0014,-2.3068,-0.50707,2.0565,0.010479,-1.0146,0.16528
-0.95781,2.9072,0.57101,0.24832,3.9201,0.01044,3.4131,0.07209
-0.83065,-1.5277,1.0555,-0.14486,-4.8751,-0.021955,0.46141,0.37807
-0.68343,1.7254,2.2725,0.74077,-0.50782,0.044889,0.53583,0.136
-0.63964,2.7116,1.8137,0.736,-1.4085,0.027986,1.7559,0.10981
-0.62586,-3.0239,1.9341,1.2081,4.3425,0.069,-4.146,-0.035945
-0.56999,6.1624,2.2246,0.30178,5.258,-0.10816,-0.16904,-0.031662
-0.63072,-3.1417,0.63059,-0.25124,2.1561,0.058026,-0.90479,-0.083283
-0.62822,5.2825,1.2585,-0.0063566,6.0708,0.36643,6.4003,-0.15688
-0.6314,-2.5742,1.9515,0.12316,-6.7827,0.053598,0.0087536,-0.11078
-0.81298,0.57355,-1.9264,0.36643,-5.4873,0.037901,1.9451,-0.13074
-0.62288,-0.55308,2.8858,0.93379,-3.8143,0.053514,0.25476,-0.081603
-0.6007,-1.9774,-1.5021,0.16352,7.17,0.39466,-3.9809,-0.059164
-0.59731,3.2084,1.5113,0.5663,1.5346,-0.28592,-1.3527,0.0059887
-0.40228,-3.4579,-1.1062,-0.9702,0.16914,0.043041,0.6881,0.2225
4.5047,4.3057,0.15156,0.59382,-0.20236,0.020599,2.2854,0.012511
4.4889,-0.66525,-2.1123,-0.14563,-2.226,0.022634,0.1169,0.20736
4.4447,2.3332,-1.8234,0.32574,-1.5721,0.012552,1.8725,0.14304
-0.89655,-1.3549,-1.1452,-0.74165,-0.60382,-0.025671,1.4624,0.098327
-0.79406,-3.0179,-1.8129,-0.47881,-1.4244,0.018359,0.21743,0.017574
-0.63898,2.9083,-0.4471,1.069,-0.44656,-0.043435,1.0995,-0.04792
-0.65656,-2.8392,-0.64646,0.010497,2.157,-0.002921,-1.3695,-0.094502
-0.60658,1.5237,1.1498,0.44203,2.1508,-0.14919,1.1929,-0.14795
-0.4154,-5.4482,-0.51212,-0.7346,2.9187,0.015966,-0.98694,-0.12276
-0.67318,1.8193,-0.21163,0.59616,4.5563,0.029057,1.3032,-0.057679
-0.65361,-3.8392,0.27523,0.29596,-5.1646,-0.023232,-1.5157,-0.048406
-0.63156,2.9546,-0.37169,0.031988,1.2095,-0.045989,2.5177,0.016868
-0.78188,-0.24693,1.451,0.079884,-4.9673,-0.022173,0.91695,0.12834
-0.68323,-4.3309,-1.2956,0.61415,-1.367,-0.095846,-4.1268,0.026067
-0.62165,4.0921,0.747,0.36241,3.0236,-0.24129,-0.56485,0.22152
-0.61445,-3.2884,0.70823,-0.70939,4.8357,0.20586,-1.7812,0.065081
-0.4035,6.5213,0.21661,-0.85445,5.7955,0.19369,2.076,0.12427
-0.54356,-1.3946,0.84197,0.15298,-6.6862,0.020805,0.87323,0.054348
-0.61467,3.9928,-0.95246,-0.39037,-1.7367,0.061267,3.1929,-0.014942
-0.61226,-0.019108,1.6654,0.49092,-6.676,0.018295,-0.056961,-0.083502
-0.73006,-2.8245,0.10543,0.073422,4.8042,-0.11783,-2.7444,-0.0854
-0.62023,3.3666,1.2094,0.25459,-1.5401,-0.14395,-0.26614,-0.12011
-0.55686,-2.8811,-0.098099,-0.41918,4.6489,0.15506,0.086144,-0.11843
4.4745,3.606,-0.63131,0.67804,0.46918,-0.027186,0.72653,-0.073961
4.4579,-0.86622,-1.0886,-1.0188,-0.7385,0.029006,-0.2863,0.013923
-0.49387,3.7884,-0.58431,0.74711,0.42303,0.021466,2.6223,0.0699
-0.7154,-4.6837,-0.89194,-0.15716,-3.7664,-0.0086004,-0.26366,0.12695
-0.6823,-1.1958,-0.9311,-0.82254,-2.8574,0.018712,1.2962,0.092753
-0.83443,0.66848,-0.97847,0.25471,-1.4881,-0.040194,1.0445,0.06182
-0.7429,-1.9743,-1.0576,-0.30302,-1.1834,0.001597,-1.1801,0.15754
-0.59391,2.7211,-0.12087,-0.38897,2.3198,-0.025511,2.1964,0.10451
-0.6443,-5.8124,1.9119,0.095986,1.8897,-0.0038194,-1.9025,0.0084468
-0.64479,4.1829,0.58728,0.11013,4.7016,-0.080233,1.3673,-0.062182
-0.50992,-0.91536,1.4641,-0.23626,-2.7546,-0.011527,-0.29996,-0.10764
-0.58389,4.5187,-1.0654,-0.061067,3.9152,0.065169,3.4986,-0.14296
-0.63377,0.00085807,1.4346,0.4695,-5.7493,0.01252,-0.10125,-0.11222
-0.62855,-2.8396,-1.1888,-0.050026,-4.0491,-0.061384,-2.4541,-0.056633
-0.80293,1.9457,1.672,0.67283,-0.084854,-0.12361,0.53084,-0.028255
-0.65204,-5.4988,-1.3778,-0.52474,5.6155,0.25875,-4.3035,0.016065
-0.60886,2.9685,0.33195,-0.12645,5.3647,-0.13415,-0.98562,0.15591
-0.61761,-2.7786,0.086746,-0.48895,-6.9253,-0.013202,-0.79273,0.066468
-0.36576,0.63723,-2.1933,-1.1394,-1.7693,0.02307,3.0272,0.031373
-0.51482,-0.4062,-0.96422,0.69112,-7.652,-0.028886,0.2331,0.070898
-0.60774,-3.7075,-2.2298,-0.66142,4.6899,-0.052028,-1.8279,0.10412
-0.59805,3.3335,-0.30795,-0.11054,-3.0447,-0.053054,0.097279,0.026749
4.4937,-1.2446,-1.0944,-1.0067,5.7975,0.30716,-2.1691,-0.016646
4.4458,5.5835,0.80214,0.84002,0.35256,-0.1726,0.2338,-0.093699
4.4146,0.83289,0.090459,-0.26883,-0.7984,-0.032371,0.65395,-0.12872
-0.67247,4.7412,0.3212,0.36816,2.6012,0.0084059,2.6202,-0.12052
-0.46739,-3.7441,0.40471,0.37744,-3.628,-0.052271,0.20354,-0.088296
-0.56827,0.64714,-0.26013,0.35081,-3.0177,0.0099718,2.642,-0.085692
-0.63334,-1.0866,0.17912,0.10677,-1.641,0.016839,0.73691,-0.017011
-0.6582,-2.764,-1.2077,-0.39727,-2.5357,0.0055886,0.17519,0.17521
-0.8008,1.4181,1.053,-0.39827,1.5891,-0.031344,2.6301,0.22067
-0.74934,-6.6908,-0.66863,-0.48622,1.179,-0.014152,-2.5649,0.31571
-0.60773,3.5956,0.65596,0.24985,4.1847,-0.10791,0.61638,0.1774
-0.62998,-1.7777,0.25706,0.21377,-0.50764,0.039261,-0.80555,0.11276
-0.62705,6.831,0.076699,0.38349,4.3401,0.19326,3.346,-0.01134
-0.44611,0.41511,1.3196,0.78667,-6.5193,0.034936,-0.071969,0.0063781
-0.61505,-0.6658,0.98877,-0.88865,-4.1377,0.010068,-0.98499,-0.081725
-0.61548,1.7936,3.0256,0.78497,-1.0221,-0.073732,1.0678,-0.13118
-0.61583,-3.0937,-0.22285,0.083795,5.9026,0.32665,-3.3257,-0.098153
-0.79679,2.5065,1.0838,0.026195,5.0296,-0.36983,-0.74633,-0.1239
-0.61197,-1.6633,0.21227,-0.5449,-5.6097,-0.02062,-0.8932,-0.11826
-0.59607,-2.6902,-0.71452,-0.40142,1.4825,0.024257,4.2174,-0.032855
-0.59945,-1.3087,-1.8471,-0.36199,-6.9901,0.0057042,-0.67687,-0.044099
-0.24005,-4.7621,-2.607,-1.1054,3.8278,-0.17904,-1.2981,0.06659
-0.51006,-0.48125,-2.3003,-0.65008,-3.2852,-0.043268,0.7529,0.14338
4.4975,-4.485,-2.8338,-0.94425,6.0256,0.26627,-1.5535,0.065617
4.4668,5.3408,-0.37697,0.21835,0.086457,-0.13194,0.17455,0.22452
4.42,2.1798,-0.47699,-0.41971,1.2813,-0.0037167,0.37432,0.066687
-0.80742,6.6298,-0.46095,0.75643,1.7823,-0.024965,3.421,0.067661
-0.67976,-2.5063,0.8567,0.056498,-3.0114,-0.012464,-0.25006,-0.022925
-0.66429,4.4812,1.6693,0.63863,-3.3538,0.03362,1.8821,-0.053517
