tachometer_signal,underhang_bearing_axial,underhang_bearing_radial,underhang_bearing_tangential,overhang_bearing_axial,overhang_bearing_radial,overhang_bearing_tangential,microphone
-0.5374,-3.7892,-2.8494,0.10433,1.6961,-0.062334,-0.84209,0.011221
-0.5841,0.18984,-2.4203,0.48462,-0.15961,-0.044827,1.3009,0.098813
-0.67523,-3.9947,-1.597,0.83398,0.54201,0.0072058,-1.5644,0.11483
-0.65933,2.1583,-0.6204,-0.60292,2.623,-0.089884,2.2695,0.30274
-0.95889,-3.2481,0.090845,-0.52789,0.52615,0.02239,-2.349,0.23394
-0.66538,3.5376,0.30193,-0.66753,3.4744,-0.19363,0.76657,0.11828
-0.60376,-1.577,0.44398,0.33484,0.67734,-0.021506,-1.9815,0.07304
-0.62812,5.838,1.4463,0.70657,4.2603,0.078684,1.7384,-0.030007
-0.62948,-0.34234,2.6791,-0.18462,-5.5142,0.022281,-1.6117,-0.091265
-0.4736,1.2092,-0.4228,0.097874,-1.4305,0.030951,1.9031,-0.12982
-0.70125,0.40471,1.4125,0.1695,-5.5071,0.0091118,-0.47494,-0.14447
-0.62262,-4.7228,-2.0172,0.09702,2.356,-0.15814,-2.5573,-0.14028
-0.74413,3.3305,0.83162,-0.46138,-3.1015,0.0091824,0.7815,-0.074253
-0.76644,-8.5377,-1.7686,0.99985,7.3272,0.14332,-6.2599,-0.020028
-0.58514,4.7248,2.1915,0.32806,0.35981,-0.22744,-1.6406,-0.051059
-0.59643,-4.642,-1.5915,-0.63823,5.7336,0.32338,-0.076009,0.098911
-0.59998,4.2075,-0.47235,1.1317,-0.61028,-0.044641,1.371,0.049967
4.4959,-0.57135,-0.040084,-0.81906,-0.96195,0.005717,0.15865,0.064351
4.4622,4.5029,-0.98946,0.6678,-0.68801,-0.031504,1.7334,0.15007
-0.64694,-2.282,-2.6323,0.01473,-2.3078,-0.042709,0.0029546,0.101
-0.6792,3.2737,-1.3521,0.038687,-3.5197,-0.043005,2.2172,0.01514
-0.90397,-0.44693,-1.464,0.96454,-2.1369,-0.061256,0.39285,-0.058604
-0.72094,4.6622,1.0822,0.64501,-4.238,-0.0056035,1.7841,-0.087006
-0.6559,-2.8386,0.80955,-0.89116,-1.2673,-0.041843,1.6882,-0.15564
-0.65006,1.3486,1.1275,0.578,-1.5085,0.014586,1.6235,-0.10859
-0.39124,0.15178,0.99592,0.55824,-3.0689,-0.0092101,-0.043482,-0.029764
-0.55757,-2.8311,0.30074,0.86729,1.161,0.0095418,-0.48081,-0.051327
-0.65146,0.48349,0.20107,0.34929,-0.35309,-0.052092,0.9001,0.089541
-0.6463,-4.9065,0.0072038,0.56583,3.6954,0.019489,-2.6301,0.093459
-0.63972,4.4667,-0.14924,-0.30077,4.2574,-0.13369,-0.1498,0.084113
-0.71708,-3.5643,1.54,-0.34445,0.74492,0.0016098,-0.78029,0.15805
-0.62374,4.4515,-0.34129,-0.29862,4.4224,0.099117,1.7653,0.20057
-0.6129,-0.41761,0.30724,-0.030141,-5.8428,-0.0070153,-1.2185,0.099982
-0.60998,2.5723,0.51752,-0.40423,-1.3396,-0.032968,3.8,0.020421
-0.46991,1.5174,1.5968,-0.36923,-8.287,-0.00068767,-0.24158,-0.0074701
-0.63237,0.30931,-0.13593,-0.1554,-0.78802,-0.083647,0.095019,-0.054832
-0.60646,0.61135,-0.25538,-0.90437,-2.5698,0.042932,1.9271,-0.12149
-0.60375,-3.901,-3.1544,0.2634,5.5643,0.093322,-1.9656,-0.074326
4.4799,3.6485,0.94501,0.6012,-2.7145,-0.13545,-1.1292,-0.11424
4.4668,-4.6833,-1.9344,0.13278,6.9374,0.36049,-2.1948,-0.029788
4.4402,2.7257,0.93776,0.55541,-3.1732,-0.10254,-1.7283,0.019423
-0.67109,-4.463,-1.5465,0.20878,6.0228,0.25687,-0.12287,0.0066215
-0.30966,2.7393,1.0376,0.27091,-2.565,-0.064035,-0.46067,0.11033
-0.55362,-5.0791,-0.56838,0.41526,4.8462,0.13975,-0.15721,0.038431
-0.67199,3.8865,-0.34928,0.31772,2.4698,-0.072275,0.94359,0.21262
-0.66845,-3.2546,-0.65036,0.36979,1.1686,-0.053061,-1.2015,0.12914
-0.74349,4.4136,0.63386,0.0012353,4.5191,0.086244,2.9858,0.092972
-0.70182,0.21127,1.9169,0.435,-3.7798,-0.0094476,-2.1979,0.033491
-0.63884,5.3763,1.109,0.70483,2.738,0.023846,1.6151,-0.034437
-0.63539,0.21248,1.6446,0.13831,-1.2024,0.0091118,1.8124,-0.099808
-0.32755,-1.3835,1.0301,-0.1935,-3.7004,-0.0092614,-1.6987,-0.097545
-0.55866,2.3587,3.3356,0.34141,0.83764,-0.054672,0.68941,-0.14481
-0.58404,-5.127,0.071232,0.7746,4.9904,0.17261,-2.4477,-0.077612
-0.62496,1.99,2.2061,-0.15197,2.5867,-0.087934,-0.76276,-0.022511
-0.7921,-4.5701,-0.1518,0.086538,6.5957,0.42085,-0.29446,0.027406
-0.78617,4.5799,-0.36509,-0.20874,4.8414,0.14607,1.0156,-0.039669
-0.66162,-3.4222,-0.13898,-1.5672,-2.9923,0.054702,0.1306,0.16859
-0.60004,4.3024,-1.39,0.87174,-0.22686,-0.00063633,1.627,0.13571
-0.59077,0.64301,-1.0019,-0.66849,-4.5872,0.0032848,2.2411,0.055638
4.4992,1.86,-1.6811,0.14399,-2.8239,-0.035053,2.3143,0.049821
4.4567,0.86899,-0.50972,0.63164,-5.3743,-0.018233,0.34295,0.080755
4.4155,-2.2191,-1.9703,-0.52413,0.91334,-0.025106,0.64314,0.0056236
-0.68296,2.5862,1.0595,-0.67697,-0.85802,-0.028963,1.6558,-0.046581
-0.82791,-1.0285,-2.1201,-0.054792,2.7706,-0.17515,0.095025,-0.13247
-0.68111,1.5738,-0.57564,0.37401,0.89321,-0.031363,2.4224,-0.12188
-0.66201,-3.9295,-1.4349,-0.42469,0.022509,0.020298,0.30763,-0.11061
-0.65049,1.7698,0.78292,0.65645,0.81964,-0.019478,0.47943,-0.046776
-0.32161,-5.4084,0.72745,1.3285,-0.29718,0.01225,-2.2616,0.13822
-0.58357,1.5748,-0.60707,-0.24551,3.353,-0.057906,1.3027,0.17662
-0.65326,-6.4326,0.23537,-0.90473,2.1515,-0.034405,-2.0305,0.098156
-0.64731,3.4842,0.027517,-0.39571,3.8353,0.0052228,1.6243,0.13588
-0.92224,-1.7912,-0.13719,0.29355,0.59883,0.014047,3.817,0.059654
-0.66468,2.7218,0.63427,0.43632,2.4775,0.029879,1.7028,0.17901
-0.59766,1.2059,2.2329,-0.15437,-3.5649,-0.028225,-0.20474,0.09178
-0.61915,0.3859,-0.26745,-0.57167,-0.022936,-0.039783,1.7466,0.00061003
-0.39522,2.4919,4.6552,-0.18055,-4.284,0.031605,1.2993,-0.047482
-0.56722,-4.9714,0.4434,0.060403,6.0089,0.20846,-2.5566,-0.070627
-0.56473,4.323,-0.34595,-0.23456,-0.019442,-0.0063992,0.77027,-0.12767
-0.60931,-5.9493,-2.5587,-0.34597,8.0542,0.59508,-1.5376,-0.12923
-0.81037,3.4195,1.9072,0.65399,1.2973,-0.0919,-0.64141,-0.08394
-0.84671,-2.9484,-1.783,-1.192,6.6357,0.48403,1.6226,-0.049599
4.4901,3.748,-0.75537,0.51721,-0.41222,-0.004243,2.3537,-0.0021888
4.4679,-3.1582,-1.0724,-0.96424,3.6982,0.060567,0.4288,0.12035
-0.67618,2.6387,-1.5507,0.21798,-1.684,0.028339,1.6678,0.057269
-0.50819,-3.9621,-2.6684,-0.2794,1.2289,-0.016738,0.83307,0.16246
-0.64829,2.6885,-2.2264,-0.079847,0.05403,-0.021326,2.9053,0.13238
-0.66582,-1.8715,-2.098,0.54792,0.35139,-0.019998,1.4379,0.088664
-0.65632,3.2646,-0.58322,0.73653,1.8359,0.017865,3.7128,0.084162
-0.86258,-0.033731,0.5073,-0.024193,-2.0679,0.0094135,0.43855,-0.023217
-0.70345,3.8294,-0.029182,0.54457,2.8782,-0.013478,1.2331,-0.12113
-0.64576,0.8006,0.60335,0.50401,-1.3118,0.024199,-0.11911,-0.12427
-0.6313,-4.2633,0.55386,0.69037,-0.14133,-0.077736,-2.0904,-0.12183
-0.54828,3.1514,3.1098,0.12174,2.708,-0.17367,1.0729,-0.13184
-0.61636,-4.9252,-0.11511,0.12366,3.7222,0.11691,-2.3796,-0.093188
-0.63259,2.2322,2.168,-0.8134,4.7515,0.094471,1.8531,0.02872
-0.62635,-4.0288,-0.072178,-1.1354,3.4812,0.023718,-0.23254,0.10298
-0.76332,2.8727,-1.2707,-0.079623,4.8797,0.22874,2.1617,0.20546
-0.6592,-2.2007,0.91489,-0.75515,-5.3089,-0.02809,-0.72072,0.17494
-0.55982,4.6506,0.45771,-0.60742,-1.5395,-0.04905,2.565,0.094408
-0.59947,-0.36705,0.95055,-0.58339,-5.7684,0.054317,0.60365,0.032347
-0.59436,1.4248,0.30833,0.4533,-2.2403,-0.052426,0.2526,0.070581
-0.51061,1.9196,-0.26455,-0.64092,-4.8033,-0.047304,1.6868,0.036703
4.4652,-3.721,-1.5731,-1.0273,3.6433,-0.081901,0.43935,-0.033463
4.4282,1.8004,0.37737,0.012193,-1.6437,-0.035426,1.5145,-0.10592
-0.48285,-2.3332,0.20118,-0.10639,4.3437,-0.069714,-1.863,-0.076711
-0.7973,3.084,-0.80954,0.86439,0.33973,-0.098234,1.0141,-0.13977
-0.60052,-4.65,-2.8978,-0.46686,3.6459,-0.00082886,-1.0538,-0.11361
-0.65533,2.3457,0.05539,0.12782,-1.3122,-0.10525,1.2786,-0.054905
-0.65852,-7.5391,-0.04812,-0.16672,3.4337,0.030636,-2.3641,0.092924
-0.47611,1.3341,-0.9025,-0.23285,1.7045,-0.13774,1.771,0.17815
-0.6341,-7.1027,1.4483,-0.47916,0.22688,-0.010301,-2.6382,0.23554
-0.6529,3.3534,0.46763,0.098202,3.5569,-0.099511,1.6532,0.1665
-0.64283,-0.71049,2.0306,0.14121,-2.6652,-0.046637,1.6726,0.093094
-0.82017,4.1479,-0.039544,0.82144,3.1897,0.008791,1.6205,0.12081
-0.7054,1.0777,1.9435,0.17882,-6.7124,-0.11081,-2.5398,0.036849
-0.62392,0.40618,-0.91416,-0.095449,-0.33578,-0.012477,0.35367,-0.021367
-0.62143,3.058,1.5016,0.074636,-3.3401,-0.040065,0.36175,-0.0909
-0.42036,-4.1417,-1.011,0.95243,4.7504,-0.12232,-5.4608,-0.12071
-0.58782,4.0554,0.22155,-0.081485,-0.0024999,-0.046534,-0.66791,-0.14408
-0.59749,-4.3153,-0.9924,0.51991,7.0745,0.54422,-1.4856,-0.10477
-0.61097,4.3736,0.76476,-0.072069,3.1214,-0.16972,-0.611,-0.10633
-0.76699,-3.2196,-0.33568,-1.0955,2.5392,0.029353,2.763,-0.041908
-0.7296,3.0202,-1.842,0.1872,-1.6772,-0.063521,1.3302,0.04454
4.5034,-1.8836,-2.5453,-1.0326,-2.1829,0.0055245,0.77923,-0.014893
4.4902,-0.06394,-1.9285,-0.33897,-2.6861,-0.076587,1.2889,0.34704
4.4402,-1.7963,-2.6242,0.14102,-4.5181,-0.048267,0.61499,0.087496
-0.4794,0.73674,-0.15356,-0.33176,-3.7161,-0.067025,1.0756,0.15063
-0.74562,0.79126,-0.59987,0.3764,-1.2515,0.0057298,1.6265,0.079051
-0.67523,2.9992,-0.55543,0.45725,-2.7991,-0.0080678,2.1583,0.0083738
-0.67425,1.0086,0.24362,-0.38829,-1.6874,-0.023585,0.37459,-0.049015
-0.84638,1.2934,1.2708,0.015417,-3.5435,-0.028918,0.03297,-0.13997
-0.61579,0.84877,0.96004,0.7915,-0.57675,0.006455,1.2808,-0.15527
-0.64355,-4.8586,0.40643,0.15411,1.8197,-0.0046922,-3.2258,-0.14206
-0.63736,2.3311,0.21074,0.2468,1.5025,-0.099953,1.828,-0.08961
-0.42341,-4.5606,0.6781,0.11464,3.3605,0.018225,-1.83,-0.042176
-0.44453,3.6534,0.1687,-0.6934,4.2416,-0.10666,-0.6995,-0.052081
-0.6431,-3.7967,0.94667,0.3879,-2.4134,-0.048293,-1.743,0.14111
-0.64327,2.2871,0.83742,0.3065,4.4152,0.15374,2.3981,0.1177
-0.80741,-0.83216,2.6205,0.79254,-8.7727,0.011249,-1.4331,0.1619
-0.66248,-1.1523,1.3607,-0.32555,-3.5618,-0.027898,0.84103,0.15637
-0.60499,1.7983,3.0827,-0.64491,-5.4669,-0.006072,1.5288,0.039843
-0.60706,-3.2307,0.060376,-0.0070952,4.4547,-0.0081769,-1.7449,0.039186
-0.33702,3.9649,0.44615,-0.52302,-3.8265,-0.045469,-0.91306,-0.012605
-0.48431,-4.862,-2.7825,0.40394,7.4191,0.29159,-4.3172,-0.096449
4.4683,4.789,1.159,0.42961,-0.22362,-0.098965,-0.21062,-0.065857
4.441,-3.0886,-0.62368,0.031031,5.0869,0.21828,-0.83981,-0.15133
4.4182,4.8428,1.1872,1.2068,-2.103,-0.052374,0.40879,-0.12626
-0.79489,-4.1243,-0.29471,-0.62166,2.0964,0.0086434,0.93412,-0.091509
-0.72972,1.7308,-0.48486,-0.26493,-0.99986,-0.01822,0.72355,0.023634
-0.67071,-6.0871,-1.3405,0.11989,1.924,-0.024586,-1.5157,0.04544
-0.6659,3.4283,-1.1259,-0.39958,0.75713,-0.012932,2.3172,0.033831
-0.41845,-4.1659,-0.92026,0.41816,-0.78623,0.0090733,-0.16696,0.16759
-0.63012,2.8412,0.0031567,0.31184,1.4849,-0.032961,2.356,0.45505
-0.66562,-0.26646,0.47144,0.43938,-4.8735,-0.052496,0.011772,0.24742
-0.65904,2.4242,1.202,0.69437,-0.54273,0.026259,0.68558,0.039234
-0.84462,1.2913,2.0529,0.093911,-3.7296,-0.088582,-0.53246,0.023415
-0.66625,-1.8198,1.6278,0.47997,-2.2602,-0.028912,-1.9186,-0.027135
-0.63631,3.6778,3.3446,0.66627,1.6277,-0.091393,0.39981,-0.12015
-0.62021,-4.664,1.8977,0.18833,4.3768,0.164,-3.605,-0.10752
-0.42842,4.6839,1.3154,-0.94991,3.6884,-0.03952,0.41123,-0.13094
-0.48114,-3.273,0.7466,-1.0434,2.3555,0.014105,-0.60883,-0.094356
-0.6264,3.2459,-0.2135,0.8313,4.1546,0.081854,3.1284,-0.1039
-0.62309,-2.1138,-1.5682,-2.3472,-6.7773,0.01619,-0.094523,-0.049623
-0.62017,3.3569,-1.2741,0.16074,-4.298,-0.010956,3.0841,-0.034996
-0.68051,-2.5943,-1.5603,-0.2501,-6.6608,0.023288,0.61629,0.12544
-0.59442,-2.5282,-3.237,-0.082179,-0.13961,-0.022514,1.6267,0.14798
4.4903,-0.44701,-0.35094,-0.74217,-3.6004,-0.039501,1.4753,0.11828
4.4518,-3.6321,-1.5494,-0.49808,2.8786,-0.15979,-1.5102,0.12468
-0.55497,5.4183,-0.72528,0.95762,-0.52975,-0.024259,1.1782,0.10597
-0.62179,-0.85125,-1.9785,-0.33049,4.1039,0.040551,-1.0964,0.015286
-0.67058,3.6837,-0.36795,1.3032,-2.5874,-0.074636,0.063686,-0.059602
-0.74156,-2.7119,-0.59398,0.035623,3.4137,-0.0385,-2.7195,-0.094892
-0.75364,2.7448,0.38167,-0.17861,0.26952,-0.10037,0.69929,-0.17109
-0.63434,-7.4261,0.7534,0.25903,1.3117,0.033633,-2.3318,-0.11633
-0.64588,0.78696,0.40429,-0.3602,3.2795,-0.14003,0.82847,0.0030682
-0.64658,-3.6245,2.5138,0.46875,-0.047514,0.033017,-0.79072,-0.044561
-0.41012,2.6463,0.89444,0.4193,3.9462,0.036438,2.6544,0.099617
-0.60159,-3.2844,1.4703,-0.096791,-5.4104,0.0048699,-0.96551,0.13194
-0.63981,2.0044,-2.2954,0.029393,2.1689,-0.047632,1.3639,0.13371
-0.62821,1.3434,0.70601,-0.17416,-4.7996,0.0014879,-0.11462,0.11327
-0.78305,-2.339,-1.3142,-0.51072,-2.0275,-0.039777,-0.78224,0.20205
-0.65909,3.5501,1.1375,-0.66421,-1.8236,-0.011398,1.5515,0.12318
-0.61443,-2.1146,-1.3211,0.18635,6.695,0.37636,-3.472,0.020324
-0.60722,5.9797,1.303,0.59225,1.017,-0.14173,-1.3696,-0.038696
-0.32289,-4.1236,-2.0742,-0.74884,6.9147,0.44897,-0.87354,-0.077758
-0.61155,4.8253,-0.58539,0.50861,0.99965,-0.042966,1.4703,-0.1313
-0.59434,-2.0683,-0.83707,-1.4829,0.15008,-0.016468,0.31666,-0.13473
4.4748,3.7189,-1.7692,1.0991,-1.9808,0.011011,1.359,-0.10064
4.4571,-4.8037,-2.6104,-0.84039,-1.1689,-0.012663,0.87258,-0.11852
4.3589,-0.47396,-2.7224,-0.19001,-3.6549,-0.045822,1.437,-0.019396
-0.67039,-2.9823,-2.0106,0.63904,-2.3354,-0.046541,0.66836,0.092997
-0.6646,2.0795,-0.86519,0.1121,-3.108,0.019566,2.3981,0.087326
-0.44873,-0.26445,-1.5659,0.36485,-1.4746,-0.04964,1.1801,0.040841
-0.61951,3.9882,-0.16161,0.47476,-3.0901,-0.021301,1.8401,0.19857
-0.62275,0.69855,0.22927,0.071502,-1.5883,0.0071032,1.634,0.16932
-0.65426,1.2161,0.43607,1.2995,-0.27896,0.045897,-0.0007251,0.090855
-0.77013,1.839,1.3289,0.91157,-1.4542,-0.08604,1.4837,-0.021051
-0.82386,-3.2254,0.55393,0.99667,-0.33153,-0.056443,-2.6825,-0.073669
-0.59023,3.6531,1.4177,-0.13474,3.1371,-0.071229,0.55163,-0.13395
-0.62846,-3.7679,2.2072,0.57585,3.3608,-0.012252,-1.7184,-0.10029
-0.62971,4.2807,1.7112,-0.40179,4.6597,0.047687,0.1976,-0.075714
-0.35548,-2.1995,1.3431,-0.35227,-2.4207,0.012776,-1.7217,-0.073158
-0.62434,0.36286,-0.91898,-0.073893,3.4383,0.038786,2.0594,-0.047628
-0.62003,-1.6104,0.37086,0.32013,-7.8641,0.0016675,-1.1148,0.050965
-0.61238,-2.5207,-1.3045,-0.6427,-3.5066,-0.030105,3.3543,-0.034437
-0.79516,1.0814,0.85975,0.042432,-7.0475,0.034897,0.51211,0.078151
-0.68161,-2.0827,-0.45119,0.21735,4.0669,0.038786,-1.6255,0.15007
-0.59216,0.40172,0.5139,-1.1452,-2.7124,0.014207,0.96293,0.15026
4.49,-4.994,-1.8765,-0.50641,5.8504,0.26014,-2.0408,0.019277
4.452,6.0373,-0.38115,0.36889,-2.0322,-0.098959,0.14348,0.0699
4.4116,-2.2585,-2.1696,-0.18416,6.1706,0.27804,-1.7784,-0.036578
-0.67294,3.9787,-0.128,-0.024662,-2.077,-0.023996,-0.54737,-0.097034
-0.66698,-8.0769,-1.8977,-0.27434,5.6047,0.21279,-2.1606,-0.12704
-0.87741,4.0064,1.086,-0.65182,-1.5473,-0.11754,1.5851,-0.11086
-0.77721,-7.5323,0.044103,-0.17861,4.2908,0.13572,-1.2961,-0.076444
-0.68685,1.2589,-0.42637,0.14824,2.5783,-0.1733,0.56814,0.029523
-0.64698,-6.1466,0.44264,-0.32599,0.63926,-0.023906,-1.9618,0.036119
-0.63858,3.0689,0.99749,0.36395,3.4926,-0.061801,1.8671,0.11064
-0.41947,-2.7956,1.1656,-0.1137,-3.2932,-0.025825,-0.21692,0.09178
-0.69379,3.0625,-0.81858,0.19691,1.7296,0.0037853,1.2525,0.16638
-0.63528,0.28901,1.347,-0.094755,-4.7307,-0.005443,0.27995,0.069949
-0.63163,-0.13081,0.50185,0.41253,-2.7983,-0.027782,-1.3854,0.0313
-0.66284,2.9853,2.1881,-0.36021,-1.797,-0.036247,0.43723,0.070508
-0.61405,-1.1703,0.95885,0.40779,5.3125,0.18022,-4.5077,-0.0020185
-0.6113,3.8793,2.0717,0.2977,1.645,-0.10031,-1.2136,-0.07788
-0.6013,-0.82176,-1.3622,-0.23795,6.2866,0.4467,-1.0242,-0.060356
-0.40131,5.3589,0.28039,0.66568,3.1844,-0.12913,-0.63566,-0.14328
-0.56117,-4.3237,-1.1659,-1.6475,-2.446,0.042322,-0.28277,-0.1441
-0.60102,2.9925,-1.051,0.57042,-2.4161,0.012937,0.58939,-0.057533
4.495,0.40275,-2.257,-0.76865,-2.9386,0.028454,0.42561,-0.068242
4.4764,-0.7043,-2.1532,0.27931,-3.6632,0.005486,1.6221,0.045027
4.4499,-2.4124,-2.1912,0.83658,-4.7736,-0.052349,0.25275,0.12018
-0.66401,-0.50508,-1.2329,-0.6371,-2.77,-0.050648,0.83972,0.18923
-0.66804,1.4005,0.27137,-0.51701,-2.7386,-0.036947,1.2669,0.18482
-0.45836,2.0804,-0.48763,0.46975,-4.5449,-0.034168,1.1279,0.098278
-0.60268,2.1513,0.020071,-0.41417,-0.89612,-0.017187,1.4508,0.090052
-0.73203,2.0137,0.44058,0.39094,-2.1363,-0.038031,0.29333,0.020786
-0.65832,2.0578,1.562,0.9481,-1.2819,-0.024683,1.3121,-0.026283
-1.0017,-2.7974,1.053,0.18007,-0.28033,-0.053253,-3.1174,-0.15325
-0.79383,3.799,0.85733,0.17295,1.8435,-0.089442,1.1249,-0.12371
-0.66971,-5.2015,1.4748,0.73172,2.6842,-0.029541,-2.604,-0.15267
-0.63356,3.1369,1.6488,-0.56848,3.7472,-0.097412,-0.56949,-0.10015
-0.62829,-2.6309,1.746,0.51767,-1.5134,-0.036234,-1.3349,-0.03008
-0.38635,1.6783,-0.93243,0.10394,3.7559,0.063044,2.4395,-0.0040385
-0.63938,-2.0542,1.3639,0.46079,-7.6208,-0.061237,-2.8008,0.083773
-0.62953,-1.2761,-1.1792,-0.61476,-2.1149,-0.02528,2.3906,0.099008
-0.62561,1.6203,1.9548,-0.38533,-6.662,0.051872,-0.014654,0.0042607
-0.7902,-6.0623,-2.3686,-0.99938,3.3515,-0.13692,-3.0906,0.14605
-0.64731,4.4167,0.32212,-0.47757,-1.9833,-0.033911,-0.37744,0.055687
-0.60079,-3.937,-2.6861,0.045855,7.2078,0.45522,-1.6457,0.060871
-0.5871,4.5253,1.2152,0.62988,-0.85307,-0.096199,-0.77834,-0.018982
4.4552,-1.0415,-3.1206,-0.21889,5.8078,0.28911,-1.4683,-0.052252
4.4208,5.6488,-1.0878,-0.48649,0.68464,-0.075432,1.5146,-0.111
-0.67859,-2.7977,-0.98832,-0.35935,3.7416,0.027479,0.74413,-0.16185
-0.68201,3.7554,0.21782,0.63797,-1.5532,-0.0086582,0.36467,-0.13622
-0.801,-4.7719,-1.028,-0.36369,2.4343,-0.036844,-0.6524,-0.080995
-0.70961,2.205,-1.949,0.062612,0.57912,-0.067686,1.8354,-0.036992
-0.6384,-6.2474,-1.7506,0.36997,-1.1306,0.013469,-0.40743,0.097353
-0.64288,1.2519,-0.36971,-0.028811,3.1914,-0.03796,2.5181,0.21281
-0.66196,-1.6069,-0.25946,-0.3468,-3.7315,0.0094712,0.13443,0.27239
-0.45841,1.6805,0.13782,-0.23199,1.3077,-0.080425,0.77347,0.14277
-0.65658,1.2858,0.090279,0.070956,-1.8049,-0.015583,0.45596,0.16153
-0.64559,-1.9015,-0.61663,1.1353,-0.59117,-0.0098519,-1.9493,0.079879
-0.63118,4.019,2.9316,0.14461,2.0051,-0.036042,0.9525,0.024997
-0.78297,-2.1806,1.826,1.098,4.1124,0.10236,-2.371,-0.048893
-0.59629,3.4919,2.0368,-0.44814,3.9683,-0.019748,0.52945,-0.10891
-0.61202,-1.6275,2.5858,-0.54107,3.1899,0.044646,-1.2627,-0.13629
-0.61552,3.3069,0.25076,-0.11529,3.9097,0.045589,2.0551,-0.076006
-0.43332,-0.81732,-0.41036,-0.96082,-7.1274,0.030206,-0.63822,-0.11475
-0.53291,3.3253,0.14525,0.41554,-2.9405,-0.075278,2.1943,-0.10373
-0.60764,-2.5329,-0.63461,-0.16798,-5.8098,0.0040549,1.5536,0.025045
-0.60322,-1.7912,-0.70574,0.62578,-0.83002,0.0043308,-0.64603,0.036095
4.4991,0.51656,-0.58735,-0.40883,-5.1027,-0.054607,-0.04641,0.010102
4.4762,-6.9903,-1.2325,-1.0883,3.4709,-0.038833,-1.3084,0.26894
4.3978,2.9271,-1.3116,-0.53586,-1.23,-0.061769,1.6118,0.12415
-0.67561,-2.2773,-2.5646,-0.044663,4.6966,0.099355,-1.2987,0.074208
-0.43073,3.6341,-2.1233,0.082215,0.049515,-0.013375,1.4329,0.065397
-0.58426,-3.6177,-1.3647,0.20473,2.727,-0.088582,-1.6458,-0.00472
-0.66104,4.2025,0.78346,0.33546,0.50293,-0.16178,1.3979,-0.1101
-0.66188,-4.2457,0.48785,0.41662,2.2352,-0.017469,-2.5893,-0.10862
-0.72817,2.6288,0.025846,0.064578,2.9697,-0.14215,1.4169,-0.16143
-0.68995,-5.3012,0.62329,0.4835,0.26479,0.051557,-3.2945,-0.14053
-0.60445,3.2636,0.48418,0.42931,3.6043,0.025945,2.9656,-0.078658
-0.63482,-5.2261,3.2639,0.19668,-3.6932,-0.01521,-1.0585,0.012852
-0.39627,0.89937,-0.36519,-0.17265,1.7612,-0.033115,1.0596,-0.031102
-0.45815,-0.53408,0.89901,0.5917,-4.3124,-0.029188,-0.21349,0.072748
-0.56404,-2.447,-0.46101,-0.17477,-1.613,-0.029611,-1.5489,0.15956
-0.62846,2.6139,1.1344,-0.46116,-2.9,0.03817,1.2707,0.16823
-0.85429,-3.5128,0.40957,0.88147,7.0784,0.28676,-5.4703,0.030473
-0.67433,5.919,1.568,0.23421,1.0048,-0.12125,-0.9893,0.038334
-0.58085,-2.9448,-2.2093,-0.29589,6.606,0.47744,-0.9998,0.040256
-0.60009,5.3697,0.76565,0.87537,1.9481,-0.076831,0.1427,-0.031102
-0.59691,0.19215,-1.2138,-1.397,2.8981,0.023314,0.97342,-0.065102
4.463,4.5661,-1.5537,0.31454,-0.77046,-0.039899,1.3451,-0.092531
4.4349,-3.5482,-1.856,-0.89473,-2.3709,-0.017399,1.0254,-0.14483
4.4099,-0.63283,-0.98288,0.60481,-2.2546,0.026465,0.78274,-0.1266
-0.68397,-3.9968,-2.3233,0.73265,-3.4721,0.017159,0.47022,-0.074375
-0.77624,0.84401,-0.10282,0.51469,-2.4874,-0.0026386,1.357,0.014385
-0.74186,-0.32458,-1.0958,0.12102,-0.82107,0.023603,0.18844,-0.037016
-0.65391,1.1208,-0.033075,0.53565,-2.2173,-0.021159,2.5674,0.2104
-0.65866,-2.2604,-1.1713,-0.36986,0.32722,-0.021121,-0.093104,0.16657
-0.49677,1.1619,-0.68385,-0.010981,0.63124,-0.024978,0.98261,0.18568
-0.65178,2.6784,0.86266,0.53843,-1.1114,-0.039886,0.5454,0.23576
-0.65463,-7.0012,1.3267,-0.11696,1.5321,0.018308,-1.57,0.083359
-0.64496,4.3787,2.1278,0.29899,3.6068,0.031002,1.5618,0.015627
-0.7053,-2.4242,2.9211,-0.56049,3.929,0.18215,-2.5544,-0.04624
-0.71213,5.2698,1.259,-0.77195,5.6582,0.25539,0.1037,-0.14471
-0.68859,-2.1943,2.4187,0.48768,-0.25305,-0.020774,0.29572,-0.16355
-0.62714,1.4534,0.96455,-0.15728,4.8001,0.31053,3.038,-0.10587
-0.61329,-0.43623,-0.26103,0.35236,-7.8862,-0.045995,-1.0384,-0.11687
-0.51518,-0.42755,-0.76804,-0.37332,-3.1629,-0.070889,2.4443,-0.12015
-0.59665,-0.65042,1.4975,-0.10112,-4.7265,0.041167,1.2406,0.052961
-0.6138,-4.5393,-1.0555,-0.40704,3.9697,0.0012889,-1.7325,0.040743
-0.60206,0.34405,0.25777,0.069986,-2.7605,-0.07205,-0.29931,0.072139
4.5463,-4.8374,-3.4537,-0.39376,7.2955,0.46281,-3.3416,0.034805
4.4783,4.6795,0.14307,0.57468,-0.91153,-0.084481,-0.25895,0.19763
4.4361,-2.0846,-4.1381,-0.63571,6.8323,0.37356,-1.6791,0.11495
-0.66854,5.2964,0.78969,0.23232,-1.3206,-0.10457,0.55356,0.014458
-0.49148,-3.366,-0.53332,0.19812,5.197,0.29036,-0.59917,-0.03025
-0.66737,5.4907,1.6213,0.032219,-0.61394,-0.082254,1.8025,-0.09073
-0.65929,-5.3324,-0.60998,-0.032498,4.8227,0.26166,-0.70838,-0.12322
-0.65827,2.4391,-0.098921,-0.36215,3.8229,0.034647,2.3292,-0.11646
-0.82606,-3.684,0.77943,0.10072,2.2637,-0.023566,0.096123,-0.17684
-0.72153,2.0736,0.63948,0.46973,4.1248,0.091994,2.2032,0.020275
-0.63127,-2.6251,0.55093,-0.1567,-1.5309,0.029,1.7633,-0.033828
-0.6356,1.9655,-1.5894,0.78512,2.034,-0.025158,2.4379,0.087521
-0.43673,0.021935,0.054427,0.35126,-2.7097,-0.06562,0.42619,-0.0023349
-0.51176,-2.3122,1.7225,-0.33573,-1.6994,-0.059202,-1.3667,0.17224
-0.70341,3.1751,1.6809,0.095331,0.30117,-0.037569,0.66464,0.17672
-0.6314,-3.668,0.80698,1.005,6.2505,0.37351,-3.6434,0.11415
-0.80239,5.7004,1.7629,0.28119,2.7354,-0.07033,-0.060834,0.071117
-0.69845,-1.8642,-0.029021,-0.44487,6.0254,0.41985,0.77704,0.005648
-0.60672,6.249,0.63426,-0.12765,3.7722,0.051204,0.42922,-0.054248
-0.60513,-2.6827,-1.0243,-2.0552,0.60398,-0.0034151,1.9269,-0.074691
-0.6022,4.7294,-1.9578,-0.0061511,-1.8149,0.017538,2.0713,-0.097155
-0.41453,0.38268,-1.1241,-1.129,-3.3147,0.011698,1.3405,-0.13318
4.4646,0.79186,-0.4984,0.027755,-1.3941,0.017852,1.3232,-0.114
4.4429,-3.673,-1.2631,0.63207,-4.1406,-0.021853,1.4367,-0.052495
-0.68526,-1.201,0.019962,-0.70515,-1.2513,-0.014171,0.67975,-0.0065453
-0.9684,0.16827,-1.234,0.14374,-1.7868,-0.053908,1.0436,0.097158
-0.7003,-0.10375,-0.42047,-0.22146,-0.64065,-0.030336,1.804,0.12785
-0.65767,0.66035,-0.59356,-0.28262,0.070343,-0.064516,1.0196,0.14963
-0.65439,1.175,-0.57719,-0.051696,-1.3478,0.016697,1.6279,0.075181
-0.46517,1.0344,0.74969,0.72177,0.13163,-0.072673,1.4804,0.17426
-0.6094,-3.3245,1.7058,0.097803,0.65104,-0.066024,-2.1536,0.06844
-0.65234,3.6683,0.96134,-0.15792,3.2383,-0.044012,2.5416,-0.028912
-0.64775,-3.5943,1.0662,-0.55564,3.0664,0.048644,-1.9605,-0.067682
-0.71399,5.0658,0.80136,-0.36317,4.5107,0.11249,0.59356,-0.10343
-0.66206,-3.3342,2.6261,0.32098,-0.60332,-0.0065019,-0.30366,-0.14471
-0.61804,2.2935,1.0452,0.61348,4.6617,0.24703,2.9639,-0.10906
-0.61558,-3.0232,2.9734,0.31005,-8.366,-0.044872,-1.2384,-0.035361
-0.54702,-2.025,0.86605,-0.20674,-2.0937,-0.035175,3.1196,0.023317
-0.42125,-0.6067,1.7695,-0.53605,-5.45,-0.034303,1.2125,0.040743
-0.6786,-5.7241,-1.7638,-0.43968,3.09,-0.093594,-1.664,0.016503
-0.61625,2.2696,-0.15285,-1.0665,-1.4012,-0.046329,0.21626,0.0258
-0.72617,-4.7298,-3.6335,-0.13363,7.0914,0.28071,-3.4629,0.10412
-0.70384,4.7164,0.52836,0.62604,-0.61895,-0.27613,-0.9221,0.14975
4.4723,-1.5432,-2.8148,-0.98551,5.5333,0.28338,-1.1932,0.030278
4.4336,5.7776,-0.68833,0.2697,-0.71466,-0.11905,1.2711,-0.0018238
-0.64133,-0.58713,-0.66823,-0.8439,4.4284,0.18211,-0.3429,-0.039913
-0.54898,4.3245,0.39642,0.30526,-1.9559,-0.076992,0.43578,-0.11156
-0.6612,-4.2741,0.46127,-0.1624,2.0285,-0.017611,-0.070017,-0.12149
-0.67283,2.7053,-0.79921,-0.30461,0.91145,-0.057874,2.2282,-0.10825
-0.67334,-4.2652,0.22977,0.6384,-0.022307,-0.01299,-0.5195,-0.042395
-0.80678,1.6992,0.10879,-0.12985,2.3537,-0.028001,2.7058,0.027357
-0.73698,-2.7642,-0.26034,0.28774,-4.2874,0.0022066,-0.084197,0.148
-0.64033,2.3088,-0.13465,0.35776,-0.38617,-0.052785,0.24032,0.126
-0.64245,0.18447,0.24157,-0.065235,-3.0351,-0.088569,0.58429,0.11634
-0.52472,-3.7759,0.23656,0.44,-3.659,-0.10132,-2.0522,0.17611
-0.543,4.1373,3.1374,0.069838,0.90341,-0.16711,0.15931,0.10648
-0.65179,-4.6043,2.3669,0.64065,3.2569,0.086173,-2.6915,0.1095
-0.63968,6.1216,3.3607,-0.77215,3.0204,-0.046566,1.4313,0.066906
-0.75347,-1.7028,1.0006,-0.38682,3.8223,0.14306,0.12936,-0.0092955
-0.66638,5.3553,1.789,-0.093907,3.4783,0.084062,2.9349,-0.072209
-0.61306,-1.568,1.43,-1.0599,-6.0921,-0.02639,-0.06558,-0.077003
-0.60943,4.9027,0.35301,0.36848,-2.9216,-0.064317,2.6961,-0.09292
-0.37756,-0.7556,0.4508,-0.669,-8.9931,-0.061493,0.034801,-0.11512
-0.46621,-0.83701,-1.7395,0.34201,-4.7312,-0.031857,1.7905,-0.099711
4.4862,-0.64401,-0.65362,-0.12408,-6.2643,-0.057714,0.76061,-0.080046
4.4768,-7.0192,-4.2931,-0.28016,0.56473,-0.16311,-1.6532,0.24988
4.4305,2.0873,-0.21518,0.36164,-3.571,-0.11106,0.27439,0.017793
-0.81219,-3.6473,-3.3797,-0.054959,2.4007,-0.23023,-1.9239,0.14975
-0.66189,3.4872,-1.5415,0.58061,-4.0418,-0.13945,-0.050585,0.17932
-0.66617,-2.4581,-1.4839,0.27386,1.4955,-0.029515,-1.7126,0.043323
-0.65906,3.7681,0.62301,0.58716,-2.1299,-0.12734,0.29207,0.013095
-0.52594,-4.1635,0.12042,0.73287,2.1646,-0.1015,-2.9289,0.026481
-0.62464,3.8334,1.0851,-1.0874,1.7249,-0.23333,1.0288,-0.047238
-0.65379,-4.5884,2.7353,-0.46129,-0.38661,-0.031832,-2.1452,-0.13843
-0.65458,4.3824,1.414,0.17516,2.4142,-0.14201,1.431,-0.103
-0.83968,-3.3734,2.8441,0.58792,-4.223,0.0025788,-1.3951,-0.14474
-0.65684,2.4278,-0.75853,0.21812,2.5079,0.0072572,2.4813,-0.11139
-0.62319,-0.91131,2.2933,0.36832,-7.064,-0.052766,-1.4667,0.0068892
-0.62949,-3.4025,-1.002,-0.57146,-1.518,-0.059433,-0.78765,0.0033115
-0.33713,1.2319,0.81492,-0.69639,-5.2173,-0.051277,0.26241,0.084843
-0.53786,-5.6134,-2.4657,0.041475,5.3318,0.03808,-5.4367,0.12038
-0.63073,4.5994,-0.80655,0.26148,-0.47595,-0.1267,-1.8775,0.029864
-0.62147,-5.2262,-2.5284,0.10902,7.0819,0.50048,-2.1692,0.19225
-0.74213,5.346,-0.38644,0.55863,0.98932,-0.2314,-0.98579,0.13931
-0.77333,-1.3659,-0.033235,-0.81288,2.3538,-0.00052723,0.025206,0.073867
4.4427,4.8652,-0.6314,-0.071119,-2.8437,-0.066923,0.46018,-0.0041359
4.4406,-0.74819,-0.14481,-0.7836,-1.0726,-0.032441,-0.55613,-0.075762
4.41,2.1667,-1.4535,-0.093824,-3.4439,-0.016006,1.4578,-0.097958
-0.55551,-3.0966,-2.4979,0.23236,-2.7874,-0.012836,0.26416,-0.13958
-0.59924,1.0687,-1.705,0.069434,-4.268,-0.023868,2.9537,-0.1248
-0.66689,-2.2326,-0.12863,0.06197,-1.3788,-0.013112,0.85922,-0.023947
-0.65257,2.9533,-1.0973,0.80895,-2.9187,-0.053395,1.4161,-0.036481
-0.77663,-2.3591,0.93173,-0.14091,-3.2232,0.017917,0.021328,0.074159
-0.69052,-1.655,0.11378,0.67935,-3.3543,-0.053805,-0.64066,0.20018
-0.6435,-0.65286,0.62211,0.7899,-1.6356,-0.069182,0.62253,0.39814
-0.63161,-2.8656,0.44526,0.40658,0.46517,0.016441,-2.9929,0.06457
-0.40454,3.8733,0.1597,-0.064901,1.1825,-0.12216,0.14386,0.16114
-0.65939,-2.9918,2.5093,0.10536,3.1881,-0.0018492,-3.5293,0.043128
-0.63022,5.5175,-0.034951,-0.50621,4.8125,0.10956,1.4848,0.036508
-0.62587,-1.5359,1.8726,-0.59656,-0.49367,0.047553,-2.1093,-0.036554
-0.81061,5.6514,0.19017,-0.16021,4.219,0.12038,1.9868,-0.11151
-0.64148,-1.4131,1.6156,0.096628,-7.3679,-0.018862,-0.45244,-0.12193
-0.60849,1.0296,0.027562,0.013509,-3.3549,0.023468,3.104,-0.1137
-0.60462,-1.1894,1.1952,-0.06977,-7.6138,-0.010558,0.30943,-0.074424
-0.48751,-1.5154,-1.1084,0.19783,0.71189,-0.11175,-0.5519,-0.099467
-0.45067,-0.2387,-0.78378,-0.90137,-3.0106,-0.03703,0.76565,0.039697
-0.66619,-7.1875,-3.5437,0.62342,6.6672,0.30599,-3.5156,0.069292
4.4969,2.3417,-0.2309,0.78746,-2.0489,-0.077916,-1.2719,0.12532
4.4618,-4.1501,-3.7423,-0.76122,5.7499,0.26552,-1.7576,0.17701
-0.79595,5.0165,0.16856,0.53292,-2.1907,-0.095654,-0.54309,0.24676
-0.64733,-3.4423,-2.5104,0.1684,5.0645,0.23156,-1.0119,0.12084
-0.66278,4.0327,1.8126,-0.020102,-1.4746,-0.05247,0.97979,0.059751
-0.66424,-2.7943,-0.56144,-0.64403,4.6751,0.1855,-1.0251,-0.011608
-0.4959,5.1259,-0.54539,-0.32557,2.9109,-0.13121,2.6932,-0.062376
-0.68354,-4.9038,-0.05446,-0.88212,1.5138,-0.051155,-0.95164,-0.18616
-0.64702,2.2769,0.44359,0.13554,2.3945,-0.066993,1.1757,-0.16318
-0.64575,-0.95474,1.1029,0.43982,-3.5384,-0.037877,-1.3839,-0.10202
-0.86136,2.4287,-0.19798,0.45405,2.2365,-0.057707,0.36675,-0.11638
-0.64614,-0.81221,0.94368,0.27056,-6.0781,-0.016077,-0.39722,-0.057484
-0.62662,-3.1432,1.3443,-0.46324,-1.6352,-0.0080293,-1.0933,0.078808
-0.62361,2.3264,1.5198,0.18602,-1.6469,0.02812,1.1787,0.065787
-0.45396,-5.4228,-0.38101,0.12992,4.1894,0.082464,-3.4357,0.13315
-0.53267,3.6657,0.35417,-0.06185,0.76609,-0.056757,0.33024,0.261
-0.62237,-2.5625,-0.52485,-0.16189,7.1592,0.56636,-1.2969,0.10731
-0.61307,5.5682,0.095065,0.05222,3.2823,-0.091765,-0.58549,0.045952
-0.81786,-3.0012,0.31841,-1.5894,2.2998,0.035738,0.80232,0.018498
-0.62335,5.7011,-0.43336,-0.025407,-2.2668,0.025983,1.7583,-0.019639
-0.60054,-0.55394,0.22519,-1.4359,-2.2769,0.035995,0.38438,-0.096206
4.4577,2.2249,-1.1381,0.013015,-2.801,0.016178,0.54846,-0.11463
4.4302,-2.4074,-2.0285,0.24931,-3.9517,0.019553,1.2939,-0.1121
-0.50972,-2.1,-2.1048,0.031583,-4.6297,-0.036895,0.30914,-0.13116
-0.75759,-0.65906,0.015844,0.37895,-3.8803,-0.047093,-0.50462,-0.058677
-0.67259,0.48561,-1.2685,0.48594,-3.4052,-0.029708,1.6863,-0.025748
-0.86586,0.065033,-0.21427,-0.80614,-1.6421,-0.052618,1.4788,0.0099558
-0.77508,-0.17349,-1.6253,0.43795,-3.7343,-0.0032803,0.61211,0.3611
-0.61276,0.6081,-0.66267,0.74543,-1.0677,-0.080457,1.2221,0.26083
-0.64096,-0.6319,0.25855,0.94214,-1.733,-0.0028119,-0.40361,0.23854
-0.64097,2.3786,0.088628,0.42264,1.2794,-0.12912,1.8815,0.017184
-0.43063,-3.1916,0.32811,0.22092,0.30164,-0.041009,-2.091,0.079392
-0.68352,5.3643,0.82045,-0.39907,3.2291,-0.17529,0.62722,0.0054533
-0.63429,-2.4374,1.3135,-0.13603,1.1271,0.015228,-2.1836,-0.072647
-0.63583,4.9919,2.3672,0.17531,3.2666,-0.064452,0.062164,-0.1055
-0.69353,-0.84324,1.3206,0.20959,-6.8839,0.018533,-1.3793,-0.14513
-0.70371,0.25298,0.9732,0.084193,-0.32218,-0.048286,3.5888,-0.12488
-0.60695,-1.3975,1.5895,-0.19711,-8.7298,-0.018182,-1.2921,-0.089464
-0.61093,-3.8171,-1.4899,-0.50113,-2.3441,-0.12095,-0.78613,-0.067025
-0.25138,2.8558,0.33768,-0.95989,-5.1778,-0.041734,0.824,-0.053639
-0.45837,-3.506,-3.0806,-0.0012183,6.0621,-0.065889,-3.6435,0.014166
-0.61542,1.4739,-0.3649,0.053864,-2.7814,-0.16539,-1.6123,0.12636
4.4968,-4.3503,-4.0042,-0.86651,5.4488,0.15023,-1.2331,0.021784
4.4649,5.323,-0.055148,0.53514,-2.3898,-0.18521,0.073878,0.26516
4.4208,-1.4233,-2.7251,-0.72291,4.9477,0.17806,-1.0532,0.08662
-0.65376,4.7174,-0.033473,-0.05465,-2.7512,-0.052413,1.2319,0.048823
-0.6696,-4.5278,-0.7384,-0.44906,4.0882,0.041437,-1.7972,-0.029861
-0.43406,4.7584,0.055924,0.15267,-1.4683,-0.11181,1.7509,-0.066368
-0.56879,-3.1671,-0.93699,-0.0037553,1.6577,0.011319,-0.92659,-0.14152
-0.69247,2.8773,-0.0089848,0.21251,2.2318,-0.14263,3.5503,-0.1369
-0.65819,-3.4866,0.41865,-0.091563,-3.2505,-0.031042,-1.0959,-0.11736
-0.74434,3.0102,0.87471,0.30266,2.2796,-0.074572,0.28853,-0.10268
-0.67735,-2.4405,1.2659,0.42373,-5.5063,-0.0086967,0.036284,0.037871
-0.64169,-2.8936,1.4086,0.48341,-3.5497,0.016986,-1.4234,0.086985
-0.62844,1.5223,2.8815,0.53575,-2.5041,-0.094229,-0.11774,0.019545
-0.61848,-4.1584,1.1873,1.1518,0.69506,-0.094454,-3.5391,0.061041
-0.48798,4.3049,2.9168,-0.56957,0.88091,-0.11878,-0.55314,0.15844
-0.58541,-1.7746,0.96775,0.35102,5.4018,0.29207,-1.1988,0.15197
-0.62644,4.4172,2.3541,-0.04438,3.7701,-0.067468,0.68446,0.073113
-0.62374,0.057712,0.2744,-1.2972,-1.0558,-0.0055329,-0.30969,-0.0021401
-0.72779,5.9533,0.12723,0.83958,0.78698,-0.027866,1.3171,-0.055951
-0.61103,-1.8588,-0.87644,-1.2115,-6.0757,0.027909,0.13542,-0.10896
-0.59265,2.1185,-0.99099,0.77514,-2.9935,0.0097472,0.87146,-0.12585
4.4814,0.25913,-2.4739,0.14896,-4.5261,-0.038942,0.22445,-0.096595
4.4614,-5.8021,-2.7976,-0.89758,-2.7891,-0.07275,0.32127,-0.10244
4.4374,0.20341,0.90891,-0.23206,-3.866,0.0084765,0.76088,-0.028814
-0.68872,-2.7475,-1.005,-0.46881,2.0962,-0.16965,0.34543,0.014799
-0.68156,0.53679,-2.3495,-0.03919,-1.7145,-0.062668,1.2535,0.16243
-0.82353,-4.9549,-3.3859,0.58068,-0.033828,-0.059183,-1.7734,0.033223
-0.79998,2.1574,-2.7174,0.87556,-0.85202,-0.090404,0.49269,0.21045
-0.63632,-2.8371,-1.5489,0.69588,-0.51385,0.041341,-2.5842,0.24214
-0.64549,3.1332,-0.21858,-0.4903,1.8455,-0.13196,1.1539,0.10444
-0.63417,-3.5009,0.98117,-0.68915,0.50041,-0.057239,-2.755,0.060676
-0.45932,5.5799,0.93561,-0.15862,3.0659,-0.12338,0.71397,-0.0099526
-0.58416,-2.5611,1.3411,-0.17962,0.12886,0.0033361,0.03324,-0.081603
-0.63378,4.3882,0.77389,0.77482,3.6119,0.046333,3.7489,-0.098056
-0.63684,-0.74328,3.1101,-0.20771,-5.0421,-0.01111,-1.4894,-0.074983
-0.67767,0.42585,-0.80966,0.096198,-0.63181,0.0017253,1.8383,-0.11534
-0.68515,-0.70683,1.6817,-0.39826,-6.6401,-0.037839,-0.80112,-0.058604
-0.61049,-4.7776,-1.5681,0.53309,1.7685,-0.15313,-3.1432,0.015261
-0.6038,3.8362,-0.50388,-0.32495,-2.2488,-0.030632,0.21413,-0.052422
-0.351,-8.8249,-2.6805,-0.45168,7.5676,0.431,-5.3748,0.14102
-0.52567,4.2108,0.91099,-0.26966,-0.5607,-0.1878,-2.142,0.084284
-0.60542,-3.1179,-1.4412,-0.28575,5.7896,0.39171,0.013172,0.20159
4.4528,5.3263,0.17569,0.46244,-0.48993,-0.028931,0.30778,0.051355
4.4658,1.118,0.11686,-0.54062,1.0372,0.032131,0.89802,0.09801
4.4264,4.3825,-0.67778,0.20473,-0.88011,0.0036891,1.3024,0.033223
-0.67852,-3.2054,-0.3022,-0.96316,-0.82661,-0.021885,0.42639,-0.03451
-0.66683,2.4538,-1.8822,-0.12463,-2.1856,0.0055373,2.2431,-0.095768
-0.45046,-2.4334,-1.078,0.38054,-0.82687,0.0066347,0.045577,-0.11899
-0.61743,2.1951,-0.42292,0.48936,-2.832,0.048663,2.2801,-0.13203
-0.68635,-2.5692,-0.18385,-0.19882,0.48382,0.0035415,1.3244,-0.12738
-0.6581,0.88024,-0.79853,0.63112,3.2869,0.030059,2.8865,0.10782
-0.7373,-1.6557,0.45412,0.58565,-4.0856,-0.027725,-0.42027,0.059946
-0.74578,-4.3434,0.26384,0.68933,-0.83507,-0.038358,-2.0386,0.098911
-0.56558,1.3176,1.4752,0.04071,0.54535,-0.049839,0.70454,0.16119
-0.62922,-4.646,1.7397,0.66376,3.4522,0.017577,-2.557,0.13011
-0.62831,4.5679,1.3015,0.23418,3.8569,0.0048763,0.48962,0.077591
-0.45868,-1.8749,3.8268,-0.49244,3.3874,0.023359,-1.9425,0.13128
-0.56493,4.5214,0.66398,-0.46735,5.1241,0.22854,-0.011154,0.051135
-0.61994,0.15559,0.86678,0.38985,-5.5989,0.011294,-1.1938,-0.018909
-0.61303,3.1885,0.98466,-0.60536,1.7472,-0.025138,3.1888,-0.056049
-0.83053,0.50411,-0.13572,0.24936,-7.5935,0.06685,0.0054463,-0.072623
-0.67016,1.4211,-0.73746,0.48737,-1.2605,-0.14988,-1.0195,-0.11638
-0.59985,-1.4672,-1.5669,-0.84307,-3.3889,-0.041086,0.83199,-0.12471
-0.59521,-8.1996,-1.7365,-0.81309,4.8902,0.18468,-1.8534,-0.053128
4.4807,2.4973,-1.0351,0.40802,-2.3572,-0.10851,0.090472,-0.029934
4.4624,-4.7575,-3.4701,-0.11839,6.5745,0.23956,-2.8115,0.046073
-0.66881,3.1596,-0.7483,0.99977,-1.4284,-0.086445,-0.67509,0.21875
-0.67711,-4.74,-2.6746,-0.25503,5.0554,0.20626,-2.2301,0.1157
-0.82956,4.5754,0.87683,-0.066141,-1.8599,-0.1299,-0.31461,0.14243
-0.79292,-5.9013,-1.2464,0.32051,4.4,0.1063,-1.0185,0.084235
-0.66696,3.7435,0.47439,-0.3614,2.9385,-0.095795,1.3574,0.16019
-0.65541,-4.314,-0.0042631,-0.58854,2.4236,0.0011991,-1.647,-0.0045739
-0.49497,5.1311,-0.065214,-0.53722,3.7193,0.020381,1.9486,-0.071868
-0.61096,-1.9787,1.9949,0.75954,-2.6691,-0.026659,0.49933,-0.089343
-0.66752,3.8995,1.4729,0.88297,3.4036,0.0014301,1.6507,-0.1654
-0.64061,-2.7589,2.8245,-0.51476,-3.4813,0.027094,-0.1379,-0.14882
-0.95015,-0.96864,2.3787,0.12581,-1.1909,-0.009178,1.2326,-0.15559
-0.72496,-0.27695,2.2316,0.71688,-1.5275,0.0076551,0.4786,-0.023704
-0.58854,-3.5066,-1.27,0.83213,3.3533,-0.082389,-4.2182,0.041619
-0.61806,1.3763,0.084466,-0.62829,0.77553,-0.022302,-1.0284,0.14868
-0.61634,-1.9351,-1.3295,0.58297,7.801,0.56267,-3.5669,0.022563
-0.47806,5.9778,0.497,0.97233,2.4564,-0.21549,-1.1952,0.040524
-0.63392,-3.7854,-1.6666,-1.1268,3.383,0.076091,1.1111,0.060506
-0.61557,5.6714,-1.2901,0.41903,1.0339,0.0083674,1.8751,0.10288
-0.60848,2.5141,-0.29322,-0.95534,-0.57844,0.036746,1.2284,0.020251
4.4658,4.7747,-0.16544,0.57925,-1.7828,0.026728,1.8577,-0.00077723
4.4277,-3.4268,-1.8679,-0.76378,-2.6455,0.040083,0.63784,-0.057338
4.3205,1.1692,-1.5357,-0.21805,-2.0061,0.028018,1.4429,-0.10988
-0.68125,1.2424,-0.72077,0.68085,-1.1877,0.029462,1.9697,-0.102
-0.35196,1.9678,0.025981,0.99856,-1.9931,0.0094263,1.76,-0.12091
-0.59718,0.72475,0.75179,0.31122,0.10479,0.035449,1.5154,-0.090195
-0.66941,-0.07392,-1.3253,0.044532,-2.1903,0.01619,1.6779,0.062647
-0.66377,-1.9905,0.16609,-0.31504,0.3055,0.017352,0.85379,0.1122
-0.84624,-1.3319,-0.3119,0.23499,0.18676,0.0052806,-0.10305,0.24971
-0.77846,0.79815,0.85747,1.0239,0.044968,-0.0036526,1.0344,0.15447
-0.61551,-5.9637,-0.19136,-0.57564,3.3195,0.027158,-2.7804,0.12639
-0.63734,4.5156,0.9764,-0.22381,4.0236,0.027119,1.8837,0.15552
-0.35486,-2.3148,2.335,-0.27174,2.7157,0.015844,-1.748,0.027771
-0.46125,4.1772,1.6348,-0.35661,5.3463,0.2393,-0.0062479,0.051403
-0.71665,-0.26681,2.8536,0.3766,-3.32,0.045486,-1.2212,-0.054515
-0.627,1.3634,0.32979,-0.50734,3.5557,0.092591,3.7235,-0.11022
-0.74956,0.82615,1.4863,0.53825,-7.2626,0.012994,-0.86266,-0.096693
-0.7239,-2.83,0.092855,-1.0303,-1.4796,-0.10982,-0.22916,-0.11631
-0.66338,1.7599,0.99352,-0.74067,-3.7314,0.0098113,1.67,-0.12186
-0.6028,-4.2725,-2.2303,-0.36182,5.8707,0.25298,-1.9687,-0.065711
-0.5891,0.025268,-0.14628,-0.27965,-3.0038,-0.045796,-1.4638,-0.025626
4.4993,-5.9317,-2.8555,0.029991,6.3841,0.26844,-2.8265,-0.045583
4.4874,2.9506,-0.40708,0.24672,-1.0423,-0.10346,-0.41449,0.35426
4.4426,-3.4544,-2.5774,-0.19689,5.3286,0.18027,-1.3132,0.21179
-0.68953,3.1826,-0.35664,-0.10009,-1.5368,-0.082447,0.6633,0.098424
-0.87715,-4.5265,-1.1626,-0.7172,4.0545,0.083215,-1.6312,0.11383
-0.71885,4.299,-0.29626,0.034037,0.59625,-0.075843,2.0211,0.035413
-0.6573,-3.8535,0.05453,-0.21454,4.1339,0.11984,-0.69192,-0.013165
-0.6555,4.1061,0.22801,0.015456,2.9756,-0.036626,2.384,-0.076906
-0.36774,-3.2987,0.5222,0.44386,-0.12835,0.030662,0.1682,-0.11536
-0.51655,4.3746,0.75565,0.26861,3.1108,-0.01179,3.532,-0.21235
-0.65215,-1.7592,1.0375,-0.41492,-1.5701,0.036758,1.1197,-0.14371
-0.65153,-0.26208,-0.7032,-0.31076,0.93367,-0.012862,1.4691,-0.10796
-0.77604,-0.069578,1.9888,0.40227,-3.1104,-0.06725,-0.47818,-0.082309
-0.72849,-3.4004,2.6737,-0.3151,0.10989,-0.060133,-1.6558,0.085671
-0.58006,1.6952,2.0178,0.65133,0.52508,-0.10028,-0.25327,0.16314
-0.61789,-4.77,0.023444,0.47007,6.7781,0.45094,-3.3783,0.16874
-0.58811,4.3414,2.2564,0.19219,3.4019,-0.088331,0.60072,0.12997
-0.32801,-1.7911,-1.3318,-0.54956,4.6457,0.25085,1.2267,0.041863
-0.6187,6.1965,-0.38826,0.53227,3.7752,0.083683,1.8538,0.094238
-0.61656,-1.1256,-2.1585,-2.1482,0.040023,0.031945,1.7284,0.046
-0.61004,5.7035,-1.4565,-0.040559,-1.2738,-0.02492,2.8682,-0.049453
4.4683,0.72137,-2.9065,-0.78166,-2.824,-0.053889,2.126,-0.060429
4.4343,0.25943,-1.0399,0.2541,-2.4455,-0.031678,1.4363,-0.15306
4.4095,-2.0983,-1.2941,0.058971,-2.7848,-0.047388,1.3687,-0.12707
-0.67612,-0.14888,0.28387,-0.4955,-0.9186,-0.028822,0.94521,-0.054832
-0.48771,-0.2764,0.002328,0.3434,-1.1665,-0.01077,1.2196,-0.083842
-0.59537,-0.1414,-0.79087,0.24173,-0.13759,-0.012958,1.9471,-0.041397
-0.67561,-1.3088,-1.3459,0.092248,-1.7358,-0.031492,1.0475,0.13444
-0.66983,-0.459,-0.49525,0.23172,-1.6338,-0.044513,0.66565,0.12442
-0.91638,-0.21064,-0.50171,0.76207,1.0513,0.0031179,1.8479,0.28636
-0.7029,-3.6981,0.76879,0.40137,1.2744,-0.01557,-1.7459,0.25718
-0.64387,3.852,-0.58803,-0.36572,3.7986,0.0738,2.4685,0.12405
-0.63426,-2.2151,1.5043,-0.09338,3.2425,0.032491,-0.98237,0.050162
-0.73755,4.9363,0.64366,-0.22821,4.7758,0.15694,0.34706,-0.010512
-0.54685,-1.4596,2.456,0.17843,-1.9718,-0.0018685,-1.2773,-0.068534
-0.64642,2.2723,1.0103,-0.29965,4.6909,0.30391,4.4542,-0.12899
-0.6279,-0.62791,3.4674,0.76586,-7.1329,-0.011219,-1.1106,-0.1359
-0.77654,-2.8584,1.0901,-0.21603,-2.5777,-0.051925,2.3399,-0.13909
-0.68215,1.9613,2.3122,-0.94596,-4.198,-0.011264,1.7901,-0.11517
-0.53601,-7.1218,-1.9209,-0.40786,5.8372,0.27837,-1.6556,-0.0047443
-0.60141,2.3491,-0.52085,-1.2183,-1.3226,-0.10015,-0.79664,0.029037
-0.60516,-6.5807,-3.7074,-0.32659,7.8323,0.54649,-3.8767,0.057269
4.4826,4.4837,0.43277,0.28068,0.37487,-0.15633,-0.036129,0.027576
4.4869,-2.3878,-2.6203,-0.41652,5.3479,0.29938,-0.81409,0.20955
4.4436,5.2652,-0.34324,0.19077,-0.84706,-0.046483,1.1775,0.18202
-0.68271,-2.1298,-1.4041,-0.30699,3.5143,0.05422,1.4106,0.030473
-0.85694,4.4509,0.96848,0.17903,-0.27593,-0.080772,1.1528,0.048191
-0.71168,-1.9125,0.73799,0.23447,2.3247,-0.02012,0.31489,-0.024385
-0.66448,4.4434,0.41952,-0.36534,2.2624,-0.011533,1.7555,-0.084938
-0.66591,-3.4284,-0.14727,0.050801,2.0761,0.0072379,0.13429,-0.087225
-0.51608,3.5883,-0.46908,0.2949,2.2645,-0.012387,3.1205,-0.15476
-0.57678,-2.6204,1.0838,-0.35366,-3.0181,-0.023399,1.0022,-0.093529
-0.64921,1.0181,0.39162,0.32712,0.28989,0.0041575,-0.26947,-0.079291
-0.64656,-0.88072,1.5761,0.32866,-2.4739,-0.097271,0.649,-0.056998
-0.93163,-4.1669,0.63456,0.62566,-1.1779,-0.078371,-1.9415,0.017914
-0.77423,3.1639,2.4248,0.20896,2.3347,-0.052868,0.57098,0.1684
-0.62624,-4.4643,1.4413,0.44429,5.0941,0.33214,-2.1156,0.18368
-0.62527,5.0268,-0.47559,-0.37642,4.6113,0.17695,1.269,0.13907
-0.41669,-2.0519,0.67334,-1.3014,2.8922,0.00058941,-0.51704,0.12332
-0.54265,4.8084,-0.80842,-0.12061,4.17,0.21827,2.7407,0.053229
-0.58189,0.419,0.084305,-1.7118,-6.277,-0.058272,-0.020543,-0.01263
-0.60958,5.1438,-0.38374,-0.20371,-2.2999,-0.05111,3.3178,-0.042176
-0.83589,-0.91347,-0.0099548,-0.29375,-7.6773,0.0058838,0.21327,-0.092847
-0.66261,-0.63805,-1.4218,0.011236,-0.76791,-0.10716,0.79824,-0.14517
4.4636,0.88919,-0.10043,-0.56204,-3.8522,-0.088132,1.7301,-0.12427
4.4444,-7.5192,-3.9951,-0.17981,2.1902,-0.17304,-0.4483,-0.067755
-0.66053,3.8058,-0.84209,0.46011,-1.8589,-0.097111,1.9006,-0.017059
-0.55517,-3.6322,-2.2397,-0.2966,3.5876,0.025444,-1.6355,0.021346
-0.62641,1.0227,-1.4253,0.98215,-3.1462,-0.06288,-0.51126,0.066712
-0.66902,-5.0562,-0.96006,0.27574,2.3856,-0.06467,-1.6951,0.094579
-0.6599,2.5683,0.42674,0.040158,-0.42326,-0.11938,0.76015,0.22866
-0.75949,-3.6766,0.63533,0.64958,0.90933,-0.082427,-1.9142,0.22929
-0.68209,3.4433,0.95435,-0.7617,2.8664,-0.2207,1.099,0.15959
-0.63839,-1.774,1.0363,0.087745,-0.68657,-0.06157,-1.3118,0.045343
-0.64265,5.1099,1.2044,0.083551,3.3991,-0.068059,1.7575,-0.045243
-0.38576,-1.0107,2.3202,0.19766,-5.3538,-0.014062,-1.0663,-0.078318
-0.63354,2.6943,0.23476,0.34631,2.6897,-0.027153,3.6228,-0.13011
-0.62376,-0.66249,2.5682,0.35165,-5.5261,-0.0069447,0.028295,-0.11215
-0.62113,-3.4486,-0.12127,-0.39552,-2.3026,-0.095256,-1.7131,-0.095525
-0.86058,1.8031,1.5452,-0.45559,-4.1648,-0.0037873,0.63446,-0.072209
-0.69474,-6.0896,-2.6119,0.26334,5.8276,0.22319,-4.0922,-0.021756
-0.58641,3.8675,-0.8688,0.30215,-0.78087,-0.14721,-0.845,0.01239
-0.60634,-6.7287,-3.763,0.24957,7.6144,0.50154,-3.6394,-0.011243
-0.41159,5.0851,-0.23237,0.46273,-0.31558,-0.24782,-1.6326,0.070435
-0.51816,-1.9224,-0.93162,-1.0725,2.8045,-0.01231,-1.8654,0.14756
4.4897,5.1735,-0.47415,0.45153,-3.3467,-0.081381,1.5879,0.041108
4.4519,-3.3126,-1.8128,-1.0194,0.80099,-0.0054687,1.3129,0.19366
4.3619,3.265,-1.9066,0.010459,-3.4212,0.00019152,1.5904,0.0090309
-0.82569,-1.5802,-1.8873,0.0016592,-2.2007,-0.025401,-0.037882,-0.041032
-0.73211,3.6403,-1.061,0.54574,-3.3305,-0.060338,3.0371,-0.090097
-0.6627,-0.85169,-0.69225,0.43524,-2.5547,-0.055602,0.31792,-0.091704
-0.64724,4.3151,0.24214,0.89165,-2.0836,-0.075143,2.3392,-0.070432
-0.51081,-2.766,0.93499,-0.075229,-4.512,-0.039905,0.28286,-0.079243
-0.61338,0.67928,0.62987,0.49082,-1.2497,-0.074553,-0.34622,0.02322
-0.65252,-1.2057,1.196,-0.11216,-3.664,-0.075419,-0.19535,0.04269
-0.64528,-3.0874,1.3289,0.60761,-0.36608,-0.027699,-1.8083,-0.033147
-0.82818,2.2348,0.86838,0.56186,0.071428,-0.10137,-0.028898,0.16747
-0.69345,-4.003,0.66043,0.48763,1.9772,-0.11921,-3.4104,0.10609
-0.61825,5.5767,-0.84404,-0.9039,4.4055,0.093893,1.7667,0.15153
-0.61434,-2.3651,1.8884,-0.70976,1.0645,0.0039522,-0.55403,0.054056
-0.35143,5.18,-0.095728,0.084971,3.5967,0.10129,1.6231,0.028477
-0.54682,-0.83571,1.9295,-0.43796,-6.5401,0.0075331,-0.9497,-0.020272
-0.62349,3.3324,0.47635,-0.31083,-2.9102,0.0074818,2.4262,-0.047555
-0.61327,0.24624,-0.24319,-0.37408,-7.8871,0.021389,-0.63763,-0.096376
-0.93153,1.2089,-1.2546,0.51326,-1.3186,-0.024631,0.31979,-0.13439
-0.70069,-0.60185,-0.74076,-1.0853,-5.3973,-0.076818,0.82823,-0.11806
4.4904,-5.3416,-3.035,0.10135,2.9592,-0.11821,-2.0914,-0.10304
4.4765,-0.17065,-0.20484,-0.36003,-2.4474,-0.096084,-0.21859,0.14554
4.4452,-4.8888,-2.0925,-0.26066,3.8773,0.042508,-1.8432,0.037944
-0.37791,2.9354,-0.11857,0.7332,-3.0454,-0.12397,-0.91026,0.10823
-0.73331,-5.0109,-2.5193,-0.17498,4.2101,0.01741,-2.1198,0.15253
-0.67384,3.4227,0.11788,-0.087478,-2.8234,-0.10741,0.81774,0.050989
-0.70712,-3.5358,-0.13909,1.1144,3.3094,0.01535,-2.3744,0.075279
-0.82291,4.9867,0.71947,-0.27998,1.2333,-0.20451,0.40389,0.10446
-0.72658,-1.9267,0.77849,0.1207,-0.075285,-0.0031263,-1.7932,0.020518
-0.64503,3.7381,0.39261,-0.19123,3.3777,-0.17921,0.18172,-0.069799
-0.63891,-1.0727,2.6534,1.0277,-2.8042,-0.0044098,-1.9641,-0.075324
-0.50919,3.9904,0.93378,0.89854,2.8528,-0.054062,2.4044,-0.15566
-0.59613,-1.1863,1.9287,0.04389,-7.1875,-0.036536,-0.98276,-0.11361
-0.63498,-0.35504,0.50348,-0.30694,-0.68441,0.010055,0.32152,-0.094308
-0.63121,0.24316,0.33293,0.22172,-4.5104,-0.012265,0.34631,-0.074132
-1.03,-4.3867,-0.91403,0.68965,1.0493,-0.22895,-3.4344,0.021784
-0.64908,1.7715,-0.094823,-0.34477,-2.727,-0.074964,0.29069,0.081533
-0.60374,-4.494,-1.2346,0.74136,7.2364,0.40628,-5.326,0.002338
-0.60143,3.6648,1.2526,0.22378,1.6264,-0.21886,-2.2982,0.11685
-0.40514,-3.9589,-1.3106,-1.0451,5.2556,0.27709,1.3779,0.16324
-0.42877,4.6319,-0.26561,0.7934,-1.7449,-0.043152,1.0716,0.16418
4.4881,0.087632,-0.79332,-1.4094,1.3172,-0.026255,1.9407,0.022684
4.4474,4.5082,-1.0285,0.33518,-2.5464,-0.022867,1.2143,-0.0022132
4.4097,-1.7127,-0.74889,-0.19462,-2.7839,-0.0098262,-1.0202,-0.074302
-0.63858,1.1889,-1.778,0.26352,-3.3257,-0.062039,2.4447,-0.12945
-0.62257,-2.1008,-1.9007,0.37541,-2.864,-0.093806,-0.29022,-0.15622
-0.66067,3.4399,0.67945,0.31048,-3.2303,0.025586,2.2078,-0.086106
-0.65912,-2.7592,0.77906,0.080475,-2.6297,-0.039905,0.92284,-0.073523
-0.49035,1.0691,1.0351,0.61615,-2.0915,0.0036506,1.5332,0.051525
-0.6089,-2.3909,0.026155,-0.41811,-2.6565,-0.058471,-0.73001,0.089589
-0.65844,0.10762,-0.1899,0.48661,1.5766,-0.0011626,0.30769,0.23372
-0.6496,1.9451,1.6093,1.0484,-1.9609,-0.0046344,0.64422,0.023658
-0.74867,-4.7682,-0.017799,0.69231,-1.0362,-0.07635,-3.4292,0.18353
-0.64106,5.3664,0.45734,0.40812,1.5936,-0.10715,0.66704,0.061771
-0.62364,-3.0906,2.0971,-0.45436,3.2858,0.040525,-3.8962,0.069535
-0.62963,5.8264,0.68809,-0.48221,3.9171,0.041591,0.36318,-0.0048417
-0.3731,-1.6636,1.7284,-0.60192,-2.3274,0.043567,-1.7744,-0.029593
-0.56599,3.8849,-0.49161,-0.30367,1.6926,0.0041062,1.0556,-0.097009
-0.61396,-0.15839,1.498,0.15132,-7.6977,0.015029,-0.95906,-0.093261
-0.61276,2.9151,0.94737,0.082459,-3.9309,-0.052239,4.1959,-0.1129
-0.72368,-1.6199,2.7941,0.16613,-7.2505,0.018571,0.21174,-0.10667
-0.66197,-3.6595,-0.63726,0.20309,3.331,-0.10213,-1.1825,-0.037527
4.4576,0.60101,0.513,-0.074568,-3.4663,-0.02019,-0.033438,-0.019371
4.4889,-7.0162,-0.34501,-0.44443,5.3204,0.15318,-2.6584,0.090125
4.466,2.9681,-0.57522,0.97926,-3.5914,-0.13307,-1.2458,0.10692
-0.5257,-3.2622,-2.8853,-0.34121,5.4169,0.14618,-3.3371,0.14418
-0.61717,4.442,0.14425,0.31833,-2.9946,-0.12953,-0.19437,0.15791
-0.6742,-5.296,-0.58249,-0.040102,4.7297,0.13113,-1.9379,0.12836
-0.68441,4.9836,1.6598,-0.057753,-1.2589,-0.23985,0.11128,0.061674
-0.81235,-2.8796,0.50976,-0.13418,2.1496,-0.0023498,-2.0588,0.015115
-0.66849,3.2018,1.0041,0.0007664,2.038,-0.25116,0.028661,-0.14374
-0.64584,-4.1683,1.5462,0.61467,-2.7692,0.024225,-0.30562,-0.15664
-0.63728,4.6935,1.8041,0.16378,1.9073,-0.10607,3.5538,-0.082406
-0.61365,-2.5072,3.6213,-0.44086,-5.6241,-0.03411,-1.4378,-0.14797
-0.56175,1.1417,-0.075936,-0.57311,0.15762,-0.0017851,0.90751,-0.099005
-0.63372,-0.7496,1.2552,0.66024,-5.331,-0.056558,-0.34751,0.0035549
-0.62386,-3.1742,-0.7195,0.06646,-2.7849,-0.040547,-2.166,0.0053316
-0.79373,1.4736,1.8588,0.023625,-2.966,-0.082716,-0.55463,0.093654
-0.66841,-4.1939,-0.70221,0.067706,6.7035,0.33443,-4.902,0.15506
-0.60549,3.3736,1.3666,-0.26561,1.2872,-0.24038,-1.9617,0.16849
-0.60653,-1.9897,-0.6158,-0.59526,5.4757,0.30189,-1.1785,0.013436
-0.38133,6.1384,-0.31962,0.47146,1.5005,-0.14281,0.68182,0.044321
-0.56633,-1.1293,-1.1281,-1.837,-2.616,-0.023919,0.4742,0.020348
-0.59643,3.5438,-1.1858,0.56707,-2.6675,0.02436,1.5421,-0.030835
4.4553,0.71599,-1.653,0.0049606,-4.3692,0.0010386,1.1071,-0.055732
4.4229,1.0023,-1.0551,-0.16843,-4.2504,-0.011026,2.3335,-0.13098
-0.67404,-1.7097,-1.1807,0.91477,-6.2286,-0.033199,-0.18045,-0.14413
-0.66005,-1.1103,0.31711,0.17826,-3.8344,-0.033083,-0.25404,-0.11276
-0.66758,-1.302,0.38599,-0.16818,-2.1804,-0.0070217,0.85435,-0.06004
-0.39816,0.19238,-0.44693,0.14646,-4.7624,-0.0093834,0.16883,-0.026892
-0.57846,-3.7863,-2.3994,-0.19804,-0.46596,-0.01179,0.64354,0.30211
-0.63473,-2.2572,-0.79971,-0.01048,-3.8309,-0.0087288,-0.21448,0.23581
-0.65727,1.0063,0.12229,0.57337,0.32159,-0.074168,1.8832,0.2813
-0.74782,-5.4619,1.199,-0.28168,0.78376,-0.044506,-1.9674,0.061625
-0.80971,4.1427,0.26184,0.99048,1.5837,-0.090834,1.411,0.19091
-0.69345,-2.3497,2.1714,0.040563,2.529,-0.008594,-2.3648,0.080146
-0.63301,5.8896,1.1659,-0.12203,3.772,-0.076132,0.58095,0.0074003
-0.62029,-0.62074,1.6443,0.2399,-4.0074,-0.020146,-0.25852,-0.051643
-0.51653,2.9802,-0.53928,0.29441,1.1119,0.040513,3.2831,-0.13006
-0.59038,-0.41309,3.3403,-0.17318,-9.0554,0.024713,-0.72996,-0.14498
-0.61343,-2.8936,0.50453,-0.49498,-3.5734,0.0074497,-0.13253,-0.15269
-0.61328,1.7064,2.6064,-0.76775,-5.1411,-0.0045446,1.4328,-0.10166
-0.71087,-7.4748,-1.7873,-0.24453,5.0825,-0.025485,-3.4097,-0.1019
-0.60027,2.3136,0.31666,-0.53603,-2.0073,-0.099735,-0.69113,-0.018154
-0.59111,-4.864,-2.2267,-0.044894,7.145,0.39446,-1.6881,0.10534
4.4964,3.9655,0.96394,0.42773,-2.3036,-0.095968,-1.4898,0.052571
4.478,-3.1305,-2.8739,-0.93429,5.9398,0.30431,-1.7477,0.31785
4.427,5.0299,0.085975,-0.45721,-2.3483,-0.0084785,1.0524,0.13508
-0.68565,-3.7074,-0.69051,-0.49726,3.5477,0.042316,1.6247,0.13009
-0.68003,4.3845,-0.08387,0.76411,-3.3338,0.00071134,1.3683,0.062526
-0.96619,-1.8862,0.92254,-0.33127,3.268,0.031855,-0.47915,-0.0075675
-0.73984,4.0984,0.62146,0.64596,1.4049,-0.027301,1.0123,-0.098348
-0.61806,-4.7287,0.87736,1.1657,-2.8485,0.026965,-1.3677,-0.14449
-0.65249,1.7263,0.55802,-0.15193,3.5238,0.061254,1.9018,-0.1129
-0.55561,-1.1019,1.058,0.13118,-4.4402,0.03303,-0.2844,-0.16255
-0.46232,1.2604,-0.0027791,0.1626,0.048943,0.018546,0.071778,-0.1194
-0.71325,-0.93468,0.54124,0.63118,-2.8757,-0.0025102,-0.24521,-0.0016047
-0.64647,-4.0675,2.0668,0.40023,-1.9122,-0.0096529,-3.337,-0.02385
-0.64499,2.5979,3.1379,0.12093,2.6673,-0.13436,0.90495,0.066955
-0.76394,-3.1984,-1.4312,0.81385,5.1943,0.23771,-3.4411,0.16107
-0.63662,3.6608,1.738,-0.72981,4.0275,-0.0062196,0.47691,0.16294
-0.61738,-1.6105,1.5363,-1.0118,2.3792,-0.015018,0.30835,0.11955
-0.61863,6.4065,-0.45891,0.5668,3.6852,0.069789,3.2323,-0.0015804
-0.41234,-1.1815,-0.58642,-1.6429,-5.3269,0.032215,-0.37992,0.017038
-0.57094,4.568,0.75431,0.02518,-2.0214,0.030578,3.3112,-0.029618
-0.60824,0.59478,-0.41556,0.014492,-4.3836,0.033287,2.0976,-0.12483
4.4656,-1.9034,-1.4199,-0.1242,-0.90659,0.024533,1.2404,-0.087152
4.4359,-1.0571,-0.087756,-0.45494,-5.3409,-0.06329,0.75278,-0.1405
4.414,-3.4529,0.1925,0.19569,1.4385,-0.077961,-0.00147,-0.1231
-0.67529,1.2679,-0.32927,-0.25881,-0.30212,0.015696,1.6621,-0.067901
-0.67213,-3.3476,-2.2206,-0.47056,3.2738,-0.056834,-0.51441,-0.010366
-0.58516,1.822,-2.1071,0.4041,-0.58994,-0.079989,1.8437,-0.021294
-0.46535,-3.2167,-0.986,0.17995,0.97465,-0.0058923,-0.60554,0.21763
-0.67547,1.6739,-0.4085,0.34096,1.1358,-0.07687,0.46209,0.27933
-0.67105,-4.8069,0.43838,0.32679,-0.67964,0.0044399,-2.6758,0.14357
-0.85614,3.1781,-0.036814,-0.42887,2.6906,-0.080136,2.0821,0.18913
-0.7289,-1.821,1.7442,-0.57692,1.2423,-0.0021188,-1.1523,0.066274
-0.63797,5.1843,1.6954,-0.042216,4.6328,0.13391,1.6348,-0.00097193
-0.6339,-1.3997,1.548,-0.042858,-0.88284,0.014349,0.93534,-0.05213
-0.62881,3.6367,-0.90807,0.2429,3.7173,0.068762,3.503,-0.10876
-0.48342,-0.33407,1.389,-0.12035,-6.2146,-0.014941,-1.6603,-0.15128
-0.66768,-2.0458,-0.71001,-1.2035,-1.8874,-0.050083,0.95727,-0.12651
-0.62792,0.11685,3.3798,-0.50127,-4.0116,0.027793,1.1152,-0.079413
-0.63012,-6.9816,-1.233,0.077603,6.0062,0.13686,-2.4815,-0.060673
-0.66203,3.6168,-0.20326,0.0092125,-0.73258,-0.025016,-0.67526,0.060871
-0.58784,-6.2873,-3.1425,-0.44096,7.8856,0.56804,-3.1324,0.079027
-0.5963,2.3078,0.97023,0.45517,1.1566,-0.082607,-0.93614,0.23513
4.4939,-1.9339,-1.8182,-1.3012,6.6466,0.44437,0.10258,0.0073029
4.4758,5.8156,-0.85839,0.43696,-0.66773,-0.045251,1.5777,0.17246
4.4336,-1.0222,-0.968,-0.80847,2.9402,-0.044622,1.0405,0.12111
-0.68975,3.8458,-1.5836,-0.018059,-1.9219,-0.057219,1.3026,0.037628
-0.68649,-2.6643,-0.047503,-0.5614,3.1125,0.019406,0.78577,-0.058434
-0.86018,3.8953,-0.27543,0.1809,-0.088309,-0.050962,2.1411,-0.079729
-0.78155,-1.3648,-0.76692,1.5669,-1.0699,-0.022,0.32964,-0.14162
-0.65238,3.2652,0.45839,0.53818,3.6413,0.097327,3.283,-0.14164
-0.65519,-2.6136,0.44884,0.18778,-3.3991,0.00041614,0.060135,-0.13288
-0.42289,1.0933,1.0194,0.49736,0.94964,-0.014659,0.63508,0.075108
-0.42107,-1.5065,1.2776,0.49209,-2.4063,-0.063855,0.18051,-0.039815
-0.62994,-4.658,1.2832,0.64132,-2.0059,-0.010083,-2.0925,0.10716
-0.64712,2.7366,1.9543,0.38076,2.193,-0.069618,1.2012,0.021443
-0.75473,-2.5663,-0.72174,0.38525,3.7643,0.099573,-3.2015,0.13926
-0.80487,4.3487,1.7983,-1.1347,3.4013,-0.084622,0.77016,0.17867
-0.68335,-1.7844,2.2473,-0.38665,4.7177,0.24795,-0.52064,0.12641
-0.61758,5.3694,1.2742,0.2977,4.4612,0.12307,1.1927,0.048142
-0.61004,-0.024258,1.9392,-0.90809,-4.8552,0.037137,-0.73959,-0.031881
-0.49804,5.6488,0.97033,0.73612,-0.10498,-0.0029723,1.156,-0.067901
-0.55907,-0.98246,1.3254,-0.44169,-6.9316,0.018899,0.022214,-0.077782
-0.60444,1.5608,0.40384,0.011962,-2.0656,-0.030811,1.8306,-0.13193
4.837,0.90906,0.60055,-0.018181,-4.9999,-0.0074389,0.75223,-0.076784
4.4601,-6.4984,-1.3592,-0.58214,2.2474,-0.16886,-0.040213,-0.089684
4.4412,0.97964,-0.29609,-0.15698,-1.2454,0.015125,1.4739,-0.025772
-0.67371,-4.4257,-3.3684,0.41803,4.1518,-0.0025231,-2.3027,0.031519
-0.6658,2.4804,-2.5958,0.018802,-0.099555,-0.095776,1.2952,0.045148
-0.39026,-5.0525,-1.7575,-0.68673,3.2294,0.020195,-0.48318,0.13771
-0.49259,2.2212,-0.45197,0.7504,-0.89284,-0.065492,0.58097,0.15301
-0.68965,-6.2125,-1.0102,-0.13539,2.8454,-0.01575,-2.7563,0.12488
-0.66495,3.6182,1.0652,-0.40652,1.5706,-0.092836,2.4964,0.16521
-0.70981,-3.9053,1.3048,0.049985,2.2945,0.025695,-0.92324,0.038601
-0.69409,5.0967,1.8725,1.1468,3.0543,-0.12648,0.84453,-0.044147
-0.62964,-2.3711,2.778,0.19564,-0.10855,0.030014,-1.2519,-0.097082
-0.63554,4.3469,0.64038,0.40814,4.0497,0.10867,2.249,-0.10176
-0.48982,-1.9002,1.6357,0.085478,-4.9053,0.01465,-1.9088,-0.11967
-0.56196,0.56079,-0.49497,-0.76179,0.90665,-0.020178,1.3236,-0.12458
-0.57032,-0.38816,0.84125,-0.75548,-5.5197,0.00027495,0.36842,-0.048869
-0.62483,-4.8152,-2.3263,-0.020487,3.1613,-0.15296,-2.9703,-0.0010693
-0.66568,4.0749,-0.11505,-0.84725,-1.3194,-0.0067394,1.1346,-0.0086384
-0.78302,-7.95,-2.5124,-0.25226,6.9924,0.38872,-4.1798,0.04712
-0.65127,5.6993,0.70563,0.39716,-0.41632,-0.23851,-1.4774,0.03775
-0.6028,-3.3213,-0.80948,-0.3099,6.9561,0.57173,-0.64217,0.10551
-0.59968,5.1936,0.10213,0.52184,-0.33624,-0.10658,2.0284,0.019886
4.4707,0.073677,-0.80106,-0.704,2.336,-0.059652,1.3326,0.060554
4.4289,4.2998,-0.77916,0.50906,-2.3274,-0.0023819,1.1236,0.0084712
-0.67162,-2.4238,-1.1014,-0.41006,-0.82279,-0.059324,0.29994,-0.076638
-0.67621,1.5585,-2.7738,0.42919,-1.9511,-0.050051,2.0716,-0.10346
-0.72207,-1.8583,-0.28213,0.34932,-1.7302,0.016839,0.84278,-0.13919
-0.69876,1.8537,0.13982,1.1018,-1.8777,-0.050436,1.6823,-0.11339
-0.65717,-2.8194,-0.80979,0.057179,-1.2118,-0.020216,0.69479,0.0063051
-0.65091,1.4286,-0.34414,-0.004616,-0.35218,0.044055,2.3019,-0.003357
-0.35494,-1.5835,-0.21683,-0.21852,-2.4024,-0.038718,1.0237,0.14172
-0.60369,-3.6209,1.837,0.20149,0.56756,-0.051495,-1.6609,0.10728
-0.65159,1.3607,0.86742,0.38676,1.3252,-0.086021,1.7738,0.18867
-0.64199,-3.4471,0.99584,0.83286,2.6313,-0.038756,-3.4497,0.19456
-0.96886,4.3404,-0.69486,-0.31298,5.0367,0.16477,1.9708,0.1397
-0.67447,-1.0272,1.0194,-0.23861,3.3802,0.086667,-1.0476,0.11159
-0.53356,4.3814,0.25589,-0.63561,4.8122,0.19572,1.0137,0.061406
-0.61544,0.2541,1.24,0.10428,-4.4393,0.00727,-1.4544,-0.052349
-0.70508,-0.56769,0.35106,-1.2387,-0.21505,0.027062,2.593,-0.078026
-0.55697,1.8208,1.4003,-0.00019703,-8.3643,0.013861,-0.064186,-0.090462
-0.62608,0.58423,-0.39037,0.27949,-0.21608,-0.040816,0.58648,-0.12191
-0.60465,0.012386,0.18301,-0.96067,-4.4836,0.0047415,1.3709,-0.13507
-0.63785,-5.2386,-0.66505,-0.031053,5.4845,0.15462,-1.4457,-0.07216
4.4905,2.4862,-0.81382,-0.59004,-0.85174,-0.053946,0.60075,-0.074691
4.4814,-6.1708,-2.349,-0.28377,5.4633,0.20373,-1.2799,0.15533
4.4152,3.0908,-2.0593,0.071418,0.61815,-0.073359,0.46267,0.098692
-0.67836,-4.6613,-2.6267,-0.99355,4.6451,0.16651,-1.2141,0.060457
-0.40071,5.2036,-0.42567,0.074064,-0.74278,-0.07979,1.4576,0.15576
-0.64345,-5.1671,-1.5112,0.14328,5.0388,0.28322,-0.97759,0.077591
-0.66146,4.0614,0.19563,0.31366,0.44185,-0.05729,0.88971,0.08039
-0.65741,-4.8128,0.063909,-0.084202,4.1093,0.18769,-0.30461,0.0019486
-0.84431,4.9486,0.059431,0.27224,3.8158,0.057012,1.7763,-0.094673
-0.68546,-2.0492,0.47088,-0.019459,-0.53925,-0.036542,1.3607,-0.13858
-0.64227,4.4234,0.71182,0.36094,4.3899,0.22731,1.9595,-0.10954
-0.6356,-2.1768,2.2988,-0.041503,-3.4704,-0.053131,-0.35095,-0.11753
-0.40611,0.17748,1.6139,-0.25897,0.82917,-0.034707,1.2644,-0.11624
-0.50501,-1.4458,1.9083,0.050184,-1.958,0.0011413,0.20336,-0.006594
-0.64375,-3.4823,-0.7056,-0.041496,3.0345,-0.018291,-2.7561,0.029377
-0.627,2.5365,1.1595,-0.10469,1.8861,-0.049371,1.7518,0.07063
-0.85974,-3.4427,-1.2727,0.70331,7.1008,0.5776,-2.0814,0.13958
-0.64416,5.1909,0.79336,0.67552,3.5891,-0.089634,-1.4638,0.035121
-0.59637,-3.2691,-0.40393,-0.8646,4.1331,0.21923,1.2938,0.13111
-0.59981,5.4184,-0.27963,-0.15916,1.4634,-0.016128,2.567,0.1067
-0.586,-0.8151,-0.57126,-1.7036,-2.1096,0.028217,1.1544,0.0026788
4.4756,3.7025,-1.2684,0.53588,-1.9229,-0.0085555,2.8642,-0.016232
4.4337,-1.1743,-1.546,-0.11481,-2.4225,-0.028764,0.42758,-0.09533
4.4049,-0.46326,-1.558,0.057763,-2.7982,-0.074059,1.9367,-0.13485
-0.68663,0.80033,-1.9324,0.66229,-1.9825,-0.056186,1.1074,-0.075543
-0.70837,0.55797,-0.18882,0.098741,-2.7788,-0.027218,1.7321,-0.11813
-0.66948,0.86031,-0.1228,-0.62412,-0.42937,0.0084444,2.0088,-0.096912
-0.65216,-0.06008,-0.4794,0.24515,-1.5773,-0.041702,2.4259,0.054518
-0.65288,-0.87491,-2.1317,-0.12124,-0.064123,-0.06347,1.649,0.1021
-0.37999,-1.748,-0.047381,0.54392,-0.62209,-0.0076571,0.41919,0.12339
-0.59568,0.65911,-0.077189,0.76246,2.3129,-0.085482,2.1239,0.28799
-0.65805,-4.431,-0.5412,0.25218,1.0906,0.01569,-1.4767,0.17336
-0.65407,3.8364,1.0297,-0.24779,3.8348,0.09089,1.3382,0.087861
-0.74099,-1.8666,1.557,0.76223,4.2255,0.25923,-1.3866,0.037312
-0.68142,4.5743,2.7262,-0.053057,5.3972,0.31402,-0.12115,0.022027
-0.61403,-1.0267,2.1312,0.60951,-2.2478,0.0235,-1.5245,-0.067877
-0.62037,1.4971,0.5071,-0.29997,3.7722,0.18401,3.4507,-0.10207
-0.30363,0.65954,2.0881,0.4689,-6.3697,0.015189,-0.22489,-0.1222
-0.37645,-3.1295,0.47156,-0.43306,-1.7983,-0.056834,1.4729,-0.11991
-0.66129,0.57572,1.783,-0.66835,-4.0504,-0.0002192,1.1831,-0.09258
-0.61316,-5.9622,-2.1034,-0.52158,6.1049,0.30265,-1.026,-0.062912
-0.71653,0.92417,-0.18455,-0.64299,-0.1019,-0.015377,0.42953,0.077883
4.5548,-5.008,-2.1879,-0.76595,7.0807,0.49443,-2.3218,-0.030396
4.4967,3.6522,-0.045004,0.63844,-0.37447,-0.1531,0.28876,0.17981
4.4588,-4.2425,-2.9438,-0.57246,6.4218,0.45859,-0.17467,0.19804
-0.67223,3.6956,-0.17963,-0.42696,-0.13379,-0.050795,1.7685,0.038115
-0.46158,-4.7465,-1.5044,-0.23655,5.7964,0.42302,0.87511,0.16603
-0.63458,4.8283,0.20023,-0.039704,1.1253,-0.07438,2.1716,0.034707
-0.66561,-4.0627,-0.59117,-0.13222,4.922,0.28087,-0.25116,-0.018349
-0.66477,5.6846,0.44546,0.01999,3.8396,0.08917,2.3724,-0.066709
-0.8353,-2.8252,0.48227,0.06637,1.8505,0.025175,-0.21929,-0.1635
-0.69191,3.7792,1.5383,0.33902,3.8946,0.13027,3.229,-0.16262
-0.63882,-1.9533,1.4888,0.276,-2.5639,-0.030388,-0.24173,-0.12855
-0.6239,0.15892,1.1686,-0.48746,3.154,0.058482,1.2926,-0.061135
-0.42232,0.42815,0.91769,0.27334,-2.6192,-0.020332,1.1722,-0.073377
-0.52862,-2.5278,-0.05376,-0.092828,-0.62937,-0.02947,-1.1668,0.07944
-0.63806,1.9219,1.1347,0.25696,0.45678,-0.034816,1.2975,0.1168
-0.63144,-3.7777,0.65667,0.63307,5.34,0.31692,-1.4282,0.091366
-0.77246,3.6492,2.9203,0.78,2.2219,-0.15228,-0.59402,0.15452
-0.68748,-1.407,-0.33112,0.064546,6.3172,0.55444,0.20977,0.043177
-0.58465,5.5486,1.0542,1.0511,4.023,0.1835,-0.18427,0.083286
-0.59708,-2.5914,0.36734,-1.8313,0.87754,-0.0010471,1.382,-0.0046469
-0.36449,5.4963,-0.10624,0.79841,-1.2692,-0.018939,1.8006,-0.037746
-0.61071,0.80563,-0.54936,-0.85081,-1.1126,-0.037845,0.77628,-0.092847
4.4489,1.6892,-0.88958,-0.38916,-1.5829,-0.011148,2.458,-0.14296
4.4231,-1.6737,-2.0705,0.267,-1.8264,-0.080829,2.2506,-0.14578
-0.73587,1.2159,-0.84221,0.84421,-1.7619,-0.066781,0.72719,-0.10782
-0.87444,-0.3386,-0.31819,0.38573,-3.3797,-0.030811,0.98658,-0.072647
-0.66523,0.61537,0.34554,0.45405,-2.9255,-0.057714,2.1623,-0.0021645
-0.65607,-2.072,0.35665,-0.65267,0.15362,-0.05831,2.623,0.096793
-0.65306,1.6542,-0.057261,0.18331,-1.512,-0.042292,2.0652,0.032979
-0.43819,-0.71137,-0.55827,0.62928,-1.211,-0.11249,1.6863,0.39664
-0.57881,-3.3735,0.85584,0.46673,-0.57992,-0.052612,-0.14588,0.23997
-0.64729,2.9972,-0.20133,0.60712,2.7308,0.018282,2.4754,0.13388
-0.63842,-3.3277,1.0114,-0.84797,2.8383,0.086321,-1.2655,0.051111
-0.79809,5.3035,1.2101,-0.69195,3.8733,0.12517,1.2784,-0.010099
-0.65252,-2.3767,2.3593,-0.22793,2.644,0.015991,-1.6895,-0.086909
-0.62603,3.2103,1.6565,-0.71235,4.4471,0.23908,1.9392,-0.12071
-0.61002,-1.5898,2.4627,0.50562,-5.4451,-0.017688,-2.6557,-0.11327
-0.36889,-0.37571,1.3553,-0.31859,0.16856,-0.088049,4.222,-0.12721
-0.57596,0.11819,0.3472,0.015687,-7.5067,-0.04056,1.3005,-0.095744
-0.60448,-3.2399,-2.4912,-0.56729,-0.044059,-0.12808,-0.26701,-0.034364
-0.60645,1.9811,-1.0239,-1.0315,-2.214,0.016011,2.1822,-0.035337
-0.7378,-3.5392,-3.6986,-0.43931,6.0574,0.22253,-1.9972,0.081387
-0.65833,1.6996,-0.95663,-0.18506,-1.3004,-0.1653,-0.14933,0.14345
4.4964,-5.2435,-3.9659,-0.97753,6.04,0.35166,-1.1986,0.16165
4.46,4.3975,0.67057,0.71147,-1.9782,-0.19841,-0.40635,0.15236
-0.67305,-2.3388,-1.3439,0.052162,5.6725,0.3435,-0.8724,0.10203
-0.58712,4.6928,0.018934,0.015237,-1.922,-0.10101,1.6379,0.048531
-0.63617,-4.0005,-0.52992,-0.14519,4.5736,0.25796,-0.25198,-0.038404
-0.65999,5.2515,0.79964,0.1564,0.50757,-0.13848,2.5217,-0.074448
-0.67177,-3.0931,0.69551,-0.33825,2.8191,0.053553,-0.52833,-0.11692
-0.75265,3.259,0.88693,-0.027905,2.8765,-0.041907,2.7601,-0.13999
-0.59859,-4.1617,1.4781,0.71718,-2.9287,-0.030619,-1.2056,-0.078074
-0.6361,2.5089,0.24867,0.87005,2.7029,0.029795,1.1475,-0.035678
-0.63974,-1.1484,2.1936,0.31646,-5.9612,-0.044667,0.14387,-0.016159
-0.37433,-2.7293,0.19254,0.49438,-1.7282,-0.068995,-0.83444,0.070703
-0.56817,1.0565,1.8899,0.61542,-3.115,-0.089101,-0.053725,0.11225
-0.6282,-3.8604,0.41347,1.1211,1.8071,-0.13699,-1.9445,0.21201
-0.62476,4.1528,2.9136,-0.15959,1.0278,-0.17432,0.17755,0.21593
-0.79765,-1.7096,-0.73711,0.51918,5.5086,0.3572,-1.899,0.12388
-0.66247,5.417,1.3273,-0.070239,2.9245,-0.061731,0.35564,0.055516
-0.60534,-1.1815,0.71624,-1.3659,0.9833,-0.037986,-0.24311,-0.015453
-0.60466,5.958,0.6446,0.57134,0.79781,-0.04794,1.8456,-0.041446
-0.40201,-1.4326,-1.3386,-1.5459,-6.6298,-0.0034279,0.36495,-0.10166
-0.55536,1.8188,-1.0145,-0.22242,-5.1173,-0.060736,2.029,-0.13833
4.471,-1.0912,-2.2079,0.20728,-4.883,-0.026473,1.3409,-0.11906
4.4516,-5.6303,-3.0034,-0.87844,-4.2244,-0.10736,0.63455,-0.16912
4.4347,-0.21441,0.94518,-0.042042,-5.2557,-0.056931,0.39526,-0.048333
-0.79969,-1.8277,-1.5286,-0.32744,-2.3151,-0.13275,1.2298,0.024802
-0.71269,-0.05238,-1.9793,-0.41435,-2.0406,-0.049749,1.6408,0.090295
-0.65849,-2.4511,-2.5396,-0.21492,-2.4686,-0.025113,-1.047,0.070606
-0.64413,0.17672,-2.1851,1.0327,-1.8044,-0.10791,0.41456,0.16594
-0.4794,-1.3694,-0.20121,0.58094,-3.5914,-0.0048911,-1.222,0.20003
-0.70088,3.4575,0.5955,0.2983,1.1693,-0.051726,2.1391,0.12619
-0.64626,-6.89,2.004,-0.87119,-1.3277,-0.0014385,-3.0826,0.074719
-0.64681,5.422,1.5542,-0.41576,2.0322,-0.1031,0.87704,-0.043904
-0.73591,-1.8252,1.6709,-0.090786,-0.1593,-0.012887,-0.33201,-0.091338
-0.59863,4.3096,1.0328,0.46187,2.8075,-0.045225,2.2184,-0.092945
-0.62213,-2.3167,2.6223,0.06743,-6.1848,-0.044782,-2.8063,-0.13829
-0.61334,0.97447,-0.70993,-0.2523,0.32874,-0.048934,2.4835,-0.08888
-0.3586,-1.0982,2.0718,-0.10447,-8.6165,-0.039411,-1.7791,-0.085011
-0.57478,-4.8923,-1.0786,-0.56311,-0.94764,-0.13744,-1.4735,0.0070109
-0.61565,2.5996,1.0011,-1.3398,-3.8072,-0.066974,0.54234,-0.040521
-0.61416,-8.217,-2.0541,-0.76493,6.4749,0.30593,-4.628,0.068391
-0.82692,3.4156,0.015639,0.37275,-1.1112,-0.20663,-1.3465,0.18198
-0.71023,-2.8972,-2.1415,-0.58248,6.0316,0.42908,-1.5869,0.23333
4.5,5.3983,0.43738,0.38998,-1.1274,-0.13418,0.32343,0.033247
4.4611,-0.37791,-0.14851,-1.3736,2.1885,-0.0153,1.149,0.086158
4.4206,4.0529,-1.0985,0.20038,-2.0957,-0.020338,2.329,0.016965
-0.50402,-2.3619,-0.14652,-0.92452,0.27891,-0.030555,0.071315,-0.038671
-0.74558,3.4281,-1.1483,0.61598,-2.6921,-0.091996,2.1059,-0.10908
-0.66752,-2.8357,-2.1175,-0.16527,0.80383,-0.069817,0.013981,-0.1058
-0.92264,3.566,-1.955,0.74509,-0.7126,-0.013157,3.053,-0.12531
-0.78293,-3.7115,-0.16111,0.62618,-2.6636,-0.051309,0.22609,-0.057947
-0.70824,1.5848,-0.46819,0.60678,1.7391,-0.072005,1.9501,-0.050792
-0.64144,-1.8172,-0.22801,0.26013,-4.2298,-0.041304,-0.023459,0.10694
-0.63727,0.098819,-0.61508,0.32222,-1.4212,-0.046701,-2.2403,-0.012751
-0.35827,0.6641,1.1339,-0.085622,-2.3444,-0.093703,0.19786,0.16409
-0.67162,-2.8857,0.047945,1.7704,1.656,-0.11869,-3.4838,0.05133
-0.63964,4.247,1.4103,-0.15507,2.9738,-0.067378,0.11719,0.22301
-0.63338,-2.3044,2.5147,0.027479,3.4279,0.15102,-2.3873,0.044321
-0.82102,5.2328,0.99525,0.028147,4.2947,0.15763,1.4997,0.043737
-0.63055,-0.21667,1.1189,-0.91496,-3.5642,-0.032826,-1.1327,-0.018325
-0.60932,4.5346,-0.4865,0.017248,1.307,0.00066,1.5144,-0.046751
-0.59505,-0.69561,-0.11845,0.17082,-7.6939,-0.049377,-0.85628,-0.096547
-0.50937,2.9501,-0.17986,0.27297,-3.1567,-0.048999,0.27497,-0.147
-0.52294,-1.8641,-0.80176,-0.69887,-5.5249,-0.061224,0.90265,-0.10217
4.5098,-4.9937,-2.6592,-0.78445,2.4505,-0.07651,-0.024081,-0.10548
4.4803,-0.14181,-1.0422,-0.16729,-4.2341,-0.071094,0.28097,0.007522
4.4529,-5.7066,-1.5962,0.10216,3.8881,0.015696,-2.7194,0.052596
-0.73505,2.6628,-1.8407,0.73079,-2.4021,-0.11959,-0.38579,0.101
-0.65567,-4.0673,-2.207,0.017447,3.5476,-0.00087378,-1.78,0.26361
-0.65717,3.4745,-0.11733,0.014839,-1.8869,-0.11027,-0.41199,0.11787
-0.41057,-4.3993,-0.89252,-0.27352,2.4384,-0.092862,-2.2718,0.11561
-0.55591,4.7843,0.11662,-0.40122,1.535,-0.11625,1.5376,0.11746
-0.67695,-2.2945,0.60064,0.14287,0.56679,-0.088466,-3.0918,0.064448
-0.65444,3.4852,0.2158,-0.11105,2.6223,-0.19731,0.31449,-0.10117
-0.8196,-1.0217,2.5705,0.18555,-4.5537,0.003535,-2.2536,-0.075202
-0.79967,4.2449,2.2774,1.3765,2.6133,-0.097759,0.30847,-0.14814
-0.62989,-0.60204,2.4448,-0.30463,-4.1008,-0.032461,-1.2879,-0.1159
-0.62573,-0.69518,0.39494,-0.077554,-2.2512,-0.064381,0.0022675,-0.082796
-0.62683,1.1061,1.8537,0.56213,-5.6718,-0.049377,-1.4067,-0.042395
-0.45932,-4.9058,-1.47,-0.1819,-1.2784,-0.099992,-3.4421,-0.017911
-0.57148,1.8322,0.67245,-0.27699,-1.7293,-0.02286,0.97428,0.079513
-0.62354,-4.8233,-3.615,0.50079,7.1019,0.38892,-5.5471,-0.004793
-0.6167,4.9822,-0.43859,0.78055,-0.51777,-0.22089,-2.3046,0.078394
-0.94525,-4.1458,-1.4826,-0.92725,5.4731,0.37596,-1.1141,0.051914
-0.645,4.6539,0.43915,0.12369,-0.85545,-0.046021,0.035886,0.12357
-0.59388,0.75479,-1.4989,-1.1561,3.0231,0.039345,1.3093,0.073332
4.4655,5.3623,-1.381,0.45339,-2.8221,-0.016385,1.7356,-0.0082733
4.4325,-0.64231,-1.2954,-1.0881,-1.2058,-0.089564,0.64759,-0.064688
-0.5874,2.1518,-1.5555,0.39774,-4.1365,-0.051251,1.182,-0.13576
-0.66147,-2.9617,-2.1191,-0.13465,-0.68147,-0.034181,0.88265,-0.12877
-0.66276,1.2863,-2.0633,-0.01786,-3.0583,-0.0021188,1.5446,-0.13558
-0.79473,-2.8292,-0.93236,0.86582,-2.416,-0.028578,0.39369,-0.094819
-0.77759,0.59205,-1.422,0.81094,-0.88472,-0.010968,2.3123,-0.049429
-0.54504,-2.9445,-0.63129,-0.33942,-3.3275,-0.038974,-0.043469,0.22031
-0.63355,0.53051,-0.19274,0.72632,0.68788,-0.04262,-0.86868,0.22515
-0.51323,0.54401,-0.20038,0.36557,-3.7024,-0.05756,0.19318,0.16061
-0.54579,-5.0755,1.9801,1.3386,-1.107,-0.06897,-3.1542,0.16479
-0.56474,4.3703,2.1182,0.3822,1.9506,-0.18893,-0.21707,0.13284
-0.6287,-2.5179,0.71324,0.0015885,1.701,0.024187,-1.9266,0.13301
-0.58168,5.6967,0.99517,-0.40563,4.0053,0.064796,1.2075,0.0015835
-0.76404,-0.78721,1.9203,-0.56752,-1.2562,0.02615,-2.141,-0.037649
-0.57467,4.7117,-0.15965,0.097309,3.3813,0.089671,1.615,-0.093115
-0.59932,-0.67324,0.84973,-0.18746,-8.0079,-0.0075095,-1.6457,-0.11689
-0.59983,4.7106,0.28202,0.14077,-4.5938,-0.051713,3.0488,-0.067414
-0.4806,-0.99835,0.27473,-0.06905,-8.2144,-0.020402,-0.31838,-0.11373
-0.53601,-3.0892,-1.9155,0.81743,-0.7604,-0.12436,-1.1615,-0.066197
-0.56894,-0.17104,-1.2815,-0.32193,-5.3669,-0.058156,-0.13444,0.0072299
4.493,-5.4155,-1.0485,-0.58433,4.6457,-0.049948,-2.3967,0.038942
4.4694,2.3026,-0.34011,0.49801,-2.843,-0.070369,0.1542,0.15542
-0.69839,-3.8008,-1.7144,-0.63602,4.2215,-0.16508,-1.8788,0.28826
-0.65966,4.1525,-1.16,0.14015,-1.2747,-0.18174,-0.32159,0.19069
-0.66366,-3.5582,-2.2176,-0.20108,2.4535,-0.043261,-2.7148,0.076203
-0.54112,4.2916,-0.62183,-0.48789,-1.3561,-0.19982,0.76281,0.053156
-0.64912,-4.8447,-0.29065,0.081862,2.612,-0.11885,-2.9397,-0.0085653
-0.65132,2.9915,-0.066082,-0.65597,1.3067,-0.14243,1.4706,-0.10163
-0.64624,-4.7233,1.7533,0.2108,-0.98575,-0.051893,-1.329,-0.12887
-0.77053,4.0767,1.3721,0.34926,2.1282,-0.18438,1.4813,-0.14272
-0.72608,-2.707,2.0889,0.018378,-4.144,0.035135,-0.21456,-0.14822
-0.67473,0.72713,-0.39792,0.13481,1.313,-0.014062,1.5969,-0.10879
-0.627,-1.2638,0.028043,0.24759,-6.5375,-0.049146,-2.0123,-0.02402
-0.61594,-2.5897,-1.7723,-0.26368,-2.2947,-0.092445,-1.5784,0.049018
-0.39266,1.7741,0.22297,0.058232,-4.7877,-0.015339,-0.47325,0.10906
-0.58346,-5.043,-1.604,0.2599,4.9971,-0.1289,-5.9535,0.11505
-0.61489,3.9878,-0.36931,-0.37641,0.37893,-0.12356,-1.2996,0.19424
-0.60288,-2.0823,-1.6576,-0.071035,5.8791,0.3526,-1.1046,-0.022365
-0.72776,6.0491,0.53747,-0.0069668,1.3586,-0.26913,-1.6198,0.043226
-0.61626,-0.76654,-0.29937,-1.0523,1.2764,0.046879,2.0863,0.078151
-0.59189,5.3993,-0.73297,0.14833,-2.4964,0.013867,0.89056,-0.036992
4.4686,-0.82597,-2.0256,-0.96035,-3.3342,-0.01616,0.48419,-0.049721
4.4342,1.4662,-2.0862,-0.093913,-3.1134,-0.032987,1.7868,-0.17939
4.3951,-1.7605,-1.8648,0.045656,-3.896,-0.054511,0.15348,-0.1369
-0.66797,-0.68101,0.17456,-0.28264,-4.2293,-0.01591,-0.10275,-0.12984
-0.66404,-1.0637,1.0267,0.35591,-0.91723,-0.049384,1.0245,-0.075787
-0.98168,1.9815,-1.1613,0.065586,-3.0722,0.017577,1.42,-0.062449
-0.69313,-2.6864,-0.22305,-0.65109,-1.6076,-0.057945,0.19941,0.24504
-0.63002,-0.95571,-0.28515,0.067809,-4.3496,-0.0014193,0.089412,0.23053
-0.63979,0.56852,-1.2189,0.30501,-0.069524,-0.018721,1.5611,0.23856
-0.36143,-3.9255,-0.80894,-0.048343,0.90767,0.02393,-3.6975,0.17672
-0.56606,3.9007,0.82396,-0.25857,1.1586,-0.094467,0.9466,0.080049
-0.76354,-2.0729,0.61221,0.25103,3.3019,0.054759,-1.3699,0.082288
-0.63084,5.1751,1.0045,-0.012831,4.0303,-0.046021,-0.1213,-0.006521
-0.89329,-1.1795,2.0807,-0.020622,-2.047,0.049715,-1.8389,-0.070384
-0.75733,4.6938,0.62949,0.17626,4.042,0.079306,0.92173,-0.11066
-0.61821,-1.1776,1.6004,0.49411,-8.5502,0.020407,-2.0548,-0.1468
-0.61037,-1.5312,0.99844,-0.14175,-4.0671,-0.036221,1.3827,-0.1148
-0.60857,1.2564,1.4964,-0.39924,-7.1023,0.052616,1.5228,-0.073182
-0.36938,-3.8556,-0.21054,0.77481,3.5567,-0.069066,-2.6652,-0.062449
-0.62968,0.67925,0.22746,-1.0138,-3.922,0.006763,-1.218,0.030765
-0.6013,-8.2097,-2.571,-0.31816,7.2704,0.31503,-3.8014,0.16083
4.5042,4.8786,-0.611,0.79976,-0.015274,-0.061089,-0.67046,-0.021221
4.4863,-3.4008,-2.4145,-0.43605,5.9157,0.35679,0.28021,0.22038
4.4451,5.8237,0.61016,0.38329,-1.3675,-0.0426,-0.12607,0.18198
-0.67267,-2.0092,-0.37916,-0.62165,4.2908,0.14748,-1.0371,0.10979
-0.66302,4.2069,0.8248,-0.28104,0.5546,-0.028328,0.88483,0.034683
-0.51169,-3.6319,-0.32194,-0.25346,3.708,0.024694,-0.84242,-0.010074
-0.61416,4.4658,-0.43248,-0.096303,2.4016,-0.037633,2.7421,-0.089221
-0.65632,-4.2794,-0.10195,0.093892,1.8524,0.060413,-0.76972,-0.14948
-0.65648,3.183,0.66632,-0.25641,3.1633,0.0024248,2.1044,-0.12354
-0.92236,-1.1672,0.47695,0.48262,-3.7871,-0.027012,-0.7407,-0.12305
-0.71029,0.89253,0.0084886,0.51665,2.1103,-0.031992,0.80037,-0.10056
-0.6273,-1.5517,1.4645,-0.0030231,-2.8824,0.0092851,-0.68097,-0.010658
-0.62538,-3.2617,0.9875,-0.21591,-1.1639,-0.046528,-2.2786,-0.025894
-0.45054,2.4225,3.886,0.70346,0.16403,-0.051983,-0.11026,0.12656
-0.42279,-5.3527,1.6371,0.42524,4.2412,0.15196,-3.0798,0.18412
-0.68455,4.6786,0.75539,-0.052788,3.8765,0.045384,-0.051015,0.17463
-0.62562,-2.907,0.46266,-0.34689,4.7337,0.27182,-0.095249,0.1196
-0.97994,6.3178,1.103,0.89937,4.2674,0.12532,1.2135,0.03517
-0.76142,-0.84575,-0.72307,-1.9274,-3.7836,0.03731,0.31664,0.014385
-0.56052,4.9635,-0.54342,0.35696,-1.7625,0.043073,2.7923,-0.03064
-0.59377,-1.6156,-0.12138,-0.67506,-4.9692,0.031271,0.32861,-0.1157
4.4786,0.64495,-1.881,-0.089424,-0.67946,-0.016321,1.1127,-0.06408
4.4569,-1.5921,-0.048711,-0.84463,-3.6348,-0.061686,1.3365,-0.1469
4.4337,-4.8094,-0.06127,-0.14132,0.45711,-0.035008,-0.19697,-0.10901
-0.68152,2.7022,0.398,0.6664,-1.2851,-0.03178,0.90027,-0.078099
-0.68004,-1.992,-2.3951,-0.12981,3.3675,0.017416,-1.1139,0.00039099
-0.92947,1.0226,-0.98726,1.1425,-1.765,-0.067911,0.3976,0.04931
-0.77276,-3.4415,-1.9578,0.27159,2.0823,-0.045976,-1.1593,0.12283
-0.64733,2.376,-0.18642,0.13456,2.1919,-0.068489,1.1858,0.17906
-0.65381,-5.8046,-0.92146,-0.10666,0.66998,-0.040913,-2.5848,0.21839
-0.34545,2.7645,0.51089,-0.35166,3.1647,-0.15058,0.82751,0.16526
-0.563,-2.1465,1.9342,-0.41701,2.6017,0.016819,-1.6763,0.064132
-0.64192,5.8979,1.9667,0.1844,4.8624,0.17829,1.6345,0.0097611
-0.64278,-1.7678,2.216,0.13309,-2.0714,0.021247,-2.1138,-0.069386
-0.71949,4.2526,-1.2038,0.53018,4.1704,0.14475,3.8753,-0.13184
-0.64721,-0.16376,1.8349,0.055856,-4.9412,-0.028668,-0.051362,-0.15299
-0.61424,-2.2451,-1.106,-0.25567,-2.2274,-0.058484,-0.21374,-0.11694
-0.61312,0.0016159,1.7062,-0.11495,-2.4086,0.044761,0.99549,-0.055197
-0.39215,-4.3293,-2.724,0.72871,5.4601,0.17195,-3.5361,-0.081847
-0.50301,3.7539,0.90113,-0.2486,-1.5438,-0.10124,-1.1544,0.037044
-0.592,-6.8555,-4.203,-0.40939,7.8004,0.48924,-4.4688,0.0061347
-0.6087,3.4223,0.1858,1.0124,0.99806,-0.068187,-0.91894,0.10495
-0.66096,-0.965,-1.7347,-0.39571,4.8605,0.28633,-0.0088488,0.049773
4.4865,5.3323,0.15639,0.19921,-1.9688,-0.022623,0.68564,0.14783
4.4469,-1.0436,-0.28658,-0.43419,2.9071,0.037124,1.8546,0.11587
-0.67053,2.4821,-0.78302,0.15048,-1.3948,-0.029708,1.3873,0.052669
-0.66453,-2.4189,0.28734,-0.25556,1.1272,-0.00681,-0.26225,-0.043076
-0.40411,4.0489,-1.3314,0.080661,-1.005,-0.061455,1.8654,-0.08798
-0.57559,-2.4166,-0.84739,0.64883,0.35883,-0.040046,-0.36188,-0.12466
-0.65677,2.7874,0.81884,0.92272,1.4531,0.019874,3.5829,-0.2013
-0.65833,-2.3675,-0.62921,0.31687,-1.7006,-0.030683,0.31183,-0.11514
-0.85194,2.52,0.73103,0.58176,2.5136,-0.045925,1.9031,-0.015307
-0.72059,-2.641,1.1826,0.53651,-3.9226,-0.024214,-0.44851,-0.010464
-0.62493,-3.0983,1.2333,0.444,-0.78959,-0.054928,-0.93878,0.076423
-0.63427,2.183,1.9821,0.59828,0.95722,-0.036484,1.8761,0.093264
-0.46259,-4.1781,1.4617,0.25917,2.1948,-0.08373,-2.4677,0.20461
-0.52534,4.0295,0.97863,0.080815,4.2835,0.13626,1.3125,0.169
-0.62168,-1.8177,1.4132,-0.68732,4.4407,0.22378,-2.3546,0.12291
-0.62436,3.3298,-0.45326,-0.90252,4.4068,0.14271,1.1773,0.092315
-0.68236,0.49313,1.9579,-0.43459,-3.0629,-0.035503,0.0057289,-0.024726
-0.74612,3.5232,0.35781,-0.38235,-0.2697,-0.0046729,1.6256,-0.042249
-0.65463,0.36887,-0.16129,0.098908,-7.331,-0.043268,-0.018873,-0.085108
-0.59963,3.3394,-0.91058,0.59032,-0.43003,-0.073757,0.31888,-0.13215
-0.59939,-0.57516,-0.28904,-1.1369,-5.1782,-0.01419,1.2644,-0.12587
4.473,-6.7592,-1.973,-0.80202,0.8505,-0.12776,-0.1569,-0.1102
4.4542,2.0364,0.2053,0.038854,-2.2123,-0.11353,0.58867,-0.035775
-0.70324,-3.4478,-1.587,0.07296,3.6759,-0.052727,-0.62977,0.024364
-0.67134,3.8789,-0.8021,0.59783,-2.7736,-0.037306,1.1804,0.033028
-0.74627,-4.5361,-1.9289,-1.0644,3.7914,-0.021769,-1.2489,0.12617
-0.67092,2.0608,-1.0705,0.56293,-0.76796,-0.070433,0.63059,0.087131
-0.65293,-4.8985,-1.7422,0.50761,1.8713,-0.019395,-3.2178,0.2784
-0.6417,3.8798,-0.91225,-0.52977,2.3196,-0.17239,1.5757,0.029669
-0.54062,-3.7361,0.41477,-0.24599,0.45867,-0.049544,-2.6519,0.034342
-0.62813,4.7387,1.3169,-0.069911,2.6753,-0.20184,0.81715,-0.044196
-0.63546,-2.7577,1.4001,0.4681,1.1714,0.018866,-1.4729,-0.10185
-0.63385,4.1872,0.5973,0.56122,3.7645,0.075225,1.5287,-0.1195
-0.85544,-1.7039,2.5054,-0.12206,-4.928,0.015382,-1.3952,-0.13597
-0.66012,0.72757,0.098547,-0.54564,1.5527,0.0070326,0.75526,-0.095598
-0.61251,-0.60769,1.7853,0.021223,-5.9273,0.0057427,-0.95114,-0.029496
-0.61021,-3.1142,-1.7943,0.60446,-0.57357,-0.10831,-1.8858,0.024218
-0.49765,1.7537,-0.25676,-0.79976,-2.5554,0.0073534,0.26396,0.071798
-0.55962,-6.1807,-1.8441,0.30183,6.4416,0.13346,-5.2142,0.0098828
-0.58233,5.3305,1.6778,-0.25736,0.56613,-0.22176,-1.403,0.054957
-0.60477,-5.1439,-1.0559,-1.0621,6.0432,0.46406,-0.073151,0.11865
-0.95948,4.3785,0.5069,0.94385,-1.0236,-0.11419,0.65647,0.15019
4.4802,1.5875,-0.43408,-0.4387,2.7235,-0.029862,1.8836,0.035632
4.4423,4.9123,-0.069216,1.1094,0.43224,0.0016034,0.79667,0.058339
4.4224,-1.9676,-0.45846,-0.7181,-1.1614,-0.0080165,0.076331,-0.059164
-0.67369,3.6025,-0.90901,-0.14503,-0.93459,0.01302,1.3676,-0.071479
-0.53942,-1.4339,-1.4048,0.45135,-1.1584,-0.024298,0.41814,-0.12733
-0.68714,3.4281,-0.091591,1.1568,-2.5116,-0.013702,2.9741,-0.12378
-0.66052,-2.9772,0.030793,0.62515,-1.4672,-0.020646,0.57796,-0.060575
-0.65501,2.6274,-0.59849,0.73402,1.8995,-0.017521,3.0851,0.00024496
-0.89334,-1.8627,-0.00069776,-0.35877,-2.444,0.011319,-0.080029,0.088445
-0.66937,-2.9511,0.23067,-0.23886,0.60478,0.019155,0.16517,0.15326
-0.63756,1.8141,0.56442,0.13513,0.037049,0.019739,1.098,0.12154
-0.63385,-2.3324,0.45157,0.48252,1.5874,0.017647,-2.3251,0.071774
-0.502,3.8684,1.3329,0.10035,3.6438,0.054297,1.1457,0.059289
-0.58347,-1.6329,0.65277,-0.09058,5.0298,0.34085,-2.5417,0.19753
-0.62775,4.8119,-0.36093,-0.89509,4.9128,0.22724,1.1925,0.031324
-0.62128,-1.3589,1.0652,-0.18162,-0.2001,-0.014119,0.43598,-0.018252
-0.80382,1.3123,0.7218,-0.38226,2.7407,-0.0043328,2.513,-0.089026
-0.65266,0.73302,0.40751,-0.5421,-7.1039,0.01105,-0.81967,-0.08467
-0.60613,1.9659,0.67264,0.036715,-2.4247,-0.060807,1.8088,-0.1158
-0.5989,-0.70372,-0.23773,-0.50373,-3.7978,0.0099397,1.5571,-0.10163
-0.32607,-3.603,-1.761,0.33748,3.861,0.029539,-0.96081,-0.0022375
4.4922,1.8966,0.24187,-0.76733,-2.2222,-0.051765,1.3178,-0.084889
4.4781,-7.8256,-2.7178,-0.20199,5.5285,0.22167,-2.4451,0.15528
4.4415,1.8867,-0.58811,0.72422,-0.90264,-0.055756,-0.0068451,0.14311
-1.0759,-3.2445,-3.3502,-0.55828,5.7316,0.26613,-2.7397,0.10497
-0.84786,4.4275,-0.77363,-0.14213,-1.9617,-0.073558,0.029997,0.22364
-0.62979,-4.8013,-0.83265,0.37234,5.3243,0.30069,-0.87274,0.073526
-0.66113,4.7637,1.254,-0.47505,1.7315,-0.13254,1.7079,0.073186
-0.66366,-3.3819,-0.39529,0.34316,3.385,0.041649,-1.1847,-0.030177
-0.51731,4.2813,-0.2048,-0.33521,3.1322,-0.090263,1.0644,-0.030835
-0.70244,-2.4977,1.7013,0.99566,-0.57665,0.020939,-0.66978,-0.14201
-0.65148,4.5344,1.2982,1.3925,3.3434,0.048477,2.3532,-0.14598
-0.6527,-1.1751,3.0096,0.16021,-4.0908,-0.013574,0.20065,-0.12281
-0.87978,2.1509,0.45522,-0.0033828,0.13607,-0.05609,1.2646,-0.11485
-0.75665,0.42138,1.2613,0.40066,-3.2129,0.0031115,0.72302,-0.059918
-0.62207,-3.5135,-0.63124,0.44642,-0.84563,-0.075926,-3.3072,0.064059
-0.63174,0.84484,2.5402,-0.35189,0.6622,-0.032153,0.52625,0.019691
-0.34928,-2.9347,-0.69068,0.62139,7.0886,0.45696,-4.2518,0.12989
-0.48744,4.711,0.83021,0.73938,2.7953,-0.15636,-1.9112,0.034683
-0.63472,-3.0417,-1.5441,-0.65702,3.8493,0.13913,0.074854,0.18117
-0.61937,5.6278,-0.65053,1.0706,1.203,-0.11517,1.4161,0.1197
-0.76913,-0.55065,-0.21563,-1.5055,-2.8353,-0.00041172,1.5008,0.069608
4.7176,4.1267,-0.22323,0.11014,-2.2629,-0.018824,2.0943,-0.015088
4.4418,-0.011241,-1.0066,0.49955,-5.1789,-0.010051,1.2166,-0.079316
4.4105,0.60117,-0.84864,-0.29673,-3.7956,-0.088562,2.2086,-0.10923
-0.43863,-1.3768,0.083688,0.84517,-4.095,-0.05627,0.71631,-0.12137
-0.52466,0.6392,-0.66077,-0.036897,-3.4027,-0.048665,0.17132,-0.14413
-0.71479,-1.0918,0.4019,0.15468,-2.7678,-0.05265,0.86532,-0.080898
-0.67496,-1.5625,-0.010115,0.77268,-3.9216,-0.054633,0.89366,-0.02071
-0.71998,-0.67107,-2.1196,0.54297,-1.0553,-0.089852,0.77492,0.01441
-0.84664,-2.6963,-1.0814,0.47634,-1.6487,-0.024272,-0.3386,0.42925
-0.64054,0.80376,0.28115,0.22196,0.02746,-0.071909,1.2397,0.28222
-0.64263,-6.6348,2.3397,-0.041432,2.0033,-2.667e-05,-2.3632,0.16951
-0.6342,4.0269,0.98976,0.22032,2.8412,-0.14835,1.0032,0.070216
-0.4342,-1.8186,1.2809,-0.81482,1.4979,-0.067077,-1.7491,0.086839
-0.58808,3.9248,-0.59234,-0.25228,4.1789,0.15093,1.9039,0.0506
-0.63799,0.17273,2.023,-0.047303,-4.1812,-0.040861,-0.46638,-0.042784
-0.63861,1.1521,-0.53421,-0.090664,2.9083,0.012507,4.6116,-0.074764
-0.79725,0.15583,3.8822,-0.4432,-8.6546,-0.012714,-0.4536,-0.14554
-0.62475,-3.9797,0.072093,-1.285,-2.3154,-0.082844,-0.48091,-0.11843
-0.60441,2.2221,1.9232,-1.0426,-3.09,0.024848,1.6635,-0.11022
-0.61039,-7.3865,-2.9976,-0.70657,5.883,0.16954,-2.3452,-0.083623
-0.32209,1.1401,0.27751,0.084392,-3.0065,-0.23557,-1.521,0.0069379
-0.52951,-5.9801,-1.8585,0.016162,6.9203,0.35735,-2.5049,0.09672
4.4934,3.7744,0.49504,0.46985,-2.7277,-0.2261,-1.6623,0.11865
4.4611,-3.1331,-0.87029,-0.76964,5.6659,0.32254,-1.5495,0.15204
-0.82468,4.5111,0.043962,-0.49744,-2.6109,-0.085142,1.0881,0.20344
-0.84656,-4.6871,-0.97217,-0.021161,3.328,0.023365,0.30507,0.15537
-0.70106,4.1505,-0.40911,0.40341,-1.9291,-0.11693,2.0917,0.065592
-0.6659,-3.1805,-0.35313,-0.23158,3.3473,0.032979,-0.91401,-0.016767
-0.65991,5.1594,0.30147,0.34555,2.0826,-0.10636,1.2705,-0.07732
-0.48921,-3.6487,0.73673,0.87141,-2.3699,0.0039586,-1.9663,-0.13566
-0.61681,3.3596,0.76744,0.11299,2.8204,-0.038769,2.7166,-0.16457
-0.65197,-0.83991,0.50222,0.082196,-3.1362,-0.019221,0.60165,-0.13096
-0.65122,1.938,-1.8435,0.31797,0.22629,-0.055782,0.18261,-0.05673
-0.7937,0.18399,1.5815,-0.46214,-3.6021,-0.045732,-0.13372,-0.023484
-0.69192,-4.6631,0.73827,0.94585,-0.41558,-0.083242,-2.9769,0.01643
-0.62897,2.2384,2.7831,0.33401,2.1209,-0.14688,0.8692,0.16686
-0.61819,-3.884,0.68355,0.71667,5.7417,0.38541,-2.9089,0.11583
-0.32865,4.4449,0.63944,-0.29504,2.5713,-0.20342,-0.96597,0.24601
-0.51285,-2.7411,-0.11936,-0.04255,3.2871,0.11494,0.057232,0.16156
-0.62105,6.3217,0.19909,0.51548,2.9419,0.0064614,2.7384,0.038163
-0.61741,-1.3126,-0.93015,-1.8713,-3.976,0.043875,0.28486,0.0035306
-0.91436,5.4056,0.014232,0.46111,-3.3933,-0.049884,2.1054,-0.0098553
-0.58159,1.0898,-0.25768,-0.10067,-5.7928,-0.02766,2.4475,-0.080605
4.4619,0.44911,-0.75183,0.36805,-2.5497,-0.05833,1.297,-0.094965
4.4334,-0.50636,-0.16495,0.6189,-5.1017,-0.050455,0.69328,-0.12419
-0.66119,-1.1984,-0.54836,0.48268,-0.43095,-0.059363,-0.20672,-0.11081
-0.56013,0.93791,0.93253,-0.21563,-1.6284,-0.073642,0.97763,-0.084086
-0.70877,-3.2184,-1.1582,-0.32793,-0.052318,-0.061352,0.12017,-0.025918
-0.66465,1.8043,-0.037398,0.26796,-0.99604,-0.10407,0.71161,0.012779
-0.76622,-3.4344,-1.3513,0.06461,-1.4692,-0.067481,0.077179,0.32803
-0.76207,1.045,0.023707,0.92632,-0.13101,-0.031537,0.90642,0.24898
-0.59461,-4.7558,-0.057878,0.51976,-0.25156,-0.097342,-2.9262,0.25458
-0.63737,3.4336,0.15639,-0.29401,2.5905,-0.14171,2.7366,0.11086
-0.63975,-2.8553,1.6985,-0.69693,1.4533,0.00727,-1.7074,0.028818
-0.47418,4.9312,1.3581,-0.34135,3.9346,-0.026159,0.2096,0.036265
-0.58134,-2.0989,3.3515,0.63956,-1.8386,-0.035329,0.014996,-0.044026
-0.62444,2.297,1.7831,0.18612,3.8199,0.17552,2.6949,-0.12088
-0.6194,0.24674,4.3986,0.16975,-9.0311,-0.0029595,-2.1172,-0.085692
-0.87228,-0.9786,0.64277,-0.1787,-2.3508,-0.02175,2.8496,-0.14559
-0.62372,0.16965,3.4823,-0.95992,-6.1883,-0.047721,0.55793,-0.12273
-0.60596,-6.8132,-1.2869,-0.97123,3.8696,-0.075548,-2.4638,-0.075422
-0.6042,3.8106,-0.37515,-0.68714,-1.5934,-0.049294,0.21858,-0.04809
-0.42947,-5.5596,-3.6387,-0.36655,7.339,0.42737,-4.3731,-0.016621
-0.54217,2.1656,0.35726,0.50173,-0.99885,-0.24208,-1.7327,0.13802
4.4975,-3.1238,-2.4315,-0.361,6.2268,0.34475,-1.8201,0.038553
4.4642,4.6914,-1.3124,0.83507,-2.0361,-0.045854,0.64269,0.24165
4.4222,-0.98191,-0.29333,-0.61,4.1309,0.13531,-0.45277,0.14802
-0.7572,4.2067,-0.87689,0.56716,-3.3009,-0.091136,-0.066459,0.08056
-0.67699,-3.0331,1.0898,-0.27238,1.8332,-0.086836,-0.54001,-0.0072268
-0.66626,4.3425,-0.12322,0.01498,-0.002699,-0.082851,0.90382,-0.04921
-0.38661,-2.5585,0.4294,0.79858,-1.4772,-0.0675,-0.58406,-0.12327
-0.63685,4.1802,0.64166,0.24348,2.3751,-0.033327,3.4503,-0.1508
-0.66447,-2.9081,0.62151,0.15406,-4.0355,0.0048699,-0.37471,-0.13038
-0.65097,0.44541,0.53913,0.16285,-0.46887,-0.023887,0.93847,-0.14369
-0.82284,-0.71012,1.1148,0.11029,-4.2315,-0.042446,-0.16373,-0.019761
-0.74867,-4.7957,1.0727,0.10721,-3.1133,-0.047202,-1.8459,0.04785
-0.61474,3.2085,1.9912,0.20015,-0.96218,-0.077589,0.078071,0.012341
-0.62651,-5.4345,1.8819,0.77391,3.692,0.1182,-3.5454,0.22459
-0.62377,5.9838,1.5432,-0.57028,2.3782,-0.16998,0.44088,0.021614
-0.40877,-3.2556,2.0895,0.047069,4.6992,0.26856,-0.70213,0.16073
-0.62165,6.2334,1.3902,-0.25457,4.0864,0.12327,1.3752,0.10538
-0.61894,-1.1292,1.5042,-1.0794,-4.2625,0.0014558,0.059525,0.02378
-0.61414,6.3198,0.21379,0.35932,-0.66065,-0.013394,1.2369,-0.037479
-0.80998,-1.0235,0.77722,-0.68709,-7.2954,0.011114,-0.24263,-0.10657
-0.6618,1.5741,-0.81611,0.010844,-4.2832,0.031798,2.177,-0.14583
4.4702,-0.49206,-0.17185,0.83048,-6.5126,-0.072217,0.46216,-0.10064
4.4472,-5.2472,-0.52267,-0.21572,0.32064,-0.11652,-0.26162,-0.086106
4.4274,-0.65862,0.14467,-0.2087,-4.0799,-0.094518,0.9525,-0.06868
-0.59493,-4.7645,-2.5348,-0.24834,1.3372,-0.15625,-1.4008,-0.019201
-0.69404,1.4375,-1.9791,0.24177,-1.5683,-0.06313,-0.11003,0.093483
-0.67478,-2.6241,-1.3925,-0.15593,0.83994,-0.048671,-0.90938,0.009615
-0.90869,1.2615,-0.57184,0.89891,-2.3829,-0.081221,0.18509,0.22355
-0.82615,-4.359,-0.65173,0.056119,1.6106,-0.087041,-2.9117,0.24282
-0.62287,3.8595,0.45434,-0.14354,1.3452,-0.14258,0.65135,0.19814
-0.65075,-5.3244,2.0128,-0.014661,-0.37571,-0.047799,-2.2261,0.078029
-0.38631,4.2168,0.94899,0.18751,1.7997,-0.13729,0.27878,0.00051268
-0.52768,-1.3807,2.7677,0.13818,-2.1357,-0.019485,-1.9883,-0.048504
-0.72214,3.9574,1.1464,0.24183,3.668,0.074333,3.2133,-0.080167
-0.63749,-0.97391,2.8483,0.35669,-7.1769,-0.070324,-2.6303,-0.12887
-0.92793,0.82546,-0.21352,-0.51648,0.12042,0.00060224,0.67877,-0.10701
-0.72629,0.35698,1.4754,-0.65349,-6.947,-0.044153,-0.64352,-0.10555
-0.66964,-5.1966,-1.6778,-0.54828,3.3863,-0.17565,-3.4987,-0.031054
-0.61448,3.9896,-1.1826,-0.69547,-1.1377,-0.051938,0.68568,-0.075641
-0.60233,-6.7155,-3.1874,-0.1573,7.0466,0.43424,-4.2701,-0.0001201
-0.4328,4.315,-0.33278,0.40403,-0.36252,-0.26726,-2.0821,0.10638
-0.58615,-3.3318,-1.2487,-0.53061,5.6955,0.37812,-0.71893,0.20505
4.4346,4.9959,-0.91935,0.20643,-1.5725,-0.018535,1.6338,0.052644
4.4653,-1.5853,0.025345,-1.9811,0.87518,0.00016585,-0.31181,0.096404
4.4233,4.3149,-1.9807,0.10694,-3.307,-0.038429,2.0837,0.071628
-0.65407,-2.158,-1.6726,0.0084482,-0.26891,-0.046598,0.33334,0.009615
-0.67578,2.4546,-3.0354,0.48643,-3.905,-0.07368,1.7999,-0.086008
-0.66992,-1.91,-0.4867,0.68109,-1.7397,-0.031979,0.11616,-0.10197
-0.49116,3.4359,-0.23141,1.0485,-1.4148,-0.01849,0.60924,-0.12675
-0.57534,-1.7724,0.22133,-0.069275,-3.3101,0.0101,-0.076137,-0.11753
-0.66828,0.30092,1.0848,0.53655,-2.9289,0.0049982,1.0123,0.059994
-0.66682,-2.233,1.0725,0.19738,-2.3702,0.0092659,0.38048,0.067977
-0.98122,-3.2761,0.52074,0.53969,-0.86259,-0.031986,-2.0255,0.062939
-0.73898,1.5493,1.0342,0.27387,-0.12928,-0.12451,0.27375,0.12454
-0.59917,-3.7136,0.88359,0.44971,2.8341,-0.01677,-3.924,0.12113
-0.63151,4.4571,-0.056433,-0.39775,4.4535,0.074237,1.553,0.17548
-0.60931,-2.8411,2.6073,-0.30719,2.1104,0.036598,-1.8511,0.092656
-0.43082,5.8024,-0.38278,0.066248,3.7091,0.053168,-0.45058,0.098448
-0.65859,-1.0238,1.5956,-0.01971,-5.9797,-0.007856,-0.63582,0.04398
-0.6278,3.2349,-0.060615,-0.027154,-0.80877,0.0040228,1.8439,-0.045559
-0.62459,1.0846,2.6321,0.87965,-8.5587,-0.016025,-0.19592,-0.056097
-0.74364,0.91334,0.42078,0.2262,-2.505,0.0216,-0.50605,-0.10246
-0.6892,0.11188,0.26409,-0.42511,-5.1084,-0.0088764,0.87839,-0.13649
-0.6026,-6.0648,-0.72798,-0.358,5.4907,0.18976,-1.5364,-0.080143
4.4738,2.6354,-0.77686,0.54507,-1.8371,-0.091405,-0.087305,-0.049842
4.4598,-5.6933,-3.1305,-0.58052,5.2478,0.21714,-2.062,0.011319
-0.58577,3.681,-1.1242,-0.39203,-1.4174,-0.10418,-0.54737,0.15859
-0.69033,-4.2017,-2.1682,-0.6085,5.4785,0.31974,-0.99659,0.15272
-0.68508,3.5704,1.7427,0.44493,-2.4267,-0.070196,0.86578,0.10896
-0.77008,-5.0221,-0.45145,0.11626,4.2494,0.09605,-1.7367,0.088007
-0.70228,4.7012,0.90435,-0.61074,0.46531,-0.08785,2.1486,0.22858
-0.65664,-2.3487,0.4301,0.39001,3.1624,0.0047351,-0.89741,0.075644
-0.64641,3.9488,-0.072223,0.96563,3.2466,-0.13088,0.59223,-0.0078595
-0.58633,-1.6549,1.6291,0.62126,-2.8052,0.042926,-0.58497,-0.067901
-0.53957,3.7965,1.2252,0.2345,3.2077,-0.019651,1.6028,-0.15588
-0.65407,-2.0134,1.9915,-0.025818,-4.8981,-0.042639,-0.84573,-0.15834
-0.63864,-1.2172,0.45482,-0.31353,-1.2226,0.027479,1.6215,-0.13561
-0.58124,1.1699,0.93089,-0.095776,-2.8387,-0.041285,0.437,-0.05987
-0.68457,-5.6845,-1.0599,-0.64145,2.6224,-0.16974,-3.1938,-0.0092468
-0.55771,2.8367,-0.17001,-0.33638,-0.47463,-0.0038707,1.4,0.049018
-0.61115,-5.7239,-1.2597,0.20349,7.8014,0.64493,-3.0969,0.10996
-0.61244,5.1501,0.37948,0.19476,2.7708,-0.18023,-1.9915,-0.022438
-0.46067,-3.7606,-1.61,-0.50536,5.9854,0.41402,1.0152,0.043518
-0.54364,4.7387,-1.3772,0.049227,0.19027,-0.066339,1.5273,0.18779
-0.61052,-0.91581,-0.74355,-1.2973,0.62694,0.034281,1.487,0.099836
4.47,5.2906,-1.5446,0.28161,-0.92771,-0.050661,2.3883,-0.032416
4.4301,-0.67536,-1.6894,-0.4714,-0.36431,-0.039963,2.1156,0.009323
4.4234,0.97099,-2.1256,-0.059345,-2.3103,0.027864,1.6264,-0.082723
-0.67542,-1.1027,-1.0675,0.45247,-1.4438,-0.019908,1.579,-0.13264
-0.67681,2.7499,-0.040071,0.0011839,-1.873,-0.0090689,2.3327,-0.10346
-0.33202,-1.0551,0.069292,0.29838,-0.010438,-0.049833,1.5989,-0.12339
-0.56614,-0.64734,-0.92385,0.68743,-2.8013,0.038157,1.9363,-0.01667
-0.66192,-2.0739,0.21742,0.058001,-0.070301,-0.055134,1.3484,0.059386
-0.6588,-1.5888,0.3038,1.4118,1.018,-0.021923,-0.11841,0.14106
-0.82537,0.57709,0.090549,1.0737,0.97848,-0.022911,1.7474,0.11838
-0.78268,-5.4106,-0.31492,0.23651,1.0014,-0.030202,-1.875,0.14026
-0.63795,5.1044,-1.0947,-0.35578,3.8544,0.047559,1.0152,0.18463
-0.63529,-3.2485,2.2669,-0.34604,3.9466,0.17398,-1.1367,0.051452
-0.39778,5.6329,0.96322,-0.29537,4.6093,0.14022,0.54257,0.070411
-0.57749,-1.4277,2.2924,0.09772,-1.7994,0.038549,-1.1137,0.01127
-0.57686,4.0729,0.712,-0.38792,3.4714,0.13351,2.0176,-0.054734
-0.61873,-0.46264,0.5633,0.17883,-6.6015,0.037176,-0.3724,-0.1176
-0.83059,0.40996,-0.1545,0.30264,-2.4948,0.0081043,3.2394,-0.10331
-0.80647,0.76027,1.5961,-0.17441,-5.7236,0.019848,1.7056,-0.1333
-0.61089,-2.3736,-1.2052,0.011499,5.2728,0.26554,-1.4107,-0.1175
-0.59867,0.35647,-0.35931,-0.10889,-0.77868,-0.070991,1.0865,0.016697
4.4886,-4.9677,-2.6262,-0.1443,6.4548,0.37387,-2.0397,-0.045948
4.486,1.6071,-0.9283,0.93575,-0.58861,-0.073404,-0.665,0.22011
4.445,-4.5118,-3.6335,-0.67039,6.385,0.41923,-1.3739,0.16384
-0.68351,4.0041,-0.298,-0.052685,0.042592,-0.040187,1.232,0.17219
-0.67004,-4.9829,-1.7228,0.33537,5.9351,0.3599,-0.28904,0.082848
-0.79447,4.3508,0.29396,-0.12311,0.5771,-0.051809,1.2096,0.038528
-0.68475,-4.1161,-0.2771,-0.021945,4.6554,0.28099,-0.19016,0.064181
-0.65001,4.0403,0.7733,-0.016736,3.6057,-0.013959,0.49438,-0.038744
-0.64891,-4.2633,1.6739,0.35062,-0.24525,-0.030606,-0.18709,-0.079535
-0.54472,4.1365,1.554,0.065034,4.1504,0.11249,2.9368,-0.18348
-0.57583,-1.1643,2.4045,-0.2548,-3.3083,-0.045334,-0.51195,-0.15503
-0.63724,1.0486,-0.22904,-0.44876,2.6782,0.028762,2.4224,-0.13899
-0.63375,0.37488,0.93938,0.81846,-3.205,0.020914,0.71691,-0.086252
-0.83508,-4.69,-0.044253,-0.41984,-1.6894,-0.019363,-2.3724,0.032614
-0.7566,1.4894,1.0727,0.052773,-0.59291,0.0060186,1.0355,0.090198
-0.63583,-4.725,-1.0256,0.19246,6.0252,0.42119,-3.4265,0.13289
-0.61494,2.843,1.8236,0.030614,0.92126,-0.22715,-1.1652,0.14131
-0.087971,-1.7401,-0.094135,0.17832,6.9446,0.57094,-0.14385,0.01879
-0.49862,5.5109,0.74501,0.31573,3.6535,0.060554,0.42325,0.1057
-0.63253,-3.609,-0.42166,-1.8899,-0.37782,-0.040662,0.54067,0.083481
-0.60146,4.3517,-0.52304,0.77304,-1.1193,-0.014517,2.0802,0.032809
4.4708,2.0887,-1.2238,-0.58105,-1.079,-0.02458,3.0995,-0.033828
4.4349,2.8673,-0.79777,0.33241,-2.8551,-0.016526,1.6113,-0.10592
4.4053,-2.0579,-1.469,0.84231,-4.0873,-0.092368,0.86065,-0.14637
-0.68005,-0.39426,0.65128,0.023471,-2.7053,-0.048658,0.8693,-0.13089
-0.6662,0.49311,0.51811,0.63816,-2.159,-0.028982,1.1728,-0.10789
-0.39364,2.232,0.17624,0.058932,-3.0485,-0.0057126,1.8942,-0.098616
-0.63645,-3.3408,-0.32031,-0.38375,0.39009,-0.014556,2.5175,0.050916
-0.6697,-0.62315,-0.67266,0.2859,-1.4641,0.025168,1.0604,0.20561
-0.65948,0.41076,0.20669,1.2648,-0.48642,-0.048562,1.423,0.065203
-0.95574,-3.8545,-0.3878,0.0078637,0.32692,-0.012881,-1.1771,0.27962
-0.66504,3.2914,-0.64516,0.55569,1.2908,-0.11455,0.67954,0.15316
-0.63611,-3.8286,1.8865,0.98561,3.5708,0.13255,-2.3227,0.13367
-0.62811,5.0505,1.2155,-0.50371,4.0054,0.0066347,-0.67442,0.014093
-0.58414,-1.7237,1.9145,0.34774,-0.16004,-0.0085619,-0.48915,-0.012484
-0.56109,4.8462,0.52564,-0.14841,4.0027,0.13378,1.6851,-0.070311
-0.61618,-0.50148,1.9362,0.6826,-6.8208,-0.06623,-2.0084,-0.11375
-0.62558,-0.84005,0.046994,-0.5214,-1.4685,-0.032044,3.1258,-0.14262
-0.76459,1.245,3.0463,-0.0040572,-8.0823,-0.0033702,0.86716,-0.10935
-0.71548,-5.479,-1.8616,-1.1509,1.9277,-0.17831,-0.88844,-0.074667
-0.56959,2.478,0.34312,-0.44255,-2.3636,-0.024554,1.1122,-0.068826
-0.59802,-5.9482,-2.5655,-0.055928,6.7367,0.4484,-1.876,0.12249
-0.474,2.6812,-0.0032224,0.79946,-1.6983,-0.22218,-0.93108,-0.0077865
4.4964,-4.2551,-3.4716,-0.57473,6.0712,0.38079,-1.102,0.17728
4.4561,4.7317,0.20743,-0.20892,-1.6427,-0.1337,0.050213,0.1736
-0.6844,-2.7012,-0.87559,-0.35557,4.8888,0.26063,-0.50389,0.16141
-0.68408,4.4218,0.34214,0.53875,-2.0261,-0.081978,2.2109,0.017354
-0.7309,-3.0609,-0.30614,-0.50991,3.8479,0.089055,-0.041067,0.036338
-0.70202,4.6041,-0.58147,0.24721,1.9179,-0.11781,2.0685,-0.041008
-0.6551,-4.1086,-0.23537,0.45647,0.90593,0.002412,-0.95016,-0.088759
-0.65303,3.0758,1.0907,-0.16069,3.4099,0.058854,3.6304,-0.1442
-0.41658,-0.74501,0.84592,-0.069494,-3.3904,-0.089294,-0.4207,-0.1661
-0.51215,2.593,0.49964,-0.15676,3.1043,0.046462,1.8259,-0.12945
-0.64426,-1.7825,0.98716,0.37721,-2.7195,-0.039488,1.3549,-0.085862
-0.6473,-2.0735,-0.35381,0.08341,-2.7157,-0.050481,-2.2609,-0.021659
-0.91371,0.81305,2.5332,-0.097594,0.33812,-0.040675,1.1236,0.099884
-0.74135,-4.0177,-0.48281,0.73346,3.8984,0.11446,-2.8776,0.14914
-0.61552,3.2818,1.139,-0.78303,3.7296,0.03002,1.1223,0.15876
-0.6118,-1.824,-0.35874,-0.2419,5.2451,0.41351,-0.074564,0.091755
-0.38836,5.3633,0.55562,0.061887,4.0105,0.08521,1.2188,0.11315
-0.44277,-0.4687,0.4098,-1.2809,-4.1366,-0.060621,-0.11207,0.026408
-0.63028,6.3192,0.13236,0.88053,-1.7212,-0.056148,2.0706,0.012998
-0.61094,-0.85449,-0.93672,-0.49868,-4.7808,-0.020062,2.3421,-0.052836
-0.73456,0.58744,-1.6517,0.42628,-3.4714,-0.00090587,2.5523,-0.097642
4.4557,-1.014,-1.0053,-0.48319,-4.3461,-0.070549,0.9538,-0.11918
4.4321,-4.5086,-1.2808,-0.80038,-0.40617,-0.11233,0.93244,-0.1232
-0.67498,1.7945,-0.26779,-0.92303,-1.5872,-0.031318,1.5068,-0.06279
-0.66201,-2.3031,-2.0579,0.10684,2.701,-0.083043,-0.76743,-0.029009
-0.45411,0.63301,-1.9864,0.21679,-0.15661,-0.0052826,2.248,-0.010269
-0.65246,-3.1845,-2.5966,0.27219,1.7762,-0.09609,-1.5671,0.03371
-0.67207,0.73995,-0.95896,0.21797,0.035238,-0.1301,0.59043,0.38072
-0.66355,-5.5446,0.95907,0.96024,-1.6192,-0.056167,-1.8743,0.075668
-0.8083,3.3479,0.21371,-0.42876,2.4222,-0.046066,2.5899,0.24496
-0.66707,-3.3945,0.97376,-0.45209,2.7472,0.00027495,-0.53425,0.11164
-0.63572,6.277,1.1012,0.23231,3.6657,0.12502,1.614,0.054032
-0.64103,-1.9426,1.7464,0.73368,-0.95387,0.012641,0.61577,-0.016037
-0.49167,4.2731,1.5371,0.98996,4.0151,0.21867,2.4477,-0.059139
-0.52851,-0.62576,3.1759,0.67583,-4.9779,-0.0047564,-2.7054,-0.12651
-0.62166,-1.1461,0.92047,-0.075647,-0.4224,0.0092274,1.0436,-0.15832
-0.62838,-0.13042,1.9171,-0.068286,-4.8204,-0.028219,0.54725,-0.10482
-0.65616,-8.1629,-1.8859,-0.68368,4.1304,0.037394,-2.2231,-0.07917
-0.79946,4.7609,-0.80288,-1.0744,-0.40454,-0.0081641,1.2645,-0.09533
-0.59877,-6.1279,-2.3864,-0.56175,7.4365,0.58552,-3.0416,-0.072258
-0.60273,3.2042,0.66026,0.63224,1.0585,-0.082023,-0.59603,0.076496
-0.21862,-2.6783,-3.0841,-1.2064,6.5247,0.52716,0.40966,0.1472
4.4943,5.7672,-0.72491,0.3263,-0.197,-0.078936,1.7162,0.1022
4.463,-0.82232,-0.52199,-0.93368,2.7965,0.027857,1.2581,0.31104
4.4132,3.4053,-0.76947,-0.065203,-0.83763,-0.062154,2.1531,0.10069
-0.68642,-2.844,-0.2979,-1.1319,1.0659,-0.037935,0.7388,0.022441
-0.86472,4.5,-1.2628,-0.2447,-0.26432,-0.070927,2.5364,-0.026454
-0.74411,-1.533,-2.0903,0.25717,2.1537,-0.00097646,0.72897,-0.073718
-0.66011,3.5512,-0.78281,0.77373,1.2779,-0.061185,4.4874,-0.1405
-0.64778,-1.372,-0.058565,-0.10012,-1.5063,-0.032345,1.0743,-0.066538
-0.58557,2.3197,-0.037617,0.40734,3.7498,0.18292,2.1499,-0.10261
-0.58906,-2.0915,0.2095,0.2577,-2.8326,-0.082588,0.50622,-0.044756
-0.64741,-3.2924,-0.44899,0.98311,-0.12297,-0.004628,-1.123,-0.029131
-0.64053,1.0662,2.4668,-0.029453,2.3256,-0.073019,1.7428,-0.0010449
-0.74873,-2.9881,-0.45986,0.11788,2.5182,-0.027083,-1.5823,0.034464
-0.66213,3.7792,-0.34608,-0.45043,5.6332,0.44551,3.4148,0.17755
-0.6191,-1.7422,1.2955,-1.1822,4.9943,0.39123,-1.225,0.14394
-0.61139,3.3927,0.080502,-0.60546,5.7553,0.45303,2.4084,0.10877
-0.46428,0.28881,1.1984,-0.97131,-1.8676,-0.0074325,-0.099872,0.093581
-0.57495,4.4499,-0.083966,-0.04975,2.0678,0.0031692,2.2242,-0.015648
-0.60618,-0.30433,0.5246,0.028796,-5.5159,-0.036664,0.40101,-0.045437
-0.60541,2.1919,0.33658,0.66654,0.080644,-0.091162,1.6053,-0.094819
-0.69927,-0.12488,0.025339,-0.84806,-3.3027,-0.043236,1.9541,-0.1276
4.4773,-6.4545,-1.7893,-0.72537,2.7639,0.065887,0.93545,-0.10998
4.4626,0.55002,0.16971,-0.30513,-1.2286,-0.080656,1.819,-0.016913
4.4368,-4.4066,-1.7629,0.25589,4.6139,0.17226,-1.119,0.014702
-0.30617,1.6403,-2.4116,0.68962,0.56973,-0.1146,1.4717,0.015529
-0.5877,-6.6038,-4.0599,-0.63999,3.6447,0.17346,-0.88105,0.084113
-0.62732,2.0152,-1.0713,0.47844,-0.42668,-0.10535,1.0728,0.05941
-0.66169,-7.0208,-1.3481,0.070185,3.4485,0.16957,-1.2174,0.23255
-0.79036,4.4233,-0.41532,-0.47078,2.899,-0.0088122,2.4146,0.11918
-0.82772,-3.8352,0.96578,0.096879,2.7582,0.078036,-2.2544,0.12196
-0.70735,4.5629,0.94678,0.44363,3.1231,-0.0002577,1.783,0.1048
-0.63728,-1.5805,2.0856,0.29723,0.79048,-0.044718,1.8153,-0.031224
-0.62892,6.1704,1.4026,1.7675,4.2799,0.27449,2.3262,-0.057533
-0.46225,-1.8207,2.8983,-0.42311,-3.1474,-0.039674,-0.79339,-0.08338
-0.62907,1.2722,-0.67487,-0.4361,1.6453,0.0015135,2.0067,-0.15138
-0.61867,-0.047705,0.96384,0.077636,-3.5561,-0.019061,1.4783,-0.11166
-0.61573,-3.307,-0.83993,-0.24358,-0.48055,-0.10649,-1.8197,-0.054053
-0.83558,2.1703,-0.093955,-0.22961,-0.33325,-0.010288,1.9676,0.0088362
-0.6908,-5.2955,-3.0185,0.77625,6.9675,0.556,-4.3162,-0.05252
-0.60006,4.3386,0.79534,0.69816,1.5534,-0.20993,-0.98518,0.10538
-0.59309,-5.8102,-1.7659,-1.0456,6.6264,0.6502,0.18832,0.12254
-0.58766,4.4198,0.9028,0.49798,-0.068683,-0.09267,1.5398,0.20434
4.503,1.5124,-1.3703,-1.0829,2.7985,0.085332,1.5569,0.042203
4.4642,5.1315,-1.0462,0.89508,-0.52485,-0.055281,2.6701,0.11556
4.4224,-3.8268,-0.79307,-0.95027,0.92443,-0.019671,1.9954,0.026335
-0.8903,2.4773,-1.0023,0.37751,-1.6823,-0.094345,2.4068,-0.04882
-0.73567,-0.99196,-2.0653,-0.11898,0.7262,-0.1106,0.53524,-0.13045
-0.58055,3.4969,-0.82734,0.52757,-0.69059,-0.061519,2.4764,-0.0946
-0.65244,-2.5918,-1.5262,0.56642,-0.35881,-0.094544,0.99083,-0.098908
-0.64245,2.8692,-0.85524,0.664,0.61981,-0.028655,3.1319,-0.027671
-0.56695,-1.8448,0.99314,-0.10558,-2.9342,-0.046329,0.85869,-0.070724
-0.66612,-1.0254,0.57282,0.52775,0.65511,-0.069689,-0.23432,0.098302
-0.64678,-0.83872,-0.34393,0.13568,-1.2511,-0.11705,1.2143,0.073161
-0.64862,-1.6892,0.40004,1.5578,-0.14015,-0.064805,-2.7885,0.043542
-0.72201,3.1394,0.80655,-0.39286,3.0829,-0.02673,0.8835,0.055808
-0.61689,-1.6242,0.23189,0.29027,3.3724,0.16072,-2.27,0.18241
-0.61792,4.137,0.22261,-0.982,4.6958,0.27036,1.7982,0.11872
-0.62239,-0.01939,0.58691,-0.13404,0.50476,-0.04475,-0.88354,-0.0095875
-0.49159,2.3011,0.28878,-0.48888,2.9506,0.060279,1.834,-0.014966
-0.56012,0.79791,0.79463,0.2246,-7.2109,-0.031004,-0.28148,-0.052057
-0.60704,2.0438,0.7867,0.34779,-1.3907,-0.054684,2.9461,-0.12943
-0.60965,0.42438,0.44913,0.45771,-6.0614,-0.01908,0.89008,-0.11478
-0.85862,-2.9933,-0.69303,1.0436,2.3371,-0.043788,-0.092128,-0.099759
4.473,-0.48172,-0.29257,-0.85074,-3.3284,-0.062982,0.73414,-0.068217
4.478,-6.8763,-2.057,-0.06889,4.77,0.18774,-2.5264,0.02322
4.4551,2.1313,-0.46234,0.89278,-0.78847,-0.097727,0.38409,0.089857
-0.49069,-3.1619,-2.6844,-0.31836,4.4385,0.18485,-1.9986,0.092096
-0.53293,3.424,-1.5369,0.57146,-1.3893,-0.16426,0.31334,0.1901
-0.67602,-5.2878,-2.1552,-0.47908,3.8195,0.15619,-1.4603,0.12537
-0.67476,4.2755,0.15542,-0.50921,0.065487,-0.12492,1.2905,0.13147
-0.92866,-3.6229,0.45938,0.67029,3.0999,0.049638,-1.3966,0.086596
-0.71973,4.4286,0.40613,-0.89204,2.191,-0.13884,1.6341,0.044929
-0.64859,-2.9014,0.22554,0.27091,0.26418,-0.065318,0.82872,-0.085546
-0.64102,4.8686,1.4194,0.61382,2.9691,0.048297,2.8727,-0.10689
-0.63535,-0.96927,3.71,0.18238,-4.7128,-0.055525,-1.2274,-0.095306
-0.43307,2.6645,0.5452,-0.040225,1.7852,-0.059767,1.2758,-0.11319
-0.66117,-0.97785,1.1676,0.38431,-5.2707,-0.098574,0.50861,-0.1111
-0.63512,-3.9204,-0.34244,-0.013158,-2.2162,-0.1622,-1.3982,-0.03524
-0.63493,2.1629,1.4899,-0.02163,-2.0449,-0.064965,0.6393,0.0080087
-0.76404,-3.8183,-1.7419,0.43775,5.7046,0.28351,-4.9097,0.065008
-0.6083,4.0882,0.10707,0.32742,1.5418,-0.25717,-1.8216,0.052523
-0.6028,-3.1095,-2.2859,-0.53698,4.6487,0.36893,0.094004,0.043591
-0.60348,5.6288,-0.11467,-0.18803,1.8753,-0.14149,0.66015,0.015505
-0.4689,-1.3279,-1.3361,-2.2422,-2.0341,-0.041343,1.3818,0.11006
-0.54859,5.1001,-1.324,0.63339,-3.8048,-0.1016,1.7955,0.091001
4.4602,-0.17043,-1.2963,-0.13899,-4.796,-0.055641,0.31765,0.017062
4.422,1.9647,-0.66069,0.38692,-3.7929,-0.049307,1.7081,-0.048455
-0.66647,0.31683,-0.85745,-0.19681,-4.2414,-0.075753,-0.097817,-0.13928
-0.75565,0.21818,-0.31472,-0.37464,-3.9788,-0.11159,1.1006,-0.15688
-0.66363,-0.57064,-0.39788,-0.63046,-1.5931,-0.053593,1.1265,-0.12278
-0.66325,-0.75275,-1.8558,-0.024321,-3.2727,-0.050885,2.5811,-0.084256
-0.38413,-1.8516,-1.4993,-0.34351,-1.5218,-0.024798,1.3921,0.1387
-0.50995,-1.7718,-0.54604,0.22116,-3.2523,-0.054993,-0.18469,0.091926
-0.64414,-1.0958,-0.84313,0.42294,-0.42374,-0.093318,1.3871,0.25151
-0.66245,-6.2939,0.65528,-0.051747,0.41885,-0.095923,-3.8771,0.14265
-0.71942,3.0842,-0.18942,-0.20447,2.6812,-0.046778,1.6136,0.1985
-0.78626,-2.641,0.76443,-0.35057,1.976,-0.065607,-1.0474,0.17212
-0.67786,5.1091,0.55997,-0.61897,3.8726,0.12938,-0.021904,0.11364
-0.62754,-0.6649,0.60043,0.03809,-3.7648,-0.067776,-1.367,0.02103
-0.61894,2.9454,0.47309,-0.46558,2.9129,0.066921,3.1221,-0.043636
-0.41367,0.59899,2.8754,0.61183,-7.4272,-0.0020097,-1.1186,-0.094989
-0.55152,-2.1169,1.8588,-0.36845,-3.114,-0.086637,0.53702,-0.11621
-0.61785,1.751,2.2647,-0.65558,-6.6171,-0.05412,0.81496,-0.10531
-0.61507,-5.3024,-1.3995,-0.68767,4.1574,0.087816,-2.0834,-0.077174
-0.68255,2.7769,-0.20683,-0.78863,-0.96335,-0.01618,0.70991,-0.11088
-0.61765,-6.9097,-4.1244,-0.63707,6.7137,0.4269,-3.5383,-0.0067157
4.5012,2.9457,-0.50783,0.92023,-1.6628,-0.11356,-0.7155,-0.04259
4.4818,-4.833,-1.2621,-0.25812,4.3234,0.20471,-1.697,0.14598
4.4663,3.9004,0.47642,-0.62437,-2.1771,-0.091566,0.044472,0.13323
-0.55858,-5.4998,-2.303,-0.38907,3.6778,0.11981,-0.026194,0.16976
-0.67801,4.0348,-0.050523,-0.31581,-1.2424,-0.11029,1.8533,0.12301
-0.67088,-3.2539,-0.2361,-0.0013467,3.385,0.12286,-1.0478,0.039307
-0.83379,6.0694,0.15281,-0.08444,1.4177,-0.08984,2.2738,0.013533
-0.64246,-2.9499,0.088725,-0.38394,1.498,-0.038082,-0.023767,-0.075495
-0.65428,4.8164,0.24945,0.30467,2.7251,-0.0065854,2.1307,-0.14717
-0.63983,-1.3417,1.1067,0.59465,-3.6316,-0.023508,-1.1955,-0.11862
-0.3727,2.981,-0.22211,0.81526,1.2666,-0.10297,1.6418,-0.13016
-0.55302,-0.78826,2.8211,0.17932,-4.92,-0.089679,-0.72898,-0.11862
-0.574,-3.7222,0.38559,-0.07539,-2.2726,-0.05385,-1.9136,-0.085716
-0.63304,1.3562,2.7544,0.83341,-0.56195,-0.078031,0.69171,0.055054
-0.72214,-4.0013,0.087067,0.32849,4.6513,0.2446,-4.0874,0.022879
-0.83359,3.9768,1.0152,-0.14814,2.3169,-0.0749,-0.54845,0.13766
-0.61189,-3.2624,-1.0362,-0.15356,5.246,0.41628,-0.68578,0.16969
-0.60709,5.5172,-0.2251,-0.16977,3.46,0.072722,0.16397,0.035145
-0.60499,-0.81861,1.0549,-1.371,-0.99465,0.019483,0.058176,-0.0024809
-0.39166,5.2653,0.37616,0.56141,-0.95554,-0.022668,1.5227,0.079732
-0.5914,-1.4681,-0.33406,-1.0762,-4.7017,-0.054229,0.56381,-0.013482
4.4688,1.2885,-0.81447,-0.45148,-1.6114,-0.068354,2.1859,-0.061695
4.4349,0.61329,-0.35054,0.53556,-2.875,-0.053561,1.1751,-0.11582
4.405,-0.41687,-0.85434,0.52682,-2.6588,-0.11004,-0.80489,-0.16219
-0.7487,0.97769,0.74461,-0.22106,-2.7163,-0.065023,1.1193,-0.14926
-0.66996,-1.3428,-1.1269,0.27444,-2.4282,-0.0802,1.5999,-0.067317
-0.65995,-0.82946,-0.11111,-0.36739,-1.0308,-0.041683,0.5667,-0.06851
-0.40212,-2.5896,-1.4708,-0.072467,-3.27,-0.03189,0.22816,0.11928
-0.61739,-1.3287,-1.9926,0.48808,0.078974,-0.060332,2.2307,0.22006
-0.65815,-3.7004,-0.31636,0.24173,-1.2699,0.00035838,-1.2518,0.20076
-0.6525,2.103,-0.7673,-0.36289,2.3746,-0.05498,1.9383,0.32095
-0.86224,-5.1371,-0.050137,-0.36447,0.7657,-0.055647,-1.6829,0.14158
-0.69197,4.6094,1.8814,-0.057579,2.6995,-0.088537,0.96219,0.10804
-0.593,-1.8884,1.5641,0.17118,0.91749,-0.065973,-1.3852,0.014069
-0.62352,4.857,2.0392,0.48805,3.1976,0.08446,2.1279,-0.074205
-0.68127,-0.3366,3.5618,0.4671,-6.51,-0.032538,-1.7923,-0.10236
-0.64394,1.0307,0.10779,0.0087565,-0.54631,-0.014216,2.9181,-0.14233
-0.59808,-0.43633,3.0739,0.10077,-7.6688,0.011672,-1.2182,-0.14164
-0.61146,-3.6698,-0.82418,-0.45976,-0.73007,-0.055057,-1.0476,-0.10395
-0.78729,2.854,1.5126,-0.62813,-5.637,-0.043627,0.51687,-0.08686
-0.75785,-7.5012,-2.4257,-0.93134,5.7013,0.15597,-3.0093,-0.016061
-0.52468,1.3691,-0.03125,0.13729,-2.208,-0.15776,-1.32,0.15428
4.5141,-3.0415,-3.4389,0.22518,5.9971,0.40618,-0.8218,0.00019629
4.482,5.1526,0.65937,0.076679,-3.2236,-0.20295,-1.0149,0.076715
4.4479,-1.9871,-2.3387,-0.48072,4.3663,0.1747,-0.36718,0.18606
-0.68961,3.9772,-0.19594,0.18498,-3.6872,-0.086637,1.0067,0.14948
-0.67278,-3.4855,-0.41133,-0.36271,3.8439,0.13987,-2.4143,0.15737
-0.66428,5.3742,0.38365,-0.18222,-1.1692,-0.089679,1.4681,-0.0072268
-0.9716,-2.6812,-1.5496,-0.18124,2.5888,0.0061598,-1.5821,-0.085303
-0.71667,4.64,0.31892,-0.031656,2.1843,-0.15323,1.5519,-0.15795
-0.64879,-4.6379,-0.13556,-0.38658,-1.2889,0.0021232,-0.48968,-0.17849
-0.64667,3.1509,0.50722,0.00049022,2.2432,-0.063419,1.1018,-0.10794
-0.33527,-1.2854,0.70327,0.22169,-6.267,-0.06279,-1.4157,-0.091217
-0.56277,0.48565,0.56266,-0.52003,1.0077,-0.053606,0.67362,-0.040399
-0.64104,0.87207,1.8611,-0.19958,-4.406,-0.034142,0.16995,-0.056681
-0.63459,-5.088,0.97516,-0.39691,-1.6291,-0.18296,-2.805,0.11456
-0.78372,3.816,1.8992,0.054051,-0.66186,-0.076947,0.76239,0.1497
-0.68123,-4.1441,0.4592,0.41763,4.9973,0.30779,-2.1448,0.1506
-0.67252,4.6527,1.8995,-0.19503,1.1252,-0.20916,-1.1353,0.15479
-0.60966,-1.7799,-0.92451,-0.31054,4.4248,0.25687,-0.37978,0.017817
-0.6033,6.7125,-0.86943,0.26944,1.7679,-0.18231,1.3867,-0.0028459
-0.37622,-2.0364,-0.7879,-1.7721,-5.2509,-0.056039,-0.92433,-0.01134
-0.679,4.7229,-0.52358,0.1178,-4.4028,-0.073353,1.8573,-0.10823
4.4812,0.43207,-1.0931,-0.23364,-4.4253,-0.014947,-0.34105,-0.11901
4.4458,-0.52932,-3.0233,-0.97639,-4.2865,-0.047888,0.30072,-0.085643
4.4211,-2.1803,-0.91219,0.2878,-4.2857,-0.019844,-0.092866,-0.11502
-0.65361,-2.4989,-1.5683,-0.1354,-4.1024,-0.08271,0.66881,-0.086033
-0.66993,1.3345,0.88597,-0.69587,-3.5197,-0.062578,0.84633,0.033515
-0.66123,-0.79394,-1.4266,0.41241,-3.5128,-0.05489,-0.53,0.011027
-0.34381,-1.1862,-1.192,-0.34405,-1.1162,-0.031947,0.9104,0.10972
-0.59853,-1.1106,-1.048,-0.016087,-3.1345,-0.045584,-0.46086,0.17268
-0.67427,1.7613,0.42233,0.63497,-0.36357,-0.12784,1.125,0.40554
-0.66011,-4.7311,0.91135,0.16285,-2.8384,-0.066505,-2.7448,0.11366
-0.79492,4.0668,-0.0088499,0.16031,0.28341,-0.12612,1.1578,0.069559
-0.68861,-3.2517,2.0203,-0.40034,2.8418,0.0064101,-3.3797,0.014677
-0.63256,5.6922,2.8074,0.20482,3.0662,-0.2067,-0.52779,-0.041835
-0.63076,-2.1947,2.5616,0.028539,-3.9109,-0.013523,-0.85083,-0.11154
-0.26049,3.2476,1.3535,0.8754,2.1332,-0.040759,2.3514,-0.12948
-0.50367,-1.3271,2.503,0.0071764,-8.4657,-0.013388,-1.7059,-0.13432
-0.73366,-2.3235,0.089765,-0.5836,-4.3767,-0.052586,0.22608,-0.10256
-0.625,-0.14884,3.449,-0.79986,-7.1652,-0.052021,-0.35117,-0.064542
-0.90088,-6.2519,-1.763,-0.81446,2.7461,-0.21671,-3.1641,-0.020369
-0.78702,2.6665,-0.67929,-0.43167,-2.8652,-0.013285,-0.018283,0.026822
-0.65305,-4.3292,-3.5225,-0.093946,6.4687,0.39322,-3.4741,0.12498
-0.60096,3.3647,0.89281,0.14566,-1.0409,-0.16522,-1.38,0.10867
4.4783,-1.7531,-3.3012,-0.98674,4.1441,0.14887,-0.49712,0.022222
4.4502,5.5043,-0.50542,0.0085831,-1.402,-0.062007,0.96122,0.13311
-0.70082,-1.0367,-0.78778,-0.73458,3.6155,0.11091,0.26851,0.070752
-0.6812,3.4664,-0.61455,0.42899,-2.4013,-0.037229,0.36736,-0.016597
-0.67903,-2.566,-1.0452,-0.37642,1.7814,-0.064227,-2.5512,-0.053225
-0.82713,4.7576,-1.2211,0.45316,-0.15781,-0.082408,1.845,-0.10144
-0.68747,-3.2687,-1.0875,0.5138,-1.9514,-0.0035627,-0.32471,-0.18428
-0.65293,1.9661,0.1772,0.16529,2.8424,0.032805,1.7008,-0.091704
-0.63803,-2.6825,-0.70304,0.16081,-4.7719,-0.012374,-0.2782,-0.037795
-0.34325,1.6574,0.51477,-0.22319,0.79928,-0.027603,-0.067391,-0.042565
-0.48969,-1.8851,0.3136,0.17892,-2.4717,-0.056988,0.14547,0.13977
-0.65806,-5.433,0.21976,0.30293,-2.983,-0.0076827,-2.8433,0.13291
-0.64653,3.6906,1.443,-0.17484,2.4307,-0.08982,1.2513,0.10955
-0.816,-4.0858,0.42116,0.40784,3.9704,0.18217,-3.6598,0.21522
-0.67796,4.7013,2.2552,-0.36779,3.2922,-0.026018,0.35943,0.18348
-0.60581,-1.1774,0.98228,-0.50585,2.6819,0.050049,0.1353,0.086012
-0.60765,4.4175,0.13064,0.22723,3.6191,0.11829,2.3552,0.00085341
-0.56211,0.63788,-0.19855,-1.1604,-7.0244,-0.010654,-0.92129,-0.02896
-0.47651,5.741,0.35817,0.55805,-2.9712,-0.052368,2.043,-0.06391
-0.5972,-0.74342,-0.033737,-0.98376,-6.3009,-0.025594,0.97965,-0.12244
-0.60398,-2.7324,-0.99778,-0.34321,-1.9676,-0.01926,-1.4819,-0.12193
4.4739,0.65678,-0.77208,0.0051725,-4.3083,-0.022116,-0.60423,-0.10497
4.4541,-6.5541,-2.3583,-1.4198,2.6733,0.0020333,-0.2881,-0.12186
4.4251,1.8623,0.20025,-0.072352,-1.9548,-0.042934,0.90193,-0.0091008
-0.67288,-4.0777,-3.3216,-0.56742,4.1823,0.069783,-1.1115,0.075741
-0.6731,2.3641,-2.1635,0.38385,-0.66996,-0.02759,2.1836,-0.00092325
-0.46897,-5.2446,-2.7103,-0.14633,1.9297,-0.11003,-1.7677,0.088567
-0.61848,3.784,0.12746,0.32058,-0.53589,-0.11278,1.1296,0.28059
-0.66615,-3.269,-0.016475,1.3159,0.47292,-0.043422,-2.8378,0.17331
-0.66007,4.2333,-0.55024,-0.19146,2.5321,-0.11971,0.5605,0.050819
-0.82669,-3.9475,1.0403,0.64756,-0.57404,-0.052605,-2.6632,0.012584
-0.67287,5.7067,2.2914,0.18135,2.6013,-0.11356,1.7277,-0.052593
-0.63907,-1.4697,1.9792,-0.28191,-2.6422,-0.0031584,-1.3004,-0.12135
-0.63565,3.0232,0.088404,-0.15398,2.0382,-0.057361,1.2317,-0.10404
-0.56414,-0.086083,1.6719,0.047307,-6.1475,-0.0034344,-0.85063,-0.14753
-0.59265,-1.9483,-0.63891,-0.97807,-1.9442,-0.028918,0.26609,-0.08652
-0.63179,-0.22399,0.93535,-0.28244,-3.9587,-0.015557,-0.43629,-0.031686
-0.62321,-6.8464,-1.09,0.1758,6.0029,0.14336,-4.8809,0.003847
-0.77965,4.3475,-0.21399,-0.060829,-0.20836,-0.073064,-0.40672,-0.023241
-0.67637,-6.3581,-2.4278,0.19237,6.7313,0.52575,-1.2065,0.078686
-0.61541,4.4974,0.6045,0.56722,1.0703,-0.088627,-1.0541,0.16182
-0.59676,-1.1777,-1.2151,-1.391,3.7339,0.18178,0.8545,0.18811
4.4829,6.0113,-1.47,0.46213,-0.90376,-0.031318,1.8397,0.015553
4.4446,0.26486,-0.31094,-1.0656,-0.78718,-0.011161,1.5202,0.091342
4.4047,2.875,-0.82739,0.58242,-2.8328,-0.036947,1.3409,-0.0072511
-0.682,-2.3654,-1.5509,0.010324,-2.4636,-0.012611,-0.79484,-0.073596
-0.68025,3.3637,-0.086446,0.66417,-2.0702,-0.034296,1.5052,-0.082845
-0.7576,-1.4241,-2.1061,0.42529,-1.0967,-0.061519,0.24211,-0.11103
-0.61408,1.5968,-0.6249,0.48652,-1.3606,-0.027102,2.4261,-0.091825
-0.65658,-2.4969,-0.20922,-0.74781,-0.093929,-0.0087994,1.4965,0.0035793
-0.6528,2.4655,-0.19743,0.13491,2.595,0.019714,1.3492,-0.03597
-0.33256,-0.85356,-0.17374,0.69358,-3.028,0.00071776,0.27664,0.091366
-0.63998,-6.0999,0.28501,0.65222,0.063419,-0.021487,-2.4779,0.079805
-0.64984,2.219,1.7289,0.35796,2.6944,-0.013683,1.5641,0.18171
-0.64162,-2.7441,-1.0392,-0.44441,3.0566,0.039178,-2.1758,0.058899
-0.87986,4.4198,0.22441,-0.50151,5.1471,0.24425,1.6165,0.17222
-0.68885,-1.6118,2.13,-0.57921,1.5275,0.04924,-2.3833,0.10694
-0.62112,4.5005,-1.2445,-0.49514,5.177,0.37251,1.9003,0.021857
-0.61935,0.62085,0.051388,-0.18605,-6.9354,0.036129,-0.51575,-0.040326
-0.2669,5.6901,-0.25257,0.067076,-2.1345,0.010703,2.7908,-0.061987
-0.56783,-0.28769,1.4931,0.28491,-6.6304,0.049869,0.58788,-0.13006
-0.60354,-0.084291,-0.30179,0.89465,-0.23746,-0.01109,-0.44852,-0.14201
-0.60434,-2.234,-1.1171,-0.75221,-3.5859,0.024315,-0.30391,-0.10499
4.4939,-6.895,-3.2492,-0.96564,4.2411,0.15229,-0.43496,-0.094624
4.4722,1.184,-0.75689,-0.065833,-2.4467,-0.017713,0.3463,0.044102
4.4486,-5.0929,-4.2088,-0.39777,5.6528,0.23762,-2.1822,0.099349
-0.67779,2.7602,-2.0001,0.88298,0.0876,-0.052053,0.26622,0.12636
-0.66904,-4.315,-2.6384,-0.086418,3.7793,0.068904,-1.6115,0.1461
-0.45109,4.6246,0.39153,0.3692,-2.2382,-0.12422,0.55391,0.055857
-0.66863,-6.407,-0.37369,0.19254,4.1043,0.14801,-1.8703,0.14622
-0.66145,4.635,1.0266,-0.98203,2.6577,-0.085046,1.9979,0.068172
-0.65744,-5.0611,2.0278,0.20405,1.041,-0.011225,-2.566,-0.029812
-0.68227,4.0998,1.2338,0.16934,3.0067,-0.094659,0.65729,-0.09589
-0.65869,-1.4726,2.0307,0.18883,-0.54589,-0.00681,0.63537,-0.11178
-0.6402,4.0139,0.88423,0.91643,3.4951,0.099541,2.7008,-0.14724
-0.62489,-0.50838,1.9211,0.043543,-3.8254,0.0041319,-1.7458,-0.095768
-0.39489,0.53685,-0.61517,0.16298,-0.22628,-0.016616,-0.076047,-0.090292
-0.60969,-0.51342,0.77888,0.06962,-4.3056,-0.016032,-0.92752,-0.014114
-0.63137,-5.7671,-0.75098,-0.42988,1.3897,-0.18594,-3.0423,0.024072
-0.62022,2.7633,-0.69788,-0.54573,-0.26114,-0.017424,1.5857,0.079246
-0.8154,-5.4081,-2.5208,0.56267,7.1496,0.49462,-4.416,0.013972
-0.639,4.9129,0.22151,0.6368,0.37144,-0.18048,-1.6202,0.19707
-0.58436,-3.5313,-0.44919,-0.83333,6.1769,0.4384,-1.2458,0.12133
-0.59532,4.5365,0.6392,-0.0032993,0.12549,-0.065293,1.252,0.083675
4.5027,1.3337,-0.28323,-1.0536,1.9062,-0.019343,1.047,0.0086659
4.4476,5.5763,-1.6986,0.20735,-2.093,-0.016905,1.9906,-0.015307
4.4102,-1.8653,-0.68324,-0.77064,-0.66606,-0.064997,0.50229,-0.10606
-0.68243,1.1075,-1.1563,0.36904,-3.0619,-0.019106,1.8538,-0.11521
-0.91217,-2.5195,-1.8524,0.017838,-0.14566,0.0071417,0.70484,-0.14435
-0.84176,2.037,-2.0133,0.40265,-2.5985,-0.038878,1.5211,-0.10022
-0.67686,-2.211,-0.24563,0.4804,-1.1031,-0.039873,0.71325,-0.074764
-0.65636,2.0255,-0.19594,0.86617,0.081242,0.0079374,2.3994,0.04011
-0.65733,-1.0511,0.6303,-0.013839,-1.9961,-0.054575,1.0332,0.13651
-0.3567,-0.68956,0.10905,0.47464,0.95462,-0.037376,-0.82644,0.31272
-0.69144,1.0228,0.083309,0.78137,-2.209,-0.10983,0.92432,0.14136
-0.65216,-4.0972,-0.41065,0.82666,1.1386,-0.020049,-3.9044,0.18054
-0.64553,5.2771,0.0049554,-0.079892,3.6694,0.05277,1.2256,-0.00080156
-0.88765,-2.302,0.52669,-0.39491,2.0141,0.021491,-1.5033,0.10044
-0.68209,5.114,0.11658,-0.5112,5.0495,0.25805,1.9846,0.0097124
-0.62485,-0.59276,0.73671,-0.43592,-1.1421,-0.012919,-1.7546,-0.069751
-0.61084,3.6177,0.75524,-0.45214,3.051,0.031778,3.2726,-0.081555
-0.44462,0.29803,1.0343,-0.072506,-7.8817,-0.059818,-0.91259,-0.12505
-0.49065,1.9084,0.44253,0.096949,-3.2848,-0.021975,2.1796,-0.11181
-0.61405,-0.44177,-0.84475,-0.13677,-6.2405,-0.038564,1.1349,-0.10078
-0.61575,-3.5436,-1.6163,0.86926,2.9958,-0.02818,-0.072875,-0.046119
4.8608,-1.1641,-1.5726,-0.81492,-3.5101,-0.043954,0.34976,0.070533
4.4862,-7.531,-0.95197,-0.044213,5.0472,0.11818,-2.4993,0.093751
4.4601,3.322,-0.21267,0.81026,-1.6352,-0.1217,-0.32359,0.1655
-0.67741,-3.4455,-1.7131,-0.58928,5.218,0.1711,-1.511,0.24121
-0.56037,5.2473,-0.82324,0.49589,-1.3972,-0.14176,0.27976,0.12135
-0.50443,-2.9018,-1.5468,-0.16781,4.2497,0.19039,-1.2547,0.10945
-0.73791,4.6913,0.19774,0.18794,0.42117,-0.15394,1.254,0.050916
-0.67332,-5.656,1.7642,0.00019476,3.3424,0.036643,-1.9323,0.0090796
-0.86847,4.0066,0.73308,-0.34703,3.0652,-0.046502,1.9473,-0.079194
-0.75376,-2.5394,1.1285,0.23033,-0.62164,0.0092466,-0.25994,-0.1598
-0.63078,4.5881,0.20419,0.74791,3.4557,0.10645,3.5545,-0.16457
-0.6413,-2.923,1.6815,-0.63434,-3.3228,0.0090027,1.7199,-0.10497
-0.64358,1.7482,0.35724,0.14714,0.29034,-0.0034215,1.2589,-0.03356
-0.42541,-0.3844,0.58408,0.2568,-3.5548,-0.085456,-1.4635,-0.047117
-0.59452,-4.3624,0.026938,-0.032684,-0.19009,-0.063451,-1.8872,0.10166
-0.64257,1.2509,1.8245,0.19592,-0.21834,-0.028642,0.27126,0.12432
-0.63572,-3.8081,-1.3678,0.68901,6.7586,0.50635,-4.3373,0.1065
-0.8468,5.4576,1.1858,0.5093,2.9021,-0.15865,-0.68272,0.19359
-0.71576,-3.1932,-1.3489,-0.30236,3.9612,0.16632,0.85897,0.026919
-0.60809,5.8891,0.78557,0.54732,1.5018,-0.088582,2.0635,0.03001
-0.61043,-0.34067,-1.5823,-1.9477,-0.23035,-9.0845e-05,1.5729,0.0095177
-0.39544,5.1147,-1.3279,-0.035388,-2.8831,-0.00069409,2.5255,-0.021659
4.4519,0.0096947,-2.1521,-0.71417,-3.1384,-0.053388,0.3683,-0.059261
4.4166,-0.433,-0.90793,-0.15362,-1.5457,0.018244,1.3378,-0.14741
-0.75226,-1.3855,-1.9286,0.0081399,-3.089,-0.0048334,0.73441,-0.12215
-0.76247,-0.25194,0.28146,-0.69097,-1.9704,-0.031023,0.96714,-0.12376
-0.73393,-0.15224,-1.3121,-0.03156,-0.65765,-0.020845,2.0313,-0.056365
-0.63348,0.75916,-2.1203,-0.05097,-1.6669,0.020298,1.7353,-0.028644
-0.66441,-1.9179,-1.2135,0.32618,-0.28079,-0.029663,1.0052,0.39028
-0.43073,-1.6904,-0.27647,0.26494,-2.1853,-0.0177,-0.46101,0.1288
-0.4857,0.88703,0.23628,0.49412,0.25552,-0.061012,1.5519,0.26098
-0.60498,-4.3895,0.17381,0.26806,2.646,0.020798,-1.5058,0.18699
-0.65731,4.3241,0.57931,-0.30078,3.5177,0.035667,1.2254,0.17674
-0.56773,-3.0297,1.2205,-0.17268,2.9024,0.059643,-2.2307,0.029742
-0.7758,5.2269,1.1651,-0.15643,4.6549,0.23063,0.037202,0.0049909
-0.64258,-1.3152,1.5773,0.92813,-2.3837,-0.048267,-1.7777,-0.061622
-0.62781,2.5637,-0.25073,-0.49159,3.9578,0.18055,4.509,-0.13398
-0.61881,1.1982,3.116,0.96197,-6.9736,0.02855,-0.68994,-0.090268
-0.3414,-4.6728,0.37435,-0.85304,-2.606,-0.079097,-0.52037,-0.13858
-0.5804,2.3515,3.1385,-0.9175,-3.9402,-0.04794,1.7331,-0.10984
-0.61791,-4.968,-1.3132,-0.59135,5.9903,0.31242,-2.1006,-0.073012
-0.61261,3.7699,0.21978,-0.35075,-0.81209,-0.087619,-0.15483,-0.036091
-0.71155,-6.0299,-3.5726,0.24319,7.3756,0.46765,-2.5579,0.10616
4.5031,4.4692,-0.22896,0.5199,-0.72164,-0.084359,-0.62071,0.019082
4.4862,-3.4946,-1.4639,-0.80833,4.4715,0.21941,-0.35835,0.35039
4.4351,4.554,0.20176,0.74153,-1.8943,-0.10571,0.41733,0.15959
-0.43159,-3.7315,0.80454,-0.57338,3.0107,0.012552,-0.70285,0.099884
-0.56078,3.2111,1.2005,-0.53544,0.30449,-0.033102,0.73686,0.056685
-0.66866,-3.0335,0.7731,-0.61504,2.9385,-0.0067201,0.31064,-0.025334
-0.66266,3.7981,-0.19499,0.018237,1.5692,-0.055095,3.3243,-0.093505
-0.75828,-3.7745,-1.1304,0.12563,1.7565,-0.030176,0.2561,-0.14386
-0.78482,4.8528,-0.097848,0.17231,2.5799,-0.0031071,1.8224,-0.13734
-0.65729,-2.8622,1.065,-0.12027,-3.6423,-0.019465,-0.30881,-0.1974
-0.64364,0.50118,-0.1055,0.43501,0.82691,0.0019692,1.5718,-0.058069
-0.63302,-0.99368,2.0132,0.66029,-3.0391,-0.018875,-0.11496,-0.022681
-0.54902,-2.0427,-0.89916,0.51187,-3.5018,-0.065934,-1.8763,-0.036043
-0.57129,1.2112,2.8189,0.15372,1.3832,-0.11059,0.76713,0.18801
-0.63429,-3.1787,1.5999,0.13247,5.2467,0.36945,-2.8793,0.21052
-0.62108,4.1094,1.7393,-0.45512,3.1758,-0.047407,0.32154,0.031982
-0.70888,-0.7346,0.9422,-0.027199,4.7458,0.32922,1.1435,0.13875
-0.67755,5.1535,1.206,-0.15588,3.7837,0.081642,1.3629,0.035121
-0.60976,-0.06866,0.39773,-1.4908,-3.9399,-0.020685,0.37652,-0.0027973
-0.59599,5.2449,1.1056,0.8617,-1.9105,-0.010891,1.5304,-0.044439
-0.39316,-1.4836,-0.37966,-0.56652,-6.5168,-0.0041339,-0.5068,-0.13288
4.466,-0.10758,-0.12477,0.035668,-1.9816,-0.062315,1.2124,-0.10421
4.4405,-0.24705,-0.63361,-0.26979,-4.0543,-0.052541,1.5235,-0.15576
4.418,-3.6826,0.37376,-0.44041,-1.6514,-0.12286,-0.012284,-0.1149
-1.0328,2.1001,-0.77412,-0.033172,-2.1011,-0.04011,1.0425,-0.057022
-0.74545,-2.3909,-2.3254,0.64836,0.28784,-0.17872,1.0194,0.050405
-0.66163,1.7038,-1.6392,0.19065,-2.1683,-0.084949,0.7273,-0.018325
-0.65818,-3.2576,-1.6382,0.37202,-0.61972,-0.086368,-1.2861,0.18266
-0.53953,1.2342,-0.63674,0.55364,-1.0919,-0.081458,0.37272,0.25453
-0.62052,-2.742,0.10571,-0.014546,-0.57209,-0.073712,-3.0758,0.1655
-0.74087,3.8649,-0.051865,-0.31599,2.1835,-0.17422,1.879,0.18108
-0.64914,-3.9328,1.6367,-0.79096,0.78807,-0.049063,-2.3644,0.0414
-0.92771,4.3167,1.7735,0.47835,3.1142,-0.03925,0.64861,-0.028985
-0.73309,-1.5738,0.74867,-0.40849,0.17876,-0.004243,-2.0837,-0.063277
-0.59833,3.6944,-0.24486,0.31095,3.5978,0.13444,0.30925,-0.17063
-0.62637,-1.2921,2.696,0.37245,-5.7774,-0.048992,-1.9427,-0.13322
-0.62958,0.26407,-0.063197,-0.015516,-1.5848,-0.059517,2.7107,-0.073255
-0.34981,0.056742,3.2194,0.49169,-7.4046,-0.080367,-0.59946,-0.092847
-0.6324,-5.5651,-0.58107,0.26955,-0.14038,-0.15506,-1.6331,-0.098737
-0.6196,1.966,2.6533,-1.2399,-3.5776,0.0027649,0.080094,0.062477
-0.61252,-6.6367,-1.5323,-0.51081,6.2831,0.19215,-3.6434,-0.0056691
-0.80949,2.6294,-0.20664,0.38031,-2.499,-0.17631,-1.1227,0.22196
4.4882,-3.2248,-2.0802,-0.31164,5.6813,0.24517,-1.4739,0.031568
4.477,4.9209,0.62114,0.45285,-2.8488,-0.13827,-1.0847,0.17068
4.4328,-2.9011,-2.6323,-0.20619,4.1087,0.088625,-0.14549,0.055176
-0.55283,3.6803,-1.3896,0.62774,-3.1721,-0.081112,0.63854,0.027114
-0.67576,-3.2588,-0.54971,-0.201,3.8165,0.10346,-1.3293,-0.073596
-0.67062,4.8672,0.52105,-0.56745,-1.1154,-0.046207,1.5449,-0.092215
-0.66527,-5.6443,-0.74012,-0.31714,2.7011,0.0076358,0.094344,-0.11156
-0.92545,4.2377,0.28608,-0.3348,2.3408,-0.084744,2.3639,-0.1211
-0.72145,-4.9867,0.18013,0.13443,-1.6067,-0.017989,-0.32223,-0.16328
-0.62974,2.0844,0.25166,0.17894,1.5448,-0.083441,1.7023,0.078297
-0.64126,-2.9353,0.80858,-0.43838,-5.6655,-0.051142,-1.6131,-0.011705
-0.4527,0.105,0.52609,-0.27307,-0.91939,-0.041554,0.23532,0.079367
-0.46081,1.2729,1.4972,0.82197,-3.5087,-0.089371,-0.24445,0.019399
-0.72103,-2.6472,-0.1601,0.34637,-2.3111,-0.0742,-3.6419,0.1702
-0.63821,3.4431,2.7046,0.16687,0.74677,-0.10528,0.3864,0.15757
-0.769,-1.8252,0.5435,0.32011,4.8294,0.25233,-3.6944,0.081996
-0.77296,4.6708,2.3304,-0.74473,2.3457,-0.27586,-0.43358,0.06642
-0.60024,-0.25948,-0.0035372,-0.52173,2.731,0.036713,0.22506,0.0023624
-0.60537,5.6909,-0.6232,0.4754,2.3491,-0.037197,2.0817,-0.084378
-0.60246,-0.96121,-2.0057,-1.0075,-6.484,-0.020049,-0.34663,-0.055489
-0.50734,3.8625,-1.0835,0.74253,-3.7393,-0.09566,1.1954,-0.1453
4.586,-0.62246,-1.5643,0.19525,-6.3225,-0.039931,-0.18765,-0.11249
4.4606,-2.8696,-0.87858,-0.24542,-3.7248,-0.051495,0.2396,-0.091558
4.4385,0.49517,-0.68928,0.62622,-4.4465,-0.042048,0.3216,-0.008249
-0.76462,-1.6908,-2.2255,-0.44627,-2.3716,-0.088928,0.24596,0.040475
-0.71378,0.84794,-0.62193,-0.46165,-3.3103,-0.093587,0.90119,0.09066
-0.65836,-1.0613,-1.4304,0.20442,-2.9373,-0.073449,-0.49344,0.14664
-0.66182,1.486,-1.2161,0.31405,-0.78999,0.0014558,1.1107,0.088129
-0.36611,-0.66438,-1.4294,0.29791,-2.2628,-0.019536,-1.2871,0.14652
-0.58522,2.5485,0.93162,0.52367,-0.44064,-0.095333,1.2094,0.17377
-0.66146,-2.5417,1.0157,0.34351,-1.2336,-0.049557,-2.3007,0.026189
-0.65494,4.4955,-0.0051946,0.043838,1.7715,-0.17696,1.386,-0.015867
-0.82971,-3.9582,1.6638,0.77855,0.69005,0.029025,-2.3487,-0.094405
-0.77439,4.6304,2.3485,0.29716,2.2194,-0.11808,0.65709,-0.11195
-0.62479,-2.8738,2.4015,0.18476,-3.8873,0.02119,-1.7498,-0.13984
-0.62893,-0.15357,-0.94752,0.30387,0.75905,-0.0040633,2.1323,-0.086008
-0.41069,-1.4023,1.737,0.14488,-7.8928,0.0034965,-1.9143,-0.037162
-0.43632,-2.0776,-1.6968,-0.62613,-3.1793,-0.089005,-0.23546,-0.015648
-0.62057,0.53932,1.6217,-0.9031,-6.6688,-0.0029017,-1.0799,0.044491
-0.62206,-6.3872,-2.3589,-1.0175,4.4415,-0.073186,-4.2281,0.027455
-0.80793,4.9085,-0.85288,-0.81974,-2.4763,-0.079142,-0.18535,-0.0093685
-0.7445,-4.1239,-3.332,-0.49208,6.5644,0.40913,-2.4838,0.1343
-0.63953,4.5939,0.58003,0.53832,-1.6176,-0.096527,-0.97453,0.15357
4.4708,-1.5097,-1.3801,-0.50524,4.6024,0.17277,-0.32218,0.029937
4.4304,6.0429,0.26001,0.23881,-2.6096,-0.068431,0.61211,-0.027306
-0.55735,-1.0813,0.072202,-0.41792,3.0697,-0.049063,0.14517,-0.077612
-0.64961,2.7517,-0.84148,-0.34629,-2.9055,-0.016488,1.3052,-0.12748
-0.67314,-4.0439,-1.7197,-0.55468,2.4994,-0.039315,-1.6528,-0.14111
-0.67233,3.5139,-1.6952,0.10321,0.010704,-0.066685,1.7722,-0.1083
-0.88265,-6.6153,-2.3891,0.15161,-1.1965,-0.053414,-0.74678,-0.006813
-0.6523,1.4534,-0.68831,-0.37764,1.9269,0.0088295,2.0704,0.042593
-0.63731,-2.7818,-0.72941,-0.48308,-4.6991,-0.075715,-0.42762,0.16399
-0.63929,1.4324,0.21015,0.27702,0.73171,-0.062835,0.073846,0.099422
-0.4294,-1.2007,0.85084,0.48042,-4.2788,-0.013311,-0.97639,0.27018
-0.50804,-4.2326,0.52208,-0.00328,-3.4446,-0.011809,-2.7331,0.20502
-0.64733,4.091,1.5185,0.37018,-0.021452,-0.1194,0.46912,0.15284
-0.63984,-3.1306,1.0686,1.2296,4.4523,0.15815,-4.733,0.11765
-0.82426,5.2633,1.4974,-0.46751,2.7699,-0.14927,-0.58133,0.069876
-0.73595,-1.244,2.0392,-0.43424,3.2067,0.0010707,-1.1055,-0.034485
-0.5923,4.5765,-0.085431,-0.15002,3.7814,0.095029,1.645,-0.09146
-0.60846,-0.98207,0.34299,-0.99185,-6.2449,0.016267,-0.72218,-0.086008
-0.61783,4.9132,0.95249,0.71717,-3.2472,-0.02972,1.2974,-0.093797
-0.49899,-2.2805,0.20557,-0.44579,-6.5538,0.013258,0.39665,-0.13799
-0.51793,-2.4632,-0.72643,-0.13803,-2.8911,-0.041817,-0.9883,-0.065492
4.4869,-0.17051,-0.55793,-0.096065,-5.3299,-0.010513,-0.47782,-0.077149
4.4666,-4.8092,-1.9656,-1.1283,1.1596,-0.063367,-0.96324,0.050697
4.4757,2.334,-0.29202,-0.42859,-2.7681,-0.0058602,0.5174,0.09436
-0.72817,-2.7731,-2.6692,0.027621,3.5257,-0.065549,-1.2392,0.15997
-0.67228,2.4375,-2.1908,-0.19949,-1.1405,-0.058689,0.83275,0.13761
-0.6646,-3.4033,-2.6522,0.22735,1.0765,-0.070568,-2.0671,0.0053803
-0.4729,3.489,-0.041664,0.45379,-0.94868,-0.12152,0.39258,0.092364
-0.64555,-2.002,0.40917,0.6106,-0.85155,-0.044307,-3.2691,0.0067432
-0.65481,2.8787,-0.2987,-0.26718,2.2646,-0.17704,1.975,-0.072185
-0.64898,-4.2463,1.5375,0.14701,-0.9229,-0.0017016,-1.7264,-0.095087
-0.86799,4.1853,1.9502,0.086088,2.0358,-0.15989,-0.64628,-0.13653
-0.65607,-3.1589,2.715,0.07901,-3.3969,-0.024503,-1.1533,-0.14369
-0.63221,1.953,-0.32431,0.16515,1.9612,0.017384,1.1444,-0.10458
-0.62741,-2.4003,2.2755,-0.17947,-6.6885,-0.014607,-1.2261,-0.021829
-0.55125,-1.7836,-0.2293,-1.0531,-2.0585,0.00037763,0.20989,0.032006
-0.53401,-0.075095,1.1485,-0.31512,-5.5566,-0.00044381,-1.9009,0.087667
-0.6377,-5.7787,-1.9672,-0.49565,4.86,0.013931,-4.0579,0.14858
-0.61769,4.3896,-1.0918,-0.34943,-1.0703,-0.039847,-0.17502,0.04673
-0.93692,-5.8118,-3.0065,-0.19759,7.0271,0.47681,-2.9054,0.11203
-0.69587,5.0875,0.8044,0.24177,0.31615,-0.085591,-1.1961,0.12831
-0.563,-0.35656,-1.5722,-1.638,4.7682,0.26403,0.9779,0.058924
4.4691,5.645,-0.20253,0.32178,-0.89624,0.020837,1.7856,-0.014406
4.4308,-1.3144,-0.52952,-1.8073,-0.53837,0.042894,0.41467,-0.052568
4.4013,2.494,-1.2478,0.51366,-3.3021,0.042894,1.8215,-0.12561
-0.67827,-3.2872,-1.6621,-0.17068,-1.8664,0.014682,-0.78349,-0.15145
-0.67239,1.9667,-0.40172,0.4918,-2.5463,0.02692,2.1327,-0.11453
-0.66743,-1.8194,-3.1195,0.67974,-1.086,-0.023001,0.50326,-0.073377
-0.91027,2.0286,-2.3409,0.017408,-1.4076,0.0012632,2.2765,0.035511
-0.6777,-4.0756,-0.51037,-0.62942,-0.9896,-0.018066,1.3807,0.15912
-0.64753,0.92563,-0.7333,-0.36054,1.7432,0.011275,2.0958,0.12799
-0.65166,-0.12463,0.008328,0.38064,-3.8195,-0.0023177,-0.29791,0.13099
-0.38678,-2.2649,-0.51398,0.20617,-0.18957,-0.074155,-3.6004,0.14849
-0.59436,2.6893,1.9884,0.074675,0.40303,-0.019176,1.2344,0.14576
-0.63871,-1.6374,-0.39439,0.40992,3.1412,-0.043191,-2.5653,0.043834
-0.63575,5.9036,1.3739,-0.41004,4.6206,0.12562,1.4636,0.00925
-0.87005,-1.3807,1.5868,-0.66225,2.0333,0.013501,-1.7768,-0.03193
-0.7564,4.6158,0.65572,-0.28986,5.0368,0.2736,2.2241,-0.10653
-0.61692,-0.20249,0.90672,-1.4611,-4.428,-0.0006235,-1.0237,-0.13454
-0.6168,3.5629,-0.42624,0.24965,-0.95956,-0.010166,2.0067,-0.10553
-0.32268,-0.52824,-0.12233,-0.085371,-7.3344,-0.03943,-0.68124,-0.088272
-0.52124,0.73959,-0.30168,0.37241,-2.2095,-0.062276,-0.020704,-0.11285
-0.64138,-2.7522,-1.7921,-0.31054,-5.0851,0.033704,0.3696,0.064156
4.5155,-5.5466,-3.4045,-0.0055216,2.8337,-0.090879,0.23421,-0.019396
4.4772,1.8233,-0.26273,-1.1283,-3.9502,-0.043062,0.50857,0.084527
4.4471,-3.4534,-1.1821,0.29825,4.3546,0.0035286,-2.1649,0.16969
-0.68526,3.6755,-1.384,-0.06993,-1.4203,-0.02827,0.50982,0.17884
-0.66892,-3.2301,-1.9445,-0.14144,3.5907,-0.024696,-1.5349,0.17409
-0.66177,3.5318,-1.2164,0.58977,-1.7944,-0.10593,-0.027382,-0.034729
-0.52011,-3.4689,-0.55861,0.13061,2.4566,-0.084122,-1.1004,0.01037
-0.70656,4.656,1.2472,-0.412,1.073,-0.053959,1.3433,-0.0946
-0.65554,-3.378,1.4284,0.68309,0.15934,-0.045687,-3.3053,-0.16294
-0.65642,2.3912,0.39902,0.028725,2.6397,-0.18595,1.0089,-0.13619
-0.66856,-2.4768,2.7076,-0.52438,-2.2675,0.0064037,-2.0749,-0.13502
-0.662,3.3015,1.9252,1.0398,3.6374,-0.041067,1.9732,-0.097301
-0.62617,-2.3146,2.1325,-0.12374,-3.7717,0.02126,-2.1108,-0.083088
-0.63074,0.66307,-0.96454,-0.017179,-0.39588,-0.049846,-0.40052,0.035803
-0.34082,-0.50067,0.91146,-0.083733,-6.184,-0.051148,-1.3077,0.12975
-0.54724,-3.5392,-1.3547,-0.22585,-1.8036,-0.081632,-2.1463,0.12505
-0.63563,2.7774,1.3335,-0.55568,-2.5325,0.038729,0.96868,0.15428
-0.62362,-4.657,-1.9455,0.30288,7.2676,0.32507,-5.6829,0.055419
-0.90019,5.3979,0.0070882,0.52323,-0.24697,-0.19262,-1.7519,0.10684
-0.67929,-3.6134,-0.27663,-0.45002,6.7252,0.46634,-1.7041,0.043542
-0.57395,4.9604,0.77736,0.54761,0.4767,-0.12406,0.64592,-0.057387
4.4207,-0.17017,-0.71411,-1.2572,3.6253,0.068641,1.2639,-0.071795
4.443,5.5337,-1.1094,0.32015,-3.3931,-0.047163,1.778,-0.13118
4.4178,-1.8591,-1.2147,-0.80712,1.7006,-0.032095,0.75567,-0.15717
-0.72814,0.43656,-2.3742,0.33765,-3.876,0.032863,1.7156,-0.1212
-0.68036,-4.8282,-2.3887,-0.2099,0.92004,-0.034193,-0.3215,-0.057558
-0.88236,2.5296,-2.05,0.53599,-2.1527,-0.052695,3.1353,-0.022243
-0.82542,-3.2777,-1.0924,0.23473,-1.5223,-0.04106,-1.0474,0.063329
-0.70223,1.0984,-1.8891,0.30888,0.93559,-0.0031263,2.7585,0.15929
-0.64852,-2.2843,-0.63592,-0.25212,-3.0899,0.013065,-0.18406,0.43093
-0.6366,2.7595,0.96994,0.81604,0.31251,-0.034989,-0.59124,0.08185
-0.39822,1.2498,0.74397,0.65332,-2.7755,-0.091399,-0.0081552,0.12921
-0.64869,-3.5723,2.4412,1.4511,-0.14322,-0.033263,-2.0291,0.11738
-0.6419,5.3327,3.0856,0.061225,3.0092,-0.115,0.57721,-0.0016047
-0.6425,-2.5233,0.56165,0.35713,3.2697,0.070463,-2.6361,-0.054613
-0.87785,5.0782,0.75822,-0.64308,4.3642,0.063641,1.1321,-0.11568
-0.61681,-2.4274,2.1198,-0.82744,0.96919,0.0008076,-2.0211,-0.13067
-0.61368,3.3913,-0.58601,-0.19538,4.2128,0.091211,1.5963,-0.12198
-0.60789,-1.5989,0.92206,-0.32405,-7.1818,-0.01591,-0.68241,-0.090633
-0.54667,3.302,-0.24926,-0.14493,-2.8884,-0.01066,3.4974,-0.045437
-0.41311,-1.8961,-0.15503,0.16887,-7.2215,0.056364,0.55433,-0.046046
-0.62185,-3.0977,-1.7743,0.41348,-0.29721,-0.018631,-0.058959,0.11213
4.4037,0.62799,-1.389,0.14543,-3.381,-0.018868,0.63975,0.1662
4.4836,-4.7545,-1.0021,-0.34713,5.3338,0.15357,-1.2532,0.14941
4.4485,3.5109,0.22037,0.46097,-1.0241,-0.039616,0.79215,0.16689
-0.62206,-2.22,-1.7886,-0.60026,5.3393,0.14283,-2.3756,0.21138
-0.67345,5.0434,-1.274,0.47224,0.36507,-0.11894,0.15549,0.030765
-0.66321,-3.2439,-2.0217,-0.11823,3.8526,0.060169,-1.7312,-0.01465
-0.47262,5.0665,2.523,0.055432,-1.0561,-0.059844,0.52243,-0.074545
-0.64027,-7.214,-0.50602,0.91272,5.2353,0.2798,-2.6554,-0.14758
-0.66368,0.72068,0.16906,-0.79537,3.1996,-0.097406,1.4389,-0.14087
-0.66304,-4.0902,1.0022,0.01069,0.82903,0.051172,-0.76251,-0.053469
-0.81003,2.9732,1.0229,0.36065,3.7388,-0.015172,1.6185,-0.070067
-0.66669,-3.6257,0.73325,0.17526,-1.7473,-0.020184,-0.26291,-0.059334
-0.63814,1.579,-0.57416,0.47092,3.1828,-0.0059821,1.4749,0.037774
-0.6355,-0.31783,0.244,0.022546,-4.3197,-0.044301,-1.8715,0.052425
-0.42354,-1.3937,-1.5409,-0.2325,0.38257,-0.013426,-0.22223,0.16482
-0.58291,2.1094,1.7994,-0.052923,-3.6757,-0.0013743,-0.038852,0.15978
-0.63929,-4.088,-1.8641,0.032386,5.6438,0.12848,-4.7363,0.22233
-0.62635,5.5068,-0.78639,-0.11632,0.47019,-0.086387,-0.034286,0.044662
-0.84256,-3.0446,-1.6858,0.16397,7.4085,0.52452,-1.9186,-0.0062776
-0.61703,5.7718,1.4339,-0.12885,1.7759,-0.13616,-1.2394,-0.027671
-0.60872,-1.5422,0.57132,-0.82374,5.4525,0.29499,0.79162,-0.093699
-0.59989,4.2309,-0.26911,-0.13119,-0.82165,-0.057322,2.1335,-0.12534
4.4581,-1.4836,-0.91281,-1.3071,-0.55349,0.0087396,-0.039738,-0.093334
4.4355,1.08,-1.9914,0.13491,-1.4903,-0.034469,2.2917,-0.12955
-0.68748,-3.9142,-1.9201,0.15948,-1.5317,-0.046765,0.23614,-0.059066
-0.68395,-1.3218,-1.7912,-0.11351,-2.872,0.034345,1.8164,0.022611
-0.66449,-2.2968,-1.6661,0.80227,-0.091431,0.014464,1.8095,0.060895
-0.76944,2.7708,-1.6647,0.63161,-2.1936,0.011069,2.178,0.05722
-0.62275,-2.7466,-0.31576,-0.35592,-1.1931,-0.056135,0.687,0.44604
-0.65188,1.5919,7.312e-05,0.28943,-2.8356,0.018956,0.74122,0.20381
-0.65103,1.7493,0.049724,0.25368,0.47868,-0.0012973,1.2139,0.044248
-0.51679,-1.3198,0.53595,0.83846,1.8703,0.013989,-1.3733,0.083018
-0.5935,3.3875,1.757,0.39879,1.8177,-0.11442,0.71529,-0.0048903
-0.6419,-2.6028,1.4583,0.59609,4.2365,0.16567,-2.4146,-0.083648
-0.63459,5.7836,-0.028707,-0.24515,4.8453,0.1403,1.4187,-0.068631
-0.80851,-3.0585,1.4767,-0.45415,1.4387,0.02993,-2.2273,-0.16554
-0.6237,3.9567,0.29921,-0.31446,4.2367,0.093643,1.9936,-0.1488
-0.61608,-3.4828,1.652,0.13884,-6.4282,-0.03651,-1.4354,-0.073377
-0.62382,0.36615,0.26024,-0.40036,-1.389,-0.046124,2.5957,-0.043563
-0.25054,0.2461,0.52103,-0.099887,-7.5403,0.0040035,-0.54688,-0.064104
-0.57403,-0.89021,0.087755,0.35556,-1.2689,-0.063252,0.66768,-0.019907
-0.61138,0.82083,-0.46313,-0.7958,-4.6184,0.026086,0.35307,0.099763
-0.60408,-5.5738,-2.2708,-0.12639,5.8625,0.18068,-2.1455,0.159
4.4917,2.7049,-1.0468,0.45207,-1.4184,-0.056655,-0.38614,0.04987
4.4592,-3.4701,-2.2861,-0.43564,5.3426,0.21061,-1.8617,0.23167
4.4197,6.327,-0.019719,-0.015612,-0.33618,-0.058285,0.36718,0.029426
-0.67796,-2.1928,-2.2665,0.0028538,4.6623,0.20511,-0.03399,-0.028109
-0.24651,4.4095,0.73316,-0.31796,-0.04729,-0.034418,1.7377,-0.080703
-0.57464,-3.987,-0.87386,-0.38603,4.6233,0.16701,-1.2362,-0.081676
-0.65597,3.1057,-0.14216,-0.13126,0.56627,-0.066968,2.1852,-0.13885
-0.65451,-7.1301,0.47439,-0.61467,2.4242,0.0045105,-0.86783,-0.10996
-0.9119,1.9107,-0.22546,0.29688,3.28,-0.01478,2.6677,-0.082285
-0.8208,-2.8259,0.19313,0.28872,-2.9977,-0.030824,-0.73891,-0.033536
-0.69825,3.1196,-0.91026,0.6376,3.2055,0.046892,1.6635,-0.043807
-0.636,-2.5686,1.0706,0.011724,-4.2662,-0.04355,-0.42903,0.15384
-0.62574,0.33176,2.0995,-0.46915,-1.1333,-0.03995,-0.14236,-0.032222
-0.41997,1.8796,1.1007,0.093275,-1.8511,-0.054409,0.11891,0.25504
-0.64816,-4.2922,0.041656,-0.1475,3.3695,-0.038371,-2.7934,0.13121
-0.62562,5.6133,1.944,-0.42705,2.7409,-0.026794,1.3149,0.084211
-0.61892,-2.1427,0.35476,0.19864,6.9592,0.55335,-0.65596,0.0020703
-0.8748,6.5046,0.63152,0.056556,3.3424,-0.10851,-0.076131,-0.029034
-0.59528,-2.7247,0.28446,-1.0777,3.9782,0.12092,1.9931,-0.079145
-0.60104,4.4865,0.28821,-0.13635,0.3416,-0.015024,2.0038,-0.13843
-0.59407,-2.4538,-0.60027,-1.6885,-2.5874,-0.034655,1.1555,-0.094697
4.4833,1.9557,-1.2554,0.13808,-0.33393,0.010466,2.4182,-0.12931
4.4651,-2.7353,-2.1673,-0.23642,-3.5588,-0.02431,0.72914,-0.051789
4.4388,-3.976,-1.4953,-0.37184,-2.357,-0.068912,0.54055,0.018644
-0.67895,-0.19213,-1.0952,0.60284,-2.6193,-0.077101,0.35285,0.04583
-0.9724,0.90279,-0.78605,0.42675,-1.5345,-0.015243,2.604,0.11583
-0.77118,1.8245,-0.17351,-0.65391,-1.322,-0.065504,1.5677,0.033077
-0.63175,2.3438,-0.65139,0.5626,-1.2438,-0.031729,1.6464,0.20269
-0.65231,1.9671,-1.1216,-0.18414,0.96769,0.017544,2.1397,0.13912
-0.39356,0.97601,-0.42881,0.66421,0.54772,0.031612,0.023402,0.07102
-0.57066,2.6477,1.0553,0.57547,1.0283,-0.050256,1.8363,0.0057697
-0.69619,-4.1495,1.102,0.58206,1.8557,0.021241,-1.6764,-0.060478
-0.6408,4.2803,1.5259,-0.21705,3.7084,0.02486,0.6857,-0.11942
-0.7571,-3.5819,1.7681,-0.044521,3.4133,0.12547,-0.90737,-0.089635
-0.77533,4.104,1.7493,0.12145,4.8663,0.22654,0.62995,-0.14079
-0.68269,-3.2036,1.8308,0.31229,-3.0594,-0.023239,-1.883,-0.085546
-0.62054,-0.41128,-0.4165,-0.65676,2.9276,-0.0105,2.8044,-0.0057422
-0.61138,0.44624,1.7992,0.87879,-6.7975,-0.017347,0.55041,0.00087775
-0.43978,-4.6925,-0.80454,-0.33088,-1.3857,-0.028431,-0.97742,-0.026697
-0.59156,1.3186,1.7545,-0.86354,-4.6694,-0.0016888,0.70689,0.1546
-0.61571,-4.9911,-1.7299,-0.66328,6.6109,0.32511,-2.017,0.158
-0.61045,3.5509,0.62437,-0.42882,0.72335,0.0021617,0.9723,0.10942
4.5067,-2.8598,-2.3588,-0.46796,6.8249,0.47082,-0.27904,0.046657
4.4565,6.0138,0.27487,0.51727,-0.63271,-0.14362,0.25807,0.065982
4.4169,-1.4796,-2.1786,-0.77618,6.044,0.38826,0.53293,-0.021026
-0.66875,4.3401,-0.63311,-0.47629,0.30726,-0.034951,1.5598,-0.074351
-0.7871,-5.2804,-1.4487,-0.52263,5.3509,0.30998,-1.0087,-0.14162
-0.6482,2.192,-0.63452,0.047859,0.70296,-0.01437,2.1686,-0.088369
-0.69884,-5.5056,-0.27683,-0.44432,4.6617,0.24179,-0.046404,-0.10601
-0.66761,0.99581,-0.38943,-0.17254,3.754,0.048406,2.0009,-0.073694
-0.83762,-5.2049,-0.078474,0.024923,0.51233,-0.031126,0.18288,-0.055172
-0.70269,2.9187,0.16334,0.25561,3.8814,0.14341,2.073,0.25711
-0.56137,-2.2704,0.27282,-0.56573,-2.0474,-0.047253,0.5382,0.10193
-0.63259,1.321,0.26641,-0.21068,2.2628,-0.032916,2.5225,0.17202
-0.64632,1.2735,2.0103,0.87745,-1.5768,-0.047452,0.82092,0.029864
-0.27971,-1.0737,0.16538,-0.03526,-1.7201,-0.055268,-1.3053,0.11899
-0.65361,3.3002,2.1953,0.42637,1.3847,-0.0080999,0.62018,0.1085
-0.63178,-1.6299,1.0675,0.6158,6.221,0.48401,-1.8596,-0.001264
-0.61371,4.3161,3.2531,-0.090509,3.1904,0.013367,0.16247,-0.040229
-0.83134,-0.75314,-0.78763,0.012225,6.6476,0.54794,0.68544,-0.058239
-0.60594,5.5766,-0.24474,0.30541,4.7188,0.22458,1.9546,-0.1314
-0.60192,-3.2148,-0.88846,-2.0035,-0.88876,-0.052079,-0.063043,-0.12217
-0.60452,4.0853,-0.34961,0.50979,-0.56597,-0.058689,1.9127,-0.066952
4.501,0.42413,-2.1118,-0.22845,-1.1493,0.014849,0.67271,-0.05286
4.4763,-1.5187,-2.5281,-0.29712,-1.9986,-0.072281,2.9088,0.03977
4.4476,-3.3004,-1.9869,-0.10296,-1.8517,-0.07395,1.4472,0.10412
-0.69604,-0.92632,-1.0114,-0.18812,-1.3498,-0.047997,0.79726,0.069876
-0.95431,2.1253,-0.17591,-0.050739,-1.3603,-0.078904,1.8495,0.15511
-0.75697,2.3744,-0.51235,-0.13961,-1.4045,-0.036529,2.8241,0.11811
-0.66587,1.2452,-0.71581,0.1246,1.2008,-0.012066,3.1663,0.12583
-0.65989,2.0291,0.047219,0.30482,0.5651,0.0080145,1.0877,0.054932
-0.52303,2.8913,0.77631,1.0653,-0.046808,-0.07764,1.3208,-0.020929
-0.54021,-3.2406,1.0311,0.45771,0.7037,-0.017797,-1.391,-0.1129
-0.65604,3.4666,1.0387,-0.26896,2.9773,-0.010025,1.2996,-0.12797
-0.65403,-5.2071,1.6424,0.68527,3.9298,0.22281,-2.183,-0.13661
-0.5783,4.3917,2.3878,-0.29625,4.3229,0.068949,0.52324,-0.10329
-0.69686,-3.7369,1.9881,0.0763,2.0874,-0.040399,-2.2899,-0.067925
-0.63187,1.7267,-0.43368,-0.51716,5.128,0.38556,1.6358,-0.02088
-0.6243,-2.9502,1.0664,0.54543,-4.9546,-0.026486,-2.9874,0.062769
-0.62171,-0.47109,0.44055,-0.46597,-0.073429,-0.076664,3.9214,0.016819
-0.43707,1.3884,0.17111,0.068226,-6.1543,-0.061365,1.268,0.040086
-0.56224,-5.3924,-2.8788,-0.69599,0.37183,-0.081933,-0.18223,0.1194
-0.62172,4.4441,-0.54025,-0.87916,-0.050867,-0.081548,2.5693,0.054324
-0.61275,-2.7347,-2.8203,-0.42492,7.1077,0.49984,-1.4183,-0.0019941
-0.75839,3.1446,0.046204,0.049311,-0.28366,-0.091944,0.1662,0.038967
4.4515,-3.3157,-3.6964,-1.048,6.9029,0.47357,-1.6196,-0.013287
4.4153,5.4251,0.52348,0.56101,-0.25589,-0.14694,0.37379,-0.089854
-0.68037,-3.1524,-1.4804,0.19312,5.8359,0.39763,-0.11947,-0.12741
-0.61933,4.1832,0.96481,0.23665,-1.6152,-0.063156,1.7314,-0.13826
-0.60624,-5.447,-0.63943,-0.37598,5.5843,0.41296,-0.80835,-0.10682
-0.67399,1.917,-0.5643,-0.51406,2.1051,-0.075092,3.3886,-0.076833
-0.67002,-7.5039,-0.84912,-0.14873,3.6821,0.19124,0.22913,-0.021635
-0.8068,2.5736,-0.23139,-0.25521,3.8748,0.10249,2.4907,0.1986
-0.7547,-3.8724,0.52133,0.45124,-1.4933,-0.028142,-0.12083,0.25623
-0.63222,3.6331,-0.50247,0.51624,2.9187,0.07072,1.956,0.14291
-0.64458,-0.7647,1.8789,0.036336,-3.2337,-0.072512,1.3436,0.16365
-0.28109,1.7537,0.40612,0.33414,-0.94427,-0.096539,-0.16246,0.082994
-0.62495,2.2228,1.4646,0.40861,-0.35522,-0.03153,0.44403,0.082069
-0.62692,-1.5997,1.3665,1.0762,2.4693,-0.038673,-2.1701,0.0065972
-0.63093,2.9268,3.5674,-0.17259,3.0924,0.026272,0.65546,-0.068631
-0.65156,-1.6069,0.62101,0.46404,6.107,0.52623,-1.3464,-0.10886
-0.75237,3.7986,1.1771,-0.20815,4.0234,0.14467,0.23545,-0.13322
-0.70282,-1.7221,0.40334,-1.0224,0.74904,0.012821,0.47835,-0.11604
-0.61103,4.3284,-0.1497,0.93307,1.66,-0.055551,1.6615,-0.08119
-0.601,-2.285,-0.66435,-0.98233,-4.6157,-0.026736,0.80497,-0.018203
-0.39689,0.73573,-1.0974,0.2373,-2.6245,-0.079385,2.642,0.029986
4.4882,-0.95806,-2.4655,0.25024,-4.5437,-0.072403,1.0507,-0.024093
4.462,-3.8938,-2.0538,-0.81142,-1.6978,-0.0086646,0.38551,0.16569
-0.72069,1.9866,-0.63397,-0.74999,-1.435,-0.010693,1.979,0.056027
-0.85289,-0.88231,-1.1674,-0.35284,0.0058748,-0.070844,1.5017,0.1776
-0.72646,3.4112,-1.0785,0.073814,-0.36569,-0.0079138,2.8806,0.1204
-0.6699,-0.23697,-0.99124,0.29979,0.70561,-0.022167,-0.23577,0.031884
-0.65858,2.5637,-0.94236,0.59947,-0.19819,-0.10803,0.99049,-0.04736
-0.53685,-2.1225,1.228,0.6571,-1.7553,-0.053484,-1.6986,-0.10589
-0.6665,2.6651,1.0177,0.45518,2.1789,-0.065556,1.5095,-0.17336
-0.65011,-6.0144,0.36245,-0.16993,2.1657,-0.04579,-2.9722,-0.14595
-0.64883,2.6317,0.66692,-0.84463,3.0067,-0.010917,0.6248,-0.12239
-0.76177,-4.6986,0.81816,0.22473,-0.75168,-0.08726,-2.8036,-0.082796
-0.82601,2.5666,0.21423,0.24284,3.5538,0.11811,1.7764,-0.083526
-0.63351,-3.6325,2.5751,-0.051246,-4.8347,-0.096135,-2.8628,0.064229
-0.62758,-0.035728,-0.21249,-0.79908,0.4139,-0.051688,2.5296,0.19648
-0.35536,-0.29779,1.6954,-0.57271,-7.586,-0.04871,-0.66479,0.14491
-0.50851,-2.9425,-3.0401,-0.26736,-1.2118,-0.11658,-0.98501,0.14549
-0.62135,4.8054,1.3427,-0.79715,-2.4765,-0.051418,2.0873,0.055881
-0.61928,-6.4908,-1.9557,-0.41291,6.4062,0.38858,-3.7102,0.053788
-0.906,5.1788,2.1849,-0.14356,-2.0764,-0.25329,-1.2354,0.030619
-0.73965,-2.1933,-2.191,-0.24875,6.024,0.40318,-0.96437,-0.03412
4.452,6.0156,1.4974,0.2718,-3.0897,-0.22238,-0.44984,-0.061817
4.4173,-1.9366,-0.77486,-0.66188,3.8094,0.092302,0.22293,-0.13656
4.3889,4.2813,0.74781,0.0035925,-3.8442,-0.098124,1.7788,-0.090097
-0.59102,-6.3315,-0.12972,-0.66347,1.913,-0.083075,-0.83916,-0.13111
-0.65777,0.026296,-1.7204,-0.11165,-2.9907,-0.081298,1.8317,-0.032051
-0.68013,-4.7699,-3.1119,0.0088079,2.4799,-0.04131,-0.34358,-0.049745
-0.67455,3.3023,-1.968,0.26689,0.29983,-0.064388,2.133,0.066225
-0.94938,-4.8548,-1.3769,0.90859,-3.6161,-0.045437,-0.87725,0.23739
-0.79134,2.5339,-0.15732,0.34185,2.2074,-0.05763,1.2925,0.22449
-0.65257,-0.44878,0.1309,-0.16398,-5.1125,-0.085001,0.78453,0.28415
-0.64823,3.1796,-0.50504,0.76615,-0.9151,-0.055782,-0.99495,0.038407
-0.47343,2.3131,1.5314,0.25817,-3.3539,-0.13817,-0.097605,0.085987
-0.66471,-0.81948,1.017,1.119,-1.2421,-0.13056,-3.5629,0.0037983
-0.64027,4.024,2.4096,0.077379,2.9985,-0.0080036,0.95554,-0.074643
-0.63947,-2.575,2.3783,0.54064,3.8543,0.20274,-1.9827,-0.097253
-0.96024,3.5288,1.3789,-0.47441,3.4691,0.018513,0.003706,-0.13254
-0.65217,-1.3154,1.8944,-0.88125,0.24508,-0.080515,-1.1648,-0.125
-0.54968,3.9402,0.32795,0.15542,2.1696,-0.057296,2.6544,-0.12322
-0.61498,-2.2256,-0.54278,-1.4106,-6.9299,-0.00078393,-0.66018,-0.024531
-0.61907,2.5902,-0.043707,0.78466,-3.614,-0.099215,0.99856,-0.0028703
-0.35339,-2.0314,-1.4394,-0.15855,-7.611,-0.085989,0.23378,0.17606
4.4991,-3.1653,-2.3537,0.045354,-2.4907,-0.12452,-0.19273,0.012901
4.4714,1.9363,-0.39233,-0.63672,-5.7651,-0.12031,0.96718,0.19332
4.4275,-1.7775,-0.92369,-0.2372,1.9438,-0.2486,-0.94226,0.064083
-0.80076,5.1026,0.046185,-0.15343,-2.1967,-0.07986,0.17159,0.12332
-0.628,-1.9711,-1.9155,-0.56546,2.1153,-0.21007,-1.2713,0.075254
-0.67037,3.6013,-2.4942,0.15711,-1.787,-0.1225,1.2982,-0.023314
-0.67136,-3.3283,-0.071349,0.073011,0.78593,-0.034861,-1.3598,-0.069872
-0.47457,3.0128,1.1531,0.66082,-0.50444,-0.18471,1.0318,-0.15184
-0.60843,-4.2439,0.73052,0.64832,-0.623,-0.10611,-3.2392,-0.13607
-0.66119,1.2392,0.054163,-0.37622,1.9912,-0.2089,0.57541,-0.12429
-0.66201,-4.6646,3.2969,-0.25689,-0.3829,-0.068886,-4.7598,-0.091217
-0.873,3.0172,0.77643,0.032039,3.5994,0.015087,0.80974,-0.020442
-0.695,-2.7489,1.7504,-0.069789,-3.1253,-0.074585,-1.2928,-0.047238
-0.62185,0.066041,-2.7823,-0.3271,2.2546,-0.10659,2.2682,0.19144
-0.63346,-0.51859,0.64193,-0.15421,-6.8624,-0.021994,-1.9254,0.12709
-0.50949,-1.9712,-0.68077,-0.96646,-3.8666,-0.077377,-0.45844,0.15284
-0.50212,3.2572,2.752,-0.81448,-3.6679,0.034814,1.7303,0.14588
-0.63723,-5.5864,-0.96332,0.095299,5.1266,0.15512,-2.6395,0.027941
-0.6263,5.6873,0.85309,-0.04377,-1.6441,-0.08278,-0.77092,0.018279
-0.80302,-7.0438,-2.4527,-0.56942,6.8629,0.49582,-2.6309,-0.027135
-0.68683,4.8387,1.8313,0.22281,-0.61201,-0.12193,-1.4112,-0.11716
4.4728,-1.4908,-1.4289,-0.95563,5.8587,0.40451,0.056423,-0.093505
4.4406,3.7658,-0.088906,0.37313,-2.2226,-0.013324,0.9183,-0.11921
4.4175,-3.2965,-0.87526,-1.7702,2.4733,-0.013478,0.44999,-0.10889
-0.48796,2.014,-1.175,0.16907,-4.0579,-0.026999,1.0204,-0.084159
-0.68601,-4.9361,-1.5428,-0.0074742,1.5286,-0.021519,-0.10421,0.10497
-0.68246,2.3117,-2.3201,-0.021804,-1.0354,-0.031338,1.7569,0.028355
-0.68077,-3.2354,0.085423,0.81909,-2.0057,-0.062007,-1.0745,0.035413
-0.8279,3.5867,-0.66648,0.18874,2.0872,-0.063046,2.6244,0.24382
-0.64191,-1.8605,-0.81553,-0.087818,-3.5547,-0.025613,-0.22236,0.30255
-0.64812,2.7829,0.67225,-0.50315,0.32537,-0.040521,0.92821,0.22968
-0.6377,1.8477,1.0401,0.265,-4.2669,-0.020094,-0.14088,0.027966
-0.53599,-1.644,1.8348,0.41809,-2.2234,-0.065844,-2.895,0.0053803
-0.53573,3.949,2.8839,0.26944,-0.23643,-0.093241,-0.066061,-0.037892
-0.64247,-2.0638,1.6752,0.88871,2.4047,-0.058028,-3.4574,-0.11487
-0.64513,3.5409,2.989,-0.33678,2.712,-0.10473,-0.046243,-0.11877
-0.75949,-2.851,2.6455,-0.29809,4.3121,0.22276,-1.4235,-0.10589
-0.69248,3.0374,1.083,-0.32077,3.7674,0.066189,0.60995,-0.090925
-0.60546,-1.9445,1.7542,-0.44047,-3.2511,0.016415,-0.47855,-0.090852
-0.61267,2.4238,0.044939,0.64125,1.237,-0.060537,1.2713,0.048142
-0.36292,-2.944,-0.22975,-0.86318,-7.3928,-0.014485,-0.10477,0.05503
-0.39573,1.2522,-0.94932,0.35383,-3.3326,-0.083974,1.9503,0.16964
4.5029,0.40419,-1.1723,-0.044791,-6.1248,-0.078333,0.21116,0.13053
4.4661,-2.4146,-2.8356,0.24788,-0.53776,-0.03823,0.76056,0.18285
4.4244,1.3369,0.90635,-0.69328,-4.367,-0.10478,1.0059,0.12342
-0.88089,-1.9002,-2.2425,-0.26022,0.081139,-0.1917,-0.69417,0.04729
-0.75643,3.9742,-0.50067,-0.061426,-1.2868,-0.042042,0.74656,-0.04091
-0.67985,-1.5038,-0.89409,-0.20129,0.38863,-0.092278,-0.16324,-0.085376
-0.6753,2.3043,-0.69609,1.0275,-3.2352,-0.10426,0.08204,-0.066197
-0.52755,-3.2435,0.48662,0.53506,0.73791,-0.056777,-1.5548,-0.13683
-0.60816,0.31386,0.65453,0.16386,-0.73161,-0.11181,1.0945,-0.078464
-0.66978,-6.1536,1.1442,-0.071767,0.27326,-0.065665,-3.5057,0.0013158
-0.66135,1.9749,0.35352,0.017652,2.4537,-0.25981,0.62731,-0.060551
-0.837,-3.633,1.5467,-0.39452,-1.1899,-0.041856,-1.64,0.059264
-0.7321,3.9314,0.53202,0.36694,3.5382,-0.002215,1.7018,0.033417
-0.64118,-1.9894,1.9104,0.36637,-6.225,-0.015788,-2.738,0.21262
-0.62816,1.669,-0.33594,-0.32379,0.61097,-0.077165,1.5359,0.1047
-0.34501,0.81183,2.3636,-0.21608,-8.6202,-0.057181,-1.1962,0.14374
-0.60923,-2.5105,0.95386,-0.32001,-1.7007,-0.12042,-3.328,0.068075
-0.62639,4.0489,2.2135,-0.66888,-2.8915,-0.029618,0.4882,0.024145
-0.62619,-6.6281,-1.4874,-0.034906,6.4489,0.28964,-5.6531,-0.027476
-0.83719,5.4662,1.4168,0.96771,-1.9431,-0.25488,-2.1398,-0.077953
-0.63384,-3.9975,-2.2281,0.077032,7.0605,0.49261,-2.6789,-0.11886
-0.6032,3.6635,0.074219,0.32217,-1.3669,-0.12929,-0.12952,-0.12254
4.4555,-3.2261,-0.8212,-0.56309,3.2765,0.036271,0.056224,-0.081579
4.4345,3.5217,-0.50491,1.0458,-4.7004,-0.037659,-1.1544,-0.072258
-0.62243,-4.6444,-1.2396,-1.3536,0.79944,-0.028302,-0.13113,0.062039
-0.62902,0.47207,-3.1304,0.69597,-4.5089,-0.036042,0.21369,0.09672
-0.68465,-4.8938,-2.0905,0.51943,-1.5171,-0.034315,-2.3268,0.1149
-0.763,3.9686,-0.24391,0.52399,-0.71442,-0.021025,2.3289,0.084284
-0.89266,-2.5037,-1.6597,0.057538,-2.4327,0.0027714,-1.1712,0.31493
-0.6412,4.7113,-0.0080276,0.21934,-1.3443,0.014381,2.3417,0.15056
-0.65497,0.43317,0.99245,-0.43221,-3.5412,0.0039201,0.011258,0.046998
-0.65828,2.7074,1.6779,1.3948,-1.6769,0.0031885,-0.90322,-0.038501
-0.54776,1.9936,2.6075,0.91271,-3.7356,-0.099466,-0.86906,-0.074862
-0.65813,-2.9178,2.2951,0.98839,-0.5309,-0.033147,-3.4745,-0.12697
-0.63781,4.0952,2.2483,0.11631,2.6887,-0.11752,0.27504,-0.14035
-0.6349,-4.2667,2.779,0.0064764,3.1026,0.078434,-3.2796,-0.10324
-0.80083,3.857,-0.6495,-0.31913,3.5425,-0.052791,0.86753,-0.13137
-0.71136,-4.298,0.93071,-0.71279,-2.4999,-0.010359,-1.4433,0.0067919
-0.61765,2.2008,-1.6057,-0.48483,2.1038,0.0023478,1.807,0.065641
-0.61944,-1.4709,0.014033,-0.19876,-8.8605,-0.035528,-1.1926,-0.014674
-0.41447,3.3909,-1.2579,-0.075756,-4.9421,0.010216,3.4394,0.069705
-0.53851,-0.90965,-0.80361,-0.50816,-8.198,0.015196,0.54986,0.14856
-0.62326,-1.9663,-2.3807,0.24365,0.79951,-0.062995,-0.54872,0.15009
4.4711,3.148,-0.48431,-0.4948,-3.6082,-0.068553,0.57667,0.048969
4.4287,-2.502,-2.6341,0.031333,3.6919,-0.0069704,-2.9988,0.072285
-0.32412,4.9885,0.030786,0.23967,-1.7122,-0.11648,-0.028288,-0.035824
-0.6611,-2.8119,-2.3609,-0.61078,3.4454,0.019393,-1.6983,-0.10078
-0.6755,3.119,-0.99742,0.44434,-3.1656,-0.070427,-0.61902,-0.10808
-0.7361,-4.5706,-1.0527,0.33324,2.3199,-0.0888,-2.4296,-0.10677
-0.55298,1.406,1.6866,0.31551,-2.0872,-0.12779,0.39457,-0.060624
-0.67072,-7.521,-0.2327,0.58612,2.72,-0.0082667,-2.5208,0.0087389
-0.66086,0.41334,-0.2663,-0.32617,2.3107,-0.22518,1.0848,0.13812
-0.66638,-4.0654,0.72603,0.10918,-0.78506,0.0088231,-2.4166,-0.0039412
-0.81575,3.675,0.98396,-0.073097,2.403,-0.12089,1.491,0.14771
-0.59748,-2.8099,2.0663,0.43786,-4.9732,0.036874,-2.1216,0.19295
-0.63288,2.5322,-1.1522,0.28287,1.6477,0.027999,0.27789,0.092315
-0.63146,1.8239,1.9104,0.39131,-6.4512,0.031599,-0.71415,0.020397
-0.49188,-1.7024,0.046814,-0.25341,-1.9395,-0.053131,-1.6035,0.06547
-0.60581,4.0177,2.1567,-0.30875,-3.7869,0.00068567,0.67567,-0.0071051
-0.62586,-3.1982,-1.3466,0.38755,6.2054,0.2665,-4.3067,-0.064932
-0.62419,4.9935,0.44665,0.92428,-0.76129,-0.15801,-1.9562,-0.064494
-0.82128,-5.0107,-1.6299,0.11949,7.3137,0.46943,-2.9256,-0.11891
-0.65625,4.3847,0.34004,0.58953,0.73852,-0.099787,-0.59749,-0.14318
-0.59861,-3.2435,-0.037045,-0.72798,2.2704,-0.033154,-1.3385,-0.092044
4.4868,3.5774,-1.0944,0.7872,-2.8022,0.0053512,1.5877,-0.076906
4.4815,-4.0538,-2.0135,-1.2696,-0.09644,0.0042474,1.2227,0.25711
4.439,-0.048739,-2.5698,-0.26088,-3.2291,0.016332,0.74875,0.12369
-0.70871,-4.0341,-2.8258,0.10784,-2.3311,-0.043865,-0.23221,0.1387
-0.68677,2.5292,-1.2989,0.50063,-2.9809,-0.055641,1.5865,0.1582
-0.83043,-0.26048,-0.82838,0.68195,-2.4145,-0.0038258,0.60169,0.052133
-0.82606,4.5035,-0.37557,0.74557,-2.1956,-0.032056,1.5457,0.10962
-0.6973,-1.9558,0.71566,-0.52462,-3.179,0.017159,0.20676,0.047533
-0.65523,1.5024,1.6728,0.49129,-2.2576,0.034974,-0.91853,-0.049623
-0.64077,1.7878,1.4502,0.54793,-1.7884,-0.0082603,0.68964,-0.077928
-0.54063,-2.7673,1.1106,0.59117,0.58996,0.0060507,-1.9186,-0.13322
-0.69165,2.5045,1.136,0.57555,1.1845,-0.090757,0.38882,-0.15099
-0.64339,-4.4562,1.8549,0.14684,3.5716,0.099849,-4.0007,-0.10533
-0.64958,5.1007,-0.49682,-0.62173,4.7313,0.10983,1.5207,-0.03799
-0.81269,-5.2026,2.2745,-0.71682,-0.44599,0.021979,-2.0766,0.029377
-0.67704,2.5047,-1.035,0.023336,3.9758,0.072805,1.0888,0.08185
-0.61751,-2.9902,0.94209,-0.1144,-6.6179,0.019399,-1.5393,0.12773
-0.60667,3.0542,-1.8406,-0.44316,-2.7075,-0.0059051,2.8417,-0.015331
-0.38477,0.63814,0.019043,-0.25646,-8.0075,0.046064,-0.40778,0.11402
-0.55299,0.87887,-1.6925,0.31643,0.15816,-0.024978,1.0395,0.14282
-0.61585,1.4415,-1.0508,-0.52195,-3.331,-0.029618,1.218,0.065957
4.4711,-4.0614,-2.1096,-0.68581,5.2787,0.16447,-3.5765,-0.011072
4.4328,4.4172,-0.25804,0.7002,-1.3786,-0.061551,-0.072791,-0.0606
4.401,-3.105,-1.8614,-0.60732,5.6861,0.22032,-1.9584,-0.10601
-0.67841,4.5211,0.37903,0.30845,-1.8616,-0.03067,-0.9085,-0.14006
-0.67191,-6.048,-1.5444,-0.19715,5.5544,0.21949,-2.1695,-0.1534
-0.65228,3.0131,0.67567,-0.063174,-1.5225,-0.11473,1.0006,-0.10214
-0.51221,-5.9324,-0.34672,0.23911,4.3444,0.16542,-2.6849,-0.0085653
-0.7415,1.9614,-0.40656,-0.17298,2.7534,-0.23831,0.092964,0.12585
-0.66944,-7.7341,1.4208,-0.32882,0.14927,-0.029348,-2.0435,0.10198
-0.70758,2.2044,0.56836,0.063621,3.3095,-0.097232,1.2727,0.20089
-0.83116,-2.1537,2.1462,0.64306,-2.104,0.023436,-2.4312,0.14802
-0.64181,4.2543,-0.20027,0.72567,3.8418,0.11688,1.2997,0.16903
-0.63645,0.81903,1.2388,0.51842,-6.085,-0.012393,-0.6725,0.029158
-0.63721,1.2277,0.96324,-0.22562,0.25357,-0.045854,0.54329,-0.013214
-0.47915,3.4379,1.6374,0.40143,-4.0816,0.035468,0.31896,-0.025578
-0.58508,-2.7877,-0.12762,0.33557,3.4842,-0.12293,-3.1894,-0.075495
-0.62882,3.8015,0.24626,-0.60153,-1.4871,-0.12369,-0.53316,-0.12843
-0.62985,-3.3864,-1.3436,0.44839,7.8637,0.55477,-4.72,-0.068558
-0.84837,4.4576,0.85327,0.20806,1.6231,-0.16505,-1.6103,-0.12286
-0.63304,-5.6929,-1.3204,-0.75931,5.4778,0.33636,0.91893,-0.11361
-0.6025,1.8718,-0.36399,0.47111,-0.95069,-0.06587,1.408,0.035365
4.4787,-0.52804,-1.3746,-1.1027,2.8047,0.041385,2.0801,-0.064177
4.4889,1.9161,-2.071,0.5091,-1.6638,-0.07522,1.8531,0.1342
4.4524,-3.233,-1.5959,-0.98616,-1.0729,-0.034469,-0.29124,0.16961
-0.69369,0.51406,-1.8416,-0.3464,-1.8716,0.038241,1.8815,0.18765
-0.68502,-0.77438,-2.5983,0.47716,-0.61664,-0.05625,1.2244,0.14484
-0.80337,5.1578,-0.60486,1.0271,-2.0111,-0.05421,1.6013,0.047582
-0.7386,-0.55778,0.0072102,0.6035,-1.7934,-0.012387,0.74545,0.029718
-0.6534,4.4817,1.4696,1.0638,-1.0258,-0.017027,1.7413,-0.071162
-0.64837,0.38263,0.81645,0.067693,-0.88576,0.018539,-0.47866,-0.10419
-0.4722,1.9683,0.083489,0.17223,1.9392,0.039364,0.80002,-0.15897
-0.57373,1.0541,2.0383,0.58791,-0.41649,0.016839,1.4828,-0.15858
-0.62162,-5.3216,-0.13481,0.79906,0.3176,-0.00075185,-3.3178,-0.12062
-0.64118,3.0189,0.64607,0.63865,3.2591,-0.016224,1.2586,-0.052008
-0.67234,-4.1675,0.45655,-0.26171,3.6927,0.095626,-4.8662,-0.0033327
-0.76163,3.2255,0.039401,-0.42679,4.3483,0.052366,0.53912,0.11378
-0.5693,-3.5222,1.5898,-0.79078,-0.60642,-0.048537,-1.5978,0.10521
-0.61214,2.5298,-1.0564,-0.40345,3.1294,0.04736,0.71324,0.14116
-0.61602,0.47208,0.88527,0.12709,-6.9453,-0.009839,-0.4483,-0.03597
-0.48322,4.1908,0.76836,0.22697,-2.7203,0.011056,3.3292,0.12412
-0.55553,0.53472,0.88363,0.45882,-6.0072,-0.0049232,0.015708,0.048239
-0.60484,-1.005,-0.72657,0.40552,3.7255,0.043015,-0.84045,-0.0060585
4.4607,2.8115,0.21639,-0.62456,-2.0715,-0.057932,0.69909,-0.040375
4.4393,-5.9452,-0.56926,-0.43815,5.2224,0.17718,-1.8851,-0.1231
4.4124,3.3973,0.078999,0.73152,-1.0086,-0.077922,0.56341,-0.15647
-0.67627,-4.0913,-2.9122,-0.78159,6.2933,0.26326,-2.0911,-0.13111
-0.67599,2.7748,-0.51456,0.31381,-1.5383,-0.064978,-0.093797,-0.075543
-0.52122,-6.3129,-1.296,0.27949,5.232,0.22378,-2.8104,-0.053639
-0.61762,2.9351,0.70902,-0.4729,-0.45918,-0.11799,1.1864,0.021103
-0.67988,-5.259,0.20035,0.84187,2.9633,0.047681,-2.4936,0.12332
-0.66174,0.6114,-0.6162,-0.37127,3.4561,-0.04441,-0.16885,0.3446
-0.75483,-5.514,1.05,0.18994,-1.2073,-0.018618,-1.9228,0.35387
-0.7229,5.2856,1.0174,0.69863,3.4169,-0.017245,1.7015,0.1214
-0.58706,-2.0363,2.997,-0.32175,-2.3297,-0.031107,-2.7793,0.12096
-0.63801,3.9949,1.3587,0.08059,3.1381,0.052545,2.0048,-0.0028703
-0.51817,1.1413,1.8272,0.66541,-4.5021,-0.064837,-0.56923,-0.043149
-0.56719,0.35115,-0.0039483,-0.82953,-1.5666,-0.01781,-1.1975,-0.08596
-0.60048,1.8606,1.7469,-0.24966,-3.737,-0.029111,0.32988,-0.12057
-0.62222,-5.1213,0.34148,0.42931,6.1486,0.24018,-4.3082,-0.13556
-0.70058,4.4303,1.3001,-0.4268,-0.53869,-0.15237,-0.32594,-0.089172
-0.81205,-4.7677,-2.3104,0.62468,7.3241,0.49706,-2.6878,-0.1046
-0.61577,3.9269,0.17407,-0.063045,1.8877,-0.1793,-0.86882,-0.068607
-0.59992,-4.4328,-1.4931,-1.6396,2.5125,0.045249,1.2316,0.054202
-0.59458,4.2986,-1.1146,0.15926,-0.91888,-0.022995,1.7502,0.0049422
4.4951,0.55525,-0.19802,-0.80926,-1.5838,0.02771,0.84693,0.1075
4.4615,1.6237,-0.82282,0.60639,-1.6897,-0.0043713,1.144,0.17867
-0.68018,-2.0001,-2.499,0.19577,-3.8552,-0.022353,-0.071924,0.20502
-0.67303,2.3167,-1.1883,0.16056,-2.8331,-0.065106,2.5637,0.071093
-0.85507,0.65533,-0.33195,0.17792,-1.5882,-0.012656,1.349,0.023025
-0.67655,3.6095,1.4717,0.47666,-3.7834,-0.016411,1.7994,-0.037625
-0.65687,-0.41838,0.2067,-0.46826,1.2852,0.027363,1.3986,-0.13868
-0.65432,2.4267,-1.2015,0.60295,1.4817,-0.019485,2.4942,-0.12551
-0.46765,0.63165,-0.00090976,0.65557,-2.0892,-0.07685,0.6124,-0.13627
-0.59482,-5.77,0.41083,0.081836,-0.071618,-0.043114,-1.707,-0.11312
-0.64835,0.93248,1.5653,0.51525,1.2169,-0.052098,1.2871,-0.033341
-0.64036,-6.0147,2.0628,0.98169,3.8135,0.17023,-0.77144,-0.0077135
-0.88036,3.2299,0.51496,-0.43616,3.3465,-0.036472,-0.011951,0.04948
-0.72881,-3.1244,3.4655,-0.30297,2.2113,0.041899,-0.38843,0.19259
-0.62994,2.3656,0.31743,-0.35058,4.1794,0.17947,0.080537,0.23596
-0.61712,-0.71839,0.5826,0.14745,-6.9281,0.0078027,-1.3627,0.21651
-0.61568,3.9385,0.99185,-0.28548,-0.52276,-0.026807,3.8602,0.059483
-0.47239,1.672,-0.53062,0.2375,-8.0852,0.02092,0.10359,0.021103
-0.65935,1.6907,-0.98933,0.78376,0.34449,-0.19566,-1.2506,-0.010683
-0.60538,0.74147,-0.51905,-0.76693,-4.231,-0.077916,0.48323,-0.074862
-0.60615,-4.915,-0.77635,-1.0696,5.2776,0.16875,-2.0438,-0.07143
4.4614,3.6123,-0.44144,0.67312,-2.5501,-0.094377,0.41758,-0.099686
4.4361,-4.1617,-2.3585,-0.1651,6.3002,0.21155,-2.266,-0.13064
-0.60915,3.6513,-1.0117,0.6698,-1.9456,-0.1521,-1.2589,-0.069507
-0.66859,-4.8295,-1.6727,-0.3208,4.7489,0.18008,-1.8479,-0.0098066
-0.51769,2.8698,-0.14736,-0.067104,-2.6469,-0.14232,-0.23793,0.03444
-0.59325,-5.6914,-0.23603,-0.20492,4.2413,0.15774,-1.0424,0.054178
-0.67776,1.072,0.087613,-1.1226,2.6298,-0.095699,1.4474,0.37488
-0.66411,-5.7333,0.37417,-0.15015,1.6471,-0.069624,-2.1678,0.14746
-0.86751,3.4538,-0.031135,-0.014321,3.1412,-0.13049,1.7503,0.22851
-0.6419,-1.2063,2.3601,0.43843,-3.5954,0.020554,-1.4939,0.11982
-0.63891,5.6301,0.88463,0.95353,3.1854,0.021414,0.58512,0.03865
-0.6295,-0.093642,1.8271,-0.13336,-2.5543,-0.016327,-0.1538,-0.051862
-0.55164,1.5557,-0.41413,-0.4707,-1.4265,-0.031626,0.63383,-0.078585
-0.60508,0.98292,2.6631,0.32677,-0.94421,-0.0045318,0.68067,-0.13293
-0.74949,-2.9036,-0.001141,0.32325,2.9583,0.0017061,-2.9947,-0.12624
-0.62768,1.3256,2.633,-0.56232,1.9598,-0.094755,0.10823,-0.10465
-0.7686,-3.505,-1.2698,0.48566,7.6038,0.62592,-2.658,-0.076395
-0.66144,4.9266,0.79822,0.56117,3.1991,-0.068148,-1.2824,-0.074959
-0.54707,-5.3928,-0.58386,-1.1924,3.6886,0.16332,1.5189,-0.026721
-0.59777,3.8114,-1.3775,0.45801,1.7657,0.014624,1.6368,0.069705
-0.6008,1.1553,0.13173,-0.81251,-1.0405,0.011563,0.91156,0.043761
4.5023,4.058,-1.1243,0.69914,-1.172,0.0065384,2.6091,0.10913
4.4686,-2.7118,-2.2341,-0.29263,-3.2451,-0.063656,1.2346,0.29062
4.4208,0.15841,-1.6227,-0.18717,-2.3894,-0.011013,2.4876,0.08477
-0.68563,1.1672,-0.11223,0.77237,-1.3615,-0.035984,1.8248,-0.014747
-0.73956,3.258,0.79931,0.5062,-1.2838,0.0050881,1.1631,-0.052958
-0.6868,2.3493,1.0785,0.20289,0.16218,0.00091028,1.2973,-0.078196
-0.65685,1.8188,0.44175,0.50737,-1.5143,0.017467,1.9866,-0.12969
-0.65639,0.26045,-0.67385,0.6668,0.83378,-0.007471,1.8627,-0.08265
-0.31986,-2.7937,-0.098478,0.19325,1.289,-0.035522,0.33208,-0.095257
-0.47664,-0.32738,1.8253,0.25046,0.26411,-0.079244,2.1154,-0.075178
-0.65568,-6.8972,0.16461,-0.080181,4.7922,0.26767,-0.83874,0.023123
-0.65034,1.9636,0.49634,0.1699,4.2206,0.14346,1.4537,0.099373
-0.82914,-3.0035,1.3365,0.0013188,2.8657,0.0539,-0.48756,0.040159
-0.70201,2.8836,0.83799,-0.1393,5.7226,0.41884,-0.061508,0.26188
-0.61356,-1.0213,2.8227,1.1607,-3.4655,-0.018535,-0.99663,0.14778
-0.61446,1.1655,0.29429,0.39861,3.9777,0.20568,3.7421,0.083432
-0.63664,1.8693,1.8463,0.65737,-7.7174,-0.011296,-1.0634,0.03461
