tachometer_signal,underhang_bearing_axial,underhang_bearing_radial,underhang_bearing_tangential,overhang_bearing_axial,overhang_bearing_radial,overhang_bearing_tangential,microphone
-0.66556,0.69873,-0.24815,-0.21242,1.133,-0.04998,0.10914,-0.059991
-0.84758,0.61152,1.0264,-0.60479,-4.7337,0.015664,-0.96516,0.042788
-0.77925,-5.3398,-2.6477,-1.563,-1.7503,0.041225,-0.85187,0.043566
-0.63727,2.2821,-0.7585,-1.3073,4.7241,0.082252,0.34226,0.24044
4.453,5.1653,-0.3656,1.2958,-1.8111,0.0374,-0.11487,0.030035
4.426,-2.0612,0.98465,-2.2392,7.0404,0.28359,0.27883,0.17063
-0.55512,2.8936,-2.4071,-0.099681,-4.0325,0.011294,-1.4862,0.22922
-0.70971,-3.7285,-0.57717,-0.54288,5.2854,-0.20112,-2.4629,0.055176
-0.70554,2.9852,-1.36,0.26341,-2.4115,-0.007426,0.28314,-0.014212
-0.83785,-0.63092,0.16496,0.87054,-3.8421,-0.059068,1.3083,-0.1306
-0.70874,-2.9684,-0.48813,1.0844,-0.85436,0.049581,-1.0524,-0.1691
-0.6614,0.076002,0.88419,0.98155,-0.36007,-0.029297,1.5026,-0.16774
-0.67056,-4.0939,-0.44019,0.60323,1.0667,0.043349,1.1708,-0.13125
-0.60708,1.1029,-0.50615,-0.41902,3.0464,-0.045052,1.8742,-0.057363
-0.39279,-0.56498,0.36859,-0.24932,-3.0604,0.059162,-1.6359,-0.070943
-0.70129,-1.4016,1.2174,0.18916,1.4828,-0.082151,-0.029964,0.13975
-0.66969,-0.12475,1.3147,0.92273,4.3699,-0.07807,0.54115,0.092486
-0.75762,-1.0172,3.6637,-0.34953,-3.0585,0.06479,-0.87369,0.045927
-0.78791,1.0898,2.1702,-0.093104,0.38068,-0.055365,0.91825,0.048264
-0.56474,2.4921,1.8173,-0.74751,-2.6293,0.0090284,0.14334,0.11977
-0.63355,-4.5299,-1.7175,-0.93574,-0.28645,0.058629,0.16916,0.030594
-0.6427,4.3282,0.025255,-1.2315,4.1678,0.043741,1.0444,-0.013579
4.4205,5.4758,0.24188,1.505,-2.5016,0.043651,-0.22797,-0.073937
4.3879,-2.8717,-0.19597,-1.9552,7.3001,0.33206,-1.3453,-0.13279
-0.70494,2.0538,-1.7587,-0.23026,-4.7861,0.034981,-0.87455,-0.17199
-0.70934,-5.3168,0.098361,-0.39178,4.9134,-0.29652,-1.4989,-0.113
-0.76788,2.2995,-2.0064,0.39795,-1.5514,0.015452,1.4889,-0.11938
-0.74397,-2.0249,-0.58735,1.409,-2.5192,-0.0052762,1.7411,-0.014309
-0.66784,-7.1443,-1.742,0.75721,-1.4806,-0.037203,-1.6392,0.28415
-0.67514,-0.027932,1.0643,0.83342,0.27958,-0.058522,0.61351,0.17896
-0.39357,-1.3387,-1.9884,-1.0575,1.9084,0.039845,0.2913,0.1379
-0.53482,1.4378,-0.90712,-0.79554,2.1213,0.0021809,2.963,0.21766
-0.68178,0.95198,-2.1999,-0.33715,-2.6956,0.034416,-0.25074,0.20855
-0.66895,0.95767,-0.51194,-0.29,1.69,-0.041811,-0.34591,0.12454
-0.84503,2.3544,2.7934,-0.36051,2.2652,0.0001466,0.22586,0.040256
-0.72392,0.3031,2.4561,-0.69108,-4.4246,0.024308,-0.054399,-0.047044
-0.71048,0.89733,1.0306,1.0835,0.94078,-0.044461,0.41018,-0.082504
-0.63871,2.133,0.43665,-0.66091,-0.33683,0.035809,0.98024,-0.097958
-0.62466,-3.6569,-0.10637,-1.4921,-0.20272,0.0052164,0.28858,-0.10451
4.4523,2.3939,-1.3442,-1.9251,5.4081,0.13011,1.7767,-0.12884
4.4345,1.8699,-1.1166,1.3472,-3.8923,-0.0051992,-0.77681,-0.043101
4.3952,-4.488,-1.4302,-0.6779,7.2943,0.23688,-0.75419,-0.021051
-0.70516,2.2421,0.50401,-0.45029,-4.8352,0.052013,-2.3625,0.020494
-0.83205,-4.3017,-0.13394,-0.54623,2.6945,-0.16913,-0.51213,0.12524
-0.6625,2.2831,-1.9911,-0.29078,-1.7669,0.04478,3.0665,0.17192
-0.67674,2.0841,-1.4951,2.7775,-1.8845,0.0088808,3.8172,0.23898
-0.66627,-3.1552,-0.75053,-0.60588,-0.13746,0.0075781,-0.6942,0.072577
-0.4312,2.5552,0.58808,-0.29168,1.3626,-0.0027926,1.7363,0.088226
-0.60707,-0.89048,-1.5146,1.2413,1.9196,0.012327,1.6311,0.0067675
-0.6671,2.5326,3.3749,0.60743,0.67389,-0.0493,0.85507,-0.049818
-0.66727,-0.71143,-0.14921,0.98986,-1.3868,0.050723,-0.91285,-0.13128
-0.76162,1.668,0.92806,0.69044,0.92057,0.0053063,-1.0854,-0.14736
-0.68262,0.066857,0.43281,0.49072,4.1782,-0.11949,0.50776,-0.13415
-0.63041,-0.7683,0.52298,-0.27921,-4.5809,0.0082198,-1.5795,-0.086325
-0.63667,-2.4467,-0.32469,0.71253,0.45002,-0.046066,-1.1036,-0.001483
-0.39108,2.0151,-0.050889,-1.0513,0.15312,0.084979,0.61418,0.013387
-0.45975,-2.0741,-0.45059,-1.5844,0.086893,0.050389,0.74342,0.1554
4.4577,0.74172,-2.7938,-1.6362,4.9967,0.097956,2.001,0.051914
4.4318,2.6672,-3.0621,1.122,-2.5725,0.020991,-0.72244,0.21622
-0.68413,-1.6657,-1.3234,-0.29746,6.7073,0.1279,0.41131,0.26747
-0.853,3.1873,0.94845,-0.63579,-4.0593,-0.036594,0.2517,0.12868
-0.74117,-2.1171,1.7223,-0.37594,0.74108,-0.13761,1.8279,0.0087389
-0.68668,2.1014,-0.88115,0.30991,-0.69777,0.062871,2.5442,-0.074132
-0.68252,2.8334,-0.70198,2.9104,-1.1131,0.00088461,1.8194,-0.082479
-0.52951,-2.9353,-0.325,0.28411,-0.15188,-0.00076468,-0.40217,-0.18613
-0.61441,0.30874,0.84042,-0.11039,2.1527,-0.061545,0.81576,-0.17102
-0.67081,-2.4435,1.1314,-0.10172,0.9352,0.041899,1.2744,-0.15304
-0.66854,1.4814,4.0206,0.0027254,2.3942,-0.027981,-0.38412,-0.081701
-0.80829,-1.1654,0.45868,0.7523,-1.3066,0.069757,0.96305,0.017793
-0.68676,-0.48967,0.43942,0.32948,0.94037,0.014875,0.41817,0.096745
-0.64758,0.36023,0.98912,0.32497,4.2145,-0.072371,-0.93366,0.14501
-0.64075,0.73302,2.4002,-0.21486,-3.4442,0.025855,-0.76764,0.0029221
-0.52556,-1.0372,-0.7454,0.84821,-0.32691,0.0058068,-0.20659,0.11899
-0.50314,3.4505,0.56642,-0.71451,-0.15772,0.046481,-0.67938,0.088518
-0.63253,3.461,0.037583,-0.047174,0.17643,0.065586,1.0919,0.073064
4.4237,-2.4652,-1.9378,-2.244,3.3587,-0.0039863,1.4242,-0.0098553
4.3885,2.534,-2.5439,0.58924,-2.2117,-0.033847,-0.64434,-0.083721
-0.73922,-1.8569,-1.2689,-0.57112,6.9303,0.081411,-1.6299,-0.13836
-0.66017,2.5611,-1.2691,-0.51421,-3.1372,0.026445,0.85413,-0.15313
-0.68628,-2.9791,0.61846,-0.80263,-0.12496,-0.21405,0.82524,-0.10482
-0.57142,0.40756,-1.5269,-0.14904,-0.70365,-0.010442,2.4665,-0.14639
-0.6007,0.51261,-1.3804,2.6446,-1.1938,-0.054684,2.2794,0.1288
-0.62734,-4.8546,-2.4465,-0.33065,-0.088913,-0.0025616,-3.0939,0.15233
-0.6794,1.0495,-0.23627,-0.037347,0.65293,-0.019209,0.9844,0.021565
-0.88837,-1.8324,1.8144,-0.058144,-0.48835,0.0097793,-0.99703,0.15034
-0.81784,1.5088,1.4482,0.064359,3.2434,-0.072217,1.4604,0.183
-0.61979,0.22932,0.88931,0.78464,-1.3138,-0.0090368,0.25277,0.17268
-0.64868,1.4819,1.6642,-0.52937,0.26562,0.040057,-0.13959,0.07394
-0.65218,2.0884,0.6841,0.30108,4.0353,-0.13915,0.35926,-0.020953
-0.54036,1.323,2.3535,0.099852,-4.9063,0.0067053,-0.66419,-0.038282
-0.61573,-2.5803,-0.96919,1.0241,-0.98578,-0.040694,-0.41172,-0.077466
-0.63305,3.8617,1.0348,-1.0657,-2.7702,0.066677,0.78985,-0.15381
4.4304,3.414,0.75549,1.5583,-1.3227,0.070842,-0.039141,-0.094575
4.4214,-3.8557,-0.69908,-1.7757,1.0726,0.0076807,0.53772,-0.12546
4.4038,0.029725,-2.5252,0.14867,-2.0643,0.018327,-0.59796,-0.077003
-0.69312,-4.9785,-2.4433,-0.76473,6.861,0.13837,-1.5957,0.02928
-0.6958,1.9288,-2.4204,-0.47432,-2.756,0.010357,-0.36406,0.012438
-0.50237,-3.3296,-1.0233,-0.31335,0.50699,-0.082248,0.66538,0.14128
-0.62749,0.13125,-2.3375,-0.13139,0.1249,0.064219,2.9528,0.273
-0.6877,1.5265,-0.17625,2.3768,-0.93285,-0.0066944,2.45,0.21215
-0.67791,-2.6643,-0.97834,-0.089379,0.18789,-0.02431,-2.0541,0.13357
-0.88985,2.2137,0.074251,-0.10445,0.19196,-0.031434,1.3314,0.07742
-0.75308,-0.15184,0.62239,0.36319,-2.1043,-0.0039028,-0.24178,-0.0058152
-0.6837,1.6628,2.9505,0.036279,3.7294,0.0020141,0.82827,-0.086398
-0.65648,0.17002,3.1425,0.17586,-0.94312,0.059541,-0.51229,-0.14695
-0.60667,0.24757,0.7104,-0.23641,-0.50056,0.013521,0.39694,-0.13678
-0.56183,1.1419,0.45838,-0.30203,4.104,-0.066037,-0.87537,-0.14517
-0.6381,0.24598,1.273,-0.83107,-5.1112,0.0014429,-0.074583,-0.13079
-0.63985,-4.4212,-0.71355,-0.57339,0.74953,-0.037004,0.08466,-0.05213
-0.6444,2.8784,-0.87135,-1.0703,-4.3061,0.012025,1.7865,0.01643
4.4703,3.9061,-0.77617,1.6612,-0.56457,0.060753,1.6335,-0.003065
4.4494,-5.4586,-1.6653,-1.4166,-0.10633,0.054407,1.2472,0.36935
-0.71449,1.2191,-1.5129,-0.051182,-1.7037,0.061479,-0.69663,0.25565
-0.68993,-2.2678,-2.4614,-0.43634,7.5203,0.28606,-1.1498,0.035681
-0.492,3.8764,-2.0122,0.10086,-3.786,-0.063277,-0.25504,0.035389
-0.68977,-0.66063,0.44816,-0.069558,0.67837,-0.056372,-0.17082,0.015748
-0.68085,2.2797,-0.5426,-0.63755,1.9231,0.012475,2.9656,-0.072258
-0.67845,1.2965,2.0679,2.2268,-0.040225,-0.016385,2.2883,-0.12553
-0.99182,-2.8025,-0.6815,0.70323,0.91686,-0.0028375,0.5094,-0.15053
-0.69123,0.10108,1.7805,1.4479,-0.69383,0.0087653,1.2332,-0.16966
-0.63605,-1.136,0.19897,1.2405,0.1254,0.0011349,-4.4042,-0.12208
-0.65535,-0.40794,2.7237,-0.76625,4.4097,-0.022321,0.20553,-0.062741
-0.48624,0.64516,0.98339,-0.53078,-0.22384,0.0362,0.19708,0.048166
-0.5531,-2.1299,-2.4892,-0.33901,1.0698,-0.068707,-2.0028,0.19821
-0.68257,2.4689,-2.8042,-0.47285,5.0258,0.038453,-1.3736,0.010491
-0.64756,0.59254,2.3839,-1.0569,-4.441,0.048137,-0.81411,0.1699
-0.8108,-4.0199,0.14292,-1.0438,1.8303,0.020028,1.414,0.15323
-0.74261,4.5319,-0.10395,-1.2842,-3.867,0.033004,-0.19766,0.13734
4.4423,4.2014,-0.96678,1.6361,1.0336,0.019373,0.062017,0.059775
4.4025,-1.1631,1.0152,-1.2232,1.2646,0.044479,0.32966,-0.027257
-0.70853,1.8739,-0.676,0.73558,-1.9548,0.025271,0.36605,-0.073085
-0.49494,-4.3108,-2.1877,-1.0293,7.5291,0.32089,-0.76548,-0.12809
-0.74003,2.8152,-1.4258,-0.091698,-1.8049,-0.031607,-0.33416,-0.11884
-0.68123,-4.1354,0.053945,-0.85411,0.80133,-0.031556,0.95524,-0.12427
-0.68117,0.91563,-0.68848,0.52045,2.3255,0.0073406,3.0961,-0.037089
-0.73111,-0.58385,0.1525,1.8355,-1.564,-0.01496,2.5853,0.16192
-0.70582,-3.6867,0.91189,0.9515,1.4077,0.0075652,-0.60472,0.040427
-0.66001,-0.085672,0.32107,0.52211,1.0823,-0.051193,0.94161,0.1736
-0.64848,-0.063394,0.44527,0.46196,0.31522,0.0079695,-0.097323,0.05464
-0.40661,0.91274,2.2263,-0.41019,4.4276,0.036482,-0.25897,0.19638
-0.61307,1.6725,0.91917,1.0605,1.5224,0.047495,-0.21566,0.13912
-0.65124,-0.10384,-0.97526,-0.32823,-0.35405,-0.029175,-2.212,0.088494
-0.64741,3.4045,-1.5635,-0.26493,6.0965,0.10989,-2.1335,0.01071
-0.85663,2.7665,2.1735,-0.40418,-5.6489,0.060279,1.8297,-0.044975
-0.63242,-7.033,0.94372,-1.1203,2.158,-0.015416,1.6866,-0.096961
4.4422,3.7104,0.080412,-1.6273,-1.9844,0.026997,2.0167,-0.13055
4.4248,1.994,-0.98783,1.5806,0.18262,0.03312,0.61916,-0.14235
4.4007,-1.468,0.12022,-0.61927,2.2501,0.059476,0.32152,-0.101
-0.55348,0.77599,-2.0855,-0.41325,-2.2438,0.051044,0.88461,-0.076346
-0.76081,-6.3517,-0.92785,-2.0128,7.0992,0.26391,-1.3459,0.011854
-0.69545,2.0244,-1.7298,-0.25131,-1.5759,0.038048,-0.08455,0.062234
-0.94303,-2.0532,-0.85991,-0.32554,-1.254,-0.023598,1.7438,0.21157
-0.74861,1.6857,-1.6136,0.17648,3.5353,0.062647,3.1783,0.20274
-0.60064,2.3681,0.49001,1.174,-1.0776,-0.057412,1.0356,0.30749
-0.66099,-2.1835,1.1966,0.92841,-0.1739,0.060548,-0.96688,0.078102
-0.66439,2.49,0.80634,0.94477,0.67533,0.0025852,0.24424,-0.024507
-0.49869,0.80182,0.60875,0.731,-1.0123,0.064405,0.54208,-0.022487
-0.69301,1.4199,4.0234,-0.2166,3.1224,-0.026679,0.70428,-0.10251
-0.65207,1.6917,1.5842,0.43504,2.9068,0.0092274,-0.53563,-0.14953
-0.65641,-0.11142,-0.90097,-0.68027,-2.0304,-0.066891,-0.37766,-0.10884
-0.87888,1.6359,-0.2966,0.30991,5.1686,-0.1162,-1.996,-0.12286
-0.67106,2.491,2.7371,-1.1012,-5.4351,0.038947,-0.28764,-0.11103
-0.62416,-11.552,-0.43642,-2.285,1.5067,-0.01969,0.8085,0.12335
4.4655,3.3524,-0.073521,-0.81471,-2.2817,0.04573,0.55979,-0.04293
4.4554,1.058,-1.2911,1.524,-0.14753,0.01954,0.65924,0.28987
-0.63398,-1.3821,-2.2152,-1.6239,4.2325,0.075835,1.7221,0.18782
-0.71563,2.8181,-1.4497,0.5573,-3.6665,-0.00055932,0.87112,0.16467
-0.70168,-3.8126,-0.51131,-0.48469,6.4326,0.16587,-0.18738,0.076934
-0.81572,3.8768,-0.031687,-0.19903,-0.87322,-0.042607,0.28151,0.085574
-0.72487,-0.56803,1.3255,-0.67479,-0.72259,-0.044474,1.8902,0.0093717
-0.67727,2.6465,-0.38765,0.59038,2.6276,0.032837,1.6399,-0.10436
-0.6681,2.3893,0.90303,1.7761,0.37058,-0.11974,1.1403,-0.13047
-0.47396,-1.1668,0.43084,0.24481,-0.035145,-0.034354,-1.3407,-0.15442
-0.52964,0.78258,0.27223,0.86726,1.6112,-0.0036975,1.6526,-0.1462
-0.68049,-2.0324,0.58224,-0.12163,-0.38201,0.024065,0.48704,-0.12081
-0.66018,-1.775,2.3531,0.14906,1.1436,-0.0084143,0.72507,-0.040302
-0.67325,0.33291,0.63307,0.56795,3.5681,-0.082613,-0.51889,0.018474
-0.83972,-0.24021,0.46697,-1.0121,-4.382,-0.010404,-1.7691,-0.021878
-0.60065,0.10922,-0.43259,-0.39894,4.4909,-0.046695,0.70881,0.18706
-0.62844,2.8416,1.3816,-0.9717,-3.8145,0.028281,0.70475,0.20305
-0.6242,-4.5431,-1.7509,-0.55388,0.49942,-0.0071308,0.83849,0.042715
4.4474,3.2615,1.6187,-0.84227,-4.8534,0.036129,0.73173,0.060919
4.4089,3.7277,1.3527,0.57635,-1.2462,-0.0062003,2.1292,0.069754
-0.70475,-0.92173,-2.2416,-1.7549,5.0482,0.15692,3.8693,-0.027038
-0.70551,3.0612,-2.0199,1.4093,-4.5414,-0.077056,0.45651,-0.079048
-0.99172,-5.9913,-1.4235,0.30511,4.5156,-0.12583,-1.1167,-0.10076
-0.68711,1.6375,0.23205,-1.2397,-0.48713,-0.0094219,1.5677,-0.19022
-0.66893,-1.7785,0.59149,0.34469,0.49449,-0.0227,2.0203,-0.096011
-0.67464,-2.0376,-0.28028,0.12549,0.84334,-0.017662,0.33125,0.010929
-0.41991,0.67268,1.4102,1.6954,-1.9577,-0.082376,1.6205,-0.020929
-0.53469,-2.4472,0.29236,0.52926,-0.64814,-0.010506,1.4157,0.15019
-0.67346,0.47681,-1.7314,0.31278,1.8008,-0.040483,1.3631,0.077956
-0.66975,-0.48424,-0.51494,0.59863,-1.3395,0.02357,-0.5258,0.20091
-0.76527,0.20836,2.0368,-0.061349,-0.6741,-0.061442,-0.23916,0.17679
-0.78025,2.2666,0.80497,1.0321,2.9104,-0.092811,-1.4109,0.12926
-0.67856,0.36912,1.194,-1.0023,-4.4882,0.037445,-1.1762,0.020153
-0.63581,1.4337,1.0536,0.14342,3.6778,-0.20145,-2.2422,-0.0054501
-0.62103,4.3606,2.6882,-0.2608,-4.8922,-0.0057318,-0.54263,-0.053517
4.5001,-3.7022,-0.66997,-1.4966,-1.0178,-0.067269,-0.96396,-0.10005
4.4156,1.6267,1.721,-0.7966,-6.1411,0.016993,-1.0835,-0.17616
4.3916,1.5108,1.2304,-0.043577,-1.6106,0.036508,1.7177,-0.17913
-0.6999,-2.9583,-2.6576,-1.104,4.0042,-0.0087031,3.4579,-0.070018
-0.81298,0.45439,-2.6245,1.3998,-4.9326,-0.095326,-0.77174,-0.037235
-0.73664,-6.2025,-2.2229,0.62983,3.0622,-0.25652,-1.656,0.034391
-0.67887,1.9775,-0.12291,-0.87534,0.11424,0.035468,1.5134,0.14997
-0.66507,-0.62993,-0.34422,-0.26976,0.67695,-0.0093385,2.7667,0.052036
-0.48799,-0.95572,0.23517,-0.1541,-1.6081,-0.015968,-0.48858,0.29089
-0.56298,1.3584,2.1619,1.6763,-0.9875,-0.079655,-0.0042379,0.26791
-0.67048,0.40692,1.1268,0.42778,-0.44489,-0.0011882,-1.1929,0.11763
-0.66924,1.5755,-0.26505,0.86438,1.2393,-0.0059885,1.4213,0.038358
-0.75417,1.692,1.3624,-0.32663,-2.7535,-0.024118,-1.7406,-0.043588
-0.66117,0.047906,1.714,-0.04413,-0.16012,-0.0064377,-0.84383,-0.1038
-0.64136,1.6028,1.0827,0.81256,3.5002,-0.15154,-2.3702,-0.14147
-0.63551,-0.9656,1.7411,-0.87313,-4.6342,-0.020197,-1.8251,-0.09292
-0.44193,-0.20048,-0.26589,0.10474,2.2896,-0.15282,-1.3509,-0.11361
-0.59439,2.6062,2.4058,-0.69344,-5.9852,0.027902,-0.1624,-0.024385
4.4669,-3.5968,-1.8791,-0.4755,0.41719,0.0022708,0.43939,-0.062425
4.4575,-1.8677,-0.60121,-0.59108,-6.8787,0.023339,-2.9541,0.25567
-0.46439,2.8534,1.426,-0.18647,-2.0971,0.062557,1.3893,0.13795
-0.77569,-1.9521,-1.0391,-0.5993,4.3162,0.041584,3.2985,0.17584
-0.64622,1.2531,-3.0154,0.62511,-3.6764,0.008284,0.81905,0.13856
-0.67495,-5.8043,-1.2105,-0.16766,1.8044,-0.082633,-1.1629,0.14077
-0.67918,4.1731,0.46935,-0.87922,0.50457,0.052873,0.84464,0.044004
-0.57718,0.90874,0.042812,0.98039,1.1639,-0.059427,3.2204,-0.019736
-0.63102,-1.1581,2.0958,0.016104,-3.0803,-0.01197,0.33258,-0.074618
-0.65951,-0.076206,3.0411,1.7153,-0.63582,-0.043139,-0.79146,-0.13911
-0.65785,0.14641,1.8485,0.87929,-0.24094,0.042245,-0.68948,-0.080289
-0.91916,-0.11123,-0.30425,0.57307,2.1938,0.030906,1.7907,-0.12359
-0.67833,0.040816,1.691,-0.31352,-1.8588,0.0266,-1.779,-0.084646
-0.6415,-1.9103,-1.0243,0.017498,1.2218,0.019829,-0.53731,0.023755
-0.64115,1.7354,0.22176,0.58325,4.3488,-0.097393,-1.9482,-0.050086
-0.37093,-0.60014,-0.24687,-0.79814,-3.3611,-0.010436,-2.4568,0.1251
-0.60356,-1.8475,-1.5123,-0.70973,4.7884,0.055164,1.0079,0.16375
-0.6347,3.7343,-0.20464,-0.031656,-4.5041,0.011178,1.513,0.21011
4.4572,-1.0492,-1.7849,0.28681,1.4388,-0.057515,0.63567,0.061868
4.4188,1.8799,1.4623,-0.98174,-5.2728,0.087964,0.85792,0.11169
-0.78457,3.0916,1.7502,-0.091209,-0.33122,-0.0023562,0.94634,0.040135
-0.69666,-1.3854,0.19077,0.021686,4.1155,0.037824,3.7075,-0.036822
-0.68418,1.5491,-1.969,1.9869,-1.2738,0.054323,1.4999,-0.075275
-0.58599,-6.9453,-0.75072,0.22908,2.2543,-0.065338,0.12469,-0.15586
-0.62612,2.568,0.37874,-0.36469,0.60855,0.0038174,-0.18935,-0.1663
-0.61815,-1.6613,0.55722,-0.10273,1.9952,-0.027064,4.6078,-0.07457
-0.66713,-2.5067,-0.57501,-0.71867,1.0855,0.05913,4.4779,-0.077539
-0.80209,-1.1414,1.0218,1.186,-0.71765,-0.10418,-0.083863,0.017598
-0.71053,0.27255,-0.67546,0.7295,-0.19038,0.036149,-1.8768,0.0068649
-0.62782,-1.0048,-1.6546,0.75047,2.8492,0.0051009,1.9212,0.22525
-0.64333,0.77325,0.84765,-0.046705,0.10828,0.032953,-1.3446,0.15973
-0.63899,1.0259,-1.0229,-0.20182,0.090445,0.014849,-1.3406,0.032517
-0.49575,2.584,-2.0862,0.71544,5.0006,0.053701,-2.3523,0.050381
-0.65276,1.03,0.049744,-0.44109,-3.5064,0.062152,-2.3191,0.0304
-0.63182,-3.012,-0.68203,-0.72975,4.3177,-0.012669,-0.038152,-0.01095
-0.59169,4.768,1.2303,-1.0702,-4.7498,0.025624,1.8499,-0.074156
4.4191,-0.11838,-0.43799,0.78069,1.5401,0.0054603,0.66577,-0.15284
4.3933,0.34528,-1.0614,-0.91922,-3.8496,0.0094327,-0.14486,-0.17029
-0.68924,2.0143,1.2994,-0.13004,-0.82607,0.024289,0.17542,-0.14722
-0.69119,-1.9742,-1.833,-0.0091634,5.2894,0.15003,3.5497,-0.09679
-0.34522,1.2946,-1.8127,1.5898,-1.1806,-0.013863,1.6068,-0.055294
-0.62149,-7.7544,-0.84317,0.62769,1.0043,0.021928,-0.21366,0.043566
-0.69098,0.78794,-0.61157,-0.5984,-0.41266,0.035199,0.46905,0.21357
-0.67635,-0.7143,0.50003,0.21608,0.63993,0.017846,0.33839,0.35806
-0.9454,0.11175,-0.48497,-0.96244,1.4428,0.035828,1.4185,0.11914
-0.79972,0.54966,1.5209,1.4956,-1.2002,-0.065472,-0.9127,0.1855
-0.64004,0.63121,0.59944,0.56088,-0.48978,0.046372,-1.2919,0.10755
-0.65247,0.8398,1.9588,0.291,3.2251,-0.042401,1.5592,0.0037009
-0.19861,2.0252,4.5586,-0.066462,0.83167,0.0089963,0.63633,-0.066368
-0.53573,0.35409,-1.0204,0.25866,0.66867,-0.010635,-1.1004,-0.1268
-0.66612,2.3153,-1.2407,0.35981,5.7117,0.14881,-1.351,-0.10966
-0.63415,0.038035,1.5833,-1.1938,-4.5973,0.024899,-0.17975,-0.13807
-0.92611,-6.3842,0.95534,-1.5723,3.4631,-0.11658,0.34364,-0.12179
4.459,3.6373,-0.39115,0.019374,-5.061,0.016447,3.295,-0.09954
4.448,-0.77639,-1.5164,0.46242,0.35751,-0.012971,1.3839,0.14394
4.461,1.2064,-0.39282,-2.0905,-2.3207,0.048085,0.2899,0.087399
-0.68796,3.2475,0.38708,-0.38607,-2.2021,-0.0029081,0.94321,0.03904
-0.50869,-1.9697,-1.7941,-0.83939,5.1337,0.12513,2.0768,0.17414
-0.66771,4.0756,-2.2928,1.4165,-1.2275,-0.060473,1.7346,0.16603
-0.6902,-3.5167,-0.45326,0.75359,0.34386,-0.07309,-0.7645,0.15715
-0.67841,1.6692,0.80343,-0.16679,-0.64435,-0.037922,0.76346,0.01974
-0.80188,0.9964,2.2771,0.60939,-0.38192,-0.015653,1.4254,-0.024409
-0.65117,0.34632,2.2493,0.72561,1.0455,0.017987,0.72847,-0.091144
-0.65986,1.2339,2.1759,0.83858,1.1959,-0.10579,-2.4225,-0.10616
-0.65258,-0.33119,0.54701,0.53487,-0.88939,-0.026685,0.25829,-0.14247
-0.45181,-0.010361,0.89015,0.226,2.8752,-0.0089149,1.6365,-0.091314
-0.50452,-0.0061162,3.8994,-0.071138,1.6341,0.0031564,0.56877,-0.077466
-0.66183,-4.2284,0.72492,0.20822,0.5031,0.0094135,-1.1081,-0.0128
-0.64713,0.28008,-1.1182,0.41123,5.6946,0.085782,-1.7888,0.07742
-0.78373,0.96212,0.44625,-0.75307,-5.7427,0.057121,-3.8228,0.1057
-0.7269,-7.5967,-1.0729,-2.1124,3.5208,-0.12335,2.073,0.18745
4.4634,4.7904,-0.62217,-0.29062,-3.3257,0.063301,2.6286,0.073745
4.4289,0.85322,-1.449,0.94857,1.228,-0.038211,-0.027068,0.13705
-0.40392,3.0111,0.68175,-1.9295,-2.5339,0.067113,0.53455,0.095163
-0.52616,2.3144,0.95085,0.17761,-2.3654,-0.017091,1.2931,0.001973
-0.75181,-1.7016,-0.87327,-1.1162,4.9526,0.13321,1.7307,-0.040399
-0.68808,2.6675,-0.94651,1.6696,-1.1488,-0.092079,0.91825,-0.17572
-0.67895,-2.993,-0.20259,1.3313,-0.75588,0.02162,0.1395,-0.092312
-0.77763,0.16921,0.34168,-0.1321,0.020319,-0.055082,-0.7219,-0.13987
-0.73733,-0.98272,1.3346,0.71799,-0.015525,-0.0093962,1.8975,-0.14875
-0.66296,-2.3927,0.8661,-0.95439,2.1543,-0.035849,1.8456,-0.05729
-0.65914,0.67395,1.4683,0.76781,1.5163,-0.046175,-0.99159,-0.028425
-0.46145,-0.5034,-0.59767,0.24101,-0.24159,0.041206,-0.44615,0.16117
-0.58914,-0.59754,0.11843,0.12709,3.2233,-0.028925,0.4655,0.15192
-0.66077,0.79901,0.5483,-0.3224,2.2778,-0.04253,-0.586,0.15452
-0.65201,-2.1625,1.8038,0.96979,-1.9038,-0.029631,-1.7557,0.026579
-0.81092,2.5226,-0.58194,0.76064,5.864,0.013797,-2.4456,0.077493
-0.67584,3.2115,1.9263,-0.072879,-5.7365,0.018135,-3.1121,0.035997
-0.63923,-8.5083,-0.34776,-2.5836,4.3325,-0.043435,-1.3937,-0.041227
4.4222,4.4871,0.32135,-0.058677,-2.8932,0.018238,2.6564,-0.095062
4.3925,1.2477,-0.44969,1.3337,-0.12142,-0.071813,1.1285,-0.14362
-0.5644,2.4571,-0.19691,-0.52126,-2.442,0.071695,1.203,-0.1753
-0.72254,1.6048,1.9709,0.46946,-2.5926,-0.029047,1.8763,-0.13086
-0.69198,-4.5959,-1.479,-1.3669,4.4777,0.066131,1.7607,-0.097277
-0.90694,1.6272,-1.678,1.3985,-1.5768,-0.11994,0.12464,-0.036481
-0.73527,-4.7129,-2.4565,1.0711,-0.47028,-0.049332,0.022188,0.35604
-0.61571,-0.98673,0.21971,-0.70156,-0.33208,0.0052806,0.65262,0.26881
-0.66049,-0.42571,0.18685,0.58812,-0.72931,0.004626,1.407,0.071871
-0.65673,1.6125,0.67781,-0.77236,1.1508,-0.028065,1.0194,0.068269
-0.4957,0.18773,0.68385,1.0596,0.62862,-0.06811,-1.4914,0.16881
-0.66713,0.83312,1.0961,-0.55812,-2.0173,0.038754,-1.5052,0.095211
-0.6573,1.2424,-0.3031,-1.0041,2.6357,-0.030356,0.95124,-0.0036004
-0.65646,2.5442,1.1993,-1.0797,2.6423,0.017731,-0.24364,-0.057704
-0.88147,-2.2429,1.4493,1.2203,-2.9151,-0.010564,-1.765,-0.0946
-0.63832,2.1005,-1.1412,1.5665,5.8905,-0.12309,-1.9826,-0.11463
-0.62368,1.9864,2.6824,-0.24682,-5.4586,0.0036634,-1.2871,-0.12069
4.4905,-9.3541,0.0077241,-3.0302,5.1631,0.024193,-1.19,-0.093991
4.4467,0.34702,-1.5848,0.22573,-4.5527,-0.011469,1.3605,-0.019006
4.4303,-1.7278,-2.516,0.62239,0.14857,-0.027635,2.9679,0.098229
-0.70883,0.090882,-1.6336,-1.2742,-2.4045,0.021292,0.73868,0.14092
-0.69942,3.0096,0.69147,0.10717,-2.0744,0.030392,2.7483,0.11587
-0.87581,-3.2254,-2.0717,-1.4635,4.7246,0.085961,0.58214,0.1664
-0.82834,3.3249,-1.5487,1.1559,-0.82792,-0.081535,1.6739,0.21116
-0.67254,-1.3587,-0.56012,1.5082,-0.059666,-0.024843,0.52765,0.12653
-0.6641,2.2555,1.2393,0.062266,0.39826,-0.013632,0.18518,0.026189
-0.59739,0.61271,1.2963,0.34816,2.0815,-0.035047,3.8599,-0.056073
-0.51806,2.0248,0.94892,-0.35486,0.54438,-0.048248,1.9479,-0.078415
-0.66968,0.090676,2.2784,0.56919,0.067928,-0.049435,-1.685,-0.16323
-0.65373,-0.19842,2.1095,-0.14454,-2.8695,0.05157,0.16266,-0.14858
-0.78347,-1.0994,0.40203,-0.44162,3.2705,-0.049717,1.8336,-0.10412
-0.92852,0.51046,1.4082,-0.30121,3.9979,-0.0013294,2.1063,-0.061622
-0.68005,-4.5585,0.55274,0.29065,-2.2505,-0.0060912,-0.77518,-0.002992
-0.6284,0.53374,-2.0888,0.70787,6.4388,-0.009762,-2.1819,0.057658
-0.61227,3.7847,0.46069,0.21845,-4.3885,0.013181,-1.339,0.067101
4.4685,-8.1983,-1.3973,-3.055,5.0518,-0.0012267,-0.53416,0.055954
4.4382,0.72552,-1.116,-0.23495,-4.5941,0.040359,0.89269,0.22043
-0.70067,-0.77782,-1.0385,-0.35328,-0.57849,-0.040957,1.1729,0.21729
-0.70192,2.5507,-1.1325,-0.65913,-1.5657,0.018629,1.3364,0.031592
-0.75559,4.52,0.97267,0.47648,-1.8668,0.04478,2.3525,-0.015964
-0.72097,-3.2474,-0.030685,-0.66571,3.6011,0.0018857,0.95554,-0.10373
-0.67429,3.3933,0.1227,1.3587,-0.47221,0.0017638,1.0222,-0.16048
-0.66558,-1.7672,1.312,2.3834,0.24321,0.031361,0.92842,-0.12977
-0.43455,0.66132,0.57173,-0.35188,-0.4035,-0.028129,-0.070197,-0.16698
-0.56659,-2.388,0.71294,0.31691,0.99081,-0.019696,0.8272,-0.10078
-0.66734,0.44696,0.25038,-0.098403,0.64253,-0.003614,0.53015,-0.078683
-0.66431,-2.5781,1.7759,-0.35385,1.3058,-0.068379,-1.2346,0.033515
-0.84663,-0.85487,1.7211,0.50065,-2.0112,-0.030067,1.8527,0.17173
-0.7507,-1.3938,1.2253,-1.1497,2.9223,0.023237,2.5761,0.17596
-0.62715,2.7865,1.9266,-0.38959,5.052,0.19589,1.2065,0.069121
-0.63078,-3.0951,-0.030081,-0.2728,-1.0734,0.0078861,-0.50057,0.10193
-0.42188,3.1848,-3.9652,0.4229,6.8097,0.2662,-1.2791,0.073161
-0.53248,4.6531,0.81694,0.45056,-4.6415,-0.017187,-1.6714,0.029669
4.4262,-5.7579,2.1077,-2.2125,4.8849,0.015934,-1.5974,-0.039353
4.3933,1.8294,0.72612,1.6164,-5.1274,0.048162,1.4958,-0.12247
-0.7052,-0.73492,-2.1322,0.14365,-1.1066,-0.025799,1.6249,-0.11003
-0.93402,0.21535,-0.33667,-0.5065,-2.6597,0.016409,-0.14891,-0.15639
-0.73006,3.4405,-0.47575,-0.1681,-2.2509,-0.0025937,2.4373,-0.13439
-0.67757,-7.2088,-0.59254,-0.22272,3.272,0.0084765,-0.4359,0.12709
-0.67708,1.3717,-0.20913,1.0707,-1.8957,0.0013659,2.1743,0.12305
-0.46597,-4.1315,1.0801,1.8443,-1.6406,0.059528,-1.2356,0.30048
-0.61616,0.45259,-0.24222,-0.88407,0.78564,0.0083802,0.94734,0.28142
-0.67193,-1.3541,-0.30743,0.55592,1.6345,0.036059,0.95471,0.20653
-0.66256,1.6322,1.4157,-0.013158,0.56894,0.0001081,0.30608,0.1251
-0.89742,0.4247,-0.033871,0.5725,2.281,-0.012451,-1.3511,0.14104
-0.68006,2.3403,1.3062,0.53206,-3.4502,0.0046388,-0.34604,0.052815
-0.64645,-0.4523,-0.22145,-1.1763,3.1026,0.003381,1.6962,-0.021927
-0.63484,3.0906,1.9406,-1.1569,5.14,0.19962,2.3844,-0.05028
-0.48086,-0.30529,0.69864,-0.24662,-1.1347,-0.0097492,1.0652,-0.098908
-0.55143,1.34,-2.0305,-0.087124,6.5365,0.23578,-1.6846,-0.14951
4.4343,2.8064,0.29797,0.46587,-3.4519,-0.054954,-1.7083,-0.08119
4.4338,-6.4567,0.61531,-2.5178,5.8884,0.047559,-0.21663,-0.10071
4.4134,-0.78992,-1.0426,-0.41678,-5.8991,-0.0097107,0.51064,-0.012824
-0.78503,-2.0381,-1.682,0.090944,-1.0809,-0.06157,0.83034,0.054372
-0.64872,-0.51835,-1.6688,-1.3463,-1.7828,0.012019,0.12153,0.12318
-0.67931,1.822,-0.63834,1.2617,-3.2074,0.01139,1.0184,0.1592
-0.68458,-2.6006,-1.2134,-1.0482,1.7218,-0.038378,1.4248,0.13705
-0.60799,4.4047,0.52902,1.5944,-1.1062,-0.057579,2.0275,0.18475
-0.64185,-1.0457,1.2408,1.1668,-0.3382,-0.045841,-0.36867,0.13028
-0.67191,1.5324,0.93882,0.16652,-1.6715,-0.073995,-0.60965,0.041157
-0.65793,0.55591,-0.73859,1.7181,-0.053346,-0.028238,-0.83108,-0.050061
-0.80854,2.3694,2.8468,-0.6976,1.3661,-0.043274,-1.0877,-0.11772
-0.63849,-0.63651,1.7557,0.40161,0.8705,-0.075272,-1.5028,-0.16812
-0.64346,0.7554,1.5558,-0.52368,-1.6058,-0.002953,-1.921,-0.14914
-0.64592,-2.3441,0.076012,-0.22873,2.8805,0.013046,2.1983,-0.099662
-0.38064,2.0744,1.8601,-1.117,4.9425,0.14885,2.7766,-0.10911
-0.56989,-1.1035,0.92714,-0.085403,-2.5597,-0.048678,-0.76943,0.0046258
-0.63587,-1.5277,-1.222,0.18451,6.3805,0.27919,-0.63498,0.16849
4.4714,3.6301,0.59804,-0.15911,-4.6457,0.026279,-1.8786,0.028818
4.4439,-3.289,-0.68053,-1.3288,6.3994,0.058809,-1.2332,0.30206
-0.66068,1.1492,-1.2143,-0.37234,-5.7735,-0.0025423,1.1536,0.19125
-0.69399,-0.53477,-1.61,0.31924,-1.4166,0.006962,2.4646,0.091804
-0.69229,0.3415,-1.8683,-0.97106,-1.1808,0.016287,1.0662,0.029621
-0.37133,3.9713,0.5219,1.155,-2.1608,0.0032912,1.2183,-0.037868
-0.67151,-4.2571,-0.80432,-1.0335,1.5547,-0.042863,0.90008,-0.12332
-0.68682,3.282,1.2589,1.0826,-1.8827,-0.040592,2.2031,-0.17482
-0.67009,-3.9084,0.65033,0.69486,0.91031,0.016088,-0.68688,-0.16888
-0.82816,1.0823,1.7797,-0.16641,0.41199,0.034204,1.6235,-0.16094
-0.76549,-1.6027,-0.86646,0.28569,-0.16009,-0.059286,-0.97864,-0.11407
-0.70832,-0.25083,3.3093,-0.15232,1.2208,-0.062706,-1.8581,0.01144
-0.65233,-2.477,0.46113,0.42574,0.48456,-0.045982,-2.1627,0.1552
-0.64432,1.3415,1.6357,-0.14842,-1.9036,-0.016706,-0.88353,0.0026788
-0.38775,-1.6018,1.1217,-1.0897,2.2404,0.0091118,-0.51103,0.034488
-0.65885,2.1896,1.8176,-1.5025,5.1744,0.16285,1.6841,0.19429
-0.64198,2.3221,-0.097598,0.77708,-1.0452,0.010299,-0.02902,0.15007
-0.63255,-1.2826,-0.59938,0.27597,6.5663,0.32924,0.67016,0.041279
4.4324,4.8297,0.4652,-0.49356,-4.431,-0.020454,-2.267,0.015505
4.3967,-1.3462,-1.5033,-1.1032,5.9812,-0.031318,-1.3678,-0.054272
-0.69909,1.8353,-0.65147,0.77871,-4.6944,-0.0063094,2.8858,-0.12169
-0.68523,-0.63939,-0.98046,1.2261,-2.2853,-0.015891,3.1281,-0.11173
-0.37371,0.1878,0.22698,-1.7179,-0.21055,0.042066,-0.13851,-0.13181
-0.65014,1.1828,0.98515,0.42493,-1.8308,-0.039289,2.3081,-0.028571
-0.68175,-5.9342,-0.14325,-0.72522,0.86682,-0.033892,0.54736,0.080341
-0.67654,0.85286,0.26521,1.2256,-1.5978,-0.032326,1.7495,0.06788
-0.76941,-2.6767,0.62825,0.92884,-1.1266,-0.011386,-1.0671,0.066931
-0.73522,0.66746,-0.16012,0.38965,-0.37315,0.015176,1.3592,0.19899
-0.65652,-0.49238,0.17873,1.2717,0.099141,-0.024163,0.26258,0.11551
-0.65104,0.82563,1.9615,0.083782,0.6013,-0.041144,-0.46521,0.16066
-0.49371,0.43899,0.37846,0.028462,0.33888,-0.083467,-2.9382,0.088372
-0.60843,2.8405,1.3456,-0.2222,-2.1806,0.016826,-1.748,0.054348
-0.67837,-1.6354,-0.2664,-0.73044,2.4421,0.0010515,-0.84739,-0.019152
-0.63912,3.5663,0.996,-0.87733,5.82,0.30835,2.081,-0.066003
-0.93662,2.3763,0.62194,0.82992,-2.649,-0.0099032,-1.2213,-0.10971
-0.90224,-6.5662,-3.231,0.34936,6.1935,0.086295,-1.4962,-0.12064
4.4308,2.6712,-0.54449,-0.37939,-4.8143,-0.025048,-2.1564,-0.14481
4.4063,-3.1706,-1.4657,-1.1428,4.5,-0.28385,-0.57553,-0.04517
-0.69279,2.2219,-0.6612,0.99095,-5.106,0.024026,0.98055,-0.023168
-0.45349,-0.33387,-0.15784,1.4764,-3.229,-0.050802,1.6517,0.055735
-0.70996,-0.93639,-0.024447,-1.1444,0.84566,0.01037,-0.091492,0.099738
-0.68933,2.9999,0.50724,0.085433,-0.3956,-0.0033317,1.885,0.24401
-0.68042,-5.9121,-0.1778,-1.1952,-0.45736,0.053932,1.2978,0.096939
-0.82215,2.1493,0.66661,1.4462,-1.3209,-0.00048873,0.82492,0.22785
-0.78591,0.059298,-0.86226,1.182,-0.99817,-0.0047628,0.52684,0.12824
-0.6625,2.5762,0.0038569,0.065984,-0.3115,-0.059947,1.4409,-0.0043792
-0.64906,-0.77401,3.1921,1.2065,0.49554,-0.046361,0.28461,-0.081433
-0.33236,1.7466,2.125,-0.36689,0.092115,-0.034168,-2.4236,-0.13451
-0.62501,-0.95134,1.6788,0.82721,1.0869,-0.058188,0.58582,-0.16114
-0.64594,0.30532,-0.19389,-0.8627,-1.3042,0.044877,-0.9323,-0.16262
-0.64391,-4.1046,2.5343,0.19709,0.015001,-0.0045446,-0.96505,-0.12602
-0.9367,2.3179,1.8524,-1.1782,6.0052,0.2463,-0.93393,-0.085205
-0.72653,1.6682,0.14653,1.0046,-3.9932,-0.1184,-2.2941,0.18003
4.4698,-8.3632,-0.75995,-1.1173,6.6167,0.057249,-2.7281,-0.0053284
4.451,1.0653,-1.4995,-0.56591,-4.0198,0.046949,-0.15515,0.25114
-0.7123,-1.5999,-1.187,-0.47661,3.5386,-0.30023,-2.313,0.14953
-0.50138,2.2914,-2.1789,0.46009,-5.2982,-0.011918,2.5224,0.15326
-0.75606,2.5059,-0.52506,0.91094,-3.925,0.034994,2.8831,0.05335
-0.69636,-3.3075,-2.188,-0.42084,3.0331,-0.04355,0.18521,0.033904
-0.8676,4.9322,0.57954,1.0391,-0.90764,-0.057142,2.1488,-0.04865
-0.8523,-3.6544,-1.698,-0.20978,0.83207,0.052212,-0.12756,-0.1443
-0.62459,1.2546,0.11416,0.35299,-1.3069,-0.0058538,1.4203,-0.15586
-0.66422,-1.9167,1.0772,0.78072,-2.6707,0.016652,-2.1599,-0.15364
-0.66716,1.7295,-0.33934,-0.61037,2.263,-0.10101,1.8346,-0.07878
-0.50847,-2.5008,2.5543,-0.36884,1.8744,-0.0081448,1.8823,-0.1113
-0.61972,0.011846,0.46006,-0.79059,-1.5565,8.2427e-05,-1.873,0.053399
-0.66114,-2.8412,-0.01537,0.14469,1.7302,-0.026948,0.77287,0.092413
-0.65859,1.22,-0.21047,-0.43097,-1.0807,0.0018216,-0.84742,0.0064024
-0.82526,-5.3963,0.32425,-0.78561,0.13793,-0.010718,-0.042493,0.18059
-0.74649,2.2962,1.5448,-1.5853,6.6715,0.35708,-1.0813,0.18008
-0.60144,5.5693,-0.8444,1.6228,-3.2188,-0.033917,-1.3663,0.14695
4.4326,-7.404,1.6231,-1.3126,6.7462,0.1178,-1.2173,0.017306
4.398,3.5985,0.37095,-0.38798,-3.4934,-0.021686,-1.6355,0.0013645
-0.60378,-1.5166,-1.2477,-0.47176,3.8018,-0.24281,-0.93919,-0.064859
-0.70305,0.94061,-3.2047,0.55852,-4.9548,0.041238,-0.13763,-0.14858
-0.70549,0.6139,-1.5641,1.8797,-4.5492,-0.0014834,1.1187,-0.13897
-0.91697,-2.5192,-0.56705,-0.29054,1.6631,0.040737,-1.318,-0.15077
-0.77641,2.2836,0.56665,0.86258,0.24741,-0.081555,1.5639,-0.058799
-0.70912,-6.9896,-0.90296,-1.1046,-0.7326,0.010177,0.06655,0.041936
-0.67606,0.48282,-0.085129,0.28772,0.86525,-0.0065533,1.5417,0.036654
-0.66471,-2.2445,-1.1724,1.056,-0.85706,0.01354,-0.97569,0.091755
-0.49815,1.4311,-1.4432,-1.0509,1.4241,-0.041278,-0.35819,0.093289
-0.66923,-1.1095,0.86118,-0.41467,1.786,-0.016019,-0.3994,0.21697
-0.6714,1.3276,1.2466,-0.65712,-4.0989,0.0034901,-0.69101,0.16747
-0.66543,0.18265,-0.048942,0.54963,1.2145,-0.0024268,-0.045672,0.016162
-0.82165,2.6793,0.71094,-0.96654,-0.71134,0.022127,-1.9966,0.014531
-0.67095,-3.9902,1.3238,-1.3645,-0.9785,0.0067374,-0.83972,-0.0092711
-0.63803,3.078,1.138,-1.4057,7.0696,0.35759,-1.1894,-0.10324
4.2173,6.0657,0.11954,2.1064,-4.1738,-0.0080742,-1.4647,-0.092044
4.4147,-7.351,1.148,-1.1961,5.9806,0.025226,-0.0059589,-0.16528
4.3908,1.3253,1.5073,-0.50567,-4.3143,0.0043436,-1.7845,-0.14391
-0.71411,-3.7451,0.4769,-0.056924,2.6962,-0.24835,-0.29223,-0.090097
-0.71184,-0.17042,-3.4256,1.0006,-5.4185,0.024649,1.7223,-0.014796
-0.87637,-0.34585,-1.4501,1.178,-4.5423,0.015401,1.1345,0.08129
-0.75064,-3.9169,-1.5209,0.87074,0.69054,-0.00034755,-2.7685,0.097767
-0.67001,2.8512,0.64099,-0.37099,1.2223,-0.05962,0.60724,0.22036
-0.67526,-3.241,-1.0507,-0.4769,0.85611,-0.0036397,0.9152,0.21393
-0.43764,2.5034,0.25569,0.77701,0.4597,-0.045456,1.3236,0.075133
-0.50839,0.30695,-0.26676,1.6365,-2.7064,-0.029566,-0.0015728,0.066736
-0.73185,1.8021,1.2964,-0.48078,1.7372,-0.0065597,-0.20728,0.010467
-0.6706,0.24373,2.8763,0.044982,1.7911,-0.070317,-0.4761,-0.070286
-0.64634,0.70821,1.5688,-0.17432,-3.8193,-0.082113,-2.8351,-0.12845
-0.77655,0.27044,-0.47119,1.1919,-0.057977,-0.10731,-0.78347,-0.15681
-0.71297,1.5594,0.47089,-1.5118,-0.93808,0.049003,-0.98752,-0.13096
-0.64222,-4.838,0.7784,-1.3769,-2.0552,-0.035047,-0.665,-0.094551
-0.636,1.2689,-0.65008,-1.479,7.4219,0.39135,-2.2699,-0.014139
4.4663,5.6485,-2.1103,2.309,-4.9619,-0.012072,-1.7288,-0.056706
4.4513,-8.3571,-0.59752,-1.7138,5.4913,0.0068465,-0.66348,0.2593
4.5539,2.2214,1.2432,-0.35149,-5.15,0.042759,-2.0124,0.13481
-0.7098,-1.702,0.75397,-0.006986,1.5106,-0.18673,-0.083137,0.094092
-0.83214,2.0721,-2.4863,0.73744,-4.6083,0.067376,0.95098,0.12714
-0.76143,2.6218,-0.17326,2.1356,-4.1862,0.033986,1.6315,0.13408
-0.68676,-1.8737,-1.5675,0.6631,1.1725,0.023404,-0.7999,0.02395
-0.67285,3.8564,1.016,0.3388,0.47396,-0.087343,0.28694,-0.052714
-0.4608,-3.1795,-0.0078413,-0.081826,-0.99771,-0.0045318,-0.68255,-0.10521
-0.61492,2.1398,3.3018,0.86802,1.0859,-0.026537,0.76873,-0.1673
-0.66843,-0.96945,-0.28823,1.7619,-2.1441,0.014714,-0.35122,-0.11889
-0.67207,0.33919,0.2719,-0.13001,1.1396,-0.014453,-0.90286,-0.14678
-0.81092,-0.80314,1.3728,0.018686,2.4123,-0.077704,0.83465,-0.034193
-0.70992,-0.88615,0.67761,0.004967,-2.4017,0.041398,-1.5768,0.055273
-0.6256,-0.69893,0.10505,1.186,0.8035,-0.026351,-1.4951,-0.0051337
-0.63865,1.4854,0.75813,-0.91931,0.24517,0.022563,0.26636,0.15937
-0.60721,-4.4549,-1.3615,-0.77096,-0.378,-0.022295,-0.37064,0.14654
-0.50115,1.5497,-1.6534,-1.7112,6.7542,0.36605,-1.1308,0.21478
4.4447,5.2579,-3.8092,1.7588,-3.4436,-0.014402,-1.2199,0.065787
4.4059,-5.0431,-0.55297,-0.84975,5.5065,0.094458,-0.10484,0.095211
-0.75944,4.1067,0.065919,-0.36061,-3.797,0.0096445,-1.0249,-0.0064236
-0.8205,-0.11834,1.4898,-0.55928,1.952,-0.26449,0.20397,-0.10494
-0.68859,1.9017,-0.8937,0.982,-2.5224,0.032709,1.9826,-0.092823
-0.68624,0.0065159,0.70358,2.6661,-2.698,0.041514,1.0164,-0.17465
-0.68875,-1.9601,-0.95619,0.36419,-0.47031,-0.0083951,-0.75298,-0.064542
-0.525,2.0674,0.49351,0.10728,1.6231,-0.057887,1.2902,-0.072233
-0.63966,-4.2404,-1.2591,0.52936,-1.3827,0.015876,1.0454,-0.055318
-0.6766,-0.38675,0.63681,0.91575,2.224,-0.018541,0.83811,0.073891
-0.66601,-0.031785,-1.3196,1.5243,-0.36657,0.049812,-0.2991,0.013972
-0.77411,0.4653,0.45094,-0.34922,1.3205,0.038157,0.72768,0.21668
-0.77705,0.30656,1.7541,0.80594,2.0991,-0.049088,-0.9566,0.1644
-0.65039,0.13716,2.2217,-0.22192,-1.5931,0.010042,-3.4818,0.15657
-0.64759,0.94796,1.3421,1.3454,0.68168,-0.003383,-0.42618,0.028307
-0.36544,3.7117,1.8755,-1.1618,3.1369,0.0053512,0.46564,0.03332
-0.6389,-0.26871,2.2451,-0.62457,-0.54156,0.0080786,-0.58019,-0.051108
-0.61362,0.91753,0.56469,-1.0723,6.4595,0.38044,1.2427,-0.13198
4.4149,2.7343,-2.9511,1.6883,-2.6467,-0.015788,0.1035,-0.14206
4.3863,-4.9062,-1.0949,-0.87128,6.1646,0.063346,0.41015,-0.15698
-0.79257,2.9751,0.32029,-1.0842,-5.1854,0.040134,-0.86423,-0.14474
-0.67355,-4.8827,0.69252,0.9799,0.04913,-0.16982,1.0984,-0.051619
-0.68949,-0.2583,-2.682,0.6051,-2.4139,0.040564,-0.15088,-0.012654
-0.60121,0.8512,-1.0071,1.8168,-0.70991,-0.035753,1.2265,0.04931
-0.58516,-4.8306,-1.5277,0.11324,-2.464,0.029032,-1.1146,0.25248
-0.61991,0.75086,-0.12794,1.3501,0.31046,-0.028264,1.9927,0.28293
-0.67718,0.15538,-0.58571,0.73099,-0.28442,0.034904,-1.2973,0.076009
-0.67411,2.5494,0.36455,-0.0825,-0.16962,-0.074027,0.60002,0.039234
-0.7327,1.0109,-0.21081,0.67932,-0.60875,0.024687,-1.9633,0.071652
-0.65019,1.8426,2.4368,-0.43534,0.51189,-0.05566,0.31007,-0.00055819
-0.65184,1.3357,3.3212,0.35222,1.0614,-0.11326,-1.0588,-0.093164
-0.64638,-0.32496,2.082,-0.39669,-3.5338,0.043766,0.44057,-0.088491
-0.46501,-0.3384,0.78176,0.094245,-0.62209,-0.014768,-0.046905,-0.11809
-0.64256,2.8553,0.60138,-1.2684,4.7997,0.1038,2.9397,-0.1295
-0.63584,1.4228,1.1758,0.49503,-1.8137,-0.0085491,-0.39634,-0.066416
4.4517,-3.4491,0.88119,-1.5992,5.6395,0.20623,-0.42833,-0.10378
4.4444,1.3921,-1.7949,0.97932,-3.2252,-0.03429,-1.1438,0.28461
4.2018,-5.1467,-2.4983,-0.084067,6.1414,-0.020428,-1.2229,0.096647
-0.68465,4.0086,-0.91813,-1.0299,-5.668,0.047444,-1.0475,0.20532
-0.69676,-0.73083,-0.20627,0.81938,-0.9018,-0.072814,1.0719,0.15082
-0.47302,0.44407,-0.98178,-0.25086,-1.2987,0.012186,-0.6734,0.12782
-0.69294,3.51,-0.34761,0.91503,-0.2163,-0.024625,1.6946,0.12593
-0.68393,-3.35,-1.9777,-0.53813,0.64835,0.034596,-0.005047,0.028185
-0.68198,3.5029,0.34927,0.89842,2.451,0.056409,3.5514,-0.043515
-0.89021,-0.47189,1.6962,0.89807,-0.88364,0.060651,0.13187,-0.12398
-0.7675,1.6972,1.5577,0.13656,-0.60484,-0.0066495,0.75618,-0.11173
-0.70052,-0.37747,0.68895,0.88831,2.0807,0.012398,-0.69294,-0.16369
-0.66214,-0.42288,1.2842,0.10538,-1.1854,0.002566,-0.96991,-0.085473
-0.64814,0.023297,1.7563,-0.07232,-0.77147,-0.043229,-1.9519,-0.021659
-0.45671,-0.88354,0.37585,-0.33087,-2.054,0.004164,-0.20951,-0.017935
-0.6421,-3.5494,-0.70363,0.62191,-0.56114,-0.027847,0.298,0.097304
-0.65152,2.2435,-0.75792,-1.3095,5.5343,0.26233,2.2589,0.10906
-0.64051,4.3086,1.7929,0.86951,-1.7324,-0.025106,-1.4068,0.07613
4.4452,-6.1631,-3.2335,-2.154,5.6411,0.12464,-0.38848,0.063499
4.4113,3.6579,-0.73261,0.58955,-2.5352,0.047168,-0.21278,0.1617
-0.71213,-3.8759,-1.5869,-0.495,5.4502,-0.06827,-2.8108,0.074987
-0.69712,4.5985,-0.70769,0.062291,-4.5477,0.057397,1.2165,-0.04349
-0.42632,0.0491,0.18521,0.56283,-2.019,-0.011232,0.99667,-0.050621
-0.70825,-0.76146,-0.50696,-0.15171,-0.90679,0.038074,0.24924,-0.19232
-0.68755,2.2053,-0.33441,1.0997,0.4134,-0.038634,1.9161,-0.17251
-0.685,-5.5898,-1.7267,-0.72606,-0.091,0.028525,-0.13189,-0.14384
-0.85889,1.7921,-0.46093,-0.047996,2.4115,0.051653,3.9168,-0.10779
-0.7399,-2.3869,1.4951,0.2235,-0.5118,0.055575,-0.15601,0.0015835
-0.65651,0.19365,0.9218,-0.23312,1.3081,0.0094006,2.3803,-0.029934
-0.66039,-0.43128,0.84374,1.0459,0.85053,0.028749,2.3252,0.16343
-0.5465,-0.1772,2.3235,-0.73536,-0.78684,0.026291,-0.90979,0.12963
-0.56038,1.4719,0.18643,0.65842,0.82079,-0.032981,-3.4551,0.16389
-0.72937,1.8264,-0.77168,-0.62746,-4.1137,0.039582,-0.51282,0.036581
-0.65348,-0.46524,-0.88333,-0.3197,-0.079806,0.033935,0.53492,0.052012
-0.89569,3.5721,-0.37913,-1.0919,4.367,0.047161,0.94772,0.047728
-0.76762,5.186,1.2592,1.4894,-3.3408,-0.019279,-1.6288,-0.058604
4.4095,-5.3597,-0.054608,-2.255,6.4922,0.23557,-1.8174,-0.12838
4.3791,1.3587,-0.89454,-0.3473,-4.005,0.00813,-2.3514,-0.14683
-0.71284,-8.368,-2.054,-0.96485,4.1139,-0.37136,-2.4055,-0.0753
-0.56541,2.2614,-1.6542,-0.35941,-4.1652,0.0088166,0.17513,-0.14045
-0.72958,-1.5897,0.24942,1.3927,-2.3165,-0.036613,1.1011,-0.065224
-0.69926,-3.236,-1.5722,-0.72436,-0.098386,0.055254,-0.16667,0.01845
-0.69731,0.99913,0.55253,0.68694,-1.6911,-0.066416,2.0676,0.082994
-0.82452,-4.2113,-2.7628,-0.71738,-0.0733,0.04272,-1.4177,0.26229
-0.79946,3.3502,-1.0767,-0.17913,2.8027,-0.0275,2.7421,0.053496
-0.67019,-0.97779,0.65831,0.26703,-2.4799,0.0010515,-0.70981,0.19171
-0.67314,0.76871,2.4536,0.29844,0.66261,-0.1174,0.014456,0.082726
-0.39147,1.7169,1.9785,0.95137,1.4368,-0.059928,-0.38558,0.063134
-0.59356,-0.06001,2.5174,0.13312,-1.8846,-0.052117,-2.1081,-0.0092711
-0.6577,2.0153,1.0471,0.11545,0.06035,-0.039719,0.4679,-0.086422
-0.65922,1.3611,1.9153,-0.37504,-5.3469,0.030816,-1.9247,-0.093042
-0.7052,-4.058,-1.9755,0.63215,-2.4126,-0.020954,-0.60505,-0.1137
-0.70934,2.2952,-0.73,-0.44782,3.0769,0.030501,-0.55951,-0.12395
4.4493,3.439,-0.44939,1.227,-1.9713,0.0055245,-1.1333,-0.10699
4.4354,-6.8748,-0.28896,-2.204,5.8611,0.18264,0.27815,0.040743
4.4206,1.7372,-1.2802,0.37758,-5.1968,-0.037145,-1.6282,0.051062
-0.54929,-6.3897,-0.61296,-0.88374,4.544,-0.2944,-3.3522,0.1414
-0.77438,2.1608,-2.2075,-0.16844,-2.9657,-0.0081961,-0.17961,0.14698
-0.70699,-1.822,0.33953,0.90665,-2.4832,-0.067288,0.95537,0.1893
-0.79887,-1.8214,-1.8763,0.59498,-1.935,0.0080658,-0.92526,0.13238
-0.80868,2.9529,0.99185,0.89889,-1.5896,-0.045373,1.0349,0.1031
-0.66461,-2.8929,-1.4066,-0.44286,-0.6921,0.060773,-0.021493,0.028623
-0.67183,2.3256,0.20206,-0.4623,2.6237,-0.049101,1.6567,-0.072306
-0.66766,0.37653,2.3427,0.12904,-2.5192,0.001475,0.60411,-0.059699
-0.49184,0.41929,3.8923,-0.19321,1.5628,-0.024464,-1.0259,-0.14109
-0.61325,0.29719,1.27,0.71733,2.2275,-0.011732,1.7024,-0.15413
-0.66355,-2.1863,2.0657,-0.30118,-1.4578,-0.033192,0.020133,-0.13135
-0.66639,0.56533,0.33217,-0.22657,1.1607,-0.057515,0.25396,-0.057338
-0.82661,2.1711,1.7606,-0.59285,-5.4101,0.012866,-0.0051048,-0.037041
-0.68223,-6.3718,-2.6168,-0.48759,-1.6696,0.017127,-0.7371,0.05593
-0.62783,2.7372,-0.43099,-1.218,3.3297,0.062865,0.98743,0.28729
4.4613,4.706,-0.12178,1.3431,-1.3302,-0.035605,-0.48465,0.0099801
4.4313,-3.3748,-0.57455,-2.353,6.4916,0.28715,-0.24199,0.19492
-0.61428,2.137,-1.9071,0.51871,-4.2129,0.042874,-1.3879,0.18027
-0.71036,-4.1454,-0.10001,-0.71132,4.7285,-0.18362,-2.1123,0.053934
-0.70375,3.6762,-0.079533,-0.078107,-1.8565,-0.012002,0.093747,-0.029642
-0.80806,-0.77779,-0.26444,0.63821,-3.0849,-0.036311,1.8693,-0.1094
-0.77891,-2.1859,-1.0734,0.3729,-1.3437,-0.0061425,-0.89168,-0.15773
-0.73517,0.74963,0.35094,1.0575,0.13931,0.0059416,1.3188,-0.18088
-0.67364,-2.9667,-0.24134,-0.48504,2.889,-0.011431,0.92925,-0.12298
-0.66669,-0.41821,-0.31228,-0.12325,2.6125,-0.086592,0.84667,-0.089318
-0.34773,-0.10283,1.0573,-0.45112,-3.5948,0.047386,0.019086,-0.080386
-0.67376,-1.8316,1.8662,0.39892,2.3162,-0.041561,0.42017,0.084989
-0.67017,0.033854,-0.29796,0.65455,3.4179,0.0053191,-0.65305,0.17587
-0.66196,-1.1009,4.7793,0.044982,-3.9993,-0.0037039,-1.9479,0.040524
-0.77654,1.4105,0.51237,0.32032,0.21366,-0.071697,0.68184,0.049115
-0.67358,2.8221,1.9611,0.091888,-3.6895,-0.003505,-0.19217,0.11848
-0.63589,-4.3713,-1.9797,-1.9934,-0.52096,0.058206,-0.27001,0.042349
-0.6242,4.1849,-0.0036078,-0.90051,3.4921,0.016338,2.1282,-0.0069834
4.4253,5.6812,0.55073,1.8093,-3.1936,0.045813,-0.45161,-0.058263
4.3916,-4.0973,1.3784,-2.3411,6.6579,0.28296,-0.50051,-0.11984
-0.70246,1.9401,-1.775,-0.34105,-4.4651,0.019463,-0.6398,-0.16323
-0.70272,-5.2069,-1.2528,-0.93745,4.8142,-0.24417,-1.5631,-0.13714
-0.90647,1.4989,-3.0209,0.42459,-2.6682,0.051917,1.4158,-0.1175
-0.73591,-3.0073,-0.60037,1.806,-3.4512,-0.030118,1.4268,0.086888
-0.66497,-5.7659,-1.4614,0.039484,-1.2755,-0.026743,-1.9759,0.22985
-0.66601,0.67917,0.14711,0.024229,0.52087,-0.025588,0.66689,0.19434
-0.44718,-2.856,-1.9215,-0.36035,0.46429,0.014727,2.9776,0.10779
-0.56594,1.2007,-0.70981,0.17245,1.5995,0.0080594,1.0615,0.21461
-0.67608,0.97572,-0.83979,-0.86629,-2.7935,0.014509,-0.38727,0.15277
-0.66106,1.1971,-0.42775,-0.67497,1.1367,-0.049018,1.5777,0.10789
-0.73589,1.7711,3.5535,0.3372,3.1596,-0.056225,-0.53336,0.020591
-0.67171,0.10256,2.6504,-0.84622,-2.802,-0.0042237,-0.13435,-0.042979
-0.61639,0.81965,2.2528,-0.016441,0.25957,-0.092631,0.39647,-0.076444
-0.63352,1.8761,1.2133,-0.48449,-2.581,0.030816,0.40404,-0.098056
-0.63397,-4.6772,-1.2659,-0.51552,-0.84623,0.068692,0.82705,-0.066806
4.4587,2.7802,-1.586,-1.8844,4.0625,0.012019,0.1593,-0.12349
4.4375,3.1104,-0.60991,1.0018,-4.3113,-0.026557,-0.89165,-0.053079
4.4101,-4.0927,-0.74322,-1.3735,6.473,0.15669,-0.050546,0.0089336
-0.69978,2.1689,-1.4762,0.026227,-5.4213,-0.065209,-0.30156,-0.0018724
-0.85526,-4.4782,-0.55584,-0.83147,3.3963,-0.27701,-1.1541,0.12004
-0.7061,1.6074,-2.7322,-0.15029,-1.4659,-0.0099995,2.3675,0.16168
-0.67689,1.522,-0.61534,1.958,-1.4509,-0.049262,1.0859,0.2333
-0.67414,-4.6184,-1.1023,-0.176,-1.425,0.051262,-2.7005,0.10672
-0.44582,1.85,1.0454,1.1583,0.23961,-0.054107,2.0847,0.091901
-0.64751,-0.57159,-1.4608,-0.9241,3.2164,-0.0048462,-2.0469,-0.005085
-0.66161,2.9102,0.92332,-0.40464,1.8711,-0.015159,2.2019,-0.063642
-0.66256,0.93746,-0.86085,0.97619,-2.8997,0.053502,-0.23935,-0.11412
-0.90537,0.7902,-0.2337,-0.18326,0.70581,-0.04647,-1.0091,-0.1689
-0.66844,0.62688,1.493,-0.037899,2.625,-0.1016,-0.57326,-0.12892
-0.63765,-2.1529,2.3481,-0.69446,-4.5284,0.0084637,-1.2115,-0.068972
-0.6363,-0.6148,0.03793,-0.11235,0.26966,-0.034136,-0.7157,-0.020588
-0.67973,1.9952,-0.69874,-0.5396,-1.3186,0.056338,0.46228,0.012511
-0.49734,-3.4509,-1.5371,-1.3751,-0.71156,0.0060186,-0.12783,0.16745
4.4733,1.0408,-2.9278,-1.0765,4.159,0.017981,0.76971,0.033101
4.4442,3.2606,-1.8509,0.56039,-4.2265,0.033627,-0.5204,0.26779
-0.85192,-2.4028,-0.41279,-0.26477,6.4178,0.17944,-0.44592,0.15175
-0.8298,3.6264,1.6807,-0.46467,-3.8949,0.0013018,0.016312,0.11991
-0.63962,-2.2132,0.76043,-0.54833,1.8865,-0.21504,0.22922,0.01604
-0.67459,2.1328,-1.2222,-0.10361,-1.4983,0.051641,1.9304,-0.060186
-0.67616,3.4366,-0.9632,3.0118,-1.4843,-0.020896,2.0316,-0.07659
-0.53707,-2.5163,-0.61341,-0.55869,0.11317,0.021748,-0.86217,-0.18083
-0.63571,1.0602,0.024221,0.66878,1.38,0.013136,2.058,-0.17129
-0.6606,-3.2003,-1.4477,0.54346,0.26679,0.048323,-1.4605,-0.14035
-0.6579,2.0674,2.3076,-0.090464,1.1776,-0.0268,0.32527,-0.073474
-0.89293,-1.8591,-0.33425,0.74484,-1.5633,0.06959,-0.25199,0.018085
-0.69019,-0.8915,-0.13222,0.15908,1.1362,0.045525,0.22076,0.085062
-0.63477,0.6091,1.2514,0.71457,3.7336,-0.099472,-0.29921,0.13778
-0.64255,0.50631,1.1559,-0.23152,-3.7096,0.0472,-1.3307,0.021419
-0.26077,-0.83315,-0.060955,0.93451,-0.20881,0.0096702,-0.3613,0.21091
-0.60435,3.2688,0.7301,-1.0572,-0.61109,0.096191,-0.2642,0.10894
-0.62777,2.1384,-0.66204,-1.0618,0.35138,0.053662,0.65085,0.080487
4.4338,-0.55981,-1.1308,-2.1401,1.7312,0.038818,1.4844,-0.014114
4.3943,2.7178,-2.6475,0.42958,-2.4329,0.025002,-0.098132,-0.091071
-0.79001,-1.0402,-0.84606,-0.73686,6.8304,0.23786,-0.93801,-0.1251
-0.70496,2.4944,0.49602,-0.53795,-3.7209,-0.034206,-0.80948,-0.15221
-0.68482,-4.6129,0.84431,-0.86887,1.6746,-0.20607,0.32827,-0.11161
-0.35424,0.30479,-2.0056,-0.26009,0.21519,0.034711,2.2025,-0.052033
-0.51917,1.2263,-1.3882,2.4067,-1.392,-0.078776,2.3131,0.094822
-0.63848,-6.7979,-0.91621,0.01974,-0.93025,0.052905,-1.2245,0.24545
-0.66891,-0.71206,0.21797,1.0246,0.14719,-0.031671,0.92173,0.097475
-0.87218,-0.91727,1.6987,-0.031701,-0.84169,0.033011,-1.0965,0.085306
-0.78506,1.2358,2.0611,-0.31216,2.6537,-0.082536,0.40107,0.1673
-0.67315,0.98237,0.01605,0.60709,-1.8308,0.026824,0.51785,0.17346
-0.64521,1.2451,0.93423,0.28816,0.95464,-0.02723,0.075714,0.094214
-0.63174,2.604,0.21554,0.24541,3.4162,-0.11295,-0.82444,-0.011778
-0.36555,0.66466,2.4714,-0.54948,-4.6292,0.01698,-2.536,-0.026624
-0.60577,-0.4488,-0.039081,0.34986,-0.75809,-0.018657,0.1882,-0.068144
-0.62682,3.0424,0.90785,-1.3377,-3.0381,0.0039586,0.98241,-0.14233
4.8896,2.7557,0.15519,0.333,-0.67772,0.068435,0.53006,-0.092628
4.4293,-4.7129,-1.7024,-1.9304,1.1613,-0.023329,0.51979,-0.12938
4.4074,0.015956,-2.688,0.030774,-2.1287,0.036746,-0.93992,-0.063009
-0.68372,-3.8642,-2.2176,-0.53948,6.8686,0.22803,-1.5741,0.034464
-0.68588,1.6157,-2.6634,-0.49794,-3.2053,0.042906,-1.1823,0.044272
-0.42782,-3.6785,-0.78909,-0.73318,0.87591,-0.06682,-0.10337,0.14308
-0.58887,0.78383,-2.1157,-0.5854,1.1961,0.078915,2.7936,0.20259
-0.68328,2.0644,-0.8361,2.3612,-0.71942,0.021478,2.8396,0.18105
-0.67282,-2.9312,-1.5242,0.35482,0.51818,0.017564,-1.9556,0.2481
-0.84162,1.519,0.74947,0.43763,-0.024766,-0.049364,1.0743,0.10877
-0.7321,0.14987,0.92963,-0.15121,-1.5254,0.0071673,-1.6689,-0.012192
-0.63821,1.7775,2.2702,-0.3712,3.0246,-0.072288,0.41604,-0.10893
-0.64715,-0.1491,0.82936,-0.019472,-1.7922,0.028461,0.72522,-0.14418
-0.6484,0.47176,1.9916,-0.62657,0.0025481,-0.0184,0.45568,-0.13254
-0.51904,0.8536,0.16601,-0.49951,3.388,-0.099838,0.23643,-0.16586
-0.66251,0.32659,0.91874,0.047609,-5.117,0.01526,-0.2786,-0.10738
-0.63617,-4.6781,-2.3451,0.53496,-0.77897,0.028506,0.20895,-0.10207
-0.63417,3.4258,-0.36898,-1.5342,-3.5155,0.029167,0.027884,0.012828
4.4766,2.266,0.29635,1.251,-1.7877,-0.020813,-0.6871,-0.0020915
4.4618,-4.8022,-0.061116,-1.3371,1.5752,0.012301,0.25368,0.41121
-0.74495,2.118,-2.3288,0.16941,-2.6653,-0.016276,-0.78879,0.21301
-0.69156,-3.2158,-1.8347,-0.32198,7.0214,0.24015,-1.5206,0.042252
-0.45137,4.0846,-1.1223,-0.87705,-2.811,0.0054667,-1.1494,0.083067
-0.6293,-0.70362,-0.15539,-0.32328,0.036131,-0.057912,2.0764,0.025848
-0.68178,1.8112,-1.3247,-0.53301,0.95179,0.044646,3.4243,-0.066441
-0.67937,1.4954,0.92251,2.5941,-1.4201,-0.04794,2.8357,-0.12118
-0.97506,-2.5149,-0.52847,0.35706,1.1386,0.070624,0.16606,-0.15394
-0.69866,0.60001,0.92418,-0.18928,0.62778,-0.040842,1.0687,-0.16727
-0.65484,-1.4654,1.2441,-0.27578,-1.0147,0.045839,-0.48182,-0.12179
-0.6514,-0.727,1.7797,0.23046,4.5489,0.042829,0.73824,-0.034899
-0.48285,-0.067755,1.3614,0.17383,0.41938,0.040789,-0.65889,0.06603
-0.47403,-1.8474,-2.0454,-0.53583,0.13228,-0.023874,-1.7987,0.1526
-0.77686,1.5774,-1.5575,-0.27524,4.6137,0.02443,-0.065329,0.071531
-0.64797,1.1177,0.76133,-0.85652,-4.4019,0.020349,1.1383,0.20227
-0.9291,-4.8001,-1.9267,-1.0768,0.29323,-0.011527,0.586,0.13895
-0.71221,4.2656,-0.045563,-0.55634,-3.3705,0.027787,-0.38555,0.13276
4.4466,4.9348,-0.1072,1.2108,0.18004,-0.010166,0.080691,0.028112
4.4085,-1.1341,0.66783,-1.9422,3.3891,-0.01077,1.6559,-0.018593
-0.69363,2.5075,-0.63955,0.29904,-2.4109,0.039999,-0.17511,-0.051619
-0.50002,-4.2232,-1.1207,-1.1075,6.8948,0.14519,-0.86664,-0.16944
-0.73774,2.3408,-1.9603,-0.30865,-1.8945,-0.06338,-0.84125,-0.11989
-0.68138,-4.0392,-0.43866,-1.0434,-0.75272,0.0028291,-0.74187,-0.12018
-0.68271,0.15208,-1.7803,-0.67761,2.5736,-0.004044,2.8202,-0.06318
-0.82114,0.24628,0.5153,1.79,-1.8931,-0.095519,1.4332,0.078881
-0.67221,-4.0935,0.19276,0.94691,0.54213,0.046064,-1.8694,0.02782
-0.64992,-0.33794,1.981,0.30472,2.0509,0.011942,1.1751,0.15525
-0.65672,0.066786,1.1261,0.74004,-0.19692,0.054041,1.3548,0.012706
-0.39287,0.65521,2.8891,0.19045,3.9923,0.006686,0.67776,0.2067
-0.55917,1.6846,0.87217,0.53268,1.3404,-0.018836,-0.15199,0.16791
-0.64823,0.39739,-0.26205,-0.79769,-0.60806,0.0022515,-2.3691,0.089954
-0.64855,2.7802,-0.23429,0.15257,4.5845,-0.072487,0.81356,0.015553
-0.89383,3.8741,2.0545,-1.5431,-5.9323,0.0054795,0.73249,-0.033682
-0.6803,-7.7769,-1.5745,-0.59162,0.23279,0.044697,0.024866,-0.11697
4.4947,3.0799,-0.13352,-1.1055,-2.2406,0.037272,0.51403,-0.14573
4.4282,2.9824,-0.35214,1.376,-0.69497,0.0063395,0.98504,-0.12882
4.4066,-2.6668,-0.69469,-1.9905,4.1534,0.003073,1.8674,-0.091582
-0.51204,0.92118,-2.3411,0.021577,-4.4649,0.016851,0.57338,-0.088394
-0.76586,-6.2949,-1.0259,-0.95549,6.1288,-0.0050387,-1.1271,0.0088362
-0.69601,1.2431,-1.571,-0.94682,-1.3788,-0.02347,0.46785,0.067612
-0.88829,-0.21917,-0.26776,0.0050055,-2.369,-0.027545,1.8286,0.12987
-0.85709,0.16233,-1.4795,0.25951,0.8791,-0.022315,1.5314,0.21619
-0.71978,2.1639,0.40276,1.3411,-2.9781,-0.13238,0.50276,0.32258
-0.66269,-1.7282,0.29761,0.15883,0.06638,0.019957,-1.4888,0.07506
-0.64927,3.5723,1.4821,-0.24389,2.2283,-0.038243,1.0906,-0.032538
-0.52103,0.26444,1.5525,0.50296,-1.8604,0.049516,0.58634,-0.028255
-0.6187,1.4644,3.6337,0.38076,2.5323,0.037766,1.7506,-0.10463
-0.6532,0.5017,1.527,1.0948,2.9034,0.023217,-0.40695,-0.14831
-0.6549,-0.19056,1.8663,-1.2429,-3.0715,-0.013677,-0.97585,-0.12848
-0.88077,0.82583,1.5495,-0.25358,3.8877,-0.2298,0.00048863,-0.11507
-0.65966,2.8836,1.7039,-1.1093,-5.8966,0.026234,1.1337,-0.091655
-0.6213,-10.936,-2.8253,0.064636,-0.84534,-0.022077,1.4315,0.065933
4.4677,3.72,1.1278,-1.4558,-2.2912,-0.0094604,-1.5782,-0.044902
4.4642,1.7966,1.0251,1.1134,-1.1839,0.015221,0.1493,0.35302
2.876,-2.546,-2.4317,-1.644,4.7822,0.10121,2.8046,0.16107
-0.71363,2.4519,-2.4485,1.4846,-4.9144,-0.0047949,0.33179,0.18302
-0.70126,-3.7788,0.13793,0.041006,5.4212,-0.077768,-1.6525,0.073575
-0.84777,1.5838,0.24997,-0.54227,-1.3909,0.039556,0.69135,0.088324
-0.74854,-0.13872,1.4001,0.10233,-2.2677,-0.042889,2.4558,-0.0059612
-0.63702,1.9517,-0.85225,0.44371,1.9598,-0.0016824,2.3386,-0.094016
-0.6686,2.2461,2.2261,1.7762,-1.6731,-0.15478,-0.060256,-0.11594
-0.47481,-1.1945,0.25181,0.35323,-0.75798,-0.0029466,0.37136,-0.14374
-0.58773,1.3503,1.4299,0.67741,2.1797,-0.025883,1.0665,-0.13962
-0.65869,-0.86783,-0.29034,-0.66952,-2.1791,0.0056721,-0.47058,-0.099419
-0.66077,-1.0153,1.1163,-0.0098892,-0.30295,-0.014351,-0.74535,-0.0017507
-0.63971,-0.19445,0.99548,1.1963,2.162,-0.010012,-1.4411,-0.0070564
-0.8415,-1.3795,0.83952,-0.88539,-4.4089,0.041584,-2.2111,0.071166
-0.7048,0.30336,0.35182,-0.2124,2.2472,-0.099434,0.88583,0.17706
-0.63228,2.6367,1.0229,-0.84533,-4.8654,0.030508,0.15567,0.18765
-0.62718,-3.7096,-1.0764,-0.30852,-0.60884,0.0094648,0.64609,0.044126
4.4501,2.9644,0.94587,-0.84058,-4.4777,0.047469,-0.10041,0.055273
4.4112,2.8662,0.28511,-0.1552,-1.624,-0.010179,0.70773,0.059313
-0.70423,-1.0643,-2.5182,-0.99639,5.6479,0.21343,2.0318,-0.0072998
-0.70071,2.4607,-1.1563,1.4066,-5.9972,-0.034861,-0.19828,-0.078196
-0.68218,-4.4862,-1.2618,0.43468,2.885,-0.23498,-2.5112,-0.098786
-0.72659,2.1861,0.69836,-1.4214,-1.597,-0.032095,0.41893,-0.15452
-0.67516,-1.1121,0.92425,0.83457,-0.9676,-0.092291,2.7511,-0.10662
-0.6677,-2.4552,0.13512,0.40345,-0.68331,-0.014428,0.31357,-0.062109
-0.58486,1.1325,1.2266,1.4995,-2.5388,-0.11726,-0.43698,-0.020199
-0.50309,-2.3697,-0.12845,-0.41296,-0.69122,0.035039,-1.2515,0.0947
-0.68511,0.46062,-1.0446,0.66496,1.6528,0.023647,1.423,0.0552
-0.66452,0.22312,-0.35886,0.40671,-2.191,0.012006,-2.0815,0.18991
-0.67942,0.35992,-0.62672,-0.85016,-1.7783,-0.075946,-1.5198,0.19264
-0.71388,2.1398,-0.54303,0.30718,1.9413,-0.13338,-1.9124,0.13817
-0.59099,-0.12681,2.7041,-0.47873,-4.8186,0.046494,-0.19305,0.043664
-0.63018,1.4187,3.1687,0.11968,0.60912,-0.12544,-0.34386,-0.0047686
-0.63892,4.0765,3.3411,-0.061118,-5.4019,0.047431,0.00055285,-0.051011
-0.48396,-1.4238,-1.2494,0.39454,-1.7887,-0.041394,-1.0403,-0.11334
4.4196,0.049704,1.7807,-0.87804,-5.2816,-0.020139,-0.90432,-0.17976
4.3945,1.6002,0.78844,-0.20057,-3.2974,0.0014301,-0.19474,-0.16129
-0.69972,-3.0095,-3.0475,-0.57417,4.9535,0.041783,0.16643,-0.062863
-0.76582,1.3587,-2.11,0.93706,-6.3899,-0.035811,-0.35768,-0.040375
-0.69683,-5.6226,-1.1118,0.63543,1.9524,-0.29919,-1.9883,-0.017011
-0.67434,2.4138,-0.57495,-1.2732,-1.0784,0.052539,1.0469,0.10371
-0.67842,0.12874,0.93438,1.1093,-0.96218,-0.096507,2.1871,0.12468
-0.27997,-0.86547,0.17551,0.59282,-3.1086,-0.018509,-0.67131,0.26017
-0.62428,2.6672,1.0395,1.193,-3.0329,-0.12394,-0.31765,0.11115
-0.66861,-0.44591,0.80892,-0.39928,-1.1908,0.051602,-3.7942,0.15294
-0.66403,1.7374,-0.36133,0.10476,2.1263,-0.0065276,2.412,0.068294
-0.77514,1.7852,0.32874,0.092357,-3.3363,-0.049666,-1.4693,-0.042492
-0.69619,0.73914,0.51362,0.15095,-2.2316,-0.10713,-1.5833,-0.1074
-0.64699,1.5996,0.37787,0.76243,1.8037,-0.12405,-3.725,-0.14079
-0.63963,-0.84505,2.852,-0.46914,-5.9322,0.027485,-1.9381,-0.10932
-0.38169,-0.37602,1.7798,0.0023978,0.91904,-0.20664,0.042667,-0.11424
-0.54151,2.1757,1.8207,-0.84504,-6.0554,0.040352,-0.32447,-0.05454
4.471,-2.2035,-2.6488,0.097893,-0.9825,-0.022058,0.25192,-0.051911
4.4541,-2.0074,1.1349,-1.4519,-6.1084,0.046789,-2.7324,0.14196
4.3527,2.8248,0.30384,-1.0776,-1.839,0.05028,-0.20886,0.1004
-0.83737,-2.6888,-1.7656,-0.39765,4.0064,-0.067487,2.265,0.20016
-0.70748,1.0064,-1.3427,1.3013,-4.3433,-0.045963,0.80762,0.14084
-0.67916,-5.0128,0.54074,0.090025,0.78488,-0.071652,-1.4481,0.1295
-0.66912,4.9252,1.0014,-1.4684,0.56098,0.0050432,1.1833,0.0090553
-0.57861,1.2474,0.49765,0.10125,1.5561,-0.085482,2.2353,-0.0045739
-0.64227,-1.2784,1.8516,0.79891,-2.4268,-0.033308,-2.7957,-0.074205
-0.66319,1.4675,1.3616,1.1262,-0.3649,-0.029233,0.57111,-0.13872
-0.6591,0.2592,1.4915,-0.066757,-0.85097,0.079242,-1.4596,-0.080727
-0.78856,0.081461,-0.39143,0.81577,2.953,-0.0048141,2.2933,-0.13831
-0.66439,0.13402,0.7703,-0.5456,-2.5279,0.01655,-1.9161,-0.080435
-0.63874,-1.9213,-0.94456,0.13328,-0.44581,0.0044912,-0.88692,-0.021854
-0.63633,0.88885,-0.38489,0.78671,3.6309,-0.090821,-2.8794,-0.010756
-0.32789,-0.46304,0.72975,-0.29456,-4.7113,0.080981,-1.8144,0.13822
-0.61099,-2.5257,-1.0665,-0.49369,1.9392,-0.014813,-0.51457,0.12653
-0.63444,2.8572,0.60639,-0.63682,-4.89,0.079294,0.39112,0.23744
4.4616,1.3411,-2.2252,0.78074,-0.037129,-0.02784,-0.27689,0.056831
4.4251,0.41959,0.3862,-0.76193,-4.0623,0.057474,-2.7813,0.11225
-0.76788,3.5454,1.8892,-0.45112,-1.4521,0.0053897,-0.39331,0.046901
-0.68826,-1.4814,-1.0657,-0.87094,5.3886,0.12907,2.1632,-0.062401
-0.67961,2.2085,-1.9363,1.2515,-2.0671,0.039864,1.1345,-0.067828
-0.39493,-5.3836,-0.058463,0.3511,0.52604,-0.061904,-0.47775,-0.14683
-0.6238,2.9837,0.695,-0.89053,1.0029,0.050761,1.5067,-0.16477
-0.6588,-0.35171,1.6756,0.51277,1.1788,-0.068283,-1.4346,-0.10438
-0.66467,-3.8294,0.76144,0.54752,-1.4954,-0.012592,-3.9734,-0.098104
-0.9187,-0.84585,1.5874,1.1605,-0.63616,-0.051643,-1.7873,-0.040253
-0.7931,-0.27926,-0.35995,0.61612,-0.13914,0.053354,-1.2119,-0.010123
-0.68545,0.18633,-0.011715,-0.4216,2.0661,0.021889,0.73979,0.21332
-0.64372,0.72534,0.47542,0.19365,-2.1407,0.057994,-2.116,0.14131
-0.63225,1.128,-2.1875,0.40946,0.49729,-0.013285,0.2703,0.022587
-0.49575,3.2301,-1.4289,0.32013,5.1566,-0.078314,-3.6342,0.060408
-0.64863,2.203,1.3113,-1.5372,-4.7891,0.046789,-1.503,0.061747
-0.62784,-5.0195,1.8039,-1.3503,2.1193,-0.044192,-1.4436,0.00070738
-0.6433,4.7172,1.1757,-0.56605,-6.102,0.076027,2.1476,-0.073012
4.4227,2.0393,-0.64741,1.407,-0.24532,-0.0091909,0.37682,-0.14965
4.397,-1.1505,-0.16905,-0.90484,-3.1392,0.083067,-0.073947,-0.16416
-0.69294,1.2767,0.42538,-0.081813,-2.0191,-0.027147,0.37379,-0.14452
-0.67797,-3.0502,-2.5992,-1.2159,5.9457,0.14199,0.47169,-0.096109
-0.53073,2.4742,-3.4529,0.60415,-3.2338,-0.030311,-0.19781,-0.045145
-0.6238,-7.0062,-1.2105,-0.11591,0.62897,-0.085354,-1.2699,0.096355
-0.68846,0.22257,-0.76268,-0.29855,1.4386,0.059162,-0.34002,0.44156
-0.67006,0.44541,1.4482,0.98608,0.61269,-0.049294,1.8333,0.21391
-0.88097,-0.62347,-1.3744,-0.37483,-0.13971,-0.0011818,0.89794,0.11093
-0.70942,1.3728,-0.14024,1.3913,-1.4895,-0.009916,-0.63004,0.18071
-0.57605,0.23445,0.66016,0.83775,-1.1928,0.039909,-1.5944,0.12634
-0.64342,1.3759,2.2086,0.11118,2.9374,0.013726,1.0278,0.010272
-0.59385,2.1145,2.5929,0.57935,-0.14684,0.0046902,-1.7055,-0.053907
-0.52243,-0.44164,-0.68539,-0.22418,0.079296,0.034782,-1.6707,-0.11512
-0.68778,2.5259,0.13854,0.48021,4.6888,-0.11179,-3.1165,-0.11139
-0.63412,0.71504,1.347,-0.51475,-4.5381,0.010325,-1.0517,-0.12524
-0.61629,-6.6952,0.30063,-1.4084,0.68992,-0.041067,0.62608,-0.078902
4.4627,3.5375,0.50639,-0.11361,-5.9902,0.079306,2.4309,-0.09258
4.4499,-0.46236,-1.4207,1.6791,0.1035,-0.00083527,1.7983,0.080195
4.4429,-1.516,-1.9623,-1.3917,-0.96781,0.00070492,-1.6144,0.11991
-0.70003,-0.51121,-1.5017,-0.61382,-1.9225,-0.0457,-0.68443,0.062599
-0.51068,-2.6246,-3.8679,-1.7308,6.09,0.22176,0.51284,0.1608
-0.63797,3.8723,-2.7595,1.09,-1.5417,0.0040677,1.5828,0.17144
-0.69104,-3.0985,-0.084043,0.68211,0.74243,0.019701,-0.552,0.17007
-0.68506,1.4271,0.48201,-0.33139,-0.15364,-0.024041,0.2292,0.043396
-0.84522,1.9254,2.184,0.4389,-0.18146,0.00058941,1.5229,-0.017546
-0.71504,0.78672,0.77427,0.43765,1.721,0.0097279,0.59598,-0.10772
-0.66311,0.94662,1.5642,0.68427,1.5796,-0.069888,-0.62453,-0.10117
-0.65736,-0.04924,0.17263,0.77056,-2.0104,0.07921,-1.956,-0.1321
-0.41688,-0.49096,2.1649,0.41473,3.2852,0.0023029,1.0865,-0.096888
-0.51115,0.64644,3.011,-0.17307,1.64,0.058514,-0.075501,-0.066709
-0.65064,-3.4029,-0.86254,-0.1325,-0.036198,0.02581,-1.0578,-0.0041602
-0.6498,1.3492,-2.0915,0.10424,5.5136,0.046147,-1.8585,0.027163
-0.81164,1.2087,0.94356,-0.45814,-6.4666,0.069077,-0.75779,0.066517
-0.71404,-7.7347,0.52936,-2.5156,0.012522,0.022114,-0.022604,0.25462
4.465,4.1889,-0.52119,0.45225,-3.5152,0.080089,2.7916,0.054762
4.4337,1.8188,-1.7415,2.2614,0.52013,0.040602,1.3992,0.14394
-0.68336,4.0226,-0.22368,-0.76799,-0.15872,0.069584,1.1252,0.083797
-0.44504,2.8511,0.34022,0.78556,-2.4434,0.0032655,-0.16588,0.017087
-0.73492,-1.9811,-0.049482,-1.5971,6.8652,0.32248,0.54352,-0.034071
-0.689,3.9785,-0.078197,0.73203,-1.2574,-0.034829,0.32116,-0.15252
-0.68975,-2.0448,0.085025,0.27637,0.45896,-0.034803,0.98833,-0.10078
-0.79555,-0.23316,0.84671,0.16625,0.12749,-0.045251,-0.5809,-0.13656
-0.6616,-0.32539,2.3606,0.72874,-0.9713,-0.011283,3.4986,-0.13395
-0.65694,-2.4082,0.044013,-0.31416,1.9458,-0.018971,-0.44635,-0.059894
-0.65539,0.11547,0.61879,1.0958,1.1898,-0.04991,-0.10057,-0.032782
-0.35355,-0.65596,-0.22857,0.25299,-0.50385,0.052834,-2.51,0.11646
-0.48956,-0.61119,0.78001,-0.82212,2.6329,0.0011349,-0.25366,0.17168
-0.66113,1.452,0.30187,1.2241,2.5115,0.020593,-0.58833,0.17183
-0.65328,-1.1773,0.472,0.6136,-2.4465,-0.010237,-1.5689,0.017111
-0.76507,2.918,-0.94574,0.66241,5.703,-0.04545,-2.5475,0.085209
-0.71972,3.2742,2.5739,-0.96753,-5.1268,0.026086,0.040407,0.046219
-0.62556,-7.7725,-0.21428,-2.1837,3.8347,-0.058792,-1.9496,-0.032441
4.4262,3.6176,0.017868,0.51021,-2.8597,0.034621,1.2071,-0.07693
4.3973,1.5937,0.39658,1.9682,-0.26273,-0.088729,-0.42655,-0.1378
-0.5121,1.9836,1.6059,0.028507,-0.40224,0.03525,-1.0047,-0.16834
-0.75061,1.1226,0.53538,-0.16733,-2.2975,-0.011803,0.70138,-0.13566
-0.69263,-4.9777,-1.2072,-0.54853,5.3372,0.1357,0.85544,-0.10616
-0.85994,1.7008,-1.3317,0.92151,-1.5933,-0.090218,-0.24997,-0.023241
-0.9113,-4.4381,-0.99629,1.3657,-0.67846,-0.034566,0.30223,0.38527
-0.72239,-0.88213,-0.37565,-0.78866,-0.33867,0.0064422,-0.54639,0.29089
-0.66339,-0.069206,0.31001,1.075,-0.047855,-0.039469,2.66,0.13418
-0.65289,1.0882,0.81386,-0.55146,0.84457,-0.040065,0.20216,0.050259
-0.52692,0.61332,0.18785,0.67144,1.5237,-0.067025,0.53734,0.16122
-0.60234,0.77664,0.21476,0.089595,-1.3849,-0.0084913,-0.82456,0.10066
-0.65624,0.73028,1.187,-0.092976,3.3119,0.015484,0.21977,0.00058569
-0.65302,2.952,0.54865,0.65541,3.0676,-0.045232,-0.23352,-0.056292
-0.84826,-1.162,1.6679,1.1937,-4.8961,-0.050757,-3.3591,-0.09387
-0.67676,1.5927,-0.71793,1.2514,5.5536,-0.22964,-3.1601,-0.11025
-0.6258,2.7558,2.6888,-0.15517,-5.9253,0.05379,-1.2132,-0.13527
4.4914,-8.8441,0.21297,-2.8213,3.5652,-0.11736,-0.49082,-0.09718
4.4471,0.15863,-1.7266,0.28379,-4.2798,0.02907,1.8676,-0.04388
4.4235,-2.3089,-1.7331,0.45709,-0.84708,-0.045771,0.92255,0.061844
-0.70463,0.4459,-0.63353,-0.81432,1.015,-0.0086775,-1.219,0.1103
-0.696,2.2528,-1.375,0.032926,-1.3683,-0.0086069,0.72276,0.16411
-0.71273,-3.8526,-1.6109,-0.51836,4.4019,-0.043608,0.091718,0.18081
-0.7183,2.8877,-1.1662,0.72897,-1.7606,-0.019446,0.68204,0.24185
-0.64828,-0.077914,0.53989,1.3517,-0.73185,0.029609,1.4171,0.16255
-0.65634,2.0342,0.34303,0.00638,1.9393,-0.023187,1.5467,0.031665
-0.56121,1.4687,0.81418,0.56377,-0.68182,0.0097408,5.1708,-0.04405
-0.52617,1.4963,0.91375,0.079267,0.11996,-0.066441,-0.55091,-0.08355
-0.64498,0.17953,0.82899,0.77988,2.7168,-0.054043,1.1834,-0.14663
-0.64946,-1.1476,0.74529,-0.52697,-1.2304,0.056364,-0.36475,-0.18093
-0.77274,-0.59292,3.4825,-0.15987,0.1885,-0.011289,-0.93217,-0.12775
-0.8475,1.3386,-0.06673,1.7458,5.428,0.10886,-2.5916,-0.079121
-0.63264,-1.8284,0.68659,-0.23429,-5.7128,-0.018252,-2.1955,-0.054223
-0.62327,-0.89661,-0.89611,0.75836,5.9562,0.052558,-2.8355,0.054591
-0.62555,3.82,1.9767,-0.2658,-4.7842,0.079916,0.24823,0.028769
4.4725,-4.418,-0.3127,-2.7695,3.9151,-0.065049,0.78554,0.049359
4.442,0.12048,-2.9961,-0.14075,-4.9123,0.063815,1.5641,0.27259
-0.70909,0.30986,-1.326,0.83865,-0.70587,-0.010859,2.087,0.25122
-0.69857,1.2314,-0.86329,-0.68595,3.4169,0.041822,-0.64998,0.059727
-0.92114,4.8405,-0.28131,0.86772,-2.6893,-0.061044,0.91268,-0.0024565
-0.74736,-4.6555,-0.5872,0.88492,4.4869,0.017313,-0.085391,-0.081141
-0.67992,3.1986,-0.21931,-0.13842,-1.1956,-0.057932,0.58371,-0.13872
-0.67339,-1.8344,1.4951,-0.0015266,-0.12747,-0.037742,1.1771,-0.15722
-0.54788,0.17909,-1.0782,-0.9343,2.5926,-0.0035755,2.1708,-0.15488
-0.60719,-1.0652,1.0351,0.29018,0.52746,-0.014087,2.0498,-0.11497
-0.66722,-0.098972,0.29327,-0.51827,1.0504,0.012173,-0.3916,-0.071333
-0.66075,-2.1727,0.28798,0.71468,1.7143,-0.023142,1.7239,-0.0024322
-0.7091,0.06565,-0.36935,-0.26698,-1.0843,0.0695,-0.87164,0.11312
-0.76337,-2.4341,2.5729,-0.11109,2.4423,0.035257,-0.23457,0.20658
-0.61891,2.7203,0.59758,-0.045003,5.6389,0.21281,-0.22523,0.065446
-0.63353,-0.73855,0.54282,-0.46514,-3.4677,0.0062817,-0.54165,0.16199
-0.62065,1.7264,-1.6855,1.6276,6.9045,0.11405,-3.0877,0.094019
-0.51338,4.4681,2.5875,-0.057836,-5.0355,0.0014044,-1.2198,0.065227
4.4268,-3.0123,1.2551,-2.0371,3.9105,-0.089159,0.43364,-0.018422
4.3915,0.53806,-0.26713,-0.14813,-4.8117,0.039248,1.1564,-0.10847
-0.70281,1.6129,-0.45714,1.114,-0.82464,0.04186,3.3207,-0.091655
-0.80281,-1.29,-1.9979,-0.84604,3.1472,0.024918,0.94854,-0.14371
-0.67402,2.5757,-1.0989,0.30927,-2.4533,-0.055159,-0.42827,-0.12578
-0.67625,-7.1065,-1.2075,0.11667,2.8402,-0.012907,-0.8175,0.078467
-0.67714,1.1519,-0.82171,0.64306,-0.99143,-0.065363,1.1027,0.083675
-0.50062,-1.538,0.81339,0.65426,-1.4074,-0.033333,-0.2242,0.1968
-0.55605,-0.58485,-1.0058,-0.39479,3.1871,0.012866,1.4052,0.11349
-0.67265,-1.4683,1.0639,0.5766,1.1166,-0.058811,0.94377,0.20096
-0.66461,1.279,-0.013726,-0.79162,0.98427,-0.03651,-1.8765,0.13286
-0.94264,0.16533,-0.39856,0.63057,2.6426,-0.0081063,0.34949,0.13938
-0.66935,2.4616,-0.7969,-0.5763,-1.5675,-0.0070859,-1.1377,0.080998
-0.64498,-0.60506,2.1901,-0.31338,2.2986,-0.0077084,-0.10837,0.00022063
-0.64224,2.6757,1.1167,-0.61182,5.6497,0.22182,-1.3768,-0.044926
-0.51229,2.3256,0.58054,0.2703,-4.6224,-0.021987,-2.2116,-0.081214
-0.5542,-0.21052,-2.6594,1.2519,5.585,-0.058792,-1.5223,-0.14812
4.4543,2.952,1.9294,-0.30474,-4.9801,-0.021442,-2.057,-0.10076
4.4299,-5.4976,-1.0531,-1.6411,3.7831,-0.20697,-0.29499,-0.099905
4.4027,-1.0281,-0.048293,0.21566,-7.2371,-0.014428,2.06,-0.036067
-0.83049,0.12036,0.95082,0.95581,-2.0548,0.0048442,2.588,0.040622
-0.72762,-2.6451,-2.3571,-0.81341,2.5692,-0.011251,-0.93766,0.090612
-0.68901,1.9703,-2.6425,1.1784,-4.1808,-0.1147,0.35223,0.1341
-0.67965,-2.8456,-2.2225,0.15223,1.9067,-0.054896,-0.078385,0.067564
-0.52115,2.2839,-0.84372,-0.067663,-1.8384,-0.032069,0.84351,0.18855
-0.65435,0.35029,1.3083,0.46988,-1.2892,0.021645,0.91117,0.19753
-0.67418,1.1711,0.017913,-0.32218,0.79675,-0.055275,0.6202,0.038188
-0.66706,1.0761,2.8451,0.59494,-0.32255,-0.054441,1.4908,-0.053785
-0.81263,1.4846,0.83808,-0.47574,0.67825,0.018295,-0.70811,-0.10986
-0.68802,0.1629,0.50849,0.32762,1.7223,-0.049512,2.0955,-0.15844
-0.65119,0.60991,1.265,-0.74048,-0.98965,0.050203,-0.40434,-0.14011
-0.63833,-2.6631,1.5003,0.0045174,0.76619,-0.034123,-0.65313,-0.10482
-0.45538,1.1182,0.36878,-0.44487,5.6341,0.070007,-1.6528,-0.087834
-0.55251,2.7126,-0.23848,0.85569,-4.6083,0.040673,-2.3752,-0.066465
-0.64268,-5.7177,-1.6824,-0.51906,5.363,0.08856,-1.6765,0.11882
4.4683,4.2026,0.025467,-0.4079,-4.393,0.022556,-1.6693,0.018206
4.4499,-2.3763,-2.0263,-0.35646,3.6885,-0.18823,0.56985,0.41238
-0.72838,0.80301,-0.41437,0.085195,-6.9779,0.015202,2.0628,0.16908
-0.69068,1.2836,0.52136,1.2059,-2.3278,0.039345,1.4095,0.1727
-0.68501,-0.79732,-0.92839,-0.74235,2.2952,-0.01865,0.38682,0.029377
-0.64418,3.1891,-2.4388,1.3969,-1.3027,-0.06193,-0.15471,-0.0061316
-0.55723,-5.3496,-0.80932,-0.77714,0.39409,0.0031885,-0.065438,-0.10042
-0.70847,2.6498,0.36345,0.26102,-3.1955,-0.01163,0.43751,-0.18716
-0.67243,-0.35296,1.4775,0.77616,0.7331,-0.0077405,-1.5503,-0.14931
-0.79346,0.076984,-0.40695,-0.79752,0.001148,-0.015782,0.55219,-0.17192
-0.86143,-1.5257,2.9682,0.85991,-0.78141,-0.056032,-0.63355,-0.13013
-0.64391,-0.44981,0.24622,0.10473,1.6681,0.046699,-1.2018,-0.059456
-0.6511,-1.4781,1.2133,0.097148,2.071,0.014329,2.6079,0.069997
-0.65228,0.95051,1.6791,0.054687,-0.35139,0.065605,-1.4043,0.03405
-0.46768,-1.3433,1.7793,-0.65171,-0.29228,-0.045726,-1.3332,0.034415
-0.65894,1.3793,0.048273,-0.63649,5.6399,0.12331,-1.3103,0.2042
-0.64397,3.6295,-1.0085,0.64505,-3.011,-0.03024,-0.78482,0.16679
-0.63782,-5.3271,-2.1334,-1.1871,5.0709,0.023872,-2.4283,0.036922
4.4352,4.9543,0.33965,-0.77944,-4.5851,0.056755,0.12,0.029913
4.3975,0.13173,-2.3954,-0.2751,2.3021,-0.09136,-0.49358,-0.044537
-0.70382,1.2069,-0.54743,-0.08453,-5.4244,0.025804,0.69095,-0.10438
-0.6892,0.35555,0.11538,2.0008,-2.9055,-0.037299,1.0456,-0.15754
-0.58143,-2.2453,0.49742,-0.65626,2.7895,0.023917,1.1257,-0.13174
-0.65024,1.8846,-0.39959,0.9881,-1.0484,-0.055859,1.0235,-0.063228
-0.69013,-4.6486,-0.35656,1.0645,-0.25048,0.026407,0.38219,-0.027671
-0.68032,0.0045571,0.18018,0.49928,-2.0662,-0.00346,0.2876,0.020835
-0.88169,-1.1553,-0.82567,0.54739,-0.68953,0.025541,0.016929,0.050089
-0.68292,0.28354,-1.1217,-0.47474,-1.5233,-0.083441,0.76478,0.18692
-0.63679,-1.4141,-0.11791,0.9222,-0.80069,-0.043281,-0.96849,0.11217
-0.65285,0.73505,1.0519,-0.15136,0.036779,0.054991,-1.4464,0.18368
-0.64078,-0.26307,1.2566,-0.265,1.5468,0.027363,2.9568,0.13121
-0.53062,2.5066,2.85,-0.39066,2.3763,0.02153,-0.82359,0.079173
-0.72519,-1.1217,0.43799,-0.072474,-0.62189,-0.021769,-0.77409,-0.018422
-0.64493,2.862,0.11526,-0.021271,6.3528,0.18426,-1.6504,-0.05252
-0.98525,3.9639,1.3788,0.44522,-3.8068,0.056665,-1.0447,-0.078707
-0.75528,-7.9816,-1.4321,-1.6016,4.4245,-0.12907,-0.63282,-0.15557
4.4284,3.2482,-0.13632,-0.81577,-6.2803,-0.0048013,0.87907,-0.14488
4.4034,-1.5183,-2.796,0.22983,0.93783,-0.12324,-0.50082,-0.090681
-0.69701,0.077819,-0.69108,-1.8237,-4.662,0.052956,-0.70612,-0.033609
-0.59274,0.90956,0.16738,0.46166,-4.0713,0.0075139,0.14783,0.027552
-0.64794,-3.4234,-0.61283,0.21823,4.2577,-0.011495,1.5479,0.044686
-0.69297,1.7311,-1.2695,1.6542,-0.94255,-0.059979,1.2656,0.19585
-0.68711,-4.5016,-0.69399,1.199,-0.61471,-0.018163,0.31011,0.10018
-0.79211,1.868,-0.35395,0.1261,-2.237,0.027299,0.26289,0.29006
-0.73562,0.59929,-0.80845,0.23125,-0.43082,-0.022995,-0.88746,0.12378
-0.65777,2.6338,0.85679,-0.36568,0.4328,-0.025222,0.89672,0.019983
-0.65864,0.13455,1.1961,0.31699,-0.063699,-0.065299,-1.2372,-0.046094
-0.37934,1.6012,0.66571,-0.087247,-2.0029,0.029584,-0.70278,-0.12222
-0.60748,-1.3115,1.7296,0.22209,2.1382,0.034204,1.0571,-0.15097
-0.64574,0.9141,3.6799,-1.0843,2.6135,0.055652,1.8817,-0.15014
-0.64837,-4.9776,1.6591,-0.16619,-0.55274,0.0032591,-0.15504,-0.10365
-0.81373,1.6918,-0.34113,0.04028,6.1756,0.11198,-2.037,-0.072258
-0.74975,2.6192,0.61812,0.86762,-4.4463,0.019264,-1.2514,0.083773
4.4729,-9.8366,-0.84821,-2.5445,5.668,-0.017675,-1.4207,-0.030226
4.4661,-0.25781,-0.84527,-0.41535,-5.0429,0.048535,1.4344,0.41394
-0.52628,-1.1487,-3.4616,-0.026101,0.6177,-0.049769,0.42741,0.13744
-0.50824,0.86643,-2.4579,-1.4665,-4.0221,0.037779,-1.0286,0.1784
-0.73577,2.1182,-0.11561,0.43358,-2.7293,0.022441,0.7447,0.081168
-0.69159,-1.5064,-1.3306,-0.069417,3.9582,-0.039161,1.9944,0.085209
-0.69477,5.054,-0.83794,2.1762,-0.66663,-0.041086,0.99874,-0.024263
-0.71557,-2.1434,0.21198,1.1831,0.31279,0.041174,-0.83904,-0.11151
-0.67162,0.92852,-0.38085,0.0698,-1.3523,0.0010065,1.5637,-0.12989
-0.66315,-0.81773,-1.6105,0.077796,-0.73813,-0.042125,-0.24548,-0.15822
-0.65147,1.4463,1.2799,-0.42711,0.67715,-0.072897,-2.7203,-0.10015
-0.37769,-1.0062,-0.069441,0.053897,1.2519,-0.068745,-0.75359,-0.102
-0.53448,-0.61282,0.93872,0.67838,-2.311,0.0045105,1.0496,0.0094203
-0.65988,-2.8825,0.32409,-0.47262,3.2688,-0.030754,0.85392,0.12249
-0.65686,0.78811,2.975,-0.80221,3.3199,0.06651,1.8956,0.039867
-0.81716,-5.3065,1.3599,-0.2345,-0.55509,0.041796,-1.0987,0.18439
-0.67292,1.527,-0.97652,-0.42904,7.0597,0.26154,-1.6826,0.18974
-0.62246,4.0789,-0.93378,1.2559,-4.3149,-0.010776,-2.3069,0.16326
4.4488,-6.6709,-1.7782,-2.8902,6.2095,0.083811,-0.88059,0.021395
4.4113,1.8046,0.7108,-0.57335,-3.0886,0.011287,1.0619,0.030083
-0.60527,-0.22478,-0.83634,0.051873,0.36541,-0.04871,1.9537,-0.028498
-0.70731,1.781,-2.1217,-1.0456,-2.2696,0.044723,1.4051,-0.11429
-0.69481,2.3832,0.68165,1.3208,-3.4615,0.036746,1.5939,-0.11874
-0.75774,-6.6176,-1.3048,-1.0813,4.7699,0.037496,-0.33916,-0.14841
-0.81329,2.8434,-0.52408,1.0267,-0.80624,-0.057521,1.5597,-0.10224
-0.6653,-3.8101,-0.63973,1.061,1.4686,0.036515,1.2061,-0.01151
-0.66411,-0.85833,0.78362,-0.056853,0.38092,-0.054723,0.85119,-0.00141
-0.66294,-0.83721,-0.60363,0.55526,-1.4996,-0.0036461,-0.69291,0.019837
-0.47108,0.73195,1.1513,-0.29133,1.9471,-0.05729,-2.0554,0.08516
-0.62279,-0.74017,-1.2132,-0.036127,2.0621,-0.044885,-0.86169,0.24173
-0.66093,0.75373,0.70074,0.46913,-2.9179,0.0060379,-1.4814,0.18005
-0.65296,0.75023,0.22608,-0.81021,2.4723,-0.025145,-0.40411,0.058899
-0.8263,3.0019,0.7403,-0.76016,2.8115,0.064623,1.5305,0.036557
-0.66453,-2.5606,-0.77122,0.61322,-1.3958,0.034063,-0.63805,-0.0079812
-0.63162,2.4946,-1.4858,0.17622,7.2654,0.32551,-0.96963,-0.068071
4.4204,3.7753,0.72458,0.16332,-4.4849,-0.0043264,-4.207,-0.098323
4.4189,-6.1491,-0.85094,-2.7176,5.8812,-0.072923,-0.36891,-0.18694
4.3938,0.6517,0.3193,0.011865,-3.733,0.01148,2.6598,-0.15975
-0.70457,-1.6303,0.23924,0.63573,0.64755,-0.019298,3.1378,-0.14549
-0.70315,0.22619,-2.1804,-1.9591,-2.481,0.022332,1.6018,-0.05875
-0.86576,1.359,-1.8376,0.22595,-3.5925,-0.040245,1.8093,0.032395
-0.76233,-4.911,-3.2732,-1.1185,4.5789,0.056479,1.1853,0.07871
-0.64859,2.2155,-2.0936,0.90704,0.29647,-0.033064,2.1775,0.28517
-0.66768,-3.7845,-1.8777,0.82087,-0.43843,0.02925,1.0226,0.30418
-0.57136,2.117,0.40119,-0.2086,0.61368,0.025085,1.7651,0.11322
-0.55858,0.86482,0.16234,0.53177,-0.70232,-0.03162,-0.89776,0.13982
-0.62294,2.2449,2.6464,-0.63042,1.1943,-0.014075,0.26025,0.059848
-0.66103,0.59168,2.2289,0.28396,1.7957,-0.097714,-2.6675,-0.038185
-0.82781,1.9996,0.95941,0.15813,-4.7912,0.020477,-0.76317,-0.10127
-0.76908,0.27031,-0.86544,0.038071,2.7236,-0.00067484,0.21175,-0.13924
-0.59816,1.9129,0.59322,-1.3716,3.6236,0.041437,0.6855,-0.11577
-0.63282,-2.5849,0.099222,-0.70114,-2.2629,0.012494,-1.5562,-0.11378
-0.63454,0.58315,-0.78535,0.054057,7.2167,0.24499,-1.1255,-0.043855
4.4727,3.3278,-1.8102,0.26275,-5.1534,0.012686,-1.842,-0.091217
4.456,-5.5381,-0.70313,-1.4365,5.5361,-0.078551,-2.7987,0.16214
4.4142,1.161,-0.70261,-0.62768,-4.155,0.071573,-0.43239,0.11286
-0.69978,-1.1542,-0.33118,0.10524,-1.353,-0.023226,2.6262,0.11135
-0.89206,1.9873,-2.3107,-0.15447,-2.6594,0.071952,0.70036,0.17864
-0.74837,2.6864,-0.36663,1.4487,-2.0452,-0.0048847,1.4286,0.15175
-0.67578,-4.3615,-1.593,-0.68968,1.5905,-0.010487,0.93128,0.085501
-0.67813,4.2373,0.21043,0.050679,1.7164,-0.03017,1.9903,0.0030195
-0.41988,-1.2095,0.18622,0.92149,-0.054746,0.020445,0.36521,-0.063618
-0.64577,1.8746,1.6093,0.38877,0.69376,-0.021724,2.4339,-0.14211
-0.66316,0.32606,0.46694,1.3151,-0.16014,-0.024882,-0.088037,-0.12239
-0.65868,0.27923,2.7162,-0.52939,0.93223,-0.0060206,-1.3764,-0.14001
-0.6634,-0.74017,1.727,0.38814,1.5787,-0.11537,-2.9374,-0.077928
-0.72196,-1.0458,0.73599,0.48496,-4.2787,0.0069491,0.95382,-0.033001
-0.64019,-1.1219,-1.488,0.19701,3.8359,0.0054731,2.5017,0.046219
-0.63885,1.0765,-0.016135,-1.4188,3.6562,0.0683,1.2907,0.093581
-0.39284,-3.7075,0.45026,-0.45809,-2.3579,-0.005366,-1.5855,0.10675
-0.50233,0.83353,-1.1204,-0.28291,8.2759,0.45262,-1.158,0.2288
4.4587,5.053,-1.6121,0.88719,-4.6308,-0.069817,-1.2599,0.074768
4.4197,-3.7994,-1.8378,-1.8759,5.9898,0.12165,-0.0020223,0.13109
-0.70476,3.3083,0.015504,-0.8823,-4.7794,0.074185,0.95224,0.077639
-0.86703,-0.079122,-0.18026,0.13617,-1.125,-0.061628,1.9597,-0.043174
-0.69343,1.8392,-0.29521,-0.87109,-2.6459,-0.0022215,1.4277,-0.058044
-0.68324,1.4972,0.23537,1.1504,-1.3069,-0.0046986,1.3107,-0.16589
-0.6704,-4.2,-0.66019,-0.12118,1.0234,0.022755,0.81128,-0.08652
-0.49563,2.3679,-0.028244,0.91595,2.1174,-0.02354,2.7661,-0.1249
-0.65079,-4.2098,0.72608,0.69208,-0.51083,0.017756,0.010314,-0.11271
-0.6699,-0.41544,0.2194,0.73753,1.4673,-0.020351,1.874,-0.013482
-0.66287,-1.2115,0.2412,0.91952,0.99003,0.050267,-1.8593,-0.021562
-0.89252,0.375,1.9447,-0.52317,-0.19222,-0.024394,-0.60683,0.13279
-0.677,-1.076,3.4742,0.20969,1.2288,-0.10476,-1.4976,0.17222
-0.63893,0.26231,2.1585,-0.05659,-2.0297,0.050075,-3.023,0.15866
-0.63574,0.92525,-0.18826,-0.069269,2.6266,-0.017572,0.85477,0.018596
-0.32294,4.039,0.38201,-1.2062,5.0751,0.17904,1.183,0.049797
-0.63779,0.47493,1.6146,0.19051,-0.4236,-0.02734,-0.08647,-0.011608
-0.63217,-1.3658,0.015478,-0.67547,7.2755,0.39643,0.022419,-0.077685
4.4227,3.8579,-0.47748,0.73723,-3.3698,0.025707,-0.46734,-0.14147
4.3927,-4.2731,-1.1764,-0.88214,6.1147,0.047527,-2.1733,-0.15415
-0.78122,2.5897,-0.58028,-0.22518,-6.6063,-9.7263e-05,0.35144,-0.1461
-0.70486,-0.58566,0.40214,1.0987,-1.9456,-0.099517,0.19862,-0.11234
-0.68279,0.87871,0.059829,-0.58304,-1.7933,0.046757,-0.16905,-0.066563
-0.68018,1.2612,1.2678,1.3387,-0.73716,-0.074803,1.7949,-0.079729
-0.54314,-7.3929,-2.2922,-0.33722,-2.5898,0.014689,0.18868,0.34798
-0.66,1.7671,-1.0059,0.64503,1.3051,-0.060313,2.6403,0.27061
-0.67203,-0.36804,-0.9419,1.5041,-0.78736,0.0097472,0.34716,0.2116
-0.6615,2.5049,-0.41888,0.45095,-0.23624,0.002797,1.3967,0.033588
-0.76539,1.2445,-0.063724,0.79418,-0.020386,-0.046464,0.65176,0.13218
-0.69401,1.6228,2.3098,-0.18945,-1.312,-0.030208,-1.5164,0.047826
-0.64847,0.45654,3.0852,0.31749,1.3182,-0.085161,-2.589,-0.042492
-0.6396,1.2894,-0.385,-1.0377,-1.5621,0.023814,-2.1059,-0.074497
-0.34996,-0.02869,0.8489,-0.99708,0.78395,0.019149,0.27095,-0.093042
-0.62803,2.6103,0.98882,-1.5577,6.2707,0.28635,1.226,-0.13047
-0.62921,1.8851,0.85291,0.88322,-1.7359,-0.028687,-0.73152,-0.11074
4.419,-6.1243,-0.14927,-0.92951,6.3902,0.21576,-1.1732,-0.10906
4.4477,1.8486,-0.49019,0.28992,-3.126,0.044729,-0.27149,0.09543
4.3716,-3.5834,-2.1097,-0.42912,5.3683,-0.021179,-1.1372,0.069657
-0.68003,2.1267,-0.87691,0.39457,-5.8767,0.051467,0.99051,0.17796
-0.67939,0.78166,-0.63233,1.6444,-1.6964,-0.0037424,1.7037,0.12921
-0.58728,0.097606,-0.70081,-0.59331,-1.1475,-0.0066303,0.25352,0.11071
-0.59422,3.4083,0.55241,0.78236,1.2096,-0.052772,1.6363,0.18137
-0.73599,-3.3998,-1.4543,-0.91741,0.43497,0.034666,0.78334,0.080682
-0.66916,4.0583,1.0586,0.92273,0.76468,0.046956,3.1857,0.019058
-0.8675,0.26397,0.79216,1.2729,0.28486,0.020067,0.015098,-0.070043
-0.69251,2.4979,0.12275,-0.22802,0.64177,-0.021577,0.28372,-0.095476
-0.62365,0.25209,-0.11674,1.1264,1.2509,-0.040836,1.8015,-0.17178
-0.64364,-0.21921,2.5215,-0.36592,-1.176,-0.011867,-0.56428,-0.10801
-0.64517,0.37641,0.74924,1.2968,0.096398,-0.010487,-2.5053,-0.04882
-0.42872,-0.047333,-0.66124,-1.6689,-1.3771,0.018449,-1.57,-0.070067
-0.6832,-3.4488,-1.1156,-1.1162,0.79708,-0.0081833,-0.63219,0.0071569
-0.64,1.1235,0.53195,-1.3964,7.409,0.42652,0.18429,0.075084
-0.63208,4.9583,-0.44102,1.9131,-3.0532,0.018083,-0.75533,0.048118
4.4621,-7.5877,-0.65672,-1.7942,6.3377,0.13588,-0.34758,0.080219
4.4328,3.3854,0.29057,-0.96292,-3.2118,0.070123,-0.71175,0.17626
-0.69324,-2.5778,-1.3804,-0.94641,4.5141,-0.18371,-1.9142,0.16477
-0.69845,2.2529,-2.1978,0.82457,-5.4336,0.042669,1.4109,0.012828
-0.52751,2.4872,-0.39193,1.4096,-2.6191,-0.00058499,2.6533,-0.020564
-0.6387,-1.5537,-0.18101,-0.82745,0.46503,0.0053063,-0.0090735,-0.13218
-0.68061,2.9363,2.2928,0.57648,0.31593,-0.0090497,1.5344,-0.17516
-0.67915,-5.1622,-1.5297,-0.88487,0.96067,0.031451,1.5263,-0.1884
-0.78374,2.4868,1.1271,1.1724,0.1804,0.0422,1.7822,-0.14573
-0.85465,-1.5161,0.27024,1.7578,-0.76098,-0.062475,-0.88005,-0.065102
-0.63896,0.4114,-0.18629,0.087681,-1.3777,-0.09842,-0.25862,-0.068607
-0.65403,-1.2746,0.67341,1.1522,0.81242,0.022082,2.0432,0.082264
-0.38227,-0.46975,2.4335,-0.67362,-1.2195,-0.056648,-0.78581,0.12566
-0.46945,0.063042,0.80016,0.61637,-0.69876,-0.065485,-3.6683,0.17506
-0.7151,2.1873,0.69732,-0.50951,-1.2459,0.06153,-1.6354,0.063012
-0.64817,-1.0851,-0.44514,-1.3086,0.74386,-0.0052184,-0.71517,0.099446
-0.86841,3.4346,0.902,-1.2413,5.8548,0.20864,1.0852,0.028209
-0.73707,5.8309,0.49804,2.1642,-3.5281,-0.0010406,-1.1169,0.0071569
4.4216,-6.6189,1.0467,-1.7109,5.671,-0.00042456,0.62402,-0.058555
4.3889,2.7669,-0.28106,-1.1138,-4.0474,0.029834,-0.6606,-0.12495
-0.69027,-2.4326,-1.396,-1.9289,2.0094,-0.3017,1.1938,-0.083112
-0.48937,2.2736,-1.9816,0.27143,-3.7876,0.054118,2.1398,-0.12738
-0.68114,-0.97638,-0.27692,2.1388,-2.1778,-0.05756,1.7853,-0.11667
-0.69421,-4.9333,-0.9385,-0.76451,-1.9796,0.015208,-1.1734,-0.12612
-0.69155,0.15677,0.67209,-0.11971,0.54274,-0.051842,2.0491,0.24966
-0.94906,-3.2477,-2.2516,-0.78872,-0.1199,-0.0037745,1.1999,0.23182
-0.68545,1.1736,-0.37355,0.43766,0.73804,0.028647,1.7376,0.10991
-0.65473,-0.87504,0.010711,1.076,-2.7184,0.016068,-2.8488,0.2123
-0.65381,0.55233,-0.089022,0.10777,0.20973,-0.069971,0.22474,0.18183
-0.2402,1.4741,1.7469,0.24164,0.8186,-0.080149,0.86171,0.13934
-0.58521,0.66005,3.0942,-0.74203,-1.2241,-0.04629,-1.2764,0.043226
-0.65504,1.7699,1.1498,0.43019,-0.59613,-0.018952,-2.155,-0.037722
-0.65247,1.6939,1.5588,-0.58701,-1.917,0.0089642,-1.1389,-0.062985
-0.79729,-2.4254,-0.0064601,-0.76488,-1.0345,0.039396,-1.3709,-0.096474
-0.71705,2.4011,0.61285,-1.4731,5.507,0.15939,0.58015,-0.15338
4.4512,3.8533,0.30587,2.0401,-3.4975,-0.041554,-1.6045,-0.10112
4.4377,-7.3452,0.30609,-1.2269,6.6478,0.12528,-0.64057,-0.025821
4.4094,0.55618,-0.84708,-0.70023,-5.2378,0.040911,-1.3939,0.036095
-0.41575,-5.7976,-2.2288,-1.7789,2.0784,-0.30006,-2.1153,0.071944
-0.71034,0.59735,-2.7273,0.55966,-4.0065,0.043702,1.1715,0.13968
-0.70097,-0.75543,-1.9405,2.0457,-2.7179,0.014008,2.4713,0.17394
-0.73077,-1.9412,-2.1521,-0.46631,-0.98006,0.034641,-0.038203,0.081314
-0.81728,3.5902,0.82972,0.07795,-0.10354,-0.062886,2.4021,0.19643
-0.75874,-2.9675,0.03281,-0.64184,0.26243,0.039505,-1.2789,0.10173
-0.66821,4.0705,0.19162,-0.4051,1.9838,-0.012605,3.1835,-0.02458
-0.65592,-0.064653,-0.31597,1.5717,-1.4903,0.022287,-1.8507,-0.052568
-0.51507,1.4868,-0.84098,-0.24134,0.50579,-0.07771,-0.8312,-0.13439
-0.61941,0.23017,1.6288,0.60151,0.53288,-0.039866,-0.13796,-0.17046
-0.65617,-1.926,3.8088,0.27865,-1.8583,-0.017373,-0.13774,-0.14113
-0.65417,-0.72729,-0.40944,1.0988,-0.29122,-0.0049874,-0.72196,-0.11582
-0.83541,1.9009,-0.25935,-0.8212,-1.1631,0.059297,-1.8892,-0.060892
-0.67215,-5.1086,-0.98445,-1.6713,-2.0536,0.01003,-1.7055,0.0080574
-0.62249,0.79109,0.30696,-0.95488,5.7979,0.2162,-0.67737,0.21812
4.4749,5.3244,-0.6287,1.8816,-3.2341,-0.034225,-0.83751,0.0083738
4.4511,-6.2485,-0.64788,-0.79807,7.2715,0.21705,-1.9886,0.31527
-0.55806,1.635,-0.33042,-1.1819,-5.4836,-0.023765,-2.1414,0.23416
-0.76864,-3.7384,-0.68694,-1.5541,3.2308,-0.21295,-0.82635,0.11273
-0.69768,3.4727,-3.1328,0.12585,-2.7947,0.036989,4.2212,0.025727
-0.79752,1.0464,-0.60984,1.682,-3.8586,-0.048447,2.0731,-0.040351
-0.69403,-2.7168,-0.66743,-0.25614,-1.6615,-0.016879,-0.88387,-0.1352
-0.61311,2.0913,0.67496,-0.16142,2.0831,0.015831,2.6408,-0.18672
-0.66288,-3.2669,0.58887,-0.6966,1.5229,0.0097857,1.548,-0.1526
-0.66254,0.97618,1.3395,-0.57519,2.4168,-0.0087031,2.0613,-0.1175
-0.50468,0.44785,-1.4688,1.4761,-0.69764,0.021953,-0.57408,-0.12088
-0.5855,-0.35522,-1.1991,-1.0031,0.75245,-0.0033253,-0.71131,-0.0047686
-0.65987,-0.44815,1.0304,0.43007,1.9169,-0.015377,-0.24599,0.10575
-0.65303,-0.66734,2.5909,-0.17256,-2.8144,0.058392,0.65634,0.077299
-0.81177,-0.10494,0.096973,1.215,0.38196,0.02006,-0.50651,0.041425
-0.69635,1.9383,-0.42206,-1.3706,-0.47215,0.06694,-2.3982,0.19724
-0.62727,-3.1195,-0.2896,-1.2421,0.03938,0.040012,-0.28906,0.13593
-0.63381,3.1914,0.62047,-1.4395,5.9357,0.2373,2.1586,0.02799
4.4392,5.8856,0.54371,1.853,-3.814,-0.066307,-1.3079,0.0049178
4.3988,-2.194,2.1423,-0.25933,6.9214,0.13491,0.50278,-0.07659
-0.6951,2.9567,0.063774,-0.97597,-5.3698,-0.0017145,-1.0979,-0.12938
-0.69684,-3.3136,0.82949,-1.6131,2.5452,-0.1946,0.82355,-0.12527
-0.85702,0.56542,-4.0611,0.035868,-2.8685,0.0038559,1.2244,-0.12281
-0.73201,-1.1725,-1.8932,1.3224,-3.7144,0.00037763,1.9331,-0.0016047
-0.65804,-7.1237,-2.6649,-0.46942,-1.0411,-0.01154,-1.423,0.14306
-0.66887,-0.77906,-0.302,-0.56887,1.2096,-0.05437,2.5348,0.15878
-0.40526,-3.6579,0.5516,0.48375,-0.71239,-0.027795,0.58548,0.094579
-0.58785,0.82201,2.7217,-0.20344,1.414,-0.03232,0.81553,0.18446
-0.61643,-0.25243,-0.7773,0.071553,-2.7275,0.0048891,-1.4811,0.17098
-0.65952,0.53087,-1.0176,0.32993,-0.55393,-0.060666,-0.89654,0.16492
-0.60977,2.2806,1.6513,-0.059769,0.95445,-0.10723,-1.029,0.10137
-0.81081,0.83569,0.38882,-0.30641,-5.5552,-0.016032,0.50086,0.035365
-0.66189,0.79333,-0.3555,-0.069217,-0.4733,-0.010128,1.6424,-0.033025
-0.6299,3.14,-0.60433,-1.122,2.7535,0.079422,1.1232,-0.062985
-0.62269,-0.49694,1.5836,-1.1589,-1.3265,0.013655,-0.50897,-0.062352
4.4589,0.55927,-0.16247,-1.0709,6.8482,0.2881,-0.12118,-0.12991
4.4334,2.897,-0.27342,1.4106,-5.1928,-0.067795,-1.2442,-0.13522
4.4076,-5.1165,-0.74228,-0.69011,6.9163,0.0029896,-0.0026709,-0.075689
-0.69532,1.4185,1.1577,-0.51538,-5.7152,0.048124,-1.6543,-0.030883
-0.88049,-3.6727,0.77369,0.039458,-0.085432,-0.085957,1.1407,0.05189
-0.77142,-0.26643,-2.7716,0.022123,-2.4185,0.077067,0.25907,0.13143
-0.6669,2.2078,-1.1932,0.87033,-1.682,0.0060699,1.6764,0.27069
-0.66979,-5.034,-2.2208,-0.39903,-0.64091,0.041244,0.58792,0.10475
-0.34622,3.3248,0.079031,0.25086,1.5384,-0.047895,2.0525,0.16214
-0.66521,-0.00075385,1.5952,1.275,2.6233,0.011409,-2.7481,0.087131
-0.658,1.4293,4.3467,1.4948,0.52091,0.017724,-0.7768,-0.0048903
-0.65616,1.3707,0.50728,0.60342,0.046509,0.0015328,-1.9344,-0.060113
-0.73477,1.5483,1.6071,0.11449,-1.0017,-0.063348,-1.7533,-0.1508
-0.73043,0.42989,0.55286,0.27231,2.5157,-0.03223,-0.51293,-0.1562
-0.6054,-0.81844,0.25631,0.2008,-5.3373,-0.022238,-2.1798,-0.14581
-0.63606,-1.7158,-1.7705,0.92129,-0.4147,-0.0085684,-0.77007,-0.093212
-0.28361,3.0336,-0.13664,-1.0411,3.2509,0.016794,1.9332,-0.062717
-0.5005,-1.2237,1.3869,-0.67542,-0.33759,0.052732,-1.5664,0.14671
4.4724,-2.6061,-1.6104,-0.84188,6.8582,0.3179,0.47157,-0.0059855
4.4515,0.53127,-2.4412,0.92293,-3.9826,-0.01582,-0.83234,0.29816
-0.82014,-2.3598,-1.7681,-0.82723,6.2212,-0.030375,-0.93788,0.10955
-0.89917,3.8652,-0.2851,-0.34488,-4.1929,0.050903,-1.3468,0.15075
-0.76601,-1.4359,1.5477,0.18128,-1.0695,-0.07832,1.7561,0.03775
-0.68051,0.44161,-0.39833,0.2988,-1.2309,0.022832,0.25322,0.020324
-0.66799,4.4136,0.18864,1.4243,-0.20698,-0.0035755,1.3029,-0.054491
-0.50849,-2.4448,-1.1281,-0.25697,0.88811,0.014182,-1.8154,-0.15437
-0.60687,1.6346,0.29855,-0.53552,2.0285,-0.062225,1.9976,-0.16774
-0.6595,-1.6957,1.5934,0.53207,0.019465,0.0054282,-1.6576,-0.1747
-0.65877,1.2179,3.4482,0.6178,1.6869,-0.029541,-0.099673,-0.084816
-0.85577,-1.0314,1.5077,0.86567,0.87093,-0.016648,-0.98769,-0.077953
-0.688,-0.54183,2.587,-0.086354,-0.74088,-0.022032,-0.52587,0.012657
-0.63582,-0.62751,1.5832,0.30675,3.0395,-0.047734,-1.5286,0.10147
-0.62993,1.2053,0.7477,-0.42546,-4.3351,0.0039329,-1.0709,-0.016086
-0.49802,-2.2435,-0.94135,1.2869,-0.13364,-0.023836,-0.60565,0.18548
-0.59364,3.5529,0.80436,-1.6074,5.0743,0.13695,1.3564,0.17811
-0.63224,2.6725,2.2339,0.54306,-0.76067,0.041045,-0.84531,0.13335
4.4391,-3.6477,-0.65173,-1.8516,6.6566,0.31602,1.1165,0.050989
4.3996,3.2896,-2.2063,0.97743,-4.2963,0.037586,-0.57411,0.0045528
-0.71965,-2.4571,-2.0353,-0.47897,5.6592,-0.11271,-1.678,-0.075568
-0.60894,2.9967,0.96826,-0.17068,-4.0538,0.056974,-0.69939,-0.11461
-0.68177,-2.0567,1.7152,0.50251,-2.078,-0.063085,1.9448,-0.12011
-0.68348,-2.5183,-0.66679,0.65031,-1.9323,0.044992,-0.73199,-0.084354
-0.57753,1.3232,0.89394,0.90576,-1.0252,-0.084134,-0.46401,-0.042298
-0.69287,-5.4128,-0.97917,-0.20638,-0.5446,-0.057322,1.2371,0.069219
-0.67199,-0.0042924,0.9345,0.055207,1.3644,-0.052708,0.74901,0.0026788
-0.66388,-1.4514,1.3492,0.54066,-2.9466,0.00059583,0.63321,0.025094
-0.79974,1.5541,-1.7014,-0.2625,1.8489,-0.076125,1.4413,0.10054
-0.68179,-0.041341,0.21356,0.90442,0.73564,0.049767,-1.6582,0.19227
-0.64593,0.75177,2.9665,-0.68508,-2.0157,0.014284,-0.28588,0.15754
-0.64865,1.3271,3.6512,0.0633,1.9758,-0.082716,-0.17024,0.036314
-0.37061,2.2543,1.8468,-0.46401,-4.7898,0.034609,0.024391,0.021346
-0.63385,-3.6821,-0.91296,-0.063835,-2.0522,0.01696,0.18309,-0.031443
-0.63252,4.7809,0.41825,-1.5694,4.1662,0.055581,1.0904,-0.085643
-0.70925,3.4495,2.4868,1.5327,-1.5487,0.01585,0.23335,-0.09404
4.4188,-6.8747,-0.96221,-2.2213,4.8915,0.099945,1.5455,-0.17545
4.3983,1.3304,-1.8575,1.0085,-3.7423,0.06368,-0.13754,-0.12799
-0.69084,-4.8191,-2.0015,-0.35638,6.4835,-0.021763,-0.67712,-0.068242
-0.69023,1.7777,-1.0846,-0.49962,-2.8795,0.062634,-0.061791,0.004066
-0.47992,-2.8122,0.74698,-0.053507,-2.0307,-0.035657,1.631,0.087156
-0.58087,-1.5679,-1.1378,-0.22147,-0.32577,0.076919,1.1167,0.16007
-0.69437,3.0277,-0.33689,2.2074,-0.59989,-0.039809,0.56055,0.20286
-0.68075,-3.0829,-1.1533,0.505,-0.013701,0.01415,0.97197,0.31788
-0.90044,1.8199,-0.74062,-0.59195,2.1938,-0.042023,2.1054,0.19227
-0.68706,0.41752,0.5771,-0.11877,-2.8373,0.02599,-1.0877,0.055176
-0.65226,2.4754,0.5199,-0.29141,2.267,-0.068129,1.1801,0.0077897
-0.65033,0.50399,1.6281,0.48684,-0.1658,0.031657,-0.93696,-0.09404
-0.64235,1.0051,1.3997,-0.86938,-0.25324,-0.045681,-0.35171,-0.092166
-0.4355,1.0105,1.953,-0.16506,2.4187,-0.086772,-1.1104,-0.15824
-0.6873,0.68903,1.6667,-0.64378,-4.8971,0.021106,-0.55837,-0.11081
-0.63997,-4.8858,-2.282,0.43615,-0.99663,0.029051,-0.51274,-0.1138
-0.63825,3.3528,-0.22238,-1.1334,1.0875,0.034358,-1.2306,-0.013384
4.4706,3.6999,0.90195,0.56748,-1.7625,0.06411,1.1109,-0.044439
4.459,-6.2318,-0.0050083,-2.7445,4.1422,-0.020223,1.3505,0.32294
-0.7028,1.6002,-1.5233,0.41158,-2.5889,0.00020436,-0.47482,0.17755
-0.69047,-3.8394,-2.073,0.019245,6.3828,-0.019696,-0.57768,0.087423
-0.47997,3.8582,-2.0355,-1.0848,-2.2314,-0.015018,0.23966,0.12687
-0.65242,-0.23153,-0.60321,-0.51716,-0.92897,0.00073059,2.3036,0.12264
-0.6879,-0.26542,-1.5948,-0.39977,1.209,0.056088,3.1509,0.034586
-0.68723,2.4026,0.20231,1.8485,-0.68041,-0.019106,1.6474,-0.061135
-0.89104,-2.2371,-0.29994,0.39353,0.70794,-0.00070051,-1.6417,-0.10054
-0.78647,1.0424,1.0812,-0.49696,2.3433,0.0032077,1.2572,-0.17501
-0.6536,-1.0402,2.1526,-0.31917,-1.93,0.033588,0.06043,-0.1222
-0.65614,-0.159,1.5831,-0.16314,4.8365,0.1301,1.9676,-0.1047
-0.23599,0.15541,-0.71105,1.2243,0.7395,0.00109,0.036586,-0.042273
-0.50952,-1.7371,-0.54254,-0.24682,-0.78097,0.026875,-1.1668,0.093191
-0.71129,1.0103,-0.52593,-0.59417,3.8823,-0.11851,0.42156,-0.0031623
-0.65227,1.0221,1.7521,0.41576,-3.92,0.014939,0.45306,0.13627
-0.72326,-5.5918,-2.6321,-0.18566,0.020511,0.040866,-0.47072,0.12274
-0.87699,3.5484,-1.1207,-1.0578,-1.9006,0.041283,-1.0925,0.18392
4.4547,5.4626,0.97518,0.80049,-0.72113,0.031811,-0.13318,0.06053
4.4158,-1.0038,0.84346,-2.4206,4.1155,-0.02492,0.83791,0.066468
-0.69339,2.3376,-2.2224,0.59792,-1.9131,-0.00096362,0.49795,-0.024604
-0.57063,-4.3668,-1.3147,-0.29388,7.1628,0.11257,-0.92447,-0.073158
-0.67746,2.8405,-1.8142,-1.1385,-1.8624,-0.022225,-0.52154,-0.091558
-0.68375,-1.0202,1.101,0.086859,-1.2317,-0.060832,0.9977,-0.17131
-0.68954,-0.063445,-1.5457,-0.90146,2.4727,0.0090798,2.7358,-0.1267
-0.71338,1.2186,0.77633,1.6413,-1.7599,-0.052387,0.5254,-0.063715
-0.70448,-4.2863,-0.55746,0.17171,0.61057,0.02196,-1.7108,-0.048796
-0.65486,0.083548,1.4636,-0.46138,2.9624,0.011313,2.2508,0.075838
-0.65046,-1.4312,2.0142,-0.10777,-0.20376,-0.01376,0.303,0.016746
-0.42276,0.55386,1.6742,0.17179,4.1159,-0.026306,1.9009,0.21768
-0.53613,0.5109,-0.36606,0.93968,1.9873,0.035988,-0.051606,0.19468
-0.65744,0.69051,0.83273,-0.80743,0.060992,-0.039225,-1.4747,0.1368
-0.653,2.4321,0.68813,-0.48276,4.3121,-0.082581,1.3588,0.033466
-0.84098,4.121,1.9771,-0.63923,-6.0579,0.039666,1.6416,0.0013645
-0.68695,-6.9724,-2.5155,-0.044939,0.28724,0.015972,0.20729,-0.039061
4.4419,3.8782,0.070686,-1.7307,-1.3817,0.067408,1.2596,-0.11295
4.4182,3.7184,-0.14278,1.4406,-0.19639,-0.0239,0.33869,-0.14527
4.3927,-2.1825,-0.45515,-1.7786,4.3372,0.024642,2.9637,-0.14941
-0.57095,1.1627,-1.7906,0.78749,-3.4001,0.028672,1.3615,-0.14478
-0.72496,-7.9014,-0.98616,-0.41837,6.3763,0.018693,-1.4495,-0.0468
-0.69842,1.8807,-1.855,-1.043,-2.1731,0.036431,-0.69883,-0.018276
-0.80067,-0.12889,0.38347,-0.13305,-1.4327,-0.056289,2.5815,0.060944
-0.89415,-2.1544,-2.1874,0.26016,1.0047,0.00085253,2.5761,0.35115
-0.68448,1.6191,0.90319,1.1061,-3.1582,-0.1306,0.15885,0.30503
-0.66552,-1.0912,-0.25389,0.33197,0.24243,-0.0045253,-2.1203,0.095552
-0.66588,2.2523,1.7436,-0.22632,1.9264,-0.038172,0.46598,0.025702
-0.44587,0.6125,1.7483,1.0037,-1.9648,0.068936,0.63286,0.074646
-0.62639,0.88133,2.9348,-0.36968,3.846,-0.018092,0.97302,-0.012338
-0.65583,1.9078,2.801,1.079,2.2653,0.014708,-1.4887,-0.091509
-0.65639,-0.73181,1.079,-0.80759,-2.4547,-0.047529,-0.37792,-0.1202
-0.90326,1.8724,1.0648,0.058694,3.7649,-0.18205,0.44766,-0.11945
-0.66978,2.8974,1.9592,-0.63851,-5.682,0.01705,1.5044,-0.12746
-0.62918,-8.5437,-1.8811,-0.3628,-0.36875,-0.00057857,1.0016,-0.060332
4.4638,2.1633,0.34858,-1.3115,-0.91221,0.035866,-1.1088,-0.067147
4.4549,1.8084,0.92425,0.85993,-1.3721,-0.031209,-0.31569,0.20298
4.3815,-2.4918,-2.1665,-1.2648,5.5652,0.24861,2.795,0.099519
-0.7159,1.7613,-2.2253,1.0327,-4.4719,0.007193,0.18043,0.21712
-0.70288,-5.7184,-0.11681,0.38599,5.4338,0.034256,-1.3282,0.147
-0.75632,1.7561,-0.76848,-0.51642,-1.3302,-0.0091138,0.70169,0.12812
-0.69476,1.1509,1.2597,0.26475,-2.8915,-0.049056,2.118,0.10358
-0.65102,1.0673,-0.092754,0.62838,1.9445,-0.014729,2.4459,0.022417
-0.66876,2.7179,1.899,1.4935,-1.776,-0.085585,0.17178,-0.072185
-0.66202,-1.1831,-1.0007,-0.13781,-0.3959,0.052225,0.65155,-0.096449
-0.54565,1.7885,1.3186,0.025109,1.7369,-0.046547,1.2092,-0.11874
-0.61829,-0.36563,0.73941,0.31552,-1.4161,0.014689,-0.031203,-0.15007
-0.65767,0.16539,-0.23096,-0.18747,0.86264,-0.09747,0.36489,-0.0992
-0.65834,0.18737,0.89933,0.92225,2.6624,-0.075073,-2.5812,-0.028182
-0.70202,-2.0972,0.94996,-1.1823,-4.3996,0.031079,-0.34632,0.045562
-0.63161,-0.035702,-0.0033316,-0.65221,2.5093,-0.15854,0.57094,0.098132
-0.62933,2.3436,-0.18538,-0.48877,-4.7568,-0.023252,-0.23873,0.13123
-0.63219,-4.4422,-3.2133,-0.48227,-0.92845,0.062063,0.84563,0.092193
4.4609,3.2736,0.41352,-0.88615,-3.0934,-0.0083181,0.09121,0.084868
4.4218,4.0792,1.2573,0.35475,-2.0632,-0.010596,0.4133,0.15172
-0.70308,-0.42491,-1.9828,-0.94478,6.0754,0.31645,2.2624,0.094506
-0.70321,3.4052,-1.31,1.4201,-5.9111,-0.026987,-0.27638,-0.017254
-0.75713,-3.182,-0.84627,0.1108,3.9501,-0.2671,-1.8245,-0.058409
-0.75677,3.1779,0.77048,0.094695,-1.2956,-0.036683,0.53591,-0.17428
-0.67546,-0.051334,1.3847,0.6201,-1.3131,-0.092715,2.5286,-0.16545
-0.67587,-2.0511,-0.1587,0.73973,-0.54087,-0.0043841,1.4548,-0.10431
-0.5309,1.1056,1.622,1.3767,-2.1757,-0.10377,-1.6492,-0.079413
-0.58282,-2.8359,-0.53464,-0.53666,-0.89932,-0.0043841,1.5735,-0.028693
-0.63859,0.18631,-1.0759,0.23259,1.7817,-0.031909,1.7289,0.0048448
-0.66443,-0.93485,-0.098812,-0.25354,-1.0519,0.029308,-1.5627,0.16226
-0.78694,0.36909,0.85775,0.085343,-1.4415,-0.081856,-0.57661,0.12062
-0.75887,1.2393,0.48608,0.97119,2.7627,-0.061063,-2.813,0.16859
-0.68444,0.01252,1.4215,-1.2385,-4.61,-0.010051,-1.1808,0.055589
-0.63786,1.3464,1.7754,-0.18265,2.4503,-0.08724,-0.31099,0.028793
-0.62782,4.069,2.6365,-1.4097,-4.3133,0.0032398,-0.50814,-0.017084
-0.39485,-1.7669,-1.5794,-0.14726,-1.1766,0.0096124,0.89855,-0.056608
4.4177,1.5299,1.742,-0.80964,-3.7826,0.049953,-1.9116,-0.11748
4.387,2.1434,1.3367,-0.19833,-2.1902,0.037413,0.54149,-0.15763
-0.70097,-2.1899,-2.267,-0.49211,5.4181,0.16464,0.49217,-0.091558
-0.80663,0.76766,-2.8428,1.8081,-5.7629,-0.068777,-0.83443,-0.10589
-0.76315,-5.6618,-0.72453,0.20734,1.3855,-0.16994,-2.1834,-0.071917
-0.67577,1.0911,0.096928,-1.4825,-0.065606,0.051788,1.5249,0.002411
-0.66727,-1.8431,0.17774,0.86923,0.09514,-0.039507,2.5101,0.26511
-0.50453,-1.1622,-0.31536,0.060602,-1.9847,-0.0039734,-1.4519,0.24764
-0.62255,1.898,0.70726,1.4221,-2.0585,-0.051392,0.055575,0.088153
-0.66798,-0.119,0.93582,-0.56117,-0.34,0.029673,-2.5944,0.21785
-0.66594,1.3419,-0.4362,0.14651,2.1041,0.022922,2.0379,0.15722
-0.76441,2.0503,0.069729,0.20888,-2.588,0.0073085,-1.7724,0.053375
-0.69207,0.93171,1.612,0.070063,-1.9863,-0.02802,-1.2388,-0.025139
-0.64387,1.9215,1.3541,0.71905,3.075,-0.11756,-3.2058,-0.09421
-0.63769,-1.0564,1.8729,-0.39492,-5.0527,0.0060314,-1.1624,-0.088832
-0.49195,-0.054776,2.1262,-0.037893,0.87828,-0.16499,0.32607,-0.11327
-0.63231,3.579,2.6413,-0.65581,-4.5565,0.025207,0.75204,-0.13595
4.4604,-3.1892,-2.7077,-0.67635,0.11216,0.052417,-0.52453,-0.10876
4.4389,-2.1512,-0.20313,-0.71234,-5.1986,0.023558,-0.6196,0.021711
4.4101,2.5726,1.3393,-0.033757,-1.9183,0.041411,0.32188,-0.041446
-0.88116,-2.9524,-1.1147,-0.5574,5.2955,0.1042,3.0553,0.15362
-0.6924,0.96872,-3.2955,0.28019,-3.861,-0.017116,0.91411,0.16431
-0.68406,-5.1471,-1.516,0.48231,2.307,-0.15464,-0.6731,0.16338
-0.68445,3.9852,-0.3507,-1.5254,0.99565,0.05336,1.8309,0.042496
-0.51702,1.7298,0.50593,0.59685,0.54037,-0.057547,2.4914,0.12276
-0.64202,-0.49025,1.4048,0.6856,-1.6836,-0.014299,-1.1154,0.02193
-0.66679,2.3803,0.48655,1.5881,-0.71078,-0.089743,0.83977,-0.052276
-0.66401,-0.10272,1.5371,0.16925,-0.09242,0.061402,-2.5015,-0.082601
-0.87813,1.3215,0.04278,0.22874,2.6814,-0.034758,2.0606,-0.14938
-0.77706,0.18665,1.4982,-0.021842,-1.7788,0.016736,-1.3164,-0.17031
-0.64949,-1.1126,-0.71841,0.037377,0.81337,-0.023617,-0.76667,-0.090852
-0.64083,0.4629,-0.58534,0.74431,3.7478,-0.067686,-2.6013,-0.046824
-0.47065,-0.2503,1.889,-0.67681,-4.536,0.046981,-2.0498,-0.031492
-0.57763,-2.2897,0.12832,-0.95411,2.5037,-0.05172,-0.022437,0.045927
-0.64163,2.3038,1.164,-0.23463,-4.9658,0.077561,0.075747,0.23844
4.4694,-0.038252,-2.0531,0.54032,0.55618,0.033408,1.0489,0.042203
4.4343,-0.076598,0.6216,-0.90468,-5.2989,0.02418,-2.6683,0.3154
-0.71324,3.9519,1.9181,-0.33701,-1.084,0.0032398,1.0435,0.16995
-0.64541,-0.34985,-0.22292,-0.94044,5.1153,0.085159,2.4939,0.064984
-0.68392,3.3408,-0.45186,1.697,-2.6119,-0.0015797,0.98386,-0.042541
-0.69186,-6.36,-0.0097621,0.12671,1.8164,-0.091437,-0.25908,-0.10928
-0.56546,3.8925,1.361,-0.60942,1.5707,0.047957,0.72429,-0.16396
-0.72117,-0.48262,0.71279,0.5034,2.8652,-0.026011,3.791,-0.18626
-0.66887,-3.3021,1.6453,0.2183,-2.0916,0.052809,4.7237,-0.15503
-0.67815,-0.18982,2.808,1.8615,0.18035,-0.062661,-0.7406,-0.090292
-0.83668,-0.22839,0.98061,0.79404,0.28383,0.0011734,-1.4388,-0.074083
-0.61472,-1.3393,-1.3988,1.3074,3.1988,0.0029125,2.193,0.070435
-0.64395,-0.039581,0.51392,-0.16843,-1.1999,-0.009178,-1.8072,0.17163
-0.64534,0.0066443,-2.2068,-0.081993,0.20288,-0.0043841,-1.7161,0.076155
-0.42719,3.0025,-1.5962,0.67407,4.1802,-0.087131,-2.5953,0.039015
-0.61346,0.60152,0.21988,-0.37418,-3.8603,0.0066668,-1.7711,0.14768
-0.63704,-1.9816,-0.17169,-1.246,3.8631,-0.073449,-0.086746,0.07613
-0.63292,4.3193,0.73893,-0.72182,-5.0573,0.017159,1.9504,0.025386
4.4242,1.1134,-0.89108,0.98854,0.41774,0.02676,0.28254,-0.055683
4.3928,0.23349,0.67248,-1.0414,-4.3941,0.027447,-1.294,-0.14513
-0.69608,1.9671,1.9768,0.099705,-0.83266,-0.015461,-0.40057,-0.14938
-0.6953,-3.6204,-0.92548,-1.0186,5.2683,0.1256,3.0184,-0.10346
-0.61364,1.0158,-2.409,1.6501,-2.0571,0.012648,1.066,-0.10974
-0.57698,-9.1469,-1.029,0.51563,0.62711,-0.053767,-0.89626,0.14788
-0.72718,0.76551,-0.29694,-1.0266,0.75004,0.033287,-0.15713,0.22053
-0.68009,-2.0693,0.56659,0.25259,1.7015,-0.035355,0.26456,0.3319
-1.0659,-1.3171,-0.29414,-1.239,0.21133,-0.015063,1.1603,0.15985
-0.84272,0.6851,1.257,1.1214,-1.1447,-0.079726,-0.13526,0.2023
-0.69437,0.011307,-0.43486,1.2026,-0.84449,-0.027654,-0.30903,0.13133
-0.65309,0.8722,1.429,0.61225,1.7165,-0.031646,1.781,0.097548
-0.64256,2.2323,2.9041,-0.053571,-0.015332,0.039024,-1.3857,0.017525
-0.40419,0.61744,-1.978,-0.12287,0.21972,-0.059363,-1.1341,-0.040059
-0.69993,2.6901,-1.7026,0.15087,5.0564,-0.017046,-1.9137,-0.071893
-0.63991,0.52963,1.1768,-1.1061,-4.453,0.056114,0.54868,-0.12402
-0.64036,-5.5923,1.0444,-1.956,2.3217,-0.095673,-0.78701,-0.072063
4.4537,2.7988,0.08859,0.060788,-5.9572,0.021953,2.5919,-0.094843
4.4346,0.39008,-1.3131,1.2739,0.37391,0.0072058,0.2504,-0.025991
4.4088,-1.3633,-0.37304,-1.1192,-2.7224,0.068095,0.61908,0.040378
-0.69433,1.8603,-0.7657,-1.0775,-2.0295,0.007116,0.80611,0.044467
-0.44026,-1.7084,-3.8522,-0.83552,6.0462,0.25848,1.3837,0.11989
-0.63803,3.0999,-3.4604,1.0444,-1.674,-0.054851,1.7883,0.17645
-0.70127,-5.1182,-0.15112,0.50913,0.70489,0.016761,-0.43346,0.22087
-0.69777,2.7588,0.39746,-0.44939,0.091421,-0.043024,0.68909,0.11006
-0.9246,1.7211,1.8573,0.73712,0.97621,-0.081702,1.548,0.098594
-0.68525,-0.64071,0.091301,0.34359,0.00056353,0.040365,-0.27536,-0.0174
-0.66652,1.2519,2.3526,1.051,0.35721,-0.033263,-2.3597,-0.071966
-0.65918,-0.7815,0.59887,0.65864,-0.41604,0.025566,-1.4729,-0.13218
-0.51361,0.15096,1.899,0.11783,3.2936,-0.057438,1.3127,-0.15381
-0.51987,0.75687,4.6602,-0.19349,1.6271,0.055068,-0.28159,-0.14437
-0.74087,-2.8997,-1.5403,-0.67834,1.1954,-0.0579,-1.3176,-0.093383
-0.65675,1.3801,-1.0937,0.44453,5.5677,0.075077,-1.2018,-0.058069
-0.81021,0.26677,0.35316,-0.80873,-4.9268,0.043625,-3.1074,-0.017546
-0.83958,-7.3959,-0.36946,-2.0761,3.6114,-0.12356,1.002,0.22992
4.4673,3.8688,-0.97532,-0.48046,-3.5903,0.012751,3.5717,0.035316
4.4438,-0.11722,-2.9055,1.0184,1.6091,-0.011809,0.94905,0.36753
-0.67219,3.451,0.13446,-1.7243,-1.5069,0.027511,-1.0323,0.023366
-0.53494,3.5883,0.63073,0.15966,-1.4542,0.0024376,0.86081,0.10108
-0.68202,-1.3317,-0.79004,-1.0175,5.298,0.22654,1.4869,0.021322
-0.69717,3.7406,-1.0047,1.9784,-0.6379,0.0049982,1.56,-0.064688
-0.69765,-2.9726,0.20636,1.04,-0.0015687,0.0084829,-0.33082,-0.09735
-0.86314,0.45723,0.33666,-0.15291,-0.023546,-0.010481,-0.15917,-0.1772
-0.71545,-0.82923,2.3398,0.47052,-0.09915,-0.025004,2.4907,-0.18319
-0.66899,-1.0678,0.53015,-0.79769,2.3955,-0.061975,2.2069,-0.12544
-0.66103,-0.67134,1.7738,1.164,2.2485,-0.11489,0.04654,-0.092044
-0.36201,-0.94136,-0.88482,0.079627,-0.54477,0.041379,-2.3244,0.041936
-0.4799,-1.2399,0.44372,0.26321,2.7184,-0.047279,0.88833,0.20191
-0.67372,-0.11011,2.2041,0.26457,1.7852,0.0058325,0.072728,0.10059
-0.66247,-2.2001,1.1698,0.90212,-1.4934,-0.04681,-2.3187,0.044929
-0.9147,1.8692,-0.84922,0.71008,5.6289,0.060388,-2.7363,0.19407
-0.69592,2.4139,1.2703,-0.42316,-5.4282,0.057519,-2.3276,0.13985
-0.62707,-7.5776,-0.13788,-2.2759,3.1823,-0.14373,-0.39943,0.075717
4.4307,4.7914,-0.12138,0.20017,-2.6945,0.024,2.2874,-0.022365
4.3942,1.997,-0.79037,1.0624,-0.44411,-0.1007,0.17994,-0.085181
-0.59189,2.0073,0.39308,-0.51428,-2.6149,0.015664,1.4316,-0.14208
-0.72484,2.0014,2.2537,0.48727,-3.2837,-0.022982,0.94301,-0.15386
-0.69889,-3.9719,-1.1959,-0.16864,5.0034,0.17927,0.5837,-0.12918
-0.60797,1.7073,-1.749,1.1948,-1.8598,-0.060088,-0.28343,-0.073621
-0.80919,-4.2974,-1.3663,1.2551,0.79254,-0.01865,-0.96918,0.059459
-0.64266,-0.31956,0.40634,-0.25129,-0.94143,0.0047608,-0.069979,0.15097
-0.66548,-0.73654,0.89397,0.96909,-0.79651,-0.054158,2.2396,0.10436
-0.66776,0.6285,-0.11642,-0.76092,1.1566,-0.042209,0.086876,0.042228
-0.50032,0.38128,-0.21909,0.8617,-0.19086,-0.051097,-1.9928,0.13252
-0.60452,0.77341,0.11703,0.2252,-1.6796,-0.0095374,-1.5783,0.17993
-0.66301,1.0087,1.0469,-0.58276,2.2084,-0.00093154,0.72764,0.10821
-0.65936,2.6744,0.34668,0.62744,1.6918,-0.014524,0.004117,0.0084225
-0.82161,-2.0864,1.8608,1.7445,-3.6638,-0.036061,-2.6871,-0.031638
-0.68436,3.3691,-1.5028,1.435,5.3331,-0.16693,-2.6104,-0.077125
-0.63302,2.2517,3.4636,-0.50536,-5.8671,-0.0030172,-2.5609,-0.12641
-0.51531,-9.1174,-0.5099,-2.0928,4.5084,-0.0057318,-1.3739,-0.1186
4.4313,1.6942,-1.557,0.20667,-3.9865,0.05585,1.0579,-0.12191
4.4081,-1.5278,-2.3728,0.49261,-0.46369,-0.024522,1.512,-0.061086
-0.71786,1.071,-1.197,-1.0056,-1.9253,0.064752,1.1221,-0.0093442
-0.70319,1.8647,0.43678,-0.33582,-2.2993,-0.012226,1.4851,0.051476
-0.84748,-4.1912,-2.3082,-1.2586,4.196,0.037715,1.2575,0.068586
-0.84143,3.0013,-1.599,1.2714,-1.1013,-0.10523,1.2408,0.19889
-0.69243,-1.7385,-1.1171,1.1506,0.2065,-0.011828,-0.012522,0.20546
-0.66941,0.50607,0.97524,-0.71769,-0.36118,-0.033853,-1.7542,0.20692
-0.64351,0.37069,1.6211,0.40612,-0.93608,-0.00048873,2.565,0.070484
-0.49182,1.9814,0.39855,-0.21057,1.4823,-0.053523,1.213,-0.0056691
-0.60836,0.12221,2.0833,0.79958,0.73033,-0.09224,-1.6265,-0.085984
-0.65546,0.33683,1.7197,-1.1957,-1.4057,0.016607,0.19981,-0.14729
-0.66482,0.4213,-0.59626,-1.0392,3.7746,0.036835,0.96197,-0.089951
-0.71459,0.70562,1.3757,-1.0435,4.057,0.040757,0.80548,-0.14186
-0.63002,-2.4897,0.67711,0.26753,-2.1548,-0.019908,-1.2409,-0.094624
-0.63183,0.71468,-1.1011,1.2448,6.0556,0.079493,-2.6307,-0.074789
-0.62279,2.4306,0.89206,-0.23999,-4.3167,-0.0035435,-1.2109,0.046268
4.4772,-8.7941,-1.091,-3.2258,5.0716,0.059618,0.26837,-0.010658
4.4609,-0.86845,-1.5016,-0.26364,-4.9304,0.026009,0.64745,0.37434
3.4718,-0.71321,-1.4012,0.096236,-0.032505,-0.022295,1.0429,0.15279
-0.70075,2.5924,-0.72372,-0.85526,-1.8179,0.032619,1.0536,0.11534
-0.79251,4.1013,0.56926,0.40734,-0.92745,-0.043409,2.4447,0.081071
-0.71365,-2.2039,-1.1985,-1.4697,3.831,-0.043204,0.44617,0.047144
-0.67364,3.4988,-1.1967,1.5865,-0.42394,-0.023958,1.7914,-0.069848
-0.66795,-1.4121,0.52189,1.818,-0.37104,-0.00014219,0.30328,-0.12814
-0.55727,1.771,0.80334,-0.030012,0.89613,-0.070497,-0.69305,-0.14603
-0.54093,-0.44771,1.1638,0.40515,2.1597,0.022711,1.7135,-0.18054
-0.6584,-0.34895,1.0821,-0.68684,0.85561,-0.053087,1.1838,-0.13544
-0.6582,-1.1504,1.7006,0.15961,1.8857,-0.049961,-0.32149,-0.068802
-0.75531,-0.5099,1.552,-0.029916,-2.5902,0.046686,-1.0407,0.013095
-0.82212,-1.4015,1.4647,-0.33342,2.3671,-0.038025,0.74751,0.10753
-0.6547,1.4141,2.3617,-0.60534,4.8796,0.15001,1.4142,0.079684
-0.63437,-3.8412,0.33345,0.64378,-1.3509,0.01578,-1.9541,0.19271
-0.63283,2.3516,-1.3201,0.59911,7.5306,0.15509,-1.211,0.097158
-0.48601,4.1222,1.4581,0.19818,-4.6046,-0.05034,-1.9403,0.15542
4.4445,-7.9597,-1.6081,-3.1201,4.5532,-0.078173,-2.1147,0.0029951
4.4039,1.2322,-0.18927,0.0011261,-5.032,0.016717,0.80652,-0.00021746
-0.69683,-0.45012,-1.4352,0.19323,-0.96401,-0.013831,1.8636,-0.052666
-0.84661,3.3368,0.20675,-0.87914,-3.4597,-0.011912,-0.77451,-0.15936
-0.69337,4.7568,0.83259,-0.59703,-2.0775,-0.057085,1.7358,-0.11792
-0.68169,-4.8184,-0.058315,-0.2631,2.7591,-0.019022,0.21425,-0.10852
-0.67183,2.4443,-0.40036,1.0276,-1.4892,-0.053799,1.6311,-0.03558
-0.30927,-3.0391,0.62221,2.4139,0.17101,0.043721,0.31521,0.040914
-0.62555,-0.32033,-0.044561,-0.67419,-0.83757,-0.055461,-0.35897,-0.0016777
-0.67445,-2.2938,-0.5574,0.34279,0.19189,0.0098819,0.34066,0.14819
-0.66058,1.5205,-0.068407,0.32407,0.56232,-0.08355,0.64106,0.034805
-0.82611,-1.217,1.4272,0.14495,-0.17521,-0.070959,-1.9995,0.22802
-0.63216,0.89957,1.7306,0.48348,-3.4394,-0.027128,0.2212,0.16711
-0.64611,-0.29825,-0.12123,-0.9312,2.6521,0.055684,1.4213,0.10548
-0.63544,3.2172,2.5203,-0.86309,4.1743,0.099136,2.1469,-0.0019698
-0.69359,-1.9586,0.9702,-0.26539,-1.5183,0.0034003,-0.25612,-0.035337
-0.54889,2.2464,-1.3155,-0.013383,6.4244,0.12251,-1.8721,-0.077149
-0.51852,3.6983,0.63355,0.83432,-4.8848,-0.027519,-3.0489,-0.15722
4.4222,-7.5944,0.84334,-2.2621,5.3566,-0.068521,-2.1418,-0.17913
4.395,0.96202,-0.16454,0.96996,-6.399,-0.021435,0.58728,-0.15737
-0.81523,-2.386,-1.7486,-0.5639,-1.3744,-0.08355,0.2178,-0.08428
-0.64785,-0.7234,-1.1192,-0.78306,-3.795,0.01748,-1.51,0.035218
-0.68527,1.8916,-1.2245,0.54845,-4.0169,0.018488,2.4433,0.10083
-0.68839,-4.7704,-1.2854,0.24031,1.6305,-0.058041,0.99205,0.084673
-0.50541,1.151,-0.065529,1.2216,-2.3219,-0.057906,1.6599,0.3778
-0.69394,-2.5968,1.1466,2.2311,-3.0085,0.0079567,-0.44721,0.3383
-0.67646,1.4833,0.67001,0.15615,-1.1897,-0.078365,-0.49068,0.13498
-0.66917,0.16412,-0.38026,0.59143,0.16743,-0.0041724,-0.25339,0.041595
-0.72932,2.4054,1.6827,-0.37081,0.095197,-0.059632,-1.569,-0.0075432
-0.7553,0.31319,0.8675,0.92611,1.1218,-0.067353,-1.4213,-0.09017
-0.65195,1.2056,1.7324,0.10601,-3.2994,-0.014274,-0.89544,-0.13137
-0.65267,-2.241,0.35402,-0.73182,2.0128,-0.0017466,2.3871,-0.12991
-0.37778,2.1041,1.8264,-1.028,4.4024,0.077991,0.8422,-0.12269
-0.66528,-1.9189,1.2492,-0.32817,-2.4639,-0.059241,-0.70488,-0.11504
-0.64642,-0.67908,-1.1738,-0.41081,6.1342,0.25611,-1.1813,-0.0020185
4.4612,3.6161,0.17947,0.89383,-4.5286,-0.065074,-2.0234,-0.060502
4.4514,-5.0112,-0.15875,-1.9601,5.7123,-0.05582,-1.4106,0.21359
4.3928,-0.13341,-0.68633,-0.35667,-5.7917,0.06264,0.34495,0.20887
-0.72233,-1.6155,-1.9232,-0.4183,-1.5107,-0.030985,1.3188,0.22006
-0.69125,0.33903,-2.3524,-1.1425,-2.5736,0.047437,-0.054174,0.10726
-0.57668,3.3302,-0.52133,1.192,-3.2983,-0.030407,0.41406,0.064254
-0.65708,-2.0068,-1.3979,-0.64223,0.89862,0.027126,-0.089488,0.021662
-0.71441,4.7297,1.0921,0.78478,-1.4896,-0.044128,1.74,-0.086958
-0.67652,-1.377,1.2577,0.89126,1.3989,-0.040053,-0.69895,-0.11356
-0.87418,1.0981,2.2941,0.6548,-1.9787,-0.03927,0.40821,-0.13612
-0.78635,-0.019782,-0.64138,1.4196,-0.98876,-0.021968,-0.97022,-0.12999
-0.63869,0.39026,2.5746,-0.38742,0.70032,-0.05833,-2.2221,-0.10419
-0.65171,-1.772,0.86234,0.28848,1.6171,-0.12315,-1.8865,0.0070352
-0.64253,0.80702,1.6876,-0.71427,-3.0453,-0.0070859,-0.35537,-0.023996
-0.46577,-2.2358,-0.86359,-1.085,2.1926,0.04324,0.98777,0.078613
-0.61448,2.0558,2.3295,-1.5151,4.8424,0.13203,1.238,0.010345
-0.64977,0.35403,0.22569,-0.31275,-2.5438,0.028185,-0.41858,0.16942
-0.64299,-0.55521,-1.3342,0.41471,6.4189,0.23482,-0.45566,0.18056
4.4493,5.2719,0.77471,0.017594,-5.4276,-0.013458,-2.7069,0.062307
4.4138,-1.7734,0.22132,-0.64797,6.7221,-0.059215,-1.4071,0.094846
-0.69463,2.5066,-0.67137,-0.16292,-6.2857,0.0068529,1.072,-0.024166
-0.69904,-1.1136,-1.126,0.22983,-1.6795,0.016993,1.8392,-0.07491
-0.46148,0.21537,-1.9128,-1.1752,-1.9946,0.053514,0.91496,-0.098469
-0.62847,2.4662,-0.37655,0.88248,-2.8269,0.018802,0.21838,-0.14508
-0.68896,-6.4893,-1.6193,-1.7322,0.72682,0.038055,-0.07378,-0.12164
-0.68534,1.5409,-0.11367,0.50994,-1.7091,0.037971,1.9529,-0.042419
-0.96854,-3.747,0.063273,1.0962,-0.3725,0.017596,-2.0572,-0.058531
-0.81177,0.41823,0.64909,1.0345,-0.3281,0.030283,1.3202,0.054932
-0.68791,-0.76084,-0.68657,0.9443,-0.87526,-0.007041,-1.5664,0.0097367
-0.65764,0.98739,2.045,-0.29248,-0.17621,-0.019728,-3.6613,0.14688
-0.64755,-0.20813,-0.24791,0.11922,0.36119,-0.053767,-2.7495,0.14408
-0.37858,1.4321,0.7486,0.86822,-3.4146,0.065907,-0.17229,0.15262
-0.72108,0.90432,-0.77684,-0.67979,1.4803,-0.0017466,0.023672,0.029791
-0.64964,3.0881,0.77532,-1.1895,3.7276,0.0769,2.9969,0.023731
-0.66728,0.91538,1.0624,-0.52914,-2.5841,-0.028296,-1.0708,-0.032587
-0.72429,0.27525,-0.020876,-0.047547,5.969,0.061787,-0.4747,-0.11499
4.4256,3.9064,-0.55731,0.25314,-5.4603,-0.032801,-2.6612,-0.15213
4.3985,-2.7102,-0.91718,-1.3465,4.8623,-0.24317,-0.49876,-0.15053
-0.69216,0.77356,0.073558,0.16117,-5.4642,0.055273,0.14066,-0.069507
-0.57434,-2.008,-0.094656,0.19153,-2.8866,-0.013061,1.9649,-0.0799
-0.62326,-0.07121,-0.62602,-1.4091,-1.3339,0.038228,-0.67137,-0.054053
-0.69865,-0.11703,-0.91201,0.77959,-2.0394,-0.048748,1.4277,0.32462
-0.68897,-4.3628,-2.3103,-1.1339,0.26102,0.033678,0.6692,0.27638
-0.95381,3.0003,-0.17381,0.15009,-1.0708,-0.063188,2.5229,0.32418
-0.71673,-1.3839,0.77691,1.4146,-2.4617,-0.0039606,-1.3133,0.18838
-0.6565,2.2855,-0.01228,0.61584,-0.28686,-0.027076,0.61516,0.15445
-0.65169,0.31891,0.70004,0.67588,-0.73972,-0.0013102,-0.084781,0.040451
-0.624,1.5427,4.4285,-0.077246,-1.1835,-0.08973,-1.526,-0.027159
-0.48516,0.59342,1.3663,0.64851,0.65217,-0.041728,-3.4682,-0.095038
-0.70521,1.2877,0.49921,0.23274,-4.7482,0.042175,-0.41963,-0.13232
-0.65084,-2.2804,-0.2353,-0.25668,-0.095888,0.011724,-1.597,-0.11738
-0.82926,2.5897,0.14752,-1.0013,5.0701,0.096557,0.84662,-0.12288
-0.727,1.4676,0.69075,0.73767,-3.1201,0.039884,-2.0126,-0.079121
4.4312,-5.8357,-2.1068,1.0033,6.7393,0.20927,-0.82963,-0.044853
4.458,1.3638,-0.73024,-0.15817,-5.3217,0.019726,-2.8038,0.1185
4.4169,-1.3562,-0.86316,-0.77068,5.1428,-0.30402,-1.8779,0.045659
-0.4677,1.9824,0.42286,0.72294,-5.6577,0.034102,1.6068,0.20456
-0.6939,-0.89492,-0.17909,1.3708,-2.3825,-0.025478,1.7866,0.1736
-0.69752,0.086682,-1.3305,-1.0841,-0.4524,0.034005,-0.49446,0.14902
-0.69006,5.0156,0.27776,0.16576,-0.58964,-0.062777,0.69589,0.027966
-0.84698,-5.4953,-1.1404,-1.7539,-0.3058,0.046263,1.1891,0.018985
-0.6785,3.8434,1.6423,0.8976,-1.7372,-0.031633,1.6983,-0.051838
-0.66377,-1.7919,2.7679,0.595,-0.7456,0.019547,-1.5103,-0.13447
-0.66422,2.1775,0.30586,-0.5865,1.2472,-0.014838,2.1216,-0.10399
-0.48972,-0.52308,2.6536,1.2647,-0.12915,-0.018798,-0.46719,-0.12862
-0.53259,-0.41212,1.6793,-0.38763,-1.1156,-0.036715,0.59809,-0.10068
-0.65674,-2.4789,0.41658,0.1077,1.1688,-0.079629,-2.239,-0.05617
-0.65798,-0.049112,-1.3185,-1.1633,-3.5451,0.034114,-2.7246,0.011343
-0.83626,-3.4732,-1.4324,-1.2033,0.30444,-0.019144,-0.55952,0.041327
-0.69664,2.964,0.0086042,-1.497,5.4601,0.20042,-0.22525,0.031568
-0.62732,3.2273,1.5202,1.2248,-2.3426,0.031605,-0.59235,0.25068
4.4661,-5.6377,0.21606,-0.24629,7.4539,0.31831,-1.0375,0.054835
4.4336,3.3282,-0.69435,0.29378,-5.0038,-0.0024011,-1.9569,0.22525
-0.64351,-1.2186,-1.3551,-0.66362,5.826,-0.17936,-1.7184,0.088324
-0.70314,3.6531,-1.5148,0.61204,-4.7473,0.078004,1.0714,-0.02419
-0.6925,0.10809,0.61566,1.0542,-3.023,0.0051073,3.0665,-0.076809
-0.67786,-0.84949,0.28321,0.31121,-1.8428,0.045762,-0.21141,-0.13498
-0.79862,3.1539,1.0202,0.50379,-0.24827,-0.046245,0.85573,-0.16099
-0.66779,-5.8783,-1.3611,-0.578,0.33617,0.031541,1.8594,-0.1159
-0.66341,0.43111,0.077136,-0.20191,0.19833,-0.0090112,1.5465,-0.095768
-0.65784,-0.72443,1.3026,1.5497,-1.0579,0.070912,1.7156,-0.043661
-0.44084,0.31236,-2.4481,-0.47957,1.6127,-0.074341,1.6112,-0.041641
-0.57925,-1.4236,2.3722,0.85463,0.49363,0.023853,2.3615,0.14518
-0.66222,-0.40097,2.3701,-0.69925,-1.1105,-0.015204,-1.6818,0.22729
-0.65492,0.51513,2.125,0.43928,1.879,-0.025825,0.63772,0.14097
-0.87137,1.4963,0.76837,-0.9124,-3.4555,-0.014594,-1.1519,0.04106
-0.62846,-1.3113,1.2705,-0.66386,0.42367,0.064527,0.64216,0.11493
-0.62653,3.783,1.0718,-0.99198,6.4507,0.29875,0.14468,0.021833
-0.61421,3.3867,2.3472,1.8513,-1.9196,-0.047144,-0.91533,-0.03945
4.428,-5.7269,0.67904,-0.38143,7.0095,0.2755,-1.1491,-0.073036
4.3958,2.7097,-0.85596,0.40003,-3.8752,-0.024458,-1.0462,-0.16708
-0.69908,-3.0869,-2.417,-1.0605,5.0771,-0.17307,-1.6992,-0.16995
-0.70075,1.0982,-2.2587,0.32882,-5.3908,0.050267,1.7607,-0.11616
-0.82086,-0.31936,0.25657,1.1226,-4.1561,0.008592,1.5363,-0.067706
-0.81892,-3.5368,-1.1637,-0.16318,-0.81732,0.045018,-0.85941,0.21739
-0.60821,1.2108,0.58648,0.56928,0.02256,-0.018432,0.75575,0.26988
-0.67175,-6.5839,-1.8526,-0.62723,-0.63283,0.011018,-1.3627,0.2967
-0.43881,2.8664,0.20261,-0.50599,1.0396,0.006962,1.3149,0.12561
-0.48276,-1.2188,-0.26268,0.23083,-2.5285,-0.0077662,-0.98829,0.20646
-0.60779,1.9148,-1.589,0.12524,2.6314,-0.091046,0.99719,0.11325
-0.66148,0.54772,2.4607,0.86326,1.6303,-0.012599,0.778,0.080998
-0.78009,1.3767,2.4812,-0.59717,-3.5297,0.0161,-0.69607,-0.034461
-0.83916,0.43136,3.0806,0.51832,2.2523,-0.056026,-0.95451,-0.082479
-0.72434,1.7248,0.97827,-0.89535,-3.0082,-0.010211,-1.6265,-0.086252
-0.63813,-3.5745,1.6073,-1.2138,-0.7379,0.057519,0.7683,-0.11585
-0.62524,3.3758,1.1673,-1.4836,6.2498,0.24173,1.1088,-0.068534
-0.055525,4.1075,1.6855,2.4576,-3.2631,-0.058625,-1.2083,-0.14379
4.4484,-8.2951,0.497,-1.7324,6.4566,0.19996,-0.60052,-0.0017994
4.421,0.88338,0.12181,0.67764,-4.776,-0.027981,-1.9909,0.063742
-0.6971,-3.7377,-1.326,-0.50747,5.0302,-0.27216,-2.3897,0.042301
-0.86875,2.932,-2.1681,0.80676,-4.8114,0.053136,1.3617,0.12712
-0.69136,-1.3011,-0.63674,1.2197,-3.9005,-0.026159,1.428,0.18069
-0.67579,-0.20967,-0.51851,-0.06124,-0.76336,0.011942,-0.53044,0.14335
-0.66927,4.0142,1.402,0.4263,0.45469,-0.0062709,1.3021,0.086425
-0.48387,-2.8629,-1.1962,0.46842,-0.93757,0.03389,-0.74358,0.075692
-0.67021,2.6636,1.9121,0.55152,2.2782,-0.022404,0.8416,-0.035167
-0.657,-0.83891,0.31085,0.87436,-1.832,0.0015071,-0.55179,-0.1168
-0.65848,1.1487,-0.30489,-0.35623,1.5257,-0.042401,0.23024,-0.14644
-0.6995,-0.50247,1.4279,0.04265,1.8795,-0.039064,-1.9824,-0.15807
-0.75931,-0.54147,2.3708,-0.7482,-2.1103,-0.0072592,-0.69358,-0.11151
-0.58063,-0.99564,1.6868,0.11461,0.8413,-0.080919,-0.34882,-0.073304
-0.63528,0.18331,0.98948,-0.15844,-3.3824,0.058013,-0.28851,-0.04091
-0.64139,-3.4331,-0.82838,-1.0939,-1.247,0.032966,-0.044265,-0.022073
-0.48092,2.1034,-0.50708,-1.2424,4.9511,0.12903,1.3986,0.18129
4.4779,4.6838,0.39182,1.1472,-2.2299,0.040346,-0.22761,0.032955
4.445,-5.4854,0.63562,-2.3999,5.849,0.13929,0.15285,0.24199
4.8273,3.7961,-0.59465,1.3189,-2.7928,0.017275,0.19554,-0.0031623
-0.80294,-2.7451,-0.99179,-0.14504,5.2417,-0.19403,-1.6031,0.079781
-0.71027,3.325,-0.74332,-0.33107,-2.3167,0.0017702,1.6131,-0.018203
-0.68122,1.9409,0.77718,1.6129,-2.3398,-0.0017658,2.3409,-0.099784
-0.6797,-0.15932,-0.61656,0.43794,-0.23515,0.030668,-0.38726,-0.10326
-0.3599,2.5729,0.55168,0.7511,0.81707,-0.059151,0.71806,-0.17526
-0.6459,-4.3014,-1.8521,0.27801,-0.61059,0.093669,-0.040232,-0.17445
-0.66298,0.51712,1.261,-0.76214,3.0161,0.044729,1.5829,-0.10674
-0.65844,-2.0076,0.44619,0.75293,-2.1396,0.037099,-0.80641,-0.087396
-0.76644,0.44966,-0.69346,-0.14121,2.9915,0.0064935,0.92221,0.13863
-0.72517,0.4378,-0.99933,0.78871,2.0081,-0.044474,-0.038967,0.13651
-0.64176,0.34428,1.6932,-1.0835,-1.1226,0.01225,-1.3487,0.16603
-0.63764,1.5638,0.78723,0.11566,0.88475,-0.090764,-1.3672,0.051135
-0.38456,2.9197,1.1688,-0.27421,-3.1721,0.026214,-0.89028,0.13846
-0.57188,-3.9166,-3.0121,0.28978,-0.52898,0.049176,0.58184,0.097061
-0.66075,4.3186,-0.10301,-1.0472,4.4076,0.089632,1.6805,0.015748
4.4364,5.1456,1.6035,0.70324,-2.0958,0.0065898,-0.76912,-0.029861
4.4001,-3.9321,-0.68639,-1.8048,6.4177,0.28548,-0.20359,-0.11903
-0.71935,2.8914,-0.44306,0.39823,-2.2673,0.0030922,0.80593,-0.15011
-0.69222,-3.8832,-1.1087,-0.5147,5.2658,-0.17985,-1.7256,-0.15878
-0.6802,0.94638,-0.70775,-0.56327,-1.4367,0.057609,1.6011,-0.10003
-0.67315,-0.36654,0.24876,1.1474,-1.3709,0.034403,2.709,0.013363
-0.42219,-2.8473,-2.7012,-0.032735,0.45504,0.040057,0.5417,0.09049
-0.70644,1.4215,-0.17878,0.14026,0.58575,-0.049153,0.52285,0.22435
-0.67164,-4.2012,-1.7605,-0.29774,-1.5113,-0.01444,-1.6454,0.14114
-0.66256,2.0012,1.5163,0.20186,2.781,-0.0079394,1.8149,0.053472
-0.87831,0.19586,-0.2154,0.34464,-1.2918,0.035148,-1.0327,0.080098
-0.65494,2.0934,-0.078075,-0.52562,2.2014,0.029917,0.79368,0.15036
-0.64261,2.3946,0.36274,-0.10249,3.4659,-0.079796,-1.2317,0.049261
-0.64439,0.48834,3.1474,-0.62908,-1.7807,-0.036626,0.79183,-0.032562
-0.55171,1.6931,1.3566,0.49163,-0.57741,-0.039154,0.13744,-0.064615
-0.60944,2.5329,1.8748,-0.099797,-1.8166,0.036258,-0.39815,-0.11628
-0.63007,-2.1701,-0.77269,-0.70049,-0.82755,0.068621,-0.56113,-0.14174
4.4515,0.37154,-2.469,-1.1964,4.1295,0.057301,1.292,-0.15192
4.4327,2.3465,-2.4256,1.0406,-2.7181,0.035456,-1.5936,-0.082382
4.4071,-4.9093,-1.4175,-1.2789,7.1174,0.34986,-0.76474,-0.0052067
-0.69611,1.1508,-1.0182,0.32738,-3.8354,0.027299,0.50235,0.06934
-0.69755,-4.8665,-1.3237,-1.5698,4.7076,-0.19855,-2.1229,0.10952
-0.24505,2.5189,-2.5074,0.48716,-0.93054,0.065419,1.2757,0.061236
-0.5832,1.0525,-0.14968,1.7117,-1.2719,-0.010282,2.2211,0.15735
-0.73212,-2.2156,-0.85067,0.66954,-1.7016,-0.026634,0.058009,0.31635
-0.68601,3.6254,0.95246,0.36057,1.1751,-0.072628,-0.24527,0.17268
-0.94396,-1.2388,-1.4459,0.11569,-0.4492,0.067582,0.6402,0.007376
-0.81642,1.7452,2.1347,0.31934,2.9835,-0.036754,1.557,-0.055464
-0.71655,0.2272,2.1581,0.26121,-1.5217,-0.020267,0.00194,-0.13709
-0.65938,0.56194,0.89984,-0.8497,1.2132,0.0023671,-0.53483,-0.16036
-0.64458,2.0961,1.3924,0.27056,2.9212,-0.052714,-0.5069,-0.079705
-0.5519,-2.2902,2.6309,-0.44621,-2.327,0.026792,-1.7793,-0.12673
-0.62905,0.21594,0.053823,0.021198,-0.19339,-0.022783,-0.31151,-0.085692
-0.6487,2.3604,1.0885,-0.93519,-3.9009,-0.0069768,1.0474,-0.053444
-0.64671,-2.181,-1.095,-0.152,-1.2971,-0.00016144,0.67371,0.076082
4.4645,1.6209,-0.7149,-0.22438,2.3357,0.070117,0.03046,0.023098
4.4496,2.395,-1.9252,0.044609,-2.4958,-0.0048462,-1.2258,0.40961
4.305,-3.1103,-0.68143,-0.23361,7.2844,0.34056,-0.44791,0.1414
-0.69856,3.2621,-1.2659,-0.1846,-4.9051,-0.024837,-1.4025,0.082093
-0.63211,-2.3544,-1.036,0.60776,2.9056,-0.2418,1.8016,0.060725
-0.62088,3.0623,-0.70297,0.033587,-1.1141,0.071779,1.8526,-0.0021158
-0.69302,0.99769,0.69891,1.9386,-1.6441,0.0040099,1.1578,-0.11882
-0.69036,-2.4615,-1.3384,1.0899,-1.6493,0.014406,-0.60524,-0.15384
-0.76513,2.0974,1.3609,0.2645,0.77312,-0.072365,0.9838,-0.15284
-0.73251,-2.2329,-0.50304,0.073461,0.082205,0.060445,-0.63564,-0.14999
-0.62659,0.84538,0.95384,-0.2014,3.4455,0.034262,1.6339,-0.11716
-0.65981,-1.0004,0.55677,-0.74451,-0.76202,0.037766,-1.123,0.046487
-0.59018,0.32345,-0.08378,-0.49911,1.0935,-0.01487,0.27715,0.057853
-0.52845,0.85852,-0.10531,-0.50558,2.7545,-0.074867,-0.58743,0.12999
-0.71494,-1.8646,3.7666,-0.65778,-3.1639,0.063173,-0.18058,0.17341
-0.6606,-0.61078,-0.86162,0.76364,0.5469,-0.023438,1.1366,0.17477
-0.64529,3.0932,-0.04767,-0.72526,-1.3527,0.033402,-1.0172,0.049188
-0.76875,0.98651,-0.58312,-0.1838,-1.5764,0.04745,-0.07098,0.10473
4.4316,0.7125,-0.72988,-0.92021,1.4209,-0.0071565,-0.50977,0.003847
4.3941,2.4092,-2.7807,0.75424,-1.2838,-0.0003668,0.042623,-0.05286
-0.70841,-3.9051,-0.54002,-0.05747,6.7992,0.23972,-1.4264,-0.083599
-0.55494,3.1453,0.86606,-0.58774,-5.3913,-0.062302,-1.406,-0.18046
-0.61078,-3.6492,0.73392,-0.50892,1.8612,-0.1938,-0.65578,-0.12604
-0.69953,1.1693,-1.5839,0.56203,-0.35144,0.050742,2.0453,-0.10772
-0.70408,-0.42638,-1.3844,2.1135,-1.8625,-0.052214,0.085887,-0.048066
-0.81596,-4.053,-1.1103,0.47546,-2.401,0.0472,-2.0706,0.12527
-0.71955,1.4279,0.11296,0.27534,1.2592,-0.067629,0.36973,0.056392
-0.66756,-1.6573,-0.9745,0.33586,1.254,-0.00029621,0.47461,0.15708
-0.66392,1.4716,1.3953,-0.69309,3.3261,-0.0072143,1.2292,0.045562
-0.64348,0.92595,-0.28549,0.14921,-1.3202,-0.043133,-0.74628,0.1773
-0.56583,0.6328,-0.86899,-0.023384,-0.92809,-0.089442,-1.2274,0.13077
-0.6753,2.6675,-0.28458,-0.92011,2.6411,-0.1022,-0.42252,0.0552
-0.66341,0.58947,2.1895,-0.55542,-4.2723,0.080115,1.0169,-0.011072
-0.72844,-0.46719,0.44057,0.41521,-1.3385,-0.062321,0.53865,-0.056243
-0.74963,3.1415,1.669,-0.46027,-3.169,0.00013377,-0.17405,-0.10521
-0.5656,-0.10105,-0.60199,-0.4655,-1.1357,0.00035838,0.071855,-0.15175
4.421,-2.3183,-0.98643,-1.0817,-0.45912,-0.027461,0.28554,-0.12385
4.3977,0.82334,-1.3445,0.8227,-1.8703,0.043972,-0.17707,-0.10572
-0.54334,-3.6591,-1.0403,-0.4497,5.9507,0.1398,0.21224,-0.046484
-0.65953,2.0715,-1.7334,0.33235,-4.8634,-0.052227,-0.4264,0.10646
-0.70915,-5.0954,-0.6766,-0.40822,2.081,-0.23002,0.23128,0.047193
-0.70479,1.2391,-0.56668,-0.20676,-0.49611,0.019585,0.74215,0.10833
-0.82778,0.36996,0.31853,1.645,-1.7721,-0.12529,0.75013,0.50518
-0.6796,-1.6947,-0.86693,1.0462,-1.4929,0.028255,-0.75647,0.24238
-0.67233,2.2711,0.62866,0.74578,-0.61949,-0.024233,0.87819,0.06715
-0.6728,0.27393,0.24392,0.76223,-1.3682,0.057301,1.765,0.0029708
-0.51535,1.6842,2.5507,-0.25312,2.1681,-0.019292,1.3965,-0.036603
-0.65511,1.7806,1.8317,0.65836,-1.9818,-0.020223,-1.2384,-0.11207
-0.66295,-0.67142,1.0989,-0.38574,-1.4436,-0.031684,-2.8639,-0.15094
-0.66562,0.88794,0.97205,0.36663,3.0136,-0.10629,-2.3008,-0.14252
-0.74114,-0.30514,2.1548,-1.2703,-5.6152,-0.0077854,0.024327,-0.11407
-0.74092,-2.4397,0.87895,-0.73575,-0.7728,-0.02999,-0.262,-0.10786
-0.62445,2.1988,1.0526,-1.4713,-3.1858,0.037131,1.5376,0.0081548
4.4994,0.69376,-1.9103,0.54133,0.48177,0.034114,1.3733,-0.012532
4.4556,-2.5945,-1.9252,-1.5473,-1.8327,0.043593,-1.3015,0.19317
4.4185,1.5053,-0.19869,0.076916,-1.8329,0.033216,0.49063,0.20252
-0.70546,-2.9466,-1.6793,-1.3605,5.7587,0.18457,-0.12355,0.21641
-0.70951,4.7905,-0.803,0.86145,-4.1027,-0.056379,-0.034697,0.12639
-0.88663,-3.1613,0.40668,-0.054053,1.5075,-0.17119,-1.2035,0.0644
-0.87968,3.4934,1.376,-0.44061,0.87237,0.076881,1.7766,-0.019396
-0.76749,2.0575,1.9911,1.6081,-0.27643,-0.056597,1.0837,-0.10835
-0.67795,-1.3095,0.12247,0.7577,-2.2997,0.048541,-0.21626,-0.13286
-0.66493,1.7208,1.1263,0.97683,-0.057424,0.019887,0.020634,-0.097204
-0.52806,0.46995,0.9861,0.46238,0.34772,0.07998,1.6735,-0.14951
-0.60543,-0.41676,0.66996,0.27776,2.9367,0.051371,0.68673,-0.083696
-0.6664,-0.26867,0.082641,-0.24337,-1.2809,0.045563,-2.6044,0.0084955
-0.65849,-0.75381,-1.4289,-0.36128,-1.6032,0.0086434,-0.47605,0.028623
-0.72705,0.8167,1.145,0.94291,4.4651,-0.016051,-2.2387,0.14145
-0.65932,0.92636,0.48165,-1.1791,-5.5619,0.056248,-0.015129,0.086352
-0.63608,-3.8816,0.65807,-0.040308,-0.22695,0.0020077,1.5163,0.13072
-0.62779,3.909,0.5765,-1.4001,-3.6745,0.027864,0.26672,0.11716
4.4494,3.1897,-1.5991,0.9997,0.37045,0.025021,1.0404,0.030765
4.4097,-0.9184,-0.77228,-1.7439,-1.4734,0.0043244,0.52205,0.10619
-0.69677,1.4796,0.34916,1.5317,-2.1468,-0.013202,0.44664,-0.06094
-0.70484,-3.1778,-0.90802,-0.83704,5.5759,0.15026,-0.75242,-0.10399
-0.82446,4.0756,-0.18295,0.90948,-3.2018,-0.050192,0.26473,-0.11327
-0.70828,-4.1956,-0.22991,-0.10267,1.5147,-0.12657,0.031635,-0.15138
-0.66283,0.45975,-0.22429,0.022636,1.0508,0.041905,2.7711,-0.075835
-0.67536,0.62354,1.1391,1.9075,-0.34233,-0.058452,1.1277,0.049334
-0.39505,-2.6629,0.5469,0.021846,-2.1187,-0.013279,1.3628,0.017744
-0.52882,-1.0088,0.70689,0.85237,-0.59856,0.016453,-0.37606,0.07579
-0.57994,-0.26664,0.70295,0.95936,-0.12232,-0.010089,1.6353,0.047509
-0.66713,0.051277,0.61189,-0.1015,3.4721,0.0014879,0.61531,0.17076
-0.72963,1.976,-0.28114,0.45621,-1.9987,0.027312,-3.0373,0.080755
-0.80345,0.81543,-1.0892,0.08614,-0.72396,-0.030683,0.029528,0.16805
-0.67046,2.684,-0.23498,0.783,4.7496,-0.082235,-3.8137,0.030254
-0.6416,2.3287,2.1647,-0.75493,-4.1164,0.032632,0.15079,-0.023752
-0.63653,-4.0857,1.1969,-0.0024065,0.57779,-0.013407,1.279,-0.054272
-0.45606,4.2733,1.2048,-0.92023,-5.8652,0.022678,2.0879,-0.14749
4.4248,3.3317,-0.16332,1.7319,-0.13887,-0.01032,0.66424,-0.14688
4.3994,-1.6373,-0.5272,-1.6082,-0.7625,0.021953,-0.77371,-0.13541
-0.70207,2.1839,0.35516,0.93098,-2.3924,0.028262,0.043746,-0.11604
-0.89201,-3.9832,-2.5939,-0.74362,5.5812,0.075571,0.46149,-0.01022
-0.7371,3.4007,-0.94786,0.52765,-2.4069,-0.048999,0.27623,-0.028936
-0.68075,-5.8848,-1.9256,-0.10252,0.2012,-0.062071,0.18694,0.44341
-0.67695,0.091858,-1.0423,-0.26937,1.1153,-0.0078239,3.2079,0.18076
-0.57239,1.1134,0.92605,1.2819,-1.5085,-0.064291,2.6261,0.35241
-0.64374,-0.90168,2.447,0.8161,-2.3508,-0.070401,-0.97296,0.15214
-0.67337,1.2568,1.6109,0.79875,0.71298,-0.029785,0.25767,0.11466
-0.66586,0.37782,2.0261,1.1954,-1.6066,0.047951,0.24518,0.027698
-0.77276,1.0089,3.5975,0.38818,1.5868,-0.0007711,-0.12503,-0.072793
-0.69091,2.3308,0.71837,0.67675,0.2601,-0.04373,-2.3278,-0.11378
-0.64146,-0.67731,-0.67132,0.082684,-1.406,-0.014851,-1.7299,-0.14634
-0.64014,1.6351,-0.59504,0.11484,4.1816,-0.2195,-2.2563,-0.10122
-0.65789,2.6145,3.1066,-0.35505,-5.4362,-0.026326,-0.35657,-0.11495
-0.55198,-7.0014,-0.18181,-0.67235,-0.92596,0.01877,0.28132,-0.053469
4.5734,2.4748,0.03033,-0.71496,-5.8804,-0.0099353,-2.3175,0.074841
4.4505,2.2089,0.18017,2.0576,-0.6334,-0.0039413,0.38737,0.14148
4.4137,-0.51712,0.33272,-1.733,0.39036,0.043709,2.4138,0.065081
-0.78361,1.2746,-2.5466,1.0218,-3.6682,-0.058041,-1.1152,0.18553
-0.6754,-4.4577,-2.9623,-1.5901,6.1116,0.046051,-0.91945,0.1507
-0.68432,3.9892,-0.6618,-0.40409,-1.9054,-0.050391,0.47891,0.11531
-0.6862,-0.82432,-0.86896,-0.66257,-0.60963,-0.033558,1.3562,0.0052099
-0.47979,0.57613,-1.414,0.24897,-0.58448,0.028749,2.4649,-0.010464
-0.63134,2.53,1.4517,1.9182,-2.3676,-0.057624,0.090832,-0.10806
-0.66874,-1.8932,1.5509,0.6969,-1.1914,-0.051688,0.73615,-0.12417
-0.6675,0.14951,1.9135,1.0043,0.78774,-0.044211,1.4094,-0.1275
-0.78388,-0.46269,1.2826,0.30512,-3.375,0.050402,-1.5177,-0.098494
-0.75056,-1.4104,2.3775,-0.24684,1.8684,-0.0052313,-0.20359,-0.072063
-0.64158,-0.21448,-0.66124,0.078618,1.3197,0.022364,-0.57065,0.0025327
-0.64769,-2.8935,2.026,-0.941,-0.66105,0.021466,-0.86001,0.076885
-0.41618,1.3699,-0.85635,-0.77757,4.2174,-0.18945,-1.1452,0.023171
-0.59956,2.9046,0.84208,-0.28064,-6.0281,0.0034003,0.3668,0.041814
-0.68886,-8.3636,-1.8905,-0.60744,-0.32586,0.025759,-0.25861,0.27682
4.4545,4.7306,0.905,-0.74766,-5.4933,0.09363,0.66334,0.051914
4.416,3.2046,1.6847,1.9768,-0.91023,-0.035971,-1.1552,0.20376
-0.68645,0.24993,-0.512,-0.86151,1.5854,0.007347,1.3794,0.010126
-0.72855,2.0949,-2.7973,0.53135,-3.182,-0.038339,0.10992,-0.057679
-0.69578,-5.3846,-0.27299,-0.34292,6.1242,0.078389,-1.9732,-0.1066
-0.68247,3.6073,-1.1478,-0.20152,-2.1511,-0.013439,-0.71897,-0.11419
-0.52314,-0.20632,0.30939,-0.29271,-0.38183,-0.053741,1.4392,-0.15398
-0.71339,-1.8529,-1.6108,-0.50289,0.086958,0.042733,2.1353,-0.079437
-0.68034,-1.3805,1.4787,1.1272,-2.0388,0.023147,1.2569,-0.059578
-0.67744,-0.059804,-2.1253,-0.69508,1.0919,0.0083482,-3.2594,-0.05269
-0.84156,0.41029,-0.37124,0.57748,1.4223,-0.070703,2.637,-0.0018238
-0.65028,-1.0453,0.92922,-0.052916,-4.2853,0.075148,-2.1972,0.31596
-0.6518,-0.40895,1.1172,-0.59317,1.7314,-0.042543,-0.17658,0.27181
-0.64214,2.5768,-0.62434,-0.021919,2.439,-0.0064763,-2.0144,0.091804
-0.49292,-0.2088,0.29798,-0.61911,-2.786,-0.042363,-2.1138,0.062453
-0.60966,2.5084,-0.37195,-0.36043,3.8697,-0.19941,-2.5201,0.056636
-0.64467,4.3554,2.1654,-0.48901,-5.7349,0.077221,1.1672,-0.012727
-0.64218,-7.9441,-1.1378,-0.2157,-0.79561,0.02357,0.073396,-0.069386
4.4212,4.0393,1.0406,-0.55975,-4.8723,0.08514,-0.15441,-0.12086
4.3933,3.4704,1.1729,2.7202,-0.76583,-0.060268,-0.67987,-0.17942
-0.68535,-0.76515,-0.14869,-0.50116,2.4074,-0.0079844,1.3332,-0.15739
-0.69665,-1.4608,-1.3102,1.0225,-4.5293,0.010524,-0.094504,-0.079875
-0.49558,-6.0861,-0.72774,-0.3251,5.1214,-0.065941,-0.15941,-0.05527
-0.45227,0.90097,-1.5973,-0.46241,-2.3171,-0.074553,-1.1376,0.23703
-0.76815,-2.8321,-0.62623,-0.27092,-2.4198,0.019264,1.0017,0.22418
-0.68864,-1.103,-1.4118,0.19887,1.3785,-0.015275,0.95637,0.27298
-0.9133,1.2488,-0.20432,1.3652,-2.9022,-0.057316,1.3906,0.14415
-0.947,0.54753,-0.84455,0.416,-0.20958,0.026593,-0.45291,0.18597
-0.72488,1.1632,0.8089,0.60297,0.22758,-0.068822,1.0997,0.066517
-0.65918,1.4593,1.8389,0.29181,-3.1549,0.026625,-2.0297,0.01054
-0.65544,1.1356,1.3809,0.17611,0.98348,-0.080829,-1.0408,-0.051692
-0.56474,2.7794,0.24018,0.17922,1.5034,0.015324,-2.2817,-0.10932
-0.68795,-0.41052,0.64471,-1.0161,-4.0094,-0.11409,-3.2425,-0.10709
-0.64628,1.4252,0.5458,-0.2194,4.351,-0.23755,-2.6915,-0.13235
-0.65,4.0752,1.2769,0.11958,-7.3564,0.037208,1.1448,-0.055318
-0.7648,-8.2977,-1.8918,-0.6518,-0.81615,0.00037763,0.75173,-0.056073
4.45,0.28568,-0.93381,-1.6442,-5.1651,0.073306,0.65293,0.044881
4.4228,0.79925,-0.97055,1.3684,-2.0826,0.019624,-0.34491,0.11563
-0.69328,-0.29491,-0.54442,-0.2221,2.467,0.065079,0.51066,0.070533
-0.40098,2.0138,-2.1744,1.9838,-5.8839,-0.059209,-0.2554,0.14493
-0.64118,-5.0933,-0.34282,0.34715,4.8474,-0.063252,-1.6269,0.10857
-0.71725,3.5499,-0.43809,-0.1052,-2.2556,0.01404,-0.4494,0.11892
-0.69226,1.4696,0.19339,0.37951,-1.5553,-0.04948,0.48508,0.1157
-0.89948,0.68711,0.0915,0.32385,-0.084263,0.015362,1.2508,-0.010902
-0.76608,1.6851,1.1399,1.0004,-2.6622,-0.029688,2.1999,-0.070992
-0.66882,0.14561,-0.030043,0.56421,0.95805,-0.015846,-2.6042,-0.16077
-0.65673,-0.66357,1.0556,0.94742,1.1765,-0.038564,1.2407,-0.14875
-0.49557,0.44333,1.1434,0.24042,-3.2118,0.086295,-1.2121,-0.13841
-0.50924,-1.605,1.8466,0.22283,3.1524,0.035956,-0.018424,-0.08888
-0.68512,0.044592,1.9789,0.46454,2.5284,0.046263,-0.9424,-0.0096119
-0.65193,-2.3561,0.95295,-0.69252,-4.9328,-0.025793,-2.3227,-0.032197
-0.79778,2.0236,-0.52259,0.62804,5.6547,-0.03205,-3.8753,-0.027598
-0.83627,3.0687,2.1718,0.049195,-5.3383,0.0084573,0.20664,0.20904
4.4724,-5.6765,-0.09736,-2.0239,2.741,-0.054498,0.80709,0.046438
4.4407,1.1355,-1.3297,-0.95002,-4.2742,0.028647,0.5985,0.2115
4.4703,2.6303,-1.4788,1.3676,-0.8728,0.048714,1.3958,0.0016079
-0.39173,0.80325,-0.55446,-1.2925,3.2319,0.041071,1.1953,0.025751
-0.66486,4.0398,0.3175,1.0515,-3.9638,0.0048827,0.523,-0.041056
-0.69108,-4.9052,0.5549,0.20934,4.5199,-0.071806,-0.68263,-0.12342
-0.69396,1.9977,-0.35468,-0.13887,-1.8099,-0.00016144,0.44838,-0.13043
-0.88652,-1.1653,0.34414,0.44045,-1.6965,0.049523,-0.47731,-0.15089
-0.70793,-0.1161,-0.74632,0.005635,2.8361,0.016948,1.4219,-0.14586
-0.6633,-1.0808,0.27906,0.6988,0.35096,-0.023014,1.8049,-0.048187
-0.66371,-0.66734,-0.51074,0.020215,1.1888,-0.0032547,-2.1842,-0.057704
-0.47232,-0.39326,-0.40828,0.79542,2.1523,-0.074367,0.86758,0.17112
-0.46594,0.18237,1.232,0.31892,-2.3065,0.034121,1.0625,0.15331
-0.66944,-1.267,3.6896,-0.39628,1.7994,0.041847,-0.55335,0.15506
-0.65803,2.5489,1.4035,0.33055,4.9371,0.088965,-1.113,0.1316
-0.78374,-0.73513,1.1406,-0.44544,-3.9019,-0.019979,-0.058657,0.11595
-0.73457,2.4803,-0.57259,1.275,5.9549,0.056081,-1.4301,0.045854
-0.66935,4.6782,2.8655,-0.27616,-4.1445,0.067184,0.025592,-0.034461
4.4264,-3.7346,0.26326,-1.6148,4.4562,-0.013497,0.8996,-0.065419
4.395,0.017305,-0.34236,-0.62911,-5.5926,0.051069,0.59562,-0.12648
-0.54675,-0.39869,-0.60325,0.63046,-1.3056,0.048618,2.1792,-0.19996
-0.67082,-1.2821,-0.13355,-0.47847,4.1644,0.087662,0.58207,-0.12755
-0.70073,2.2948,-0.8826,1.6268,-3.772,-0.0043906,-0.69603,-0.092799
-0.69981,-4.3531,-0.60689,0.5599,4.1419,-0.061102,-0.56665,-0.010756
-0.75613,1.3028,-0.72799,-0.41576,-1.097,0.017981,0.94043,0.16961
-0.664,-0.40947,0.60148,0.89276,0.25944,0.030309,0.18688,0.27738
-0.6677,0.42201,-1.1553,-0.57186,1.8027,0.0094584,2.1357,0.15104
-0.66329,1.2085,0.12108,1.1217,-1.5981,-0.018291,0.80415,0.089005
-0.35069,1.1582,0.54612,-0.47873,0.20853,-0.040412,-1.0349,0.10482
-0.61523,1.2209,0.09987,0.40815,2.665,0.02119,1.3887,0.10346
-0.66089,1.4787,0.70925,0.43524,-1.4036,0.046179,0.07653,0.010077
-0.66147,-1.4162,2.9969,1.0007,1.2415,0.0045875,-0.55432,-0.056998
-0.71524,2.5092,0.6557,-0.14814,5.5137,0.094407,-1.1874,-0.085765
-0.64011,1.2774,1.544,-0.63694,-5.1978,0.019771,-2.8032,-0.13926
-0.63075,-1.4977,0.10729,0.0014665,5.8031,0.097789,-0.97904,-0.12777
-0.64203,2.8513,-0.044966,-0.0019119,-3.7666,0.023089,-0.20216,-0.10472
4.45,-3.2819,-1.5754,-0.61676,2.4415,-0.10948,-0.93997,-0.030591
4.4196,-1.9677,-1.0613,-0.85523,-5.9935,0.042675,0.090112,0.03332
-0.69649,-0.11483,0.36024,0.63108,-1.6144,0.021151,1.4641,0.10918
-0.70517,-2.6279,-2.2891,-0.77725,5.1638,0.15541,0.77463,0.13622
-0.74048,2.7485,-3.305,2.2875,-2.7589,-0.052194,0.5465,0.10453
-0.87428,-4.6202,-2.0312,-0.69561,2.3908,-0.085168,-0.58117,0.28424
-0.73826,2.2829,-0.47857,0.062497,-0.06892,-0.015056,0.26036,0.22493
-0.6743,2.1012,0.61337,-0.18734,0.44944,0.043972,0.83941,0.041498
-0.66512,0.22486,-1.1474,0.0016528,1.6452,-0.012836,1.3042,-0.031321
-0.55521,1.2606,1.1869,0.7284,-1.7818,-0.057912,0.77827,-0.11412
-0.59473,0.062201,1.2005,0.47004,1.1164,-0.015236,-2.3641,-0.16613
-0.65665,-0.8625,0.79667,0.36707,2.9874,-0.014813,0.91422,-0.15666
-0.6541,1.2197,1.168,0.10891,-0.79475,0.085974,0.28128,-0.099054
-0.7883,-2.5227,2.2077,0.49867,0.074941,0.0071224,-0.72164,-0.072379
-0.69599,1.2885,-0.0056186,0.34146,5.7723,0.12329,-2.9507,-0.059894
-0.63674,1.7697,0.10656,-0.20922,-4.0147,0.023012,-1.2019,-0.035678
-0.62455,-3.234,-1.1481,-0.51136,5.0156,0.045056,-1.9003,0.097426
4.4771,4.6488,-0.5488,-0.48489,-2.991,-0.00018711,0.073826,0.050843
4.4452,-1.0482,-2.9008,0.010426,0.56816,-0.073064,1.133,0.22311
4.3759,1.212,0.29072,-0.74121,-5.2825,0.081899,-1.9207,0.12339
-0.6993,1.6942,-0.30622,-0.075152,-1.2323,0.011666,1.8997,0.10022
-0.71381,-1.7908,-1.7038,-1.1221,4.9563,0.086667,1.5751,-0.00038782
-0.74084,1.5403,-2.3951,1.3173,-1.1678,-0.0071244,2.0112,-0.069459
-0.68378,-3.7292,-0.4262,0.30068,-0.89101,-0.046348,0.54278,-0.16922
-0.67328,1.389,-0.80334,-0.35447,0.76623,-0.00077752,0.35642,-0.14208
-0.49002,-0.18061,0.46547,-0.18952,1.2834,-0.0080742,2.3358,-0.13578
-0.5122,-1.7279,-1.516,-0.14991,0.0085594,-0.010718,-0.10747,-0.15011
-0.61575,0.12818,1.2865,0.10505,-0.93958,-0.043024,-0.81411,-0.097934
-0.66272,-0.62466,1.3408,0.55996,-0.40936,0.0025339,-1.0537,0.075279
-0.75155,-0.66734,1.2639,0.51304,2.3721,-0.015409,1.6491,0.013217
-0.82838,0.23035,0.67384,-0.44922,1.7646,0.046532,-1.297,0.17852
-0.60357,-2.1889,0.9215,0.2679,-0.93786,-0.10369,-2.1543,0.20407
-0.63608,2.3574,-0.94547,0.039689,6.7333,0.18416,-3.0613,0.13593
-0.64055,3.5497,1.1219,0.48719,-4.0851,0.016672,-2.1319,-0.013287
-0.47067,-7.6357,-0.72291,-2.01,3.9487,-0.093664,-1.4658,0.047533
4.4332,5.2175,-0.15871,-0.35697,-4.5363,-0.0060591,2.2088,-0.022754
4.3971,-0.049567,-2.9926,0.79866,0.4072,-0.10744,-0.38662,-0.10324
-0.69556,2.3342,0.8608,-1.2145,-5.7017,0.052725,-1.7688,-0.11821
-0.83469,2.6886,1.4145,0.55389,-3.0381,-0.044725,1.0146,-0.1799
-0.77854,-2.1625,0.54651,-0.42464,4.4338,0.027273,1.5283,-0.13931
-0.68375,1.8019,-2.2839,1.8357,-1.2818,-0.020377,0.25398,-0.008687
-0.6825,-6.8066,-1.4835,0.29733,-0.62532,-0.0287,0.33219,0.027625
-0.35461,1.5647,-0.96927,-1.0706,-1.2592,-0.062469,-0.38484,0.19923
-0.65256,-1.4508,-0.46129,0.53764,0.66435,-0.058381,1.3475,0.14296
-0.67365,-0.18101,-0.83605,-0.88711,-1.0822,-0.026723,0.17145,0.1978
-0.66266,-0.11139,2.0951,0.78263,-1.7855,-0.023168,-0.71944,0.074987
-0.79841,0.42966,1.6377,0.86673,-1.2484,0.052103,-0.55488,0.13386
-0.6974,0.19221,0.40817,0.58631,1.9064,0.001982,1.5751,0.1076
-0.67037,2.2909,2.3883,-0.040308,1.2517,0.019187,-0.64958,0.0010725
-0.64274,-1.7103,0.44298,0.38454,-0.93883,-0.039712,-1.7509,-0.042541
-0.40449,2.8985,-0.0053359,0.23285,6.3058,0.073768,-3.1261,-0.10224
-0.56285,3.0596,0.47565,0.4442,-3.4676,-0.014883,-1.9418,-0.13778
-0.66057,-8.8555,-0.6497,-2.0348,3.8933,-0.20239,-1.1459,-0.14688
4.4371,2.541,-0.83023,-0.080175,-4.7028,0.052141,1.5649,-0.079316
4.4132,-1.3943,-3.1149,0.29381,0.34068,-0.12523,-1.7886,-0.020028
-0.88371,0.21498,-0.21452,-1.1667,-5.4258,0.017859,-0.77341,0.096185
-0.65248,1.4712,0.042375,0.5101,-2.632,0.018302,0.70621,0.14133
-0.68367,-2.9002,-0.49327,-0.30938,4.1567,0.0021553,1.6119,0.035292
-0.67907,2.5062,-1.3484,1.1015,-1.3578,-0.018586,0.31681,0.22922
-0.48514,-5.6403,-0.74607,0.85593,-2.6063,-7.1593e-05,-0.32225,0.33603
-0.68237,2.745,-0.56847,0.051783,-2.1205,-0.027551,0.2199,0.15922
-0.67215,0.86695,-0.57337,0.46282,0.33528,-0.050956,1.8068,0.058875
-0.668,1.3044,0.45896,-0.48879,-0.78524,-0.042106,-0.79064,-0.038452
-0.86362,-0.47209,2.578,0.47727,-1.42,-0.035971,-0.73521,-0.10898
-0.70644,0.67987,1.8102,0.90817,-0.15735,0.072536,-0.053661,-0.1615
-0.64515,-1.001,0.72485,0.083031,2.3685,0.051076,2.4067,-0.14763
-0.64904,-0.23008,2.2431,-0.87623,1.3391,0.056974,-0.52914,-0.095525
-0.41361,-3.1331,0.82379,-0.87755,-1.4752,-0.018509,-1.3189,-0.080946
-0.53989,1.6455,-0.30752,-0.14508,6.3709,0.14019,-1.4734,-0.049429
-0.66425,3.7183,-0.46668,0.84815,-3.3661,0.06581,-0.66954,0.067393
-0.52548,-8.9402,-0.76572,-2.2684,5.1872,-0.033751,-1.4067,0.05812
4.4536,3.0729,-0.43816,-1.2267,-4.177,0.039178,1.9809,0.22449
4.4179,-0.46456,-2.2503,-0.5187,0.95564,-0.10416,0.44738,0.2033
-0.72347,0.79439,-1.5021,-0.78036,-4.7512,0.020702,0.77207,0.15413
-0.68948,2.6178,-0.14622,1.0539,-3.2167,-0.0012717,1.3443,0.047363
-0.68409,-0.66647,-0.030563,0.27991,4.4737,-0.015069,0.094299,-0.018276
-0.50633,4.0979,0.087048,1.2967,-0.28211,-0.018246,0.10969,-0.10597
-0.73086,-5.8257,-0.038111,0.16393,-0.66709,0.0022772,0.72127,-0.16165
-0.67145,1.5605,0.37283,0.19978,-0.21414,0.026247,1.1836,-0.1847
-0.67917,-0.10652,-0.67756,0.71256,1.028,-0.057104,-2.0577,-0.098518
-0.68771,0.38859,0.61303,-0.5882,-0.15761,-0.015249,-1.0789,-0.089294
-0.68441,-1.565,2.5449,0.8289,-0.8871,-0.052169,0.68182,-0.0032354
-0.64996,-1.0282,0.44097,-0.047097,1.3421,0.022056,-1.2259,0.10307
-0.63705,-0.52026,0.36642,-0.19204,2.7682,-0.047664,0.59091,0.039234
-0.38751,0.87358,2.7016,-1.256,3.3322,0.0051137,1.4501,0.15501
-0.59655,-3.0451,0.99846,0.71142,-0.97568,0.03115,-0.80095,0.054494
-0.64476,2.6868,-0.4148,0.2398,6.9472,0.22505,-1.8384,0.074354
-0.64219,3.99,0.07359,0.31596,-3.6432,0.0070775,-3.4087,0.10543
4.4416,-7.2294,0.078466,-2.5032,6.4528,0.026112,-1.163,0.01441
4.4057,3.8137,-0.055398,-0.87879,-2.6876,0.083337,1.7402,-0.034023
-0.66144,-0.81727,-1.9726,0.10263,1.9841,-0.063958,1.3845,-0.12697
-0.69164,0.4603,-1.6768,-1.0087,-3.2926,0.042906,0.54242,-0.11151
-0.65448,2.1338,-0.24547,0.50155,-3.2255,-0.024676,0.57948,-0.10078
-0.52575,-3.7085,-1.3113,-0.43365,4.4713,0.066876,1.4316,-0.10575
-0.78905,2.0851,-1.8608,1.6966,0.56435,-0.054768,0.83131,-0.001483
-0.68579,-7.67,-1.54,0.61397,0.56803,-0.0044997,0.26822,0.09212
-0.98094,0.6026,-0.38672,0.30497,-0.70911,0.00358,0.93438,0.078783
-0.73041,-1.4248,1.0839,0.43877,-0.48291,-0.018477,-0.79328,0.17789
-0.63971,1.2669,0.58242,-1.0572,1.2743,-0.037287,-1.1837,0.069535
-0.65274,-0.31503,2.8149,0.65679,1.4304,-0.08398,0.26106,0.21873
-0.65576,0.95555,2.1824,0.10775,0.11613,0.0079503,0.23073,0.038747
-0.42695,1.6188,0.91809,-0.080477,3.6545,0.0029061,1.8547,0.080487
-0.69007,2.1276,2.4801,-1.1022,3.7596,0.065149,1.1048,-0.01207
-0.64658,-2.5261,2.435,-0.95471,-0.017548,-0.02252,-0.13354,-0.092555
-0.64821,1.3874,0.81627,0.012957,7.434,0.27754,-2.2097,-0.092434
-0.78391,4.0672,-0.28547,0.83001,-4.0725,-0.015865,-2.6381,-0.1662
4.434,-7.6533,-0.76755,-2.3075,6.0319,-0.1157,-0.5004,-0.1258
4.418,1.5998,1.1651,-1.2636,-1.9697,0.065862,1.4118,-0.070676
-0.7042,-2.3088,-0.36641,-0.15674,1.6446,-0.088152,1.6499,-0.028912
-0.40732,-0.87192,-1.7424,-0.57551,-2.8896,0.0098113,2.2601,0.053083
-0.52704,0.61314,-0.52107,0.91135,-2.5476,0.050325,2.2992,0.063791
-0.70415,-5.8698,-2.9066,-0.48906,4.5349,0.048817,0.22751,0.41389
-0.69459,3.9049,-0.5071,1.149,1.6328,-0.049621,1.9946,0.21364
-0.79588,-3.0607,-0.46913,0.17658,0.0065428,0.024674,1.1273,0.23961
-0.7431,2.4342,0.66611,0.11148,1.0038,-0.026518,1.5032,0.11475
-0.66693,1.1222,1.0691,1.18,0.04193,0.034807,-0.30148,0.029085
-0.65522,0.43846,1.2158,-1.0874,2.8506,-0.053735,-0.54041,-0.046946
-0.63982,0.77219,2.1723,0.77652,1.3181,-0.078519,-1.0504,-0.12463
-0.54338,0.39746,1.0472,-0.43002,-1.7468,-0.004859,-0.057873,-0.15693
-0.66111,-1.0529,1.0603,0.31601,2.1801,-0.03918,1.0605,-0.14595
-0.65196,0.93999,1.1074,-0.63988,3.9181,0.076688,2.4644,-0.12675
-0.71142,-3.1442,1.1098,-0.15738,-2.2152,-0.041054,-1.3629,-0.095865
-0.76421,0.93737,-0.89435,-0.11687,7.5874,0.2247,-1.4053,0.033369
4.4544,3.32,-0.97093,0.075767,-3.3309,-0.078173,-1.9584,0.039891
4.4605,-6.4195,-0.57584,-1.557,5.5345,-0.17779,-0.15271,0.21383
4.4155,4.4618,1.7819,-0.71359,-3.6985,0.026702,1.0458,0.053934
-0.57424,-0.84462,-0.0033573,0.22563,-0.17376,-0.025132,3.7878,0.18699
-0.65494,2.9134,-2.3855,-1.4375,-3.3305,0.033049,0.34778,0.12043
-0.69741,2.8807,0.040956,1.0449,-1.9673,-0.0051542,1.7568,0.039526
-0.69611,-4.1287,-2.5084,-0.71745,1.1159,0.0015264,1.732,-0.015818
-0.7543,4.0181,-0.36924,0.89499,1.5312,0.0016162,2.0468,-0.089416
-0.686,-2.2166,-0.16539,0.31312,1.1306,-0.019587,0.7989,-0.21366
-0.66333,0.40907,0.49816,-0.16893,1.7148,-0.044115,1.7853,-0.12972
-0.6682,-0.53905,-0.71772,0.88438,-0.55082,-0.002722,0.064155,-0.12152
-0.40057,-1.1006,2.511,-0.33669,1.6641,-0.01032,-0.61548,-0.075884
-0.53056,-1.0232,1.3473,0.25258,2.1403,-0.030555,-2.621,0.015797
-0.66628,-0.74594,-0.92797,-0.58647,-3.2291,0.029481,-0.66187,0.079684
-0.65963,-0.97601,-1.2971,-0.49802,2.2853,0.046141,0.60087,0.097523
-0.71224,2.3044,0.92081,-0.71598,4.7572,0.089542,2.1197,0.055151
-0.72399,-1.6723,0.32309,0.28346,-2.126,-0.040675,-1.2212,0.055589
-0.65942,0.68447,-1.7454,0.37668,8.2906,0.38078,-1.0808,0.22357
4.4529,5.1508,-0.11424,-0.094485,-3.6142,-0.025799,-3.1199,0.017184
4.4154,-3.1399,-0.15042,-1.4277,5.9131,0.08342,-0.33056,0.034537
-0.65294,3.584,-0.2677,-0.31669,-2.9439,0.012661,1.1194,-0.06851
-0.67175,-1.3272,-0.6856,-0.32932,-0.52357,-0.063637,1.4056,-0.11942
-0.69318,2.1513,0.23471,-0.50457,-3.382,-0.0053468,0.54951,-0.17136
-0.65313,2.632,0.27066,0.96278,0.46081,-0.041644,1.4724,-0.080727
-0.78871,-5.0656,-2.3111,-0.4277,0.34717,0.048836,0.76474,-0.047457
-0.73297,1.0939,-1.1109,0.815,2.0387,-0.059491,2.3794,0.057244
-0.66685,-3.4452,1.3476,0.34575,-0.84599,-0.022514,0.081475,0.040889
-0.65546,1.0268,0.42381,0.067597,1.6211,0.011371,1.7173,0.028769
-0.35223,0.51601,0.14308,0.86723,1.2507,-0.038192,1.7269,0.04875
-0.57423,0.16445,0.57848,-0.26521,0.35491,-0.058066,-1.1746,0.26193
-0.6596,1.2024,2.2585,-0.15396,0.99382,-0.042568,-2.7279,0.19086
-0.6556,0.64238,0.84912,-0.10416,-2.2062,0.025034,-1.1818,0.12534
-0.94769,1.1106,-0.084274,-0.88128,3.0543,0.032831,1.9563,0.028331
-0.65583,3.3238,1.6513,-1.5859,5.6537,0.21252,2.0021,-0.02548
-0.62788,0.17191,1.6067,0.36959,-1.5649,0.024771,-0.60679,-0.095452
-0.62327,-2.5157,-1.4169,0.63559,8.2818,0.43772,-1.9079,-0.11891
4.4345,3.8235,-0.52771,-0.55142,-3.9754,0.020837,-1.4156,-0.10706
4.4095,-4.5767,-1.4977,-1.1637,5.354,0.033171,-1.6815,-0.1451
-0.71035,1.0919,-1.2098,-0.61451,-3.5289,0.017917,1.0144,-0.10696
-0.69922,-4.013,-0.90435,0.52654,-1.3743,0.0099975,1.8035,-0.022803
-0.66633,0.52482,-0.61844,-1.0729,-3.2705,0.0081941,-0.84543,-0.017011
-0.80455,2.2292,0.27277,0.18372,0.34149,-0.024099,2.2397,0.43884
-0.63851,-4.929,-2.0648,-0.31565,0.36734,-0.030773,0.60274,0.27546
-0.66742,2.3326,-0.40589,0.40153,0.97873,-3.9505e-05,2.3969,0.32413
-0.66682,-0.44727,0.015073,2.1918,-1.7556,-0.0044098,0.78096,0.067125
-0.50386,2.0515,0.26432,-0.51106,1.4909,-0.037582,0.45487,0.10619
-0.60038,1.9974,0.31104,0.7117,-0.17935,0.019085,1.7467,0.0048448
-0.65282,0.22193,3.5344,0.12665,-0.99974,-0.043768,-1.9682,-0.088296
-0.65044,1.0454,3.4728,0.6169,1.1956,-0.02184,-2.2097,-0.078342
-0.83794,0.49329,1.5601,0.01324,-2.6254,0.0067951,0.91637,-0.1597
-0.67987,-0.53628,0.31797,-1.6316,2.9533,0.065156,1.7732,-0.1424
-0.63491,1.784,1.2172,-2.0103,6.7669,0.40027,-0.062247,-0.10032
-0.62987,2.7144,-1.0743,0.86848,-1.5077,0.043535,0.90006,-0.033293
-0.63404,-7.4063,-2.2433,-0.38817,7.2882,0.31552,-1.7416,0.027576
4.4631,2.9873,-0.31815,-0.84928,-3.9911,0.045114,0.078855,0.13223
4.4253,-5.5513,-0.76099,0.4303,5.0074,-0.10796,-1.8803,0.17146
-0.69804,4.2103,-0.80994,-0.021855,-5.1154,0.047899,1.1798,0.14858
-0.96692,-0.38927,-0.84076,0.90796,-1.5543,-0.038776,2.2695,0.14824
-0.72758,-0.58268,-0.27862,-0.86516,-2.4495,0.063577,0.18722,0.057512
-0.68525,4.9543,1.9803,0.74026,0.95837,-0.028122,2.3758,0.050868
-0.67163,-2.7099,-0.65323,-0.026242,2.0722,-0.020839,0.68477,-0.037673
-0.64369,2.7716,0.76586,0.80077,1.0009,-0.038987,3.7052,-0.14374
-0.69616,-0.34393,-0.50826,1.6601,-1.8678,0.015164,-0.27082,-0.12081
-0.62599,0.58284,0.49047,-0.39298,0.58621,3.7505e-05,1.2982,-0.17039
-0.65679,-1.5294,0.98335,0.39941,2.523,-0.0042751,2.1938,-0.13722
-0.79912,-0.69013,1.7486,-0.1599,-1.1291,-0.022392,-1.0139,-0.080678
-0.68144,-0.98403,1.5029,0.54815,1.6651,-0.05745,-2.2229,0.01346
-0.58609,-0.30385,-1.5379,-1.5474,-0.80597,0.036547,-2.8041,0.07854
-0.63321,-1.2225,-1.0329,-1.4532,2.3025,-0.028469,0.80918,0.015359
-0.63192,2.9326,0.56494,-1.7081,6.7586,0.41382,1.9174,-0.022122
-0.46043,3.2808,-0.73685,1.094,-1.9275,0.0040164,-0.014712,0.19093
4.4617,-6.2182,-0.70321,-1.1026,6.3564,0.22595,-0.22616,0.051744
4.4241,4.0652,-1.1129,-0.089578,-3.051,-0.02637,-0.19671,0.14053
4.3893,-1.3312,-0.94994,-0.71013,4.5801,-0.17839,0.8064,-0.0079082
-0.82621,3.9531,0.56778,-0.14539,-5.0885,-0.0083117,0.97527,-0.080922
-0.70138,-0.059997,0.21009,1.489,-0.66005,-0.010391,1.0429,-0.122
-0.68089,-2.009,-0.80914,-1.2658,-0.55544,0.050293,-0.12865,-0.14783
-0.68671,1.6712,0.5582,0.76687,2.1289,0.015536,1.4964,-0.10589
-0.41522,-3.3964,-1.803,-1.244,1.9244,0.052873,0.81154,-0.1073
-0.60036,1.3585,0.78836,1.1468,0.86044,0.025977,3.7021,-0.048017
-0.67244,-3.038,-0.37845,1.8403,0.38942,0.048458,-0.29249,0.027917
-0.66287,1.5831,-0.37381,-0.19414,0.57192,0.016729,0.86302,-0.011145
-0.93268,-0.50551,-0.19416,1.2119,1.8883,-0.0088058,1.4415,0.25966
-0.8421,0.53197,1.979,-0.45821,-0.8571,-0.04423,-1.4692,0.17796
-0.6338,0.74369,1.2409,0.65763,1.0403,-0.094993,-3.4452,0.17587
-0.64443,2.0001,0.51319,-0.78433,-0.56622,0.027017,-2.6883,0.082921
-0.4361,-0.95583,-0.24322,-0.88816,1.546,0.009176,0.25173,0.020421
-0.53489,3.1927,0.89758,-1.6096,7.0293,0.4284,0.88137,-0.025797
-0.67341,3.8522,0.13427,1.2139,-1.845,0.014188,-0.15106,-0.1139
4.4307,-8.5866,-0.60693,-1.4145,6.4229,0.28367,-0.69157,-0.12084
4.4043,2.123,-1.8805,-0.36864,-3.0838,-0.0023883,-0.89378,-0.14598
-0.83084,-4.0176,-2.7356,-0.82778,4.3647,-0.23045,-1.8924,-0.1609
-0.73558,1.0635,-1.3261,-0.21306,-4.2217,-0.0088443,1.8765,-0.029764
-0.68806,0.17407,-0.11301,1.2623,-0.99426,0.0093621,1.8148,-0.053079
-0.6742,-3.021,-1.5562,-1.3701,0.42698,0.026208,1.4975,0.049042
-0.52774,2.729,1.1192,-0.081106,0.38157,-0.01419,1.5699,0.22946
-0.66362,-3.0564,-2.0316,-0.032337,2.4001,-0.027102,0.84553,0.29437
-0.6824,2.5595,0.72136,1.0959,-0.41495,-0.048222,2.6762,0.16302
-0.66829,-1.3827,0.34439,1.8248,-1.7948,-0.021493,-0.53701,0.085549
-0.88519,3.3299,0.11932,-0.49159,0.03956,-0.012284,-0.11555,0.038845
-0.64064,0.18305,1.5362,0.058328,1.4034,-0.05754,1.0712,-0.0022132
-0.64797,1.1643,3.394,-0.74264,-1.2195,-0.046207,-1.6849,-0.08411
-0.64449,0.22139,1.3645,0.9858,-0.0025449,-0.070427,-1.094,-0.10723
-0.36868,2.1225,0.018523,-0.35391,-2.002,0.010209,-1.4682,-0.11161
-0.56668,-4.1681,0.47474,-1.5122,0.10511,0.0062047,-1.3052,-0.13546
-0.64065,1.7872,2.3602,-1.2983,6.0124,0.34446,0.93297,-0.12103
-0.64828,2.5243,-1.0751,1.7438,-2.5801,-0.017887,-0.36461,-0.047676
4.4537,-9.26,-0.41068,-1.4645,6.3026,0.18856,-0.80687,0.046292
4.4258,1.5036,-1.1811,-0.65468,-4.4182,-0.011585,-1.4324,0.14004
-0.65596,-3.1796,-2.6887,-1.6494,4.3601,-0.33008,-2.6202,0.17908
-0.69218,1.9632,-2.1702,0.93796,-3.5302,0.012763,3.2073,0.1691
-0.66443,1.4756,0.31587,1.9604,-2.9664,0.031451,3.4358,0.12658
-0.46297,-1.6912,-0.48661,-0.78053,0.35192,-0.017424,-0.64075,0.20432
-0.7508,3.2737,0.70339,-0.4251,0.83956,-0.066191,2.1762,0.054397
-0.68023,-3.293,-1.8121,-0.70939,0.73408,0.039961,1.1565,-0.067804
-0.66724,2.3685,0.43503,0.62862,0.81287,-0.046124,2.3607,-0.074278
-0.80455,-0.84511,1.0257,1.1756,-2.3496,-0.048235,-2.4889,-0.17241
-0.71417,1.4606,-0.67422,0.31359,-0.69737,-0.031492,-0.048523,-0.18954
-0.65742,-1.274,1.932,-0.20266,1.5259,-0.04029,0.31303,-0.10635
-0.6513,0.19419,1.3426,-0.62673,-0.94721,-0.0031199,-2.3623,-0.035386
-0.56132,-1.1232,0.42418,-0.26394,0.59294,-0.022052,-0.12666,0.033393
-0.58354,0.90337,-0.53248,-1.035,-2.4419,-0.0091074,-0.76628,-0.0034544
-0.6522,-4.2693,-0.33763,-0.96737,-0.30276,0.035327,-0.26809,0.030838
-0.6455,1.98,-0.090949,-1.3249,5.7812,0.25933,1.8321,0.079416
4.4642,5.6094,-0.15542,1.981,-2.7484,-0.059466,-0.83665,0.062866
4.4325,-6.252,0.71941,-1.4231,6.8527,0.27176,0.51014,0.17886
4.3864,2.8909,0.34765,-0.47689,-5.3015,0.0040484,-1.5645,0.075619
-0.69797,-2.2342,-0.75763,-1.0164,3.6354,-0.31474,2.1627,-0.012119
-0.52344,2.7514,-2.1998,0.59187,-1.851,-0.0069704,0.98308,-0.084719
-0.56069,0.6097,-1.7412,1.8768,-3.0597,0.031663,3.318,-0.13712
-0.6934,-4.2996,-0.98748,-0.16232,-0.28272,-0.049871,-0.90232,-0.13816
-0.68949,1.3195,-0.16086,-0.0862,1.6069,-0.034854,2.3939,-0.13408
-0.83044,-3.3117,-1.3583,-0.77197,2.063,0.050858,0.40667,-0.10329
-0.75028,0.0033498,-0.16295,-0.022157,1.8416,-0.019639,2.0846,-0.014163
-0.60523,-0.75116,-1.212,1.4654,-1.5182,-0.044885,-2.4377,-0.0071538
-0.6567,1.1419,-1.8861,-0.017532,1.1128,-0.056674,-0.76709,0.16321
-0.65687,0.58818,-0.99018,-0.27909,0.091241,-0.056642,0.26631,0.076617
-0.39852,-0.08537,2.2979,-0.31232,-2.4349,0.035083,-2.7671,0.19315
-0.68005,1.0817,-1.515,-0.10638,1.6814,0.047103,1.0338,0.14182
-0.65916,3.0285,-0.10721,-1.433,-0.0067901,0.060869,-0.61433,0.06732
-0.65354,-2.6977,0.84846,-1.1552,-1.2044,0.038292,-0.59618,-0.013092
-0.76721,2.8061,0.9858,-0.50449,5.5375,0.24001,-0.47489,-0.072744
4.4308,5.9066,0.15664,2.2158,-4.396,-0.022668,-0.31974,-0.075884
4.3994,-4.1087,1.1365,-0.31117,7.4093,0.16496,-0.084691,-0.15639
-0.69894,1.4056,1.4092,-1.4118,-6.8116,-0.067468,-2.6785,-0.13967
-0.41692,-3.5422,0.53012,-1.4604,1.3595,-0.21648,-0.23623,-0.12363
-0.58143,0.01148,-3.7385,0.32244,-2.3215,-3.9505e-05,2.458,-0.060551
-0.70075,0.35589,-3.1777,1.5601,-4.4045,-0.035246,1.9164,0.068805
-0.69854,-7.5303,-3.1423,0.32345,-0.082484,-0.0064442,-0.5257,0.13388
-0.70356,1.8958,-0.48106,-0.34589,0.68267,0.01422,3.1147,0.30513
-0.85695,-2.4904,0.33935,0.18797,1.4205,0.041257,-0.009491,0.15377
-0.66402,2.4756,1.5033,0.86405,1.6639,-0.0087095,2.2509,0.19242
-0.66275,-0.22847,-1.3729,1.0623,-2.9407,-0.025838,-1.7383,0.035851
-0.37604,2.4101,0.04366,-0.032151,-1.2137,-0.16157,-0.18216,0.031641
-0.54114,0.3949,1.5445,0.17686,1.8265,-0.14405,-0.29045,-0.020661
-0.68924,1.4761,0.7989,-0.47445,-4.4901,0.054002,-1.3359,-0.094016
-0.65408,-0.15777,0.1064,1.2398,-0.78045,0.02067,-0.059819,-0.11709
-0.80071,2.8408,0.42801,-1.4698,-0.65577,0.062826,-0.29857,-0.11592
-0.81683,-3.093,0.23614,-1.1097,-1.7411,0.042746,-0.66629,-0.12748
-0.68772,0.66243,0.39534,-1.3566,5.6611,0.23727,-0.05761,-0.079413
4.4497,3.7149,-0.42251,1.7472,-4.8488,-0.04749,-1.1146,-0.0054014
4.4176,-3.8951,0.34411,-0.74122,6.7334,0.046622,-1.4517,0.0059644
-0.49922,0.81315,1.3357,-0.81523,-6.5146,-0.0021444,-2.131,0.15966
-0.63396,-2.655,0.39383,-0.91804,1.2542,-0.23089,0.13345,0.20047
-0.70081,1.2065,-3.9647,0.55375,-2.4248,0.048573,2.0416,0.075011
-0.69477,2.5569,-2.7608,1.7712,-4.2786,-0.057245,1.8093,0.1921
-0.81211,-3.9611,-2.4481,-0.062846,-1.1582,0.0027521,-2.5601,0.13744
-0.67462,2.8922,-0.050921,-0.19997,0.52186,-0.07857,1.9563,0.027309
-0.66663,-0.35915,2.9604,0.50905,-0.84542,0.010626,2.2477,-0.055562
-0.66382,1.1033,4.4858,0.89298,0.89055,-0.040515,0.57041,-0.10648
-0.40203,-0.07444,0.43134,0.68014,-2.1504,0.020208,-0.91349,-0.15591
-0.55908,0.95434,0.93508,0.20213,-1.0975,-0.087831,-2.1979,-0.15535
-0.65824,-1.1867,-0.66103,0.37121,0.88998,-0.06417,-1.9314,-0.12359
-0.65853,-1.4016,1.9929,0.0079408,-6.9114,-0.015782,-0.4337,-0.051376
-0.79609,-0.84215,-1.9965,0.98094,-0.76964,-0.012753,-0.10042,-0.047044
-0.74136,2.7171,-1.1492,-1.4693,1.1029,-0.022558,0.42377,-0.010318
-0.61492,-0.6742,-0.29112,-1.1338,-1.0299,0.031169,-1.2382,0.1359
4.4823,-0.049073,-1.237,-1.5109,6.6013,0.31308,-0.11564,0.045392
4.4436,3.9018,-1.122,1.1632,-5.6528,-0.017328,-1.7853,0.15479
4.4003,-1.7448,-0.80045,-0.37007,6.4963,0.036598,-0.89103,0.14727
-0.64245,3.2245,2.5243,-0.21233,-5.587,-0.022636,-1.3095,0.068683
-0.69743,-1.7592,1.5458,0.84362,-0.42866,-0.087715,1.8467,-0.010464
-0.68844,0.90456,-1.5791,0.57646,-3.554,0.04985,1.0127,-0.075227
-0.88355,3.8982,-0.22632,1.3458,-0.72145,0.00058299,1.4577,-0.16696
-0.72365,-6.7022,-1.322,-0.8524,-0.999,-0.0022792,-0.72167,-0.1774
-0.67291,0.56406,1.3453,0.39836,0.00042224,0.034865,0.9344,-0.11991
-0.66397,-1.5682,2.4508,1.0126,1.8379,-0.010256,-0.42321,-0.049429
-0.50667,0.55423,2.2985,1.1431,1.1766,-0.018413,0.31443,-0.034996
-0.59727,-0.51129,-0.13562,0.74648,-1.5096,-0.0076442,-1.0572,0.080049
-0.66298,-0.3319,3.3603,0.036169,-1.5479,-0.041028,-1.8197,0.18609
-0.6549,-0.22617,0.6219,0.43948,2.4974,-0.044622,-0.55253,0.12147
-0.80963,0.67378,0.50134,0.49245,-5.7635,-0.042363,-1.4569,0.19003
-0.67247,-1.027,-1.8851,0.051809,-1.2689,-0.045976,-0.85163,0.071312
-0.63571,4.7003,0.54854,-1.2704,2.5896,0.062698,2.3942,0.049334
-0.62452,2.043,3.0281,0.44104,-1.0992,0.00035838,-0.65656,0.011781
4.4391,-1.6213,0.58579,-1.377,6.3427,0.22349,0.48713,-0.030445
4.4031,3.1799,-1.1515,1.137,-5.4167,-0.010776,-1.8714,-0.16192
-0.69309,-2.5337,-1.1645,-0.6431,5.9619,-0.13028,-0.11875,-0.19799
-0.69584,2.6271,0.22159,-0.11461,-5.55,0.0031692,-0.18633,-0.13907
-0.93529,-1.5736,1.903,0.37223,-2.3571,-0.073975,1.5015,-0.088467
-0.77819,-2.2743,-1.117,0.12001,-3.1416,-0.023348,-0.40331,0.015286
-0.61924,1.4542,-0.61231,1.123,-2.1129,-0.05634,1.4184,0.148
-0.6673,-7.692,-2.5443,-0.43792,-0.68017,0.057018,-0.87051,0.25209
-0.66506,2.3586,0.77425,0.081785,0.059605,-0.085784,1.3476,0.075084
-0.50354,-2.1478,0.76763,0.79371,-1.0104,-0.027108,-0.63498,0.19916
-0.61754,2.0501,2.4127,0.4511,0.37346,-0.071697,0.51789,0.067393
-0.6587,0.29649,1.6847,0.99806,-0.13575,0.0031949,-1.3094,0.14189
-0.65212,2.4309,2.8141,-0.57147,-1.4382,0.010171,0.090909,-0.00092325
-0.85123,0.85723,1.9273,-0.40442,1.4236,-0.10681,-1.1886,-0.037966
-0.6538,1.5436,3.6133,0.30853,-4.3539,-0.022238,-1.9138,-0.070408
-0.63284,-2.6715,0.81078,0.81466,-0.7761,0.021761,-0.82832,-0.14427
-0.6357,4.0986,0.99193,-1.6135,3.1269,0.024,1.7607,-0.096133
-0.53649,2.3319,2.6821,-0.62395,-1.339,0.048323,-0.11108,-0.1534
4.4389,-3.9849,-1.297,-2.3992,5.5314,0.14783,-0.85176,-0.10224
4.423,1.2686,-2.1843,0.68877,-4.2171,0.023224,-1.0978,-0.00021746
-0.70089,-4.4671,-3.3257,-0.18301,5.6854,-0.09928,-0.99758,0.0086659
-1.0637,2.0447,-1.2486,-1.0799,-4.824,0.030392,-1.0692,0.12072
-0.80565,-1.2171,1.4233,0.08244,-2.1163,-0.11727,1.7208,0.079294
-0.67704,0.54569,-1.2703,0.36017,-0.94561,0.071811,1.5572,0.37227
-0.68052,1.9362,-0.64632,2.1138,-1.4794,-0.025748,0.22307,0.16297
-0.43654,-3.8193,-0.8839,0.13285,-2.4753,0.030091,-1.7151,0.096209
-0.63813,3.1953,0.71346,-0.73361,2.0519,-0.0090561,1.2306,0.018328
-0.70417,-1.4092,2.9721,-0.10459,-1.5891,0.059085,1.0328,-0.087152
-0.66101,1.7254,1.9561,-0.29638,2.541,-0.050898,2.3835,-0.10239
-0.83921,-0.21765,0.72148,1.5395,-0.23153,-0.020826,-1.3197,-0.17521
-0.73541,0.49608,2.6451,-0.037071,-0.64068,0.012224,0.47309,-0.13826
-0.67878,-1.0733,3.124,0.29917,1.6691,-0.14038,-2.382,-0.1036
-0.64082,0.15803,1.4305,-0.32207,-4.471,0.068961,-0.16389,-0.071722
-0.63104,-2.2462,-0.99105,0.90483,-1.3149,-0.0022407,0.098743,-0.054394
-0.39867,2.7596,-1.2425,-2.4992,1.6133,0.037522,0.84611,0.083091
-0.58471,3.3945,2.3907,0.2848,-1.689,0.014759,-0.50728,0.17937
4.457,-5.5816,-2.5443,-1.6301,3.4629,-0.046547,1.5618,0.21863
4.4133,2.8401,-2.8261,1.5468,-2.9916,0.0054988,-0.16875,0.097158
-1.0032,-2.3209,-1.6718,-0.38183,6.0076,-0.023495,-0.55864,0.14815
-0.68935,3.7405,-0.54547,-1.1228,-3.5619,0.050331,-1.1802,0.058145
-0.68174,-3.1552,0.78984,-0.68063,-0.85613,-0.11516,2.307,-0.03597
-0.67687,2.1032,-0.80534,-0.28033,0.38726,0.041629,1.678,-0.078537
-0.51335,3.0536,-1.6287,1.7999,-0.084957,-0.047298,1.9202,-0.16443
-0.65831,-4.8849,-1.2409,0.26295,-1.817,-0.018573,-0.071019,-0.23559
-0.66605,0.53154,-0.085405,-0.11994,1.4701,0.036707,1.696,-0.12799
-0.66326,-2.4297,0.87327,-0.033725,-1.2717,-0.0057447,-0.41528,-0.10609
-0.98208,-0.32828,1.2151,0.012103,2.8492,-0.076369,0.86153,0.010808
-0.75687,-0.85415,-0.010315,0.79976,-0.7175,0.064302,0.48413,0.092656
-0.63973,-1.0138,1.4204,-0.91766,0.5055,-0.032056,-1.053,0.16238
-0.64149,0.60185,1.0878,0.10064,3.3218,-0.088601,1.1455,0.15297
-0.49261,2.0229,1.2759,0.31677,-3.9148,0.026561,0.71854,0.042228
-0.56736,-3.023,-2.063,0.64148,-0.76285,0.045217,-0.44012,0.062939
-0.66478,4.5625,0.17538,-1.3203,-0.92754,0.046943,1.836,0.080098
4.4445,4.7229,2.4443,0.76952,-0.72155,-0.0054366,-0.72915,-0.0035274
4.4039,-2.6659,0.78062,-1.63,3.3403,0.0090798,1.1139,-0.065905
-1.0713,2.4851,-1.8883,0.71101,-1.5618,0.03552,-0.062581,-0.1139
-0.74566,-5.4526,-1.307,0.141,6.9162,0.17326,-0.75801,-0.15795
-0.69119,2.451,-1.1032,-1.776,-1.9485,-0.02811,-1.9206,-0.1205
-0.6821,-1.3383,-0.47279,-0.49833,0.65542,-0.11318,3.3371,-0.041008
-0.56457,0.49403,-2.9256,-0.24393,2.7116,0.080596,3.6347,0.018498
-0.70318,-0.18709,-1.1278,1.9144,-0.11002,-0.04011,1.9796,0.17416
-0.67944,-4.4751,-1.9568,0.6292,-0.41018,0.051756,-2.4477,0.090538
-0.67043,1.2248,0.3822,-0.57473,1.2891,-0.03712,2.3555,0.10397
-0.8263,-0.69543,0.3448,-0.232,-2.4311,0.034499,-0.13868,0.07063
-0.69321,1.1283,1.6119,-0.22632,4.3677,0.034647,1.4183,0.22549
-0.65271,1.941,-0.40253,1.1188,0.99483,0.016113,-0.42165,0.115
-0.63849,0.20253,0.84586,-0.17229,-0.20536,0.036239,-1.0911,0.027236
-0.43965,2.8346,0.40566,-0.23955,3.005,-0.061506,1.4326,-0.01757
-0.59503,2.72,1.2708,-0.020204,-4.2907,0.06092,1.9795,-0.10855
-0.66964,-8.0261,-3.4044,-0.38714,0.41556,0.072067,-0.099436,-0.16627
-0.63499,2.6204,-1.1151,-1.4062,0.31867,0.094394,-2.4246,-0.15286
4.4384,4.0314,1.2259,1.3215,-1.1017,0.034198,-0.44956,-0.0808
4.4191,-3.6641,0.56895,-1.638,5.1553,0.1889,2.4521,-0.077052
-0.59198,0.23715,-1.851,0.70219,-1.531,0.043022,0.32635,0.015529
-0.68694,-7.991,-1.9353,0.076653,6.9439,0.17431,0.052114,0.14686
-0.46428,2.4642,-1.8385,-1.1432,-2.1799,0.023923,0.75622,0.01015
-0.59324,-2.6393,-0.53565,-0.52585,-1.3437,0.014252,2.4872,0.43631
-0.76259,0.56687,-2.6764,0.44841,2.6205,0.044389,3.7468,0.24523
-0.68286,2.6187,0.39841,1.246,0.17493,-0.026172,0.71451,0.19361
-0.70879,-2.058,-1.4436,-0.1488,-0.92918,0.0010579,-0.51272,0.024778
-0.75875,1.894,2.6439,-0.21183,2.7911,-0.045674,2.3396,0.0011698
-0.67189,0.15055,2.1921,0.22146,-0.070063,0.032812,0.46687,-0.070286
-0.65119,0.8308,1.2541,0.40962,3.5624,-0.034116,1.3416,-0.14345
-0.65537,1.5517,0.17628,0.45669,2.4843,0.047816,-0.60787,-0.085376
-0.39389,-1.2586,2.6146,-0.55424,0.37211,0.010087,0.70081,-0.15681
-0.62154,1.0553,2.1514,-0.09137,2.7854,-0.057803,0.61315,-0.12081
-0.64421,1.825,1.5759,-0.99603,-4.1928,0.0095675,0.64536,-0.086447
-0.64396,-5.6255,-3.2518,-0.86888,-0.40102,0.044248,1.9418,-0.049672
4.504,1.4786,-1.599,-0.66926,0.29589,-0.002921,0.7787,0.13155
4.4557,3.3467,0.43143,0.66495,-0.97236,-0.0051029,0.023691,0.21437
4.4188,-2.3083,-1.9777,-2.2773,6.6281,0.40231,2.5931,0.19711
-0.70059,3.2184,-0.78489,0.92999,-2.6324,0.01449,0.34129,0.1307
-0.47614,-6.7002,-0.43179,0.13799,6.4055,0.049093,-0.51955,0.08937
-0.51488,3.1442,-1.128,-0.79714,-0.18621,0.052122,1.1239,0.025362
-0.70492,0.45765,1.6793,0.27289,-0.78856,0.00049956,2.8313,-0.061476
-0.69075,-0.64177,-1.0524,0.055046,2.1481,0.049959,2.4179,-0.14744
-0.8365,2.4705,1.4262,1.6968,-1.305,-0.079681,-0.14664,-0.22155
-0.7792,-2.5944,-1.5647,-0.19107,0.33197,0.073415,-0.39392,-0.15591
-0.67015,0.20305,0.65301,-0.10997,4.1873,0.076489,1.8594,-0.13283
-0.66095,-2.2673,0.91948,0.75323,-0.074257,0.058835,0.10183,-0.030956
-0.64446,-0.34751,2.6165,-0.034804,2.727,0.013469,0.76408,0.0085198
-0.46786,0.17164,0.10016,0.93347,3.4989,-0.017123,-1.5698,0.09234
-0.65131,-1.6308,0.28925,-1.353,-0.9468,-0.027577,-1.7315,0.11424
-0.65741,0.90441,0.77592,-0.84529,3.6258,-0.075991,1.9243,0.072017
-0.6479,3.0785,1.2398,-0.55499,-4.1118,-0.0039157,1.0408,-0.011121
-0.6961,-4.4022,-2.4531,0.34139,0.17085,0.026317,1.6345,0.15372
4.4452,3.8823,1.3976,-0.97282,0.42078,0.0080273,2.4868,0.036557
4.4052,4.4305,1.3209,0.35313,-0.15184,0.019585,0.22628,-0.015891
3.9166,-1.9315,-1.6581,-1.4924,7.0905,0.46304,0.89543,-0.056462
-0.493,4.0261,0.25453,1.2434,-3.7785,-0.0093064,0.18837,-0.14296
-0.60089,-3.872,0.02893,-0.10589,4.9865,-0.054338,-0.95026,-0.137
-0.69907,0.96893,0.16009,-0.6259,0.75658,-0.019722,1.5384,-0.13936
