tachometer_signal,underhang_bearing_axial,underhang_bearing_radial,underhang_bearing_tangential,overhang_bearing_axial,overhang_bearing_radial,overhang_bearing_tangential,microphone
-0.70748,2.1552,-1.7287,1.2238,-1.9387,-0.043544,3.6769,0.26258
-0.6923,-3.3097,-0.75148,-0.26646,0.29502,0.039916,1.2814,0.18395
-0.81082,1.9019,1.7899,0.021095,1.4278,-0.021423,1.6777,0.15348
-0.69511,0.0066186,0.32973,0.82557,-2.1907,0.019033,0.047985,0.094652
-0.67795,1.5937,-0.38207,0.70296,2.7585,-0.080361,1.7044,-0.0061559
-0.66443,1.6033,1.1419,-0.39995,3.4285,-0.028264,2.1415,-0.074497
-0.45832,0.075109,2.2304,0.079813,-4.9093,0.01207,-0.64786,-0.14162
-0.64324,1.0628,-0.30275,-0.05413,3.6767,0.0054475,0.73174,-0.17545
-0.65471,0.93726,1.2432,-0.83107,3.7759,-0.0037103,3.7173,-0.11307
-0.65686,-2.3688,0.32345,0.9991,-3.8813,0.0030409,-1.2584,-0.13838
-0.96083,-1.691,-2.4507,1.4758,7.767,0.1525,-4.0135,0.084527
4.45,3.2464,0.48821,-1.0975,-5.6591,0.023224,-1.7458,-0.057338
4.4304,-4.1218,-2.3203,-1.4344,3.4658,-0.1888,1.5074,0.15099
-0.70383,0.73896,0.77528,-0.99659,-4.8211,0.038113,-0.60159,0.24194
-0.59303,0.99277,0.33724,0.23302,-2.0682,-0.047638,0.69045,0.27723
-0.62551,-1.4287,-3.1181,-0.97855,5.3105,0.1752,0.63124,0.069754
-0.66116,3.2413,0.036799,0.77717,-2.3774,-0.10303,-0.41052,0.15421
-0.69537,1.2541,0.4757,-0.41595,0.74049,0.0015649,0.49761,-0.010731
-0.7601,0.039647,1.0913,0.99506,0.92453,-0.052336,2.043,-0.090852
-0.89312,1.8379,1.1075,1.4543,-0.7659,-0.095622,1.9607,-0.124
-0.63005,-2.3873,0.61021,0.17201,-1.093,0.045262,-3.2665,-0.18436
-0.66935,0.53962,3.1358,0.22963,1.6398,-0.050699,0.29131,-0.14213
-0.67297,0.16391,0.95449,0.28384,-0.70207,0.029045,-0.17546,-0.050646
-0.51432,-0.85914,1.6345,0.0084289,-1.0373,-0.018278,0.068008,-0.051716
-0.64321,-0.10584,0.3298,-0.27909,3.666,-0.18337,-0.69726,-0.012484
-0.65721,0.0091296,0.2647,-0.15317,-4.7208,0.047771,-0.59679,0.014361
-0.64988,-1.7284,-0.7638,-0.19604,-0.86017,0.037817,1.8344,0.04746
-0.89565,2.7088,-0.87237,-1.3136,7.3238,0.45268,1.675,0.22931
4.4393,5.8204,-0.6365,1.338,-5.5999,0.012295,-1.3452,0.059532
4.4036,-6.3772,-0.58271,-2.5084,6.1681,0.071111,-0.73202,0.1104
-0.71434,2.8834,-0.27084,-0.92674,-5.1474,0.015375,0.36587,0.027114
-0.38901,-0.87116,-1.2283,-0.22967,-1.078,-0.11354,0.51387,-0.04461
-0.6943,0.18941,-0.57592,-0.34488,-1.5421,0.041578,-1.5511,-0.090268
-0.69022,2.7816,-0.11954,0.66666,0.22339,-0.017842,1.132,-0.20568
-0.69364,-4.6278,-1.5051,-0.19619,0.60925,-0.020665,0.3291,-0.14111
-0.8913,-0.64448,0.4964,-0.37039,-0.7937,-0.011373,0.23615,-0.057509
-0.78665,-0.52703,0.35047,0.30605,-0.16449,-0.087555,1.824,-0.013822
-0.69657,-2.2003,1.5535,0.2017,0.90548,-0.068649,0.46857,0.046536
-0.67195,-0.42278,-0.25247,0.42669,2.246,-0.025318,1.3547,0.14975
-0.4744,-1.0451,1.1957,0.10076,-1.4088,-0.024047,-0.85572,0.12544
-0.54401,0.70639,1.3896,0.96382,0.64393,-0.057194,0.088372,0.19195
-0.68817,1.5323,-0.41478,-0.22829,5.1742,0.13708,-1.82,0.17046
-0.65916,-0.5781,1.8901,-0.86595,-7.0748,-0.054043,-0.72809,0.089687
-0.7893,-1.1766,0.27766,-0.57514,2.6385,-0.087696,0.88833,0.018133
-0.79533,4.3211,0.18501,-1.2968,-4.3918,0.063571,1.0108,-0.062644
4.4195,5.147,1.2824,1.0671,-2.8292,-0.0064698,-0.019406,-0.064688
4.3883,-3.472,0.27275,-1.3333,5.2954,0.16228,1.638,-0.14792
-0.70414,2.9901,-0.54223,0.8594,-3.4119,-0.028854,-0.47085,-0.096815
-0.56941,-4.4224,-1.3011,-0.65387,4.6632,-0.29675,-1.5434,-0.14065
-0.65866,0.4029,-2.3488,0.709,-3.9156,-0.033199,2.3546,-0.10555
-0.6993,-0.5185,-1.0995,1.8693,-1.7567,-0.019221,0.67363,0.23046
-0.6946,-3.5869,-0.85623,0.18297,-0.13802,-0.0074132,-0.30992,0.2572
-0.88154,0.79203,-0.069596,1.1582,0.84569,-0.018175,0.74866,0.2224
-0.70483,-1.0714,-1.3195,1.4741,-1.5631,0.014868,0.61244,0.12743
-0.66432,1.4827,0.00062559,-0.010769,-1.1804,-0.01711,-0.40342,0.14269
-0.66691,-0.044802,1.6216,0.7303,2.607,-0.024702,0.50975,0.1223
-0.48086,1.0131,0.74311,0.74785,-3.1,-0.02483,-2.3062,0.058047
-0.65567,1.0869,-1.2147,-0.098538,2.6209,-0.046586,1.0879,-0.022535
-0.66803,1.5666,1.5641,-1.311,3.2143,0.034679,1.5879,-0.10032
-0.65568,-1.9304,2.2301,1.1431,-3.5118,-0.057791,-2.1472,-0.12709
-0.81021,1.3638,-0.89969,0.3005,7.1633,0.015414,-3.4558,-0.16024
-0.79493,2.3581,2.1188,-0.35441,-6.3541,0.013835,-1.5335,-0.13997
4.435,-6.7137,-0.29036,-1.7445,1.6349,-0.055647,0.50175,-0.095549
4.4187,-1.2618,-0.29938,-0.75301,-2.5599,0.07957,1.181,0.01604
-0.71041,1.701,-0.91695,0.9044,-1.3581,0.042444,0.83076,0.030229
-0.49728,-3.371,-3.0268,-0.40835,6.1778,0.26887,0.77446,0.14372
-0.74281,2.2271,-1.0133,-0.16398,-3.4144,-0.016334,-0.84781,0.10234
-0.70272,0.33237,-0.024736,-0.34104,0.78656,-0.077929,2.1599,0.22569
-0.69693,1.0976,-0.48438,0.11829,1.9791,0.053341,1.1478,0.16694
-0.83078,2.0166,0.013133,0.96602,-0.1007,-0.09688,0.9326,0.14488
-0.71001,-1.5421,-1.4609,-0.48194,-1.9661,0.0087525,-0.17909,-0.0040142
-0.67416,1.9265,2.2084,0.96527,3.5619,0.0058004,1.4412,-0.073158
-0.65949,0.36537,-0.73115,0.095318,0.2621,0.037426,-0.24869,-0.094429
-0.4579,0.70179,1.1905,-0.38088,-1.8595,-0.048062,-2.0897,-0.16518
-0.59374,-0.079674,0.35201,0.089422,1.8296,-0.1831,-1.7536,-0.15756
-0.66228,-0.26629,0.68161,-0.29138,-3.1196,0.0083482,-0.75237,-0.10458
-0.66092,-2.4093,-0.6104,-0.61741,0.908,0.036194,0.639,-0.047968
-0.84369,1.0227,-0.42208,-1.5163,7.8121,0.45178,-0.44533,0.059751
-0.72886,2.9601,-1.2743,0.69336,-5.9197,0.03851,-1.3432,0.16348
4.4499,-10.059,-0.1178,-2.8741,5.7155,-0.0778,-2.2567,0.11144
4.4206,2.7665,0.47366,-0.20709,-5.9809,0.013251,0.24398,0.19877
-0.48423,0.65906,-0.75327,0.22703,-0.49065,-0.096469,1.424,0.14019
-0.48214,0.026784,-0.93761,-0.3696,0.86125,-0.0077533,-0.27042,0.097937
-0.7633,2.9032,-3.19,1.3983,-2.8747,-0.047324,0.049995,0.017233
-0.69911,-3.1624,-1.9522,0.1733,2.8562,-0.048517,-1.1435,-0.060989
-0.90874,1.1506,0.47572,-0.71959,1.002,-0.030311,0.59828,-0.14077
-0.72417,0.7526,0.35881,1.0177,-1.4042,-0.12961,0.37774,-0.2315
-0.63934,-4.054,1.6226,1.6618,-0.29982,0.032844,1.1343,-0.12845
-0.66882,1.4631,0.0063751,-0.081113,1.5435,-0.024516,0.981,-0.09146
-0.67311,-0.56458,1.9597,0.093076,-2.7074,0.029218,-0.72626,-0.02531
-0.48868,1.3468,-1.2855,-0.28395,-0.11715,-0.059748,-1.68,0.04106
-0.68133,-0.13553,-1.048,-0.36073,4.3904,-0.058529,-1.138,0.10529
-0.66839,0.27944,1.9146,-0.47545,-5.7273,0.024552,-1.7837,0.094408
-0.6623,0.015121,-0.72339,0.38094,-0.62721,-0.022218,-1.0912,0.10064
-0.84281,3.2675,-0.10456,-1.2498,1.6144,0.037554,1.2008,0.18003
-0.6728,2.272,1.6326,0.10886,-4.2247,0.0061213,-1.2645,0.11782
4.4218,-3.137,-1.2727,-1.4201,6.3454,0.16692,-0.71016,0.018717
4.3842,4.2846,-0.3198,0.37877,-5.5495,0.0022965,-1.5951,-0.044074
-0.4901,-1.4182,-0.94895,-1.6239,4.5907,-0.44437,-1.3434,-0.12792
-0.62227,0.29842,-1.712,0.16978,-5.7387,0.053097,1.2696,-0.14094
-0.70498,2.5071,1.3581,1.2826,-1.9057,-0.058458,1.5145,-0.15883
-0.70523,-3.4997,-0.64322,-1.0652,0.44149,-0.048922,1.3557,-0.13118
-0.73507,1.1207,1.1392,1.9525,-2.0013,-0.066737,1.097,-0.052568
-0.75481,-3.0756,-0.096512,1.5711,0.49615,-0.0029081,-0.24187,0.036338
-0.67937,-0.97843,-0.12446,-0.55059,-2.3523,-0.032416,-0.57648,0.17966
-0.67136,0.18913,1.9209,0.74846,0.33836,-0.12222,0.12852,0.0087145
-0.532,-0.27791,1.8604,0.22667,-0.71228,-0.037511,-1.415,0.18864
-0.51314,1.139,1.857,0.13307,2.0812,-0.038249,0.82037,0.15927
-0.68449,1.5959,1.9041,-0.25811,2.0527,0.042399,-1.1594,0.14172
-0.66574,0.7294,-0.45352,0.11746,-3.5083,-0.032474,-3.6518,0.021443
-0.70127,2.3623,-0.89027,-0.34339,5.0634,-0.32348,-1.7665,-0.017035
-0.79295,2.9042,2.911,-0.054663,-5.6592,0.0008076,-0.45419,-0.091509
-0.62654,-7.8602,-0.38881,-1.5113,-0.29971,0.014137,-0.13407,-0.15486
4.415,2.681,-0.56311,-0.63637,-0.32844,0.080532,-1.7176,-0.15725
4.389,3.0512,-2.4986,0.67433,-1.3123,0.022075,0.36961,-0.083258
-0.58037,-5.0094,-1.5079,-0.86853,5.935,0.14313,-0.21649,-0.11738
-0.63995,1.4197,1.1493,-0.36783,-5.5919,-0.024381,-0.9029,-0.014333
-0.71104,-1.0697,-0.35751,-0.3205,-0.52048,-0.090321,1.1592,0.078467
-0.70598,-1.8473,-1.5169,1.2693,-0.19808,0.070219,-1.6596,0.11483
-0.91223,0.9041,-0.71913,-0.09024,1.3597,-0.022186,1.293,0.24036
-0.7406,-3.526,-2.2805,-0.11248,-1.136,0.061986,0.066679,0.19906
-0.67189,2.4758,0.33656,0.14396,2.1904,0.020002,1.2517,0.15343
-0.67272,0.96636,-1.0501,0.055194,0.87814,0.0030601,0.76159,0.015018
-0.38951,1.839,2.2949,0.068881,-0.33129,-0.085245,-1.5356,-0.012946
-0.58479,1.6592,1.8495,1.3865,2.3643,-0.05566,1.3146,-0.084767
-0.66124,0.65714,-0.53669,-0.043237,-2.4129,0.065477,-1.9225,-0.15822
-0.66472,-0.86457,3.6424,-0.044907,-0.013823,-0.024971,-1.4172,-0.12003
-0.79043,0.43202,0.51924,-0.56196,7.1849,0.29778,-1.2141,-0.13468
-0.7559,1.509,0.30296,0.41634,-4.916,0.017025,-2.5356,-0.10526
-0.66166,-9.5171,-1.8537,-0.96557,4.7386,-0.02775,0.87802,-0.0039655
4.4499,2.1088,-0.092606,0.049285,-6.3084,0.043259,0.69137,0.097669
4.4177,0.98271,-1.4096,1.5692,-0.0691,-0.037794,-0.37227,0.13488
-0.50077,-1.2343,-0.79704,-0.29471,1.4125,0.041418,0.84605,0.18667
-0.65699,1.221,-4.0357,0.45485,-2.491,0.028146,0.70346,0.18083
-0.70515,-3.1935,-0.063216,-0.24226,4.827,-0.08271,-1.1218,0.15537
-0.75319,3.2587,-1.3281,-0.2059,1.2611,-0.018573,1.5971,0.0098341
-0.75916,2.5545,0.55197,1.243,-0.32086,-0.10416,-0.43543,0.013558
-0.77227,-2.1361,-0.026985,0.17923,-2.1719,-0.029425,-1.8133,-0.067001
-0.67724,1.8295,0.35672,0.62106,1.4646,-0.045783,1.0619,-0.14135
-0.66182,-0.954,1.3776,1.4309,-0.24464,0.03921,-0.028827,-0.078245
-0.48634,0.98322,1.3924,-0.95585,-0.026603,-0.014851,-0.38468,-0.18127
-0.59985,-1.0405,0.17353,0.49539,1.8002,-0.12689,0.96907,-0.097399
-0.66364,-1.6012,1.7814,-0.62315,-4.5497,-0.0047885,-0.23962,-0.02144
-0.66005,-0.033506,-0.79399,0.7578,1.2999,0.0049469,0.72214,-0.074643
-0.82885,1.3998,-0.10418,-1.3679,2.2678,-0.0087609,0.46337,0.10312
-0.65653,-1.18,-0.093011,-0.83722,-2.3815,0.022556,-0.16528,0.051622
-0.66119,-0.62821,-1.6376,-0.017751,7.619,0.37304,-1.985,0.20816
4.4369,3.5905,-1.0435,0.4554,-5.6774,0.0076551,-1.8795,0.1535
4.4002,-1.9403,-0.54577,-1.0088,5.316,-0.20922,-0.27425,0.10777
-0.6176,0.78183,-1.1827,0.92816,-5.8759,0.042823,2.0444,0.038163
-0.71182,2.6173,1.3646,1.9558,-1.8458,0.00010168,1.7737,-0.045656
-0.69692,-2.7422,-1.6328,-0.30437,2.8888,0.036239,2.1873,-0.11066
-0.79049,2.1094,-0.6475,1.5693,-2.1625,0.006147,0.6235,-0.167
-0.79988,-2.0737,-1.0275,0.068265,1.2992,-0.0066944,-1.5574,-0.15759
-0.63841,-0.58294,-0.012865,-0.42697,-0.98477,0.0038046,1.2257,-0.14303
-0.67061,-0.42956,2.0882,0.87731,0.0047188,-0.16075,-0.59069,-0.02402
-0.67449,-0.31627,-0.92346,0.3868,-0.61082,0.038953,-1.9835,-0.037357
-0.53524,0.59947,-1.0128,0.55845,1.0711,-0.032364,1.4163,0.09711
-0.58318,-0.7113,0.31743,-0.073604,-1.2004,-0.059003,-1.7081,0.22106
-0.66321,0.30726,-2.137,0.24175,-1.6917,-0.024073,-3.3274,0.19349
-0.65166,2.5382,-1.4908,-0.52794,4.4697,-0.20668,-1.1969,-0.013287
-0.80343,2.6045,1.7472,0.80859,-5.8275,0.051089,-2.0555,0.084162
-0.69284,-4.1415,-1.2208,-0.01689,-0.84728,0.061254,-0.074853,0.034805
-0.56984,4.8101,-0.33363,-1.4129,4.3153,0.079903,0.82942,-0.05213
4.4096,4.4505,0.51862,1.4952,-3.007,0.036617,-1.7219,-0.094064
4.3832,-5.5447,0.11997,-1.1982,6.4054,0.13638,0.92083,-0.16542
-0.66114,1.4761,1.3967,-0.663,-5.7359,0.019399,-1.6782,-0.1891
-0.69613,-1.8035,-0.39199,-0.16141,1.8365,-0.11703,0.22631,-0.13201
-0.69227,-0.73571,-0.89307,0.87564,-2.4606,0.069918,-0.054027,-0.093359
-0.81548,1.8863,0.43677,0.18434,-1.9345,0.015645,1.7957,0.1077
-0.80956,-6.4127,-0.57073,0.15363,-1.2938,0.043625,0.13138,0.23588
-0.67178,1.5929,0.21561,0.64473,-1.9826,-0.0050452,-0.40386,0.12291
-0.66739,-0.34579,0.30644,-0.22271,0.023042,0.041719,0.098152,0.18195
-0.46359,0.73458,1.8422,-0.49966,-0.13815,-0.036902,-2.502,0.064984
-0.52579,1.4008,0.62651,0.18961,1.3754,0.0018986,-1.6722,0.14695
-0.62501,1.3839,-0.49958,0.11348,-1.9606,0.070636,-0.5561,0.063085
-0.65359,-0.12919,2.3996,0.16742,1.3201,-0.022026,-1.3158,-0.017278
-0.75195,2.2596,0.67312,-0.7852,5.0941,0.078556,-1.1322,-0.064129
-0.82767,0.0022131,1.0398,-0.65289,-6.0675,-0.020659,-2.8583,-0.10699
-0.62188,-2.0218,1.1708,-0.80089,4.2686,-0.090071,-1.1769,-0.14994
4.4445,3.0541,1.574,0.53408,-7.1219,0.04066,1.3321,-0.087493
4.4179,1.8465,-0.37126,1.8862,-0.57938,-0.024779,0.93824,-0.052252
4.3961,-4.652,-1.8361,-1.7016,0.31138,0.043522,0.81454,-0.011535
-0.71954,1.2279,-2.3012,1.1291,-3.3974,-0.038281,0.3998,0.07248
-0.71053,-4.7041,-2.2519,-0.63476,6.4398,0.075026,-1.6562,0.13858
-0.69962,2.8892,-1.5735,-0.084517,-2.2085,0.0068978,0.83938,0.087326
-0.82652,-0.58652,-0.71849,1.3888,-1.4866,-0.0075608,0.65058,0.26448
-0.70607,-1.0735,-0.084461,-0.68437,-3.2355,0.023044,-1.7323,0.19672
-0.67763,3.8371,0.93995,0.24279,2.5255,-0.0093898,1.1747,0.086961
-0.68224,0.13903,0.047765,0.43628,-0.32066,-0.011026,-0.051882,-0.02402
-0.30859,1.5738,2.0347,0.49638,-2.0832,-0.096167,-0.74323,-0.041738
-0.70757,0.34959,1.7117,0.3921,2.8381,0.013418,1.8513,-0.15783
-0.66162,-0.42378,3.644,-0.29791,-2.0547,-0.018111,-2.295,-0.17766
-0.65922,-1.2514,0.77215,0.74356,2.6239,-0.07248,1.1728,-0.15897
-0.89749,0.61135,1.0318,-1.8331,-0.0026412,0.019617,-0.59102,-0.12833
-0.77602,-1.2231,1.342,-0.56645,-2.0623,0.04075,-1.1403,-0.088491
-0.68251,0.62403,-0.81518,-0.45414,7.7468,0.25937,-2.3967,0.052182
4.4763,2.3958,-1.4564,-0.0035562,-6.246,-0.011084,-0.58678,0.07338
4.4429,-5.9437,-0.8405,-1.9637,3.8363,-0.3033,-1.1573,0.20619
4.4041,0.51802,-2.1498,0.66283,-5.0637,0.074705,-1.0241,0.20461
-0.73427,2.0547,-0.97172,-0.0087266,-1.6237,-0.030105,0.28222,0.17348
-0.70768,-1.3509,-2.6063,-0.60513,4.4241,0.036572,1.8105,0.092851
-1.005,3.5802,-1.1829,1.115,-3.3121,0.011114,1.2871,-0.017084
-0.81395,-2.8151,0.60019,-0.44597,0.21173,-0.10222,-0.39637,-0.099175
-0.74665,1.5587,1.2893,0.33303,-1.2274,0.010113,0.068239,-0.17766
-0.68428,2.6615,1.144,1.2933,0.26278,-0.10749,-0.36283,-0.16097
-0.66961,-1.2242,-1.525,0.48986,-0.972,0.038774,-0.46641,-0.091192
-0.47478,0.81962,0.26901,0.20684,0.74412,-0.027211,1.3613,-0.12967
-0.64375,-1.699,1.8682,-0.58128,-1.6037,0.051615,-0.91127,-0.015818
-0.66897,-0.9333,-0.79514,0.51374,-0.52391,-0.025626,-0.87216,0.058851
-0.66394,-0.066348,0.10796,-0.029055,2.9865,-0.23286,-1.7483,0.059313
-0.77791,0.014351,0.86799,-0.02165,-6.4631,0.014464,-0.30485,0.043055
-0.6699,-0.16435,-0.66779,0.40922,-0.63812,-0.046515,0.012941,0.070484
-0.64311,2.9648,0.14546,-1.9062,5.6029,0.25087,1.9516,0.12498
4.4537,4.8186,1.9716,2.0677,-4.8434,-0.016706,-1.0473,0.028112
4.4131,-5.5563,1.0141,-2.409,6.7101,0.12895,-0.66412,0.024826
4.4024,4.2688,0.94377,-0.79635,-5.0475,0.061613,-1.2323,-0.054491
-0.70758,-1.9511,-0.83594,1.0173,1.7123,-0.15128,1.6559,-0.13361
-0.70068,1.3259,-0.081775,-0.87897,-4.3884,0.022807,-1.1534,-0.14155
-0.98686,2.2632,0.24281,0.50446,-1.0127,-0.02621,2.5043,-0.13741
-0.72749,-5.3882,-1.6284,-0.28366,-0.49377,-0.0049425,0.0097169,-0.063131
-0.62851,1.2336,-1.1313,-0.14073,1.1097,0.02074,0.43553,0.053375
-0.67415,-0.64771,0.56397,0.77554,2.0642,-0.015775,-0.58618,0.010418
-0.66475,-1.5965,0.61533,-0.46524,0.77012,-0.073623,0.37736,0.11704
-0.42514,1.2303,-0.54422,0.47372,0.20568,-0.1032,-1.6983,0.063791
-0.71845,-0.45742,-1.1042,0.22884,-0.89952,0.054612,-2.2642,0.23751
-0.67105,1.0889,2.3003,0.29505,2.5834,0.043734,-0.6811,0.16891
-0.66038,2.1026,0.43616,0.35435,2.992,-0.0083181,-1.3252,0.019277
-0.83681,-0.52779,-0.96361,-0.82125,-5.7709,-0.037774,-3.0192,0.013144
-0.71339,1.5262,0.94348,-0.36362,4.43,-0.25929,-1.8694,-0.030323
-0.64272,3.456,1.4517,0.17619,-5.972,0.019932,1.2317,-0.1119
4.4352,1.1261,0.60474,-0.33499,-1.9598,0.031888,0.093619,-0.070213
4.4075,-1.1061,-0.010019,-1.3833,2.5401,0.058283,0.97128,-0.17788
0.4346,2.2153,-0.85913,1.0721,-2.1328,0.019213,-0.095172,-0.14646
-0.70872,-6.135,-1.3095,-0.75549,6.279,0.058437,-1.8666,-0.078707
-0.7056,1.8417,-3.0367,-0.13199,-3.1624,0.0086434,0.98917,-0.053615
-0.9978,-1.2865,-0.085958,0.4602,-2.1206,-0.09729,1.2185,0.14471
-0.73937,-3.2385,1.1413,-0.48722,-2.8314,0.051185,-0.57465,0.2667
-0.67549,1.9807,0.5462,0.72063,1.678,-0.040219,1.1587,0.31226
-0.67423,-0.755,-1.9345,1.4767,-1.8995,0.019572,0.13049,0.12931
-0.46651,0.80546,-0.13968,0.29209,-0.60175,-0.0001101,1.7623,0.1399
-0.51731,1.8894,0.3485,0.72219,0.83742,-0.018374,1.6408,0.041157
-0.69229,0.44893,3.1449,0.16429,-0.99339,0.020657,-1.4889,-0.0413
-0.66759,1.0871,1.3653,1.2149,3.0578,0.034686,1.0429,-0.093042
-0.85309,0.40256,1.8494,0.18051,-0.88082,0.037503,1.5551,-0.12132
-0.63746,-1.2741,2.5002,0.39328,-0.95895,0.0016162,-0.20229,-0.12305
-0.61473,0.96848,-1.11,0.37947,7.8802,0.27673,-2.4027,-0.12631
-0.63539,0.32692,1.3779,0.65952,-6.279,0.018661,-1.0484,-0.046313
4.4524,-5.5395,1.5835,-2.7167,4.3968,-0.026865,-0.80168,-0.057338
4.4493,-0.20587,-3.9111,0.24437,-3.4356,0.046288,1.2109,0.19212
-0.7061,1.7014,-0.3326,0.778,-0.93788,0.040173,0.56645,0.17993
-0.71298,-2.5309,-1.7554,-0.47642,4.714,0.050967,3.3456,0.13537
-0.70659,4.0066,0.17086,1.0671,-2.3559,-0.057649,-0.11921,0.020494
-0.90005,-2.017,-0.4419,-0.70129,3.6209,-0.0529,1.5462,0.17536
-0.69827,0.92027,0.15659,-0.00045395,1.3336,-0.016937,2.117,0.094846
-0.67337,2.3608,-1.0596,0.96031,0.0033444,-0.075214,1.5816,-0.02694
-0.67161,-2.3088,0.77285,0.17518,-0.38446,0.064713,0.071116,-0.066392
-0.5798,1.7524,2.4344,-0.78303,2.2121,-0.039,1.767,-0.14444
-0.60102,-1.1265,2.0658,0.44483,-0.96717,-0.018361,-1.1055,-0.14985
-0.66814,-0.22337,0.47402,0.13742,2.3096,0.034949,0.96315,-0.16708
-0.66892,-0.38927,0.22143,-0.39442,2.1709,-0.094569,0.51776,-0.12047
-0.7062,-2.019,1.8845,0.4546,-4.9167,0.033646,1.5189,-0.0044766
-0.71281,-1.1012,-0.40336,-0.89551,1.5885,-0.037787,2.1757,-0.042638
-0.62673,1.9369,-0.14977,-1.0852,6.6648,0.39463,3.2847,-0.0010936
-0.63711,2.5176,-0.21463,0.72578,-3.147,-0.0099802,-0.78603,0.20298
4.4631,-5.8521,-0.69266,-1.7392,7.2649,0.19499,-0.50231,0.049188
4.4278,3.8268,0.073827,-0.95986,-4.1824,0.028512,-0.41044,0.30963
-0.72973,-0.70574,-1.9321,-0.8693,1.4618,-0.11496,3.6699,0.15085
-0.7114,4.3591,-0.35401,-0.37628,-3.5029,0.069276,-0.88323,0.024997
-0.86649,3.6793,0.033414,1.0082,-0.55083,-0.0045125,1.5628,-0.035605
-0.99045,-3.4138,-0.67608,-0.432,1.8774,-0.021192,0.67573,-0.15873
-0.76249,1.4069,0.077502,0.12142,-1.4771,-0.072974,-0.29564,-0.18511
-0.68082,0.12279,0.419,-0.15424,1.6823,-0.062912,1.4477,-0.14381
-0.66885,-0.53282,-0.35737,-0.33479,1.1154,0.015003,0.205,-0.078074
-0.49376,-0.03953,0.19903,0.79013,-1.979,-0.092451,0.3261,-0.059675
-0.64147,-1.9881,-0.37035,0.092293,0.9981,0.054484,-1.1259,0.0050395
-0.67359,-0.075641,0.98122,0.16482,1.9478,-0.03678,-0.13793,0.11407
-0.66787,1.2261,0.022313,0.6954,0.94805,-0.05625,-2.3292,0.09453
-0.83504,0.51021,0.19071,-1.077,-5.1006,-0.078384,-2.646,0.19539
-0.71843,1.1677,0.2582,-0.77078,2.1833,-0.25208,-0.34379,0.062185
-0.64115,3.8356,0.46496,-0.30622,-5.3514,0.066959,-0.21457,0.038553
-0.63505,-1.228,-0.068632,-0.36676,-1.4323,0.061158,0.55788,0.016722
4.4281,1.5691,-2.2646,-0.27624,4.5422,0.074172,2.7582,-0.030567
4.3929,1.4342,-1.7923,1.6409,-3.5834,0.028634,-0.79267,-0.15328
-0.70753,-6.7727,0.068855,-1.1343,5.8287,-0.099325,-1.653,-0.19222
-0.71128,3.2854,-0.4283,-0.95682,-3.712,0.053393,1.4609,-0.20317
-0.64696,0.28325,0.94164,0.60839,-0.81417,-0.060422,3.1144,-0.12862
-0.83257,-4.2676,-0.010661,-0.87776,-2.4577,0.06581,0.25024,0.058607
-0.58163,1.3573,1.4663,-0.40056,0.55059,-0.012566,1.8796,0.1425
-0.67519,-2.5126,-1.6972,0.56409,0.36759,0.032433,0.78684,0.23756
-0.54006,-0.32994,-0.22829,0.18973,-2.1962,-0.086753,-0.16493,0.11855
-0.53572,0.67323,-0.67828,1.2222,1.5412,-0.047953,2.9205,0.20247
-0.60682,0.38723,0.27786,0.60837,-0.93712,-0.0051799,-1.2519,0.20663
-0.67202,1.4742,-0.11063,0.048758,1.7399,0.00037121,1.4669,0.11782
-0.6159,0.82079,1.3174,-0.66556,0.090233,0.00035196,0.3149,0.0090796
-0.85417,0.84039,3.1287,1.8349,-2.4128,-0.062276,-0.29913,-0.032806
-0.66446,0.57394,0.96113,0.39113,6.2721,-0.038942,-1.8842,-0.07053
-0.64501,1.3694,2.4035,-0.26158,-8.4119,-0.0045831,-1.3176,-0.10151
-0.64178,-7.0315,0.35661,-1.1416,3.0294,-0.035047,0.35152,-0.075811
4.4409,3.8095,0.38538,-0.15404,-5.6155,0.044934,2.8409,-0.14031
4.4177,2.3814,2.2774,1.5278,-1.4045,-0.025703,-0.19441,-0.085814
-0.7084,-2.8242,-0.071028,-2.094,6.1576,0.25296,2.012,-0.047774
-0.70355,1.0542,-2.789,0.30342,-4.2092,0.015311,-0.21117,0.098667
-0.95331,-3.6391,-2.2215,-1.5708,2.1224,-0.17667,-0.42635,0.036314
-0.78901,-1.9469,-3.0228,0.27948,-1.3057,0.018398,-0.22351,0.38568
-0.68073,0.92656,-1.6669,0.24576,-1.8945,-0.017392,0.93591,0.34458
-0.67321,-2.9736,-1.1066,-0.46921,-0.38615,0.067588,-0.86036,0.16664
-0.45829,3.3571,-0.0038969,-0.16045,2.0928,0.038889,2.719,0.07635
-0.65281,-0.12325,0.22092,1.0192,-0.05025,0.014509,-0.56952,-0.021026
-0.68184,1.0509,0.70467,-0.75303,-1.2146,-0.028058,-0.6017,-0.09056
-0.66301,0.05454,1.6641,0.46565,2.0523,-0.04355,1.1489,-0.13376
-0.84069,-0.57731,4.9465,0.0863,-3.5084,0.03441,0.56727,-0.17238
-0.71508,-0.88553,2.0313,-0.25134,2.5981,0.0095546,2.6696,-0.15944
-0.60923,1.1504,0.51904,-1.858,5.6929,0.197,1.3827,-0.1027
-0.63828,-0.75388,0.52877,0.27612,-5.655,0.049696,-1.408,-0.028498
-0.63415,-2.7605,-0.98393,0.29569,6.8226,0.13957,-1.2211,0.066809
4.4618,4.6113,-0.23215,-0.8278,-6.3136,0.037073,0.2941,0.0018999
4.4339,-1.7217,-2.7718,-0.041798,1.8809,-0.12292,1.16,0.192
-0.70777,2.6442,0.40781,-1.352,-4.3081,0.061241,-1.8972,0.17618
-0.69878,3.9131,1.5375,0.84746,-1.4473,-0.017116,0.74978,0.10115
-0.87045,-4.048,-2.0187,-0.18374,3.6855,-0.04982,-0.4319,0.027455
-0.69598,2.8421,0.50491,-0.026486,0.44468,-0.044449,-0.88103,-0.0018238
-0.68107,0.65485,-0.75916,-0.22413,1.8878,-0.031402,4.4822,-0.13429
-0.68377,-1.7281,0.27186,0.57374,-0.68056,-0.001169,-0.72786,-0.11979
-0.50103,1.7292,0.33784,0.69786,-0.75623,-0.031267,0.60516,-0.16674
-0.60826,-2.3007,-0.38379,0.74798,-0.72643,0.0079118,3.0345,-0.17501
-0.66619,-0.76773,3.075,1.9657,-1.0093,-0.053285,0.46299,-0.1076
-0.66332,-0.96174,-1.0804,0.15524,1.5948,-0.015345,-0.76259,-0.095257
-0.79765,-0.67864,0.40075,-0.71591,-1.9514,0.038157,-1.3326,0.04308
-0.75969,0.033912,-0.35594,-0.38178,2.8981,-0.066101,-0.073395,0.096185
-0.63472,0.71601,-1.0687,-0.89274,-4.2008,0.015446,-1.1429,0.015067
-0.64438,-3.5281,-1.5861,-0.69724,-0.81502,-0.014851,0.35317,0.1701
-0.49043,2.8275,0.68058,-0.86696,7.0899,0.35057,-0.29532,0.19782
4.4342,6.0774,0.3586,1.7909,-5.2333,0.031259,-2.24,0.043274
4.3915,-6.2476,1.4666,-2.4006,6.807,-0.050359,-1.8071,0.042179
-0.71074,2.9422,-0.79673,-0.28022,-4.2287,0.072536,0.87732,-0.049794
-0.87971,0.01342,-0.81077,0.45026,0.20209,-0.032198,1.0272,-0.12339
-0.90604,-0.48354,0.71148,-0.90395,-0.54321,0.051782,0.9748,-0.11826
-0.73998,0.87022,-0.68255,0.53581,-0.4997,-0.046618,2.3727,-0.14841
-0.69018,-3.1892,-1.0111,0.93651,0.24843,-0.0062901,0.68042,-0.072136
-0.67904,-0.19665,-0.28453,0.18889,-0.51801,0.025136,1.092,-0.013117
-0.52334,0.51441,0.3278,1.1764,0.76751,-0.061981,2.4287,-0.033585
-0.64101,-1.375,-0.12897,0.45095,-1.6747,-0.039565,1.2485,0.06973
-0.6759,0.44357,-1.904,0.97559,1.6403,0.040532,2.048,0.20833
-0.66601,1.0616,-0.38076,-0.49986,-1.1374,-0.0086903,-0.66811,0.09857
-0.85862,1.107,-1.7109,0.53414,-1.202,-0.015217,-1.6466,0.16087
-0.66561,2.1641,0.51369,0.35255,5.3747,-0.010186,-1.0739,0.13167
-0.64987,0.57679,2.3384,-0.020673,-6.0416,0.06599,-0.58332,0.038285
-0.63859,-2.9837,-0.64352,1.0452,0.62639,0.0077449,-0.66415,-0.037576
-0.39195,4.1442,-0.16392,-1.3016,1.1784,0.013944,2.4679,-0.10132
4.4157,3.9353,1.2634,1.5424,-1.8181,-0.01111,0.39925,-0.11942
4.3882,-7.3617,-0.14608,-1.9756,7.4878,0.41664,-0.38644,-0.16372
-0.71005,2.3354,-0.37071,-0.41743,-4.6411,-0.026338,-0.86077,-0.11996
-1.0192,-2.8892,0.13823,-1.1509,3.9151,-0.22891,1.1014,-0.062206
-0.71081,-0.42354,-3.4496,0.71091,-2.7695,0.041745,1.2176,-0.057022
-0.66124,0.88993,-1.1583,0.22999,-0.46838,0.011416,2.5655,0.14111
-0.68206,-6.2961,-1.5278,-1.2377,1.0132,-0.012194,1.1222,0.2592
-0.44592,1.8349,0.23944,0.27933,-0.34977,-0.044545,1.0935,0.27517
-0.57436,-0.17907,-1.4728,0.41253,0.75606,0.0071096,1.7785,0.22111
-0.73582,1.5157,0.52686,-0.67409,0.43283,-0.081856,2.4712,0.10288
-0.67181,0.91531,2.7102,0.67947,1.4576,-0.039623,-0.92905,0.031397
-0.86259,1.6961,-0.36881,-0.24574,0.022451,0.057506,-0.41162,-0.034266
-0.82926,0.25108,4.6912,0.021577,1.7626,-0.045841,0.09132,-0.10407
-0.70444,1.3874,1.0755,-0.70248,5.5894,0.19892,0.61917,-0.12811
-0.65015,-1.2393,-1.0838,-0.67421,-3.3922,-0.014825,-1.5324,-0.14427
-0.64636,0.77054,-0.45884,-0.32431,6.2064,0.088214,0.41948,-0.063301
-0.55613,2.9421,0.68782,-0.57478,-7.0218,0.045236,0.56298,-0.10399
4.4404,-0.097431,-1.2154,0.29169,0.2968,0.029828,-0.057912,-0.042882
4.4163,-2.2561,0.4435,-1.1927,0.35182,0.044171,0.53117,0.11346
-0.7132,2.0847,-2.4966,1.5477,-0.8814,0.032022,-0.45145,0.052328
-0.81881,-4.2407,-2.078,-0.29399,5.5073,0.017352,-2.7963,0.14893
-0.71315,3.1663,-0.35119,0.042849,-3.3358,0.034294,0.21136,0.12118
-0.69269,0.74051,-0.67962,0.85055,-0.80459,-0.076016,1.3252,0.15004
-0.6793,-3.339,-0.56555,1.0219,-1.144,-0.032891,-1.1281,0.062015
-0.52469,1.5248,0.48909,0.45907,2.0682,-0.02304,1.4703,-0.0021158
-0.65084,-0.9696,-1.049,1.2584,1.541,-0.01376,2.2395,-0.094673
-0.69344,2.028,2.7066,-0.087253,1.726,-0.018843,0.18534,-0.11816
-0.67339,0.12226,-0.47913,0.86841,2.2112,0.037368,1.6874,-0.17978
-0.87901,0.50142,2.4805,0.33806,-1.5075,-0.010417,-0.89259,-0.14722
-0.72803,-0.05597,-0.089015,0.76426,2.5009,-0.050057,0.56382,-0.069483
-0.57513,-0.62874,-0.20633,-0.68447,-1.1817,0.031663,-1.7141,-0.025431
-0.64496,-3.7831,0.92629,-0.77001,0.32461,0.017936,0.56815,0.090052
-0.54821,0.76578,-1.0385,-1.1289,7.972,0.35309,-2.658,0.090733
-0.55797,3.2151,-2.5035,0.7535,-6.022,-0.010429,-0.82366,0.17643
4.4402,-10.332,-1.5098,-2.4579,4.8429,-0.12027,-1.971,0.16815
4.4012,1.3419,-1.2417,-0.28728,-2.8937,0.066548,0.19295,0.16684
-0.73023,2.6073,-0.52677,1.1131,0.18467,-0.006765,1.6912,0.053131
-0.85325,0.57813,-0.46183,0.045136,2.4541,0.05422,3.8801,0.01475
-0.64348,2.5433,-2.5497,1.509,-2.3882,0.002136,1.2927,-0.054491
-0.69106,-1.7477,0.44632,0.83292,2.7589,-0.033654,-0.65867,-0.1396
-0.69314,0.86342,0.83146,0.19799,0.4411,-0.013131,0.51058,-0.090949
-0.48598,1.217,0.65225,1.1826,-0.49943,-0.053792,0.057431,-0.1772
-0.63995,-5.1846,1.4597,0.814,-0.9949,-0.03316,0.15071,-0.090511
-0.68376,1.5796,-0.21315,-0.3851,3.4505,-0.026756,1.6451,-0.1082
-0.686,-2.0322,0.64056,0.43058,-3.3762,-0.01505,-0.23848,0.015529
-0.94602,0.92892,-0.93372,0.11615,0.82213,-0.034431,-0.20676,0.18504
-0.71766,-0.2042,-1.001,0.075381,4.0904,-0.19994,0.7772,0.15443
-0.65066,1.0391,-0.24772,-0.084844,-5.4948,0.020529,-1.7599,0.044564
-0.65192,-1.2018,-0.41381,0.69319,-0.974,-0.042202,-0.64172,0.15956
-0.49671,4.2887,0.53381,-1.3016,4.1524,0.09021,2.5068,0.1011
-0.59712,1.9444,3.5397,1.0984,-2.8203,0.002136,-1.4958,0.04802
4.4073,-4.5501,0.17271,-0.13132,7.1687,0.31028,-0.67866,-0.033828
4.3739,2.9075,-0.51032,0.64078,-5.4633,-0.0065148,-2.0367,-0.11242
-0.89668,-1.7648,-1.098,-1.0935,4.5191,-0.14631,0.31134,-0.14632
-0.79495,0.9779,-1.3978,-0.34281,-5.3482,-0.0095631,-0.51903,-0.15233
-0.75844,1.6382,0.256,0.60776,-1.5493,-0.029958,1.5681,-0.1166
-0.69554,-6.9399,-2.236,-0.40223,2.3132,0.036932,1.3289,-0.025115
-0.67912,2.0662,-1.4554,1.0803,0.25738,-0.026428,2.6569,0.017866
-0.47991,-1.1193,-3.1306,0.60289,1.033,-0.037222,-0.035724,0.07192
-0.71483,-0.81266,0.43506,-0.53107,1.0383,-0.031383,-0.53327,0.17857
-0.69009,0.8817,1.6356,0.40233,-0.51727,-0.05806,-1.6953,0.06659
-0.6829,0.35388,-1.2387,0.25794,-1.2509,-0.019594,-1.0193,0.08847
-0.79678,1.6943,1.5346,0.095986,2.7311,-0.064413,1.1224,0.14968
-0.67082,2.0223,3.0545,0.051244,0.84411,-0.033661,0.36275,0.043153
-0.65552,0.88608,0.15667,0.19496,-2.6119,0.014034,-1.6102,-0.023022
-0.64455,1.7009,-0.02024,-0.16668,5.2348,-0.15982,-1.47,-0.072598
-0.49889,3.2585,1.0192,-0.32311,-7.0134,0.015266,0.93323,-0.103
-0.54025,-4.4915,-2.4281,-0.0041022,-0.79944,0.044986,0.61477,-0.15359
4.4193,-0.96347,-2.0199,-0.62838,0.21424,0.028858,-0.28887,-0.14328
4.3949,1.526,-1.8832,-0.1303,-1.8236,0.04496,-0.50954,-0.11302
-0.83961,-4.6177,-2.1902,-0.73234,6.0019,0.10534,-0.0096387,0.0051369
-0.78567,1.094,-0.79016,-0.65073,-4.6255,-0.0090946,-0.63928,0.078418
-0.67965,-2.6759,-0.39599,-0.31279,-0.72172,-0.10104,-0.53888,0.1461
-0.68765,-3.286,-2.2593,0.28375,0.44978,0.033306,0.26328,0.23245
-0.48366,2.4228,0.23244,-0.072525,0.63183,-0.068816,0.75117,0.24306
-0.51556,-1.1136,-2.0889,0.25802,0.15539,-0.016635,1.5244,0.1665
-0.67735,2.1887,1.2544,0.7741,1.006,0.0016483,1.054,0.1021
-0.68329,1.0876,-0.2373,1.0196,0.47605,0.0021617,-0.70213,-0.0037464
-0.79514,1.5833,4.1175,-0.8216,-0.38931,-0.01797,-2.2162,-0.075933
-0.88174,0.82432,1.9589,0.067012,2.6043,-0.17454,-2.1527,-0.17564
-0.66961,0.2718,1.0994,-0.8674,-3.7744,-0.010847,-2.0211,-0.17691
-0.65488,-0.46298,2.3393,-0.39298,1.5337,0.047251,-0.50712,-0.1259
-0.65418,1.6266,-0.20562,-0.64171,6.6497,0.27731,-0.85854,-0.051911
-0.47035,2.1198,-0.68235,-0.035973,-6.8933,-0.018464,-2.1139,-0.10219
-0.53227,-10.899,-2.3546,-0.95871,5.5481,-0.048254,-3.235,0.084065
4.4478,3.7686,0.040622,-0.14563,-4.7299,0.012706,-0.019053,0.20646
4.4087,2.4613,-0.031283,2.1991,-0.15818,-0.01856,-0.13688,0.085014
-0.889,-0.94944,-0.98185,-0.32958,0.93451,0.01225,1.2357,0.19507
-0.74022,3.3695,-1.1097,0.71567,-3.744,-0.048832,2.2344,0.14856
-0.69763,-3.4748,-0.22657,0.15393,4.6879,-0.01892,-1.6548,0.080511
-0.68458,0.98967,-0.11668,0.38292,0.29134,-0.0021509,-0.56401,-0.016402
-0.45271,0.40584,-0.063075,1.4575,-1.4218,0.018725,1.5202,-0.093237
-0.6208,-2.7298,0.25459,0.14601,-0.28918,-0.014935,-1.072,-0.13656
-0.67652,1.4251,0.0011524,-0.14604,1.4813,-0.04509,1.9125,-0.19222
-0.68484,-2.0869,1.9351,-0.19409,-2.0677,-0.010128,-0.063351,-0.12656
-0.7497,1.1645,-0.53869,0.037332,2.5872,-0.034174,0.52535,-0.11266
-0.70054,-1.127,-1.2468,-0.39504,3.1101,-0.071537,1.1063,-0.069142
-0.64151,-0.98777,1.0841,-0.20698,-4.2001,0.033357,-2.4264,0.061211
-0.64967,0.54098,1.3534,0.7486,-0.080596,-0.056526,-1.0593,-0.010756
-0.45408,1.4282,1.0238,-1.2849,1.949,0.052327,0.5859,0.10383
-0.57447,-0.015268,1.8174,0.21422,-3.0269,0.027684,-1.2777,0.15944
-1.0514,-0.77346,-1.2374,-0.05149,7.8988,0.41076,-1.8018,0.20556
4.4216,4.1779,-0.44757,0.46427,-5.5802,-0.0027413,-0.826,0.14705
4.3839,-1.4364,-0.08493,-0.98028,5.1646,-0.14162,-0.36367,0.024266
-0.88854,2.1284,-1.3868,0.11488,-6.798,0.026291,-0.016009,-0.057971
-0.67411,2.6476,0.19829,-0.24184,-0.84468,-0.0095631,2.0937,-0.12561
-0.69125,-2.4571,-1.2679,-0.44598,2.4406,0.056133,1.2906,-0.14396
-0.69357,2.5985,-0.39721,1.8218,-0.77496,0.0058774,0.99589,-0.070992
-0.46924,-2.5206,-0.0026314,1.0618,1.7829,0.020606,-0.60326,-0.10304
-0.62132,-1.1976,-0.031308,-0.68944,1.1685,-0.057919,0.89059,-0.066246
-0.68118,0.52479,-0.17924,-0.0019376,0.14071,-0.07934,0.35058,0.046511
-0.67537,-1.3235,-0.34591,1.1306,0.4575,-0.0028375,-1.3444,-0.0037464
-0.79862,0.83409,0.22505,0.37497,1.6781,-0.037441,0.26622,0.17056
-0.71007,0.44702,0.38672,0.28061,-0.69027,0.036996,-0.77315,0.16893
-0.65409,0.37245,-0.55391,0.084148,-1.9376,-0.071126,-3.7,0.15917
-0.65363,2.2987,-0.31894,0.31874,4.7502,-0.13688,0.33162,0.024096
-0.32413,2.439,0.54648,-0.86898,-7.2146,-0.013349,-0.70396,0.040841
-0.61232,-2.9323,-2.1519,0.32197,-1.2892,-0.0041274,0.70085,-0.053542
4.4249,3.6838,0.78424,-1.1222,4.1031,0.10027,1.3287,-0.11468
4.398,3.5879,-0.27834,1.2515,-2.9086,-0.038127,-1.027,-0.17226
4.3559,-5.5536,-0.50578,-1.5356,6.6567,0.13227,0.26933,-0.16228
-0.8486,2.3688,0.32548,-0.88677,-5.649,0.043054,-0.81601,-0.12522
-0.69556,-2.8327,-1.6549,0.72108,-0.58175,-0.12271,1.658,-0.05875
-0.69774,-3.9697,-0.89659,0.0046201,-1.9784,0.011923,2.1277,0.084235
-0.64722,1.2809,0.098881,0.10655,0.025187,0.020926,1.5805,0.20624
-0.56414,-4.543,-3.1584,-0.78653,0.37535,0.022255,0.96008,0.27405
-0.61412,1.5286,0.25391,0.77306,-1.508,-0.014851,-0.69178,0.22369
-0.68419,0.81126,-0.10277,0.55529,3.1837,-0.062655,-0.30863,0.19066
-0.77564,1.0562,2.8279,0.28285,-1.1881,-0.048081,0.29056,-0.036238
-0.7756,1.3784,1.6374,0.32372,2.74,-0.042504,0.96716,0.042812
-0.65258,1.7298,0.58626,-1.3307,-2.2286,0.041642,-2.0197,-0.025943
-0.6586,-0.4264,3.0274,1.2067,0.70484,-0.037877,-0.61299,-0.11358
-0.64864,1.453,0.85627,-0.59679,6.379,0.20956,-2.9794,-0.069775
-0.48376,0.11849,1.9656,-0.42239,-7.6815,0.044755,-3.2895,-0.13894
-0.6263,-5.7133,0.020829,-0.7827,4.0517,-0.08167,0.49184,-0.12882
4.4388,3.3704,-0.5306,-0.34812,-3.9092,0.041122,1.2552,-0.10794
4.4196,1.6897,0.23694,0.99262,-0.75364,-0.038853,0.096817,-0.0030163
4.476,-4.655,-2.1191,-1.4677,3.5288,0.023724,2.2937,0.060092
-0.74296,1.944,-1.9954,0.40421,-4.7756,-0.034033,-0.2911,0.21303
-0.69993,-2.8968,-1.3576,-0.72903,5.359,-0.079629,-1.122,0.11865
-0.69894,1.5895,-1.3751,0.29414,-1.958,0.051666,0.32472,0.17538
-0.51268,-0.32113,-0.3693,1.9674,-3.1104,-0.041946,0.14385,0.158
-0.62952,-2.5555,0.60406,0.52708,-2.697,0.029365,-2.1855,0.075546
-0.69306,3.3942,0.92161,0.11824,3.0633,-0.0035948,2.3282,-0.024361
-0.68406,-2.0811,0.061089,0.58133,-1.2429,0.074147,-0.10508,-0.11108
-0.83867,1.867,0.92947,-0.039955,-0.91573,-0.020813,-0.25335,-0.12127
-0.72747,-0.59663,1.4443,0.060454,2.584,-0.075336,0.87522,-0.17406
-0.70689,-0.46139,2.9433,0.1858,-3.2328,0.021806,-2.9295,-0.15364
-0.66536,-1.4557,0.91278,0.59978,2.2044,0.015549,1.9398,-0.064615
-0.65936,0.73214,0.51983,-1.4825,2.8171,0.048156,1.1314,-0.060721
-0.42342,-2.2099,0.51479,-0.26036,-2.9186,0.033312,-0.70309,-0.035532
-0.65239,-0.24502,-2.9439,-0.21886,7.0715,0.17618,-2.5054,0.1656
4.4619,4.3098,-0.80352,0.0035218,-5.0189,0.051397,-2.7119,0.011757
4.4217,-4.0568,-1.3641,-1.6967,3.4622,-0.26003,0.067379,0.15613
-0.95724,2.1212,-0.41319,-0.15927,-6.3838,0.012218,-1.8688,0.1305
-0.75635,3.4916,0.25997,0.23252,-0.81333,-0.022655,0.36481,0.068732
-0.70679,-0.81547,-1.2926,-0.31969,4.4102,0.041244,1.5895,-0.016134
-0.69656,3.1073,0.12862,0.30358,-1.5783,0.026253,0.30135,-0.074326
-0.39208,-1.39,0.072787,-0.5707,0.3425,-0.063387,1.4929,-0.16601
-0.70748,0.30767,0.79822,0.10577,0.053857,0.0075396,0.71779,-0.1976
-0.68535,1.4363,1.276,0.38994,0.36061,-0.14789,-1.497,-0.17635
-0.6827,-3.3319,-0.38487,-0.0056372,-1.5012,0.033582,1.6854,-0.10382
-0.91731,0.89795,-0.50435,0.14837,0.97357,-0.039424,0.7338,-0.050962
-0.65392,-0.90911,0.44915,-0.49762,-0.78989,0.046263,-1.2897,0.078418
-0.6593,-0.56243,-0.37052,0.077276,-2.3997,-0.064176,-1.7324,0.14895
-0.65713,0.23203,-0.20689,-0.36946,3.8214,-0.18321,-1.2946,0.13362
-0.50777,1.271,0.21883,-0.27875,-6.3921,-0.0039093,0.063494,0.051622
-0.59323,-0.93187,-1.4053,0.55503,-0.90492,0.050595,-0.39282,0.065446
-0.67564,3.5266,0.73922,-1.125,5.7997,0.22484,0.83096,0.10108
4.4273,4.8324,1.5354,1.4988,-3.7187,0.0052036,-2.588,0.0038226
4.3861,-5.2417,2.1483,-0.87651,7.2595,0.067575,-1.3838,-0.05488
-0.75924,4.1576,1.7744,-0.66622,-5.4619,0.07167,-0.95724,-0.14182
-0.66267,-1.1372,-2.197,-0.094421,1.4013,-0.045315,1.6426,-0.15211
-0.7025,-2.9007,-1.9426,-0.80395,-1.475,0.077959,0.4669,-0.075495
-0.70556,1.3937,-0.50426,0.76418,-2.1077,0.017217,0.79739,-0.036457
-0.46328,-5.8076,-0.64964,0.10455,-0.55846,0.012693,0.67865,-0.0071538
-0.73091,1.1102,-0.86842,0.82682,-2.6288,-0.042042,0.27878,0.1508
-0.69493,-1.0596,-0.86954,0.34577,2.7338,-0.058169,1.1889,0.092705
-0.68913,-0.21326,2.4119,0.20749,-2.691,-0.10379,-7.5439,0.07725
-0.82672,0.75424,0.83497,0.67924,0.66653,-0.024035,0.94468,0.13179
-0.76113,0.77109,-1.281,0.45408,-0.69234,0.043381,-0.02534,0.16326
-0.66672,0.91361,2.2457,0.33418,0.64488,0.020503,-0.06486,0.101
-0.66638,1.4533,0.84093,0.28796,4.5877,-0.018381,-1.8905,0.019715
-0.41981,0.1096,3.7592,-0.1365,-6.8881,0.029641,-2.1111,-0.034315
-0.59526,0.36355,2.2709,-0.38801,2.531,-0.19973,-0.14016,-0.071406
-0.65224,2.6138,1.2523,-1.1781,-3.7057,-0.0066944,-0.26995,-0.16314
4.4291,0.97382,-1.1564,0.064578,-0.16853,0.026516,0.66025,-0.11509
4.4061,-6.023,-3.6712,-1.7706,4.4219,0.057436,2.3018,-0.13043
-0.74958,0.99175,-3.2425,0.97459,-4.2835,0.037484,0.20639,-0.063107
-0.70507,-5.5531,-1.3914,-0.48522,5.7576,-0.045,-1.2299,0.018279
-0.70326,1.0369,-1.8969,0.13334,-4.2816,0.00080119,-1.1757,0.070435
-0.66731,-2.1705,-0.22061,0.66666,-3.6435,-0.085636,0.53263,0.22406
-0.50647,-1.2326,-1.7176,-0.23257,-1.6143,-0.0090689,-1.9944,0.2391
-0.75975,3.5634,0.70505,-0.16654,2.3098,0.024212,1.6693,0.26881
-0.69485,-1.3246,2.21,1.0837,-1.979,0.016287,0.077243,0.1371
-0.82944,0.68536,1.6292,0.84549,-0.23823,-0.021955,0.75376,0.028428
-0.83222,1.7138,0.32815,0.27854,2.7862,-0.16791,-1.2883,-0.017716
-0.67291,1.042,4.1898,0.047525,-2.0599,0.020092,-1.9781,-0.10966
-0.66346,0.60498,-0.49067,0.41714,1.8852,-0.020203,0.15084,-0.13907
-0.65507,0.90204,2.0375,-0.50336,2.05,0.055761,-0.23999,-0.10066
-0.5161,-2.1871,-1.0132,0.061289,-2.1604,-0.034392,-1.7666,-0.14325
-0.62742,0.95455,-0.93097,-0.18036,6.8442,-0.0038002,-4.2883,-0.10324
-0.65723,0.9795,2.2878,0.14275,-6.5816,0.012231,-2.1057,0.092924
4.4496,-5.4074,1.6585,-3.4557,1.9969,-0.12485,-0.28883,-0.043393
4.4324,2.0233,0.086316,0.16118,-4.9378,0.030103,0.67895,0.2318
-0.72131,3.037,1.0248,0.76644,-0.70731,0.065554,1.4408,0.2887
-0.69916,-0.90303,-1.2984,-0.78619,4.3895,0.012237,1.5041,0.19821
-0.69902,3.2233,-0.16556,0.58297,-2.6826,-0.023739,0.48202,0.026335
-0.35876,-1.809,0.77375,-0.61346,1.672,-0.1088,1.1027,0.10186
-0.549,2.3388,1.1388,0.61259,-0.65729,-0.030876,0.2518,-0.021781
-0.7174,3.0756,0.35763,1.6285,0.77656,-0.091675,0.79175,-0.15647
-0.69318,-1.7783,-1.6516,-0.91217,-1.0502,0.050967,0.94321,-0.14844
-0.87492,0.8727,0.25393,0.49346,2.2964,0.047238,2.4578,-0.17457
-0.81279,-1.0197,0.11481,0.15379,-0.64551,0.02538,-0.5885,-0.15352
-0.67822,-0.37254,0.14086,-0.23644,0.18186,-0.031646,0.099604,-0.097253
-0.66366,-1.4488,0.96894,-0.21048,2.29,-0.095339,-0.97546,0.0166
-0.58092,-0.59374,-1.0326,-0.16504,-5.3663,0.04041,-2.1271,0.080292
-0.26753,-1.1442,-0.90612,-0.074067,0.42558,-0.058721,0.27615,0.016527
-0.67198,2.889,0.16888,-0.29336,6.1542,0.25568,0.48969,0.057974
-0.65944,3.6357,-0.33702,1.0107,-4.5129,0.038889,-2.3949,0.25645
4.4352,-5.4553,-0.42074,-1.2725,7.0702,0.10758,-1.8537,-0.02054
4.4,4.6338,-0.4865,-0.47695,-3.6697,0.054015,0.88458,0.08774
-0.78672,0.14056,-2.3019,0.19652,2.1727,-0.10499,1.9209,0.040695
-0.71107,2.4174,0.74344,-1.477,-2.7588,0.072048,1.2151,-0.11414
-0.69421,2.8358,-1.1159,1.0826,-0.11652,-0.043171,0.67417,-0.072793
-0.62532,-5.0415,-0.38658,-0.39197,3.4175,-0.053285,-0.70745,-0.20285
-0.65292,1.0024,1.4468,-0.13587,0.092128,0.023603,0.74776,-0.14853
-0.69705,-0.31614,0.036851,-0.13691,2.6675,-0.060094,1.4379,-0.027622
-0.69789,-3.9513,0.83522,0.83109,-0.67592,-0.00027695,-5.0653,-0.089976
-0.90351,0.70514,0.89133,0.66094,-0.024034,-0.02775,-1.5206,0.077347
-0.7131,-2.4962,0.42461,-0.080862,-1.6416,0.019149,-0.12524,0.17477
-0.66034,0.58438,2.1334,0.39466,0.59965,0.0096252,-0.67523,0.21486
-0.65746,0.93405,-0.26592,0.12978,3.4856,0.0049533,-1.7756,0.10921
-0.56198,-0.87561,3.3057,-0.45414,-3.3921,0.050229,-1.6379,0.12422
-0.46103,1.0963,1.2101,0.10502,1.736,-0.063149,-0.63257,0.052328
-0.72415,3.0711,1.208,-0.44074,-0.50934,0.056274,0.36999,-0.00050951
-0.65796,-0.62056,0.27692,-0.94323,-0.30377,0.030456,2.0551,-0.086252
4.4089,-0.92136,-1.1139,-0.59976,7.2443,0.40642,1.6074,-0.08355
4.3799,3.2007,-1.8132,0.91726,-4.3541,-0.03221,-0.5498,-0.16866
-0.67924,-5.3845,-0.57494,-1.4307,5.581,0.037914,0.62349,-0.17616
-0.70882,0.15705,-2.6233,1.0062,-4.3257,-0.0046473,-1.084,-0.12904
-0.70787,-0.35129,-1.0063,0.57927,-1.8004,-0.058233,1.8156,-0.060137
-0.51428,-5.2223,-1.7434,-0.61155,-0.67319,0.014445,0.22096,0.25445
-0.62927,0.19989,-1.3971,0.91535,2.0943,-0.0066559,1.2169,0.50015
-0.70575,-2.0768,-1.6944,0.83829,0.52693,0.037548,0.34511,0.32041
-0.69404,-0.48685,-0.0474,-0.30953,1.3027,-0.017418,0.10123,0.029669
-0.83695,1.8559,-1.4537,0.54373,-0.60287,-0.068829,1.9027,0.19984
-0.72168,-0.54723,2.4904,0.74591,0.81629,-0.030343,-1.9076,0.12751
-0.67295,2.1638,0.20068,-0.097947,3.1253,-0.042575,0.59819,0.023755
-0.6746,1.5154,3.5439,-0.86579,0.051846,0.06135,0.010956,-0.056049
-0.30045,0.74812,0.14188,0.42949,-1.2899,0.014637,-0.82967,-0.10891
-0.63296,1.5553,-0.16171,-0.44946,5.7495,-0.0022535,-2.152,-0.12305
-0.65642,1.0656,1.554,-1.2271,-7.7751,0.060465,-0.59854,-0.17893
-0.65907,-7.9203,-1.843,-0.36298,-0.062517,0.041058,-0.96406,-0.13142
4.426,2.7313,-1.7929,-1.32,-2.258,0.01843,-0.12581,-0.09589
4.4073,1.7868,-0.93245,0.97154,-1.5656,0.0026173,0.90381,0.031178
-0.71366,-4.4599,-4.1397,0.25515,5.2475,0.15512,2.1233,0.091731
-0.70998,1.806,0.29619,-0.048401,-3.3653,-0.021692,0.46422,0.17375
-0.50153,-2.5648,-0.88394,-1.1586,1.3983,-0.1581,1.1018,0.07871
-0.5864,-1.6091,-1.4678,0.56929,-1.2705,0.0054218,0.37175,0.25735
-0.65908,3.368,0.30993,0.34135,0.0077502,-0.017193,2.4297,0.26876
-0.70067,-1.1441,-1.0658,0.38459,-1.1726,-0.029579,0.29975,0.074646
-0.7919,1.887,0.65611,1.2847,0.38692,-0.053709,-0.039584,-0.031954
-0.80453,0.14805,1.0584,0.81495,-3.4983,0.020798,0.92169,-0.098299
-0.67679,0.35324,0.83787,0.01164,1.3305,-0.011713,0.61383,-0.16104
-0.67143,0.51597,1.6539,0.30138,2.3351,-0.089531,-2.0894,-0.15033
-0.66605,1.1537,-0.038368,-0.3861,-4.7204,0.044729,-2.3889,-0.061768
-0.44299,-1.3989,2.2413,0.36818,1.6751,-0.017957,-0.55033,-0.10185
-0.62751,0.7013,1.3923,-0.80756,5.78,0.25716,-0.060025,0.0077897
-0.66148,-1.3272,-1.9218,-0.34217,-6.7233,-0.039514,-2.5791,0.049164
-0.6535,-5.699,-1.7535,-1.0671,5.7942,-0.02768,1.2367,0.032906
4.4365,5.5837,-1.0282,0.10217,-5.4206,0.023737,1.4881,0.075108
4.4075,0.98907,-0.26445,1.3591,-0.60636,-0.045937,0.28961,0.20091
-0.71081,2.8137,0.98761,-0.52597,-1.4279,0.0023606,-1.6933,0.16893
-0.71235,2.5678,-0.95905,0.96013,-2.4769,-0.04751,1.9835,0.028331
-0.42137,-4.7998,0.076037,0.32522,3.9284,-0.078724,0.14346,-0.013336
-0.67293,2.9681,0.17837,-0.7993,-0.61623,0.0012247,-1.2099,-0.09825
-0.69597,0.44193,0.052827,0.34619,-0.087513,-0.022648,0.68591,-0.21093
-0.69523,-2.9162,-0.73232,-0.27076,-0.5046,0.021074,-0.86358,-0.21179
-0.80308,0.68199,-0.77989,-0.15652,-0.36517,0.023827,2.8862,-0.16569
-0.77008,-1.7366,-0.39361,0.24546,-2.332,-0.013247,0.28504,-0.098737
-0.7098,-0.090732,3.4921,0.71,0.082526,-0.041946,-0.57004,-0.0076162
-0.67311,-1.6765,-0.60465,0.41226,1.7857,0.00071776,-0.24873,0.11826
-0.42442,-0.64319,0.8282,-0.8488,-3.2904,-0.0094347,-0.34795,0.13216
-0.53487,0.5481,-0.45986,-0.18313,0.51199,-0.11429,-1.6034,0.10592
-0.6015,0.52658,1.6146,0.24168,-0.64721,0.005794,0.83639,0.1849
-0.66492,-2.9288,0.42385,-0.75266,-1.9545,-0.0056997,-0.039911,0.14975
-0.84137,2.9227,0.2549,-0.26092,7.9609,0.43396,0.41945,0.056076
4.412,5.9395,-1.0468,1.0557,-5.2674,0.00095521,-0.87191,0.0035793
4.3758,-4.0141,0.72363,-1.3112,5.3158,-0.13425,0.057175,-0.083891
-0.71722,3.1526,-1.1813,-0.026492,-5.0235,0.051557,1.1258,-0.14182
-0.70261,-0.90794,-0.30071,0.15956,-1.5449,-0.048196,3.371,-0.073961
-0.52573,-3.2329,-3.0424,-0.23046,-0.72488,0.027248,1.4758,-0.14551
-0.69809,1.2871,-1.0692,0.84699,0.79068,0.024366,2.0731,-0.12556
-0.69722,-2.3555,-1.9426,0.38788,0.35088,-0.037909,1.088,-0.042517
-0.68893,-2.0547,0.18126,-1.0988,-0.27734,-0.060402,0.22105,-0.053809
-0.84537,-0.16727,-0.41144,0.00084348,0.26815,0.014714,2.2622,0.2554
-0.72114,-0.49728,-0.94262,0.50753,0.14524,-0.053446,-2.3242,0.12724
-0.66953,1.0613,0.49851,0.20391,1.6418,-0.083871,1.2247,0.19247
-0.66567,-0.42624,2.7228,-0.30236,-1.6554,0.031599,-0.60721,0.089954
-0.44222,2.3443,1.0792,-0.45392,-0.99505,-0.043832,-0.80072,0.081899
-0.65624,1.7745,0.85919,-0.02111,4.8267,-0.026172,-1.1683,-0.00067987
-0.6499,0.93903,3.4015,-1.1417,-6.325,0.011127,0.51072,-0.072696
-0.65544,-4.1716,-2.206,-0.091563,1.2387,-0.02218,0.49939,-0.10176
-0.90615,3.7251,0.17844,-1.2601,-1.4153,0.06051,2.6719,-0.1753
4.4153,3.6692,1.5998,1.1472,-2.1258,0.0046902,0.37964,-0.13705
4.3947,-3.6075,-0.79473,-1.7575,6.8305,0.38291,0.64569,-0.11183
-0.70948,1.1986,0.5241,0.70385,-3.7635,0.014708,0.2969,-0.025091
-0.68182,-4.6312,-1.0163,-1.816,2.5752,-0.19582,0.88086,0.035097
-0.53843,-0.39405,-1.8703,0.6069,-2.3361,-0.0054559,-0.22619,0.049797
-0.71195,1.7641,-0.68757,0.82277,0.41044,0.015568,1.983,0.17421
-0.69599,-2.6612,-1.0842,0.081643,-0.66241,0.00031987,1.7935,0.19492
-0.68633,3.0991,0.79972,0.91008,0.15297,0.051724,3.0153,0.054835
-0.82006,0.21918,0.34046,1.0473,0.73359,0.039608,-0.44207,0.15192
-0.73083,1.491,1.4061,-0.075165,-0.86785,-0.0053275,0.28854,0.0021677
-0.67263,1.313,2.2686,0.54009,2.5996,-0.039128,0.88168,-0.075665
-0.67241,-0.052483,2.465,0.74185,-2.0651,0.035404,-0.10531,-0.078683
-0.46027,0.9583,0.9808,-0.81781,2.9349,0.0071994,2.9675,-0.15255
-0.59636,1.0639,2.3639,0.085337,5.5807,0.20868,0.65108,-0.1507
-0.65445,-1.1343,0.042459,0.45842,-4.2455,0.024745,-1.6512,-0.11952
-0.65252,-1.4475,-0.4496,0.47623,7.3195,0.18511,0.56506,-0.065224
-0.93527,2.8583,0.029367,-0.16397,-4.9049,0.069693,0.10651,0.024924
4.4436,-2.6389,-1.1113,-0.35799,2.2853,-0.021468,0.91047,0.10947
4.4135,0.27832,-0.47312,-0.71729,-0.61346,0.043753,0.51241,0.18356
-0.71135,1.3855,-1.1986,0.26725,-0.4419,0.016928,0.8044,0.16844
-0.76672,-4.258,-2.5131,0.025996,6.3361,0.23823,1.2299,0.12717
-0.67987,4.2931,0.55649,-0.75784,-1.269,0.0047736,-0.43021,0.11748
-0.75502,1.5806,0.45593,-0.016909,1.0722,-0.069522,3.1412,0.024826
-0.69586,-2.2199,0.23166,0.6555,0.50739,0.070181,1.679,-0.029983
-0.94475,2.1389,1.3578,0.45555,1.2714,-0.037999,2.7161,-0.1036
-0.73589,-2.666,-0.38229,-0.38692,0.84457,0.027851,0.61586,-0.16241
-0.64736,1.3344,1.9283,0.12445,3.8674,0.018507,0.67655,-0.13476
-0.66965,-1.5671,-1.3087,0.061662,1.5314,-0.052868,0.51363,-0.061306
-0.66591,0.59129,0.25078,-0.4515,-1.2636,0.028197,0.22005,-0.033147
-0.37867,-0.77252,-0.90507,-0.14338,1.8087,-0.12417,-1.5082,0.029523
-0.68485,0.55765,0.62865,-0.9364,-0.58289,-0.0018492,-0.10189,-0.023484
-0.66111,-3.2167,-0.0074173,-0.45293,1.6726,0.07029,0.43107,0.17219
-0.65907,2.5521,-0.33718,-0.90477,8.3397,0.54314,0.26272,0.060554
-0.85416,5.1511,-0.50294,1.0457,-5.307,0.0054218,-0.84378,0.18273
4.4226,-9.4079,0.060902,-1.7035,5.6676,0.030296,-1.3394,0.17032
4.3818,3.6735,0.42141,0.22068,-4.6264,0.069122,1.2914,0.051549
-0.71604,0.42564,-1.5493,0.53424,0.074517,-0.018355,3.1747,-0.033828
-0.37179,-0.9139,-1.0347,-0.33988,1.8894,-0.015685,1.213,-0.098202
-0.61133,2.2417,-3.0172,1.8202,0.0055666,-0.036959,1.6673,-0.1471
-0.70031,-3.1064,-0.50653,0.61673,2.602,0.00272,0.82818,-0.17418
-0.69795,-1.6657,-0.28295,-1.0026,1.499,-0.019619,1.1868,-0.13658
-0.96789,-0.43795,-0.19867,0.39997,0.51727,-0.098542,1.5593,-0.048358
-0.87901,-2.7495,-0.4432,0.9245,0.85387,-0.036369,-0.82535,-0.019444
-0.6685,1.191,-1.3123,0.070847,2.9939,0.036861,3.1478,-0.010731
-0.67422,-1.7049,0.50925,0.046658,-0.63432,0.0073214,0.67089,0.20493
-0.42426,1.1781,-1.3858,-0.56086,0.4208,-0.033128,-0.4756,0.2195
-0.50979,1.4797,-0.85626,-0.23577,5.1462,0.042894,0.66745,0.16321
-0.75304,1.3019,1.3203,0.54341,-5.2364,0.037817,-0.27921,0.043372
-0.66617,-0.46446,-0.59878,0.52403,1.0411,-0.035246,-0.22839,0.050138
-0.94949,4.3428,0.37095,-1.4765,2.4578,0.0071866,0.32046,-0.0024079
-0.79463,3.3537,1.7881,0.73929,-2.2257,0.0441,-0.31509,-0.083404
4.4006,-7.5851,-1.215,-1.8955,6.9335,0.33409,-0.59179,-0.16951
4.3748,1.8171,0.25552,0.12455,-5.0191,0.032208,-0.69021,-0.16525
-0.70362,-1.4979,-0.70014,-1.0164,3.9589,-0.24244,0.2212,-0.075251
-0.5653,-0.54921,-2.6485,0.15639,-3.7957,0.070117,1.6951,-0.11108
-0.69799,1.2581,1.0489,0.38912,-0.58962,0.014952,0.98956,0.020786
-0.70642,-2.8801,-1.4618,-0.77554,1.0498,0.035943,1.0104,0.17039
-0.70285,1.8355,-0.14127,1.8244,-2.078,-0.020165,1.1367,0.13805
-0.96613,-0.3902,-1.4262,0.56594,1.8607,0.00229,0.97489,0.18833
-0.72163,0.057423,1.6356,-0.80915,-2.6393,-0.041118,0.28152,0.22785
-0.67297,1.5418,3.1765,1.2953,2.1712,-0.042812,-0.11156,0.059556
-0.66095,0.83492,-0.14475,0.040274,0.76041,0.025675,-2.0229,0.054397
-0.51304,1.8742,1.8737,-0.31058,2.3835,0.026927,1.8554,0.055054
-0.65804,1.5844,1.7134,-0.7305,4.4121,0.041135,-0.32789,-0.067755
-0.66397,0.81009,-0.24164,0.044622,-4.5421,-0.063605,-3.5548,-0.094697
-0.66239,0.61334,0.35114,-0.12691,4.655,-0.18205,-1.8516,-0.14143
-0.75807,3.3399,1.5772,-0.81077,-4.9044,-0.026005,-0.33293,-0.12332
4.4045,-4.8385,-2.4312,-1.6823,0.74512,0.010151,0.62061,-0.1195
4.4341,-0.9499,-1.3633,-0.67413,0.27563,0.039422,1.4369,0.013217
4.4061,1.7895,-2.0171,0.65912,-3.4473,0.0070967,0.38113,0.08258
-0.34679,-3.6625,-1.0157,-0.13635,5.9389,0.070707,-1.4998,0.16129
-0.50389,2.4542,1.1205,-0.52143,-5.0802,0.0011028,-2.0343,0.1672
-0.72845,-0.56019,-0.88251,1.0629,-1.9638,-0.13106,0.89631,0.22936
-0.70869,-3.1879,-1.8135,0.22145,-2.4657,-0.016199,-0.73872,0.19631
-0.81552,3.0699,-0.86961,-0.15681,1.977,-0.0057062,3.3907,0.064862
-0.89174,-0.35394,0.37165,0.21173,0.2903,0.0048955,0.17988,0.019861
-0.71726,1.1554,0.70987,0.55376,1.4809,-0.047523,1.679,-0.069726
-0.67488,0.82353,-0.33502,-0.032645,0.082218,-0.055609,-2.3971,-0.085278
-0.67282,1.1175,5.061,0.36431,-0.64317,-0.031075,-1.9659,-0.090511
-0.49525,0.15983,0.83879,0.43534,3.1791,-0.040406,0.34495,-0.16077
-0.61165,-0.74756,0.24027,0.15255,-1.0654,0.00564,-1.4198,-0.10314
-0.67137,-0.95704,1.08,-0.7994,-0.17304,0.020259,-1.6059,-0.10908
-0.66427,0.97086,-0.81101,-0.34358,7.1608,0.27589,-2.5184,-0.05286
-0.9071,2.9419,-0.053413,0.58899,-7.0427,0.023243,0.54158,0.10027
4.7995,-9.1706,-0.84462,-1.4496,2.1993,-0.14169,-1.4355,0.093581
4.4402,3.4729,0.33755,0.68046,-7.021,0.018616,-0.23135,0.22109
4.3886,4.2491,1.5756,0.57562,-0.86842,-0.021333,2.198,0.13177
-0.48921,-2.0642,-0.50382,-0.26192,3.774,0.03672,3.4894,0.1196
-0.48498,2.7673,-1.3893,0.46524,-3.3402,-0.080643,1.8638,0.0084955
-0.70625,-1.9201,0.11427,-0.47557,3.5172,-0.1776,0.2072,-0.077709
-0.70151,-0.32011,0.45225,0.24884,-0.094764,-0.0034472,1.8612,-0.13731
-0.80358,1.2495,0.11207,1.9161,-0.69372,-0.034444,-1.0647,-0.19375
-0.68342,-4.0474,-2.8093,0.53139,0.23782,0.024033,0.10646,-0.15566
-0.64363,1.0212,-0.69838,-0.077445,2.8457,0.0064357,2.6326,-0.1379
-0.66763,-1.152,0.22889,-0.77232,-3.0354,-0.02605,-1.2741,-0.069872
-0.66527,0.78092,-1.8828,-0.34631,0.50877,-0.12116,0.65293,0.038382
-0.57701,-1.1594,1.5868,-0.51743,3.2678,-0.14448,-1.0429,0.095942
-0.60438,-0.37227,0.15156,-0.12379,-6.1431,-0.013446,-1.8874,0.17302
-0.66437,0.62182,-1.4997,-0.036352,1.4253,0.010633,0.74954,0.052206
-0.65282,3.4603,-0.5624,-1.4406,4.8455,0.20426,2.8371,-0.014479
-0.74087,1.3584,0.034307,0.95085,-3.9405,0.025046,-1.2728,0.09711
4.4735,-3.0889,-2.4205,0.75912,7.2594,0.22968,-1.9039,0.03276
4.4058,4.7354,-0.08739,-0.78251,-5.9474,-0.031954,-2.1943,-0.04422
4.3604,-0.22701,-2.1187,-0.68169,3.8646,-0.10271,0.7033,-0.059772
-0.63141,-0.39267,-1.0032,-0.61134,-4.6444,0.035578,-0.7292,-0.15773
-0.57027,1.6497,-0.018428,0.090167,-1.7835,-0.00043097,1.1693,-0.13062
-0.69671,-4.2869,-2.9084,-0.89815,4.0755,-0.0059115,0.4851,-0.10027
-0.69652,1.3001,-1.1975,0.82769,-0.67485,-0.015326,-0.24305,-0.045121
-0.83324,-0.96149,-1.8627,-0.45008,2.2065,-0.032512,4.4298,0.13549
-0.76036,-2.721,0.064179,1.0326,-0.45356,0.038767,4.1477,0.046974
-0.64545,0.39883,2.8823,1.3637,0.70222,-0.093562,-0.36338,0.19991
-0.66848,-1.1655,-0.33375,1.1293,-1.1595,0.032914,1.8823,0.060433
-0.33331,0.051033,5.0577,1.0346,0.38716,-0.070042,-0.053519,0.19787
-0.55621,1.2062,1.2415,0.031089,2.452,-0.033879,-0.8467,0.13405
-0.63516,1.3089,4.9294,-0.19642,-1.7743,-0.027519,0.40704,0.062039
-0.65701,1.1512,3.3218,-0.83497,3.6643,-0.14087,1.0083,-0.017887
-0.63544,2.962,1.9668,-0.38972,-4.0633,-0.021089,-0.33908,-0.065516
-0.76519,-3.7857,-1.4272,-0.40607,-1.0354,-0.020928,2.3575,-0.14109
4.4392,2.7122,-0.50762,-2.5098,6.182,0.36389,2.7461,-0.12402
4.4165,2.6249,-0.57531,1.0064,-4.8603,-0.05274,-0.43026,-0.10012
-0.52034,-4.3248,-0.20044,-0.72039,6.4753,0.057461,-1.6059,-0.04938
-0.55807,1.9591,-0.32856,-0.22141,-5.7919,0.020644,-1.4387,-0.011096
-0.63138,-2.6178,-1.7505,-0.11272,-1.6923,-0.025844,1.3879,0.051598
-0.69708,-1.0572,-0.62424,-0.67555,-0.12162,0.039723,-2.3128,0.21668
-0.68701,3.8061,0.16277,0.6689,-0.12429,0.0032976,1.363,0.10368
-0.8018,-3.0859,-0.96383,0.80528,-0.35349,0.0085792,0.57538,0.29262
-0.69499,1.3471,-0.29895,0.78088,-0.74811,0.02547,-0.16995,0.15552
-0.66927,1.5858,-1.9379,-0.22593,0.23735,-0.079,2.4643,0.086547
-0.65587,0.38881,3.2076,-0.10305,2.471,-0.039186,-0.3268,-0.018447
-0.33816,2.0072,-1.3832,-0.23899,1.6452,-0.017739,1.8777,-0.083234
-0.61548,0.67356,1.1168,0.3674,-1.3824,0.016178,-1.0852,-0.14527
-0.65016,0.3506,-0.85284,-0.017468,0.007185,-0.039321,-2.7261,-0.15846
-0.65237,1.1817,-2.3146,-0.20357,5.4091,0.05714,-2.6313,-0.11212
-0.77069,-0.2507,1.7302,-0.73555,-7.7273,0.025156,-4.9686,-0.12101
-0.75569,-6.6711,0.69521,-1.4329,0.38193,-0.12682,0.48366,0.0018999
4.459,3.3914,-1.1592,-0.2592,-4.8312,-5.8758e-05,-1.0304,-0.057728
4.4502,2.3582,0.33019,1.6331,-1.8613,0.028602,0.062004,0.38926
-0.34206,-4.2146,-1.4078,-1.6168,4.0393,-0.022636,0.82521,0.16418
-0.60097,2.562,-1.2845,0.7237,-4.5903,-0.060473,-0.69031,0.18845
-0.64895,-1.7851,-0.6177,-0.92186,4.7751,-0.20583,-0.37686,0.054664
-0.69951,1.4548,-1.4833,0.79986,-1.5606,0.003965,1.0184,0.099251
-0.71065,2.8885,-0.5122,1.1891,-2.4941,-0.033186,2.0629,0.0064024
-0.86234,-4.2015,-0.69076,0.79151,0.18227,0.042123,-1.5396,-0.097739
-0.70458,2.4387,2.2518,0.17915,0.88992,-0.033263,0.010706,-0.1424
-0.67638,-2.2462,1.5014,0.30894,-1.9296,-0.00075826,1.8932,-0.16579
-0.67268,1.7921,-1.7577,0.16862,1.3348,-0.09353,1.6579,-0.068753
-0.56055,-1.1542,0.15286,-0.26203,2.7582,-0.060807,1.037,-0.11767
-0.64583,-0.636,0.94023,-0.57304,-4.969,-0.052663,-1.7854,-0.0652
-0.66188,-1.0183,-1.3129,-0.19048,2.5453,-0.02716,-0.52058,0.065397
-0.65205,1.415,-0.89728,-1.0029,2.5665,0.02814,2.2425,-0.028425
-0.87141,-3.4078,-0.48672,0.77979,-4.0497,0.0017831,-2.2351,0.032712
-0.68515,0.7591,-2.2023,1.4552,7.5301,0.17073,-3.9408,0.21537
4.4498,4.9611,1.5949,-1.4834,-5.9808,0.0024441,-2.0983,0.051817
4.4089,-3.5513,-1.4279,-2.1851,2.6402,-0.15292,1.72,0.1535
-0.59648,1.1782,-0.80803,-0.065036,-4.1936,0.031079,-0.01705,0.0258
-0.72281,2.616,0.85758,0.24634,-1.5701,-0.047651,1.1379,-0.073888
-0.69785,-2.4047,-2.3218,-0.91619,5.5651,0.22254,1.0383,-0.097569
-0.69301,0.0046406,-0.16513,0.51132,-2.8982,-0.07592,-0.7878,-0.14671
-0.84841,-1.3359,0.6343,-0.47264,-1.0529,-0.025735,0.36664,-0.15936
-0.71298,-0.69812,1.1531,0.74887,1.0266,-0.011257,1.2817,-0.09623
-0.62721,0.52198,0.1775,1.3199,-0.76365,-0.060775,1.0063,-0.079316
-0.67206,-4.6967,-0.23617,0.36099,-1.8768,0.058142,-3.7549,0.061674
-0.62706,0.88778,3.4639,0.084354,0.76116,-0.026672,0.44077,0.055614
-0.57727,-0.29157,-0.48011,0.33602,-0.61183,0.0078412,-0.76346,0.1526
-0.65764,0.41294,1.341,0.61895,-0.8858,0.0014879,-0.67262,0.14652
-0.66574,1.1386,1.4471,-0.16627,3.8695,-0.21737,-0.85325,0.18219
-0.67811,1.6782,1.8512,-0.12733,-5.9659,0.039524,0.11699,0.0056236
-0.76954,-0.83011,0.065894,0.056093,-1.3753,-0.034534,0.63279,0.019229
-0.58701,3.3536,0.66341,-1.7761,7.0729,0.44906,2.6463,-0.038379
4.4224,5.4603,0.65968,1.8294,-4.8058,0.01182,-1.4149,-0.066879
4.3942,-6.6004,0.75246,-1.6199,6.3436,0.16404,-0.079586,-0.14091
-0.46867,2.7178,0.53013,-0.93862,-5.1103,0.0085984,-0.97051,-0.21111
-0.68232,-2.7927,-2.4463,-0.69959,0.25763,-0.082607,1.7401,-0.123
-0.70137,-0.28423,-1.1776,-0.083727,-2.5783,0.0044977,-1.6009,-0.086836
-0.69554,0.33368,-0.48942,1.4887,-1.6594,0.0047351,1.2591,0.10977
-0.98783,-5.5353,-0.53364,-0.1788,-0.73669,-0.02356,-0.13011,0.19709
-0.74924,0.78491,0.90847,-0.057965,-0.87095,0.0058582,0.40505,0.32903
-0.67118,0.60659,-0.20085,-0.086367,1.0014,-0.023361,2.2924,0.17643
-0.674,0.70569,0.62464,0.28869,1.5008,-0.026377,-1.2604,0.17003
-0.33412,2.2811,-1.7097,1.1272,-0.35107,-0.12121,1.1914,0.15335
-0.60006,0.94533,0.92749,0.16768,-2.9106,0.023083,-2.364,0.066614
-0.6565,1.3213,2.2893,1.0034,1.2925,-0.0022985,0.39064,-0.027233
-0.66091,1.42,0.21864,0.6957,4.8433,0.10922,-2.1532,-0.093359
-0.9796,-0.85878,1.2316,-0.90061,-7.8114,-0.049146,-3.4726,-0.10102
-0.78144,-1.1966,1.4441,-0.63786,2.4511,-0.17673,-0.12559,-0.1296
-0.7172,1.8648,-0.82651,-0.73173,-4.233,0.030835,0.41631,-0.12454
4.445,3.3068,1.9953,0.19293,-2.4972,-0.0029402,-0.96737,-0.089172
4.4228,-4.8192,0.15138,-1.0027,4.6375,0.13771,2.2076,-0.037041
-0.44912,2.2982,-1.2112,0.068393,-2.9863,0.019624,-0.02037,0.090806
-0.75164,-6.3211,-1.9715,-0.55119,5.5617,-0.063277,-1.2119,0.30194
-0.7001,2.0941,-2.7658,0.41193,-3.9825,0.042419,2.4244,0.056271
-0.69753,0.84038,-0.59825,1.7008,-2.722,-0.021743,1.2118,0.21422
-0.82729,-1.8239,0.4365,0.36374,-2.3985,0.0090669,-0.73415,0.2031
-0.69076,2.4411,1.0936,1.6907,1.6043,0.00065358,1.0928,0.13508
-0.6738,-0.76524,-0.71339,0.3895,-1.9565,1.1835e-05,0.68682,-0.019444
-0.66159,1.305,-0.076957,0.12789,-1.4583,-0.09342,-1.7088,-0.068631
-0.44163,0.24534,1.0364,0.60519,2.5385,-0.1318,0.49842,-0.15822
-0.6504,-0.018491,1.7417,1.361,-2.3033,0.038741,-2.7446,-0.17599
-0.66058,-0.60386,-1.639,-0.05045,4.0196,0.009991,-1.7257,-0.15834
-0.65797,-0.78803,1.033,-0.60265,2.4864,-0.012355,1.1125,-0.095914
-0.862,-2.8321,0.90765,1.3441,-3.239,-0.0044547,-1.5143,-0.078829
-0.74785,0.77938,-1.549,0.73587,6.4165,-0.072698,-2.0842,-0.0033084
-0.61692,1.9522,2.1796,-0.5355,-6.6824,0.053457,-2.1119,0.25995
4.4586,-5.3276,-0.0264,-2.075,2.1919,-0.06098,1.3757,0.019326
4.4296,2.0123,0.5441,-1.0186,-3.0805,-0.0059372,-0.070813,0.17526
-0.59431,2.4224,-1.0968,1.2021,-1.0795,-0.028187,1.0329,0.16416
-0.75486,-3.1486,-2.6866,-1.1913,6.0538,0.31381,0.42142,0.11432
-0.69904,2.3417,-0.50851,-0.31017,-3.9702,-0.0047949,-0.12611,-0.0046713
-0.87043,-0.76015,1.0143,-0.88572,0.65676,-0.067905,1.2873,-0.10757
-0.87771,1.3941,-0.27549,0.68345,1.5149,0.0066219,2.5558,-0.2249
-0.70171,1.8955,0.28768,1.1419,-0.085285,-0.073879,0.068785,-0.21186
-0.67124,-3.6753,-2.2141,-0.2268,-2.8156,0.078986,0.23048,-0.13804
-0.6716,1.5175,1.344,-0.29127,2.9483,0.0070647,1.3401,-0.057314
-0.47814,-1.7799,0.034403,-0.1836,-0.24965,0.0029703,-1.1299,-0.036311
-0.71587,-0.49611,-0.04149,-0.020204,-0.089183,-0.04099,0.28419,0.074013
-0.66457,-1.1133,0.86849,-0.41866,2.9843,-0.12345,-2.5487,0.12408
-0.66104,0.37498,-0.89743,-0.6869,-3.4689,0.074436,-1.6968,0.086936
-0.77786,-1.3853,1.3978,-0.94584,1.4604,0.015671,1.4065,0.18336
-0.68653,2.3397,0.49697,-1.7275,7.3517,0.45601,0.061073,0.13474
-0.63619,4.6219,0.11035,1.6224,-4.9121,-0.028803,-0.52321,0.10675
4.4341,-7.8296,-1.8527,-1.772,6.4128,0.079005,-1.9381,0.0045528
4.3967,4.9348,0.79855,-0.43252,-6.268,-0.0069704,-1.0964,-0.055951
-0.58817,0.21363,-0.59598,0.49702,0.0094136,-0.081041,0.69695,-0.1119
-0.70343,0.081878,1.1914,-0.38113,-2.2409,0.047257,1.7277,-0.15413
-0.70042,0.51243,-1.8768,2.5294,-1.0294,0.022961,0.98721,-0.14094
-0.93923,-6.0082,-2.1618,-0.04395,2.8849,-0.05129,0.11014,-0.18236
-0.72607,0.46458,-0.42078,-0.66789,-0.47543,-0.036523,-0.088082,-0.0023835
-0.67119,-1.1221,-0.02385,0.53807,1.446,-0.11656,1.4906,0.16445
-0.66663,-3.4477,0.11221,0.75689,-0.18201,-0.044943,-0.35065,0.066176
-0.38277,1.4407,-0.34177,0.66685,-0.96841,-0.023951,0.1864,0.11033
-0.55259,-0.27844,0.18613,-0.011328,-0.80103,0.044434,1.2056,0.20203
-0.69923,0.58784,3.5068,1.1611,0.2367,0.015882,-0.80767,0.23265
-0.66506,1.1516,-1.4284,1.0044,2.8141,-0.052875,-0.94582,0.12427
-0.98322,0.043282,2.2373,-0.12888,-4.6437,-0.033943,-2.2348,0.05997
-0.69218,0.308,1.5463,-0.23456,1.3857,-0.09437,-1.1544,-0.037211
-0.58535,2.7602,0.9939,-0.69233,-2.9732,0.0056143,-0.43127,-0.088248
-0.63198,0.047392,0.25804,-0.39072,-2.6792,0.025117,-0.27548,-0.14031
4.4251,0.075051,-1.261,-1.0505,5.0318,0.12976,1.0723,-0.059894
4.4045,3.787,1.1372,1.1034,-3.7962,0.061485,-1.4438,-0.15133
-0.65876,-6.5463,-1.6538,-0.63843,6.3136,-0.039167,-1.4274,-0.06924
-0.70726,-0.84123,-4.2898,-0.55723,-4.633,-0.012066,0.63343,0.01918
-0.70663,0.47517,-0.35746,0.3093,-1.6497,-0.050641,0.20199,0.015261
-0.94528,-1.6613,0.231,0.14727,-1.9593,-0.031851,-1.4524,0.14756
-0.75621,2.4487,1.1162,0.36619,0.45979,0.010139,1.769,0.30221
-0.66498,-4.2014,-0.73425,0.81878,0.38918,0.0025082,2.2413,0.3007
-0.67056,1.07,2.0293,1.2385,-1.1137,-0.0079202,-0.18671,0.06732
-0.27309,2.0087,0.67132,0.58269,1.4136,-0.15039,-0.10348,0.055176
-0.54783,0.98426,2.6813,-0.3018,-1.4117,-0.030093,-4.1911,-0.01959
-0.67415,1.2336,-0.77643,0.050698,2.3564,0.0050752,0.64159,-0.1119
-0.66306,0.70588,0.68297,-0.38849,1.2241,0.03939,-0.73828,-0.14627
-0.81833,-1.4173,0.89368,0.52513,-3.6917,-0.035451,-1.9365,-0.16864
-0.7246,0.78545,0.71758,0.73015,6.0549,-0.14814,-3.2745,-0.13583
-0.71118,0.43091,2.2201,-0.44114,-6.3214,0.035828,-1.4455,-0.11775
-0.63564,-9.5459,-0.51803,-1.8883,1.6902,-0.045642,-0.30603,0.019837
4.4518,3.9236,0.62765,-0.45597,-4.3873,0.066202,0.54813,-0.01151
4.4314,2.2612,0.28615,0.52691,-0.74939,0.013129,0.045872,0.16983
-0.67162,-3.9521,-2.5508,-1.6692,5.2865,0.15163,1.6263,0.23068
-0.70884,3.4323,-0.95406,-0.034142,-4.5192,-0.044654,-0.20497,0.16139
-0.68213,-2.3037,0.084209,-0.90751,2.7384,-0.15698,0.64496,0.009104
-0.78753,2.6453,0.005238,0.33413,0.92645,0.042053,0.76945,0.076544
-0.68031,1.8266,-1.0261,0.58046,0.14933,-0.036979,0.94646,0.023974
-0.67489,-3.9305,-2.0769,-0.38888,-1.5763,0.035565,-0.80609,-0.095987
-0.66232,2.155,0.87779,-0.12625,2.1444,0.0369,1.2931,-0.099102
-0.40322,-0.44339,-0.18963,0.17195,-1.1994,-0.079706,-1.4311,-0.13841
-0.55444,0.032686,-0.08739,-0.14144,2.2795,-0.075362,-0.065284,-0.13894
-0.66312,0.036153,0.18162,1.3116,0.75093,-0.020473,0.97078,-0.083867
-0.6622,-0.8771,0.94872,0.48149,-2.9865,0.056852,-1.0107,-0.049234
-0.8057,-0.5695,1.3065,-0.33459,1.7301,0.0089835,0.70463,-0.011754
-0.72065,0.75978,0.5241,-1.0646,5.235,0.21421,2.4733,0.16236
-0.62685,0.0026691,-0.53479,0.34558,-3.263,0.081771,0.9321,0.16939
-0.63208,-4.9852,-2.0965,-0.55884,6.3726,0.1974,-1.5135,0.1316
4.4475,3.9198,-1.6854,-0.27934,-6.0115,0.068422,0.89028,0.12931
4.4088,0.058553,-2.8184,0.21148,1.1583,-0.054569,1.0601,0.13004
-0.70347,3.9511,1.7531,-0.26978,-3.439,0.075822,-1.3282,0.036168
-0.701,3.1117,0.11749,1.3656,-0.65081,-0.0036397,2.0803,-0.042006
-0.91405,-3.6366,-2.0247,-0.244,3.7932,0.00026853,0.32541,-0.099127
-0.78269,2.2365,-0.15085,0.22317,1.3716,0.0047159,0.54992,-0.15844
-0.69363,-0.7922,-0.78207,-0.095224,3.4148,-0.07327,2.8582,-0.16112
-0.67299,-3.7974,-0.16671,0.84482,-1.7801,-0.025799,0.84744,-0.059212
-0.67206,0.75004,-0.79351,0.51744,-0.4138,-0.057361,2.0963,-0.016378
-0.53668,-1.4337,0.84664,0.47599,-0.74288,0.053681,1.1548,-0.057704
-0.59634,0.65548,1.5941,-0.072108,2.1373,-0.032005,1.4995,0.18738
-0.66426,-0.22098,-1.0391,1.2268,-0.89031,-0.010558,-3.621,0.15815
-0.6535,1.4367,1.1702,-0.32144,-3.8882,0.00048673,-2.0124,0.096112
-0.77824,1.4587,-0.34923,-1.2287,1.7268,-0.094922,0.27438,0.064911
-0.70661,2.9305,1.9081,-0.07099,-4.4665,0.052706,0.44637,0.11381
-0.63826,-3.2801,-0.63575,-1.2445,-0.66753,0.068904,0.3834,0.050138
-0.63517,3.384,-0.16581,-0.9072,6.5327,0.315,1.8269,-0.0514
4.4272,4.5048,-1.3904,1.0979,-5.2935,-0.027917,-1.3149,-0.11524
4.3955,-5.2255,0.79583,-1.2824,6.7263,0.077792,0.70065,-0.17131
-0.69156,1.8071,0.53971,-1.0863,-4.3748,0.0079888,1.2773,-0.17638
-0.68885,-1.5171,0.48572,-0.31989,-0.18305,-0.073103,2.0457,-0.1441
-0.8399,-1.4829,0.73555,-0.43519,-0.64525,0.02119,-0.25858,-0.070505
-0.73347,1.9264,-0.4303,0.43971,0.40311,-0.0079459,1.669,0.12089
-0.66532,-3.8846,-1.4898,0.46528,0.6419,0.019104,1.5915,0.14666
-0.66074,-0.10904,-0.80458,0.42799,-1.2286,-0.04629,0.25479,0.16786
-0.63766,1.4835,-0.7843,0.91829,0.78982,-0.08158,2.0935,0.15966
-0.57383,0.2583,1.5852,0.074244,0.141,0.033017,-1.9091,0.065422
-0.5768,1.868,-0.4847,-0.35354,1.3027,0.0059673,1.6938,0.13997
-0.65082,0.084171,0.54684,0.051539,0.96001,0.014162,1.8808,0.035584
-0.7465,1.6701,0.47057,-0.054271,0.30818,0.0080273,-0.5804,-0.044464
-0.69902,1.5602,0.3228,0.3537,4.8792,-0.10622,-3.1444,-0.076249
-0.58029,1.6452,2.8635,-0.13747,-5.4379,0.028518,-0.92582,-0.15299
-0.62662,-4.5309,-1.0273,-0.10413,2.1949,-0.044269,-1.7291,-0.13707
-0.63619,4.1956,-0.35803,-0.70159,-2.8631,0.065053,1.6541,-0.072136
4.4487,1.9817,1.8587,1.5105,-1.764,0.033864,0.011586,-0.083891
4.4226,-4.3133,-1.2462,-0.71844,6.5712,0.37141,-0.93026,0.014823
-0.69721,2.034,-2.0362,-0.3062,-3.9969,-0.015287,-1.135,0.10633
-0.68733,-5.3055,-1.4806,-0.81883,3.4954,-0.23161,0.21924,0.049261
-0.86543,0.32442,-2.5795,1.0335,-1.109,0.012417,0.52744,0.17341
-0.73517,2.6091,-1.7821,0.20786,0.2414,-0.065228,2.6651,0.24136
-0.66863,-3.8267,-3.1446,-0.28553,0.11069,0.057513,1.407,0.14172
-0.67695,2.3029,0.13446,-0.15716,0.71857,-0.045187,2.8457,0.035218
-0.57722,1.2556,0.19547,0.62283,0.54244,-0.018522,-2.0587,-0.016183
-0.62965,1.279,2.1059,-0.25062,-0.11104,-0.025164,-1.3878,-0.07917
-0.64968,0.89983,2.7011,0.37895,2.2029,-0.054845,0.61434,-0.17601
-0.6482,-0.67183,1.7322,0.32562,-1.8845,-0.011206,-1.4063,-0.17847
-0.78119,0.42501,1.7268,-1.1465,2.3742,-0.070388,1.2411,-0.12821
-0.77892,0.40669,1.3072,-0.39854,4.5884,0.10985,1.6631,-0.11979
-0.63521,0.60261,0.88627,0.72872,-3.5876,0.022216,-0.093251,-0.022633
-0.63222,-0.85042,-1.89,0.70945,7.2256,0.18944,0.32209,0.0095177
4.4884,3.0724,1.3388,-0.56388,-7.7276,-0.018195,1.0361,0.14549
4.4539,-1.6396,-0.20354,-1.2187,1.8685,-0.061224,0.50002,0.21661
4.4169,1.6144,-0.47126,-0.91333,-2.1964,0.064354,1.3928,0.21473
-0.69925,1.8581,0.16177,0.33031,-0.12344,0.04487,0.26483,0.16801
-0.96791,-3.1177,-1.8557,-0.012484,4.9367,0.10657,1.0646,0.070168
-0.85187,5.0295,1.235,0.0023143,-2.0276,-0.01109,-1.42,0.00012328
-0.68848,0.58979,-0.57982,0.35813,1.2114,-0.11511,2.5171,-0.11451
-0.67494,-2.5233,-0.29608,4.7036e-05,-1.4633,0.012122,0.70581,-0.16615
-0.66576,1.6661,-0.28534,1.0073,0.86703,-0.016398,2.222,-0.10193
-0.55345,-1.9716,-1.2432,0.63662,-1.0512,0.03826,2.1001,-0.17577
-0.64186,-0.16958,1.6868,0.47882,-0.36679,-0.090706,0.74163,-0.13116
-0.66262,-0.71909,-0.33654,0.91934,1.7659,-0.024817,0.3671,-0.027159
-0.65686,-0.4049,1.1121,-0.19602,-2.758,-0.02492,0.12128,0.004066
-0.84442,0.58126,0.24579,0.28863,1.0326,-0.10963,-0.41326,0.11278
-0.6517,0.2914,0.76876,-0.89516,-3.4777,0.025707,-0.65056,0.032298
-0.63284,-1.1184,0.88212,-0.85943,-0.2432,-0.0061554,-0.56276,0.064813
-0.63192,1.8805,-0.97191,-1.3657,8.2394,0.51971,-2.3589,0.077931
4.5242,6.0519,-0.91072,1.2668,-5.7658,0.031239,-1.7512,0.06771
4.4219,-7.5587,0.22455,-3.0773,5.6635,-0.079867,-2.2719,0.03388
4.3849,2.4408,-1.0645,-1.0274,-3.644,0.046706,1.1295,-0.061695
-0.69853,-0.35448,0.3835,0.67363,-1.365,0.012706,2.3283,-0.12186
-0.91965,0.29926,-0.23497,0.036792,0.92495,0.022364,2.3697,-0.14135
-0.76157,2.7385,-0.59568,1.6126,-2.1313,-0.03146,0.70507,-0.13812
-0.6932,-4.0273,-0.60618,0.5869,0.68116,-0.055127,-0.563,-0.060381
-0.67559,-1.7744,0.88468,-0.27498,-1.979,-0.023662,-0.70993,0.041279
-0.67057,1.3326,0.67819,0.9482,-1.3969,-0.07239,0.94425,-0.026843
-0.53924,-2.0097,-1.3892,0.014878,0.27658,-0.0077341,-1.7976,0.10548
-0.71612,0.44857,-0.46093,0.11873,0.93543,-0.020441,1.6784,0.045562
-0.66672,-0.50324,0.48356,-0.3224,-2.3691,-0.032981,-2.0691,0.1877
-0.66259,1.4349,-0.38513,0.20924,-0.58051,-0.076196,-1.4674,0.031763
-0.76859,2.1598,-1.5994,-0.62421,2.5767,-0.18429,-1.0781,0.11665
-0.71674,0.32616,2.2862,-0.13868,-5.7002,-0.042369,-4.1158,0.017208
-0.6407,0.86017,-0.51109,0.46773,-1.2781,-0.057418,-0.4816,-0.033901
-0.63076,3.9761,0.73395,-1.0083,3.7387,0.075167,0.38841,-0.066806
4.4901,2.7702,2.0599,0.84888,-3.9853,-0.013433,-1.443,-0.11646
4.4162,-7.8573,-0.95797,-2.1605,6.2882,0.16868,-0.017525,-0.17725
4.3856,1.715,-0.0054259,0.80733,-6.0568,0.049041,-1.4602,-0.14099
-0.70704,-4.3734,-0.20448,-0.91913,3.0216,-0.23246,0.29155,-0.062741
-0.89883,0.72577,-1.8585,0.14846,-4.7596,0.019483,-0.29335,0.0041877
-0.72481,1.441,0.41846,0.65308,-1.1141,-0.045937,2.3138,0.18117
-0.67638,-4.6411,-2.7092,-0.74602,-0.14937,0.037708,1.4179,0.26821
-0.6696,0.39087,-1.4841,0.72209,-0.40787,-0.074771,1.7961,0.21958
-0.57028,0.13861,-1.677,-0.13768,-1.3016,-0.0057511,-0.36987,0.18516
-0.5172,0.62383,1.8208,-0.50437,1.1863,-0.050346,-0.4459,0.16109
-0.79474,1.4908,1.8689,0.60674,0.31085,-0.053805,-0.24332,0.051306
-0.66395,-0.042523,0.28556,0.52996,-0.45181,0.052064,-1.0732,-0.016816
-0.99313,1.4646,0.55341,-0.16497,2.9609,-0.018195,0.53611,-0.0909
-0.6628,1.1486,1.5913,0.21328,1.3113,0.051005,0.3491,-0.13977
-0.58073,-0.62049,1.3628,1.2269,-4.9536,-0.03162,-1.4595,-0.1168
-0.63497,0.85518,0.17883,0.45067,6.1953,-0.11416,-0.60308,-0.11826
-0.64034,3.1832,1.2677,-0.40987,-8.3774,0.043099,0.02423,-0.091095
4.4672,-6.0063,-3.2179,-0.86586,-0.8465,-0.033616,0.31282,-0.037527
4.449,-2.194,-2.8879,-0.82911,-1.5912,0.041572,-0.34148,0.11183
4.382,0.78091,-2.5994,-0.46117,-1.5708,-0.024927,-0.90476,0.11064
-0.70942,-2.8535,-3.1542,-0.42359,5.6389,0.14057,0.043817,0.049237
-0.91489,3.5463,-0.41913,-0.57824,-3.8725,0.025322,1.6087,0.13155
-0.71294,-0.61957,-0.54528,-0.36289,0.63532,-0.080938,0.20659,0.1702
-0.67833,-1.2444,-1.6126,-0.18807,0.15765,0.060683,0.67498,0.082483
-0.6863,3.7064,0.17698,-0.045703,0.58378,-0.011931,2.2261,-0.021294
-0.40219,-1.1533,-0.85324,-0.21824,-0.62089,0.0038046,0.51068,-0.08209
-0.61747,0.99938,2.2649,0.85731,1.081,0.015202,1.0129,-0.14515
-0.6724,0.24371,-0.37783,0.62472,0.26683,-0.030336,-0.59908,-0.13405
-0.67037,-0.26743,2.2236,-0.23418,-0.3721,-0.016102,-0.70698,-0.12527
-0.93391,-0.67651,3.0738,-0.40212,2.7626,-0.09265,-3.5266,-0.083623
-0.70304,-0.83156,0.7984,-0.30965,-2.3644,0.065374,-1.5217,-0.029885
-0.63689,-1.4861,-0.86909,-0.5867,2.8523,0.027017,1.3441,-0.034923
-0.64081,1.1118,-0.38141,-1.4642,7.792,0.49181,-0.096764,-0.0017507
-0.45478,3.3709,-1.6355,0.43221,-6.0241,-0.0057767,-0.75938,0.14744
4.4792,-8.6716,-2.1332,-2.4157,5.9486,0.031483,-1.6506,0.070168
4.4334,4.4067,-0.15072,0.12389,-5.533,0.05947,-0.50801,0.18945
4.3414,0.92911,-0.068092,0.36843,0.071236,-0.0072207,0.52365,0.094895
-0.6928,1.0226,-1.6451,-1.2749,1.4581,0.0034773,-0.37278,0.013363
-0.82949,3.479,-1.7409,0.71306,-3.0113,-0.0311,0.38216,-0.044975
-0.71054,-3.2222,0.32455,0.23305,3.8621,-0.15067,-1.026,-0.14753
-0.67866,-1.268,1.2944,0.38965,-0.0098343,-0.011212,0.77546,-0.16391
-0.66978,1.0055,0.1571,1.8417,-1.5566,-0.0018043,1.714,-0.073231
-0.46104,-4.1123,0.36011,0.87557,1.7796,-0.0058473,-0.80159,-0.13033
-0.62356,0.042665,-0.85148,0.0054294,1.3914,-0.047176,1.0608,-0.053006
-0.67394,-2.303,1.5442,-0.072108,-2.1765,-0.021166,-0.049653,-0.0075432
-0.67107,1.8795,-0.62253,-0.019357,3.4855,0.012128,0.71924,0.08039
-0.86283,-0.20956,-0.0055993,-0.7892,3.9237,-0.068489,0.045198,0.17375
-0.69072,-0.40102,1.6504,-0.026794,-2.9773,0.025509,-3.3804,0.1969
-0.63673,1.1477,1.7099,1.0674,0.19785,-0.01815,-2.0618,0.054957
-0.63902,2.3757,0.98929,-1.0611,2.7082,0.096736,2.6027,0.023731
-0.32289,-0.1169,2.5018,-0.26654,-3.1566,0.046564,-1.0844,0.051963
4.4399,0.14528,-0.82224,-0.0015587,7.3517,0.34842,-0.62189,-0.010488
4.4017,4.5947,-0.40309,1.0257,-4.9292,0.015972,-0.91485,-0.17742
-1.1169,-2.7601,0.62806,-1.3221,5.3673,-0.18722,-0.74192,-0.14624
-0.74141,0.84553,-1.0892,0.13727,-6.533,0.046096,2.7055,-0.1489
-0.8095,0.89316,0.74305,-0.12817,-0.64093,-0.0040633,2.7188,-0.10017
-0.61327,-3.9455,-1.7234,-0.13325,2.192,-0.020255,2.4761,0.0040903
-0.68018,-1.1458,-0.1568,1.5618,-0.57866,0.017159,1.1726,0.11785
-0.40884,-3.3752,0.19664,1.3514,-1.0988,-0.026582,1.4266,0.25
-0.45334,0.088839,-0.96964,-0.37854,2.2322,-0.035676,1.464,0.14277
-0.64106,1.0718,0.013538,0.10982,1.7235,-0.076575,-0.42632,0.26103
-0.67507,-0.77254,0.73373,0.23415,0.41646,0.024097,-1.1152,0.1205
-0.75225,2.696,-1.838,-0.36671,3.3422,0.0101,1.8531,0.034805
-0.76709,1.7349,0.11339,-0.33278,0.0048023,0.0089001,-1.0005,0.050186
-0.74011,1.4545,0.21087,-0.014983,-2.7355,-0.11061,-2.2906,-0.025529
-0.64661,2.3434,-0.23367,-0.47699,5.8092,-0.019947,-0.9015,-0.063983
-0.63314,2.1174,2.4215,-0.85166,-6.998,0.028717,0.030543,-0.068291
-0.50442,-6.5957,-1.1707,-1.1958,-0.095907,0.0319,-0.27234,-0.17511
4.4454,3.302,0.14389,-0.81188,1.1723,0.041,1.3963,-0.12186
4.4306,1.3778,1.2219,1.0065,-1.9599,-0.052939,-1.4435,0.03276
-0.65296,-4.4534,-2.3472,-0.74072,7.2491,0.33875,1.0908,-0.025139
-0.78448,2.1407,-0.41811,-0.5602,-5.149,0.03183,-1.9571,0.048653
-0.70885,-2.6954,-2.4458,-1.2426,1.1209,-0.11699,1.0762,0.068586
-0.68161,-2.5518,-1.6222,0.49574,-0.49586,0.034191,-0.17765,0.25222
-0.67483,2.1712,-1.2309,0.17527,0.8466,-0.024144,1.5962,0.1499
-0.51886,-2.8299,-2.5059,-0.85239,-0.6791,-0.012066,1.4868,0.20987
-0.58482,2.6158,1.2674,0.95418,0.22826,0.049266,1.6227,0.089516
-0.67698,0.88752,-0.8934,1.26,1.2471,0.006731,-0.12734,-0.010658
-0.6716,1.4595,1.2824,0.8285,-1.4818,-0.017572,-1.9888,-0.088491
-0.7804,1.4164,1.1729,0.079819,1.6427,-0.073347,-0.77052,-0.14561
-0.71219,0.32027,-0.55467,0.059067,-1.6724,0.047546,-3.8111,-0.15325
-0.57048,-2.0613,3.3904,0.080841,0.061634,-0.061391,-0.41885,-0.13975
-0.64066,0.64538,0.27378,-0.47342,6.5763,0.30403,-1.3896,-0.089903
-0.63425,1.1337,0.37092,-0.29318,-5.7202,0.047668,-1.7251,-0.060356
-0.49147,-4.9671,-1.0487,-0.12925,5.4943,0.067915,-1.1793,0.10256
4.4666,3.9692,-0.38176,0.18259,-5.0909,0.021575,0.62707,0.013631
4.4441,-0.42125,-1.2135,1.6098,0.56772,-0.0036975,0.073936,0.33102
-0.69744,-0.44199,-0.36786,-0.67036,1.3962,-0.012021,-0.28586,0.057025
-0.83511,3.2651,-2.6953,0.42324,-2.916,0.0098627,0.73638,0.20948
-0.69869,-3.8505,-0.26878,-0.9986,5.5632,0.064585,-1.3931,0.040208
-0.68475,2.1794,-0.91384,-0.40743,0.22465,0.049144,0.24765,-0.013457
-0.6877,0.91848,0.3256,1.573,-2.0246,-0.066987,0.335,-0.064932
-0.3173,-3.1062,1.5424,0.77532,-1.5262,-0.033686,-2.3524,-0.17053
-0.62628,1.6546,1.0693,0.34961,2.1693,-0.055217,1.4286,-0.17876
-0.66627,-2.1717,1.5096,-0.23537,-1.2344,0.058924,0.9381,-0.17187
-0.6692,0.61117,0.53053,0.086615,0.79818,-0.080168,-0.089283,-0.14549
-0.90961,-1.3897,1.3073,0.24417,1.0841,-0.09095,1.8191,-0.03429
-0.72404,-0.58935,1.6764,0.05766,-2.9497,0.0015905,-1.0834,0.030667
-0.64438,-0.82299,-0.49683,0.32499,1.6511,0.0086177,1.4757,0.080876
-0.6451,1.1403,-0.46557,-1.28,0.83467,-0.015807,-0.079387,0.030886
-0.28403,-2.4693,0.46798,-0.65904,-3.0255,-0.038865,-0.95956,0.055516
-0.53823,1.7915,-1.4091,-0.26736,7.087,0.27882,-2.3239,0.24277
4.4433,5.0424,0.70493,0.61348,-5.5452,-0.059799,-2.0299,0.06143
4.4062,-3.8627,-1.573,-2.443,4.9225,-0.14746,0.80112,0.055735
-0.84596,0.42605,-0.92041,-0.73281,-6.4422,0.036521,0.25322,-0.013506
-0.79306,2.7506,0.79089,1.1735,-0.71738,-0.027802,1.3928,-0.16182
-0.72043,-1.4947,-0.73054,0.047853,2.6031,0.0038046,2.079,-0.11728
-0.6865,-0.38754,-1.0174,1.6749,-1.6558,-0.044115,-0.018315,-0.15374
-0.68213,-1.0847,-0.50369,0.084547,0.55216,-0.0013615,0.54619,-0.040375
-0.45037,0.427,0.11166,-0.7077,0.72453,0.0083482,1.7193,-0.0061072
-0.64679,0.28042,1.0653,1.0266,0.64987,-0.056263,-1.2925,-0.019493
-0.67322,-2.0203,-2.9296,-0.95323,0.028861,0.025624,-6.0975,0.12534
-0.66512,1.9493,1.6617,0.44626,-0.24514,-0.010173,0.57293,0.053618
-0.93116,0.29815,2.1479,0.20027,-1.6916,-0.015993,-1.2816,0.20675
-0.71189,0.76194,-0.83317,0.027743,-1.9682,-0.028546,-2.5044,0.17587
-0.64552,1.7477,-0.18775,-0.090118,4.2871,-0.1973,-0.74459,0.10492
-0.64517,1.6637,0.94494,-0.36057,-7.7727,-0.01394,-0.5325,-0.0060585
-0.4229,-2.0139,-1.1596,-0.042485,-1.5783,0.002136,0.0088242,-0.015015
-0.59469,4.0992,0.076763,-1.8496,4.8344,0.12767,-0.26525,-0.13938
4.4274,4.382,1.5801,1.9309,-4.1737,-0.033635,-1.495,-0.10424
4.3998,-6.9535,1.1062,-0.91048,7.0304,0.17319,0.36625,-0.15581
-1.0303,1.2546,0.914,-0.74701,-6.1189,0.007546,-2.3328,-0.15374
-0.76125,-3.951,-1.8372,-0.36722,1.4241,-0.1032,0.97657,-0.074205
-0.68196,0.58243,-0.75988,0.19863,-3.1463,0.043099,0.71607,-0.069386
-0.68577,-2.0105,0.50825,1.0639,-2.7312,0.011044,1.2917,0.33506
-0.12056,-5.9744,0.68272,0.3981,-1.353,0.0051908,0.57988,0.35777
-0.51987,1.7367,0.32793,0.64521,-1.5203,-0.012637,-0.79392,0.36149
-0.66964,0.94765,-1.4252,0.023625,1.5026,0.024809,1.5191,0.2004
-0.67157,-0.74492,1.6014,1.0877,-3.4823,-0.020851,-0.50532,0.18178
-0.90034,2.0601,0.33629,0.49674,-1.1494,0.035141,-1.966,0.038017
-0.86496,1.1646,-0.89234,0.90352,-0.98621,0.057179,-1.5514,-0.0091008
-0.7244,0.17561,3.1795,0.31513,0.085731,0.01741,-1.4454,-0.093748
-0.65054,1.5752,1.8037,0.13771,4.8467,0.08978,-0.84456,-0.12875
-0.63778,-0.68717,1.7155,0.14734,-5.9235,0.036476,-2.7308,-0.062863
-0.4837,0.21578,0.7733,-1.017,3.6673,-0.25799,-0.87401,-0.15321
-0.65587,1.8394,-0.015711,-0.25099,-5.6858,0.032221,-0.33291,-0.037187
4.4463,0.80881,-2.9947,0.12426,-0.85544,0.012917,0.35606,-0.05948
4.4249,-4.7991,-2.7391,-2.0215,3.4087,0.026734,1.904,0.0087389
-0.95021,2.1484,-3.9713,0.58597,-4.1064,0.016524,0.32028,0.12846
-0.75536,-4.4385,-1.8722,-1.1857,5.9056,-0.055532,-2.2317,0.26137
-0.68908,2.2655,-2.2782,0.38877,-3.9474,0.055369,0.34991,0.063134
-0.67984,0.14094,-0.24841,1.3551,-3.1377,-0.07325,1.0542,0.21186
-0.66443,-2.2502,-1.0169,-0.12111,-2.0938,0.014515,-2.548,0.15129
-0.6821,2.8052,1.5654,0.12021,0.99331,-0.035798,0.64909,0.0021433
-0.67932,-1.1161,3.9393,0.84145,0.40415,0.044119,-1.0055,-0.049112
-0.66869,0.66598,3.0683,1.4392,0.78481,-0.009685,0.58761,-0.14476
-0.84657,1.167,0.071322,0.42649,1.4958,-0.078622,-1.639,-0.17136
-0.75914,0.47252,4.7143,0.30434,-1.635,-0.079206,-0.24429,-0.16452
-0.59726,-1.0214,-0.86766,0.73913,1.6219,-0.071441,2.0074,-0.11178
-0.64451,-1.2929,1.338,-0.67887,-1.0403,0.066202,-1.3507,-0.040813
-0.57135,-3.7937,2.2711,0.52138,-1.8757,-0.0021894,-2.6257,-0.0081759
-0.41413,0.79191,-0.077902,-0.76504,6.4241,0.065201,-4.372,0.067807
-0.67907,2.0388,-0.10048,0.76693,-7.5224,-0.019247,-0.25665,0.18864
4.4529,-7.558,-1.223,-2.0006,3.8538,-0.12989,-0.77186,0.056685
4.4144,2.6877,0.42559,0.06908,-5.6739,0.031066,0.53608,0.058778
-0.89557,4.8229,1.3961,0.18787,-0.7501,-0.024946,1.8822,0.1103
-0.68452,-1.6057,-0.41368,-0.69692,4.014,0.00094237,2.4575,0.023853
-0.69072,2.7505,-1.1149,1.296,-3.7837,0.035943,-0.035724,-0.049794
-0.69191,-2.107,0.10223,-0.5874,2.3671,-0.16648,-0.26312,-0.11366
-0.45458,1.8982,0.42858,-0.35957,-0.55208,-0.018689,1.9212,-0.2252
-0.65653,1.7611,1.8484,1.6412,-0.6745,-0.042761,0.092482,-0.19456
-0.677,-2.6383,-0.73842,0.33601,-2.3608,-0.025087,-6.8046,-0.15603
-0.67612,0.69877,0.11044,-0.18468,2.6015,0.029398,2.6364,-0.093261
-0.80824,-1.5394,0.12239,0.64006,-2.0004,-0.038711,0.0036803,0.075206
-0.72423,-0.61521,-2.143,-0.27271,-0.39523,-0.060216,-2.0754,0.15109
-0.64784,-0.32406,-0.48723,-0.31184,2.7655,-0.10491,-1.3293,0.17979
-0.6492,-0.87589,0.13817,0.17208,-5.6544,0.053091,-2.0771,0.10444
-0.4705,0.4107,-1.3031,0.69262,0.63068,-0.019613,0.67446,0.17969
-0.59644,3.2936,-0.81918,-1.3554,5.4597,0.20023,0.10318,0.1298
-0.64751,3.0875,2.3072,0.61115,-3.854,0.012937,-0.97263,0.056587
4.4284,-5.3094,1.1862,-0.019209,7.686,0.23558,-2.043,-0.043782
4.3896,3.4969,-0.11761,0.29911,-4.1294,0.047752,-1.6853,-0.11205
-0.70804,-1.5914,-1.8859,-0.15951,2.5049,-0.17045,-0.27111,-0.16153
-0.70134,-0.56639,-1.8813,-0.12579,-4.5855,0.020522,-1.0241,-0.14856
-0.68717,-0.24693,0.39559,-0.046108,-2.2521,0.048913,0.27861,-0.097764
-0.68122,-4.2605,-1.5799,-0.29245,2.9665,-0.031306,-0.74006,-0.13296
-0.47098,0.41457,-1.4585,0.29459,-0.46175,-0.062135,-0.21607,-0.004793
-0.72497,-2.7876,-0.59597,0.55646,0.68707,-0.045353,-0.3971,0.20906
-0.68346,-1.8989,1.9565,0.25826,0.52175,-0.0041916,-1.906,0.099203
-0.67761,2.0719,2.412,1.5667,0.39991,-0.070112,-2.8849,0.021881
-0.74817,-0.21573,-0.98034,0.3386,-3.2424,-0.00098929,-2.5215,0.17584
-0.64994,1.2541,3.1683,-0.022035,2.4392,-0.085649,0.22841,0.16423
-0.64749,1.1668,0.80802,-0.036544,2.2984,-0.011097,-0.41368,0.062209
-0.64685,-0.4448,2.2202,-0.46003,-1.8233,-0.0026193,-1.524,-0.030348
-0.39094,1.9996,1.386,-0.33857,4.4855,-0.12747,-1.5014,-0.093286
-0.64673,3.366,1.2625,-0.24404,-5.0649,0.067832,-0.0050406,-0.14074
-0.64056,-3.5203,-2.8214,-0.7238,-0.4629,0.022338,0.2021,-0.17168
4.4285,-1.1017,-3.7697,-1.1391,4.2516,0.022768,2.294,-0.11733
4.4103,2.4554,-2.195,1.1786,-3.242,-0.0015925,-0.7194,-0.075202
-0.82919,-5.7199,-1.6448,-0.89699,6.713,0.17194,-0.38371,-0.023679
-0.68581,0.89807,-2.2291,-0.24596,-5.0566,0.067396,0.46146,0.094749
-0.6906,-0.46384,0.05462,0.13953,-1.8921,-0.090886,0.33676,0.033393
-0.38911,-0.5504,-0.76567,0.67545,-0.48429,0.033177,0.15178,0.1325
-0.46981,3.1203,0.81264,0.88666,2.1392,-0.05419,-0.027729,0.29079
-0.7121,-3.0508,-1.869,-0.050983,-0.54808,0.024559,-0.51453,0.28911
-0.6829,1.9067,0.28577,0.37098,1.6157,-0.0057447,1.4905,0.038601
-0.73336,2.6899,-0.36883,0.4573,2.1812,-0.053189,1.3584,0.0073273
-0.80297,1.1778,3.3798,-0.56771,0.22634,-0.023149,-1.8577,-0.081263
-0.72399,1.0816,0.53905,0.93681,3.2055,-0.0069832,0.74346,-0.16182
-0.65496,0.071481,2.4908,-0.21284,-0.85814,0.066497,0.55936,-0.14688
-0.64371,-0.83954,3.2894,-0.41413,0.69003,0.019476,-1.348,-0.088929
-0.45139,0.088647,-0.96148,-0.16469,6.958,0.31573,-1.6531,-0.11818
-0.62356,-1.0195,0.18929,-0.29701,-6.7629,0.0068015,-2.6441,-0.042468
-0.64819,-9.3114,-0.30367,-1.5999,4.7068,-0.007933,-1.5428,0.036971
4.4477,3.9043,-0.081705,-0.059178,-3.6109,0.015857,0.93263,-0.013871
4.4275,2.2922,-0.56177,2.0294,0.61414,-0.0087352,0.86618,0.22092
-0.71577,-2.4049,-1.3865,-1.4761,3.2986,0.054426,3.1206,0.19965
-0.69327,2.5331,-0.51119,0.99706,-2.8595,0.0075524,0.54644,0.11419
-0.68078,-2.0138,-1.0535,0.075837,5.8194,0.10684,-0.61108,0.028087
-0.55549,2.0972,-0.29745,0.4282,0.77076,-0.019741,1.5448,0.0017783
-0.65965,0.97941,-0.90742,1.509,0.28635,-0.047843,3.7807,-0.054345
-0.68441,-3.8008,1.022,0.23547,-1.8637,0.058642,1.0767,-0.18282
-0.68324,1.402,1.4846,-0.70182,3.1055,-0.041452,2.4662,-0.16058
-0.76358,-0.31784,0.54557,0.27127,-1.0255,-0.018592,0.45262,-0.1241
-0.7558,0.36163,-0.91987,0.70888,2.4226,0.015549,0.2416,-0.10733
-0.64575,0.45057,-1.2485,-0.35787,2.6721,-0.074701,1.3248,-0.019858
-0.64791,-2.3378,0.29853,0.73553,-4.1971,-0.027352,-2.4766,0.070873
-0.40331,1.2641,-0.15199,-0.01416,2.2425,0.031759,0.58103,-0.0037951
-0.49932,0.95562,-0.73135,-1.5081,4.8828,0.18514,2.8794,0.17684
-0.60052,-1.218,-0.27111,0.75612,-2.6851,0.048265,-1.4933,0.18945
-0.64915,-3.3609,-1.7233,1.0033,7.9636,0.26495,-1.8579,0.1883
4.4324,5.1896,0.8723,-0.68279,-4.7063,0.036598,-1.1954,0.088567
4.3957,-1.02,0.1047,-0.05562,3.2459,-0.13284,2.6972,0.046998
-0.69335,2.9315,0.54795,-0.46909,-4.4263,0.055729,0.14205,-0.038039
-0.69443,1.1718,0.69433,-0.074112,-1.0649,-0.027943,0.74046,-0.10721
-0.69483,-2.5852,-2.2096,0.082748,4.8308,0.10507,1.0508,-0.071795
-0.50177,2.4672,-0.072435,0.25586,-1.4004,0.0020911,0.26941,-0.1764
-0.64804,-2.8957,-0.32825,-0.35324,1.0088,-0.022411,1.4019,-0.11587
-0.6836,-2.1468,0.99817,1.2476,0.16348,-0.028212,1.5057,-0.054394
-0.67974,0.48837,0.49147,1.3305,-0.65578,-0.097085,-0.25528,-0.012143
-0.83626,-1.7968,-0.30343,0.56374,-0.85589,-0.027981,-2.7243,-0.0119
-0.76287,0.10317,1.3882,0.72829,2.0226,-0.047959,-0.74589,0.26407
-0.65658,0.44509,0.60143,-0.3397,-0.83139,0.0028419,-0.96742,0.17292
-0.65081,0.24854,0.10731,-0.11941,-1.088,0.019816,-0.51394,0.14729
-0.28491,2.3842,0.8928,-0.32515,2.0207,-0.23228,-0.64075,0.059994
-0.56362,2.3115,1.8603,0.071842,-3.8641,0.073531,-0.49143,0.027406
-0.64141,-2.3949,-0.22247,-0.083765,0.36343,0.040487,0.23052,-0.028717
-0.63536,2.9547,-0.25263,-0.97641,6.6748,0.43794,2.6623,-0.10309
4.4136,4.7411,-1.095,2.1289,-3.4942,0.035693,-0.98097,-0.16058
4.3853,-8.0007,-0.50168,-1.618,6.5655,0.19628,-1.6779,-0.17309
-0.68163,2.0051,-0.79489,-0.66536,-4.5354,0.036636,0.030954,-0.14736
-0.69341,-1.3801,-0.43046,0.73205,0.45589,-0.011681,1.2803,-0.064226
-0.68037,-2.1449,-0.73473,-0.17819,-1.3735,0.037297,-0.48881,-0.0019941
-0.51882,1.8174,-0.073276,-0.061998,2.6354,0.004196,1.0962,0.15479
-0.61988,-3.7432,-2.5859,-0.081479,1.255,-0.0062516,1.4656,0.20527
-0.68411,-0.15244,0.13401,-0.58178,0.25622,-0.0012973,-1.0448,0.19329
-0.67767,1.2556,0.19489,-0.027796,3.5325,-0.064728,4.1579,0.043104
-0.81016,1.1431,0.37574,0.017434,0.90067,-0.026634,-0.82109,0.068999
-0.62705,1.5176,0.78046,-0.18691,2.974,-0.066583,2.1983,0.14233
-0.65353,0.43532,1.4328,-0.56675,-0.38761,0.012372,0.89587,-0.018617
-0.65217,1.1702,2.9182,1.0686,-1.1055,0.00020436,0.52736,-0.072817
-0.3754,0.97958,1.3251,0.16352,5.5855,0.071599,-1.1737,-0.086301
-0.6176,0.54957,1.9344,-1.1307,-7.0021,0.0067053,-0.089064,-0.14556
-0.6393,-5.6523,-0.089542,-1.6827,2.7077,-0.024843,0.90711,-0.14758
4.3946,2.7114,-1.0312,-1.3816,-2.9694,0.027017,-0.95424,-0.09825
4.4293,2.322,-0.72754,1.0855,-0.7002,-0.043107,0.64151,-0.02677
4.4071,-4.7547,-2.1163,-1.9395,6.1363,0.35783,1.3114,0.043493
-0.69525,2.3905,0.76279,0.41478,-2.8311,-0.0022471,0.61958,0.12911
-0.69895,-3.5368,-0.8764,-1.5842,4.2217,-0.17037,0.46444,0.16156
-0.46489,1.0577,-1.7423,0.57314,-1.9122,-0.017989,1.5973,0.1719
-0.65089,2.4245,-1.3697,1.0765,-0.41049,0.014734,2.945,0.22454
-0.68579,-3.0767,-0.67376,-0.11688,-0.8479,-0.023547,0.40761,0.14087
-0.68471,3.3009,0.98317,0.89984,1.3369,-0.00226,2.0363,0.02507
-0.86667,0.81485,0.4481,1.3334,1.2917,0.027261,1.1672,-0.065102
-0.74447,1.2815,0.66217,-0.20549,-1.7218,-0.0061939,-0.19731,-0.092312
-0.72718,0.091659,1.4905,0.20459,1.7284,-0.02157,0.70628,-0.17749
-0.66316,-1.0701,3.8045,0.44168,-1.9755,0.034666,-2.5097,-0.18499
-0.64796,-0.072809,-0.97872,-0.80935,3.3584,0.037208,1.9161,-0.090608
-0.51625,1.3322,1.5783,-0.34198,4.3954,0.13273,1.3373,-0.12682
-0.61296,0.050372,-0.71871,0.6358,-4.419,0.009991,-1.2686,-0.043612
-0.65153,-0.7883,-2.059,0.24602,6.9136,0.048188,-0.99515,0.067661
4.4285,4.4684,0.52132,-0.45563,-5.5943,-0.044481,-0.62478,0.043712
4.4367,-3.5158,-1.2461,0.20374,1.3889,-0.085206,3.3028,0.24762
4.401,1.8746,-0.62606,-0.42641,-3.069,0.043246,0.80963,0.22092
-0.70784,-0.10184,-0.66709,0.25587,-0.28318,0.017955,0.49016,0.12038
-0.69332,-3.0284,-1.7329,-1.0875,4.6265,0.08849,1.1252,0.012463
-0.62076,3.7684,0.049333,-0.6046,-0.7182,0.02443,0.67975,-0.045437
-0.64948,0.56615,0.62636,-0.18334,1.673,-0.085174,3.6037,-0.16094
-0.68199,-2.069,0.33789,0.66048,-0.69148,-0.025934,0.0094536,-0.18942
-0.68299,1.4385,0.44231,0.80981,0.50944,-0.1169,0.82897,-0.17058
-0.95038,-2.2228,-0.54373,0.50297,-0.64959,0.030874,0.63054,-0.14016
-0.72051,0.93792,1.8187,0.50779,2.3053,-0.01299,1.0628,-0.10733
-0.6591,-1.4291,-0.44308,-0.32547,0.57943,-0.00049515,-0.2586,0.022514
-0.65992,-1.0679,-0.95587,0.24706,-0.81166,-0.044769,-0.82386,0.15983
-0.43982,0.55201,0.81092,-0.33679,0.93169,-0.1752,-3.0912,0.13211
-0.58488,0.72899,1.204,0.25845,-3.2186,0.0081235,-1.119,0.042057
-0.65365,-0.392,-0.70462,0.43616,0.24481,0.060959,0.32203,0.05778
-0.65522,2.5641,0.43703,-0.67038,7.1528,0.45193,1.2426,0.12948
4.5484,6.1353,0.39633,1.6119,-4.6395,-0.050295,-1.5614,0.070947
4.4038,-6.3861,1.4432,-2.6796,6.4217,-0.0044483,-2.0318,-0.027306
4.3672,3.8176,0.042016,-0.91331,-4.4953,0.014535,0.43923,-0.1036
-0.70932,-0.49874,0.057202,0.28036,0.40656,-0.032525,1.8389,-0.14917
-0.70779,0.48633,-0.28984,-0.36495,-1.2965,0.053932,-1.7119,-0.078074
-0.50439,1.0863,-2.5543,0.82899,0.79896,2.467e-05,0.026966,-0.13936
-0.70787,-3.2072,-2.1523,0.3866,0.67412,-0.033558,0.18416,-0.032562
-0.693,-1.5106,-1.1256,-0.26476,-0.85066,-0.050513,-0.48287,0.091901
-0.68948,-0.30364,0.8564,0.11933,0.53785,-0.082479,3.4049,-0.0062289
-0.78541,-2.0867,0.67189,0.10189,-0.5326,-0.056725,-0.012766,0.16209
-0.7544,1.5027,-0.73414,0.76076,1.3496,-0.0092935,-0.024589,0.051403
-0.66891,-0.31229,0.16352,-0.33367,-0.47866,-0.0069255,1.7997,0.19176
-0.65736,1.32,1.4059,-0.377,-0.83562,-0.07574,-0.45534,0.08443
-0.3491,2.161,0.67008,0.63499,3.9805,-0.073847,1.4019,0.0846
-0.6495,-0.6764,3.8841,0.026644,-6.0571,-0.019979,0.52815,-0.0094415
-0.65342,-0.54016,0.69847,0.25959,1.2033,-0.04398,0.27179,-0.054637
-0.65068,2.5801,1.0656,-0.53831,-1.0985,0.048817,-0.13496,-0.13169
4.4341,1.5719,1.1795,-0.81592,-0.89153,0.055433,0.33597,-0.10448
4.4088,-4.9651,-1.3953,-1.7639,6.3735,0.35643,2.2691,-0.14671
4.3913,1.2101,-0.52346,0.58382,-4.6573,0.02357,-1.3716,-0.097934
-0.70674,-6.5589,-1.4011,-1.0486,4.5803,-0.17165,-1.7555,0.0074246
-0.69232,2.3182,-2.9768,0.12931,-4.218,0.048496,2.3011,0.046682
-0.55041,0.55601,-0.41256,0.7276,-1.5568,-0.075432,2.0611,0.18791
-0.76028,-4.3522,-3.0669,-0.46159,-1.4981,-0.0031071,1.5169,0.31216
-0.69949,2.3147,0.99326,0.8864,0.47341,0.023718,2.7728,0.30571
-1.0244,-0.59207,0.59282,1.3287,0.50292,-0.012156,-0.29768,0.10784
-0.81796,1.4791,0.94089,0.63128,-1.1088,-0.039366,2.906,0.10848
-0.64709,1.9899,0.62897,1.113,0.85138,-0.21289,1.2478,0.0051369
-0.66572,-0.46273,4.7284,1.2483,-2.2396,0.037009,-0.14273,-0.082504
-0.66468,0.98267,0.47584,0.12084,2.967,-0.066159,1.8438,-0.074935
-0.46466,1.1262,2.5744,-0.74965,3.1334,-0.023194,0.18944,-0.15269
-0.64647,-1.4621,-1.8076,0.21342,-2.2683,0.0068144,-1.5835,-0.12828
-0.65671,1.9664,-1.905,-0.086367,6.2676,-0.047028,-2.0409,-0.14116
-0.65641,2.9211,1.4632,-0.027976,-6.2496,-0.0098839,-1.3749,-0.082358
4.5329,-7.7231,-0.50094,-2.4697,0.4657,-0.041888,0.32267,-0.044585
4.4421,0.86124,-0.66005,-0.74396,-3.6744,0.062826,-0.21279,0.16976
4.3803,1.8349,0.19524,0.39247,-0.87113,0.052045,0.46029,0.14304
-0.70883,-2.6652,-2.9257,-1.3198,4.8224,0.18126,1.6298,0.14369
-0.42612,4.7421,0.010043,-0.015811,-3.3773,0.013752,0.29772,0.11741
-0.59643,-0.66738,-0.17174,-0.20452,1.6184,-0.11032,1.5304,0.13191
-0.7018,-1.0341,-0.30615,0.79445,-1.258,0.02006,1.125,0.03186
-0.69518,2.6375,0.52132,1.1726,0.029073,-0.010429,3.6272,-0.049502
-0.88197,-0.67682,-0.85064,-0.48708,1.2143,-0.0049168,0.67252,-0.10339
-0.83425,1.3255,0.30969,-0.4038,1.6524,-0.051797,2.2356,-0.17248
-0.71487,-0.097334,-1.6831,0.72742,-1.0342,0.021209,-1.1482,-0.13201
-0.66835,-0.60238,-0.64063,-0.23452,0.63662,-0.074033,1.0214,-0.07917
-0.65126,-0.4375,1.9043,0.0068168,2.3749,-0.081792,-1.2224,-0.073669
-0.34083,-0.34143,-0.27946,0.40782,-2.97,0.0592,-0.86077,-0.012824
-0.69591,-2.8315,0.46681,-0.080329,1.6462,0.025143,-0.24959,-0.011729
-0.66084,2.5187,-0.36351,-0.74873,6.7489,0.45061,0.20856,0.034975
-0.66563,3.053,0.14075,0.82467,-3.7801,0.022178,-0.59534,0.045781
4.4455,-7.1385,-2.6384,-1.2343,5.9151,0.11494,1.2521,0.059337
4.4219,3.0817,-1.2652,-0.46337,-5.2734,0.0061213,0.61074,0.19049
4.7169,3.1928,-1.1312,0.36651,1.4998,-0.055499,0.91491,0.032809
-0.69775,1.442,1.5525,-1.1944,-0.97475,0.06814,2.5453,-0.047457
-0.5365,1.6358,-3.0081,0.52991,0.0187,0.037907,1.3482,-0.079267
-0.57627,-3.2185,0.18573,-0.2356,4.2277,0.063808,1.2096,-0.15858
-0.69907,1.0515,0.74541,-1.301,1.7924,0.057525,2.4918,-0.17998
-0.69477,0.41366,-0.47366,0.37374,1.2698,-0.014569,1.4325,-0.14578
-0.85855,-4.1468,1.3056,0.20257,-3.0423,-0.032608,2.191,-0.1276
-0.73086,0.17394,0.9485,0.92238,2.4543,-0.012329,2.4853,0.028063
-0.6581,-2.5414,4.2524,0.78415,-0.25371,0.017512,0.32721,0.0056236
-0.6599,0.0012305,3.4769,0.21583,1.1943,-0.073584,-1.2596,0.2031
-0.5312,-0.10004,-0.94588,0.061347,4.1932,0.043689,2.1438,0.18718
-0.50013,-0.23258,3.3476,-0.089495,-4.3474,-0.0076378,0.35771,0.18718
-0.709,0.49736,-0.48987,-0.01285,1.4256,-0.031203,2.0514,0.057755
-0.65917,2.9081,-0.3564,-1.3178,2.7457,-0.015936,3.0664,0.041619
-0.73218,-0.31699,2.4419,-1.0475,-2.5749,-0.0067843,-0.35813,0.0036036
4.4274,-0.66856,-0.38618,0.96812,7.7149,0.37368,-0.34702,-0.048066
4.3945,3.7995,0.12366,0.0061231,-5.7843,0.00024286,-1.0152,-0.24099
-0.66008,-2.7384,-0.20208,-0.87742,4.9806,-0.11195,-1.7165,-0.13907
-0.71409,-0.048399,-2.36,0.53994,-4.5023,0.061658,-0.054964,-0.091606
-0.46841,1.0752,0.4416,0.77104,-1.4138,-0.041689,2.0599,-0.12471
-0.65156,-5.1349,-1.838,-1.1248,3.2739,-0.015859,0.54327,0.072261
-0.70281,1.6299,-1.0287,1.0363,-1.5291,-0.097297,2.2229,0.1562
-0.6939,0.034747,-1.601,0.47732,2.3857,-0.0378,0.078155,0.092388
-0.91,-0.85974,0.4266,-0.51566,0.37196,-0.020126,0.69314,0.15744
-0.73051,0.72981,0.12061,0.39495,-0.6398,-0.051707,-0.067628,0.22403
-0.66915,0.0016159,-0.8757,0.81967,1.5869,0.0073984,1.354,0.13143
-0.66522,2.0494,0.92968,0.32449,2.0687,-0.056879,1.6969,0.032931
-0.477,1.754,1.6863,-0.022022,0.2768,0.015484,-1.7755,0.027625
-0.55175,1.348,0.39022,-0.099964,-1.2294,0.013604,-1.3055,-0.070262
-0.65646,1.7816,-0.32266,-0.67747,4.6627,-0.09799,-0.09837,-0.076906
-0.65968,2.5148,1.5375,-0.026088,-5.2307,-0.010102,0.73225,-0.11903
-0.80194,-5.9781,-3.641,-0.9408,-1.0944,0.05585,1.1888,-0.14425
4.4424,3.4385,-1.3262,-1.4811,3.3806,-0.012926,0.99187,-0.12174
4.4268,2.0431,-0.22781,1.1332,-3.6495,-0.042799,-0.052132,-0.011851
-0.68517,-6.0162,-1.2321,-0.95798,5.8713,0.12797,0.33763,0.071969
-0.39429,2.5577,1.3106,-0.57306,-4.8138,-0.019472,-1.0787,0.18531
-0.53922,-2.3687,-0.27819,0.051925,-0.40836,-0.12245,1.4048,0.031057
-0.68221,-2.8721,-1.9476,0.62342,-1.3184,-0.038872,-0.66607,0.33586
-0.69581,3.2767,0.29524,0.40858,-0.037059,-0.039687,2.4965,0.22999
-0.77835,-0.65187,-0.27355,-0.10598,-0.068978,0.012224,-0.26247,0.11768
-0.80532,1.5754,1.0261,0.89242,-0.31559,-0.062039,0.70661,0.035097
-0.64494,0.69137,1.189,0.33213,-0.79434,-0.037845,0.91487,-0.04826
-0.66178,0.81611,1.4161,-0.35388,2.4295,-0.072474,0.33749,-0.099346
-0.66352,1.6863,1.3971,0.66515,2.9544,-0.13632,-1.0249,-0.075811
-0.53963,0.32898,-0.66334,-0.20721,-3.5258,0.0028099,-2.6999,-0.16963
-0.6,-1.2855,1.2875,0.20697,1.709,-0.0054174,-0.57934,-0.14861
-0.65308,1.1246,-0.8227,-0.5994,4.9335,0.10242,-0.59447,-0.098786
-0.64671,1.3455,-0.51442,-0.41667,-6.9515,-0.064105,-1.2705,-0.082504
-0.80492,-5.8038,-0.47613,-0.5061,4.0692,-0.16473,-3.2359,0.26463
4.4617,4.7808,1.5085,0.32857,-7.4857,-0.024792,0.55252,0.026822
4.4371,2.2226,-0.2235,1.7031,-0.074482,-0.083274,-1.5951,0.30948
-0.71094,-0.78092,0.22105,-0.92086,-0.27012,0.0089578,0.42024,0.15265
-0.38601,2.4069,-3.1728,0.38703,-4.0305,-0.075638,0.61963,0.17745
-0.60489,-3.7492,-1.3041,0.37693,5.1912,0.006962,-1.8354,0.022344
-0.69461,2.0009,-1.3631,-0.78994,-0.75989,-0.049563,0.79762,-0.054296
-0.69294,-0.44559,0.011167,1.4096,-1.9778,-0.093337,1.7514,-0.12617
-0.80494,-3.9587,-0.39114,-0.84937,-1.2244,-0.00063633,-3.2277,-0.20147
-0.78103,1.3092,0.86065,-0.38319,0.631,-0.064831,1.6711,-0.1727
-0.66952,-2.2411,1.2195,0.138,-2.6629,0.047816,0.14079,-0.13614
-0.66782,0.42971,-1.588,0.066511,0.76034,-0.094261,-0.51817,-0.075665
-0.41483,-0.98783,-0.4673,-0.05476,0.93261,-0.033404,-1.0216,-0.010804
-0.51341,-1.0261,1.3965,-0.25115,-5.5755,-0.071999,-2.8631,0.065592
-0.59373,-0.92395,-0.72651,0.50185,1.1778,-0.087972,-0.26145,0.11174
-0.65605,1.1976,-0.93538,-1.2149,-1.0386,0.0048955,-1.5923,0.052036
-0.68863,-2.5309,0.89475,-0.79352,-3.0905,0.040134,-0.98721,0.014069
-0.80711,2.2108,-0.60984,-0.16502,7.8623,0.31395,-1.5195,0.17553
4.44,5.3396,-0.75079,0.95138,-6.2398,-0.0045318,-2.7663,0.045051
4.4031,-3.9474,-1.5616,-2.1831,5.0318,-0.042729,-0.69231,-0.003065
-0.69868,1.2192,-1.7782,-0.36666,-5.8598,0.04643,0.30553,-0.049623
-0.43262,1.7072,0.65261,0.43755,-2.9275,-0.059324,1.9517,-0.18475
-0.63654,-1.9895,-1.959,-0.62304,2.5852,-0.019626,2.2291,-0.12658
-0.68787,1.6192,-0.33059,2.0537,-2.586,-0.025485,2.0511,-0.11787
-0.68516,-3.026,-1.2296,0.87011,0.70916,-0.060704,-0.28855,-0.038817
-0.88521,-0.8556,1.4342,-0.40011,-1.8002,0.016935,-0.47727,0.069705
-0.68683,-0.077516,0.76819,0.11677,-1.6935,-0.073237,-0.83365,0.045952
-0.65816,-2.5153,-1.081,1.3269,-0.68797,-0.010012,-2.1773,0.17913
-0.66057,0.056736,-0.37353,0.67893,0.88403,-0.084314,-0.095165,0.21016
-0.4889,-0.31593,1.9466,-0.29979,-3.5744,-0.010211,-1.7767,0.19517
-0.57817,1.1506,-0.52572,0.20546,0.069482,-0.028469,-0.78874,0.1491
-0.67114,2.0581,-0.28513,-0.35217,4.3056,-0.15014,0.1176,0.078004
-0.64966,0.1448,1.9571,-0.5019,-6.9835,0.04385,-1.8577,-0.00021746
-0.8324,-2.2137,-1.3626,0.059581,-0.89713,-0.026056,-0.67862,-0.042809
-0.8184,3.8695,0.60705,-1.8097,2.8238,0.030623,0.77055,-0.14844
4.4312,4.4615,3.4929,1.3227,-4.415,0.012359,-1.414,-0.11714
4.4052,-7.8057,1.1577,-1.513,5.9783,0.18638,-0.6244,-0.13495
-0.67768,2.1261,0.087556,0.10733,-4.7239,0.055337,-2.2421,-0.11568
-0.63753,-3.9086,-1.6118,0.064366,2.5567,-0.30431,-0.085629,-0.086325
-0.65494,0.12787,-0.87027,0.26287,-3.836,-0.018124,-1.0067,-0.051692
-0.69481,0.27478,-0.53024,0.96053,-1.2934,0.037041,1.0224,0.43239
-0.68148,-2.1444,-1.3108,0.38652,0.21153,-0.036825,1.0841,0.13763
-0.85004,1.3383,-0.53916,0.73878,-0.23163,-0.05453,1.3963,0.40961
-0.71822,1.1648,-0.30583,-0.012388,-0.43428,0.0099525,0.10971,0.13208
-0.66877,0.41251,3.1492,-0.49305,1.3055,0.0074561,-1.768,0.1214
-0.6605,1.7919,1.6209,0.67595,2.9844,-0.071787,-1.4385,0.0018999
-0.51759,1.2202,-1.3679,-0.54531,-2.9675,-0.027301,-3.0648,-0.054807
-0.66792,0.26176,3.5837,0.43741,1.4809,-0.030831,-1.1556,-0.13485
-0.6485,1.9314,1.1705,0.21482,4.5246,0.12166,-2.968,-0.16379
-0.64712,-0.41051,1.0206,0.15248,-6.7107,-0.0039093,-2.7673,-0.12227
-0.90903,-1.2575,1.0497,-0.68501,4.9501,-0.1529,-1.2382,-0.13468
-0.71574,2.0418,0.6173,0.098285,-7.687,-0.0023049,0.98602,0.017914
4.4561,1.2097,-0.75818,0.1106,-1.3612,0.03303,0.28225,0.019326
4.4387,-3.6931,0.064166,-1.3485,1.9402,0.024462,0.94118,0.12237
-0.64035,2.1516,-2.1641,0.36597,-2.379,0.0061983,-0.73,0.11916
-0.59439,-4.5246,-1.9589,-0.74233,6.3553,0.11428,-0.98712,0.21099
-0.71521,2.9134,-2.0659,-1.0561,-2.1904,0.018218,-0.85196,0.090368
-0.68917,-0.38849,-1.0234,0.76196,-1.3998,-0.033564,1.0526,0.25845
-0.95385,-1.7567,0.034461,-0.59595,-0.95799,0.028461,0.65587,0.048142
-0.76672,3.3428,1.1691,-0.39242,1.6502,0.034429,0.26246,-0.049331
-0.64873,-1.3667,-1.0046,-0.0058749,-1.2676,0.044158,-0.13835,-0.088394
-0.66297,1.3337,1.1801,0.99218,1.0039,0.026837,1.0847,-0.15647
-0.66448,0.81373,0.51203,0.88521,2.2064,-0.009531,0.052063,-0.11495
-0.42773,0.035633,2.4708,0.29407,-2.8775,0.023622,-1.7833,-0.14539
-0.70291,-1.0879,0.46686,0.93573,2.4332,0.014201,0.72753,-0.076663
-0.65373,-0.90733,-0.40164,-0.99934,0.21711,0.06719,2.0632,-0.0096119
-0.64817,-1.0067,0.51207,-0.084735,-0.28263,0.036181,-1.2836,-0.015502
-0.78582,0.63935,-2.0687,0.026259,7.5551,0.22136,-2.8413,0.10918
-0.68662,2.4272,-0.13819,0.59749,-6.3164,0.011429,-2.079,0.18305
4.4531,-7.6416,-0.55825,-2.9043,4.3022,0.0011606,-0.32672,0.066006
4.4162,1.9295,-2.2175,-0.22402,-4.7691,0.05071,0.36426,0.098838
-0.49024,3.3084,-0.34996,0.40795,-0.42105,0.048528,1.1894,0.082045
-0.66597,-2.0157,-2.2279,-0.81914,4.8079,0.15027,2.1207,-0.013409
-0.69365,2.9725,-0.5495,1.2554,-3.0245,-0.038994,-0.1266,-0.083356
-0.6877,-2.8178,-0.83839,-0.37965,2.6903,-0.051039,-0.50189,-0.16756
-0.88284,-1.2741,0.33433,0.6091,1.5037,-0.0056356,1.9994,-0.24924
-0.81901,0.82151,0.37043,1.206,-1.8011,-0.023495,-0.1505,-0.1598
-0.66238,-3.891,-0.84553,0.78317,-0.22777,0.028082,-2.3262,-0.11646
-0.66617,0.85623,-0.12494,-0.49139,2.9812,0.0040805,1.3198,-0.024117
-0.31686,-1.4601,1.0651,0.56962,-2.8115,-0.034758,-1.2159,0.10465
-0.4685,-0.084266,-1.1727,0.079607,0.45538,-0.024156,-0.077743,0.16484
-0.72163,-0.31728,-1.1988,-0.61011,3.6732,-0.18217,0.67269,0.19101
-0.65699,-0.0025841,1.5879,0.078785,-4.1678,0.062756,0.43816,0.17628
-0.93013,0.7458,0.059014,0.2624,0.45011,0.015318,0.60192,0.088664
-0.78881,3.4427,1.1396,-1.4744,5.7733,0.30323,2.0633,0.088859
-0.66152,3.0147,1.1349,1.7049,-4.2002,-0.036279,-1.678,0.0099071
4.4205,-6.1288,0.11227,-1.5276,6.646,0.13931,-0.90931,-0.061841
4.3878,4.3873,1.6312,0.13375,-5.3187,-0.012804,-1.2021,-0.080411
-0.53679,-1.7392,-2.7515,-0.60721,1.4566,-0.14267,0.45554,-0.17986
-0.71844,-0.79118,-1.0413,0.069228,-3.8275,0.008008,-1.7039,-0.15238
-0.6969,2.1946,0.10586,0.83098,-1.7979,0.021684,0.063442,-0.11482
-0.69978,-2.9741,0.065997,0.91168,3.5134,-0.0085299,0.037697,-0.049526
-0.86107,-0.051212,-0.16756,0.27662,-1.7519,0.007546,0.27087,0.12043
-0.72468,-1.1332,-0.59468,-0.042055,0.92409,0.00042897,1.5895,0.20663
-0.66346,-0.3312,0.2277,0.59711,1.0099,-0.022398,-0.39307,0.10536
-0.66616,1.8109,-0.69055,0.87284,-1.3294,-0.072435,-0.57535,0.06732
-0.46492,-0.16066,1.0481,0.083994,-1.1368,-0.017052,-1.4024,0.12948
-0.596,1.2816,3.566,0.89689,1.2219,-0.082761,-0.21,0.10414
-0.66734,1.2961,0.39252,1.3914,3.6986,-0.01582,-0.73602,0.011635
-0.66177,-0.59217,2.3451,-0.63711,-3.5763,-0.020152,-1.0746,-0.055343
-0.75194,0.89246,2.5468,0.051154,3.2383,-0.14543,-0.97268,-0.11906
-0.70772,2.43,0.7161,-0.86227,-2.4603,0.049324,-0.40786,-0.15995
-0.59022,-2.8168,-1.3802,-0.26847,-1.1557,0.060741,0.15663,-0.18669
4.4316,-1.4709,-1.3949,-1.0768,5.1154,0.20906,1.8265,-0.11113
4.408,2.7767,-2.3851,0.82011,-2.8321,-0.03463,-0.27609,-0.030299
-0.47636,-4.2281,-0.42054,-0.25372,6.4274,0.030944,-1.6147,0.0078627
-0.7234,0.20781,-1.8809,-0.48381,-4.7299,-0.0089213,-0.74723,0.077177
-0.70324,-0.66159,0.13631,0.60319,-1.2039,-0.0087994,1.4085,0.14077
-0.83088,0.068482,-0.78898,-0.51666,-0.2803,0.034891,0.30029,0.071166
-0.86555,3.0357,0.28793,-0.46832,1.6124,0.0021617,2.2908,0.19154
-0.71746,-2.1334,-1.1645,0.55213,-1.0252,0.020933,1.193,0.17394
-0.67273,1.5488,2.1751,1.3956,-0.41988,-0.037152,0.97533,0.054664
-0.66185,2.3282,0.8744,0.58892,3.3057,-0.065382,1.0918,-0.043222
-0.494,1.3733,3.7722,-0.33329,-0.43487,-0.018702,-2.67,-0.12502
-0.66557,0.94155,-0.10977,0.645,2.8649,-0.01032,1.2578,-0.14388
-0.66111,0.52775,1.0098,-1.0283,1.45,-0.024445,0.38894,-0.16301
-0.66429,-1.0962,0.67971,0.67597,-1.3525,-0.025774,-1.7037,-0.11468
-0.68709,0.17779,0.15849,0.32116,6.6554,0.04729,-3.2232,-0.057241
-0.66821,1.2908,2.2163,-0.61557,-5.1538,0.060638,-0.93691,-0.006448
-0.634,-8.951,-0.059831,-1.8967,3.033,-0.078147,-0.48998,0.080146
4.4556,3.4949,0.88595,-0.014533,-4.4115,0.017397,-0.14163,0.090538
4.4239,2.8553,-0.03073,0.37248,0.14901,0.013636,0.43457,0.19918
-0.58273,-3.5414,-3.4039,-0.98481,5.7157,0.30632,1.7687,0.18743
-0.7151,3.6892,-0.94485,0.23184,-3.703,-0.051046,0.38647,0.13386
-0.70228,-1.5019,0.37488,-1.1227,4.0957,-0.041837,0.45172,0.051233
-0.57201,2.6233,0.070474,-0.49649,0.47854,-0.010866,0.728,-0.016183
-0.69907,1.7218,0.025506,1.7239,-0.062858,-0.10733,0.094447,-0.10168
-0.65231,-3.7646,-1.3243,0.033921,-1.4992,0.058815,-0.44704,-0.15471
-0.6677,1.6279,0.96099,0.064533,3.3024,-0.048479,2.2751,-0.17075
-0.66998,0.15904,-1.4631,1.1598,-0.077199,-0.027012,-1.454,-0.10287
-0.55608,0.40229,-0.37756,-0.22869,1.6479,-0.037062,-0.9291,-0.090097
-0.6506,-0.3306,-0.074369,1.1752,1.2505,-0.066069,0.028308,0.0015349
-0.66394,-1.7314,-0.2309,0.13213,-3.3443,0.03072,-2.2331,0.15053
-0.66191,0.74501,2.3734,0.33505,1.3619,-0.014357,0.49116,-0.036578
-0.75109,1.0086,1.1688,-1.0468,5.9755,0.34623,2.6509,0.20356
-0.65682,1.2049,0.35639,-0.06591,-4.6021,0.048836,-1.2805,0.12816
-0.63178,-4.4355,-1.7463,0.0025391,6.7296,0.18566,-0.8333,0.15603
4.4313,4.8021,-0.84267,-0.50892,-5.941,-0.013657,0.42782,0.052498
4.3965,-0.22254,-2.8899,0.34417,1.5573,-0.10133,0.47119,0.018669
-0.57587,1.2168,2.1757,-0.82176,-3.9996,0.019566,-1.2585,-0.062595
-0.69957,1.2177,-1.1025,0.6541,-0.79644,-0.01093,0.82652,-0.13412
-0.69927,-2.5077,-2.028,-0.54944,4.9941,0.10433,-0.55199,-0.12261
-0.76007,1.2152,-1.0838,0.14147,0.46384,0.019354,-0.068187,-0.12896
-0.79675,-2.6448,-1.0143,0.062099,2.1547,-0.11105,4.1503,-0.094746
-0.66952,-2.7915,0.77517,1.0391,-1.5155,-0.059722,-1.0551,-0.029472
-0.66851,0.69754,-0.46929,0.28854,0.41033,-0.023431,0.2027,0.045878
-0.40942,-1.4033,0.59006,-0.3513,-1.2125,-0.022071,1.1797,0.002338
-0.54484,0.23661,1.6391,0.35839,1.9016,-0.04158,0.97618,0.3207
-0.59097,0.62343,0.33518,0.82644,1.1911,-0.016083,0.016049,0.26803
-0.66463,-0.023205,2.4073,-0.3256,-3.1645,-0.019395,-2.0438,0.20244
-0.68908,1.7951,0.59548,-0.65815,2.5816,-0.095436,0.16755,0.036411
-0.75196,2.6145,1.3994,-0.65325,-3.753,0.068641,-1.4684,-0.0021401
-0.65893,-4.2959,-1.1253,-0.89397,-0.50169,0.053906,0.48334,-0.041592
-0.62274,3.3909,1.9105,-1.1792,6.8958,0.45541,1.7633,-0.12388
4.4192,5.7701,-0.64614,1.8035,-4.4198,-0.026871,0.018444,-0.096182
4.3943,-4.9928,0.69914,-1.5141,6.9803,0.097494,0.25293,-0.18263
-0.64363,1.0988,-0.85743,-0.39329,-4.7804,-0.029477,0.57973,-0.13218
-0.69681,-2.4817,-0.76059,1.9211,-0.4476,-0.11051,0.78987,-0.062376
-0.69066,0.80889,-0.16316,-0.52082,0.22296,0.052443,0.086092,0.0049422
-0.88717,1.247,-0.53993,0.49661,0.22506,-0.052284,1.1547,0.25411
-0.75697,-5.5587,-1.2032,0.49337,-1.1515,0.018738,1.2749,0.23727
-0.66374,1.4436,-0.14126,-0.096129,-0.05761,-0.021692,-0.86773,0.19792
-0.66458,1.6416,-1.0829,0.78796,1.8508,-0.032936,2.0598,0.11334
-0.46219,0.14401,1.2947,-0.63191,-0.015216,-0.045507,-2.1788,0.052109
-0.61159,1.7688,-0.95923,-0.67599,2.055,-0.03153,1.6732,0.058242
-0.65571,1.2175,-0.1805,0.42216,0.026182,-0.0080293,1.2787,-0.057168
-0.65225,0.3507,0.85344,0.36603,-0.18901,-0.047754,-1.3776,-0.1029
-0.75554,1.7145,-0.50223,0.50145,4.4756,-0.073212,-3.0278,-0.12023
-0.77447,0.60119,2.6429,-0.86417,-6.03,0.00094237,-1.7312,-0.14091
-0.62272,-5.0586,-1.0615,0.53811,1.4424,0.02169,-0.027459,-0.16508
-0.59513,2.0924,-1.2659,-0.80461,-3.1642,0.080115,-0.32315,-0.028157
4.4558,2.3131,0.448,1.26,-1.1729,0.046397,0.18452,0.040354
4.4224,-6.3364,-2.4002,-1.6572,5.0736,0.20558,0.65044,0.10424
-0.6178,2.7842,0.011553,0.084656,-3.5997,-0.0047564,-0.76341,0.1692
-0.69925,-3.0598,-0.2692,-2.1868,5.5157,0.078228,-0.23453,0.1553
-0.79568,2.8024,-0.872,0.59111,-1.6942,0.048207,1.3169,0.11069
-0.84409,1.0252,-0.38346,0.25576,-0.63623,-0.041734,2.4884,0.16944
-0.73035,-3.2519,-1.2738,-0.075743,-1.6144,0.032086,-0.10003,0.056611
-0.67172,3.8394,1.9283,0.8702,1.1763,-0.016449,1.3018,-0.04293
-0.65846,0.59282,-0.091713,1.0696,1.5946,0.033838,2.1053,-0.071966
-0.56127,1.023,1.6088,0.47405,-1.8604,-0.10766,-0.33341,-0.11818
-0.59254,0.027843,2.6547,0.12736,1.8982,-0.071774,0.26359,-0.1957
-0.65238,-0.77599,0.88994,0.82615,-2.6769,0.013726,-1.5485,-0.18888
-0.64618,0.040578,1.1544,-0.47372,2.7852,0.0053448,1.3407,-0.11081
-0.8537,0.28294,0.67469,-0.67101,3.9197,0.084793,1.6829,-0.088661
-0.69167,-0.84614,0.98479,0.78257,-4.5014,0.032606,-1.0692,-0.0054258
-0.62826,-0.47071,-2.7328,0.39543,6.857,0.21787,-0.70603,0.19371
4.471,3.3282,1.5959,-0.50746,-7.4436,0.027588,-0.48361,0.11466
4.4454,-2.2694,-0.38664,-0.97449,1.6851,-0.1367,0.022406,0.20909
4.4004,0.97472,-0.26523,-0.60049,-3.8304,0.033588,1.317,0.15603
-0.70081,1.2856,-1.4802,0.91146,-0.70228,-0.017052,-0.40286,0.082483
-0.69789,-2.994,-2.2911,-0.87095,5.9358,0.31986,0.078424,-0.023046
-0.92162,3.3583,-0.066236,0.20124,-2.7238,-0.038082,-1.16,-0.086739
-0.70374,-1.2776,-0.64907,-0.59809,0.69573,-0.12114,0.65847,-0.17793
-0.62265,-1.0556,-0.66912,0.2712,-1.0482,-8.4428e-05,1.1223,-0.18039
-0.67147,1.1284,1.0223,1.5334,0.75895,-0.052766,1.4868,-0.12987
-0.65904,-2.8852,-1.6555,-0.48494,0.12685,0.035719,0.050721,-0.10694
-0.63958,1.0728,1.905,0.031102,-0.10288,-0.025581,1.8457,-0.08119
-0.65506,-1.5384,-0.2406,0.94548,1.9711,0.036174,-0.82983,0.083456
-0.66096,0.52189,-0.92357,-0.30255,-2.2598,-0.0032354,0.59493,0.16625
-0.62449,1.09,2.3502,0.079273,0.50211,-0.12298,-0.93054,0.057828
-0.84161,0.96631,0.62007,-0.70124,-3.8939,-0.0020418,-0.70065,0.050284
-0.66317,-0.78781,-0.13254,-1.1987,0.50041,0.026028,0.37733,0.04914
-0.63711,3.0864,-0.13184,-0.85686,7.6818,0.52607,0.26788,0.053545
4.4157,5.9955,-0.10288,1.7125,-5.3952,-0.080855,-1.2697,-0.031029
4.4125,-6.6777,-0.18281,-1.4762,5.5923,-0.13426,-1.5054,-0.076127
4.3808,4.0092,0.66443,-1.1764,-3.6282,0.051718,-0.2243,-0.159
-0.70138,-2.4896,0.57384,0.54396,-0.07944,-0.080618,-0.45335,-0.19008
-0.69688,0.48835,-1.2775,-0.12919,-0.31982,-0.018387,-1.2005,-0.12938
-0.97689,1.9039,-0.57114,0.58474,0.15465,0.0034452,0.95231,-0.073572
-0.77292,-5.8877,-1.6376,0.018802,-1.1576,-0.032159,0.54002,0.063694
-0.67272,-0.66333,0.19023,-0.12483,-0.71102,-0.028578,0.66892,0.19025
-0.67356,0.43604,0.7061,0.7788,1.0471,-0.039385,1.7803,0.10648
-0.44162,-1.1173,-0.35649,-0.078813,0.60453,-0.056244,0.16958,0.18835
-0.60638,1.8734,-0.026754,0.59855,0.77488,-0.10371,1.8553,0.073405
-0.6787,-0.57327,0.3795,0.0053074,-0.8542,0.054073,-0.33278,0.16375
-0.65983,2.4664,1.5461,0.14126,0.72266,-0.035881,0.73256,0.089297
-0.7982,1.7956,1.4332,0.14638,3.5215,-0.081574,-1.1839,0.0036279
-0.73216,0.30866,3.5431,-0.57558,-5.0372,-0.035496,-1.0079,-0.039377
-0.63721,0.69488,0.77244,-0.123,0.88233,-0.044814,-0.54852,-0.078342
-0.63687,2.6787,0.25407,-1.0035,-1.3656,0.080673,1.1995,-0.13461
4.5412,3.0938,2.4845,-0.22838,-2.418,-0.010012,-0.13702,-0.10066
4.4277,-4.8631,-0.40099,-2.0053,5.2243,0.18651,0.79166,-0.12673
4.4052,1.5338,-0.80107,1.1264,-5.0111,-0.008286,-0.13445,-0.051303
-0.70171,-7.0293,0.15471,-0.99931,3.7757,-0.1788,0.65842,0.080268
-0.69796,2.4715,-0.67308,1.4434,-4.7471,0.054464,1.8165,-0.0052311
-0.78415,1.2238,-0.20464,1.3599,-1.9963,-0.037993,1.1469,0.21281
-0.67311,-4.1552,-1.2277,0.2472,-2.8914,0.016704,1.0082,0.29315
-0.66954,2.6886,0.27545,0.78075,0.87412,-0.077794,0.89428,0.24267
-0.66683,0.20371,0.39698,0.459,-0.45532,0.0098948,1.2686,0.060116
-0.52366,1.0413,1.3444,-0.43584,0.40615,-0.065029,-0.17229,0.04308
-0.67074,1.2298,1.0768,0.59537,0.19663,-0.060704,0.19235,-0.039815
-0.65933,-0.13471,1.7283,0.54726,-1.0404,0.019104,-2.3573,-0.13933
-0.65804,1.1883,-0.50579,0.13053,3.6107,0.027498,1.3472,-0.14785
-0.85614,0.30543,1.7484,-0.75324,0.8593,0.022467,0.75254,-0.16306
-0.76094,-1.9893,2.7773,0.92549,-4.3533,-0.058227,-1.0817,-0.14788
-0.62461,1.2443,-0.58483,0.52453,6.3167,0.049818,-1.947,-0.098469
-0.63542,2.1598,2.2456,-0.14586,-7.8057,-0.023207,-0.1412,0.013704
4.4676,-5.5607,-0.8825,-1.2366,1.0731,0.0071673,-0.080915,-0.024993
4.4573,-0.43213,-2.2863,-1.0646,-1.0361,0.02821,0.083838,0.27619
4.4479,1.7522,-1.7651,0.59601,-1.1812,0.037567,0.88915,0.15698
-0.7049,-1.3458,-2.6215,-0.79068,5.2543,0.19497,-1.0639,0.18098
-0.91533,5.695,0.82552,-0.046808,-3.1977,-0.043281,-1.2839,0.066347
-0.84072,-0.9622,-0.57461,-0.71345,1.5619,-0.12161,0.44694,0.060944
-0.74929,-0.91994,-1.0022,0.12595,-0.16047,-0.013844,1.5348,-0.071381
-0.67373,3.2853,0.28115,0.60609,0.19399,-0.040919,2.7833,-0.14899
-0.66454,-1.3454,0.99524,-0.63576,-1.2554,-0.022879,0.94964,-0.083137
-0.53633,0.37886,1.63,0.41843,1.3271,-0.0043071,1.3992,-0.2032
-0.68751,-0.43557,0.46204,0.3878,-0.76418,-0.065767,1.5218,-0.14259
-0.66168,-0.28525,0.038939,-0.31959,-0.29054,-0.04364,0.54544,-0.053104
-0.66231,0.61605,3.1672,-0.3443,1.9265,-0.11634,-3.2289,-0.015283
-0.74918,0.056363,-2.1391,-0.84028,-3.2413,-0.041529,-2.133,0.077445
-0.68748,-1.8864,-0.40042,-1.0638,1.5552,0.03989,0.65895,0.027382
-0.63339,2.8115,0.22333,-1.4998,7.0816,0.46962,0.27696,0.046292
-0.62193,3.9854,-0.8858,0.42902,-4.7109,0.014567,-0.10513,0.11193
4.461,-8.0505,-3.3222,-1.642,6.0459,0.10821,-1.6609,0.068683
4.4209,3.3601,-0.79463,-0.070958,-5.1822,0.030591,-0.26266,0.13924
-0.47943,-2.1211,-1.4617,0.25392,-0.59987,-0.0318,0.93118,-0.018982
-0.70785,2.9459,0.11183,-0.75669,-0.39888,0.028602,0.23678,-0.072574
-0.84981,3.8789,-1.2,1.4458,-0.94434,0.016511,1.6449,-0.10723
-0.70778,-4.2174,0.53735,0.29199,2.7873,-0.04835,0.038275,-0.17438
-0.65495,-0.54474,0.96376,-0.55476,-1.1928,-0.072936,-1.729,-0.12663
-0.67192,-0.31515,0.046994,0.75663,0.026549,-0.097823,2.1524,-0.040156
-0.55124,-2.921,0.5797,1.6589,0.38417,0.015748,0.69824,-0.037844
-0.56667,-0.42417,-0.45588,0.62569,-0.030399,-0.065408,1.797,0.052985
-0.71695,-1.2924,0.59524,-0.0053803,-1.3671,-0.043659,-0.64307,0.073015
-0.6723,0.58755,1.5128,0.67484,0.78274,-0.071736,-0.066119,0.21094
-0.84754,1.1393,-0.35689,0.26197,2.7347,-0.0045125,-0.19826,0.12868
-0.88021,0.5071,1.9424,0.07005,-3.4864,-0.0082411,-0.91663,0.15124
-0.67456,-0.10857,0.60647,0.63139,-0.097095,-0.085078,-1.0143,0.038066
-0.63898,2.8736,1.106,-0.50535,0.030633,0.01166,0.20477,-0.0053041
-0.63866,0.98461,2.5678,-0.58392,-2.4377,0.053303,-0.46288,-0.053371
4.4338,-1.1148,-2.0658,-1.422,6.6003,0.34513,0.46073,-0.061646
4.4006,2.7636,-1.3452,1.1272,-4.4196,-0.012695,0.12848,-0.28341
-0.69325,-4.0089,-0.3638,-1.4947,4.9283,-0.14553,-0.7192,-0.15398
-0.71404,2.2596,-1.2972,0.33262,-5.282,0.039005,3.5301,-0.1065
-0.77825,0.62131,1.4737,0.98355,-0.11328,0.025226,2.7051,-0.066928
-0.77013,-4.5435,-1.6005,-0.55133,-0.10426,0.047918,3.0221,0.11098
-0.67795,1.367,-0.38494,0.96667,-0.11011,0.02676,1.9522,0.23109
-0.6781,-3.4738,-1.2727,1.4909,1.0406,0.029449,1.9927,0.16852
-0.57485,0.82045,0.16574,-0.51711,-0.56037,-0.015628,-0.64076,0.18458
-0.5836,1.4716,0.076911,0.18048,1.2625,-0.00887,0.87516,0.2096
-0.67866,0.62195,0.11953,-0.18181,1.2192,0.040391,-1.2218,0.12388
-0.67366,1.8465,-1.205,-0.02181,2.4048,0.012706,1.9007,0.036533
-0.78372,1.632,1.5142,-0.47891,0.18162,0.038536,-2.1017,-0.037746
-0.63891,1.213,1.0856,0.83353,-3.5693,-0.042215,-1.5631,-0.11918
-0.62519,1.1186,0.44791,0.075034,5.821,-0.0075801,-1.2375,-0.10105
-0.63952,1.0723,1.7922,-1.5651,-7.364,-0.016622,-0.04047,-0.11232
-0.62163,-7.3159,-1.7703,-2.0727,0.72117,-0.028405,0.086593,-0.064226
4.4505,3.5925,0.55964,-0.65019,-1.1186,0.034551,1.3648,-0.1214
4.4356,0.89515,0.81668,1.8955,-1.2748,-0.033969,-0.11591,0.080755
-0.70139,-3.7848,-2.2593,-1.3203,6.7834,0.3943,1.0487,0.16044
-0.70581,2.7981,-0.59156,-0.038182,-4.6921,0.00023003,-1.7413,0.047996
-0.79688,-3.2275,-3.1676,-0.85704,1.6434,-0.092265,1.1103,0.056027
-0.64392,-2.0975,-2.4821,0.66654,-1.1808,0.031804,0.88125,0.29033
-0.68064,3.2147,-1.2194,0.36277,-0.045382,0.0097536,2.0494,0.14031
-0.68034,-1.3344,-1.5702,-0.78946,0.43061,-0.024843,1.0261,0.0045528
-0.4412,2.6266,1.511,0.4614,1.083,-0.0041788,2.2222,-0.013457
-0.56762,0.21788,0.11905,1.2182,0.1816,0.0023606,0.70328,-0.10709
-0.67049,0.66826,0.43337,0.093988,-0.2188,-0.05197,-0.99265,-0.1653
-0.67274,0.43964,1.9865,0.49668,2.073,-0.11677,-1.3159,-0.14276
-0.83235,-0.92333,0.41655,0.33979,-1.4531,-0.0026322,-2.9082,-0.14534
-0.70635,-0.82018,1.2442,-0.62978,3.4499,0.035276,0.40172,-0.098372
-0.63985,0.70208,0.041585,-0.80474,6.1976,0.38343,-0.46329,-0.070432
-0.6454,0.80922,-0.43537,0.3568,-5.2434,0.0054154,-0.9798,0.0071813
-0.54209,-4.2243,-1.8213,-0.48896,6.151,0.13196,-1.3925,0.241
4.4635,4.5849,-0.23448,-0.696,-6.0208,0.054278,1.3094,0.048823
4.4332,-2.6051,-1.4105,0.36846,1.3909,-0.030856,0.11269,0.38892
-0.71333,0.56161,-0.71238,-1.3739,-1.0835,0.019367,0.1353,0.21413
-0.69364,3.7228,-0.86005,0.68585,-2.3232,-0.0070474,0.87214,0.073599
-0.78665,-3.0284,-1.8522,0.18829,4.8038,0.084601,0.95881,-0.0013857
-0.75715,1.8969,1.6378,-0.45475,-0.096594,0.018122,1.3995,-0.14145
-0.68447,1.6926,0.55564,1.1506,-1.308,-0.11471,1.916,-0.16462
-0.67792,-1.9865,1.205,1.0105,0.3251,0.022871,-2.304,-0.13313
-0.53565,0.97425,0.21748,0.47558,1.9707,-0.059382,-1.3979,-0.18424
-0.59864,-3.9963,1.396,0.39595,-1.8924,0.050826,1.9655,-0.10974
-0.66965,-0.19997,3.303,0.2222,1.6579,-0.035496,-0.1087,-0.039718
-0.66634,-0.57801,0.55611,-0.040449,3.0302,-0.037242,0.5173,0.014896
-0.87255,-0.68235,1.8395,0.34981,-1.993,-0.048992,-0.18889,0.15625
-0.65916,0.34292,-1.7089,0.066299,2.2404,-0.081208,-1.8205,0.15275
-0.64499,1.5909,0.77899,-1.2171,-0.7566,0.028506,-1.2434,0.047826
-0.6326,-1.3749,1.1295,-0.49877,-1.504,-0.0083245,-0.14936,0.019545
-0.46363,2.512,-0.47968,-0.37547,6.8856,0.35874,-0.33164,0.1195
4.4328,5.2211,0.4732,1.0653,-6.1669,-0.0056163,-3.029,-0.0043549
4.3955,-3.1664,0.72653,-2.6165,5.7662,-0.099819,-2.5472,-0.047895
-0.70664,-0.04985,-0.70662,0.38658,-6.0288,0.01526,1.3585,-0.14082
-0.88376,0.452,0.11777,0.97895,-1.2197,-0.065029,2.4395,-0.18051
-0.76109,-1.5476,-1.0084,-0.45409,1.6005,0.019033,1.1399,-0.13123
-0.66933,0.50057,-2.2011,1.9455,-1.7466,-0.032698,0.88036,0.015286
-0.68105,-4.4271,-1.2062,0.27206,0.29342,-0.017283,-0.21459,0.077639
-0.50666,-0.23031,-0.77786,-0.28674,0.26799,-0.078615,1.4836,0.14515
-0.61294,0.45788,1.0388,0.45023,0.020698,-0.074463,0.29604,0.050965
-0.6275,-2.6136,-2.2175,1.0855,-2.6956,-0.016956,4.2317,0.23318
-0.67369,1.4495,0.64279,0.36037,0.62954,0.03928,0.87314,0.22016
-0.8703,0.1321,2.8818,0.62834,0.20379,0.030938,-0.65832,0.14335
-0.83778,0.74811,-0.60519,0.29502,-1.3183,-0.046444,-4.0554,0.098108
-0.68242,2.8936,-0.15866,0.36774,4.0176,-0.12843,-1.6281,0.023828
-0.64608,0.043815,1.6415,-0.36131,-7.2426,0.015857,-1.2692,-0.035726
-0.64371,-1.9548,-0.37607,0.5601,-0.70313,-0.039712,-0.046359,-0.061549
-0.52847,4.1174,0.038418,-1.3501,3.535,0.066491,-0.75675,-0.16642
4.4313,4.1741,0.58221,0.9364,-3.0847,-0.054299,-1.5761,-0.13705
4.4093,-8.3504,-0.74479,-0.96675,6.6634,0.21081,0.54242,-0.12665
-0.70303,2.0691,0.096941,-0.89514,-6.7588,0.026567,-1.1976,-0.074034
-0.69503,-3.4634,-0.78119,-1.2911,2.2323,-0.18918,-0.54823,0.075449
-0.75946,0.020214,-3.8485,0.41563,-2.8373,0.026452,1.7148,-0.021586
-0.6806,0.65469,-0.73515,0.42563,-2.0649,-0.024663,2.5973,0.47875
-0.67291,-2.8103,-1.1379,-1.2952,0.57241,0.045351,0.38636,0.24399
-0.4848,1.7622,0.47658,1.1036,-2.4278,-0.027198,-0.47616,0.2628
-0.67572,1.0678,-1.0361,-0.028278,-0.20883,-0.011058,2.0681,0.076982
-0.66992,0.401,0.58052,-0.029563,-0.40638,-0.087837,-0.18293,0.073551
-0.66292,0.93716,0.7942,1.2721,-0.56194,-0.0084721,-1.5758,-0.03339
-0.88256,0.15758,0.61631,0.66968,-1.4138,0.0035928,-0.61288,-0.12203
-0.71417,-0.36706,3.5923,0.17655,-0.074745,-0.047965,-0.076754,-0.16031
-0.62338,0.47088,1.1454,-0.26062,4.9792,0.13891,-0.9454,-0.1597
-0.64156,-1.3817,2.1122,-0.59105,-5.2519,0.026163,-1.9399,-0.10837
-0.4528,-0.92734,0.030375,-0.83346,4.09,-0.11482,-0.5978,-0.074497
-0.43394,2.3612,0.68153,-0.02621,-6.8014,0.032183,0.62365,0.045465
4.4612,-0.40729,-2.3739,-0.24788,-0.85973,0.048034,0.59652,-0.0068617
4.4332,-4.9768,-1.856,-1.6785,2.9694,-0.021711,2.0959,0.16017
-0.71129,3.6169,-2.7494,0.96599,-2.8328,-0.026653,0.91677,0.071166
-0.81191,-2.584,-1.6379,-1.0384,6.0124,0.1381,-2.645,0.17638
-0.63488,2.6307,-1.3831,0.64166,-4.1608,-0.03058,0.38359,0.081485
-0.68,1.4133,-0.29475,1.4779,-2.8983,-0.059395,2.2787,0.10205
-0.6822,-1.4632,-0.65178,-0.48102,0.26626,0.049812,-1.0938,-0.043588
-0.50732,2.4345,1.3137,0.088972,1.4528,-0.0541,1.0433,-0.12164
-0.66404,-1.7965,2.0027,1.1536,-0.12986,0.010254,0.20122,-0.12853
-0.6636,0.91053,4.1456,1.5572,0.27622,0.028396,0.53273,-0.16146
-0.6648,-0.57225,1.8216,0.027608,2.4727,-0.057694,-0.30932,-0.14994
-0.84829,0.12902,3.9633,0.54573,-2.9389,-0.051893,0.10216,-0.076249
-0.72597,-0.55814,0.14694,0.76161,2.0744,-0.07171,2.1678,-0.015842
-0.63662,-0.56829,1.599,-0.54373,1.5247,0.025983,0.53524,0.079124
-0.64597,-4.478,1.6771,1.0577,-1.7578,-0.051283,-1.7186,0.061138
-0.40739,1.3873,-1.3156,0.3197,6.9568,0.17925,-2.9465,0.17049
-0.5836,2.8165,0.68002,-0.69998,-7.1687,-0.011129,-1.9045,0.18796
4.4451,-7.0178,-0.62406,-3.059,3.8116,-0.10034,-1.5931,0.055103
4.408,1.6696,-0.11589,-0.29598,-4.5312,0.057506,0.93281,0.10142
-0.85411,4.5899,1.3605,0.088966,-0.44105,-0.011841,-0.75457,0.02412
-0.81306,-0.80151,-2.4659,-0.72032,4.4491,0.14816,1.3453,-0.076687
-0.75339,2.8739,-0.88922,0.97502,-3.4038,-0.029014,-0.26055,-0.12266
-0.68471,-3.7628,0.27008,0.068926,2.1667,-0.11914,0.84726,-0.15961
-0.69111,0.24018,-0.45596,0.61753,-0.052935,0.020156,0.95882,-0.17129
-0.51871,1.0999,0.52391,1.6461,-1.11,-0.093863,0.73965,-0.20047
-0.69474,-3.4927,-2.9153,-0.30454,-1.323,0.021055,-5.3255,0.01514
-0.67021,0.63154,-0.49352,-0.017057,2.5166,-0.010397,3.1557,0.037433
-0.66465,0.35135,-1.4837,0.6105,-1.7724,-0.0065468,-0.58974,0.019594
-0.78681,0.072778,-1.411,-0.024122,-0.89042,-0.028514,-1.8558,0.2299
-0.62915,0.59931,-1.0636,-0.32811,2.3563,-0.10875,-1.3488,0.19926
-0.64271,0.84576,0.0030153,0.26159,-6.7454,0.00097446,-2.6239,0.15664
-0.63203,0.94681,-0.29758,0.64613,-0.66823,-0.014351,-0.41824,0.023974
-0.38251,3.9211,-0.00042153,-0.86293,5.5374,0.25388,-0.9312,0.045562
-0.58255,2.4988,2.2957,1.5859,-4.4787,0.0068978,-2.6826,-0.056389
4.4157,-7.038,0.83041,-0.84095,6.6271,0.052327,-2.4186,-0.078147
4.386,3.0254,-0.13079,0.15707,-5.0154,-0.016192,-2.1783,-0.13724
-0.84218,-1.7795,-1.6071,-0.38928,1.5355,-0.16152,-0.56442,-0.15549
-0.77213,0.37697,-0.74289,-0.60237,-4.8698,0.056062,-0.27454,-0.089391
-0.67851,1.4555,1.1849,0.55356,-3.1539,-0.013792,0.83397,-0.047214
-0.6857,-6.5098,-1.5865,-0.36375,4.6245,0.14653,0.72872,0.02855
-0.55749,1.4103,1.1302,0.20575,-1.5223,-0.069945,-1.0397,0.16241
-0.54845,-0.87974,-1.479,0.15464,0.83264,-0.013651,-0.8394,0.27955
-0.72252,-0.52428,0.13579,0.56271,1.3353,0.03801,-2.2138,0.20108
-0.68043,1.454,0.73875,0.85583,1.2626,-0.041997,-3.7528,0.11327
-0.95069,0.27606,-1.6962,0.31751,-4.7529,-0.0072271,-3.3246,0.12167
-0.80274,1.3429,2.5382,0.31505,1.2505,-0.07823,-1.1165,0.043031
-0.68611,1.4243,1.0042,-0.42387,2.2461,-0.088197,-0.98813,-0.063593
-0.65111,-0.67034,1.6566,0.49056,-3.1844,-0.026582,-1.2961,-0.086447
-0.65021,1.7161,1.2781,-1.0227,3.4742,-0.25309,-1.1143,-0.089805
-0.46798,2.9283,0.79974,0.20283,-5.128,0.054484,-1.1666,-0.1829
-0.697,-4.0321,-3.6256,-1.2043,-1.5911,-0.0036782,0.022272,-0.13668
4.4352,-0.86654,-3.862,-1.4106,4.1182,0.019855,0.41203,-0.11886
4.4117,3.568,-2.9935,1.0917,-3.7845,0.024347,-0.80198,-0.011486
-0.85421,-4.598,-0.97641,-1.0973,6.0975,0.075719,-1.1445,0.086328
-0.70829,0.93091,-1.8762,-0.21598,-5.248,0.035886,-0.87811,0.10035
-0.69127,-0.53623,-0.20747,0.7136,-2.605,-0.064003,0.39212,0.17175
-0.68279,-1.7183,-0.42966,-1.0207,0.076296,0.063898,-1.916,0.11152
-0.46024,3.0887,0.99585,0.50234,0.64044,-0.040252,-0.34568,0.16538
-0.5713,-2.4702,-1.519,0.93121,-0.38181,0.01834,-0.4112,0.09397
-0.68167,2.0762,-0.14795,0.64418,0.90922,-0.0049746,1.3486,-0.0039655
-0.68181,1.226,1.1575,0.4555,1.8747,0.012102,2.2145,-0.073864
-0.77613,1.081,4.7672,-0.081472,0.37426,-0.067077,-2.3819,-0.14629
-0.71419,-0.067003,1.8337,1.5152,2.0724,-0.11546,0.037357,-0.145
-0.64847,-0.32047,0.85871,-0.49491,-3.3319,-0.037325,0.64235,-0.16004
-0.64687,-0.89985,2.7292,0.20214,-0.40075,0.011974,-0.93821,-0.090779
-0.54866,-0.12552,-0.99027,-0.21562,5.7837,0.077952,-3.6985,0.012974
-0.53087,0.15072,0.44415,0.40765,-7.7938,-0.021089,-2.8091,0.028891
-0.69018,-10.074,-0.37743,-2.1588,2.7718,-0.16765,-0.56424,0.16608
4.453,3.0332,-0.26178,0.36984,-4.8762,0.045178,-0.41145,0.1534
4.4148,3.2199,-0.94987,1.9457,-0.66019,-0.006688,0.067783,0.18516
-0.87679,-1.4835,-1.899,-0.81447,3.1205,-0.012348,2.461,0.15637
-0.66576,2.5048,-0.55207,1.1961,-3.9957,-0.068739,-0.49836,0.073599
-0.68624,-1.9054,-0.60747,-0.40657,4.4052,-0.15085,-1.6672,-0.013603
-0.68948,2.493,-0.2388,0.29877,0.13012,0.064238,0.86462,-0.0615
-0.6087,0.59064,-0.93049,1.9526,-1.0368,-0.052162,1.9414,-0.15364
-0.66064,-5.0478,0.16497,0.61631,-2.5756,-0.0032226,-1.4998,-0.16632
-0.68047,1.4584,-0.57211,-0.93935,1.3947,-0.062694,2.1079,-0.17012
-0.68254,-0.46636,-0.3859,0.38695,-2.8721,0.026401,-1.5432,-0.09404
-0.76201,0.46169,-1.4085,0.17966,0.96965,0.0066283,-0.0070314,0.0050395
-0.72392,-0.28972,0.10445,-0.23785,2.2046,-0.066069,0.54117,0.043785
-0.64604,-1.4091,-0.036544,0.18699,-4.4146,-0.0099481,-3.6923,0.16027
-0.64867,0.91102,-0.41937,0.66492,1.7041,-0.02818,0.086799,0.0037983
-0.33192,1.1454,-0.029908,-1.516,3.6364,0.063128,1.1674,0.20926
-0.54493,0.39516,1.1351,0.0090776,-3.1256,0.069937,-1.5706,0.12089
-0.65081,-1.094,-0.93365,1.0638,8.0987,0.3902,-2.8874,0.10925
4.4221,4.4258,-0.24949,-0.14436,-5.1829,0.051576,-1.3335,0.022514
4.386,-1.9488,-0.63557,-0.78967,3.5001,-0.18835,0.077288,-0.061817
-0.75577,1.4562,0.16135,-0.38202,-6.3669,0.058725,-1.4567,-0.13429
-0.71027,2.4345,0.41151,-0.22071,-2.1898,-0.024888,0.75593,-0.15554
-0.69105,-4.5366,-2.5672,-0.49836,4.4876,0.10555,1.3937,-0.12217
-0.31749,1.1555,-0.77928,0.81786,-2.4924,-0.0065918,-0.296,-0.053566
-0.54157,-2.508,-0.47346,0.73301,0.54523,-0.050051,0.083652,0.010248
-0.65302,-1.7472,0.5241,0.78384,-1.0276,-0.062289,0.46256,0.059678
-0.68349,0.025114,-0.58682,1.2787,-0.97864,-0.085103,-2.0267,0.13858
-0.83888,-1.1081,-0.41358,0.61004,-1.0585,-0.030516,-3.6565,-0.027184
-0.82473,1.3612,1.2726,0.5702,1.5307,-0.028905,-1.1203,0.26952
-0.64242,0.99977,1.4672,-0.8144,-1.6832,-0.010327,-0.50117,0.19838
-0.65023,0.68526,0.0025078,-0.010872,-0.67678,0.0108,-2.2035,0.11634
-0.63967,2.6034,1.6193,-0.149,3.7425,-0.14085,-0.075938,-0.037941
-0.40758,2.5841,0.867,-0.56154,-5.2168,0.0083867,-1.5548,-0.044683
-0.57192,-1.9758,-1.3387,0.17905,-0.11841,0.020259,0.1194,-0.085278
-0.64507,2.2394,-0.73796,-1.371,5.2152,0.24884,1.927,-0.1847
4.4232,4.4437,-0.88225,1.9738,-2.8822,-0.010795,-0.72545,-0.16296
4.3963,-7.1468,-0.072775,-1.7968,6.7632,0.20485,-1.2683,-0.13607
-0.74889,1.8574,-0.85698,-0.6793,-5.3856,0.033139,-1.3402,-0.063958
-0.68073,-2.1133,-0.79549,0.471,-0.70465,-0.033231,0.91584,0.014799
-0.68364,-3.265,-0.02703,-0.94568,-2.1972,0.0042731,0.69135,0.083894
-0.53381,1.6034,-0.92134,0.24238,0.80683,-0.037819,1.3455,0.30581
-0.58254,-4.5144,-3.3164,-0.97136,0.48409,0.026824,-0.30075,0.2399
-0.68974,2.2015,0.77234,0.59041,-2.0262,-0.093857,0.13851,0.20529
-0.68065,1.3127,-0.19944,0.35391,3.6521,-0.0062966,1.507,0.15903
-0.687,0.52372,2.4223,-0.26008,-0.3948,-0.032705,-0.39579,0.015967
-0.7976,1.6269,0.65265,0.69569,2.4409,-0.046598,-0.15752,-0.055318
-0.68688,0.87457,1.2506,-0.5298,-1.9104,0.02488,-1.3309,-0.13079
-0.65079,-1.4911,3.8879,1.392,0.41041,0.0011991,-0.61128,-0.14345
-0.64491,1.5592,0.62387,0.089428,5.8389,0.20057,-2.0491,-0.11147
-0.55723,-0.56914,1.8257,-0.25598,-7.3458,0.031862,-1.9298,-0.1526
-0.56136,-4.333,0.94328,-1.4594,3.7375,-0.0042173,1.4305,-0.054126
4.5131,2.1288,-2.0862,-1.2938,-3.0534,0.05141,0.080024,0.013704
4.4403,3.7229,-0.35918,1.0599,-1.2532,-0.0075223,0.23658,0.022173
4.4148,-4.5938,-1.3397,-1.4083,4.688,0.12723,1.5656,0.18894
-0.73146,2.1207,-1.2822,0.90402,-4.0623,0.026702,-0.19272,0.20821
-0.69475,-3.0261,-0.82425,-0.77109,5.7635,0.042508,-0.93457,0.16603
-0.68353,2.7268,-0.74099,0.48526,-1.9726,-0.023386,-0.24037,0.05206
-0.43541,1.3276,0.10682,1.362,-2.2465,-0.0057254,1.2198,0.07209
-0.65485,-1.9583,-0.53387,0.58749,-2.713,0.0016868,-0.88049,-0.049453
-0.67705,2.6357,1.3606,0.55332,2.1283,0.010389,2.1111,-0.097934
-0.67254,-0.64762,0.64314,0.093333,-0.545,0.062364,0.39276,-0.11711
-0.83976,0.34176,1.1536,0.0030465,0.13346,-0.031748,-1.1137,-0.14539
-0.66553,-0.17265,0.12203,0.26188,2.5103,-0.076677,-0.47495,-0.13982
-0.63695,-1.2078,2.7389,1.1205,-3.5106,-0.020383,-3.3393,-0.095792
-0.64942,-1.6655,-1.8888,-0.23729,2.9167,0.010004,1.2648,0.012682
-0.46453,1.2424,0.89563,-1.2605,4.0163,0.057923,0.55958,-0.037333
-0.54891,-0.20788,-1.4322,1.6656,-4.7903,0.035578,-1.7987,0.0012185
-0.62517,0.010375,-3.4491,0.8982,6.8315,0.075886,-1.7322,0.16292
4.46,3.4506,-0.42143,-0.52122,-5.855,0.05132,-2.3286,0.13177
4.4268,-3.9597,-2.4817,-0.12763,1.6425,-0.071145,1.423,0.19763
4.3775,1.4836,0.21857,-0.94059,-5.1057,0.072825,-0.42289,0.0901
-0.67561,2.7858,-0.53168,-0.16346,-1.5133,0.046577,-0.3546,0.0084955
-0.69721,-3.7468,-2.2559,-0.48164,5.7013,0.25676,-0.39076,-0.075032
-0.69897,3.2483,0.6656,-0.78183,-2.5823,0.030963,-0.63167,-0.082406
-0.60249,-1.1557,1.0397,-0.23177,-0.10249,-0.10124,2.6468,-0.19078
-0.64713,-0.69306,-0.33369,0.81696,-0.88594,-0.0076956,0.66859,-0.14405
-0.68316,1.3863,0.362,0.79848,-0.40075,-0.086618,0.50184,-0.12103
-0.677,-2.7374,-0.3257,0.084097,-1.3868,0.031939,-0.14131,-0.017157
-0.85812,0.94043,2.7431,0.75755,0.79322,-0.024894,0.117,-0.028644
-0.71303,-1.0225,0.020977,-0.013717,0.51803,-0.079713,-1.8495,0.13162
-0.65765,0.58665,0.97698,-1.0075,-1.5321,-0.012047,-1.3543,0.16998
-0.66207,1.1137,-0.075403,-0.11285,1.4218,-0.18812,-2.129,0.091488
-0.36267,1.103,1.9451,0.041256,-4.7193,0.01988,-0.89106,0.076423
-0.63093,-0.39392,-0.3612,-0.22375,-1.7357,-0.011982,-0.40248,0.024534
-0.64499,3.3715,1.3715,-0.31065,6.2598,0.36037,-0.38177,0.012463
4.4242,5.1794,0.98461,1.8533,-5.249,-0.019427,-2.3557,-0.045754
4.3946,-6.7468,1.2964,-1.3267,6.0382,-0.036292,-1.7609,-0.15768
4.3646,2.7286,-0.53628,-0.70669,-5.332,-0.0098839,-0.97765,-0.14157
-0.70292,-0.43101,-0.93715,1.2373,-0.23253,-0.069079,3.0551,-0.16803
-0.70356,-2.6565,-0.80195,-1.8298,-0.41602,0.072273,0.41076,-0.10764
-0.61164,-0.25686,-1.7621,0.70226,-0.9539,-0.033956,-0.59468,-0.0041602
-0.61967,-4.7709,-1.4925,-0.40988,-0.55355,-0.072698,-0.23997,0.092218
-0.69046,-0.058282,-1.4274,0.1496,-0.20927,-0.03454,-0.46948,0.25776
-0.6874,0.41404,-0.79689,0.88093,1.6553,-0.035162,1.5354,0.14761
-0.82085,-1.6456,0.19295,0.10495,-2.4469,-0.03943,-1.2554,0.10867
-0.76897,2.1451,-1.0247,0.65422,0.20029,-0.04235,1.6024,0.072042
-0.68623,0.11921,0.10971,-0.59575,-0.1209,0.0092659,1.7451,0.14583
-0.66143,1.6153,2.8065,0.86603,-1.4675,0.014207,-0.63943,0.020543
-0.65208,1.8769,1.3395,0.54922,4.153,-0.09867,-1.8224,-0.045048
-0.48297,0.31199,3.1135,-0.89768,-7.2938,-0.013375,-0.90453,-0.078245
-0.6642,-1.0763,0.56519,-0.60097,0.55048,-0.062154,-0.30653,-0.12772
-0.64622,2.4858,-0.1485,-0.45384,-0.85194,-1.0004e-06,0.3064,-0.15961
4.4397,2.7326,1.3331,0.27118,-1.2325,0.032927,0.76042,-0.12222
4.4165,-6.2171,-2.4157,-2.4327,6.6281,0.32454,-0.097477,-0.048066
4.4479,2.3028,0.52905,0.73094,-5.0572,0.024642,-0.86924,0.0043337
-0.70213,-4.2323,-1.0878,-0.7534,4.9846,-0.11855,-1.091,0.13247
-0.70398,1.3724,-2.3167,0.94927,-4.3508,0.06289,0.2342,0.051963
-0.33682,0.54294,-0.48253,0.57028,-1.9906,-0.025434,2.862,0.24769
-0.6654,-2.7764,-1.9865,-0.78196,-0.35398,-0.00064917,0.70453,0.24684
-0.70369,4.211,0.69521,0.96407,0.38921,0.0028163,1.944,0.17224
-0.69013,-1.855,-1.7416,0.91011,0.57693,-0.045591,-0.22545,0.073551
-0.92804,1.101,1.0637,0.50528,-1.7322,0.017846,1.4953,-0.020442
-0.8229,2.0539,1.6478,0.47796,1.2598,-0.21203,-0.39848,-0.08007
-0.6518,-0.53521,4.0351,1.8707,-0.82536,-0.0030942,-2.4295,-0.18217
-0.66718,-0.38234,0.59644,0.67743,2.3843,0.042367,0.27289,-0.15014
-0.60919,0.37633,1.3729,-1.2498,2.298,-0.018785,-0.25867,-0.12999
-0.52713,-0.84356,-1.2636,-0.44152,-3.0898,-0.038788,-1.3346,-0.12519
-0.69071,0.93253,-1.8096,-0.053321,6.6302,-0.017931,-2.9623,-0.071698
-0.65595,1.2755,1.3393,0.32073,-6.2398,0.024199,-1.8628,0.11456
4.4631,-3.9098,0.96169,-1.9553,0.80686,0.00017869,-0.65518,-0.027598
4.4385,2.5456,0.21875,-0.82826,-3.4952,0.014239,-0.61567,0.30778
4.2187,3.6436,1.1583,0.60477,-1.3434,-0.022443,0.038911,0.18555
-0.70739,-3.8856,-3.176,-0.44556,5.1597,0.14355,-0.034652,0.12405
-0.69378,4.0245,1.1069,-0.62475,-3.8062,0.014111,-1.0036,-0.013968
-0.479,-0.59106,0.56771,-0.023602,0.91707,-0.11483,2.0726,-0.015599
-0.64319,-0.20126,0.30917,0.86762,-1.4213,0.027325,0.36738,-0.12032
-0.688,2.7387,-0.080112,1.1239,0.68281,-0.061089,2.0299,-0.19682
-0.68785,-2.2183,-0.2155,0.52844,0.045668,-0.0025808,2.404,-0.16562
-0.86445,0.11863,2.0919,-0.073315,0.4259,-0.030548,1.1802,-0.18066
-0.66811,-0.39233,-0.71992,0.26969,-1.0784,-0.029663,-2.921,-0.12862
-0.65999,-0.89767,-1.0967,-0.38066,-0.43063,-0.020665,0.3023,0.030375
-0.65682,-0.62351,0.90129,-0.040205,2.453,-0.04973,-0.91646,0.0938
-0.63526,-0.45386,0.3155,0.12271,-3.7002,0.018083,-1.4284,0.13104
-0.49935,-2.0643,0.96666,-0.060168,0.60707,-0.020608,-0.50121,0.047972
-0.6806,2.9272,-0.61112,-0.52276,6.3853,0.3584,-0.087857,0.053691
-0.65668,4.1973,0.36567,1.4802,-4.2857,0.033319,-1.7266,0.1371
4.4367,-5.9052,-1.4432,-1.3257,6.0367,0.014791,0.24182,0.044224
4.4033,4.5662,0.51132,-0.47941,-4.5851,0.033485,-0.65304,0.016722
-0.66478,0.88307,-1.4016,0.46158,0.93977,-0.017835,0.65383,-0.075178
-0.70248,1.9937,0.94376,-0.86346,-1.6793,0.058251,2.4069,-0.11804
-0.70724,1.4918,-2.013,0.49711,-0.94579,-0.0065276,-0.39653,-0.093748
-0.50963,-4.9004,-0.82977,-0.2536,3.2509,-0.019722,-0.1085,-0.14262
-0.73432,0.38265,0.24425,-0.50362,0.65634,0.010877,0.70146,-0.055172
-0.69404,-0.017149,-0.0078413,0.041288,2.8612,-0.062668,0.87211,0.063377
-0.69257,-2.3175,1.3384,0.23874,-1.1948,-0.0018428,-2.2868,-0.025967
-0.83478,0.48031,-0.081936,0.20938,1.2502,-0.039706,0.10071,0.14033
-0.69814,-0.82168,0.098142,-0.81282,-1.6149,0.042906,-1.312,0.10736
-0.66274,1.111,2.7065,0.25558,0.45942,-0.054736,-0.53939,0.19624
-0.66518,1.259,0.50263,-0.067214,3.8145,0.016845,1.3538,0.067077
-0.36197,0.13258,3.6393,-0.95316,-4.3106,-0.035387,0.40735,0.10273
-0.60895,-0.26641,0.44025,-0.19168,2.0193,-0.090969,-0.043912,0.0083982
-0.65746,3.1603,0.46362,-1.877,1.3353,0.082239,0.23986,-0.040448
-0.65797,-1.1952,2.1199,-1.0958,-0.74525,-0.0058345,1.4626,-0.10767
4.4246,-1.1875,-1.1845,-0.37109,7.7804,0.48304,0.83055,-0.11575
4.3997,0.76659,-1.5963,0.7219,-5.151,0.032253,-1.625,-0.2627
-0.70892,-4.0742,-1.0735,-1.5215,5.1493,-0.020184,-0.89267,-0.091679
-0.70591,0.27878,-2.4546,1.9115,-3.7904,0.00933,0.53716,-0.024409
-0.60232,0.9227,0.3781,0.20435,-1.5607,0.0086177,2.117,-0.051741
-0.51008,-4.3257,-2.2496,-0.56532,1.0325,0.010004,0.72375,0.26244
-0.74031,2.566,-1.5016,1.1665,0.030023,-0.0054687,2.4225,0.29162
-0.7017,-1.4697,-1.3178,0.61593,2.2829,-0.038416,-0.17205,0.29035
-0.9562,-1.3414,0.8898,-0.67431,1.0027,0.029417,1.8982,0.17122
-0.83737,2.4332,-1.5317,0.89785,-1.2066,-0.094986,0.51134,0.13517
-0.68142,0.38661,0.55921,0.30808,1.3383,-0.0017337,-1.4088,0.047509
-0.66321,1.5554,0.49733,0.099897,2.172,-0.032307,2.1948,-0.063374
-0.65604,1.9078,3.5242,0.00392,0.42629,-0.013702,-1.2003,-0.077174
-0.49914,0.56027,-0.38593,0.27216,-0.78721,0.019752,0.20514,-0.17192
-0.63172,0.53819,0.030812,-0.25259,5.3743,-0.017245,-0.82642,-0.12127
-0.65635,1.5177,0.48058,-0.49805,-6.5989,0.0080915,0.25724,-0.12174
-0.65554,-7.6507,-3.7335,-0.50942,-0.27605,-0.007856,0.43572,-0.029253
4.4449,3.5061,-0.82419,-1.2164,0.27396,-0.006765,0.48002,-0.073255
4.427,1.8173,-1.0114,0.72357,-1.8502,0.02891,-0.11624,0.13364
-0.69844,-4.1918,-2.1345,-0.68696,5.5423,0.15894,1.0456,0.24659
-0.70735,2.538,-0.30871,-0.38015,-3.1245,0.030861,0.67303,0.16387
-0.45438,-3.1769,-1.1996,0.094162,0.93519,-0.12866,2.5534,0.080852
-0.6307,-0.9986,-0.51245,0.63157,-1.2444,0.012988,-0.16005,0.20994
-0.70299,3.8874,0.95119,0.015802,0.74605,-0.041657,2.6144,0.056587
-0.70136,-0.4637,-0.37181,0.082427,-0.70664,0.059117,0.46794,-0.073231
-0.86219,0.42589,1.4994,1.217,-0.019571,-0.02252,0.36553,-0.099346
-0.78359,-0.10737,1.9679,0.54535,-1.079,0.031336,0.47813,-0.17759
-0.64759,-0.41058,-0.05067,-0.15676,2.5345,-0.032788,1.3272,-0.17881
-0.66977,-0.064165,1.6578,0.40432,2.6714,-0.056725,-2.0047,-0.12575
-0.31969,-0.29783,-1.5396,-0.14287,-2.0659,-0.032595,-3.3089,-0.076492
-0.52123,-1.0454,1.8377,0.074064,1.4749,-0.01188,0.0705,-0.038915
-0.64294,0.55072,0.36251,-0.26182,5.4485,0.19517,-0.99798,-0.013506
-0.663,0.65443,0.34538,-0.33518,-7.4503,0.021023,-1.2265,0.064229
-0.70039,-4.4853,-0.64358,-1.3187,5.6697,0.062974,-0.8954,0.15606
4.4439,4.958,0.07571,0.023677,-6.0063,0.048047,1.3984,0.048823
4.41,2.0247,0.30446,1.3,-0.39111,-0.074386,0.0035776,0.15177
-0.71251,2.1247,0.4273,-0.93876,1.4692,0.019752,-0.33716,0.065349
-0.69904,2.8633,-1.9828,-0.13479,-2.1695,0.0026045,0.73922,-0.01942
-0.56486,-4.1147,-0.22892,0.15682,4.7433,0.037201,-0.45378,-0.059529
-0.67274,1.4217,-0.23189,-0.63287,0.92381,-0.019536,0.9842,-0.22189
-0.69461,0.40302,-0.89059,1.3054,0.20104,-0.044827,0.91704,-0.21814
-0.69706,-4.064,-0.89311,-0.61237,-0.55003,-0.033994,-3.0397,-0.093164
-0.93557,1.4389,0.11932,-0.49559,1.6938,-0.034983,2.6757,-0.13291
-0.72488,-2.2763,-0.025976,0.26184,-2.3661,0.037676,0.24774,-0.0048903
-0.66524,-0.3725,0.98404,0.03256,1.5292,-0.050455,-0.51007,0.12184
-0.66437,-0.65065,-1.0403,0.19842,3.0499,-0.033276,2.8507,0.14941
-0.40144,-0.025273,2.8318,-0.46272,-4.2231,-0.054274,-1.094,0.19042
-0.60595,0.91618,-0.18624,0.76198,1.865,-0.020126,1.3108,0.18168
-0.66841,2.3033,-0.96394,-1.5679,1.2714,0.0026751,0.87263,0.09049
-0.65925,-3.6969,0.90795,-0.16287,-2.8406,-0.011411,-1.5685,0.090465
-0.7485,1.6507,-0.16474,0.60257,8.1216,0.33365,-2.0676,0.00036665
4.42,5.1938,0.57767,-0.47216,-5.7004,0.035475,-1.1591,-0.061987
4.3878,-2.3605,0.18081,-1.7548,4.3973,-0.045507,1.0774,-0.1387
-0.70661,1.2537,-1.801,-0.21661,-3.6533,0.061138,0.70897,-0.14753
-0.3469,0.54651,0.77033,-1.079,-1.9545,-0.0060976,2.2746,-0.14391
-0.56795,-3.9809,-3.2697,-0.37844,2.3179,0.039941,2.1792,-0.13062
-0.62148,0.4442,-0.79037,1.1784,-1.3651,-0.036215,0.32168,0.1369
-0.69606,-3.0373,-1.5586,-0.17272,1.1702,-0.018438,1.6606,0.2977
-0.69705,-0.96555,-0.018454,-0.12456,0.54563,-0.067866,0.7175,0.083261
-0.7995,0.59751,-0.25,1.5582,-1.6583,-0.022218,0.50312,0.11213
-0.71711,-1.7292,0.80718,0.75489,-0.95694,0.0049533,0.35787,0.22588
-0.66741,2.0863,0.30617,0.3925,2.5865,-0.033179,2.3921,0.1968
-0.66641,0.87911,3.6559,0.20566,-3.6934,-0.0044419,-1.8771,0.027649
-0.45656,1.6386,-0.34099,-0.38784,-0.77141,0.001475,-0.37264,0.025118
-0.59531,1.9136,0.99913,-0.17758,4.5766,-0.018272,0.12219,-0.083088
-0.65041,0.13743,0.59909,0.033632,-5.1249,-0.001676,1.2267,-0.10988
-0.64981,-2.5202,-1.7403,0.66956,-0.022975,-0.043582,0.57213,-0.13111
-0.77753,2.6203,0.49244,-1.5514,3.5328,0.034262,2.9627,-0.15978
4.4301,4.3895,1.4673,1.217,-4.2,-0.0079587,-0.89923,-0.12018
4.4122,-8.4842,0.51549,-1.641,6.1425,0.23634,1.3932,-0.046971
-0.70637,1.6006,-0.61823,0.070622,-3.8318,-0.012303,-0.87741,0.026506
-0.58254,-4.0213,-1.2024,-0.36777,0.4738,-0.21873,0.53099,0.12361
-0.65441,0.51636,-0.28387,0.60869,-4.0584,0.0033425,0.78633,0.030667
-0.73528,1.9833,-0.42139,0.95026,0.31775,0.024732,2.3756,0.3907
-0.68999,-2.2079,-1.8192,0.34942,-0.23383,-0.030144,1.2824,0.32606
-0.86919,1.9165,0.47404,0.88648,-0.10281,-0.054389,1.7318,0.19242
-0.69849,2.0187,0.062817,0.84114,1.1187,-0.025247,1.1812,0.019691
-0.64798,0.12788,2.8368,-0.15461,-0.183,-0.052124,-1.1657,-0.038988
-0.66409,1.5081,1.7191,0.095215,3.1042,-0.027641,0.33325,-0.13288
-0.66219,0.029365,0.217,-0.21904,-0.85324,0.044812,-3.3552,-0.11066
-0.49122,-0.14307,2.9717,0.26094,2.1754,0.027511,0.43547,-0.17083
-0.59742,0.79042,-0.49676,-0.82298,5.5345,0.25509,-0.65359,-0.11957
-0.65103,-2.5162,-0.28735,-0.75457,-6.2479,0.012616,-5.037,-0.065394
-0.64611,-0.43524,0.58678,-0.21183,5.2204,-0.044461,-1.6857,-0.032782
-0.80565,2.7417,-0.22661,0.015083,-6.9309,-0.020531,2.0962,0.090855
4.4577,1.3153,-0.76814,0.6259,-0.34736,0.017224,0.45005,0.10419
4.4266,-1.1072,-0.17704,-1.4517,2.3138,-0.00030904,1.4146,0.21167
-0.70427,2.1803,-2.4931,0.62598,-2.4058,-0.041651,0.37682,0.11819
-0.39879,-3.6787,-0.8734,-0.6944,5.8949,0.087161,0.43185,0.14929
-0.69206,3.9031,-1.7426,-0.53048,-2.5953,-0.066672,-1.1438,0.035803
-0.68709,1.8134,-0.38985,1.1344,-0.74305,-0.052458,1.415,-0.00077723
-0.68242,-4.5776,-0.10617,0.16644,-1.4146,-0.0049681,-0.49603,-0.11207
-0.90932,2.4315,2.0286,-0.23508,1.3122,0.019194,2.1371,-0.21658
-0.76848,-2.0037,-1.1745,0.45837,0.011244,0.0090798,-0.14069,-0.15535
-0.65925,1.0684,1.6618,0.58429,0.7502,-0.030908,0.6818,-0.13437
-0.66645,-0.95939,-0.67304,0.54247,2.1913,-0.077948,0.78734,-0.062182
-0.36506,-0.11717,2.0803,0.078573,-2.3209,0.0054475,-1.2774,0.019399
-0.54606,-0.22438,-0.21376,1.2473,2.4303,-0.076267,-0.080555,0.057561
-0.66481,-0.0050116,-1.1401,-0.73105,0.44054,0.0084252,-0.20976,0.15267
-0.65055,-3.1053,0.30913,-0.38259,0.4603,0.017538,-0.84526,0.20417
-0.88016,1.8046,-1.1023,-0.287,7.9076,0.3097,-2.1105,0.17416
-0.86426,4.3835,0.5703,0.55833,-5.7814,-0.053748,-1.9181,0.14995
4.4333,-7.1631,0.86046,-2.0589,4.7805,-0.022071,-0.20651,0.073064
4.3947,2.29,-1.6747,-0.23854,-4.8428,0.046596,1.2362,-0.0046226
-0.69682,2.9732,0.78702,0.23557,-0.1404,-0.058792,2.5634,-0.064177
-0.58472,-2.0376,-1.9539,-0.40962,3.4333,0.012231,3.9356,-0.14926
-0.69679,2.6176,0.076044,1.2064,-2.3293,-0.017771,0.43754,-0.16581
-0.68642,-3.1218,-0.7048,0.18223,3.5257,-0.066916,-0.64241,-0.14712
-0.68499,-0.81224,0.03644,-0.44327,1.9733,-0.027141,2.4557,-0.09421
-0.88415,-1.2438,-0.756,0.81065,-1.4291,-0.099049,0.60003,-0.033536
-0.73552,-4.1138,0.27878,1.0443,-0.62764,0.027286,-1.7639,0.11071
-0.66374,1.3428,-0.5734,0.17021,2.9001,-0.020672,1.6308,0.076325
-0.65027,-0.9941,1.2976,0.42849,-3.8667,0.051467,-0.49793,0.11763
-0.4161,1.6758,-0.84307,-0.27094,1.0119,-0.01652,-0.77007,0.20025
-0.64561,1.6294,-0.90606,-0.55331,3.9404,-0.13327,0.14798,0.10801
-0.65659,1.2177,1.594,-0.02165,-5.2392,0.031657,0.013191,0.06384
-0.65117,-0.24277,-0.078396,0.56323,0.30499,0.029815,0.39588,0.014677
-0.79739,3.6057,0.73124,-1.2712,4.4144,0.11979,2.9928,-0.060137
-0.67755,2.4865,2.3631,0.3967,-3.6131,-0.044988,-0.3739,-0.13354
4.4198,-8.4209,-1.8973,-1.7792,6.5445,0.24912,-0.61208,-0.13853
4.3928,1.4736,0.17421,0.045573,-5.2249,-0.0057767,-0.92738,-0.15175
-0.55278,-2.6181,-1.5628,-0.86658,3.3886,-0.2745,-0.69843,-0.11517
-0.60178,-0.61165,-1.8371,-0.38691,-3.6659,0.051127,-0.88077,-0.081263
-0.75639,1.9745,0.93134,0.54989,-1.293,-0.0072143,1.7962,0.0092013
-0.6973,-3.7563,-2.2712,0.018192,1.932,0.02728,1.312,0.14075
-1.0185,2.4953,-0.24482,1.5914,-1.3229,-0.039571,0.75221,0.076398
-0.90355,0.83854,-0.67055,1.5352,2.2981,-0.0097556,0.78572,0.20442
-0.71846,-0.71448,1.7826,0.046016,-1.2518,-0.056494,0.35135,0.19468
-0.66755,1.9621,0.97851,0.96471,0.98289,-0.059215,-1.3878,0.031154
-0.66588,0.1358,0.9877,-0.034078,-0.86325,0.049715,-0.88432,-0.0024322
-0.5385,1.2362,3.6791,0.20198,0.84887,-0.0018877,-0.28171,-0.060405
-0.6036,1.4103,2.427,0.41859,3.8238,0.046821,-0.60936,-0.13023
-0.65417,0.20792,1.3508,-0.62159,-5.03,0.010851,-3.4595,-0.12261
-0.65493,0.49759,0.90409,-0.2609,3.9392,-0.16742,-1.7137,-0.12186
-0.83342,2.2447,0.83719,-0.021174,-4.517,0.056563,1.2205,-0.13765
-0.73281,-5.3737,-2.7817,-1.4933,-0.66289,0.010832,0.42388,-0.064713
4.4491,-0.28733,-1.7456,-1.3078,3.2781,0.017301,2.3675,-0.0088087
4.4205,1.9634,-3.2174,0.82464,-2.5816,0.0072508,1.0459,0.049894
-0.50375,-4.0409,-0.45764,-0.59207,6.3684,0.18321,-1.0605,0.17139
-0.61166,2.6057,0.70113,-0.15737,-5.0557,-0.029521,-1.7264,0.17467
-0.71409,-0.73463,-0.20586,1.1637,-1.0005,-0.049801,1.0145,0.15143
-0.69441,-2.3751,-0.43734,-0.27698,-0.76832,-0.025247,-1.4299,0.13089
-0.84147,3.2993,0.37951,-0.81869,1.983,0.010986,2.4863,0.060554
-0.69458,-0.90535,-0.81737,-0.059256,1.5363,0.0039393,-1.2202,-0.026989
-0.6306,1.3595,0.49916,1.0021,0.22673,0.028345,0.22872,-0.10263
-0.66523,0.94051,-1.7093,0.44944,1.5243,-0.083865,-2.4855,-0.10738
-0.65201,0.78588,4.1236,-0.32765,-0.3174,-0.011289,-3.2288,-0.15148
-0.55328,0.15432,1.682,-0.26776,2.7874,-0.070792,0.56235,-0.12923
-0.70774,-1.288,0.42771,-0.2981,-0.98092,-0.0055842,-0.15102,-0.032538
-0.65919,-1.3222,1.8172,-0.14804,0.1022,-0.081227,-0.49029,-0.088905
-0.6462,0.94807,-0.71948,-0.11846,6.3259,0.071978,-3.0835,-0.0043062
-0.8089,2.5828,-0.061803,0.53997,-6.4616,0.031663,-2.0901,0.074256
-0.58413,-7.8771,-0.8486,-1.8517,1.9551,-0.1036,-0.81551,0.21938
4.4457,3.781,-0.042717,0.45228,-6.2381,0.026356,0.75094,0.20687
4.4007,4.5701,1.6113,1.0451,-0.45199,-0.028636,1.7347,0.047363
-0.44694,-1.9812,-2.2161,-0.99946,3.9069,0.089055,2.2419,0.089273
-0.64159,2.1542,-2.4726,0.62491,-3.6634,-0.042023,1.7931,0.0067675
-0.70139,-2.3856,0.29675,-0.40758,3.8424,-0.1366,-0.67428,-0.09258
-0.701,-0.75454,0.45751,-0.13512,0.58458,-0.0084015,0.83668,-0.16937
-0.83808,0.2305,0.38344,1.5672,-0.76064,-0.023547,-0.14113,-0.18477
-0.72876,-4.1599,-2.3063,0.20706,-0.53709,-0.0094026,-0.25755,-0.15698
-0.66608,1.0942,-0.34535,0.0044853,2.9281,-0.044814,2.3099,-0.099686
-0.67119,-1.0298,0.92197,-0.79014,-2.4409,0.022743,0.36291,-0.067049
-0.27626,-0.44047,-2.3599,-0.048182,0.99981,-0.063926,-1.4578,0.055224
-0.52547,-0.82777,-0.49676,-0.50272,1.4027,-0.11627,-0.5436,0.2554
-0.76551,-0.56092,0.66664,0.22608,-4.6864,-0.036131,-1.1053,0.22846
-0.66556,1.278,0.064378,0.75192,1.279,-0.014152,1.0972,0.059094
-0.81233,2.2774,-0.099075,-1.2192,4.648,0.19102,3.6037,0.1075
-0.74815,1.2498,1.4546,-0.094723,-3.3867,0.014291,-1.5704,0.071579
1.5123,-2.3881,-1.2816,-0.92901,6.8783,0.22186,-1.3256,-0.0019698
4.4086,4.086,-0.20003,-0.56883,-6.1179,-0.010372,0.39505,-0.08759
4.3767,0.37795,-2.7624,-0.47513,3.2982,-0.13023,0.1444,-0.093212
-0.51657,-1.1282,-1.7631,-1.3482,-3.7972,0.022306,-2.8172,-0.18893
-0.67488,1.7252,1.1853,0.67667,-2.3112,0.015549,-0.81017,-0.15294
-0.70118,-5.2955,-2.6349,-0.17003,4.6325,0.08136,0.47374,-0.10331
-0.70147,1.1989,-1.1038,0.42593,0.3662,-0.040412,-0.92862,0.042423
-0.76933,-0.9312,-1.8151,-0.22596,1.8627,0.0024954,3.5008,0.13508
-0.70357,-2.7789,1.4523,1.234,-1.4574,-0.05206,-4.352,0.094992
-0.66907,0.98771,-0.64506,0.47234,1.2621,-0.070343,0.63562,0.18516
-0.66027,-1.0367,1.5373,-0.54947,-0.077655,0.037188,4.0777,0.019837
-0.49662,0.70016,4.1871,1.0736,1.3162,-0.043383,0.47014,0.17884
-0.58005,0.86543,0.98538,0.84924,1.1427,0.010331,1.2641,0.19062
-0.66769,0.87741,4.4502,-0.26442,-2.0682,-0.024253,-1.3758,0.025045
-0.66408,1.2065,2.8094,-0.58553,3.2342,-0.19022,0.14069,-0.037771
-0.81163,1.8689,2.1307,-0.20488,-4.2418,0.037676,-0.24171,-0.088175
-0.76745,-4.6724,-0.88804,-0.48667,-0.4238,0.021992,0.90367,-0.14179
-0.39672,2.2751,-0.25651,-1.5772,6.8013,0.4962,1.0351,-0.15717
4.4242,3.8262,-0.55159,1.5949,-5.1791,-0.022276,-0.21406,-0.092409
4.4007,-5.4362,0.50492,-1.0208,6.5212,0.0060956,-0.055208,-0.034996
-0.51705,1.1544,0.66598,0.086152,-6.0748,-0.026666,-0.33057,-0.00097193
-0.68713,-1.7218,-0.8128,0.91528,-1.1856,-0.080123,0.33274,0.098278
-0.70216,-0.23323,-0.35866,-0.83123,0.19482,0.022884,-1.2258,0.14094
-0.74469,3.0075,-1.5919,0.60862,-0.2329,0.017345,1.106,0.22128
-0.93643,-3.4148,-0.62039,0.49482,-0.26999,-0.0076314,0.68201,0.21094
-0.70277,1.429,-0.39793,0.27514,-1.1671,0.0086369,2.2243,0.12982
-0.67082,1.94,-1.3709,0.29556,0.34722,-0.083249,1.3441,0.036095
-0.66846,0.7052,1.5062,-0.27504,-0.11898,-0.035817,-0.8243,-0.047141
-0.55861,1.4868,-2.5179,-0.7866,1.267,-0.032576,0.82564,-0.11575
-0.58199,0.93971,2.6523,-0.072628,-0.68373,-0.027526,0.0057289,-0.15683
-0.65585,0.67871,-2.3604,0.38603,-0.31769,-0.041843,-1.8623,-0.15206
-0.65699,2.0034,-3.0636,0.25995,4.8837,0.010877,-2.4078,-0.093894
-0.90887,0.53744,1.0684,-0.23712,-5.9652,0.032901,-1.0858,-0.096206
-0.72959,-4.4847,-0.026445,-0.82283,0.47674,0.0028099,-0.47896,0.02305
4.5192,2.6383,-1.8275,0.11855,-2.5909,0.074025,0.42131,0.071774
4.4473,3.428,0.57308,1.8351,-1.4484,-0.014928,0.65278,0.084284
4.4222,-5.1522,-1.5618,-2.2294,4.7502,0.12487,-0.60716,0.20897
-0.62391,2.5924,-1.4259,0.62016,-4.5388,-0.050173,-0.84764,0.21091
-0.70359,-0.96714,-0.53972,-1.2735,4.9171,-0.059138,-0.54927,0.14187
-0.69823,0.47781,-1.6866,0.45984,-1.3583,0.05922,1.7643,0.088932
-0.78519,2.7651,-0.27469,0.74774,-2.0029,-0.038769,1.9847,-0.041884
-0.71894,-4.8504,0.011116,-0.76344,-0.16747,0.005794,-2.16,-0.14454
-0.61899,3.2389,2.5269,-0.54934,0.99765,-0.07893,0.75063,-0.13588
-0.66536,-1.8108,0.64343,1.1207,0.29239,-0.035599,0.053187,-0.16391
-0.52405,1.1614,-0.20296,0.33036,0.89024,-0.026595,0.81469,-0.12994
-0.58427,-0.9462,0.41257,-0.50231,1.7771,-0.10414,-1.1509,-0.088491
-0.60731,-1.3632,0.68655,0.032984,-3.6853,-0.044827,-0.27771,-0.017984
-0.65654,-1.398,0.31728,-0.46608,1.9904,-0.0036975,0.70947,0.051671
-0.74499,1.198,0.33525,-0.12616,4.1585,0.077535,1.9489,-0.012922
-0.82304,-1.2237,-0.26769,0.4698,-5.0991,-0.038018,-1.4336,0.045051
-0.59972,0.53334,-3.1776,0.62305,6.7354,0.21955,-1.3667,0.15457
4.4627,4.3674,1.8608,-0.63969,-7.1779,0.039043,-0.42199,0.078881
4.4169,-0.62908,-0.4351,-0.3069,1.1841,-0.063772,0.092366,0.007449
4.3906,0.074326,-0.27487,-0.70674,-3.2786,-0.019003,-0.58596,-0.0037221
-0.67838,1.1906,-1.4436,1.2991,-1.3984,-0.034296,-0.74399,-0.087274
-0.69544,-3.7024,-1.8276,-0.3538,6.4049,0.31929,-0.52306,-0.11818
-0.69241,1.9337,-0.15494,-0.055042,-3.2529,0.0067438,-0.75455,-0.16024
-0.81994,-1.5924,-0.24965,-0.57898,-1.2103,-0.094563,-0.036142,-0.15165
-0.77149,-1.333,-0.83532,0.80855,-0.44981,-0.021063,0.81114,-0.070481
-0.67068,0.8817,-0.57839,1.2526,0.23023,-0.026614,1.4941,-0.025699
-0.67202,-4.2344,-1.3239,0.55039,-0.48834,0.0057683,-2.0743,0.054056
-0.36813,1.1108,3.2208,0.11035,-0.56465,-0.061327,-0.45372,0.020762
-0.57986,-0.9408,0.19301,0.68953,0.52719,-0.024651,-0.26055,0.23924
-0.66453,1.2725,1.9388,-0.14017,-1.7163,0.0036826,0.16407,0.19685
-0.66069,1.0778,2.2567,-0.058132,3.2259,-0.15262,-0.73846,0.15418
-0.7507,1.2879,0.817,-0.35482,-4.4499,0.019553,-1.588,0.024826
-0.70779,-0.69237,0.75173,-0.95223,-0.28821,0.043952,0.71653,0.0019486
-0.69321,3.5361,-0.027454,-1.8238,7.7718,0.59647,-0.10093,-0.058482
4.4366,5.314,0.034365,2.2626,-4.2976,0.028076,-0.64804,-0.085838
4.4075,-7.1825,1.4945,-1.8917,6.0879,0.10313,-1.618,-0.126
4.4251,2.3144,-0.39036,-0.52215,-4.3704,0.063827,-0.67733,-0.16321
-0.6806,-1.2071,-0.8771,0.089794,0.43172,-0.048902,0.19901,-0.097472
-0.69558,-0.30469,-1.5526,-0.60573,-0.53217,0.054471,-1.3344,-0.059894
-0.68698,2.6881,-0.82895,0.31188,-0.26772,0.00071776,1.4774,0.018231
-0.78179,-6.0457,-1.3605,0.17431,-0.28695,0.0073406,-0.26411,0.22496
-0.68413,1.3274,-0.62578,-0.38924,0.092628,-0.03101,0.61816,0.30982
-0.66983,0.42944,0.16846,0.56908,1.3453,-0.025613,2.9046,0.1709
-0.65951,0.14475,0.35247,0.20347,1.5379,-0.012098,-0.54179,0.10142
-0.50268,2.0886,-0.33946,0.48677,0.32069,-0.037299,2.0056,0.083967
-0.60682,0.27453,-0.0054515,0.37514,-2.278,-0.0092871,-0.76176,0.020786
-0.65492,2.1288,1.8765,0.12736,1.4442,-0.035496,0.30424,-0.052447
-0.65345,0.92493,1.5695,0.67167,3.8278,-0.04253,-0.79895,-0.10667
-0.90681,-0.74553,1.149,-0.87306,-5.3053,-0.044911,-2.0366,-0.12892
-0.69449,0.19175,1.2187,-0.68276,1.6676,-0.10867,0.41203,-0.12977
-0.62524,1.5724,0.15019,-0.88871,-3.3233,0.028024,1.0465,-0.091022
4.4556,2.9247,2.1991,0.46848,-2.439,0.032395,0.81636,-0.093359
4.4471,-6.0761,-1.0651,-1.4633,4.9008,0.14462,1.0463,0.14345
-0.69872,2.8467,-0.72702,1.3306,-3.8683,-0.0031905,0.22462,0.070752
-0.69462,-3.0781,-1.4366,-0.78143,5.3912,-0.077422,-0.30685,0.15956
-0.69727,0.95354,-1.9331,0.0072535,-5.0381,0.049953,1.7114,0.098108
-0.99186,0.74456,-0.27101,1.3621,-2.1835,-0.037024,1.8642,0.23837
-0.84676,-1.2013,-1.0811,-0.37507,0.51932,0.014612,-1.1431,0.15143
-0.70526,3.1744,0.54989,1.5123,1.4021,-0.097598,1.2239,0.066785
-0.67269,-1.5172,-0.61875,1.0086,-0.41708,0.046205,1.6039,-0.031467
-0.6707,1.1018,0.80525,-0.23964,0.18169,-0.084006,-0.98423,-0.072501
-0.44653,0.77832,1.3779,0.62204,2.0811,-0.12056,1.8262,-0.14366
-0.70178,-0.71844,2.3686,0.33409,-1.4446,-0.026621,-1.5865,-0.18448
-0.65514,-0.3433,-1.8326,0.37902,3.4797,0.020137,0.8989,-0.15284
-0.65465,0.13087,1.1013,-0.95158,1.3381,0.037182,0.93321,-0.048869
-0.84462,-2.3952,1.1202,1.2476,-3.5796,-0.011726,-2.6866,-0.069069
-0.66968,1.1351,-1.1308,0.77681,6.8398,0.03147,-3.3661,-0.035556
-0.63478,1.8675,2.5249,-0.49115,-7.6125,0.045031,-0.77134,0.18697
4.4759,-5.2596,-0.78873,-1.1024,1.7472,-0.056071,1.0117,-0.0044522
4.4466,2.1274,0.047405,-1.4432,-1.1867,0.0080722,0.34377,0.38016
-0.69121,2.8848,-1.3193,0.61496,-1.7832,-0.05994,0.67215,0.17672
-0.70014,-3.0714,-2.3434,-1.1201,6.0713,0.32161,0.50652,0.074646
-0.69152,2.6914,0.4927,-0.15181,-3.8257,-0.020569,-1.2562,-0.015599
-0.87227,-0.83463,0.49964,-0.9168,1.2396,-0.10276,0.14244,-0.12327
-0.68236,-0.22507,-1.4322,0.93686,1.0521,0.030771,2.7925,-0.17255
-0.68074,2.056,-0.40697,0.56912,0.64245,-0.046149,1.3641,-0.18794
-0.66222,-3.8703,-2.2254,-0.65265,-2.8712,0.011968,-0.33387,-0.1469
-0.55595,0.39055,2.0024,0.96091,1.8508,-0.040046,3.1966,-0.10227
-0.5496,-1.1087,-0.49383,0.34722,0.51189,-0.034091,1.131,-0.077125
-0.68559,-0.19746,0.073326,-0.34901,0.23924,-0.0414,-0.092924,0.075765
-0.65807,-0.24201,2.1973,-0.30647,1.4241,-0.098606,-2.1528,0.11254
-0.98658,0.021903,0.80156,-0.68054,-3.0916,0.027934,-0.20344,0.056928
-0.79653,-0.80802,-0.8753,-0.26449,1.6531,-0.04056,1.3422,0.062988
-0.56846,2.887,-0.36622,-1.2267,7.1015,0.43566,0.34489,0.067174
-0.62726,4.2488,-0.096114,0.83869,-4.3128,-0.022206,-1.0683,0.10086
4.4386,-6.8498,-1.8464,-0.9567,6.0584,0.13177,-0.83055,-0.033341
4.4017,4.6295,-0.86918,-0.75875,-4.4029,0.014791,-0.036977,-0.083307
-0.69325,0.67548,0.12692,0.24124,0.22445,-0.071485,0.32512,-0.16829
-0.69821,2.0639,-0.1568,-0.33903,-0.45211,-0.013125,0.14768,-0.1762
-0.69894,2.2362,-0.74684,1.2269,-0.7767,0.013976,1.6343,-0.098737
-0.86727,-5.0672,-1.286,-0.46171,2.715,-0.048023,-0.22455,-0.07491
-0.73505,0.19794,0.084825,-0.38093,-0.52495,0.010806,-0.33707,0.0067188
-0.66652,-0.91867,0.055834,0.46104,0.9358,-0.067353,2.5812,0.18312
-0.6718,-3.6947,-0.25799,0.91223,1.1806,-0.02587,-1.3351,0.04067
-0.46665,0.51732,0.38194,1.0637,-0.63828,-0.087343,0.80623,0.17735
-0.5957,-0.79861,1.0994,0.79689,-1.4221,-0.029894,0.7923,0.22058
-0.67007,1.2438,3.202,0.62614,2.2442,-0.046464,-0.93156,0.16939
-0.66191,2.0974,-1.0173,0.47291,2.8288,-0.0073234,0.033574,0.10475
-0.8953,0.010465,3.9167,0.28251,-4.9768,-0.068052,-3.1895,0.037214
-0.77865,1.2791,0.43038,0.069857,0.50691,-0.08613,-0.91678,-0.034777
-0.70706,3.0897,0.11872,-1.2243,-0.27099,0.056441,1.0836,-0.090122
-0.63571,1.3119,1.7671,0.093731,-2.4854,-0.018246,-0.16762,-0.16708
4.4346,-2.2114,0.031872,-1.0779,5.8716,0.27112,0.30426,-0.11473
4.4123,3.126,0.31873,0.48713,-3.6113,0.025951,-0.30026,-0.14751
-0.75418,-4.7349,-1.6505,-1.8612,5.376,-0.019286,-0.25901,-0.045291
-0.70445,-1.1455,-1.7864,0.66042,-5.8726,0.035167,1.3604,0.084357
-0.7866,1.7928,0.10566,1.1098,-0.76364,-0.028315,1.1679,0.0036036
-0.78379,-3.5445,-1.1052,-0.35698,-0.77511,-0.043248,1.4775,0.41282
-0.64426,2.4488,0.22687,1.6665,-0.4155,-0.010487,1.8736,0.4024
-0.66881,-2.3441,-0.77017,0.7301,1.2423,-0.048421,1.8746,0.32564
-0.66195,1.0004,0.94486,-0.019048,-1.4534,-0.081741,-0.7892,0.068975
-0.48613,2.2002,0.85417,0.65616,0.41814,-0.091771,1.1848,0.073283
-0.66801,-0.16106,1.4261,0.022219,-0.34652,-0.0067586,-1.377,-0.038355
-0.66253,1.9006,-0.88372,0.34719,2.2768,0.01003,1.8027,-0.13133
-0.66625,0.99103,2.2253,-1.0078,0.93485,-0.053125,-0.44172,-0.14586
-0.75218,-0.60778,-0.68848,0.10001,-3.3057,-0.048691,-2.204,-0.17268
-0.67487,0.8219,-0.77643,0.27415,5.5671,-0.11208,-2.1402,-0.13028
-0.62865,0.8512,1.4043,0.026875,-7.6848,-0.015981,0.31693,-0.082553
-0.63145,-9.2489,-0.33468,-0.75257,0.44783,0.020419,0.43416,0.02047
4.4615,3.9143,-0.26629,-1.4755,-2.1617,-0.00183,1.0651,-0.031516
4.4387,1.458,-0.91813,1.1467,-1.023,-0.023149,-0.4038,0.17085
-0.72451,-3.8076,-3.1666,-0.68212,5.609,0.26011,0.35803,0.19638
-0.71029,4.1105,1.2844,-0.22755,-4.9714,-0.05111,-1.9693,0.30505
-0.75473,-1.8572,0.23128,-0.94759,1.7623,-0.11544,1.2277,0.07394
-0.76916,1.087,-0.11043,0.2314,-1.0446,0.06332,0.080447,0.13931
-0.71316,2.9343,-0.22589,0.22489,0.28936,-0.021519,2.1359,-0.047774
-0.67268,-1.8083,-2.0706,-0.39298,-1.032,0.045217,1.3779,-0.12619
-0.66715,2.1187,0.10949,0.3804,1.3099,-0.0022215,2.661,-0.088905
-0.46878,0.42637,-0.34571,0.50186,-0.57251,-0.038134,1.5572,-0.2022
-0.67013,-0.74411,0.092965,0.56989,0.26719,-0.1016,0.30178,-0.16511
-0.66252,-0.15333,1.2313,0.23714,1.074,-0.11633,-1.1523,-0.11738
-0.66027,0.66485,0.26731,-0.023853,-2.9007,0.033556,-1.6275,-0.041957
-0.8566,-1.9204,2.6748,-0.41435,1.5575,-0.047959,-1.3132,0.044443
-0.6656,1.3556,-0.74826,-1.151,5.8363,0.264,-0.66168,0.01015
-0.6352,0.70217,-0.90542,0.70514,-6.3421,-0.01025,-1.2104,0.16153
-0.62584,-4.9526,-2.4322,-0.82032,5.0994,0.053598,-1.2948,0.14527
4.4544,4.7227,-1.2767,-0.45229,-6.2121,0.05637,1.0884,0.085939
4.4156,-0.070889,-1.4696,1.5184,-1.1167,-0.073218,0.74995,0.1269
-0.70938,2.0575,0.23426,-0.055543,-1.8429,0.0041704,0.080261,0.026213
-0.70429,2.6842,-1.889,0.11865,-2.1144,-0.045135,-0.14264,-0.039474
-0.83621,-4.4107,-0.92874,-0.28648,2.8767,-0.081375,-0.19808,-0.087347
-0.72116,1.8343,0.061904,-0.61894,0.24259,0.0484,1.7142,-0.1736
-0.67086,-0.30722,0.081678,0.36677,0.035752,-0.060685,1.3773,-0.15985
-0.66848,-3.6682,-0.60961,0.93866,-2.1257,0.025714,-3.1904,-0.056438
-0.47693,1.3155,0.069485,0.5045,0.41056,-0.021243,0.78785,-0.036359
-0.52172,-2.8022,1.2424,0.28596,-1.9944,0.061305,0.77969,-0.0059369
-0.66413,-0.052727,3.226,-0.22769,-1.4382,-0.063168,-1.1929,0.18706
-0.66805,-1.5175,-0.52418,-0.49779,1.7936,-0.031742,-1.7906,0.19692
-0.6533,0.39573,1.3703,-0.038747,-4.1127,0.0012504,-0.72002,0.16577
-0.69347,0.97671,-2.0993,-0.056866,0.50667,-0.078057,-1.2448,0.13997
-0.60459,2.4677,1.113,-1.0241,-1.351,0.045711,-0.23273,0.11149
-0.63258,-2.0635,1.7351,-0.54351,-3.0862,0.0013788,0.014315,0.025362
-0.6371,2.3297,0.048934,-0.6629,6.7602,0.30222,-1.6899,-0.042687
4.4295,4.7515,0.58263,0.5057,-7.0781,-0.074438,-2.8939,-0.081944
4.3987,-3.9213,-0.086182,-2.4554,5.266,-0.24639,-1.2553,-0.15644
-0.70345,-0.2038,-0.98034,-0.11575,-5.0534,0.034936,1.6479,-0.15284
-0.69803,0.095403,-0.31616,0.23884,-1.7252,-0.001477,1.3063,-0.094502
-0.81465,-2.3496,-1.1649,-0.18326,-0.26338,0.033498,1.0992,-0.094648
-0.77443,1.0478,-3.1586,1.5155,-1.9044,0.013431,0.86645,-0.032197
-0.66636,-4.2118,-1.9838,0.44743,0.98276,-0.0091203,0.065613,0.26392
-0.67628,-0.5256,-1.0716,-0.32002,-2.2845,-0.022558,0.73871,0.1222
-0.33568,1.3595,0.90473,0.69009,-0.85014,-0.12189,0.96408,0.22291
-0.53353,-0.35405,-0.96151,0.40551,-1.9008,-0.010616,2.4918,0.14128
-0.66796,1.9617,-1.9139,0.35723,0.88882,-0.0033381,3.1164,0.1298
-0.65964,0.42274,0.61419,-0.027629,-1.5333,0.020156,-0.90158,0.061138
-0.82641,1.2102,0.8799,0.38091,-2.4785,-0.055435,-1.2111,-0.037576
-0.7103,1.1231,3.3158,0.4072,4.3578,-0.102,0.68417,-0.10107
-0.63138,0.7243,0.29903,-0.30353,-6.125,0.013078,0.36532,-0.15016
-0.6357,-4.6252,-1.6852,0.5455,-0.023572,0.034012,0.32553,-0.15053
-0.49261,2.7124,-0.97487,-1.5354,2.376,0.048143,-0.92743,-0.12032
4.4455,3.5292,1.2043,1.0483,-2.7503,-0.0016054,-1.5055,-0.13481
4.4274,-6.0364,-1.2264,-1.1573,6.0294,0.25668,-0.64313,0.030375
-0.70145,1.6725,0.39403,0.063653,-4.8843,-0.022327,-1.3795,0.13208
-0.70586,-4.0242,-0.84814,-1.983,2.4208,-0.14438,0.038879,0.08112
-0.84553,1.2272,-2.2828,0.51396,-2.2954,0.017711,1.2866,0.095868
-0.68042,2.902,-0.71535,-0.24941,0.55289,0.011782,2.4566,0.18244
-0.67141,-2.4595,-0.42748,-0.66359,-0.96012,0.022749,0.85454,0.20193
-0.66377,1.4903,0.96859,0.89953,-1.1016,-0.071293,0.85258,0.043761
-0.61592,0.46702,1.0916,0.41563,-0.9155,-0.061211,-0.050257,0.0055019
-0.59353,-0.20732,1.5959,-0.050565,0.60445,-0.019549,0.15025,-0.0661
-0.65946,1.5944,3.4028,0.81295,0.53509,-0.081933,-2.4473,-0.15043
-0.65534,-0.097443,2.3255,-0.096547,-0.38181,-0.0083694,-2.4093,-0.10667
-0.75758,0.72747,2.3825,-0.52806,2.6296,-0.012451,0.34526,-0.14977
-0.72512,0.35356,0.26461,-1.1197,4.9945,0.13258,0.3369,-0.12896
-0.63019,-0.8859,-0.82137,-0.2269,-3.6239,0.0033425,-1.7244,-0.006521
-0.63365,-1.9921,0.59245,-0.49937,5.6755,0.15408,-1.8908,0.08112
-0.29732,2.8369,1.8415,-0.77148,-6.9892,-0.0017594,1.5598,0.14569
4.4616,-0.19515,-1.209,-0.0057207,1.4722,-0.0094347,1.9834,0.15221
4.4272,-2.0347,-2.2429,-2.1548,1.5658,0.085679,3.8103,0.21021
-0.70067,1.8412,-2.0369,1.5286,-1.7844,-0.01478,-0.97291,0.16163
-0.8366,-3.7889,-2.8054,-0.16892,5.6709,0.10244,-0.43106,0.096282
-0.84852,4.1071,0.50745,0.47988,-1.911,0.021851,0.89705,0.025654
-0.70711,0.44034,-0.59581,1.7858,-0.4537,-0.040547,1.5795,-0.083015
-0.67716,-3.1587,0.67268,-0.13855,-1.5169,0.06393,-3.1839,-0.12137
-0.70485,2.2798,0.86864,0.19426,3.2394,-0.049891,1.2019,-0.14303
-0.5297,-1.7381,-1.7165,1.1683,3.0466,-0.035361,-2.4925,-0.18007
-0.63788,0.97549,0.39225,0.38524,1.0948,0.012757,0.18848,-0.13829
-0.66045,-0.55452,-1.7074,-0.091338,3.0159,-0.015435,-0.16715,-0.012265
-0.65099,0.30814,2.5412,0.22554,-2.5053,0.046673,-1.1336,0.015821
-0.74402,0.15479,-1.2087,0.6539,3.1796,-0.025722,1.9685,0.18441
-0.70948,0.57933,0.51991,-0.71587,1.3258,0.041604,0.6206,0.015042
-0.63948,-2.2894,0.92353,-0.25494,-0.082009,-0.026531,-0.025706,0.20821
-0.62632,1.7793,-1.1883,-0.27786,8.2153,0.45275,-1.9,0.066298
4.43,4.2045,-0.13021,0.22132,-5.8135,-0.0073619,-1.4794,0.13113
4.4231,-7.0018,-0.94996,-3.3942,5.3323,0.10329,-1.0714,0.053058
4.3848,1.9889,-0.29307,-0.34883,-2.7794,0.062955,1.6567,-0.035702
-0.70382,2.3414,1.1588,0.48877,-0.02011,0.017365,2.1525,-0.086544
-0.87884,-1.0472,-2.4687,-0.39133,4.0165,0.086988,3.0903,-0.15255
-0.71368,2.9839,-1.0284,1.5673,-1.3688,0.0053384,1.3293,-0.14846
-0.68084,-2.9909,-0.21892,0.46631,4.01,0.0022644,-0.03024,-0.09185
-0.67696,-2.8116,0.30998,0.35624,0.048275,-0.043062,1.5148,-0.034144
-0.57534,1.1318,0.8571,1.4961,-0.19093,-0.0058987,0.79962,0.047095
-0.616,-2.44,-1.4105,-0.28941,1.1057,-0.0063222,-5.1,0.082093
-0.64429,1.0374,-0.59422,0.32732,3.2687,-0.0037617,3.3073,0.043542
-0.66742,-0.67236,1.7811,-0.048163,-1.0068,0.017217,-0.66406,0.24204
-0.92521,0.24636,-0.46595,0.23663,1.4818,-0.017264,0.38546,0.2068
-0.73859,1.7743,1.3425,0.146,3.7269,-0.077512,-0.8541,0.12724
-0.61547,1.4058,1.0855,0.29919,-4.5038,-0.0034408,-1.2443,0.022344
-0.64164,0.57274,0.37729,0.56443,0.98503,0.010665,0.9402,-0.045145
-0.64525,3.7448,1.0466,-0.9396,6.3338,0.38887,2.0012,-0.059334
-0.57509,2.4953,1.5364,1.6896,-3.265,0.035,-1.3287,-0.15683
4.412,-8.2755,0.39658,-0.86761,6.8743,0.19428,-1.7042,-0.18514
4.3877,1.0443,-1.023,0.045328,-4.0226,0.0072829,-2.0449,-0.15481
-0.70598,-3.319,-1.4687,-0.043417,1.5524,-0.10986,2.7727,-0.043539
-0.81498,0.65761,-0.54149,-0.53653,-4.1346,-0.028758,0.80709,-0.012605
-0.72138,1.4452,-0.39181,0.56563,-0.17066,0.037169,2.0158,0.066906
-0.68237,-4.234,-2.0844,-0.066134,1.5167,-0.055878,0.33938,0.2784
-0.68694,0.062162,-1.317,0.010311,-0.16979,-0.073096,-0.20512,0.19561
-0.42647,0.29014,-0.33991,0.31581,0.18047,0.0045041,0.2072,0.18108
-0.64117,-1.0083,2.4422,0.73685,2.621,-0.018958,-0.43503,0.16878
-0.67272,2.7216,-0.22443,0.010041,1.9875,-0.060428,1.4257,0.043031
-0.6672,-0.24611,-0.21145,0.55134,-3.0219,0.00813,-1.3021,-0.008322
-0.84238,1.9674,0.7654,0.18523,1.6465,-0.017463,-0.8578,-0.077758
-0.71657,1.1506,-0.2818,0.085414,4.1169,0.042168,-1.0349,-0.12799
-0.65377,-0.42056,3.1483,-0.19587,-3.8144,-0.056623,-3.1226,-0.12103
-0.6464,-0.22543,1.6726,-0.63604,3.4182,-0.15144,0.26783,-0.097423
-0.36573,2.0471,0.047489,-0.4518,-4.7215,0.041527,0.86107,-0.10687
-0.58146,0.2001,-0.62206,-1.1939,-2.5081,0.0072187,0.036336,-0.074716
4.4508,-4.7974,-3.5611,-0.49753,4.2762,0.046693,1.1207,0.10935
4.4143,2.0731,-1.7299,1.2002,-5.1683,-0.052926,-0.34329,0.14177
-0.91352,-3.4939,-0.14534,-0.70834,5.7965,-0.027186,-1.9379,0.13315
-0.79815,3.0056,-1.1463,0.60599,-5.9206,-0.0020353,1.9265,0.17107
-0.68252,1.995,0.23584,0.96233,-3.1029,-0.035034,1.4866,0.17735
-0.68143,-3.0502,-0.88086,0.021448,-0.47165,-0.033327,-0.3436,0.10962
-0.67442,3.8454,1.2655,1.5866,0.69245,-0.05935,0.80426,-0.029715
-0.47856,-0.5657,-0.87828,1.1234,0.051718,-0.024362,-0.06488,-0.054004
-0.74308,0.85768,0.95741,-0.17924,-0.44653,-0.060595,0.043021,-0.13687
-0.67015,0.56978,2.2465,0.72288,1.9926,-0.011508,3.7,-0.11271
-0.67063,-0.08291,1.7525,-0.084183,-0.41349,-0.024542,-2.0121,-0.10823
-0.86779,-0.35478,1.1566,0.51536,1.5148,-0.067808,0.75655,-0.12699
-0.65381,-0.68185,1.5449,-0.50732,0.11759,0.038113,0.58968,-0.050646
-0.64062,-1.5064,2.2422,1.1498,-1.1513,0.027703,-1.2488,-0.063958
-0.64321,1.2861,-1.2928,0.47853,6.3977,0.08204,-3.2742,-0.0034544
-0.17801,1.6865,2.4555,-0.84219,-8.8105,0.025425,-1.9613,0.15849
4.4463,-9.6034,-1.536,-2.8364,1.7212,-0.06157,0.52268,0.14846
4.4382,2.9676,-1.4181,0.25285,-2.9814,0.058584,1.6187,0.21206
4.3976,3.7697,-1.2077,1.6691,-1.1923,-0.0033766,0.58758,0.11695
-0.98244,-0.79151,-2.5437,-2.0743,4.7708,0.17753,1.1098,0.061649
-0.77401,3.2973,0.08947,0.74213,-4.5793,-0.030452,-1.4213,-0.029277
-0.66306,-1.2701,-0.08881,-0.57903,1.6736,-0.12378,1.046,-0.12575
-0.68667,-1.9468,-0.58021,-0.1766,0.91037,-0.01281,1.9364,-0.16345
-0.3798,1.0223,-1.3757,1.3196,-1.4083,-0.060447,0.77871,-0.14977
-0.50185,-4.6129,-1.6099,0.15292,0.41004,0.0087653,-2.5876,-0.148
-0.73196,0.1667,0.040063,-1.0434,1.2064,-0.060242,0.90796,-0.073767
-0.67538,-1.3642,0.089688,0.10602,-2.9887,0.034769,-0.96423,-0.05802
-0.86203,0.69852,-0.45778,0.16619,0.7608,-0.011585,0.16306,0.032371
-0.88467,-0.6243,0.59213,-0.24152,2.4668,-0.11868,-1.903,0.13902
-0.70776,-0.34906,1.9373,-0.19536,-5.3036,-0.030202,-2.6069,0.18103
-0.64899,1.4685,0.68822,-0.33983,0.82856,0.0030473,1.012,0.035438
-0.63637,2.4154,0.21939,-1.7792,5.7009,0.27145,1.6752,-0.030031
-0.49366,2.0248,-0.23256,1.1146,-4.3155,0.0064935,-0.98268,0.054129
4.3829,-6.0207,-1.8364,-0.024803,6.605,0.12435,-1.6003,-0.010439
