tachometer_signal,underhang_bearing_axial,underhang_bearing_radial,underhang_bearing_tangential,overhang_bearing_axial,overhang_bearing_radial,overhang_bearing_tangential,microphone
-0.9364,-0.5201,-0.19599,0.30621,-2.7354,0.0010707,2.0901,0.044345
-0.85139,2.603,0.5231,-0.059101,2.6895,-0.058041,1.6312,-0.049356
-0.64092,1.4322,0.88073,0.97428,0.69963,-0.0378,3.2232,-0.12183
-0.66929,0.52027,3.2182,-0.083573,-1.813,-0.022757,-1.2743,-0.14712
-0.67241,0.80824,0.6867,0.75871,2.7597,-0.11869,0.1857,-0.078975
-0.42931,1.3126,1.873,-0.47117,0.35421,0.041263,1.2238,-0.14712
-0.70692,-3.7048,-0.62739,-0.34264,-3.3522,-0.063663,-1.0918,-0.050767
-0.6624,1.3822,-1.5802,-0.76985,6.5641,0.051897,-1.3086,-0.050475
-0.67297,3.8986,1.8309,0.082967,-8.631,0.059682,1.714,0.064789
4.4337,-0.078646,0.82302,-0.12248,-1.3748,-0.03135,2.3863,0.24467
4.3944,-1.1885,-1.2551,-0.72457,4.3339,0.078427,1.2441,0.22659
-0.7092,4.7317,-2.4853,-0.48425,-2.5697,-0.0054623,1.4455,0.19668
-0.70733,-0.9768,1.0841,-0.15471,1.786,-0.20701,1.0714,0.011465
-0.48767,0.25559,-1.2393,0.81706,-3.3516,0.034904,-0.42802,0.035535
-0.70672,4.4305,2.2274,0.55183,2.1244,-0.082613,3.0625,-0.063228
-0.69616,-0.41805,-0.19935,0.79353,-2.347,-0.035207,1.9571,-0.18567
-0.69603,-1.0621,0.48087,-0.60502,0.71975,0.00073701,0.25515,-0.18285
-0.94834,1.229,-0.4358,1.0594,-1.6292,-0.069496,3.019,-0.17316
-0.76203,-2.6469,1.1725,1.3731,-0.47718,0.014689,-1.2832,-0.12945
-0.64919,-0.44371,3.2902,-0.59369,1.9393,-0.078038,-1.1646,-0.01959
-0.66578,-1.1431,1.0522,-0.15539,0.6875,-0.025543,1.1009,0.077858
-0.49178,-1.5245,2.7441,-0.67778,-2.8222,-0.04002,-0.4228,0.11028
-0.46572,-0.25577,1.1369,0.62271,1.9427,-0.1662,-2.1753,0.17774
-0.6969,0.8368,1.4159,-1.342,0.21334,-0.00085453,-0.80765,0.18188
-0.6601,0.083406,1.6227,0.068534,-3.2778,0.06925,-0.59362,0.14481
4.4129,-3.5045,-1.5674,1.3504,7.6102,0.31016,-2.0169,0.10624
4.3804,4.7185,-1.1616,0.31814,-5.2362,0.014605,-0.66786,0.039259
-0.6895,-2.5035,-0.063807,0.39595,1.5715,-0.082684,0.17681,-0.05028
-0.70632,-0.30112,1.2091,0.43531,-1.852,0.05225,1.1311,-0.1184
-0.69803,3.2008,0.46593,1.8843,0.84524,-0.013138,2.8556,-0.076833
-0.60773,-0.56896,-0.74865,0.45943,2.6898,-0.019337,2.4022,-0.17058
-0.67077,-3.8535,-1.0111,-0.53865,-0.53796,-0.01489,0.053797,-0.079364
-0.69777,-0.93049,-1.4516,1.3495,1.7517,-0.038179,1.9655,-0.078756
-0.6967,-1.4048,-0.26642,0.69252,-2.8274,0.054285,0.80311,-0.019201
-0.93259,1.498,2.325,0.63614,0.056002,-0.050866,-0.20859,0.019861
-0.74567,-0.24089,0.15541,-0.74315,1.7012,0.0043629,3.9577,0.19466
-0.66165,0.75403,1.0167,0.3989,-4.1257,-0.029194,-1.633,0.14377
-0.66686,1.1967,0.28244,-0.049313,3.8898,-0.016308,1.0248,0.079708
-0.42792,1.7211,1.2054,-0.66211,3.3181,-0.0053917,1.5063,0.041011
-0.59252,-0.15318,0.76509,-0.093522,-6.7482,-0.029451,-0.68589,0.035048
-0.65743,-1.0835,-0.096435,-0.11477,5.6907,0.033652,-2.2218,-0.071673
4.41,3.9651,1.4332,0.65444,-6.6213,0.0025403,1.8623,-0.093261
4.3798,3.7904,2.0266,0.57833,-1.1875,-0.031216,0.78258,-0.1661
-0.84555,-3.5633,-2.4188,-1.4197,3.508,-0.044654,-0.22892,-0.1643
-0.74361,1.5056,-1.4771,-0.01707,-1.4409,-0.040836,0.72402,-0.15109
-0.70143,-3.8653,-1.7607,0.063602,0.24479,-0.11138,-0.95136,-0.038063
-0.48148,-4.4335,-0.27275,0.34529,-2.0807,-0.032961,-1.143,0.042179
-0.47821,1.0449,-0.7909,-0.38585,1.9854,-0.11784,2.3136,0.24272
-0.72558,0.26533,-1.2114,1.2815,-2.1637,0.046949,1.4656,0.19767
-0.69862,-1.3925,1.9503,0.039496,1.8074,-0.086265,-0.37028,0.22939
-0.75079,3.0413,0.049802,0.79062,2.8963,-0.094139,-1.1272,0.012828
-0.82514,0.22519,-0.27704,0.68583,-3.8594,-0.019144,-4.5204,0.10444
-0.74241,2.675,0.97536,-0.31275,2.1971,-0.037633,-0.52592,0.0041877
-0.66534,1.9728,0.26616,-0.088351,2.8348,-0.017335,0.9907,-0.068704
-0.6528,0.082584,1.6001,0.45088,-6.2527,-0.063919,-4.4011,-0.074521
-0.44293,0.21923,-0.29367,-0.14756,0.67207,-0.10948,-1.5512,-0.13008
-0.59965,1.6857,0.91338,-1.2918,3.6281,0.04822,1.666,-0.13819
4.4296,3.451,-0.054499,1.2571,-4.3253,0.044966,0.14626,-0.13074
4.4074,-10.266,-0.41229,-1.5712,6.5196,0.19984,-0.9763,-0.042955
-0.9662,2.3952,-3.1269,-0.092064,-4.1278,0.0088359,1.316,0.017281
-0.76945,-1.1555,-2.2461,-0.41918,-0.20291,-0.015884,1.7373,0.15197
-0.6983,-2.1616,-2.3002,-0.40537,-0.46743,0.013784,1.61,0.080779
-0.69305,1.5375,-1.2063,1.1702,0.65466,-0.021288,0.56478,0.16058
-0.52395,1.9029,-0.80398,0.1841,1.432,-0.059998,1.4864,0.27636
-0.49961,-1.4829,0.46341,0.0626,0.34486,-0.018073,1.2969,0.20259
-0.68973,1.7004,0.64325,0.50903,1.2815,-0.063091,2.1439,0.0012428
-0.69225,-0.98306,2.1053,0.022681,-3.2504,0.01825,-1.2352,-0.047506
-0.72953,2.7862,0.0968,-0.051966,3.1415,0.018469,1.6749,-0.15291
-0.74065,-0.30494,1.8227,-0.17711,1.9826,-0.049929,-0.20236,-0.20288
-0.62433,-0.46047,2.1519,0.3254,-5.455,0.0078091,-0.79247,-0.1497
-0.65836,-0.50055,-0.25152,-0.72485,2.8623,0.0025917,1.3445,-0.11906
-0.66225,0.88085,-0.099063,-0.93296,6.0142,0.33766,1.3863,-0.077466
-0.43838,0.093964,-0.76387,-0.11088,-7.2906,0.04985,-1.1657,0.035218
4.4513,-7.4268,-0.73249,-1.0624,4.7631,-0.031736,-0.013036,-0.00058252
4.4314,2.2956,-2.7623,-0.27706,-3.2928,0.042707,-1.7539,0.3308
-0.65741,2.9839,-2.1047,0.31913,0.25991,0.027922,1.1056,0.045732
-0.87225,-3.3169,-1.5194,-0.97708,3.0372,-0.019651,0.83631,0.17012
-0.71695,3.001,0.87156,-1.4569,-0.96751,0.017352,-0.048485,0.029353
-0.70078,3.8927,0.17392,-0.22576,1.3571,-0.076664,0.32152,-0.003211
-0.70184,-0.79737,1.2665,-0.081434,-2.5632,0.053502,-0.92298,-0.082431
-0.428,0.44814,0.57633,1.1226,1.0484,-0.049185,2.1354,-0.19714
-0.59617,0.88153,0.35502,1.0016,-3.1242,0.010966,0.4281,-0.11492
-0.68561,-1.259,1.5724,-0.30519,0.86308,-0.038628,-0.54335,-0.159
-0.68879,0.041529,-0.22044,0.27462,3.6048,-0.11689,-0.58866,-0.071527
-0.79721,-0.68073,2.8123,-0.070303,-3.6999,0.051564,0.55253,-0.01061
-0.76719,-0.0016658,-0.34463,-0.87364,0.20377,-0.029502,-0.43481,0.080049
-0.66126,1.8296,-0.46825,-0.15794,5.4388,0.13305,-0.48804,-0.015696
-0.65915,-1.079,0.41839,-0.69443,-7.1851,-0.016019,0.013962,0.12841
-0.27085,-1.6039,-1.6976,-1.3004,0.98002,0.00078835,1.522,0.14294
4.4395,3.9694,-0.76075,-1.8148,4.0394,0.043933,3.7426,0.15586
4.4045,6.3502,0.50855,1.5135,-4.5007,0.027036,-0.21833,0.12668
4.3863,-6.0952,1.2511,-1.2852,5.1027,-0.074091,-0.068148,-0.035605
-0.84271,2.1534,-0.60316,0.6258,-5.55,0.02563,0.13011,-0.061963
-0.84036,4.1111,2.9415,-0.72338,1.3819,-0.064497,1.8949,-0.10782
-0.73213,-2.8279,-1.3755,0.031622,0.016427,0.051942,2.4352,-0.17238
-0.70005,-0.96513,1.2191,-0.47776,0.98855,-0.046335,-0.14621,-0.12719
-0.69017,0.76944,-0.70049,0.48886,0.30763,-0.042305,1.1646,-0.032003
-0.52756,-4.9883,1.9622,1.5252,-0.87121,-0.014357,-0.63399,-0.070457
-0.62946,0.50419,-1.2652,-0.70731,3.2745,-0.00033471,1.7783,0.09234
-0.68964,-2.5699,-0.1296,-0.064098,-3.1139,0.058835,0.61358,0.18317
-0.68333,1.539,0.2169,0.02211,1.2433,0.019823,-0.74237,0.087594
-0.8119,0.37502,0.046969,-0.46992,3.8621,-0.079283,-2.8706,0.20794
-0.71738,1.5218,-0.068465,-1.7535,-1.7967,0.047328,-2.8657,0.15954
-0.65912,0.53862,0.94197,-0.23975,0.8221,0.00067925,-0.14393,0.079343
-0.65906,1.7671,-1.4345,0.773,8.0852,0.33488,-3.827,-0.0031867
4.4007,3.7281,1.617,-0.2969,-7.1545,-0.039045,-2.2544,-0.066051
4.3877,-7.1749,-0.94305,-1.5465,2.2072,-0.11512,0.89276,-0.16825
4.3578,1.854,0.18372,-0.46232,-0.72276,0.030752,0.39409,-0.18171
-0.73352,1.5078,-2.1925,1.3381,-0.96854,0.039049,1.8036,-0.15907
-0.81416,-4.2354,0.73697,-0.60385,4.378,0.047655,-0.33387,-0.087371
-0.79152,-1.9402,-2.2251,-0.097363,-1.2463,0.053065,1.7203,0.051111
-0.67542,2.3653,-0.93194,0.77881,0.94801,-0.079071,1.911,0.1691
-0.70122,-3.3204,-2.4558,-0.012792,-2.5221,-0.002876,1.9195,0.28273
-0.46092,0.46417,2.2338,1.1288,0.86299,-0.010917,1.5595,0.14109
-0.55524,0.86718,-0.42192,1.2021,1.364,-0.051489,2.8607,0.2085
-0.61445,0.18325,0.88615,0.71295,-2.3106,-0.060082,-5.4192,0.15318
-0.68936,2.1499,-1.9975,-0.33385,4.3188,0.12122,0.20732,0.088226
-0.75175,1.0791,1.0544,0.0028281,-0.62647,0.032484,-0.96513,-0.010877
-0.81252,0.39562,-2.3833,-0.77884,-2.7151,-0.043858,-1.0265,-0.083526
-0.72561,2.039,-0.46589,-0.22379,4.0752,-0.24054,-2.8783,-0.10884
-0.66566,1.6023,0.58919,-0.61717,-5.4803,0.076374,-0.60272,-0.16243
-0.65745,-3.2388,-0.36447,-0.39568,-1.1331,0.011121,0.5183,-0.08927
4.4119,0.95819,-4.2815,-0.77153,7.4229,0.503,0.94329,-0.071673
4.3934,2.4607,-1.5992,0.039663,-4.375,-0.033603,-1.3638,-0.00085024
-0.73014,-4.4469,-1.3489,-1.3735,2.5296,-0.22038,-2.912,0.083651
-0.71927,0.63826,1.064,-0.50415,-3.5305,0.026516,0.68339,0.072796
-0.90754,2.1489,-2.4924,0.79429,2.5999,0.031425,1.8806,0.19548
-0.75076,-0.2776,-1.4023,0.88328,1.1912,-0.00062991,0.53821,0.27565
-0.70062,0.14559,0.07772,-1.1077,1.625,-0.047356,-0.45768,0.21206
-0.6885,2.8983,0.44565,0.31603,1.8802,-0.091232,0.66227,0.074329
-0.46279,-2.4166,0.3661,0.35725,-0.66452,-0.029772,-2.3689,-0.0044279
-0.65357,2.4846,2.3033,-0.25054,2.6921,-0.040681,1.9218,-0.074594
-0.67207,0.16892,1.311,0.11612,-0.15338,0.043394,1.77,-0.16423
-0.67833,0.27524,3.9002,0.31176,-1.2753,-0.064997,-4.1146,-0.15958
-0.84866,-0.53982,0.65139,0.18647,4.6211,0.07509,0.93069,-0.14607
-0.75031,0.45995,1.1498,-1.7565,2.2156,0.057249,1.9645,-0.10755
-0.60583,-3.1616,-0.3427,0.18085,-4.7299,-0.037935,-1.2095,-0.078537
-0.65363,-0.42375,-0.64209,-0.88196,7.1758,0.24519,-2.008,0.15114
4.4353,4.6169,-0.04327,0.4758,-5.6969,0.049548,1.814,-0.01852
4.4127,-1.0949,-0.61263,0.02983,0.82004,0.021568,2.0336,0.20442
-0.66739,-2.2531,-1.267,-0.71591,2.0826,0.056216,2.0164,0.21685
-0.72121,3.1889,-2.4038,0.37155,-1.3015,0.0064807,0.77298,0.14021
-0.70379,0.82526,-0.2516,-1.2548,3.3792,-0.082729,1.1647,-0.014918
-0.85744,-1.7121,-0.43997,1.3158,-0.67264,0.052083,-0.93106,-0.017424
-0.70525,1.3551,0.1513,-0.016447,3.2919,-0.060691,2.1517,-0.10713
-0.69025,-1.7353,-0.4296,0.34466,-2.4585,0.0144,2.8116,-0.14875
-0.6919,0.2605,2.0649,1.2303,1.1636,0.041681,1.5205,-0.11628
-0.4946,0.55797,1.4222,0.37449,2.5414,-0.095975,1.3114,-0.15172
-0.62832,-2.4487,2.3616,0.72353,-2.862,-0.014152,1.1067,-0.11297
-0.67512,-0.82106,2.455,-0.68396,3.1924,-0.055698,1.3988,-0.022146
-0.67158,0.012495,2.129,-0.021052,3.6942,0.077811,-0.44837,0.019058
-0.83647,-0.76474,1.5444,-0.72229,-5.1622,-0.059395,-1.6198,-0.0016291
-0.74366,1.1427,0.42439,-0.11495,3.0219,-0.32107,-2.0036,0.043761
-0.65296,2.765,0.4005,-0.85794,-1.8377,0.050254,-0.40388,0.20646
4.4379,0.46622,-0.44837,0.072324,-2.0093,-0.025453,1.2299,0.043542
4.4036,-3.239,-1.2014,0.28673,6.5359,0.29604,1.8356,0.16657
-0.71855,4.3621,0.54382,-0.80994,-4.4006,0.026972,-3.1585,0.024656
-0.71261,-1.0706,-1.9334,-0.31081,1.648,-0.12376,1.5445,-0.13094
-0.70646,0.65306,1.1562,-0.66581,-2.9858,0.063827,0.93561,-0.10913
-0.88042,1.4223,-1.3633,1.1819,1.754,0.01723,2.4077,-0.20901
-0.80537,-1.4601,-1.0667,0.43827,-0.62389,0.047148,2.54,-0.12694
-0.74962,-4.2497,2.2547,-0.52611,-1.5217,-0.020242,-0.13046,-0.056876
-0.68426,0.21334,1.552,0.054186,2.077,-0.21267,-0.81803,0.13196
-0.6747,-1.8438,2.0755,-0.49258,-2.8147,0.0018857,1.7339,-0.022633
-0.43847,1.4604,2.4707,0.43666,0.12505,-0.081433,1.1847,0.2022
-0.66704,-0.019121,1.1932,-0.47613,2.3416,-0.083756,1.9523,0.23588
-0.67458,0.69502,1.931,-0.70293,-3.1875,0.034647,-1.543,0.17998
-0.6634,2.118,1.1617,0.093706,2.7045,-0.065556,2.2777,-0.0076405
-0.8663,1.9662,1.0192,-1.3229,5.0435,0.25859,2.411,0.060725
-0.67347,0.8239,1.0024,0.69157,-5.3979,0.013181,0.46768,-0.0024565
4.4276,-4.0234,-1.6845,0.13777,5.8027,0.068692,-0.17247,-0.073158
4.3918,3.8977,1.7837,0.073917,-7.7968,0.073011,3.0221,-0.13821
4.2675,2.9889,1.4032,0.20124,-0.29548,-0.038089,1.6161,-0.15311
-0.70836,-3.61,-0.7848,-0.16514,0.99765,-0.01908,1.5398,-0.15087
-0.71033,2.0041,0.16082,0.24209,-1.8428,-0.026717,0.61619,-0.10032
-0.70225,-1.8944,-0.46959,0.15862,1.6909,-0.10317,1.01,-0.0093928
-0.93505,-4.4838,-2.1352,0.86963,-4.2841,-0.0090368,-2.0918,0.18015
-0.8482,1.1387,-0.17776,-0.73142,3.0646,-0.049544,1.5713,0.36142
-0.67485,-0.7277,1.7417,0.32187,-2.409,0.070976,1.3736,0.30393
-0.67672,-0.05265,0.4465,0.059568,0.46279,0.015574,0.79313,0.19237
-0.54013,1.4499,1.2426,0.54537,2.0666,-0.16988,-2.1198,0.16007
-0.57227,1.5677,0.16762,0.32002,-2.388,0.0011477,-3.0834,0.09341
-0.71569,0.69782,2.9767,0.26168,1.2644,-0.042703,-0.094632,-0.030713
-0.66569,2.475,0.76324,-0.064561,4.7799,0.1291,-1.7187,-0.064031
-1.0671,-0.32001,2.2943,-0.93444,-8.0992,-0.04081,-0.93338,-0.11879
-0.86889,-0.49305,-0.93273,0.65196,1.4133,-0.026306,-1.2069,-0.15647
-0.71091,2.5086,-1.1341,-0.73542,2.1889,0.031926,0.5902,-0.15812
4.424,1.652,1.4182,1.8462,-4.5323,0.033158,-0.80064,-0.03451
4.3908,-7.9511,1.3328,-0.98396,6.2464,0.1118,-0.69843,-0.016694
-0.6303,3.3278,-1.1662,0.8435,-3.7933,0.0054795,-0.29692,0.058437
-0.68788,0.84774,-0.24006,-0.16324,0.15033,-0.056321,1.5658,0.11709
-0.70928,-2.166,-1.19,0.45727,-0.21906,0.060144,1.0991,0.24275
-0.69958,2.4353,-2.3092,1.3438,1.308,0.0097343,1.4337,0.14771
-0.94259,-0.5248,-2.296,0.017267,1.7485,0.042714,2.0231,0.19991
-0.79994,-1.5113,-0.067431,0.22827,0.11224,0.015183,-3.5019,0.084746
-0.68531,3.4371,-0.16712,0.53,1.5997,-0.10397,0.45993,-0.024166
-0.67453,-1.96,3.066,0.21064,-3.4448,-0.015538,-0.71109,-0.085181
-0.39052,1.9297,0.26739,0.21656,0.4865,-0.025286,-1.0916,-0.16309
-0.64225,-0.69695,2.1317,-0.1106,3.0619,-0.11858,-0.87761,-0.16584
-0.66802,-1.4055,-0.44717,-0.1562,-4.5375,0.033633,-2.1853,-0.16406
-0.66279,-1.211,-1.1076,-0.29785,2.6801,-0.028937,1.4313,-0.10699
-0.86197,1.0187,0.19306,-0.31656,6.441,0.34703,-0.19376,-0.025334
-0.6421,1.6035,-0.89752,0.1957,-7.3816,-0.0043136,-1.9877,0.094457
4.4453,-9.7786,-0.63704,-1.7076,4.2314,-0.091418,-1.8348,0.14019
4.4109,3.2178,-1.8266,0.46703,-3.3653,0.039582,0.37332,0.17811
-0.68238,2.964,-1.1885,0.42989,0.53932,-0.014716,1.3435,0.1168
-0.53001,-3.1797,-2.4586,-0.73534,3.0823,0.018225,1.881,0.13578
-0.75213,4.7025,0.21527,-0.51123,0.084556,0.012943,1.7577,0.061455
-0.70208,0.93811,0.68622,0.56166,2.1122,-0.085598,0.86753,-0.045072
-0.67839,-3.1222,0.98039,0.07594,-5.1148,-0.0063158,-2.6393,-0.088004
-0.80233,2.8374,1.4242,-0.27774,3.639,0.013136,0.96873,-0.16163
-0.65539,-0.2522,2.4889,0.77115,0.13271,0.011583,0.50146,-0.17988
-0.67279,-0.91236,0.89999,-0.023274,0.21656,-0.1035,-0.14687,-0.1211
-0.67412,0.12655,-0.14361,0.20476,4.0019,-0.013625,-0.71715,-0.064396
-0.46493,0.18724,0.98366,-0.37357,-3.5632,0.043246,-1.2795,-0.0075432
-0.5835,-1.9564,-0.21704,0.55361,2.2781,-0.032749,-0.52354,0.074743
-0.66877,1.7483,-0.97319,-0.3007,5.6772,0.092802,-1.0315,0.020518
-0.66094,0.26544,0.58149,-1.1685,-7.9994,0.023333,-1.3221,0.069267
-0.78989,-5.6297,-3.9291,-1.031,0.83608,-0.034803,0.81137,0.20001
4.4265,4.1929,-2.559,-1.4907,4.1316,0.11696,2.8205,0.049529
4.3878,3.5726,-4.6292,2.0561,-3.9081,0.029378,0.24366,0.065714
-0.72006,-4.8274,0.28294,-2.2375,4.9724,-0.021641,-0.6876,-0.027646
-0.45142,2.6649,-2.0109,0.89923,-5.3657,-0.019298,-1.2401,-0.096522
-0.57554,1.7789,-0.52756,0.15935,0.86958,-0.0069704,2.5141,-0.15868
-0.74472,-4.8364,-1.0763,0.45221,-3.1916,-0.0054944,1.4379,-0.1839
-0.70136,0.091248,0.35422,0.15274,1.9485,-0.044288,0.59293,-0.1404
-0.9492,1.0113,1.2465,-0.045883,0.89933,-0.043666,2.2508,-0.08484
-0.79006,-3.4038,-1.7563,-0.68533,-1.0883,-0.0098839,-4.1576,0.017987
-0.72978,1.4619,-0.44487,0.63372,2.1785,-0.068861,0.30378,-0.023192
-0.67728,-1.6662,0.95107,-0.47152,-2.0926,-0.014575,-0.92782,0.21758
-0.66465,2.4943,2.267,0.043434,-0.72767,-0.037479,0.81611,0.06934
-0.45446,0.90716,1.2794,-0.12194,4.0287,-0.066467,-3.8353,0.1865
-0.71211,1.118,-0.22783,-1.3344,-3.8334,0.027241,-2.5963,0.061625
-0.66772,-0.55716,1.4852,-0.71559,-0.53479,0.059034,-1.0528,0.025337
-0.66595,1.5566,0.47897,0.023067,8.3138,0.53562,-3.3093,-0.021221
4.4124,4.1964,-0.14701,-0.069436,-6.5082,0.029885,0.22162,-0.066149
4.3819,-6.4471,0.016249,-1.9851,2.0683,-0.15844,-0.025141,-0.15939
-0.715,2.7533,1.2126,-0.13587,-2.4729,0.045685,0.94481,-0.17392
-0.70027,0.31113,-1.6867,1.8854,0.34752,-0.035111,2.1147,-0.10684
-0.44404,-4.4672,-1.569,0.32219,3.6344,0.053848,1.1169,-0.10412
-0.61776,-1.7344,-1.8662,0.0038622,0.56957,0.045518,0.78362,0.057901
-0.71472,-0.033506,-2.342,1.3097,2.641,-0.0433,1.182,0.090928
-0.70453,-3.6927,-0.44796,-0.30764,-4.4705,0.040846,-0.38502,0.094311
-0.96116,0.45993,1.1021,0.31561,2.6858,0.0076872,1.8039,0.20717
-0.71265,1.8295,1.0818,0.37678,0.34732,-0.041618,3.001,0.075327
-0.67143,-0.90386,2.636,-0.10315,-0.58671,-0.067199,-3.6314,0.19984
-0.66676,2.1565,-0.63166,0.04818,4.1375,0.052411,-0.57837,0.0653
-0.55996,2.1945,0.66059,-0.70077,-1.1823,0.007623,0.23156,-0.039182
-0.47876,0.11878,0.82006,-0.20175,-3.3367,0.0026687,-0.55864,-0.066124
-0.72832,1.8311,0.081613,-0.034855,5.6461,0.034647,-0.75897,-0.11035
-0.66262,1.9424,0.63394,-0.19303,-7.1727,0.034962,1.5755,-0.14844
4.4255,1.4331,1.4958,-0.57066,-2.4914,0.028274,2.1151,-0.12736
4.4089,-2.3201,0.43698,-0.52854,5.5704,0.25928,0.51615,0.0021677
-0.7221,1.2308,-2.0477,0.89429,-4.3232,0.0051843,-0.61977,0.06547
-0.71195,-7.4661,-2.3614,-0.71415,1.2449,-0.25476,-0.6143,0.173
-0.71199,3.852,0.47719,0.69859,-4.4238,0.040577,-2.8841,-0.028328
-0.47905,1.6382,-1.4535,0.1011,2.8339,-0.060255,0.90665,0.46108
-0.68427,-2.4149,-1.7788,0.67514,-3.8962,-0.0072656,-0.07554,0.40309
-0.70473,-1.4413,1.2179,-0.28114,1.1798,-0.014806,-0.3889,0.18387
-0.70159,4.6049,-0.067713,0.47873,1.1262,-0.10113,-1.1687,-0.0026512
-0.80869,-1.2428,-0.75631,1.023,-2.7477,0.026535,-2.8044,-0.013092
-0.74136,1.9767,2.3867,-0.1093,0.68175,-0.094203,0.37228,-0.11324
-0.67622,-0.19774,1.92,0.19423,0.12242,-0.026293,-1.718,-0.15369
-0.66723,0.12974,2.8394,-0.52185,-2.6023,0.022133,-0.57243,-0.14381
-0.42859,0.19067,0.4809,0.64961,0.74886,-0.14809,-3.5921,-0.13468
-0.61478,0.91866,0.3738,-1.7633,2.1491,0.039203,3.0636,-0.056462
-0.66888,-2.4645,-1.1891,0.26687,-3.0394,0.03054,0.33476,-0.0013613
4.4537,-5.5731,-4.3756,0.13204,6.6004,0.11044,-0.76135,0.040451
4.4259,4.316,0.17744,-0.11271,-7.1637,0.010395,-0.57365,0.22408
4.4094,-0.45011,-0.15104,-0.26979,-0.30602,-0.059234,2.1456,0.16599
-0.63849,1.3457,-0.29926,-0.046018,0.56268,0.015202,2.0978,0.16572
-0.70798,3.6624,0.71741,1.4327,-1.7546,-0.020434,-0.26883,0.062745
-0.49509,-1.1955,-1.6701,-0.3322,1.9934,-0.018034,1.0041,0.033198
-0.51925,-2.6845,-1.884,0.5104,-1.4565,-0.029079,1.2693,-0.057387
-0.70859,3.5906,0.6801,-0.52164,1.4047,-0.12323,1.5803,-0.15693
-0.69981,-1.2244,-0.51226,1.2255,-3.6693,0.07595,1.5409,-0.1753
-0.76946,0.52165,0.86064,1.1534,1.4738,0.026914,3.6708,-0.11947
-0.78687,-0.77758,-0.86578,0.808,2.348,-0.044885,1.486,-0.13081
-0.61674,-1.0613,0.68242,1.1982,-4.1534,-0.055076,-1.8419,-0.053274
-0.6676,-0.81772,0.11125,0.31934,2.7563,-0.0053724,0.4801,0.054226
-0.66702,1.8843,2.2738,0.16656,3.2482,-0.033212,-0.091794,0.0045041
-0.50114,-1.9614,-1.1795,-0.64036,-6.9565,-0.039924,-5.2368,0.17609
-0.62328,0.23513,-1.1716,-0.048349,4.5724,0.11962,-0.57952,0.20522
-0.8789,3.6554,0.039735,0.043479,-4.9875,0.048143,-1.3624,0.19127
4.4074,2.509,-0.5221,-0.66865,-1.9105,0.034493,1.4169,0.10865
4.3696,-2.4176,-1.4498,-0.79651,5.8574,0.29547,1.4482,0.058924
-0.73957,0.96303,0.18447,-0.85576,-3.0264,0.070598,0.71501,-0.048041
-0.71314,-3.2032,-1.5168,-0.093689,-0.26428,-0.02148,0.9806,-0.11833
-0.71081,-2.712,-0.033627,0.39927,-2.3307,0.076951,0.2785,-0.14505
-0.40827,2.4883,0.24614,-0.43223,2.7658,0.010434,1.0829,-0.16046
-0.50331,-0.46947,-0.46421,0.88882,-0.72282,0.057699,1.9282,-0.098129
-0.71242,-4.8804,0.79475,-0.66868,1.1158,-0.0063351,2.6139,-0.089051
-0.70407,0.95817,0.72492,0.49542,1.0834,-0.039481,-0.25047,0.046049
-0.87959,-2.5186,0.59122,0.18564,-1.2342,0.0072764,-1.0584,0.056636
-0.745,0.55998,0.51922,0.39518,1.3523,0.028441,0.89833,0.17993
-0.72953,1.2955,-0.94853,0.61408,1.8255,-0.075901,0.61078,0.18867
-0.67344,0.007781,1.2668,0.3607,-4.8653,-0.04235,-1.7835,0.14075
-0.66636,0.80327,1.7057,-0.2933,1.7306,-0.051816,0.074642,0.026165
-0.49632,3.2166,1.2125,-1.9607,5.0438,0.22858,1.8539,0.037652
-0.62867,1.6254,0.32029,-0.25965,-4.4211,0.064527,-0.82424,-0.045291
4.3996,-6.1108,-0.032278,-1.0569,6.6221,0.22112,-0.6771,-0.07749
4.37,4.6418,-0.6197,-1.1415,-5.8513,0.05621,2.1439,-0.092263
-0.78495,0.10042,0.67074,-0.0018413,0.11484,0.00091028,2.4224,-0.17526
-0.71606,-2.2038,-1.7448,-0.28742,1.597,0.017724,0.41047,-0.12806
-0.70549,2.1224,0.54004,0.031384,1.6526,-0.076465,-1.0663,-0.050865
-0.69487,0.87156,-0.3675,-0.52809,2.4896,-0.027083,2.4502,0.042106
-0.35354,-5.8237,-0.12076,0.14023,-3.8187,0.0088231,-2.1984,0.16195
-0.6165,2.1231,-0.8441,-0.76564,3.6594,0.0094391,2.1646,0.12544
-0.70016,-0.73713,-0.40251,0.88894,-1.0036,-0.024927,0.66742,0.23194
-0.69898,1.3627,0.87695,0.0035989,0.25043,-0.02904,0.022124,0.0846
-0.84723,0.7177,1.0588,1.0169,3.1101,-0.068546,-1.4074,0.14681
-0.68739,1.4125,0.96753,-0.24856,-2.062,0.0077257,-3.6488,0.031933
-0.67087,0.22739,4.6735,0.38318,1.2484,-0.028039,-1.5578,-0.056973
-0.66105,0.5647,1.4612,-0.18885,5.6438,0.16901,-2.2495,-0.078172
-0.59743,0.45481,1.4567,-1.1274,-8.6571,0.030334,-1.7032,-0.10755
-0.5917,-6.0162,-0.3642,-0.018104,3.4563,-0.0048141,0.51145,-0.15313
4.4209,4.2282,-0.62222,-0.97072,-1.969,0.023526,1.3999,-0.12663
4.4004,0.65798,0.5097,2.2885,-2.0796,-0.011681,0.31161,-0.044464
-0.90433,-4.2506,1.0999,-0.40641,5.2655,0.14519,1.589,0.049894
-0.86243,2.5617,0.72497,-0.15837,-2.3284,0.012892,0.89317,0.12726
-0.68278,-0.37559,0.1442,0.26657,0.61117,-0.1011,0.86218,0.093848
-0.7002,-4.1899,-0.58069,0.18261,-3.2207,0.049613,0.57073,0.15389
-0.70421,2.1788,-0.45813,1.5861,1.835,-0.027025,1.9362,0.036362
-0.46199,2.2173,0.78393,0.52615,1.0476,0.033749,0.5284,0.12729
-0.64584,-2.1297,1.2936,-0.9396,-1.3783,-0.045732,-0.80932,0.049018
-0.68927,2.6131,1.5207,0.19384,3.0768,-0.11321,-0.23597,-0.046532
-0.68193,-0.82804,0.87774,0.32295,-1.3081,-0.014261,1.5977,-0.10465
-0.89122,-0.15595,1.0405,0.25464,0.45031,-0.083788,-1.7986,-0.20307
-0.70642,0.42267,-0.35899,-1.105,3.0409,-0.20865,-0.34881,-0.1753
-0.66405,-0.00036853,0.32391,-0.45976,-5.8689,0.0027585,-1.1937,-0.12427
-0.66442,-0.28524,-1.8146,0.34225,1.7715,0.027979,0.84803,-0.08815
-0.30176,0.54174,-0.18503,-0.36043,6.3578,0.42215,0.60413,0.054445
4.4473,2.8664,-0.17114,0.36473,-6.3018,0.017371,-2.7653,0.053229
4.4284,-9.6853,-0.2962,-1.8016,4.4768,-0.2376,-0.61281,0.38534
-0.74414,2.2432,-2.0428,0.4826,-4.1663,-0.0083373,-2.2114,0.2499
-0.74748,1.9179,1.6536,0.67884,-0.5485,0.029937,1.1467,0.22194
-0.80434,-3.1873,-2.6042,0.70207,-1.0092,-0.0085619,0.60575,0.041206
-0.70484,2.563,1.0916,-0.004237,2.2411,0.011557,-0.79135,0.040962
-0.69827,3.648,-0.11176,0.71218,1.6698,-0.11174,0.71181,-0.13232
-0.57461,-3.906,0.90181,1.2845,-3.2548,0.0044527,-3.7948,-0.15698
-0.62236,2.0812,0.074765,-0.22236,2.9537,0.0048057,2.1116,-0.19519
-0.63448,-0.54192,1.5867,0.068008,-2.1768,0.042881,-1.1273,-0.14566
-0.6837,0.088223,0.15559,0.089351,1.8414,-0.057258,-7.0073e-05,-0.11908
-0.71783,0.89756,-0.7571,-0.043802,2.9631,-0.04966,0.27052,-0.042492
-0.7875,-0.15326,-0.59271,-0.24298,-2.0485,-0.012419,-1.7991,0.073599
-0.63811,-0.52014,-1.504,0.46315,-1.3079,-0.048447,-2.9531,-0.013871
-0.6566,1.2718,-1.8123,0.16388,6.3543,0.020715,-3.0069,0.1186
-0.65077,1.9677,1.0196,0.12082,-7.4839,0.053078,-0.41388,0.011684
4.4454,-6.2318,-2.2357,-0.72665,-0.55616,-0.067982,0.3268,0.097523
4.4048,2.9069,-2.7119,-1.2618,2.3569,-0.02895,0.74964,0.14839
4.3016,3.6747,-2.4058,2.1268,-3.202,0.039871,1.1013,0.025921
-0.71968,-4.6428,2.0093,-0.16932,3.1146,-0.22294,-0.76983,-0.047628
-0.85563,2.4169,-1.6481,0.73827,-2.3567,0.013649,-0.47033,-0.09017
-0.71084,2.0982,0.28169,-0.22905,-0.76254,-0.083191,0.61209,-0.18706
-0.69578,-2.0921,-0.069621,-0.3525,-4.7912,0.071811,1.2313,-0.1526
-0.70078,-2.9225,-0.022745,0.56371,-1.1145,0.0071481,0.74436,-0.030445
-0.53284,1.2015,-1.0185,0.93484,-0.29894,-0.018971,1.8322,-0.1093
-0.63814,-3.7383,0.078774,0.48238,-2.2443,-0.071081,-3.4148,0.050941
-0.69067,0.97514,-0.68083,-0.30404,0.044814,0.0097087,0.789,0.15552
-0.68322,-1.4787,2.0704,0.44715,-2.2095,0.019649,-2.6093,0.2308
-0.99782,1.1512,-0.7213,-0.15103,-3.0665,-0.033911,-2.5808,0.194
-0.80555,2.7013,0.88379,-0.28922,2.1327,-0.25365,-2.8207,0.070387
-0.68445,1.7936,0.41563,-1.049,-6.643,0.038151,-1.1145,0.11023
-0.66039,-2.3768,-0.95274,-0.21283,-1.0749,0.036675,0.0054977,0.0076193
-0.77823,3.2133,-0.24731,0.15881,7.1623,0.33506,-0.45258,-0.058117
4.3918,4.9718,0.31368,0.85422,-7.4795,0.045807,-1.067,-0.13743
4.3603,-6.6307,-1.0386,-1.8327,1.5456,-0.26956,-1.1186,-0.19755
-0.719,1.0864,0.39764,-1.1859,-3.6874,-0.0022086,2.7544,-0.17827
-0.71407,0.64592,-3.3256,0.87759,1.093,0.0064871,-0.32198,-0.075397
-0.73235,-4.6929,-1.7063,0.1232,0.025328,-0.042709,0.83622,0.021711
-0.73528,-3.3533,-0.26317,-0.74678,2.0173,-0.064978,-0.00068657,0.13281
-0.6967,0.30286,-1.3226,0.63549,2.1421,-0.076061,-1.806,0.26229
-0.68384,-1.7247,-0.66421,-0.0065107,-2.573,-0.022507,0.0593,0.049554
-0.48847,1.9231,0.010262,-0.58449,2.11,-0.019491,0.64113,0.21707
-0.64473,0.75578,-0.18468,0.94881,-1.1565,0.046975,1.3254,0.15623
-0.68866,1.0025,1.7748,0.45829,-0.3898,-0.047497,-1.7938,0.10546
-0.67319,1.5959,0.023309,0.33885,2.933,-0.080239,0.25038,0.010856
-0.91925,2.2047,2.082,-0.50585,-0.1675,0.0035671,0.29205,-0.071795
-0.66308,-0.7213,0.70115,-0.19353,-4.1869,-0.019286,-1.5343,-0.10565
-0.6588,1.8438,-0.61488,-0.70421,6.3434,0.012179,-2.7885,-0.15885
-0.65072,2.2605,1.558,-0.1233,-7.9727,0.043028,1.0019,-0.13069
4.4181,-2.0389,-1.3702,-1.0157,-1.2412,0.0041704,2.2707,-0.090998
4.3952,-3.2439,-2.1615,-1.2644,5.0689,0.22749,1.5055,-0.067925
-0.69404,2.54,-3.7193,-0.085711,-2.6262,0.027979,-0.5115,0.035413
-0.71341,-4.6245,-0.57587,-0.93477,2.2921,-0.12773,0.8457,0.10667
-0.91598,0.2692,-2.0771,1.511,-3.4128,0.052462,-0.79435,0.16567
-0.79086,2.9628,1.3813,0.24861,1.0918,-0.041734,1.4416,0.29928
-0.66238,1.686,0.40483,1.2805,-2.6473,0.011538,1.5684,0.2105
-0.68391,-1.0452,1.1802,-0.10227,-0.20491,-0.0072207,-0.77453,0.078881
-0.68427,2.5513,1.0888,0.62729,-0.91213,-0.091027,0.84595,-0.0067643
-0.55208,0.40033,-0.51459,0.0054166,0.48633,0.0093942,-2.779,-0.048382
-0.71811,1.4383,2.5599,0.15202,0.28411,-0.032672,-1.0521,-0.1533
-0.67016,-0.31936,0.75628,-0.13453,0.3758,-0.00045664,-1.9222,-0.1681
-0.66805,-0.24098,3.4916,0.1918,-3.8659,0.048977,-2.1916,-0.11266
-0.95068,0.20902,1.3186,0.51234,0.89081,-0.10124,-2.5073,-0.12845
-0.69594,0.40869,-0.22787,-1.8476,0.61071,0.028467,1.2329,-0.097812
-0.6457,-4.0863,1.5774,-0.22452,-4.4275,0.04093,-0.37541,0.12464
4.4388,-3.2342,-1.7233,0.16215,7.4273,0.196,-2.3757,-0.013774
4.4234,3.9081,-1.1531,0.033575,-6.5493,0.029872,-1.5939,0.19127
-0.72672,-2.5356,-2.287,0.3365,0.82987,-0.13712,-0.59066,0.22912
-0.71745,0.22068,2.0384,0.2411,-2.4352,0.015946,0.13453,0.14963
-0.70136,3.1515,-1.8103,1.4235,0.13531,0.011275,1.8647,0.080682
-0.98797,0.44073,-0.87304,0.15689,1.9513,0.016216,3.7575,0.034926
-0.74933,-1.3054,-0.72891,-0.22661,-0.83457,0.0086947,0.026767,-0.068364
-0.69291,1.6398,0.29626,0.9415,0.76712,-0.032223,0.20168,-0.14313
-0.68112,-1.9047,-1.2569,0.79445,-2.4315,-0.016173,-2.2885,-0.16554
-0.33669,1.5093,2.4208,0.39321,0.0046996,-0.003537,1.6025,-0.12785
-0.58309,-1.2684,1.862,0.2571,1.7977,0.05003,2.6642,-0.11916
-0.69062,-1.4703,1.474,-0.20471,-2.5774,0.041655,-3.189,-0.053955
-0.66818,-0.81,-0.77786,-0.3755,4.1622,0.021421,-0.46594,0.030911
-0.82686,1.2667,-0.024242,-1.0183,2.7293,0.03561,1.0248,-0.0065696
-0.8137,-0.89048,-0.37941,-0.83553,-6.7776,-0.058131,-0.97517,0.045319
-0.65766,-0.43048,-0.55387,0.50209,5.1514,-0.020588,-1.4994,0.25363
4.4424,4.7642,0.75335,-0.2618,-6.4798,0.059547,0.18957,0.037409
4.4025,5.725,2.3105,0.77276,-1.521,0.030521,0.35328,0.028623
-0.60868,-2.8143,0.81839,-0.8352,3.8023,-0.020223,2.5892,0.075011
-0.74331,4.0067,1.0373,0.13136,-2.8371,-0.035952,-1.1535,-0.058385
-0.7019,-2.4782,-0.45934,0.56727,-0.075201,-0.14624,0.3232,-0.082455
-0.70196,-2.9211,-0.25214,0.23915,-2.0906,-0.00023203,-1.8622,-0.17212
-0.92586,0.51493,-0.51213,0.031828,1.8456,-0.0039734,1.527,-0.20704
-0.68651,-1.8708,-1.4022,0.84017,-3.1719,0.020375,0.65387,-0.21541
-0.67366,-2.751,0.14781,0.048469,2.0088,0.022556,1.6548,-0.042979
-0.67309,2.4583,1.1814,0.67157,0.77294,-0.07755,-1.2602,-0.073986
-0.40906,-2.4868,-1.048,0.64799,-4.422,0.002059,-2.6962,0.22021
-0.57767,0.802,2.7035,-0.35436,2.6378,-0.045379,-0.94306,0.23019
-0.68951,0.40562,-0.86484,-0.068813,2.7624,0.0049148,1.6177,0.18894
-0.66767,0.48883,2.9513,0.54362,-5.3537,-0.039751,-2.3647,0.047801
-0.91001,1.7974,-0.29967,0.2323,0.81576,-0.11181,-0.74261,0.048702
-0.7117,3.2537,0.075363,-1.4605,2.7465,-0.0023498,-0.18474,0.010053
4.474,2.8706,1.5612,0.44012,-5.2955,0.055883,-0.68526,-0.069629
4.3969,-8.4584,1.8852,-1.1703,6.4417,0.051467,-2.0649,-0.15956
-0.010252,3.5156,-1.6953,0.088285,-4.9699,-0.011642,-1.4181,-0.14593
-0.58832,0.086161,-2.9176,-0.95861,-0.083711,-0.036337,2.82,-0.16411
-0.74958,-2.0792,-1.3101,-0.37628,0.21004,0.038241,1.4435,-0.12454
-0.70104,-0.10044,-0.98745,1.2097,-0.26168,0.0017381,0.65377,0.14153
-0.84168,2.295,-0.26021,-0.4386,1.5823,-0.0080999,-0.68466,0.071725
-0.86096,-5.5483,-0.33423,0.0051597,-1.6255,-0.058907,2.1083,0.35288
-0.71745,1.9805,-0.0036014,0.6499,1.4676,-0.074797,1.8478,0.076009
-0.67354,-1.4612,0.7551,-0.046609,-3.2551,0.04978,-1.5966,0.14673
-0.66623,3.0833,-0.43377,0.28738,1.9523,-0.021525,0.29008,0.060846
-0.40964,0.41102,0.68548,-0.37647,1.8665,-0.033802,-0.084742,0.10904
-0.65983,1.2699,0.34427,0.80327,-6.3114,-0.032371,-2.7399,0.0056723
-0.66248,1.1864,-1.088,-0.79446,3.0639,0.0063395,1.0503,-0.05746
-0.66308,1.429,1.2164,-0.40912,5.5176,0.29237,1.4956,-0.11183
-0.78788,-0.14034,-0.035728,-0.43394,-7.2419,0.040378,-2.2492,-0.15321
-0.5772,-7.2012,-0.42103,-0.72933,4.9767,-0.043005,-1.5403,-0.14517
4.4247,3.2621,-0.60622,0.29624,-4.0029,0.015959,1.1076,-0.078439
4.3998,0.20571,-1.762,0.70127,0.47986,0.017057,0.47134,-0.0063263
-0.67993,-6.0634,-3.3502,-1.0807,3.3785,0.029898,2.0971,0.083919
-0.56755,1.6545,0.16793,-1.3855,-2.0212,0.025515,-1.7495,0.11475
-0.70179,0.029693,-1.0991,0.27482,0.43876,-0.1105,0.73037,0.26842
-0.70577,-3.3736,0.7078,0.018102,-1.7156,0.044427,-0.6646,0.2096
-0.90149,1.0141,0.48388,0.40391,1.5326,0.013765,0.6931,0.23895
-0.74503,1.385,0.31313,0.80954,-3.062,-0.01394,0.72188,0.096404
-0.63496,0.10169,1.0604,-0.56522,2.2982,-0.0091331,-0.62256,-0.00048517
-0.66782,1.8828,1.9166,0.42586,2.9867,-0.038756,-0.61166,-0.09387
-0.66834,0.087189,1.3911,0.69901,-3.4201,0.0076358,-2.6942,-0.10828
-0.45704,-0.14328,2.2912,0.33511,2.2166,-0.020819,-0.10854,-0.17891
-0.70226,0.19346,2.0947,0.49813,4.9503,0.10498,-0.45636,-0.15878
-0.66111,-2.7023,1.1128,-0.87764,-7.3982,-0.02449,-1.3961,-0.10648
-0.66244,-1.9072,-1.1993,-0.040424,2.2164,-0.047413,0.63944,-0.045924
-0.89534,1.9218,-1.1762,-2.2161,2.573,0.012115,1.9576,0.063523
4.4475,4.0195,-0.86533,1.8059,-5.1272,0.029552,0.18196,0.10804
4.4174,-8.6011,-1.1609,-1.4042,5.9866,0.12891,-1.2089,0.20444
-0.71489,2.9692,-3.0653,-0.3292,-5.4399,-0.0007711,0.49492,0.087229
-0.48551,2.5455,0.71967,-0.21727,0.3519,-0.067301,2.446,0.13904
-0.67415,-1.9348,-2.8978,-0.78822,-0.40805,0.044447,2.7674,0.092948
-0.70292,1.2711,0.36306,0.52263,-0.053333,-0.040983,1.5996,-0.017546
-0.7007,1.688,0.50027,0.062779,1.0315,-0.018599,2.584,-0.096863
-0.8386,-2.941,0.8421,1.8162,-0.14854,-0.017707,0.054445,-0.16318
-0.77551,1.1791,-0.25309,0.18219,2.6417,-0.046797,0.80252,-0.20753
-0.66408,-1.5315,1.6632,0.16919,-3.3468,-0.0047114,0.028186,-0.14413
-0.67085,-0.43049,0.0069918,0.69703,2.9792,-0.020518,-0.14817,-0.079875
-0.45929,-0.7995,1.2179,-0.46778,4.0448,-0.030677,-3.2529,0.00061003
-0.52367,-0.27148,-1.6913,-0.62738,-3.536,-0.03042,-2.6946,0.050795
-0.744,-0.081947,0.35034,-1.332,1.4457,-0.0015348,-0.65181,0.012463
-0.66344,0.82221,-1.0476,-0.61962,8.0351,0.44274,-2.6493,0.079221
-0.89356,2.7668,0.58201,-0.49418,-7.3615,0.031502,-0.97548,0.19144
4.4338,-8.8099,-0.78699,-1.6377,4.0716,-0.041054,0.52476,0.059678
4.3943,4.5947,-0.36639,-0.3564,-1.7128,0.044588,0.84365,0.092583
-0.71129,2.8966,-1.4613,1.4605,-0.45295,0.040487,1.0221,-0.021318
-0.70089,-1.7463,0.5261,-0.67138,4.7581,0.12224,-0.099898,-0.060162
-0.59831,0.26419,-0.98369,-0.24183,-1.3958,0.060638,1.9376,-0.14712
-0.68514,1.2241,0.0931,1.6261,0.77898,-0.018535,1.0821,-0.17813
-0.69766,-4.1514,0.79143,-0.093875,-2.9807,0.030944,-0.26146,-0.15128
-0.69848,1.2122,1.5743,1.2272,1.7053,-0.023367,3.0437,-0.10409
-0.86196,-0.67793,-0.22275,0.75516,1.6091,0.03414,-1.6192,-0.0051337
-0.69383,-1.1802,0.69601,0.21074,-1.8615,-0.098246,-2.1698,-0.021635
-0.6655,0.14452,-1.7175,-0.020416,4.0654,-0.018259,1.5576,0.20629
-0.66188,0.39318,1.925,-0.38298,-1.3021,0.033967,-0.83988,0.12517
-0.37609,0.79162,-2.0855,0.045316,-1.1922,-0.043518,-0.47603,0.1903
-0.59474,1.9275,-0.37108,-0.00067233,5.5154,-0.05996,-0.77647,0.07708
-0.66439,1.089,0.51394,-0.45345,-7.0116,0.057442,-0.74038,0.042812
-0.66205,-1.8249,-0.62015,-0.55328,0.020505,0.030809,0.83836,-0.017254
4.4139,2.9855,-1.1353,-0.33065,6.3262,0.38622,0.24739,-0.059894
4.3804,4.123,-1.6664,1.3587,-3.9091,-0.0094604,0.35541,-0.15866
-0.69673,-4.5203,-0.089324,-1.0394,4.1255,-0.2268,-2.1582,-0.17435
-0.70925,0.3227,0.84587,1.4448,-4.3975,0.017743,-2.394,-0.11283
-0.6008,2.1873,0.72932,-0.45333,1.8476,0.018026,0.8783,-0.07143
-0.57404,-2.6016,-1.8482,-0.4147,-0.183,0.052603,0.81567,-0.0053041
-0.69454,-1.8469,-1.2784,-0.14877,1.665,0.023609,1.2299,0.10088
-0.7034,0.97979,-0.44873,0.52194,1.4331,-0.027577,-0.041774,0.1858
-0.79747,-2.4561,0.47523,1.3838,-0.93341,0.05501,-2.0584,0.11006
-0.8959,3.1381,-0.60628,-0.42024,2.1223,0.015478,1.1354,0.064181
-0.72208,-0.44288,-0.58115,0.42892,-1.465,0.055369,1.1232,0.23637
-0.6713,2.2713,1.8437,-0.26114,-0.90325,0.0033874,-2.5047,0.089419
-0.66807,0.94861,1.4818,0.64123,3.6789,-0.084025,-1.949,-0.031443
-0.55623,2.034,0.10965,-1.3582,-0.70418,0.023647,-1.762,-0.07586
-0.61976,-1.4773,1.7372,0.2713,-1.8091,0.0071802,-1.1405,-0.10687
-0.6592,1.2158,-2.2413,0.074559,7.3681,0.17946,-2.6406,-0.15464
4.4265,4.4981,0.12072,-0.066468,-6.3352,0.009407,-0.73365,-0.10791
4.4094,-7.3922,-2.5229,-1.256,1.4142,-0.060922,-0.16541,-0.022219
-0.72046,-1.8298,-2.1099,-1.7106,1.6159,0.053957,0.060745,0.019448
-0.71113,0.58578,-4.6839,0.31013,-1.7014,-0.044808,0.6403,0.19531
-0.70482,-1.0007,-1.1095,-0.71153,3.9316,-0.024272,-0.13232,-0.0079569
-0.45419,-4.1266,-3.6737,0.82377,-2.5202,0.051487,0.85076,0.49272
-0.57897,2.0033,-0.34881,-0.38963,1.885,-0.0017466,2.3714,0.42358
-0.71185,-1.3953,-2.2062,0.0028538,-2.1691,0.034249,1.0833,0.2234
-0.69989,1.967,1.5654,0.95832,1.1641,0.019361,1.4111,0.015237
-0.75555,2.2799,0.91672,0.76126,2.3099,-0.12373,1.7784,-0.021367
-0.69772,0.68895,2.2815,0.61675,-1.3975,-0.032557,-1.8814,-0.10236
-0.62225,1.1121,3.414,0.24954,3.4373,0.0076422,0.76624,-0.14695
-0.66728,0.8481,3.1747,-0.36558,2.6166,0.00094237,0.17417,-0.14218
-0.66397,-0.43015,0.68639,-0.57056,-4.2191,-0.066313,-2.5638,-0.11341
-0.45099,1.3308,-0.10146,-0.53787,3.2692,-0.34586,-0.84975,-0.096206
-0.59486,1.4511,0.83039,-0.72886,-3.6001,0.051641,0.49809,0.0017296
4.4306,-3.8974,0.32165,-0.86663,-2.5748,0.0053063,1.0477,0.023123
4.4245,-2.1908,-1.0685,-0.6346,7.2263,0.41114,0.30942,0.052742
4.3759,4.1465,-0.48048,-1.2342,-5.2665,0.015953,-0.69847,0.16798
-0.70963,-3.7819,-3.5514,-0.18308,2.1116,-0.13873,-0.050597,0.24345
-0.70575,1.4175,0.067333,0.59435,-2.7427,0.025862,-0.15153,0.089541
-0.70527,2.4276,-1.6495,0.92938,1.6455,-0.025831,2.6211,0.0042851
-0.49991,-0.99138,0.012337,0.83498,-2.1142,0.031759,0.30087,-0.036627
-0.59718,1.0763,0.93361,-0.52403,1.0023,-0.05994,0.93122,-0.14605
-0.69397,2.9032,2.479,0.59592,2.8244,-0.15205,0.58193,-0.16326
-0.69151,-2.6194,-2.0502,-0.27043,-3.1479,-0.037858,0.76567,-0.16559
-0.75467,0.81347,3.1267,0.60748,0.33923,-0.0072528,0.56525,-0.14323
-0.76201,-1.3048,-1.9105,0.86483,1.8446,0.012295,3.2598,-0.085108
-0.658,-0.8424,2.6767,0.25414,-2.8273,0.013142,-2.5843,0.0037496
-0.66849,-1.6069,0.71253,0.61834,3.3949,-0.082639,0.94745,0.088859
-0.44116,0.24878,1.0597,-1.6053,2.4798,0.018956,2.6054,0.18989
-0.53315,-2.2706,0.15698,0.67245,-4.4894,0.02984,-0.85306,0.16202
-0.68414,-0.79192,-2.7673,-0.70545,6.56,0.10077,-1.1639,0.20317
4.4211,4.3257,0.84944,-0.0011348,-7.5479,0.054156,0.82572,0.18473
4.3809,1.597,-0.27551,0.95149,-0.050886,-0.062642,2.1583,0.073745
-0.75958,-1.4939,-0.60292,-1.0372,1.27,0.0060635,1.4969,-0.017522
-0.76955,3.2615,-0.10205,0.83978,-1.1809,0.023866,1.2866,-0.095549
-0.70469,-1.3441,0.5902,-0.47949,2.9582,-0.088222,0.80626,-0.14332
-0.69385,-1.0761,-0.40427,1.092,-2.6471,-0.026454,-2.5868,-0.1036
-0.54904,0.62757,-0.84223,0.021564,3.4919,-0.11167,1.7857,-0.13926
-0.60595,-2.2797,-0.065927,0.80992,-3.1423,0.028076,2.0234,-0.11315
-0.68991,-3.0052,0.80351,1.1329,0.63884,0.028146,1.3382,0.038967
-0.6813,1.2026,1.6806,0.11789,2.2864,-0.10103,-1.2525,-0.029253
-0.91603,-1.0764,1.1965,0.20807,-2.0777,-0.068951,0.44702,0.16922
-0.67876,0.84148,4.0515,-1.0456,2.3356,-0.043865,1.0908,0.19485
-0.66313,1.11,0.86109,-0.48584,4.312,0.099855,-0.16208,0.15387
-0.64839,-0.72874,3.7173,-0.395,-5.288,0.047899,-1.0039,0.021078
-0.47975,1.4379,0.38933,0.40321,2.1024,-0.17255,-1.2302,0.05408
-0.57738,3.3237,1.394,-1.0066,-2.7509,0.032959,-1.3818,-0.042468
4.4045,2.7518,1.1615,1.0108,-3.3521,-0.023855,-0.39571,-0.081214
4.3754,-7.1205,-0.10296,-0.083386,6.8359,0.26697,0.62633,-0.13838
-0.76186,2.6665,0.13818,-0.17526,-5.1962,0.0072251,-0.53576,-0.16223
-0.78396,-2.1588,-0.25194,0.68317,-0.0006503,-0.082825,0.47726,-0.13439
-0.68177,-1.7099,1.1043,0.70417,-2.9571,0.00021719,0.67147,-0.054369
-0.69442,0.36688,-1.6278,1.0358,0.98214,0.0044399,2.1829,0.13065
-0.5981,-2.3937,-1.7294,0.41238,-0.39655,0.013078,0.82135,0.22174
-0.56815,-2.0126,0.62928,-0.0456,-1.5996,-0.010481,2.5481,0.139
-0.6196,1.644,1.4005,1.3758,1.0091,-0.14498,-2.0144,0.22447
-0.68499,-0.5505,0.69891,0.15638,-3.0635,-0.0045638,-0.027716,0.09801
-0.84907,2.1562,1.024,0.75602,0.17214,0.0024312,1.0178,0.075376
-0.80339,0.92382,0.92232,-0.39582,2.5121,-0.024619,0.98103,0.042471
-0.64753,0.65325,2.1944,-0.54161,-5.8787,0.018475,-2.3755,-0.034096
-0.66014,1.5622,-0.46061,-0.22791,2.7448,-0.0091138,0.13049,-0.075714
-0.66126,3.2934,0.32451,-1.0136,4.7781,0.1975,2.2867,-0.062766
-0.50759,-1.1913,0.46645,0.12044,-6.063,0.024341,-0.88785,-0.14844
4.4275,-5.2842,-1.0804,-0.15121,5.4116,-0.17315,-0.51069,-0.13079
4.4074,2.3963,-0.41852,0.49008,-6.5143,0.026336,0.99612,-0.071089
-0.71379,3.405,0.061005,-0.8944,0.11699,-0.05129,-1.1649,-0.02015
-0.81179,-4.3295,-2.6536,0.031673,-0.37079,0.012821,-0.23954,0.11485
-0.75372,2.5142,-0.16528,0.02051,-0.99818,0.00067925,-0.87487,0.13663
-0.69588,-2.0679,-0.77396,-0.19175,1.7703,-0.0078303,1.8161,0.17733
-0.69337,-2.7678,-0.53041,1.4292,-4.652,-0.05634,-2.5643,0.1232
-0.34104,3.3807,-1.0012,-0.65714,3.9893,-0.11361,0.94039,0.14002
-0.68627,1.9768,1.2045,0.13851,-3.6328,0.076078,-0.67832,0.036752
-0.67698,-0.22513,1.2748,1.3428,-0.40109,-0.078217,0.12569,-0.041519
-0.67446,-0.17564,3.9941,-0.13912,3.2448,-0.12265,-2.6016,-0.15321
-0.89081,0.26839,-0.80964,0.50665,-3.6867,0.039569,-3.1021,-0.21334
-0.68541,-1.074,2.1766,-0.6784,2.6611,-0.045033,-0.30387,-0.15956
-0.6658,0.96555,-0.56103,-0.24982,4.7559,0.096499,-1.3291,-0.14822
-0.6537,-1.9632,2.1219,-0.94398,-7.2969,0.047238,-2.6554,-0.11025
-0.52918,-3.1953,-0.98363,-0.22069,0.84578,-0.071485,-0.5611,0.017281
4.4496,3.8874,-2.3619,-1.0581,-0.14887,0.039858,1.4005,-0.024847
4.432,1.8406,-0.53408,2.1621,-3.8015,-0.036119,-1.3803,0.41993
-0.72556,-6.6918,-0.54719,-2.0612,5.357,0.098982,-0.21513,0.32718
-0.70736,4.8508,-1.5103,-0.42094,-3.7003,-0.027051,1.273,0.041595
-0.80379,3.0492,0.07959,-0.29934,0.69259,-0.072474,1.5833,0.052961
-0.64201,-2.5965,-0.4146,-0.79134,-2.182,0.023583,-0.43771,0.065763
-0.69498,2.4171,-0.97679,0.61254,2.7794,-0.049839,0.71814,-0.13936
-0.69103,1.599,-0.38434,0.56463,1.7103,0.044177,1.4283,-0.11577
-0.58926,-2.725,0.69643,-0.015272,0.53622,0.035494,-1.3131,-0.14308
-0.67726,2.1114,-0.16204,0.39161,0.98272,-0.065665,0.6031,-0.16525
-0.67811,-2.278,1.1344,0.78022,-4.7383,-0.017495,0.097478,-0.12217
-0.67595,1.2004,-2.0723,0.33455,1.0393,-0.046399,-0.88131,-0.038939
-0.92446,-1.0527,1.0589,0.1297,2.7877,-0.14011,-3.3346,0.062891
-0.69642,0.82419,0.65372,0.15004,-6.9086,-0.030799,-2.3084,-0.029399
-0.64863,0.089803,-0.66991,-0.97483,0.89843,0.040551,0.8268,0.058218
-0.65484,2.2307,-1.4789,-0.71389,7.898,0.54749,-0.7687,0.10088
4.4433,4.1107,-1.4675,0.89691,-6.6655,0.021517,-0.49633,0.11186
4.408,-8.8681,-0.67355,-2.5215,3.9354,-0.23074,-0.88555,0.1462
4.2851,3.874,-0.67362,-0.27826,-3.1032,0.092308,-0.8245,0.028258
-0.71677,0.31266,-1.976,1.2875,0.37889,0.0011606,-0.23557,-0.068364
-1.0642,-3.558,-1.0785,-0.16255,3.1098,0.010376,0.96995,-0.086885
-0.78501,2.3077,-0.98405,-1.082,0.044827,0.0057042,0.72175,-0.18158
-0.76247,0.79037,-0.21598,0.72785,2.1456,-0.033776,0.81523,-0.18054
-0.695,-6.4264,0.66189,0.17768,-5.1532,-0.0081641,0.56999,-0.026527
-0.68704,1.5851,1.8204,0.77579,2.1491,-0.027179,1.2733,-0.069264
-0.46165,-0.67434,0.37195,0.30332,-1.4247,0.0052036,-0.64402,0.027187
-0.69771,-0.57703,-0.35493,-0.098519,0.89734,-0.010975,0.017956,0.15635
-0.68226,-0.57954,0.58921,-0.2957,2.6612,-0.13147,-1.8516,0.23759
-0.67474,2.2435,3.0657,-0.2553,-3.9115,0.038145,1.1773,0.049627
-0.7533,-0.31122,0.73471,0.83606,-0.11691,-0.054068,-1.8306,0.087034
-0.67991,2.8997,-1.3468,0.037467,5.5079,0.028146,-3.0039,0.12271
-0.65859,1.5232,0.84257,-0.2658,-8.6106,0.070585,0.07337,0.01677
-0.64776,-4.0211,-1.7785,-0.94844,0.085988,0.049767,1.0215,-0.057704
4.4014,2.8063,-1.1195,-1.6229,3.0804,0.011737,1.8973,-0.14408
4.3674,3.3828,-1.5911,1.9661,-3.8261,0.00046748,1.4669,-0.18489
-0.71109,-4.0694,1.8648,-1.4319,4.0567,-0.14236,1.4494,-0.17947
-0.70627,1.6006,-1.2422,1.1061,-3.6778,0.0034965,0.53326,-0.12427
-0.92791,0.6998,0.76361,0.1747,2.6831,-0.01247,1.5274,0.0044554
-0.72775,-5.5448,-1.8532,1.119,-6.122,0.034506,1.7991,0.14841
-0.67072,-0.55701,-0.43036,-0.11574,1.3081,-0.046983,1.6186,0.27064
-0.67969,1.8399,0.79501,0.77391,0.72535,-0.060338,2.4669,0.1664
-0.51274,-2.4258,-1.2047,-0.086071,-0.7292,0.019527,-2.9165,0.21026
-0.60139,2.4781,-0.21748,-0.10695,1.5172,-0.11358,-0.24527,0.1654
-0.74329,-0.090193,1.5493,-0.5551,-2.7898,0.010986,-1.1901,0.10972
-0.67344,2.2798,0.45545,0.81559,-1.3373,0.038844,0.52634,0.016551
-0.98372,1.3162,0.62998,0.17081,2.2358,-0.21581,-0.018661,-0.055075
-0.79187,0.75966,1.2542,-0.91891,-4.0433,0.053046,-2.5618,-0.12322
-0.62747,-2.3082,2.5049,-0.29761,-1.1304,0.054593,-1.0161,-0.17818
-0.64589,-1.033,-0.95455,0.7505,8.4804,0.5021,-2.5284,-0.12943
4.4204,4.1604,0.84221,0.43538,-6.7313,0.057378,-0.25384,-0.060746
4.4013,-7.5692,-0.0769,-1.8119,1.6626,-0.094062,0.56348,-0.061573
-0.75452,2.0427,0.92679,-0.43747,-3.8469,0.034525,0.85304,0.01733
-0.71279,-0.45065,-2.4713,1.654,-0.60415,-0.038493,3.0422,0.11388
-0.70612,-5.0624,-0.19797,0.83419,0.90891,0.047585,0.09735,0.080511
-0.76477,-0.40174,-1.4579,0.70982,-0.23348,0.021568,-1.32,0.29778
-0.77729,2.462,-1.5897,1.2298,0.99669,-0.11683,-0.41092,0.24095
-0.68049,-2.2617,0.44163,0.11779,-2.8433,0.0027585,-0.77843,0.10436
-0.68368,1.8752,1.8546,0.11885,2.2044,0.024764,1.474,0.011708
-0.50065,1.1957,1.2173,0.48271,0.31997,0.021671,-0.46693,-0.037771
-0.61548,0.35143,2.1831,-0.33515,-2.1458,-0.070478,-1.6717,-0.1507
-0.6656,0.66619,0.10682,-0.075165,3.6001,-0.075208,2.3184,-0.17233
-0.66831,0.19607,2.8545,-0.26079,0.37105,0.034788,-1.0516,-0.17229
-0.88028,-1.7817,2.4219,0.21399,-3.6701,-0.03223,-1.0307,-0.12398
-0.75401,0.44014,-0.65116,-0.03357,6.7576,0.078876,-1.0998,-0.098542
-0.62213,2.1523,2.199,0.056023,-7.6514,0.017461,-0.34259,0.12028
4.4468,-2.1191,-0.67101,-1.4062,-0.29783,-0.037967,0.20279,0.019983
4.4257,1.3074,1.1829,-0.58895,4.4697,0.11173,2.2132,0.17833
-0.56245,2.6213,-1.1282,0.25452,-2.4362,0.067915,0.61441,0.22746
-0.77115,-4.2113,-2.2862,-0.97319,0.79808,-0.23827,1.3054,0.18222
-0.70958,2.84,0.6336,1.0619,-2.8013,0.012321,0.56264,0.058875
-0.89843,3.8522,0.32932,0.64123,3.5476,-0.058862,1.6552,-0.012971
-0.82983,-0.86278,-0.98114,0.2862,-4.1056,0.016646,0.52621,-0.063107
-0.68702,-1.5225,0.78043,0.45569,1.2141,0.023814,-0.87491,-0.13157
-0.6769,2.134,0.88335,-0.66139,2.3299,0.02409,1.7428,-0.16576
-0.6668,-0.99017,-0.18244,1.8292,-0.89088,0.033569,-1.5283,-0.085862
-0.519,0.3589,0.2831,-0.33133,2.6639,-0.017469,1.0421,-0.13074
-0.641,-0.57243,1.2174,-0.059474,0.052469,0.045127,-1.7053,-0.052033
-0.67293,-1.0955,1.4952,-0.46613,-3.9601,-0.077813,-0.49283,0.036241
-0.66646,0.95278,-0.88324,0.1015,1.2238,-0.20899,-2.7761,-0.0045253
-0.81918,1.8204,0.34408,-0.68343,-1.0848,0.073287,-0.54891,0.047996
-0.67559,-3.0128,0.8708,-0.65599,-3.15,0.023532,-0.92353,0.22583
4.444,-0.99616,-3.3178,0.23116,7.0314,0.26208,-1.9381,0.051111
4.4059,2.9689,-0.66357,-0.15913,-6.0964,0.041456,-1.9178,0.17392
-0.40176,-4.7583,-1.4501,-0.78044,0.92291,-0.098285,0.71483,0.056928
-0.6051,2.6475,0.44931,-0.77725,-1.0513,0.042335,-0.5818,-0.049867
-0.72409,3.9892,-0.81216,1.7914,0.90441,-0.027526,2.0937,-0.10735
-0.70516,-3.3916,0.28374,-0.70364,2.1766,0.069141,0.092084,-0.21159
-0.84575,-5.0293,0.39879,0.12335,1.0454,0.01028,-0.4123,-0.18587
-0.89527,0.75,-1.313,0.43706,1.5046,-0.1225,0.40743,-0.17265
-0.66927,-1.498,-2.1228,-0.38568,-0.9869,0.0012568,1.1351,0.0014132
-0.67562,0.68649,0.6426,1.112,2.1946,0.03817,0.50639,-0.047287
-0.68283,0.013458,-0.24579,0.20287,1.1278,-0.075464,2.2154,0.1021
-0.45873,0.086932,0.54696,0.24733,-2.8203,-0.04398,-3.7236,0.20381
-0.69556,1.3007,-2.0086,-0.60722,3.2417,-0.0068741,0.46157,0.2217
-0.67028,2.1911,0.20321,-0.22352,3.9189,0.071869,0.74277,0.069754
-0.66265,1.4282,-0.024139,-0.024649,-6.6369,-0.042074,-3.2265,-0.022973
-0.77086,1.1533,0.61954,-0.35046,5.7691,-0.076921,-1.6707,0.005648
4.4247,4.3296,-0.18337,0.26894,-6.0961,0.051801,0.35251,-0.044902
4.391,1.3084,1.7222,-0.11592,-2.1767,-0.0888,0.48788,-0.16949
-1.0287,-0.93358,-1.0759,-1.2162,5.8257,0.28841,0.37813,-0.11237
-0.46842,2.164,-0.5355,0.2727,-3.6183,0.013315,-1.8368,-0.15272
-0.62961,-5.8326,-4.6588,-0.98363,0.70799,-0.1006,0.49609,-0.098518
-0.71361,-4.6691,1.1069,-0.95594,-3.3451,0.011672,-1.7154,0.086766
-0.71316,1.6299,0.2459,-0.59601,2.4505,-0.029971,2.6146,0.04841
-0.96285,-1.3391,-0.96311,1.2339,-1.526,0.055023,1.291,0.33859
-0.72572,-2.1379,0.75577,-0.50121,-0.57193,-0.010474,-1.3558,0.1784
-0.67797,0.99949,0.2582,0.10262,1.7627,-0.05068,-0.84084,0.23696
-0.66979,-0.15806,1.8456,0.39997,-0.20446,0.023564,-4.1593,0.15671
-0.62075,1.947,1.2679,0.14334,0.54505,-0.0018107,0.26188,0.088616
-0.49415,2.0091,-1.7168,0.21507,3.218,-0.023245,-1.7459,0.0033359
-0.78973,-0.25326,2.4372,-0.82032,-4.5414,0.032728,-2.2856,-0.079024
-0.66803,-1.3481,1.6337,0.26676,1.4594,-0.081561,-0.60532,-0.1461
-0.6788,2.2476,1.5502,-1.9616,1.6126,-0.017457,1.7916,-0.15454
-0.72271,0.40026,1.8308,0.62787,-5.2964,0.018244,-1.9157,-0.15722
4.4217,-6.9684,-1.0195,-0.064927,6.525,0.020028,-2.5003,-0.10429
4.3901,0.26228,0.37845,-0.65217,-5.9349,0.012776,-1.4416,0.011635
-0.71249,-2.4277,-2.2758,0.43306,0.55926,0.0098434,2.9433,0.019058
-0.511,-0.65595,-1.5024,-0.62025,-0.91955,0.029083,0.50212,0.1096
-0.67325,2.7729,-0.13054,1.1084,1.1619,-0.0032739,0.74512,0.25825
-0.70819,2.4564,-0.087564,0.47153,2.5009,0.0068272,2.5991,0.28132
-0.70036,-4.1165,0.34634,1.2203,-1.8606,-0.014113,-0.21226,0.094968
-0.83683,3.1495,0.35378,0.48526,2.9579,-0.07567,0.15259,0.11115
-0.71031,-0.9458,2.4351,0.36884,-2.3995,0.025156,-0.13458,0.010783
-0.67246,1.7575,3.4793,0.52776,1.419,0.026523,-0.92963,-0.088175
-0.67401,-0.33442,0.9401,-0.21601,2.4216,-0.019048,-2.495,-0.12673
-0.39119,0.16128,3.1026,0.51525,-4.007,0.053174,-0.34091,-0.16696
-0.56746,-1.2011,1.3252,-0.15521,3.567,0.024135,-0.58987,-0.14235
-0.66383,0.12245,-0.79311,-0.67856,6.4604,0.36097,-1.738,-0.10453
-0.66637,-2.252,-0.42039,-0.1358,-7.2592,0.055575,-2.0617,-0.071138
-0.72324,-5.954,0.066536,-0.1702,4.5805,0.005794,-0.7323,0.062964
4.4439,4.2056,-0.30116,0.041366,-4.5589,0.029847,-0.87603,0.11154
4.4144,3.2086,1.0087,0.91038,-1.3684,-0.0031392,-1.0611,0.22381
-0.70956,-3.0643,-0.94588,-0.54427,5.2212,0.19647,1.4625,0.18502
-0.45537,4.2087,2.075,0.06601,-2.0254,-0.022469,0.40107,0.12081
-0.60052,1.572,-1.94,0.46174,0.77933,-0.01634,2.0816,0.086547
-0.7086,-3.5376,-1.4151,0.26242,-2.6612,-0.0047692,-0.65117,-0.0014343
-0.696,0.78611,-0.34663,0.92873,1.3364,0.039114,2.8183,-0.12709
-0.73806,1.9934,0.83355,0.75125,-0.32576,0.013617,0.62925,-0.11509
-0.79437,-1.1097,2.1581,0.13664,-2.7725,-0.031973,0.90159,-0.17796
-0.73278,0.47356,0.3912,0.061135,3.394,-0.031556,-0.79853,-0.16348
-0.66952,-2.3164,1.3981,1.1547,-0.76296,0.051307,1.2562,-0.068753
-0.6561,0.92911,-0.40187,0.2019,-1.5285,-0.066807,-1.3164,-0.047092
-0.48159,-0.022017,-1.0267,-0.12816,3.9856,-0.18199,-2.4371,0.017817
-0.61786,-0.21753,1.2779,-0.11124,-8.8894,-0.037396,-1.0161,0.016819
-0.66577,-0.83703,-1.4836,0.15352,0.19955,-0.021185,1.6857,0.14549
-0.6598,3.2982,-1.0246,-0.31327,6.676,0.43571,1.046,0.19359
4.4331,5.2302,0.0011138,1.3809,-5.7299,0.021985,-2.318,0.068683
4.3982,-7.0547,1.5462,-2.4739,5.3556,-0.16624,-1.1351,0.1148
-0.70793,2.1272,-2.178,0.32348,-2.8044,0.0063972,-1.5846,-0.0035517
-0.69932,1.639,1.1326,0.11698,-0.22018,0.0018152,1.0886,-0.070359
-0.49719,-3.0708,-3.8111,0.54231,0.078647,-0.0021509,0.61883,-0.13982
-0.55713,-0.030629,1.5123,-0.066488,2.7394,0.012924,1.0,-0.19161
-0.69269,0.95041,-0.2678,0.37038,2.4524,-0.070163,0.75373,-0.16805
-0.6933,-5.1434,1.423,0.30922,-1.0392,0.029905,-3.3418,-0.14038
-0.75673,1.0104,-2.4348,0.28692,3.4172,-0.056571,1.5646,-0.001118
-0.7364,-0.60751,1.774,-0.44874,-2.9931,-0.0079074,1.6566,-0.018666
-0.57246,0.44154,-0.30274,-0.16161,1.1518,-0.0070602,3.17,0.19322
-0.66182,-0.38343,0.43905,0.42189,2.073,-0.10585,-1.7399,0.18548
-0.66605,2.1234,-0.13174,-0.45694,-4.5222,0.036765,-1.5472,0.16214
-0.46422,-0.082814,0.021009,0.58644,-1.7144,-0.085116,-2.7643,0.064497
-0.59318,2.3674,-2.0628,0.039618,6.7041,0.037156,-2.9482,0.061187
-0.65394,2.1265,2.466,-0.25425,-8.0796,0.040795,-1.0769,-0.017254
4.4204,-5.7826,-0.90881,-1.2086,-0.091951,-0.030471,-0.39581,-0.04736
4.3846,1.0803,-1.4843,-1.3454,1.4161,-0.0032226,2.3013,-0.14865
-0.77542,2.9697,-3.6158,1.5137,-2.5982,-0.018913,2.1618,-0.17117
-0.70609,-5.6926,-0.99523,-1.7308,4.199,-0.049236,-0.53591,-0.1306
-0.69973,0.90809,-3.4053,-0.25688,-2.1407,-0.02363,-1.3811,-0.085449
-0.48088,1.4935,0.074746,0.27032,0.32532,-0.007471,1.7669,-0.031832
-0.57774,-2.6471,-0.79209,-0.44417,-3.3718,-0.0039734,1.3254,0.081436
-0.69673,-1.2339,-0.28815,0.63676,0.1638,-0.028347,0.038699,0.1507
-0.69114,0.75781,-0.99112,0.3811,-0.73359,0.020753,1.7484,0.21768
-0.89337,-0.89652,2.4166,0.35431,1.2697,-0.058233,-1.4735,0.071239
-0.71593,1.8434,-0.97536,-0.011636,1.9268,-0.043422,1.7002,0.2416
-0.66519,0.93881,0.83134,0.031172,-1.3004,0.016575,-1.5693,0.13593
-0.65975,1.3229,0.15409,0.0050762,-1.1614,-0.021679,-0.96839,-0.015696
-0.40839,2.6635,0.47778,-0.19268,2.7805,-0.22997,-1.0296,-0.054905
-0.59003,1.2167,0.9208,-1.5625,-3.969,0.0010515,-1.9501,-0.11071
-0.63984,-3.5939,1.1665,-1.1664,-1.3139,-0.014716,0.088064,-0.18188
4.431,1.5634,0.18133,0.29361,8.3495,0.54815,-0.71117,-0.13154
4.4165,2.0935,0.08604,-0.16039,-6.8714,0.0022002,-0.85385,-0.018374
-0.76714,-6.5693,-3.7992,-0.13702,1.7961,-0.13719,0.80577,0.041352
-0.68096,0.39911,0.26521,-1.5689,-3.61,0.020997,0.8451,0.1167
-0.69647,0.38116,-3.474,1.1434,0.83222,-0.019478,1.1805,0.017038
-0.69238,-2.2857,-1.1006,-0.23255,1.724,-0.02698,1.7687,0.20454
-0.54294,-4.0981,-1.4264,-0.56791,0.53894,-0.019562,1.9221,0.35641
-0.62809,2.0083,-0.10269,1.522,0.315,-0.061275,0.72129,0.25097
-0.68614,0.43817,-0.12721,-1.0521,-1.2706,0.055549,0.014745,0.041035
-0.67885,3.3086,-0.048917,-0.17753,3.7257,0.018045,2.2947,-0.035872
-0.78376,0.84996,0.69055,0.31571,-0.17063,0.016935,-0.68016,-0.09533
-0.67297,1.0274,3.3072,-0.52827,-1.4441,-0.0095631,-1.2718,-0.14182
-0.6582,-0.68469,0.79958,0.35338,3.5411,-0.062604,0.85871,-0.16659
-0.66431,2.2618,1.922,-0.81535,0.63115,0.018379,1.1214,-0.10633
-0.4337,-2.895,3.0677,0.82595,-3.1639,-0.024599,-0.95839,-0.10774
-0.59911,0.61539,-1.7264,0.058232,7.454,0.23802,-0.56865,-0.035459
4.452,1.7145,1.5411,-0.02445,-8.0639,0.051204,-0.076291,0.071652
4.4327,-2.7707,-1.5013,-0.60789,0.059823,0.034301,2.2477,0.095187
4.3925,-0.94077,0.58485,-0.94984,2.8894,0.048663,1.6173,0.16467
-0.7784,3.8775,-2.1884,1.1089,-1.5269,0.033569,1.2827,0.18989
-0.70348,-1.2194,-0.094604,-0.35672,3.5122,-0.19077,1.3605,0.12994
-0.70138,-0.31013,-0.82699,1.1387,-2.5043,-0.0090304,-0.99009,0.051038
-0.40966,2.5089,1.3195,-0.14947,1.9618,-0.085033,1.6992,-0.022
-0.65987,-0.35926,0.24559,0.59794,-3.3353,0.010415,0.72309,-0.13585
-0.64021,0.22965,0.49653,0.36485,2.7218,0.037708,0.59287,-0.14751
-0.68243,0.73884,-1.5394,0.78766,-0.24728,-0.027083,3.5902,-0.20171
-0.69699,-2.479,3.2251,0.75702,-1.2736,-0.01978,0.14904,-0.13892
-0.89679,0.2664,2.5158,0.1729,3.5826,-0.13721,-0.51052,-0.082674
-0.73075,-0.4621,2.0864,-0.56137,-0.44046,-0.030086,0.58685,0.0012915
-0.6612,-2.7876,1.1532,-0.25632,-1.9539,0.040724,-1.2559,0.11001
-0.65095,1.9564,1.1249,-0.52013,3.3501,-0.33021,-2.1553,0.026043
-0.43127,1.0951,0.94177,-0.38038,-1.8482,-0.0089983,0.066075,0.17781
-0.65061,-0.58695,0.93594,-0.73638,-2.9341,0.059932,-0.67619,0.20644
4.4236,-3.2304,-1.5849,1.1222,7.583,0.32263,-0.60806,0.1913
4.382,4.5032,-0.24189,-0.039101,-5.1252,-0.014158,-1.4304,0.039891
-0.99495,-1.3085,-0.92384,0.37869,1.5629,-0.059979,0.6204,0.0012185
-0.69686,0.58967,1.0163,0.25117,-2.5285,0.053765,-0.39426,-0.074594
-0.70125,2.8329,-0.40324,1.0793,0.038006,0.011339,1.4209,-0.15243
-0.6916,-1.6583,0.36671,0.57156,0.40497,-0.024349,2.4083,-0.16014
-0.52059,-3.3632,0.089688,0.060943,-0.58072,-0.014742,-0.12708,-0.16331
-0.6704,0.32877,-1.0868,1.0508,0.77339,-0.052201,-0.084396,-0.12994
-0.68504,-3.4003,-0.15401,0.26631,-1.4618,0.04333,-0.76637,-0.026867
-0.67915,1.0681,0.55214,0.1324,0.63297,-0.077428,0.42449,-0.014577
-1.0031,-1.5079,0.48974,0.093545,1.7065,-0.020781,1.9832,0.14683
-0.74011,0.64563,1.5478,-0.23361,-4.2527,0.022088,-2.6691,0.18575
-0.63191,1.126,-1.3548,-0.63491,3.8089,-0.041939,0.16814,0.1737
-0.65394,1.6903,1.1318,-0.69756,2.7325,0.021883,2.41,0.028769
-0.51899,-1.1394,0.14522,-0.027032,-6.5195,-0.035342,-0.076163,0.046414
-0.60762,0.23132,-0.26998,0.032829,6.2785,-0.075638,-2.4739,-0.003138
4.411,4.2059,1.3895,-0.13329,-6.5972,0.015144,0.36251,-0.071966
4.3778,2.0307,1.0761,0.85496,-0.54744,-0.011649,0.18556,-0.1351
-0.69316,-2.7571,-2.3198,-0.72487,2.3749,0.047065,1.5191,-0.12716
-0.86049,1.8988,-1.4124,-0.22084,-1.4318,0.020111,-0.47533,-0.14415
-0.68498,-2.968,-1.6984,-0.30966,1.7928,-0.14696,-0.69088,-0.094502
-0.69153,-6.1647,-0.85499,0.35116,-1.2316,0.034082,-1.3135,0.087715
-0.69428,1.7819,-1.2556,0.12082,1.3607,0.018616,1.4508,0.049286
-0.42295,-1.022,-2.3679,1.8048,-2.1072,0.034955,0.447,0.12875
-0.60006,-0.91855,-0.11581,-0.4853,1.125,0.019008,-1.1175,0.20283
-0.6811,1.8154,0.27101,0.24936,1.443,-0.055037,-0.0088552,0.099227
-0.67345,-0.37752,-0.1898,0.61221,-1.6341,0.042874,-1.1193,0.1203
-0.84125,1.2621,2.538,-0.077734,4.2793,0.065226,-0.49439,0.062574
-0.69866,2.0789,1.2206,-0.28738,3.2015,0.01956,0.16857,-0.016353
-0.659,-0.62432,1.1679,-0.89268,-5.413,-0.048184,-6.0154,-0.060235
-0.6552,0.99683,-0.18074,-0.56104,3.5319,-0.061724,-0.4224,-0.092969
-0.39139,2.6684,-0.32205,-1.4304,-1.1717,0.0057362,-1.3612,-0.15525
4.4273,3.915,3.037,0.028622,-4.9099,-0.0072656,-1.113,-0.13597
4.4067,-8.6716,-1.3702,0.16819,5.6784,0.1233,-0.56351,-0.092166
-0.71627,2.5421,-1.1162,-0.007198,-3.7096,0.017281,-0.95453,-0.0074458
-1.0918,-2.0797,-3.2182,0.070859,0.68154,-0.051347,0.71814,0.061017
-0.78219,-2.338,-2.6027,-0.45769,-1.6833,0.03036,0.10652,0.023682
-0.6895,-0.46217,-1.1941,1.0032,1.6533,0.018597,2.5944,0.17112
-0.68714,0.65862,-0.49033,0.43256,-0.3461,-0.015576,1.0759,0.17497
-0.67131,-0.23374,1.1491,-0.095538,1.6244,-0.034675,1.2082,0.094627
-0.47082,2.4142,1.538,2.2039,1.0103,-0.12969,-0.77229,0.1019
-0.72457,-1.4299,1.6129,-0.12299,-4.4733,0.049696,-1.888,-0.013652
-0.67341,2.9294,0.97274,0.58125,4.3112,0.10243,1.4283,-0.11514
-0.66898,1.2427,2.1086,0.10026,2.5374,0.0084829,1.1216,-0.094867
-0.83418,-0.11307,2.087,0.22203,-4.655,-0.047465,-3.8554,-0.17713
-0.63493,0.37364,-0.10199,-0.36596,3.163,-0.0011305,2.4127,-0.13147
-0.64917,0.37069,0.97799,-1.9615,6.1055,0.34078,1.7805,-0.11446
-0.64505,0.5014,-0.31851,-0.30752,-4.9153,0.029045,-0.78214,-0.026308
4.4568,-7.1203,-0.77663,-1.7447,6.6697,0.1586,-0.84778,-0.03485
4.4381,2.1738,-1.811,0.077893,-5.1952,0.081533,1.2844,0.26755
-0.71902,1.3492,-0.95311,0.89418,0.46161,0.021504,0.73001,0.30057
-0.70724,-2.8717,-2.7783,-0.44397,4.7447,0.1928,-0.48677,0.20033
-1.0105,3.8611,0.33088,-1.1991,-1.171,0.018225,0.015092,0.050722
-0.76481,0.061745,-0.02588,0.68222,2.1669,-0.031569,1.2817,0.14486
-0.68385,-3.1532,0.63892,0.042727,-2.8215,0.0043116,-0.21139,-0.063739
-0.68442,1.6915,0.56552,0.40081,3.6713,-0.0044034,2.8405,-0.12458
-0.56371,0.75043,0.35472,0.7191,-1.9821,-0.019837,1.3393,-0.1406
-0.61676,0.13506,0.44282,0.13587,-0.52909,-0.029932,-1.0934,-0.171
-0.73236,0.15866,1.7358,0.18088,3.5678,-0.065793,-2.8616,-0.15895
-0.66992,-0.56612,0.22365,0.26454,-2.4513,0.029109,-3.1015,-0.070116
-1.0803,-1.38,1.7615,0.019701,0.91972,-0.020094,0.32829,-0.022973
-0.82693,2.1419,0.8073,-0.25074,5.645,0.19397,-1.3355,-0.042565
-0.68045,-1.4966,0.76454,-0.71958,-8.1014,0.0081813,0.41214,0.039356
-0.6471,-2.6338,-1.7781,-0.45047,3.1577,-0.095275,1.1492,0.14257
4.4484,4.6103,-0.86834,-1.9144,0.28559,0.025451,1.0911,0.043055
4.4223,4.8515,-0.76591,2.3288,-3.492,0.013649,0.26571,0.17127
4.4627,-6.9486,0.4669,-1.3673,6.1633,0.15363,-1.2545,0.061941
-0.71102,4.1583,-1.1893,-0.40592,-4.3622,0.05259,0.23192,-0.025967
-0.70834,2.3836,0.69924,-0.0046545,1.619,-0.053279,3.0099,-0.066806
-0.8687,-2.572,-1.1382,-0.62132,-2.9305,-0.002799,1.3133,-0.18197
-0.73044,-0.074254,0.49439,1.5147,1.2463,-0.02356,1.5416,-0.17484
-0.68459,-0.43079,-0.68407,0.6035,2.3466,0.03765,3.8153,-0.10514
-0.67157,-4.3264,0.087748,0.25231,0.53292,-0.031671,-4.3192,-0.0091495
-0.42478,0.59125,-0.50162,0.7783,0.51109,-0.11553,-1.1575,0.0002693
-0.64096,-2.9062,2.8682,0.38499,-3.44,-0.015929,0.58578,0.11831
-0.71048,0.6914,-0.12983,0.18417,0.99276,-0.0014578,-0.51918,0.20417
-0.67247,-0.22304,0.89376,-0.075371,2.6467,-0.19808,-2.7245,0.14318
-0.93349,0.69371,-0.22258,0.089473,-5.1429,0.034307,-1.9255,0.13929
-0.68874,0.28962,-0.14618,0.068483,1.2926,0.002797,0.92298,0.14574
-0.64851,2.2913,-0.6509,-0.52644,7.5696,0.43331,-0.54377,0.042642
4.5931,4.449,1.4962,-0.59659,-7.9236,-0.013702,-1.4052,-0.041348
4.4004,-8.545,0.96316,-2.6495,3.5998,-0.20674,-1.4231,-0.1102
4.3751,3.2167,-0.66902,-0.35554,-4.3921,0.013938,0.096187,-0.17285
-0.79718,2.0612,0.42538,0.62442,0.26982,0.046564,0.72905,-0.19879
-0.70859,-6.0109,-1.2188,-0.048857,2.9375,-0.04174,1.0527,-0.16031
-0.73376,-1.0264,-0.75077,-0.53567,-1.0655,-0.033475,-0.21843,-0.032441
-0.89765,-0.67874,-1.7775,0.53139,-0.36778,-0.083717,-0.38593,0.093118
-0.6538,-5.0842,-0.50852,-0.32223,-3.2127,-0.03291,-0.79217,0.21512
-0.67708,0.61901,0.94461,1.3091,1.7646,-0.032576,1.8605,0.14588
-0.68021,0.66385,-0.81663,0.51655,-1.182,0.0087717,-0.73889,0.039064
-0.52899,1.3972,1.0829,0.12071,-1.3439,-0.040681,-1.9909,0.18918
-0.6324,1.5427,-2.5,-0.39971,3.6131,-0.032563,0.65934,0.14484
-0.67338,1.9238,1.1525,-0.43988,-2.1894,0.021908,-0.22341,0.050892
-0.67113,1.2074,0.16411,0.8166,-2.5679,-0.08803,0.23916,-0.037016
-0.86686,1.7243,-0.15306,0.12917,6.0406,-0.075419,-1.8524,-0.10784
-0.77302,1.6966,1.292,-0.22172,-8.1379,-0.028424,-1.7697,-0.16822
-0.64342,-7.1409,-1.5775,-1.0121,-0.59812,-0.025369,0.5223,-0.16749
4.4228,2.473,-0.82789,-0.89321,4.7158,0.19478,2.2608,-0.10716
4.401,2.7852,-3.1399,0.77185,-3.3702,-0.001477,-0.7486,-0.071162
-0.60174,-6.1203,-0.56184,-0.2768,4.5964,-0.20052,0.040246,0.035072
-0.72231,0.010395,-1.4632,0.49808,-4.1857,-0.024317,-0.79606,0.075522
-0.70773,1.0427,1.4783,0.15938,0.34437,-0.00012935,2.8217,0.14588
-0.90063,-2.2972,-1.9148,-0.094813,-2.5178,-0.035631,1.109,0.30739
-0.76829,1.1847,-1.3635,0.069768,0.62777,-0.047388,0.13395,0.28259
-0.72365,3.0567,-1.1734,0.69025,3.168,-0.0034472,1.8644,0.1462
-0.67697,-1.7154,0.001814,0.91632,-2.6623,-0.047131,-1.6822,0.03259
-0.66467,2.9423,-1.2204,0.017851,1.7294,-0.058702,1.342,-0.041689
-0.43027,-0.465,1.4801,-0.19851,-1.7784,0.033177,0.17552,-0.13271
-0.72307,0.48155,-0.71477,-0.045215,-2.8135,-0.080938,-1.7825,-0.16051
-0.66481,0.14534,0.80635,-0.11244,2.0356,-0.28764,-2.1199,-0.15839
-0.66553,1.0087,1.74,-0.027963,-3.9569,0.073415,-1.9939,-0.079778
-0.66236,-2.1709,0.25411,-0.82078,-1.0906,0.065432,0.49671,-0.096401
-0.65259,0.23523,-2.0315,-0.4375,7.3145,0.39465,-2.1075,0.11312
4.4524,3.7515,-1.4095,0.57079,-6.3265,0.026779,-0.43478,-0.02144
4.4239,-6.1326,-1.9477,-2.2263,1.6475,-0.10468,-0.030163,0.085403
-0.42641,1.773,0.14891,-0.48903,-3.4022,-0.0015027,-0.35248,0.22941
-0.68836,2.6724,-2.1175,0.78115,-0.35583,-0.057733,1.3494,0.19485
-0.71324,-3.4996,0.072883,-0.86878,2.1001,0.013694,0.9433,0.076739
-0.70538,0.60519,-0.75929,-0.3067,1.2844,-5.234e-05,0.16102,0.023196
-0.74593,1.9776,-0.44164,1.4323,1.645,-0.12159,0.54557,-0.044488
-0.67533,-3.6869,-1.2699,0.50598,-4.2432,0.027004,0.59155,-0.11551
-0.67094,1.2408,0.7111,-0.16128,2.0864,0.048284,2.036,-0.1809
-0.67056,0.53762,-1.2654,1.0447,-0.3864,0.01741,2.482,-0.11604
-0.43811,-0.28562,2.2961,-0.56263,-1.405,-0.051232,-2.9341,-0.10433
-0.43818,-0.61903,0.98779,0.14465,3.8658,-0.031864,0.98345,-0.072915
-0.70169,-0.35599,0.20696,-1.0618,-0.23605,-0.0043777,0.36574,0.035632
-0.66668,-0.9867,-1.0897,0.14129,-1.8005,-0.0076057,-1.2597,0.0018999
-0.79478,1.8296,-1.1449,-0.43148,6.0085,-0.16769,-3.8595,0.033198
-0.77881,2.9458,1.977,0.056414,-7.3414,0.068711,0.30638,0.21938
4.4484,-3.671,-1.2771,-0.86782,-0.15131,0.067781,1.2071,0.045416
4.4127,0.36055,-2.2651,-1.5237,5.2184,0.27283,2.6969,0.22094
-0.70841,4.4063,-2.1187,0.59088,-3.6783,0.036579,-0.20517,0.035803
-0.58417,-2.6041,-1.0178,-0.58695,3.0849,-0.19073,-0.14933,-0.06666
-0.70348,-0.5303,-2.1341,0.68368,-3.3606,0.028871,-1.3441,-0.080727
-0.69995,0.87408,1.7728,-0.18205,0.73478,0.0075781,1.9906,-0.21325
-0.70204,-3.6372,-0.25972,0.55953,-3.4993,0.0041704,2.6226,-0.15888
-0.77045,-0.12126,-0.64782,0.089974,-0.022454,0.015273,1.3757,-0.097715
-0.72042,-0.17396,-0.14735,0.15595,1.4467,-0.10413,1.6408,0.036362
-0.67388,-2.7842,0.33521,0.6211,-2.5149,0.015067,-0.45062,-0.00024179
-0.66651,1.0944,0.07075,0.341,1.6587,-0.057142,0.75953,0.10373
-0.52819,0.64285,1.6957,-0.13812,-1.1645,-0.0012973,-0.46218,0.21026
-0.5738,0.36205,0.97072,-0.50515,-2.8055,0.00024928,-2.7445,0.22995
-0.67058,1.4869,-0.67503,-0.085345,3.7258,-0.10221,-3.2179,0.057974
-0.66527,2.2405,-0.15666,-1.223,-1.5184,0.052969,0.10967,0.038066
-0.88825,-3.5635,0.54997,-0.87634,-2.661,0.076059,-0.67022,0.011294
4.4215,1.6805,-0.82347,-0.10423,7.643,0.28674,-2.2183,-0.05213
4.3976,3.6038,-1.6961,-0.71389,-7.6682,0.034795,0.72624,-0.14634
4.5233,-3.6798,-1.9615,-0.19868,1.5613,-0.16711,1.2543,-0.12879
-0.72879,2.0263,1.4558,-1.5684,-3.936,0.04229,0.58211,-0.12952
-0.57704,1.765,-0.84122,0.75861,1.036,-0.019196,1.9801,-0.11667
-0.69774,-5.7643,-0.56621,0.070917,1.6665,0.024937,1.6031,0.031178
-0.70043,-1.1745,-0.8699,-0.26394,1.7241,-0.039911,0.89667,0.17136
-0.67449,1.0914,-0.72831,1.5298,3.6863,-0.18431,1.8299,0.2353
-0.85532,-1.9592,-2.3346,-0.69717,-3.4139,0.0043629,-2.2443,0.17239
-0.63947,0.67248,1.1086,0.75677,2.154,0.011512,0.39666,0.23902
-0.66537,0.6918,0.77401,-0.24269,2.2936,0.0059095,3.115,0.17433
-0.66807,1.8844,2.7595,0.36637,-2.1149,0.0039714,-2.6444,-0.0041115
-0.53975,1.3045,0.93947,0.064231,3.1724,-0.030811,-0.57353,0.0212
-0.61491,1.6726,2.8261,-0.28342,1.9108,0.0097343,0.70411,-0.053882
-0.65795,-1.2973,1.4026,-0.22045,-2.7535,0.024007,-0.84906,-0.14357
-0.65836,1.4609,-1.2425,-0.0011926,6.5368,0.14812,-1.1381,-0.11293
-0.72997,3.6095,1.794,0.46133,-7.6373,0.0369,0.65871,-0.16479
4.4201,-2.2727,-0.39337,-0.63313,-1.1928,-0.001323,1.63,-0.10599
4.399,-4.423,-1.1639,-1.1484,5.3667,0.20086,-0.13533,-0.001556
-0.71309,1.453,-1.2731,0.82777,-2.7189,-0.023021,-0.31201,0.02137
-0.42463,-3.9541,-0.8626,-1.7146,2.0309,-0.073931,1.3103,0.11892
-0.61053,-0.28513,-1.1208,1.1164,-2.8013,0.024276,-1.7997,0.25901
-0.70861,3.049,1.2993,0.21419,3.6529,-0.065748,1.6928,0.27546
-0.69874,-0.66837,-0.85187,0.11157,-3.1986,0.051397,1.3325,0.17932
-0.72843,-0.74687,0.23267,0.033645,1.9285,-0.0227,0.0329,0.10246
-0.74687,2.6371,0.66156,0.70059,-0.26037,-0.053433,1.0161,0.015261
-0.65808,-1.8452,1.8226,2.1267,-0.86296,0.036162,0.47943,-0.081993
-0.67104,1.1259,4.556,0.024531,2.1317,-0.075734,0.29338,-0.145
-0.55285,1.022,0.69686,-0.21337,2.7116,-0.021795,1.138,-0.15374
-0.50908,-1.7222,2.9764,0.078631,-3.5386,0.051897,-0.54731,-0.18519
-0.60417,-1.4365,0.98213,0.62052,2.674,-0.11751,-2.7179,-0.10898
-0.6591,-0.22267,-0.081923,-0.96645,3.0664,0.016505,2.211,-0.049964
-0.68375,-0.62953,0.55033,0.12339,-3.1666,0.021068,-0.44579,0.019861
4.4339,-5.1304,-1.8786,0.54966,7.2882,0.21431,-2.0351,0.063742
4.407,4.0252,0.0043901,-0.49619,-3.9605,0.06651,-0.77335,0.21992
-0.71389,-0.052541,-0.9301,0.96736,1.2076,-0.081214,0.50992,0.20203
-0.70089,0.63245,0.031686,1.3492,-0.81315,-0.022988,1.0738,0.029402
-0.54919,3.0598,-1.9127,1.1034,1.4894,0.013854,0.32926,0.087788
-0.70082,-0.72688,-1.322,-0.60895,2.2713,-0.0072014,3.0322,0.0019243
-0.69818,-1.1346,-0.21238,0.039651,-1.2927,0.044581,0.70474,-0.11266
-0.69812,2.792,-0.59807,0.78825,2.9289,-0.11269,2.4546,-0.11538
-0.7054,-0.15012,-0.25276,0.85067,-2.0583,0.050729,1.0791,-0.17776
-0.67014,1.0444,1.4758,0.56725,-0.49575,-0.077409,0.74128,-0.13218
-0.6671,-1.5714,1.0045,-0.53767,3.8222,0.0051522,2.2755,-0.0707
-0.66731,-0.28609,0.3214,0.021641,-3.6378,-0.033436,-2.5433,-0.017643
-0.62897,-1.3297,-0.23843,-0.41534,2.4659,-0.026107,0.36331,0.080755
-0.56215,1.2232,0.3389,-0.39828,4.3098,0.10305,0.3557,0.0076924
-0.66068,-0.55186,0.46218,-0.77952,-7.9092,0.00521,-4.4257,0.10276
-0.65996,-4.5437,-1.3419,-0.27436,4.7414,-0.078821,-1.7213,0.28449
4.4288,5.9185,-0.34217,0.24638,-6.624,0.037965,0.75424,0.052255
4.3923,3.5778,0.42597,0.59174,-0.54217,-0.019902,1.926,0.10626
-0.69158,-1.7738,-1.6486,-0.46811,3.7085,-0.023219,1.4083,0.0013402
-0.70901,4.1336,1.0504,-1.2119,-1.6291,0.027055,-1.8783,-0.07805
-0.71456,-1.8379,-1.1508,-0.70692,0.14727,-0.10077,0.32617,-0.083283
-0.62154,-3.286,0.76534,-0.34286,-3.1976,0.081052,-1.8843,-0.19867
-0.63282,2.1738,0.14373,-0.47481,3.8786,-0.02913,0.97991,-0.16338
-0.69278,0.20783,-0.23026,0.82921,-1.184,0.025425,1.702,-0.099054
-0.68925,-2.0219,1.9387,0.24739,2.4175,-0.021044,-1.3992,-0.04663
-0.82353,2.0798,0.53389,0.71479,2.5388,-0.12929,1.125,-0.021927
-0.72393,-1.9727,-1.3384,0.45009,-2.8271,0.019906,-4.2487,0.16681
-0.6689,1.1727,2.0179,0.1496,3.6054,-0.0037039,0.36399,0.18324
-0.66883,2.2972,0.88239,-0.051593,2.4381,0.0036762,0.04514,0.095309
-0.44993,-0.53426,1.4377,-0.46882,-6.5259,-0.071293,-3.7181,0.046657
-0.607,1.7754,-0.78199,0.59815,0.98989,-0.036979,-0.35666,0.028939
-0.65661,2.6853,1.0573,-2.0028,4.8112,0.20453,4.3965,0.009615
4.4122,4.7482,0.054292,1.2341,-5.0229,-0.030426,-0.35418,-0.048552
4.377,-6.7508,0.18283,-1.6271,6.4099,0.21973,-0.61932,-0.16484
-0.79252,2.3773,-1.2346,-0.65365,-3.766,0.00012735,1.8326,-0.23316
-0.71045,-1.8078,1.0244,-0.02242,-0.54364,-0.086945,2.6669,-0.21651
-0.70817,-3.4131,-2.0384,0.20323,-0.0033284,0.071291,2.0675,-0.091947
-0.65751,0.3701,-1.1792,0.29647,2.1683,-0.012753,1.4807,0.05503
-0.63307,0.056087,-1.2938,0.35802,1.6891,0.014105,3.7261,0.11473
-0.65426,-5.2365,-1.1705,0.2832,-0.85581,-0.024355,-1.5475,0.2508
-0.69819,1.4735,-0.81271,-0.20709,2.1016,-0.0082924,2.528,0.3142
-0.84539,-0.77543,-0.30884,0.35075,-4.2645,0.0095097,0.21064,0.055662
-0.81252,1.9548,-0.10305,0.31489,1.5499,-0.066114,1.3464,0.21023
-0.68188,0.83181,1.1992,-0.7211,2.3087,-0.048299,-0.27069,0.11743
-0.66768,1.5744,2.1359,1.1181,-4.9717,0.041835,-1.5703,-0.026721
-0.6658,0.39315,0.51675,-0.77766,2.2179,-0.017996,0.63758,-0.048577
-0.51427,2.5683,0.16317,-0.65098,6.1151,0.26745,-0.85002,-0.1193
-0.6286,-0.83102,0.85279,-0.51953,-7.8846,-0.00010368,-1.4675,-0.16384
4.444,-7.559,0.018549,-1.5134,4.2839,-0.026409,-0.72479,-0.13984
4.4108,2.1334,-3.2073,-1.3226,-2.2305,0.03294,-0.17623,-0.06997
-0.99366,2.5697,-0.61717,1.036,-0.98531,0.020375,0.60831,0.0098341
-0.71717,-3.1154,-1.5642,-0.3557,4.159,0.012128,3.3635,0.058169
-0.70131,3.8033,-0.34313,-0.6899,-0.44552,0.011705,1.3605,0.018206
-0.70364,0.61805,-0.028552,0.12315,1.322,-0.085219,1.9864,0.25214
-0.47415,-4.5955,0.93846,-0.57135,-4.8492,-0.0025552,-0.26478,0.27339
-0.69246,0.87128,-0.33339,1.9549,1.9961,0.0061662,2.4649,0.29481
-0.6982,3.6899,0.026283,1.1711,-1.9502,0.040538,0.044363,0.083164
-0.68424,-0.91837,0.47345,-0.38481,-0.25003,0.0097151,-0.68641,0.0059887
-0.94953,2.1224,2.1827,0.075664,1.8815,-0.114,-0.94022,-0.098494
-0.72577,0.28149,0.23134,0.68793,-2.1489,0.076476,3.058,-0.15963
-0.6646,0.35858,3.4224,0.30067,0.41223,0.044402,1.2728,-0.16048
-0.66596,0.70421,2.2736,-0.037578,4.3408,-0.0017016,-2.0934,-0.13522
-0.5041,-1.2418,-0.37801,-1.2137,-7.5216,0.020137,0.0070133,-0.069507
-0.55339,-1.9569,-1.0937,0.34878,0.84296,0.065496,1.197,-0.086203
4.5224,1.694,-1.3798,-1.5172,4.0425,0.095915,4.4653,0.078321
4.4311,3.0348,-0.55948,2.1992,-4.8078,0.025746,-0.82113,0.20403
4.3967,-5.5864,2.0281,-0.329,5.3627,-0.015923,1.7359,0.11079
-0.92257,3.1539,-1.6787,-0.61279,-4.1238,0.066337,0.14859,0.22649
-0.7787,-0.097655,0.66683,0.077719,1.9902,-0.055185,2.5846,0.14138
-0.70772,-3.7548,-2.2619,-0.6513,-3.157,0.0022387,2.6804,0.066882
-0.69465,2.9477,0.11699,0.37735,1.8219,0.0090733,1.6446,-0.025651
-0.46615,3.2905,0.047656,0.55571,2.1728,-0.034084,2.9275,-0.11178
-0.67513,-3.6171,1.744,0.5688,0.3794,0.033383,0.13905,-0.15564
-0.68672,0.50543,0.49729,0.48222,1.8567,-0.027153,-0.26995,-0.18759
-0.68413,-1.8871,3.2407,-0.92814,-3.2912,0.03552,-0.047386,-0.13595
-0.94981,0.50215,1.5166,0.47657,1.3746,-0.054601,0.084814,-0.1165
-0.69442,-1.3288,1.8661,-0.76471,3.3798,-0.093825,-3.4678,0.0055263
-0.66113,-0.80194,-2.6884,-1.228,-3.73,-0.025896,-2.9294,0.038699
-0.65822,-1.6975,-0.0053745,-0.89125,1.8919,-0.029528,0.62375,0.049334
-0.42026,1.584,-0.89935,-0.63725,7.6084,0.47265,-0.81165,0.1591
-0.67208,2.6266,0.87466,0.066261,-6.7908,0.011859,-0.82283,0.20366
4.4207,-8.6788,-1.5698,-2.5108,4.0653,-0.12977,0.95229,0.10105
4.3821,2.912,-0.77397,-1.3111,-3.7975,0.070585,-0.98777,0.082775
-1.073,1.3421,-0.48829,1.3918,-0.47616,0.020099,1.0221,0.0027031
-0.72007,-2.4813,-0.52129,1.0084,2.4842,-0.01487,3.5101,-0.07199
-0.63736,1.4777,-0.0035886,0.44129,0.30838,-0.012701,0.28082,-0.13816
-0.69699,0.352,-0.53231,1.4766,0.4963,-0.072519,0.082714,-0.15009
-0.68492,-3.7827,0.70866,0.36889,-4.951,0.035077,-2.6146,-0.080313
-0.53805,0.35272,1.4357,0.89465,2.4959,0.029365,2.5002,-0.15844
-0.69923,-0.48109,0.51471,0.90263,-0.7256,0.013065,-0.37398,-0.032855
-0.68694,-0.23685,0.18659,-0.39903,-1.8383,-0.070042,-2.355,0.0029708
-0.67425,0.95693,0.56599,-0.224,2.9832,-0.07608,-0.55518,0.036873
-0.83233,0.63164,-1.5858,-0.16842,-1.5756,0.038055,1.7185,0.17397
-0.67988,0.30953,0.5527,1.4072,-1.6635,-0.086413,-0.071398,0.17368
-0.65992,1.6508,0.013332,-0.43902,6.1657,0.022871,-2.9662,0.041254
-0.66107,1.8725,2.1787,-0.71203,-8.705,0.0027329,-1.3121,-0.0041845
-0.46434,-4.7713,-1.0976,-0.84426,0.48868,0.014323,-0.44159,0.014458
4.408,5.5713,0.16009,-1.5224,2.3087,0.043927,2.6768,-0.060697
4.3749,3.2216,-1.7609,2.803,-2.4235,0.027735,-0.15464,-0.14839
-0.72298,-5.8797,0.34484,0.77918,4.4135,-0.17461,1.0885,-0.15729
-1.0224,1.9195,-0.63932,0.48324,-2.1209,-0.0087224,1.9814,-0.13649
-0.87465,1.4086,1.0112,0.085305,1.0109,-0.055596,2.1268,-0.10378
-0.69573,-4.8009,-2.7877,-0.26837,-3.898,0.017808,1.3908,0.0068405
-0.69751,-1.5339,-1.1235,0.28736,1.1823,0.015035,0.33406,0.12069
-0.47007,1.2664,-1.0159,0.36629,1.1043,0.012468,3.4703,0.15761
-0.58917,-3.4831,-0.58255,0.43106,-0.56102,-0.015974,-2.3892,0.17514
-0.70891,2.5179,-1.2613,0.665,2.1469,-0.0070923,1.7028,0.077591
-0.68132,0.11067,0.32585,-0.073893,-1.3093,-0.0058987,-1.3714,0.1426
-0.93801,1.7172,1.1158,0.5928,0.22914,0.014952,-1.9187,0.080609
-0.68437,2.0687,3.5354,-0.024463,2.5622,-0.16341,-5.1981,-0.004939
-0.70347,0.5953,1.8195,-0.51301,-4.3862,0.045672,-2.6987,-0.058434
-0.65786,0.1545,0.41586,-0.1115,-0.42055,-0.013888,0.10883,-0.095598
-0.64906,1.9871,-1.1681,0.052259,7.6824,0.4377,-1.6046,-0.1011
4.4263,3.9071,-0.090679,0.54402,-6.4027,0.035032,-1.7526,-0.13719
4.4074,-9.8755,-1.9046,-1.5031,2.3035,-0.097823,0.090421,-0.1569
-0.7174,0.44274,-1.2905,-1.1497,-2.8024,0.034018,-0.23191,-0.0076162
-0.71948,1.3923,0.40032,1.4987,-0.72461,0.010562,-0.16834,0.024266
-0.9069,-3.607,-0.78928,-0.98257,1.3186,-0.043999,-1.3981,0.014045
-0.68722,-2.8409,-2.1888,-0.04167,0.80736,0.016255,1.6491,0.42845
-0.68718,2.0418,-1.4371,0.86371,-0.72612,-0.095692,0.76911,0.35271
-0.68181,-1.8939,-0.64393,0.8647,-1.2982,0.059977,-0.47439,0.17139
-0.45212,1.8433,0.53979,0.20095,2.035,-0.036594,2.4621,0.12534
-0.65463,1.739,-1.2561,-0.20809,-3.2016,-0.049704,0.34058,-0.014772
-0.67888,0.88662,2.5446,0.72502,0.27974,-0.010429,-0.97455,-0.11665
-0.67583,1.4119,0.18531,0.013696,4.0448,-0.043114,1.6372,-0.1516
-0.89767,0.62346,1.9862,-0.27613,-1.2067,-0.0058923,-0.36607,-0.17521
-0.7391,0.22152,-0.81959,-0.2211,-2.9013,-0.0030044,-1.4826,-0.15328
-0.63994,0.47797,-0.44806,-0.50933,5.5136,-0.2345,-4.5477,-0.12276
-0.65068,2.5106,1.8861,0.8169,-7.2678,0.051891,-0.67886,-0.0090278
4.4592,-5.6076,-2.0357,-1.8726,-1.4714,0.037554,0.51261,-0.026746
4.4388,-1.1571,-2.2026,-1.5176,5.4579,0.24897,1.7563,0.24343
-0.29105,3.5921,-3.3117,-0.037103,-5.0146,0.032337,0.53014,0.18565
-0.72054,-2.6365,-0.022777,-0.95718,2.1052,-0.23573,-1.2014,0.15116
-1.1028,1.2017,-2.7957,-0.13325,-3.3299,-0.014126,1.2794,0.057488
-0.86424,4.2602,3.1173,0.8208,0.1925,-0.011354,0.81598,0.13931
-0.75966,0.84888,0.36169,1.7644,-2.4179,0.053155,0.42657,-0.024653
-0.68937,-0.65054,0.59031,-0.35677,-1.1943,-0.017482,-0.56873,-0.13853
-0.68226,2.1357,1.1263,-0.173,0.52277,-0.11188,1.2808,-0.07547
-0.47921,-0.61956,0.15464,-0.15411,-1.628,0.014541,-3.6551,-0.1717
-0.70473,0.68241,1.2466,0.78093,-0.32558,-0.06528,0.34053,-0.12804
-0.67601,-1.4402,2.3541,-0.15774,-1.2628,-0.029624,-0.22293,-0.095111
-0.67729,0.2406,1.1777,-1.3898,-3.2534,0.009914,-3.0906,-0.068607
-0.93127,0.74067,-0.14629,0.224,1.4669,-0.19997,-3.9693,-0.015015
-0.71954,-0.4439,0.50097,-1.5312,-1.5976,-0.010648,1.3766,0.17051
-0.65104,-2.4411,1.23,-0.73469,-3.2034,0.039621,-1.5376,0.048531
-0.65122,0.80019,-1.3812,0.33172,7.0455,0.17027,-2.2383,0.12305
4.4259,4.6601,0.27803,-1.1428,-8.4052,0.016813,-0.53567,0.19395
4.3869,-0.003297,-1.6838,0.11603,0.45136,-0.036459,-0.33171,0.10022
-0.71999,-0.06717,0.51887,-1.2507,-1.6874,0.060118,0.084365,-0.011559
-0.71519,2.5044,-0.88353,0.45156,-0.62208,-0.018477,1.9751,-0.08321
-0.99915,-0.55035,1.1342,-0.59206,1.9179,-0.085585,2.1397,-0.16277
-0.72474,-3.809,0.18961,0.75722,-1.3109,-0.012656,0.90672,-0.17679
-0.65352,1.5137,-0.34977,1.2862,1.0459,-0.13361,2.1558,-0.13695
-0.67933,-2.2861,-1.0279,0.024448,-0.77314,0.025675,-1.7414,-0.093432
-0.55061,-1.4105,2.8132,0.98195,-1.1784,-0.036581,-0.43125,-0.018447
-0.40704,-0.70556,-1.8859,-0.098949,-0.58275,-0.025273,0.42628,0.079002
-0.70594,-0.83548,2.2622,0.44035,-0.96032,-0.0020033,-2.551,0.16156
-0.67612,0.045228,0.088333,0.04116,3.2366,-0.047786,0.35301,0.1626
-0.67501,2.1177,0.10559,-1.0369,2.3618,0.050582,-0.51188,0.051647
-0.83104,-1.0533,0.75616,-0.17069,-5.3147,-0.014902,-2.6228,0.14798
-0.60472,1.5566,0.2596,-0.24499,4.8808,-0.11303,-0.0059461,0.098765
-0.64295,4.4101,1.7145,-0.40896,-6.8995,0.033575,-1.302,-0.028547
4.4104,1.5892,0.78526,-0.44731,-2.5245,0.012186,1.1908,-0.0652
4.3806,-4.4974,-0.2963,-0.13481,6.3753,0.34004,0.85,-0.16696
-0.68089,3.4609,-0.79894,0.14294,-4.2525,0.017224,-0.75449,-0.17314
-0.70707,-3.2952,-0.20014,-0.77917,1.1713,-0.077787,-0.73073,-0.15841
-0.71041,-1.4047,-0.1846,0.45564,-2.7776,0.086205,-1.9447,-0.11237
-0.80397,0.52527,-0.96397,0.79155,1.4838,0.042303,1.1596,0.10619
-0.75101,-1.0709,-0.64106,1.2819,-1.9155,0.025303,-0.95837,0.20836
-0.66695,-2.0043,0.62491,-0.26684,1.5557,0.02126,-1.7269,0.15282
-0.67806,1.3628,-0.71859,0.39484,-0.54478,-0.072891,-0.54735,0.2113
-0.36609,-1.6569,-0.24748,1.2769,-1.9283,0.021806,0.76598,0.082385
-0.47554,2.0566,3.4387,0.74373,0.45105,-0.063111,-0.55223,0.14581
-0.66771,1.1842,1.526,0.35048,0.56855,-0.011957,-0.52971,0.07854
-0.67002,0.2245,2.6162,0.12393,-4.2612,0.037997,-1.5264,-0.020467
-0.9722,1.3188,1.9413,0.77539,1.8507,-0.035856,-0.47722,-0.066636
-0.70135,1.5233,-0.41272,-1.4341,2.9803,0.041411,3.1022,-0.10317
-0.71483,-2.2548,0.64244,0.50503,-4.8316,0.050357,-1.0448,-0.17384
4.4286,-6.1865,-2.7607,1.2,7.3675,0.12438,-3.0359,-0.1183
4.4098,2.758,-1.7956,-0.23684,-6.6906,0.054227,0.42867,-0.092361
-0.45413,-1.2547,-1.6611,0.21715,0.44754,-0.038962,-0.55182,0.0034576
-0.71579,-2.0656,0.66677,0.6875,-1.3755,0.076739,2.3842,0.064911
-0.70515,1.1029,-1.6131,1.1083,-0.64757,0.018083,0.80218,0.14213
-0.69786,1.4892,-1.1836,0.012719,2.131,0.011076,3.2823,0.065811
-0.7597,-0.95682,-1.1177,0.158,-0.62856,-0.040367,-0.59548,0.21707
-0.65647,2.2581,-0.91696,1.0933,1.9795,-0.053484,1.5871,0.15669
-0.67178,-0.30517,-1.0121,1.2307,-3.116,0.042983,-0.23537,0.063718
-0.66144,2.0644,3.5041,1.0247,-0.78225,-0.0042751,-2.1309,-0.039888
-0.5074,0.87674,1.0555,-0.55728,2.5476,-0.039026,-0.35471,-0.1158
-0.54368,0.23979,1.8356,0.59407,-5.079,-0.037312,0.14032,-0.14398
-0.66201,-1.207,1.6703,-0.25282,3.0193,-0.078994,-0.059151,-0.16331
-0.66308,0.70467,1.0912,-0.52498,4.1742,0.032696,0.67593,-0.13245
-0.90183,-2.4835,0.27476,-1.0356,-8.341,0.0034195,-0.86007,-0.10453
-0.65997,-2.8291,-0.3283,0.2766,4.0719,-0.18183,-0.37943,0.046609
4.4573,3.5909,-1.0836,0.012154,-6.4162,0.079903,-0.97998,-0.024361
4.4372,3.7489,0.5971,1.0704,-2.7313,0.017108,0.7826,0.23423
-0.56985,-5.3798,-0.53403,-1.2595,4.3239,0.0030088,1.3281,0.25886
-0.60899,3.5523,0.14453,-0.30297,-4.0241,0.027145,-2.036,0.30084
-0.69855,-1.1076,-1.2575,-0.20112,-0.38387,-0.10971,0.36005,0.067539
-0.70565,-1.3127,-0.76268,0.19338,-0.86679,0.02993,-1.2778,0.098424
-0.90297,2.6146,-0.13603,0.56408,2.3196,-0.065241,1.7142,0.018352
-0.82366,1.1486,-1.0173,1.2503,-1.6986,-0.016244,1.1197,-0.12843
-0.68009,-1.3926,1.6852,-0.72794,1.4989,0.028493,-1.1413,-0.15729
-0.67303,2.3287,1.2972,0.72896,1.9003,-0.092715,-1.137,-0.13208
-0.67427,-0.71068,-0.70149,0.71767,-4.6705,-0.055512,-3.7109,-0.05196
-0.5375,1.2075,0.10959,-0.13638,1.119,-0.069811,-1.1383,-0.060381
-0.61297,-1.6033,-0.40618,-0.68918,2.1934,-0.058079,0.49962,0.014775
-0.66423,-0.39452,0.82434,0.33191,-5.356,0.0060635,-1.5103,-0.037162
-0.66098,1.0273,-0.54024,1.0118,0.16578,-0.070978,-1.0877,0.0028004
-0.78344,2.4312,-0.094861,-0.89092,4.9127,0.10932,3.0331,0.16798
4.4647,3.8329,-0.25183,0.12161,-5.2782,-0.021917,-1.7783,0.067125
4.4234,-8.0871,0.41381,-1.8844,6.3884,0.063494,-2.1617,0.17409
4.0023,4.444,-2.4109,0.44073,-4.1558,0.056723,0.40678,0.0080818
-0.56017,1.8691,-0.14499,-0.29585,-0.48456,-0.018727,2.2456,-0.029472
-0.65901,-1.5124,-1.5833,-0.67398,1.483,0.018783,1.3824,-0.066563
-0.6967,2.0358,0.016724,0.89501,-0.7559,-0.011784,-0.21299,-0.20081
-0.69848,0.89868,0.0090025,0.09402,2.1314,0.024976,0.79778,-0.16464
-0.70761,-4.0376,-0.1061,0.687,-0.50764,0.0056336,3.0446,-0.14987
-0.69962,1.1812,-0.12426,0.22753,1.5093,-0.035092,1.3947,-0.13021
-0.64917,-3.2494,0.77651,-0.251,-3.6615,0.0097472,-0.015977,0.022758
-0.66513,0.92974,-0.73754,0.013098,2.6427,0.011371,1.568,0.10594
-0.67583,-1.1962,0.89506,-0.68142,2.6903,0.027312,-0.95293,0.20354
-0.51572,0.98703,-0.79085,0.26439,-5.5699,0.011814,-1.3541,0.16698
-0.63623,1.3008,-1.0847,-1.0094,3.4614,0.0042602,0.69787,0.090271
-0.66254,1.8107,0.14456,-0.6901,5.8794,0.24767,0.98614,0.19251
-0.88736,0.65748,0.24394,-0.42375,-7.6966,0.057307,-3.2134,0.014969
-0.90992,-4.8202,-0.19014,-1.1318,4.4867,-0.18771,-0.68001,-0.035361
4.405,5.0822,-0.96446,0.17731,-3.8126,0.037426,0.42818,-0.11767
4.3769,2.1873,-1.0653,0.71421,0.34771,0.021453,-0.22837,-0.16202
-0.707,-4.7348,-1.8429,-0.70475,3.1114,0.014028,0.39262,-0.099832
-0.56695,1.6809,0.94681,-0.85618,-1.5478,0.0058967,-0.11245,-0.1359
-0.65596,-0.047551,-0.79667,-0.1857,0.75801,-0.11858,0.55734,-0.015672
-0.69939,-3.8468,0.058493,-0.59083,-1.8348,-0.0037745,-1.7049,0.093556
-0.69518,-0.78638,-0.27712,0.52085,1.7257,-0.063611,0.88513,0.11884
-0.90249,-0.31506,-0.40757,0.55257,-3.3054,0.054548,0.41565,0.11843
-0.77669,-0.88971,0.52958,-0.785,2.6941,0.0026045,-0.77296,0.24521
-0.6652,1.9925,0.55684,0.56012,2.9321,-0.033032,-0.25637,0.1737
-0.66831,0.57293,0.96374,-0.007988,-4.0685,0.01619,-3.0108,0.087107
-0.49366,1.5405,2.356,0.10963,2.3581,-0.030548,0.34721,0.047777
-0.67869,2.012,1.2035,-0.21373,5.0143,0.093361,-0.92843,-0.047336
-0.67251,-0.40965,1.702,-0.93345,-7.1441,-0.019395,-1.395,-0.098883
-0.65409,-2.2205,-0.81338,0.0018005,2.6807,0.023513,0.55412,-0.16048
-0.58297,2.8139,0.65994,-1.8876,4.4996,0.083914,3.3002,-0.17107
4.4206,4.3463,-0.62706,1.4287,-4.4831,0.059977,-0.030291,-0.12763
4.4013,-9.5927,-0.26915,-1.2903,6.2374,0.12509,0.39453,-0.068364
-0.7101,1.022,-2.6573,-0.37256,-4.9799,0.018398,-0.37324,0.029596
-0.68732,2.4607,2.1788,-0.57462,0.96887,-0.016064,2.1448,0.050649
-0.5504,-2.1522,-2.4352,-0.4197,0.6647,-0.0027284,2.7467,0.1561
-0.61284,2.1134,-0.15123,0.21843,1.1385,0.039229,1.9157,0.33272
-0.69598,1.7489,-0.86327,0.34024,2.1151,-0.01815,2.0576,0.30036
-0.68431,-2.8068,0.95254,1.4705,-1.1103,-0.0048911,-2.3033,0.022514
-0.81147,3.3287,-1.5141,-0.81332,2.6757,-0.081099,0.95907,0.063962
-0.70003,-0.52638,0.89594,0.085523,-3.0403,0.02606,-0.083895,-0.022073
-0.67005,1.9588,0.59851,0.15294,1.4598,0.0090027,-0.56604,-0.11877
-0.65635,-0.021638,2.3914,-0.92206,4.0909,-0.075387,-4.1038,-0.11952
-0.53074,0.85733,-1.4084,-1.0455,-3.5217,0.046455,-3.7773,-0.1911
-0.56579,-0.69486,1.2149,-1.1365,-0.13345,-0.023675,-1.7865,-0.11307
-0.65399,-0.025845,-0.050985,-0.039801,7.8997,0.27955,-4.0542,-0.085181
-0.65342,0.47956,0.82577,-0.78166,-7.7063,0.0062561,-1.6868,0.012803
4.4363,-8.5865,-0.092716,-0.98433,3.5751,-0.14413,0.21142,-0.0018968
4.4183,2.9474,-0.77222,-0.63428,-2.1663,0.033851,0.34575,0.16294
-0.7033,2.0627,-2.2274,1.9301,-1.7658,-0.037113,1.2513,0.19074
-0.70289,-2.6771,0.081967,-1.0375,4.5647,0.012603,0.45105,0.15248
-0.52798,2.3053,-2.2624,-0.014353,-1.9498,0.0056656,1.7083,0.10276
-0.58596,3.5234,0.57833,1.4791,0.091896,-0.059267,0.64383,0.054153
-0.75974,-3.5557,-0.21082,-0.12923,-4.0692,0.056428,-0.1241,-0.051765
-0.69317,1.5587,2.4716,1.2465,1.3682,0.019803,3.4681,-0.11526
-0.80032,0.57311,1.5402,1.3668,1.2414,0.038806,0.6287,-0.16567
-0.80718,-1.0763,1.8003,0.36604,-2.4078,-0.10751,-2.7255,-0.15123
-0.64993,0.056717,-1.415,-0.26937,3.2057,-0.078955,0.046623,-0.1433
-0.66647,-1.7191,1.6361,-0.67278,-1.6186,0.060246,0.018386,-0.031565
-0.67061,0.38013,-0.95792,-0.29594,-1.5019,0.0028163,-0.69171,-0.045827
-0.47455,0.96919,-0.20259,-0.043937,5.2495,-0.12225,-0.80957,-0.03081
-0.58636,-0.44112,-0.72456,-0.75766,-7.6908,0.06959,-1.1286,0.022173
-0.65831,-4.7239,-1.5292,0.72612,-0.15295,0.08059,1.6003,0.24131
4.4372,4.8425,0.99704,-1.1498,6.0676,0.33592,3.3167,-0.012678
4.4043,5.1798,-0.14875,2.1023,-3.8454,0.068685,-1.4044,0.1526
-0.72396,-4.8146,-0.46352,-1.698,4.9413,-0.072557,-0.34573,0.066785
-0.71115,2.4202,1.2904,0.75528,-4.2217,0.079082,1.0155,-0.024969
-0.70442,4.01,0.84884,0.063987,2.8494,0.02194,2.3297,-0.074083
-0.44492,-3.1402,-1.5752,1.1908,-0.14351,0.060914,1.3789,-0.26677
-0.65523,-2.3292,-0.90463,-0.20288,1.3995,-0.019087,0.56649,-0.29797
-0.69126,-0.31263,-0.62624,0.72436,2.0683,-0.043595,2.3238,-0.23162
-0.68761,-4.7653,0.59339,2.1494,-0.62855,-0.0096016,1.5948,-0.043807
-0.92846,2.4407,-0.74274,-0.24357,2.0479,-0.055698,1.1675,-0.076176
-0.82716,-1.2413,-0.15229,-0.45851,-2.0007,0.056261,-1.3559,0.1506
-0.66582,1.0971,-0.58774,-0.1272,0.6865,-0.059363,-0.21371,0.20244
-0.66406,0.46011,-0.70929,0.1856,4.007,-0.077486,-2.811,0.16041
-0.60245,2.0266,-0.67871,-1.9356,-2.6451,0.053669,-1.3008,0.034756
-0.61024,0.1312,1.4721,0.050454,-1.4488,0.055395,-1.2096,0.049042
-0.6314,2.562,-1.0794,0.212,7.9488,0.35123,-2.0068,0.045976
4.4203,4.8073,0.51988,0.34343,-6.423,0.041514,-2.1306,-0.014479
4.3881,-6.8583,-2.9669,-1.7419,1.6582,-0.11407,2.5782,-0.098616
-0.62447,1.6292,-0.33914,-1.1004,-1.495,0.025444,1.5158,-0.15953
-0.70374,2.2433,-2.6139,0.99967,-0.86365,0.047373,1.8742,-0.17168
-0.70414,-3.6368,-0.087564,-0.48764,4.4887,0.036842,1.7315,-0.11736
-0.69701,-0.17204,-3.0896,-0.029845,-0.26892,-0.026095,1.4088,0.0048205
-0.58632,-0.34575,-1.2276,0.51861,0.36238,-0.10499,1.3361,0.09913
-0.68543,-6.4275,-1.6108,-0.14612,-4.7185,0.045332,0.99131,0.33978
-0.69296,1.9242,1.6855,0.74966,2.635,0.017268,3.2201,0.071336
-0.68289,1.2472,-2.5636,0.85407,1.395,-0.032608,0.92688,0.098497
-0.77565,1.0656,1.1204,-0.29141,-2.2936,-0.055262,-1.908,0.21422
-0.70959,2.3617,-1.9514,-0.25293,3.6459,0.011319,2.2703,0.14596
-0.66389,1.9809,0.85881,0.061938,0.83119,0.025983,-0.38373,0.031495
-0.6621,1.0145,-1.6337,0.37352,-2.0547,-0.037633,-1.9111,-0.030567
-0.46224,1.8081,-1.3092,-0.26657,5.6655,-0.15417,-2.5088,-0.12415
-0.64626,3.2257,1.4968,0.18129,-5.9343,0.00017227,-0.26095,-0.13714
-1.0935,-5.627,-0.029728,-1.3393,-0.89819,0.025226,0.33619,-0.17324
4.4092,0.33822,-1.6749,-1.229,6.4519,0.338,1.4486,-0.10757
4.3792,2.4213,-0.46852,1.3438,-3.7379,0.0381,-0.031756,-0.069507
-0.83405,-4.4271,-2.1652,-1.3088,3.9458,-0.18732,-2.1499,0.01806
-0.7136,0.98983,-0.71759,0.48887,-3.5629,0.070694,-1.8583,0.035097
-0.70309,1.9699,-0.67625,0.14276,2.5953,-0.036966,1.4198,0.23708
-0.59388,-1.7599,-1.0328,-0.22476,-2.4634,0.020188,1.0737,0.25589
-0.59753,0.30097,-0.83269,0.49257,0.88704,-0.032846,0.89033,0.271
-0.68858,3.1178,0.43686,0.31252,3.4423,-0.11583,1.2276,0.14177
-0.68656,-0.62633,-0.56478,0.83398,-0.98707,0.027049,-4.1997,0.084259
-0.6786,2.4398,1.6873,-0.78613,0.81473,-0.054858,1.3085,-0.040132
-0.79477,0.91307,2.6158,0.63312,1.8486,-0.00068767,-1.1278,-0.12402
-0.7101,0.62134,1.7435,-0.89959,-2.465,0.0048699,-0.84532,-0.16844
-0.66598,-0.39106,-0.46371,0.21352,3.3634,-0.1636,-3.3194,-0.16097
-0.65329,1.1098,0.60708,-1.745,-1.6292,0.011531,-0.55023,-0.091631
-0.46349,-3.2097,0.48971,-0.1168,-2.7976,-0.01865,-1.1704,-0.11558
-0.66144,-1.1545,-1.9296,-0.46038,7.3641,0.25563,-2.5602,0.015067
4.4397,2.9398,-1.5488,-0.27859,-6.8859,0.029693,-0.39244,0.076106
4.4073,-3.5588,-1.776,-0.52561,0.69607,-0.093664,1.6847,0.13043
-1.1242,0.56746,0.70426,-0.72572,-2.0764,-0.020081,-0.14567,0.2086
-0.71906,2.8137,-2.2097,1.1341,0.22612,-0.019947,2.009,0.1745
-0.70024,-1.5813,-0.079366,-0.49814,3.4818,-0.019176,2.6262,0.12315
-0.68921,0.47092,0.38084,0.37699,0.20914,0.054477,0.0017794,0.015821
-0.65462,2.3304,-0.69359,1.017,2.5266,-0.078943,2.9644,-0.067147
-0.63649,-2.4089,-1.0757,0.17569,-3.2096,0.048541,1.2434,-0.11624
-0.692,-0.21971,1.2704,1.0236,2.6558,-0.0061169,1.2415,-0.18446
-0.6801,0.70144,-0.27303,-0.16959,0.28877,-0.062296,0.44229,-0.14873
-0.96027,-0.63031,1.8355,0.21334,-1.8537,-0.037088,-1.8742,-0.15104
-0.70615,-0.25856,-1.1012,-0.02962,3.7311,0.019258,0.91356,-0.088856
-0.60929,-0.003419,0.82058,-1.4581,2.3617,-0.019523,0.7417,0.030692
-0.6549,-0.91934,-0.29659,-1.0365,-3.7158,-0.042421,-2.0935,0.0013888
-0.65727,2.0971,-0.84953,-0.14661,5.4183,-0.14464,-1.4259,-0.0036978
-0.35133,3.0772,0.067121,-0.42639,-5.8442,0.022139,-0.84204,0.23377
4.4327,-0.035991,-1.0674,-0.93447,-1.6477,0.025136,0.99111,0.066371
4.3962,-1.8475,-0.10011,-1.205,6.8791,0.40646,0.65755,0.14145
-0.72159,5.0289,-0.36984,-0.80385,-4.1819,0.038671,-0.16231,-0.012289
-0.83487,-1.3452,-0.34083,-1.0535,2.235,-0.11728,2.4739,-0.037357
-0.71441,3.5264,1.2449,-0.097729,-1.8566,0.063404,-0.54769,-0.10115
-0.69584,1.9557,1.9809,0.61514,2.0552,-0.0029402,1.5279,-0.16039
-0.70144,-3.52,-0.2253,0.64812,-3.6116,0.082137,1.3932,-0.12828
-0.52394,-0.96973,0.94556,-0.49547,1.3083,0.0042795,-0.46396,-0.14001
-0.65848,1.0327,1.0153,0.14808,1.9651,-0.067,-0.28359,-0.068875
-0.69495,-2.1629,-0.10628,0.57581,-1.6298,0.0062111,-3.0527,-0.064615
-0.681,0.60695,-0.39141,0.27158,2.0799,0.01397,0.94463,0.049237
-0.87355,0.40142,0.75914,-0.10147,1.4583,0.020208,-0.27766,0.15752
-0.7872,0.015025,2.0235,-0.38133,-4.1544,-0.0027156,-2.9978,0.18482
-0.66727,1.114,0.14487,0.25297,3.5347,-0.075054,-0.033303,0.061966
-0.65703,3.4682,-0.66529,-1.2104,2.6264,-0.0089662,3.1074,0.026506
-0.50474,-3.3104,1.1454,-0.051079,-3.4876,-0.019786,-0.93188,0.035754
4.4165,-1.4975,-2.6951,0.62598,6.9656,0.062743,-1.3224,-0.025602
4.3792,3.5949,0.66815,-1.2996,-6.1627,-0.013863,0.4745,-0.15184
-0.72015,-1.829,-1.8753,1.7653,1.7498,-0.080849,0.72737,-0.20629
-0.98209,0.28502,0.78793,0.58082,-1.2746,0.05114,1.1664,-0.19923
-0.84276,3.2516,0.036555,0.25592,0.65878,-0.059632,-0.32832,-0.12512
-0.71654,-4.4402,-0.56752,-0.5412,2.8288,-0.0071308,4.2007,0.046414
-0.69607,-4.7058,-0.36878,0.48971,-1.5077,0.029526,-1.1783,0.21904
-0.68454,1.9848,-0.41062,0.72941,4.0286,-0.10283,-0.11073,0.063962
-0.52309,-0.042985,-0.051795,-0.33852,-2.8959,0.0054282,-0.15854,0.19967
-0.70453,0.64954,0.86508,0.33682,0.67304,-0.059998,1.0673,0.057244
-0.69179,0.35738,-0.10608,0.26385,3.074,-0.0044355,-0.33758,0.27884
-0.68456,0.7386,4.0404,0.62609,-1.787,-0.035965,-2.1492,0.056952
-0.80115,1.5715,1.5443,-0.33681,3.7896,-0.028045,0.59287,0.025629
-0.7381,2.28,1.0752,-0.80838,4.1603,0.066568,0.83613,-0.024482
-0.65793,-0.87012,-0.37702,-0.42098,-5.1253,0.012301,-1.1767,-0.077831
-0.65433,0.36037,1.0314,0.45369,4.6034,0.03355,-0.74473,-0.12037
4.4206,2.9221,-0.47462,0.24343,-4.828,0.059136,0.34373,-0.14576
4.3968,1.7623,2.7621,0.40326,-2.7052,0.041482,-0.047759,-0.079291
-0.52592,-6.3575,-0.32562,-0.96969,5.8488,0.23309,1.2533,-0.055927
-0.73013,0.47489,-0.55772,-0.2251,-2.0876,-0.016642,-0.68727,0.033783
-0.79468,-4.9511,-4.0001,0.60164,0.52448,-0.048081,0.89409,0.0013888
-0.83519,-3.1478,-1.7532,0.32923,-2.0026,-0.007118,0.79764,0.33903
-0.68217,2.3874,-2.1104,1.1822,3.5187,-0.0058024,3.5369,0.32995
-0.69707,-0.27876,-0.55751,0.39421,-0.62459,0.001674,0.12273,0.29378
-0.52194,-1.571,1.382,-1.2028,1.3688,-0.003075,1.8732,0.13006
-0.52967,3.0337,-0.94793,0.7823,0.79386,-0.084988,-0.87976,0.02266
-0.7818,-1.0519,0.68942,0.50086,-3.1472,0.043972,-3.2038,-0.081555
-0.68917,1.6513,2.3396,0.034352,2.1829,-0.016038,-0.51308,-0.14084
-1.0735,1.8537,0.83233,0.02545,2.6752,-0.008055,2.1135,-0.099029
-0.85805,-0.54958,0.76984,0.71387,-5.0019,-0.0040889,-1.2644,-0.14113
-0.73375,-1.2119,0.28143,0.30233,1.2204,0.0019242,0.2864,-0.13576
-0.66105,1.2238,0.12596,-1.2534,5.7057,0.28711,2.4654,-0.020807
4.3736,2.8472,0.45561,1.3962,-5.1665,0.012821,-0.9508,0.028623
4.4278,-8.6913,-0.45935,-1.7623,5.9095,-0.12415,-1.8316,0.16051
4.3973,3.5999,-0.85752,0.019123,-3.5215,0.072067,0.23173,0.21289
-0.73252,-0.49129,-2.0002,-1.0873,-0.067662,-0.034553,1.8926,0.23136
-0.72642,0.1393,-3.4126,-0.97174,1.0779,0.037099,1.4901,0.078345
-0.92782,3.7876,1.1775,0.79265,0.83312,-0.031736,1.0709,0.12279
-0.75276,1.9064,-0.11338,-0.14124,3.186,0.002566,1.5425,0.038334
-0.70248,-4.2943,-1.0327,0.73535,-3.1021,0.032972,-0.41613,-0.081409
-0.68928,2.8542,-1.16,-1.102,3.5435,-0.0050066,2.2714,-0.11319
-0.52862,0.19074,1.4154,0.78686,-4.6651,0.0093044,0.15269,-0.1762
-0.56556,-0.20036,0.31528,0.49218,1.7416,-0.053889,-0.36709,-0.1902
-0.69379,-1.1685,1.1988,-0.20547,3.6941,-0.074559,-1.0881,-0.12889
-0.68737,-0.41717,-2.5527,0.17689,-2.8053,-0.0064185,-4.4045,-0.055732
-0.85521,-1.1249,1.2769,-0.24951,1.3627,-0.0076827,-0.25178,0.017647
-0.69098,0.70902,-1.0706,-0.40777,5.3123,0.15179,0.022336,0.12719
-0.5906,-1.5903,0.17578,-0.040032,-8.3586,-0.024375,-2.4869,0.13544
-0.6517,-5.3173,-1.099,-1.7153,3.3203,-0.1331,-0.39322,0.17115
4.4231,4.0301,-2.4097,-1.5669,-1.9012,0.050132,-0.071321,0.06603
4.3895,3.1689,0.11122,1.7244,-0.55822,-0.0044291,0.60957,0.1353
-0.75104,-4.6478,-1.6193,-0.40261,4.9133,0.14972,-0.50537,0.062307
-0.72011,5.122,0.042664,-0.93089,-1.4699,0.050755,2.8341,-0.038574
-0.71689,0.16238,0.18551,-0.0883,0.79767,-0.011816,1.4442,-0.068364
-0.92817,-3.6901,0.96281,-0.22292,-4.006,0.066773,1.5882,-0.1883
-0.72439,0.42311,-0.22325,0.7828,2.9525,5.6757e-05,3.311,-0.17477
-0.68651,0.64821,0.28768,1.2099,-0.47265,0.033729,2.2172,-0.12381
-0.69056,-2.8388,1.8312,-0.71377,2.0474,0.023898,-0.056583,-0.078683
-0.491,1.895,-1.6157,0.034448,2.0567,-0.10574,2.2736,-0.053006
-0.55853,-2.7729,-0.56888,0.68222,-3.9063,0.0089707,0.052005,0.13055
-0.68779,0.47833,-1.569,1.1614,1.2423,-0.039546,-0.077184,0.12376
-0.68197,0.86927,0.20212,-0.54628,3.9399,-0.069053,0.0040014,0.14104
-0.85374,0.54089,2.1839,0.13679,-6.6219,-0.014177,-3.9927,0.06474
-0.78229,1.2043,-0.11086,-0.83522,0.26956,0.00109,1.0686,0.088689
-0.65184,2.5145,0.6288,-0.71763,7.9054,0.58922,2.0082,0.051549
4.4117,5.3706,-1.6584,0.75047,-5.1449,0.027209,-0.34047,-0.03816
4.3784,-8.0689,2.3673,-2.3015,4.714,-0.044962,1.826,-0.10341
-0.59451,1.7398,-2.1692,-0.89241,-3.5884,0.033415,-0.19162,-0.18024
-0.81746,0.073799,1.7739,-0.53139,0.015104,-0.053825,0.68798,-0.15985
-0.71393,-4.4662,-0.93963,-0.022966,0.44989,0.022332,2.48,-0.13106
-0.7831,1.7551,0.80653,-0.6917,0.69723,-0.014068,-0.34882,-0.027476
-0.81558,0.93837,-0.45325,0.67731,1.2949,-0.052483,0.23734,0.085914
-0.76215,-5.9,0.026624,0.73756,-3.0963,-0.011039,-0.41598,0.1011
-0.68448,1.8862,-0.58158,-1.2151,2.3334,-0.054453,2.3421,0.19074
-0.67248,-0.38857,0.97065,0.36703,-2.7283,-0.016109,0.40429,-0.0098066
-0.5234,1.1276,0.56575,0.1721,1.1254,0.024039,0.11297,0.19648
-0.66127,0.82419,3.0176,-0.11858,2.624,-0.076928,-3.1016,0.12279
-0.6774,2.6391,-1.7673,-1.4769,-2.3646,0.017795,-2.9167,0.060238
-0.67579,0.40089,1.7896,0.0096942,1.2963,-0.012669,-0.57061,-0.039645
-0.76161,2.6525,0.14309,0.022431,7.27,0.31463,-3.0175,-0.075446
-0.67092,0.91972,2.733,-0.61714,-7.8502,0.07776,-0.34248,-0.15211
4.4211,-7.0492,-0.18929,-0.56742,2.0551,-0.011225,-1.5037,-0.13152
4.3999,2.8419,-1.035,-1.3403,1.6389,0.071689,5.44,-0.11217
-0.46611,-0.54707,-1.6937,1.1386,-0.67637,0.0060507,1.6733,-0.056292
-0.61813,-5.4949,-0.16668,0.16876,3.3873,-0.072333,1.6925,0.054957
-0.72617,2.6555,-1.0343,0.13799,0.022252,-0.017989,2.8627,0.0029465
-0.71777,0.88167,0.43102,2.0376,2.2087,-0.067391,2.2677,0.2225
-0.88201,-3.0794,-0.5674,0.071065,-5.3258,0.058591,0.48104,0.36855
-0.72508,-0.10006,-0.44116,1.3035,2.2532,-0.020036,2.9201,0.33272
-0.67872,2.6714,0.46414,0.47445,1.6936,0.010395,2.159,0.1987
-0.67624,-0.31944,1.822,-0.66615,-0.11556,-0.0082475,-0.77385,-0.0087114
-0.63998,2.4814,0.13476,-0.64342,3.3149,-0.097521,1.708,-0.044342
-0.55484,-0.043396,2.01,0.1906,-1.0468,0.033447,-1.2943,-0.124
-0.66868,0.065271,-0.72916,-0.01813,-0.13987,-0.030997,-0.49791,-0.15632
-0.66984,1.0411,-0.066923,-0.14866,4.2767,-0.13989,0.50738,-0.14315
-0.57431,2.0814,1.1132,-0.76946,-6.001,0.024321,-1.4592,-0.1
-0.90682,-3.355,-1.1963,-0.054143,-0.064296,-0.0049874,0.7997,-0.071868
4.448,2.4407,0.069588,-0.27088,6.9271,0.42054,0.28497,-0.07474
4.4348,2.0811,-1.3893,1.6478,-5.883,0.035064,-0.75304,0.24336
-0.55108,-4.653,-1.4258,-1.8544,4.1224,-0.14545,-1.2895,0.021273
-0.49541,1.6366,-2.1012,-0.44728,-4.5859,0.00028137,-1.0783,0.17088
-0.68851,2.6592,1.0545,0.26165,1.8337,-0.003383,1.5024,0.080755
-0.7159,-2.9793,-0.80809,-0.11794,-0.7961,0.064886,0.83415,0.17278
-0.71033,-0.37117,0.77298,0.37475,1.0601,-0.038461,0.44721,0.01677
-0.9136,1.6021,-0.81503,1.4312,-0.19745,-0.12234,1.0364,-0.06795
-0.7569,-2.916,1.2959,0.10515,-1.5555,0.039184,-2.8865,-0.10962
-0.6863,1.8613,-0.40546,-0.5824,3.7028,-0.0087095,1.5065,-0.16949
-0.6806,-1.8885,0.74716,0.038167,-1.9378,0.0046453,-1.7103,-0.13237
-0.57239,-0.031181,0.41854,-0.56608,-0.70167,-0.028052,-0.40347,-0.13451
-0.6199,-0.45875,-0.33799,0.3536,3.2425,-0.13569,-2.1521,-0.082747
-0.68439,-0.19445,1.0113,-1.0719,0.074145,0.023757,1.1439,-0.017205
-0.67192,-3.1726,1.1685,1.1922,-2.085,-0.025645,-0.96368,0.11337
-0.77434,0.59528,-2.212,0.68832,7.1145,0.038305,-1.0931,0.11346
-0.70026,4.331,0.65133,0.22293,-7.2994,0.020612,-2.6663,0.21683
4.4289,-4.5683,-0.85659,-2.0258,0.31129,-0.029785,0.44218,0.23674
4.3805,1.4951,-1.371,-1.1024,2.1921,0.043734,1.6692,0.12972
-0.65589,3.7918,-2.2336,0.66657,-2.9645,0.0083097,2.0816,0.059167
-0.60878,-4.2621,1.0318,-0.36912,1.5495,-0.1399,1.0965,-0.031857
-0.66264,0.58286,-1.5778,1.116,-1.1976,0.06187,0.30139,-0.12714
-0.70103,2.9724,-0.55323,-0.11932,1.9176,-0.1095,0.91652,-0.18767
-0.70322,-1.0761,-0.61527,0.39246,-3.7557,-0.016025,1.5172,-0.10115
-0.78182,-0.9496,1.8989,0.94632,-0.22563,0.0034773,1.2309,-0.16165
-0.61557,-0.62411,0.32801,0.75178,2.2369,-0.046926,2.2962,-0.067025
-0.67236,-1.7963,0.06405,-0.19298,-1.7635,-0.05849,-3.9478,0.0313
-0.67115,0.92172,-1.364,0.1348,3.2867,0.0011349,1.1473,0.039088
-0.39455,0.65079,3.1593,-0.047425,1.0966,0.031002,-0.57119,0.17032
-0.58879,-0.77378,-2.4852,-0.60121,-3.2954,-0.0042686,-1.8228,0.18468
-0.66903,1.9486,-0.61511,-0.69987,3.1472,-0.21961,-0.56869,0.17884
-0.66296,2.98,-0.40075,-0.12506,-4.2457,0.052417,0.51003,0.081509
-0.82507,-1.8192,0.2513,-1.0201,-2.5377,0.025823,-0.28442,0.062161
4.4083,0.40491,-2.4682,-0.81727,7.0353,0.42458,1.2665,-0.032246
4.3736,2.7942,-0.77544,-0.11781,-4.8808,0.057506,-1.6542,-0.12069
-0.71386,-2.7889,-0.12954,-0.8625,1.2372,-0.13299,-1.2243,-0.14824
-0.33192,0.85932,1.6573,-0.26707,-1.925,0.067774,0.53729,-0.14425
-0.62223,1.1602,-2.0551,0.52984,2.0586,0.0084573,2.5195,-0.14369
-0.71705,-2.1692,-1.0831,0.5629,0.93562,0.048637,1.1254,0.0258
-0.69971,-5.0366,-0.5966,-1.355,1.78,0.021735,-0.43902,0.095114
-0.78251,0.8547,-0.68502,0.48104,1.2195,-0.079244,0.69771,0.059362
-0.85673,-2.6594,-0.96951,-0.046352,-0.91248,-0.00073901,-2.4186,0.16771
-0.73183,2.1957,1.1043,-0.011277,1.8342,-0.023932,0.45728,0.080365
-0.6723,0.30425,0.030619,-0.090638,-1.4163,-0.030349,2.5223,0.18098
-0.66573,1.3733,3.7336,-0.34561,-2.6891,-0.079206,-5.9925,0.022149
-0.55681,2.0214,-0.24338,-0.084921,4.1271,0.055465,1.3229,0.046463
-0.61091,1.7658,2.1797,-1.3376,3.3339,-0.0077918,2.5362,-0.033293
-0.65548,-0.54936,0.15453,-0.46282,-5.771,0.025759,-2.0221,-0.088978
-0.65394,1.5116,0.10524,-0.49279,6.8328,0.15036,-1.8084,-0.099394
4.4137,4.055,0.46482,-0.17529,-7.3224,0.056922,-0.45456,-0.11692
4.394,1.2369,1.0588,-0.27941,-0.44459,-0.02517,3.0526,-0.12329
-0.7102,-3.5141,-1.2834,-1.2342,3.1483,0.056434,1.288,-0.038282
-0.69755,2.3259,-2.4256,0.32021,-1.7845,-0.030227,0.52614,0.025921
-0.46929,-1.4244,-0.81656,-0.65407,1.5761,-0.11533,2.1083,0.028307
-0.63958,-4.9974,-1.4743,0.36743,-2.9307,-0.031209,-1.9195,0.25229
-0.70906,0.8055,0.021645,-0.69474,2.538,-0.03891,2.5964,0.27076
-0.69516,-0.13553,-0.10067,0.77552,-2.3944,0.061241,0.84318,0.20536
-0.90739,0.66692,0.86208,0.97773,0.070574,0.0057362,1.5102,0.1305
-0.72246,1.8097,2.462,1.0572,2.0463,-0.13135,-2.0652,0.029061
-0.67068,0.27453,0.55174,0.22769,-3.3585,-0.053529,-1.1149,-0.066587
-0.66357,0.73606,3.8638,-0.38882,0.72124,-0.016757,0.55831,-0.11529
-0.58952,1.1026,1.5104,-0.16142,3.6624,-0.017482,0.3678,-0.14573
-0.63434,-0.75903,2.7119,-0.6074,-6.4347,-0.0208,-1.0775,-0.14152
-0.62461,-0.65072,1.157,-0.4364,1.4589,-0.17485,-1.3009,-0.13485
-0.65456,0.70967,-0.50947,-1.5209,-0.05325,0.078504,0.3358,-0.044829
4.4389,2.0649,0.17853,0.29586,-3.2045,-0.018111,0.37567,-0.09219
4.4217,-7.5832,-0.79464,0.43348,6.4305,0.17189,-0.84957,0.077639
-0.6892,2.7348,-1.1823,-0.0465,-5.2283,0.042431,-1.0311,0.16087
-0.70458,-1.5656,-2.3853,-0.080181,0.94701,-0.082382,0.8254,0.19719
-0.70549,0.33976,1.2246,-0.16993,-2.4942,0.049741,0.48341,-0.016134
-0.52166,2.2268,-2.2789,1.5595,0.80686,-0.0632,1.5775,0.22226
-0.66763,2.8116,-0.3335,0.478,0.66692,0.00054449,3.8429,0.12057
-0.68691,-3.6984,1.9289,-0.031849,-1.7457,-0.016455,-0.55276,-0.0045983
-0.68298,2.7123,1.3441,0.51371,1.5359,-0.072005,0.026677,-0.099613
-0.89224,-1.6361,4.1359,0.15852,-1.8859,-0.018246,-0.30632,-0.12996
-0.74848,1.3478,0.59049,-0.55212,0.38111,-0.078692,0.13037,-0.19365
-0.66782,-1.1044,1.1065,-0.5195,1.6454,-0.057085,0.76043,-0.14739
-0.6635,-0.542,1.3089,-0.73471,-4.66,-0.022565,-0.71219,-0.064396
-0.50939,0.64965,0.31999,-0.59913,1.6435,-0.025164,1.0024,-0.082285
-0.64078,0.95337,0.43023,-1.1033,5.2477,0.17931,0.36198,-0.028279
-0.66069,0.53904,0.24972,-0.092558,-7.5359,-0.013491,-2.2483,0.12515
4.4507,-6.7284,-2.541,0.078008,4.5788,-0.16712,-1.2311,0.05447
4.4238,4.5278,0.46307,-0.032729,-8.5011,0.013245,-0.083124,0.3408
-0.72565,5.4762,2.5216,0.002629,-1.3411,-0.033308,0.17484,0.16616
-0.68156,-2.5117,-1.5045,-0.13935,2.654,-0.044089,1.3957,0.056904
-0.70371,3.7039,1.3448,-0.38777,-3.4069,-0.029868,-0.34848,-0.031711
-0.59883,-0.32408,-1.5326,0.64471,-1.2416,-0.075214,0.27891,-0.14347
-0.6133,-4.5087,-1.0728,-0.095481,-3.308,-0.0057254,-2.5271,-0.18178
-0.66489,1.0329,0.93158,-0.60716,0.24041,-0.072352,1.1207,-0.19714
-0.68547,-1.1159,1.8213,0.95324,-3.5275,-0.0078817,-0.022161,-0.10694
-0.77352,0.39433,-0.39705,-0.56508,0.42264,-0.075208,0.28904,-0.080167
-0.77177,0.27777,1.8624,0.23023,1.0638,-0.044519,-2.1141,0.027406
-0.62887,-0.0050566,-0.42162,0.71553,-2.4294,-0.0016503,-2.7391,0.1279
-0.66147,-0.54626,1.133,0.19182,0.682,-0.05247,-1.0599,0.11303
-0.65608,2.6577,-0.41214,-0.52498,4.4083,-0.066512,-2.3515,-0.014431
-0.40012,-0.43743,2.0165,-0.43291,-8.571,-0.024368,-1.15,0.19081
-0.66531,-0.34703,-1.4499,0.43344,1.0027,-0.0065918,-0.82938,0.053156
-1.0591,4.7633,-0.99588,-1.1808,2.7294,0.082573,0.49894,0.060652
4.4005,5.1482,1.2225,2.0333,-4.6494,0.028878,-0.33153,-0.00472
4.3582,-7.9738,1.7268,-1.6219,5.9445,0.047328,-0.91234,-0.09881
-0.76548,3.4998,-0.17043,1.6046,-5.3024,0.026259,0.1549,-0.17411
-0.69998,0.14382,0.14725,-0.26584,-0.40466,-0.021737,2.0438,-0.15274
-0.70144,-4.2619,-1.5795,0.018327,-0.21208,0.018372,0.48604,-0.075105
-0.39564,-0.41784,-0.89722,0.6678,-1.2681,-0.057425,0.11931,-0.023582
-0.57584,-1.255,-2.2508,-0.081723,0.41032,-0.0068356,1.1238,0.095868
-0.70306,-3.3312,-0.37447,0.28423,0.63252,0.020285,-1.3317,0.076544
-0.68653,1.028,-1.6986,0.54164,-0.006469,-0.045013,0.9582,0.18845
-0.89122,-2.1522,2.3789,0.13304,-5.0387,0.058328,-1.9718,0.22009
-0.78839,1.9065,-2.3123,-0.15909,0.79009,0.016357,-0.74366,0.18638
-0.70612,0.68893,1.9512,-0.10202,2.2685,-0.12231,-1.4433,0.14031
-0.66305,0.90056,0.0003622,-0.31904,-5.9816,-0.0082411,-2.6233,0.049456
-0.6587,1.3086,-0.62213,-0.13493,1.7416,-0.028135,1.3574,-0.039499
-0.59952,2.4954,0.7786,-0.13498,6.4588,0.31653,0.26261,-0.096109
-0.67324,1.9146,-0.075159,0.50558,-7.6164,0.051564,-2.3987,-0.16306
4.4086,-10.514,-0.8566,-2.1419,4.5803,-0.19053,-2.3373,-0.14863
4.3819,2.5243,-0.96994,0.21293,-4.8363,0.040705,-0.27657,-0.085181
-0.91971,1.4944,-0.69215,0.18797,-0.12177,-0.056732,2.0634,-0.082358
-0.7139,-4.3624,-3.766,-1.0401,3.8469,-0.037678,2.5632,-0.0025539
-0.70017,2.7377,0.51948,-1.2771,-1.5318,0.051961,0.48189,0.10276
-0.68962,-0.15025,-1.6208,0.44972,0.63756,-0.096931,0.13873,0.14355
-0.4277,-4.0312,0.093029,0.33474,-3.6655,-0.024939,-0.43521,0.32666
-0.65291,2.4765,0.76093,-0.63768,2.3309,0.0057362,0.92363,0.1941
-0.68866,0.56758,2.5974,1.3536,-0.82016,-0.014761,3.3446,0.15737
-0.6795,1.4205,0.55959,-0.11336,1.4527,-0.076639,-1.8471,0.020567
-0.94397,1.8781,1.4422,0.043048,2.949,-0.06209,-2.6838,-0.036286
-0.73945,1.7643,1.0262,-0.33449,-3.8708,0.030489,-2.7651,-0.092142
-0.66483,-0.19986,0.49106,-0.2279,1.6708,0.0078091,-0.48671,-0.15951
-0.65385,1.1879,-0.22549,-0.00010711,5.2577,0.024199,-2.5887,-0.11103
-0.49153,-0.61304,2.6244,-0.84508,-9.499,0.023359,-2.4347,-0.1137
-0.55973,-5.3272,-3.1929,-0.46539,0.69439,-0.0062901,0.69505,-0.055026
4.431,2.7411,-3.7992,-2.0175,2.7973,0.051647,-2.0946,-0.064542
4.4133,2.4029,-2.7496,2.4463,-3.5462,-0.011334,-0.15405,0.12133
-0.96,-5.9023,-0.77301,-2.3811,5.5109,0.0048635,-0.983,0.17497
-0.79294,1.8693,-1.2991,1.0389,-4.4427,0.06411,1.8556,0.20439
-0.67115,2.6042,-0.18996,-0.26009,-0.76866,-0.038506,3.0438,0.16606
-0.69677,-3.7553,-1.3834,-0.09893,-1.2516,0.036701,0.98663,0.11349
-0.69858,1.4734,-0.24612,0.20213,1.0397,-0.027673,1.6186,-0.0071051
-0.58481,2.3125,0.32489,0.66568,0.14815,-0.031697,1.6216,-0.02823
-0.74729,-1.7895,2.2375,1.2881,0.67817,-0.043518,1.9215,-0.1212
-0.68478,1.9079,-0.067932,-0.42239,1.5983,-0.056751,2.2102,-0.13573
-0.68377,-1.3687,2.7337,0.21667,-3.9529,0.058681,-0.99958,-0.13797
-0.72871,0.25791,-1.596,0.83136,2.005,-0.028501,-0.94949,-0.13456
-0.70176,-0.59632,-0.095709,0.15773,2.7521,-0.19923,-0.97729,-0.08686
-0.65693,0.031883,0.82789,-0.074998,-6.6636,-0.0043585,-2.5468,-0.062328
-0.66146,-0.46787,-0.60433,-0.60728,-0.039711,0.061716,1.3291,-0.016499
-0.3144,1.2319,-0.89037,-0.85654,7.8934,0.45983,-0.57182,0.18784
4.4501,4.7913,-1.0221,0.31681,-6.9935,0.042611,-1.1312,0.044881
4.4184,-9.447,-1.7907,-3.5485,3.675,-0.23027,1.0514,0.32742
-0.71626,3.565,-1.0862,-0.8105,-3.8709,0.083234,-2.7664,0.26339
-0.97091,2.1106,0.18821,1.1283,-0.82419,-0.025549,-0.03076,0.11283
-0.77338,-2.9658,-1.489,-0.14264,2.3062,0.016415,0.36907,-0.025066
-0.71512,0.97642,0.21369,-1.268,-0.50456,-0.029663,-3.3092,-0.13622
-0.69469,1.2273,-0.41873,0.83592,0.39169,-0.019087,1.3757,-0.17591
-0.44023,-4.3695,1.6877,0.7269,-3.0272,-0.021102,-0.71646,-0.214
-0.47632,-0.019859,0.64411,-0.14854,1.9863,-0.029175,1.8623,-0.12697
-0.72555,0.12618,-0.29809,0.93555,-2.9115,-0.011931,0.18589,-0.1166
-0.68076,-0.051989,2.0151,-0.43639,0.71881,-0.02637,-1.3759,0.040962
-0.80725,0.31027,-0.25319,-0.0010705,3.2834,-0.095211,-1.4181,0.066152
-0.82522,0.59953,2.0573,-0.34422,-4.0795,0.020779,-1.9039,0.15688
-0.65535,-0.80013,1.9881,0.92381,-0.61216,-0.014036,-1.2271,0.056685
-0.65282,2.5596,-1.1749,-0.2335,6.7758,0.11557,-2.5033,0.074719
-0.64292,3.5208,2.5059,-0.35301,-9.2296,0.03629,-0.11116,-0.0058395
4.4308,-6.5481,-2.2915,-0.48874,-0.11384,-0.02458,-0.47442,0.040548
4.3954,2.4182,-1.4052,-1.6413,2.4578,0.056062,1.6691,-0.030129
-0.99774,4.8346,-0.55694,1.3678,-3.1204,0.011583,0.65887,-0.11553
-0.72093,-3.0914,0.81761,-0.44691,4.1296,-0.19799,1.6653,-0.12074
-0.85144,0.48153,-0.36815,1.4315,-5.194,-0.030189,-1.4358,-0.12592
-0.70428,0.61463,1.4594,-0.25782,1.0058,-0.0080421,1.0084,-0.075495
-0.68586,-3.803,-0.82903,1.1333,-4.0372,0.0030601,0.61262,0.00082907
-0.68584,-1.0528,-0.50156,-0.33897,1.7836,-0.013645,0.75369,0.13534
-0.42116,0.25487,-0.1912,0.30745,-0.43426,0.026503,4.0187,0.10035
-0.49976,-1.6778,-1.1035,0.32794,-1.431,0.015459,-4.9277,0.13274
-0.69309,1.2578,1.9368,0.34783,2.9667,-0.067866,-1.4409,0.24886
-0.68297,-0.2089,2.9287,-0.41047,-3.8056,0.066118,-0.11096,0.18609
-0.97809,0.82607,1.1896,0.27181,-1.2774,0.0097408,-0.1611,0.12055
-0.73625,2.6809,1.3782,0.30533,2.6469,-0.23577,-2.4401,0.026773
-0.6605,-0.017567,2.25,-0.91239,-4.7498,0.050915,-0.53239,-0.043101
-0.64966,-1.0124,1.0931,-0.46167,-1.6625,0.013598,-0.59587,-0.074716
-0.71152,1.7122,0.52364,0.23069,8.0055,0.39179,-2.32,-0.13361
4.4073,3.8027,0.16039,-0.056237,-6.6832,0.016922,-0.67265,-0.19365
4.3778,-5.8901,0.36169,-0.42085,1.9578,-0.14049,0.89917,-0.15321
-0.71574,-0.17236,-0.63668,-0.036152,-4.5187,0.042322,-0.99937,-0.075568
-0.71721,1.244,-2.8575,1.9774,-0.68253,0.0070903,1.7924,-0.01723
-0.87641,-5.3419,-0.43091,0.12314,1.143,0.028242,-0.77996,0.17937
-0.73247,-2.0262,-0.96597,0.2026,-1.0541,0.0048763,-1.0498,0.27023
-0.68549,0.96603,-1.7246,0.45793,0.25163,-0.11836,-1.3243,0.30994
-0.67893,-1.2501,-0.24188,0.55937,-2.9666,-0.0033317,0.51487,0.056198
-0.42467,1.8316,1.9575,0.28526,1.786,0.0076358,1.2076,0.17068
-0.57581,1.8731,-0.058039,0.61692,-0.31451,0.0061405,1.553,0.086863
-0.67924,2.2187,2.4957,-0.30418,-2.8132,-0.003967,-2.8088,-0.039791
-0.67565,1.1337,-1.7441,-0.4368,3.6548,-0.088819,0.28073,-0.081311
-0.7954,1.4191,0.40951,-0.69031,-0.36838,-0.0026707,-0.34268,-0.15036
-0.67519,-1.4801,1.9224,1.4184,-5.8345,-0.036812,-0.93262,-0.16662
-0.64767,-0.85814,-0.068754,0.48428,6.2756,-0.15908,-0.75147,-0.15987
-0.6417,1.3435,1.0178,0.33807,-8.6342,0.022255,-0.9828,-0.057338
4.4368,-2.8756,0.42969,-0.18691,-2.328,-0.051238,-0.70867,-0.002919
4.4126,-2.5222,-0.93791,-0.3687,4.1847,0.0022836,0.14058,0.10183
-0.75874,2.7542,-2.5085,0.76829,-3.0843,-0.00044381,-1.0882,0.16913
-0.71548,-3.2174,-2.0917,-1.5337,2.0419,-0.1406,-1.2128,0.15141
-0.74197,-1.5892,-1.2369,1.0042,-3.9423,0.067781,-0.54127,0.15572
-0.75336,2.7731,-0.89748,-0.11259,1.4121,0.00024928,2.3456,0.16618
-0.65718,-0.37675,-2.1426,0.012173,-2.6947,0.0137,1.3582,0.081363
-0.67839,0.33637,0.92497,0.16964,-0.55898,-0.015063,-1.0141,-0.043685
-0.67868,2.5453,0.62644,-0.13968,2.0957,-0.099876,-0.12879,-0.073767
-0.51423,-0.67848,-0.30123,0.49698,-0.77984,-0.040438,-4.9613,-0.1295
-0.69433,1.3084,0.22889,0.52014,2.7634,0.034846,0.31115,-0.17861
-0.67037,0.044868,1.0645,-0.45719,0.41675,-0.010526,-1.08,-0.14549
-0.67215,-0.79178,1.5259,-0.58704,-4.0921,-0.079764,-3.6991,-0.085473
-0.83232,1.3703,-0.36219,-0.2315,0.78376,-0.22638,-3.6121,-0.050694
-0.69638,0.94594,-0.42942,0.03387,-1.949,0.0059159,-0.19775,0.021224
-0.63833,-2.0091,1.3916,-0.35185,-3.7772,0.020188,-0.64367,0.23929
4.4416,-1.5717,-3.6716,0.88757,7.6827,0.32833,-0.085025,0.024802
4.4157,4.4854,0.95705,-0.32503,-6.4739,0.080147,-2.0419,0.19845
-0.62245,-1.1434,-2.5053,-0.32737,1.385,-0.10967,-0.7862,0.18916
-0.71496,0.024356,-0.41565,-0.9196,-2.1781,0.044556,-0.35768,0.073843
-0.71262,1.8459,-3.0022,0.77735,0.84318,-0.043582,0.66632,-0.013774
-0.88272,-0.93334,-1.4415,-0.34213,2.9664,0.023096,1.3637,-0.11176
-0.76319,-0.89619,-0.031655,0.5301,0.3921,-0.035085,0.13196,-0.17462
-0.67788,2.1858,0.088371,0.5033,1.4677,-0.12159,-0.76422,-0.17233
-0.67966,-3.5996,-0.079309,-1.3075,-1.9989,0.072921,0.47174,-0.1194
-0.48475,0.98182,2.5466,0.68459,2.9752,0.023846,1.3322,-0.095525
-0.4982,-1.297,-0.57086,0.48803,1.5761,-0.05627,0.23956,-0.013433
-0.65611,-0.87095,1.9301,-0.041837,-3.8235,-0.041914,-4.1693,0.087083
-0.67381,-0.73313,-1.7032,-0.72021,4.267,0.033627,1.763,0.15012
-0.80758,2.2227,1.3551,-0.9234,4.4735,0.026356,0.93203,0.044297
-0.78439,-0.21756,-0.10832,-0.41124,-6.0252,0.0015135,-1.5847,0.065909
-0.69868,0.19684,-1.1533,-0.18598,6.4743,0.081925,-0.54357,0.1803
4.4332,4.7211,0.57505,0.0027768,-5.9072,0.027909,0.097183,0.015213
4.3957,2.365,0.9187,-0.11917,-0.19583,-0.017777,1.8868,-0.034461
-0.58008,-3.6523,-0.32107,-1.0981,4.4953,0.052462,2.2701,-0.12088
-0.68085,2.2908,-0.0023487,0.5735,-3.0875,-0.0037617,-0.71729,-0.18489
-0.70499,-4.4244,-1.4079,0.22872,3.3868,-0.018355,1.8634,-0.13366
-0.70573,-2.0972,-0.098992,0.23825,-2.9673,0.090961,-0.67103,-0.10959
-0.9233,-0.18673,-1.1661,-0.84502,3.2048,0.017358,2.2522,0.0058183
-0.69212,-2.6136,-1.986,0.32968,-3.1647,0.072209,2.3358,-0.00085024
-0.67093,-1.7655,-0.012858,0.58165,-0.24581,0.035578,1.3804,0.10353
-0.66999,1.0818,1.9454,0.30099,2.3686,-0.13633,-1.1098,-0.012459
-0.45614,-1.9575,2.124,1.2398,-3.0523,-0.051463,-0.94051,0.32073
-0.56548,1.4306,4.0129,0.83367,0.74925,-0.047644,0.77061,0.19526
-0.67643,1.0767,0.58352,-0.41907,4.1625,0.023083,1.0971,0.13666
-0.66658,0.24032,3.6184,-0.91777,-4.6043,-0.014254,-1.5419,0.028769
-0.72235,0.49179,1.3955,-0.12176,2.1168,-0.095403,-1.6792,-0.0079326
-0.71708,3.0216,1.2738,-1.6689,0.5034,0.040076,-0.78602,-0.080654
4.4366,0.99468,0.69992,0.59572,-4.4578,0.035597,-0.5123,-0.12123
4.4012,-5.693,0.34139,0.3739,7.0733,0.15834,-2.2245,-0.15447
4.2301,2.4969,-0.7092,-1.0294,-4.8353,0.046558,-1.4561,-0.1083
-0.52533,-0.23142,-1.6713,0.27199,0.98025,-0.10143,1.0121,-0.10451
-0.64017,-2.7153,-0.83569,-0.39751,-1.9663,0.014053,1.6509,-0.056024
-0.70749,0.13392,-1.5762,1.3702,1.4617,-0.004198,1.229,0.27908
-0.70846,0.18798,-0.66268,0.25279,1.317,0.051891,2.8347,0.072894
-0.81213,-1.8201,0.36678,0.17505,-0.9559,0.020432,-1.611,0.32679
-0.69204,3.9653,0.86808,0.4876,3.3816,-0.10414,-0.24695,0.10319
-0.67564,-1.2586,2.1748,-0.22231,-2.7949,0.08358,0.77615,0.16148
-0.67381,1.7574,2.0402,0.70138,0.89721,0.0216,0.14915,0.013972
-0.4461,1.3557,1.4789,-0.22603,1.5031,-0.069265,0.12056,-0.00085024
-0.68112,0.56825,2.1944,0.053948,-4.2308,0.010383,-2.392,-0.087055
-0.66413,0.21528,2.5093,0.52473,2.5394,-0.001753,1.3164,-0.12777
-0.66307,0.60127,2.225,-0.48716,5.9709,0.22729,1.2371,-0.15106
-0.78691,-1.0994,-0.031938,-0.24144,-6.1175,0.042117,-2.4297,-0.14624
-0.74649,-6.6102,-2.5734,-0.78066,5.2444,-0.11493,-1.2848,-0.087736
4.4394,3.7038,1.1245,0.08614,-7.763,0.060824,1.9378,0.029815
4.4098,2.6559,2.1479,0.36044,-0.0020183,-0.0287,0.297,0.061138
-0.5589,-4.8027,-2.3848,-0.026133,3.094,-0.0098198,0.61628,0.17594
-0.60177,1.423,1.5929,-0.063026,-2.7025,0.0067374,-2.3185,0.14535
-0.68587,-2.1675,-0.40389,0.8649,0.43888,-0.03402,0.1103,0.24538
-0.69976,-2.2607,-0.46287,0.92248,-2.8099,0.048939,-4.3688,0.20283
-0.72218,4.054,0.51256,-0.39537,2.9855,0.01698,1.9629,0.10667
-0.72356,0.82662,-0.075653,1.0488,-2.4682,0.025695,0.13719,0.00061003
-0.6773,0.3296,-0.24213,-0.011713,-0.28175,-0.00015502,0.10678,-0.10808
-0.66856,0.71568,1.0953,0.33485,3.2167,-0.14515,-4.1258,-0.14919
-0.66332,0.89142,1.2016,-0.75784,-1.0989,0.028326,-4.6073,-0.11315
-0.49512,-0.13523,2.4875,0.23878,1.6862,-0.0048911,-0.91501,-0.15798
-0.58977,-0.70134,0.34396,-0.21867,4.507,-0.025125,-2.0698,-0.083842
-0.6568,-2.2664,2.2668,-0.69391,-7.3547,0.0099654,-1.8965,-0.024507
-0.65296,-0.82517,-0.18843,0.45777,1.0554,-0.059504,-1.4355,-0.01538
-0.8555,2.881,-0.74276,-0.7038,2.4432,0.020516,-1.565,0.16589
4.4461,3.5182,1.2712,1.3269,-5.2072,0.010691,-0.42418,0.16336
4.4114,-8.4714,0.35173,-1.3409,6.9342,0.086847,-1.9279,0.21992
-0.70546,4.1774,-2.5924,0.19686,-3.4121,0.011974,-0.95135,0.065105
-0.52508,1.3873,0.9291,-0.37234,-0.035183,-0.031004,1.797,0.086644
-0.64979,-1.5168,-0.62035,0.61631,-2.9746,0.0077,0.85564,-0.010585
-0.69157,2.5985,-0.51835,1.7809,2.6248,0.034031,1.9857,-0.13427
-0.69131,0.69217,-0.66458,0.32335,2.579,0.0098242,4.3319,-0.17192
-0.89082,-4.6687,2.7554,0.25746,-1.5056,0.019046,-3.5126,-0.17908
-0.75561,0.5434,-0.23149,0.7919,3.3399,-0.020672,0.29597,-0.17122
-0.66358,-1.9578,0.61556,0.083859,-3.148,-0.025754,-1.5482,-0.12003
-0.66983,-1.0594,0.88588,-0.3834,1.0637,-0.052888,-0.80311,-0.0071781
-0.33222,-0.61761,0.99597,-0.065717,3.9287,-0.055865,-1.0477,0.086206
-0.48594,0.41863,-1.7835,-0.3409,-4.6276,0.030367,-1.1867,0.11982
-0.58944,-1.2669,-0.45346,0.08587,1.8416,-0.046104,0.42853,0.053837
-0.6568,3.3556,0.28483,-0.21779,7.3187,0.39892,-0.7944,0.07798
-0.71868,1.5727,-0.13022,0.12745,-6.0349,0.010639,-2.1015,0.18823
4.4234,-5.4993,0.16693,-1.8511,4.3194,-0.13119,-1.6316,0.045197
4.3856,5.2158,0.68392,0.92199,-2.7975,0.084582,0.40144,-0.0093928
-0.71557,3.5392,1.379,1.2416,0.34162,-0.026993,1.551,-0.099832
-0.70535,-2.6247,-1.0485,-1.5185,3.3298,-0.049737,1.968,-0.079997
-0.61932,2.7437,1.2206,0.52888,-0.20483,0.072221,2.2114,-0.1562
-0.68337,-0.65733,-0.018075,0.29681,1.7173,-0.076087,1.3019,-0.15067
-0.69559,-6.8535,-0.63713,-0.11131,-4.1394,-0.0048398,-1.7393,-0.077539
-0.6889,1.746,0.31838,0.21965,2.8974,-0.0045382,1.3217,-0.049137
-0.94142,0.11515,-2.0249,0.33019,0.13216,0.0037725,1.3365,0.097621
-0.70497,0.72075,0.56724,0.23076,0.39746,-0.015031,-2.2988,0.031665
-0.67014,0.43425,-0.11572,-0.43571,2.6576,-0.089743,-0.2525,0.19967
-0.65661,0.74598,0.73791,-0.30082,-0.50595,-0.020389,-0.6715,0.088299
-0.34572,1.4022,-1.306,0.53725,2.0899,0.021607,0.029137,0.14537
-0.64409,1.8646,-0.62092,-0.31461,5.3359,-0.17199,-2.7991,0.020178
-0.65663,2.9944,1.3895,0.3888,-7.4091,0.061049,0.58266,-0.0090278
-0.64709,-5.2678,-3.406,-0.93813,0.91674,0.016344,2.0117,-0.092945
4.408,4.1238,-1.0636,-1.6821,5.8358,0.25183,4.3376,-0.11188
4.3799,2.9941,-2.6809,2.0393,-4.1735,-0.025709,0.25793,-0.18937
-0.72377,-8.3196,2.423,-1.8883,5.451,0.073191,-0.16554,-0.21476
-0.71262,-0.99109,-2.3669,0.76024,-3.2669,0.021697,-0.51929,-0.075227
-0.65753,0.55931,0.2238,0.12382,0.21858,0.014182,1.5991,-0.06021
-0.55699,-5.2858,-1.9042,-0.058967,-2.4123,0.059399,0.62034,0.052182
-0.65592,-0.47492,-0.14618,0.26621,1.4951,0.0034709,0.2736,0.28692
-0.70343,1.7694,-0.87716,0.10523,1.8882,0.0028419,4.0029,0.32472
-0.72706,-3.8997,0.75198,1.0919,-1.7271,0.024822,-1.4593,0.10624
-0.82977,2.7009,-0.57626,0.63858,3.2859,-0.068155,1.9075,0.068367
-0.64581,0.31921,-0.13902,0.49047,-2.9143,-0.011046,-0.99276,0.10529
-0.67327,1.5692,-0.43824,0.13371,0.7774,0.0079503,-0.46278,-0.022049
-0.67518,2.2542,2.8516,0.039342,1.0884,-0.14263,-0.55111,-0.068023
-0.51536,0.35971,1.5056,-0.68095,-4.7619,0.043048,-2.1051,-0.1048
-0.66587,0.15106,1.0736,-0.62253,-0.74261,-0.00081602,-0.1911,-0.14016
-0.65637,1.293,-0.43139,-0.25819,8.2966,0.4302,-1.1339,-0.12344
4.4264,3.4633,-0.28868,-0.094537,-7.3415,0.0027714,-0.71527,-0.11159
4.4111,-6.9746,-0.27162,-2.7131,1.3343,-0.18658,0.69853,0.047363
-0.48742,1.3902,-2.1549,-0.77759,-0.7888,0.010646,-0.26699,0.038967
-0.71397,-0.30864,-1.7177,1.7562,-0.31729,-0.043017,0.85487,0.13208
-0.71636,-5.3749,-1.3087,-0.091042,3.1157,-0.012053,-1.3094,0.03259
-0.53424,0.98908,-1.9461,0.29634,0.54472,-0.023322,-0.089334,0.36614
-0.63501,2.7655,-1.1207,1.0711,2.0103,-0.12696,0.22309,0.20125
-0.68907,-2.5511,0.105,0.27887,-4.1446,0.031137,-0.45047,0.16248
-0.69813,1.0901,1.6314,0.47925,1.9708,-0.048344,1.2253,0.0011455
-0.91078,1.373,1.5617,-0.2099,-1.5918,0.07156,2.7777,-0.09056
-0.74939,0.55242,1.1194,-0.13028,1.3223,-0.078538,-0.86742,-0.15622
-0.72323,0.27971,0.65924,0.15971,2.7393,-0.16304,0.071598,-0.18411
-0.67562,-0.40221,3.6764,0.20264,-1.8764,0.067344,-1.1865,-0.12641
-0.66329,-0.99656,-0.11718,0.83193,-0.80868,-0.057174,-0.54068,-0.097423
-0.50247,0.48798,-1.7847,-0.38772,5.6264,-0.12761,-1.656,0.011367
-0.67506,0.42432,1.5256,-0.78531,-7.8354,0.042849,-0.63119,0.0033846
-0.67438,-4.9667,-2.3337,-0.47818,-0.090172,0.057102,1.5271,0.18993
4.4248,0.85075,-3.0519,-0.82366,4.7593,0.099676,2.8158,0.071482
4.3925,3.6394,-2.8362,0.77903,-3.9519,-0.028142,1.0932,0.23043
-0.69134,-4.6393,2.6766,0.00087559,3.873,-0.22457,0.4275,0.18504
-0.70897,3.4012,-0.81446,1.1898,-3.8603,0.035302,0.7228,0.045903
-0.69819,3.7832,1.022,0.4991,2.1919,-0.0021509,2.1814,-0.033439
-0.43924,-2.94,-2.0871,1.1631,-5.5659,-0.0027477,1.064,-0.10981
-0.67291,-0.13179,0.45722,0.47053,0.68922,-0.048947,1.7754,-0.19229
-0.69148,1.4777,0.89258,0.31831,-0.51398,0.012539,3.2266,-0.18431
-0.68994,-3.9295,-0.87953,0.90679,-0.60421,-0.008517,-1.6781,-0.16379
-0.80903,1.2877,0.31094,-0.071343,1.5594,-0.059395,-0.056762,-0.1324
-0.73242,-1.9772,1.2225,-0.19861,-2.7094,-0.0090753,-1.77,-0.033658
-0.66095,0.38451,0.74017,-0.53571,-1.4584,0.012853,-1.1442,0.079173
-0.66701,0.055118,0.074239,-0.40962,2.6087,-0.26391,-1.1604,0.11583
-0.41615,-0.36114,1.1381,-0.73947,-3.6525,0.033851,-1.2681,0.12568
-0.58435,-0.82669,-0.11736,-0.12365,-1.3138,0.069295,-0.79072,0.1702
-0.68522,0.65622,-0.50885,0.84473,8.5429,0.44196,-2.1175,0.1727
4.4124,4.6013,-0.061957,-0.41213,-6.4205,0.051249,-1.2287,0.040305
4.3731,-5.5664,0.85343,-1.694,1.7991,-0.15296,-0.76167,0.0080331
-0.8036,5.0483,1.0348,0.52546,-3.5785,0.080308,1.3038,-0.072501
-0.73995,-0.41109,-1.4505,0.61585,-0.32413,0.034134,1.9815,-0.1424
-0.70809,-6.0425,0.032804,0.65929,0.066181,0.054387,-0.69892,-0.1499
-0.70251,-1.6097,-1.4486,0.39846,0.78957,0.036887,-1.2978,-0.090754
-0.52523,0.46645,-1.5116,1.5681,0.81763,-0.059543,-0.7897,-0.068144
-0.72833,-4.3804,-0.17136,-0.17273,-3.0041,0.027652,-1.7137,-0.041981
-0.69544,-0.57007,0.011045,-0.099167,2.5531,0.037593,1.5244,0.072382
-0.69021,0.87119,0.18884,0.2381,-0.62823,0.025605,1.7693,0.00014761
-0.88465,0.62475,0.76887,-0.45214,-1.635,-0.012772,-2.6447,0.23343
-0.72199,0.45834,-0.15189,-0.14063,3.2686,-0.10666,0.31902,0.1608
-0.6703,1.6202,2.366,-0.73984,-0.45936,0.0045554,1.0161,0.15241
-0.6596,-1.4746,2.4862,1.3796,-3.0144,-0.016982,-1.2278,-0.0018481
-0.35569,2.5439,-0.21378,0.96717,6.3818,-0.21655,-1.6663,-0.0008259
-0.64907,3.1857,3.7675,-0.10056,-9.0216,0.067851,-0.32144,-0.09752
4.4068,-2.4475,1.1169,-1.062,-1.2285,0.023891,0.73746,-0.096255
4.379,-0.27952,0.12302,-0.63492,4.255,0.061472,1.4695,-0.18302
-0.87768,3.5833,-1.4671,1.0178,-2.5933,-0.027211,-0.4329,-0.15866
-0.7419,-6.604,-0.5761,-0.54971,1.0866,-0.222,0.36434,-0.077515
-0.68986,0.91977,-1.0361,1.8492,-2.0795,-0.013895,-2.7825,-0.048017
-0.69648,1.3103,0.70327,0.54287,2.6566,-0.042767,0.71991,0.098594
-0.5581,-0.9075,-2.5308,0.76644,-3.8715,0.051949,0.75845,0.15109
-0.52513,-1.9085,-0.68766,0.0092703,1.0404,-0.0030044,0.090292,0.182
-0.74526,1.6557,-0.29724,-0.30145,1.1583,-0.045257,3.6303,0.22525
-0.6896,-0.79065,0.23208,0.69094,-1.2191,0.032574,-4.1152,0.070606
-0.87153,2.6493,0.23031,-0.56361,3.7038,-0.019414,0.56276,0.064643
-0.76114,1.3266,2.4237,0.41351,-1.0353,0.041591,0.051125,0.0084225
-0.63261,0.81834,2.9159,-0.28712,-2.4339,-0.034745,-0.99755,-0.079851
-0.66054,1.5677,0.18981,0.21446,1.6072,-0.18373,-2.8083,-0.088515
-0.66247,2.1058,2.7312,-0.43512,-1.5816,0.094079,-0.15531,-0.06537
-0.5021,-4.4917,1.7693,-0.79251,-2.6313,0.074859,-1.1257,-0.15995
4.4305,0.30696,-1.3541,0.69323,7.9186,0.35528,-2.5462,-0.12858
4.4143,0.75391,-0.94757,-0.14352,-5.9355,0.028114,-1.3101,-0.039401
-0.72191,-4.9784,-2.1153,-0.24984,0.96365,-0.11647,0.58849,-0.0086384
-0.8722,0.99699,-0.53554,-0.74997,-1.6926,0.0069556,-0.45459,0.28171
-0.78999,2.5977,-3.2759,1.425,0.82192,-0.064535,2.1228,0.073843
-0.69438,-3.4054,-1.4597,0.19702,1.751,0.038652,0.37502,0.45327
-0.69761,-3.4994,-0.62438,-0.28689,1.1621,0.0011606,0.50182,0.27008
-0.4328,3.0988,-0.60411,0.17959,1.0528,-0.072294,-1.5515,0.18572
-0.64021,-0.80617,-0.86865,-0.1494,-1.9985,0.054471,1.3013,0.036095
-0.70308,2.4781,1.1653,0.5615,3.9114,0.039338,1.3876,-0.069361
-0.686,0.35093,0.030407,0.20731,0.66409,-0.022911,2.1588,-0.17406
-0.99258,1.1966,1.3674,-0.36682,-2.6676,-0.054466,-3.5421,-0.16279
-0.78879,0.86907,-1.7622,-0.15414,4.167,-0.0083951,2.1449,-0.17148
-0.70701,1.3546,0.66837,-0.61116,3.4159,0.016376,-0.46768,-0.13746
-0.66061,-1.1647,0.39216,0.087315,-4.9935,0.04453,-2.7867,-0.067512
-0.63822,0.118,0.1948,0.43371,6.3841,-0.086592,-3.3,-0.0073485
4.4523,3.9285,-0.44219,0.39167,-6.1197,0.059322,-0.68916,0.017525
4.4276,0.40808,0.79661,-0.37926,-1.0485,-0.012637,0.61676,0.28071
4.371,-1.0086,-0.94838,-1.6888,5.4648,0.17424,1.5331,0.17842
-0.72643,4.1588,-2.2767,0.49327,-2.5871,0.040731,-2.4617,0.025508
-0.80487,-2.5195,-2.562,-1.2077,1.3083,-0.047677,0.84852,0.035876
-0.73511,-0.76398,1.3818,-0.081517,-2.387,0.05637,-1.7351,-0.0038195
-0.70153,2.8226,0.72438,0.19458,2.9051,-0.043608,2.7168,-0.12356
-0.68728,1.5378,-0.40364,1.63,-2.0313,0.059136,2.012,-0.13734
-0.50512,-1.7304,0.91115,-0.38587,0.053201,-0.0029274,-0.21767,-0.18506
-0.6416,0.36924,0.81279,0.0062837,2.1686,-0.044089,-1.2152,-0.16898
-0.68954,-2.1259,1.9918,0.4649,0.31995,0.00048031,-3.8666,-0.1092
-0.6896,0.83082,1.1431,-0.13296,1.4652,-0.020043,0.61978,-0.036359
-0.90229,-0.19011,-0.89889,0.13074,3.3866,-0.020896,1.8098,0.052425
-0.71188,-1.1942,1.1046,-0.90748,-3.2891,0.017275,-1.0939,0.098813
-0.65296,-1.2251,0.60149,-0.51931,2.423,-0.088293,-1.9945,0.19419
-0.65357,2.1078,0.69487,-1.4549,2.5366,0.091525,2.286,0.12118
-0.61778,1.0654,1.3485,0.86253,-4.0576,-0.006181,-1.7208,0.16092
4.4144,-3.2909,-0.23104,-0.041734,7.513,0.17787,-2.0348,0.13539
4.37,4.4058,0.94966,-0.10199,-4.5777,0.072959,-0.50295,0.023561
-0.72675,-1.0067,-1.1294,-0.071934,2.0333,-0.067699,1.8666,-0.059675
-0.92447,-1.2957,-1.0682,-1.3053,-0.59215,0.017705,2.3566,-0.11838
-0.74344,2.1722,0.56786,0.9243,2.685,0.012263,0.76441,-0.16808
-0.66852,1.5057,0.23307,0.097463,3.2847,0.022287,3.6462,-0.15871
-0.69199,-4.444,0.40912,1.3388,-0.35733,0.021376,1.4586,-0.038014
-0.6923,1.4836,-0.17479,0.062857,3.0578,-0.049884,0.88105,-0.075933
-0.45721,-3.3182,3.5628,0.016451,-3.3047,0.038068,0.073602,0.054007
-0.66678,0.53456,1.4501,0.51388,2.2096,0.022178,-0.25459,0.14223
-0.6874,-1.2516,2.2122,-0.13261,2.9955,-0.095789,-0.98645,0.20502
-0.68457,1.3534,0.8842,0.47147,-3.4253,-0.030651,-1.07,0.060335
-0.8825,0.60502,2.0524,-0.80177,2.7631,0.016999,0.33043,0.16762
-0.69755,1.8064,1.0357,-0.35488,6.0479,0.2906,1.4104,0.061114
-0.65736,0.14386,0.86684,-0.17371,-5.9654,0.019463,-1.8892,0.018766
-0.65765,-2.5882,1.1947,-0.054458,5.3941,0.070245,0.72112,-0.05987
4.4052,5.5912,1.2333,-1.4163,-4.8801,0.073454,-0.10953,-0.10769
4.3747,4.0742,3.6363,1.3767,-0.094912,-0.029098,-0.34306,-0.17375
-0.72099,-5.855,-1.6865,-0.25267,4.8713,0.12327,1.7237,-0.17995
-0.7207,2.2232,0.54476,-0.1748,-2.0673,0.043067,-1.0067,-0.14963
-0.7418,-2.9974,-2.3462,0.79726,0.6907,-0.10023,0.16726,-0.037746
-0.7867,-3.8127,-1.298,0.24482,-1.7339,-0.0041274,-2.6689,0.17353
-0.68498,0.87052,-0.44805,0.20539,3.0173,0.02762,3.5814,0.28984
-0.68363,-0.042959,-0.33836,1.4856,-1.2019,0.02615,-0.36563,0.17991
-0.69541,-1.0236,0.57386,0.73202,1.1522,0.044029,0.51821,0.19519
-0.48459,2.4723,2.8672,0.73888,3.8856,-0.0072913,-0.65588,0.080438
-0.72039,1.391,-1.6785,-0.89913,-3.6759,0.041495,-1.471,0.13274
-0.67848,1.2076,2.0329,1.2917,-0.69433,-0.058464,-0.92091,0.01845
-0.56917,2.4223,-0.035702,0.13067,4.3378,-0.051732,-1.6985,-0.058774
-0.79662,-0.80225,2.6386,-0.0075063,-7.5108,0.011961,-1.9106,-0.085716
-0.64185,-0.34484,-0.17697,1.1057,1.2605,-0.048979,0.41356,-0.14532
-0.64615,2.3299,0.26055,-1.7847,5.0814,0.16551,1.7984,-0.12067
4.4234,5.2457,1.1164,1.9478,-4.0665,0.038562,-0.6228,-0.0661
4.4104,-9.7464,0.079943,-1.0691,6.6595,0.094054,-0.84685,-0.070505
-0.64371,1.0294,-2.4604,0.37685,-4.3778,0.052269,2.2385,0.067247
-0.71782,-0.50658,-0.87611,0.5905,1.0587,-0.034906,3.6051,0.1261
-0.70957,-2.0384,-1.8003,-0.95811,0.4498,0.072748,1.5221,0.0058914
-0.77796,1.3158,-0.69588,0.23526,1.2932,-0.00030262,-0.51333,0.22289
-0.79975,2.4191,-1.4349,-0.040777,3.1267,-0.02621,3.9373,0.19388
-0.67928,-2.0574,1.0889,0.20697,-1.4197,-0.031665,-3.0242,0.1048
-0.68287,1.7366,-1.0651,1.009,3.3273,-0.038923,0.87396,0.017111
-0.28961,0.4495,2.1401,-0.11416,-2.2598,0.045358,0.65469,-0.018325
-0.65816,0.69312,-0.088148,0.1297,2.7263,-0.024208,-0.75081,-0.11444
-0.66814,0.059337,1.1107,-0.33057,2.2901,-0.052201,0.13425,-0.16737
-0.67012,-0.67333,-0.47865,-0.069025,-4.8765,0.071612,-2.8187,-0.16963
-0.82392,-1.1579,2.6476,0.6659,-0.039197,0.012404,-1.1681,-0.12405
-0.81477,0.67657,0.37853,0.63697,7.1868,0.3797,-0.11769,-0.096863
-0.64428,-0.68514,1.7726,-0.042363,-6.8159,0.01732,-2.8279,0.097037
4.4581,-7.3209,-0.93496,-2.1899,3.9581,-0.13641,-0.54615,0.0012428
4.4391,2.7922,-1.0897,-0.0038709,-4.914,0.046173,-1.0375,0.30744
-0.54407,3.3142,-0.4146,2.6732,-0.45306,-0.018868,0.14802,0.28351
-0.67541,-5.0951,-2.1248,-0.97788,3.8053,-0.041567,2.5398,0.28003
-0.70925,3.8525,1.5224,0.097604,-2.7983,0.024764,0.61908,0.048434
-0.63126,2.2615,-0.12511,0.86929,-1.0955,-0.052913,1.7033,0.024023
-0.82946,-2.4775,-0.53075,0.35292,-2.0501,-0.022071,-0.35398,-0.10575
-0.75603,1.4995,1.0225,-0.10861,1.0737,-0.030619,2.0339,-0.16051
-0.68019,-0.33422,1.3816,1.068,-2.5306,-0.015114,-0.90973,-0.14106
-0.6661,0.92944,0.23174,-0.66176,0.87563,-0.037993,1.4609,-0.10149
-0.44616,0.63573,0.72551,0.40429,2.5766,-0.053048,-1.5595,-0.12789
-0.63902,-0.8002,1.1085,0.071842,-1.9444,0.049324,-1.5181,-0.030226
-0.67134,-1.5631,-1.3953,0.41788,1.677,-0.011302,-0.23119,0.077907
-0.66402,2.0118,-2.1071,-0.15661,5.3633,0.057153,-0.81947,-0.023411
-0.85773,-0.65571,1.1694,-0.010294,-7.8563,-0.048286,-0.92523,0.069121
-0.6655,-1.6732,-0.47678,0.57385,0.88741,-0.0067265,-0.34571,0.1904
4.4036,4.5168,0.25579,-1.537,4.472,0.12074,4.1012,0.11566
4.4197,5.2813,1.3747,1.8448,-4.473,0.037573,0.09943,0.072431
4.3255,-5.8759,1.3972,-1.6226,5.867,-0.02897,1.2554,0.02541
-0.64602,3.2922,-1.7156,0.15914,-4.5737,-0.0017594,1.9329,-0.062109
-0.69159,1.6116,0.68548,0.095549,0.74454,-0.041253,3.2367,-0.086106
-0.69683,-2.9647,-1.1697,-0.23344,0.37074,0.042637,1.7823,-0.16204
-0.7206,1.1651,0.17561,1.0973,0.98734,0.0082583,0.35573,-0.16077
-0.73188,-0.44342,-1.2683,0.80347,2.0281,0.010055,1.0684,-0.04882
-0.62612,-3.7713,1.3759,0.18602,0.887,0.055003,-5.6709,-0.066514
-0.66785,-0.44732,0.47314,0.16161,3.8031,-0.027384,-0.28901,0.077639
-0.67008,-1.8758,1.3007,-0.64613,-4.1465,0.027062,-0.775,0.083188
-0.5079,0.81503,-2.5156,0.22198,2.2555,-0.023431,0.38311,0.20858
-0.58526,-0.10715,-0.40913,-0.71996,3.8385,-0.062026,-0.90045,0.20174
-0.66267,1.4393,0.48355,0.039342,-5.144,0.0059352,-1.2452,0.18317
-0.6485,1.1164,-0.37551,-0.6882,1.7767,-0.040232,0.77724,0.01273
-0.92769,3.0076,-0.13172,-0.32777,7.9122,0.46957,-0.40428,0.055614
4.8599,3.6508,-1.0395,0.71028,-6.7873,0.046917,-0.1496,-0.059042
4.4044,-8.5947,-0.15789,-2.5728,4.18,-0.11229,-0.0052525,-0.13624
4.3763,1.7395,-0.98099,-0.23212,-2.3344,-0.0015476,0.49203,-0.11911
-0.58448,1.1622,-0.60382,0.35449,1.4949,0.0073214,-0.33351,-0.19516
-0.6276,-5.683,-3.0628,-0.6909,4.9388,0.14426,1.0131,-0.13485
-0.7008,0.68022,0.8305,-1.2726,-0.34506,0.033601,1.3907,0.094141
-0.69504,0.92388,-1.8294,0.99913,1.8729,-0.06467,2.4324,0.056271
-0.89671,-5.1489,-0.075891,-0.40524,-2.1554,-0.044237,0.035687,0.2557
-0.79712,1.0293,0.76938,0.32699,2.1921,-0.0852,1.0683,0.15898
-0.67123,0.1195,1.2075,0.35686,-1.3489,0.0501,-1.0808,0.20902
-0.67235,1.3401,0.70151,-0.18198,3.1798,-0.035297,0.15043,0.096647
-0.62231,1.7765,-0.20885,0.25109,2.7665,-0.09643,-1.52,0.096574
-0.60615,1.6891,1.5188,0.066575,-2.2384,-0.016385,-1.8739,0.021468
-0.63319,0.023451,-0.1279,0.91451,2.0959,0.0048699,-0.98373,-0.050061
-0.65607,2.2075,-0.093345,-0.27727,6.3722,0.21071,-2.399,-0.091217
-0.80903,0.43332,0.50789,-0.51224,-8.3578,0.017686,1.0374,-0.1746
-0.77489,-4.7653,-3.5091,-0.72275,0.21994,0.0063844,1.8048,-0.16545
4.4256,2.5565,-2.5913,-1.8971,4.8652,0.1641,1.9003,-0.10137
4.4085,3.492,-1.7929,1.2869,-3.2561,0.029455,1.3138,0.0071082
-0.70193,-5.5532,0.81154,-1.853,5.732,0.14168,-0.40027,-0.025967
-0.53643,0.35551,-2.7883,-0.35558,-4.1767,0.042553,-0.18213,0.087642
-0.65473,1.8952,-0.85038,-0.034733,1.1717,-0.0026963,3.0231,0.16448
-0.69937,-2.6212,-2.3688,-0.26185,-1.2728,-0.0068228,2.4308,0.29137
-0.68716,1.682,-0.22267,0.27526,1.7786,0.00037763,0.56164,0.052279
-0.85772,2.6161,0.60067,-0.34245,0.89173,-0.056167,2.5158,0.14031
-0.66143,-1.0779,-1.2925,0.62999,1.4179,-0.0056548,-2.7134,0.052255
-0.66904,3.0237,-0.47854,-0.087895,2.197,-0.037608,1.2661,-0.04551
-0.66615,-0.91361,1.2634,-0.0058299,-3.1784,0.04265,-0.3834,-0.11461
-0.31568,1.4478,-0.35751,0.22106,0.72487,0.001674,-1.4708,-0.15218
-0.60949,0.43321,1.3621,0.037576,3.2713,-0.18974,-1.6693,-0.16808
-0.65426,-0.50054,-0.56418,-0.46982,-3.4449,-0.018304,-2.8556,-0.13495
-0.65302,-2.0994,0.032213,-0.94115,-0.44359,-0.045584,-0.34386,-0.088394
-0.77351,0.41457,-0.48531,-0.51963,7.9088,0.38256,-2.3675,0.12366
4.4536,3.8294,-1.5011,-0.093162,-6.2783,0.019097,-1.6313,-0.015867
4.4306,-7.1483,-1.6455,-2.0416,1.5945,-0.13431,-0.01913,0.2131
-0.70571,1.7673,1.3403,0.030325,-4.2424,0.017743,2.5224,0.20354
-0.37455,1.4924,-1.0984,1.7137,-0.62342,-0.035137,0.89148,0.15428
-0.59689,-2.1629,-0.34154,0.36308,2.9695,-0.014935,0.4101,0.066274
-0.65101,-1.72,-0.64897,0.10886,-0.29268,-0.032377,1.0429,0.037263
-0.68586,0.44137,-0.68102,1.332,0.9514,-0.029695,-0.41425,-0.052325
-0.78771,-2.4239,0.43758,0.0013188,-2.9104,-0.028463,-1.7737,-0.10127
-0.80094,1.0167,0.77605,0.19563,2.4654,0.02058,1.5507,-0.17231
-0.72089,0.62879,1.1289,0.62871,-1.5657,-0.022911,2.4046,-0.15004
-0.66719,-0.49068,2.028,-0.46625,0.18481,-0.056623,-1.9946,-0.10421
-0.65687,0.27359,-0.50928,0.28944,3.8535,-0.098965,-0.40517,-0.053712
-0.53624,-0.054589,0.87469,-1.0961,-2.0156,-0.02897,0.19119,0.022806
-0.60256,-0.58281,-0.020779,0.25985,-2.3403,0.013059,-0.89203,-0.0033814
-0.65718,1.2643,-0.80514,0.36218,6.4975,0.0063716,-2.0485,0.036898
-0.64299,2.776,1.6442,0.49936,-8.6938,0.02649,0.034659,0.14822
4.4487,-2.0149,0.20265,-0.96852,-1.3951,0.011441,1.7112,0.060944
4.4161,0.10457,-1.0095,-0.98526,4.1467,0.087367,1.7737,0.26054
-0.71711,4.566,0.46614,1.1144,-4.0663,0.0085792,-0.64881,0.035486
-0.69631,-1.6837,1.0423,-1.3498,3.6926,-0.26349,0.25849,-0.070773
-0.61247,0.78974,-0.094392,1.0165,-5.5116,0.044312,-0.62336,-0.090389
-0.70587,1.6561,1.2509,0.85328,2.1663,-0.044083,1.7444,-0.25557
-0.67704,-3.8149,-1.5801,0.23487,-4.6459,0.014881,0.84405,-0.18952
-0.68245,-1.1723,0.83862,0.043736,1.5027,-0.053106,0.61638,-0.10368
-0.95306,0.5726,0.41239,-0.10933,0.46394,-0.028424,2.4151,-0.059407
-0.72541,-2.7926,-0.92198,0.87434,-2.6682,-0.052644,-1.6931,0.0010238
-0.60992,1.433,0.42688,-0.34583,2.2666,-0.10361,0.043104,0.19174
-0.65768,-0.63389,0.38149,-0.87436,-2.8333,-0.013542,0.69749,0.16032
-0.64501,0.85674,1.6462,-0.0029653,-3.0241,0.0039586,-0.52196,0.15764
-0.50637,2.0603,-0.44667,0.34624,1.0937,-0.2413,-3.2822,0.067344
-0.66878,1.1448,1.1637,-0.77509,-2.396,0.057051,0.5157,0.067637
-0.64901,-0.38613,1.4089,0.73618,-2.3421,0.027363,-0.87148,0.029012
4.5171,1.7265,-1.2469,0.36862,7.8139,0.43331,-2.1941,-0.042444
4.3995,4.8066,0.39231,0.081277,-6.5837,-0.0059821,-0.39989,-0.13914
4.4202,-3.7362,0.99064,-0.17439,1.1573,-0.14975,-0.3836,-0.16119
-0.70163,1.7169,1.1679,-0.15199,-2.9182,0.069866,-1.398,-0.14659
-0.7022,2.84,-0.30789,1.5783,0.049932,0.026048,2.0529,-0.061573
-0.46006,-3.7599,-0.65569,0.24554,1.9591,0.030495,1.3597,0.0064755
-0.67432,-3.3059,-1.4473,0.023664,-0.64,0.028191,0.83117,0.12568
-0.68892,-0.25962,-1.7182,0.30523,0.91231,-0.065819,0.87661,0.28475
-0.68293,-2.1902,-1.733,-0.23899,-3.4739,0.067164,0.47738,0.11833
-0.96099,0.75592,0.6412,0.61919,2.7062,0.052494,1.9877,0.22435
-0.77501,1.2825,-0.28163,0.24685,0.11591,0.028441,2.7938,0.21444
-0.66241,2.1625,1.6111,-0.1469,-2.38,0.030257,-2.2285,0.11714
-0.66225,1.6218,-1.2248,0.26199,3.7293,-0.030574,1.6334,-0.0012883
-0.56886,1.919,1.2529,-1.308,1.3638,0.053123,0.38638,-0.061865
-0.60556,-0.72022,0.24688,0.5859,-5.539,-0.024047,-1.0285,-0.12938
-0.65842,0.56477,-0.21672,-0.29831,5.8959,-0.11952,-2.7377,-0.15746
-0.62923,2.2949,1.2557,0.16414,-8.4728,-0.024266,0.34161,-0.18056
4.4177,-2.0973,-0.67291,-0.30957,-2.1444,-0.062963,1.5676,-0.1183
4.3938,-3.7706,-0.80706,-1.3695,4.5611,0.12866,0.95659,-0.036213
-0.72034,1.6819,-1.5666,0.43455,-3.1352,-0.028585,-0.0019324,0.027601
-0.70133,-3.2475,-2.1608,-1.4121,2.7068,-0.13198,-1.0315,0.12364
-0.69112,-0.76352,-0.40864,-0.10371,-4.1611,0.052456,1.0108,0.10531
-0.42145,2.4821,0.34004,0.34056,1.5626,-0.01265,2.3017,0.27638
-0.70763,-2.6633,-2.1405,0.16926,-2.4761,0.032382,0.79394,0.25095
-0.69033,1.4245,1.0218,-0.79958,0.37047,0.0038302,-0.58265,0.12008
-0.685,2.9372,0.39858,0.37152,1.7222,-0.13914,-0.10051,-0.00033914
-0.91429,-0.80815,-0.12539,0.25399,-2.4131,-0.03153,-1.8542,-0.048479
-0.67852,1.6846,0.6676,0.17422,3.2232,-0.01034,1.1584,-0.12819
-0.66189,0.46262,2.7571,0.54665,2.4677,-0.0051607,-1.0353,-0.16749
-0.65298,-1.9717,2.9415,-0.72372,-5.3264,-0.096494,-5.1454,-0.14349
-0.41151,-0.15291,-0.21403,0.16608,0.87228,-0.19785,-3.1818,-0.13464
-0.58539,0.75535,0.55951,-0.92265,-0.97003,0.042348,1.5993,-0.098129
-0.65245,-1.566,1.6946,-0.16459,-4.8836,0.026734,-0.87817,0.031154
4.4339,-3.7089,-0.90769,-0.15342,7.1412,0.21481,0.003661,9.8937e-05
4.4106,3.6153,0.13691,0.0096043,-6.2046,0.015818,-1.2378,0.21432
-0.78699,-1.498,-1.9942,0.58208,0.72755,-0.080425,1.1067,0.19845
-0.69965,-1.0241,-1.2707,-0.21893,-2.3954,0.012443,-0.56753,0.14863
-0.70057,3.9902,-1.1527,1.4755,1.2005,-0.038853,-0.028596,0.075473
-0.50352,-0.77033,-0.57129,-0.49132,2.0052,-0.031979,1.4936,-0.0017264
-0.56633,0.11926,0.26045,1.3215,-0.6408,-0.070112,-1.2894,-0.085327
-0.7723,2.9011,0.56491,0.57522,2.3058,-0.17399,0.028469,-0.12858
-0.68915,-2.2232,1.3911,-0.3519,-3.1584,-0.01231,-1.2124,-0.17526
-1.025,1.1868,3.8405,0.73617,1.6378,0.024578,1.3337,-0.10735
-0.97798,-0.79348,0.21311,-0.33403,1.5773,-0.076453,0.36515,-0.08759
-0.71174,-1.1987,2.7263,0.39588,-4.3541,0.020606,-2.6516,-0.072306
-0.6652,-1.082,-2.1854,-0.63184,4.1733,-0.0050002,2.0525,0.063596
-0.66178,1.7035,0.95213,-1.3662,3.9124,0.021844,1.3822,-0.043709
-0.39131,-0.036133,-0.65912,0.43612,-5.7577,-0.010654,-0.69153,0.041084
-0.68512,-2.5021,-1.7206,-0.70188,5.4966,-0.093337,-0.81599,0.23416
4.4345,5.0796,0.68093,-0.17209,-6.6699,0.058982,-0.12738,0.052961
4.3946,3.3824,1.3834,-0.04131,0.16099,-0.036561,1.0333,0.056952
-1.0047,-2.393,-0.50651,-1.4471,4.2352,0.065008,2.6193,0.029061
-0.77574,4.3732,0.21165,-0.65581,-2.4115,0.033588,0.52835,-0.059505
-0.70647,-0.30251,-0.97215,-0.277,2.2788,-0.045533,1.7688,-0.096084
-0.69556,-2.1479,-0.02622,0.79632,-4.0042,0.015131,-1.2895,-0.13473
-0.54695,2.4512,0.19947,-0.4214,3.0283,-0.058086,2.529,-0.18073
-0.58158,-2.6407,-1.0377,0.8162,-2.7117,0.038318,2.8424,-0.11743
-0.69542,-2.4535,0.16779,0.24753,-0.084938,0.018969,0.51288,-0.070603
-0.68973,0.69022,1.1828,0.66125,2.4991,-0.1264,-0.81987,-0.045948
-0.84905,-1.978,1.3355,0.3745,-2.2407,-0.049242,-1.5236,0.17906
-0.70074,0.30754,2.9992,0.75426,0.79601,-0.024336,0.54638,0.25684
-0.62497,0.21465,0.069414,0.048874,4.2799,0.060304,-0.53149,0.19745
-0.65699,-0.24807,3.7405,-1.2672,-5.5157,0.049285,-2.7561,0.038772
-0.50949,0.80498,0.53243,-0.022876,1.0685,-0.067821,-1.2605,0.029815
-0.52981,3.6564,1.1587,-1.0642,0.64694,0.042123,1.4759,0.020591
4.4187,2.8644,1.7145,1.1628,-4.5658,-0.022283,-1.2193,-0.040935
4.3856,-5.8651,1.6747,-0.58521,6.946,0.12997,-1.6395,-0.14841
-0.69991,3.2624,-0.38572,-0.55894,-5.0524,0.0037725,-0.38629,-0.12724
-0.89172,0.31519,-0.80357,-0.27069,0.46129,-0.026569,1.5759,-0.17798
-0.63612,-2.0622,-1.1384,-0.4067,-0.94237,-0.00044381,3.3684,-0.1139
-0.69358,-0.40552,-2.0127,0.043697,1.824,-0.037768,0.40764,0.19427
-0.69617,-1.2334,-0.95895,-0.36761,1.7156,0.025136,5.4609,0.13169
-0.51178,-3.4546,-0.31859,0.71693,-2.3802,-0.028405,-0.39519,0.24547
-0.64572,2.0433,-0.35703,0.49887,1.1315,-0.093299,0.25909,0.19668
-0.70069,-1.8343,1.5779,-0.22757,-2.2117,0.015407,-1.2619,0.16453
-0.68307,1.464,0.42627,0.69121,0.99404,-0.0042815,-0.0050406,0.10061
-0.81382,1.2136,0.083341,0.77608,1.9932,-0.047202,2.3158,0.080317
-0.70377,1.6366,0.93,0.018673,-4.9424,0.043137,-2.7077,0.012049
-0.65995,0.23262,1.3603,-0.16474,1.6666,-0.02347,0.33767,-0.043125
-0.65977,1.7835,1.6113,-0.26979,6.2345,0.35344,1.3717,-0.1047
-0.48365,-0.44969,0.43895,-0.70072,-7.0079,0.025014,-2.6385,-0.13537
4.4114,-5.6766,-0.63724,-1.2726,4.4306,-0.16319,-2.5691,-0.13286
4.4111,3.5799,1.4427,-0.022093,-6.9973,0.023641,-1.3871,-0.09477
4.4222,3.1831,1.1823,-0.42585,-1.6102,0.031592,-0.57731,-0.039864
-0.98251,-3.6117,-2.1042,0.32614,2.9625,-0.0088828,0.39403,0.039745
-0.88679,3.4132,-0.17084,0.23383,-1.4276,-0.014691,-2.2085,0.088884
-0.75533,-3.4151,-1.8894,1.159,-0.52939,-0.047856,0.32896,0.26402
-0.69724,-3.8251,-0.036036,0.42929,-5.1145,-0.028674,-3.1274,0.26572
-0.68333,4.2189,0.34978,-0.71762,2.9934,-0.091823,1.2238,0.14026
-0.5101,2.1777,2.2004,1.5549,-2.329,0.067826,-1.2003,0.11247
-0.73232,0.26058,-0.99278,-1.0874,-0.69708,-0.046971,0.9625,0.020153
-0.6863,1.7407,1.0532,0.50489,3.2349,-0.13351,-1.6835,-0.10752
-0.68518,1.4868,0.37711,-0.5356,-1.5563,0.061151,-2.0947,-0.089659
-0.75658,0.56907,1.5587,0.49254,1.1229,-0.038506,-1.051,-0.16581
-0.66648,0.62668,0.73038,0.0072856,4.0336,-0.1483,-2.124,-0.15065
-0.65791,-2.1867,1.7472,-0.26397,-7.4629,0.053219,-2.3393,-0.083015
-0.64846,-0.96155,-0.61609,0.66198,0.63971,-0.0039413,-0.29801,-0.057411
-0.2791,2.0159,-1.1108,-1.0831,3.9572,0.029494,3.3677,0.066176
4.4408,1.9315,0.16543,2.1682,-5.8787,-0.032159,-1.022,0.17886
4.4029,-8.5463,0.3606,-1.2926,5.6458,-0.1369,1.1248,0.20619
-0.72857,4.1605,-1.5116,-0.06582,-4.2415,-0.0053211,-0.73379,0.21004
-0.84088,1.5997,1.0931,0.79416,-0.062594,-0.066313,1.4691,0.16859
-0.70723,-1.8198,-2.2004,-0.52262,-2.5381,0.027633,1.4942,0.12305
-0.69598,2.6712,-0.88126,0.56983,2.1101,0.0092402,0.47549,-0.0043306
-0.69087,1.8649,-0.29286,0.58963,2.2633,0.012173,1.4386,-0.10923
-0.56098,-3.3091,1.8459,-0.1048,-2.0689,0.02925,-5.2617,-0.13264
-0.52899,1.1485,-1.1249,-0.22987,3.341,0.0019114,1.0868,-0.19514
-0.73856,-1.0603,0.65957,-0.76726,-4.1069,0.0048506,-0.9006,-0.1864
-0.68442,-1.0504,-0.16488,0.25289,0.42316,-0.069214,-0.82064,-0.11587
-0.77659,-0.063689,1.5749,-0.17234,2.8206,-0.066153,-1.6071,-0.02806
-0.81107,-0.2371,-2.6423,-0.8393,-4.5024,-0.010314,-4.3548,0.023609
-0.62785,-1.7629,0.96796,-0.084401,-0.40845,-0.0052569,-1.8101,0.066663
-0.65227,1.1534,-1.3242,0.13758,7.4912,0.36808,-2.2922,0.14133
-0.65555,2.7425,1.7758,-0.10635,-7.6646,0.027421,-0.71682,0.054105
4.4269,-6.0045,0.59803,-2.0366,2.1137,-0.095955,0.24098,0.070289
4.3894,4.8379,0.72206,-0.3063,-1.6896,0.091378,-0.20044,0.11412
-0.72394,3.4383,-0.29021,1.6094,0.1894,0.023834,0.35521,0.018474
-0.72022,-3.2324,0.15383,0.45714,4.2237,-0.021743,-1.1154,-0.04826
-0.99478,2.8637,-1.7252,-0.32924,-0.50393,0.0071288,1.1079,-0.13047
-0.7508,1.2915,0.02239,0.6408,0.80052,-0.026608,1.0555,-0.19806
-0.69159,-5.6582,-0.26349,0.13234,-3.9079,-0.007548,-1.4731,-0.14444
-0.68704,0.94234,0.06272,0.88184,2.0422,-0.025581,1.7498,-0.1104
-0.35746,0.452,1.3402,0.51083,0.063631,0.028274,-1.6355,-0.041129
-0.5497,-0.83129,1.2228,0.38527,0.62979,-0.015679,-0.099211,-0.01886
-0.69045,0.080587,-0.92269,0.31655,0.74846,-0.051347,1.7403,0.15579
-0.68248,0.37674,0.64654,0.098105,-0.90055,0.029577,-0.93258,0.14362
-0.7598,0.65932,-1.6166,1.0577,0.10592,-0.029586,-1.501,0.18653
-0.73784,1.8996,-1.4371,0.37617,5.061,-0.21506,-3.1058,0.064521
-0.64183,3.4848,-0.66758,-0.13452,-7.9936,0.052488,0.052243,0.047485
-0.64995,-4.6457,-3.1017,-0.65186,-0.16375,0.066112,1.6282,-0.025188
4.4131,3.5075,-0.50672,-1.6948,6.1625,0.2998,1.7971,-0.047238
4.3785,3.8899,-1.8624,1.4998,-4.209,-0.0041467,0.054285,-0.1461
-0.71562,-7.7989,1.4571,-0.51627,4.97,-0.00067484,0.64441,-0.17051
-0.71857,1.5819,-2.2286,-0.23437,-2.489,0.021851,1.8688,-0.1248
-0.79069,0.638,0.039645,0.42769,2.0624,-0.010038,2.0243,-0.086666
-0.85521,-4.3446,-1.5134,0.29628,-4.4929,0.064585,1.455,-0.042857
-0.67811,-1.4162,0.43654,0.55697,1.0531,-0.036805,1.6036,0.088713
-0.68534,2.2427,-0.34479,0.14315,1.5655,-0.083858,1.3744,0.14844
-0.68107,-3.0751,0.49387,1.5174,-1.598,0.0072315,-2.1557,0.052815
-0.56121,2.583,0.272,0.42897,2.1561,-0.078981,1.1398,0.088153
-0.64718,0.55484,1.4184,-0.37828,-2.7547,0.046545,-1.5844,0.18353
-0.68132,1.6646,-0.16265,1.1034,-0.013013,0.018263,1.1202,0.088567
-0.67694,2.6499,1.951,0.011358,2.668,-0.081195,-1.7761,-0.0074215
-0.80293,0.40786,1.5679,-0.67632,-4.2367,0.01173,-1.6711,-0.056049
-0.71435,-0.35292,1.5704,-1.0192,-1.3121,0.03921,-0.87647,-0.09516
-0.64712,0.69439,0.059617,-0.60775,8.2697,0.42895,-3.3833,-0.15871
4.4259,3.3656,0.31343,-0.64561,-7.3981,0.056864,-0.45842,-0.12152
4.4079,-6.6542,0.13391,-1.7756,0.87772,-0.12666,1.3387,-0.15053
-0.61536,2.2065,0.034455,-1.3365,-0.70515,0.048425,1.1986,-0.014625
-0.72193,-1.2102,-2.4067,0.7532,-0.21307,-0.040951,1.2459,0.12778
-0.71031,-4.955,-1.4026,0.36638,2.2184,0.0055437,0.47259,0.025946
-0.91792,-1.5158,-2.0067,0.16959,0.87528,-0.0040825,0.69378,0.48647
-0.83023,2.0614,-1.0249,0.78975,1.7699,-0.069836,0.26373,0.52132
-0.69017,-1.3896,-0.0099034,0.21319,-3.3284,0.0004033,-1.7055,0.22342
-0.6835,1.1608,0.65946,0.77439,2.2909,0.02031,0.47271,0.071458
-0.67744,2.3766,1.0827,0.038674,0.34256,0.047829,1.6861,-0.0014587
-0.52959,0.75421,2.0403,-0.010718,0.54255,-0.036497,-2.7379,-0.074594
-0.61443,0.89887,1.3063,0.31472,2.7745,-0.15142,0.077847,-0.1331
-0.66832,0.58222,2.5068,-0.61423,-0.39384,0.014156,-0.57307,-0.1655
-0.66044,0.69635,0.23569,-0.76064,-1.4261,-0.014588,-0.17807,-0.079705
-0.78579,1.3517,-0.54921,-0.57424,5.9447,-0.039969,-0.58176,-0.097253
-0.68159,1.7197,0.61171,-0.21969,-7.0358,0.055716,1.3094,-0.044245
-0.56382,-2.6842,-2.131,-0.73756,-1.1871,0.014323,0.98006,0.0010968
4.4384,-0.61987,-1.4923,-0.24739,5.3673,0.22068,1.597,0.056149
4.4224,3.1026,-1.5376,1.0755,-4.0979,0.05295,0.29455,0.15783
-0.65342,-3.5209,0.45224,-1.6424,3.2137,-0.2271,0.018611,0.19685
-0.70929,3.5166,-0.62826,1.6323,-4.1161,0.029609,-0.68758,0.063596
-0.69842,4.3033,1.846,0.035405,2.4582,-0.013773,2.9965,0.068488
-0.84516,-2.246,-1.0681,0.091368,-4.6349,0.032369,0.80049,0.0015835
-0.66802,0.023239,1.1791,0.26371,0.84536,0.035045,-0.22594,-0.10042
-0.68003,2.8699,0.46878,-0.12395,0.57059,-0.025729,2.3225,-0.14006
-0.67173,-3.8014,0.55722,1.6891,-0.95454,0.038639,-0.76761,-0.14902
-0.47957,1.3815,0.12999,0.50392,1.2066,-0.042151,1.1487,-0.14758
-0.61875,-1.6716,2.0552,-0.069487,-2.5854,0.046237,-1.6131,-0.12938
-0.68713,-0.79993,-0.50588,-0.43821,-1.4221,-0.038224,-0.52819,-0.011948
-0.6641,-0.54124,0.25728,0.22469,2.1954,-0.17578,-2.3959,0.074378
-0.86246,-1.3211,1.6564,-0.30241,-0.68755,0.083959,0.20926,0.11914
-0.73701,-1.7661,0.55886,-0.6259,-1.443,0.024251,-1.115,0.15438
-0.58579,0.09442,-1.5913,1.682,8.0187,0.30615,-1.4368,0.21675
4.4358,4.4292,-0.088341,-0.27941,-6.2885,0.023487,0.58364,0.15983
4.3932,-5.2696,0.70598,-1.596,0.30708,-0.16723,0.0032565,0.025605
-0.57387,4.7945,0.8204,-0.3224,-2.2226,0.04177,-2.405,0.031714
-0.66444,2.3404,-1.0873,1.3868,0.0046867,-0.020454,2.1351,-0.073572
-0.69599,-3.5425,0.4676,0.59747,0.87843,0.042117,1.5308,-0.13391
-0.69,-3.0489,-0.79991,0.11768,-0.26919,0.0156,1.1328,-0.094843
-0.95445,1.0137,-0.92787,1.3347,0.64466,-0.11917,-0.069882,-0.15822
-0.719,-2.1243,0.081183,0.077893,-1.2725,0.0053063,-0.85076,-0.15525
-0.66998,-1.1141,0.021465,0.18809,2.8104,0.03457,1.8622,-0.0038681
-0.67644,0.62967,0.31111,0.46844,-0.63184,-0.029444,3.4675,-0.039231
-0.31076,-0.039459,0.14697,-0.18213,-1.1587,-0.069028,-4.8512,0.12461
-0.63148,0.022378,-2.7818,-0.068492,4.1233,-0.020184,-0.1232,0.1682
-0.6657,0.95048,0.5652,-0.64457,0.95603,0.063032,-0.55688,0.15934
-0.65821,-0.54737,-0.035433,-0.309,-4.3525,-0.084301,-0.30667,0.050308
-0.78261,2.1475,-0.73223,0.56445,6.0398,-0.24705,-2.7424,0.087253
-0.71899,4.061,2.0767,0.14157,-8.9682,0.045467,-0.48063,0.0036036
4.4193,-1.2393,1.1152,-1.2434,-1.8448,-0.06381,-0.085995,-0.05785
4.3864,-1.2725,0.38431,-0.12362,4.6546,0.12121,2.5846,-0.13894
-0.63763,3.1206,-1.3506,0.79602,-3.142,0.010094,-1.2494,-0.15695
-0.64359,-4.0538,-0.30625,-1.3725,0.30801,-0.22414,-0.1075,-0.16976
-0.66295,-1.0652,-0.75023,1.24,-3.4337,0.021344,-0.81384,-0.092409
-0.69134,0.5322,-0.067379,0.63444,3.0613,-0.07214,0.97193,0.03186
-0.90859,-0.46415,-1.024,1.1509,-3.4256,0.060895,0.71739,-0.00053385
-0.85442,-1.1037,0.29187,-0.43241,0.39973,-0.0037231,-0.90939,0.12834
-0.67147,1.1469,-0.23823,-0.5073,1.4449,0.013681,1.9508,0.20977
-0.66633,-1.061,0.20919,0.69225,-0.81423,0.011756,-3.343,0.052693
-0.65624,2.8499,-0.73239,0.044282,3.1425,-0.019382,0.28081,0.014191
-0.5127,1.7328,1.5133,0.50393,-0.48249,-0.0082796,0.32059,0.10779
-0.66075,0.6905,1.8548,-0.93687,-3.8557,-0.021692,-2.037,0.0022407
-0.65085,1.7826,0.51004,0.25221,1.3768,-0.25464,-3.2689,-0.052739
-0.64613,2.1158,1.6895,-0.70402,-1.0854,0.0026238,-0.34492,-0.073742
-0.81211,-3.1359,1.4664,-0.28218,-3.8418,0.03543,-0.60553,-0.16934
4.4326,0.13792,-2.0264,0.17698,7.4713,0.2609,-0.18575,-0.12865
4.4116,1.5571,-0.59435,-0.36849,-6.3284,0.045191,-1.8465,-0.11186
-0.70278,-5.5641,-1.7125,-0.36483,0.93005,-0.10183,-0.83863,-0.004866
-0.46872,0.53026,1.0191,-0.88509,-1.8665,0.030816,-1.151,0.030497
-0.67098,2.1149,-1.8984,1.4575,0.81462,0.0086434,3.0452,0.1121
-0.69895,-1.5438,-0.72451,-0.00064664,2.027,0.024527,1.8731,0.17287
-0.68736,-3.3431,-0.68242,-0.18192,1.1416,0.025688,0.98984,0.20921
-0.94007,2.2913,-0.32134,0.50165,1.5674,-0.10631,0.51578,0.16299
-0.77269,0.4065,-0.35831,0.020298,-1.6163,0.06993,1.4018,0.09212
-0.66384,2.3399,1.6027,0.28467,3.5776,0.057615,0.44844,-0.0072024
-0.66357,0.99756,-0.45446,0.30278,0.70312,0.049151,0.76259,-0.10674
-0.42706,0.66064,2.9108,-0.44085,-1.8508,0.029295,-8.0067,-0.1607
-0.61526,0.85317,-1.2877,-0.27112,4.3642,0.082643,1.7249,-0.17462
-0.68126,1.5559,1.6353,-0.090214,4.3335,0.12643,1.1715,-0.16253
-0.64632,-0.63717,-0.64635,-0.12408,-5.2062,0.060529,-1.5031,-0.12232
-0.73466,-0.28305,-0.10603,-0.13916,6.2368,0.028538,-2.0297,-0.032392
4.4564,3.6502,-1.236,0.1595,-5.524,0.025945,1.191,-0.041081
4.4442,-1.3942,0.074284,-1.6754,-0.27605,-0.00093795,0.69758,0.35881
-0.71533,-3.6692,-1.9145,-1.2792,5.8656,0.27919,1.4525,0.285
-0.69977,4.0223,-1.9277,-0.16986,-2.0036,0.0025596,-1.165,0.12748
-0.54403,-2.1406,-2.4448,-0.1671,2.0111,-0.065235,0.95252,0.066639
-0.68306,-2.0922,1.1083,0.16895,-2.7024,-0.0047307,-1.0089,0.17321
-0.69018,3.3705,2.0927,-0.35048,2.6921,0.024764,2.9632,0.0039687
-0.68478,1.4011,-0.38629,2.3538,-1.4744,-0.00071334,2.2219,-0.078488
-0.933,-1.7067,1.512,-0.23756,0.2943,-0.037344,-1.6635,-0.11826
-0.70425,1.6576,0.74926,0.081785,1.5784,-0.12757,-2.529,-0.14006
-0.66739,-1.9029,1.7878,0.9605,-1.4637,0.042271,-1.7633,-0.14697
-0.65811,0.96849,3.2924,0.1056,1.5364,-0.001169,1.6808,-0.064567
-0.34821,-1.0975,0.64808,0.12025,4.0631,-0.022206,-1.6318,0.022733
-0.57088,-0.69417,0.93546,0.24607,-5.5283,-0.041407,-0.19949,-0.065954
-0.67041,-0.13883,0.071579,-0.25711,0.28128,-0.095269,-0.727,0.041668
-0.65082,2.287,1.0633,-1.6545,4.0157,0.099066,3.015,0.14007
4.1895,2.582,0.17988,0.90214,-4.4055,0.003734,-0.38769,0.12145
4.4319,-8.0619,-0.11121,-1.089,6.7508,0.091455,-1.6404,0.20422
4.385,4.7812,-0.033512,0.4689,-5.9025,0.036284,0.88378,0.10361
-0.69868,1.022,-0.88287,-0.33291,1.0894,-0.0017273,3.2847,0.0021433
-0.70297,-0.73481,-0.60516,-0.34963,-1.5831,0.01465,1.7706,-0.041641
-0.48917,2.3137,0.41078,1.3931,0.92381,-0.034842,1.1567,-0.15705
-0.74015,0.32053,0.25009,-0.19035,2.138,-0.033224,3.1546,-0.19864
-0.68518,-2.1766,0.90963,0.62871,-1.4099,0.030957,1.8339,-0.16703
-0.68239,1.9563,-0.13416,0.39936,1.8176,-0.076151,0.037517,-0.077661
-0.85896,-4.3207,4.8718,0.59772,-4.0276,0.0095482,2.4719,-0.040059
-0.68957,-0.22138,-1.3212,0.47934,2.7731,0.0077385,-0.26071,0.086012
-0.6574,-1.3137,0.079474,0.5606,1.3137,-0.12458,0.54871,0.19079
-0.66483,0.30479,0.15419,-0.054021,-3.8251,0.050556,-2.0114,0.086644
-0.38967,0.51358,-0.78123,-0.49749,2.5619,-0.048633,1.4,0.19707
-0.65432,1.6165,-0.075358,-0.74723,5.8872,0.26075,-0.033149,0.18473
-0.66168,1.068,-0.25782,-0.38089,-6.5124,0.032035,-1.9071,0.093727
-0.62232,-4.5606,-0.098709,-0.60625,4.2652,-0.0035114,-0.11157,0.028891
4.4074,5.7233,1.5223,-0.34458,-4.7394,0.020849,-1.5142,-0.062814
4.3754,3.8131,2.629,0.92187,0.11851,-0.016276,-0.78926,-0.14892
-0.70325,-5.2014,-1.2044,-0.37079,4.4529,0.088214,2.005,-0.17757
-0.70451,1.5088,1.1657,-0.87739,-2.7356,-0.043634,-1.3973,-0.12901
-0.43131,-2.2564,-2.6437,1.2371,0.18805,-0.028572,-0.13564,-0.059772
-0.59931,-6.331,-1.3386,0.76704,-2.7467,-0.0074132,-1.9576,0.0088606
-0.77595,-0.078685,-0.61133,-0.0034021,1.6755,-0.0030044,3.0628,0.15825
-0.69182,-0.36115,-0.083651,1.6534,-0.58105,0.064931,0.15331,0.09913
-0.92359,-0.86625,-1.114,-0.62975,-0.43414,-0.04244,0.50629,0.1783
-0.87907,1.6981,-0.84593,0.058309,2.1249,-0.057476,1.1337,0.1793
-0.72238,0.58028,-1.0711,-0.2349,-2.8474,-0.019825,0.10429,0.17808
-0.66257,1.6386,1.1801,1.2327,-0.78935,-0.031652,-0.5923,0.088445
-0.65055,2.4579,0.46268,0.12234,4.3249,-0.036921,-2.0024,-0.024044
-0.49595,-0.042221,2.1004,-0.5566,-8.616,-0.0097107,-1.7105,-0.046971
-0.65753,-1.4179,-0.022719,0.6149,1.5629,-0.057284,0.93171,-0.12755
-0.64784,2.8745,-0.62258,-1.3423,4.7301,0.1498,3.3524,-0.17049
4.4178,3.2651,0.9498,2.2877,-5.2685,0.027184,-1.0498,-0.09954
4.3943,-8.6015,2.008,-1.6302,6.1467,0.028095,-1.1318,-0.10176
-0.73911,1.1387,-1.6664,0.93117,-4.3925,0.050344,1.7504,-0.017205
-0.69916,0.15962,-0.70173,1.0527,-0.080988,-0.056417,3.9553,0.0031168
-0.69447,-3.5911,-1.4512,-0.35678,0.20341,-0.010583,0.72538,0.11033
-0.49831,-0.39731,-2.0952,0.73965,1.1401,-0.022007,-0.059113,0.2857
-0.65139,1.9065,-2.1364,0.15133,1.2139,-0.011405,2.1852,0.31681
-0.7041,-3.0696,0.88354,0.81812,-1.9434,0.0092145,0.6125,0.13522
-0.69351,2.5743,-1.7015,0.15279,3.5522,0.0064871,1.1594,0.070216
-0.88942,-0.024079,3.1367,0.87598,-1.6303,0.04512,0.45114,0.0059644
-0.69481,1.4821,-0.22572,-0.52782,2.849,-0.02071,0.016556,-0.078391
-0.65154,0.58806,2.3631,-0.1816,2.8411,-0.070626,0.085578,-0.12845
-0.65778,0.056036,-0.32354,-0.33116,-4.5252,0.036636,-3.0266,-0.14895
-0.46577,-0.18069,2.6106,0.313,1.0137,-0.030491,-1.0798,-0.11653
-0.46367,1.0805,0.12633,-0.078447,7.2697,0.41405,-0.95165,-0.13033
-0.72422,-0.70161,0.99176,0.22013,-6.7751,0.063936,-2.9963,0.071093
4.4493,-9.1102,-1.086,-1.0367,4.5929,0.0094263,-0.9144,-0.052763
4.4187,4.1253,-0.39578,0.062998,-4.9019,0.066266,-0.069118,0.043055
-0.92361,3.6124,0.17163,2.0868,-0.59053,0.055504,0.47781,0.16951
-0.72555,-4.7367,-2.076,-0.90606,4.6173,0.10541,1.8928,0.18628
-0.69687,4.0582,0.55781,-0.927,-2.4946,0.030129,2.2491,0.088884
-0.69772,0.77466,0.52406,1.4873,-0.80053,-0.11249,-0.06086,0.021565
-0.47288,-1.1963,0.23215,-0.19821,-2.6059,0.013617,0.71222,0.037287
-0.64578,1.8998,0.77045,0.31926,2.0484,0.0030345,2.3931,-0.059918
-0.68494,-0.1984,2.487,0.67247,-1.6622,0.032253,-2.0793,-0.16223
-0.68859,0.069631,0.045472,-0.49348,0.56919,-0.0035691,-1.4117,-0.10855
-0.76268,0.6332,0.70905,-0.070541,3.6802,-0.10993,1.1924,-0.18414
-0.75844,-1.0853,0.64872,0.097938,-2.5848,-0.02931,-1.8498,-0.1671
-0.65969,-0.85373,-1.2578,0.3561,1.1934,0.031592,-0.95106,-0.029374
-0.65384,1.7674,-1.8414,-0.10655,5.0544,-0.046541,-1.1211,-0.062961
-0.36379,-1.2434,0.51085,-0.01989,-8.4816,-0.047317,-3.0656,0.027649
-0.48147,-2.4191,-0.663,-0.30871,0.092744,0.021664,-0.27038,0.15516
4.4542,4.0835,-0.95677,-1.9275,4.9051,0.14967,3.2586,0.051111
4.4192,4.8572,0.05647,1.9234,-4.9862,-0.017579,0.1298,0.27945
-0.80342,-4.6312,0.80984,-1.8075,5.7413,0.01311,-0.80997,0.12308
-0.78596,2.2186,-2.3412,0.7222,-4.695,0.046346,-0.47003,0.016819
-0.70313,2.7654,0.79108,0.38814,0.18772,-0.014344,2.1944,-0.03962
-0.69388,-3.8503,-1.3528,0.23035,0.16332,-0.0028632,1.6191,-0.1755
-0.69032,0.96643,0.0756,0.11349,0.48689,-0.00045023,0.85969,-0.18506
-0.52136,0.74659,-0.63391,0.69547,1.3266,-0.0091331,3.0851,-0.1947
-0.70357,-3.8809,2.0733,0.56623,-0.27932,0.024257,-2.9647,-0.14415
-0.68555,-0.64796,-0.013944,0.29942,3.9016,-0.021314,0.65215,-0.051838
-0.68986,-0.12667,-0.79512,-0.094652,-3.6464,0.0014814,-0.47379,-0.0016534
-0.74171,0.57023,0.10969,0.40096,0.71322,0.00013377,-0.72295,0.1618
-0.66066,0.13139,-0.16372,0.72968,2.6866,-0.14716,-1.9522,0.17633
-0.65217,2.1775,-0.32669,-0.91228,-5.4872,0.0076551,-3.39,0.030765
-0.65218,0.39137,0.57546,-0.69156,0.027531,-0.024105,-1.3284,0.062647
-0.44034,2.1983,-1.1471,-0.14854,7.876,0.37956,-3.2967,0.10005
4.4547,3.7191,0.34323,0.02078,-8.0926,0.034859,-0.097066,0.022587
4.3968,-6.1603,-0.20538,-2.6682,3.4198,-0.1607,0.35761,-0.093578
4.3832,0.60432,-0.72532,-0.99513,-1.7587,0.068865,0.51222,-0.12137
-0.69945,2.1634,-2.1219,1.4214,0.33292,-0.026082,1.89,-0.16774
-0.76243,-5.7733,-1.2839,-0.2136,4.8529,0.12421,-0.20458,-0.14255
-0.68564,0.34237,-0.99942,0.23361,-1.6243,0.0027393,-0.15412,-0.060113
-0.69505,0.50166,-0.42051,1.0922,0.02143,-0.054948,1.0239,0.029986
-0.45519,-5.0295,-0.45596,0.47343,-3.0133,0.033903,-0.068007,0.2042
-0.48152,0.71247,0.65702,0.78485,1.8428,0.014028,0.512,0.10862
-0.75246,-0.29039,-1.3662,0.17826,-1.7386,0.015561,0.47519,0.23365
-0.69046,-0.10942,2.379,-0.17099,2.9468,-0.0013936,-1.7854,0.20283
-0.74606,1.6492,-1.1543,0.39805,3.2336,-0.10639,1.6014,0.17864
-0.83963,1.1201,2.5291,0.44045,-2.6052,0.033319,0.45319,0.083408
-0.70215,0.50613,0.76842,-0.19579,0.27867,-0.034912,-1.471,0.00053702
-0.65793,2.3265,0.1379,-0.82334,6.2453,0.10448,-2.0053,-0.09073
-0.65203,1.6588,-0.30545,-0.032446,-8.716,-0.0072784,1.7029,-0.078853
-0.45429,-4.9229,-2.7664,-1.041,-1.5601,-0.021968,1.7439,-0.18017
4.4136,0.71936,-1.8513,-0.94445,4.3625,0.043875,1.1152,-0.17387
4.3881,3.5439,-2.0563,1.0344,-4.2131,-0.015474,1.1078,-0.096936
-0.72046,-3.5364,1.45,-1.3072,4.502,-0.10369,0.16505,-0.057314
-0.82455,-0.033705,-1.2856,0.65582,-6.0174,0.018257,-1.2041,0.045586
-0.72965,0.89406,0.21152,0.092061,1.5731,-0.039533,2.0182,0.21269
-0.69185,-1.7054,-1.7975,0.445,-3.2655,0.0003648,0.80119,0.28137
-0.67679,1.0007,-1.0923,-0.18173,1.2534,-0.019703,0.63087,0.18645
-0.32649,2.1032,-0.11156,0.81719,-0.51327,-0.040874,2.4776,0.16591
-0.57809,-1.8945,-1.1123,1.6314,-1.1116,0.022094,-2.2988,0.1241
-0.68502,2.7757,2.2248,0.49137,1.3286,-0.10774,0.053687,0.0099558
-0.68082,0.039493,1.5599,-0.057977,-2.5122,-0.0027477,-1.7875,-0.077539
-0.86461,1.5552,2.9729,0.36318,-1.0149,-0.036221,-0.19211,-0.13999
-0.71923,0.5018,0.10864,-0.10697,3.3318,-0.19126,-2.4431,-0.16905
-0.64148,-0.38362,0.44345,-1.1642,-3.664,-0.00020636,-2.1617,-0.12454
-0.64739,-3.1695,0.20829,-0.44872,-1.8356,0.0086755,-0.99962,-0.085084
-0.50128,-0.10466,-1.2274,0.23286,7.6967,0.27209,-3.2958,0.019326
4.4343,3.1642,-0.53049,-0.31828,-6.6977,0.05655,-1.3721,-0.013482
4.4155,-5.2192,-0.31749,-0.5994,0.37915,-0.11143,-1.1264,0.18821
-0.7217,1.7411,1.8257,-0.61679,-3.3712,0.057724,-1.0408,0.19393
-0.80157,2.3572,-3.0285,0.75291,-1.4488,0.0085279,0.98386,0.10626
-0.8507,-4.167,-2.3116,1.4995,1.9227,-0.015397,0.71874,0.13814
-0.66687,1.0089,-0.39339,0.16108,-1.111,0.030726,-1.5421,0.10013
-0.68863,1.8701,-0.44733,1.0938,0.68971,-0.098099,-0.59935,-0.030786
-0.69101,-0.63329,-0.42966,-0.089212,-4.2712,-0.019889,0.46352,-0.060697
-0.50633,1.445,1.3811,1.3674,-0.12567,-0.028244,1.4773,-0.16087
-0.61236,0.54576,1.0536,0.17876,0.36875,-0.0022022,1.3819,-0.13558
-0.67788,-0.34429,2.3861,0.2643,-2.5696,-0.03067,-2.8041,-0.13439
-0.67663,0.027529,0.05911,-0.48357,3.0555,-0.12587,-0.68948,-0.082893
-0.78436,0.41063,0.12592,-1.2962,-0.96413,0.055164,-0.67678,-0.023119
-0.68689,-0.38505,0.4205,0.39312,-6.1163,-0.058124,-0.74496,-0.034826
-0.64985,0.81481,-0.66047,-0.036422,5.416,-0.27387,-3.0012,0.0056723
-0.65006,2.0503,0.30019,-0.1094,-8.8291,-0.017444,-0.72728,0.19612
4.451,0.51046,-0.75317,-0.80282,-4.1654,0.0030922,1.1146,0.051087
4.4151,-0.87851,0.85025,-0.23729,4.6644,0.096512,0.64488,0.17368
-0.71735,4.1814,-0.048647,1.3099,-3.573,0.03706,-0.68984,0.1058
-0.71252,-2.4245,-1.3357,-1.6322,1.6629,-0.27543,-0.31807,-0.0008259
-0.89346,1.5405,0.7419,1.1281,-5.7856,-0.020864,-1.8941,-0.075616
-0.82238,2.0791,-0.23019,0.70361,1.4115,-0.050179,1.5549,-0.14006
-0.72425,-3.0201,-0.93687,0.29944,-3.834,0.067434,0.12512,-0.18414
-0.68351,-2.2746,2.5688,-0.37112,0.065719,-0.051925,-1.559,-0.14216
-0.4225,1.6288,0.19982,0.059696,1.0275,-0.1275,-0.16466,-0.10005
-0.57956,-2.7729,0.14143,1.2659,-3.0247,-0.055204,-0.9535,-0.095013
-0.62179,0.35312,0.87066,-0.070875,2.3759,-0.040142,1.0935,0.15825
-0.67127,-1.1454,0.017938,0.22273,-0.87451,0.052379,-1.8656,0.21641
-0.65264,1.0313,2.3721,-0.04508,-4.3502,-0.027256,-2.7288,0.055322
-0.77576,1.9353,-0.45691,0.13528,1.1007,-0.2017,-4.4143,0.051939
-0.65354,1.9684,1.1055,-1.3703,-0.58396,0.0076743,1.5869,0.068878
-0.64398,-0.4934,1.9905,-0.63241,-3.4516,0.03328,-1.5224,0.057853
4.4293,-0.62427,-1.8093,0.46397,7.5126,0.21046,-4.1536,-0.024847
4.3935,5.327,0.32661,-0.89909,-6.9601,0.014079,-0.84537,-0.1166
-0.67788,-1.5452,0.076281,0.34146,0.56705,-0.027911,0.64471,-0.18209
-0.70295,0.51167,0.061089,-0.51749,-2.1706,0.00019794,0.4267,-0.18918
-0.707,2.7096,-1.4358,1.4875,-0.31254,-0.027802,1.6191,-0.1223
-0.83239,-3.4729,-1.1055,0.34302,1.4686,0.00051882,0.75769,0.011781
-0.72119,-3.102,-1.0273,-0.30672,-0.55644,-0.020511,0.16368,0.184
-0.66602,0.05436,-1.3233,0.041166,0.90613,-0.088704,1.0059,0.2014
-0.67602,-2.7587,-1.1073,-0.31342,-3.6365,0.046134,1.4742,0.11393
-0.47859,1.1808,0.21439,0.43634,2.326,0.042714,1.1625,0.13802
-0.55565,1.4078,-1.0337,0.023529,0.19817,-0.0039478,1.2583,0.19157
-0.67191,1.5954,1.7743,0.15131,-3.3299,-0.01075,-3.8169,0.12965
-0.6686,1.5977,-0.65626,0.42852,3.5051,-0.070876,0.27071,0.071944
-0.82512,2.6092,2.3064,0.096127,2.2675,0.060952,-0.6776,-0.021051
-0.76537,-0.45975,-0.3236,-0.043802,-6.0133,-0.034514,-3.2974,-0.088175
-0.65731,0.76734,-0.59738,-0.63181,6.1305,-0.069214,-3.9071,-0.12969
4.5308,2.4153,0.4972,0.28246,-7.7499,0.064116,2.299,-0.15873
4.4142,-0.16717,-0.15228,-0.26386,-1.4396,-0.0060014,1.2383,-0.11363
4.3951,-4.4736,-1.1289,-1.659,5.2096,0.13158,1.2785,-0.10395
-0.64663,0.94241,-0.2698,0.81387,-3.3784,-0.0093705,-0.70218,-0.0054258
-0.70175,-5.724,-3.4743,0.38598,2.3364,-0.067885,0.38655,0.042885
-0.69262,1.0218,-0.76211,0.16296,-3.4123,-0.0017401,0.13605,0.053861
-0.90244,1.5817,-0.67583,-0.023499,2.5561,-0.028328,1.4479,0.28702
-0.74028,-2.4211,-1.4437,-0.032979,-3.845,0.067928,0.99224,0.29084
-0.67905,1.0705,0.86671,-0.6714,-0.11673,-0.017925,0.26899,0.13629
-0.67226,2.1815,1.0435,0.57365,2.502,-0.11324,0.32035,0.043883
-0.42565,-0.26501,0.72611,0.14697,-1.4186,-0.027725,-2.5371,-0.015429
-0.63968,2.0683,1.2022,-0.38406,1.772,0.040397,1.9102,-0.12843
-0.65734,1.0216,2.0545,-0.032755,3.0138,0.057923,0.46014,-0.16411
-0.65787,-2.0228,2.9511,-0.93378,-3.9649,0.034217,-4.0583,-0.14155
-0.81688,-0.61615,0.67601,0.59305,1.6933,-0.10066,-2.3356,-0.12772
-0.73486,1.0939,-0.28722,-1.0602,-0.40373,0.077708,0.45471,-0.096401
-0.63916,-2.2269,1.0427,-0.86131,-3.6376,0.035314,0.48648,0.018961
4.4485,-3.6248,-0.49359,-0.59076,7.3276,0.33072,0.4907,0.10753
4.418,3.4335,0.070866,-0.85882,-5.5739,-0.0034664,-0.94754,0.13994
-0.64728,-1.5769,-1.4548,0.96258,1.4027,-0.15357,0.89183,0.1929
-0.65502,-1.5506,-1.7449,-0.39503,-2.6655,0.062743,0.39674,0.16613
-0.69917,3.4433,0.020977,1.5547,2.6509,-0.026858,-0.01904,0.14564
-1.0352,-0.29909,0.19967,-0.22965,1.5784,-0.014331,2.4217,0.036143
-0.75285,-0.15321,1.172,-0.21124,-0.11528,0.011371,-0.089816,-0.064202
-0.62825,3.3142,0.33009,1.0919,2.5527,-0.13249,1.6761,-0.095987
-0.67161,-2.0301,0.45233,1.5773,-2.4143,0.079762,1.0923,-0.16163
-0.67312,1.7405,3.7099,0.28647,0.84747,-0.0010663,-0.9538,-0.075762
-0.50201,-0.54519,0.85674,0.11813,0.88966,-0.031549,1.0148,-0.16367
-0.65623,-1.0856,3.034,0.33061,-2.9397,-0.0043649,-2.6727,-0.11081
-0.65906,-1.4047,-1.1176,0.27242,3.9861,-0.038121,3.4629,0.010102
-0.65467,1.561,1.5555,-1.7418,4.9481,0.17752,1.2434,-0.0027486
-0.78388,-0.063831,-0.12414,0.10167,-6.4548,0.047508,-1.5518,0.12758
-0.72266,-3.8945,-1.8415,-0.55788,6.1332,0.024373,-1.9898,0.24985
4.4442,5.1284,0.37492,0.33221,-7.081,0.079326,0.85464,0.063913
4.4056,2.7792,0.65148,-0.17981,0.11127,0.052956,2.4087,0.096234
-0.54661,-2.208,-1.0439,-1.3174,3.393,0.038331,1.83,0.062136
-0.70813,3.9174,0.90911,-0.16263,-2.6654,-0.0021765,-0.49624,-0.037357
-0.69244,-1.3995,-0.90525,-0.21358,2.3994,-0.04887,1.6228,-0.089099
-0.69473,-1.6418,-0.7711,0.60189,-3.2896,0.025913,-0.73547,-0.15997
-0.88043,2.41,0.74694,-0.55009,2.8079,0.009452,1.4164,-0.18582
-0.86776,-3.1735,0.013859,1.1893,-2.0233,0.019207,3.0016,-0.14746
-0.70841,-1.8435,0.85652,-0.26138,0.45601,0.026401,0.26034,-0.082285
-0.67433,0.97127,0.87758,0.45711,2.6964,-0.13173,-0.63985,-0.042419
-0.36304,-2.1567,1.5053,-0.17316,-3.5055,-0.021198,-2.1663,0.14732
-0.47762,1.012,2.5676,0.43118,1.6903,-0.00078393,1.1017,0.14725
-0.65996,0.51924,0.69246,0.11744,4.1809,0.01295,-0.11648,0.17903
