tachometer_signal,underhang_bearing_axial,underhang_bearing_radial,underhang_bearing_tangential,overhang_bearing_axial,overhang_bearing_radial,overhang_bearing_tangential,microphone
-0.72343,-2.6007,1.3752,-0.047071,-6.3181,0.044755,-0.29684,-0.10998
-0.65901,1.15,1.2707,0.72182,2.6731,0.031413,2.9531,-0.18097
-0.6863,0.062156,1.5633,0.4584,2.1695,0.014432,-0.49874,-0.16328
-0.68398,0.16553,-0.90426,0.89458,-5.5158,0.031875,-2.989,-0.095768
-0.53187,-1.0525,2.8448,-0.1862,2.1318,-0.077576,0.62235,-0.081457
-0.62774,0.54259,-1.5651,0.47259,3.6385,-0.0058987,1.2759,0.0061347
-0.68164,-2.3887,-1.1956,0.14742,-8.2133,-0.01041,-4.2858,0.12872
-0.67761,0.69256,-0.48984,-0.022324,1.104,0.014265,0.98185,0.039234
-0.91758,2.497,-0.014901,-2.2359,5.8777,0.21758,1.7405,0.20987
4.4203,4.7148,-1.1592,-0.0023551,-7.2006,0.062582,1.1383,0.23919
4.3725,-5.5289,2.1782,-1.9731,1.5659,-0.19168,-1.602,0.13517
-0.72436,6.3078,1.0922,-0.30767,-1.6699,0.08385,1.6225,0.013606
-0.47801,1.4812,-0.33653,1.2615,-0.17278,0.021806,2.6163,-0.060697
-0.63721,-2.0681,0.30964,0.24183,-2.1679,0.072003,2.4583,-0.13773
-0.71007,-5.7361,-1.2462,0.65985,0.96571,0.064257,1.1518,-0.1992
-0.71114,2.086,0.86026,-0.98952,2.8958,-0.11704,0.62858,-0.15914
-0.7744,0.17089,-1.5151,1.8971,-5.7536,0.010119,-0.77002,-0.10509
-0.83253,-0.25656,-0.697,0.91179,0.94142,-0.037049,0.92273,-0.071795
-0.67194,-0.75638,2.7915,1.134,2.133,-0.12419,-1.6766,0.084211
-0.67966,0.65215,-1.1824,-0.12244,-3.8244,0.0047223,-3.2807,0.13785
-0.43646,0.093515,-1.8054,-1.1193,0.31037,-0.093555,-2.2208,0.18916
-0.56202,2.3474,-0.33342,-1.8464,4.351,-0.27595,-0.91821,0.060725
-0.62786,1.1791,-0.094309,0.48004,-8.2913,-0.0059051,-0.91803,0.095795
-0.66997,-0.50294,-0.70047,0.50288,-0.45363,0.03061,-0.14178,0.073843
4.4181,3.6028,0.6439,0.19177,8.0278,0.39221,-0.41947,0.011002
4.3784,4.1304,1.1963,0.019984,-7.1522,0.058597,-2.4008,-0.089976
-0.80478,-4.9795,0.10882,-0.40921,0.81168,-0.070472,0.147,-0.1617
-0.72089,0.96537,-1.808,-1.109,-0.54145,0.058482,1.3051,-0.17226
-0.70778,2.9179,-0.23032,0.6188,1.7016,-0.051027,0.076215,-0.07014
-0.54359,-0.99251,-1.2875,-0.57332,0.76602,0.0060122,4.3369,-0.17338
-0.66424,-8.0957,-0.62031,-0.41108,-3.6123,0.063057,-2.5698,-0.031638
-0.70842,0.24335,-0.95397,-0.18308,4.3008,-0.067821,1.3236,0.077201
-0.69976,2.1334,0.070089,0.94026,-3.9736,-0.002061,0.20733,0.035803
-0.88015,0.51256,0.46035,0.13847,-2.0859,-0.034136,-1.7971,0.073502
-0.73601,0.0089562,1.2288,0.3929,4.8963,-0.0094155,0.17778,0.25309
-0.67697,1.6112,0.82195,-1.1565,-1.7229,0.016056,0.25366,0.16229
-0.66045,0.71952,-0.42871,0.39383,-0.03695,-0.039013,-1.4667,0.045489
-0.4263,3.0901,0.39652,-0.22014,3.4075,-0.4316,0.092,-0.0017021
-0.57147,1.9111,1.8979,-1.2533,-5.3581,0.086167,-0.23419,-0.061354
-0.66086,-2.9829,0.86926,-0.76711,-1.6257,0.042566,-0.73324,-0.1625
4.399,-0.27352,-2.1771,-0.15467,8.37,0.39024,-1.8688,-0.12305
4.3741,1.6378,-1.7383,-0.21922,-7.401,0.056999,-0.98526,-0.15739
-0.77807,-4.3855,-1.3018,0.46058,0.31965,-0.04337,2.4749,-0.08944
-0.7214,-2.1871,-3.4214,-1.3967,0.75582,0.049401,0.92376,-0.031638
-0.70909,2.0704,0.654,-0.24013,2.3987,-0.046701,0.45327,0.059848
-0.62815,2.1593,-1.543,-0.65518,1.3554,0.031047,2.3178,0.25523
-0.61817,-7.8685,-1.6367,1.6523,-6.3433,0.041604,-1.8696,0.30028
-0.63312,3.2756,0.052326,-0.0045389,4.0473,-0.0020033,1.5898,0.18504
-0.70177,2.2372,0.76386,1.8256,-0.96034,0.019065,3.1349,0.18198
-0.76246,1.0713,-0.54261,-0.1674,-2.4545,-0.051213,-3.2261,0.012901
-0.87972,1.5008,1.1385,-0.076642,3.6436,-0.054492,-1.4555,-0.014358
-0.67716,1.168,1.3169,-0.13239,-1.5017,-0.016686,-0.319,-0.10979
-0.67416,-0.55106,0.47343,-0.18581,-3.6355,-0.0026578,-5.2867,-0.13702
-0.67404,2.0782,-0.45517,-0.23485,2.5099,-0.41062,-2.5432,-0.088929
-0.52599,0.94999,0.033568,-0.86569,-2.614,0.032844,0.80973,-0.17657
-0.5776,-3.2838,0.63932,0.28332,-3.21,0.08315,-1.1093,-0.089562
4.4194,-5.8611,-3.4474,-0.50218,7.7411,0.14835,-0.90276,0.036143
4.3914,4.0807,0.49057,0.36626,-8.1529,0.014124,2.9113,-0.0037951
-0.84616,-1.5668,1.8732,0.27975,-0.055716,-0.07875,1.8738,0.17071
-0.80194,-1.4408,-0.30612,0.12824,-1.3996,0.025457,0.68293,0.10986
-0.70925,1.7835,2.5618,0.76322,3.0431,0.043965,0.035873,0.22749
-0.70381,2.3479,-0.94345,1.8901,1.1585,-0.031845,0.25916,0.098935
-0.62279,-2.9666,1.0279,-0.4841,-5.7148,-0.012823,-1.0809,0.063767
-0.66214,2.8089,0.71933,0.12192,3.5021,-0.010583,3.8136,-0.037868
-0.68156,1.9236,-0.81305,1.22,-0.65909,0.030334,0.44063,-0.11955
-0.68769,0.15007,1.5204,0.76788,-1.9164,0.0032591,-5.4112,-0.15476
-0.72093,0.077537,1.1929,-0.25088,2.1718,-0.023669,-2.1478,-0.15493
-0.75176,1.5753,3.077,1.3267,1.0962,0.00098088,-0.55432,-0.13965
-0.68843,-0.79255,2.9147,-1.0708,-5.2771,-0.052182,-3.8526,-0.11329
-0.66491,-0.15912,0.9758,0.58134,2.1252,-0.19628,-2.4855,-0.04259
-0.66013,1.5759,0.78292,-1.9052,-0.92808,0.035744,0.96606,0.044783
4.4426,1.9825,-0.3989,1.2388,-5.6575,0.06325,-0.56749,0.035876
4.4206,-8.5689,-0.97644,-1.4457,6.7391,-0.15115,-3.42,0.42078
-0.75623,4.5372,-1.0696,1.1914,-6.8645,0.052058,0.49275,0.27018
-0.71956,1.989,1.6134,-1.6162,0.065642,-0.028854,-0.30465,0.02984
-0.87015,-2.8346,-2.4745,1.038,-2.9069,0.025881,1.6276,0.0065485
-0.66865,0.15848,0.36898,0.27657,4.0133,0.031939,1.585,-0.056706
-0.70232,1.5808,-0.66936,1.3635,1.3325,-0.053837,0.3693,-0.17343
-0.69934,-2.8885,0.60411,0.67009,-6.0076,0.038157,2.2999,-0.13573
-0.55379,1.4722,0.55436,-0.53784,4.0109,0.037214,2.9164,-0.20264
-0.66576,0.30087,-1.5866,-0.26073,-4.0965,0.038209,1.4517,-0.13456
-0.68703,-2.7492,1.7395,0.32183,-3.2944,0.030764,-0.36959,-0.033025
-0.68224,-1.3923,2.6535,-0.8919,3.8916,0.0023735,-0.49707,-0.027135
-0.89851,1.155,1.5858,-0.47195,1.393,0.016704,0.65185,0.13111
-0.74788,-1.0506,2.0497,-0.73466,-7.4546,0.010742,-2.9111,0.039478
-0.66314,1.0965,-0.85171,0.80026,1.6424,-0.085097,0.58645,0.076301
-0.66167,2.0595,-0.46643,-2.0572,2.5521,0.030514,0.89945,0.17959
4.4186,3.865,-0.047715,0.75047,-6.2866,0.042245,-1.9389,0.02507
4.3773,-5.2849,1.412,-1.0116,6.1179,-0.25207,-0.44555,0.018328
-0.75141,2.9737,-1.3241,0.2246,-4.459,0.092636,-1.9362,-0.083185
-0.71529,0.55121,0.074386,1.1854,0.16457,-0.047458,0.14549,-0.11879
-0.92698,-4.1669,-1.3861,-0.70636,-1.3864,-0.015108,0.54001,-0.15386
-0.9027,-3.9589,-0.28713,0.82393,3.1347,0.054926,0.42578,-0.12665
-0.72298,1.5304,-1.5951,0.96644,3.0853,-0.12142,2.2638,-0.026016
-0.69693,-2.9756,-0.73937,0.89966,-4.6539,-0.0070859,-1.3339,0.0079114
-0.68947,-0.23736,2.7538,0.68443,1.7087,0.027601,0.18181,0.030254
-0.48825,0.35231,0.29547,0.22311,1.4113,-0.059453,-0.52278,0.064059
-0.63139,-0.25725,-1.2232,-0.17264,-3.0739,-0.044205,-1.5803,0.19485
-0.68291,-0.36706,1.4516,-0.26711,1.5545,0.013116,0.16844,0.20422
-0.67155,2.7413,1.5911,0.02764,3.8671,-0.070991,0.30323,0.05812
-0.86327,-0.25568,1.6029,0.029111,-8.221,0.04274,-1.0989,0.071604
-0.71686,1.1937,0.36134,-0.30864,2.3841,-0.028142,1.0525,0.02339
-0.65306,2.0619,-0.11901,-0.38317,6.6664,0.29002,1.6558,-0.10163
4.3942,2.2984,-0.3562,1.4656,-7.435,0.0024312,-0.51063,-0.12738
4.3703,-7.1944,-2.4055,-1.2295,3.3451,-0.27183,-1.4115,-0.19069
-0.66568,0.17881,-0.19541,-1.2465,-3.7816,0.041937,4.0247,-0.1754
-0.71128,0.86992,0.066119,0.8322,0.90794,0.007347,1.92,-0.10224
-0.7094,-2.6945,-0.19384,-1.2732,1.0305,0.057262,3.1068,0.015529
-0.95063,-6.577,-0.0476,0.24068,-0.30301,0.018988,-1.1988,0.17798
-0.81811,2.1291,-1.3736,-0.69463,3.6999,-0.1048,1.0988,0.31905
-0.67142,0.60098,-0.011297,3.2062,-3.2374,0.0078733,-0.39014,0.2004
-0.68014,0.42285,0.66086,0.98848,-0.23218,-0.069291,-1.2152,0.10672
-0.50696,1.8106,1.4364,0.71357,0.62388,-0.05745,-3.5262,0.10911
-0.63709,1.4991,-0.27943,0.30201,-3.6151,-0.029355,-4.0163,0.051403
-0.69265,1.0521,-0.91201,0.67162,1.1201,0.00028137,-0.61027,-0.039377
-0.66845,2.6715,-0.1089,-0.051381,4.1579,-0.2485,-3.1229,-0.077344
-0.95917,-0.1999,1.0925,-0.2045,-9.4854,0.00042255,-2.0871,-0.10706
-0.84571,-1.336,-0.75429,-0.88094,0.6372,0.011634,-0.86485,-0.16447
4.4383,2.2103,1.3196,-0.10971,7.9785,0.44981,3.2639,-0.13885
4.4156,2.2702,-0.21021,0.13111,-7.6574,0.057275,-0.64023,0.070387
-0.72183,-5.5906,-2.5474,-1.4812,1.5519,-0.16621,-0.67955,0.023123
-0.47024,0.91166,0.19618,-2.2303,-3.3006,0.051628,-0.88048,0.19801
-0.70884,1.9463,-0.54283,0.079511,1.7446,0.047026,2.2496,0.052961
-0.71092,0.11343,-2.0858,-0.17654,1.0183,0.043214,4.5733,0.32713
-0.70043,-3.7669,-0.54618,0.70293,-3.2875,0.030771,-2.4018,0.14841
-0.7921,2.9447,-0.034886,-0.1858,3.4949,-0.12637,0.84099,0.15138
-0.75658,2.0317,1.109,0.6129,-4.4135,0.067787,-0.36363,0.046998
-0.68143,1.6182,0.54312,0.19385,-0.043199,-0.069817,-2.8425,-0.03356
-0.68242,1.4594,-1.1679,0.23391,2.8788,-0.08151,2.4014,-0.10782
-0.50696,0.81856,1.9832,-0.016762,-4.8254,-0.031915,-2.2239,-0.16167
-0.63532,-0.81133,-1.9976,0.50417,-0.060995,-0.027397,-1.1265,-0.17681
-0.66584,1.6326,-0.49667,0.41089,4.0323,-0.38247,-1.6268,-0.13018
-0.6616,-1.3583,0.17476,-0.49489,-7.013,0.032792,-0.08753,-0.080849
-0.79705,-2.0779,-0.19239,-0.53477,-1.5316,0.0075011,-0.92144,0.088178
4.4306,-0.66421,-1.0389,1.1351,8.7994,0.29993,-2.1469,0.0083251
4.4112,2.731,-1.0315,-0.61232,-6.6888,-0.015673,-0.55818,0.22776
-0.71905,-3.0619,-0.10834,0.56303,0.38079,-0.14507,0.9072,0.22372
-0.50805,-0.31964,-1.7764,0.89252,-1.0186,0.072318,1.0681,0.14299
-0.63932,1.7277,-0.092606,0.51095,2.0729,0.013412,1.9622,0.11514
-0.7413,0.73828,-1.1174,1.0639,1.0591,-0.010256,1.2558,0.016478
-0.70276,-5.1781,1.1349,-0.31857,-5.0293,-0.019452,-0.64878,-0.08523
-0.93486,3.3273,1.4632,-0.97573,2.492,-0.11679,-0.48817,-0.091022
-0.84809,0.87209,3.0672,1.0284,-2.2012,0.0017766,0.85676,-0.18543
-0.69365,-0.023102,0.12517,0.0046137,0.54475,-0.064798,-0.75898,-0.18192
-0.67695,-0.32649,0.54025,0.16388,2.9068,-0.20402,-0.45236,-0.10163
-0.66628,0.71834,0.37655,-0.48455,-3.5067,0.06024,-2.2638,-0.038623
-0.4371,-1.8541,1.6341,-0.52458,-1.4515,0.019284,-1.6246,0.053107
-0.66543,0.33718,-0.82393,-0.14095,3.2221,-0.34848,-4.073,0.12629
-0.67123,-0.42469,1.3063,-1.4142,-2.4537,0.082618,-0.3563,0.1811
-0.54913,1.3727,0.3208,1.004,-4.711,0.073094,0.11811,0.14119
4.4147,-4.5709,0.3564,0.29395,7.8205,-0.062912,-2.0173,0.23019
4.3744,4.6158,-2.1308,0.44396,-6.4193,0.047925,-1.0953,0.13096
-0.71527,1.2701,0.069305,-0.76653,-1.3299,-0.097425,1.7823,0.025727
-0.71208,-1.9967,-2.1135,-0.55712,0.11507,0.084325,1.6902,-0.076833
-0.54387,1.6236,1.4057,-0.39115,1.5079,0.027928,0.93979,-0.15372
-0.59085,2.8322,-1.1253,0.84264,1.6137,0.0082326,0.26209,-0.18862
-0.73155,-5.9483,1.3022,-0.3601,-5.2702,0.01071,-1.146,-0.17864
-0.69833,0.24005,-0.015216,0.72256,2.9701,-0.0018364,0.37199,-0.13831
-1.0218,0.5276,0.84777,0.6202,-1.5931,0.011801,3.6427,-0.06206
-0.78913,-0.8573,3.0668,0.94173,0.44622,-0.022873,-3.7398,0.084624
-0.6425,0.23379,0.92393,-0.51079,4.1192,-0.16879,-1.2287,0.17409
-0.67268,1.2606,0.48563,-0.25416,-1.9237,0.038093,-0.95235,0.22856
-0.67683,-0.6764,2.0475,-0.64276,-3.7805,-0.020569,-3.3518,0.016308
-0.4867,2.0439,-0.1831,-0.093836,2.0103,-0.12397,-2.7502,0.07377
-0.72208,1.6914,1.4483,-1.5888,1.0797,0.043676,1.429,0.090855
4.4128,2.24,0.21284,0.6006,-5.0834,0.015054,-0.38291,0.0035549
4.3836,-6.2988,1.4089,-0.97651,7.058,-0.022404,-2.0079,-0.074399
-0.80542,3.6727,-2.9721,1.0192,-4.5491,0.098232,0.21993,-0.16786
-0.7623,0.33144,-0.012467,-0.48256,-0.47961,-0.052214,0.12742,-0.22023
-0.71093,-2.7572,-1.4722,-0.46084,-0.40356,0.017544,0.24319,-0.12429
-0.70085,-2.5181,-0.11414,0.24509,2.1613,-0.021718,0.36934,-0.066368
-0.45579,0.78158,-1.7478,0.63068,2.1723,-0.022225,0.42379,-0.011875
-0.64921,-4.1567,-0.92227,0.8536,-4.7968,0.071381,-1.4109,0.06805
-0.70551,-0.11225,-0.36314,0.72175,2.5501,0.015818,1.0596,0.16049
-0.69302,1.0956,1.6513,0.19516,-0.28209,0.056088,1.1888,0.04308
-0.91387,-0.092312,0.44509,0.80341,-2.9248,-0.027827,-2.9241,0.21267
-0.71305,1.0994,2.1754,-0.37609,3.6528,-0.15694,-1.2789,0.15625
-0.67356,2.7296,-0.22865,-0.31741,-0.46197,-0.022976,0.80963,0.079051
-0.66311,-0.39719,3.9039,0.19181,-6.5001,-0.08776,-3.948,-0.017765
-0.57504,1.2444,-0.194,-0.068305,1.3064,-0.15021,-0.56047,-0.067901
-0.60772,1.9806,-0.5581,-1.65,0.91671,0.044864,1.9962,-0.1792
4.4045,4.0983,-1.2993,0.63872,-7.2171,0.0059609,-0.10514,-0.1462
4.3831,-8.8906,0.83401,-1.9232,5.9933,-0.08194,0.13874,-0.1655
-0.94039,2.9312,-2.2947,-0.39842,-4.1871,0.019771,-3.1335,-0.094454
-0.72926,-1.2432,-1.3638,1.542,-0.57556,-0.018272,-0.99601,-0.042468
-0.6651,-4.0919,-2.3461,-0.30704,-1.2079,0.023821,-0.21495,0.09212
-0.6981,-3.2064,-1.2402,0.42856,2.3708,0.051891,-1.8181,0.28067
-0.69933,2.6257,-1.8365,0.67434,0.5732,-0.027365,0.6786,0.11707
-0.44047,-2.2806,-0.10314,0.43562,-5.4554,-0.002921,-1.8811,0.2113
-0.75959,2.8859,0.2307,1.1045,1.7797,-0.062033,0.6782,0.16316
-0.69621,1.123,1.5336,0.51592,0.043491,0.054021,1.6743,0.051403
-0.69291,1.5327,-0.90762,1.014,-3.7915,-0.035227,-3.5522,-0.037454
-0.83392,0.39674,4.2213,0.72792,2.7356,-0.072089,-1.1399,-0.10674
-0.68081,1.932,0.24198,0.23363,2.6326,0.034236,0.35994,-0.16498
-0.66076,-2.1617,3.2832,-0.46437,-8.1127,-0.010814,-2.8634,-0.17
-0.66709,-1.5335,-0.74715,-0.84055,2.245,-0.073314,0.73452,-0.11587
-0.39505,2.3948,-0.61543,-2.1104,2.1483,0.017795,2.1374,-0.076736
4.4293,3.2609,-0.88495,1.3714,-5.839,0.073973,-0.41367,0.039161
4.3969,-9.5619,-0.85662,-2.4754,4.0838,-0.28814,2.3913,0.12174
-0.72774,2.6986,-0.29377,-0.21827,-4.9609,0.058116,-3.1726,0.18249
-0.86242,0.26753,-2.2326,2.3392,1.2849,0.020176,1.8463,0.16112
-0.78616,-4.5848,0.4335,1.6605,-2.1882,0.030456,-0.090663,0.21615
-0.70494,-0.040474,-1.7894,0.028134,2.1917,0.022653,0.58189,0.15795
-0.69522,3.0519,-1.0233,-0.064561,2.2326,-0.14577,1.045,0.012998
-0.48037,-0.81356,-0.015936,0.63559,-6.6083,0.071054,-0.74313,-0.0422
-0.52655,1.9045,0.68891,0.33529,1.426,0.042239,3.3612,-0.1223
-0.7466,0.72338,2.5215,0.82106,2.4037,-0.013985,-4.9871,-0.18426
-0.68572,0.22179,-0.98829,-0.75453,-4.8659,0.029648,-6.6004,-0.16379
-0.6826,-0.37576,1.7656,0.41179,1.5007,-0.013715,-1.1039,-0.10949
-0.9008,2.0725,1.849,-0.75688,5.3136,-0.056398,-1.8085,-0.11743
-0.69941,-1.1021,-0.39202,-0.45772,-8.7957,0.064835,-1.08,-0.041568
-0.65706,-1.9598,-1.5414,-0.96085,1.9293,-0.0063415,1.1201,0.12308
4.4387,3.782,-0.52194,-1.389,5.2192,0.0098113,2.112,-0.021148
4.4288,3.3731,0.45518,1.693,-6.0869,0.048233,-0.26646,0.45792
-0.67308,-5.9755,-0.71731,-2.4,2.9413,-0.20729,-0.92329,0.27132
-0.72797,2.3112,0.75932,0.56728,-4.2536,0.04392,0.26022,0.136
-0.72339,2.9213,-2.1616,1.4645,2.0335,0.063725,2.9961,-0.014066
-0.84503,-1.3506,-0.066448,-0.070386,0.066155,0.08489,1.808,-0.053639
-0.71263,-4.9231,-0.29598,1.1553,-0.44728,0.08367,0.27889,-0.19533
-0.6922,3.0169,0.098438,-0.86131,3.369,-0.094223,0.95252,-0.22405
-0.6837,-3.292,-1.6186,1.6128,-2.9001,0.077041,1.3478,-0.10404
-0.42238,0.81182,-0.13588,0.3189,0.19482,-0.0028568,0.73193,-0.1416
-0.58525,-1.2804,2.6885,-0.029318,4.0373,-0.052406,-2.7484,-0.044537
-0.68725,0.070935,-0.33675,-1.1765,-3.6329,0.07269,-2.1905,0.02614
-0.68688,-0.63545,-0.060936,-0.26477,0.746,0.060073,0.56303,0.10395
-0.87228,1.5721,0.1759,-1.1948,6.3951,-0.108,-0.41325,0.031763
-0.759,0.29788,-1.2551,-0.051555,-7.9633,0.089587,-0.76204,0.067369
-0.58093,-1.5176,-1.2799,-0.96397,0.039541,0.092501,0.68399,0.22255
4.4146,3.058,-2.9568,0.23348,8.1509,0.41122,-0.14799,0.023926
4.3786,4.8788,-0.15084,0.058553,-5.3172,0.05843,-0.31118,0.0048205
-0.55407,-4.4291,0.077239,-0.75794,1.277,-0.094787,0.15127,-0.078658
-0.76413,0.2358,-0.1339,-0.36105,-2.2795,0.044049,1.7272,-0.13157
-0.71852,2.0237,-0.81191,0.37692,3.5471,0.039871,1.1827,-0.17409
-0.79277,1.081,-0.30945,-0.061966,1.5297,0.026882,5.1356,-0.10623
-0.85892,-6.7225,0.63817,1.0547,-3.5996,0.027601,-2.0472,-0.050719
-0.74234,1.5601,-0.89506,-0.90197,4.7147,-0.10539,1.8856,-0.069361
-0.68989,-1.6672,0.74079,-0.17566,-3.5659,0.081418,-0.5415,0.071993
-0.68845,1.0721,-1.3035,0.067346,-0.86939,-0.008132,0.00075835,-0.00019312
-0.31419,-0.049523,-1.0063,0.63643,4.3047,-0.050404,0.84684,0.19064
-0.6424,1.3505,0.03421,-0.10646,-2.4401,0.025059,-2.0605,0.20724
-0.68516,1.1312,-0.62191,-0.23472,-2.679,0.014965,-1.2951,0.16625
-0.68076,2.1499,-0.69794,-0.31018,5.0545,-0.47879,-3.7647,0.068221
-0.81028,2.0939,0.19139,-0.42907,-7.0068,0.041443,-0.76199,0.0014132
-0.72904,-2.7022,-1.2941,-1.1211,-0.7697,0.0025467,-0.29645,-0.095135
4.3924,-0.43233,-3.1582,-0.47824,8.2239,0.29373,-0.90766,-0.15396
4.3652,2.2948,-0.68276,-0.93608,-4.5231,0.054079,-1.8719,-0.15615
-0.57173,-1.5823,-0.75728,0.16679,2.2359,-0.035868,1.4621,-0.15802
-0.54744,-1.3811,-0.74316,-0.97257,-2.805,0.04315,1.7427,-0.097277
-0.72399,0.49249,0.86281,0.33744,3.7451,-0.023085,-0.23209,0.038845
-0.71586,0.41632,-0.68515,-0.057136,0.6927,0.067954,2.539,0.15026
-0.7384,-7.0223,0.10247,1.7572,-5.8618,0.011698,-2.4437,0.238
-0.77987,4.0524,-0.047131,-0.031354,5.4146,-0.072763,0.63832,0.12201
-0.64145,0.38327,-1.0032,0.44129,-2.8002,0.023667,3.1936,0.22717
-0.67951,0.29811,1.6869,0.75776,-1.8132,0.020888,-0.90089,0.10916
-0.67325,1.74,-1.7959,-0.044065,4.8869,-0.10587,-0.62666,0.04067
-0.54576,2.2218,-0.35018,0.7534,-1.6659,0.019938,-1.6204,-0.017157
-0.63888,0.43342,0.91649,-0.32852,-4.7376,0.0089771,-5.3512,-0.055099
-0.67104,1.9324,-0.21758,-0.91997,3.7417,-0.32675,-2.5118,-0.11071
-0.66873,2.3431,0.22837,-0.57837,-3.2735,0.079274,-0.79426,-0.070968
4.4219,-0.13944,0.71843,0.25563,-4.1605,-0.015891,-1.5401,-0.12524
4.4062,-4.7649,1.0517,0.10108,7.7287,0.007424,-3.4545,-0.0081516
-0.73047,2.3037,-0.47079,-0.083303,-6.9603,0.08247,1.9523,0.11069
-0.71856,2.3043,2.2478,0.43972,0.80411,-0.055268,-0.59484,0.088591
-0.42508,-2.8192,-1.7267,-0.62143,-2.9705,-0.022167,-0.35844,0.040135
-0.62894,0.52634,0.48962,0.0206,5.2323,0.004164,1.1197,0.37536
-0.71663,1.0837,-1.8551,1.059,1.5842,-0.020685,-0.079233,0.2912
-0.70966,-5.4905,0.97129,-0.19574,-8.1453,0.036547,-1.7132,0.12245
-0.82419,3.5401,0.62452,-0.60311,4.0549,0.046269,3.0223,0.061674
-0.70409,1.3723,0.13574,-0.010236,-2.1753,-0.064946,0.29012,-0.031978
-0.68091,-0.70486,3.0877,0.88958,-3.5726,-0.05077,-5.8161,-0.11168
-0.67927,-0.0594,2.1242,-0.42244,3.9397,0.016569,-1.8959,-0.14651
-0.36817,1.7093,2.4835,-0.43717,1.1537,-0.0037809,-1.0295,-0.14425
-0.61368,-1.7168,2.4934,-0.31302,-7.3917,-0.049788,-2.4939,-0.14291
-0.66513,-0.31722,0.01305,0.067333,1.8311,-0.1346,-0.97779,-0.085522
-0.66915,-0.27481,-0.39504,-0.88952,0.45171,0.030938,0.37361,0.065714
4.4253,3.1223,0.30711,1.3697,-6.2995,0.043208,-0.73841,-0.015599
4.4001,-6.8696,1.6481,-1.2568,6.8374,-0.19423,-2.3184,0.19436
-0.78686,1.666,-3.5401,0.92606,-4.1016,0.01526,-1.144,0.2538
-0.72192,2.1361,-0.97685,0.20796,0.37453,-0.010635,-0.034588,0.13342
-0.7136,-1.3005,-1.7415,-0.62174,-2.0549,0.019322,0.52178,0.029377
-0.52317,1.8071,0.84519,0.34492,4.4538,0.076066,0.31853,0.049432
-0.65453,2.6168,0.0779,1.149,3.3608,-0.063284,0.80016,-0.074813
-0.70662,-5.0362,0.94832,0.44949,-6.9104,0.03414,0.34284,-0.11821
-0.70278,2.5554,4.732,0.49679,3.8033,-0.035958,3.185,-0.10796
-0.85065,0.24903,0.40321,-0.29686,0.99668,-0.00096362,-0.31158,-0.15844
-0.70171,-2.2645,3.6677,0.93448,-4.3401,-0.0094283,-1.0529,-0.13795
-0.67853,-0.60239,2.0741,-1.5081,3.8967,0.028903,1.7239,-0.043734
-0.66851,0.57276,-0.72347,-0.69288,2.2156,0.021453,-1.2849,0.021614
-0.51172,-3.2852,2.4893,-0.75155,-7.934,0.014259,-2.5089,0.11368
-0.6123,-0.20316,-1.2395,0.77384,3.2914,0.008515,0.89948,0.16715
-0.67814,1.6913,-0.31593,-1.6576,3.4296,0.086006,4.5047,0.22301
4.412,3.6976,0.49496,1.0989,-6.2503,0.02194,-3.5542,0.15267
4.3726,-8.2623,-0.54205,-1.0541,5.963,-0.25618,-2.6226,0.14715
-0.7587,2.9504,-1.6098,-0.48574,-3.671,0.059983,-3.7843,0.046949
-0.71797,0.33461,-2.464,0.48916,0.48499,0.00026853,-0.017833,-0.048869
-0.70827,-2.7029,-0.33362,0.37493,-2.0347,0.090961,1.0908,-0.13546
-0.48906,-0.21364,-0.23455,-0.071478,3.5135,0.044036,-0.21475,-0.17686
-0.52781,2.6015,-0.21545,1.4666,4.5112,-0.081028,2.8471,-0.18307
-0.63632,-4.7574,0.33494,-1.1636,-7.0141,0.011602,-1.1964,-0.087396
-0.69923,-1.4944,-1.3008,-0.39111,2.5083,-0.037441,0.77887,-0.056754
-0.65945,-0.31122,1.0149,0.29996,1.2043,-0.088152,-0.092616,0.018644
-0.82366,-0.24519,0.26483,1.0841,-3.8574,-0.0083245,-2.6716,0.15491
-0.63046,-0.56106,2.9071,-0.50084,2.0143,0.037612,-0.95433,0.22016
-0.67022,1.8526,-0.23373,-0.064477,4.1518,-0.098304,-1.1283,0.032566
-0.67352,-0.42629,2.0725,0.19916,-9.3391,-0.0032418,-2.6489,-0.021683
-0.55428,1.1442,-1.0745,-0.23173,2.3916,-0.0052441,0.037947,0.084089
4.4136,3.1757,-0.13826,-0.32855,6.5563,0.15422,5.1866,0.0057453
4.3734,3.0657,-1.3496,0.86765,-6.1104,0.096916,-0.35837,-0.072696
-0.73963,-9.2462,-0.20293,-1.2536,2.275,-0.15957,1.3598,-0.098031
-0.81149,3.7509,1.9849,-1.1379,-2.8015,0.022736,1.6983,-0.18163
-0.77681,0.38764,-0.84606,2.4409,1.7831,0.062582,2.8587,-0.14495
-0.70885,-5.9433,-0.83214,-0.20849,-0.57569,0.024597,4.4179,0.013047
-0.71068,-2.8158,0.18482,0.49343,1.2791,0.0098884,-1.3308,-0.019688
-0.56124,2.0858,-0.64791,0.49273,4.7501,-0.22403,-0.0032682,0.081923
-0.641,-2.4966,-0.20802,0.5032,-6.0544,0.05594,-0.455,0.25034
-0.69952,0.30983,-0.49514,0.21018,0.65946,0.020503,0.67128,0.062404
-0.69403,-0.38292,2.9287,0.26181,4.5287,-0.11901,-3.8813,0.20573
-0.7773,1.9819,-1.0161,0.11549,-3.5796,-7.4179e-06,-3.6726,0.14496
-0.70752,1.5229,-0.43109,0.21009,3.1814,0.028525,0.77072,0.084113
-0.72575,2.2493,0.14039,-0.99858,5.9064,-0.072917,-3.1614,-0.014504
-0.67059,0.12471,1.0076,-0.30923,-8.6578,0.0025275,-1.229,-0.062644
-0.48432,-1.7967,-2.1368,-1.3101,2.2347,0.02787,1.5907,-0.14177
4.3851,3.2894,0.81931,-1.4396,7.1821,0.30328,2.8852,-0.13376
4.3655,2.6962,-0.33215,0.24508,-4.6097,0.034981,0.38123,-0.157
-0.74367,-8.4297,1.2645,-1.4432,2.5326,-0.030574,2.8781,-0.09606
-0.72843,3.0807,1.0038,-1.3165,-4.0798,0.033717,1.8848,-0.059991
-0.91664,1.0736,-1.4105,1.3668,1.9874,0.0082006,3.0376,0.068853
-0.68559,-2.8847,-2.4717,0.16172,-0.89018,0.057962,4.6499,0.29283
-0.71517,-3.5266,-0.64469,1.392,-0.81682,0.04763,-0.15447,0.31014
-0.70699,3.6535,-0.4829,0.59722,4.249,-0.19718,0.82178,0.039989
-0.45377,1.9376,-0.72855,1.0946,-5.812,0.036271,-1.9435,0.17438
-0.68439,1.2382,-0.51959,0.96513,1.3003,-0.0029274,-1.8217,0.039307
-0.70181,1.3469,0.93849,0.31703,4.7651,-0.11651,-2.1724,-0.01392
-0.69482,1.8511,-0.5793,-0.82178,-3.1209,0.08557,-1.9828,-0.085814
-0.85809,-0.61762,0.96318,0.87327,2.5023,0.053906,1.358,-0.1562
-0.65903,0.63555,0.83246,-0.15043,5.6049,-0.35003,-2.3318,-0.14276
-0.66954,-1.5219,-0.31191,0.56878,-8.2781,0.046404,0.69639,-0.1701
-0.67167,-4.6842,-0.4372,-1.0552,0.31382,0.095023,1.2984,-0.042541
4.4128,-0.73376,-0.23754,0.54296,7.6497,0.30973,0.4438,0.017062
4.3823,1.8203,-2.0165,0.32259,-5.1587,0.063231,-0.94161,0.11013
-0.74122,-3.796,-0.71714,-0.28391,1.9154,0.011814,0.94386,0.19694
-0.73479,1.6024,-1.0676,0.55387,-1.5075,0.097776,-0.52676,0.17689
-1.0022,3.99,-0.6185,1.1069,3.2631,-0.012027,-1.1356,0.2325
-0.90922,0.89438,-1.6384,-0.46368,-0.0030972,0.045595,2.5473,0.16363
-0.74727,-5.2922,-0.19522,1.2355,-1.7846,0.012744,-1.6088,0.055054
-0.70778,4.0357,-0.85833,-0.71185,4.3685,-0.082158,0.55565,-0.039547
-0.70397,0.76649,-0.26613,1.9308,-4.1905,0.086719,2.3046,-0.091655
-0.54538,1.4202,0.47036,-0.23132,0.84552,0.027004,0.61208,-0.18604
-0.71319,-0.24889,0.048889,-0.055928,2.8068,-0.1687,-1.4106,-0.19811
-0.68903,0.19757,4.4198,-0.25816,-2.6606,0.01578,-0.1566,-0.13948
-0.6822,1.733,-1.5771,-0.45369,-0.082176,0.024392,-0.17746,-0.072087
-0.77858,0.56876,-1.4959,-0.057008,5.8689,-0.39722,-1.9762,0.011148
-0.7325,1.0004,-0.65996,-0.34244,-7.3874,0.088195,-0.61353,0.089005
4.4472,-0.74212,0.45818,0.33101,-2.2529,0.082169,-0.33786,0.048288
4.4077,-1.377,0.031737,0.32723,7.9465,0.31058,0.68987,0.15309
-0.45239,4.8991,-2.2602,-0.020069,-4.5907,-0.009839,-1.5295,0.22469
-0.67908,-2.417,-2.0273,-0.68892,1.0672,0.012224,1.1156,0.14944
-0.72445,0.38941,-1.0268,0.6914,-2.4365,0.028968,0.69828,0.011951
-0.72053,2.6255,-0.38177,0.96382,4.8557,0.0012889,1.0921,-0.067001
-0.91238,2.2995,-0.9888,0.61665,1.4285,0.04668,4.1185,-0.18638
-0.7612,-7.4582,0.14959,-0.54244,-3.9655,0.076309,-0.47343,-0.23883
-0.70327,1.9406,0.15643,0.021159,4.9805,-0.0011176,0.69706,-0.19319
-0.69449,-0.46891,1.0021,0.23276,-2.9384,0.092238,-0.05253,-0.11719
-0.56373,0.81243,0.11996,-0.31316,0.44529,0.047142,0.0059087,-0.033633
-0.59768,-1.0482,0.98696,-0.70772,3.9436,-0.14644,-1.0951,-0.0084437
-0.72307,0.026398,0.43644,-0.92674,-2.4565,0.02246,-1.8451,0.10835
-0.68059,0.28795,0.45876,-0.99252,-3.8782,-0.04373,-0.78496,0.0018999
-0.94885,1.7032,-0.17475,-0.13049,4.862,-0.39496,-2.1436,0.075352
-0.76306,2.612,-0.87615,-1.0186,-4.5362,0.055908,-0.64564,0.21254
4.4127,3.3324,1.5039,0.4093,-4.2721,0.041693,-1.2333,0.048288
4.3749,-3.373,-1.3463,0.303,7.7386,0.24821,-0.91317,0.013728
-0.7329,2.9325,-0.90634,-0.17446,-3.8389,0.061299,-0.028956,-0.060429
-0.55916,-0.27694,-0.38004,-1.4416,0.43417,-0.010956,1.6374,-0.13206
-0.73505,-2.1459,-0.96501,0.38976,-2.9037,0.03278,1.6898,-0.16781
-0.71289,1.6443,1.7076,-0.2602,4.8941,-0.014858,2.2113,-0.15058
-0.71161,2.7336,-0.32861,0.53543,1.0544,0.036893,1.7682,-0.063447
-1.0169,-7.1294,-0.33412,-0.075762,-4.4233,0.0054795,-2.9466,-0.058069
-0.74374,1.0236,-0.0039162,-0.14047,4.1678,0.012847,0.90797,0.043007
-0.68595,0.0077103,0.42742,-0.37935,-1.8214,0.072555,4.1431,0.03848
-0.69104,0.93884,0.22585,-0.62806,-1.4727,-0.023662,-2.8278,0.10517
-0.49723,0.83829,-1.2911,0.37438,5.1147,-0.073083,-1.2465,0.20386
-0.6292,2.9535,-0.40222,-0.3286,0.092224,0.015908,-1.8012,0.15679
-0.67788,-1.2102,1.9808,-0.63883,-6.5731,0.022101,-6.2986,0.08516
-0.67459,0.92656,-1.4951,-1.0281,5.0179,-0.11853,-0.58903,0.031057
-0.91479,2.9819,-1.0294,-1.8559,-1.7341,0.045326,0.32111,-0.053517
4.3868,2.4286,-0.9466,1.3998,-4.0029,0.012308,0.225,-0.15398
4.359,-5.4401,0.32594,-0.76608,6.4591,0.045191,-2.0265,-0.18648
-0.72658,1.6972,-2.1568,0.23955,-4.0508,0.066324,0.59117,-0.13556
-0.34354,-1.6274,-1.0653,-1.1686,1.172,0.021408,0.59991,-0.080216
-0.56805,-3.877,-0.30936,0.67264,-3.3553,0.042996,0.93666,0.0057453
-0.75889,-2.5139,0.0050646,0.45362,5.548,0.071836,1.8192,0.1727
-0.71115,1.6279,-1.3131,1.2351,1.9227,-0.0071693,0.42022,0.28015
-0.94978,-5.128,1.361,-0.79965,-4.3797,0.0014879,-0.74979,0.12963
-0.85209,2.2182,1.1882,0.82293,4.4079,-0.0099417,2.7358,0.23635
-0.74243,0.16693,-0.45042,0.78893,0.40388,0.04435,3.988,0.18504
-0.68291,1.4414,1.5486,1.0475,-3.5286,-0.041567,-2.3886,0.05043
-0.66874,1.8764,3.6253,0.38944,3.1691,-0.037165,-0.3046,-0.032416
-0.55491,2.8808,-0.79281,-0.074131,5.1783,0.045903,0.54631,-0.055002
-0.67491,-1.0278,2.7567,-1.2657,-8.6633,-0.042543,-3.2102,-0.12483
-0.66592,-0.62443,-0.90357,0.035033,4.6574,-0.064985,1.2551,-0.15462
4.4113,3.7485,-0.43668,-2.1656,1.4957,0.076707,1.0472,-0.13753
4.3977,2.107,-1.2989,1.8607,-3.945,0.069841,0.93774,-0.055245
-0.75044,-7.7116,2.6377,-1.4815,5.2306,-0.15857,0.36018,0.021565
-0.71373,1.4632,-2.3244,0.42098,-1.7067,0.06961,-2.0079,0.16672
-0.70786,-0.12971,-1.111,0.61476,2.9661,-0.029194,0.92997,0.00070738
-0.45588,-4.3892,-1.3105,0.0023015,-3.4504,0.097166,0.99418,0.48097
-0.60354,-3.6167,-0.79511,-0.08787,4.956,-0.0095374,0.1143,0.45877
-0.71341,2.4287,-0.90945,0.40551,3.2295,-0.11668,1.7514,0.28897
-0.7027,-1.7491,0.063832,-0.17019,-3.908,0.075732,-0.63325,0.11208
-0.93913,3.01,1.6445,0.60425,4.5224,0.010684,2.6004,-0.024799
-0.76096,0.49597,0.71316,0.62762,1.9979,-0.018182,-0.29125,-0.10657
-0.61477,0.7118,2.6659,1.1582,-3.5248,-0.063355,-2.6641,-0.14929
-0.67495,-0.58553,4.8877,-0.11996,2.7325,0.059656,-0.66045,-0.14255
-0.41439,0.72053,1.1915,-0.86546,6.5983,0.10934,-1.3766,-0.11689
-0.53297,0.3843,1.4474,-1.3159,-8.7361,0.012898,-1.363,-0.11312
-0.71948,-5.1936,-2.2534,0.14568,3.4048,0.043041,0.91192,0.13296
4.4298,3.8568,-0.96638,-2.291,5.1948,0.035295,-0.017788,-0.021732
4.3987,3.1706,-1.5663,1.5479,-3.8004,0.0020141,-1.0497,0.080414
-0.88629,-4.9139,-1.3919,-1.8901,3.0585,-0.19265,-1.1453,0.23523
-0.76795,1.9054,0.3593,0.81476,-1.5092,0.048284,1.4228,0.18417
-0.7123,1.8462,-0.81319,0.86464,3.3309,0.044113,3.8949,0.1353
-0.71161,-0.37028,0.66434,0.12585,-0.87801,0.098475,2.598,0.018085
-0.40279,-4.9169,-0.30655,0.94753,2.2122,0.069533,-0.41174,-0.033998
-0.68782,3.9805,-0.72841,-0.53519,4.3028,-0.10464,2.4709,-0.10514
-0.69977,-1.7134,-0.081711,0.10921,-3.4844,0.046661,0.19155,-0.18925
-0.69644,1.3515,-0.29094,-0.3215,1.4856,0.012943,0.76734,-0.13035
-0.90599,-0.69954,2.1122,0.65254,4.7682,-0.11064,-1.7297,-0.15863
-0.75296,0.070762,-2.4671,-2.1046,-2.4389,-0.024734,-3.3823,-0.08394
-0.66917,-0.25345,0.84073,0.64766,2.0473,0.045582,1.4328,-0.01134
-0.66907,-0.75917,0.89306,-0.27047,7.303,-0.082928,-1.6081,-0.0079812
-0.50825,0.13704,0.08471,-0.92403,-8.9379,0.038376,-1.5861,0.1251
-0.56134,-5.5439,-1.8163,-0.85781,1.5484,0.021254,0.090433,0.21257
4.4193,3.4708,-0.45132,-0.63337,6.8963,0.32572,2.0633,0.18787
4.3795,1.3928,-1.5668,-0.25328,-3.8665,0.075469,1.1202,0.14394
-1.0592,-3.92,-1.6763,-0.69779,1.509,-0.094864,1.2637,0.070241
-0.72531,3.1898,1.1308,0.26313,0.48237,0.030976,1.9551,-0.032124
-0.70108,3.3183,-0.27775,0.077559,4.1228,-0.0075865,1.6208,-0.13967
-0.70317,0.02381,-0.73546,0.47719,1.4402,0.053611,6.2046,-0.1716
-0.69772,-6.6296,0.080354,0.13832,-1.4814,0.025188,0.5891,-0.13364
-0.50398,2.6709,0.28729,0.52739,4.8557,-0.059928,1.0297,-0.16898
-0.72249,-4.3142,2.9861,-0.20874,-3.3507,0.082676,0.10688,-0.069629
-0.69519,-0.46839,-0.81655,0.70766,3.2674,0.058328,1.964,0.080779
-0.6922,1.0268,1.1544,0.63677,3.8878,-0.075561,-1.1781,0.043639
-0.90753,0.8156,-0.32713,-0.99831,-2.2868,0.031579,0.56892,0.12559
-0.63647,1.2025,-0.21087,1.5509,-0.66788,0.01035,1.4163,0.06603
-0.66178,0.035036,0.57287,0.59989,6.5924,-0.22225,-3.3841,0.14009
-0.66172,2.0442,0.71653,-0.89681,-7.1551,0.0056528,-0.73609,0.031081
4.4229,-2.5933,-0.33098,-1.9929,0.95926,0.043439,1.1529,-0.0020671
4.383,-0.74997,-2.1349,-0.83894,7.7947,0.40473,3.1015,-0.055513
-0.27239,3.9032,-0.75125,-1.1286,-4.2525,0.049471,-0.028827,-0.11694
-0.73515,-4.6631,-2.1244,-0.43585,2.5414,-0.1191,2.1221,-0.15155
-0.94964,1.1199,1.3699,-0.25053,-1.1831,0.034461,0.81532,-0.13172
-0.82764,-0.62427,0.62518,-0.20741,4.9651,0.044562,2.1423,-0.028303
-0.68836,1.2305,-0.66744,-0.044643,1.3529,0.066715,4.8279,0.17424
-0.70012,-9.057,0.4674,0.68331,-3.1737,0.027479,-0.37675,0.11096
-0.52551,2.3294,-0.67812,-0.26511,4.8357,-0.026865,-0.10167,0.19441
-0.49904,-0.62324,1.3095,-0.38659,-3.3444,0.02805,0.089091,0.051087
-0.74183,0.38147,0.14546,0.7481,2.0232,0.012436,3.4831,0.32525
-0.6933,-0.085672,0.067044,1.4022,3.9991,-0.12001,-0.10167,0.24214
-0.77122,2.6661,0.76277,-0.3111,-1.9433,0.031714,-1.3264,0.091147
-0.82846,1.665,0.63058,0.98268,-3.3135,-0.018259,-1.091,0.0014619
-0.74538,1.2281,0.26506,-0.45522,5.3547,-0.51689,-3.4859,-0.054491
-0.66368,1.2299,0.90756,-0.23062,-6.6334,0.020317,-0.88856,-0.12558
4.4058,0.071725,0.80253,-0.094344,-1.6341,-0.011148,1.1308,-0.077271
4.382,-4.7046,-1.7942,0.078047,8.0321,0.34153,0.36945,-0.17518
-0.72759,1.4608,0.93075,0.67687,-4.6995,0.041135,-2.9466,-0.11495
-0.73013,-3.513,-1.9181,-0.4656,0.35961,-0.034431,3.0132,-0.0054501
-0.72638,-1.464,-1.1857,-0.044239,-1.7181,0.037477,1.5666,0.01587
-0.93294,0.28314,-0.74823,-0.092545,5.1653,0.12042,1.0271,0.26105
-0.72835,2.0886,-0.85232,0.68283,1.1204,0.018571,2.6267,0.28174
-0.69578,-5.274,-1.8424,-0.42009,-2.3611,0.015825,-1.6039,0.19023
-0.68018,3.9497,-1.6702,-0.93779,4.6385,-0.029034,3.6624,0.087861
-0.48469,0.96303,-0.87027,-0.24292,-2.114,0.014766,0.92076,0.047826
-0.64834,2.759,4.1996,0.82373,0.39735,-0.012117,-2.5484,0.0087145
-0.68857,-0.0075997,1.9915,0.36252,4.8651,-0.071158,1.5496,-0.087566
-0.6867,1.4625,1.8792,-0.72586,1.6903,0.00080119,1.2988,-0.13515
-0.80171,-1.4915,1.9269,-0.1943,-3.8783,0.037991,-0.7796,-0.13502
-0.67232,-0.69692,0.38908,0.18115,5.2008,-0.2074,-1.6879,-0.16937
-0.65675,1.5629,0.68333,-1.0072,-3.7823,0.0077064,-0.19341,-0.089805
4.425,1.1884,0.041836,0.43325,-2.8311,0.04641,0.25645,-0.021343
4.4008,-6.111,1.9637,-0.68452,7.8212,0.20103,0.4124,0.052425
-0.56617,3.6533,-0.62771,1.8542,-3.9805,0.037394,1.3584,0.14252
-0.69629,-1.5572,-1.6814,1.0385,0.30823,0.0035607,1.664,0.19025
-0.72286,-3.2483,-2.3171,0.49821,-2.6659,-0.0072271,0.66024,0.23036
-0.6986,1.7457,0.85013,-0.21923,5.4959,0.11085,1.4594,0.11081
-0.90347,4.5542,-0.40036,0.78796,3.9997,0.047155,0.93777,0.092607
-0.66517,-3.7093,-0.44873,-0.22138,-3.5155,-0.0051093,-0.26682,-0.0028703
-0.68467,2.2979,-0.090152,0.059902,4.654,-0.0058217,2.0657,-0.11249
-0.68726,0.38691,2.3331,-0.034604,1.6619,0.011544,3.9036,-0.095062
-0.55544,0.9356,3.0465,-0.16459,-1.2459,0.0013852,-4.4304,-0.18906
-0.64631,-1.2461,3.5014,-0.44762,4.1857,-0.041933,0.51559,-0.1505
-0.67572,2.3532,-0.061861,-1.4748,3.2155,-0.019093,1.1706,-0.12819
-0.67697,-1.5339,1.1431,-0.43999,-5.5759,-0.043313,-1.3135,-0.011997
-0.83287,-0.84683,-0.098639,0.18751,4.4461,-0.074649,-0.85329,0.082726
4.448,2.2847,-1.6258,-1.2913,-0.076287,0.065823,0.7902,0.17813
4.4307,3.1523,0.31921,1.4836,-4.0592,0.072485,0.42347,0.39058
-0.7333,-4.9879,2.5251,-1.6449,6.2656,0.076778,-0.76484,0.12476
-0.5696,1.8966,-2.5248,1.0336,-1.2585,0.05922,-3.7185,0.13856
-0.66895,2.0188,-0.72643,0.5803,1.5205,-0.076613,1.996,0.028112
-0.7246,-2.1787,-1.0957,0.83737,-2.705,0.059515,1.6127,-0.077539
-0.71527,-2.5978,1.8337,-0.67713,4.6838,0.035449,1.7619,-0.18178
-0.77733,2.0428,-0.19307,0.38307,3.2654,0.043394,2.2681,-0.21999
-0.799,-2.0999,-0.089529,-0.92338,-1.896,0.03346,-0.69537,-0.169
-0.748,1.5542,2.7964,0.62256,2.273,-0.0014963,4.5625,-0.12682
-0.68163,-2.3868,3.9422,0.13804,3.4593,0.047257,0.31116,-0.029058
-0.74811,-0.61659,-0.30926,1.0768,-2.9248,0.018019,-0.051426,-0.014747
-0.47316,-2.2019,3.0513,0.22438,3.4359,-0.10108,-0.984,0.09397
-0.63948,1.9857,-0.33711,-0.44005,5.8948,0.14625,0.26103,0.038139
-0.6746,-1.3202,2.1842,-0.062094,-8.2787,0.027979,-3.8758,0.062745
-0.67036,-0.69705,-0.82809,-0.90322,4.3176,-0.034129,2.1064,0.091926
4.4187,4.5399,-2.5534,-2.2542,4.8232,0.13313,3.2535,0.055322
4.3829,4.7993,-1.1427,1.7265,-3.4771,0.016659,1.5891,0.064911
-0.72228,-4.6891,1.4443,-1.5927,5.483,0.023217,2.2926,-0.054588
-0.71385,3.7161,1.2232,-1.2787,-2.723,0.054336,-0.65212,-0.085376
-0.48417,1.9422,-0.26353,1.0659,2.3261,-0.033218,2.7675,-0.17066
-0.64463,-0.31033,-1.4435,0.62014,0.74846,0.05578,3.795,-0.1597
-0.70712,-5.6414,-0.7451,0.60021,2.1776,-0.016212,2.6167,-0.094332
-0.70489,1.6726,-0.23231,0.34737,3.267,-0.017931,3.3982,-0.12595
-0.91515,-2.5114,-0.20843,1.4739,-3.194,-0.006072,0.80574,0.035072
-0.71912,1.9777,-0.28052,-0.21195,1.3269,-0.077486,-1.9726,0.029085
-0.67126,-1.0228,0.6123,0.051533,4.5986,0.017191,-1.4044,0.19492
-0.67474,1.533,-1.8786,0.34627,-2.92,-0.048479,-4.4799,0.14951
-0.41675,0.56187,0.28994,0.29456,1.9944,-0.022777,-0.56559,0.1517
-0.57141,2.2874,-1.1518,-0.13123,6.5849,0.07165,-2.6487,0.09268
-0.70951,0.67236,-0.13121,-1.0619,-8.5793,-0.031248,-0.31665,0.032006
-0.66952,-0.86403,-1.0259,-0.84506,2.6448,0.038408,1.9888,-0.064713
4.3902,2.5554,-1.0223,-1.7232,6.5217,0.33822,2.7898,-0.12687
4.3618,4.5586,0.12327,1.0237,-3.8598,0.03679,0.30286,-0.17752
-0.74019,-5.6247,0.42587,-0.013653,4.0417,-0.11222,0.45559,-0.19207
-0.7161,-0.15931,0.32984,-0.15095,-2.9798,0.068352,-0.48572,-0.097618
-0.71157,1.4559,-0.51267,1.4087,3.0524,-0.0084015,3.3957,-0.025602
-0.52812,0.098273,-1.0514,-0.19209,-0.5332,0.0027393,3.4079,0.13155
-0.63082,-7.7084,-0.3549,0.5964,-0.31128,0.0023093,1.9728,0.28794
-0.70449,2.26,-0.28096,0.23767,3.3275,-0.047118,2.0728,0.17183
-0.69235,-0.24642,0.48846,0.62679,-5.0006,0.0071353,0.59251,0.041765
-0.88863,1.6132,-0.14194,1.1704,3.1643,-0.053748,1.4581,0.19256
-0.74437,0.79135,1.687,0.10878,3.803,-0.10694,-1.6763,0.12181
-0.67804,2.1101,1.9826,-0.44198,-4.7101,0.048265,0.61837,-0.00055819
-0.67018,0.43705,0.33592,0.54173,0.72202,-0.023707,-0.74247,-0.045705
-0.36306,1.9779,-0.60749,-0.081479,6.8091,0.087623,-1.9759,-0.12529
-0.63309,0.752,-0.032561,-0.70967,-8.2917,-0.0025359,1.5645,-0.15374
4.4201,-0.207,0.60981,-0.55939,-0.15633,0.033441,2.2705,-0.11848
4.3989,-3.2691,-1.7347,-0.58728,6.84,0.33367,2.1466,-0.11665
-0.50972,3.159,-0.20195,1.1059,-5.1553,-0.011078,0.12489,-0.050232
-0.77536,-5.095,-3.2982,-0.62119,1.86,-0.061031,1.7453,0.11098
-0.70869,-0.65944,-1.0049,-0.055466,-2.4916,0.038619,0.10892,0.016357
-0.70544,0.30981,-1.7041,0.13295,3.3692,0.016896,1.2726,0.4541
-0.61947,2.0559,-0.92711,0.40502,0.79399,0.061081,4.2803,0.43139
-0.62433,-6.1352,-1.6301,0.10599,-0.42493,0.04025,-3.021,0.27334
-0.65396,4.3386,-0.25128,-1.0303,3.5189,-0.024952,1.591,0.098254
-0.69685,-0.57794,0.21448,-0.053282,-4.393,0.061716,1.9012,0.009542
-0.84498,2.4154,2.4684,0.23092,1.3666,-0.0041531,-0.024358,-0.11227
-0.76351,-0.66542,1.2696,0.056575,4.0777,-0.1129,-1.0993,-0.1893
-0.6253,0.70239,2.5947,-1.303,-2.9985,0.038632,0.13683,-0.16864
-0.66936,0.32214,2.9757,1.1748,-2.9385,-0.0014706,-0.19029,-0.11095
-0.67026,0.84005,0.24232,-0.17662,5.9412,-0.24816,-2.924,-0.063374
-0.54465,1.02,0.31632,-0.68986,-9.0041,0.066497,-0.17312,0.034099
4.4333,-2.072,0.07968,-0.67985,-4.134,-0.03506,-0.43594,-0.03339
4.409,-2.9308,-1.487,0.7635,6.0349,0.17873,0.18857,0.15552
-0.72618,4.5343,-1.155,0.13202,-3.7947,0.024148,-2.7574,0.076033
-0.85431,-1.2238,-2.9715,-0.042665,1.2516,-0.15409,0.99695,0.21717
-0.78096,-2.4435,-2.3147,-0.47347,-3.7819,0.053412,-0.15244,0.10246
-0.70624,1.1798,-0.91349,0.42562,3.4181,0.0023671,1.6362,0.067734
-0.71638,2.99,0.11012,0.41563,-0.23615,0.031432,5.0367,-0.036943
-0.42408,-5.7949,0.27818,1.318,-1.6703,-0.034643,-1.1806,-0.097837
-0.70614,2.7442,0.1173,-0.86334,3.6879,-0.066197,1.4823,-0.17798
-0.68774,-1.2296,1.2772,0.081457,-3.3355,-0.015974,0.53814,-0.14284
-0.68531,-0.37557,1.4506,-0.20373,1.0932,-0.016398,-1.8067,-0.12079
-0.89444,-0.93126,-1.014,-0.95963,3.7962,-0.075618,5.2467,-0.10911
-0.78517,0.022879,0.13357,0.088889,-0.82855,0.017525,-0.5159,0.0034576
-0.6526,0.45477,2.6482,0.75821,-6.8545,-0.093735,1.2329,0.013047
-0.66679,-1.4642,1.0853,-0.72516,4.6229,-0.23444,-2.3398,0.13179
-0.53635,2.9723,0.1228,-0.67955,-7.9348,0.042592,0.90054,0.18959
4.4173,1.1115,-0.59552,-0.31999,-4.3337,0.031117,1.6997,0.17394
4.3782,-3.1717,-0.90384,-1.1674,6.2589,0.22815,-1.2881,0.15391
-0.72912,4.2673,-0.35662,0.54441,-2.4615,0.035462,2.078,0.056879
-0.85052,1.3572,-0.35226,-0.58201,1.9411,-0.035047,1.3648,-0.038428
-0.88256,-2.1435,-0.55556,-0.9997,-4.2728,0.058924,2.1409,-0.12519
-0.75549,1.9101,0.63072,0.63305,3.7984,-0.04923,2.5414,-0.1937
-0.70394,1.6611,-0.2892,1.1382,1.3867,-0.0054174,2.8387,-0.1744
-0.68924,-5.6821,1.3417,1.8456,-3.269,-0.015249,-2.3301,-0.090073
-0.52721,2.1626,-1.1939,-2.1345,3.89,-0.065806,1.2314,-0.085643
-0.65789,-2.4318,-0.33718,0.02904,-2.9893,-0.033128,2.7873,0.042715
-0.69046,1.0822,0.86515,-0.64724,-0.49803,-0.0078047,-2.367,0.15781
-0.67822,0.62429,-0.92227,-0.32295,4.3316,-0.057508,-0.57507,0.055419
-0.76888,2.6362,1.6637,0.13005,1.4163,0.051698,-2.4041,0.062745
-0.67686,0.64414,-0.13234,-0.28976,-6.9608,-0.0081512,-3.8999,0.14661
-0.66176,-0.33999,-0.96789,-0.73483,5.2828,-0.15056,-1.0776,0.090344
4.3948,3.6355,-0.58707,-1.7993,-5.9556,-0.0051029,-1.2801,-0.014966
4.3826,1.685,-0.67548,0.012951,-3.737,-0.037158,0.41825,-0.057996
-0.69826,-4.3232,0.73294,-1.0087,6.6634,0.23883,-0.025796,-0.12074
-0.71902,2.201,-1.1268,0.26091,-3.1965,0.011846,2.6078,-0.16718
-0.71519,1.1851,0.3117,-0.26887,1.9699,-0.02938,1.8734,-0.13687
-0.89554,-8.0414,-1.5859,1.304,-4.136,0.070476,2.4843,-0.0070564
-0.8273,-1.7826,-0.4834,-0.25768,4.8329,0.1178,1.0806,0.15284
-0.60981,0.85193,-0.11458,0.70438,1.4165,-0.023977,1.6493,0.16117
-0.69095,-7.3971,-0.86221,0.7117,-2.7135,-0.014318,-2.9854,0.18146
-0.67089,2.7612,1.3904,-0.5412,4.3766,0.082528,2.33,0.010272
-0.51451,-0.66431,-0.92352,0.31944,0.77358,0.015882,1.9112,0.26543
-0.68035,1.2856,1.5462,0.24297,-0.56149,-0.009685,-7.1612,0.30729
-0.68004,1.6277,2.294,-0.96397,4.5895,0.032882,-0.37312,0.1139
-0.74822,2.7744,1.5891,-0.59942,5.9829,0.29727,0.65836,-0.033585
-0.78892,-0.26339,1.9299,-0.66004,-7.3794,0.030713,-2.8169,-0.047141
-0.74824,-2.2748,0.3614,-0.68222,5.8856,0.15351,-0.71423,-0.12948
4.4059,4.58,0.24626,-1.203,-2.5099,0.027793,1.966,-0.11655
4.3818,2.4274,-0.69683,1.5766,-2.024,0.034294,0.6066,-0.11266
-0.55652,-8.3676,0.30733,-0.96542,5.2758,0.026625,1.3632,-0.13481
-0.69994,0.32408,-1.886,0.66987,-0.69564,0.034371,-0.96989,-0.0266
-0.71702,-0.19919,-2.8793,-0.55577,3.635,-0.050218,1.0911,0.0030682
-0.71106,-2.2436,-2.225,0.6012,-2.5438,0.069539,0.81826,0.12999
-0.8996,-0.98463,-0.55982,-0.9134,4.2813,0.017057,1.3905,0.30118
-0.82055,3.4593,-0.59935,-0.37079,2.7502,-0.12049,2.0897,0.18022
-0.69347,-3.672,-0.28977,1.915,-2.074,0.061896,0.82131,0.17815
-0.68606,2.6265,1.7833,0.018506,3.2415,-0.036889,1.6389,0.017501
-0.66158,0.29201,1.5296,-0.16673,2.3008,-0.0797,-0.27113,-0.00674
-0.64351,0.43116,2.5217,1.0699,-2.7325,-0.021179,1.0015,-0.076517
-0.68654,0.16574,3.2679,-1.1431,3.6264,-0.039475,0.7988,-0.16165
-0.67116,0.70101,1.1006,-0.38718,6.5072,0.25,-0.36813,-0.12758
-0.88467,-0.74219,2.1991,-0.91215,-8.6049,0.03826,-1.7382,-0.16462
-0.67578,-5.183,-0.70347,-1.0078,3.7475,-0.05548,0.73945,-0.10351
4.4224,3.8627,-1.7718,-1.6376,1.3866,0.0623,3.9957,-0.046362
4.3989,0.86139,-3.0466,1.1649,-2.3104,-0.0014642,0.66657,0.090076
-0.70974,-5.7551,-0.57817,-1.7694,3.8593,-0.15957,-1.4737,0.074792
-0.42663,0.95133,-1.0839,1.2451,-2.7762,0.015863,0.77158,0.18317
-0.72848,-0.98131,-1.4401,1.6018,3.0278,0.0032206,2.0465,0.23951
-0.71139,0.44102,-0.66108,0.31499,-2.5023,0.047174,2.0411,0.22858
-0.70605,-1.7142,1.3,-0.13257,2.054,-0.044474,0.69468,0.014434
-0.87753,4.6678,0.35681,0.17306,4.1875,-0.064606,0.67481,-0.0062532
-0.68055,-2.6668,3.5645,0.24534,-5.1374,-0.019594,0.94099,-0.094502
-0.68236,0.87442,-0.89932,1.7528,1.7835,-0.033179,1.2961,-0.1609
-0.68392,-0.094534,1.4401,0.31534,2.9021,-0.082293,-1.7751,-0.124
-0.4226,0.71016,0.27419,-0.53486,-4.4237,-0.029855,-3.8456,-0.16669
-0.55976,0.27465,0.18963,0.42899,0.75258,-0.061057,-0.67708,-0.1352
-0.67161,-0.13562,-1.3321,-0.011893,7.3711,0.11481,-1.8882,-0.0072754
-0.66843,0.098524,-0.13525,-0.48653,-7.468,-0.0019006,-1.2317,0.024632
4.471,-5.995,-2.4801,-1.6658,2.4592,-0.014241,-0.7909,0.078808
4.4214,1.4635,-3.1752,-0.77659,5.9444,0.34384,2.5229,0.25479
-0.64073,4.4449,-0.85049,0.79202,-3.2173,0.021639,-0.2787,0.17482
-0.72066,-3.3665,-1.8718,-1.1494,2.3084,-0.11974,0.61328,0.1013
-0.45687,3.7337,1.957,-0.57549,-2.78,-0.0028953,1.2641,0.019886
-0.68036,4.0139,-1.3637,0.76954,4.0546,0.0055501,2.2662,-0.047433
-0.80016,1.2097,-0.99338,0.218,0.37499,-0.0078688,4.832,-0.20551
-0.70228,-5.1004,1.0687,0.85985,-1.584,-0.0078624,-0.10955,-0.22181
-0.98013,3.2818,1.1025,0.20267,4.4776,-0.08237,-0.58005,-0.18752
-0.89424,-1.757,1.2182,-0.33116,-4.8173,0.025573,1.0283,-0.14551
-0.75291,-0.39192,-0.99457,1.1418,1.7293,-0.013767,-0.37507,-0.089635
-0.68005,-1.0345,-0.088277,0.0070287,2.7032,-0.20428,-2.9495,0.057317
-0.66617,1.2254,0.68057,-0.50469,-4.5269,0.048907,-1.4948,0.01862
-0.46507,-0.084368,-0.4129,1.5438,-0.6925,-0.026621,-0.10597,0.028234
-0.71132,1.4637,-1.2036,0.34047,6.1779,-0.27901,-3.8098,0.070873
-0.67359,1.9471,0.18523,-0.40415,-7.7109,0.011223,0.29851,0.22208
4.4145,-0.35106,0.52777,-1.4603,-0.11467,-0.028039,2.3019,0.011465
4.3802,0.20563,0.71136,-0.35741,6.9173,0.41961,2.801,0.047874
-0.73521,4.752,0.38771,-1.0155,-3.347,0.010877,-0.12503,-0.026965
-0.72173,-2.5277,-0.79111,-0.32595,1.8983,-0.11544,-0.60908,-0.12558
-0.70686,-0.094406,1.4171,0.79814,-2.4279,0.057917,1.1526,-0.10876
-0.50233,1.9459,-1.4308,0.7933,5.0047,0.20243,3.093,-0.18881
-0.64276,-0.20783,-0.72365,0.58387,0.43203,0.026651,5.8836,-0.092823
-0.72312,-7.7721,1.6571,0.64255,-3.9987,0.035353,0.70691,-0.089562
-0.70374,1.6979,-0.60109,0.026548,4.866,0.08677,2.6786,-0.038963
-0.99471,-0.98332,0.13354,0.045258,-3.1029,0.024539,-0.3699,0.019423
-0.70486,1.0445,-1.0151,-0.062422,-0.72897,-0.10567,-0.59506,0.21379
-0.65172,0.60414,-2.2243,0.63246,3.869,-0.10366,-0.845,0.1699
-0.67015,2.0598,3.0293,-0.43982,-1.3867,0.032728,-0.058535,0.14907
-0.56602,1.1843,0.14879,-0.2945,-1.6389,0.011217,-0.27775,0.072066
-0.54188,1.8729,-0.45575,-0.55253,6.0214,-0.064516,-0.75052,0.045538
-0.59414,2.7962,0.43731,0.17674,-7.3027,0.050659,0.43906,-0.050256
4.3835,0.31805,1.8244,-0.45686,-2.2372,-0.008132,0.88019,-0.13167
4.3514,-3.6026,0.42982,0.57785,7.6437,0.48431,0.64119,-0.13215
-0.97309,2.779,1.2154,0.21364,-2.0375,0.041231,-0.87572,-0.17562
-0.71878,-1.3439,-0.51333,0.73745,0.89055,-0.021763,0.68488,-0.12495
-0.71652,-2.9673,-0.87838,1.4029,-1.035,0.0338,2.0455,0.040475
-0.71727,0.79625,-0.82325,0.37848,4.9446,0.17531,2.3222,0.014677
-0.48238,1.5621,-0.012088,0.51691,1.5363,-0.033135,5.674,0.24316
-0.67125,-6.688,-1.3343,0.5402,-2.2857,0.0095996,-0.49919,0.17971
-0.7166,3.7235,-0.61837,-1.0951,4.708,0.11398,2.035,0.23192
-0.70611,-0.12648,-1.7335,0.030896,-1.7466,0.045281,-1.4279,0.11149
-0.92695,2.0402,1.8484,-0.0016679,-0.23563,-0.072063,-0.63024,0.11996
-0.74864,1.4556,0.89742,-0.1741,4.0029,-0.12651,-0.79797,-0.0028946
-0.68245,1.391,2.1304,-0.77113,1.1408,0.030026,1.632,-0.042127
-0.67346,-0.17959,0.67519,-1.3114,-4.0755,-0.040078,-0.68607,-0.10567
-0.46767,0.81494,-0.47028,0.056607,5.6162,0.035321,0.50493,-0.14335
4.3994,2.3031,0.030889,-0.16991,-6.1459,0.041732,-2.6843,-0.083185
4.3938,-0.2478,0.90333,0.40904,-3.7148,0.036874,-0.32083,-0.12181
-0.73135,-6.488,0.41869,-0.54652,6.5131,0.28402,0.83081,-0.052958
-0.81357,3.2479,-2.5219,0.49965,-2.5972,0.026375,2.0488,0.066079
-0.74298,0.09907,-0.17807,-0.78906,0.51576,-0.053632,1.7203,0.0080574
-0.72859,-2.3805,0.047547,-0.77624,-4.6382,0.04668,0.88486,0.47048
-0.70747,-0.47495,0.27329,0.58219,5.3376,0.21394,-0.0036792,0.50888
-0.66455,4.1283,0.82915,1.3493,3.0751,0.0079631,2.4091,0.16555
-0.47329,-5.4604,-0.75174,1.7622,-4.3194,-0.020896,-0.12761,0.11142
-0.73901,3.2696,1.5153,-0.044843,4.2859,0.061645,0.43761,0.009542
-0.69946,0.33438,1.5187,0.89552,1.1625,-0.022514,4.9138,-0.09937
-0.69954,2.6402,2.3502,-0.58878,0.23176,-0.047304,-2.8852,-0.094356
-0.77276,0.97345,2.9298,-0.37772,4.9246,0.10143,-0.1636,-0.16764
-0.63444,1.0467,-0.001141,-0.97131,3.041,0.018186,1.5914,-0.12023
-0.66861,-1.9386,1.0222,-1.0722,-5.8254,0.0040099,-0.78491,-0.11738
-0.66312,-1.6515,-0.46557,-0.47264,5.192,0.091038,-0.86868,-0.0051337
4.427,3.9145,-1.8519,-2.0488,-2.1877,-0.023117,3.2206,-0.038769
4.4031,0.68583,-2.4386,1.0759,-2.7689,-0.038256,-0.10388,0.19414
-0.74555,-6.0519,-0.36634,-2.1251,5.3304,0.19153,2.7153,0.1986
-0.73898,1.3756,-4.7383,1.2326,-2.1814,0.027395,-0.92246,0.10848
-0.90386,2.3626,-1.0177,-0.10508,1.9148,-0.047381,2.0361,0.10726
-0.7126,-2.3807,-0.49167,0.42162,-5.365,0.0083097,2.7636,0.083602
-0.70762,1.9136,1.8384,0.52891,4.1033,0.071824,-0.13181,-0.021197
-0.70618,3.6958,1.0141,1.2536,3.2785,-0.01059,1.7451,-0.091071
-0.45755,-3.0755,-0.49909,0.38236,-3.4057,-0.010686,-0.50458,-0.15727
-0.57213,2.6111,-0.80861,-0.26165,1.4927,-0.16524,0.89968,-0.14315
-0.67444,-2.1049,1.1886,-0.99966,2.2397,-0.021622,2.2982,-0.1508
-0.69833,-0.94549,0.96663,-0.25972,-2.0896,-0.005796,-1.1881,-0.11407
-0.8571,-1.6949,4.226,0.71317,3.3009,-0.10404,-0.6362,-0.0030163
-0.785,1.404,0.75533,-0.0096451,4.0955,0.025765,-0.28599,-0.028352
-0.71123,-1.9528,1.6198,-0.23451,-8.5146,-0.0039157,-5.3003,0.139
-0.66724,-4.8836,-2.9321,-0.97236,4.1723,0.0056528,0.80995,0.19765
4.4088,4.2081,-3.3018,-2.0586,-0.059062,0.047649,2.0132,0.026895
4.3805,4.5049,-0.31732,1.2789,-2.5605,-0.016937,1.5554,0.17229
-0.73977,-4.624,2.6425,-2.7448,4.7267,0.11157,2.1179,0.089127
-0.72942,1.7025,-0.31487,0.70808,-4.0126,0.051191,0.36973,-0.022657
-0.72864,2.2263,-0.098786,1.0298,3.2162,-0.027134,1.1729,-0.073134
-0.78076,-3.4142,0.071328,1.483,-4.8903,0.012648,1.0075,-0.17852
-0.75014,-1.8115,0.69068,1.2848,1.9067,-0.020287,0.72954,-0.1929
-0.70038,1.9985,0.25344,1.3424,1.4404,-0.13212,0.10669,-0.15192
-0.6937,-4.2699,1.1532,0.38234,-4.8195,-0.023694,0.68523,-0.037065
-0.56375,1.8659,-0.086234,-0.031143,1.7511,-0.020524,0.30622,0.034488
-0.54507,-1.7391,-0.12866,-0.33002,3.168,-0.014331,-0.29812,0.11213
-0.69504,0.41984,-0.93155,0.42966,-4.218,0.030668,-3.3458,0.16236
-0.69172,1.0764,2.1926,-0.90189,1.3367,-0.084391,-1.0269,0.056441
-0.84431,1.2795,-0.16405,-0.17204,6.2894,0.22994,-2.0716,0.1515
-0.72599,0.74323,1.3381,-0.89693,-8.7411,0.028435,-0.57129,0.12695
4.3889,-4.4772,-2.6714,-0.80964,3.4523,-0.086714,0.7983,0.010345
4.3819,3.6083,-1.1865,-1.6769,1.4332,0.012455,2.379,-0.058799
4.2113,3.2161,-0.42715,1.6466,-2.358,0.0074946,-1.0141,-0.10726
-0.56053,-5.3713,0.59727,-1.6874,2.0184,-0.042767,1.2715,-0.16136
-0.69886,2.3723,0.43382,0.88086,-4.343,-0.02777,-2.5732,-0.12096
-0.72151,-1.0108,-0.726,0.19766,4.1206,0.016434,0.90446,-0.067098
-0.62821,-1.684,-0.45071,0.41201,-5.9535,0.057801,2.2902,0.0098098
-0.81816,-5.5624,0.17935,0.43364,0.33857,-0.061853,2.06,0.1389
-0.62268,1.1866,-0.6185,0.98861,2.5342,-0.065748,0.65408,0.23637
-0.68873,-2.189,0.25134,-0.38025,-7.1533,0.010691,-0.31228,0.029548
-0.69062,2.0733,-0.90191,1.0241,2.2795,-0.052008,-0.59906,0.071263
-0.51685,0.5477,2.5777,-0.73833,2.8515,-0.10146,-2.357,0.25102
-0.62305,2.4094,0.47094,-0.60184,-4.2581,-0.002215,-2.1489,0.12663
-0.68277,1.3701,3.1645,-0.097697,0.18733,-0.026865,0.044209,0.0013645
-0.67835,1.4772,0.7165,-0.34352,6.4857,0.029616,-1.6962,-0.037576
-0.80711,1.4964,2.3283,-0.66876,-10.091,0.053566,1.2958,-0.13597
4.4016,-1.0683,1.2271,0.4882,-0.18492,-0.049871,1.2603,-0.12424
4.3775,1.1494,0.85752,-0.7596,4.2815,0.087328,1.253,-0.16489
-0.73395,1.1343,-0.23839,1.7391,-2.5933,-0.026146,0.78208,-0.11777
-0.36065,-5.8388,-3.1148,-0.028419,0.19403,-0.13724,0.29489,-0.044074
-0.65464,-0.2049,-1.6554,0.14527,-4.0635,-0.021679,-0.65201,0.00041533
-0.7217,1.2856,-2.6773,0.18978,4.6543,0.076014,2.0836,0.22559
-0.71985,1.5514,-0.90818,0.20062,-1.181,0.034718,3.6069,0.24375
-0.7924,-7.1379,-1.3427,0.93376,-0.93858,-0.024278,-2.4745,0.17511
-0.82678,4.7149,0.049313,-0.30111,3.7551,-0.05317,0.65179,0.20846
-0.7134,-1.3341,0.48186,0.68312,-4.6862,0.026163,0.75533,0.05408
-0.68839,1.4349,1.8524,-0.29564,0.74818,-0.035592,-0.85394,0.0026544
-0.60783,1.8113,2.8412,-0.45502,3.8395,-0.03676,-1.4524,-0.067877
-0.6034,0.75203,2.1202,-0.65581,-1.8443,-0.021281,0.82778,-0.13369
-0.63012,-0.24409,2.2276,0.90462,-4.3646,-0.077986,-0.18512,-0.14113
-0.6745,-1.1784,0.82246,-0.57178,6.2981,-0.039109,-4.8451,-0.16834
-0.65318,1.942,1.4413,-1.1592,-8.273,0.059592,-0.38227,-0.098591
4.4057,0.26325,-0.26764,-0.66401,-2.8585,-0.00095079,-0.11402,-0.048431
4.3849,-1.2643,-0.85869,-0.56176,5.8094,0.27953,0.74654,0.093556
-0.72884,-1.0347,-1.4071,1.2268,-1.8562,0.071792,0.33834,0.15168
-0.71557,-2.0742,-1.2465,-0.17216,0.1161,-0.08321,-0.33715,0.051281
-0.55377,-2.7269,-3.2686,-0.15936,-3.7523,0.047065,-0.56292,0.23109
-0.68493,3.0308,-0.60284,0.15597,4.4113,0.12504,2.6727,0.21435
-0.71835,3.4618,0.077226,0.34154,0.012169,0.058206,4.4826,0.11675
-0.70827,-7.8107,0.45643,1.9471,-3.9143,0.0029831,0.64941,-0.028425
-0.95207,4.6973,0.65046,-0.98485,4.0513,-0.046566,-0.24284,-0.10003
-0.69961,-0.93577,2.3026,-1.3036,-3.4696,-0.011225,0.23884,-0.16725
-0.68575,0.50107,-0.10269,-0.21103,0.89177,-0.050038,1.0681,-0.19054
-0.68298,0.24455,-0.56829,0.29504,4.5542,0.011518,1.0661,-0.12845
-0.3207,-0.042362,-0.23963,-0.61521,-0.94864,-0.016199,0.46303,-0.12534
-0.5805,-1.0615,1.2564,-0.030057,-6.3653,-0.026845,-3.5182,-0.040156
-0.67697,-0.27616,0.49119,-0.07715,4.8644,-0.10292,-1.0794,0.049627
4.4618,2.6802,-0.851,-0.41683,-6.0531,0.019226,-1.2411,0.1435
4.4143,-0.72934,-1.2355,-0.17347,-2.7651,-0.019651,0.92503,0.28434
-0.83013,-0.10033,-0.55196,-0.60166,5.9611,0.24273,-2.1483,0.17937
-0.70513,2.8766,-2.5286,0.21825,-1.7128,0.035783,0.73888,0.15206
-0.71956,-0.21734,-1.1179,0.05732,1.1033,-0.097893,-0.34265,0.021249
-0.73155,-2.6878,-1.4382,-0.10559,-5.3682,-0.027333,1.7479,-0.024847
-0.59989,1.5458,0.49787,0.028224,4.6533,0.12965,1.699,-0.17112
-0.67473,3.32,0.50089,0.9834,0.69023,0.0034901,1.4433,-0.20081
-0.70126,-7.7272,2.548,0.76321,-3.7063,-0.037986,-2.9859,-0.17577
-0.69821,3.6186,-0.74007,-0.45853,4.5878,0.070912,2.4872,-0.081287
-0.81378,-1.1863,-0.67422,0.070121,-1.7801,-0.0084913,2.8958,-0.071576
-0.75934,-1.5848,0.24188,-0.60432,-0.83431,-0.07755,-2.6753,-0.037503
-0.68117,0.6548,-1.432,-0.70219,3.5698,-0.062206,-0.79712,0.094019
-0.67538,2.1936,-0.78499,-0.66098,4.2804,0.065952,-0.29668,-0.022949
-0.44235,-0.081613,0.15267,-0.48039,-8.0087,-0.026929,-3.9923,0.057974
-0.65416,-0.62518,-0.93189,-1.0952,5.5841,0.12891,-0.86982,0.23282
4.4123,5.2139,-0.33446,-1.4814,-3.4444,0.016993,-0.84096,0.053472
4.3731,4.2383,0.71807,1.5615,-2.2448,-0.028976,0.26648,0.038967
-0.96277,-2.8022,1.857,-0.9505,5.0217,0.093271,0.046238,-0.026989
-0.75394,2.5575,-1.6821,0.34263,-1.1245,-0.0052762,2.4428,-0.087736
-0.72393,0.89671,-0.30819,-0.15328,-0.073011,-0.094499,1.3751,-0.1303
-0.71402,-3.9105,-1.9569,0.39001,-4.671,-0.022481,0.92751,-0.15678
-0.46151,-1.7187,-0.71513,-0.38603,4.4101,0.11725,1.4716,-0.12726
-0.62548,1.6097,0.26736,1.0073,1.2779,-0.071774,1.5218,-0.11775
-0.70521,-7.6055,-0.56337,1.2687,-3.9721,0.029019,-1.8667,0.02782
-0.70174,2.1349,1.937,-0.51476,2.7154,-0.030176,0.87474,0.0072056
-0.84329,-0.3885,-0.64479,0.46016,0.43503,-0.068071,0.78101,0.18521
-0.78547,-1.0806,2.9108,0.10367,-4.3254,-0.061352,-4.9909,0.16645
-0.63219,2.0569,0.59656,-1.429,3.6661,-0.061288,-0.82949,0.17582
-0.67368,0.85618,0.55633,-0.98292,5.5925,0.26688,0.81406,0.029037
-0.67121,0.15797,1.025,-0.36257,-9.1477,-0.054909,-2.4648,0.013241
-0.55942,-3.2828,0.38816,-0.20613,4.5093,-0.023444,-0.25498,-0.031857
4.384,4.8643,0.48412,-1.2772,-3.2505,0.065708,0.43874,-0.083769
4.3523,1.9449,-0.54105,2.1642,-3.2795,-0.02012,-0.85846,-0.17068
-0.73351,-4.2497,2.6422,0.43126,2.843,-0.18715,2.2826,-0.10504
-0.84877,1.2774,-2.116,0.68364,-1.1527,-0.0089919,-0.37508,-0.13529
-0.76,-0.61168,-1.8161,-0.12811,0.36096,-0.045341,-0.75206,0.033539
-0.70812,-3.1058,-0.79374,0.48593,-6.0281,0.065862,0.38215,0.13498
-0.71268,-3.1483,-0.92509,-1.2082,1.769,-0.020158,1.0091,0.11259
-0.53126,3.3708,-0.99534,0.55405,1.7398,-0.15452,0.63946,0.1506
-0.63379,-3.6555,-2.7951,1.2823,-4.2569,-0.018092,0.18746,0.22785
-0.70308,2.6221,1.5208,-0.76548,-0.27447,-0.01797,-0.60421,0.21671
-0.69497,0.45019,-0.16356,-0.83724,2.095,0.014175,-0.36754,0.11144
-0.86846,0.08516,2.6089,0.65008,-3.8611,0.0061983,-1.2317,0.040889
-0.78343,1.7194,3.1842,-0.52352,2.3146,-0.0070538,-0.40566,-0.057704
-0.67201,0.12839,0.32908,-1.1546,6.3684,0.22081,-0.6448,-0.13717
-0.67397,0.49349,2.0,-1.1576,-9.1045,-0.014177,-0.824,-0.1342
4.4818,-4.4589,-1.1775,-0.42952,3.919,-0.051405,-0.11222,-0.12787
4.3962,2.3633,-1.4706,-1.4761,-0.77962,0.077157,2.1029,-0.13023
4.36,0.55801,-2.4272,2.3016,-3.5111,-0.022597,0.29615,-0.037868
-0.72968,-5.1742,1.3399,-0.69742,3.2034,-0.088736,-0.73231,0.033223
-0.93583,2.596,-1.5701,1.0429,-1.9258,0.01105,0.77624,0.0017296
-0.95462,0.59306,-0.85838,0.69781,0.81329,-0.07121,-1.2956,0.45183
-0.76458,0.16579,-1.555,1.336,-5.7473,0.046314,0.77775,0.39479
-0.70426,-3.9251,0.7999,-0.1212,-1.0795,-0.023861,1.1589,0.21624
-0.69163,4.2821,0.82956,0.44566,1.4555,-0.1177,-0.07089,0.036265
-0.54041,-0.25746,-0.27749,0.08657,-4.5093,0.029898,-0.085275,-0.010439
-0.68893,2.4931,-0.32094,-0.2054,-1.2889,-0.018753,-1.4552,-0.11925
-0.68369,0.44139,1.9759,-0.195,1.9248,-0.10645,-2.0218,-0.19222
-0.68413,0.24114,0.91899,0.43623,-4.3887,0.036264,-2.0409,-0.12276
-0.9039,1.08,1.9775,0.28811,-0.46387,-0.034585,-1.9829,-0.13395
-0.67309,0.10551,-0.40533,-0.28605,6.7767,-0.007471,-3.745,-0.10855
-0.66052,-1.6825,1.3048,0.32383,-9.6808,0.0082455,-1.4134,0.043469
4.4302,-6.1686,-2.4545,-2.2005,1.3235,-0.00844,0.18173,-0.055489
4.4125,0.24717,-5.1483,-1.0755,3.3484,0.053835,2.6695,0.14189
-0.67973,2.3323,-3.2202,0.41298,-3.3765,0.01852,0.70149,0.16285
-0.7276,-4.2113,-0.2288,-1.6784,1.2875,-0.02415,2.9307,0.19724
-0.72314,2.8774,2.0368,-0.28971,-1.5916,-0.020113,-0.60025,0.088251
-0.86547,3.0982,-0.34999,1.147,1.9689,-0.072005,3.3228,0.08258
-0.74574,3.7889,-0.3956,1.2199,-3.4987,0.081046,1.8993,-0.0091981
-0.65449,-4.5843,2.1852,0.49887,-1.5802,-0.046412,-1.6555,-0.10061
-0.6932,2.2378,1.617,0.78968,1.0174,-0.14316,0.63248,-0.1544
-0.62166,-2.6018,1.8232,-0.02691,-4.7961,0.047071,-1.9259,-0.13098
-0.59665,0.90345,-2.3067,-0.30552,0.54374,-0.063021,-0.89985,-0.15235
-0.72256,-1.3423,1.123,-0.24058,1.4404,-0.15283,-2.0716,-0.11117
-0.68071,-0.62551,-0.16729,-0.47731,-3.268,0.053746,-2.4177,0.020835
-0.87514,-0.11136,1.7647,1.2827,-0.33772,-0.027917,0.20745,-0.043685
-0.86003,-0.20686,-1.8704,-0.33733,6.465,-0.087914,-2.0076,0.11877
-0.68335,1.6021,0.8068,-0.38909,-9.4735,-0.0078111,-0.3745,0.19724
4.4251,-3.6944,-1.7676,-1.4815,0.62408,0.026651,0.61271,0.13466
4.383,-0.2332,-1.9892,-1.215,5.4152,0.18427,1.5334,0.036435
-0.56465,4.9158,-1.703,-0.557,-3.1914,0.029288,-0.069086,0.073234
-0.72094,-2.6459,0.10307,-0.93376,1.2783,-0.054126,-0.018501,-0.038477
-0.711,-0.29338,-0.83055,0.68172,-1.7754,0.035802,0.86797,-0.13658
-0.70814,2.5985,-0.3239,0.77854,4.1802,0.051596,2.8075,-0.14746
-0.86919,3.0624,-0.10626,0.48546,-0.40925,0.068377,4.6601,-0.19081
-0.74483,-7.8521,0.47275,0.74667,-1.0907,0.057076,-3.3836,-0.16808
-0.68766,0.79438,0.70796,-0.2054,3.455,-0.087208,-1.2904,-0.049891
-0.6842,-2.9365,-0.56506,-1.1927,-4.2791,-0.0091138,0.41501,0.0064755
-0.49879,1.1444,-1.6848,0.17311,1.3005,0.0036313,0.28046,0.15664
-0.62399,-0.040634,-0.70883,-0.43479,2.2359,-0.17519,-3.1644,0.20605
-0.69034,0.68512,1.9646,-1.1183,-2.2423,0.06212,-1.3788,0.14235
-0.67392,0.54036,0.26242,-0.57109,-2.1744,-0.017906,-1.4455,0.15696
-0.9737,1.1109,-1.8165,-0.36622,6.8415,-0.061789,-2.9928,0.06182
-1.0275,4.8041,1.8401,-0.32003,-9.3836,0.029141,-0.8143,0.014969
4.3906,-0.34908,1.7765,-1.6415,-1.6973,0.035501,-0.0053938,-0.05213
4.4212,-1.8163,0.067416,0.44343,5.3991,0.19005,2.3197,-0.11003
-0.67386,3.4178,0.13666,-0.3502,-2.0335,0.024873,0.4568,-0.13512
-0.52245,-3.5798,-2.6306,0.82843,-0.18833,-0.053497,0.95587,-0.14491
-0.74707,-5.5448,-1.3591,0.034467,-3.8642,0.056332,0.23243,-0.0505
-0.70519,-1.4345,-1.6729,-0.32994,4.2305,-0.02492,2.1071,0.14586
-0.70513,3.7496,-0.85411,0.11235,0.056509,0.039056,3.8267,0.035243
-0.81605,-7.4706,-0.17019,1.244,-0.42793,-0.018573,-0.11829,0.10066
-0.61702,3.3989,1.0317,-0.74272,3.9678,-0.025504,1.098,0.036216
-0.67464,-1.5947,0.62538,-0.27724,-1.9838,0.026298,-0.89392,0.31162
-0.67109,2.7143,4.0268,-0.3489,-0.079832,0.011069,-1.1432,0.10694
-0.58016,1.4936,0.74617,0.028115,3.2331,-0.1588,-0.30087,0.11018
-0.61802,1.8164,2.0762,-1.3557,1.1968,0.0098499,1.1379,0.0047718
-0.66858,1.0503,2.4258,0.26554,-5.3908,0.036245,-0.28017,-0.049672
-0.66546,-2.4529,1.347,-0.86957,6.5471,0.0085599,-3.4177,-0.10864
4.406,4.2363,1.8234,0.015077,-7.9109,0.020772,-1.9675,-0.12597
4.3821,2.3977,1.3399,0.76755,-2.1271,-0.0048141,-0.14226,-0.16202
-0.71451,-5.1119,-1.4474,-0.33896,5.2225,0.11354,-1.3958,-0.11025
-0.71654,1.3721,-1.8537,0.39809,-2.5353,-0.0023819,2.3157,-0.0096606
-0.49477,-0.088947,-0.1234,-0.57372,-0.47572,-0.05994,2.5416,0.009177
-0.52896,-4.145,-0.66203,0.29972,-5.3328,0.029295,0.54461,0.21169
-0.75418,-2.1826,0.27742,-0.32227,4.1725,-0.011026,0.2033,0.27242
-0.70588,2.3177,1.051,-0.20845,0.18229,-0.039899,1.6255,0.20668
-0.94307,-3.1735,-2.0701,0.88051,-0.73484,0.015985,-2.3969,0.19962
-0.80107,4.1595,1.6792,-0.21328,1.5376,-0.17251,-0.052601,0.048045
-0.75962,-1.115,0.90352,0.15336,-1.1356,0.02307,2.7858,-0.0046469
-0.67865,0.91653,3.3275,-0.2122,-1.3974,0.031624,-3.5806,-0.076979
-0.67069,1.9731,2.5023,-0.35929,3.4573,-0.11227,0.068034,-0.092799
-0.4708,0.51179,0.76924,-0.40053,1.6037,0.037432,0.79626,-0.12592
-0.73277,-0.94485,0.92432,0.12935,-7.6611,0.020054,-2.7549,-0.18501
-0.66591,-4.7791,-0.61079,0.30099,5.2701,-0.14597,-2.0854,-0.097983
4.4126,4.4077,-0.013058,-0.735,-5.7472,0.074346,-1.9542,-0.062498
4.3959,0.23394,-1.5619,1.187,-1.1387,0.037978,-1.0947,0.077153
-0.75516,-5.1067,-0.73038,-1.8599,5.0453,0.074282,0.16348,0.15503
-0.71164,1.4566,-1.8413,0.87119,-4.3023,-0.014428,-0.55546,0.17718
-0.70096,2.1769,-1.6326,0.30911,2.3816,-0.015493,1.8242,0.13021
-0.53034,-1.9234,-0.94515,0.71197,-6.4383,0.038928,0.92377,0.1911
-0.63892,0.16479,0.79273,-0.3142,2.4121,-0.0067843,1.1168,0.10633
-0.70431,4.0157,0.80949,0.17306,-0.52668,-0.060999,-0.62494,-0.017619
-0.6973,-4.6094,0.30971,1.2232,-3.9128,0.0074176,-2.0643,-0.10869
-0.87023,2.9909,0.30929,-0.36939,0.79364,-0.083679,0.48114,-0.16834
-0.71438,-1.0553,0.82309,0.61285,0.082507,-0.029425,3.0587,-0.18738
-0.67138,-0.37209,1.9336,0.23739,-5.0198,-0.056854,-3.1293,-0.1416
-0.66416,-0.73808,-0.1752,-0.85288,2.4096,-0.049563,-0.37617,-0.11441
-0.49109,-0.75813,0.83551,0.33735,4.9303,0.09571,-0.82893,0.0064755
-0.51652,-0.46208,1.5533,-1.0688,-9.6454,0.024796,-3.3976,-0.026989
4.4056,-6.7359,-2.8673,-0.80773,3.8477,-0.24441,-2.8505,0.13004
4.4237,2.9651,-1.7888,-1.0001,-2.6188,-0.0081769,0.89052,0.25302
4.3878,4.1826,-1.5164,1.455,-2.6026,-0.0064057,2.027,0.12597
-0.86174,-4.0476,1.2718,-0.37998,3.9975,-0.11799,0.90865,0.1177
-0.67093,1.9481,-0.0080533,0.81878,-5.6861,0.029763,-2.5488,0.022441
-0.70469,3.6396,0.38024,0.015102,2.8069,-0.063502,1.6761,-0.065686
-0.70657,0.52051,-0.16234,1.1513,-5.0573,0.0074048,0.40852,-0.089878
-0.58047,-2.5906,1.9786,-0.39272,1.1919,-0.030375,-0.54171,-0.20346
-0.7214,0.92584,0.33686,0.92618,-1.1806,-0.0090689,-0.92996,-0.16112
-0.69219,-3.8612,0.13398,0.54968,-4.2885,0.035231,-2.2522,-0.11305
-0.69686,2.6492,-0.12373,0.41243,1.8013,-0.022058,-0.28634,-0.047749
-0.76681,-1.3138,-0.94906,-0.03578,-0.19034,-0.025511,1.6205,0.025654
-0.75157,-1.5451,1.3385,0.83283,-6.4277,0.012154,0.046855,0.095163
-0.66491,0.7672,0.21108,-0.60606,2.1449,-0.064535,-0.18778,0.011854
-0.66219,0.62464,-0.57822,-0.37103,6.1528,0.17378,-0.53233,0.027771
-0.309,0.75266,0.99397,-0.78362,-9.7311,0.060522,-2.9529,0.21296
4.4283,-8.5225,-1.6688,-0.83996,2.0475,-0.21498,-0.39151,0.054105
4.388,5.0415,-3.1062,-1.536,-0.3226,0.0042281,1.2977,0.076033
-0.73397,2.8109,-1.54,1.8097,-1.5099,0.0086819,1.8727,-0.030445
-0.867,-1.695,1.1215,-1.5045,1.6571,-0.15482,0.064129,-0.10791
-0.84687,-0.71451,1.2856,1.3396,-5.3833,0.011794,-2.0995,-0.12882
-0.7153,2.2545,-0.077028,-0.17003,3.1217,-0.061365,0.18318,-0.16659
-0.70019,0.2915,-0.62588,1.6292,-4.8258,0.056409,0.69824,-0.094308
-0.54225,-5.3465,1.226,0.5111,1.9067,-0.03685,0.18987,-0.062352
-0.49901,0.95124,0.60017,1.0329,0.35122,-0.10762,-0.6944,0.0099314
-0.69762,-3.3146,1.6215,0.086178,-5.6856,-0.015827,-1.3931,0.0002693
-0.69434,1.3752,-1.5871,-0.34716,3.1556,0.02273,-0.29063,0.21705
-0.85675,-0.065,1.8201,-0.087247,2.6278,-0.095275,-2.0632,0.11293
-0.81133,1.375,-1.6458,-0.58753,-5.365,-0.021423,-2.2504,0.16791
-0.65256,2.1,1.4225,-0.81951,0.47271,0.0081621,-0.875,0.070995
-0.65972,1.396,-0.089452,-0.10677,7.7334,0.25268,-2.6246,0.0082765
-0.64908,3.1517,2.8494,-0.25044,-8.9939,0.001828,-0.99152,-0.053444
4.4,-5.5864,1.3001,-1.3254,2.2053,-0.10629,-1.1863,-0.10078
4.3673,1.5683,-1.2327,-1.3528,3.7951,0.068692,0.71204,-0.16907
-0.72701,2.0587,-1.445,0.91298,-0.71026,-0.0099545,0.88904,-0.19173
-0.72694,-4.0617,-2.8261,-1.2836,2.2806,-0.06331,-1.0024,-0.11514
-0.80351,-2.5751,2.818,-1.4491,-2.4288,0.060567,-2.9612,-0.045364
-0.73231,0.27108,-0.024788,0.53597,3.2729,-0.045045,-0.5113,0.15034
-0.68738,0.41173,-0.19914,0.75327,-0.69704,0.014798,1.1739,0.25051
-0.69075,-2.8079,-1.1414,-0.092488,1.8942,-0.032191,-0.46047,0.114
-0.37786,3.5401,0.59896,-0.19482,1.7307,-0.12233,-1.2742,0.2326
-0.59716,-2.0386,2.3057,-0.64235,-3.7795,0.051679,-1.755,0.1886
-0.69567,2.1377,-1.4485,-0.36501,2.6107,0.043317,-0.2447,0.10942
-0.68937,1.3152,1.2529,0.54179,3.3829,-0.093793,-2.7754,0.0026544
-0.79674,1.2466,-0.28037,-2.0089,-3.2722,0.054759,-4.22,-0.072452
-0.73567,0.37147,2.3111,0.88413,-1.2078,0.029603,-1.2015,-0.15187
-0.67116,-0.77448,-0.64203,0.45738,7.9727,0.15026,-1.2657,-0.15968
-0.94863,1.9717,0.96751,0.43406,-8.7421,0.014137,0.28494,-0.13288
4.4106,-5.0913,0.97996,-0.906,-0.095605,-0.091521,0.54576,-0.10039
4.3865,-0.8565,-0.95462,-0.39838,5.42,0.20143,1.6658,-0.047311
-0.68661,2.8705,-1.2888,0.60086,-2.0449,0.013495,0.84619,0.059508
-0.72098,-3.2692,-3.3452,0.6058,1.874,-0.091271,-0.2425,0.03276
-0.72531,-4.2939,0.1735,0.27955,-3.9569,0.068121,0.40502,0.14245
-0.77101,2.429,-0.87358,0.98364,4.4205,0.024308,1.9605,0.34891
-0.75901,3.2316,0.52438,0.6434,0.98079,0.076765,4.4272,0.22228
-0.69004,-3.9531,-0.29652,-0.29616,-0.30127,-0.0020482,-4.4945,0.036606
-0.68119,4.2526,-1.5562,-0.88132,3.8207,-0.079495,-0.3677,-0.040935
-0.59696,-0.024971,-0.057422,0.39135,-3.5803,0.035764,-0.63158,-0.12103
-0.60145,1.4338,-0.93583,0.24069,0.17395,-0.013022,-2.256,-0.17268
-0.67514,0.77439,0.1374,0.1465,3.883,-0.13321,-4.6393,-0.17684
-0.67758,0.47803,0.72071,-1.458,-0.19572,0.062743,-1.45,-0.13882
-0.86333,-0.83265,-0.21231,1.8575,-2.248,0.058058,-3.0812,-0.13033
-0.68808,-1.845,-1.0441,-0.53066,7.0154,-0.10887,-2.4176,0.026773
4.4449,3.6993,-0.0047128,0.33288,-8.7368,0.063744,-0.10921,-0.030494
4.4244,-1.6727,-0.13542,-1.3818,-0.66305,0.027459,0.17593,0.1903
-0.47844,-3.6014,-1.5222,-0.3588,5.7444,0.21648,1.3748,0.17394
-0.621,2.5043,-0.60168,-0.46864,-1.6184,0.0025981,-0.51609,0.18509
-0.67315,-0.16644,-1.3804,1.1429,0.98693,-0.069259,0.99456,0.071433
-0.71224,-3.3692,0.4219,0.010092,-3.8747,0.0271,0.31586,0.084308
-0.7889,2.302,0.41693,0.87987,3.941,-0.035746,2.0472,-0.025066
-0.73758,2.4844,1.5001,1.0689,0.87356,0.016575,3.6778,-0.1158
-0.65324,-3.8349,-1.7957,0.56678,-0.71553,-0.052888,-5.3232,-0.18285
-0.67972,2.122,0.44199,-0.32482,2.0232,-0.050622,0.17359,-0.12424
-0.68108,-1.0983,-0.29689,0.58938,-0.53143,-0.024683,1.2971,-0.088223
-0.50427,0.41889,1.9676,-0.42368,-1.23,-0.028533,3.4709,-0.091825
-0.59783,-1.08,1.2137,0.51098,4.3759,-0.1056,-0.46277,0.017501
-0.67278,0.091896,0.36268,-1.2933,3.3249,0.052,3.3072,-0.0017264
-0.66699,0.90111,0.4127,-0.18992,-6.0796,-0.0060848,-1.9888,0.0067675
-0.83956,-1.0677,-1.2306,-0.71232,6.3652,-0.1354,-2.3261,0.25015
4.4304,4.8227,0.51978,-0.47267,-8.2917,-0.0086903,-0.070563,0.073405
4.3939,1.6896,2.3991,1.6914,-1.389,-0.015948,0.42289,0.1408
-0.71785,-3.6666,0.072279,-1.1401,4.606,0.072247,1.1821,0.019302
-0.4604,3.3204,0.62448,1.1291,-1.6581,0.036463,-1.9469,-0.025578
-0.66146,1.3729,-1.4707,-0.396,0.34157,-0.035182,1.2978,-0.1266
-0.70021,-1.0573,0.72405,0.74101,-6.8989,0.01714,0.87781,-0.19331
-0.69905,-1.0142,-0.54632,0.49656,3.1129,0.01268,0.9403,-0.16654
-0.76454,1.8493,-0.41428,0.79568,1.0712,-0.012566,2.4535,-0.14673
-0.8013,-4.2807,-1.2208,0.62103,-2.2694,-0.0022022,-4.8823,-0.034412
-0.67537,1.138,1.7274,-0.69394,-0.48755,-0.096533,-0.72106,0.052231
-0.67615,-1.3481,-1.8876,-0.67179,0.47615,0.061254,2.8899,0.13819
-0.41121,0.15605,2.17,0.29576,-2.3555,-0.046034,-4.0908,0.19212
-0.48679,0.48139,1.7681,-0.5963,3.6257,-0.13781,1.0443,0.20571
-0.5909,0.96765,1.9239,-1.517,5.2219,0.16827,1.7992,0.20977
-0.66394,-0.23446,0.14188,-0.8837,-6.5736,0.046795,-1.3659,0.053277
4.4297,-3.3254,-1.753,0.41321,5.2773,-0.049826,-0.67625,0.019399
4.3897,5.5174,0.59799,-0.6641,-5.528,-0.0075416,-1.2539,-0.074326
4.3613,2.8978,-1.0626,1.5932,-0.72431,0.0093365,0.41056,-0.12631
-0.71851,-4.8599,2.387,0.031063,2.4172,-0.0098519,1.9196,-0.14172
-0.70696,2.001,-2.794,0.87154,-2.9476,0.02864,0.45324,-0.069897
-0.56493,-0.10149,-0.52584,-0.27309,1.0401,-0.088633,0.47202,-0.061208
-0.65618,-2.0075,0.54929,0.83874,-8.5926,0.016697,3.0733,0.046657
-0.70268,-1.8221,-0.65333,0.23847,2.255,0.011332,2.4441,0.1711
-0.69478,3.4964,-0.043694,1.0936,2.6771,-0.073597,2.2309,0.092413
-0.72001,-4.2271,-0.019591,0.5176,-4.4284,0.037663,-1.0966,0.13912
-0.67917,3.0905,2.0258,-0.92305,0.36021,-0.12564,0.15536,0.25974
-0.6744,-0.1699,2.4192,-0.64354,2.709,-0.058914,1.0151,0.21279
-0.66563,1.8941,0.77296,0.05766,-4.0365,0.060798,-1.9681,0.052669
-0.56165,1.125,1.9937,0.24662,1.0919,-0.13022,-0.31274,-0.01224
-0.65502,1.3898,0.9078,-0.66277,6.6389,0.22663,0.32533,-0.065029
-0.65768,-0.58636,2.8048,-0.71765,-8.5541,0.042618,-2.8412,-0.15554
4.4119,-5.4447,0.3385,-1.3321,3.5118,-0.16292,-1.563,-0.12286
4.3877,2.9267,-1.7673,-0.46098,-0.71226,0.06701,1.9013,-0.23298
-0.83346,1.3275,-3.2029,2.2515,-1.512,0.012282,1.9851,-0.12086
-0.67749,-5.7156,0.45796,-1.4517,3.1949,-0.11059,1.8369,-0.014382
-0.70639,1.8044,-0.3234,0.097765,-3.1206,0.046596,0.078553,0.027041
-0.58789,1.9689,0.67842,0.99206,1.397,-0.045649,0.33939,0.081436
-0.5417,-0.80223,-1.8281,0.65358,-4.6481,0.084556,0.84062,0.20595
-0.65931,-2.3588,1.6344,-0.20839,-0.22116,-0.015525,0.83305,0.19602
-0.69686,3.8234,0.38899,0.57619,2.2642,-0.084154,0.59585,0.16608
-0.71169,-2.2617,1.6731,0.52847,-4.6175,-0.014293,-0.79297,-0.0027729
-0.86972,2.5497,-0.79901,0.074906,0.76594,-0.043396,-0.10391,-0.012897
-0.71722,0.81003,2.9791,-0.27498,3.0657,-0.047292,-1.6585,-0.11329
-0.67102,0.60006,-1.1795,-0.21737,-5.4262,0.073563,-2.2818,-0.14792
-0.67036,1.6531,2.7557,0.12581,-0.73397,-0.02578,-2.7369,-0.069118
-0.446,0.5795,0.34277,-0.37569,7.8017,0.23575,-3.0286,-0.1553
-0.652,-1.0603,1.2287,-0.48929,-9.5118,0.033684,-1.1825,-0.098445
4.4194,-5.2127,-1.2078,-2.2862,2.3464,-0.061301,-0.88945,-0.074667
4.3976,1.2566,-3.7891,-1.293,2.9972,0.03061,2.7989,0.052961
-0.97913,3.331,-2.704,1.352,-1.34,-0.007041,0.92201,0.16122
-0.78585,-3.1789,-0.75026,-1.1938,2.8054,-0.095686,1.0176,0.17828
-0.71008,1.3758,-0.016038,-0.26276,-1.9354,0.062544,-2.5517,0.16774
-0.7088,2.2241,0.26982,1.7095,4.0501,0.028294,2.2772,0.11782
-0.46681,0.34296,-0.2641,0.41391,-2.9884,0.07362,0.63778,0.059873
-0.71425,-2.0768,1.7783,-0.095558,-0.47889,0.066195,4.7565,-0.029739
-0.68781,3.1807,-0.70399,0.82956,1.5704,-0.10162,-1.0207,-0.13043
-0.68942,-2.8154,2.5503,-0.49387,-5.9752,0.0070005,-2.3949,-0.17304
-0.83127,1.035,-3.4271,0.27857,1.7474,-0.054017,0.92864,-0.19283
-0.76289,-0.30769,2.3842,-0.23205,2.1382,-0.093446,-2.3079,-0.1278
-0.61802,-0.52629,0.35584,-1.3284,-4.7769,0.047893,-3.4796,-0.054223
-0.66443,-1.2976,1.9259,1.1155,-0.25386,-0.02827,-1.9225,0.051233
-0.65815,0.32796,-0.97862,-0.3761,6.65,0.050235,-1.1629,0.0070839
4.4623,1.1133,2.0814,-0.60552,-10.327,-0.023726,-1.7717,0.1637
4.4243,-5.0516,-0.99547,-0.25049,-0.28979,-0.10629,0.5091,0.26292
4.4072,0.15689,-1.0124,-0.76921,3.8831,0.069629,0.73526,0.21369
-0.71697,3.4795,-1.1244,0.51205,-2.6217,-0.031498,-2.0925,0.011586
-0.84676,-0.57262,-1.0359,-0.26885,0.6677,-0.14798,0.10122,0.0072299
-0.68027,0.24423,-0.49841,0.33228,-3.2645,0.062403,0.71258,-0.048309
-0.7019,2.5884,-0.17426,0.54911,4.7797,-0.0493,1.583,-0.16715
-0.70139,0.55513,-0.42506,0.61205,-3.6118,0.011846,2.7816,-0.13751
-0.37367,-4.1758,0.96751,0.61411,1.1574,0.070348,-0.48068,-0.15299
-0.6398,2.6449,1.6389,-0.34172,3.4317,-0.094717,-0.50913,-0.14457
-0.68688,-3.1023,-0.87318,0.3774,-6.8357,0.032792,-1.5198,-0.028401
-0.68268,0.78744,-1.9125,0.65067,1.7124,-0.05093,-0.33031,0.024972
-0.99037,0.42633,0.34463,-0.00090997,2.5341,-0.14054,-0.089662,0.11023
-0.74644,-0.29682,0.64708,-0.65802,-5.1784,0.010947,-2.6741,0.0097367
-0.65705,0.7626,1.4338,0.5921,-1.8259,0.031336,-2.454,0.051281
-0.66247,-0.48533,-2.4426,-0.27285,7.5693,0.09768,-0.89346,0.11962
4.4235,4.5709,3.4971,0.27078,-10.345,0.017435,-0.93204,0.0313
4.3833,-2.1744,1.5058,-0.59481,-1.1549,0.0038431,2.0592,0.10838
-0.7627,-1.4655,0.40504,-0.68611,3.0324,0.01619,0.71406,-0.068996
-0.72222,1.2395,0.10789,0.13479,-0.83552,0.025939,0.55495,-0.16087
-0.96758,-2.5057,-2.4976,0.46468,-0.19395,-0.10754,0.16962,-0.1268
-0.79686,-3.3026,-1.5264,-0.21612,-5.3976,0.050967,-0.14756,-0.17438
-0.77353,2.4488,-1.0765,-0.15126,5.0715,-0.01865,1.0614,-0.12651
-0.70168,-0.22389,-0.34583,0.2646,-1.3887,0.044639,1.7477,-0.011364
-0.69275,-5.9425,1.1444,0.93209,0.26795,0.038536,-0.68666,-0.023387
-0.43167,2.7401,-0.37666,-0.61712,2.4893,-0.17005,-0.93339,0.012949
-0.72117,-2.6518,0.5512,0.11808,-4.6996,0.044222,-1.5684,0.2462
-0.6894,2.3146,2.7765,0.20674,0.34361,0.012179,0.038866,0.20332
-0.67953,0.83693,0.21527,0.20622,4.4879,-0.068328,-0.86711,0.048385
-0.8078,0.94742,1.3046,-1.3782,-3.7732,0.029564,-0.36807,0.036387
-0.70281,1.7218,1.179,0.32958,-4.0172,0.048689,-1.4839,-0.00085024
-0.66342,-2.8431,-0.71386,0.55457,7.6059,-0.058599,-1.3115,-0.087128
4.3991,4.8059,2.1197,0.65724,-9.0645,0.080622,0.59566,-0.076322
4.3709,-0.21665,1.0451,-0.52219,-1.2216,0.008791,2.0116,-0.18592
-0.70378,-3.2122,-3.0543,-1.4814,2.7052,0.05501,1.5495,-0.1682
-0.71924,0.35139,0.14549,-0.21622,-0.31978,0.026125,-0.42557,-0.11005
-0.71585,-2.976,-1.398,-0.0086239,0.40319,-0.01564,-0.87542,-0.070554
-1.0036,-5.1143,0.20124,1.0508,-6.7806,0.020631,-0.15129,0.1958
-0.76158,1.0691,-1.9408,0.56071,4.7626,-0.061057,0.87234,0.29349
-0.68807,1.6272,1.0311,0.45391,-0.39623,-0.0087352,4.1874,0.1589
-0.68657,-3.3653,-0.87669,0.81683,-0.3706,-0.0070602,-2.8764,0.21225
-0.4937,3.3712,1.1508,-0.020904,3.2231,-0.2656,-1.4815,0.13819
-0.57003,0.48594,1.8216,-1.1148,-4.2817,0.028583,-2.8384,0.10027
-0.72288,2.3166,0.54517,-0.53867,-1.0774,-0.0031969,-1.2449,-0.0088087
-0.67769,1.0412,-0.23272,0.6641,4.1597,-0.20204,-3.411,-0.076103
-0.97687,0.65745,0.548,-1.5823,-0.729,0.021523,0.16883,-0.14768
-0.86302,0.60225,0.41737,0.54315,-4.8458,0.0030537,-1.6422,-0.1809
-0.67788,-6.0049,-0.26401,-0.92507,6.6666,-0.2688,-4.0447,-0.14549
4.4125,2.574,-0.597,0.63118,-7.7259,0.030745,-0.34785,-0.050427
4.3886,-0.22277,0.31091,-0.56107,-0.46068,0.025342,1.4584,-0.027963
-0.52665,-2.2114,-0.47517,-0.035966,2.8932,-0.029457,1.2133,0.084697
-0.73421,1.4217,-1.1994,-0.68802,-0.4699,0.065958,1.0095,0.087691
-0.71984,-1.1164,-0.83734,0.68441,1.8929,-0.057502,3.1571,0.22912
-0.71247,-2.7423,0.20436,-0.43008,-7.5582,0.039781,0.3203,0.12809
-0.88806,1.7224,-1.0434,0.03624,4.6715,-0.030747,1.0905,0.29722
-0.749,4.7336,0.50525,0.45165,-0.095926,0.073287,3.8592,0.033223
-0.68976,-2.3598,-0.65778,1.123,-3.865,0.048239,-2.3031,-0.021391
-0.68099,1.9552,2.8376,0.1985,2.8119,-0.18527,-1.8065,-0.091533
-0.2597,0.51721,1.1955,-0.041747,-1.139,0.063154,0.69344,-0.17061
-0.58783,0.18774,3.0793,0.26342,-3.4438,0.039678,-0.37423,-0.16469
-0.68186,1.4942,0.88422,-0.029004,1.7561,-0.22058,-0.98987,-0.15182
-0.67223,0.31445,-0.61254,-1.0454,5.3214,0.090466,2.8335,-0.1451
-0.94396,0.044142,-1.6612,-0.28365,-7.2887,-0.0036076,-1.4203,0.0050152
4.4393,-7.4298,-0.76302,-0.87229,4.8665,-0.47051,-1.5962,-0.026283
4.4249,2.5706,-2.6509,-0.4014,-4.872,0.054143,-1.7056,0.3337
-0.71624,0.049929,-0.98521,1.3304,-1.013,0.034333,-0.73153,0.27762
-0.59826,-3.467,0.89605,-1.4917,2.5011,-0.010391,1.2455,0.23038
-0.62559,2.8305,-0.73866,0.94242,-1.0282,0.044844,-1.7497,0.085355
-0.80053,2.9164,0.26068,0.92809,2.8517,-0.035162,3.2979,0.067637
-0.70965,-1.9448,-0.67427,0.70174,-7.5837,0.018854,0.74801,-0.036091
-0.93901,0.43924,1.4886,0.45545,3.3156,-0.07635,-0.25994,-0.078926
-0.81276,3.7439,-0.65438,0.18301,1.7751,-0.024586,0.23497,-0.17523
-0.69959,-2.5863,0.15613,0.85723,-4.7309,0.037034,-1.6655,-0.14179
-0.68058,0.036796,-0.48404,0.24027,1.1642,-0.052605,0.74277,-0.10324
-0.67273,0.72037,-0.87099,0.50731,0.9223,-0.033738,2.3997,-0.073694
-0.46143,-2.0166,1.2823,0.46203,-6.0998,-0.020389,-1.7181,-0.011145
-0.63368,-0.477,-1.2071,-0.99964,0.85918,-0.14699,-0.26841,-0.019298
-0.67989,1.0112,-0.70859,-0.31405,7.3351,0.28994,-0.063961,0.061211
-0.67638,-0.23333,-0.73535,-0.71075,-7.3548,0.041379,-0.49326,0.18295
4.4175,-5.4618,-1.2322,0.30793,2.436,-0.2532,1.1423,0.080025
4.3836,5.249,-2.2983,-0.72666,-1.1616,0.019078,-1.1699,0.15272
-0.72135,3.4193,0.060536,2.1626,-0.28609,0.0089707,0.064367,0.047412
-0.72114,-1.392,-0.39321,-0.85808,1.8894,-0.063695,0.30688,-0.04753
-0.50974,1.1402,1.4022,1.7894,-2.1156,0.045287,-1.1407,-0.11373
-0.53864,2.5909,-0.091045,0.51884,3.5616,-0.011668,2.0518,-0.18278
-0.71099,-1.4017,-0.49973,1.9085,-5.6445,0.022107,0.96875,-0.1985
-0.70782,-3.9686,0.29242,0.6452,2.4596,-0.027115,0.57162,-0.15084
-0.92919,2.2795,0.73165,0.20421,1.793,-0.10848,0.13758,-0.071065
-0.76376,-2.8131,-0.33807,0.75613,-4.4221,0.014137,-0.23112,0.018693
-0.64816,0.43384,1.77,0.2671,-0.52427,-0.018124,-1.7929,0.1653
-0.67825,0.28616,-0.37208,0.30516,3.442,-0.11708,-3.1215,0.16927
-0.66503,0.76504,-1.9878,-0.47992,-7.0336,-0.0029081,-3.1285,0.15771
-0.34781,0.7225,0.57482,-0.47701,-0.4194,-0.0018749,-0.077531,0.18334
-0.71017,2.5186,-0.92061,0.46882,8.0469,0.12441,-3.674,0.099982
-0.76754,3.1848,1.6175,-0.031175,-9.3863,0.034968,-0.93618,0.013047
4.3868,-2.2541,1.7702,-1.4112,1.3602,-0.083884,-1.6773,-0.05359
4.3762,2.126,-1.0436,-0.36939,4.1088,0.084915,1.2662,-0.14021
-0.79793,3.1273,-0.49701,0.19506,-1.4072,0.028416,0.16799,-0.18713
-0.71786,-3.9564,-2.7464,-0.71393,-0.071097,-0.056738,0.067494,-0.097788
-0.70715,-0.695,2.3582,0.18137,-2.3053,-0.026146,-1.4875,-0.06279
-0.54127,1.4867,-0.45305,0.35044,3.6949,0.017711,1.1599,0.020153
-0.61116,0.22652,-0.79283,0.7511,-1.9961,7.601e-05,2.125,0.19621
-0.7119,-3.9457,-1.1345,0.33323,-0.34842,-0.07196,-1.83,0.113
-0.70509,2.7541,0.16234,-0.15161,2.2452,-0.091457,-0.63489,0.092486
-0.8942,-0.8938,0.84498,-0.12562,-3.584,0.029654,-1.7175,0.20765
-0.74479,0.50341,0.33552,0.062632,0.45145,-0.07266,-1.1754,0.18185
-0.67982,3.4522,3.171,0.31846,2.9775,-0.14533,-2.9405,0.084113
-0.66827,1.0515,1.1113,-1.3086,-2.8903,0.094002,-1.3305,-0.015599
-0.47517,0.011705,1.2432,1.3037,-2.7431,-0.039488,-1.19,-0.051546
-0.53346,1.356,-1.6231,0.97616,7.9393,-0.030548,-5.6837,-0.13072
4.4088,4.2033,1.4342,0.69589,-7.5559,0.079172,-2.7797,-0.12799
4.3868,-3.2384,1.3531,-1.9802,-1.2421,-0.056392,1.5941,-0.2618
-0.88156,-2.5854,-0.89088,0.29106,5.0862,0.05673,-0.045954,-0.1101
-0.82493,0.86956,-3.0226,-0.12907,-2.4177,0.024629,-1.355,0.045465
-0.68079,-3.9581,-4.2615,0.30781,-0.14414,-0.12098,0.34943,-0.0052797
-0.70438,-3.9322,-0.29535,-0.56622,-3.9023,0.078434,-0.62784,0.1297
-0.70345,2.0623,-0.19958,1.0392,4.483,0.045724,1.9944,0.087326
-0.42012,3.2125,1.6198,0.53488,-0.87946,0.070322,2.0826,0.19843
-0.71351,-3.3124,1.0245,-0.75525,-2.2313,-0.013144,-0.985,0.18397
-0.69979,3.6078,-0.61137,0.30541,4.8551,0.012783,1.5214,0.03147
-0.69628,0.39197,0.33401,0.0545,-2.0279,0.072074,-2.4432,-0.037381
-0.81195,0.7397,0.71668,0.091907,-1.2881,-0.11444,-2.7944,-0.099151
-0.6814,1.9911,-1.4146,0.42638,2.5659,-0.13066,-3.1953,-0.16396
-0.66713,-0.047834,0.61453,-1.1128,0.2445,0.078241,0.74851,-0.12539
-0.67459,-1.6089,0.36423,0.52914,-4.7647,0.0029318,-2.7639,-0.097399
-0.3356,-0.81,-1.2494,-0.53463,6.9959,-0.17635,-3.1123,-0.021829
4.4197,3.5886,-0.30453,1.3944,-9.4737,0.046141,0.76553,-0.040594
4.4002,-0.0044658,2.6764,-0.84063,-2.7823,-0.013882,-0.87815,0.12352
-0.73696,-2.0143,-2.7018,0.060371,4.5651,0.046199,-0.31376,0.12023
-0.86059,1.4618,-0.4015,-0.18726,-2.3171,0.020695,-2.1644,0.1828
-0.81808,-1.3262,-2.1788,-0.52523,-1.6849,-0.078468,0.069338,0.17655
-0.71195,-3.9766,-1.7883,1.3335,-6.5202,0.025849,0.49815,0.171
-0.7031,2.0411,-0.89415,0.80119,3.4587,-0.00077752,2.2503,0.042593
-0.28548,3.6807,1.4559,1.2949,-0.46701,0.06212,0.49486,-0.0275
-0.53836,-3.5785,1.8786,-1.0746,-4.5731,-0.0015027,-1.2444,-0.12673
-0.68102,1.6341,0.94078,-0.35292,3.5296,0.024572,0.67142,-0.15554
-0.69331,-0.73192,4.7141,0.42451,-0.086845,0.086077,-0.074467,-0.1884
-0.78832,-0.82841,3.3957,-0.7128,-3.2294,-0.026544,-2.7699,-0.1324
-0.84828,0.95962,0.20761,0.05461,2.6479,-0.087722,-0.96942,-0.059529
-0.69741,-1.4729,0.15311,-1.301,2.9127,0.045294,2.5702,0.049797
-0.66387,-1.0739,-0.23834,-0.26101,-5.8605,0.060805,-1.4393,0.09526
4.4059,-1.4079,-1.1222,-0.57587,6.9583,-0.075407,-1.6241,0.035365
4.4237,4.1859,-0.4249,-0.90284,-8.2823,0.06694,-1.0846,0.25389
4.3832,0.87457,1.5531,1.2405,-2.3456,-0.015615,-0.47826,0.22537
-0.73556,-1.0041,-1.0979,0.16888,3.914,0.0081749,-1.85,0.13651
-0.72526,4.3277,-1.2387,0.705,-2.1037,-0.003505,0.77143,-0.014187
-0.85081,1.537,-0.015858,-0.44285,-1.1519,-0.056205,1.1484,-0.070116
-0.72005,-3.1935,1.0816,-0.32739,-8.4141,0.06024,0.2647,-0.14768
-0.69871,-0.54147,-0.12071,0.51897,2.4359,0.017345,1.5054,-0.20675
-0.69093,2.1862,0.77317,1.0529,0.35546,-0.0027092,2.3841,-0.12432
-0.447,-4.2151,-0.23033,1.8801,-4.9789,-0.021615,0.7117,-0.15513
-0.54423,-0.22371,2.1313,0.2853,0.20476,-0.052984,-1.2563,-0.041227
-0.69297,-0.17017,0.74677,0.23881,1.8595,0.026266,2.5206,0.1022
-0.68991,-2.0908,0.56056,-0.97029,-2.8558,-0.045976,-2.5576,0.16562
-0.94626,2.7967,1.6086,-0.59915,1.688,-0.062077,1.1091,0.027795
-0.75823,0.8497,1.118,-1.4097,5.7581,0.11253,2.3678,0.067783
-0.62914,-0.70714,0.88701,-0.017141,-7.6248,0.066067,-0.87589,0.14462
4.4257,-4.1942,-1.1242,-0.012824,5.8331,-0.16062,-2.0683,0.022709
4.386,5.0123,-0.57452,-0.3827,-7.0984,0.032112,-0.97709,0.062574
-0.62837,3.3069,0.28641,1.6869,-1.9914,0.023981,0.65337,-0.061062
-0.69975,-3.168,1.4319,-1.0713,2.596,0.016684,-0.29124,-0.18416
-0.7176,0.45654,-3.0487,1.0829,-0.13406,0.057288,-1.0407,-0.15162
-0.68632,1.9583,-0.19458,0.19024,1.1213,-0.10801,0.28076,-0.15119
-0.88274,-0.85164,-0.26667,0.62021,-8.5485,0.10826,1.3663,-0.11402
-0.72195,-2.7427,-1.6193,0.2048,1.5764,-0.0095952,1.5497,-0.028182
-0.69019,1.8702,-0.58469,-0.34038,1.0229,-0.019613,-1.0965,0.093532
-0.68856,-1.7861,-0.10765,0.83899,-3.656,-0.011046,-2.1332,-0.045291
-0.56546,1.6789,4.5833,0.18648,-0.5892,-0.049172,-0.16437,0.2492
-0.63045,1.0089,-0.088797,0.75758,2.3219,0.019983,2.2102,0.19991
-0.68375,-0.35665,-0.090371,-0.26273,-3.4923,-0.027949,-3.1449,0.15676
-0.67674,2.4991,0.8032,-0.42266,1.4628,-0.04543,-0.53938,0.020981
-0.79196,1.562,2.2781,-0.43507,6.7466,0.19147,-1.211,-0.010269
-0.73375,0.39161,0.65027,-0.26523,-8.7031,0.042226,-2.0321,-0.10536
4.4032,-7.63,-0.95517,-0.72647,3.8759,-0.22407,-0.71315,-0.10584
4.3778,1.9077,-1.2609,-1.3585,-1.5672,0.075308,1.9807,-0.13765
-0.67968,0.26731,-2.9612,1.4127,-0.77714,0.024925,2.1537,-0.16688
-0.63598,-5.6117,0.85283,-0.79238,2.6299,0.00067284,1.9914,-0.09808
-0.71185,-0.020238,-0.73606,0.2594,-0.96021,0.077741,-0.79616,0.0022407
-0.70951,1.6256,0.062785,0.2111,3.2997,-0.088896,0.26025,0.17317
-0.83649,-1.0491,-0.67667,1.1264,-5.7091,0.031201,1.2017,0.27329
-0.76106,-2.2196,0.023521,0.78932,1.802,0.088843,-0.52074,0.1654
-0.63875,3.9061,0.65113,-0.034784,0.49546,-0.10074,-0.070691,0.26385
-0.67852,-2.0772,2.0449,0.27184,-2.7621,0.0085599,-1.9114,0.12573
-0.68258,3.2333,0.35427,-0.30594,1.0319,-0.0069704,-0.31332,0.034488
-0.62669,1.8953,2.8954,-0.11526,2.779,-0.057373,-1.9126,-0.017254
-0.61837,1.3833,-0.70083,-0.61624,-4.7967,0.073884,-2.7961,-0.099516
-0.66718,1.2236,1.4333,-0.87507,0.84264,0.00012093,-1.0402,-0.15798
-0.66114,0.88516,-0.13185,-0.038054,8.5461,0.26779,-5.1544,-0.092069
-0.73365,2.1492,0.17045,-0.73036,-8.6598,0.067896,-2.3986,-0.14267
4.4193,-6.6908,-1.1681,-1.858,1.6569,-0.1155,-0.46709,-0.072379
4.3995,-1.0323,-1.4304,-0.8829,1.914,0.09397,3.2536,0.04398
-0.71352,1.9328,-1.3653,0.6223,-0.6965,0.022325,1.4058,0.042788
-0.50897,-3.0066,0.0017883,-1.1698,1.3968,-0.03051,1.4707,0.081314
-0.65725,-2.1019,-1.4758,-0.398,-1.8461,-0.0036718,-2.9402,0.26161
-0.70648,2.1875,-0.59004,1.0554,4.8093,-0.037941,0.86952,0.25144
-0.70148,1.2954,0.56777,1.4192,-2.587,0.028371,-0.20855,0.17694
-0.9293,-3.0006,0.98834,-0.62102,1.7923,0.078171,2.3775,0.030521
-0.72483,4.1952,0.18383,0.70676,2.0595,-0.040868,1.2261,-0.03889
-0.67551,-1.526,-0.32664,0.14453,-5.9065,0.048047,-1.5957,-0.12514
-0.67487,1.1821,-1.4049,0.82258,2.2494,0.026991,-1.2603,-0.147
-0.40149,0.43071,2.6625,-0.43288,1.5162,-0.08235,-2.0476,-0.14751
-0.60101,-0.21254,0.39101,-0.93823,-3.5178,0.008053,-2.3762,-0.15756
-0.69465,0.39019,1.2301,-0.19613,-0.96742,-0.0032996,-2.3518,-0.11743
-0.65979,-1.1141,-2.0893,-0.47225,8.4221,0.23703,-1.7921,0.018255
4.4436,2.8072,1.5604,0.052529,-8.4053,0.056011,-0.95013,-0.025091
4.4223,-3.4701,0.59078,-0.31939,0.52358,0.034012,2.2984,0.31566
-0.75931,-0.33676,0.33293,-0.9208,2.5837,0.052263,1.3182,0.35071
-0.71427,2.9508,0.6319,0.3614,0.0031453,0.058032,1.0277,0.25144
-0.70214,-0.63597,-1.66,-0.35761,1.1146,-0.056809,0.19736,0.018085
-0.45633,-3.4551,-0.42283,0.0080821,-2.8696,0.031316,-0.14962,0.059702
-0.63913,2.0051,-0.84809,0.23566,5.2901,0.034243,1.9808,-0.05398
-0.69437,2.7812,-0.27495,0.90294,-1.4735,0.025727,1.9563,-0.12775
-0.68972,-4.2468,1.6598,0.74417,2.5658,0.046564,0.026285,-0.10047
-0.90637,2.2886,0.27428,-0.45273,3.5145,-0.10918,0.34462,-0.15024
-0.69192,-3.0143,1.7168,-0.27136,-4.4797,0.03774,-1.002,-0.1039
-0.67181,0.31107,0.14925,-0.037103,0.52215,0.014162,0.32467,-0.017546
-0.65999,0.41939,-0.95082,-0.013306,4.4841,-0.16479,-1.5015,0.021176
-0.57262,-0.1372,0.97908,-1.0407,-2.0824,0.083465,-0.41224,-0.00019312
-0.62333,-0.54842,0.54533,-0.018213,-3.457,-0.034976,-2.7984,0.10203
-0.66326,-2.5487,-0.709,0.17749,7.7493,-0.061346,-2.3056,0.27972
4.4269,4.6528,1.7311,1.1823,-7.6986,0.099765,0.37998,0.077688
4.3896,1.8297,2.9282,-0.3534,-1.0588,-0.041067,-0.83021,0.12717
-0.75306,-1.1524,-4.7578,-0.91653,4.2507,0.044665,1.9939,0.028136
-0.70339,2.4498,-1.483,0.32878,1.3082,0.053059,-1.1031,-0.06795
-0.69942,-0.74971,-0.63253,0.6304,1.3528,-0.028873,-0.42492,-0.12743
-0.46714,-3.689,0.24252,0.35636,-5.1351,0.031194,-0.20768,-0.16357
-0.64369,1.1765,-0.8279,0.0025263,4.2536,-0.076555,1.4652,-0.16379
-0.68309,0.95961,1.4015,0.94034,-0.80859,0.023468,4.0513,-0.13705
-0.6856,-5.3673,-1.495,2.0373,1.262,0.0028099,-0.91401,-0.0078109
-0.91188,1.7433,2.2002,-0.28162,2.3632,-0.19052,-1.7092,0.054932
-0.87411,-1.2258,-0.23871,0.06048,-2.9501,-0.0020225,-1.1248,0.15951
-0.6566,-0.11053,1.6553,-0.27677,-0.82469,-0.036966,-0.55498,0.21213
-0.66178,1.1238,0.76861,0.57796,3.2121,-0.088646,-3.8734,0.16728
-0.66229,1.191,0.65801,-1.7502,1.0426,0.031008,1.3713,0.029669
-0.4432,0.76287,0.65262,0.91526,-5.3113,0.059444,-1.9676,0.079416
-0.74571,-1.925,-0.17589,0.15348,7.3418,-0.20964,-5.1018,0.0054776
4.3951,3.8309,0.22682,0.58861,-7.1012,0.055594,1.3885,-0.087858
4.3497,0.15709,-0.90797,0.37246,-0.38263,-0.024304,0.56111,-0.097618
-0.82625,-4.2479,-2.4038,-0.47784,3.0412,-0.013503,1.174,-0.16878
-0.79104,1.9499,0.39663,-0.77453,-1.2375,0.079614,1.1259,-0.10526
-0.69872,1.925,0.18081,0.75157,2.5145,-0.044802,2.7105,-0.054199
-0.69645,-2.2725,0.048208,-0.15722,-6.0048,0.076707,0.62451,0.031276
-0.45806,-1.571,-0.059747,0.4005,2.5575,0.019123,2.4037,0.2765
-0.63657,1.2766,0.40258,0.57259,-0.68875,0.07199,4.1285,0.095576
-0.68966,-2.8258,-1.5295,1.0401,-1.0602,0.032439,-0.15289,0.15635
-0.68258,2.5554,1.5754,-0.18995,2.2341,-0.12712,-1.4302,0.15533
-0.97619,0.58268,-2.504,0.45298,-1.2327,0.059014,-0.53885,0.16002
-0.7892,1.7293,1.6683,-0.74108,-4.0788,0.028339,-1.4255,0.08477
-0.66055,3.2663,1.0351,0.19195,2.5965,-0.074675,-0.46872,-0.0091251
-0.65882,1.1056,0.29806,-2.3983,5.0897,0.097737,2.45,-0.068242
-0.53323,1.1548,-0.64025,-0.41466,-7.031,0.053996,-1.487,-0.13914
4.4227,-2.9919,-1.064,-0.3775,6.4648,-0.19143,-2.6999,-0.13911
4.4009,1.6237,-1.9435,-0.28683,-4.0035,0.017461,-0.41091,-0.25443
-0.71788,-1.3374,-2.6286,0.22039,0.2816,-0.028033,-0.8238,-0.10278
-0.72995,-4.6263,1.0851,-1.584,2.9825,-0.015377,0.17327,-0.019128
-0.80905,0.51627,-0.01582,-0.16834,-1.808,-0.004044,1.4962,0.025264
-0.67531,3.2717,-0.02022,0.4702,2.3815,-0.011662,2.8532,0.18881
-0.68933,-0.18417,-1.9153,1.4992,-4.5811,0.071772,1.6788,0.18283
-0.68286,0.052247,0.47195,-0.071363,2.5791,0.01096,0.42963,0.047826
-0.51232,3.7202,0.6481,0.22749,0.65067,-0.05541,-0.2862,0.15854
-0.67498,-1.7787,-1.332,1.8022,-3.0434,0.015099,-1.2535,0.023366
-0.6779,2.4546,2.8193,0.9025,1.1041,-0.085277,0.19762,-0.04994
-0.67132,1.4798,1.7908,-0.16737,0.237,-0.01437,3.7992,-0.093675
-0.84111,-0.45449,2.2149,0.61613,-5.3838,0.013521,-1.8216,-0.16255
-0.66815,1.106,0.078787,-0.51734,2.351,-0.046964,0.54944,-0.12656
-0.65053,-0.62631,0.11409,-0.8166,7.3948,0.25886,0.87483,-0.11801
-0.64887,-0.22945,0.74245,-0.42216,-7.8906,0.078286,-1.6834,-0.032246
4.4363,-10.876,-1.1248,-1.5963,4.4028,-0.26813,0.89328,-0.020515
4.4148,3.1332,-1.8436,-0.33238,-1.1725,0.071406,0.37628,0.14486
-0.72833,0.99297,-2.539,1.3717,-1.1038,0.0063395,0.53916,0.18161
-0.71154,-3.9001,0.16443,-0.023152,2.3044,0.0045362,2.6014,0.16406
-0.95552,-1.735,-1.2182,0.7936,-2.3352,0.072992,-2.6343,0.18069
-0.8433,3.0707,-0.26558,-0.18707,3.0232,-0.0030493,0.69769,0.15452
-0.69002,1.6751,-0.15358,1.3843,-4.0177,0.038947,1.1576,0.031397
-0.68639,-2.0591,0.99668,-0.52583,2.8561,-0.001554,-1.1549,-0.046971
-0.69457,3.6733,0.83062,0.3248,1.5323,-0.069194,-0.31867,-0.11624
-0.50625,-2.7842,1.4016,-0.16103,-2.6919,0.0061534,-1.5534,-0.17774
-0.7019,0.79452,2.7358,0.71111,2.0368,-0.063367,-0.13779,-0.20383
-0.67265,-0.78435,1.9911,-0.39677,1.6396,-0.021172,-0.67731,-0.14281
-0.66999,-0.55583,0.78685,1.3132,-5.17,-0.0046537,-4.1865,-0.046313
-0.71836,-0.42358,-0.87999,-0.55739,2.5392,0.038947,0.48926,0.052888
-0.69925,-0.71581,-0.75799,-0.63158,8.4364,0.41318,-1.8266,0.10984
4.4328,0.81466,0.13638,-1.2457,-7.8108,0.083927,-1.2357,0.16681
4.4277,-6.9698,-0.37889,-1.5558,3.6476,-0.14837,-1.097,0.11505
4.386,2.4843,-2.4242,-1.0534,1.5003,0.014599,1.2083,0.20466
-0.7025,3.1162,-2.3883,1.455,-1.3336,0.011608,-0.88432,0.1243
-0.71162,-1.0219,-0.8069,-0.91421,2.0957,-0.064818,0.51035,0.032468
-0.7042,-0.14771,1.5653,0.42489,-2.1763,0.067627,-2.2413,-0.07822
-0.89558,4.5983,1.9395,-0.71827,3.0886,-0.027282,0.98747,-0.17703
-0.68929,1.9401,0.16114,2.1397,-1.9051,0.067402,0.72845,-0.18662
-0.68601,-4.0474,0.89619,-0.44345,-0.32298,0.0033104,1.1517,-0.1471
-0.67859,2.0945,0.89951,-0.13921,2.7104,-0.14653,-1.3339,-0.094356
-0.66604,-3.3594,2.8917,0.020401,-3.9837,0.062858,-1.0284,0.0070352
-0.54706,-0.052027,-0.52017,0.94201,0.6664,-0.016058,-0.77309,0.082385
-0.73637,0.16114,-0.26304,0.21853,2.2624,-0.20419,-4.2588,0.13571
-0.67132,0.10033,-0.14398,0.33507,-4.9345,-0.0081961,-1.2849,0.030789
-0.92558,2.0446,0.5646,-0.22208,-1.6092,0.031554,-0.99041,0.05924
-0.70379,1.0676,-1.9519,0.12314,8.2077,0.0095033,-3.1868,0.13435
4.432,3.8795,0.69199,0.49453,-9.2589,0.07192,-2.4275,0.046609
4.3942,-4.492,-0.11244,-1.121,1.3046,-0.051302,0.91387,0.047558
-0.72574,0.30098,0.56806,-1.1811,4.0572,0.061042,0.90257,-0.068753
-0.56632,3.5762,-0.094636,-0.1486,-1.8737,-0.009839,0.74244,-0.17185
-0.77911,-2.2843,-1.9751,0.013105,0.51739,-0.051219,2.3431,-0.13378
-0.70219,-5.2751,0.19556,0.65475,-3.4126,0.020291,1.1982,-0.17343
-0.7061,2.0208,0.014932,0.45913,3.8489,0.042823,2.8703,-0.061938
-0.76869,1.1794,0.67311,0.66117,0.99763,0.012706,3.3358,-0.018422
-0.70558,-4.4332,0.057375,0.22117,-1.9722,-0.065774,0.97481,0.076812
-0.67518,1.7118,-2.9153,0.20097,3.0452,-0.010307,2.3515,0.023536
-0.67877,-1.1527,-0.73854,0.70202,-1.9112,-0.0012332,-0.37942,0.14885
-0.51397,1.3993,1.0933,-0.74056,-1.0167,-0.063213,-1.3987,0.19911
-0.58523,1.9422,-1.7958,0.14059,2.8541,-0.15228,-4.0815,0.13865
-0.67164,1.4751,-0.092645,-0.91963,-0.2626,0.092103,0.26914,0.018669
-0.66686,-0.32339,1.0061,0.50758,-3.7795,0.064116,-1.1815,-0.0028946
-0.88864,0.83408,-0.40412,-0.42798,7.6756,-0.072243,-2.5038,-0.12295
4.4052,4.3671,0.14002,0.64164,-8.9451,0.051653,0.39685,-0.12609
4.3774,-0.66993,2.1275,-1.425,-1.5034,0.053129,1.4027,-0.1809
-0.71918,-5.3983,-2.6759,-0.23301,4.0996,-0.0048783,0.86383,-0.12675
-0.35149,1.8278,0.34721,0.25324,-1.0666,-0.0077533,-0.75779,-0.087274
-0.50868,-0.60031,-1.4515,0.41156,0.33506,0.0063844,1.6366,-0.011559
-0.77813,-3.996,-1.3586,1.0517,-6.0698,0.080301,0.70956,0.25002
-0.70861,-0.020662,-1.2183,1.1231,3.4483,-0.00043739,2.0412,0.27395
-0.76259,2.4328,-0.36015,0.99461,-0.54693,0.0010322,1.713,0.15399
-0.88517,-3.5731,-1.7143,-0.014244,-3.7882,0.023551,-2.3398,0.23912
-0.73288,2.2985,2.182,-0.31909,2.0054,-0.12044,-1.1908,0.15978
-0.67535,-0.33632,2.3098,-0.21278,0.46565,0.02728,0.83513,0.049554
-0.66298,1.6984,2.5396,-0.56046,-2.2582,0.021883,-1.2627,-0.041981
-0.56376,1.2908,2.8059,1.0177,3.455,-0.19584,-0.95054,-0.11981
-0.69781,-0.22926,2.3312,-2.22,2.0512,0.017191,2.1536,-0.16552
-0.66403,-1.5678,0.36816,-0.060977,-5.016,0.064443,-0.24824,-0.16279
4.4013,-1.8839,-2.4037,0.094309,6.8641,-0.098997,-0.52276,-0.09421
4.4086,2.9987,0.79827,-0.075795,-7.8352,0.046693,-1.4256,-0.044829
4.3828,0.49878,2.0034,0.66896,-1.0307,0.078171,0.046546,0.030984
-0.71256,-5.6415,-0.096499,-0.17311,3.2314,0.035039,0.94406,0.14194
-0.71036,2.749,-0.28903,0.92454,-2.4511,0.026381,2.2732,0.073891
-0.56558,-0.34188,-0.41525,-0.0088679,-0.14982,-0.062546,2.3435,0.33036
-0.64043,-1.8555,0.92075,-0.49167,-7.6364,0.059983,0.70445,0.24898
-0.71592,0.2669,-1.0689,0.0098612,2.9423,-0.038108,1.2389,0.18159
-0.70516,3.3337,0.02442,0.98223,1.6563,0.0048121,2.1215,-0.0037221
-0.70652,-2.3575,2.356,1.4437,-2.333,0.043125,-1.8757,-0.035848
-0.78476,2.4909,4.0939,-0.35255,1.0189,-0.065877,0.044151,-0.12767
-0.69024,-0.72812,1.6636,-0.6927,1.6223,0.048425,3.883,-0.18947
-0.67284,-1.5775,0.7952,0.082093,-2.9486,0.022274,-2.1827,-0.15033
-0.54064,0.91125,2.3653,-0.69276,2.5824,-0.063887,-0.3751,-0.11621
-0.44058,0.6207,1.3541,-1.0066,6.5801,0.21111,1.3704,-0.1194
-0.69161,-2.1451,0.55816,-0.18502,-7.0839,0.03147,-1.3522,0.025167
4.4418,-6.0956,-1.8679,-0.76637,5.4473,-0.19703,-0.2052,-0.0057178
4.4124,3.8917,0.51834,-0.54156,-4.3962,0.043946,-0.81106,0.20529
-0.83454,3.7398,-2.107,1.0198,-1.472,0.062101,1.3821,0.29252
-0.72777,-4.2495,0.5506,-1.3155,3.7157,-0.019555,1.9025,0.19536
-0.71067,1.1228,-2.3349,1.2268,-2.245,0.086494,0.22638,0.061966
-0.70603,4.309,0.68629,0.19388,1.6928,0.0038559,0.39884,-0.011559
-0.49854,-1.4653,-0.23916,0.83512,-6.9768,0.10759,2.007,-0.058555
-0.66734,-0.69089,-0.15593,-0.30982,1.7472,0.018,0.34058,-0.12415
-0.69811,2.6022,1.2189,0.3952,1.8179,-0.051027,0.10917,-0.18584
-0.70118,-3.2585,1.0051,0.45703,-3.4075,-0.0074132,-0.61591,-0.11078
-0.89791,1.2307,1.5609,-0.093194,0.4645,-0.0079715,0.7572,-0.11186
-0.74124,-1.4553,1.1412,-0.26081,2.605,-0.051951,1.7349,-0.039547
-0.66865,-0.95933,-1.9303,-0.52804,-6.1014,-0.017758,-3.2472,0.047533
-0.66525,1.0866,-0.42937,0.3061,0.64754,-0.027243,-0.88579,-0.00075289
-0.37446,1.5835,1.5759,-0.69214,6.8528,0.17212,-1.684,0.058145
-0.53845,-0.25411,1.1257,-0.20968,-8.7609,0.0043821,-2.3542,0.23046
4.4208,-5.1559,0.34523,-1.1937,2.553,-0.21216,-0.060153,0.10295
4.3815,5.5162,-0.21359,0.18516,-0.15069,0.041828,1.8428,0.094871
-0.8659,3.2546,-3.871,1.9907,-0.1556,0.065169,1.8695,0.027357
-0.79321,-3.4971,0.82586,-0.42433,2.9114,-0.03393,2.8684,-0.062474
-0.69463,-0.45819,-0.099364,0.13054,-2.0771,0.075623,-0.88323,-0.12488
-0.70211,1.2615,0.56317,0.14023,3.5355,-0.026781,0.82245,-0.16238
-0.70197,-0.8005,-0.27228,1.2461,-4.8682,0.070084,-0.18022,-0.099516
-0.48044,-2.8015,0.72137,-0.098499,2.2981,-0.010782,-1.3115,-0.14315
-0.69157,1.9259,-1.2308,0.60954,1.3291,-0.04921,1.0473,-0.027817
-0.70014,-4.073,1.5083,-0.2787,-5.5841,0.058109,-2.4764,0.029986
-0.69051,2.727,-3.1208,-0.83679,1.8585,0.0047159,0.6701,0.038845
-0.74592,0.095088,1.3655,-0.43402,3.3008,-0.053382,-1.3566,0.19699
-0.62353,0.46366,-1.2016,-0.77207,-5.2121,-0.014633,-2.3552,0.21933
-0.66213,2.0829,0.60978,-0.59323,0.4286,0.011146,-0.47601,0.16309
-0.66237,1.1498,-0.28147,-0.61407,8.4729,0.3091,-1.8629,0.023439
4.4426,2.7358,1.5084,-1.0266,-8.8454,0.078575,-2.3695,0.022879
4.3849,-5.2276,0.16928,-1.7322,1.5859,-0.090148,-0.32652,-0.082309
4.3504,1.4172,-1.1026,-1.3384,1.9481,0.098155,2.3002,-0.1617
-0.73722,1.8717,-1.4056,1.2551,-1.1659,0.035045,2.1699,-0.16141
-0.85988,-2.1619,-0.49925,-0.94546,2.0918,-0.04305,0.84887,-0.098591
-0.7816,-1.8978,-0.97235,0.52868,-2.2358,0.043343,-3.0464,-0.060454
-0.69695,0.36852,-0.1455,0.56519,4.4886,-0.043524,2.21,0.079684
-0.70156,-1.6229,-0.24957,0.4296,-3.4782,0.047572,1.5023,0.16105
-0.36713,-3.2808,0.56135,0.13432,1.5609,-0.013073,2.3923,0.09582
-0.53954,3.5034,0.86854,0.54561,2.1829,-0.15084,0.91583,0.15433
-0.69487,-1.8337,-0.3516,-0.24132,-6.288,0.053784,-1.2333,0.24265
-0.69691,2.5403,-1.7471,0.45549,2.2242,-0.027763,0.01409,0.14783
-0.71313,2.1482,1.1273,-0.77549,2.179,-0.17494,-2.9113,0.075546
-0.749,0.72655,0.24826,-1.0252,-5.2444,0.013418,-3.0911,-0.0053771
-0.73884,0.79037,0.61008,0.32517,-1.1693,-0.0070795,-2.0901,-0.05656
-0.66537,-0.78353,-0.73637,-1.3334,8.3697,0.13801,-1.3177,-0.12814
4.4101,3.9693,2.38,0.10779,-9.8666,0.041565,-1.3968,-0.089586
4.3876,-3.7409,1.4291,-1.1223,-0.59216,-0.087555,-0.23525,-0.25873
-0.69349,-2.7192,-1.4757,0.18133,2.0772,0.0082583,0.24832,-0.11607
-0.73055,0.061533,0.96136,0.11489,-0.78757,0.069731,-1.2434,-0.0034301
-0.72255,-3.8034,-1.6028,0.32427,0.36564,-0.045148,0.16005,-0.032368
-0.88935,-3.7975,-2.5293,0.54188,-3.4448,0.056409,-1.0406,0.126
-0.72922,2.5788,-1.9714,0.013818,5.1471,-0.084346,0.86555,0.21413
-0.69796,1.479,-0.21208,0.58203,-1.5342,0.057166,1.4751,0.18088
-0.68372,-3.3625,1.139,0.66404,0.22337,0.051628,0.54965,0.080244
-0.56469,4.0416,-1.0916,-0.379,2.4236,-0.18203,-0.11377,0.021735
-0.6507,-0.43682,1.0812,-0.63323,-5.3248,0.037188,-0.72466,-0.011048
-0.68433,1.927,0.85704,0.35561,0.80766,0.0030473,0.58741,-0.10351
-0.68659,0.033944,1.5981,0.17569,4.8914,-0.10141,-2.2473,-0.13829
-0.88024,0.030663,0.97498,-2.3016,-3.3874,0.073223,-0.4971,-0.14257
-0.64375,-1.2782,0.74304,1.3097,-3.3962,0.037439,-2.2691,-0.11424
-0.6507,-4.1697,-0.74422,-0.046442,7.7381,-0.10058,-2.8214,0.015407
4.4293,3.5814,2.0878,0.41214,-9.4262,0.01988,1.4646,-0.059018
4.4097,-1.2527,0.94629,0.44529,-0.96392,0.021709,4.1005,0.14143
-0.54675,-2.1707,-4.0154,-1.8179,2.3295,-0.0027092,1.9019,0.15625
-0.63426,1.9162,0.31506,-0.27423,-0.12131,0.04564,0.37675,0.20123
-0.71998,-0.57858,-1.615,-0.017873,1.0046,-0.030016,-0.59423,0.15898
-0.84368,-3.4947,0.67104,0.83728,-6.1958,0.075469,0.18281,0.17981
-0.82226,2.9019,-1.0661,0.527,4.6406,-0.10744,0.40931,0.055054
-0.65845,2.9109,2.2464,0.6989,-0.43254,0.02504,4.1612,-0.015039
-0.68697,-2.4721,-0.31258,0.3538,-0.031163,-0.031145,-1.8046,-0.14109
-0.69111,3.0409,1.4177,0.33028,2.4562,-0.36725,-1.3194,-0.089026
-0.47143,-0.62547,0.99952,-0.41939,-3.4403,0.043362,-2.7395,-0.18891
-0.62311,0.052305,1.3542,-1.1105,-1.8319,0.028679,-1.8974,-0.12614
-0.67681,-0.63815,-1.7524,-0.25799,4.1816,-0.16241,-3.5195,-0.055099
-0.67227,-0.35934,-0.75747,-1.1744,-0.53333,0.021254,0.048274,0.027552
-0.74487,-0.37604,-0.46067,0.13694,-5.0296,0.012776,-2.5703,0.047899
-0.90129,-5.2928,-1.0656,-1.2364,7.0663,-0.42586,-4.234,0.18392
4.4283,4.0798,-0.53304,0.43297,-8.273,0.010235,0.3027,0.2722
4.3984,-0.21752,-0.18006,-0.056095,-0.5858,0.028011,1.5294,0.13106
-0.37011,-1.2353,-0.53474,-0.57214,2.5717,0.0072123,4.2506,0.16455
-0.65359,2.7979,-0.81662,-0.79024,-1.5109,0.081167,2.0691,-0.0035517
-0.70457,0.56173,0.55898,0.61985,1.0339,-0.064522,2.001,-0.084329
-0.70919,-3.6419,1.3696,0.19548,-7.035,0.034544,-0.77926,-0.13405
-0.85333,0.69723,-0.26257,0.22351,4.0124,-0.060409,0.46218,-0.21398
-0.78756,2.8469,0.46873,1.1311,-0.17009,-0.010378,5.3622,-0.14101
-0.6926,-3.1027,-0.38454,1.305,-3.0382,0.05947,-3.0461,-0.13098
-0.68219,0.87816,1.1051,-0.4443,2.9284,-0.19991,-1.8305,0.0069135
-0.56794,0.10658,0.73078,-1.0387,-1.7525,0.046808,-1.7354,0.063669
-0.53154,-0.017567,1.1059,-0.54472,-3.4656,0.002951,-1.5432,0.10633
-0.60223,2.1987,0.40482,0.23097,1.6197,-0.18439,-1.7023,0.035243
-0.67157,1.0611,-1.4752,-1.7553,5.7082,0.10785,1.532,0.09969
-0.67296,1.3399,-1.1537,-0.40444,-6.3125,0.091461,-1.2515,0.060919
4.4253,-4.812,-0.29487,-0.57117,6.4579,-0.20328,-1.303,0.036265
4.3885,4.2718,-2.6933,0.10299,-5.2085,0.0556,0.57437,0.086742
-0.7194,-0.037635,-1.0525,1.9168,0.04755,0.043413,0.55355,-0.092385
-0.71187,-2.3076,0.68676,0.29786,3.3791,-0.029919,0.4526,-0.092263
-0.47372,2.2703,-1.3969,0.47801,0.31751,0.054657,-1.0441,-0.14208
-0.64084,0.31391,-0.44557,0.16369,3.8026,-0.0065725,2.1054,-0.15213
-0.70012,-3.656,-0.98713,0.34735,-7.8968,0.027029,1.2009,-0.11351
-0.69865,-1.4959,0.14301,0.35493,4.4449,-0.06381,0.26298,-0.044926
-0.82269,3.6846,-0.81013,-0.28775,2.7,0.0073149,0.7598,0.072212
-0.69924,-2.8441,-0.69361,1.618,-4.7613,0.044029,1.3211,0.021297
-0.67055,1.4596,-0.66869,0.071071,2.097,-0.041002,-0.39334,0.23026
-0.67463,1.2055,-0.49016,0.58615,1.3245,0.036052,1.7879,0.13169
-0.41573,-0.22678,2.0333,0.39464,-5.2813,0.048868,-0.50945,0.17124
-0.68042,1.5069,-0.00094188,-0.89891,1.2872,-0.16179,-0.49078,0.022392
-0.65741,1.5793,0.19125,-0.29908,8.1961,0.32793,-0.14913,-0.00070421
-0.6635,-0.0035924,1.0956,-0.73906,-7.2868,0.1101,-0.1283,-0.084621
4.3937,-4.8759,0.62473,0.025867,4.6646,-0.20166,-0.032224,-0.11176
4.3665,4.1767,-1.0429,-0.58819,-0.32045,0.1053,2.023,-0.17321
-0.78645,0.37746,-0.73779,2.1463,-0.2078,0.072356,0.65634,-0.1855
-0.71876,-4.982,-0.62894,-0.38926,2.4781,0.0011285,1.8922,-0.076103
-0.69928,-0.05204,-0.34515,2.1147,-0.8611,0.075584,-1.1457,-0.018471
-0.56363,1.2732,-1.1281,-0.0065878,4.1674,0.047867,2.9999,0.1783
-0.6638,-2.3838,-1.2275,1.5583,-5.441,0.092539,2.5095,0.32513
-0.7057,-3.0869,-0.24371,0.18985,3.5124,0.047662,-0.14857,0.19127
-0.68381,4.2594,0.52992,0.54449,3.2468,0.00024928,1.5006,0.049773
-0.8124,-0.71728,0.98375,1.0082,-3.3481,0.084351,0.082573,0.15817
-0.72988,2.0544,2.0387,0.10694,0.62707,-0.036241,-1.1821,0.069608
-0.68006,2.0876,0.828,-0.18462,5.3827,-0.023656,-3.1764,-0.029642
-0.66808,0.79339,-0.30152,-0.29246,-5.3271,0.022492,-2.8859,-0.071406
-0.5125,-0.031965,1.245,-0.22687,1.1242,-0.028508,0.23033,-0.16233
-0.61049,1.7686,-0.52607,0.57343,9.3217,0.38046,-3.3709,-0.17489
4.4287,1.0144,1.4475,-0.87682,-7.1761,0.035886,1.2744,-0.15491
4.399,-5.0983,-0.57321,-1.6884,2.336,-0.063887,-1.6181,-0.080995
4.3551,1.5202,-3.4105,0.45912,4.854,0.074878,1.7945,-0.00065554
-0.72572,0.85523,-2.0245,1.1405,-1.7455,0.057917,-1.3353,0.10952
-0.71527,-3.9263,-3.7689,-0.51712,0.96144,-0.053786,0.68393,0.070898
-0.71053,-0.62235,1.8044,-0.71162,-0.90009,0.054156,-0.88927,0.32238
-0.49006,3.3368,-0.065895,-0.16116,4.4642,-0.032525,2.9683,0.28098
-0.59769,1.5654,-0.31978,0.38746,-1.4705,0.04727,1.2575,0.19996
-0.72857,-1.7385,-0.58807,0.24107,1.2194,0.023217,0.43973,0.045659
-0.69946,2.8942,1.2748,0.91455,3.2116,-0.078891,-0.14269,-0.042614
-0.92921,-0.60628,2.7478,-0.14227,-2.8262,-0.0091395,-0.98896,-0.12921
-0.82046,0.46031,0.76266,0.61842,0.74079,-0.046579,-0.97939,-0.17292
-0.63533,2.1137,3.3606,-0.10669,2.9439,-0.1181,-2.9395,-0.16031
-0.67339,-0.082249,0.84832,-0.51533,-3.3061,0.070238,-1.0404,-0.11862
-0.67488,0.046904,0.3546,0.45207,-2.3419,-0.013491,-0.56641,-0.080411
-0.49003,0.22173,-2.9438,1.0975,8.174,0.0091568,-2.9699,0.053472
4.433,3.7485,1.317,0.50027,-8.3863,0.096005,-2.5079,-0.014309
4.409,-1.6585,0.47462,-1.412,-0.8024,-0.051476,1.4035,0.23435
-0.72902,1.9477,-0.96703,-0.52554,5.4453,0.07199,1.7964,0.079489
-0.83698,2.6845,-4.1557,-0.58797,-1.1363,0.030245,0.11175,0.18446
-0.73596,-2.2684,-3.6288,-0.44698,0.16083,-0.11265,-0.095666,0.064619
-0.70945,-2.2106,0.60204,0.2732,-3.4382,0.059727,-0.56906,0.025191
-0.71247,1.9421,0.27556,0.6793,4.9509,-0.06931,2.034,-0.056389
-0.46842,2.9831,2.0337,0.72573,-0.58579,0.06959,3.7481,-0.14045
-0.69084,-6.5701,3.3535,-0.11426,-1.6196,0.0038367,-0.18952,-0.19159
-0.69156,2.788,0.7223,0.8106,5.0473,0.022159,3.1403,-0.14912
-0.68618,-1.9175,0.12387,0.96884,-1.0988,0.019502,-2.7295,-0.089854
-0.93467,-0.97474,-0.048043,-0.097812,-1.3744,-0.07377,-4.4626,-0.080167
-0.80777,0.33385,-1.5419,-0.11486,2.8429,-0.14849,-4.4466,0.063377
-0.66401,0.33788,1.4696,-0.88397,-0.73928,0.015908,0.3004,0.010321
-0.66942,-1.4813,1.2539,0.58808,-3.1249,0.059316,-1.7352,0.11741
-0.40821,0.55524,-1.647,0.29389,7.8481,0.021857,-1.4539,0.24185
4.4161,4.9124,0.36493,1.235,-8.9341,0.043176,1.4173,0.080609
4.3765,2.1562,2.8829,-0.06379,-2.0009,0.01997,0.77545,0.10268
-0.72861,-1.1666,-0.855,0.25234,5.3547,0.054272,0.78592,0.0049178
-0.92993,2.5657,1.3883,0.83539,-1.4113,0.0023093,-0.83768,-0.061086
-0.81672,-0.87177,-1.854,-0.10501,-0.5807,-0.077197,2.7867,-0.13288
-0.73152,-4.6563,-1.0783,0.48875,-6.0858,0.049266,0.80045,-0.18044
-0.70424,0.65796,-0.97172,0.47016,3.1189,0.017512,2.6004,-0.10635
-0.69377,2.8613,0.84446,1.0984,0.51282,0.0032398,0.55672,-0.072744
-0.51801,-6.5528,2.3921,0.053222,-4.6433,-0.061923,-2.4107,-0.0039412
-0.70857,1.0545,0.5339,0.20747,3.9469,-0.026505,0.7157,0.074037
-0.69152,-0.584,4.039,0.2608,1.1105,0.051179,-2.2191,0.19066
-0.68485,0.63307,3.5184,-1.2043,-4.2495,-0.021994,-1.4538,0.073624
-0.85212,2.4914,-0.51181,0.1493,2.1654,-0.075612,-0.30293,0.16029
-0.72071,1.2562,1.093,-1.2756,3.6355,0.070097,2.3897,0.18081
-0.66244,0.54887,1.1035,-0.71259,-5.2655,0.02855,0.1513,0.038772
4.3963,-1.9725,-0.8538,-0.93284,7.6489,0.12008,-1.2635,-0.026356
4.3855,5.1429,0.40757,-0.49388,-7.5707,0.057737,0.67952,-0.092774
4.3515,1.4707,2.406,0.29536,-2.0211,0.064681,-0.39499,-0.15362
-0.73355,-1.889,-0.71089,0.48404,4.1215,-0.028867,0.10518,-0.18268
-0.72204,3.0835,1.1376,0.7866,-0.57177,0.014227,2.692,-0.12108
-0.97136,-0.49597,0.65768,-0.19211,-0.22695,-0.039039,1.8487,0.0010968
-0.74195,-4.6262,0.75301,-0.7325,-8.0892,0.053046,0.54118,0.097962
-0.69047,-1.5459,-1.0364,1.0293,3.9679,0.01748,2.2652,0.2364
-0.69539,2.5892,-0.56405,1.3411,1.4904,-0.018361,1.5738,0.1186
-0.33163,-3.7009,-0.43801,2.3086,-5.2376,0.0072379,1.3092,0.13169
-0.52506,0.46929,2.0246,1.0613,1.9281,-0.011912,-1.7621,0.22306
-0.75098,1.2215,2.2822,-0.47017,2.8248,0.03903,2.964,0.17246
-0.68693,0.4921,-0.17489,-1.3626,-1.5539,0.016222,-3.222,0.073259
-0.95483,3.4881,2.7807,-0.059827,2.8441,-0.029964,0.19763,-0.030153
-0.89586,1.1545,1.8028,-1.2305,6.7056,0.23499,1.585,-0.075787
-0.71993,-1.2287,1.0606,0.049124,-6.5368,0.053296,-0.13171,-0.16837
4.4129,-5.548,-0.67036,-1.2962,6.1834,-0.081279,-0.082662,-0.12393
4.3932,3.4158,-0.58404,-1.0519,-4.8334,0.082926,0.48218,-0.12716
-0.54308,1.3315,-1.032,1.7921,-1.1365,0.062948,1.3987,-0.13047
-0.68989,-4.8148,0.47455,-1.3065,2.7158,0.0032976,1.0886,0.018766
-0.71881,1.1414,-2.7452,1.1984,0.56313,0.087919,0.214,0.045075
-0.71753,2.9282,-0.45378,0.44348,2.4837,-0.10586,1.0045,0.069413
-0.94693,-0.45474,-0.47845,1.001,-7.1349,0.026561,2.2802,0.19986
-0.76125,-1.4234,-1.6245,0.23454,2.0559,0.05354,1.8552,0.2077
-0.69212,3.9866,-0.28605,-0.38391,2.2937,-0.060512,0.015073,0.13873
-0.68327,-2.0445,0.96896,1.1336,-3.1457,-0.02286,-0.13105,-0.0028459
-0.51994,3.1203,3.6842,-0.93702,0.18981,-0.029515,0.38407,-0.059991
-0.67639,0.76978,0.37556,0.082735,3.4458,-0.055474,0.83703,-0.11558
-0.67139,-0.16998,0.64111,-0.40105,-4.4448,0.016871,-0.56679,-0.17358
-0.67527,0.15114,1.6103,0.23374,0.37003,0.022749,-0.53856,-0.12811
-0.84167,0.35205,1.0294,-0.069089,7.7358,0.22527,-1.8772,-0.11349
-0.71075,-0.29193,1.1743,-0.80968,-8.6684,0.038209,-0.84209,-0.034096
4.4321,-8.7933,-1.4609,-1.6758,3.0736,-0.25044,-0.27697,-0.024653
4.4084,1.9165,-1.9461,-1.2035,1.1387,0.084126,3.1735,0.14669
-0.53524,0.93267,-3.8978,1.1458,0.12452,-0.005488,2.021,0.12541
-0.48118,-4.4173,0.90474,-0.90164,2.5361,-0.014004,3.0674,0.18536
-0.79117,2.0953,-0.15074,0.058097,-0.39796,0.021536,-2.1647,0.15876
-0.71293,3.2941,0.71204,0.80796,4.8901,-0.02974,0.66933,0.13194
-0.7032,2.4499,0.20711,1.3606,-3.8911,0.093444,0.11719,-0.011486
-0.81984,-1.2676,0.79969,-0.072307,2.2294,0.063269,1.6272,-0.059018
-0.69285,3.2282,0.099466,0.38121,1.8621,-0.016019,0.054535,-0.13454
-0.67863,-2.1184,2.0656,0.11912,-3.2006,0.041219,-1.6167,-0.1773
-0.68037,1.6035,0.28084,-0.40823,2.6767,-0.030054,0.18654,-0.1036
-0.50724,0.30436,2.7684,-0.20819,3.8056,-0.032397,-1.8097,-0.13799
-0.59962,-0.68513,-0.68554,-1.4279,-4.5444,-0.011514,-3.8568,-0.033049
-0.67591,-0.63048,-0.43248,-1.2681,1.3611,0.051358,-0.51498,0.043712
-0.66784,0.76614,-1.0249,-0.018123,9.0578,0.38328,-3.2019,0.0082278
4.4971,2.2006,-0.25535,-1.2926,-7.682,0.0496,-0.69472,0.17042
4.4247,-6.3579,-0.3059,-1.2996,2.3507,-0.012926,0.043014,0.2436
4.3495,2.0686,-1.2037,-1.4237,4.1378,0.09689,1.0495,0.13167
-0.71828,2.7301,-0.3884,0.39938,-0.36898,0.051917,1.6689,0.061649
-0.39562,-2.4007,-1.1467,-0.57004,1.0562,-0.014845,1.9091,-0.0081273
-0.68821,-2.1973,-1.4187,1.7454,-1.5921,0.0079374,-0.38226,-0.090633
-0.74714,2.5741,-0.36152,0.1941,5.635,0.06239,1.2266,-0.19582
-0.70751,1.2249,0.51264,1.3573,-1.6746,0.008714,1.6979,-0.22318
-0.82386,-6.022,0.90383,-0.52065,2.1723,0.0054282,0.6017,-0.10653
-0.8363,2.6451,-0.32033,-0.84066,3.5439,-0.098471,1.3344,-0.10915
-0.71869,-2.9655,-1.6179,0.3573,-4.8911,0.058039,0.033542,0.012876
-0.67838,-0.87655,-0.40411,1.3375,1.695,-0.009409,-0.090631,0.14114
-0.66851,1.9695,1.1293,-0.13431,2.7146,-0.10047,-1.3575,0.045562
-0.41803,-0.13324,0.79582,-0.7603,-2.9948,0.00024928,-2.0786,0.03792
-0.68494,0.40142,1.017,0.93232,-1.4136,0.053328,-2.1026,0.06547
-0.67399,-0.62488,-1.9886,0.73458,8.3372,0.18579,-1.0422,0.17694
4.418,5.1392,1.8503,0.13556,-8.205,0.089497,1.1882,-0.0063263
4.3825,0.20451,2.2936,-0.65883,0.62677,-0.017874,2.4642,0.024145
-0.75686,0.036192,-0.3821,-0.03921,3.9216,0.022447,4.2731,-0.066733
-0.71709,2.8117,1.1629,0.4839,0.80302,-0.00012935,1.8655,-0.1425
-0.70376,-2.0406,-1.4339,-0.91805,0.84504,-0.049647,2.3162,-0.10107
-0.44462,-6.4202,-1.418,0.016682,-3.0255,0.062031,1.9003,-0.14062
-0.57155,0.38373,-2.3767,-0.53118,5.6495,0.088355,2.3922,-0.054491
-0.70923,0.9945,-0.18787,0.81563,-0.43991,-0.006611,4.0345,-0.02694
-0.7081,-6.6149,-0.2653,1.0586,1.7389,-0.045251,0.496,0.0072543
-0.86932,2.7129,0.65195,-0.079944,3.7329,-0.055256,-0.031993,0.028964
-0.73131,-1.7939,1.0031,0.071431,-1.9851,0.026362,-0.015637,0.25231
-0.66698,1.3399,2.0018,-0.57426,-0.12711,0.013476,-1.4407,0.16143
-0.66736,1.9803,-1.4929,0.158,4.0713,-0.03608,0.93871,0.10315
-0.47356,1.3629,0.87577,-1.0462,1.7613,0.084716,2.0424,0.010467
-0.55001,2.1424,1.5779,0.16634,-5.4235,0.047411,-0.016472,0.00075606
-0.72852,-3.0806,0.9138,-0.91311,7.9755,0.12119,-4.5044,-0.096522
4.3991,3.9308,1.5763,0.58404,-6.4988,0.071111,0.98107,-0.11013
4.371,1.5872,1.3242,0.51209,-0.523,0.028429,-0.91416,-0.16718
-0.90898,-3.7044,-3.6984,-0.79016,5.1566,0.079075,3.0875,-0.17029
-0.71376,1.6979,-1.3398,-0.096592,-0.68478,0.039941,1.3138,-0.10185
-0.70549,-1.044,-1.8848,0.12624,2.7387,-0.075484,1.9893,0.048239
-0.70685,-4.1235,-1.0809,-0.029383,-5.1688,0.076983,1.9962,0.052717
-0.56896,-0.84266,-0.5254,-0.41092,4.4095,-0.052778,2.0494,0.29045
-0.64658,2.0096,-0.28534,-0.49194,-0.4064,0.017731,3.0063,0.19994
-0.70328,-3.9401,1.1668,2.2879,0.32662,-0.0092294,0.97701,0.2032
-0.6964,2.7753,2.9276,-0.011154,3.184,-0.082633,0.52686,0.11707
-0.7509,0.63613,0.75174,0.47185,-0.61051,0.047636,0.30807,0.08202
-0.76187,1.1916,3.5919,-0.5537,-2.1263,-0.025215,-2.8283,-0.020807
-0.67028,3.3299,2.0457,0.42009,4.5135,-0.12653,-1.242,-0.083331
-0.66612,-0.093584,0.24873,-1.8429,4.401,0.028076,1.507,-0.12171
-0.51003,0.42598,-0.26827,0.098105,-6.9618,0.023205,-1.9574,-0.15583
4.4086,-5.6329,0.12029,-1.147,6.0062,-0.24965,-1.4846,-0.14685
4.4108,1.8878,-1.6172,-0.68404,-4.3735,0.03319,-0.87687,-0.095841
4.4171,-0.43504,-1.9036,0.35873,0.7845,-0.025036,1.2388,-0.032976
-0.94033,-4.1978,-1.1096,-1.6974,4.9603,-0.0060206,1.5476,0.10263
-0.71686,2.193,0.42832,0.11046,-2.1882,0.075328,1.9902,0.017111
-0.68243,1.6089,-1.0227,0.63187,3.3689,-0.048857,1.9888,0.4587
-0.69561,-1.8238,-0.92126,0.78254,-6.1799,0.047232,1.4792,0.31795
-0.58177,-0.60926,0.18293,-6.2153e-05,3.5296,-0.020364,1.0171,0.12972
-0.53783,4.1604,0.37441,-0.5434,0.80389,-0.010224,1.6637,0.084138
-0.69382,-3.1872,1.437,2.088,-2.2529,0.039871,0.7918,-0.027744
-0.68744,2.6596,1.3601,-0.077426,3.5387,-0.026127,-0.20384,-0.15459
-0.80718,0.76739,-1.4107,0.94929,-0.44065,0.048021,2.3345,-0.13315
-0.83786,-0.61326,1.3872,-0.2489,-3.3487,-0.0075095,-7.4236,-0.16781
-0.62845,1.9399,0.71529,-0.97248,3.3134,-0.015602,0.12132,-0.12186
-0.65684,-1.1392,0.50639,-0.60813,7.1489,0.32669,1.5073,-0.081603
-0.65498,0.72946,0.054478,-0.90586,-7.5704,0.036405,-1.0707,-0.029301
4.4468,-7.8171,-2.0991,-0.52387,5.5729,-0.047644,0.33823,-0.0062289
4.4204,2.9161,-3.1733,-1.949,-0.80561,0.0386,2.1073,0.20013
-0.72367,0.82874,-2.6243,1.1969,0.39618,0.0030216,0.74565,0.2077
-0.72195,-3.6319,0.97487,0.098041,3.7235,-0.019382,2.2729,0.12308
-0.82457,0.83771,0.18705,0.98342,-1.9354,-0.026024,-1.0474,0.082799
-0.72484,5.1228,0.47883,0.3353,3.9017,-0.022719,1.3129,0.029596
-0.69177,1.7984,-1.0101,1.421,-3.2783,0.031849,1.459,-0.073742
-0.69129,-2.6546,1.6663,-0.56099,2.9527,0.013431,0.33006,-0.10718
-0.4495,2.5571,0.50583,0.73051,0.95022,-0.046201,-0.3686,-0.17611
-0.59322,-3.5357,0.9583,1.1233,-2.0477,-0.022879,-1.1361,-0.1452
-0.68263,0.38058,1.7409,0.80444,2.3748,-0.046079,0.49213,-0.1333
-0.68109,-1.0122,1.4344,-0.21819,1.2317,-0.016622,-0.66789,-0.074497
-0.71816,-1.5748,1.999,1.3742,-6.012,-0.064542,0.37199,0.047631
-0.80124,0.89481,-1.045,-0.81412,2.2177,-0.034534,0.40193,0.011221
-0.69323,-0.31685,-0.85206,-0.46762,8.2272,0.38863,-0.93683,0.13542
-0.65252,1.8288,0.84845,-0.49576,-7.3637,0.087072,-0.52585,0.18762
4.423,-9.2125,-1.2967,-0.56902,4.5167,-0.18346,1.5282,0.060871
4.3908,4.8961,-1.2631,-1.2962,0.19785,0.012494,0.45203,0.12257
-0.66901,3.0605,-0.93981,1.526,0.27358,0.049869,1.5276,0.032347
-0.71381,-2.5143,0.68965,0.15176,2.6087,-0.087125,2.1272,-0.078415
-0.68793,-0.86266,0.53503,0.52518,-2.1091,0.032388,0.56871,-0.089562
-0.843,2.3729,0.61667,-0.38365,4.0517,-0.032865,1.9294,-0.19227
-0.7248,0.82665,0.032277,1.7561,-3.3736,0.036547,0.85389,-0.15946
-0.68447,-5.3251,0.40598,-0.21644,2.4561,-0.010891,1.7428,-0.13403
-0.67605,3.1364,1.1537,0.078573,2.5841,-0.080784,1.1572,-0.05583
-0.47015,-4.5611,2.2642,1.0698,-2.6095,0.059329,-0.0053681,0.082239
-0.561,0.23857,0.20739,0.26014,1.9168,0.0038816,0.052615,0.17716
-0.67907,-0.58959,1.1838,-0.19866,3.3598,-0.054357,-3.8284,0.19101
-0.67785,0.57135,-1.4132,-1.1671,-4.2373,0.033941,-2.162,0.084649
-0.87535,1.6354,1.3886,-0.27114,0.57431,0.013655,-0.13534,0.17652
-0.64563,1.3724,-1.1867,0.38019,8.749,0.34801,-2.0685,0.10655
4.4275,3.518,2.3519,-0.15721,-7.8386,0.070065,-1.4973,0.010077
4.3931,-5.041,-0.02094,-1.3454,3.1294,-0.10823,-0.46776,-0.095281
4.4822,1.4659,-0.27467,-1.2112,4.312,0.010928,2.2768,-0.12132
-0.69734,2.8794,-1.3652,0.78805,-0.88058,0.01748,-0.33414,-0.17905
-0.71121,-3.0565,-1.7511,-0.38158,1.4467,-0.072596,1.2119,-0.12699
-0.70728,-4.5513,1.5538,0.26025,-2.5803,0.006808,-0.28078,0.013752
-0.87323,0.93893,1.0416,0.50236,4.5229,-0.002491,0.998,0.15039
-0.83553,1.8695,-0.33115,0.64828,-0.19859,0.048958,1.6999,0.17957
-0.64937,-4.6506,2.0376,0.2618,-0.50854,-0.0023306,2.2504,0.16898
-0.67696,3.2582,-1.9687,-0.1824,4.4798,-0.056238,2.0079,0.035048
-0.67975,-1.2518,1.4285,-0.017661,-2.9734,0.035501,-0.61663,0.12537
-0.53368,1.9289,0.41476,0.47505,0.37202,-0.04656,-1.3104,0.20549
-0.6307,2.026,-0.51465,0.9886,3.3082,-0.15724,-5.7488,0.089273
-0.66785,1.338,0.79195,-1.0069,-1.7139,0.070335,-1.0836,-0.0066183
-0.66277,0.92135,1.3686,0.99459,-2.0207,0.06359,-0.40638,-0.061841
-0.7861,-0.24102,-1.9043,-0.16249,8.0758,0.12803,-3.7513,-0.14912
4.4196,3.8782,0.32027,0.34661,-8.6454,0.079101,-0.28664,-0.13792
4.3966,-2.4751,2.1984,-1.1833,-0.61456,0.023153,2.3706,-0.13692
-0.7221,-3.4118,-1.4615,-0.090766,5.5089,0.21456,1.6248,-0.085059
-0.50183,1.7275,-1.4174,-0.44304,-1.9594,0.039268,-0.17213,-0.0034787
-0.58549,-2.3508,-2.6072,1.0537,0.9949,-0.068963,1.7441,0.016186
-0.70607,-5.6344,-0.364,1.0769,-4.3117,0.021311,0.43867,0.26261
-0.7023,0.42389,-0.94298,0.77853,4.0405,-0.01702,2.6941,0.3289
-0.77992,2.3685,0.7355,0.87487,1.0645,0.023198,6.5856,0.19339
-0.75905,-3.0019,-1.7993,0.41807,-0.64546,-0.012971,-1.6702,0.17034
-0.68179,3.1762,-0.54166,0.079087,2.531,-0.088781,0.98642,0.024242
-0.6734,-0.53927,1.0839,0.85064,0.15586,0.061061,-0.39735,-0.047555
-0.4752,1.6007,1.7343,-0.8818,-0.48976,-0.070183,-2.0842,-0.09825
-0.64649,0.57913,1.0453,0.51069,3.4632,-0.1474,-2.1744,-0.16187
-0.59325,0.8508,1.3257,-1.9858,2.0945,0.025977,0.14621,-0.15527
-0.65877,-2.6368,0.38676,-0.13934,-3.4196,0.06891,-0.56776,-0.17156
-0.71422,-1.4238,-1.2294,0.13188,7.021,0.059021,-0.92565,-0.084621
4.4277,3.5332,-0.38735,0.39662,-6.8839,0.027325,0.20081,0.0016322
4.4074,-0.72322,2.446,-0.11613,-0.093255,-0.034424,0.53561,0.14347
-0.71289,-5.302,-1.5371,-0.011032,4.9874,0.10041,1.2514,0.1681
-0.70556,3.0002,0.22577,0.64423,0.50799,0.062672,-1.3738,0.03444
-0.50915,1.6559,-0.12807,0.38689,1.0238,0.00038405,3.2586,0.22544
-0.66514,-0.67029,0.50698,0.36952,-5.3371,0.037355,1.7809,0.17175
-0.69811,0.90221,-0.64503,0.46488,3.8293,-0.021679,1.7662,0.053715
-0.69057,3.7651,-0.091791,0.83695,1.8287,0.038318,3.3687,-0.045656
-0.78665,-1.9698,-0.35838,1.1215,-0.2386,-0.020627,-4.1424,-0.12556
-0.69361,2.2976,2.3617,-0.86699,0.95256,-0.067558,-0.52567,-0.19008
-0.66813,-1.2464,-0.025662,-0.62584,1.3712,-0.0066944,3.9164,-0.17229
-0.67447,-0.3238,1.9977,0.41163,-1.2221,0.03045,-2.3404,-0.095525
-0.34307,1.1919,1.9846,-0.68724,3.6674,-0.12167,1.1446,-0.10789
-0.59202,-0.377,1.0876,-1.5612,5.757,0.20484,1.5456,0.01346
-0.68547,-1.6888,-0.77631,-0.713,-5.9431,0.055607,-1.3801,0.083578
4.4502,-5.6177,-2.5482,0.36526,5.9864,0.053117,0.31886,0.11578
4.4191,4.5396,0.17907,-0.74466,-4.5039,0.07312,0.70236,0.24246
-1.0901,3.8646,-1.0341,2.0383,-0.40471,-0.027076,1.6068,0.18064
-0.70008,-3.2414,1.272,-0.68372,4.1448,-0.042318,1.578,0.11768
-0.7114,0.9551,-2.3184,-0.27703,-1.2055,0.03432,-1.0594,-0.0066183
-0.44813,2.0678,0.63501,0.5251,1.1161,0.010299,3.3175,-0.11955
-0.70166,-0.70229,1.2355,0.98999,-5.7502,0.011743,2.2732,-0.23943
-0.68401,-1.1263,0.51067,0.029143,2.3735,-0.022552,1.9227,-0.26294
-0.69278,2.0464,2.485,0.64252,3.1843,-0.02827,1.3564,-0.18881
-0.8035,-3.4302,0.13017,0.30121,-2.2784,-0.027532,2.3585,-0.11504
-0.9019,0.99112,1.8316,-0.18732,1.5842,-0.014087,2.1048,-0.017157
-0.73496,-2.2242,1.6677,-0.42067,4.023,-0.04708,0.74961,0.071093
-0.67181,-0.57762,-1.1669,0.35471,-3.9239,-0.0065019,-1.7208,0.14029
-0.66495,1.179,0.87507,0.33042,1.5684,0.00058941,-0.64998,-0.016816
-0.49965,1.4426,1.3375,-0.031496,7.4434,0.3816,-0.69311,0.068367
-0.64593,0.43602,2.7278,-0.57147,-7.2423,0.018629,-2.3373,0.20561
4.4199,-5.1925,-0.28644,-0.80156,4.7189,-0.02974,-0.69305,0.038358
4.3819,4.7892,-1.6289,-1.1959,1.4711,0.041661,3.1202,0.0023137
-0.93217,3.553,-3.3459,1.8592,-0.0061992,0.053328,2.1902,-0.072404
-0.75433,-3.8692,0.44235,-1.6493,4.2779,-0.041516,2.6502,-0.13838
-0.70816,1.4834,0.90851,0.25588,-1.2887,-0.013324,-0.24871,-0.15805
-0.69867,1.7074,0.82501,0.28064,4.7037,0.062178,1.8231,-0.09623
-0.49055,-0.52262,-1.1042,1.2887,-3.5224,0.027832,1.4571,-0.04388
-0.5901,-4.8341,0.23053,-0.42857,2.2322,0.060214,2.0276,-0.046946
-0.69018,1.944,-1.0783,0.92526,3.2773,-0.045289,1.2324,0.099714
-0.68536,-2.164,-0.4575,-0.20295,-4.7784,-0.0041788,-1.292,0.0096881
-0.82964,1.697,-2.2136,-0.47178,0.58812,-0.093055,2.7727,0.19436
-0.69513,0.33062,0.51958,-0.36742,4.0863,-0.084474,-2.0936,0.1839
-0.58346,1.3062,-1.2423,-0.20497,-3.3259,0.011833,-1.624,0.16633
-0.66001,2.19,1.9314,-0.28629,-0.01248,0.01379,-1.1152,0.045562
-0.65392,1.151,-0.26649,-0.26769,7.8836,0.28958,-1.0244,7.4599e-05
-0.54222,2.3367,2.3387,-0.54847,-8.566,0.026773,-0.87275,-0.088296
4.3932,-4.8768,-0.045326,-0.71025,2.744,-0.070619,-0.15814,-0.15744
4.364,-0.62053,-2.4556,-1.2616,4.8404,0.14303,1.4586,-0.20203
-0.72051,3.6944,-2.9673,0.73919,-0.73732,0.0088166,3.2263,-0.084597
-0.81377,-2.1475,-0.10268,-0.80905,3.0453,-0.15241,0.72912,-0.084816
-0.71097,-2.7044,-0.72721,0.24822,-1.9335,0.018103,0.058054,0.05481
-0.69775,0.32555,-0.22297,0.47226,5.2317,0.18847,2.2372,0.20459
-0.70135,0.51212,-0.34464,0.54981,-0.66787,0.080096,4.1357,0.17801
-0.47811,-4.6998,-0.055527,-0.30389,1.4369,0.047091,5.149,0.18022
-0.72005,2.5531,-0.24687,1.0198,4.2045,0.013611,0.96403,0.20064
-0.68965,-1.1418,-1.5308,-0.20415,-4.5392,-0.022918,-0.0098955,0.17467
-0.67812,2.5613,0.35374,0.12752,2.7035,-0.032095,-0.29184,0.010881
-0.98737,1.9815,-0.77156,-0.017372,4.2906,-0.059857,0.619,-0.0023349
-0.71795,1.054,0.36432,-1.6215,-2.9315,-0.006226,-1.7562,-0.071211
-0.66451,0.82138,0.80207,0.85964,-0.34296,0.033871,-1.0029,-0.12621
-0.66138,-0.89452,-0.96965,-1.5841,8.2712,0.30701,-0.20966,-0.13366
4.4237,2.8705,2.0308,0.17726,-8.5378,0.044729,1.5893,-0.12419
4.4073,-4.0147,1.1222,-1.1298,-0.076897,-0.063316,1.7788,0.00024496
-0.75785,-3.5744,-1.8248,-0.26919,5.019,0.14407,1.9799,0.0024597
-0.72519,1.877,-0.25206,0.51881,-0.62423,0.051621,0.77813,0.17572
-1.0216,-2.1608,-2.6533,-0.043526,1.5757,-0.12128,1.0254,0.027211
-0.8271,-3.2472,-2.2488,-0.023332,-1.9022,-0.014177,1.9291,0.4641
-0.73554,1.3489,-1.8783,0.046709,4.906,0.15892,2.4806,0.4926
-0.69799,1.8043,-0.8815,0.93132,1.237,-0.019196,3.9995,0.23661
-0.68536,-4.3619,1.7827,1.9431,-0.27885,-0.027667,-0.207,0.026725
-0.48847,3.323,0.53293,-0.32982,4.5746,0.062505,0.6366,-0.018787
-0.72128,-1.0053,2.4225,0.22746,-2.9293,0.029789,0.45885,-0.13863
-0.68135,1.1917,3.8549,-0.12493,1.8537,0.0062496,-0.5253,-0.17126
-0.68161,0.16429,1.1683,0.39177,4.563,-0.038076,0.48361,-0.091874
-0.80139,0.37412,2.0744,-1.9952,-1.0436,0.017005,2.3124,-0.13743
-0.7061,-0.26135,1.2252,1.3348,-3.1108,-0.0031777,-0.15777,-0.096133
-0.65735,-3.1542,0.57188,-1.3802,7.4296,0.11437,-1.7713,0.077299
4.4342,3.8361,1.6237,0.34912,-7.7281,-0.0092358,1.0374,-0.029934
4.4142,-0.2708,0.38656,0.19419,-0.13901,-0.016545,3.6974,0.20865
-0.67059,-4.1551,-2.7517,-0.66899,4.1506,0.09107,1.0957,0.22892
-0.72932,2.5129,-0.16705,-0.090843,-0.48128,0.036688,1.2763,0.15645
-0.71441,-1.1513,0.042073,-0.26006,1.6453,-0.066351,2.4845,0.057804
-0.93673,-1.9717,0.62164,-0.58329,-5.0354,0.0036441,1.6717,0.036192
-0.70541,2.8216,-0.26282,0.1373,5.2312,0.15571,1.9356,-0.07474
-0.68973,2.5374,0.96214,0.35958,1.1251,-0.008209,3.79,-0.1195
-0.68747,-4.7082,-1.5073,1.0469,-0.80773,0.0035864,-1.6221,-0.1608
-0.4099,3.1358,2.9717,0.28693,3.2337,-0.21653,-0.54988,-0.14447
-0.52151,-1.7314,0.61983,-0.091646,0.48302,-0.010038,0.85531,-0.15007
-0.75423,-0.31031,2.4805,-0.61038,-0.41687,0.0076615,-2.1495,-0.045924
-0.67934,-0.30517,0.011784,-0.3047,4.5036,0.0022002,-0.88233,-0.0097579
-0.88901,0.35412,-0.12366,-0.92145,2.4571,0.045236,0.88559,0.037458
-0.82118,0.38932,-0.055129,-0.16134,-6.0853,0.020432,-1.1262,0.14296
-0.72504,-5.0587,-1.0696,-0.19623,6.2834,-0.022283,-2.1096,0.21588
4.4197,4.7216,-0.070726,-0.16776,-5.5236,0.031432,0.075875,0.14613
4.3774,1.8558,-0.32523,0.18825,0.93525,0.043542,1.0928,0.022611
-0.54836,-3.0209,1.4888,-1.4822,5.0199,0.18,1.3282,0.055273
-0.76884,3.598,-0.84819,-0.3703,-2.1399,0.024289,3.4404,-0.054588
-0.71546,1.3708,0.94333,0.27572,3.4594,-0.05944,2.5459,-0.14332
-0.71544,-2.1273,-0.031989,0.054057,-5.756,0.062582,2.0353,-0.12634
-0.85144,-0.46573,0.96052,-0.39504,4.058,0.028627,2.4186,-0.1652
-0.80998,3.1167,0.45526,0.94055,1.538,-0.047137,-0.062741,-0.15374
-0.68928,-5.4593,-0.32992,0.5423,-2.8112,-0.038429,-1.8692,-0.014869
-0.68335,0.57899,0.40738,0.58464,2.212,-0.10949,0.39308,0.044053
-0.50154,-1.1327,-1.3477,1.209,1.198,0.017153,2.6764,0.15844
-0.63317,0.89378,0.15932,0.70163,-4.1882,-0.025632,-3.7798,0.1325
-0.70177,1.7812,-1.517,-0.59473,3.6189,-0.1213,-0.69048,0.06513
-0.67812,0.90122,-1.3599,-0.9752,5.9614,0.30057,1.7389,0.091536
-0.80657,0.72893,-0.19783,-0.3999,-7.9241,0.010081,-2.617,0.078637
4.4157,-5.6714,0.043185,-1.1905,4.3121,-0.27348,-2.7335,-0.0064236
4.3783,3.997,-2.1009,-0.72912,-2.1811,0.036258,0.99244,-0.09735
-0.81175,0.96273,-2.6453,1.7458,-0.52671,-0.013439,0.075162,-0.14605
-0.69944,-5.1895,0.83891,-1.1604,3.6036,-0.10564,1.9693,-0.15927
-0.64088,0.61349,-0.23732,0.84534,-2.8359,-0.045886,-0.05725,-0.13821
-0.76445,-0.89582,-0.12081,0.14428,3.5674,0.0090092,2.7779,-0.029107
-0.71853,-5.6128,-1.6682,0.46375,-7.1052,-0.021891,1.7359,-0.010877
-0.90318,-1.7536,0.75586,0.13392,3.887,0.019303,1.1904,-0.022462
-0.85222,2.0122,-0.16689,1.2472,2.4498,-0.029669,-0.54084,0.24689
-0.63395,-2.672,-2.6797,1.1449,-5.0615,0.04161,-2.4888,0.068683
-0.68312,2.6214,1.4134,-0.32782,1.5738,-0.028655,0.21212,0.19699
-0.68229,1.4317,-0.61275,0.33326,1.3987,-0.0072271,0.92627,0.029864
-0.4654,0.16222,2.0765,1.2002,-5.2117,0.02153,-1.7598,0.080122
-0.62663,1.4503,-0.53789,-0.22494,2.2326,-0.04749,-0.42034,-0.0035274
-0.67716,0.58625,-0.93757,0.020703,6.945,0.33473,-0.8037,-0.056803
-0.67668,-0.19986,0.69754,-0.55669,-8.2017,0.0084893,-1.5553,-0.13683
4.396,-3.9024,0.74631,-1.6291,3.3136,-0.25365,-3.6939,-0.12135
4.3734,2.9014,-1.6622,-0.87181,1.2599,0.017532,3.4226,-0.15929
-0.72476,1.0053,-1.0659,2.3181,-0.56757,0.015003,-0.72156,-0.073937
-0.72342,-5.8356,-1.7849,-0.65392,1.9925,-0.12856,0.63974,-0.030518
-0.51226,0.79899,0.60847,1.3741,-2.6719,-0.020948,-0.35435,0.083675
-0.6014,0.019784,-1.2602,0.27641,4.0603,0.04677,0.71788,0.294
-0.73415,-1.1997,-1.2562,1.352,-5.1406,0.011275,1.9131,0.34239
-0.72049,-3.2607,-0.095973,0.55628,2.7002,-0.077544,1.9729,0.1573
-0.8363,4.4088,1.5663,0.96101,2.8742,-0.14749,0.31721,0.16565
-0.81074,-1.9427,1.8405,0.97895,-4.7713,0.011602,0.015131,0.050162
-0.76105,2.4897,2.4932,0.17818,0.7009,-0.053902,-0.84026,-0.040959
-0.68612,0.24008,3.1152,0.13395,4.2441,0.062621,-2.4047,-0.11181
-0.67296,1.8496,-2.0788,-1.9175,-4.6654,-0.025093,-3.4343,-0.14043
-0.35903,-0.32243,2.0748,-0.00978,-0.95368,-0.09953,-2.1136,-0.18375
-0.72192,-0.41572,-0.1292,-0.13419,7.5766,0.21968,-1.9098,-0.17988
-0.62507,0.90247,1.7775,0.091567,-8.2487,0.055414,-3.4047,-0.075616
4.4049,-2.6169,1.4943,-1.2532,1.3847,-0.1292,-0.15032,-0.030299
4.3839,0.77743,-0.21798,0.2611,4.5065,0.11843,2.2325,0.12551
-0.7386,2.1437,-0.89007,0.14126,-2.1791,-0.019221,1.0841,0.19595
-0.72315,-4.2164,-2.1618,-0.35437,0.06333,-0.16794,0.73545,0.13938
-0.70899,1.0144,0.43065,0.14454,-3.5846,0.011403,-0.56432,0.06805
-0.61035,2.6853,-0.49737,0.54133,4.5313,0.12564,1.4641,0.18752
-0.63582,2.9213,-0.10636,0.082087,-1.9625,0.043837,3.3774,0.079173
-0.71336,-3.9891,-0.48069,0.19555,-0.3427,-0.033417,0.13801,-0.026673
-0.713,3.6231,1.8085,0.18083,3.453,-0.12209,-0.085398,-0.097399
-0.81938,-1.503,2.2066,-0.33545,-3.9623,-0.029271,-0.077107,-0.17204
-0.67451,0.59681,1.0268,0.24924,0.92213,-0.066814,-0.078648,-0.15474
-0.67148,0.70258,1.9995,0.75637,4.2954,0.034365,-2.076,-0.15866
-0.67492,0.16551,0.77998,-1.2757,-2.3265,-0.0094219,0.52434,-0.098396
-0.42515,-1.4206,0.49305,1.6457,-3.1593,-0.068168,-0.82665,-0.034899
-0.52746,0.62153,-0.92861,0.58049,7.1656,0.019264,-4.5407,0.084673
4.432,4.2906,1.3818,0.63042,-8.7045,-0.027692,0.68493,0.036362
4.4118,-1.7683,2.3144,-2.1813,-2.0583,-0.081683,-0.88394,0.46705
-0.9512,0.3222,-0.34793,-0.088473,5.2046,0.22291,4.6974,0.26706
-0.8384,0.1769,-1.5879,-0.17897,-1.623,0.034127,-1.9156,0.19626
-0.70317,-1.9209,-2.1088,0.12373,0.14246,-0.11559,0.63183,0.012292
-0.71447,-3.3994,-0.70103,0.31513,-4.3442,0.015767,0.77884,-0.04624
-0.71721,2.8416,0.22578,0.80551,4.9527,0.1287,1.5191,-0.089343
-0.59872,2.5514,1.6523,1.1685,-0.16213,0.035199,4.8846,-0.17073
-0.71871,-8.5679,2.7906,1.417,-3.4349,-0.056282,-1.2474,-0.19716
-0.70471,2.9886,-0.16168,-0.68313,4.5026,0.044087,0.37415,-0.145
-0.70458,-0.882,0.13455,0.51546,-1.8355,0.013238,2.4819,-0.052714
-0.86666,-0.17174,1.0776,-0.0070181,-3.026,-0.13412,3.3794,0.041157
-0.72661,-0.15253,-0.89483,0.89059,3.7852,-0.12061,0.2052,0.10227
-0.67675,1.1644,-1.314,-1.1553,1.8147,-0.019613,1.7821,0.036703
-0.68263,-0.12294,0.64957,0.054982,-6.8439,0.016588,-1.8465,0.025873
-0.44046,0.8983,-0.29886,-0.5306,5.5933,-0.14109,-1.5259,0.2207
4.4075,5.0827,0.082789,0.040531,-7.7683,-0.015121,-0.24152,0.064327
4.3685,1.2591,2.4168,0.89715,-3.0003,-0.0094989,-0.060577,0.039745
-0.74409,-2.1807,0.37743,-0.061375,3.715,-0.054781,0.53166,-0.055586
-0.9359,3.0844,0.58166,0.47892,-1.619,-0.020877,1.9292,-0.10492
-0.76946,0.63805,1.3254,0.77193,0.003794,-0.12909,2.9513,-0.15291
-0.71126,-4.8392,-1.0229,-0.98794,-8.3763,0.048451,1.0437,-0.1571
-0.7091,-2.1065,-0.94452,0.48047,3.6633,0.012032,1.6263,-0.034753
-0.62007,2.8694,0.77921,1.0482,1.0354,-0.020133,1.5346,-0.064445
-0.56459,-5.2159,-2.1692,-0.30697,-4.0932,-0.0037873,-1.4043,0.036849
-0.64958,1.1627,0.2872,0.20878,0.33985,0.012295,1.9007,0.10203
-0.704,-0.48563,0.54173,-0.17826,1.7776,-0.054453,2.8156,0.19412
-0.76093,1.2123,0.85241,0.16149,-4.5865,-0.037729,-5.2187,0.14875
-0.7568,1.8086,1.9819,-0.59262,2.1801,-0.099363,0.26791,0.16835
-0.65744,1.1061,0.30956,-0.70289,5.4414,0.17687,1.0914,0.11989
-0.66763,-0.16025,1.2416,-0.36547,-8.2231,0.036219,-1.8243,0.018012
-0.63003,-3.5718,-0.019405,-0.81689,4.5618,-0.084397,-1.2182,-0.052787
4.3847,4.6325,0.74624,-1.1949,-5.5626,0.013059,1.5721,-0.15204
4.3556,1.6367,-0.4007,1.7682,-3.1643,0.028268,1.459,-0.17375
-0.72886,-6.415,4.3851,-1.1649,1.3254,-0.059613,1.6292,-0.20205
-0.72717,2.4729,-2.7257,0.60239,-1.2947,0.056114,0.16221,-0.063423
-0.86609,0.78904,1.1792,0.48659,-1.5535,-0.096527,1.6845,0.025289
-0.75184,-2.8937,-0.28357,0.57273,-7.7665,0.038267,1.7837,0.15647
-0.69213,-3.3984,-0.1,-0.21062,0.15324,-0.046014,1.0407,0.34609
-0.7008,4.3779,0.39876,0.49805,1.8052,-0.1253,-0.54255,0.055833
-0.28598,-1.2477,-3.1042,1.0344,-4.8714,0.027607,-0.34465,0.15966
-0.58784,3.8508,1.982,-1.7856,-1.6569,-0.063791,-1.3386,0.14406
-0.69217,0.17166,0.57549,-0.95195,1.5146,-0.011784,0.84242,0.07192
-0.69197,0.491,2.0482,0.082183,-3.3541,0.035257,-2.0735,0.0084712
-0.70984,0.74603,1.2915,-0.59084,1.2699,-0.064856,-0.30862,-0.051205
-0.75913,1.1788,1.8087,-1.1903,5.5356,0.062756,-1.6271,-0.10027
-0.63468,-0.8319,1.4244,-0.94671,-9.3039,0.017467,-1.7321,-0.16662
4.416,-5.5738,-1.062,-1.1839,2.4203,-0.10466,-0.67415,-0.12045
4.4027,1.511,-3.2136,-1.8021,-1.6055,0.0080209,1.7658,-0.072306
-0.61428,0.35033,-2.5858,2.52,-3.4838,0.026426,1.5111,0.0059644
-0.69,-5.4593,1.0952,-1.3759,1.0038,-0.10459,-0.46465,0.14871
-0.72484,2.2217,-1.3726,0.9497,-1.8739,0.021902,-0.12246,0.053691
-0.7679,3.1245,0.91807,0.59316,0.21274,-0.11349,0.92666,0.1746
-0.90796,-0.22837,-1.4552,1.171,-6.9038,0.02556,0.9208,0.2297
-0.78075,-2.9541,0.71065,-0.2622,-2.1229,-0.020139,0.72255,0.16097
-0.6961,4.476,0.60418,0.48607,1.3768,-0.13346,-0.54016,0.086717
-0.6845,-1.6324,0.94009,0.18729,-5.1236,0.0041447,0.031005,-0.043612
-0.57665,2.3005,0.49869,-0.34393,-1.0127,-0.028155,0.26456,-0.10516
-0.62894,-0.28251,0.79552,-0.21957,2.6946,-0.13144,-1.2409,-0.15313
-0.67875,-0.15698,0.1254,0.22507,-4.7692,0.0046902,-1.611,-0.16956
-0.67799,0.42544,2.0952,-0.039306,-1.1416,-0.098356,-2.7943,-0.11996
-0.99189,0.95032,-1.1192,-0.34398,6.6931,-0.081619,-3.5587,-0.10691
-0.72849,-2.1379,0.7875,-0.62472,-10.731,0.02151,0.016922,0.066176
4.431,-6.1147,-1.9689,-0.6046,0.80362,-0.075362,-0.24397,-0.0098796
4.4088,1.3497,-3.1602,-1.2862,3.0463,0.023513,2.5854,0.14866
-0.37911,2.015,-3.8952,-0.29502,-2.527,-0.023264,0.50064,0.20887
-0.63069,-4.6434,-0.31948,-1.6183,-0.35969,-0.035509,1.3148,0.15479
-0.73644,1.5998,0.97394,0.59448,-1.0748,0.018834,-5.1291,0.13296
-0.71207,2.7092,-0.80656,1.6615,3.6946,-0.046265,2.2319,0.066858
-0.82919,3.1549,0.30191,0.76512,-3.6524,0.023859,3.0552,-0.056
-0.75776,-4.7882,0.31466,0.22259,-1.365,0.05501,-1.4775,-0.1075
-0.61908,2.8323,0.98636,0.00093982,1.4702,-0.095083,1.124,-0.18136
-0.68174,-3.2222,2.6261,-0.15224,-4.7891,-0.0016054,-1.0519,-0.15856
-0.67235,0.28962,-0.068279,0.15477,0.61289,-0.053382,-1.0272,-0.1257
-0.52912,0.41958,0.020868,-0.28526,2.0561,-0.097027,-2.769,-0.074837
-0.602,-1.0261,-1.5355,-0.51745,-4.3746,0.061511,-2.2548,0.043785
-0.6728,-1.7305,0.12475,1.0174,-1.3369,-0.052535,-1.9013,0.088226
-0.66866,1.0421,-1.6445,-1.5315,7.324,0.023628,-2.5216,0.031203
-0.78331,1.7878,0.020694,-0.48468,-9.9982,0.066465,-0.15758,0.21001
4.423,-2.581,-0.18436,-0.89405,-0.73874,-0.05523,0.71353,0.23138
4.3932,0.56535,-2.8021,-0.64488,5.0326,0.097782,1.6026,0.12926
-0.72168,4.7412,0.39926,-0.86774,-2.3371,-0.010391,-1.3484,0.0028004
-0.45297,-3.7219,-1.5813,-0.3391,0.20529,-0.09747,-1.5383,-0.046362
-0.67466,-2.5837,-1.0184,0.050878,-4.1669,0.023275,0.30812,-0.15381
-0.7012,3.2417,-0.46359,0.46033,4.787,0.080827,3.0266,-0.19779
-0.69848,1.252,-0.014818,0.85945,-1.1492,0.004979,3.1814,-0.13773
-0.92944,-7.5021,0.78185,0.70236,-0.407,-0.011142,-0.29054,-0.14968
-0.79012,1.5343,-0.34196,-0.064041,3.6309,-0.015563,0.95368,-0.070189
-0.67544,-2.1747,-2.2432,-0.41319,-5.7167,-0.017078,-2.0906,0.049164
-0.67754,0.37696,-0.95836,-0.069667,0.68588,-0.050847,0.68048,0.11497
-0.45732,0.18953,-1.03,0.26427,1.5779,-0.15692,-2.1609,0.24864
-0.57588,0.62351,1.9399,-0.85975,-1.381,0.0083995,0.09683,0.048191
-0.66807,1.252,0.68804,0.72006,-3.9477,0.041584,-1.9021,0.070703
-0.66216,0.77509,-1.0654,0.32962,6.9998,0.029648,-2.8482,0.081777
4.4171,5.145,1.3423,-0.28444,-8.6169,-0.002799,-1.0939,0.00063437
4.3799,2.5107,3.4627,0.059722,-1.934,0.022056,-0.35542,-0.089221
-0.7578,-0.75462,0.30904,0.51327,4.7866,0.047065,1.1588,-0.17087
-0.71892,1.6629,0.03475,0.98301,-1.9249,0.088958,-1.1886,-0.21636
-0.70412,-2.2948,-1.5025,0.3116,-0.92626,-0.092054,1.8619,-0.10012
-0.60314,-4.5206,-0.32394,-0.74319,-4.5791,0.031348,0.93208,-0.14573
-0.6354,-0.92747,-1.7891,0.1479,4.8852,0.049914,2.4115,-0.04259
-0.70096,1.6905,0.050926,1.0751,0.18671,0.036187,2.899,0.076763
-0.69072,-6.6896,0.020514,1.1932,-2.5328,-0.020903,-0.81022,0.0084712
-0.8551,3.1336,3.2539,-0.83887,2.7651,-0.042389,-1.1812,0.057317
-0.71142,-0.74459,1.3882,0.73677,0.26646,0.042547,0.57092,0.26721
-0.67539,1.0243,3.994,-0.13427,-2.0593,0.002136,-2.947,0.15328
-0.66502,3.089,-0.42696,-0.48283,3.6883,-0.049929,-0.14615,0.040305
-0.32931,1.3051,0.48206,-1.0009,2.7983,0.047334,2.1508,0.0013645
-0.61892,0.83864,1.7425,-0.85727,-7.7342,-0.0129,-1.1864,-0.080021
-0.65701,-3.879,0.82809,0.22587,5.8588,-0.048331,-1.5747,-0.16041
4.4037,3.458,0.65053,-0.52634,-5.7308,0.050896,-1.0393,-0.13924
4.3778,0.044836,0.32411,0.80893,-1.604,0.0096958,-1.1066,-0.15345
-0.75168,-4.0067,-2.1696,-1.7432,5.1382,0.098636,0.37707,-0.11935
-0.69645,1.521,-1.8619,0.37511,-3.2279,0.030777,0.97164,-0.022219
-0.70652,-0.29064,-2.2229,-0.24266,1.7071,-0.03334,2.9032,0.069194
-0.32234,-4.5958,-1.0002,0.95685,-7.7068,0.0096637,1.5575,0.27256
-0.65695,-1.0887,0.68262,-0.59153,2.7274,-0.022353,1.0988,0.32455
-0.69733,3.3088,0.72603,1.0004,-0.92554,-0.048607,-0.76125,0.16224
-0.69517,-4.6816,-1.3231,0.90624,-2.4196,-0.028142,-1.8994,0.16044
-0.9054,2.7995,2.4091,0.31888,0.29128,-0.065883,0.012331,0.045659
-0.85843,0.57994,0.31926,0.1605,0.11306,-0.0061746,2.6602,-0.020467
-0.73055,1.1112,2.8149,-0.069911,-4.1618,-0.027956,-3.7054,-0.12385
-0.67134,0.83848,-0.02509,-0.9911,2.7985,-0.039886,0.57181,-0.14697
-0.66923,0.61975,1.1379,-0.31644,4.231,-0.050102,1.4649,-0.078683
-0.52552,-0.14549,0.72099,0.1196,-9.3435,0.056903,-3.3511,-0.15873
4.8694,-6.1291,-0.81203,-1.4065,4.4532,-0.23919,-2.2146,-0.1048
4.4162,1.6598,-1.601,-1.4045,-2.9467,-0.010275,0.79452,0.030838
4.368,2.5559,-1.0935,1.8036,-2.0904,0.054195,0.58305,0.046341
-0.92196,-4.3821,0.79694,-0.58219,2.4768,-0.11484,1.3325,0.13668
-0.79747,1.8344,-1.1342,0.96464,-4.4221,0.0050367,-2.5439,0.078272
-0.70649,2.4169,-1.2757,0.34301,2.778,-0.038974,1.9074,0.30727
-0.69473,1.5879,-1.5654,0.86125,-7.2287,0.062448,1.2663,0.096039
-0.50362,-3.3529,0.78946,-0.28216,2.2698,-0.022976,0.50084,0.065008
-0.68392,3.1852,0.24151,1.3769,-0.97016,-0.062796,0.89636,-0.049721
-0.69688,-2.714,0.51092,0.15424,-5.8414,-0.003075,-2.5476,-0.078342
-0.68467,3.3434,-1.438,-0.57505,2.3731,-0.044866,0.59031,-0.17645
-0.84262,0.19645,0.52487,0.1979,-0.1868,0.0036441,-0.54148,-0.17749
-0.78968,-0.71312,0.67877,0.82095,-5.3013,-0.042164,-4.6278,-0.13975
-0.67145,1.2187,0.90981,-0.7324,1.5847,-0.03642,-1.4032,-0.12317
-0.6615,0.0068305,0.37987,-0.52713,6.7317,0.22613,-2.5204,-0.061281
-0.52019,-0.4266,1.5849,-1.162,-10.404,0.0066475,-1.8291,0.095868
4.444,-7.1792,-1.9428,-1.1445,1.7957,-0.10514,-0.90272,0.015553
4.4197,0.38107,-4.2626,-2.1828,0.97591,-0.01557,0.74619,0.3567
-0.72211,3.1785,-1.1712,1.6135,-2.6645,0.02411,2.0482,0.22303
-0.82801,-1.4775,0.7851,-1.5257,1.4738,-0.11991,0.16801,0.052839
-0.84506,1.6722,-0.080985,0.96787,-4.8318,0.033062,-2.4603,0.034221
-0.65065,2.8153,-0.53645,1.2714,2.5513,0.013335,-0.43578,-0.033731
-0.69588,1.2625,-0.37774,0.82911,-3.7502,0.060747,1.4081,-0.12804
-0.69672,-4.2329,0.67895,0.17034,0.31669,0.010004,0.91619,-0.092799
-0.53747,2.2904,0.56045,0.15785,0.00056995,-0.085456,0.60024,-0.19181
-0.679,-3.7534,2.0153,-0.2416,-6.0631,0.065002,-0.34664,-0.14259
-0.68392,-0.054538,-1.5095,0.05434,2.1517,0.034917,0.48786,-0.068704
-0.67964,-0.9258,3.6149,0.30306,2.4519,-0.067866,-3.3091,-0.015672
-0.86001,0.4025,-2.3463,-1.7825,-3.7231,0.041045,-4.2307,0.11578
-0.76177,0.55547,1.4059,0.01893,-1.421,0.02968,-2.2219,0.0097367
-0.65548,-0.35459,-0.5091,-0.70253,7.0265,-0.27798,-1.7496,0.14245
-0.65869,3.6058,1.6657,-0.17792,-10.315,0.077972,-1.0111,0.15895
4.4224,-3.7247,2.2119,-1.4949,-1.6601,-0.036882,-1.3542,0.082142
4.3818,1.2071,-0.17536,0.11475,4.5663,0.06873,0.97322,0.046876
-0.71369,4.485,0.48878,0.31737,-3.2718,-0.0065276,-0.065625,-0.050256
-0.7129,-4.7197,-2.7757,0.17202,0.10306,-0.11795,-1.204,-0.10835
-0.8756,-1.9907,0.55614,-0.28466,-5.0844,0.028595,-0.37892,-0.15372
-0.80588,1.748,-0.51518,1.4228,3.0474,-0.061564,1.2451,-0.16148
-0.76472,1.4168,0.8899,1.45,-2.1889,0.07957,2.4019,-0.1046
-0.69106,-6.1775,-1.8931,0.27431,0.48773,-0.0070474,-3.3897,-0.057898
-0.62172,1.9691,-0.29167,-0.45482,1.2187,-0.13526,-1.5555,0.065178
-0.4867,-3.0994,1.6933,-0.78524,-5.3962,-0.0050323,-2.1747,0.14661
-0.72767,0.55254,-1.591,0.14008,2.3236,0.0072508,0.22071,0.22978
-0.67872,0.45364,0.87563,-0.37839,3.2164,-0.14087,-3.7237,0.22264
-0.67261,1.6446,1.5824,-1.8851,-2.2699,0.059964,-0.37572,0.052377
-0.73108,0.1907,1.1672,0.60391,-3.3351,0.021722,-0.60339,0.10507
-0.68126,0.11432,0.087716,0.050891,6.8411,-0.20486,-4.6505,0.026238
-0.54717,3.6891,2.1452,0.60104,-8.9288,-0.009255,0.70509,-0.06812
4.3962,-1.8038,2.3064,-1.1466,-1.0742,0.020747,-0.33838,-0.091752
4.3632,-0.88259,-0.74831,-0.69873,5.313,0.070386,2.2734,-0.16299
-0.67377,2.6736,-1.9187,-0.18516,-2.7705,0.042714,-0.96543,-0.1534
-0.7081,-2.7999,-3.7452,0.24628,0.43054,-0.093883,1.3416,-0.1056
-0.70832,-4.5579,-0.44994,0.35214,-4.7165,0.083734,0.86831,0.065519
-0.98774,-1.6934,-0.69094,0.62366,2.8,0.0084573,1.1139,0.17686
-0.74444,1.7844,0.029694,0.63543,-1.5658,0.067768,3.5776,0.25579
-0.67622,-5.7011,-1.1723,0.46273,-0.50408,0.0094969,-4.7999,0.12344
-0.67309,3.5387,-0.51702,-0.47181,2.6789,-0.094852,-0.10669,0.098351
-0.47787,-0.45106,-0.63953,-0.63067,-4.6645,0.0051908,-2.5166,0.18665
-0.61099,2.4847,0.41102,-0.053147,-0.55608,-0.054165,-1.5742,0.10947
-0.69136,1.3616,-1.6173,0.43656,4.5045,-0.12465,0.30186,0.01015
-0.66732,1.5066,0.50802,-1.1233,0.85591,0.049844,0.34741,-0.046021
-0.8402,0.78562,0.80787,0.34161,-6.0017,-0.019895,-3.2968,-0.10395
-0.83725,-1.0698,0.35847,-0.63265,6.8523,-0.2719,-3.1285,-0.15985
4.4273,3.2696,-0.98494,0.15865,-7.9678,0.059213,0.0064417,-0.13814
4.406,-1.4468,-0.13533,-0.80149,-1.7181,0.030899,-1.7707,-0.11453
-0.72611,-4.2529,-1.4498,-0.79114,5.6092,0.087309,2.2918,-0.04001
-0.50519,1.0524,-1.7871,0.60064,-3.0333,0.0016226,0.83735,0.053521
-0.76053,0.0038379,-0.78877,0.11568,0.74,-0.065395,0.33349,0.060457
-0.70924,-2.8563,-1.0753,0.68879,-5.0745,0.028037,0.08229,0.19845
-0.70538,1.6691,0.21512,0.87537,4.0742,0.023699,1.3664,0.062161
-0.85054,3.3461,-0.42842,0.59754,1.5823,0.044062,0.63612,0.16002
-0.75943,-3.1606,-1.0197,1.2427,-2.2334,0.020477,-0.76795,0.096307
-0.67938,3.4589,1.1104,0.13239,1.9312,-0.025883,-0.04923,-0.015137
-0.67767,-0.081735,0.63183,-0.19042,0.11148,-0.010044,0.7945,-0.083526
-0.42777,1.6177,3.1829,-0.038317,-1.4634,0.0077,-7.2045,-0.15895
-0.62193,0.11383,2.4341,0.12507,4.7545,-0.0572,1.3973,-0.15759
-0.66742,0.99251,2.2382,-1.7578,4.8245,0.06676,1.4441,-0.13352
-0.66647,-1.8523,0.57047,-0.90337,-6.8003,-0.012098,-1.8473,-0.1186
-0.96717,-3.778,-0.98481,0.55364,6.3517,-0.086817,-0.97901,0.026968
4.4313,3.4805,-0.28158,-0.97363,-6.8419,0.051878,-2.4074,0.017914
4.4132,0.61702,-1.673,0.95983,-1.4384,0.071548,1.5032,0.21822
-0.7139,-5.6383,1.5848,-0.55499,4.7018,-0.040823,-0.69015,0.17022
-0.63444,2.9485,-1.368,0.39746,-2.9279,0.022358,1.7086,0.15905
-0.55919,2.4765,-1.2312,0.6627,1.062,-0.033051,2.3977,0.14498
-0.78627,-0.22082,-0.69144,0.37877,-5.51,0.05689,1.4087,0.067174
-0.70636,-1.3519,0.0659,0.090308,2.7316,-0.0067073,1.4213,-0.079389
-0.87212,3.9211,0.41775,-0.52049,1.8317,0.027633,-0.30147,-0.085449
-0.77352,-3.266,-1.3466,0.82302,-2.242,0.00042255,1.3443,-0.17861
-0.65601,2.3524,0.30391,-0.73971,0.32633,-0.062578,-1.8353,-0.18282
-0.67236,-1.4574,0.52012,-0.93071,0.93694,0.045011,0.67512,-0.11212
-0.66976,0.057455,2.1812,0.55288,-3.0647,-0.039732,-2.0346,-0.037746
-0.47646,-0.93786,0.93512,-0.5356,3.595,-0.070946,-0.83475,0.0087876
-0.65071,-0.32844,0.49601,-1.5234,6.2642,0.21188,0.011059,0.11631
-0.672,-0.94455,0.87472,-0.57022,-7.124,0.081784,-1.4875,0.07871
4.4249,-2.7465,-2.0315,0.28146,4.8585,-0.042966,-1.4107,0.061284
4.4204,4.6893,-0.65904,-0.37991,-1.3788,0.067774,1.1321,0.2425
4.3894,4.2185,-1.814,1.639,-1.8448,0.049452,1.6442,0.11673
-0.71111,-3.675,2.6781,-0.4352,3.6961,-0.027179,-0.40197,0.036533
-0.71358,0.99236,-2.1106,1.2621,-2.0643,-0.0062773,-0.29911,-0.037868
-0.44054,3.8299,1.3824,0.29338,1.2428,-0.05609,1.3341,-0.15476
-0.60144,0.82334,0.27553,1.5607,-3.8636,0.079698,1.2761,-0.18178
-0.70332,-2.6143,1.8052,-0.32635,1.0476,0.026125,2.6773,-0.20278
-0.70104,0.76435,1.4774,-0.07214,1.5327,-0.070593,2.4145,-0.10711
-0.84582,-3.4719,3.9781,0.56871,-2.2863,-0.019773,0.0058124,-0.084475
-0.82316,0.091903,-2.8891,-0.014841,1.6198,-0.0011369,0.55084,0.08387
-0.63102,-1.3714,0.4887,0.17478,1.8462,-0.10344,0.061426,0.15248
-0.67076,-0.59091,-0.5031,0.57748,-4.5214,-0.008132,-3.3152,0.15995
-0.47996,1.1506,1.7135,0.028443,0.27675,0.0046838,-1.3681,0.027917
-0.52748,1.8841,-0.35465,0.012629,7.8372,0.14919,-2.8501,0.080633
-0.71803,0.66931,1.893,0.035296,-8.2879,0.010325,-1.5375,0.13744
4.4156,-6.2733,-1.9548,-1.0832,2.5072,0.0013146,0.12954,0.0069622
4.3785,3.1553,-3.6108,-1.0125,4.4377,0.045435,2.2441,-0.02604
-0.91946,3.6276,-2.7659,0.72187,-2.1314,0.066959,1.3329,-0.12478
-0.79188,-3.3821,0.62558,-1.7521,2.7722,-0.052528,2.6076,-0.15398
-0.71113,1.5067,1.4853,-0.55874,-1.9517,0.068718,-1.3351,-0.12076
-0.69747,1.1649,-0.41024,0.87074,2.6745,-0.021153,4.1215,-0.038647
-0.53497,0.67179,-0.30226,1.1994,-2.2647,0.032709,3.0535,-0.020223
-0.65142,-5.7238,2.0545,-0.16661,-0.87145,0.0099269,-0.56597,0.063426
-0.70645,1.3306,-0.1881,0.83881,3.51,-0.086098,0.028077,0.13211
-0.70259,-1.3902,0.023932,-0.19513,-5.3137,-0.020197,-1.1478,0.0072056
-0.91083,1.4753,-2.8435,0.0098869,0.31631,-0.026088,-0.69636,0.19042
-0.68705,0.71376,0.78422,-0.35306,2.7365,-0.14052,-3.5967,0.15484
-0.67086,1.8078,0.79462,-0.02725,-3.1657,0.037933,-2.3327,0.092145
-0.65979,-0.11711,2.3515,1.7734,-0.82306,-0.019305,-0.25648,-0.022438
-0.4244,0.93438,-0.57486,-0.13432,6.9879,-0.14078,-3.3611,-0.050865
-0.58608,2.3651,1.6761,-0.14851,-9.0586,0.037041,-0.96573,-0.13471
4.4,-2.9839,-0.014458,-1.6435,0.24634,-0.011123,1.4024,-0.17477
4.3736,-2.4601,-0.064977,-0.9828,5.9618,0.19107,3.6582,-0.16606
-0.86414,3.0766,-0.67687,-0.13928,-2.9251,0.0026623,-0.38576,-0.10609
-0.74736,-3.5154,-0.72178,-0.32516,1.041,-0.098651,0.21786,-0.02694
-0.59243,-3.2971,-0.84233,0.65609,-3.1599,0.032472,0.92061,0.16538
-0.69635,1.3137,-1.3713,0.64246,4.7975,0.054407,2.5117,0.25937
-0.66291,1.7777,-0.6389,0.1953,0.85089,0.099477,3.3703,0.285
-0.43213,-4.7706,-0.82316,-0.053404,-1.703,0.073556,-4.169,0.20261
-0.67345,2.8934,-0.39193,0.1851,4.4486,-0.033802,0.63541,0.21989
-0.69493,-0.51516,-1.6222,-0.28686,-3.6491,0.019534,0.5779,0.093435
-0.69195,2.7715,1.3744,-0.15302,0.91047,-0.028886,-1.8034,-0.015842
-0.84121,0.80075,-1.0993,0.24933,3.9997,-0.12809,-2.9448,-0.098177
-0.6793,1.1518,2.805,-0.85104,-1.0874,0.012962,-0.10588,-0.10713
-0.66201,-0.27729,0.046506,-0.055254,-1.9217,0.024681,-0.64635,-0.145
-0.66433,-0.1439,-1.9575,0.015173,7.1428,-0.016943,-2.8474,-0.071868
4.4404,2.1478,1.0094,-0.38637,-8.4154,0.07081,-2.0678,-0.10455
4.4154,-0.95732,1.9569,-0.035112,-2.4785,-0.031755,-0.4048,0.02266
0.063378,-4.5242,0.096151,-0.16501,6.563,0.22636,1.4001,0.078224
-0.72897,3.106,-2.1653,0.41867,-2.8472,0.021074,-0.050861,0.083456
-0.90706,-0.71481,-2.3228,0.26254,-0.21804,-0.059055,2.938,0.061771
-0.78332,-5.4387,-0.69871,0.073833,-3.465,0.06393,0.60482,0.38194
-0.70033,-0.2242,-1.172,-0.20114,4.332,0.0063202,2.8188,0.32513
-0.69596,3.3578,0.32935,0.62639,1.4913,0.040269,4.5726,0.066128
-0.43798,-5.0589,0.7286,1.5585,-1.8019,0.030732,0.52598,-0.036627
-0.59084,3.8156,2.7541,-0.58252,3.8517,-0.09145,0.91056,-0.070213
-0.6712,-0.69498,2.4118,0.59786,-0.1605,0.048656,0.62691,-0.1838
-0.68658,0.83246,3.0379,-0.55813,0.28357,0.00684,-2.1814,-0.2232
-0.81754,0.47773,2.2743,-0.44024,3.9969,-0.082723,-0.67411,-0.14374
-0.74015,0.24397,1.0076,-1.4172,2.3164,-0.0096337,1.1132,-0.097496
-0.68266,-0.98543,1.3192,-0.092616,-6.2818,-0.026409,-1.1895,-0.071966
-0.65675,-4.3034,-0.10149,0.48228,6.4672,-0.053902,-1.8445,0.15367
4.4352,3.8886,0.20801,-0.66832,-6.9214,0.062775,-1.1105,-0.031346
4.4122,1.8255,-0.78108,1.6769,-1.6564,0.061921,-0.28128,0.20393
-0.68361,-5.9712,-1.2529,-1.1141,5.5801,0.10364,1.0532,0.20704
-0.72617,2.1858,-2.081,0.96878,-2.5425,0.084318,0.38057,0.14265
-0.716,3.295,-0.76261,-0.96853,1.3236,-0.037171,1.71,-0.010464
-0.85893,-0.92401,-0.16598,1.1829,-4.8096,0.064694,1.6138,-0.044391
-0.64924,0.77913,1.164,0.51966,4.3897,-0.03058,1.6545,-0.13992
-0.69206,2.7734,1.7485,0.8939,1.5117,0.032074,1.2559,-0.16119
-0.68804,-4.5669,-1.5839,0.65485,-1.5691,0.0010515,-2.9377,-0.1379
-0.612,2.0914,2.0567,0.19422,1.5079,-0.20295,-0.74399,-0.14863
-0.55915,-2.5645,0.011585,0.44688,1.274,0.0034516,4.0689,-0.042906
-0.68502,-0.8254,1.9745,0.40326,-1.5083,0.050781,-2.5127,-0.0094902
-0.68593,0.013195,1.3091,-0.30551,4.3053,-0.14263,-0.75193,0.024437
-0.82646,0.87336,0.54533,-0.069038,4.2469,-0.041047,-0.18193,0.032201
-0.72331,-1.0612,-0.47356,-0.22128,-7.8044,0.027376,-3.5761,0.17202
-0.65087,-3.189,-2.0092,-0.71627,5.2697,-0.10503,-1.1501,0.16939
4.418,5.0614,-0.65096,-2.0614,-2.6527,0.047058,3.3095,0.06143
4.3847,3.4136,-2.681,0.89401,-0.99674,0.042926,2.3992,0.040475
-0.58988,-4.1057,2.0891,-1.5604,5.5307,0.031438,1.6228,-0.034461
-0.66369,0.78905,-2.3733,0.66479,-3.5447,-0.0072977,-1.0693,-0.10677
-0.70978,1.3176,-0.83348,-0.55891,3.9167,0.037843,1.9015,-0.18876
-0.76463,-3.2638,-0.77876,0.84137,-5.9466,0.017615,1.3726,-0.17126
-0.87858,-0.9087,0.81647,0.75111,4.6191,0.029725,0.48991,-0.091606
-0.72572,2.2283,-0.63212,0.88183,1.8757,-0.037627,1.7504,-0.07547
-0.68421,-6.1568,-0.36578,0.80002,-5.3681,0.040866,-2.3005,0.075254
-0.67724,3.6494,-2.3596,-0.8759,1.9741,-0.058464,0.21577,0.043931
-0.47981,-1.1251,0.4687,-0.53647,2.1298,-0.03608,0.46689,0.22357
-0.61341,0.036879,-0.80528,0.83654,-4.7681,-0.007471,-2.0405,0.19612
-0.67289,1.4523,2.759,-0.36086,2.6377,-0.05163,-1.525,0.10782
-0.66644,2.2184,1.2194,-0.40788,6.64,0.26025,-1.069,0.020518
-0.82118,0.79182,2.0938,-0.42733,-8.4891,0.074326,-2.2919,0.025313
4.4304,-5.505,-2.9088,-0.4869,3.608,-0.081946,0.29945,-0.06133
4.3885,3.1336,-2.4164,-1.1628,1.0195,0.048413,2.7206,-0.14668
4.6312,3.7069,-0.020259,1.7132,-2.0974,-0.0087737,1.5926,-0.12446
-0.51283,-2.6931,2.1278,-3.1128,4.3613,-0.10816,0.6798,-0.16214
-0.66956,1.7486,0.23838,0.57581,-4.6309,0.0062111,-2.7683,-0.12483
-0.71963,-1.8545,-1.2311,0.36394,4.6168,0.010017,1.3212,0.1618
-0.70899,-4.1525,-1.8035,0.80311,-4.9959,0.067793,2.1498,0.26207
-0.92352,-3.5294,0.11202,0.21049,2.6325,0.039807,0.95177,0.30021
-0.75827,1.7976,-0.065304,1.1981,1.9402,-0.051469,-0.015161,0.3225
-0.70617,-2.4297,0.07772,-0.45097,-5.5777,0.016242,-0.28683,0.067758
-0.67409,3.2556,-0.92059,0.052445,3.425,-0.033301,0.38444,0.20235
-0.53268,0.71751,1.9183,-0.32114,3.239,-0.053202,-1.8599,0.1295
-0.65123,2.1494,0.66849,0.4672,-4.1878,0.038716,-2.8094,0.020202
-0.6204,1.7274,2.4743,-1.4654,2.2592,0.02411,-0.30304,-0.051692
-0.66446,1.5776,0.74331,-0.15734,8.2326,0.41876,-2.9624,-0.087371
-0.81596,1.1842,1.881,-0.024045,-8.5624,0.046327,1.8628,-0.13008
4.4163,-4.8974,0.010018,-0.34146,2.2422,-0.064587,0.065664,-0.13868
4.4,1.9332,-0.47935,-1.6018,4.5904,0.071522,-1.1737,-0.093553
-0.71079,1.28,-0.71728,0.82405,-0.83212,-0.0011176,-0.28175,-0.0055718
-0.71676,-3.8291,-2.7818,-0.60108,2.3347,-0.087234,0.32366,0.00080474
-0.36583,-0.11815,-0.46916,0.30837,-4.3896,-0.011058,-0.95412,0.094384
-0.69289,0.85096,-2.2408,-0.082718,4.8379,0.09347,2.2057,0.29352
-0.70573,0.95857,-0.091309,-0.021303,-1.5844,0.0079952,2.4137,0.30717
-0.69462,-3.1901,-0.5271,0.058945,1.5947,-0.015904,2.0732,0.11643
-0.91791,3.8616,2.2188,0.70858,3.8693,-0.10018,0.48238,0.11028
-0.73996,-1.5343,2.6171,-0.60692,-5.7222,-0.014973,-0.90613,-0.030567
-0.67808,1.6905,0.8975,0.40253,3.2005,0.043317,1.5249,-0.10536
-0.67314,0.13978,3.9559,-0.22594,5.2623,0.075257,-0.39724,-0.12137
-0.43149,0.57542,0.3286,-1.8835,-3.9695,0.021215,-0.78753,-0.16462
-0.63036,-0.74917,2.122,1.0082,-0.37145,-0.022597,-0.99441,-0.14481
-0.65696,-1.8297,-0.22465,-0.47001,7.4063,-0.00093795,-2.3689,-0.10672
-0.71614,1.1547,2.2785,-0.67595,-8.5698,0.052231,0.45078,-0.058458
4.4224,-1.7116,-0.26283,-0.5299,0.49745,-0.02637,0.22461,0.048361
4.3961,-1.3459,-1.7477,0.09896,5.986,0.26687,2.4811,0.17375
-0.78027,2.4104,-0.82426,0.79384,-0.77321,0.023949,1.3009,0.21315
-0.71767,-0.4703,-1.6104,0.23354,1.7014,-0.085649,0.89012,0.14919
-0.67105,-0.62201,-1.5461,0.68707,-2.8935,0.0040484,0.53349,0.13347
-0.5677,2.889,-0.79631,-0.076745,4.9962,0.093361,2.1944,0.075814
-0.68483,3.3763,0.98069,0.36678,0.1444,0.024565,6.1692,-0.061038
-0.69743,-6.7355,0.94753,1.3078,-1.3103,-0.029207,-0.66014,-0.10105
-0.6914,4.2358,0.94015,-0.44142,5.3845,0.028024,0.39201,-0.10244
-0.7693,-2.5008,2.3961,-0.51797,-3.92,0.067055,-1.0031,-0.17937
-0.70222,0.4706,1.2656,-0.10026,1.4405,0.00026853,0.52672,-0.14751
-0.67544,-0.79666,-1.2291,0.20154,5.1582,0.061703,1.633,-0.015088
-0.66518,1.3126,0.27135,0.0068617,-0.021555,-0.0010085,-0.17537,-0.052982
-0.49221,-0.92403,0.859,0.56851,-5.0099,0.018436,-2.51,0.06182
-0.63998,-0.3727,0.32614,-0.38403,7.1062,0.030482,-1.5726,0.13323
4.3806,3.5869,1.3583,-0.044277,-6.6132,0.02049,1.1955,0.1921
4.4118,-0.049587,-0.74535,-0.33168,-1.6558,0.020946,-0.011732,0.19234
-0.85815,-1.3268,0.74396,-1.3638,6.7036,0.30883,1.7866,0.114
-0.72632,2.4562,-1.907,-0.50168,-1.3775,0.063802,0.20472,0.050892
-0.7105,0.17507,0.049981,-0.18835,2.3426,-0.051996,0.97219,-0.042419
-0.70377,-2.983,-0.14598,-0.59018,-4.6682,0.074474,0.43306,-0.17642
-0.62403,1.0503,0.4457,0.22455,6.0695,0.26569,1.6133,-0.26487
-0.69025,2.2118,0.53252,1.2235,1.9927,0.05508,2.5084,-0.23987
-0.68401,-10.19,5.0537,1.0765,-4.5403,0.038369,-2.1891,-0.10229
-0.69115,2.9983,-0.79577,-0.38332,5.6367,0.1998,2.0564,-0.11203
-0.81826,-1.8056,-1.0845,0.25496,-0.1004,0.020188,2.1699,0.047899
-0.82154,1.2209,-0.068536,-1.1878,-1.8562,-0.058529,-1.2761,0.18035
-0.64247,0.88724,-2.012,-0.63708,4.862,0.026933,-0.29885,0.18232
-0.66692,2.288,-1.626,-1.5105,3.9389,0.016781,-0.1162,0.044783
-0.66553,0.23808,1.2123,-0.5326,-7.3241,-0.043711,-3.6925,0.018012
-0.49137,-0.46212,0.1105,-0.75976,5.6124,-0.010192,-1.5741,0.12174
4.4093,4.3941,-0.75081,-0.94493,-4.5434,0.044973,2.4232,0.0031412
4.3723,0.91836,-2.0513,1.561,-2.5831,-0.035124,-0.5083,-0.07934
-0.72428,-4.6709,1.623,-1.2304,4.6087,-0.051636,2.261,-0.080971
-0.76619,1.1252,-0.83374,-0.99878,-1.344,0.055883,0.33874,-0.14994
-0.74906,0.73187,-0.94296,-0.21937,2.1088,-0.019767,1.4766,-0.16781
-0.70502,-4.5936,-2.1839,-0.37867,-4.9171,0.042887,0.69413,-0.048699
-0.70255,-0.6162,-1.5419,0.31018,4.9026,0.12232,1.2309,0.02008
-0.44603,2.5614,-0.12487,0.71468,3.7064,-0.11378,1.4158,0.058972
-0.65086,-6.2671,-1.8434,1.508,-3.9519,0.0034644,-2.0383,0.14342
-0.69418,2.272,1.3282,-0.15476,1.9221,-0.005488,-0.88323,0.072723
-0.68579,0.36471,0.68917,0.051899,1.8952,-0.066114,0.70971,0.17932
-0.87272,0.52837,2.6792,0.78178,-2.5151,-0.072082,1.2477,0.1543
-0.69242,1.3408,4.4161,-1.0493,3.9559,-0.050609,-0.32748,0.088713
-0.67212,1.1853,0.63878,-0.87895,6.5034,0.26926,0.33121,0.0052099
-0.66321,-0.51482,2.1094,-0.27051,-8.096,0.030598,-1.4868,-0.0808
-0.59148,-4.511,-1.0883,-0.32573,4.4022,-0.032769,1.319,-0.14359
4.3964,4.5127,-1.2668,-1.3456,0.20239,0.035045,1.9459,-0.17652
4.3716,0.44942,-2.4138,0.9219,-1.7934,0.061017,0.15358,-0.18076
-0.72166,-7.3739,1.2805,-1.7022,3.0779,-0.081606,0.022336,-0.10597
-0.97179,0.36919,-1.5784,0.17574,-1.5169,0.030206,0.86196,-0.031905
-0.78706,-0.83574,-1.6343,0.61598,2.057,-0.04511,0.77303,0.158
-0.64616,-2.9223,-1.0029,0.72538,-5.0061,-0.001753,1.7536,0.28901
-0.69321,-2.1731,0.66005,-1.2838,1.7236,0.017641,0.70031,0.30987
-0.69251,4.3381,0.060774,0.73569,3.6315,-0.24282,0.66128,0.031276
-0.51491,-2.0234,1.0309,0.41709,-4.2972,0.03921,-0.1755,0.18015
-0.68301,1.9867,0.40625,1.2087,0.34798,-0.052381,-0.89064,0.080536
-0.68212,-0.29078,0.94901,0.26878,3.3815,-0.057226,-4.0396,-0.047433
-0.67873,2.5346,-0.026786,-0.83879,-3.9883,-0.011347,-4.3816,-0.06683
-0.83577,1.056,0.59613,-0.39366,-0.61083,-0.06494,-0.98341,-0.10597
-0.68068,0.95925,-0.31896,-0.20646,6.755,-0.084513,-3.0125,-0.15603
-0.65437,-0.019769,1.4024,0.45643,-8.4045,-0.019119,-1.0611,-0.12327
4.4929,-4.405,-0.10343,-1.6631,1.9023,-0.0060976,-0.63049,-0.082114
4.4255,0.67868,-3.1022,-0.91147,3.9974,0.0028163,2.4103,0.092242
-0.67314,1.7799,-0.99151,1.0785,-4.1352,0.0060699,0.78056,0.11587
-0.72361,-7.1438,-1.5958,-2.7411,0.99123,-0.061635,2.1174,0.18959
-0.70929,3.4627,2.1553,0.31179,-1.9476,0.027825,-0.58283,0.032493
-0.98206,2.2688,-2.1323,0.51257,4.1092,-0.011411,4.039,0.40085
-0.85981,2.1513,-1.2519,0.66818,-2.7236,0.0066732,4.4991,0.28468
-0.68996,-5.3848,0.50696,0.43428,-2.2954,-0.0059949,0.41901,0.14469
-0.68787,3.6028,0.61176,0.28726,3.3344,-0.17381,-1.2162,-0.048212
-0.53393,-1.7217,2.949,0.89198,-5.6228,0.029468,-0.95134,-0.077247
-0.59874,1.53,-0.062022,0.42993,1.2585,-0.077377,-1.7257,-0.18302
-0.73868,0.32247,0.88397,-0.32164,3.1083,-0.12337,0.17438,-0.18455
-0.67056,-0.14436,0.083117,-0.099912,-4.2595,0.047886,-2.0706,-0.12677
-0.89925,-0.85403,-0.37798,0.99903,-1.9087,-0.0079202,-2.2858,-0.10799
-0.83195,0.66342,-1.9449,0.25637,6.3711,-0.24539,-4.0791,-0.054418
-0.7107,-0.71243,-0.60119,-0.43225,-8.6084,0.042733,0.10427,0.21043
4.444,-0.35961,-0.25532,-1.2023,0.48768,-0.028796,1.023,0.024364
4.4068,0.72125,-0.0029719,-0.052569,6.4985,0.31512,2.621,0.047339
-0.58873,4.6785,-2.1834,-0.45364,-4.8994,-0.020261,2.2459,0.2141
-0.68192,-3.3508,-0.7541,-0.20922,0.42078,-0.093196,0.0077325,0.090636
-0.70803,1.7155,1.7805,-0.16282,-2.662,-0.030125,0.53501,0.036411
-0.70636,2.9025,-1.8505,0.61554,4.6902,0.048599,2.8664,-0.061013
-0.95997,2.5779,-0.65437,1.2496,-1.0732,0.068827,5.7185,-0.17102
-0.6981,-6.1494,0.20643,1.035,-3.0941,0.011236,-2.6595,-0.17389
-0.68272,2.0071,-0.22675,0.17564,4.2525,-0.032024,1.7221,-0.17808
-0.67397,-2.3108,3.3139,-1.5857,-4.0057,0.015735,0.86571,-0.088369
-0.55984,0.29177,0.18403,-0.83927,0.86488,-0.0025487,0.071637,-0.061598
-0.59015,-0.50051,0.47333,-0.042306,2.8391,-0.13142,0.086953,0.048166
-0.68158,0.091466,3.44,-0.51168,-1.156,0.058058,0.15065,0.088032
-0.66822,-0.56559,-0.75767,-0.90666,-2.8094,-0.033077,-0.80854,0.066079
-1.0374,2.1786,-2.4094,-0.42007,6.2249,-0.12347,-2.8428,0.18363
-0.70136,2.7068,0.26034,-0.52672,-8.3881,0.03955,0.054959,0.17954
4.4192,1.6936,0.61422,-0.6708,-2.4648,0.0067887,1.1375,0.13542
4.3786,-1.7542,0.31535,1.4082,7.2591,0.34407,0.3033,0.0077897
-0.59157,2.4707,-1.3649,-0.4108,-2.2026,0.039338,-1.8669,-0.068704
-0.59695,-3.3996,-1.2844,0.203,-1.4475,-0.076382,-0.17914,-0.13145
-0.78286,-2.3283,-1.1426,0.98356,-3.3423,0.023647,0.082644,-0.16642
-0.70024,0.0053984,-1.0885,0.029939,5.1375,0.17895,2.1249,-0.16401
-0.70337,3.5586,-0.39294,0.93607,1.4724,-0.023277,5.1394,-0.061135
-0.8712,-8.4933,-0.053497,1.017,-2.2716,-0.0060014,-0.20567,-0.0459
-0.7115,2.0746,-0.9555,-0.29821,4.8526,0.11864,1.8902,0.073161
-0.67218,-1.6969,-1.6457,-1.1321,-2.0947,-0.0094283,-0.87693,0.18621
-0.67397,0.57086,-0.58684,-0.38702,0.78769,-0.070792,-0.0025297,0.067223
-0.39602,1.4876,-0.90297,0.025039,3.5141,-0.056918,-0.22722,0.1701
-0.63244,1.5828,1.3475,-1.0519,1.0844,0.0085728,-0.27097,0.079562
-0.6662,0.15409,0.76561,-1.0755,-3.3708,-0.0014128,-1.5934,0.050138
-0.66113,1.1702,-1.3133,-0.061953,6.2525,0.17697,0.41954,-0.011681
4.4118,4.4421,-0.55119,0.24593,-5.7609,0.043709,-0.51794,-0.084548
4.3888,2.5317,2.0313,0.91326,-2.887,-0.0061939,0.45083,-0.20361
-0.70862,-4.5993,0.0017883,0.75485,6.0764,0.19034,-1.2148,-0.1562
-0.71155,2.6537,-1.1895,0.79792,-1.5422,0.053014,0.65832,-0.12035
-0.61126,-0.7755,-0.43589,-0.34378,0.40465,-0.15005,1.0628,-0.10373
-0.57312,-5.4219,-0.078371,-0.64723,-4.7223,0.042059,1.8303,0.2225
-0.72931,-3.0151,-0.66375,-0.12894,4.7663,0.10509,2.1356,0.38768
-0.70211,1.5012,0.33083,0.52662,2.1599,0.020246,3.2177,0.24219
-0.77142,-6.3394,0.19457,0.60145,-2.2613,0.025072,-0.40857,0.23498
-0.73395,3.5333,2.1956,-0.047547,4.4452,0.038427,1.9188,0.07708
-0.6665,0.67922,0.7828,0.33205,0.41495,0.055106,3.0707,0.16455
-0.66919,1.2076,1.4746,-0.15751,-1.5583,-0.052746,-3.9276,0.047777
-0.66287,3.4783,0.016795,0.2659,3.3911,-0.14373,-1.3172,-0.036968
-0.45226,1.928,-1.3424,-0.60568,3.3101,0.028493,1.186,-0.070311
-0.71184,-0.41535,0.75358,-0.42007,-6.902,-0.051193,-2.9172,-0.10745
-0.65947,-2.6212,-0.26573,0.20893,5.6894,0.13795,-0.65268,-0.17986
4.4143,5.2547,0.42438,-1.6098,-4.3987,0.056698,5.1954,-0.078634
4.3981,2.5537,1.9621,1.1516,-2.9141,0.003888,-1.2446,-0.083137
-0.74957,-4.4869,-2.281,-1.7637,5.3279,0.12264,2.007,0.04196
-0.70852,0.74921,-1.6014,0.84,-3.0483,0.083792,0.29238,0.1012
-0.70265,0.29928,-1.8588,0.18435,1.2357,-0.053414,1.5338,0.053618
-0.35967,-3.5288,-0.24522,0.61303,-6.1726,0.057346,2.4038,0.28685
-0.59756,-0.75894,0.99448,-0.53622,4.219,0.025669,2.2253,0.29128
-0.70514,3.7239,0.3738,1.7544,1.3303,0.0076551,0.69987,0.13892
-0.70351,-5.6624,-1.5722,-0.37517,-3.516,-0.042908,-1.9737,0.047314
-0.8495,3.5215,0.66024,0.36156,2.1554,-0.081009,1.9584,-0.018276
-0.77148,-0.45436,1.8137,0.12003,2.203,0.022043,2.7876,-0.13332
-0.6671,-0.073483,2.6677,-0.35091,-2.0489,0.024026,-2.5664,-0.17148
-0.66801,-0.31659,4.8525,-0.59797,3.2944,-0.031832,-1.2201,-0.14751
-0.3125,0.57969,2.0439,-1.3798,5.1684,0.14539,0.76378,-0.12497
-0.4985,-0.79932,1.8343,-0.95093,-9.0941,-0.017392,-2.8375,-0.11801
-0.72823,-5.9271,-2.9491,0.16463,5.0331,0.094997,-0.071642,0.014215
4.4332,2.9978,-0.045114,-2.1881,-1.3148,0.066176,3.3852,0.053788
4.3991,1.0529,-1.7236,1.7252,-2.4061,0.049253,1.7524,0.15258
-0.97823,-3.1749,1.577,-1.3227,4.9217,0.041045,0.89841,0.22337
-0.74891,2.6534,-2.6074,0.61736,-3.2021,0.02205,0.65599,0.15299
-0.70479,1.7252,-1.6015,0.25471,3.4909,-0.057797,1.7436,0.10614
-0.69753,-1.3372,-0.1086,1.1464,-6.1913,0.019611,2.0258,-0.016402
-0.51513,-1.3744,0.33771,0.2652,3.3802,0.024507,1.3586,-0.079413
-0.69318,2.5513,-0.26431,1.6246,1.2263,-0.027186,0.13114,-0.12415
-0.69345,-4.3302,0.58544,0.58172,-5.9314,-0.034052,-0.86594,-0.19283
-0.69368,2.9997,-1.7665,-0.42169,2.3161,-0.076639,0.57863,-0.11514
-0.84516,-0.5444,0.7424,-0.48012,2.3691,-0.023277,-1.6612,-0.10677
-0.7435,-0.2441,-1.0582,0.055059,-3.8177,-0.036144,-4.6427,-0.072404
-0.66649,1.6591,1.7577,-0.83862,1.5856,0.015767,-0.95173,-0.079194
-0.65202,-0.0062832,0.35446,-0.71321,6.7103,0.23264,-1.7372,0.061041
-0.42966,0.48747,1.3347,-0.75319,-9.5535,0.069821,-0.020081,0.14958
4.4448,-5.02,-1.9718,-0.40772,2.3186,-0.012457,0.27881,0.088178
4.4134,1.2294,-3.2897,-2.7056,3.4361,0.040911,1.7276,0.25484
-0.7186,3.905,0.20455,1.4611,-3.2105,0.02728,-0.66068,0.088518
-0.8707,-3.0638,0.89057,-0.64728,1.6772,-0.061378,1.659,0.027114
-0.73352,2.028,1.3573,0.77377,-3.4649,0.053611,-0.050161,-0.049648
-0.69013,2.0764,0.76843,1.0237,3.3437,-0.010186,2.244,-0.21042
-0.69414,1.7526,0.14183,0.17722,-3.2065,-0.0033894,0.96281,-0.24637
-0.55927,-7.6165,0.23732,0.85777,0.95868,0.042553,2.3171,-0.23739
-0.57243,1.4146,0.06247,0.30819,2.7352,-0.088145,2.6991,-0.1396
-0.71484,-3.0123,0.26598,0.095022,-5.6785,0.018931,-0.97986,-0.090998
-0.69129,-0.39192,-0.63309,0.76019,2.8616,-0.0084208,0.80862,0.053034
-0.80641,0.72699,2.5654,-0.0067741,3.3491,-0.039013,-2.2934,0.019959
-0.82127,-0.050839,-0.78898,-1.3552,-2.1578,0.030918,-1.4571,0.18229
-0.62532,0.74313,1.3895,1.3317,-0.34566,0.0014686,0.1309,0.065154
-0.65605,0.24665,0.1048,-0.51505,7.2246,0.049613,-0.72433,0.054202
-0.65977,3.1611,0.88198,0.12455,-8.6737,0.0048185,0.63633,0.01273
4.4161,-2.5041,0.48293,-0.68179,-1.5055,0.0018087,0.082053,-0.010634
4.3787,-1.2225,-1.6283,1.6222,5.959,0.28308,1.4809,-0.077101
-0.72305,2.8591,-0.33028,0.0094052,-2.3674,0.026208,-1.1204,-0.16491
-0.72396,-4.2,-1.9873,-0.085422,1.148,-0.072191,1.4542,-0.13795
-0.92412,-2.5163,-2.4736,0.77316,-3.0266,0.028159,0.72768,-0.15277
-0.77493,0.65039,-1.27,1.3064,4.5095,0.1007,1.5297,-0.035775
-0.68798,0.78093,0.23228,0.44458,-0.8305,0.043465,4.8756,0.065373
-0.68988,-9.3551,0.099247,0.94007,0.22585,-0.004243,-0.95595,0.02081
-0.50507,2.8605,-0.97342,-0.66913,2.9002,-0.12812,1.2038,0.18409
-0.54343,-2.5483,-0.16022,-0.42085,-5.4137,0.02024,0.74377,0.098667
-0.69745,1.5623,1.1299,-0.36931,1.1609,0.045621,-0.72798,0.21194
-0.68575,0.6523,0.22951,-0.8437,4.1639,-0.028758,1.9411,0.14547
-0.83305,1.1242,1.5271,-0.56187,-0.93314,0.043259,-0.45944,0.078004
-0.72611,1.1425,2.5465,0.72742,-5.7447,-0.032056,0.22886,-0.010147
-0.696,-0.2744,1.6348,-0.18536,6.1016,-0.03583,-4.0993,-0.085522
-0.63629,2.5492,1.8865,0.21628,-7.9967,-0.0047307,0.89843,-0.1496
4.4021,-0.3852,1.8505,-0.98278,-2.2552,0.0024376,0.39202,-0.15498
4.3797,-2.4647,-1.8638,-0.33627,6.5389,0.35959,0.84854,-0.16141
-0.70121,1.4118,-0.77803,0.76525,-1.665,0.017718,1.1464,-0.10485
-0.71757,-2.8364,-3.2597,-0.74514,2.4947,-0.045161,1.7422,0.0026301
-0.7233,-3.0765,-1.5135,-0.32586,-4.126,0.017256,1.6925,0.037993
-0.80084,0.64668,-0.40462,0.32746,4.7086,0.086064,1.7823,0.27487
-0.67811,3.1776,-0.85617,0.47989,1.0057,0.017885,3.3437,0.34742
-0.68326,-6.277,0.92666,0.96076,-1.2386,-0.0086518,-1.2128,0.17268
-0.67236,4.2055,-0.62709,-0.9943,4.0055,-0.0030621,1.7287,0.051184
-0.4491,0.0017572,-0.83694,-0.40359,-1.7308,0.058751,1.2264,0.0644
-0.57879,2.7868,2.8796,-0.51946,-0.3905,-0.044891,-3.0996,-0.030299
-0.67402,1.4403,-1.1138,0.21556,5.212,0.11185,0.85155,-0.10799
-0.67445,2.108,0.84383,-0.72604,3.5655,0.038876,0.37951,-0.098129
-0.78824,1.1177,1.3831,-0.18752,-6.9696,-0.057194,-3.568,-0.14065
