tachometer_signal,underhang_bearing_axial,underhang_bearing_radial,underhang_bearing_tangential,overhang_bearing_axial,overhang_bearing_radial,overhang_bearing_tangential,microphone
-0.67602,0.28398,0.77065,-0.89259,-8.5434,0.029802,-2.5409,0.028209
-0.45218,1.7417,-1.282,0.017126,3.1287,-0.042446,0.92207,0.094871
4.4065,3.4105,0.40721,-2.7649,0.72845,0.08591,2.4016,0.044418
4.3795,2.3253,-1.6505,0.22602,-6.0177,0.067729,-1.1387,-0.081628
-0.80779,-6.3681,-1.0383,0.95916,1.227,-0.1202,0.43334,-0.11614
-0.88756,3.9836,-0.08202,-0.74191,0.97969,0.059913,0.19333,-0.19658
-0.77727,-1.0034,-3.8747,0.88874,0.9739,-0.020344,-0.14149,-0.15272
-0.70416,-2.3088,-1.1624,-0.63768,-2.3588,0.060779,4.0949,-0.15686
-0.70874,-8.3695,0.25958,0.75492,0.90949,0.094099,-0.83106,-0.015842
-0.41697,2.3445,0.70571,0.94087,4.9563,-0.0080036,1.7961,0.070119
-0.6776,2.6578,1.5129,1.8309,-1.995,0.11809,2.2531,0.15776
-0.73077,-1.3838,-0.9725,-0.35913,-0.76433,-0.047093,-0.19937,0.075595
-0.69212,1.1246,0.1613,-0.081158,5.6311,-0.094916,0.65642,0.24452
-0.83875,1.4704,0.51052,-0.17566,-0.21834,0.046173,-0.16216,0.14304
-0.73104,0.9719,2.0695,-0.59919,-2.7726,-0.012958,-1.972,0.064789
-0.74628,1.5388,1.1425,-1.1679,4.3023,-0.09944,0.54955,-0.015769
-0.66895,1.4713,-0.35288,-1.6436,8.4574,0.31057,0.059987,-0.10477
-0.66823,-0.42759,1.2508,-0.99299,-7.6353,0.026728,-0.43967,-0.14362
4.3965,-6.7909,-1.8862,-1.1368,4.595,-0.16339,0.52406,-0.19796
4.3799,2.3041,-3.1951,-0.50609,2.0532,0.11241,0.1074,-0.16102
-0.72432,1.2498,-0.57098,0.088458,-0.85054,0.051108,1.6008,-0.072404
-0.71839,-3.405,-1.7697,-0.25244,0.31909,0.030399,1.2629,-0.046192
-0.7992,-3.4813,0.39728,0.40485,-2.6631,0.014239,0.94315,0.38264
-0.66404,1.2524,-0.67261,-0.55361,6.0429,0.060561,3.4796,0.43765
-0.69354,3.624,-0.753,1.7399,-2.3058,0.081039,3.0935,0.31902
-0.68499,-8.9431,0.87645,0.13299,-2.4658,0.07733,-1.7672,0.1333
-0.46755,3.6784,0.23263,0.37475,3.9797,-0.034508,2.286,0.062112
-0.67695,0.46897,-0.71857,0.14598,-2.6733,0.0010001,2.3583,0.037798
-0.68107,-0.20418,4.2219,0.82155,-2.8932,0.018096,-2.1824,-0.090243
-0.67513,0.097021,5.3068,-0.58042,2.7215,0.001475,0.17133,-0.11315
-0.90067,1.7293,0.72059,-0.23728,5.5863,-0.094717,-0.43725,-0.1276
-0.70303,0.83808,1.8317,-1.4403,-10.494,-0.012246,-1.7022,-0.15428
-0.64868,-2.0776,-0.77987,0.16954,3.104,-0.056077,0.33356,-0.124
4.4215,2.1461,-0.15846,-0.6488,6.1709,0.02769,3.4114,-0.047749
4.4023,1.7543,0.63924,-0.27274,-7.1675,0.051795,-1.9946,0.082507
-0.64114,-7.242,-0.6856,-0.50655,-0.90707,0.010447,1.0882,0.14252
-0.7265,0.065072,-3.0453,-0.35882,-1.8598,0.04478,1.0723,0.18146
-0.70933,2.2612,0.29046,-0.079199,4.9203,0.057172,0.28626,0.22245
-0.83221,2.7583,-1.7043,1.9166,-0.45101,0.056614,1.2156,0.17927
-0.83839,-5.9944,1.2759,0.37218,-8.0122,0.1197,-0.092083,0.11729
-0.70452,4.1527,0.88451,0.072773,6.0802,0.019014,1.3372,-0.017668
-0.68699,3.4829,0.35752,1.4832,-0.22657,0.044723,-0.29008,-0.082845
-0.68699,-1.0612,1.0153,1.4309,-3.0818,0.0092081,-3.1206,-0.11429
-0.52973,2.7601,1.3755,-2.2675,-0.84008,-0.066133,-0.52283,-0.23126
-0.66629,-0.13614,1.5378,-0.49194,2.773,-0.18985,-0.89782,-0.16221
-0.67185,-0.385,-0.99906,-0.035369,-5.484,0.059624,-2.3779,-0.086008
-0.66419,1.7994,-0.21711,0.091882,-0.67144,0.0015713,-0.7496,-0.052471
-0.81932,0.71902,-1.8101,-0.33701,7.9068,-0.20234,-3.3718,0.1947
4.4349,1.5708,-1.5247,0.0043375,-8.884,0.030315,-1.3462,0.039088
4.4072,-3.2503,-0.78855,-2.5863,-0.79611,-0.018092,2.6286,0.25406
-0.72158,0.59583,-1.2081,1.0229,5.7738,-0.034694,1.7025,0.099422
-0.48933,2.6493,-1.8444,-0.25661,0.47557,0.038972,-1.9989,0.1205
-0.66656,-0.99632,0.61182,0.13397,-1.0623,0.043895,0.11751,0.019569
-0.70356,-3.6301,0.45448,0.62752,-7.8244,0.069642,1.4526,-0.084207
-0.69978,0.73197,0.86623,-0.45713,6.8252,0.085409,1.9789,-0.14717
-0.97989,3.9725,0.50221,1.4339,1.4415,0.02443,0.23884,-0.18713
-0.75827,-6.0107,-2.2969,0.0064699,-3.9999,0.052128,-0.19479,-0.17533
-0.67655,1.9056,0.28041,-0.18732,0.90278,-0.062668,-0.33423,-0.095719
-0.6778,-1.6554,-0.10337,-0.78388,2.6456,-0.030343,-4.3415,-0.017911
-0.65343,0.29757,0.25587,0.03624,-3.6102,0.010049,-3.5288,0.1408
-0.57407,0.80909,-1.5906,0.71019,-0.98592,-0.029945,-0.11567,-0.0046713
-0.67212,1.1352,-0.66219,-0.94854,6.0036,-0.78763,-3.3264,0.05795
-0.66813,1.2717,0.90282,-0.39052,-8.796,0.063025,-0.72822,0.19144
4.4248,-5.4796,-0.60369,-0.48044,-1.3415,-0.027102,-1.52,0.061333
4.3906,1.5051,-1.2441,0.20548,7.862,-0.044526,-1.7495,0.099008
-0.72438,4.8938,-1.947,0.35703,-5.9834,0.090807,-0.5212,-0.0075188
-0.71252,-2.5142,2.722,-0.26824,-1.6214,0.05302,1.969,-0.10949
-0.70429,-0.98634,0.053932,-0.20513,-4.3863,0.072549,0.37406,-0.080386
-0.55541,0.26447,2.1083,1.1807,7.144,0.19381,2.2044,-0.18725
-0.69775,3.5479,0.091654,0.40271,3.4023,0.081418,3.0941,-0.15318
-0.69599,-2.8699,0.18394,0.79431,-6.7999,0.11646,1.9653,-0.083745
-0.69236,0.18083,-0.042955,0.20194,4.3445,0.055786,1.3896,-0.033974
-0.8733,2.4657,2.0322,1.5522,0.35786,-0.079488,-1.7257,0.10446
-0.73406,-0.80029,-2.691,0.25403,-4.5565,-0.019876,0.18952,0.22569
-0.66789,0.55707,-1.2503,0.50157,-0.80544,-0.05197,-0.75241,0.2116
-0.6718,2.5386,0.95826,-0.79139,2.8249,-0.25106,-3.8281,0.076496
-0.26748,0.68051,0.15762,-0.91985,-3.4605,0.045634,-0.76068,0.10833
-0.62712,1.2848,0.022018,0.61171,-4.2409,0.020529,-3.899,0.020859
4.3953,0.79709,-0.22082,0.50421,7.0945,-0.30349,-3.6378,-0.03485
4.3843,4.5517,0.67437,0.15797,-8.103,0.064026,-0.87759,-0.17708
-0.95247,-2.7151,2.3509,-0.0046995,-2.7643,-0.012451,-0.13338,-0.22211
-0.87194,-2.2254,-0.55348,0.082947,-0.40836,-0.039969,0.75766,-0.22958
-0.6582,-0.17928,-3.8601,1.5864,1.8877,0.070553,-0.50405,-0.12132
-0.70319,1.122,-0.31841,0.7595,1.4544,-0.014145,1.4786,-0.004866
-0.41731,-1.9056,0.47546,1.6737,-8.8735,0.11303,0.3065,0.11811
-0.56111,-4.1024,0.63159,-0.73459,4.4068,-0.013914,1.2017,0.16572
-0.71692,2.2975,0.72632,0.52146,1.648,-0.030041,1.2697,0.21683
-0.68836,-2.8652,1.9156,1.5625,-4.9463,0.036194,-0.42716,0.085111
-0.82402,2.6498,0.42864,-0.11813,-0.024176,-0.023187,-1.0805,0.069243
-0.8475,1.6874,-0.10312,1.0241,2.52,-0.21024,-0.51096,0.09105
-0.76044,2.3264,4.0125,-0.86071,-1.6479,0.030777,-0.27169,-0.015842
-0.66635,1.4874,0.55301,0.028719,-3.0917,-0.0073234,-2.2133,-0.10592
-0.65604,1.052,0.089547,0.65448,5.7065,-0.55452,-3.3027,-0.097155
4.3502,2.0393,0.096517,-2.3678,-8.1924,0.10892,-1.6793,-0.18961
4.4029,-0.54354,0.016596,-0.14672,-4.4299,0.044517,-0.2266,-0.17365
4.3068,-3.4334,0.14194,-0.59295,6.488,-0.32386,-2.2068,-0.062814
-0.71924,2.4391,-4.3771,1.3788,-0.97575,0.051814,-4.3223,-0.052787
-0.92783,-0.13704,-4.3631,-0.1133,-1.1687,-0.036728,1.4234,-0.0075188
-0.76099,-4.6285,-0.68585,-0.18214,-3.9691,0.026208,2.3563,0.53473
-0.69496,-4.9499,-0.53292,1.2426,6.1582,0.0079439,-1.076,0.49615
-0.6903,3.5174,0.59295,-0.189,5.4343,0.042412,1.8643,0.24107
-0.50979,2.1877,-0.065317,2.2369,-3.8056,0.038619,1.4581,0.1589
-0.68993,0.22849,4.0654,-0.6735,2.4695,-0.031588,-2.4887,0.011319
-0.68339,1.9764,1.2549,0.26997,4.4612,-0.027789,1.8465,-0.056487
-0.67701,-0.1013,1.5173,0.29365,-3.196,-0.014248,-2.3028,-0.12171
-0.86582,0.54029,3.6097,-0.72458,-1.1448,-0.015801,-1.5717,-0.16744
-0.73343,1.802,-0.24928,-0.099264,3.0654,-0.29139,-3.8743,-0.13215
-0.60794,-0.23052,0.87411,-2.4508,-0.13361,0.072055,0.026009,-0.13673
-0.63565,-2.5376,-1.6091,-0.06537,-5.5703,0.037201,-1.1285,-0.011535
4.4229,-3.4485,-1.5704,-0.086508,6.2051,-0.54483,-3.9364,0.00043967
4.3977,4.2269,-1.1166,0.17223,-4.6585,0.040121,1.5627,0.15121
-0.77145,-1.0007,-2.1537,1.168,-0.30092,0.056858,2.5944,0.19587
-0.72066,-3.4157,0.67047,-1.4317,0.74294,-0.029207,2.6558,0.12274
-0.71427,1.5891,1.9279,0.81818,1.9374,0.029577,-3.4325,0.034634
-0.80801,2.7778,-1.6765,0.789,4.9261,0.032638,0.49844,0.077226
-0.70543,3.1117,0.015555,2.0346,-7.059,0.083683,2.5795,-0.034972
-0.69253,-4.5742,0.92132,-0.63206,4.1743,0.0089257,-0.16599,-0.10979
-0.69438,4.0376,1.4058,0.54836,2.8583,-0.061564,1.0334,-0.092896
-0.47353,-2.2769,-0.798,0.6378,-5.0051,0.091596,-2.6685,-0.21824
-0.66724,0.64876,1.9531,-0.91825,-1.3745,-0.055198,-0.5069,-0.24508
-0.67982,-0.47406,-0.41947,0.30354,3.2385,-0.1646,-1.9095,-0.084427
-0.67797,0.35161,-0.87165,-1.2227,1.982,0.089305,0.15508,-0.069653
-0.92134,0.16311,-0.035156,-0.39678,-6.5517,-0.032974,-1.3916,-0.0045009
-0.77168,-1.0132,-2.5981,0.34595,5.62,-0.29669,-1.7207,0.26699
4.4257,3.7483,-2.1521,-2.3715,-2.085,0.064129,1.6073,0.069924
4.3904,1.3778,-2.2084,-0.72112,-3.2573,0.082104,0.87413,0.1278
-0.5689,-5.2522,2.2293,-0.96946,2.0758,-0.031787,5.8498,0.097085
-0.63225,5.1602,0.86391,-0.57011,-1.2486,0.12907,1.3037,0.036119
-0.7792,2.4399,-0.79902,1.9279,2.7245,0.054605,2.5093,-0.072501
-0.71173,2.8633,-0.84428,0.25635,-2.3517,0.12051,1.8067,-0.15914
-1.0016,-8.8926,-0.37341,0.93293,2.5861,0.070296,0.96731,-0.21062
-0.82682,4.5331,2.4966,-0.65022,4.1667,0.033864,2.2724,-0.19005
-0.76005,0.030515,2.9989,1.2014,-3.5738,0.045929,2.1943,-0.12748
-0.68879,-1.2279,0.46574,0.28893,3.0849,-0.033905,-2.903,0.0052586
-0.67836,1.6541,2.775,0.1565,4.1591,-0.15845,-1.9019,0.02176
-0.41544,0.72207,-1.3127,-0.41408,0.62094,-0.0044483,-0.68169,0.18847
-0.73337,0.12768,3.3438,-1.3517,-3.4348,-0.011572,-0.76781,0.032955
-0.67785,1.8641,0.99364,0.14598,4.1036,-0.058233,-0.018668,0.074524
-0.67406,2.532,0.13721,-1.6789,6.3013,0.088702,3.4051,0.081558
4.4091,1.5435,-0.83588,-1.179,-5.7528,0.10154,-0.15235,0.025824
4.3733,-8.5333,-2.1097,-0.29858,3.4043,-0.12832,1.3003,0.00051268
-0.72999,5.1129,0.66145,-0.57225,1.3484,0.092597,1.8392,-0.10336
-0.71453,0.80931,-2.5064,0.4512,1.5506,0.020785,-0.071809,-0.11319
-0.47175,-3.1907,-1.1062,-0.14081,-1.594,0.016184,2.1759,-0.17236
-0.61001,-5.9478,0.88786,-0.019613,-0.12551,0.10604,0.69447,-0.13011
-0.71697,1.5999,-0.93424,-0.035125,6.1403,0.063288,1.7666,-0.012605
-0.70909,2.6482,1.0377,1.2821,-1.8828,0.12954,4.2879,-0.07345
-0.93539,-7.4614,-1.7569,0.51685,1.1406,0.087399,-0.80178,0.094335
-0.80953,3.2175,3.4832,-0.64622,2.7815,-0.054607,-0.063197,0.20278
-0.66893,-1.5949,-0.60365,0.3187,-1.3553,0.023834,1.6174,0.2453
-0.6781,1.8738,1.56,-0.28771,-3.1563,-0.0029017,-2.9782,0.15516
-0.50094,1.7519,-0.042358,-1.0579,3.1733,-0.09679,-0.37886,0.035827
-0.58713,1.3355,-1.1886,-1.1303,4.8705,-0.098439,-1.228,0.02541
-0.7581,0.99788,3.5342,-1.3486,-8.6439,0.060625,-3.4523,-0.051619
4.4088,-3.9052,-0.89999,-0.65389,3.3944,-0.12044,1.489,-0.099005
4.3765,3.8228,-0.22936,-1.6198,2.8048,0.029398,0.69893,-0.15854
-0.90459,2.1805,-0.96288,1.19,-2.7243,-0.0024846,2.8887,-0.18253
-0.71755,-5.9072,0.24944,-0.167,0.16663,-0.030125,1.9419,-0.14868
-0.71321,-3.1361,-2.097,-1.1829,-3.6038,0.081321,0.22274,-0.051716
-0.71632,1.105,-0.014355,-0.030096,4.9965,0.040012,1.1478,-0.013409
-0.51096,4.4176,-0.63187,0.83233,-2.1118,0.07921,4.6118,0.18035
-0.67929,-10.864,-1.3155,0.2719,-2.9351,0.091827,-1.3452,0.17579
-0.71011,2.8042,-0.16208,0.3735,4.0837,-0.035034,0.95916,0.22401
-0.70172,2.116,0.88047,0.31961,-1.3903,0.032536,1.1351,0.074232
-0.8379,0.57744,-0.78169,1.1222,-2.9461,-0.035811,0.056969,0.088397
-0.74514,1.019,4.8845,-0.14961,1.9197,-0.094428,-1.2102,-0.018739
-0.67921,2.8121,-0.053445,0.092806,2.8852,-0.024869,1.9098,-0.10207
-0.67844,-0.77778,0.042664,-0.05325,-8.5054,0.021106,-2.1645,-0.14116
-0.42393,-0.58545,0.38489,-0.89353,2.1913,-0.015089,-0.87586,-0.16484
-0.38513,0.16943,-1.1689,0.26917,8.0075,0.13611,0.78039,-0.087079
4.4054,2.2278,0.123,-0.16203,-6.8699,0.08951,0.33908,-0.088491
4.5393,-8.2273,1.9061,-0.76812,-1.2791,0.0086883,1.7013,-0.019006
-0.95576,0.13621,-2.3799,0.39193,2.7806,0.083773,-0.27624,0.075595
-0.7686,2.5186,-0.75963,-0.81447,2.3792,0.018379,0.57753,0.032566
-0.73515,0.70016,-2.0514,1.3948,1.2234,0.088349,0.67529,0.51701
-0.70396,-4.0412,0.59891,-0.46611,-5.8814,0.04453,0.4,0.33207
-0.65205,3.1323,0.7738,-0.44643,5.6935,-0.010449,2.1567,0.097743
-0.47628,5.1754,3.1417,0.37789,0.89104,0.038664,0.81355,0.048483
-0.78266,-4.7605,0.92417,1.5568,-2.264,0.060144,-0.59484,-0.045729
-0.69246,2.8356,1.7172,0.30324,2.8447,0.011326,-0.19088,-0.15435
-0.69431,0.42625,1.9494,-0.26706,2.0912,-0.1186,-3.499,-0.10034
-0.77667,0.65146,-0.21553,-0.28703,-3.5932,-0.0026065,-4.7679,-0.16924
-0.69519,1.1029,0.84957,-0.57161,0.60162,0.060131,-2.4161,-0.10755
-0.66407,-0.96368,-1.606,-0.13794,7.7552,-0.33747,-0.95295,-0.037746
-0.65889,1.1482,-0.31273,0.15494,-9.0425,0.032966,0.12254,0.010686
4.4293,-7.9874,-0.075518,-2.3035,-0.42557,-0.028803,-1.1846,0.15443
4.3963,0.36963,-1.9329,0.35522,7.4039,0.091455,1.943,0.21968
-0.73628,2.5702,-1.7328,-0.20586,-2.209,0.073537,-1.9368,0.23513
-0.72383,0.0024893,-0.44086,-0.41959,1.1843,0.065027,3.1989,0.04123
-1.001,-2.4502,-0.68032,0.49381,-6.0441,0.028833,1.6707,0.12013
-0.72091,-0.55908,0.92852,-0.13086,7.3842,0.18511,2.4209,-0.02789
-0.69549,3.3606,0.19136,1.3166,1.6844,0.11746,1.1209,-0.12828
-0.6907,-4.4959,-0.021987,-0.79035,-6.1456,0.054381,1.6649,-0.13524
-0.46395,2.6888,0.5361,-0.14633,4.0207,0.0051972,1.3843,-0.12743
-0.55831,0.41811,4.4412,1.3253,2.0054,-0.026242,-2.6677,-0.15739
-0.70539,-0.17866,-2.1363,-0.14803,-4.2689,-0.0026835,-4.8448,-0.077807
-0.68433,-1.0449,-0.40402,0.45224,0.071544,0.023808,-0.43326,-0.016426
-0.90778,1.9585,-0.58252,-1.5766,5.0824,-0.32604,-2.9981,-0.0033084
-0.8131,0.98387,-1.1359,-0.27657,-7.7107,0.0020205,-0.81621,0.049773
-0.64421,-1.0281,-1.3939,-0.69997,-1.3391,0.065573,-0.85956,0.25942
4.4191,2.4826,-1.5404,0.44967,8.6515,0.010601,-3.1163,0.079489
4.38,6.1322,0.56854,0.33881,-7.3596,0.11739,0.052917,0.041644
-0.47988,-1.0356,2.4312,-1.5669,0.17074,0.027549,2.1524,0.047436
-0.7932,-1.9979,-0.67275,0.18301,-1.3485,0.042329,0.53435,-0.053542
-0.71753,0.56798,0.58774,0.32388,3.9036,0.028133,2.376,-0.15978
-0.71842,3.1434,-0.69241,0.12455,3.3853,0.058828,2.9047,-0.097058
-0.77715,-2.3122,-0.94669,0.95688,-8.0485,0.072767,1.0278,-0.1717
-0.73966,-1.608,0.27364,0.21332,5.4653,0.053579,-0.69801,-0.14914
-0.68802,3.274,1.6119,1.0635,2.7119,0.015375,0.56325,-0.041543
-0.68693,-3.7288,0.69105,-0.025523,-3.3826,0.079717,0.44741,0.0076437
-0.48273,0.49041,-0.79581,1.7772,0.15384,-0.019093,-1.1049,0.1635
-0.60273,1.1763,0.41208,-0.023101,4.7309,-0.11627,-4.4994,0.20186
-0.68669,1.0387,0.37894,-1.6528,-2.5205,0.047719,-2.0389,0.046803
-0.68244,1.0806,-1.8675,0.73161,-2.9814,0.0018857,-2.6037,0.038285
-0.87804,1.1631,-0.017066,0.093847,6.4462,-0.69797,-3.425,0.099276
4.4055,3.7097,-0.57648,-0.75702,-8.3442,0.046186,-3.6152,-0.00048517
4.3698,-2.5973,-1.9146,0.1725,-2.4653,0.049375,0.78875,-0.10524
-0.7247,-2.2472,1.7858,0.30993,5.5511,-0.14928,-1.4244,-0.15028
-0.55666,2.4527,-0.75609,0.82615,-1.941,0.064283,0.32023,-0.15279
-0.55347,0.24041,-2.7782,0.48243,0.44117,-0.028276,-0.78055,-0.148
-0.78514,-2.9403,-0.56173,0.26229,-6.3491,0.062088,0.47914,0.013387
-0.7146,-4.5285,0.6165,0.05635,6.1975,0.019219,0.028469,0.13218
-0.84555,3.8511,1.0002,-0.3095,3.5775,-0.046964,0.0065445,0.043858
-0.83918,-3.5485,4.1124,0.42798,-4.6327,0.11177,1.0572,0.20142
-0.67182,1.3719,-1.9293,0.48149,1.5499,-0.025151,0.96198,0.26872
-0.68018,0.47638,-0.64101,1.2549,2.9396,-0.12946,0.31573,0.20877
-0.67638,2.6472,1.8556,-1.1,-4.3482,-0.0075416,-2.3353,-0.006813
-0.5031,1.3066,-0.64288,-0.27571,-3.6991,-0.065626,-3.1397,0.0090796
-0.67743,2.2723,-1.4097,-0.28255,2.9563,-0.59543,-4.1234,-0.043101
-0.67243,1.8169,1.5113,-1.2712,-6.5703,0.01825,-0.52422,-0.1185
4.4089,-3.2315,-1.3009,0.67693,-4.1449,-0.0028375,-1.804,-0.090024
4.383,-2.562,-1.7856,0.39444,6.4401,-0.33797,-0.11885,-0.27105
-0.77277,2.5644,-1.5585,0.65973,-4.8477,0.047026,-5.6385,-0.12877
-0.71165,-0.13271,0.29234,0.87368,-0.42565,0.004825,0.80448,-0.020418
-0.71609,-3.6734,1.0706,-0.6591,-2.8205,0.040667,1.2484,-0.012411
-0.46213,-4.4595,0.31774,0.85175,3.5671,0.071079,-1.779,0.15335
-0.52653,2.0108,-1.3975,-0.24437,4.0583,0.0055437,2.2855,0.33482
-0.71623,0.5416,-1.1276,2.3729,-6.5609,0.050299,-0.21297,0.22379
-0.70902,-2.3011,0.68196,0.3221,2.6521,0.04376,3.4319,0.16051
-0.95467,3.2831,-0.69329,0.81743,2.2982,0.0132,-0.0374,0.071141
-0.78071,-1.1108,0.36024,1.0785,-4.8424,0.070405,-2.6693,-0.010488
-0.70011,2.0487,1.3991,-0.98367,-3.2773,-0.094742,-3.2549,-0.11395
-0.67647,1.5837,-2.177,0.59914,3.7027,-0.20874,-2.3046,-0.13449
-0.53703,0.53277,2.1687,-1.2023,0.21417,0.095106,0.34201,-0.168
-0.45626,0.26103,-0.15767,-0.15023,-6.1069,0.026394,-2.8715,-0.15245
4.4158,-1.4702,-1.1559,0.30503,5.7285,-0.39953,0.84855,-0.0078595
4.4136,2.1565,0.526,-0.77175,-7.1751,0.045005,-1.5901,0.042057
-0.60515,1.5684,-1.0162,1.1924,-3.668,0.032042,1.2822,-0.00048517
-0.93963,-5.1593,2.7978,-0.42157,0.83369,-0.057842,-2.9412,0.23786
-0.77638,1.6876,-1.0381,-0.63658,0.082308,0.078325,-0.81165,0.069705
-0.71108,-1.1703,-3.0573,1.918,2.1463,0.056595,0.2569,0.32224
-0.70238,1.8429,-0.67276,1.035,-6.1986,0.11188,4.3456,0.033198
-0.53838,-5.3064,1.2844,0.6358,2.0841,0.073184,-1.2566,0.057682
-0.6819,4.4174,0.64841,0.4567,3.7272,-0.0051093,1.7899,-0.041641
-0.69999,-0.29328,5.2942,1.515,-3.2735,0.1019,-1.1671,-0.094527
-0.70001,1.0099,1.6359,-0.56684,-0.34587,0.021947,-0.5399,-0.14023
-0.80595,0.051733,0.067943,0.55533,4.3198,-0.10315,-0.38622,-0.1692
-0.7417,0.54589,-0.84227,-0.90863,0.30185,0.08222,0.066377,-0.1148
-0.66757,-1.9019,2.3049,-0.40041,-6.0621,0.063635,-3.1309,-0.052374
-0.66509,-0.86528,-0.66443,-0.094716,4.0954,-0.22232,-2.2189,0.030886
-0.46648,1.004,-1.0052,-2.5439,-2.377,0.080513,2.5665,0.14866
4.4289,-0.053125,-0.36069,0.2293,-5.7233,0.066125,-1.7971,0.24735
4.38,-8.9387,-1.7381,-0.54444,4.0598,-0.12889,-1.7837,0.24555
-0.73412,4.0179,-1.5668,-0.51021,0.011578,0.056608,3.7867,0.16905
-0.84015,2.2893,-2.3034,1.2007,1.0967,0.01594,2.9491,0.028915
-0.75033,-1.1412,0.35402,-0.76178,-2.3983,0.061742,4.1577,-0.016451
-0.63151,-4.9458,0.5953,1.4747,-0.007047,0.03208,-1.7069,-0.15588
-0.69698,3.4103,1.7834,-0.43245,6.7732,0.048259,1.0243,-0.18482
-0.68603,1.2894,1.9961,0.87567,-3.6256,0.086937,4.016,-0.13649
-0.54656,-4.5034,1.7115,-0.05871,0.6253,0.02864,-1.4879,-0.14875
-0.68904,1.1467,-0.78304,0.38895,4.0481,-0.068662,2.3614,-0.070895
-0.69248,-2.1034,-0.13703,-0.25197,-1.8324,0.048785,-0.15499,0.016332
-0.69314,0.2848,3.3504,-0.66397,-3.0577,-0.029727,-2.4419,0.00073172
-0.79306,2.2307,-1.0392,-0.72335,3.8984,-0.085591,-0.93799,0.03169
-0.67494,0.054199,-0.35533,-0.34217,5.5089,0.0029446,-0.23067,0.078102
-0.65615,0.21707,0.9653,-0.59279,-7.92,0.066895,-1.8497,0.18687
4.4081,-4.4154,-1.4998,-0.33485,3.5195,-0.25367,0.36455,0.047314
4.3756,5.35,-2.1247,-1.4553,1.1688,0.10655,1.0481,0.041984
-0.66737,3.1612,-3.4291,0.86993,-0.79786,0.01397,1.6182,-0.04405
-0.72268,-2.0547,1.0446,-1.732,0.82797,0.02083,0.79015,-0.13013
-0.72168,-3.7131,-0.55739,0.99156,-2.5988,0.074872,2.1834,-0.18475
-0.89164,2.0864,-1.3018,-0.35314,6.0738,0.07982,2.7882,-0.16104
-0.80671,1.1681,-0.30964,0.78697,-2.9382,0.1314,3.1556,-0.10297
-0.68021,-8.9591,0.010075,1.2166,-2.1108,0.11645,3.2772,-0.083623
-0.69072,3.0892,1.5834,-0.9006,4.4969,0.034493,1.1628,0.023853
-0.27879,-0.51719,-0.54291,0.30824,-1.6647,0.032581,4.9919,0.23557
-0.49305,1.0052,2.9024,-0.32727,-2.3033,-0.0050002,-3.986,0.1886
-0.67503,0.072881,2.9797,-0.62885,3.7495,-0.15829,-1.36,0.20617
-0.68564,2.3628,-0.44213,-1.5486,2.9347,-0.059626,-0.039751,0.055565
-0.78507,0.43972,2.5028,0.65972,-9.3485,0.0029125,-3.7056,0.029864
-0.79939,-0.05947,0.92035,-0.20482,2.4381,-0.089621,-1.0316,-0.031905
4.3942,3.7125,1.748,-1.417,4.5633,0.04761,4.0993,-0.070335
4.362,3.8864,0.72447,-0.3219,-7.4129,0.075725,-0.020896,-0.16491
-0.72706,-7.5651,-0.29231,-2.369,-0.18341,0.0036955,-0.82239,-0.10572
-0.54047,-0.58295,0.81558,0.63625,-1.0247,0.066356,-0.96135,-0.15265
-0.67573,-0.22197,-0.55063,-1.5632,3.4666,0.010434,1.5493,-0.062303
-0.7219,-1.3805,-1.7112,0.98871,-0.36538,0.076451,3.1646,0.093191
-0.71904,-7.1898,1.5044,-0.96022,-5.9093,0.04512,1.037,0.048288
-0.82098,2.3087,0.40844,0.76842,5.342,-0.036722,0.05406,0.16251
-0.72819,1.7088,0.67609,0.78169,-1.5332,0.096261,2.807,0.25419
-0.6928,-2.2273,1.2027,1.0314,-2.9204,0.041924,-1.4437,0.22126
-0.67547,2.4358,2.0485,-0.51587,2.5585,-0.17941,-1.2363,0.050941
-0.51973,1.8586,0.11873,-0.44051,1.0279,-0.025414,1.9646,0.076374
-0.59513,-0.074575,0.22942,0.10319,-5.7091,0.036502,-1.8234,-0.025967
-0.68075,2.4415,0.75265,-0.74371,0.3758,-0.024875,-1.3387,-0.097934
-0.68195,1.262,0.083842,0.25333,8.9139,0.1227,-3.3682,-0.1515
4.4052,1.2965,0.28332,-0.36838,-8.2905,0.027293,-1.1455,-0.14106
4.3849,-8.0642,1.1669,-0.42677,0.46718,-0.0080036,-0.95469,-0.11587
-0.7228,1.1071,-1.5677,0.50879,4.1978,0.028114,1.884,-0.0017751
-0.71835,1.1523,-0.98771,0.48066,-0.39308,0.10688,0.79502,0.072601
-0.57528,-3.9355,-0.028893,0.50114,-1.2423,-0.028848,3.2377,0.1287
-0.56272,-2.9083,-1.2729,-0.45369,-6.8429,0.067415,0.73145,0.28943
-0.6793,0.67306,-0.15719,0.011756,7.2653,0.13263,1.6695,0.32233
-0.71589,5.775,1.563,0.63433,-0.5981,0.089619,2.8113,0.1591
-0.77768,-6.8836,-0.86084,-0.1997,-5.7695,0.042515,-0.53291,0.075887
-0.86296,5.2629,-1.3358,0.08648,3.4097,-0.060306,1.3895,-0.011048
-0.64097,-1.1895,1.1907,-0.60213,0.86477,-0.022931,-2.371,-0.11351
-0.68109,1.4461,-1.0575,0.75664,-4.0793,-0.0014706,-4.5425,-0.16314
-0.68487,1.262,1.0581,1.1963,0.024089,0.010492,-2.0277,-0.075129
-0.50345,0.69613,-0.58262,-1.4035,5.3645,-0.34717,-2.8044,-0.1591
-0.64806,0.18566,-0.95404,-0.33877,-9.6673,0.036919,0.16221,-0.086763
4.4276,-5.0289,0.33024,-1.1525,-0.65042,0.067928,-2.1191,-0.070311
4.4094,0.018108,-2.7129,2.1043,7.5492,-0.019395,-1.8393,0.092023
-0.97315,3.5832,-2.9623,-0.10456,-6.4745,0.071143,-1.7659,0.26567
-0.79414,-2.606,-0.13879,-2.1474,-0.88783,0.01929,1.5773,0.32209
-0.7205,-0.34454,0.88459,1.0778,-2.5373,0.05689,1.0969,0.065178
-0.7108,1.351,0.47267,0.52231,6.0197,0.081925,3.4997,0.054348
-0.66576,2.651,0.21243,0.82222,0.82398,0.040737,3.2212,0.037993
-0.69778,-4.8611,0.587,-0.35843,-8.1714,0.04367,-0.81646,-0.058117
-0.70659,0.97691,0.031551,0.24188,5.6411,-0.0318,0.79093,-0.14454
-0.70607,2.1348,0.63216,1.6492,2.0881,0.032555,-0.44783,-0.13128
-0.71791,-1.1614,-0.39781,1.2748,-5.4761,0.027665,-2.209,-0.17808
-0.82142,-0.77319,-0.56188,1.0021,1.2606,-0.094665,-2.0261,-0.10219
-0.72143,1.2358,0.75083,-1.0703,2.7228,-0.1012,-2.8784,-0.039596
-0.67836,-2.0547,0.28631,-0.17573,-4.3398,-0.0059949,-4.3636,0.095114
-0.66558,-0.053723,-2.3431,0.35681,-3.046,-0.015955,-2.1782,0.11354
4.544,0.28533,-1.8877,0.81328,7.1577,-0.76647,-7.56,0.19597
4.411,4.069,-0.2019,0.72325,-8.7884,0.016165,-1.3464,0.26825
4.4056,-4.0638,-1.1152,-1.1846,-1.9182,-0.04484,-1.104,0.12395
-0.73816,0.92771,-0.074259,-0.98429,1.9419,-0.038532,-0.91871,-0.01134
-0.7869,2.1421,0.48849,0.05522,-0.61101,0.058597,1.9468,-0.011072
-0.7121,1.2311,-0.46181,0.66856,1.4193,0.043137,3.5842,-0.1606
-0.71073,-4.2789,-0.25507,0.26665,-9.7389,0.1261,-0.2188,-0.2123
-0.69916,-0.84345,1.6053,0.02448,7.184,0.11248,-0.53142,-0.15338
-0.50192,3.6162,1.9605,2.0602,1.8612,0.042489,1.2522,-0.17594
-0.64525,-5.6845,-0.41769,0.34837,-6.9309,0.050749,-1.8004,-0.11064
-0.70327,1.5364,-1.0659,-0.19369,1.6052,-0.051533,-2.2282,0.01015
-0.69822,-1.3246,1.9174,0.60508,2.6905,-0.18558,-4.3017,0.017111
-0.97897,1.1842,0.46422,-1.0024,-4.9433,-0.027898,1.8621,0.19096
-0.69162,0.47244,0.62004,2.0779,-4.9692,-0.021134,-0.87186,0.068537
-0.66706,0.55787,0.78537,-0.20055,4.4306,-0.77079,-4.8142,0.16823
-0.66535,2.465,1.9487,-0.23078,-9.362,0.098347,1.1685,0.090709
4.3997,-1.8424,-0.040328,-0.59647,-5.0989,0.022826,-1.7387,0.040354
4.3608,-0.45336,0.69914,0.56473,5.0196,-0.16944,-0.48639,-0.059359
-0.75859,2.9278,-0.6661,-0.20364,-2.8204,0.080231,-1.9108,-0.15678
-0.72517,-1.9456,0.52217,1.1604,0.63474,0.013097,-0.12241,-0.15613
-0.72057,-1.6884,1.6684,0.10678,-6.9916,0.054734,1.6755,-0.16299
-0.83428,-2.1306,0.051196,0.22534,6.8223,0.065156,-1.1213,-0.075981
-0.67319,3.461,-1.1017,-0.67216,3.8091,0.072716,2.4904,0.12264
-0.69517,-2.7734,-1.6064,1.5352,-7.9948,0.098931,0.80709,0.096915
-0.69656,-0.70325,1.9214,0.3276,1.5094,0.060683,-1.1609,-0.029204
-0.47541,0.56916,2.0244,1.3406,4.1129,-0.0082026,-0.16026,0.30147
-0.5978,0.10971,-0.59806,-0.70165,-5.6507,0.087335,-1.9416,0.27098
-0.68898,0.97778,1.459,0.59654,1.4026,0.026311,-2.3171,0.14364
-0.67934,2.9608,-1.0423,-0.29008,4.5461,-0.22312,-5.2152,-0.013628
-0.86308,1.5145,3.0281,-1.0158,0.62197,0.044524,-1.4598,-0.0086627
-0.69698,0.44318,-0.39903,0.12365,-3.8915,0.10301,-1.1814,-0.099978
4.3956,-3.5432,-2.4168,0.1388,6.8066,-0.31072,-1.2419,-0.11042
4.3717,4.2295,-0.8157,-1.1094,-5.5422,0.11041,-2.3628,-0.11782
-0.53668,-1.9154,-2.6634,1.1971,0.35062,0.084973,2.4875,-0.19013
-0.57558,-4.7912,2.8746,0.26613,-0.48717,0.070547,0.86416,-0.095062
-0.7197,-1.0601,-0.55601,0.92939,2.3895,0.046468,-0.59386,0.034221
-0.71478,-0.12654,-2.4279,0.95254,3.9478,0.043978,1.1666,0.11991
-0.73564,-1.0397,-1.083,0.54862,-5.171,0.1062,1.8237,0.27358
-0.77207,-5.7161,-1.9993,0.041552,4.6659,0.092822,-3.7835,0.19103
-0.70083,4.067,-0.17564,-0.10394,4.6594,0.004241,0.72912,0.22182
-0.68718,-2.1569,1.6461,-0.39814,-3.27,0.12283,-0.84207,0.081144
-0.51504,3.371,0.23456,-0.48805,-0.63507,0.0025467,-1.9996,-0.0022862
-0.59569,1.3632,0.30073,0.13948,5.0461,-0.046727,0.52544,-0.056316
-0.66711,1.654,-0.11091,-1.3664,2.0176,0.028345,-0.14059,-0.089976
-0.67349,-0.033943,2.0956,-0.60968,-7.3567,0.036592,-4.3699,-0.14259
-0.74199,-0.63631,-0.23451,-0.23247,5.5446,-0.31993,-1.3391,-0.1708
4.4178,2.4381,-0.055893,-2.4848,-3.2846,0.095729,2.3343,-0.12804
4.4018,0.20285,-0.89641,0.26991,-5.5251,-0.0055521,-1.4617,-0.02587
-0.71905,-10.422,-3.4363,0.1998,3.2312,-0.2003,-0.22525,0.1012
-0.71391,1.6651,0.62784,0.1259,-0.62442,0.089651,1.1365,0.0031655
-0.50477,1.3856,-4.1562,0.53949,2.6975,0.034551,0.82756,0.1636
-0.63332,-1.4315,-0.083728,-0.035028,-2.6701,0.11536,4.5254,0.28702
-0.71368,-5.71,-0.14129,0.40013,1.3124,0.089048,-2.0953,0.21043
-0.70242,4.6371,1.0718,0.19659,6.7092,0.037946,1.6473,0.040354
-0.80187,3.9319,2.2365,1.1599,-2.9814,0.083959,2.8812,-0.011389
-0.6906,0.51093,-0.97156,-1.033,-1.8039,0.035931,-1.5549,-0.096498
-0.67853,1.3232,2.9514,0.086223,3.9518,-0.11098,-0.94507,-0.17533
-0.67999,0.60338,3.0961,0.041809,-0.63437,0.048111,-0.53006,-0.12281
-0.34702,-1.143,4.2557,-0.62414,-4.4105,-0.015159,-3.2671,-0.14033
-0.56121,0.90902,0.5286,-0.3807,2.0726,-0.2376,-1.1605,-0.089903
-0.67059,-0.034623,0.50891,-1.6918,6.1357,-0.052573,2.5996,-0.020077
4.4385,-1.5875,0.73082,-0.44063,-7.0318,0.089363,1.0446,-0.011072
4.4156,-6.3116,-0.27326,-0.70708,3.5824,-0.15282,-1.1274,0.28427
-0.86495,2.1622,-6.6441,-0.62821,3.0143,0.038119,0.38413,0.31267
-0.70326,0.83881,-1.6072,0.69541,-0.6443,0.0013403,-1.4736,0.19388
-0.71227,-3.1979,-1.7744,0.13086,-0.71993,0.026612,2.5173,0.050503
-0.45466,0.059247,2.0717,0.78853,-1.5863,0.055395,0.66335,0.016892
-0.61098,2.8287,-0.66743,0.27078,5.8973,0.053393,2.3714,-0.077515
-0.67279,4.2188,0.8878,1.0817,-3.3069,0.043048,1.632,-0.14072
-0.69713,-8.2414,-0.40169,-0.50797,-2.0416,0.018289,-0.71407,-0.18733
-0.76098,4.0275,0.36457,0.38489,3.4808,0.028891,1.6506,-0.10609
-0.84301,-1.203,1.5625,-1.2312,-2.6444,-0.053972,2.9943,-0.11818
-0.754,-1.1102,0.68258,0.86799,-3.0389,-0.012104,-1.621,-0.0229
-0.67486,-0.37327,4.7255,-0.58013,2.813,-0.060152,-0.7056,0.097329
-0.66672,0.57448,0.18254,-1.558,7.2139,-0.015673,-1.7345,0.042617
-0.42478,1.3362,2.084,-1.0107,-9.2573,0.078453,-2.0661,0.12408
4.4175,-4.7938,-1.8508,-0.40689,3.3736,-0.090269,-0.47551,0.11174
4.4034,3.6254,-1.7397,-0.53355,4.8096,0.044408,2.0253,0.24282
4.727,2.147,-2.148,-0.46167,-5.9125,0.065291,0.96397,0.023658
-0.82573,-6.2103,1.1593,-1.2002,-1.9024,0.019842,-0.021821,-0.014358
-0.74605,2.6446,-0.14106,0.66056,-1.9532,0.12819,1.3379,-0.065029
-0.71344,3.0887,2.1512,-0.39222,6.4074,0.069391,2.0219,-0.17754
-0.70409,1.369,0.0094265,1.253,-0.37649,0.0999,2.4575,-0.17307
-0.54205,-8.5821,-0.19555,-0.46213,-7.2265,0.037477,0.17459,-0.14537
-0.60057,1.5523,0.70382,0.29953,5.579,-0.0096016,1.4531,-0.09146
-0.69136,0.69555,-0.26747,0.26006,-0.68679,-0.00018711,-0.42766,-0.052933
-0.69245,-3.3833,2.3931,0.63859,-3.4838,0.059168,-0.09722,0.084284
-0.82196,0.87505,2.4109,-0.1572,1.5497,-0.020479,1.5718,0.15669
-0.73052,1.9052,1.483,-0.35646,3.8742,-0.026447,0.86575,0.18748
-0.59425,0.044727,-0.59401,-0.042055,-7.6806,0.044626,-4.5067,0.14126
-0.66354,1.998,-0.12362,-1.147,0.76575,0.021799,-0.46347,0.090465
-0.65753,2.776,-1.3381,0.86338,8.2195,-0.0040761,-1.3575,-0.0043306
4.3881,4.3099,-0.077491,-0.014828,-9.1311,0.017378,-1.4254,-0.059042
4.3566,-6.4747,-0.064039,-0.86827,-1.18,-0.0020097,2.5265,-0.15506
-0.7233,-1.0367,-3.0565,-0.19631,2.2543,0.0441,2.1438,-0.19052
-0.71737,2.6383,0.57193,0.14387,0.25304,0.10199,1.8988,-0.066636
-0.87001,-1.3573,-0.537,0.36346,-1.3865,0.033171,3.5259,-0.0077622
-0.71143,-6.2127,0.52568,-0.23917,-9.2309,0.083292,1.101,0.17523
-0.69266,-0.93261,-0.99705,-0.0001328,6.6325,-0.0088443,-0.65439,0.20588
-0.69872,4.3474,0.73552,1.2553,0.45447,0.029102,1.7219,0.17497
-0.49381,-3.9236,-2.3206,0.80756,-3.3295,0.064675,-1.0894,0.058997
-0.63141,3.3541,1.6865,-1.2769,0.10898,-0.15726,0.33931,0.18952
-0.69108,-0.79784,0.40541,0.03904,3.8645,-0.025883,-3.4258,0.15226
-0.68332,1.3351,0.80762,0.58977,-2.9877,0.011891,-1.5921,0.071287
-0.89616,0.63468,0.76009,0.44844,-1.7099,-0.052971,-2.3109,-0.014041
-0.71862,0.78949,-1.2869,-0.75638,6.925,-0.66941,-4.1171,-0.081847
-0.66127,1.4437,0.57402,-0.39438,-8.9376,0.021164,-3.4871,-0.17304
4.4013,-3.6202,0.86267,-1.4588,-0.3035,0.060182,-0.69442,-0.12398
4.3809,0.91355,0.25191,2.1657,7.6418,-0.0013551,-1.4045,-0.14824
-0.59561,1.6325,-2.8539,0.72246,-2.2348,0.061697,-0.86826,-0.11137
-0.66672,-4.3313,-0.67863,-0.16049,-2.1626,0.00089103,1.1997,0.021395
-0.711,-3.5901,-0.053561,0.49056,-5.7448,0.073069,-0.52912,0.13724
-0.81405,-0.9502,1.7794,1.0248,7.4823,0.18212,1.3789,0.23014
-0.91326,5.022,0.65685,1.2086,2.1577,0.079653,4.4924,0.32406
-0.75042,-2.434,0.031564,-0.060315,-5.4645,0.11712,-1.6878,0.10811
-0.68851,1.1964,-0.46942,-0.99418,4.549,0.031965,2.6534,0.088689
-0.67593,2.6515,0.74824,0.1931,1.4384,-0.079591,-0.23502,-0.018081
-0.45043,1.8691,0.43676,-0.75529,-5.7437,-0.028206,-0.09713,-0.070335
-0.65755,0.57422,-1.2422,1.0291,0.15665,0.041616,-2.1915,-0.13758
-0.67058,1.927,1.1419,0.4999,3.7998,-0.27129,-4.659,-0.11994
-0.66484,0.65772,0.59336,-1.9503,-4.8005,0.0051009,-1.0386,-0.090219
-0.87538,-1.1055,-1.3162,0.81731,-3.5924,0.00024286,-1.9765,-0.081044
4.4253,-2.3041,-1.091,-0.69953,7.337,-0.48784,-3.5936,-0.090097
4.4078,3.2607,0.68058,0.66642,-8.4291,0.10349,-1.0145,0.11181
-0.71131,-5.2497,-1.2563,1.0408,-2.1421,0.059316,2.5761,0.089711
-0.52257,-0.18888,-1.2296,-0.56067,-0.74496,0.0091503,0.70377,0.16158
-0.65125,0.92214,-0.90475,1.841,2.7124,0.075546,-0.53174,0.17205
-0.71415,4.5461,-0.13784,1.3148,3.005,-0.015377,3.3846,0.19855
-0.70216,-0.41114,1.1674,1.4691,-8.7717,0.073056,0.18739,0.1059
-0.88177,-1.3829,-0.52798,0.30883,4.6754,0.075681,0.50242,-0.0082733
-0.73807,3.3058,0.14129,0.36286,0.63663,0.023949,0.91518,-0.11456
-0.67243,-2.3913,1.9608,0.71615,-5.4955,0.11466,-0.58405,-0.18248
-0.67602,-0.1853,0.52884,1.0783,1.1889,0.0076294,-1.2301,-0.15858
-0.62003,0.34244,2.3355,0.87804,2.8265,-0.087574,-0.32992,-0.12892
-0.62735,-0.22298,3.6652,-1.9422,-0.75079,0.098982,-0.16224,-0.13429
-0.62457,1.2134,-0.49258,0.28464,-4.4282,0.045858,-0.7082,-0.078415
-0.66672,-0.85492,-0.44001,-0.86183,6.4913,-0.34868,-0.45515,0.10183
4.4322,2.5668,-0.48696,0.081387,-7.4539,0.13751,-0.35557,0.012024
4.4069,0.22369,-0.087679,0.29608,-4.1051,0.070437,-1.7688,0.22919
-0.66903,-1.8023,-1.142,-0.22482,5.6986,-0.1101,-0.82403,0.19728
-0.71726,2.5806,-1.4074,1.413,-1.5009,0.10409,0.3878,0.099349
-0.71885,0.53873,-2.6948,0.76753,-0.20299,-0.0050259,-0.67048,-0.020223
-0.59407,-0.61567,1.1225,0.25901,-5.9732,0.066773,2.6123,-0.072988
-0.70335,-5.1568,-0.062073,0.37999,5.9225,0.0034452,0.24884,-0.17547
-0.70045,3.8216,0.95316,-0.29903,4.3155,0.057737,2.4172,-0.17883
-0.69404,0.73629,0.83141,1.7763,-4.3606,0.056967,0.031879,-0.17813
-0.94934,-0.56351,0.74637,-0.067342,2.4383,-0.0094796,0.43487,-0.145
-0.76488,0.15041,-1.1516,0.068875,3.7595,-0.042125,1.3241,-0.061622
-0.67743,-0.75414,1.1345,-0.81505,-3.2886,0.04505,-3.393,0.083261
-0.67815,-0.032568,1.1012,-0.70169,-1.3908,0.037792,-1.8003,0.062355
-0.46455,0.63649,-2.333,0.001216,4.7677,-0.16313,-2.0768,0.27772
-0.66206,1.6306,-0.663,-2.1726,0.21828,0.021055,-0.45315,0.17039
4.4506,-2.6396,-2.1172,-1.122,-3.4794,0.065759,-3.9527,0.060846
4.3895,-4.3378,-1.6786,-0.15011,6.8596,-0.19402,0.042237,0.099495
-0.76588,2.8834,-3.2726,-1.1163,-2.4523,0.078093,-0.77938,-0.024507
-0.80662,-0.6235,-1.6244,1.1032,0.93396,0.012314,1.2769,-0.12161
-0.77114,-1.961,0.54818,-0.51156,-0.057411,0.052545,5.1631,-0.13802
-0.71122,-2.0256,2.3113,1.5883,4.8465,0.071233,-1.7084,-0.16866
-0.62705,0.84259,-1.044,0.52434,5.2775,0.063821,2.592,-0.13004
-0.63013,1.8025,0.43012,1.778,-4.5412,0.079069,1.71,-0.076809
-0.68185,-7.6541,1.8586,0.84219,4.5201,0.03389,-0.88812,0.019034
-0.69535,3.1502,-0.44229,-0.30392,3.6335,-0.003537,0.51337,0.0062564
-0.71267,-1.5796,1.0929,0.14696,-3.3186,0.056646,-0.51448,0.092997
-0.75231,0.964,1.6051,-1.0298,-0.88606,0.0022323,-3.3676,0.20641
-0.65165,2.8705,-1.292,-0.752,5.3078,-0.017553,-0.63646,0.17679
-0.66963,0.5174,-1.1598,-1.1364,4.2096,0.035597,1.3378,0.095625
-0.65867,1.359,1.6235,-0.060784,-7.4111,0.055709,-4.0717,-0.010366
4.2032,-0.53352,-0.85746,0.31176,4.897,-0.30943,-0.31262,-0.058701
4.3834,3.593,0.36236,-2.2039,-1.1653,0.093617,3.4573,-0.15423
4.3556,3.0244,-0.61192,1.2761,-2.8846,0.021709,0.020807,-0.17533
-0.72504,-4.3939,1.8296,-1.1206,0.74609,-0.011244,0.83542,-0.15725
-1.121,1.5123,-0.62891,-0.18132,0.057639,0.063949,2.3714,-0.12322
-0.73788,-0.39268,-1.408,0.83511,3.857,0.013277,2.197,0.22746
-0.69191,-0.29791,-0.32241,0.094676,-4.6162,0.067023,4.4392,0.38863
-0.69616,-10.193,-0.8097,0.5594,3.1758,0.026048,-2.2954,0.14552
-0.41064,4.3611,-0.31292,-1.4745,4.4445,-0.00079035,1.3504,0.19823
-0.53849,1.9245,1.311,0.35687,-3.6171,0.036521,4.5708,0.078929
-0.68663,0.83718,0.58176,-0.094312,0.76529,0.022261,-2.7459,0.16445
-0.68662,1.1643,0.96143,0.075388,4.816,-0.069958,0.24048,0.064473
-1.026,2.9443,-1.5171,-0.03535,0.7118,0.028647,0.40986,-0.020686
-0.76265,0.1478,3.7503,-0.24534,-6.2899,-0.04056,-3.6542,-0.076322
-0.68161,0.86674,0.77331,-0.98925,3.0869,-0.14998,0.52139,-0.18039
-0.6623,1.2809,-0.024113,-1.4435,5.8653,0.040307,3.2765,-0.15474
4.4076,1.7278,-0.91748,-1.2039,-5.7962,0.075604,0.59279,-0.10857
4.3855,-6.977,1.1055,-1.6809,1.0034,-0.041054,-0.19638,-0.073621
-0.73816,2.7231,1.2132,0.21749,2.4787,0.046417,1.5684,0.016746
-0.72017,-0.099017,-1.8275,-0.32756,0.90951,0.053611,1.9108,0.030497
-0.7099,-1.2241,-2.2058,0.16593,-2.391,0.065425,1.5787,0.11648
-0.86837,-6.0269,0.54845,-0.39205,-1.7389,0.10297,0.38318,0.27176
-0.75712,2.4145,-0.93385,-0.97763,5.707,0.03826,3.8607,0.28821
-0.69399,4.4776,2.2043,1.4451,-2.1275,0.095844,4.0619,0.13065
-0.69192,-5.5981,-1.0149,1.4819,-1.4827,0.016774,-0.15306,-0.023971
-0.49836,3.2149,2.8591,0.99398,2.9054,-0.036991,0.40242,-0.078975
-0.68099,-0.03113,-0.2318,-0.13323,-0.54878,-0.053568,1.7482,-0.15854
-0.67276,-0.80992,2.0348,2.1593,-5.6547,0.030912,2.5782,-0.16893
-0.67287,0.62068,0.90792,-0.6335,1.3568,-0.021525,-1.8564,-0.13152
-0.86892,0.9896,-0.58637,-0.74299,7.3278,-0.41417,-2.5905,-0.10655
-0.79679,-0.66488,0.24113,0.0034447,-10.567,0.081642,-0.44715,0.043785
4.4295,-8.0575,0.22189,-1.8888,-0.37267,-0.05616,-0.19609,-0.0097579
4.4059,0.60146,-2.5003,0.91552,6.7451,-0.018259,2.3226,0.12169
-0.46605,1.9809,-1.8059,0.40702,-2.8509,0.049574,-2.1099,0.18767
-0.71415,-2.6014,0.18396,-0.94045,-0.038247,0.079717,3.2253,0.16896
-0.75654,-2.1795,-0.83759,0.96049,-4.4649,0.095363,2.6558,0.15932
-0.70458,-0.2268,1.9972,1.0195,6.6142,0.089568,1.8953,0.067904
-1.0201,5.2005,-0.80651,1.6178,1.166,0.073543,1.078,-0.058969
-0.7789,-4.6061,-0.55123,-1.0081,-6.0019,0.12293,-0.12002,-0.099175
-0.69736,3.4303,0.87598,0.48228,3.5089,0.026689,2.437,-0.1591
-0.68033,1.5969,2.9704,1.2082,1.7841,-0.01616,-1.8352,-0.1737
-0.6733,0.72157,-1.9669,-0.35434,-4.844,0.013412,-1.5376,-0.04753
-0.47581,-0.15699,-1.4108,-0.18399,-0.39452,-0.044416,-1.946,-0.082333
-0.70052,1.1262,-1.3817,-1.6157,4.7823,-0.33513,-2.6157,-0.071016
-0.67104,0.87692,-0.090776,0.71211,-6.6107,0.061074,-1.5379,-0.00021746
-0.66417,0.029969,-1.4804,-0.43939,-1.5431,0.074256,-2.8842,0.11378
4.4322,2.2818,0.043654,-0.24156,8.1989,-0.32118,-2.8449,0.069024
4.4,5.5383,0.10663,0.55206,-6.6323,0.048425,-0.97615,0.218
-0.71477,-1.653,2.279,-1.5236,-1.2647,0.063423,2.3108,0.10682
-0.71476,-1.124,-0.61709,1.0796,-0.4716,0.0036056,2.3582,-0.0031867
-0.53842,1.3548,-0.32457,0.86905,3.2395,0.035963,2.7469,-0.081847
-0.69886,2.083,-1.2924,0.30788,2.3582,0.075353,1.8964,-0.17939
-0.6988,-1.2276,0.95136,1.9,-7.8216,0.064302,1.2353,-0.21836
-0.69649,-4.6987,1.2166,0.5972,6.2254,-0.020203,1.3279,-0.18144
-0.97759,2.7143,1.8438,1.167,1.577,0.027325,0.60902,-0.11543
-0.74225,-5.2584,2.0367,0.17417,-4.1457,0.051243,0.36144,-0.003284
-0.69281,0.8526,-0.50441,1.2178,0.037576,-0.033545,0.89859,0.089857
-0.67227,-0.30971,0.60569,1.2695,4.3458,-0.23067,-2.6779,0.21013
-0.35075,1.029,1.6365,-1.9134,-1.707,0.046199,-1.0749,0.029523
-0.53817,0.84542,-0.72931,0.24445,-6.1424,-0.034225,-4.203,0.077177
-0.691,1.2445,1.3448,0.50665,5.2574,-0.7607,-1.9129,0.14819
4.417,2.3118,-0.5226,-1.1313,-7.9307,0.057192,-0.13488,0.023123
4.3776,-0.66504,-1.3545,-0.40968,-5.4717,0.014368,-0.85029,-0.024701
-0.89764,-1.8339,3.8502,-0.62047,4.6946,-0.22242,1.3126,-0.10986
-0.77895,2.2993,-1.5574,1.3788,-1.3862,0.097506,-1.5592,-0.16289
-0.71127,-0.63807,-2.5371,1.3997,0.4026,0.026407,1.3534,-0.14418
-0.70378,-0.36531,-0.1259,0.16744,-4.0406,0.055818,1.8119,-0.072233
-0.47534,-7.4501,-0.46732,1.1505,3.5,-0.029117,-0.7497,-0.01353
-0.62929,2.0982,-1.4193,-0.48629,4.4578,0.0031051,1.6749,-0.019615
-0.69999,-0.93146,1.4222,0.21255,-5.6544,0.035975,-0.75849,0.16158
-0.69312,0.12917,0.45405,0.14125,0.077003,-0.0059115,0.31996,0.11755
-0.77762,0.89892,-0.3067,-0.044438,2.4811,-0.12466,-1.2858,0.23221
-0.72019,1.6954,-0.011053,1.078,-2.5613,0.030456,-0.69146,0.18991
-0.67441,-0.0076254,2.7337,-2.2207,-4.3152,-0.0060078,-4.9913,0.077712
-0.66638,2.6556,-0.23832,-0.11768,2.0193,-0.25438,-3.1912,-0.04276
-0.67136,2.407,2.3586,-2.1145,-0.89651,0.028114,-1.6094,-0.073377
4.4101,-1.2326,0.42115,-0.48407,-6.81,0.0695,-0.58337,-0.095792
4.3804,-6.0457,-2.9103,-1.0413,4.2406,-0.46537,-1.148,-0.22522
-0.7105,3.4187,-0.81279,-0.4195,-4.4006,0.10913,0.53236,-0.18248
-1.0196,0.067884,-3.2164,1.1071,-0.62817,-0.030022,0.4205,-0.09623
-0.76057,-1.9872,2.5179,-1.2983,-1.6451,0.0050688,3.3249,-0.056852
-0.63543,-3.9357,2.0175,-0.67585,-0.29221,0.077195,-2.3739,0.058315
-0.70039,1.3317,1.6077,1.4609,3.99,0.0544,2.3462,0.21286
-0.69643,3.6241,1.3865,1.7182,-5.4423,0.098328,2.3831,0.10563
-0.52475,-6.3197,1.0798,-0.1774,-0.89001,0.058989,-2.1029,0.21476
-0.73589,4.1933,-2.3247,0.30485,3.3673,-0.024362,2.2593,0.068853
-0.69254,-1.5206,3.2563,0.16952,-2.918,0.076021,2.7919,0.075863
-0.68597,2.3727,1.2355,-1.5328,-3.4975,-0.061423,-5.3959,-0.04551
-0.81884,1.9707,2.3229,-0.090073,3.1302,-0.11729,0.30606,-0.10589
-0.66192,0.75285,0.682,-1.4821,4.2082,0.036547,1.4998,-0.1569
-0.66212,-1.114,1.9842,-0.46676,-7.9834,0.036187,-2.9683,-0.17776
-0.69433,-1.2989,-1.7916,0.057082,4.0407,-0.26604,0.20212,-0.097691
4.4142,2.6999,0.20697,-1.6004,-3.012,0.044363,1.9349,-0.041348
4.359,1.7203,0.025718,1.3467,-5.669,0.066715,-2.6045,0.0013888
-0.72971,-7.4457,-2.1492,-1.2287,-0.63942,-0.011097,0.64961,0.12607
-0.72068,0.96822,0.54636,-1.5854,-1.7687,0.048028,-0.68182,0.03865
-1.0454,1.5676,-1.3917,-0.25842,3.2289,-0.0038322,0.74003,0.46142
-0.76046,2.4485,-1.8042,1.0731,-1.8281,0.11015,4.654,0.38026
-0.69281,-8.334,-0.056555,0.82915,-3.1957,0.055125,-0.17521,0.17312
-0.69317,4.6075,0.68083,-0.31132,4.5251,-0.031703,-0.38164,-0.0028703
-0.24124,2.155,-0.49117,-0.05747,-3.7579,0.061485,2.9438,-0.05544
-0.6057,0.54887,3.3911,-0.35868,-0.20703,0.069019,-3.7095,-0.15515
-0.82316,-0.81735,6.0525,-0.65626,2.6681,-0.042228,-1.4296,-0.16954
-0.67901,0.5243,1.2565,-0.24619,2.4111,0.055401,2.6606,-0.13094
-0.98007,-1.6428,2.1505,-0.68583,-8.2072,0.031644,-3.1437,-0.10317
-0.83149,-0.58099,-1.0508,-0.3773,2.2248,-0.030959,0.30311,-0.043101
-0.7226,-0.0066171,-1.8214,0.030556,4.4822,0.018764,3.7143,0.081704
4.4355,0.54885,0.017714,-0.81912,-7.9909,0.065188,-0.99723,0.1776
4.3947,-6.8984,-1.529,-1.5903,1.5277,-0.15027,2.0269,0.049724
-0.51022,2.9812,-2.1693,-0.66931,2.0242,0.13061,2.8077,0.21992
-0.7542,4.1039,-0.18822,0.063351,0.21352,0.031458,-0.042686,0.098254
-0.71609,0.18621,-1.0091,1.0336,-0.66342,0.038074,2.5611,0.065057
-0.71375,-5.5355,-0.49124,-0.57623,-6.0953,0.07819,0.92268,-0.051303
-0.81581,3.494,1.7925,-0.07539,5.3133,0.023301,1.8065,-0.16009
-0.71723,2.4594,1.1009,1.1804,-1.4964,0.12317,2.3961,-0.14491
-0.68789,-5.3937,0.23291,0.57531,-2.2985,0.034223,2.5439,-0.15058
-0.67076,0.52073,2.4771,0.85785,0.46983,-0.079488,-0.42887,-0.12035
-0.3167,-1.7097,-1.2019,-1.1042,1.6001,-0.039655,2.6645,-0.040278
-0.55746,-0.90748,-1.0642,0.11326,-3.7853,0.064302,-3.0091,0.047801
-0.68255,0.75253,1.4344,-0.77653,1.0961,-0.004397,-1.5141,-0.0079569
-0.67386,0.59381,-0.81505,-1.1402,8.0406,-0.035779,-2.0219,0.032639
-0.79073,-0.37831,2.1441,-0.57798,-9.7447,0.021735,-0.78593,0.26
4.4288,-5.8039,-1.291,-1.3465,2.2073,-0.1164,1.0105,0.1341
4.3887,4.9296,-2.0206,-0.53519,4.7217,0.091628,3.5584,0.11493
-0.71045,4.4604,-0.38848,-0.018245,-2.1924,0.061254,0.56069,0.0053316
-0.68635,-1.2661,3.1162,-0.48251,0.076868,-0.012688,2.4493,-0.080532
-0.53446,-2.4441,0.082102,0.19589,-5.2243,0.06092,3.2738,-0.13398
-0.77755,-0.65541,0.92768,-0.31932,6.854,0.074577,1.6349,-0.19185
-0.70133,2.5785,-0.66727,0.024056,-0.16138,0.13995,2.9353,-0.16092
-0.80874,-6.7606,-1.5686,0.074906,-3.3153,0.09938,-1.9688,-0.15265
-0.83592,1.2891,-0.0036721,-0.27824,4.8886,0.042624,1.3568,0.0052829
-0.64524,0.82709,-0.074079,0.60263,-1.3578,0.030598,0.91803,0.10212
-0.67035,-0.93215,-0.11403,0.64212,-3.1463,0.052744,-3.4283,0.15464
-0.67496,0.46266,1.7784,-0.58895,2.4141,-0.10132,-0.081294,0.053886
-0.49581,3.0758,0.078189,-1.007,3.2555,-0.19272,-1.6433,0.056441
-0.66232,0.988,0.5535,0.38267,-9.0075,0.054535,-2.8017,0.05537
-0.66578,0.51683,0.15935,-0.67907,1.0907,-0.0047179,-0.9207,0.062939
4.4101,3.1008,0.069234,0.71379,8.9783,0.13096,-2.3417,-0.031857
4.3771,4.1362,-0.95423,0.96949,-7.2562,0.070932,0.31803,-0.12125
-0.76937,-5.1293,1.2309,-2.2752,-1.0531,-0.038551,1.179,-0.19448
-0.7095,-3.1931,-4.6407,1.8994,0.096475,0.087668,1.4125,-0.16885
-0.70737,0.84962,-0.30199,-0.64572,3.6636,0.062717,-0.34431,-0.11916
-0.51502,0.74266,-1.6272,0.95161,1.3627,0.071445,2.0028,0.025508
-0.56542,-7.2466,-1.3667,-0.41086,-9.6826,0.11935,0.74785,0.18521
-0.70755,0.0018599,-0.84691,0.29417,5.2495,-0.063085,1.535,0.087837
-0.69965,2.8145,0.39168,0.51412,0.28929,-0.002921,0.32259,0.16258
-0.98596,-3.8278,2.0296,0.74298,-5.1796,0.072626,-3.0151,0.25635
-0.76029,3.0239,-2.2233,-0.41957,1.2948,-0.15693,-0.1749,0.20042
-0.7022,1.4208,2.3419,0.2552,1.52,-0.14982,-4.1356,0.079294
-0.66958,2.0709,0.67952,-1.0318,-4.3683,0.031785,-4.4886,-0.0078595
-0.64252,1.7286,-0.1866,1.7108,-3.341,0.020169,-3.0985,-0.063009
-0.5293,0.73566,-0.85556,-0.46705,7.1404,-0.833,-4.2843,-0.1377
4.41,2.4195,1.9604,0.58801,-9.8784,0.047835,-1.0714,-0.12945
4.3882,-5.4647,1.8789,-1.4709,-2.7552,0.04324,-1.939,-0.24769
-0.73946,-0.71723,-0.5776,0.61535,6.3455,-0.19588,-1.3876,-0.084451
-0.80502,1.3611,-3.6375,0.88282,-2.5183,0.085133,-1.3497,0.0047475
-0.7099,0.44979,-1.4796,-0.0073457,-0.63108,-0.051944,0.76291,0.040475
-0.70368,-2.7663,1.4151,0.39673,-7.8942,0.10192,0.6848,0.2802
-0.69248,-1.5882,-0.23241,1.5965,6.7134,0.014117,2.6257,0.11987
-0.50358,4.3603,1.0998,0.38446,2.091,0.032529,1.5304,0.2251
-0.70649,-2.4861,1.0378,0.46652,-5.5123,0.1211,-0.96026,0.1672
-0.69889,2.4061,-0.62318,0.99156,3.6239,-0.002645,0.8064,0.044467
-0.69602,0.108,2.4321,1.3068,3.393,-0.044814,-2.0403,-0.038939
-0.82962,2.1272,3.6484,0.062086,-6.1267,0.062274,0.64356,-0.12816
-0.66518,1.2746,0.055095,0.65663,-0.46408,0.035411,-1.5129,-0.16073
-0.66225,1.5922,-1.0116,-0.70609,4.1927,-0.36833,-4.0152,-0.16844
-0.66,0.51373,0.48412,-0.46784,-3.9738,0.097551,-1.1877,-0.1248
4.4534,-3.0864,-1.831,-0.60922,-4.7178,-0.0030429,-0.14362,-0.035021
4.423,-3.4245,-0.7685,1.3914,6.8696,-0.56458,-5.4959,0.14291
-0.78048,3.5343,-3.4924,0.4496,-3.9966,0.10077,-1.7782,0.14542
-0.73197,-1.6066,-1.0045,-0.75266,0.55793,0.042156,0.67395,0.25333
-0.81671,-1.6792,0.52927,-0.059512,-1.7168,0.077484,3.2523,0.085744
-0.81777,-2.6072,0.39847,0.5768,4.6002,0.097102,-1.902,0.23077
-0.68459,3.5788,-1.2125,1.0708,4.4831,0.050453,1.6352,0.098278
-0.69373,1.0358,-0.98781,1.0376,-6.0977,0.13339,0.62906,-0.010926
-0.69612,-2.9898,3.0272,0.059093,5.551,0.0091118,-1.4108,-0.068996
-0.5667,4.0709,-0.28889,1.0319,2.8446,-0.0088764,1.5756,-0.11964
-0.72706,-3.3421,0.67435,0.44924,-6.5643,0.058796,-1.7877,-0.19487
-0.68438,0.5523,0.53473,-0.19562,-0.42291,0.031432,-1.1301,-0.15216
-0.68704,1.9594,-2.5843,-0.013666,4.2608,-0.10803,-2.418,-0.055245
-0.9022,-0.90308,-0.0047321,-1.3618,-0.65832,0.079627,-0.82872,-0.027452
-0.71238,-0.46253,-0.28437,-1.0435,-6.1896,0.080449,-2.5097,0.087277
-0.81335,-0.77906,-0.55317,0.23967,5.1486,-0.51538,-1.66,0.17665
4.4221,4.367,0.12155,-1.9866,-5.7734,0.13222,-1.7138,0.11478
4.3817,1.0322,0.26718,0.30097,-3.1922,0.066959,-0.35201,0.21464
-0.67097,-4.0287,0.49772,-1.1361,1.7108,-0.052682,1.5178,0.14398
-0.72496,2.552,-0.80425,1.0574,-1.7087,0.084947,-0.10981,0.002192
-0.722,-0.62641,-2.166,0.76306,2.4725,0.030001,1.5185,-0.06666
-0.87922,-0.98153,1.5139,0.68274,-7.49,0.089959,1.1189,-0.22473
-0.81538,-5.119,1.0141,0.85884,5.8394,0.03217,0.083247,-0.23693
-0.69364,3.7367,0.61911,-0.10896,3.8628,-0.00043097,1.4203,-0.167
-0.69078,-2.11,0.43564,0.66711,-6.0319,0.046539,-0.0054709,-0.098129
-0.64907,0.65729,2.3379,0.20132,-0.37688,0.01576,-0.19465,-0.015526
-0.53498,-0.57904,-0.84945,-0.80535,3.877,-0.27834,-0.063775,0.044248
-0.74314,0.65103,-0.56121,-0.74035,-3.1115,0.054278,-1.1363,0.14856
-0.68222,-0.50751,0.57006,-1.2627,-5.0185,-0.045334,-7.0719,0.047314
-0.86289,1.1425,-2.2933,-0.10935,2.9061,-0.42486,-2.5419,0.12522
-0.75128,2.8864,-0.64181,-1.9717,-2.7579,0.087116,0.035128,0.18244
4.4073,0.80166,-1.4261,-1.221,-6.6012,0.064707,-1.7147,0.08331
4.3709,-5.0085,-0.65303,-1.4076,3.6925,-0.23955,2.883,-0.025285
-0.71767,5.8125,0.050823,-0.028124,-1.8767,0.065143,0.961,-0.062961
-0.52284,1.2234,-2.0076,2.3852,1.0506,0.05723,1.4046,-0.1358
-0.69853,-4.8716,-0.60949,-0.72755,-2.8439,0.054227,0.45902,-0.17314
-0.71098,-2.8734,1.3353,0.4065,2.3212,0.033107,-1.4047,-0.12875
-0.71278,2.0581,1.1066,0.48609,5.7359,0.011037,0.71265,-0.053955
-1.0359,2.5193,-0.5154,1.2213,-5.8044,0.13669,0.84326,0.022636
-0.74194,-4.5238,-0.69214,-0.84216,0.051153,0.022441,-0.30377,0.064886
-0.67563,2.9341,-0.69308,-0.19339,4.698,-0.14576,-0.43118,0.25645
-0.67392,-1.2558,-0.61261,-1.1293,-2.778,0.055254,-0.31756,0.23175
-0.34216,0.50831,1.6981,-0.92015,-2.7338,0.005948,0.62599,0.18947
-0.56091,3.7317,0.64363,0.73553,4.1294,-0.18667,-1.6633,0.061114
-0.67662,1.2604,-1.4703,-2.6468,5.288,0.015446,2.0707,0.010856
-0.67359,0.50723,0.43662,-1.1877,-7.3852,0.11093,-2.1907,-0.062011
4.4025,-4.383,-0.69442,-0.20879,4.6548,-0.24794,1.1071,-0.093066
4.3741,4.4424,-2.4866,-1.6396,0.040498,0.10218,0.84916,-0.1764
-0.7189,1.3338,-0.867,1.8243,-1.568,-0.0066046,0.12351,-0.18801
-0.7135,-5.3992,-1.1087,-1.6068,-0.71645,-0.0017786,-0.082463,-0.10889
-0.39529,-0.91685,2.5106,0.39502,-1.8058,0.10482,-0.63036,-0.016743
-0.56816,1.644,-0.069897,0.74869,5.0538,0.071965,2.0502,0.13695
-0.70472,0.3706,0.79818,0.75426,-2.8293,0.092462,4.1187,0.30661
-0.70914,-8.4443,-0.41238,1.4823,-0.66069,0.079024,0.74184,0.16837
-0.78627,5.4193,1.4397,-0.062249,5.192,-0.073276,-0.804,0.14462
-0.88582,-0.42834,-0.29529,-0.786,-1.8244,0.037439,4.258,0.18679
-0.71232,2.6381,2.3874,0.67437,-1.7373,0.042072,-2.9675,0.067125
-0.67599,-0.23402,5.2071,-0.48527,4.2545,-0.10844,-2.3274,-0.0050607
-0.66838,3.0418,0.65226,-0.37579,2.4475,0.03844,2.6671,-0.058945
-0.49494,0.4289,2.4185,-1.0087,-9.1585,0.095138,-1.6299,-0.11646
-0.53209,-0.029916,-0.3927,-1.1523,3.273,-0.081606,-0.006858,-0.15948
4.4197,2.2869,0.25643,-0.79111,2.9367,0.028153,3.8411,-0.15213
4.3988,2.3381,1.8522,-0.55813,-6.0148,0.048194,-0.67629,-0.098445
-0.90258,-7.5332,-1.3681,-2.4001,0.89862,-0.026236,1.5763,0.0091526
-0.76431,-1.1687,-4.6185,-0.010859,0.36006,0.13758,0.096765,0.17582
-0.70534,-0.26007,-1.8908,-0.27417,2.353,0.025528,0.44105,0.14948
-0.69644,-1.0162,-1.6699,-0.24084,0.51896,0.057217,1.5281,0.18207
-0.67925,-5.7738,-0.14106,0.29102,-3.8128,0.080391,-0.25592,0.28697
-0.57587,4.3391,0.87394,0.11985,6.4577,0.015728,1.9565,0.12447
-0.69985,2.964,2.8839,1.216,-0.34262,0.15395,3.3399,0.042179
-0.69628,-1.2757,0.010943,0.78979,-1.6468,0.063442,-1.4384,-0.025115
-0.74938,1.5992,3.8877,0.021153,3.1192,-0.10353,0.22354,-0.13493
-0.70315,0.99941,-1.8573,-0.47159,1.1762,0.0034195,3.9176,-0.16868
-0.64484,-0.19624,1.4465,0.56014,-4.1843,0.0098627,-3.0107,-0.15561
-0.66299,-1.0692,0.26938,-1.4142,3.1929,-0.014184,-0.39201,-0.074618
-0.65908,0.40126,-0.82314,-0.75669,8.4225,0.0429,-2.9025,-0.03962
4.4398,-0.96085,0.62107,-0.44755,-8.8699,0.06135,-0.93075,-0.039182
4.4232,-6.6869,1.0218,-1.131,2.304,-0.070921,1.0463,0.3485
-0.75851,1.1307,-4.6646,0.30788,4.9768,0.052963,1.8004,0.23279
-0.7353,3.8554,-1.1494,0.65211,-2.4,0.022877,-0.6681,0.080292
-0.92617,-2.1663,-2.704,0.18025,0.25185,-0.004904,-0.14968,0.072528
-0.70029,-1.0165,-0.10411,0.32476,-4.5821,0.065188,-0.76789,0.11227
-0.70394,3.1102,-0.75895,-0.6562,7.2871,0.06246,2.1825,-0.013701
-0.7034,4.1251,1.8407,1.5137,-0.61909,0.1348,2.1451,-0.075202
-0.58182,-7.0614,-1.3198,0.94451,-4.9397,0.11533,-1.4209,-0.16837
-0.58517,3.1024,3.2769,0.31522,2.5364,-0.015204,-0.89162,-0.13442
-0.69644,-2.4942,0.58061,0.56711,0.025938,-0.0052248,0.028026,-0.16574
-0.69532,-1.1474,0.91133,0.7448,-4.4588,-0.010019,-1.1751,-0.1156
-0.85948,-1.176,2.5548,-0.84886,1.6589,-0.025305,-1.4403,-0.016743
-0.83993,0.24437,0.38169,-0.92309,5.6172,-0.31796,-1.7524,0.048799
-0.65775,-0.51622,0.18239,-0.64087,-9.3225,0.055972,-1.7914,0.16087
4.2662,-3.584,-2.511,-0.99377,2.6165,0.061645,-0.074718,0.1525
4.412,3.233,-1.7049,-0.25956,7.1918,-0.037505,1.9171,0.20101
4.3874,2.7041,-1.4166,0.043678,-5.2744,0.13316,-1.8987,0.11704
-0.75483,-1.8479,2.8919,-1.1349,-1.6811,0.00030704,2.4694,0.036168
-0.72935,-0.6707,-1.6218,0.31894,-1.5147,0.053919,0.64553,-0.042468
-0.809,1.9396,2.4338,0.14571,5.4832,0.11506,1.8831,-0.18545
-0.80802,0.94939,-0.68089,0.35515,1.6901,0.046436,1.8919,-0.24206
-0.77383,-7.3522,1.5119,-0.21969,-8.8898,0.064944,-0.67003,-0.26915
-0.69995,0.78134,0.82871,0.10417,5.9,0.047854,0.78586,-0.11368
-0.69372,3.4273,-0.12015,1.076,1.2034,0.0039201,-1.191,-0.060697
-0.46315,-0.65855,-2.7298,-0.87433,-3.6359,0.024129,-5.3816,0.10044
-0.63775,1.0968,-2.3569,-0.048632,-0.26405,-0.011206,0.28504,0.17993
-0.69109,0.85204,1.0601,-0.30887,3.5263,-0.14003,-2.6383,0.19711
-0.68281,1.466,-0.67841,-0.31173,-6.1269,0.085076,-2.3567,-0.0028703
-0.83423,0.92855,-1.0993,1.2436,-1.8366,-0.0013358,-1.7873,0.14559
-0.69013,1.9782,-0.90879,-0.30248,8.6074,-0.19518,-4.0569,0.091001
4.3902,4.3866,-0.65904,1.1818,-8.3737,0.043535,-2.0112,-0.0097336
4.3555,-2.8867,1.1921,-3.3563,-1.4399,0.064039,0.42278,-0.089854
-0.59834,-0.80563,0.37023,1.1188,3.5347,-0.009454,-1.1582,-0.19312
-0.66491,0.33666,0.061635,1.3813,0.20066,0.08815,2.7037,-0.1452
-0.72339,-1.3839,-0.66605,-0.28977,-0.14994,0.081572,3.3547,-0.12529
-0.72242,-4.4558,1.2859,0.071033,-8.5584,0.12393,1.7541,-0.023874
-0.90459,-1.2301,1.0707,-0.55831,7.3794,0.061722,0.58155,0.19208
-0.72293,4.2024,1.2598,0.82951,3.0361,0.041289,2.4444,0.1489
-0.68828,-4.1518,-2.8,-0.32545,-4.3845,0.048791,0.54425,0.028355
-0.68657,0.77585,-1.3745,1.944,0.87824,-0.013337,-0.3343,0.31048
-0.72678,0.8802,-0.093634,0.21482,2.7168,-0.11562,-2.1569,0.16097
-0.5376,2.1145,-0.39525,-0.054361,-3.3945,0.1014,-1.9697,0.12094
-0.66044,1.7738,-1.9702,-0.073463,-1.1147,0.02153,-0.54471,0.0051612
-0.68201,1.9459,-0.4365,-0.52953,5.5369,-0.67082,-3.9812,-0.053931
-0.7679,1.5071,1.171,-0.26265,-7.5356,0.080494,-1.2262,-0.13196
4.3917,-3.1731,0.13694,-0.27695,-1.8572,0.09578,-0.81945,-0.12449
4.3716,-0.48601,0.67022,0.71673,7.578,-0.23146,-0.25765,-0.17272
-0.72242,2.2462,-2.2817,1.1804,-1.9425,0.1106,-0.14142,-0.1038
-0.72503,-2.1084,-2.4683,-0.0725,0.62495,0.039402,-0.53371,-0.059018
-0.63443,-3.0938,0.98109,0.10373,-4.5638,0.10835,1.6794,0.085963
-0.63673,-1.8776,0.12898,1.3047,8.1282,0.2008,-0.6136,0.26548
-0.71915,3.2629,-0.80046,0.59442,6.1473,0.08206,1.2503,0.32316
-0.7136,-0.86396,0.86067,1.1549,-6.1238,0.09193,1.2438,0.14454
-0.91626,-0.68322,0.53197,0.37435,3.0419,0.076014,-0.080164,0.18149
-0.7836,3.3472,1.4204,0.28296,3.2527,-0.032903,0.73536,0.060992
-0.68502,0.79518,-2.0065,0.19097,-4.9039,0.020278,-1.795,-0.045705
-0.68553,1.3498,1.8226,-0.020256,-1.1659,-0.0029659,-2.2334,-0.09404
-0.36359,2.4064,-1.2134,-0.10638,3.898,-0.19312,-3.0492,-0.10918
-0.62269,0.038902,-0.048743,-1.7949,-0.1113,0.082047,0.62113,-0.14011
-0.67895,-0.27208,-0.99082,-0.29474,-5.0457,0.070226,-0.83015,-0.13137
4.4142,-4.5484,-2.4311,-0.27844,5.9038,-0.47611,-2.8337,-0.10643
4.393,3.8672,-0.1835,-1.5615,-6.5499,0.072427,-1.8196,0.010418
-0.87022,-0.47953,-2.0527,0.86991,-0.4154,0.034339,1.4731,0.14817
-0.7658,-5.3365,1.8217,-1.2017,0.60513,0.02479,0.85362,0.12425
-0.71979,1.9026,0.46758,-0.17694,3.5754,0.10165,-0.60766,0.18446
-0.67126,1.5555,-1.1209,1.693,3.3596,0.011916,1.3947,0.21916
-0.59003,0.47501,-0.24109,1.1071,-7.4505,0.075045,1.7887,0.15523
-0.6814,-4.2524,0.1014,0.32677,2.3885,0.0069427,-0.49707,0.047728
-0.70693,4.4459,1.2749,-0.10685,2.3399,0.0049084,1.5589,-0.079559
-0.70434,-1.8887,2.612,0.34514,-4.5179,0.049548,0.27402,-0.09146
-0.73515,1.6331,2.3405,-0.2189,-0.098913,-0.038769,0.47435,-0.18575
-0.73653,0.33788,0.54538,0.25344,3.2796,-0.16288,-0.65015,-0.14885
-0.68118,0.91262,2.5525,-1.2223,0.72166,0.12275,-0.40519,-0.11582
-0.66779,-0.17207,0.98256,-1.2155,-5.3806,0.02522,-2.9817,-0.037065
-0.45772,0.24697,-1.7235,0.39048,5.1726,-0.29197,-2.2971,0.021127
4.4307,1.5713,-1.6886,-2.1552,-6.5604,0.12183,1.8212,0.018012
4.4076,0.506,-1.4763,1.3665,-5.2497,0.070251,-0.32854,0.42204
-0.74407,-5.3407,0.64929,-1.2704,4.3377,-0.20813,-1.9907,0.25818
-0.92223,3.0078,1.6896,-0.28258,-1.5981,0.099592,4.4739,0.16499
-0.7642,-0.47209,-1.1274,1.8359,1.1911,-0.012746,2.2002,0.058218
-0.71626,0.22142,-0.097791,-0.18794,-3.3684,0.13834,4.0229,-0.038209
-0.70629,-5.5947,0.58814,1.721,4.8402,0.092052,-0.81066,-0.11753
-0.67407,4.8028,1.1131,-0.58038,5.2532,0.0070133,1.7775,-0.15615
-0.59818,1.3581,0.75459,2.0535,-3.4091,0.073864,1.3283,-0.19555
-0.71562,-1.6292,-0.16987,-0.53808,2.551,0.025496,1.1259,-0.13889
-0.69995,-0.1994,-0.7788,0.1662,3.8121,-0.14298,-2.1561,-0.06279
-0.70108,-0.080862,0.62303,-0.46972,-3.1215,-0.018015,-3.2338,0.038967
-0.77345,-1.5347,0.70995,-0.85117,-1.9957,-0.0089919,-2.4882,0.13272
-0.62483,0.52649,-1.4899,0.51354,4.074,-0.15427,-1.5475,0.22846
-0.6686,1.0425,-0.26808,-2.7737,4.2556,0.031913,2.0205,0.13452
4.4177,-0.68124,-1.5863,-0.20963,-5.8338,0.10066,-1.2823,0.053642
4.3927,-6.0366,-1.9211,-0.96114,4.5683,-0.4309,0.059152,0.13685
4.345,5.0656,-1.3994,-0.42724,-1.3409,0.046474,1.4667,0.018036
-0.73152,0.29192,-1.0318,1.3479,0.73624,0.037227,1.2407,-0.090341
-0.72441,0.093457,2.2197,-1.2955,-0.088862,0.082085,2.7572,-0.068291
-0.89212,-1.2048,1.1579,1.2888,1.1753,0.027851,-2.4312,-0.19699
-0.75939,1.7387,-1.46,0.35823,6.0243,0.017628,2.3095,-0.25737
-0.70329,-0.46219,-0.65333,0.91274,-4.3455,0.073081,1.1433,-0.10616
-0.70643,-8.1508,0.26862,0.248,2.4724,0.041937,0.35656,-0.032003
-0.50999,3.6783,1.3344,-0.30649,3.376,-0.011514,-0.52126,-0.02329
-0.63782,-2.0028,-0.090332,-0.41898,-3.6248,0.11858,-1.6396,0.19125
-0.69714,0.71258,0.60968,-0.22664,-2.154,0.01302,-2.6105,0.14617
-0.69205,1.8936,-2.2236,-1.4021,4.8726,-0.046727,-0.11295,0.15158
-0.80788,1.5187,-1.6811,-0.79612,3.51,0.078498,0.91438,0.041376
-0.72238,0.91216,3.5068,-1.906,-8.9247,-0.0052377,-3.3156,0.065714
-0.67348,-0.64446,-1.1893,0.40669,5.3184,-0.089089,1.5517,-0.037114
4.3893,3.8646,-2.102,-2.4567,2.3049,0.13177,1.1896,-0.11424
4.3631,1.8302,-0.96718,1.4819,-4.4706,0.039698,1.9026,-0.16637
-0.66364,-6.8561,1.8921,-0.5364,0.65005,-0.04459,1.051,-0.18964
-0.66601,0.99718,-1.091,-0.82543,0.51307,0.12711,0.86724,-0.080581
-0.71773,0.444,-0.55546,0.42108,3.225,-0.011488,1.6164,0.0098584
-0.70391,-0.46405,-1.8795,-0.40397,-4.1811,0.10709,4.0186,0.070825
-0.87296,-9.3431,-0.87503,0.60801,0.88651,0.08161,0.0048041,0.25492
-0.70285,3.444,0.59285,-0.027173,5.8122,0.049786,0.42006,0.24959
-0.69026,3.2012,1.2279,1.3437,-1.8682,0.086385,3.3416,0.045611
-0.67951,-0.14952,0.84178,0.046677,0.20776,0.044716,-4.8913,0.069024
-0.51865,1.8789,0.66107,0.09657,5.1109,-0.20512,-1.6753,0.11395
-0.60934,2.7438,0.16971,-0.68054,0.28326,0.055863,-0.63336,0.012487
-0.67682,-0.044989,3.4311,-0.81364,-3.6767,-0.033423,-5.9764,-0.04534
-0.67184,1.8249,1.1176,-0.57757,3.1911,-0.12628,0.58377,-0.080752
-0.89981,0.69659,-0.44709,-0.86819,7.0598,0.014278,2.6548,-0.17022
4.4051,2.1479,-1.0234,-1.3119,-5.8489,0.055151,-1.7877,-0.14028
4.3868,-7.8876,-0.70136,-1.4905,0.62088,-0.14443,-2.5905,-0.082358
-0.72259,2.524,1.6248,-0.68653,2.0577,0.04222,0.94789,0.01346
-0.57413,-1.3691,-2.6116,-0.41925,0.74119,0.072542,3.0845,0.052231
-0.64272,-3.0329,-1.3248,-0.31553,-2.8075,0.00083327,3.0045,0.23949
-0.71785,-5.2756,0.50773,0.35738,-0.47216,0.063969,0.29226,0.29846
-0.70858,2.2549,-0.29854,0.40459,5.4446,0.0089707,0.78657,0.28439
-0.76691,4.6998,1.5576,1.4674,-2.4694,0.056601,4.8935,0.13021
-0.76331,-5.0179,0.064827,0.33774,-1.7721,0.019707,-2.2882,0.040159
-0.6606,3.8204,4.2337,-0.64091,3.9364,-0.2278,-0.51207,-0.046678
-0.67924,0.15813,-0.2125,0.54685,-1.5094,0.072966,2.7989,-0.13245
-0.43867,0.66713,3.5687,0.70437,-3.8499,-0.010134,-2.4708,-0.14668
-0.57853,0.83464,3.6288,-1.3293,2.3824,-0.020235,-0.90302,-0.15537
-0.6183,0.36547,-1.1546,-0.85426,7.3908,-0.032576,-0.87403,-0.11843
-0.66619,-1.3263,1.6928,-0.43773,-9.5525,0.097461,-0.5868,-0.019615
4.4291,-6.9612,-0.57329,-1.3258,2.8684,-0.048248,0.40898,-0.056195
4.4096,3.0795,-1.5356,-0.8586,4.6481,0.075045,-0.13513,0.14598
-0.77703,0.4704,0.016898,1.4266,-3.7133,0.025971,1.1448,0.23961
-0.71587,-2.7584,-0.88763,-0.14384,-0.59222,-0.0045125,2.2589,0.15868
-0.7113,0.17287,-2.1166,-0.31932,-0.64918,0.072882,0.24708,0.039137
-0.4497,5.3424,0.82652,-0.38588,5.436,0.013983,1.6844,0.13067
-0.63227,4.4598,-0.55701,2.2572,-2.8704,0.092552,3.7787,-0.010464
-0.69694,-10.441,2.029,-0.50804,-4.1428,0.13479,-1.3871,-0.078512
-0.69526,3.5662,0.11012,0.17959,5.0869,0.028416,1.8106,-0.12514
-0.8411,0.11044,-0.086773,0.74379,-1.4086,0.085512,2.4456,-0.19967
-0.73234,-0.0018006,0.86369,1.1471,-3.233,0.042752,-1.5941,-0.16262
-0.67577,-0.31959,1.8504,0.45309,0.92434,0.0030794,-1.7361,-0.091752
-0.66984,1.5237,-0.03206,-1.1293,4.1057,-0.043858,-1.0753,-0.070919
-0.51939,0.66388,-2.6866,-0.24217,-8.2815,0.038677,-1.99,-0.0012883
-0.58385,-1.1127,-0.19976,-0.36278,0.20038,0.069423,0.2607,0.1388
4.4366,2.2811,-0.44303,0.098928,8.4379,0.076778,0.32978,0.042617
4.405,2.9813,-0.52043,0.76208,-6.208,0.13069,0.57551,0.3466
-0.99286,-5.8866,1.6952,-2.1626,-1.7091,0.047508,1.4504,0.15778
-0.74958,1.6086,-3.2593,-0.26172,1.5224,0.13407,2.0661,0.049407
-0.69893,2.9729,0.48491,-0.39237,4.9126,0.095799,-2.5285,-0.026867
-0.70639,0.66142,-0.020754,1.0772,0.8095,0.071721,3.295,-0.13206
-0.69711,-6.2697,1.3016,0.13844,-7.5201,0.093791,0.1688,-0.14286
-0.62982,1.9162,0.48182,-0.44698,7.062,-0.0060206,0.48589,-0.21064
-0.63615,1.9828,0.85789,0.77494,1.7904,0.083215,1.2708,-0.14206
-0.69174,-3.9189,-2.3346,1.8054,-1.2807,0.041032,-2.6304,-0.099151
-0.68229,1.944,1.4243,-0.41462,0.69992,-0.054896,-0.65526,-0.0034544
-0.92914,-0.84146,-1.6952,0.28301,3.6514,-0.12347,-4.1516,0.14644
-0.66874,0.22724,-2.8244,-0.40782,-1.992,0.072684,-3.2801,0.19429
-0.66439,0.95937,-0.38826,-1.2416,0.095833,0.027158,-2.4419,0.20707
-0.66372,1.4316,-0.7361,0.72982,8.1136,-0.58594,-3.7595,0.02597
4.4236,1.1609,0.40219,0.5601,-9.1563,0.048798,-0.0054259,0.061722
4.384,-1.9752,1.9032,-1.8624,-0.65644,0.0049726,-2.8966,0.0096881
-0.66617,0.91438,0.25344,0.72982,8.214,0.054381,-0.8644,-0.098177
-0.72644,1.6446,-3.2319,0.53701,-0.91309,0.054304,-0.95489,-0.16416
-0.91708,0.23928,1.285,-1.3922,-0.14634,-0.06949,2.4816,-0.14564
-0.77838,-4.602,-1.0109,0.42239,-6.7831,0.049452,1.2447,-0.22449
-0.69425,-2.2147,1.8193,-0.10787,7.7515,0.13991,2.3974,-0.10251
-0.70244,2.617,0.22869,1.6128,3.4274,0.081463,2.2506,0.017939
-0.44787,-3.9323,-0.18145,-0.84111,-4.9108,0.086629,-1.5471,0.10604
-0.63099,1.2417,0.093658,-0.36414,2.823,-0.011379,0.99174,0.024242
-0.65692,0.19768,0.70512,1.3419,2.7315,-0.027025,1.1441,0.26402
-0.69012,1.2976,-1.6814,-0.46022,-4.3293,0.051467,3.5366,0.16538
-0.85385,0.54243,-1.6261,0.18474,-1.6588,-0.047388,-4.9989,0.11232
-0.8124,2.5194,-0.45136,-0.42803,4.646,-0.65693,-3.6399,0.027625
-0.72517,2.3869,1.1595,-1.4399,-6.2504,0.10707,1.4649,-0.056097
-0.69011,-2.8084,-0.7452,-0.48187,-3.0996,0.030854,-2.2156,-0.12892
4.3869,1.6042,-0.28679,-0.7515,8.0309,-0.31624,-4.4529,-0.10701
4.3685,3.561,0.073853,0.40468,-7.0833,0.081052,0.065831,-0.19159
-0.66061,-2.3329,2.357,0.72145,-0.2698,0.073749,1.308,-0.12575
-0.71746,-3.4432,0.87377,-0.29201,-1.7272,0.085384,2.3893,-0.066027
-0.71082,-2.0051,-2.1207,0.85156,3.9076,0.02925,0.76018,0.13646
-0.93433,1.4105,-2.603,0.22546,3.4204,0.014811,1.8298,0.45566
-0.75185,-0.45237,-0.49927,1.1927,-7.0325,0.13287,2.2084,0.32754
-0.69507,-2.2841,0.39634,0.40658,3.6868,0.019521,-0.52659,0.26516
-0.6867,3.378,2.6866,0.047641,2.8826,-0.04846,-1.171,0.034099
-0.69629,-1.1016,-0.18053,-0.4411,-3.0652,0.026368,0.055691,0.10558
-0.63333,1.3435,1.262,0.94371,-1.4304,-0.071453,-3.1726,-0.022949
-0.67563,1.8839,0.41489,0.55217,3.334,-0.24095,-6.1423,-0.090268
-0.67307,0.092269,1.8326,-1.546,-0.59512,0.11431,-0.07493,-0.10635
-0.8337,0.2678,1.1119,-0.049178,-5.1759,-0.0015219,-2.8046,-0.16932
-0.70307,-0.77768,-0.21974,0.1927,5.9976,-0.60593,-2.4945,-0.13612
4.4094,2.4263,-1.1207,0.89269,-7.5633,0.11651,0.80947,-0.12568
4.3911,-3.7588,-1.6807,-0.002702,-3.2213,0.010691,0.36486,0.024193
-0.64636,-1.5185,2.8451,-0.79554,2.0585,-0.16261,1.0498,0.076423
-0.61097,2.7782,-1.4016,1.3043,1.1849,0.097924,-0.18977,0.12602
-0.69617,1.2661,-1.7226,0.35169,0.37594,-0.016443,-0.4838,0.28916
-0.71233,-0.061056,-0.3653,1.4801,-6.4495,0.12401,1.8976,0.24774
-1.0532,-5.9083,0.80954,0.86405,5.5788,-0.0007711,-1.6686,0.080438
-0.78884,4.1471,1.0734,0.28144,4.3522,-0.041291,-0.64313,0.010856
-0.67621,-0.67178,4.2789,0.91901,-3.8465,0.091025,-0.55414,-0.037698
-0.68469,1.5691,1.2501,1.3119,2.4772,-0.019639,0.26156,-0.15187
-0.68546,1.4414,0.36245,2.1433,3.6043,-0.075233,-0.28421,-0.10239
-0.5747,1.2742,1.8533,-1.7441,-1.4153,0.028371,-1.4304,-0.18292
-0.62556,-0.16533,0.44738,0.17969,-4.7418,-0.024702,-5.1839,-0.12738
-0.66971,0.87382,-1.8051,-0.40688,4.471,-0.49888,-3.557,-0.084865
-0.6656,0.95278,-0.77965,-1.6547,-5.8223,0.05845,1.1367,0.058948
4.4222,-2.593,-0.88587,-0.26966,-4.562,0.020047,-0.071982,0.019302
4.4016,-3.1514,-2.017,-0.48069,6.3038,-0.40373,-0.3381,0.20641
-0.72133,2.7164,-2.3377,1.0385,-2.7783,0.091634,-4.7541,0.23294
-0.72081,0.34192,-2.7034,1.257,-0.21988,0.021305,-1.5854,0.096282
-0.4283,-1.1655,1.8158,-0.66601,-2.5397,0.057275,2.5024,0.10414
-0.74135,-3.8465,1.0434,0.43342,3.0191,0.0757,-2.972,-0.017351
-0.7105,2.7559,0.54139,0.10986,4.8975,0.0099461,2.0983,-0.12368
-0.70198,1.5616,1.09,1.6424,-4.8698,0.076431,1.5663,-0.16019
-1.0218,-2.7644,2.2919,-0.25749,2.6045,0.038696,3.392,-0.19278
-0.82051,0.99319,0.16088,1.0698,3.5035,-0.0051928,1.5062,-0.15591
-0.71915,-2.2375,-0.082816,0.91423,-4.95,0.070489,-2.1159,-0.06206
-0.68388,-0.83527,4.4573,0.071258,-2.3367,-0.00063633,-2.1924,0.055151
-0.65482,2.5354,0.1084,-0.028085,2.7372,-0.11285,-0.53346,-0.01521
-0.51606,0.7488,0.11492,-2.3096,3.1552,0.024533,1.7045,0.031982
-0.65119,-0.074401,-0.25087,-0.12153,-6.8651,0.035533,-1.5601,0.16328
4.4286,-2.45,-0.57336,0.9014,5.2162,-0.39344,1.0386,0.085841
4.3867,5.2464,-0.30035,-1.3499,-5.5249,0.079903,1.6456,0.082361
-0.76484,2.971,-1.8688,1.9103,-1.9912,0.080879,0.032868,0.075741
-0.7662,-4.7601,0.80139,-0.56479,1.3887,-0.01659,3.4436,-0.035483
-0.71596,2.7548,3.231,-0.45634,0.024596,0.085692,0.35388,-0.10339
-0.70181,2.2474,-0.90911,0.85685,4.0367,0.0030858,3.1247,-0.1029
-0.5468,2.5707,-0.58375,1.0757,-5.8911,0.072921,6.7888,-0.18988
-0.6699,-9.3086,-0.28618,-0.44383,1.3966,0.10351,-2.1628,-0.17681
-0.69835,2.6321,-0.73937,-0.23493,3.8578,-0.018432,2.0309,-0.052471
-0.69167,-1.5677,-0.31673,0.34498,-2.7154,0.013893,-1.1045,-0.0019941
-0.84545,0.29784,1.8031,0.41166,-0.8805,0.0078091,0.69552,0.1316
-0.70535,-0.22401,0.36839,-0.0072429,3.2528,-0.19556,-1.8391,0.20799
-0.67034,2.1295,-0.84756,-1.1805,0.68974,0.026381,-0.80371,0.20283
-0.66546,-0.3633,2.8548,-0.18115,-6.0846,0.0092915,-3.1191,0.14479
-0.58316,1.4551,0.11053,0.079203,3.9034,-0.20579,0.64333,0.065032
4.4216,2.8051,-0.34302,-1.8074,-1.8019,0.078844,1.8489,-0.0059369
4.3753,1.987,0.45362,-0.3099,-6.1607,0.009529,-1.8217,-0.13882
-0.71984,-6.6382,1.0788,0.31848,2.8685,-0.14308,0.034287,-0.15968
-0.88085,3.1015,-0.071882,-0.98167,-0.16345,0.093727,1.7198,-0.19811
-0.80802,0.77252,-0.53553,0.67906,0.86904,0.048477,1.4221,-0.14459
-0.64221,-0.60788,-2.7835,-0.28198,-1.907,0.06137,4.6348,-0.17309
-0.70274,-9.611,0.69778,0.87779,1.0233,0.061171,-0.23684,0.015115
-0.70489,3.6798,1.4173,-1.178,5.9617,0.034134,1.3032,0.0087632
-0.48501,1.5715,1.9073,0.010182,-3.3731,0.067915,3.633,0.17073
-0.67968,-1.4876,-1.5704,-0.41463,2.4821,-0.0088892,-1.587,0.12439
-0.69717,2.7348,2.7304,-0.76483,2.9139,-0.1414,0.012864,0.20911
-0.68427,1.1609,-0.15627,-0.049191,1.0304,0.061479,1.8747,0.035535
-0.92545,0.93607,2.3654,-0.20269,-2.5776,0.0067181,-2.5167,0.066663
-0.69178,1.9437,2.4261,-0.041098,3.3614,-0.017412,0.87721,-0.036481
-0.66658,0.41065,-0.1495,-1.0627,7.6301,0.12791,1.827,-0.13077
4.4062,-0.51636,1.7025,-1.353,-7.2447,0.089709,-1.0744,-0.12629
4.3913,-6.7486,-1.3828,-1.395,4.2901,-0.19395,-0.21804,-0.19327
4.3546,2.3519,-2.2174,-1.4236,2.0874,0.095633,2.6884,-0.12894
-0.72991,1.3818,-0.60831,0.28532,0.1501,0.10544,-1.5449,-0.059018
-0.72128,-4.4156,-0.47672,-0.062255,1.2852,0.056049,2.1405,-0.083696
-1.0039,-5.0563,-1.7411,-0.44334,-2.5791,0.11573,2.2315,0.43959
-0.81203,-0.36449,-1.7763,-0.8811,6.8414,0.041212,1.983,0.57272
-0.70076,3.2992,-0.59194,0.40023,-2.2572,0.14542,6.0149,0.37415
-0.70038,-7.8348,-1.1549,1.1492,1.1345,0.085486,-1.8685,0.17923
-0.35878,4.4477,1.5632,-0.33612,3.9667,0.040115,1.0186,0.030375
-0.6439,-0.74912,1.588,-0.13213,-0.23755,0.085037,3.7158,0.018085
-0.74726,1.2961,-0.048107,-0.18899,-2.4134,0.068057,-2.6393,-0.099686
-0.6812,-0.39347,4.2353,0.38362,2.9704,-0.0639,-1.1575,-0.14771
-0.99042,2.0092,0.46712,-0.55104,5.1026,-0.05034,-1.9281,-0.11714
-0.82094,-0.37918,1.3713,-0.93321,-8.8146,-0.0056548,-2.3191,-0.15703
-0.71608,-3.0445,-1.6561,-0.81747,3.4286,-0.020447,1.798,-0.096936
4.4145,2.7083,-0.61671,-1.4157,6.7626,0.08856,5.6749,-0.051181
4.3817,5.1804,1.5387,0.66075,-5.1866,0.074288,-1.2586,0.0029951
-0.52203,-6.4615,0.93401,-0.23448,0.89802,0.019406,3.6918,0.17891
-0.73195,-0.22059,-3.2789,1.0723,-0.81995,0.059958,3.2886,0.12916
-0.72269,2.1195,0.48199,-1.188,6.5131,0.081405,1.6638,0.22668
-0.71498,2.6957,-1.9701,0.67518,2.2409,0.064854,2.3855,0.079927
-0.79034,-6.5692,0.48746,-0.37576,-5.2932,0.12112,-0.24952,0.067077
-0.76236,3.1265,-0.50547,0.6505,6.5093,0.036688,2.0275,-0.03541
-0.69283,3.9726,3.2798,1.0086,-0.010367,0.06291,1.7886,-0.1018
-0.69118,-2.8722,-1.1968,1.2029,-2.3457,0.016543,-4.6352,-0.15934
-0.39923,2.5562,2.3362,-0.94847,2.9456,-0.035804,0.25189,-0.21709
-0.64605,0.16755,1.3773,-0.35429,3.0096,-0.064272,-2.0279,-0.11726
-0.68194,-0.42444,0.2631,0.28378,-4.336,0.015542,-2.8756,-0.1039
-0.67717,1.3433,-0.70279,-1.0311,0.80029,-0.0012588,-1.2935,-0.040837
-1.0096,0.63448,-1.2883,0.169,8.3498,-0.22078,-1.7526,0.20011
4.4221,1.8153,-0.11817,-0.35831,-7.9092,0.10605,-1.9843,0.063402
4.3931,-4.3052,0.82914,-1.8078,-0.35806,0.02753,-0.17961,0.24034
-0.72659,-0.13975,-4.8638,0.93842,4.0845,0.060195,2.0357,0.14547
-0.5753,4.3446,1.3699,0.64158,0.73762,0.11096,1.0405,0.068026
-0.54472,1.5158,0.63871,0.20051,1.2517,-0.016289,3.5583,0.0062808
-0.75494,-3.8231,0.37772,-0.51265,-8.1663,0.067826,1.8641,-0.12646
-0.70995,0.23621,2.6086,-0.56155,6.8968,0.03061,1.4732,-0.20514
-1.0445,3.4569,0.99839,1.8028,0.51726,0.04247,1.2427,-0.1416
-0.91696,-6.248,-0.050394,0.041635,-5.0388,0.080911,-0.84019,-0.1652
-0.70854,3.7074,-2.61,-0.98594,2.6251,-0.013805,0.54236,-0.068948
-0.68828,-1.9439,1.3584,-0.18863,2.0343,-0.045982,-2.6904,0.044954
-0.68596,1.8144,-0.58764,-0.8901,-4.8401,0.056467,-1.2937,0.0023867
-0.41133,-0.020932,-0.11134,2.8187,-1.295,-0.013401,-1.4933,0.022076
-0.63619,1.0717,-1.1731,-1.2553,6.5841,-0.61052,-3.9241,0.063742
-0.68082,1.5366,-0.87255,0.21855,-9.2252,0.079242,-0.92569,0.18908
4.4101,-4.6637,-1.0126,0.4814,-4.0583,0.013335,-1.8813,0.022587
4.3739,1.5493,-0.98587,0.57614,7.3437,-0.16843,-2.9096,0.053545
-0.78555,3.8804,-3.2388,0.65725,-5.9958,0.096807,-0.19476,-0.055756
-0.72607,-0.11173,0.84084,-2.2853,0.34219,0.0097343,1.5446,-0.12629
-0.71411,-2.3135,3.1446,0.65211,-3.59,0.083279,1.1507,-0.14707
-0.50459,-1.6689,1.3986,0.39418,5.5001,0.013001,3.0903,-0.1514
-0.5921,1.787,-0.84963,-0.51911,1.3051,0.10297,2.5911,-0.086933
-0.71555,-3.6198,-1.5776,1.9093,-7.4776,0.063179,-0.42659,-0.072744
-0.70543,-1.5869,-0.80724,0.081727,4.2773,0.0096188,-0.22151,0.082118
-0.92663,2.3689,1.5484,0.84118,1.8014,-0.061763,1.0142,0.17324
-0.78498,-1.4567,1.9625,0.20966,-5.8606,0.034082,0.083466,0.22479
-0.69137,0.72556,0.0062145,-0.23046,-0.90753,-0.033449,-2.2141,0.1966
-0.67644,2.9709,0.038437,-0.71088,2.1936,-0.26639,-2.5768,0.053375
-0.66674,1.0031,0.55505,0.29222,-3.5733,0.02701,-1.0457,0.0018269
-0.51925,0.031125,-0.68538,0.94011,-4.7587,-0.0318,-5.3428,-0.0028459
4.4145,1.2152,-0.097534,0.77236,5.7479,-0.88019,-3.9199,-0.070018
4.3731,4.4354,0.75188,1.3436,-7.5274,0.033755,-1.0891,-0.21892
-0.73155,-1.8117,0.78814,-0.60078,-2.0463,-0.031979,-1.4974,-0.12113
-0.79832,-2.6396,0.49676,-1.325,-0.22374,0.0063138,3.5351,-0.15036
-0.68399,0.10959,-0.43381,1.4725,0.84028,0.048374,-1.2175,-0.094697
-0.70449,-1.7167,-2.607,0.87178,2.4206,-0.01677,0.31576,0.10745
-0.70437,-0.65323,-1.1328,1.4395,-8.8581,0.12199,1.4975,0.086304
-0.43697,-4.559,0.48322,0.64466,6.6061,-0.069798,-0.33416,0.14849
-0.62846,3.4527,1.4575,1.2954,2.3167,-0.040085,0.29568,0.24674
-0.70175,-3.2905,2.8291,-0.20484,-6.2886,0.085576,-0.55656,0.12483
-0.69265,1.9655,-0.71765,-0.095423,1.4088,0.052077,1.1322,0.098594
-0.96564,1.1125,-2.3603,-0.43902,4.2012,-0.086676,-2.9285,0.022928
-0.72405,0.72823,1.1526,-1.4709,-1.1828,0.060202,-2.7658,-0.066246
-0.66524,1.0871,-0.35269,-0.48594,-4.949,-0.005565,-0.65176,-0.13858
-0.66614,0.37733,-0.49484,-0.96919,5.5749,-0.56334,-2.6286,-0.13612
4.4151,1.7418,-0.53455,-2.5996,-7.0401,0.033627,-1.022,-0.13035
4.401,-3.3915,-3.4731,-0.89767,-4.7337,0.014419,-1.5416,-0.11324
-0.773,-4.2202,0.99985,-0.55989,4.4393,-0.17701,1.4778,-0.020686
-0.72941,1.7077,-2.1582,0.069247,-1.4382,0.097789,-5.0105,0.10227
-1.0142,1.3173,-1.3119,1.5459,1.0223,0.027132,1.0962,0.05868
-0.86345,-5.0841,-0.93207,0.45722,-4.268,0.040468,0.77457,0.42961
-0.76077,-3.9071,0.10684,0.94527,4.9785,0.09105,-0.23496,0.26801
-0.70019,4.283,0.46593,-0.26906,5.5403,-0.033982,2.113,0.11758
-0.69615,1.6109,1.4019,0.45599,-5.3468,0.074821,-0.5933,0.0062564
-0.4184,0.84965,0.65053,-0.23855,-1.0122,0.046353,-0.69908,-0.017278
-0.74331,2.2078,-1.916,-0.03605,4.6747,-0.10619,-0.25156,-0.12624
-0.68657,-0.01862,0.34854,0.80381,-2.9486,0.031201,-1.7533,-0.16576
-0.68668,0.076631,3.3453,-1.422,-3.0675,-0.021448,-1.0527,-0.11884
-0.821,1.9084,-1.2214,0.57669,2.9141,-0.35756,-4.0851,-0.13052
-0.70787,0.20092,1.4182,-3.0802,0.59165,0.10355,-1.9665,-0.10762
-0.68047,-2.5978,-0.78539,-0.28456,-5.6839,0.11119,-1.1138,0.040768
4.4266,-4.5271,-2.2809,0.64305,5.7319,-0.36489,1.7521,0.076471
4.3959,4.4773,-0.87192,-1.5529,-5.4839,0.10533,-0.48361,0.21785
-0.63308,1.4804,-1.2149,1.5092,-1.9203,0.040545,1.6713,0.23579
-0.72882,-1.2565,2.9715,-1.7145,-2.3032,0.01252,2.8278,0.071458
-0.72049,-0.81341,3.6289,-0.59203,1.3877,0.031105,-1.7904,0.13722
-0.94969,3.8495,1.6772,0.64746,3.4898,0.00077552,1.3358,0.020567
-0.74715,3.0683,-0.675,0.43914,-3.8744,0.14369,4.7537,-0.083283
-0.69628,-5.8978,-0.051396,-0.53296,0.37613,0.036341,-2.313,-0.14622
-0.68899,4.0781,-2.0946,0.51442,4.5209,0.013662,1.7893,-0.12108
-0.78434,-1.9107,1.5342,-0.15957,-3.3749,0.053521,3.1162,-0.14021
-0.53294,0.34865,2.5488,-0.62105,-1.7984,-0.052445,-5.4724,-0.11285
-0.73382,-0.2376,1.338,-0.67671,3.8446,-0.11627,-0.6143,-0.0033814
-0.68119,0.54695,-1.2155,-1.104,3.6098,0.021729,-0.21798,-0.023363
-1.0466,-0.85452,1.7144,0.15925,-8.9166,0.0067374,-3.4665,0.024924
-0.78615,-1.037,-0.77532,-0.2859,4.3107,-0.21811,-0.51618,0.22695
4.4179,3.7364,-0.4852,-1.6021,-1.5269,0.055947,-0.39964,0.10609
4.382,3.1959,-0.002034,1.5131,-5.6199,0.060413,-0.77225,0.138
-0.72645,-6.4322,-3.1781,-1.9832,-0.44764,-0.014229,1.3821,-0.0037708
-0.57914,1.1902,0.02221,0.18345,-0.57215,0.16064,0.67475,-0.033804
-0.70259,0.46424,-0.2127,-0.31159,2.8354,0.10338,2.4958,-0.13532
-0.71339,1.966,1.3657,0.24307,-1.8624,0.097879,4.2821,-0.20285
-0.71389,-8.3173,0.22382,0.10786,-2.0739,0.078369,-0.33565,-0.15109
-0.88627,3.9069,1.6521,-0.084382,5.4791,-0.063451,0.58191,-0.14393
-0.74827,0.25823,-1.4853,0.26637,-2.1399,0.092084,0.54747,-0.074253
-0.67915,-1.4778,3.8332,1.7394,-1.8716,-0.0024461,-3.6836,0.070314
-0.6789,-1.2103,6.2167,-0.83002,2.7623,-0.01281,-1.1336,0.11196
-0.43673,1.7854,0.17622,0.45666,3.4206,0.029577,2.53,0.18293
-0.6162,-0.17853,-0.048306,-0.067926,-7.1571,0.067646,-0.44175,0.085914
-0.67857,1.661,-0.99568,-1.321,1.9334,-0.089884,-1.1324,0.046049
-0.67721,1.9865,-0.47911,-0.45268,7.8109,0.013437,0.71945,0.1122
4.4015,2.3999,2.1824,-0.79227,-8.5865,0.074654,-1.4951,0.003847
4.3662,-5.1738,1.9123,-1.0329,2.7236,-0.043601,-0.25354,-0.084962
-0.79396,2.1654,-3.6558,0.048347,4.8087,0.10734,-0.95769,-0.17022
-0.72227,2.1786,-0.50298,-0.77118,0.39338,0.089536,-0.88217,-0.14824
-0.67378,-2.0608,0.028236,-0.56842,-0.78978,0.057917,5.284,-0.13799
-0.46878,-3.8436,-1.3814,1.2111,-6.2853,0.11276,1.1464,-0.060429
-0.74861,0.30447,-1.066,-0.70573,6.9819,-0.022501,2.0804,0.10142
-0.71346,2.0518,1.1138,0.28607,-0.8981,0.12198,4.046,0.048677
-0.68904,-5.7898,-3.3645,-1.2165,-3.3974,0.066959,-3.7591,0.028623
-0.80474,3.3649,1.7649,-0.44898,2.1703,0.0098948,1.4905,0.25416
-0.69767,-0.47377,-0.47496,-0.68228,-0.32266,-0.02766,2.6258,0.19682
-0.68236,1.1395,0.085937,1.4473,-2.7305,-0.0020482,-0.36275,0.15606
-0.66682,1.7897,3.1625,-1.204,2.2205,0.011653,-1.9649,-0.027817
-0.43347,1.9785,0.10485,-1.1548,6.5317,-0.37829,-1.9165,-0.021635
-0.70148,0.57737,1.0425,0.17023,-9.0206,0.070059,-1.5139,-0.12325
4.401,-4.3,-0.25995,-1.6251,2.4606,0.042444,0.83283,-0.12719
4.3773,1.8577,-1.1141,0.36347,7.6979,0.10253,-0.70226,-0.15255
-0.98493,1.1349,-1.8854,-0.33739,-4.102,0.07004,-1.2948,-0.13493
-0.74918,-3.5381,0.44028,-0.39564,0.28096,0.020894,2.9784,-0.0088574
-0.70769,-3.8345,-3.8242,1.6255,-3.989,0.060484,1.2126,0.056465
-0.70555,0.6643,1.7632,-1.3271,7.7816,0.18088,-0.75097,0.23111
-0.58092,1.6401,-1.2663,1.6397,2.4386,0.084325,3.7942,0.32238
-0.60071,-4.64,-1.4845,0.15948,-7.2762,0.041469,-1.6715,0.1866
-0.73565,1.7041,1.6673,0.691,5.4592,-0.016622,0.27194,0.22445
-0.70483,2.889,2.7878,1.2938,0.92805,0.030129,-1.6058,0.11232
-0.82585,0.90991,-0.55609,-0.06609,-4.7605,0.018308,-1.5156,-0.00031481
-0.76056,1.6923,1.0161,0.60238,-0.69987,-0.078487,0.26432,-0.096717
-0.64939,2.284,1.998,-0.66863,3.5811,-0.14939,-2.6839,-0.11843
-0.67001,0.42012,-0.18824,-0.58401,-7.1525,0.020233,-1.8715,-0.13829
-0.67749,0.26078,-0.52399,0.77029,-2.306,0.017108,-2.9258,-0.10003
4.4176,1.2224,-1.0784,0.78987,7.8121,-0.52874,-2.2858,-0.1131
4.4044,2.2797,0.33006,0.914,-9.1696,0.028538,-0.96453,0.14333
-0.74145,-3.8116,3.7814,0.41043,-2.2542,-0.02501,-2.1215,0.14961
-0.74249,-2.5239,-0.39786,0.38376,-0.076955,0.053014,-0.90467,0.071068
-0.88868,-0.31642,-0.034353,1.0535,0.73119,0.035116,0.61702,0.12624
-0.74049,2.6293,-0.90688,-0.40497,0.86982,0.0032527,2.6666,0.21055
-0.70938,-4.4918,-0.99128,2.3647,-9.0295,0.10447,0.41334,0.13352
-0.71225,0.08166,1.2351,0.10094,5.9706,0.011467,-1.5912,0.0083008
-0.41644,4.328,1.0479,0.86803,0.89952,0.056152,-1.0349,-0.050938
-0.6406,-3.72,2.4843,0.50239,-6.0894,0.026458,-1.5012,-0.093066
-0.6986,1.8147,1.035,0.66721,1.0754,-0.096912,-3.6662,-0.1792
-0.70145,-0.93925,-0.52741,0.61128,3.5226,-0.15375,-1.8591,-0.16029
-0.75263,0.28468,1.774,-0.67794,-2.5123,0.066118,-0.95046,-0.11336
-0.80455,0.42007,-0.88895,-0.49854,-3.0345,0.056062,-2.3813,-0.035167
-0.65727,0.29057,-0.71193,-1.0585,6.807,-0.51653,-0.78961,-0.01555
4.4176,0.50367,0.052024,-1.3367,-8.1789,0.10869,-1.2868,0.083919
4.4145,-2.4343,-1.1624,-0.30701,-3.0694,-0.0090176,-0.87224,0.21505
-0.64945,-2.5577,0.27088,0.56866,7.1007,-0.26681,-2.8594,0.18108
-0.77695,2.0181,-2.9167,0.40631,-1.9108,0.080564,-1.3329,0.19772
-0.73372,0.65055,-1.7427,-0.52939,0.86745,0.064386,0.90222,0.048799
-0.9664,-1.0875,0.73589,0.38643,-4.7299,0.12868,1.4491,0.041279
-0.97145,-1.3862,-0.33821,1.2418,7.7828,0.18483,0.42907,-0.12023
-0.74605,4.4151,0.69255,0.70723,4.8681,0.085724,2.5869,-0.15464
-0.70086,-1.6764,-0.34995,0.82745,-5.2621,0.12141,-0.5723,-0.18088
-0.69008,1.2018,1.2695,0.58306,3.6325,-0.037011,-0.017152,-0.070627
-0.53879,-0.25978,-1.5966,-0.1702,4.4785,-0.11792,2.4195,-0.081701
-0.67267,-0.4587,0.32223,-0.64723,-5.2108,0.071785,-2.071,0.0015835
-0.69611,-0.63264,1.3324,-1.071,-0.24744,0.050691,-0.29733,0.065787
-0.69128,2.5149,-2.0748,0.10958,4.6319,-0.20464,-4.1791,1.5858e-06
-0.87092,0.089096,-0.50014,-1.713,-0.60182,0.033145,-0.51447,0.17986
-1.0978,-1.1972,-3.25,0.023767,-4.5905,0.0513,-3.1315,0.21174
4.3988,-3.7409,-2.5476,0.17484,5.8971,-0.60686,-3.3995,0.15204
4.363,4.9352,-1.0048,0.74306,-4.9124,0.063507,0.40619,0.022758
-0.68217,2.0608,-1.2771,0.85129,0.016767,0.069173,3.1696,-0.06004
-0.66799,-2.1793,2.5455,0.49403,0.8823,-0.019087,2.6327,-0.085278
-0.72719,-0.47793,0.64794,1.1941,1.6214,0.09166,-3.4133,-0.2032
-0.72751,-0.49629,-0.75278,0.57743,5.8146,-0.015993,0.86346,-0.1793
-0.8978,-1.205,0.11858,1.5086,-7.5185,0.070425,1.979,-0.10601
-0.73168,-7.5365,3.3808,-0.42699,3.6897,0.049709,-2.0131,0.016819
-0.67485,2.926,1.0771,1.5124,3.6229,-0.056154,0.39364,-0.0376
-0.6908,-3.1457,-0.24268,-0.42309,-5.001,0.12607,-2.2857,0.14269
-0.55289,2.782,2.3755,-0.049473,0.21405,-0.071383,-1.4593,0.12639
-0.48926,2.0087,-0.90427,-0.43275,5.0625,-0.15517,-1.7111,0.19453
-0.72695,1.4473,-0.98742,-1.2137,2.8732,0.088342,0.67433,0.069219
-0.68801,1.0791,2.2439,-1.6288,-7.189,0.017679,-1.7561,0.06384
-0.79968,0.42379,-0.052129,0.11609,5.4479,-0.13305,-0.091678,-0.014698
4.3859,4.1428,-0.44122,-2.3038,-1.675,0.093502,3.0326,-0.063642
4.3567,1.7448,-0.64918,0.72233,-4.3874,0.094715,0.12003,-0.17474
-0.7314,-8.5359,0.37016,-1.0965,2.4893,-0.019959,3.0574,-0.18059
-0.72756,1.2716,-0.70838,-0.81398,-0.94149,0.075167,-0.70538,-0.099394
-0.51547,1.3978,-1.0919,0.56759,2.8676,0.015728,1.4076,-0.037211
-0.62794,-2.6039,-2.0466,-0.58299,-2.7141,0.14055,3.3571,0.098789
-0.72433,-8.2437,-1.1994,1.2122,2.5895,0.086853,-0.009735,0.21924
-0.72101,4.5376,0.90179,-0.28917,6.0063,-0.031075,0.90646,0.079586
-0.90727,1.8975,-0.50546,0.7083,-2.5258,0.057814,1.0117,0.17699
-0.76373,0.0659,0.9407,0.16726,1.41,0.093996,-0.94845,0.17338
-0.69289,1.7708,2.6499,-0.54016,4.0314,-0.18624,-2.2616,0.14508
-0.68513,2.406,-0.55195,-0.78317,-1.471,0.068666,-1.4546,-0.0032597
-0.46601,-0.193,3.3785,-1.3986,-3.3,-0.040701,-2.9988,-0.050232
-0.50673,2.0256,0.58602,-0.37597,2.8889,-0.24422,-0.68336,-0.09
-0.67554,0.57495,0.60414,-1.2467,5.7362,0.039864,1.8177,-0.15907
4.4012,1.9084,-1.1756,-1.3898,-4.656,0.059881,-0.70296,-0.13349
4.3817,-8.0707,-1.4717,-1.2701,4.0462,-0.12782,-0.69581,-0.10745
-0.80081,4.649,1.7972,-0.96277,0.99395,0.10626,2.9461,0.00056136
-0.71891,-3.1068,-3.1885,-0.25896,2.1871,0.095665,1.2047,0.046828
-0.71808,-1.9101,-1.5016,-0.69917,-1.6401,0.071772,1.9331,0.1424
-0.70807,-3.5045,0.13734,0.78992,1.5219,0.11331,-0.092712,0.1646
-0.53214,2.4876,-1.0683,0.3911,6.056,0.042014,1.7079,0.28853
-0.72711,4.1842,1.5758,1.4479,-2.7286,0.13652,4.4904,0.16528
-0.7127,-5.9016,-0.44308,-0.066777,0.28639,0.087617,-1.5882,0.078029
-0.71068,4.4631,4.8581,-0.11318,4.3021,-0.14674,-0.52437,-0.041738
-0.87053,-0.17455,1.2088,-0.032517,-1.9143,0.068653,3.4259,-0.11341
-0.71023,1.7681,1.9773,-0.72785,-2.5009,0.019322,-4.4663,-0.14561
-0.6786,0.77735,0.47823,-0.94506,4.3586,-0.03583,-0.58524,-0.14011
-0.67241,0.60182,-1.5688,-1.1627,6.6852,0.0097151,-0.69747,-0.08854
-0.47338,-0.43155,2.1676,-0.99098,-8.9095,0.019675,-1.99,-0.093675
4.4277,-6.1321,-2.1364,-1.9275,3.6175,-0.099209,0.59662,-0.04865
4.4061,1.9049,-3.7075,-1.9986,3.5976,0.054098,2.2591,0.17046
-0.7456,0.63362,-0.68574,1.7136,-2.9549,0.021767,-0.55257,0.14304
-0.91488,-6.3049,-3.2316,-1.7188,0.28283,0.082252,2.6281,0.23355
-0.74916,0.48966,-2.4373,-0.51671,-0.57746,0.11342,1.6304,0.12537
-0.71226,2.7939,-0.15069,-0.83908,6.552,0.066946,2.6375,0.13513
-0.70975,3.7389,-0.2547,1.1556,-1.2415,0.10982,3.46,-0.010099
-0.60246,-9.1762,0.010859,0.34009,-2.6196,0.10563,-0.93306,-0.065905
-0.60625,3.9646,0.60976,-0.18528,5.6567,-0.050539,1.883,-0.15927
-0.74007,-0.36762,1.6412,0.017639,-0.13063,0.070656,3.7063,-0.19872
-0.70236,-0.74043,0.78465,1.4334,-2.7717,0.061138,-0.81491,-0.17516
-0.70826,-0.27166,3.1516,1.3239,2.5191,-0.036106,-1.0625,-0.11531
-0.851,0.97891,-1.3429,-0.76082,3.7588,-0.043332,1.2764,-0.0044522
-0.69799,-1.6304,-3.1127,-0.44191,-7.2802,0.037509,-2.2612,0.10015
-0.67208,-1.8209,-0.054191,-0.86719,2.0324,0.035186,-0.46555,0.11514
4.4606,2.9473,-0.39379,-0.28437,8.6851,0.1378,0.26345,0.022417
4.409,4.1791,0.54926,0.39286,-6.7963,0.062204,0.19907,0.31082
-0.65596,-5.9487,1.8236,-1.4725,-1.0823,0.0048763,2.3258,0.20899
-0.73384,0.15678,-2.7063,0.71281,2.7246,0.12155,1.5291,0.082458
-0.72947,2.0546,-0.77138,-0.67878,2.9869,0.094182,0.61506,-0.027963
-0.8057,0.54366,0.45811,0.93227,1.4866,0.063269,3.9867,-0.11375
-0.72004,-5.5879,0.13168,-0.15961,-7.1077,0.084877,0.89673,-0.17793
-0.70147,2.2886,0.27119,-0.085397,7.5456,0.09295,0.64607,-0.17367
-0.69355,2.7488,2.1804,1.0451,3.1022,0.086789,1.2327,-0.11862
-0.23201,-3.737,-0.40878,1.1926,-2.5008,0.021453,-0.19807,-0.098689
-0.5888,1.0997,0.79699,-0.30022,1.5552,-0.058131,0.40808,0.044832
-0.70048,-1.0972,-0.95749,-0.62763,3.4482,-0.07273,-2.042,0.12761
-0.6944,0.052401,-1.1111,0.92658,-1.5771,0.070591,-3.2311,0.13135
-0.68121,1.319,0.017193,-1.5317,0.20198,0.041109,-2.0474,0.20571
-0.7363,0.57422,-0.98983,-0.066924,7.7821,-0.44086,-3.7229,0.18224
-0.73825,1.757,0.38872,-0.4124,-8.125,0.052552,0.44502,0.10921
4.3891,-1.6893,2.5361,-1.8389,-0.022441,-0.032326,-0.095865,-0.0067157
4.3992,2.583,2.4582,0.45833,8.5678,0.18152,-2.584,-0.079656
-0.555,1.0271,-2.7923,-0.30439,-0.15526,0.050838,-0.83234,-0.13702
-0.7302,-1.1018,2.0124,-0.20695,1.0685,0.042111,2.4081,-0.13089
-0.7167,-4.6537,-1.5677,1.6119,-4.9534,0.10756,1.4261,-0.13602
-0.77349,-2.081,1.8154,-0.33415,7.9387,0.26238,1.2727,-0.079754
-0.82344,2.8085,-0.71901,1.0105,3.5793,0.071246,2.8803,0.00041533
-0.64798,-4.7745,-0.31907,-0.48637,-5.0963,0.060548,0.22129,0.10478
-0.68683,0.87112,0.4015,-0.083149,5.2471,0.098501,2.1774,0.037166
-0.68638,1.47,1.4218,0.38467,2.5855,-0.017636,-0.93815,0.07046
-0.51066,1.2352,-0.93047,-0.055113,-4.3212,0.014689,1.2382,0.19526
-0.64215,0.42176,-1.3723,1.1884,-0.080969,-0.062758,-2.8314,0.14048
-0.67889,2.8436,-0.87715,-0.74717,4.8192,-0.3363,-2.5176,0.025167
-0.68108,1.6032,0.65772,-0.70735,-5.225,0.082425,0.31625,-0.019785
-0.82148,-1.4737,-1.285,0.55597,-3.1732,0.092424,-2.4983,-0.11538
4.3891,-0.74629,-0.1016,-1.5645,7.3609,-0.37801,-0.81474,-0.16326
4.363,2.9029,-0.57826,1.7141,-7.1631,0.083657,0.70729,-0.17905
-0.7263,-2.9569,-0.39233,0.14221,0.6293,0.029494,3.3353,-0.10772
-0.37837,-1.642,2.0874,-0.32663,-2.2767,0.060112,2.3074,-0.05875
-0.61173,-1.9374,-2.4176,0.81984,4.5665,0.0016355,-1.1409,0.1241
-0.72936,0.9584,-2.258,0.27833,3.9664,0.065323,1.6481,0.26353
-0.7184,-0.54577,-0.34957,1.0509,-7.5142,0.055324,3.1404,0.28848
-0.83075,-2.684,0.0054436,0.0048642,3.0832,-0.049589,-0.45724,0.227
-0.8217,4.0605,1.8178,-0.44451,2.527,-0.02544,0.13338,0.057293
-0.72763,-0.81208,-0.042062,0.60673,-1.2993,0.020811,-0.57137,0.11519
-0.68517,1.66,1.9857,-0.61344,-1.087,-0.073982,-0.83988,-0.0040628
-0.66575,2.4166,-0.71028,0.10353,3.7714,-0.18743,-1.5536,-0.072063
-0.49979,0.97114,0.55315,-1.1715,0.61501,0.11542,0.020621,-0.097934
-0.63975,1.0609,0.49493,0.13933,-7.0986,0.037561,-2.4603,-0.13743
-0.67316,-1.4304,-0.59375,-0.88098,6.5135,-0.34916,-1.5789,-0.14323
4.4001,3.4612,-1.0859,-0.43727,-6.4114,0.089773,1.6542,-0.064786
4.387,-1.2079,-1.9355,0.48828,-3.806,0.08066,0.44465,0.029596
-0.7865,-4.0142,0.96693,-0.057701,3.075,-0.19643,0.42323,0.083456
-0.7193,2.0269,-2.1494,1.2959,1.2443,0.1106,2.3243,0.14888
-0.70595,-0.37413,-2.5579,1.5304,1.6214,0.017313,4.5612,0.12347
-0.49741,-1.0386,0.093427,-0.17845,-5.2947,0.11119,4.6521,0.26212
-0.65514,-6.1345,-0.32608,0.47732,5.0389,0.051897,0.4812,0.20561
-0.70852,4.8031,0.35054,0.68816,5.8194,-0.045373,3.5016,0.051939
-0.70504,0.76886,2.1384,0.35414,-3.5793,0.12646,-0.18303,-0.044439
-0.89124,0.36246,0.27323,0.53349,0.75641,-0.038467,2.9115,-0.12308
-0.70119,1.8374,1.1332,0.55377,3.0228,-0.10113,-0.47639,-0.16472
-0.67661,0.4422,-0.077356,-0.22364,-1.364,0.088361,-0.70271,-0.1698
-0.67214,0.17874,2.3935,-1.5878,-5.195,-0.0438,-4.1992,-0.11699
-0.4857,1.0532,-0.2226,-0.52304,2.3422,-0.3707,-1.4417,-0.091022
-0.53299,0.97514,-0.28341,-2.5604,-0.79253,0.034217,-0.18447,0.073502
4.43,-1.7469,-0.4915,-1.0714,-6.188,0.001244,-1.0362,-0.00077723
4.402,-4.3829,-0.38459,-0.47122,3.7132,-0.33207,-0.68322,0.21118
-0.80052,3.2272,-1.3417,-0.53993,-1.0262,0.12501,2.2778,0.21274
-0.76414,-1.0454,-3.6433,1.1848,-1.0161,0.025502,0.84187,0.14243
-0.67664,-1.3052,1.507,-1.0143,-2.7006,0.048105,2.504,0.09526
-0.70677,-1.9355,0.20948,1.1658,2.3368,0.043786,-3.6018,-0.0066913
-0.70872,3.5172,1.3866,0.85484,4.9292,-0.020146,0.60664,-0.079778
-0.59856,3.7084,1.2568,0.73873,-4.4198,0.058687,4.5125,-0.1496
-0.64707,-6.9062,2.2146,1.0428,-0.89029,0.040943,-3.859,-0.19171
-0.69526,2.7338,1.6873,-0.57343,3.9944,-0.021692,0.36926,-0.16228
-0.695,-0.70959,0.62177,1.0176,-1.2213,0.045518,-0.61661,-0.077052
-0.84322,-0.44055,1.3744,0.058945,-4.3155,-0.032287,-2.6355,5.0262e-05
-0.71684,1.3197,1.0222,-0.79283,2.8224,-0.13178,-0.32786,-0.051376
-0.66763,-0.042927,0.093626,-1.065,6.9361,0.10312,1.013,0.068829
-0.67367,0.9484,2.1788,-1.366,-7.7248,0.043612,-1.1733,0.075692
4.4319,-3.302,-1.0594,-0.74663,4.1706,-0.16879,1.5104,0.05576
4.3949,4.3175,-3.2208,-1.9312,0.58201,0.083048,2.6596,0.29734
-0.73085,2.1839,-0.54058,1.3579,-2.8282,0.018873,-0.37181,0.055638
-0.73246,-4.7306,-1.2512,-2.2063,-1.4456,0.061395,3.3529,-0.029715
-0.84391,3.0353,2.9924,0.026092,0.89071,0.065971,2.2901,-0.093237
-0.80497,2.7968,-1.998,-0.15879,4.6884,0.037843,1.9055,-0.16326
-0.70308,3.428,-0.91333,0.052137,-2.625,0.15115,2.3983,-0.16423
-0.70225,-10.56,-0.224,-0.2431,-0.29195,0.10985,-0.84004,-0.10626
-0.56819,3.7925,-0.93121,-0.91596,4.1923,0.0043565,2.8232,-0.03653
-0.60011,-0.23058,-1.5421,-0.34251,-1.9006,0.064777,3.2659,-0.046776
-0.62766,-0.055039,1.117,-0.086739,-0.15354,-0.02286,-5.1461,0.12612
-0.69313,-0.83765,3.0563,-1.4121,3.3124,-0.051643,-3.2935,0.18536
-0.5629,2.7394,-1.8438,-1.0918,2.1727,-0.048132,-2.2328,0.14194
-0.90182,0.62968,1.809,-1.0323,-7.7929,-0.0030365,-2.6407,0.18694
-0.71628,1.2067,-0.92457,-1.3667,3.6695,0.011454,1.3185,0.06676
-0.54628,2.3576,-1.4928,-0.056224,5.0696,0.073531,3.25,-0.0063993
4.3866,5.0115,-0.57131,-0.21445,-7.4237,0.074365,0.2496,-0.060113
-0.54258,-6.1052,-0.65367,-1.8359,0.63492,-0.065857,1.5963,-0.14924
-0.67756,3.3692,-0.51966,0.099011,2.1996,0.066638,1.1641,-0.17175
-0.71653,1.646,0.29028,-1.1062,2.2786,0.10394,-0.85257,-0.14717
-0.71023,-2.403,-2.1975,0.34401,-1.0188,0.088958,2.1533,-0.11901
-0.76103,-8.9649,-0.78641,-0.53239,-5.5118,0.12864,-0.15693,-0.021805
-0.73834,1.5765,-0.0048091,0.084521,5.8643,-0.031761,1.5915,0.091658
-0.68374,1.7735,1.8938,0.58204,-1.771,0.080616,0.09541,0.18689
-0.68064,-2.6952,-1.8537,-0.8231,-0.039345,-0.0065019,-2.9322,0.038894
-0.52622,2.457,1.8161,-0.55895,2.0872,-0.086425,-0.53463,0.20571
-0.59125,0.93157,1.4366,-0.010339,1.9048,0.020221,2.4166,0.11763
-0.67814,1.2121,-1.5937,-0.52897,-4.7107,0.047476,-2.1028,0.051793
-0.67512,1.3995,2.3592,0.10459,0.75885,-0.036112,-1.7614,-0.014698
-0.86526,0.78636,-0.18701,-1.1598,8.345,0.00035196,-0.83649,-0.10553
-0.74135,0.10318,0.7801,-0.14668,-9.1213,0.092244,-2.0357,-0.16795
4.4024,-6.9515,-0.97554,-0.81132,2.4581,-0.075606,0.39637,-0.1754
4.3802,-0.40046,-3.4127,-0.061606,5.2819,0.084126,2.131,-0.1036
-0.57573,1.0116,-0.10368,0.037788,-1.5656,0.061344,-2.4923,-0.012995
-0.58818,-3.3128,-0.48358,-0.74126,0.23988,0.070046,2.6142,-0.051084
-0.6476,-5.6035,-2.2089,0.91625,-4.4563,0.092899,2.489,0.39009
-0.71008,-0.18934,0.95438,-0.4544,7.0935,0.12509,1.4667,0.43312
-0.81444,5.648,-0.49703,1.8083,0.11137,0.11287,3.5396,0.12544
-0.84607,-7.8585,-0.48202,-0.15163,-2.4748,0.10684,-1.5807,0.20072
-0.67465,3.6609,0.61098,0.8338,3.9472,-0.00018711,0.25831,0.046171
-0.68134,1.0382,1.88,0.85645,1.3898,0.048278,3.1674,0.010394
-0.6808,1.3434,-0.85607,1.268,-3.463,0.0082198,-2.8191,-0.063082
-0.46607,1.6228,0.92196,-0.37648,1.3737,0.0081364,-1.7445,-0.14315
-0.57712,1.3632,-0.41281,-1.4705,5.4254,-0.19874,-1.7585,-0.12269
-0.6656,0.87261,-1.0196,-0.079115,-9.0295,-0.0087416,-2.8618,-0.15995
-0.66657,-2.7143,0.7909,-1.1912,1.1906,0.020041,0.27897,-0.090122
4.4174,2.3185,-0.15075,0.48672,8.5577,0.1488,-2.2537,-0.037698
4.3959,3.2754,-0.90401,0.51563,-5.7195,0.091577,-1.9439,0.076836
-0.71842,-5.6079,1.3398,-0.67501,-2.1139,0.012359,1.9666,0.16139
-0.71482,0.084492,-2.7759,0.58504,-0.2127,0.023724,2.4334,0.13055
-0.42695,2.0316,0.22663,-0.21448,5.2572,0.028531,2.0505,0.24009
-0.62748,3.6904,-0.5543,0.80904,1.4208,0.1057,3.1213,0.17059
-0.70293,-4.1843,0.25575,-0.32137,-6.9389,0.093572,0.11541,0.076471
-0.70261,3.1063,-0.564,-0.61056,6.1331,0.028127,1.2295,-0.018398
-0.80609,4.0424,2.1286,0.7382,0.63018,0.016948,0.21301,-0.10492
-0.74336,-2.4527,-0.64746,0.63166,-4.6839,0.064841,-1.4775,-0.18954
-0.72062,2.7386,-1.9138,-1.211,1.5779,-0.026569,-0.25251,-0.19093
-0.67797,-0.096172,1.2806,-0.18177,3.0852,-0.10651,-3.0813,-0.11057
-0.66319,0.65716,0.13306,-0.68151,-4.4731,0.020477,-3.8324,-0.10219
-0.58683,0.83406,-1.0316,-0.087291,-1.6978,0.00055732,-2.4226,-0.056535
-0.60945,-0.99762,-1.5083,0.64224,7.8727,-0.33438,-3.3044,0.19453
4.4301,3.5609,0.28404,1.0416,-8.7398,0.1232,0.013236,0.045903
4.3974,-3.0322,2.3858,-2.0028,-2.6657,0.035911,-0.88493,0.070362
-0.86884,-1.111,-3.5779,0.66673,5.0097,-0.0066495,-0.96108,0.2067
-0.72166,4.1058,0.1887,1.0146,-1.0991,0.076322,1.4975,0.11162
-0.71022,2.2547,-0.37178,-0.49646,2.085,0.036585,2.4745,0.0025571
-0.69716,-1.4697,0.48358,1.1326,-8.4103,0.039685,0.04182,-0.084889
-0.47101,-2.5379,2.3963,-0.32227,6.7741,0.061607,-1.1872,-0.18969
-0.70781,2.756,0.75798,1.3173,1.6497,0.089549,0.58215,-0.1958
-0.69133,-3.9161,0.7689,-0.34883,-6.0349,0.056467,-0.46524,-0.17667
-0.69018,0.051547,-0.094219,0.67644,3.1637,-0.031203,-0.69506,-0.12074
-0.77207,-0.28934,1.3638,1.0443,2.241,-0.099029,0.13512,0.020957
-0.77656,-0.1634,1.845,-0.091254,-4.0013,-0.0063351,-1.4307,0.14688
-0.66003,1.4562,-0.83826,0.40488,-1.6111,-0.035913,-0.52831,0.027333
-0.66513,1.4403,-1.6033,-0.54321,5.2824,-0.43131,-0.73961,0.046706
-0.26409,1.7938,0.019114,-1.4948,-8.2241,0.070155,-1.3022,0.16599
4.4234,-2.2175,-0.91209,-0.46588,-5.557,0.047501,0.40296,0.054786
4.3837,-0.97918,-1.598,0.59123,6.5985,-0.40144,-2.502,0.08258
-0.72879,3.3745,-3.0299,0.91298,-5.6885,0.047514,-0.45898,-0.041397
-0.79699,-1.4855,-0.70383,0.74164,-1.1428,-0.011232,0.28238,-0.12573
-0.79198,-2.7728,1.0312,-0.63479,-3.2839,0.010042,1.2435,-0.16304
-0.7021,-3.0818,1.1394,0.95381,4.9174,0.044697,1.1452,-0.15817
-0.70223,2.1827,-0.10515,-0.38043,1.9939,0.043632,1.3849,-0.070384
-0.70277,1.6066,-0.11195,1.8184,-7.0814,0.11901,1.0722,-0.071941
-0.5554,-2.7364,2.174,-0.80342,3.6185,-0.058362,-0.8385,0.069657
-0.61513,1.8474,0.059373,1.813,1.4323,-0.083743,2.3599,0.10395
-0.69136,-3.3285,2.407,-0.48577,-5.8686,0.048599,-1.232,0.20064
-0.68029,1.6475,1.2806,-0.22813,-0.92476,-0.085405,0.27543,0.076423
-0.87583,2.0568,-0.2433,1.0021,3.2479,-0.29255,-3.8425,0.14781
-0.68774,0.42715,1.8914,-2.377,-1.0596,0.049208,0.29697,0.066687
-0.66662,1.8107,0.49957,1.0476,-5.6081,0.053123,-1.1259,-0.00053385
4.4077,0.69298,-0.80515,0.70849,4.3972,-0.65884,-3.1065,-0.059285
4.3805,3.7339,1.3029,0.014261,-6.8208,0.069834,1.7461,-0.19952
-0.65946,-1.7449,-0.21804,1.2499,-1.7293,0.024065,-1.4934,-0.22975
-0.71752,-4.0993,0.18027,-0.52707,0.26222,0.0046581,-0.10749,-0.15627
-0.71569,0.031928,0.15235,1.2121,-0.91581,0.11167,-1.93,-0.12015
-0.74714,0.49619,-2.4174,0.54958,2.7515,0.049439,0.03805,-0.032709
-0.7569,1.4479,1.0353,1.8342,-7.2681,0.10467,1.2518,0.11388
-0.68507,-7.9205,-0.57012,0.033645,4.7662,-0.018599,0.37169,0.20527
-0.69058,4.0576,0.62383,-0.26096,2.7158,-0.010352,1.4174,0.19892
-0.58251,-1.8926,-0.11306,0.85696,-4.5349,0.051416,-0.33001,0.071068
-0.64643,1.8171,2.6712,0.048244,0.014185,-0.02372,-0.68642,0.14213
-0.66892,0.45409,-1.1963,-0.22177,4.8322,-0.042222,0.99691,0.056709
-0.67987,1.7565,-0.76078,-1.1832,0.036433,0.072408,-2.0229,-0.027184
-0.89229,0.94937,0.93882,-0.96856,-6.5975,0.015292,-8.5003,-0.10256
-0.82283,-0.15367,-2.1346,-0.67413,4.5084,-0.21857,-1.9384,-0.16489
-0.6676,1.2587,-1.739,-1.5026,-4.578,0.084999,0.95387,-0.1618
4.4092,-2.3444,-1.6541,-0.26901,-5.6979,0.086956,-0.052627,-0.10536
4.3408,-4.5095,-0.43585,-0.19637,4.1012,-0.1172,1.3393,-0.041105
-0.49183,1.6058,-2.9558,0.82052,-1.1489,0.085531,2.1507,0.036508
-0.63954,0.15915,-4.9748,1.7363,0.14064,0.012718,2.387,-0.0080056
-0.71463,-1.0877,-1.0221,0.06664,-2.8147,0.10394,3.9019,0.51059
-0.70355,-7.1324,-0.29575,0.96665,1.7864,0.095337,-1.5603,0.37028
-1.0128,2.0624,1.714,1.0815,3.7702,0.072895,2.4049,0.31574
-0.73589,3.5667,1.6801,1.1535,-2.6432,0.15089,1.5371,0.10604
-0.68123,-0.95834,-0.56529,-0.56796,1.1988,0.048419,0.085771,-0.012192
-0.68082,2.7369,-1.3021,-0.68225,4.4011,0.0038302,-0.35826,-0.080094
-0.46609,0.69025,1.0355,0.074231,-1.2611,0.091506,0.57151,-0.14598
-0.65904,-0.56891,2.332,-0.9676,-2.4427,0.023134,-2.956,-0.18173
-0.66552,2.1883,1.7019,0.34566,2.7156,-0.057399,-0.34214,-0.12694
-0.6646,-1.1134,-0.24391,-1.302,6.5097,0.043901,3.4857,-0.10012
-0.90152,-2.0845,-0.16269,-1.0762,-6.3748,0.064026,-1.28,0.0073029
4.4305,-5.597,-0.84125,1.2364,5.8628,-0.20857,2.1349,0.070727
4.4055,3.5674,-1.6906,-1.1452,-1.2776,0.054445,0.45699,0.20344
-0.71542,1.0688,-2.4313,0.62433,-0.13451,0.0040934,-0.012618,0.18443
-0.685,-2.5358,-0.078499,-0.45408,0.1009,0.033537,1.0878,0.071093
-0.55392,-0.30297,2.857,0.33007,-0.38271,0.040866,0.017128,0.15112
-0.68191,1.8411,0.2798,0.49077,5.2469,0.035083,2.3566,0.052936
-0.69676,3.1443,0.42983,1.5868,-3.1693,0.12193,6.0384,-0.069605
-0.68854,-7.1268,-0.39363,2.2125,1.5525,0.099958,-1.6578,-0.07053
-0.78457,4.8992,-0.65442,-0.18255,4.6386,-0.0084657,0.022477,-0.13756
-0.72542,-0.80725,-1.1114,-0.24597,-1.4325,0.080795,0.95658,-0.20614
-0.67526,0.4635,2.8005,-0.28289,-0.6378,-0.054826,-7.3239,-0.17197
-0.66846,0.88329,1.0407,-0.81213,4.4729,-0.062546,-1.1031,-0.065784
-0.363,1.4794,-0.4551,-0.25707,3.8197,0.046584,1.0976,-0.042273
-0.623,-0.75948,1.7781,0.25209,-9.2192,0.0065705,-2.39,0.0015105
-0.66586,-1.0739,-0.91066,-0.45868,4.7312,-0.12407,0.64384,0.27302
4.4234,3.6033,-1.2692,-0.91931,1.9082,0.059252,0.4959,0.053472
4.3912,4.3831,-0.35656,1.5188,-5.3148,0.073486,1.6165,0.20213
-0.81176,-5.4861,-1.793,-2.4214,0.61524,-0.071088,1.758,0.11366
-0.71686,1.2897,-1.5752,0.52148,-0.096569,0.071426,2.96,-0.011948
-0.70566,1.8062,-0.090017,-0.97437,3.9481,0.046712,2.1504,-0.081117
-0.58794,2.1307,0.82859,0.15402,-1.615,0.12391,4.6182,-0.17199
-0.65217,-9.1093,1.329,1.1453,-4.8463,0.081366,0.90753,-0.21551
-0.69712,2.4847,0.87471,0.058996,6.0452,-0.044744,1.9873,-0.18314
-0.69182,0.99454,-1.1138,0.70538,-1.7781,0.089985,1.7395,-0.074448
-0.86182,-1.9169,1.5804,0.74992,-2.2723,-0.033526,-3.7823,0.013558
-0.70926,0.58137,3.2274,-0.0057528,2.2183,-0.060781,-0.21497,0.10103
-0.61325,0.12433,-1.5712,0.21721,1.8673,-0.036786,2.7054,0.29709
-0.66479,-0.0046777,0.44802,0.17629,-5.8571,0.056024,-1.2828,0.03113
-0.66244,1.8128,0.19471,-0.71568,2.2541,-0.034264,0.25128,-0.0015804
-0.46546,1.3638,-0.86237,-0.50831,7.7131,0.053957,0.79875,0.13968
4.4155,0.93717,1.6778,-0.44414,-8.3093,0.045249,-2.0963,0.014142
4.3773,-5.3573,0.34433,-0.87309,3.469,-0.1011,0.28654,-0.04865
-0.72196,2.323,-3.5389,-0.26311,4.5368,0.083754,0.85258,-0.083015
-0.85229,3.728,-1.4637,-0.84172,-0.71775,-0.015884,-0.66599,-0.17311
-0.72414,-2.1693,-0.45094,0.45785,0.064158,0.033004,3.4391,-0.16248
-0.69929,-6.8981,-0.24174,1.0515,-6.0223,0.040404,0.54329,-0.054418
-0.70368,0.55825,-0.74083,-0.14426,6.608,0.024366,1.5781,0.011538
-0.52089,2.2983,0.87989,1.5086,0.22827,0.12637,2.7107,-0.004793
-0.63497,-7.8269,-3.2057,0.017273,-1.3398,0.045993,-2.6197,0.15445
-0.69595,2.0552,3.2203,-0.55303,1.7377,-0.022244,0.48168,0.20193
-0.68383,-0.96563,-2.065,-0.016229,0.68532,-0.062148,4.3902,0.17852
-0.99218,0.54067,1.0057,2.3441,-3.6707,0.024565,0.99431,0.14632
-0.80666,1.1317,2.9342,-1.086,1.9621,0.014419,-0.30793,0.029207
-0.66619,2.0095,0.76277,-1.7375,7.3724,-0.21734,-2.0867,-0.017595
-0.6636,0.95406,1.2989,-0.040282,-8.6018,0.0085343,-1.5603,-0.088369
4.4132,-2.3347,0.03229,-0.36976,2.4944,-0.070003,-0.15789,-0.1065
4.3876,2.1943,-1.9789,0.074797,6.2171,0.0068978,4.4978,-0.21376
-0.74932,2.2908,-0.55854,-0.66287,-5.1801,0.098796,-0.866,-0.14768
-0.72221,-6.5444,-0.93996,0.035951,0.46883,0.036598,3.6861,-0.10368
-0.97896,-1.6518,-0.3744,0.23681,-3.0708,0.075796,1.4133,-0.064664
-0.9314,-0.75515,0.88364,-1.282,6.8526,0.064392,1.8847,0.070095
-0.76984,1.2064,-1.4541,1.2044,0.78918,0.047469,1.3173,0.24674
-0.69841,-6.2508,-1.7331,-0.012927,-6.531,0.079589,0.47061,0.19792
-0.685,4.108,0.36401,0.36599,5.6752,0.024617,1.3055,0.040208
-0.52522,3.3468,-0.056452,0.61783,-1.0967,-0.052361,-0.44012,0.089784
-0.67145,-0.51359,-0.609,-0.1738,-2.9073,0.027042,-2.2019,0.025021
-0.68102,2.3566,2.3227,-0.56068,0.93367,-0.046579,0.57487,-0.069167
-0.67629,2.4344,2.0691,-0.22815,4.0484,-0.12684,0.78563,-0.11738
-0.84769,-0.41445,-1.3017,-0.7167,-8.2067,0.027678,-3.4679,-0.17243
-0.73489,-0.10424,0.45849,-0.54086,-0.082247,0.016396,-1.3004,-0.17377
-0.54334,0.73286,-1.3791,0.16332,8.5717,-0.00098288,-2.1262,-0.10599
4.4184,1.5642,-0.32679,0.19572,-8.7992,0.11069,-0.029816,0.022295
4.3322,-5.5307,0.58525,-2.3669,-1.7999,0.04315,2.4042,0.031543
-0.67237,-1.5773,-3.0759,0.32738,1.2578,0.07706,2.0762,0.12907
-0.72106,3.2012,-1.7271,1.0632,0.62831,0.10523,4.0449,0.052133
-0.71694,0.064314,-0.36106,0.82404,1.2957,0.057564,-0.19256,0.44889
-1.0258,-2.5022,1.8425,-0.40937,-8.9228,0.093605,2.1126,0.2961
-0.75398,1.0956,0.40769,0.031224,6.6929,0.017634,0.21428,0.11035
-0.60817,4.9419,1.6549,-0.27528,1.6171,0.070829,0.035803,-0.0033084
-0.68382,-4.9952,1.4225,-0.47721,-3.8601,0.083991,-2.1064,-0.072233
-0.66457,2.3325,0.43112,0.83206,0.92999,-0.11056,0.24317,-0.14739
-0.54909,-0.46537,0.94065,0.038604,3.4712,-0.055236,-3.5546,-0.18645
-0.67935,-0.26478,1.5448,0.81596,-2.8287,-0.014254,-4.4564,-0.14252
-0.6733,-0.29163,-0.043456,0.57288,-1.6714,-0.026544,-2.5835,-0.11614
-0.67907,0.54834,-0.70154,-0.62954,6.833,-0.67025,-3.447,-0.051059
-0.86149,0.11254,-1.0779,-0.027539,-9.8811,0.01483,-0.15563,0.095503
4.4357,-5.7366,-1.01,-0.92028,-2.07,-0.047516,-0.98587,0.2123
4.3991,-1.2288,-1.8029,0.71723,7.7021,-0.18454,-0.54188,0.23659
-0.72191,5.3839,0.57108,2.3533,-3.9523,0.037118,-0.2793,0.07192
-0.52729,-0.87947,-2.0254,1.5409,-0.13374,-0.051258,-1.7234,0.045319
-0.65435,-2.7914,2.0095,0.24963,-5.676,0.11496,-0.20401,0.019253
-0.70123,-0.67983,-0.029188,1.2539,7.9472,0.20311,1.3011,-0.088029
-0.69619,4.5449,0.6536,0.5362,4.7844,0.071747,1.3489,-0.14196
-0.98007,-3.3328,-0.66612,0.62616,-5.5785,0.057275,-0.73798,-0.16077
-0.7743,0.76945,0.00055492,0.18745,3.9773,0.037638,1.0365,-0.15968
-0.67383,-0.59818,3.565,1.1332,4.0294,-0.060807,-3.4064,-0.12215
-0.67973,-1.0279,-1.1293,0.61413,-6.299,0.025509,-1.026,-0.043466
-0.315,-0.49856,-1.1521,0.94196,1.1797,0.0014108,-2.2935,0.065519
-0.58237,2.1894,0.22101,-0.49478,4.886,-0.33183,-3.9843,0.013631
-0.68533,-0.15975,0.48828,-0.74586,-5.7877,0.062518,-0.64726,0.064473
-0.66394,-0.53077,-0.70248,-0.32672,-2.2604,0.059682,-1.7966,0.19789
4.4175,0.48705,-1.3706,0.62816,7.5969,-0.50567,-4.7505,0.054372
4.382,5.4583,0.24128,0.27839,-7.8191,0.053495,2.9905,0.091342
-0.76962,-1.6255,1.7551,1.0606,0.026844,-0.0058024,-2.4795,-0.013993
-0.71385,-1.412,0.52263,-0.79776,0.57539,0.068185,0.69926,-0.10022
-0.69759,-1.4093,0.85115,0.85304,2.0234,0.015144,-0.53156,-0.10981
-0.50839,3.0328,-0.26106,0.51787,3.4582,0.022865,1.9231,-0.18584
-0.72936,-1.7247,0.28168,0.91526,-7.5934,0.060773,0.32639,-0.14941
-0.69655,-4.4253,-0.22714,0.41555,4.9178,0.037907,1.7601,-0.095403
-0.69207,3.6886,-0.99933,1.0999,1.5863,-0.0036846,1.7421,-0.024653
-0.76922,-2.9996,-0.4289,0.39904,-6.7387,0.11422,-1.1801,0.11054
-0.68809,0.72123,-1.5889,0.56439,0.42671,-0.0037103,0.76029,0.1773
-0.66993,0.39072,-1.5244,0.4161,3.2751,-0.16465,-1.8566,0.24669
-0.65713,0.85093,1.9772,-0.78088,-1.5871,0.071297,-1.0475,0.0034332
-0.45234,2.328,-0.44141,0.047981,-4.6409,0.036431,-0.9395,0.066371
-0.64846,0.76933,0.873,-0.17686,6.6648,-0.45448,0.29146,0.024047
4.4033,3.4022,-0.16043,-1.0462,-7.7635,0.11308,0.080672,-0.043977
4.3705,-0.51812,-0.51686,0.91475,-3.9118,0.032683,1.0462,-0.13894
-0.91363,-2.8809,0.27992,-1.4754,5.8063,-0.064875,-0.94138,-0.18694
-0.77706,-0.026024,-2.2107,0.72802,-1.9656,0.098366,-0.61748,-0.15561
-0.69848,0.51331,-3.4313,0.27903,0.46805,0.05492,2.5617,-0.086739
-0.70363,-3.2622,0.34826,1.0144,-5.042,0.070392,3.5943,0.090003
-0.53856,-3.3851,-0.5004,-0.39044,6.2977,0.023647,-0.12621,0.19522
-0.58615,3.8007,0.5402,-0.60205,3.93,0.059868,2.6858,0.10424
-0.74515,-2.1723,1.4552,1.2274,-4.8488,0.11493,1.0769,0.24255
-0.69393,1.13,1.2753,-0.24279,3.2662,-0.018958,0.20724,0.22379
-0.92541,1.547,-0.54435,0.6798,3.6316,-0.19392,-0.90615,0.13973
-0.85916,2.0504,1.4068,-0.74034,-4.3659,-0.0020353,-1.8013,0.072894
-0.67484,0.54081,1.7412,-0.30456,-0.32718,0.018071,-1.338,-0.014918
-0.66782,2.1047,-0.42615,-0.083541,4.9503,-0.27419,-4.4645,-0.087663
-0.67448,2.1136,2.5998,-2.6466,-2.4187,0.044562,0.50459,-0.072404
4.4082,-1.2947,-1.1608,-0.0029717,-5.7296,0.0078027,-1.2327,-0.15359
4.388,-5.4257,-0.23404,-0.4604,5.6788,-0.55026,-2.4304,-0.12733
-0.74073,1.4542,-4.1915,0.28326,-2.5773,0.11368,0.99181,-0.083818
-0.73129,0.018769,-1.4678,1.5492,-0.27028,0.0035992,1.8769,0.0041634
-0.77333,-1.9098,-0.91537,-0.59303,-1.9306,0.00521,4.3189,0.029621
-0.76419,-0.77861,2.0158,1.6323,3.8905,0.061626,-1.0675,0.1858
-0.70601,1.189,-1.089,0.45674,4.7446,0.066779,0.60211,0.31304
-0.70925,0.68433,-0.3683,2.0163,-7.3954,0.11623,1.1252,0.12451
-0.47212,-3.1796,1.1975,-0.21612,3.757,0.022383,-1.4519,0.13661
-0.66563,4.3587,0.86293,0.27317,3.3911,-0.10289,0.092135,0.038699
-0.69178,-1.8104,1.3743,0.061938,-5.9067,0.088824,-1.5542,-0.069532
-0.69016,2.0123,1.7819,-0.7583,-0.98266,0.014355,-1.778,-0.12651
-0.88015,1.9493,-1.749,-0.15906,4.0014,-0.14495,-1.893,-0.19193
-0.77312,-0.61154,0.070301,-1.7189,0.60928,0.020792,-0.56948,-0.15805
-0.67151,-0.72085,0.84001,-1.0715,-7.6879,0.082663,-3.5289,-0.1278
4.2931,-2.5514,-0.97416,0.041012,3.8158,-0.40744,-1.486,-0.01207
4.4179,3.0534,-0.057114,-0.76367,-4.6336,0.08661,2.7056,0.071385
4.3577,2.1086,-0.50653,1.4715,-3.703,0.014079,1.7522,0.092169
-0.76923,-4.6597,1.9304,-2.4287,0.82488,-0.056911,0.11116,0.1811
-0.72582,3.472,-1.0631,-1.401,-1.6985,0.12297,-0.38285,0.054153
-1.1126,1.9019,-1.4722,1.5754,2.6116,-0.012226,2.3511,0.12799
-0.87187,-1.2624,0.16312,0.45233,-6.5319,0.060676,1.1726,0.17166
-0.68687,-4.5478,0.098566,0.26422,3.7956,0.062967,-1.521,0.007376
-0.69558,5.2974,1.2567,-0.73216,4.4544,-0.033013,1.7936,-0.10241
-0.6862,0.86995,2.1701,0.89615,-4.8524,0.094888,0.30835,-0.072817
-0.37854,0.90091,3.1571,0.15282,-0.45475,0.0055501,-0.54986,-0.18528
-0.67367,-0.45121,1.1612,-0.22486,3.9997,-0.17912,-1.303,-0.14912
-0.68242,0.46065,-1.7396,0.017113,-1.6207,0.050165,-1.009,-0.083867
-0.68044,-2.0092,2.5422,-1.2809,-6.711,0.023493,-6.5302,-0.03726
-0.71492,0.59961,-0.91579,-0.66029,1.7969,-0.31523,-0.69458,0.061333
-0.67761,1.9277,0.019885,-1.5315,-0.16175,0.046045,3.7007,0.17711
4.4239,1.2447,-1.4932,-0.37298,-6.7935,0.040686,0.86331,0.21661
4.3837,-6.305,-0.048962,-0.66384,1.7791,-0.17269,1.0402,0.11965
-0.40488,6.2316,0.60478,-1.0995,-0.92544,0.13955,2.8566,0.14488
-0.65693,2.6952,-2.7647,1.0819,0.61925,0.045781,0.37549,0.020275
-0.71275,-0.85417,-0.86259,-0.66534,-3.0748,0.10081,3.3259,-0.085814
-0.71534,-2.6159,1.4479,0.7378,0.57083,0.081565,-1.0712,-0.15688
-0.83996,2.9569,1.1161,0.60239,4.7224,0.041591,1.1334,-0.22052
-0.84507,3.2465,1.1547,0.79747,-3.4725,0.061485,0.62823,-0.15328
-0.68389,-2.8388,-1.2156,-0.37145,-0.029898,0.011576,-3.4326,-0.16107
-0.68671,0.56067,0.87736,-0.85386,4.2324,-0.096141,-1.0242,-0.0093928
-0.6664,-0.56873,-0.66349,-0.2285,-3.1713,0.034641,-2.0365,0.044929
-0.47159,-0.41934,0.54191,-0.80134,-1.7173,-0.035028,-3.4112,0.11346
-0.73431,2.6598,0.17237,-0.87586,3.8434,-0.081644,0.13093,0.048823
-0.67736,0.34137,-2.3075,-1.1608,6.7381,-0.036087,1.8442,0.063231
-0.65892,0.4896,0.31888,-1.9076,-7.4784,0.096749,-1.6377,0.050113
4.4042,-3.3041,0.11452,-0.76638,4.4512,-0.11394,0.60287,0.032517
4.3666,3.0829,-3.9779,0.018147,2.5506,0.11669,0.76268,-0.0022862
-0.72958,1.9917,-0.56627,0.83549,-1.8637,0.064405,-0.69794,-0.098981
-0.72218,-2.6485,-1.6455,-0.16024,-0.28996,-0.011167,0.12701,-0.097958
-0.42727,0.018608,0.62049,0.0079536,-1.6588,0.071727,-1.1697,-0.16289
-0.64966,0.29597,0.23848,0.11872,6.0013,0.083227,2.2807,-0.12916
-0.71216,0.98558,0.90559,0.73099,-3.9568,0.061876,3.4682,-0.032416
-0.70868,-11.718,2.4282,1.0192,-1.8371,0.075616,0.18742,-0.055124
-1.0004,3.002,0.43964,0.12653,5.4822,-0.01564,0.20239,0.10789
-0.70985,-0.81581,-1.2347,-0.49375,-2.0928,0.11795,2.6867,0.1755
-0.68354,0.92466,1.9836,0.71134,-2.5523,-0.013388,-2.401,0.18604
-0.67993,-0.66922,4.4325,0.38785,3.2833,-0.047266,-1.076,0.12437
-0.43499,3.4583,-0.81681,-0.39824,3.3643,0.049382,-0.41802,0.032639
-0.569,1.0392,1.9042,-1.7675,-9.1444,-0.00064917,-2.5262,0.016308
-0.72382,-0.090495,-0.27209,-0.69007,3.1698,0.014727,0.8564,-0.081628
4.3997,2.8199,0.31663,-0.60559,5.4391,0.057249,2.176,-0.093212
4.3695,2.8536,0.9201,0.2389,-6.1905,0.04643,-0.88976,-0.16143
-0.78726,-6.4745,1.1778,-0.48782,-0.50402,-0.017181,1.3693,-0.16175
-0.68576,0.27337,-2.874,-0.80332,0.07945,0.08523,1.2217,-0.11874
-0.71136,0.76291,1.5285,-0.6994,2.6932,0.08265,-0.078719,-0.016305
-0.70854,-1.4552,-2.7467,0.027524,0.77824,0.10867,2.2632,0.071263
-0.45745,-7.4072,-0.80735,-0.40514,-7.5059,0.14438,-0.0019709,0.25915
-0.74058,2.3951,-0.81863,0.20913,5.6182,-0.020556,1.7442,0.17151
-0.7057,3.3768,3.0796,-0.097247,0.28615,0.097545,1.7102,0.23652
-0.70166,-1.8615,-0.21743,0.63762,-2.1314,0.060786,-3.8347,0.06401
-0.90874,2.6716,2.5197,-0.53455,0.38518,-0.061096,-0.69499,0.087691
-0.72511,1.4771,0.99183,-1.5272,1.79,-0.088068,0.6647,-0.027549
-0.6733,-0.13564,-0.071799,2.0921,-4.2708,0.010774,-2.6628,-0.068704
-0.67352,1.7824,0.6575,-1.2459,0.24663,0.022165,-1.2765,-0.08725
-0.43831,1.3078,-0.70635,0.60831,8.2047,-0.45615,-2.522,-0.16647
4.415,1.0082,0.71611,0.17465,-9.4973,0.051031,-1.2754,-0.13719
4.3986,-6.3498,1.7627,-1.7503,0.14554,0.023904,1.4164,-0.16732
-0.73623,-0.3507,0.11343,0.57089,6.5443,-5.234e-05,0.93596,-0.062571
-0.98755,0.86371,-3.6304,1.4346,-2.0104,0.0884,1.0459,0.10855
-0.78808,-1.6051,-0.84476,-0.25407,-0.77552,-0.013035,1.526,0.091731
-0.70415,-3.6337,-1.6357,1.272,-6.5368,0.088734,0.98278,0.22929
-0.70425,0.61038,0.32953,-0.26116,7.9845,0.18828,0.53245,0.23029
-0.44708,4.5391,0.50537,1.8723,1.2265,0.067299,4.2304,0.12717
-0.52366,-4.3072,0.071701,0.066704,-5.7712,0.13785,-0.59388,0.052936
-0.7848,2.6785,3.5104,0.19169,2.9543,0.040628,0.088109,-0.049769
-0.69349,-0.19031,1.5359,-0.10641,2.6913,-0.0054109,-4.7283,-0.14651
-1.0936,1.4714,-1.173,-0.84779,-4.6789,0.052507,-2.9968,-0.12604
-0.81747,-0.61326,0.35485,0.65308,0.36243,0.044556,-1.1943,-0.16664
-0.73341,0.021209,-0.4603,-0.98494,5.5153,-0.42316,-2.9886,-0.12308
-0.66843,-0.039684,0.21243,-0.56533,-8.7331,0.053136,-1.9115,-0.047749
4.3597,-3.7178,-0.78101,-1.7373,-0.87027,0.024276,-1.9999,-0.033366
4.4239,0.51683,-2.6518,-0.096952,8.213,-0.076799,-2.9579,0.25073
0.93752,3.8162,-0.54747,-0.039993,-7.3708,0.072696,2.7421,0.1784
-0.73204,-1.5348,0.72829,-2.343,0.66732,0.035244,1.4656,0.27127
-0.72525,0.36143,-1.6016,0.85134,-4.0867,0.068737,0.68278,0.025532
-0.90161,0.79632,-0.52807,0.59406,6.0372,0.017692,1.3906,0.16706
-0.7563,3.684,-0.57001,0.74207,2.9085,0.097096,3.2154,-0.0099769
-0.70159,-3.4037,0.52521,0.18252,-8.4838,0.068223,-0.12212,-0.1047
-0.68865,0.0057773,0.89195,0.98852,4.8882,0.04247,1.5129,-0.13395
-0.42069,4.151,2.8393,0.63609,0.92644,-0.029066,-0.58045,-0.14252
-0.58394,-2.5823,-2.3248,0.94724,-4.361,0.070149,0.91633,-0.15311
-0.6892,-0.68039,-1.5923,1.0743,-1.4389,-0.065492,-1.6618,-0.068412
-0.68502,0.11525,-1.6707,0.35325,4.357,-0.14439,-5.8294,-0.0075675
-0.75228,-0.12129,-1.2889,-1.3304,-3.7916,0.016165,-2.123,0.037774
-0.74497,0.79554,-2.1867,-0.27631,-4.5632,0.024809,-2.0533,0.13318
-0.56754,0.97644,-1.0076,-0.3854,7.4651,-0.27766,-3.787,0.23596
4.4148,3.8799,-0.82324,0.79949,-7.5595,0.10054,-0.84399,0.18331
4.3714,-2.8124,0.32224,-0.52941,-1.6135,0.040192,0.015002,0.13048
-0.51715,1.1776,0.077091,-0.91213,3.11,-0.059164,0.58642,0.040695
-0.80848,2.8474,-2.5094,-0.24639,1.1693,0.11103,3.0693,-0.05028
-0.72111,1.2619,-0.5181,-0.28216,0.44241,-0.00057216,1.3807,-0.15973
-0.68292,-2.653,1.3363,0.44917,-8.4899,0.11256,1.3815,-0.12106
-0.89815,-1.8932,2.205,-0.4052,5.4645,0.0041896,-0.30225,-0.17443
-0.68522,1.701,1.2721,1.5327,3.5367,0.057256,0.89558,-0.070286
-0.6903,-3.1615,-0.83418,0.66689,-3.5164,0.050742,0.64406,-0.087761
-0.69219,2.0422,-0.71401,0.083731,-0.14145,-0.078211,-1.7286,0.020835
-0.54001,-0.06647,-0.81668,1.2836,2.4974,-0.17709,0.59751,0.13118
-0.64599,1.2226,-0.50733,-0.046615,-3.7811,0.059855,-3.0003,0.19234
-0.68865,1.3642,-1.5861,0.15903,-2.9105,0.039261,-2.502,0.064205
-0.68285,2.4336,-1.9045,-0.36939,5.2105,-0.9251,-3.8945,0.033685
-0.86794,1.9052,0.11413,-0.57901,-8.4612,0.023917,-0.57758,0.071677
4.3974,-0.71302,-1.3926,-0.27389,-3.1923,0.02194,-1.2295,-0.021026
4.363,-0.34231,1.1529,0.4882,6.007,-0.5911,-0.89233,-0.11835
-0.72636,2.2364,-2.357,1.2328,-1.7254,0.029905,-3.6658,-0.13919
-0.35488,-1.05,-3.4043,0.065728,-0.036359,-0.045013,-0.20493,-0.14934
-0.57643,-4.1685,1.3444,-0.22181,-5.9895,0.069622,2.2469,-0.11806
-0.72689,-4.2146,-0.51154,0.8961,6.7467,-0.024278,-1.9343,-0.0006312
-0.71525,2.0046,-0.57167,0.77011,5.2751,0.059675,1.8648,0.11831
-0.76062,-1.1332,0.50259,0.52481,-5.8368,0.034609,-0.33668,0.10775
-0.85844,-1.2464,0.010352,0.86856,2.1679,-0.041734,1.2249,0.13469
-0.7154,1.811,0.37927,0.29362,3.5877,-0.041073,0.2424,0.23671
-0.68348,0.11914,-2.2045,0.9062,-5.8244,-0.0018428,-1.2415,0.18572
-0.66797,1.9798,1.4439,-0.30071,-1.3385,-0.023534,-2.0484,0.04213
-0.51835,2.5823,-0.55563,0.82179,4.0474,-0.23121,-3.9006,0.0048448
-0.70957,0.88581,0.19703,-1.8375,-0.32531,0.0056271,0.62224,-0.041178
-0.67094,0.46496,-0.31752,0.40008,-5.455,0.092052,-1.5427,-0.14537
4.3977,-4.5044,-1.128,-0.95271,5.2788,-0.51681,-1.7109,-0.077198
4.3763,3.4699,-1.1856,-0.24043,-5.8505,0.058231,-1.1644,-0.16338
-0.75469,-1.8378,-2.1464,2.2426,-0.86621,0.079537,1.2957,-0.098664
-0.72011,-3.5478,1.5703,-0.30893,-0.26484,0.029879,1.8167,-0.045462
-0.70679,0.6617,0.40711,-0.35687,1.9374,0.10269,-2.0983,0.027966
-0.36082,1.5555,-2.4435,1.4308,3.2452,0.0018986,2.0552,0.26548
-0.60489,0.25455,-0.87229,0.43367,-5.5234,0.087136,4.6263,0.3484
-0.71806,-6.3523,-1.4902,0.86075,2.0761,0.034146,1.0616,0.19478
-0.71443,4.0301,0.18205,-0.28289,2.2336,-0.034116,1.7913,0.12357
-0.79197,-0.55301,1.3308,-0.097876,-4.5516,0.080821,1.0324,0.080341
-0.70337,2.1996,1.5634,-1.1994,-0.15109,0.039229,-0.11668,-0.020807
-0.68513,1.8644,1.1349,0.11415,3.4364,-0.15077,-2.027,-0.099613
-0.67345,1.4719,1.1141,-0.71152,2.1794,0.081591,0.54649,-0.11436
-0.56079,-0.18856,3.1316,-0.89577,-6.2454,0.010196,-3.0317,-0.12938
-0.5507,0.60568,-0.95045,-0.068273,5.1763,-0.17377,0.068824,-0.13393
4.4237,1.5272,-1.9087,-2.6013,-1.9922,0.0774,1.9801,-0.1138
4.4082,-0.58046,-2.4538,1.1514,-5.6981,0.014458,0.62939,0.021687
-0.94231,-6.7552,-0.43699,-2.0281,3.2898,-0.20976,0.10622,0.099471
-0.83447,4.8771,0.54535,-0.55641,-0.36524,0.13695,1.1105,0.18125
-0.66745,0.40672,-1.9243,1.3009,2.7316,0.058052,3.0991,0.18115
-0.70568,0.38448,-1.6704,-0.7239,-2.6393,0.12828,2.792,0.19193
-0.71279,-6.5876,1.4745,1.2331,2.7106,0.12072,0.94018,0.0049909
-0.58719,5.2747,1.653,0.062979,5.676,-0.042177,0.45766,0.025094
-0.6592,3.3189,2.9501,1.5844,-2.0274,0.062711,1.6829,-0.079048
-0.69847,-0.54648,-0.13335,-0.20646,2.8132,-0.0099289,-2.5067,-0.13734
-0.70022,1.8387,0.36886,0.48734,3.8006,-0.16579,1.189,-0.13498
-0.82606,0.46958,0.084645,-0.18884,-1.6647,0.050575,-3.7355,-0.15934
-0.6842,-0.80561,1.2213,-1.6703,-2.4866,-0.0037424,-3.2911,-0.10489
-0.66359,0.28609,-0.72512,-0.97735,3.6457,-0.094653,1.348,0.019545
-0.67251,1.2034,-0.88726,-1.1226,7.0463,-0.031338,0.23979,-0.011535
4.4469,-1.0112,-1.8978,-0.79842,-6.9256,0.025066,0.82919,0.091439
4.4169,-6.8517,-2.1443,-2.0445,3.5899,-0.16446,-0.44314,0.27835
-0.7452,5.1346,-1.149,-1.7596,1.4233,0.036996,2.2828,0.19098
-0.73741,0.49577,-0.39062,1.5132,0.033857,0.0087075,-1.1305,0.16859
-0.95341,-2.0861,-0.65724,-0.39169,-0.92179,0.050704,1.2327,0.031203
-0.84881,-3.1105,0.5444,1.0679,-0.43906,0.031002,-1.0062,-0.041908
-0.67817,3.0915,-1.2761,0.0011967,6.61,-0.00097004,2.3615,-0.13157
-0.70514,1.5033,0.97442,1.9261,-3.8867,0.14012,3.3743,-0.15525
-0.48487,-8.5957,0.92873,0.026863,0.97153,0.081463,-4.2845,-0.16331
-0.54409,3.5691,2.3939,-0.23918,3.4789,-0.045617,-0.092115,-0.14381
-0.72787,-2.1072,0.77202,0.6611,-1.9856,0.020946,4.5229,-0.012727
-0.69576,-0.4054,0.72679,-1.1133,-1.6223,0.011621,-4.3752,0.018766
-0.9222,0.66537,2.2267,-0.19547,2.2907,-0.08262,-1.3677,0.030327
-0.81008,0.72617,-0.46973,-1.1808,4.0522,-0.021602,-0.32217,0.10653
-0.69915,0.29407,2.3888,-0.66656,-8.8941,0.017673,-2.1688,0.22727
-0.65942,-3.3909,-1.0619,-0.7701,3.072,-0.023861,0.17276,0.16625
4.4005,4.9474,-1.2971,-3.0277,4.7833,0.08926,3.0956,0.026652
4.3748,1.7884,-0.18209,-0.51276,-6.648,0.026105,-0.019233,0.018669
-0.70465,-1.8844,1.4042,-1.0822,0.16232,-0.0055457,3.0033,-0.074618
-0.72203,0.88096,-0.93093,-0.19294,1.1988,0.077426,2.1516,-0.11989
-0.72316,2.1836,1.0042,-0.83615,4.0599,0.056191,0.53313,-0.16413
-0.78499,1.0495,-1.3768,0.94159,-2.3216,0.079428,3.4364,-0.14547
-0.71651,-11.143,-0.079707,-0.57347,-3.1172,0.092693,-2.0222,-0.15291
-0.68338,2.0252,0.68219,0.36779,4.7652,0.041572,0.68129,-0.019858
-0.68667,1.6979,1.3841,1.208,-0.93229,0.075552,2.9954,-0.020856
-0.63523,-2.0809,-0.031976,1.1589,-3.6038,0.049837,-1.0945,0.19076
-0.4987,0.71667,2.2686,0.23868,1.916,-0.12446,-1.0881,0.2067
-0.69903,1.9965,0.22986,-0.2823,1.6915,-0.080836,-1.1678,0.18507
-0.68313,0.55562,0.4824,0.56496,-6.9667,0.02119,-4.2016,0.048118
-0.77769,1.4244,0.31554,-1.0787,-0.16073,-0.038249,-1.2789,0.063669
-0.79006,2.8502,0.028789,0.20227,8.9348,-0.14658,-3.9573,-0.044026
4.3956,4.1017,-0.8127,0.66824,-7.691,0.11092,-0.054515,-0.12127
4.3649,-7.4415,1.1839,-0.89138,-2.6487,-0.045315,1.038,-0.17338
-0.69579,2.0343,-3.5601,0.16545,3.3162,0.044973,2.0933,-0.14831
-0.54931,1.248,0.80155,0.031513,0.79558,0.052096,-0.74124,-0.10728
-0.69726,-2.1604,1.0397,1.0153,-0.63703,0.077933,4.6485,0.006013
-0.71558,-7.3324,-1.281,0.50569,-7.9236,0.057917,-0.058509,0.10541
-0.71556,1.0645,0.5816,-0.49289,6.8707,-0.0077918,1.6957,0.10353
-0.86457,4.1275,0.5028,0.91574,-0.23699,0.042508,2.181,0.19585
-0.72383,-5.9143,0.13286,1.2721,-6.4992,0.058148,0.18856,0.08202
-0.68256,3.7655,-1.9683,-0.085776,2.8387,-0.0044034,-0.74479,0.2235
-0.68206,0.55118,0.58533,0.24227,0.95786,-0.070844,-2.2641,0.074427
-0.45433,2.7262,-0.9269,-0.58489,-3.5346,0.00049956,-1.9561,0.0065728
-0.56826,1.5578,1.6862,1.1325,-1.0597,-0.024426,-1.4914,-0.048358
-0.67369,0.0011856,1.0844,0.1117,6.8786,-0.68103,-3.5697,-0.11628
-0.67549,0.45144,0.62301,-0.033872,-9.3375,0.044139,-2.4499,-0.14055
4.4076,-6.8722,0.90499,0.091734,-3.4834,0.056402,-3.5077,-0.11903
4.3891,-0.098702,-0.85801,0.8334,7.4044,-0.1498,-4.3124,-0.078853
-0.71397,0.79611,-5.1419,-0.11725,-5.0085,0.093348,2.3563,-0.0044766
-0.71389,-2.7963,0.49682,-1.5251,0.26686,0.003503,1.9434,0.056465
-0.61284,-2.4858,0.54766,0.4515,-5.2633,0.10159,0.58094,0.29174
-0.54748,-0.89898,-0.21049,0.39671,6.9402,0.030938,2.1262,0.27349
-0.75383,3.8423,0.26278,-0.4824,1.5984,0.080006,4.2656,0.28454
-0.70495,0.1704,-0.65777,0.93061,-6.8625,0.12868,-0.20943,0.10616
-0.74684,0.84764,-0.088077,0.66764,3.6283,0.058674,-0.12697,0.038334
-0.76996,2.8171,3.1387,1.8395,2.1826,-0.02261,0.97297,-0.055756
-0.70914,0.64988,4.292,-0.85075,-4.2813,0.077862,-0.99298,-0.13994
-0.67327,-1.3108,2.2339,0.14944,-1.214,0.012179,-2.259,-0.16464
-0.66529,3.3918,-0.89124,0.1737,2.61,-0.28206,-2.3393,-0.086179
-0.47536,0.015834,1.6527,-0.46399,-1.4049,0.064732,2.4741,-0.133
-0.64269,-1.4673,-0.88682,0.92678,-3.781,0.053636,-0.41923,-0.018325
4.4389,-0.12434,-0.96671,-0.0071787,7.1398,-0.46202,-1.5028,-0.050792
4.4097,3.9968,-0.49658,0.4523,-6.3664,0.087976,-1.1527,0.048872
-0.95134,-3.1782,-1.8947,1.8413,-2.0961,0.036957,1.7441,0.22693
-0.77132,-0.85247,0.93589,-0.91883,-0.033347,0.061382,2.5743,0.17548
-0.69998,0.27784,-1.5828,0.30607,2.8026,0.11188,0.086991,0.14627
-0.69173,2.9441,-2.2172,1.3246,3.4614,0.080102,1.283,0.056879
-0.499,0.48373,0.42187,0.23394,-6.7701,0.098796,2.4333,-0.0091251
-0.61843,-3.2302,-0.041323,0.16142,6.5497,0.011807,0.10537,-0.067852
-0.6906,4.2652,1.2507,-0.71374,3.0535,-0.017238,0.81661,-0.18156
-0.69397,-4.8284,3.0479,-0.20227,-2.7732,0.086866,0.43721,-0.20052
-0.851,1.0113,0.45135,-0.18471,1.1497,0.045339,0.018001,-0.15781
-0.71682,-0.72263,-0.77034,0.15018,4.3542,-0.099652,-0.017306,-0.083696
-0.65442,0.85651,-0.28344,-1.8399,0.60144,0.057224,-1.5907,-0.099297
-0.66011,0.67339,1.2828,-0.20134,-6.417,0.0081107,-4.2923,0.011294
-0.28345,-0.45973,-0.65379,0.11603,4.9913,-0.63177,-2.6862,0.11174
4.4427,2.4382,-1.0614,-1.6319,-6.5271,0.11109,0.71452,0.052328
4.4094,-2.0399,-2.7643,-0.019947,-4.3939,0.022961,0.32368,0.35582
-0.73315,-2.2127,0.25179,-1.2975,4.0307,-0.27334,-0.26858,0.15058
-0.82909,3.6106,0.46556,2.1703,-0.34027,0.065547,3.3711,0.057877
-0.91675,2.204,-1.7821,1.7351,0.55084,-0.003306,3.5165,-0.037065
-0.7432,-0.19384,1.0022,0.13309,-3.2111,0.090094,2.8847,-0.15043
-0.70085,-7.5057,0.071765,0.86642,3.0153,0.083741,-3.0436,-0.18122
-0.69414,3.9011,1.1624,-0.51308,5.1654,-0.0039221,1.6303,-0.10592
-0.52051,0.85032,1.1642,1.638,-4.4539,0.069558,2.2753,-0.14498
-0.64907,-1.5507,-0.97396,0.67255,-0.47368,-0.015679,-1.1,-0.07216
-0.69222,-0.43748,2.364,0.76705,3.942,-0.10359,-0.45819,0.040914
-0.68855,1.0381,2.2215,0.45514,-0.43631,0.019219,-0.82739,0.078832
-0.86179,-1.4269,2.3479,-1.1395,-4.5536,0.0049854,-1.711,0.1913
-0.74102,1.4092,-0.56445,-0.30885,1.8761,-0.20299,-0.77365,0.21437
-0.66378,1.9943,2.5701,-1.5834,4.2036,0.025714,3.6312,0.10633
4.5238,-1.9879,0.62601,-0.59852,-6.4272,0.09811,-2.3528,0.052401
4.3953,-4.3979,-2.9275,1.5936,4.5209,-0.211,0.73551,0.0076437
-0.61964,3.8643,-3.7894,0.037685,-1.6854,0.062672,-0.24636,-0.084451
-0.7197,0.64545,-4.1695,0.75643,-0.37544,0.073223,1.2134,-0.19986
-0.7177,-1.9201,0.95392,-1.506,-0.62629,0.077741,5.8066,-0.1452
-0.885,-4.1832,1.6953,0.28882,-1.0891,0.10172,1.6383,-0.20076
-0.73902,0.0036773,0.31494,1.0061,5.5337,0.061819,3.5781,-0.087396
-0.68224,2.6821,-0.13621,2.0205,-3.2927,0.07579,4.5658,0.018498
-0.68415,-8.9262,-1.8511,-0.028683,1.129,0.080757,-3.5337,0.1177
-0.72569,3.8847,-2.6893,0.95868,2.441,-0.034033,0.5283,0.024583
-0.45332,-1.5809,-0.9365,-0.92376,-0.80705,-0.016731,0.66018,0.2252
-0.65648,0.71886,0.65149,-0.36057,-2.7195,0.033832,-5.343,0.1756
-0.68259,1.2064,3.7064,-1.3899,3.5397,-0.0016375,-1.0953,0.12101
-0.67926,1.7633,-0.025077,-0.45546,6.8606,-0.035041,-1.4569,-0.019639
-0.74779,0.47539,2.7395,-0.59688,-8.2215,0.012057,-2.2153,-0.041957
-0.51438,-1.0595,-0.45071,-0.8466,4.6646,-0.043499,-0.09207,-0.13257
4.3954,2.9614,-0.23183,-0.52733,3.3524,0.019919,2.8911,-0.17798
4.3842,3.6442,0.86082,0.55709,-4.5279,0.051358,0.4503,-0.12763
-0.63156,-7.5286,-2.7807,-2.1056,-0.0037459,0.033871,3.3043,-0.13303
-0.63155,0.064417,0.1282,-0.78138,-1.0998,0.078491,0.9708,-0.084913
-0.71573,-0.91352,-1.4297,-0.18414,5.3076,0.047052,0.31185,0.30014
-0.71513,0.45112,-0.80869,0.57271,-0.43779,0.11308,2.7581,0.43273
-0.89633,-8.3606,0.31391,-0.85189,-4.5907,0.08195,-1.9803,0.26076
-0.77653,3.8746,-0.00017099,-0.17193,5.8017,-0.0095374,-0.74516,0.21989
-0.68157,2.4252,-0.99071,0.33137,-1.4108,0.10431,1.7455,0.071409
-0.6814,-1.5516,2.6237,0.38707,-1.908,0.078222,-2.1123,0.088299
-0.42904,0.16043,5.1867,-0.79775,3.6924,0.024495,1.3984,-0.018909
-0.631,2.6476,1.0492,-0.012169,3.2595,0.018603,-0.83068,-0.088199
-0.67318,-0.1745,-0.055662,0.45882,-6.9316,0.078722,-1.6253,-0.09825
-0.67294,0.76135,0.15093,-0.14656,2.0743,-0.024002,-0.36257,-0.18015
-0.75401,0.96055,-0.21992,-0.029903,8.0553,0.01397,-0.41642,-0.14293
4.4132,1.4279,0.37508,-0.84506,-8.2286,0.093297,0.23236,-0.076225
4.3942,-8.531,-1.1908,-0.72219,1.6563,-0.048845,1.7085,0.010053
-0.72172,-0.18623,-2.4675,-1.0532,3.935,0.082701,2.3829,0.10565
-0.7096,3.6096,0.86647,-0.54057,1.7753,0.066799,-1.0591,0.056271
-0.49193,0.75074,-1.8349,0.061572,0.54076,0.072061,1.8242,0.26025
-0.66683,-3.6586,-0.5554,-0.46582,-7.299,0.14218,1.7468,0.27064
-0.71426,0.70504,0.082545,-0.34215,6.5385,0.026972,1.3229,0.20437
-0.70397,4.4553,2.5512,1.2,0.44303,0.062704,1.1894,-0.027379
-0.76287,-4.4556,-2.0329,0.18652,-1.693,0.033851,-2.4392,-0.038112
-0.68022,5.015,1.4482,-0.44437,0.58322,-0.059016,0.51206,-0.16248
-0.68266,-1.1903,0.92436,-0.91483,3.4062,-0.011212,0.22183,-0.2032
-0.67098,0.61986,-0.31944,1.0109,-2.5791,0.097134,-2.7344,-0.12166
-0.42183,1.0574,-1.3858,-0.78344,-0.73501,0.031162,-1.4462,-0.12169
-0.54139,-0.26047,-1.3324,-0.45824,7.4694,-0.60956,-2.8488,-0.090608
-0.67279,-0.61642,-0.90769,0.60329,-8.7421,0.10133,-0.85093,0.12454
4.4286,-7.1559,-1.1833,-0.6592,0.57679,0.0098306,-0.30976,0.0037009
4.4057,1.2575,-2.5453,0.71038,7.8619,0.01216,0.33947,0.19407
-0.83635,3.4999,-2.8266,-0.073347,-3.2156,0.090422,-1.902,0.23236
-0.7189,-0.050145,0.72193,-0.31554,-0.67832,-0.034367,1.9308,0.15946
-0.70341,-1.8398,-0.23456,-0.66326,-4.7297,0.088297,0.34676,0.053058
-0.56756,-0.30437,2.8414,0.22143,7.5903,0.12635,1.2696,-0.011729
-0.58275,3.941,0.73582,1.1572,2.4343,0.099534,2.1955,-0.12505
-0.66361,-3.3256,0.28567,1.1636,-4.1584,0.044998,0.12745,-0.15946
-0.69654,0.9238,1.3731,-0.33405,4.5138,0.042464,0.63392,-0.20383
-0.70753,1.6366,2.6516,2.1169,1.6694,0.014926,-2.597,-0.12965
-0.77943,-0.43865,-1.4342,-0.71401,-5.1956,0.028191,-2.1957,-0.079851
-0.61249,-1.2593,-1.7986,1.0257,-0.63007,-0.01874,-2.2317,0.070168
-0.66629,2.5863,-0.55076,-0.25713,3.863,-0.33032,-1.77,-0.036943
-0.66693,0.69213,-0.037212,-0.88394,-5.9445,0.021838,-2.6743,-0.021002
-0.47958,-0.95808,-1.1918,0.32908,-1.9014,0.055555,-3.5558,0.22447
4.428,2.1547,-0.53942,0.78544,8.21,-0.41616,-2.3188,0.085087
4.393,5.9906,-0.34382,0.92882,-8.4937,0.095196,0.85824,0.14746
-0.72793,-2.1261,2.9142,-0.47605,-1.4822,0.012693,-1.9233,0.012438
-0.94005,-0.94947,-1.4019,-0.32594,-0.3145,0.062371,2.7135,-0.044172
-0.73243,-0.96815,0.14704,1.3687,2.0228,0.061722,2.0232,-0.11573
-0.69963,2.3008,-0.11063,0.45384,3.2429,-0.00012935,2.3237,-0.20042
-0.69997,-1.0807,0.93072,1.5043,-8.5455,0.088477,0.91205,-0.15535
-0.43205,-3.5101,0.3324,-0.11462,6.0428,0.056197,-0.96147,-0.15588
-0.56419,2.8508,-1.591,0.36105,0.94659,0.031605,1.1142,-0.040375
-0.69471,-4.435,1.3287,-0.12859,-5.9923,0.06092,1.5544,0.034075
-0.69069,0.59103,-3.1767,-0.1862,1.5828,0.030418,-0.34575,0.17735
-0.91996,0.59798,-1.4423,0.076614,2.3746,-0.20193,-1.9417,0.15406
-0.7748,1.8773,2.8114,-0.67739,-0.77663,0.076842,-0.86359,0.080073
-0.67043,2.2547,0.62054,0.74715,-3.9878,0.0037468,-1.6172,0.093483
-0.66215,0.37342,-0.88682,-1.1359,6.711,-0.42481,-0.79767,0.055808
4.4148,3.8931,-0.51265,-0.34667,-7.4406,0.096666,-1.1246,-0.016037
4.3785,-0.76695,-0.88362,-0.24537,-4.0674,0.0048635,-0.42686,-0.096863
-0.68852,-3.6046,2.0195,-0.42128,5.4413,-0.14262,-0.47649,-0.18044
-0.72338,1.2553,-1.6452,0.82162,-0.8581,0.13066,-0.039976,-0.18309
-0.73104,-0.33509,-3.0144,1.5908,-0.22272,-0.022719,0.25308,-0.11913
-0.87992,-2.7021,-0.30293,-0.10059,-4.4544,0.059881,3.1381,-0.032149
-0.72012,-5.9195,0.14732,0.16089,5.0415,0.067222,-1.9296,0.059532
-0.69478,2.8358,0.59179,-0.20662,4.2281,0.010447,2.6482,0.084697
-0.68258,0.43527,2.3821,1.6293,-4.1432,0.091217,2.4175,0.0267
-0.41178,1.6825,1.2377,-0.0048601,2.6535,0.0029639,-0.017197,0.14442
-0.6013,1.235,-0.47371,0.11782,3.623,-0.21582,0.36357,0.21091
-0.68645,1.3994,0.13837,-0.29908,-3.5606,0.01456,-1.9206,0.14296
-0.68179,-0.03217,2.6109,-0.20858,-0.66327,0.074686,-2.8805,0.012901
-0.87342,2.5494,0.12293,0.17386,3.6504,-0.22177,-2.0459,-0.043661
-0.67831,1.6619,1.3981,-2.3442,1.759,0.038382,0.81277,-0.092872
4.4444,-0.39224,-1.5545,-0.0062602,-4.8351,0.065624,-2.1037,-0.13266
4.3919,-7.439,-3.476,-0.71759,6.0733,-0.35488,0.37282,-0.16158
-0.43724,4.0974,-2.0769,-1.4864,-1.3214,0.13131,0.571,-0.094186
-0.55478,0.098729,-2.1703,0.86745,0.40949,0.0042859,2.0645,0.006013
-0.72062,-2.1598,1.068,-1.4045,-0.044894,-0.011771,3.4442,-0.011145
-0.71791,-4.5897,1.1831,0.28488,2.0593,0.092116,-1.1335,0.1708
-0.87307,2.0696,-1.6523,0.45575,5.6331,0.022435,3.0061,0.18947
-0.76932,2.426,0.15216,2.1801,-3.8481,0.14066,1.5075,0.20802
-0.64471,-5.8545,0.02733,-0.30257,2.9588,0.054272,0.64384,0.21201
-0.68426,4.7129,0.2473,0.27344,4.0151,0.0010964,1.0639,0.034634
-0.69274,-1.2663,-0.063441,0.34954,-3.4724,0.010171,-2.6317,-0.018227
-0.55291,2.0191,2.7561,-0.80548,-1.1613,-0.010365,-4.1321,-0.085254
-0.6419,2.1165,-0.35293,-0.38644,4.3127,-0.092137,-0.96582,-0.14564
-0.6742,0.51295,-0.24886,-1.1342,3.5102,0.088785,0.99624,-0.15179
-0.67178,-0.08887,2.1553,0.18124,-8.8396,0.053778,-3.9787,-0.088515
-0.67527,-1.8129,-1.8214,-0.31537,3.7063,-0.20342,0.46032,-0.081336
4.4195,1.3159,-1.9147,-2.1518,-0.42433,0.067543,-0.82425,0.010345
4.4046,1.605,-2.4456,0.84131,-4.5178,0.060022,2.1665,0.12228
-0.72619,-4.976,0.24573,-2.0372,0.68522,-0.1023,-0.16127,0.046268
-0.41563,1.0147,-1.6189,0.098626,-2.5759,0.044305,0.88894,0.10607
-0.66209,1.6548,-1.6927,0.86401,3.241,0.037394,2.0547,0.38432
-0.71373,1.7564,-0.80479,-0.19746,-3.4017,0.097307,5.4546,0.28159
-0.71023,-6.831,-0.30563,0.19523,0.18911,0.10251,-2.1829,0.099568
-0.9121,4.6758,0.36223,-0.76622,3.9353,-0.066852,0.96733,-0.039255
-0.80134,2.5623,2.604,0.35058,-4.4092,0.064193,3.8779,-0.085935
-0.68404,0.20117,-0.41304,-0.16533,-0.52817,0.0081749,-2.4307,-0.15703
-0.68288,-0.64607,2.8687,-0.31208,3.8214,-0.20953,-0.84365,-0.12127
-0.59773,1.1017,-1.9267,-0.56853,-0.88996,0.041501,1.4803,-0.12344
-0.61941,-1.1704,3.0972,0.42427,-7.2704,-0.088761,-1.9401,-0.10631
-0.60835,0.063312,1.2262,-0.53448,2.2454,-0.16865,-1.0361,-0.0095875
-0.67131,0.42201,-0.75259,-1.0956,6.1466,0.008361,3.2729,0.15934
4.4247,2.299,-0.5894,-2.7211,-7.8537,0.0599,0.4145,0.1187
4.3917,-6.7614,0.48517,-1.9475,1.5376,-0.065793,-0.46296,0.22683
-0.74736,3.409,1.1767,0.49503,1.5251,0.051564,1.8283,0.22403
-0.7152,3.2956,0.19019,0.05599,0.81373,0.091904,0.8644,0.057853
-0.70575,0.17638,-2.0987,0.72625,-2.6022,-0.0077405,1.7753,-0.019396
-0.5853,-2.6713,1.9415,0.45891,-2.707,0.019701,0.60965,-0.097739
-0.66151,2.7499,0.33182,-0.38824,5.709,0.058796,2.4505,-0.19336
-0.69858,3.3464,1.4547,1.1135,-2.7981,0.11096,6.0871,-0.1552
-0.69404,-5.8102,0.44594,0.55356,-2.0082,0.076374,-1.8137,-0.090049
-0.84184,2.9003,2.9526,0.97628,3.8866,-0.095301,-0.76707,-0.086203
-0.72534,-2.29,-2.1132,-0.098737,-1.5943,0.05216,2.9623,-0.030567
-0.67266,-0.95764,1.8118,0.95432,-3.8991,-0.015506,-3.9696,0.096769
-0.66837,1.1488,-0.061797,-1.2809,3.4878,-0.047343,-1.6841,-0.0056448
-0.50647,1.0822,-0.54348,-1.1815,7.21,-0.13646,-4.0258,0.073161
-0.59058,0.52887,1.0606,-1.1499,-9.5627,0.096261,-1.692,0.2389
4.4178,-6.3143,-0.48712,-2.799,2.9549,-0.040393,0.66111,0.071506
4.3784,4.9325,-2.0572,-0.37798,5.3954,-0.01745,0.67774,0.069681
-0.90267,3.221,-1.4831,0.82447,-3.2726,0.027145,-0.60018,-0.033974
-0.74225,-3.6353,-0.19905,0.055033,0.18914,0.068352,3.6357,-0.10307
-0.70992,-0.91564,-0.72916,-0.46983,-3.1014,0.082624,-1.5109,-0.15732
-0.70138,2.2647,1.1039,0.086043,6.6416,0.069571,0.56466,-0.13176
-0.50402,1.9838,-0.072274,1.2759,-1.3016,0.058039,2.7969,-0.09864
-0.61458,-9.0748,-0.8785,0.35735,-6.5539,0.10366,-1.8473,-0.099686
-0.60573,1.3827,1.2029,0.53597,5.7682,-0.060043,0.78875,0.062793
-0.69525,-0.74494,-0.82854,1.1184,-0.5577,0.028589,0.82536,0.15228
-0.72222,0.71526,-1.2889,0.40964,-3.9597,0.067543,-3.567,0.06143
-0.86077,1.1355,1.17,-0.33762,1.2648,-0.038859,-1.1286,0.30109
-0.6649,3.0238,1.7959,-0.86198,4.544,-0.020774,1.1417,0.057196
-0.66498,1.3081,-1.3867,-1.2383,-8.376,0.09777,-0.12655,0.023804
-0.66429,-0.27435,-0.23095,0.83694,1.162,0.084158,0.24279,-0.02918
4.4099,3.5268,0.11555,0.40293,8.7841,0.11312,-2.3491,-0.048479
4.3752,3.3978,0.74224,0.32794,-6.3354,0.12719,0.08859,-0.13101
-0.72346,-5.549,1.0608,-1.1426,-0.33655,0.074172,2.1665,-0.1745
-0.71871,-1.869,-2.7299,-0.099187,1.7692,0.12007,2.006,-0.12914
-0.83016,0.91064,-0.82328,-0.11244,5.0084,0.082823,-1.0192,-0.11806
-0.7647,-0.21394,-2.1556,1.1071,2.042,0.10511,4.0926,0.077907
-0.69632,-7.0425,-0.46373,-0.9732,-8.1438,0.11481,1.0706,0.22622
-0.69522,1.4624,-0.66069,-0.89792,7.1918,0.084806,-0.033245,0.065446
-0.44561,3.6573,0.038489,0.51335,2.0121,0.019213,0.87119,0.23182
-0.60609,-3.25,0.40405,0.38794,-3.2332,0.03457,0.43177,0.22118
-0.6801,3.0675,-0.13356,-0.095102,1.4507,-0.025639,-1.2458,0.16611
-0.68003,0.5954,0.9828,-0.28094,3.6833,-0.12855,-5.0978,0.06053
-0.72096,2.0463,-0.06788,-1.1449,-3.1884,0.076816,-3.3288,-0.030567
-0.67349,1.7772,-0.42991,0.78351,-1.3448,0.053085,-0.074448,-0.094064
-0.6883,0.76571,-0.63201,-0.1641,7.531,-0.54622,-5.7909,-0.15041
4.4221,2.1515,0.57751,-0.45979,-9.2072,0.031785,0.413,-0.11706
4.3989,-6.3081,-1.0518,-0.54889,-1.424,0.027543,-1.1576,-0.21734
-0.60076,-2.527,1.5464,-0.42404,7.0904,-0.15702,-1.9295,-0.063837
-0.66491,0.13485,-1.2798,0.4585,-2.1107,0.070117,3.1783,0.077737
-0.71663,0.71698,0.048414,0.034499,0.92365,0.0032206,1.3495,0.040378
-0.70601,-0.75411,-1.1454,-0.093438,-6.3777,0.082971,0.98613,0.052742
-0.79967,-0.27891,1.3717,-0.6886,6.7943,-0.0092165,-0.30308,0.31308
-0.64138,5.1195,0.46183,0.46849,3.6939,0.035963,1.8944,0.16392
-0.68621,-2.9014,-0.23767,0.48887,-5.974,0.095196,2.1268,0.105
-0.67952,2.4393,-0.30464,0.31718,2.9376,0.030059,0.13033,-0.034339
-0.47476,1.369,0.22598,0.23138,3.388,-0.11062,-0.89595,-0.07822
-0.65279,1.0148,1.4699,-0.46767,-4.3719,0.063044,-2.5378,-0.15286
-0.66856,0.42629,-1.2289,-0.95106,-1.9318,0.02101,-1.7604,-0.18854
-0.66748,0.85569,-1.1802,-0.46022,3.5393,-0.47241,-3.2791,-0.12979
-0.92635,1.0187,0.19344,-1.1627,-5.83,0.047334,1.9268,-0.14077
4.4431,-3.4936,-0.71338,0.43028,-3.9614,0.054009,-2.275,-0.072404
4.423,-3.185,-3.7519,-0.1075,6.6115,-0.52015,-1.2318,0.12763
3.4861,3.54,-0.85289,2.1303,-5.8705,0.094465,-2.8971,0.072139
-0.48691,1.9142,0.27771,0.73526,-0.070038,-0.013535,1.5179,0.26592
-0.62984,0.37972,3.1116,-0.43492,-1.8262,0.043952,1.1289,0.073064
-0.69422,0.074062,0.55803,0.59418,3.9247,0.05055,0.37098,0.28025
-0.70805,3.6792,0.067493,0.033658,4.1997,0.059271,2.1164,0.10855
-0.96166,0.54133,-1.3685,1.5055,-6.9513,0.11295,0.7206,-0.029983
-0.81478,-2.5762,1.9793,0.85006,2.3569,0.052385,-1.3978,-0.12015
-0.73156,3.1071,0.68856,0.69544,3.5126,-0.02981,1.2702,-0.12658
-0.68518,-2.3586,1.3581,1.3984,-2.8304,0.019688,-3.4711,-0.16861
-0.67943,1.4177,2.5241,-0.1291,-2.5928,-0.12078,-2.3523,-0.12819
-0.53311,0.03424,-1.4003,0.4823,4.3298,-0.26818,-1.7318,-0.10869
-0.62613,0.11822,0.64719,-1.8432,1.6052,0.088727,-0.62397,-0.07934
-0.66934,-0.46268,-0.14688,0.091207,-6.7799,0.082534,-2.7648,0.083481
-0.64737,-0.37519,-1.0734,1.3711,6.0273,-0.3069,-1.179,0.062477
4.4212,3.9353,-1.0366,-0.9684,-5.154,0.086969,2.0894,0.25421
4.3824,1.1082,-0.97091,1.0761,-3.859,-0.013009,-3.7445,0.20378
-0.72378,-6.8253,-1.2257,0.15993,1.3273,0.0056015,-0.95292,0.12035
-0.71298,2.8082,-1.1525,1.4683,0.66028,0.11538,1.3744,-0.026283
-0.46667,1.9384,-3.5452,0.74416,2.3108,0.027472,1.7159,-0.094746
-0.72985,-0.1929,-0.22691,0.2356,-3.7128,0.065971,5.68,-0.22279
-0.69707,-6.0508,-0.0044237,1.4023,0.49843,0.089626,1.5767,-0.23466
-0.6957,3.0763,0.97213,-0.24615,5.6155,-0.057361,-0.44903,-0.18913
-0.80132,0.67152,2.7142,-0.22332,-2.9807,0.11367,-1.0387,-0.11845
-0.7833,-0.57868,1.9167,-0.71417,-0.050051,0.00094879,-4.6695,-0.0029676
-0.67276,-0.67368,2.7265,-0.51459,4.1084,-0.081535,-1.1961,0.085671
-0.6715,0.41789,-0.87972,-0.057213,0.4223,0.02737,0.25825,0.13848
-0.55398,-0.70093,3.2773,-0.58248,-6.4564,0.014798,-3.4879,0.053107
-0.61711,1.0013,0.035983,-0.3023,3.2642,-0.22145,-0.32207,0.13676
-0.62813,1.8252,-1.3631,-1.5945,2.3834,0.06162,2.0873,0.15761
4.4016,2.2358,0.53417,-0.76178,-6.7189,0.02049,-0.89145,0.044783
4.3627,-7.0086,-0.41327,-0.21538,2.3053,-0.27009,1.0928,-0.023095
-0.78252,4.6763,-0.77306,-0.57056,1.2772,0.11875,1.0254,-0.11896
-0.66925,2.2268,-2.7115,0.78123,0.72504,-0.007272,3.6111,-0.15812
-0.70852,-2.2244,0.25341,0.42981,-1.8596,0.040866,2.9611,-0.14994
-0.70881,-3.9955,-0.49499,1.0706,-2.506,0.095613,-1.4622,-0.061622
-0.53667,1.9838,0.2092,-0.22626,6.5222,0.0302,1.2966,-0.0061559
-0.63237,1.981,-0.092073,1.5197,-3.3231,0.12008,1.9312,0.015042
-0.69871,-5.8776,-0.45706,-0.29279,-2.0871,0.068236,0.34712,0.092826
-0.68955,1.7066,2.0554,1.1448,3.7267,-0.049685,-0.62209,0.084186
-0.93168,-0.72926,2.1493,0.0067204,1.0053,0.031137,2.8864,0.29697
-0.74573,1.3907,-0.61152,-0.10505,-2.7303,-0.02243,-3.6845,0.17146
-0.66954,2.1334,2.4061,-0.85776,1.9848,-0.11864,-1.1386,0.037774
-0.67167,1.0027,-0.57323,-1.0783,7.7861,0.0031885,-1.8761,-0.011535
-0.46503,0.6548,2.9337,-0.0019762,-9.0619,0.051249,-2.6296,-0.083137
4.4009,-5.8352,-0.9541,-0.68398,2.617,-0.16689,0.5963,-0.10385
4.3726,2.8975,-3.3711,-0.87518,4.0978,0.0085856,2.4138,-0.18823
-0.72431,2.2529,-0.31355,-0.42724,-3.7635,0.06239,-0.01502,-0.16299
-0.99257,-2.7374,1.1868,-0.61416,-0.63031,-0.069599,2.5726,-0.12373
-0.84655,-1.6386,-0.78934,1.184,-3.2326,0.045595,-0.22587,-0.00080156
-0.68625,-0.14091,-0.93812,-0.54637,6.7705,0.081944,2.56,0.21797
-0.69956,1.2414,-0.34158,-0.024431,-2.4103,0.065246,4.3906,0.29135
-0.44626,-8.0007,0.54076,-0.79194,-3.968,0.035982,-1.1269,0.11398
-0.66622,2.8421,1.7984,0.19796,4.4238,0.0025852,0.14151,0.22532
-0.67304,1.0513,0.344,-0.34802,-1.2146,0.018507,1.35,0.18241
-0.68272,1.3563,1.1874,1.0947,-3.0107,-0.0076571,-2.4441,0.059921
-0.68013,1.146,1.3109,-0.24404,1.6142,-0.040329,-0.8051,-0.042979
-0.83504,2.6664,0.89715,-1.8172,3.1818,-0.10879,-0.26789,-0.076103
-0.75195,0.31766,0.56047,0.22891,-8.7238,-0.0027734,-0.82798,-0.12969
-0.66326,-0.96128,0.97198,-0.16324,1.5869,0.012462,-0.62699,-0.14006
4.4183,2.7334,1.0432,0.55978,8.9955,0.19893,-1.2672,-0.084013
4.4005,2.1417,-2.227,-0.80723,-7.6897,0.044228,-0.77379,-0.082041
-0.66943,-6.4598,1.9804,-1.289,-0.43315,0.033601,2.0421,0.042812
-0.72069,-3.6485,-5.186,1.3177,0.42528,0.095466,1.2354,0.14566
-0.7111,2.4827,-0.52279,1.1298,3.3343,0.079589,1.6641,0.10629
-0.94489,-0.45236,-1.5288,-0.37125,2.3449,0.092687,0.95911,0.26833
-0.72134,-5.553,-0.68127,-0.62123,-8.5329,0.098938,-0.19667,0.26597
-0.69569,3.0601,-0.9385,0.40564,7.175,0.072754,1.685,0.10293
-0.68566,4.4391,2.5473,1.4125,1.3147,0.062884,-0.093804,0.018085
-0.55276,-2.4344,0.29788,2.1384,-2.2678,0.0611,-0.61965,-0.0799
-0.67094,2.9105,2.2281,-0.099129,0.86479,-0.15394,-1.2458,-0.16683
-0.67571,-0.57808,0.31656,0.70954,3.6443,-0.036176,-1.9569,-0.17796
-0.67238,1.2462,-0.48599,-0.24686,-3.5207,0.072151,-3.8696,-0.17333
-0.92161,0.18534,-0.7866,0.629,-0.68902,-0.00077752,-3.1122,-0.10499
-0.66758,0.36544,0.22445,-0.65825,8.4619,-0.28944,-3.4084,0.0035549
4.4429,0.98019,-0.91565,-0.36301,-8.2227,0.13519,-1.1625,-0.028985
4.4305,-4.0089,0.482,-1.9509,0.71279,0.049099,-0.53175,0.42475
-0.70965,1.0695,-1.3461,1.0378,7.135,-0.017733,-1.4272,0.12712
-0.57309,1.1973,-4.6349,0.45409,-1.3334,0.098674,1.8696,0.28215
-0.6964,0.068167,0.51373,-0.51823,0.94548,-0.068463,1.917,0.10293
-0.71043,-1.0794,1.9511,0.92622,-5.9293,0.12092,1.1758,0.07248
-0.70368,0.67652,2.5228,-0.22652,7.9539,0.20524,2.0282,-0.044829
-0.88738,4.2759,1.5412,2.2319,2.1884,0.061549,2.8311,-0.11271
-0.72895,-4.7897,0.80304,-1.1769,-5.2292,0.091936,0.37566,-0.17294
-0.6862,1.4528,-0.34273,0.40843,4.5377,0.015003,-0.62388,-0.14191
-0.6894,-0.97561,3.3811,0.65778,3.9872,-0.0097813,-1.8161,-0.11251
-0.48025,0.59969,-2.2332,-0.38767,-4.2162,0.044652,-1.6293,-0.07418
-0.60527,-1.5927,-0.52658,0.88001,2.0703,0.025226,-0.28322,0.020737
-0.67612,0.26388,-0.79463,-0.38316,4.6476,-0.25033,-1.781,0.13576
-0.66886,0.80153,-0.6804,-0.66258,-5.9467,0.086475,-1.3486,0.09857
-1.3745,-2.9114,-1.9618,-0.33441,-2.1963,0.081585,0.092334,0.19879
4.4111,-0.0071887,-0.58903,-0.32413,7.7858,-0.27538,-2.9563,0.22649
4.3476,5.8639,-1.5581,0.37819,-6.0065,0.10878,1.9755,0.10273
-0.72327,-4.2632,-0.59875,-0.90016,1.9208,0.0017702,-0.66088,0.0064024
-0.4266,0.9212,1.1221,-0.17079,-0.77789,0.077477,0.54801,-0.044415
-0.74015,1.7671,1.763,-0.14251,6.2794,0.031271,2.0677,-0.19548
-0.73366,2.3998,2.277,0.42305,3.752,0.081873,1.6627,-0.29648
-0.69885,-3.5539,0.075125,1.5215,-6.4779,0.069006,0.36497,-0.20393
-0.97588,-1.1301,0.039947,-0.1729,5.9368,-0.026069,0.25407,-0.16759
-0.85588,3.8124,0.10215,1.294,1.632,-0.053241,2.4475,-0.08596
-0.72498,-3.6207,-0.58286,-0.69014,-5.1572,0.045576,-1.3433,0.12512
-0.67986,-0.24611,0.18769,-0.64402,0.72344,0.03097,0.28331,0.12795
-0.67069,1.3848,1.1656,1.0936,4.6199,-0.1815,-2.2909,0.04931
-0.51798,0.02399,2.7861,-1.2054,-1.2358,0.0896,0.38634,0.13698
-0.62917,1.9477,0.21324,0.3118,-6.109,0.011583,-0.96182,0.1332
-0.656,0.70333,0.94769,-0.43663,5.7493,-0.58729,-3.1343,0.080365
4.3923,5.0013,0.16929,-0.30854,-5.5728,0.1023,-1.655,-0.027719
4.359,-1.1012,0.18288,0.52044,-2.7082,0.048945,-0.49208,-0.11375
-0.74826,-2.7802,0.36367,-0.48756,2.3164,-0.087606,0.4418,-0.1784
-0.71546,1.1581,-2.0572,1.3406,0.2387,0.047848,-0.58897,-0.11419
-0.70437,-0.91199,-2.035,0.96352,2.2643,-0.026672,0.32374,-0.10241
-0.37586,-4.055,1.2582,0.17484,-9.0813,0.11985,2.2138,0.023634
-0.62987,-5.3675,-0.72864,0.87081,6.3143,-0.025844,3.3453,0.093994
-0.70449,3.3231,-0.25649,-0.062146,3.7805,-0.037498,1.9032,0.19164
-0.69512,-1.726,-1.1445,0.95564,-5.5302,0.098097,1.6506,0.056733
-0.81875,1.6604,-0.12887,-0.079796,0.1796,0.004472,0.73785,0.21992
-0.79295,0.44787,0.098258,0.32865,2.9455,-0.23703,-1.0809,0.17261
-0.66993,1.8911,-0.36768,-0.87175,-2.9744,0.02608,-3.2998,0.10599
-0.66922,0.95632,0.19032,-0.31198,-4.2507,-0.097053,-1.1543,-0.0082003
-0.49701,1.2951,-1.5708,-0.6134,3.2477,-0.44526,-1.9877,-0.061379
-0.67023,2.4052,-0.63889,-1.722,-2.1954,0.10909,-0.3129,-0.14812
4.3954,-0.67704,-2.1446,-0.50337,-6.0909,0.027658,-2.0361,-0.14992
4.3699,-4.4073,-1.1067,-0.68659,3.448,-0.25197,0.85755,-0.18665
-0.99452,3.5467,1.3906,0.64009,-1.1466,0.068442,0.20595,-0.14442
-0.93158,-2.6984,-2.9652,1.3715,0.2712,0.013707,0.70458,-0.038355
-0.71406,-3.3726,-0.61922,-0.56289,-3.5563,0.10973,1.7777,0.15876
-0.705,-4.8722,0.62232,1.014,4.0281,0.079858,0.82837,0.26429
-0.70604,3.551,1.1705,0.59444,4.3511,0.021363,0.85101,0.10541
-0.51769,3.4956,0.009343,1.8057,-5.3524,0.083054,1.1624,0.12945
-0.69595,-2.1609,0.37116,-1.2217,1.4413,0.058674,1.2836,0.13186
-0.6934,2.7294,1.4772,0.2165,4.7875,-0.085758,0.89247,0.083432
-0.68607,0.56869,2.3527,-0.50998,-3.0474,0.057121,-0.64251,-0.022584
-0.88453,0.41286,1.4618,-0.97267,-1.5265,-0.016841,-0.53672,-0.10852
-0.799,2.2931,-0.63477,0.070699,4.4383,-0.15449,1.3467,-0.11913
-0.66863,-0.015274,-0.17997,-2.0586,6.4674,0.072998,1.9505,-0.1369
-0.66737,-0.84259,1.6522,-1.9866,-7.3183,0.036842,-2.1698,-0.10098
4.4211,-7.2106,-2.8924,-0.96329,4.7555,-0.23277,2.0279,-0.081287
4.4003,3.1606,-2.0936,-2.0272,0.13911,0.094837,0.94706,0.031933
-0.74745,-0.98101,0.46524,1.1353,-1.2181,0.068223,0.86645,0.12366
-0.72164,-3.1076,-2.9254,-1.3417,-0.94175,0.0071738,2.0408,0.15464
-1.0086,-0.10613,-0.38164,1.3066,0.65696,0.042297,-0.20902,0.18823
-0.77632,3.5251,-1.2813,0.2151,4.3609,-0.011148,2.8669,0.23408
-0.74141,3.6002,1.1386,0.61221,-4.0377,0.062711,3.8343,0.14907
-0.69784,-9.0905,0.29921,1.1987,0.13662,0.090903,0.15719,0.011197
-0.69511,4.7841,1.3825,0.23598,4.6179,-0.012708,0.011277,-0.0799
-0.54805,-0.68194,0.61682,-1.0657,-2.1718,0.11534,2.6849,-0.15359
-0.70332,1.3444,1.3561,0.93732,-1.0524,-0.004628,-4.5189,-0.18475
-0.67916,-1.4055,3.0786,0.021506,2.6444,-0.045937,-0.7542,-0.18979
-0.69528,2.5582,-2.1922,-0.46681,3.9589,0.016473,0.17691,-0.096717
-0.76937,0.21668,1.3452,-0.46693,-9.2193,0.0056079,-1.0257,-0.090754
-0.6511,-1.4075,-0.8048,-0.62685,2.8493,-0.015974,-0.11736,0.10008
4.4378,2.0014,-0.88524,-1.1943,4.6322,0.0040741,2.3005,0.005867
4.4055,3.4983,1.4121,-0.33599,-6.4337,0.10589,-1.6353,0.076252
-0.62559,-6.653,-0.029998,-0.51764,-0.463,-0.11032,2.1196,0.20833
-0.71053,1.4011,-4.1301,-0.79836,1.7283,0.079653,2.1548,0.12359
-0.71545,3.2674,0.22364,-0.35696,2.7222,0.044299,1.8805,0.070971
-0.70912,2.1978,-1.0392,0.69766,0.15107,0.049439,0.94874,-0.031467
-0.96113,-7.2142,0.13419,-0.39957,-5.0358,0.13374,0.40419,-0.14145
-0.69757,3.0483,1.0052,-0.42063,6.2986,0.00015302,2.817,-0.16664
-0.6852,2.797,1.7147,1.0885,0.28297,0.07577,0.81528,-0.18504
-0.6858,-2.9142,-1.5603,1.3929,-1.099,0.04505,-1.2808,-0.13931
-0.45548,0.60984,1.6262,-0.35867,0.82124,-0.048325,-1.3196,-0.032976
-0.5912,0.26126,-0.63782,-0.1955,1.5315,-0.045591,0.91927,0.013801
-0.68275,-1.2921,-0.70878,1.5127,-3.8613,0.076162,-1.8045,0.086182
-0.67462,-0.10692,0.40873,-1.1112,0.96484,0.057525,-1.07,0.14535
-0.90109,1.958,-1.0176,-0.56686,7.863,-0.4692,-2.896,0.15732
4.4374,0.68872,0.21755,-0.28041,-8.5686,0.055671,-4.0836,0.064351
4.399,-4.2054,-0.74145,-1.723,0.32782,-0.088094,0.9174,0.25458
-0.71153,0.92227,-1.938,1.2487,6.1923,0.022556,1.1981,0.027722
-0.71974,2.268,-3.3519,-0.58998,-1.6089,0.024642,-0.82313,-0.044172
-0.47411,-0.4987,1.319,-0.10569,-0.52976,-0.038371,1.3141,-0.10862
-0.76645,-4.4329,-1.9828,0.97818,-6.5485,0.060991,0.61999,-0.1958
-0.70466,-1.2799,1.0473,0.46142,7.1141,0.095472,1.7569,-0.19198
-0.70153,3.8705,0.95665,0.74759,1.055,0.091038,0.26052,-0.09662
-0.84507,-7.6698,-1.1141,-0.20703,-5.3371,0.10663,0.0022803,-0.038574
-0.71042,1.7594,0.83031,0.27502,1.3975,0.0022323,-0.30955,-0.046605
-0.68184,-1.5614,0.54842,-1.0399,0.9726,-0.031659,-3.561,0.16771
-0.67796,1.8914,-1.9221,-0.79728,-2.5038,-0.0046986,-1.461,0.080219
-0.35201,1.0247,-0.80553,0.13163,-1.4944,-0.047535,0.5497,0.20108
-0.64021,0.7323,-0.29238,-0.28081,5.8229,-0.64069,-3.8337,0.15068
-0.66833,2.1905,0.94216,-0.15826,-8.6024,0.10374,-0.11913,0.079927
4.4524,-3.8351,-2.2767,-0.17137,-2.7632,0.064431,-1.3671,0.00085341
4.3792,1.9579,-0.18148,0.14276,8.1706,-0.14439,-2.2516,-0.10769
4.4894,4.1605,0.45095,0.077976,-8.2131,0.13043,3.6093,-0.14055
-0.72504,-2.8334,3.9339,-0.71475,-1.5172,0.10187,0.16218,-0.1929
-0.71626,-2.1029,-1.2541,0.87561,-2.4916,0.096139,1.7408,-0.10874
-0.55861,-2.4304,-1.9653,0.71789,5.1279,0.10171,0.6351,0.065178
-0.57671,2.3012,-1.8147,0.24644,2.8202,0.099631,3.1309,-0.00674
-0.72375,-2.7628,-0.96744,1.1756,-8.646,0.13788,3.4619,0.10806
-0.70498,-0.80172,-0.22289,0.92721,4.2383,0.064187,1.9429,0.17382
-0.92049,3.5465,3.4671,0.67714,0.64715,-0.026197,1.1747,0.061309
-0.86561,-0.58744,-2.7032,1.0146,-4.6254,0.047219,1.4321,0.17616
-0.63623,0.97378,-1.0589,1.4968,-2.0817,-0.13066,-1.6651,0.12775
-0.67558,2.6911,-0.58766,-0.52506,2.8018,-0.28604,-5.9036,0.022855
-0.67184,0.75736,0.78663,-0.32313,-2.131,0.10898,-0.18311,-0.037016
-0.50783,1.0006,0.95218,0.093841,-4.5277,0.014464,-2.6959,-0.12278
-0.70468,0.45563,-0.13668,-0.21124,6.5116,-0.47791,-0.88793,-0.17752
4.3946,2.9654,-0.42134,1.2403,-7.5631,0.10815,-0.21491,-0.1993
4.3723,-4.517,-0.25485,-0.52965,-3.3167,0.069526,-1.2452,-0.11959
-0.86983,-0.056465,1.4088,-0.53096,0.50236,-0.046695,2.0208,-0.049502
-0.75091,0.97378,-2.754,1.3145,2.1577,0.11408,-0.72938,0.053642
-0.70381,0.71482,-1.4867,1.0864,-0.064752,-0.032987,0.12143,0.24219
-0.7125,-1.6322,-0.29934,1.4863,-7.7332,0.096993,0.74182,0.24601
-0.46796,-5.6121,0.5482,0.19146,4.7216,0.052417,-0.074448,0.31447
-0.68394,3.1903,0.92552,0.53729,3.4526,0.00026853,-0.26271,0.24698
-0.69909,-1.3825,1.9034,0.95575,-4.1982,0.024777,-0.30788,0.045416
-0.69222,2.3329,1.5236,1.1063,0.50729,-0.0060848,-0.85637,0.021954
-0.86109,0.70248,0.19385,1.7929,4.0391,-0.097515,-0.2742,-0.078829
-0.74853,1.3376,1.443,-1.3827,-1.2409,0.048156,-1.6781,-0.1415
-0.69023,0.24479,1.133,0.27232,-4.64,0.0074561,-3.1913,-0.14481
-0.66988,0.5771,-1.2221,-0.23147,4.7086,-0.37369,-2.6746,-0.10896
-0.40978,0.83238,-0.61766,-1.7688,-5.7379,0.10802,0.48789,0.029231
4.4231,-2.9766,-1.1911,-0.36934,-4.6299,0.029327,-2.1601,-0.023728
4.3987,-4.2095,-1.0412,-0.45203,5.4739,-0.36243,-0.65711,0.10838
-0.72728,2.0061,-3.7086,1.1858,-0.90341,0.11103,-1.4164,0.13515
-0.716,0.19952,-4.1214,0.38597,0.18957,-0.0082539,1.0607,0.037993
-0.87386,-0.86584,0.90426,-0.38643,-4.0902,0.072311,1.7893,0.22878
-0.77429,-2.9258,0.6379,0.51832,3.6325,0.0069106,-2.595,0.16543
-0.70258,3.456,0.39978,-0.48448,5.4163,0.043401,1.6293,0.043201
-0.69148,3.6073,2.2438,1.156,-4.8121,0.11713,1.0615,-0.051084
-0.60327,-3.4674,3.864,0.11269,2.8068,0.070091,-1.1037,-0.11877
-0.644,2.5075,1.5353,-0.51039,3.2463,-0.017662,1.8277,-0.19558
-0.68403,-1.2033,0.6125,0.50834,-2.7226,0.037323,-0.34043,-0.21008
-0.67922,-0.93839,4.9913,-0.81637,-2.9539,-0.029265,-2.4506,-0.10823
-0.92968,1.9726,0.77767,-0.82883,3.069,-0.13795,-0.17569,-0.096498
-0.7379,-0.31847,0.16432,-1.5037,5.0618,0.037374,3.4211,-0.057314
-0.65714,-1.372,1.2814,-0.80516,-7.8404,0.026253,-3.7863,0.1995
4.4383,-4.9539,-0.48664,-0.69491,4.4663,-0.32338,1.9986,0.025386
4.4085,4.5076,-1.3178,-2.2082,-2.5272,0.13271,1.9843,0.21344
-0.62863,0.83935,-3.024,1.4338,-1.6457,0.045839,0.47686,0.20536
-0.72343,-3.9992,0.8928,-1.3044,-0.2981,0.013264,2.5479,0.089103
-0.71165,0.60875,1.5185,0.41548,0.23302,0.04856,1.0856,0.017793
-0.91619,3.7169,-0.96718,0.54454,4.6842,0.046481,3.2967,-0.10373
-0.71862,5.0923,-0.55098,0.22067,-4.0251,0.12481,0.77009,-0.18757
-0.64255,-9.9711,-1.2596,-0.35021,-0.36929,0.060619,-0.7163,-0.18633
-0.68324,3.2544,-0.015428,0.13554,4.0366,-0.030176,0.42457,-0.14442
-0.68635,-0.33239,-0.58913,0.098195,-2.8994,0.044414,3.9117,-0.070554
-0.46147,-0.09,3.0179,-0.32125,-1.2726,0.046404,-2.9508,-0.0063749
-0.72037,-1.1401,3.0073,-1.0085,3.1352,-0.069227,-0.39546,0.10996
-0.67584,1.9843,-1.6965,0.052008,2.3576,0.031913,-0.23048,-0.0037708
-0.66767,0.36745,2.7312,-0.13827,-8.463,0.016845,-3.2963,-0.014772
-0.77717,0.045099,-0.51331,0.057397,3.141,-0.10959,-0.47201,0.20162
4.4288,2.7408,-0.48932,-0.71016,3.3439,0.047886,4.3358,0.048337
4.3909,4.1662,0.20732,-0.39712,-6.8558,0.077311,1.1502,0.065714
-0.72231,-5.9191,-1.9289,-1.2741,1.302,-0.013523,0.32663,-0.031419
-0.45174,3.2652,1.5435,1.474,0.36622,0.04539,0.87903,-0.10952
-0.63579,1.5636,-0.16552,-0.0999,2.8636,0.016255,1.8489,-0.15839
-0.70487,0.53855,-1.1235,1.0599,-0.61496,0.068397,1.6934,-0.18704
-0.70308,-7.5245,0.90214,-0.91575,-4.963,0.090678,0.076729,-0.1286
-0.95746,1.6311,1.1679,0.88905,5.5039,-0.021551,1.2564,-0.093699
-0.79212,1.3135,3.2915,0.39768,-2.688,0.047341,0.87709,0.058778
-0.6709,-5.4952,0.16096,2.5748,-0.57731,0.073691,2.6797,0.15912
-0.67812,0.87002,3.8944,0.407,1.3447,-0.13231,-1.4974,0.22474
-0.36366,1.2508,0.16145,-0.20981,2.4341,-0.0012332,0.049802,0.17723
-0.60542,0.86458,-1.4182,0.59891,-4.9572,0.01354,-2.7313,0.083894
-0.72671,2.2316,-0.26223,-0.99501,0.12364,0.061864,-1.2787,0.070095
-0.66779,2.0966,0.20921,-0.55363,8.6044,-0.11718,-2.3377,0.0088849
4.4085,1.844,1.0528,-0.063116,-9.2434,0.087046,-0.99346,-0.05454
4.3767,-6.5328,0.11705,-0.81525,0.011449,-0.029842,0.69701,-0.25922
-0.7908,0.6724,-2.4014,0.23857,5.1828,0.011101,2.6998,-0.22508
-0.72014,1.9275,-1.6622,1.0038,-1.5796,0.09605,1.6552,-0.12879
-0.70611,0.14838,1.4062,-0.14725,0.21901,0.0058838,2.2203,-0.06279
-0.56077,-3.3771,1.5573,0.12285,-6.7782,0.13592,0.8209,0.030959
-0.71736,-1.8592,2.0052,-0.78104,6.8913,0.0063266,0.94235,0.16061
-0.70903,2.5895,-0.44124,2.0415,0.24828,0.044286,2.0615,0.14148
-0.70346,-4.7937,-1.6062,0.0092446,-3.1993,0.11249,-0.32479,0.1066
-1.0068,4.2238,-0.39539,-0.28835,2.3503,-0.076042,0.053713,0.097986
-0.70643,0.12207,1.3522,-0.23351,2.7541,-0.020364,-2.0013,0.15197
-0.67981,2.79,-1.6161,0.42238,-3.9453,0.071317,-4.0759,0.049383
-0.66867,0.64517,-0.14131,1.1076,0.49444,-0.030799,-1.46,-0.048893
-0.35926,1.8772,0.0062209,-1.1637,5.4856,-0.35313,-1.6206,-0.12329
-0.53127,1.5833,-0.6845,-0.53287,-7.9567,0.11576,-1.3533,-0.13016
4.4581,-3.6082,-0.0071989,-0.91374,-1.5061,0.024174,-1.181,-0.18076
4.3976,0.81874,0.73029,0.80776,7.8266,-0.21522,-0.0046617,-0.17557
1.008,4.3391,-1.388,0.49242,-6.2888,0.037368,1.2758,-0.062109
-0.81205,-3.9793,0.25383,-1.2256,-0.038709,0.021299,0.72119,0.1093
-0.69388,-1.5696,0.38345,-0.14749,-2.7457,0.038831,1.1231,-0.00024179
-0.70345,-3.4698,-0.88951,0.68391,6.2047,0.049568,1.7235,0.38819
-0.73425,3.7175,-0.27615,0.21096,2.4038,0.054843,2.4417,0.21924
-0.56415,-1.1231,-2.0769,1.4314,-7.338,0.10215,-0.4958,0.18421
-0.77669,0.74667,0.66736,0.082787,5.8014,0.025034,0.63634,0.11948
-0.69791,4.3026,-0.48552,0.8983,1.852,0.023455,1.9092,0.0064998
-0.87008,-2.1382,1.9144,0.17991,-6.1068,0.072478,-1.434,-0.064056
-0.89035,0.97296,-1.0288,0.99978,0.5648,-0.058747,-0.94449,-0.14109
-0.64708,1.5706,0.84395,0.49237,3.6605,-0.23511,-3.2733,-0.18501
-0.66857,-1.0246,0.72577,-1.4726,-2.3166,0.068846,-3.3386,-0.1321
-0.67165,0.7591,-1.2991,0.44887,-4.8652,-0.017527,-1.8159,-0.075665
-0.51585,-0.56166,0.16248,0.051745,4.9119,-0.91671,-4.7644,-0.036238
4.4247,2.0138,-0.61802,1.1644,-7.8462,0.042188,-0.35611,0.13556
4.3914,-3.317,0.9211,-0.40905,-2.6811,0.0066026,-1.4728,0.17528
-0.73069,-3.3384,-1.0096,-1.2166,2.0005,-0.11432,0.21369,0.1123
-0.86113,1.9985,-2.4833,1.469,-2.3727,0.10933,-1.9804,0.066639
-0.81838,1.3061,-2.5817,2.2653,1.3929,-0.029021,1.461,0.2784
-0.70294,1.0469,1.401,0.71637,-8.6649,0.11274,3.0305,0.094116
-0.70061,-4.5977,1.9249,1.2692,4.8739,0.021934,1.1636,-0.023752
-0.42141,5.3348,1.3136,0.57669,1.3988,0.00026212,1.9317,-0.1222
-0.64323,-2.1966,0.33029,1.2347,-6.0719,0.026664,-0.20762,-0.1168
-0.69374,1.2527,2.9844,0.49556,-0.52783,-0.0085299,-1.5106,-0.18969
-0.68891,-1.7574,0.54179,0.20465,3.1729,-0.20877,0.037318,-0.12273
-0.85178,0.87088,0.33225,-1.1889,-2.236,0.089241,-0.70966,-0.067706
-0.84954,0.29312,0.1769,-1.163,-5.7212,-0.04536,-3.786,-0.042176
-0.72005,-0.25664,-2.3753,0.60161,3.7789,-0.43961,-2.8719,0.025435
-0.66333,1.4351,-0.89462,-2.0857,-4.8441,0.060388,-1.3584,0.18891
4.4252,-1.5833,-2.4445,-0.7283,-6.5657,0.050441,-0.38059,0.12447
4.3885,-3.6881,-2.0215,-1.471,4.765,-0.13307,0.1686,0.18984
-0.80543,4.0478,-1.818,1.0133,-1.5728,0.14582,1.1207,0.12432
-0.72465,1.6566,-1.7894,1.6433,-0.036147,0.013091,3.3696,0.018888
-0.73083,-0.4623,0.93915,-0.19051,-2.6906,0.057448,0.58074,-0.058531
-0.7103,-5.5711,1.1985,1.6778,3.2636,0.030347,-0.17099,-0.16348
-0.71944,2.3649,1.3798,0.083198,4.0182,0.041655,0.64556,-0.21166
-0.69373,2.3899,0.15494,1.9145,-4.3203,0.13475,-1.467,-0.083526
-0.68208,-2.4833,0.51941,-0.47293,1.0954,0.042958,1.5423,-0.079486
-0.52748,2.6572,-2.7904,-1.1211,4.0625,-0.062276,-0.25865,0.035584
-0.6439,-2.066,0.88428,-0.32062,-3.4639,0.012391,0.86993,0.098594
-0.69336,-0.64217,1.8126,-1.2635,-2.2158,0.0047415,-3.0471,0.13712
-0.68066,2.3645,-1.5181,0.232,3.9935,-0.12159,-2.6208,0.016989
-0.96713,1.1724,-0.44446,-1.7394,4.8642,0.083638,1.8411,0.073891
-0.65314,0.4617,-0.91305,-0.3523,-6.7654,0.097391,-1.6503,0.17728
4.4151,-1.6875,0.21764,-0.5681,5.7229,-0.17387,0.34703,0.022441
4.3765,5.178,-1.207,-1.605,-1.1614,0.12373,2.0678,-0.03412
-0.6586,1.5002,-0.79218,1.7791,-0.75321,0.0738,0.21488,-0.11456
-0.58915,-3.3637,0.92156,-2.1987,-0.8929,0.029808,0.7424,-0.15162
-0.71477,-1.9975,1.8564,0.86737,-0.31651,0.12908,-0.022078,-0.13958
-0.70894,-1.302,-0.77436,0.43291,5.3754,0.069873,1.9898,-0.10857
-0.97114,1.1384,0.032431,1.3409,-3.5279,0.10999,4.4669,0.013923
-0.84296,-9.5816,-1.4255,1.3632,2.6475,0.024771,0.27561,-0.012508
-0.63104,4.103,-0.39831,-0.96366,4.9324,0.022845,0.36871,0.15851
-0.6784,-1.4991,-0.69578,-1.1315,-2.9199,0.079242,2.4022,0.23416
-0.68154,1.853,2.694,0.33605,-0.52648,0.011172,-2.6426,0.054762
-0.48262,-0.047557,3.9252,-0.74759,4.5351,-0.056507,-0.7115,0.21286
-0.72427,2.8478,-0.36071,-0.66619,3.9688,0.047187,3.3909,0.047874
-0.67155,0.30795,3.2875,-0.6267,-8.0015,0.072196,-2.3581,-0.0043062
-0.67243,0.47625,0.42884,-1.1509,4.8415,-0.06553,0.88758,-0.060478
4.4107,3.7225,-1.0542,-2.1327,2.4807,-2.0253e-05,2.6864,-0.087079
4.3839,2.8197,1.6329,0.1559,-4.9057,0.080256,-0.79863,-0.18329
-0.71394,-7.2808,-0.36277,-1.4217,1.3648,-0.040893,2.6916,-0.15004
-0.71732,0.24089,-1.9711,-1.1662,1.1023,0.10747,2.3887,-0.078975
-0.40996,1.2067,-0.73952,-0.39993,3.5901,0.046186,0.93414,-0.029958
-0.56917,-0.8017,-0.66557,0.1413,0.022586,0.066035,2.4342,0.16577
-0.71456,-10.152,0.72919,-0.38501,-4.4733,0.072812,0.81673,0.27268
-0.70549,3.8358,1.5064,0.19835,6.8619,0.055292,2.0755,0.10889
-0.74953,2.4314,0.9152,1.3629,0.013177,0.09424,2.5053,0.23844
-0.81231,-1.6472,0.6259,1.5894,-2.3379,0.037529,-0.71831,0.17983
-0.68377,2.0087,4.1034,0.66748,3.1125,-0.056924,-0.048716,0.074865
-0.67262,1.3723,-2.3816,-0.41576,3.2647,0.0045939,2.9046,-0.036749
-0.50124,0.76587,1.5357,0.92377,-5.1312,0.067036,-1.9827,-0.073231
-0.49404,1.0298,1.2189,-0.80485,2.5979,0.018148,-0.62981,-0.14797
-0.74593,0.9171,0.15447,-1.2713,9.2269,0.15256,-1.951,-0.17511
4.4267,-0.50067,1.5287,-0.2337,-7.8487,0.064168,-2.7959,-0.14152
4.4096,-7.9602,1.5185,-1.8521,3.3284,-0.04595,0.2979,-0.084475
-0.90405,0.81559,-3.0672,0.12849,5.9321,0.021729,3.5422,0.043493
-0.71805,1.1919,-3.2992,-0.43089,-0.67343,0.022428,-2.0116,0.24976
-0.70351,-1.3916,-1.3933,1.6137,0.55328,0.01594,3.5933,0.072821
-0.69287,-3.8466,-0.11065,0.6893,-6.0964,0.065765,0.62416,0.062136
-0.57751,1.2231,0.27715,-0.70786,7.0752,0.068217,1.8378,0.25075
-0.6759,4.1477,2.0333,1.1761,1.2804,0.091589,2.0457,0.12503
-0.69658,-6.3427,-2.3355,1.042,-2.3686,0.048997,-2.1715,0.043956
-0.6963,3.6129,3.9068,0.21061,3.4207,-0.0050323,-1.344,-0.049137
-0.91367,-0.57642,1.319,-0.17017,2.3667,-0.083031,-2.1832,-0.14315
-0.68395,1.0382,-1.743,0.19951,-3.2343,0.0063266,-3.4117,-0.15902
-0.66204,-0.22563,1.2291,-0.020577,1.1827,-0.010134,-1.3212,-0.16696
-0.66017,0.13911,1.0438,-0.90363,6.4066,-0.57307,-0.39231,-0.11295
-0.49782,-0.5573,-0.061694,-0.3619,-8.5477,0.019078,-1.3143,-0.083526
4.4253,-2.8646,-1.3214,-1.1695,0.43176,0.027331,-0.6206,-0.0041602
4.4297,1.4186,-1.4351,0.54969,8.1629,-0.073886,-2.1915,0.18614
4.8106,3.8127,-1.2516,-0.62624,-6.2454,0.061312,-1.387,0.16258
-0.90811,-1.7119,1.4641,-1.0867,-0.26097,0.042919,2.0698,0.27453
-0.89074,-2.7067,-3.4434,0.74558,-3.8362,0.099964,1.8143,0.078735
-0.64274,-1.7229,0.47597,0.6477,6.4181,0.025849,1.3849,0.15664
-0.69594,2.8882,-1.487,0.8179,2.8011,0.039216,4.6232,-0.021732
-0.51054,-2.0859,-0.67797,0.098439,-8.1076,0.12387,-0.037831,-0.087396
-0.58382,1.1982,-1.2685,-0.11901,5.6661,-0.020447,1.5313,-0.17143
-0.76066,3.2738,1.7512,1.2966,0.81318,-0.0022086,-0.98257,-0.15377
-0.68936,-1.8075,-1.9807,-1.0139,-4.6238,0.052558,1.5539,-0.14705
-0.79142,0.72694,-0.4385,0.44835,-0.97637,-0.08855,0.3644,-0.10786
-0.79191,0.13142,-0.74533,-0.35268,3.8177,-0.29909,-5.1158,-0.022122
-0.7128,0.16847,-0.010199,-1.8632,-3.2311,0.023352,-1.326,-0.015234
-0.6578,0.11738,-1.0721,0.33535,-3.6871,0.075681,-2.3987,0.13459
-0.65119,1.5946,-1.1177,-0.74407,7.2469,-0.43704,-4.4132,0.043323
4.4277,3.7095,-0.52678,0.71468,-8.9052,0.10383,0.57196,0.24579
4.3874,-3.2361,-0.47375,-0.26207,-2.9971,0.051121,-0.18171,0.16774
-0.72486,-0.82127,0.63817,-1.1377,2.2166,-0.059883,1.9496,0.032639
-0.71879,2.0804,-2.0129,0.98752,0.39042,0.076553,1.3537,-0.058677
-0.88523,0.406,0.29172,1.2427,0.15336,0.036656,-0.12459,-0.17319
-0.74065,-2.3361,2.3145,0.68787,-7.8457,0.065214,-0.3005,-0.22758
-0.69258,-1.3495,2.7756,-0.65895,6.7377,-0.013471,-1.351,-0.17725
-0.6867,1.6796,0.57903,1.0312,3.394,0.025008,0.012742,-0.05269
-0.46082,-3.769,3.9152,1.3036,-5.2352,0.062653,0.24034,-0.080459
-0.54704,0.93284,-2.0178,-0.012272,-0.35966,-0.080983,-1.0737,0.044004
-0.70012,-0.71235,-1.1276,1.3606,3.377,-0.21689,-1.3296,0.1481
-0.68465,1.2118,0.94624,-0.50155,-3.0938,0.062364,-3.0634,0.16282
-0.84073,1.5543,-0.33226,-0.44182,-4.0487,0.056248,-1.8327,0.086036
-0.76269,2.1829,-1.0697,0.22351,3.6147,-0.65981,-3.2821,0.091171
-0.63657,2.5677,-0.25026,-1.6575,-5.9598,0.071021,-0.64637,0.10594
4.4099,-2.2251,-1.0266,-0.38436,-4.671,0.0357,-2.034,-0.010707
4.3748,-2.9168,1.2944,0.046459,4.6648,-0.4521,-2.7807,-0.068242
-0.53653,3.158,-2.1399,1.7891,-2.0218,0.12885,1.3714,-0.16318
-0.74049,0.15027,-1.373,1.2472,-0.85928,0.0575,1.4621,-0.1644
-0.70836,-5.2811,1.7089,-0.84007,-3.8581,0.10937,2.755,-0.11013
-0.70975,-2.9535,-0.81501,1.9494,3.978,0.086064,-1.5734,-0.039888
-0.82139,2.0184,-0.22639,-0.4176,6.2186,0.0080722,1.1394,0.18139
-0.69068,0.74733,-0.95606,1.7964,-5.5275,0.13656,-0.97948,0.095382
-0.67449,-2.1695,0.5675,-0.1682,1.3832,0.049529,-0.91499,0.11685
-0.67091,2.8592,-2.7522,0.23467,3.5122,-0.066621,0.13674,0.14727
-0.65469,-0.26877,-0.15623,-0.17561,-4.1788,0.020747,-2.0466,0.24786
-0.56143,1.2768,2.5226,-0.025259,-3.1291,-0.024683,-3.5396,0.14413
-0.67383,3.0465,-0.68008,-0.88633,3.3807,-0.229,-0.54668,0.01127
-0.6715,1.1293,-0.16732,-1.7715,3.2227,0.041726,1.292,-0.015915
-0.7204,0.1693,0.94053,-0.73792,-7.8876,-0.016443,-2.5069,-0.16024
4.4057,-2.8226,-0.90726,-0.72631,3.7388,-0.6041,0.0089783,-0.1158
4.3808,4.2246,-0.87589,-1.5725,-3.8109,0.054849,3.1093,-0.17092
-0.7165,-0.44608,-4.5571,0.85773,-1.4326,0.04763,0.40101,-0.10743
-0.4354,-5.4068,1.2221,-0.53594,-1.3306,-0.039302,2.7174,-0.037333
-0.52309,-0.87014,-0.073604,0.21186,-0.74303,0.09723,-0.80737,0.03904
-0.7608,1.4646,-1.5483,0.4882,4.4969,0.011692,2.8828,0.26173
-0.7108,0.32861,-0.97923,0.72615,-3.914,0.10102,0.3484,0.32491
-0.83329,-6.5718,-0.74045,0.33489,0.42325,0.018597,-1.0654,0.13982
-0.88908,5.0113,-0.090898,-0.0086881,3.6149,-0.088652,1.7271,0.1902
-0.71331,-0.36827,-1.2047,-0.76299,-3.0871,0.10344,-1.5244,0.11695
-0.67746,1.8861,4.3639,-0.050809,0.28312,0.029186,-1.5616,-0.019444
-0.6726,0.87397,3.7829,-1.2661,3.9017,-0.23341,-1.4046,-0.070603
-0.51816,2.4326,2.152,-0.92469,2.1064,0.0028612,0.35925,-0.11025
-0.64212,-0.33571,4.3081,-1.3764,-7.5396,0.026401,-2.7715,-0.12965
-0.66546,-1.1415,-0.51922,-0.38143,4.4389,-0.13727,3.7354,-0.14997
4.4177,3.009,-1.3374,-2.8581,0.73677,0.051339,0.87724,-0.087809
4.3983,1.6535,-0.59624,0.53886,-6.5044,0.028948,0.71857,-0.003138
-0.74233,-11.713,-1.5169,0.11101,2.0402,-0.021288,1.3283,0.11697
-0.71888,2.2621,-0.36678,-0.70603,-1.5494,0.079127,0.71671,0.19025
-0.70794,1.2428,-0.14196,-0.42366,2.1392,0.028416,0.46224,0.12434
-0.55219,0.72657,-1.2615,-0.035459,-1.2039,0.11815,3.2292,0.26385
-0.56582,-5.335,0.67906,1.229,-0.92311,0.10002,-1.03,0.20456
-0.7116,4.1861,1.9649,-0.44361,5.8037,-0.036998,0.69203,0.073818
-0.70674,3.0649,2.9381,0.69432,-2.3199,0.042399,4.1736,-0.024336
-0.85231,-1.8078,1.2918,1.0341,0.55332,0.03509,-0.71158,-0.11582
-0.7244,0.53096,6.4719,0.78525,3.5168,-0.22995,-1.2877,-0.18472
-0.62618,0.25628,1.0294,0.37667,0.52435,0.077054,2.93,-0.16331
-0.67327,-0.7202,1.6702,-0.3617,-4.0285,-0.0050131,-2.2023,-0.12548
-0.58079,0.81276,0.29981,-0.70664,3.5068,-0.13485,0.18496,-0.034802
-0.48182,-0.94929,-1.4484,-0.80523,8.1261,0.10972,-0.29463,0.0066945
4.4374,0.14751,-1.8595,-1.6509,-7.4803,0.038465,-0.74038,0.010297
4.4197,-9.1915,-0.82748,-1.0051,2.947,-0.098529,1.3124,0.48333
-0.80143,4.6218,-2.2628,0.053087,4.2041,0.030835,0.12098,0.14116
-0.89591,3.0607,-0.19332,-0.18652,0.028617,0.05508,0.16092,0.26188
-0.68913,-2.7547,-1.5008,-0.079019,-0.037952,0.035834,0.27825,0.074062
