tachometer_signal,underhang_bearing_axial,underhang_bearing_radial,underhang_bearing_tangential,overhang_bearing_axial,overhang_bearing_radial,overhang_bearing_tangential,microphone
-0.49504,2.6029,2.112,-2.5515,2.6891,0.012706,0.57248,0.23829
4.4105,-2.492,-1.6182,-2.1092,-6.9286,-0.010269,-0.69124,0.079952
4.3735,0.72058,-3.0177,0.6388,2.3523,-0.1196,-1.1628,0.098935
-0.74229,5.0451,-0.90877,-1.2568,4.2328,0.0030666,0.72111,-0.0043062
-0.92655,-1.7824,-0.4811,0.23855,-0.38694,0.073845,0.23425,-0.094356
-0.77758,-0.73395,0.15329,-0.40037,-1.0014,0.048316,3.9721,-0.15659
-0.71061,-2.4494,-1.5113,0.8187,-3.076,0.097218,1.9872,-0.19614
-0.71407,-0.81513,1.7866,-0.48883,7.0417,0.1379,2.315,-0.11573
-0.42392,3.6735,0.42809,1.8613,0.80463,0.011595,3.127,-0.089343
-0.59265,-3.5692,-1.2608,-0.018933,-7.7926,0.060497,-0.63199,-0.060746
-0.70875,0.67664,0.60917,-0.29555,3.1024,0.0072957,1.0063,0.14291
-0.70413,0.75186,-1.0997,-0.63832,5.0769,-0.10434,-1.6533,0.090879
-0.91216,1.3793,-0.86003,-1.1164,-1.0249,-0.0093513,1.1395,0.20186
-0.77504,0.57157,3.1099,-0.39886,-6.9122,-0.051059,-1.994,0.061041
-0.68615,1.6405,1.5682,-1.578,3.1179,-0.057835,-1.1854,0.13987
-0.66354,3.3088,-0.3448,0.39066,9.2681,0.25547,0.67114,0.047509
4.3899,1.0083,0.15514,-1.8503,-8.5774,0.069731,-0.021307,-0.043125
4.3546,-3.9765,-1.8721,-2.3406,-1.7158,-0.062623,0.38983,-0.11524
-0.77837,2.7544,-2.1463,0.25883,7.2954,0.061254,-0.86951,-0.1746
-0.72536,-0.2363,-0.15775,2.1517,-1.3108,0.061402,-0.01755,-0.13768
-0.82014,-2.0615,-0.55725,0.67295,0.50834,0.054817,1.0053,-0.22456
-0.92489,-2.9705,1.8299,2.0205,-7.8376,0.11098,1.5905,-0.059991
-0.6974,-4.5346,-0.45563,-0.39587,7.2945,0.17025,-2.888,0.035632
-0.69444,3.9778,0.69526,-0.42908,5.3374,0.058847,0.50992,0.16087
-0.68328,0.71626,0.51799,-0.63264,-3.6602,0.090999,5.3839,0.035316
-0.53026,0.60404,-0.11818,0.7598,-3.3071,0.058693,-0.042178,0.21013
-0.62752,0.79483,2.6881,1.1412,2.557,-0.044994,-1.8803,0.18312
-0.68964,2.3324,0.96884,-1.7915,1.6032,-0.072108,1.4344,0.059216
-0.68762,2.2892,-1.0734,0.90266,-6.3853,0.063494,-1.7729,-0.0059369
-0.90202,1.3809,-0.22959,0.18257,-1.9053,0.049433,-2.3328,-0.070262
4.4085,1.7026,0.67381,0.83111,7.2412,-0.57257,-5.0467,-0.084962
4.3782,3.5882,0.15099,0.77225,-7.5177,0.079415,-0.30721,-0.17988
-0.7209,-6.5455,0.93255,-0.098557,-3.3885,0.045133,-0.84406,-0.15532
-0.40394,-3.0402,-1.4861,0.47522,0.28644,0.010318,-0.52628,-0.10115
-0.5519,1.135,1.9434,-0.56756,0.32897,0.047469,0.48806,-0.01628
-0.71887,-1.9992,-2.2242,1.0177,4.2396,0.034705,1.816,0.17071
-0.71432,-0.26582,1.1059,0.64708,-3.6744,0.087688,3.1259,0.24645
-0.89631,-7.9592,0.33412,0.64324,-2.0614,0.042996,-0.051015,0.19373
-0.78938,3.4586,0.89344,0.28339,6.4518,0.057185,2.7661,0.16336
-0.68034,1.9495,0.19441,-0.047566,0.95715,0.061819,-0.25005,0.20271
-0.67999,1.2986,0.44194,0.49304,-4.6976,0.046898,0.9477,0.055614
-0.68405,1.1126,0.16026,0.85333,-1.0303,-0.067423,-3.0316,-0.042322
-0.51815,2.4732,-2.3241,0.7205,2.4351,-0.25282,-4.173,-0.072331
-0.71962,1.5664,3.6447,-1.0801,1.8374,-0.0048462,-0.9761,-0.12106
-0.67188,-0.77084,-1.6735,0.18285,-5.8241,0.10476,-0.99064,-0.1791
4.4022,-1.1246,-3.0728,1.3722,5.4121,-0.29243,-1.2938,-0.097253
4.3819,1.8543,-3.0772,-1.4336,-0.51117,0.034852,-0.6238,-0.06851
-0.7569,-3.6824,-1.0769,0.1594,-3.3609,-0.013734,0.92419,0.007741
-0.71369,-1.8934,-1.9603,-0.7185,-0.074167,0.078145,3.1585,0.064959
-0.70987,-0.39683,-2.0615,0.42144,0.83887,0.061389,1.4353,0.17119
-0.4395,0.53604,0.18131,-0.95348,6.8434,0.15795,2.1965,0.49827
-0.66483,2.9296,-0.31122,0.68473,1.1582,0.068653,4.8089,0.27419
-0.71111,-3.9589,-2.0335,-0.62251,-7.1766,0.12588,0.91366,0.13761
-0.70478,0.22398,2.4874,0.24545,5.2213,0.074763,0.40522,-0.0040385
-0.77805,2.917,2.1036,0.25456,4.4806,0.021125,0.25198,-0.058312
-0.66372,0.52098,-0.46819,0.11775,-1.2404,0.050774,-0.34905,-0.14048
-0.67839,0.71849,2.7403,-0.39356,-5.7029,-0.014607,0.4994,-0.17596
-0.67171,-1.5207,-0.48674,-1.9039,4.3233,-0.10348,-1.4975,-0.13865
-0.49723,2.372,-0.99757,-0.5407,8.9144,0.1144,-2.6534,-0.10614
4.4295,-1.6921,0.63594,-0.78664,-8.9122,0.0046774,-2.6029,-0.036627
4.4193,-5.5467,1.511,-1.7392,0.35216,-0.14886,0.71327,0.26786
-0.74618,0.76973,-3.2567,-0.20996,7.4485,-0.014408,-0.19422,0.17436
-0.84973,2.0432,-2.8705,0.47009,-4.0697,0.069468,0.74649,0.16774
-0.76679,-3.2767,-1.1529,1.1114,-0.81442,0.0065513,-0.34014,0.18675
-0.68662,-0.94861,0.62153,0.8384,-5.5455,0.076425,0.43467,0.24017
-0.70221,-2.3487,0.62915,0.6982,6.6088,0.06617,-1.6003,0.092193
-0.69572,4.7959,0.44664,0.054532,3.9365,0.0067502,0.85228,-0.022706
-0.53941,2.195,0.37631,1.4265,-4.8124,0.083343,2.7099,-0.095379
-0.68469,-1.662,-0.072217,0.13508,1.0748,-0.0074068,-3.6712,-0.18105
-0.69332,0.64356,4.8113,0.82742,3.3606,-0.036748,-0.0095038,-0.16744
-0.69578,0.40261,-0.80116,-0.53569,-0.30844,-0.041869,3.4987,-0.1002
-0.93778,-0.047301,0.65251,2.0781,-5.5824,0.019977,-1.1065,-0.12064
-0.70139,-0.047345,0.9766,-1.2661,-1.1739,0.015234,-2.9732,-0.079194
-0.65889,0.037733,-1.1308,0.72906,7.4259,-0.46946,-2.6446,0.13135
4.4172,1.3638,-0.76386,-1.7965,-8.7194,0.093175,-2.0465,0.0010968
4.3969,-3.561,-1.0375,-0.44751,-3.3468,0.015164,-1.1828,0.2472
-0.62056,1.1602,0.8527,0.23379,4.093,-0.15878,-1.2025,0.22878
-0.73479,1.5532,-0.97617,2.2552,0.48567,0.047925,1.8491,0.14116
-0.73017,-0.75906,-0.43503,0.45081,0.22632,0.059881,1.6136,0.019594
-0.8069,1.1498,1.3869,1.1263,-3.9579,0.07973,3.7533,-0.048163
-0.77942,-6.5782,1.7334,1.1982,-0.32731,0.11154,1.2684,-0.16832
-0.70028,2.6366,0.28658,0.51613,5.3026,0.013983,3.6911,-0.18317
-0.69686,2.358,0.071425,1.3,-1.3858,0.051538,0.72325,-0.12539
-0.51743,-2.0651,0.47448,0.34283,-4.9576,0.0016226,-1.9607,-0.11709
-0.46782,0.099494,-2.4945,-0.34653,-0.37492,-0.12559,1.3708,-0.051497
-0.64911,0.32157,0.54646,-0.97124,1.8853,-0.29181,-5.0304,0.061455
-0.69049,-0.14405,1.685,-0.74737,-0.45472,0.065836,-0.37116,0.064765
-0.65922,1.0559,-1.9329,0.058842,-7.2993,-0.027076,-2.7647,0.11076
-0.93931,1.5392,-2.3203,0.73838,3.8938,-0.75534,-2.5418,0.21391
4.4073,3.8781,0.4757,-1.4266,-6.2624,0.032966,0.44863,0.20439
4.4227,0.67029,1.7332,-0.099656,-8.302,-0.058272,-1.5677,0.065032
-0.71848,-1.6747,-2.5052,-0.44373,-0.65817,-0.052676,1.2497,-0.029934
-0.61885,1.8429,-1.2014,0.75246,-0.42455,0.084428,0.63299,-0.072428
-0.65489,-0.40961,0.1712,-0.55887,3.696,0.10272,3.9659,-0.12699
-0.71139,1.7425,0.89089,0.18657,-0.16393,0.10105,3.8512,-0.18626
-0.71006,-5.7619,0.81792,-0.17712,-9.2849,0.088997,0.90504,-0.12371
-0.8826,0.69344,-0.012415,0.42984,5.1483,0.024398,-1.4168,-0.09791
-0.75422,2.1867,-0.39965,0.46101,1.5154,0.0604,0.94107,-0.046143
-0.68407,-1.7812,-0.73117,-0.40023,-5.3955,-0.011046,-1.3877,0.097402
-0.67399,0.79524,2.034,-0.85214,-5.1362,-0.074733,-0.41357,0.099641
-0.54327,2.4965,-1.5129,-0.72944,2.8254,-0.16156,-1.1233,0.038674
-0.60121,1.3842,-0.30972,0.66834,6.6647,-0.053735,-2.2057,0.10719
-0.69572,1.1542,1.8478,-1.245,-9.9842,0.042438,-2.7972,0.13038
4.409,-0.19345,-0.48156,-0.12244,3.0457,-0.17812,-1.2002,0.040451
4.371,2.7916,-3.358,-0.064053,5.2159,-0.072538,1.851,-0.035337
-0.78827,-0.5412,-0.66467,-0.84255,-7.4088,-0.00057857,-0.48274,-0.11765
-0.64717,-3.3644,1.9598,-1.4612,-2.6126,0.023526,2.4245,-0.1645
-0.71137,-0.77449,0.79717,-0.058202,-0.55156,0.08342,0.76777,-0.13977
-0.57358,-0.7167,0.68135,1.2837,5.2596,0.009022,0.9214,-0.099857
-0.58268,3.0859,1.1727,0.32763,2.2799,0.034872,2.4815,-0.032441
-0.6519,-0.244,0.46355,1.2252,-9.2653,0.091532,2.4285,-0.063204
-0.70612,-2.5159,1.4177,-0.70305,3.6197,0.015664,-1.0087,0.069559
-0.81137,2.9369,2.9041,0.40558,3.9178,0.042932,0.13754,0.064813
-0.86913,-0.47224,1.3154,-1.0131,-0.080224,0.06264,1.6017,0.27867
-0.64088,2.462,-1.6207,-0.23193,-4.928,0.043567,-3.948,0.17068
-0.67342,1.8645,1.8898,-1.2643,0.050819,-0.060653,-3.1704,0.039575
-0.67697,1.9822,-1.0389,-1.1415,6.9522,-0.65232,-4.0299,-0.011924
-0.50934,1.5591,-0.8199,-0.5259,-11.118,0.029154,-1.1237,-0.050938
4.3874,-6.8396,0.36806,0.24653,-3.0714,-0.072352,-2.641,-0.13466
4.3569,1.6605,-0.71307,0.37986,5.1103,-0.5839,-1.7778,-0.19307
-0.7338,-0.29134,-2.6355,2.1258,-3.0147,0.09354,-2.6511,-0.13062
-0.80717,-3.4186,0.11437,0.31744,-2.9298,0.059143,1.7028,-0.11821
-0.84434,-3.68,1.0821,0.31054,-6.3025,0.062659,3.5908,0.18653
-0.70058,-6.6041,-0.32536,1.6765,2.0123,0.052456,-0.11006,0.20953
-0.70197,0.35319,-1.1289,-0.053796,4.471,0.077497,1.9964,0.07265
-0.3882,2.8398,1.3279,1.0649,-3.9475,0.07072,0.80995,0.20843
-0.62726,-6.2951,-2.1442,1.5613,-2.0229,0.022422,-1.5523,0.094262
-0.69309,2.9232,-2.2064,-1.0644,2.9648,-0.088678,-1.2469,0.18103
-0.69398,0.058778,-0.52056,-0.29997,1.3251,-0.16551,-2.1017,0.073405
-0.67851,2.5659,3.821,0.32133,-2.2174,0.0031885,-1.5399,-0.020248
-0.75404,0.46004,-0.52492,-0.6513,-5.4391,-0.00048873,-3.0551,-0.10412
-0.72906,0.89056,-3.4056,1.0004,5.0266,-0.30862,-4.3263,-0.14897
4.4105,1.7421,0.16448,-2.8634,-6.8714,0.1138,1.1181,-0.12215
4.3912,-4.0588,-0.73687,-1.17,-6.5217,0.072196,-3.0573,-0.17285
-0.57872,-3.2176,-1.7395,1.1857,0.77962,-0.15828,0.66793,-0.12424
-0.66471,1.8405,-1.9384,-0.66366,2.7919,0.060574,-0.023272,0.046122
-0.72331,-1.3693,-1.4012,-1.6023,0.79158,0.05087,-0.84975,0.099446
-0.71165,1.8897,-0.98864,-1.3584,-0.86661,0.083388,2.7673,0.085647
-0.76457,-5.9051,-0.8577,-0.90306,-6.5088,0.061132,1.9393,0.32593
-0.7119,3.2555,0.64379,-0.22671,6.7141,0.012674,1.0354,0.20128
-0.69237,4.2967,1.0531,1.9087,0.42124,0.07115,2.089,0.14055
-0.68154,-2.7519,2.4187,0.1098,-7.2308,0.10005,0.29892,-0.00099627
-0.50018,2.1435,1.942,-0.10169,-1.0817,-0.1043,-0.44069,-0.064835
-0.63659,1.9392,1.2745,0.49279,2.2925,-0.39579,-1.1499,-0.13235
-0.6749,0.87923,0.69458,-0.048863,1.9374,-0.017155,-1.3876,-0.1248
-0.67402,-1.1215,3.4164,-1.2941,-10.27,0.058167,-4.6668,-0.11251
-0.88794,-0.33228,-1.191,-0.7727,2.3001,-0.21968,-0.54929,-0.10823
4.4107,1.4164,-1.0154,-1.4053,4.5153,-0.049595,3.2431,-0.068704
4.3931,-0.59597,-0.032921,-1.8905,-8.9226,0.067915,-1.3643,0.057585
-0.72109,-2.6972,-1.0265,-1.7178,-2.4571,-0.033994,0.52542,0.13318
-0.55345,2.7895,-2.7453,-0.54461,1.5242,-0.012111,2.434,0.10599
-0.62883,0.022828,0.54577,1.8943,1.1623,0.053251,1.4252,0.22235
-0.64399,3.5486,0.92722,0.83744,0.29974,0.020355,1.0076,0.30549
-0.71,0.14347,1.8757,2.2235,-9.8252,0.1184,0.11733,0.18872
-0.9166,-4.548,3.347,0.95095,5.6781,0.0044335,0.16174,-0.025237
-0.84459,4.2032,4.6989,1.1284,2.2438,-0.042356,0.74775,-0.071893
-0.72218,-0.99317,1.6355,0.51842,-2.7049,0.06712,4.5451,-0.1864
-0.68404,-0.055399,-0.59121,0.27662,-6.2698,0.026882,-2.4442,-0.16328
-0.68412,0.6124,5.0821,-0.034071,0.1904,-0.064959,-3.0999,-0.093553
-0.52944,-0.64852,-0.54058,-1.5945,3.9448,-0.31595,-1.8276,-0.10947
-0.63205,0.76386,-2.0695,0.26008,-8.9363,0.11736,-1.9835,-0.063009
4.593,-3.0484,0.81063,-0.31124,-3.7536,0.019008,-1.3799,0.010759
4.4152,1.4045,-0.025771,0.83486,5.8759,-0.65663,-5.2865,0.14128
-0.78692,3.7474,-2.1458,0.86133,-7.2991,0.037086,-2.9612,0.27731
-0.74274,-3.9984,-1.582,-0.36263,-3.2128,0.035154,2.3273,0.31311
-0.71652,-0.23569,-0.101,-0.29757,-3.6763,0.026157,0.83066,0.072066
-0.70926,-2.0617,-0.064334,1.0114,1.5874,0.011371,-1.9359,0.02047
-0.43636,1.0229,-2.0412,-0.11364,3.7352,0.030636,1.1486,-0.07328
-0.63769,3.7207,1.6635,0.8821,-5.201,0.1361,2.0821,-0.14352
-0.69196,-8.9269,-0.897,0.63506,-0.047258,0.061081,-1.3749,-0.20595
-0.69436,2.824,0.76019,-0.17976,3.4852,-0.057412,-0.3062,-0.171
-0.75713,-0.7157,0.68822,-0.81152,0.54329,0.026381,-2.4482,-0.1129
-0.73236,0.28085,2.7802,-0.27232,-4.8885,0.0078091,-1.703,-0.035702
-0.67462,1.2781,-1.204,-0.50874,-3.4166,-0.0018107,-1.3029,-0.069167
-0.66996,0.29897,-2.4817,0.50634,3.9538,-0.34746,-5.0197,0.0020216
-0.5856,2.036,2.0476,-1.7437,-2.9009,0.0081941,-2.6476,0.16255
4.424,-3.8798,-1.9728,-1.8125,-8.205,0.010312,-2.963,0.076252
4.3904,-1.8347,-0.49514,1.1232,2.6582,-0.31496,1.8122,0.21839
-0.72771,4.6501,-0.92749,-1.4798,0.22029,0.063904,-0.34616,0.1075
-0.72035,-0.60373,-1.614,-1.2833,-2.1259,0.06513,1.3364,-0.013774
-0.8569,-0.1359,-0.32333,-0.92883,-2.9841,0.019271,2.5977,-0.09937
-0.66817,-3.2665,0.01612,0.26433,-3.8674,0.096903,0.87417,-0.17302
-0.70017,0.68312,2.0245,-1.2389,5.9544,0.099554,1.5961,-0.21208
-0.69806,3.8417,1.7296,2.5412,-1.7798,0.10228,2.5367,-0.09864
-0.44047,-4.8704,-0.80355,-1.0695,-8.5804,0.087476,-0.20147,-0.15082
-0.64027,0.49032,1.0232,0.50866,2.3358,0.00064717,-0.40452,-0.044658
-0.68842,-0.8417,-0.99238,0.83582,3.0168,-0.15615,0.011393,0.091366
-0.68082,0.94879,0.70129,-0.80035,-2.8877,0.060587,-1.7817,0.080949
-0.80252,-0.22346,1.4149,-0.72236,-9.2306,-0.037145,-3.4184,0.058559
-0.7334,1.9196,-2.1707,0.053877,2.6398,-0.13433,-0.35134,0.15472
-0.65649,3.1397,0.38604,-1.6612,6.7897,-0.042613,1.9047,0.14262
4.3965,-1.0055,-1.6034,-2.4788,-8.5659,0.097333,-0.91171,0.051647
4.3769,-3.6142,-1.597,-0.019581,-0.87102,-0.063759,-0.70117,-0.015088
-0.72272,2.4385,-3.8642,0.31342,5.5349,0.02178,0.51533,-0.112
-0.70943,1.9651,1.243,-0.060444,-0.63168,0.12979,1.9383,-0.11684
-0.70963,0.65214,1.532,-0.042453,0.78629,0.091962,4.3655,-0.24605
-0.91112,-3.4163,0.14532,0.37575,-9.0503,0.11974,0.08886,-0.16881
-0.80169,-2.61,2.8809,0.89157,6.9294,0.036765,1.6794,-0.074424
-0.70651,3.0086,2.0541,0.15671,3.1959,0.035796,1.0471,0.033588
-0.68939,-3.4126,-0.85165,0.39376,-5.783,0.059284,3.1106,0.049115
-0.57249,0.13425,2.041,0.26398,-2.8596,0.057108,-2.9042,0.17314
-0.51105,0.14768,3.0974,0.28275,3.2452,-0.086477,-1.2649,0.20113
-0.64483,2.7759,-2.0544,-0.76189,2.3368,-0.00022561,0.55524,0.08718
-0.67474,1.8095,-1.2515,0.014858,-9.0628,0.04496,-3.8045,0.091585
-0.6636,0.09512,2.0038,-0.53138,-0.14063,0.00521,-3.4276,-0.027841
4.4047,2.5739,-0.052122,0.35288,8.5898,-0.53536,-6.8225,-0.043076
4.379,3.8125,0.6754,1.5982,-8.8577,0.040532,-2.1899,-0.12573
-0.72037,-5.5767,2.0393,-0.3296,-4.6177,0.028396,-0.94639,-0.15781
-0.70611,1.9134,0.33336,-0.040481,1.6276,-0.10934,0.62292,-0.12332
-0.5267,0.12226,0.94522,1.7634,-0.45701,0.13336,0.12213,-0.10251
-0.63335,0.088255,-2.2326,1.3768,1.5395,0.017788,0.77181,0.029791
-0.70224,-0.67354,-0.15344,1.0168,-6.3509,0.077458,2.8155,0.16728
-0.69387,-8.8245,0.16098,0.13937,3.3297,0.066927,-1.647,0.077639
-0.92254,4.1104,0.70577,0.84502,4.4351,-0.044262,1.4021,0.16662
-0.72498,0.51328,-2.0262,0.9158,-2.1123,0.11188,-0.17216,0.29544
-0.67578,1.1654,-0.65262,0.67459,-5.7087,0.024726,-4.541,0.19025
-0.66866,2.6868,-1.1445,0.01157,-1.0452,-0.068803,1.1776,0.045513
-0.41503,2.7531,1.1487,-1.12,2.3859,-0.54877,-3.9332,-0.023338
-0.56918,1.9595,0.62525,-1.4085,-6.249,0.070598,-0.50276,-0.083064
-0.68772,0.14255,-1.6786,0.35986,-4.8175,0.080115,-1.7856,-0.16537
4.4007,1.7185,-1.3398,-0.57273,5.558,-0.58034,-3.7607,-0.16623
4.3759,4.0385,-0.50503,-0.55591,-7.1581,0.092533,0.092957,-0.13872
-0.82729,-2.3246,0.42935,0.31127,-4.0079,0.030797,-1.0682,-0.091217
-0.65156,-3.4834,-0.99388,-0.5743,-3.1097,0.03165,0.98549,0.010297
-0.70221,-4.186,0.33076,1.0792,-0.47422,0.064854,0.77285,0.31598
-0.70859,-0.19409,-1.2625,-1.2553,5.3366,0.1098,2.5762,0.30357
-0.47743,1.8047,-1.2887,2.0214,-2.9293,0.10327,2.6612,0.23669
-0.69705,-5.3574,-0.48418,-0.19058,-6.1933,0.063147,0.53986,0.20802
-0.69148,3.5204,1.1544,-0.19293,4.114,0.013809,0.73146,0.064205
-0.68865,2.6994,1.2623,1.061,3.0414,0.081636,2.07,-0.00046083
-0.85465,0.67397,2.2014,-1.5133,-3.3823,0.082034,-4.4526,-0.053006
-0.70668,1.0203,3.7812,-0.48823,-5.5278,0.0021489,-3.1913,-0.13661
-0.66815,1.4017,-1.797,0.40008,3.1912,-0.17374,-1.6576,-0.17044
-0.67416,1.4113,2.2288,-1.6065,4.6817,0.084781,1.5052,-0.12879
4.4371,-2.1342,1.125,-1.8111,-8.3932,0.041623,-2.0932,-0.097447
4.4144,-5.6099,-3.2235,-0.83817,3.4198,-0.19992,0.54338,0.027552
-0.71549,0.45037,-5.4905,-1.601,4.1097,0.06839,2.5312,0.031836
-0.72017,-0.071055,-3.7124,-1.9509,-3.0899,0.091936,-1.2701,0.076033
-0.81993,-0.91559,0.44865,-1.0873,-0.85276,0.069995,4.382,0.16786
-0.83675,-1.0203,-1.608,0.61357,-6.7877,0.11897,1.2318,0.29099
-0.69715,-0.06586,1.9709,1.2092,7.8025,0.099072,1.1107,0.25579
-0.69689,4.61,2.1789,1.2497,3.5269,0.13808,2.373,0.085695
-0.54647,-1.9013,-0.30168,-0.013242,-6.1391,0.15393,1.2254,0.011197
-0.61839,0.81566,1.1798,-0.14973,0.74938,0.072882,1.3411,-0.086763
-0.75886,1.5439,4.3916,1.3234,3.4664,0.0091632,-0.72702,-0.1598
-0.68041,-0.1596,-0.6865,-0.052595,1.1373,0.026452,2.2312,-0.17942
-0.9496,1.0248,-1.0122,-0.49319,-7.5854,0.043356,-4.5228,-0.15781
-0.8375,0.96726,1.2521,-1.8,0.50847,0.0040356,-1.5396,-0.1229
-0.68534,0.25742,-1.1113,-0.95795,9.257,-0.24174,-4.9711,0.041619
4.4154,-0.42768,-3.1065,0.37489,-9.4458,0.039223,-1.785,0.066298
4.3844,-4.8009,0.29732,-1.1232,-0.8038,-0.0071437,-2.3692,0.033296
-0.54935,0.81858,-0.81978,-0.32705,6.0301,-0.1466,-1.2441,0.21841
-0.73735,2.1808,-0.55016,1.3742,-0.52799,0.08118,-0.50466,0.17331
-0.73027,0.65329,-3.3318,1.6772,-0.14926,0.057551,4.6434,0.14924
-0.72199,0.95087,0.89862,0.58683,-4.3601,0.1357,4.8299,0.018644
-0.83432,-6.607,2.9865,0.73547,3.3654,0.11824,-2.6015,-0.083161
-0.7048,3.9386,1.623,-0.19856,6.337,0.056685,2.2411,-0.13853
-0.69774,1.8704,-0.3924,1.6541,-2.0453,0.11874,3.4964,-0.12833
-0.69718,-3.6067,0.26575,0.92915,-3.1769,0.0076037,-3.1814,-0.12531
-0.30962,2.0009,2.4148,0.6722,2.0169,-0.05419,1.7823,-0.14303
-0.63143,-0.36281,1.2631,-0.80795,2.0115,-0.1264,-2.1155,-0.079316
-0.69727,0.94835,0.26477,-0.41049,-3.9112,0.028011,-2.2886,0.0082278
-0.68588,-0.7252,-1.6252,-0.18167,-3.5319,0.023673,-1.4041,0.10181
4.4548,0.63576,-1.4663,-0.88175,5.9854,-0.53164,-4.8881,0.19393
4.4005,2.206,-1.5865,-0.38059,-7.1409,0.083651,-0.06897,0.25801
-0.62033,-1.0351,0.10885,0.38815,-5.2783,0.069391,-3.1637,0.22671
-0.73288,-1.7039,0.80126,-0.30054,0.68254,-0.030497,0.75115,0.093191
-0.38606,2.8766,0.80522,0.15224,0.024371,0.10819,1.0381,-0.012703
-0.60113,1.2862,-0.26642,0.0049606,5.6561,0.13359,4.8936,-0.07586
-0.80103,2.3246,-1.2252,0.79839,0.91629,0.10287,3.1099,-0.19258
-0.71719,-7.8924,0.54321,-0.41253,-6.813,0.10528,0.22869,-0.1956
-0.85114,2.7591,-0.81337,0.3657,7.2227,0.039184,1.2674,-0.15218
-0.86869,2.497,0.092823,2.0194,1.3561,0.040975,0.067109,-0.11921
-0.755,-3.0232,1.7434,-0.32925,-4.5147,0.082316,-1.8198,0.0034332
-0.69472,0.11148,-0.10281,0.46883,-2.5747,-0.022449,-3.2375,0.096915
-0.6901,2.6967,-1.853,1.4587,3.6113,-0.17742,-1.6283,-0.049575
-0.50628,1.3411,1.4214,-1.2488,5.6241,0.031284,-0.50915,0.059994
-0.66383,-0.28163,1.6988,-1.7057,-7.8047,0.10546,-5.3076,0.21505
4.4045,1.9353,-2.2412,-0.76294,4.8103,-0.14274,0.21158,0.05941
4.366,3.3258,-1.5072,-1.2386,5.5426,0.01612,5.1192,0.03607
-0.90049,2.0759,0.92402,-0.69846,-5.3588,0.047508,1.3777,-0.02677
-0.80426,-1.4445,3.0487,-1.8378,-0.71778,-0.0068677,1.3903,-0.10643
-0.72505,-0.057955,0.73565,-0.096219,-0.98242,0.10893,2.347,-0.17263
-0.71624,-2.1699,2.1182,1.7514,7.2062,0.052533,2.7066,-0.13381
-0.57608,2.6602,1.4353,0.55982,3.1956,0.084261,2.4433,-0.089854
-0.62534,-2.66,-0.48711,0.96602,-7.482,0.13825,0.13778,-0.10334
-0.71325,-1.7588,1.4013,1.0644,5.9536,0.075385,0.19881,-0.0062532
-0.71293,1.085,2.4544,-0.38008,5.351,0.055799,0.68029,0.19273
-0.90368,-0.81883,1.3309,-0.21415,0.70554,0.031804,2.664,0.15024
-0.75642,0.98536,-2.3875,-1.1351,-4.0011,0.047328,-3.0206,0.20001
-0.65066,1.6442,4.25,-1.3896,2.1049,-0.004121,-1.8508,0.075838
-0.67547,0.90984,-0.45573,0.062227,9.1891,-0.18998,-0.86941,0.090295
-0.70928,2.0358,-0.85985,0.064649,-8.1437,0.036341,-3.8293,0.0098584
4.3804,-5.5813,1.1321,-0.79429,-0.056788,-0.0027541,-3.0382,-0.073061
4.3525,0.82527,-1.6989,1.0087,8.2248,-0.26452,-1.3675,-0.16404
-0.73593,2.7075,-1.0651,2.302,-2.5977,0.13256,-1.3657,-0.17506
-0.73557,-2.7976,-1.2168,-0.12034,-0.77795,0.092154,3.3775,-0.077417
-0.79825,-1.4253,1.5192,-0.20993,-3.6526,0.10365,3.7976,-0.089002
-0.72634,-3.9206,0.3002,1.903,6.0897,0.057545,-0.7163,-0.0080786
-0.70408,1.2827,-0.39397,0.70773,5.6496,0.06744,1.7703,0.098473
-0.70499,2.167,1.2052,1.2204,-3.7216,0.075937,2.5,0.043347
-0.45112,-4.8158,-2.0127,0.57858,-0.249,0.11846,0.06183,0.13627
-0.56416,3.1564,1.8678,0.40791,4.6558,-0.10135,-0.99958,0.21588
-0.70346,-0.33145,0.040712,-1.4442,3.1565,-0.062815,-2.5559,0.1408
-0.69772,2.7978,1.7298,0.36823,-2.5319,0.076528,-0.15318,0.022344
-0.85835,1.8562,-0.76163,0.51436,-1.9179,0.027382,-1.045,-0.028522
-0.74327,0.67397,-0.86509,-1.4165,7.0573,-0.41865,-3.0381,-0.10786
4.391,2.7099,-0.57126,-1.6691,-6.9519,0.077375,0.86828,-0.11407
4.3664,-6.9145,-2.5587,-0.46533,-5.4138,0.094182,0.89135,-0.14357
-0.53407,-1.5643,0.69511,0.11676,2.4586,-0.027494,3.4172,-0.12432
-0.61066,3.2943,-0.37575,-1.4453,2.7834,0.12369,0.14143,-0.10862
-0.76554,0.88194,-1.0997,-0.49672,2.2638,0.081816,1.3615,0.064619
-0.73477,0.09661,-2.2186,-0.91655,0.095788,0.13707,4.226,0.19741
-0.89317,-7.5396,3.3245,0.074039,-3.3321,0.10639,0.92262,0.24022
-0.86669,3.9056,-0.89483,-0.38813,8.2232,0.11021,0.43086,0.18991
-0.7585,3.9234,1.5383,1.4829,1.5006,0.078864,2.5384,0.15983
-0.70366,-2.6203,0.5368,-0.79139,-6.0489,0.10297,-1.3483,0.073453
-0.69233,2.2507,2.5056,1.5309,1.7358,-0.047709,-1.1652,-0.018933
-0.56054,0.79507,-1.7741,0.75618,4.3946,-0.23925,-2.5131,-0.064835
-0.72923,2.0386,-0.013687,-0.54074,3.5772,0.065958,-1.0534,-0.089343
-0.69102,-1.6183,3.2513,-2.0272,-8.8061,-0.00032188,-7.5331,-0.14676
-0.69248,1.1394,-1.0821,-0.46666,5.3924,-0.14666,1.8504,-0.13023
4.3903,2.5096,-0.81206,-1.584,5.6516,0.069462,4.3981,-0.13167
4.3724,0.0049489,0.20318,-2.7508,-6.1797,0.019791,-1.4989,-0.031613
-0.73422,-3.9285,1.2947,-0.59964,-0.91632,-0.021756,1.6391,0.086206
-0.72918,2.0573,-2.4395,-0.23517,3.7507,0.10572,3.1092,0.031057
-0.51747,0.17494,0.86509,0.74494,3.7355,0.060015,3.8131,0.40613
-0.70001,3.523,2.0912,-0.44493,1.3595,0.062505,3.3493,0.51514
-0.73173,-5.1157,-2.3449,2.1735,-7.9099,0.1467,0.026035,0.27728
-0.72667,-1.3065,3.6115,0.57801,8.5497,0.1797,0.12434,0.071774
-0.95312,3.932,1.8828,0.14836,4.8349,0.035847,0.94398,-0.013092
-0.71963,-1.8924,1.6329,-0.35396,-3.0423,0.080718,-1.7588,-0.11955
-0.69943,1.7671,0.48328,-0.64951,-1.7964,0.053271,-2.4122,-0.16876
-0.68804,-0.77192,3.8918,-0.57073,4.2241,-0.095243,-1.5587,-0.15802
-0.46917,1.4528,-0.22937,-0.6317,6.6728,-0.064895,-1.1842,-0.11648
-0.47877,0.4618,-1.7599,-0.37883,-7.681,0.066471,-0.30944,-0.12152
4.4217,-2.9903,2.0669,-1.7728,1.6946,0.034455,-1.8566,0.016551
4.4029,0.52875,-2.2288,0.91557,8.8778,-0.10959,-1.0697,0.217
-0.95161,3.6259,-2.4049,1.0786,-6.4541,0.096582,-0.67277,0.1831
-0.94035,-6.3759,-0.20065,-0.24807,-0.18319,0.083227,-0.97351,0.20456
-0.68369,-0.20312,0.053476,0.28881,-1.4579,0.062396,2.211,0.11315
-0.72235,-2.0672,0.91541,2.3565,6.3496,0.053181,-1.9597,0.13342
-0.72355,2.5279,-0.47757,1.3457,4.3814,0.081148,1.5755,-0.0089061
-0.55358,1.5504,1.1242,0.72705,-5.5053,0.064424,3.3606,-0.04753
-0.65866,-6.0568,-1.6044,1.085,5.5984,0.11064,-0.11453,-0.13921
-0.71417,3.633,3.0171,-0.4502,5.9656,-0.0047179,-0.023568,-0.18988
-0.7155,-1.3767,-0.33029,0.10907,1.2946,0.060279,-0.49198,-0.14267
-0.74607,0.44922,0.08189,0.88178,-3.2252,0.091275,-1.2264,-0.11095
-0.73099,0.27067,-0.63569,1.3313,-0.28018,0.047944,-0.78336,-0.11492
-0.68337,0.63235,0.17833,-1.3307,5.887,-0.30649,-2.0146,-0.03687
-0.68038,1.5228,-1.0539,-1.6228,-5.4327,0.1146,0.75239,0.12936
4.4158,-3.7009,-3.2294,0.18406,-3.9936,0.026625,-1.8126,0.063231
4.3845,1.9214,-0.57494,-0.88505,5.4523,-0.20449,1.389,0.21907
-0.74931,5.0798,-1.1795,-0.082667,-0.89859,0.040288,0.56934,0.17153
-0.74277,-2.217,-3.5319,1.1667,0.86549,0.033145,1.1221,0.066566
-0.81567,-2.4001,-2.264,0.46702,-1.9154,0.060336,3.4604,-0.0016534
-0.76243,-0.54916,1.5192,-0.18532,1.2818,0.12041,1.6336,-0.1122
-0.76192,2.2822,0.24555,-0.85241,7.6601,0.11756,4.6664,-0.17866
-0.71024,0.33022,0.69077,1.7955,-0.92637,0.11186,0.83134,-0.13084
-0.7214,-6.5628,0.70641,-1.1981,-5.3686,0.068814,-0.18285,-0.12135
-0.43896,1.5535,0.33456,-0.38844,5.7171,0.056749,-0.44933,-0.077296
-0.69661,-2.4284,1.1896,1.4192,4.4155,-0.017283,0.20912,0.04875
-0.70094,0.82468,1.189,-1.1878,1.3404,0.077862,-2.0485,0.10193
-0.67803,0.55463,2.3045,-1.5403,-5.0518,0.024405,-7.1907,-0.040691
-0.86097,0.71821,-2.8576,0.23933,5.5489,-0.15903,1.7878,0.19414
-0.66943,3.355,0.2502,-2.8067,4.1276,0.00082044,4.235,0.20627
4.3945,-3.3977,-0.54781,-2.424,-6.06,0.049895,-0.17198,0.14778
4.1527,-1.9743,0.1339,-0.38142,2.8128,-0.0069126,1.1285,-0.016524
-0.54903,2.6059,-1.7261,-0.71042,7.3486,0.10389,2.8465,-0.049964
-0.70759,0.81025,-2.6597,0.25317,1.9305,0.04109,3.7944,-0.092945
-0.72312,-0.040204,1.1991,-0.6026,1.8033,0.027344,5.0253,-0.1634
-0.72587,-3.6427,0.25282,0.12642,-7.0904,0.11076,2.4269,-0.15262
-0.8963,-0.70945,1.7534,0.99296,9.1715,0.29474,2.2704,-0.1608
-0.71855,2.8741,1.4249,0.086184,5.8293,0.1054,3.4158,-0.047311
-0.68506,-4.8557,0.49961,-0.19886,-4.153,0.104,-0.66749,0.012633
-0.69143,0.64303,1.1595,-0.032864,0.76726,0.056158,-3.3188,0.16214
-0.42921,0.20971,0.60085,0.58244,5.7138,-0.088601,-0.95807,0.19965
-0.52283,3.0602,-2.8155,-0.3736,3.2794,0.032709,1.553,0.059508
-0.69636,0.7343,0.0038505,-1.3259,-6.4159,0.058077,-3.9013,0.083408
-0.68966,-0.25627,-0.12789,-1.7503,4.2537,0.06334,0.044562,0.10845
4.396,3.9232,-1.1072,0.11296,9.8771,0.17069,-2.9298,0.0017296
4.3609,2.1091,0.71215,-0.65873,-6.7036,0.064707,0.72628,-0.084427
-0.77694,-4.3145,3.0013,-1.9098,-1.7443,-0.0088571,2.4465,-0.17618
-0.72844,0.72611,-0.85304,0.091862,4.2516,0.037317,5.4324,-0.15576
-0.7248,-0.57755,-1.0225,1.7236,3.0243,0.059611,0.69466,-0.1012
-0.44628,-1.2762,-1.2934,1.5783,3.1223,0.065637,1.6829,-0.062863
-0.67108,-2.8321,-0.2435,-0.21157,-5.3305,0.075559,3.7923,0.079489
-0.72067,-7.1372,0.3145,1.0312,6.0461,0.023795,2.4285,0.027503
-0.71308,5.0437,1.2194,0.5701,7.2724,0.10504,1.2207,0.0095907
-0.88734,-0.48051,-1.5564,0.0014601,-0.11783,0.057525,1.9134,0.29357
-0.72768,1.4831,-0.5412,1.0254,-3.2022,-0.029586,-3.6485,0.20444
-0.68885,2.3197,-1.7845,-1.3309,1.8686,-0.0852,0.37167,0.13206
-0.68245,2.6965,1.6278,-1.0815,4.7228,-0.23756,-3.8476,-0.022389
-0.42893,2.6123,-0.14307,-1.2841,-4.5182,0.055125,0.66104,-0.028644
-0.60993,-0.35305,-1.5207,0.40571,-2.7386,0.062223,-1.1869,-0.10842
4.3771,1.141,-1.4458,-0.21262,7.1392,-0.41241,-4.1131,-0.19516
4.3565,3.5283,-0.83062,-1.209,-4.4165,0.049773,1.1934,-0.20405
-0.8016,-1.4549,0.56356,-0.36638,-1.8567,0.084909,0.46549,-0.12692
-0.77351,-1.4431,-0.0092417,-0.47802,-0.22852,0.029417,3.7848,-0.097301
-0.7027,-2.1754,1.506,0.011229,2.2823,0.060798,1.8014,0.30576
-0.71281,0.032891,-0.50307,-0.93102,7.2377,0.11824,3.404,0.20738
-0.55077,2.1741,0.19159,1.1757,-0.97752,0.1067,2.7773,0.19592
-0.56851,-6.9697,1.0923,-0.8088,-5.1386,0.11333,2.0449,0.22106
-0.69454,3.3712,0.92908,-0.7135,5.7312,0.037034,0.64122,0.097743
-0.70824,1.1243,-0.081043,1.4258,4.7218,0.051268,1.2648,0.10127
-0.58663,0.83951,2.8893,-0.22123,-2.8728,0.035468,-2.2035,-0.0025539
-0.81289,1.2461,3.0217,-1.4126,-3.8698,-0.00055932,-0.71056,-0.080411
-0.66588,2.4771,-0.43911,-0.064959,3.6928,-0.2205,-0.03268,-0.1672
-0.67517,1.736,3.5089,-2.0322,5.421,0.046558,3.0457,-0.15435
4.3993,-0.96647,1.8335,-2.058,-7.3366,0.095183,-0.10546,-0.068631
4.388,-2.6422,-0.23385,-0.12107,4.1732,-0.16949,2.4324,-0.18314
-0.67027,1.1686,-4.4115,-1.4411,5.9571,0.011018,4.7007,-0.050061
-0.74041,-1.0704,-3.2011,-0.013216,-1.6114,0.03973,0.25194,0.10022
-0.73133,-1.162,-0.27211,-2.5307,-0.15717,-0.021737,2.9894,0.085282
-0.94877,-0.72069,-2.2148,0.39145,-5.6242,0.072728,0.96084,0.30259
-0.77757,-0.54249,1.1596,0.36889,8.2213,0.24764,2.4477,0.29081
-0.70422,4.4753,2.0397,0.95345,4.2634,0.088862,2.0133,0.15075
-0.70667,-2.1138,1.7509,1.0028,-5.6999,0.097994,2.6419,0.026846
-0.44603,0.83059,1.058,0.80521,2.3942,-0.020961,1.8538,-0.030737
-0.63809,2.3567,3.2638,0.78124,4.6181,-0.11528,-0.29756,-0.14413
-0.69419,0.46967,-0.78662,-0.13308,0.12318,0.025939,1.7969,-0.16559
-0.69245,-0.41383,-0.24491,-0.22432,-6.8051,-0.022578,-2.3991,-0.12166
-0.76931,1.5528,2.0432,-2.046,1.3848,-0.057951,-0.61678,-0.11478
-0.77732,0.17705,-1.0408,-0.31548,8.9626,-0.12653,-1.6905,0.012584
4.4147,0.028864,0.017964,-0.24956,-9.2053,0.076271,-1.288,0.015018
4.3871,-6.6928,0.89056,-1.6214,-0.91503,-0.036305,-1.1821,0.10867
-0.45389,1.1524,0.75253,0.87513,5.4775,-0.24443,3.4687,0.19663
-0.59229,1.6906,-2.3934,1.3118,-0.59328,0.10282,-0.37775,0.086012
-0.67784,-2.1412,-2.1631,2.2632,-0.67011,-0.02397,4.6855,0.31802
-0.72426,-1.0439,1.0086,0.74606,-5.1578,0.080673,4.0711,0.22574
-0.92215,-3.8663,0.36156,0.67331,5.6123,0.034955,-0.92391,0.047193
-0.79517,4.1727,2.5018,1.2296,6.2237,-0.0020161,1.5529,-0.069994
-0.77384,0.4037,4.1296,0.7294,-2.5471,0.062294,4.2947,-0.10984
-0.69633,-1.5023,0.28363,0.65502,-3.0499,0.00073059,-1.4795,-0.1719
-0.68223,2.1803,1.4602,0.55664,1.7872,-0.086047,0.17322,-0.085984
-0.36967,0.76691,2.0011,-0.73562,2.3809,-0.1309,-2.5146,-0.14116
-0.63489,-0.3937,0.84009,-0.91533,-3.0458,0.062223,-2.0097,-0.03687
-0.68265,0.44097,-2.2179,0.69841,-3.1052,0.066548,-0.70912,-0.015891
4.4359,0.8478,-2.2171,-0.57435,6.5405,-0.47298,-1.3591,0.08572
4.4045,2.0316,-1.3812,-1.7327,-6.9366,0.0086434,-0.72208,0.34781
-0.76244,-1.2711,0.7194,-0.69878,-4.6366,0.06126,-2.7482,0.32097
-0.729,-3.6741,-1.8316,0.88877,0.58805,-0.045392,6.6331,0.15898
-0.71934,3.1015,1.2254,-1.0596,0.89186,0.030976,0.79459,0.011489
-0.73448,0.13048,-1.1493,-0.28435,5.1573,0.067094,3.6875,-0.03743
-0.66714,1.6649,-0.72231,0.63157,-0.038472,0.08779,2.2881,-0.15016
-0.71406,-7.2525,1.1629,-0.82348,-3.4094,0.091018,1.1967,-0.17959
-0.71051,2.0155,1.5111,-0.19232,6.9068,0.096967,1.2832,-0.1986
-0.77725,1.5449,0.48063,2.276,1.4528,0.052379,-0.41763,-0.16464
-0.72229,-1.2056,0.69958,-0.75753,-5.5693,0.058398,-1.4063,-0.0071051
-0.62861,-0.40131,-0.29266,-0.092359,-1.2927,-0.0062003,-2.4069,0.026846
-0.68133,1.7461,-2.5422,0.99006,3.4372,-0.17719,0.322,-0.041202
-0.68918,1.6081,0.55835,-1.3375,4.2507,-0.036626,0.04819,0.0096881
-0.49773,-0.045085,0.061487,-1.8644,-8.2379,0.064764,-5.0527,0.25368
4.4027,0.074229,-4.1418,0.55533,3.9793,-0.21589,0.96645,0.079879
4.3662,2.9872,-2.6872,-1.8696,4.2313,0.038491,1.513,0.12293
-0.74016,2.6567,0.2404,-0.83088,-5.2564,0.077381,0.61691,-0.018666
-0.79658,-1.1807,1.5337,-1.6627,-0.84641,0.060413,4.1226,-0.067074
-0.77159,1.1511,-1.0103,0.65687,-0.88274,0.088445,3.3087,-0.16598
-0.71933,-1.1819,1.9932,0.46188,7.6093,0.22843,4.0381,-0.18105
-0.72138,2.5513,2.0368,0.8371,2.6899,0.12317,2.7611,-0.08411
-0.38471,-4.2674,-0.76347,0.35873,-7.5873,0.044703,-1.5442,-0.10694
-0.68726,-0.22701,0.096581,0.17585,6.6355,0.046661,0.29189,-0.082358
-0.71048,0.72069,1.2661,1.0179,4.7671,0.00521,1.1764,0.076471
-0.70198,-0.9012,-0.34295,0.29241,-1.3552,0.041668,1.6456,0.086523
-0.81292,0.51401,0.62807,-1.6215,-4.383,0.014355,-2.5779,0.18324
-0.76895,1.1844,2.1201,-0.25977,2.4112,-0.12283,-2.3078,0.061649
-0.68067,1.9751,-1.1468,-0.9373,8.6011,-0.00059783,0.81431,0.14411
-0.68485,1.222,0.97982,-0.47252,-8.2451,0.024559,-3.1577,0.078978
4.3732,-2.859,3.1545,-1.9393,0.38215,-0.034495,-2.0943,-0.025091
4.4003,2.0417,-1.0401,1.4406,8.4323,-0.010879,1.7047,-0.10166
-0.74116,3.407,-2.6309,0.6875,-2.7259,0.10527,0.66935,-0.1801
-0.7301,-3.1671,-0.96512,-0.13875,-1.2609,0.039672,1.2594,-0.15128
-0.86721,-0.92265,1.3919,0.64331,-4.8521,0.06316,3.7532,-0.18066
-0.83282,-4.291,0.18652,2.2354,7.003,0.094291,-0.0061259,-0.049915
-0.70224,2.4608,0.71334,1.3361,4.6202,0.009606,1.1266,-0.014601
-0.70327,1.2844,0.4019,0.46002,-4.56,0.10579,3.9537,0.13717
-0.69368,-1.405,-0.28611,0.55965,1.7414,0.034782,-0.44656,0.01037
-0.52434,2.1662,1.5285,0.39877,4.5967,-0.13117,-0.27512,0.2244
-0.63507,0.65057,0.57524,-0.81969,1.618,-0.037742,-2.1821,0.17891
-0.68966,2.8497,-1.0748,0.50423,-2.697,0.042733,-3.1505,0.049724
-0.68111,2.0603,-0.95117,0.5078,-2.3916,-0.014825,-1.5963,-0.019006
-0.75568,2.3075,0.05911,-1.4723,6.9525,-0.50195,-4.2745,-0.057996
4.3908,2.8098,-0.59053,0.16906,-7.4182,0.066966,-0.88895,-0.078488
4.3621,-5.8202,-0.85299,-0.68627,-4.7328,0.070855,-1.9451,-0.16586
-0.74007,0.86649,0.13372,-1.0196,4.7249,-0.1727,3.0056,-0.12597
-0.4775,3.1636,0.50317,-1.891,0.62628,0.046853,2.1324,-0.1376
-0.61023,-1.9802,-1.0812,0.071919,1.7122,0.076496,1.3385,-0.01594
-0.72417,-2.4772,-0.81988,0.059163,-2.1617,0.039287,3.6163,0.11191
-0.72098,-6.6416,2.597,0.2425,0.97835,0.11659,0.49983,0.1231
-0.89112,2.7118,-0.99576,0.29628,6.88,0.052584,1.8662,0.16199
-0.82726,4.6093,-0.56698,0.38802,1.3633,0.056511,2.2486,0.17171
-0.69828,-1.2438,-0.17813,0.44935,-6.0052,0.078568,2.0615,0.22488
-0.69437,0.9161,0.51736,1.2918,2.6552,-0.035984,-3.1904,0.14177
-0.36912,1.4067,1.4479,1.737,3.3582,-0.23493,-3.2126,-0.0054988
-0.6008,1.0991,3.5859,-0.94107,2.1692,-0.033212,-1.2418,-0.061841
-0.68011,0.67885,0.66218,-0.54783,-8.7342,0.012988,-4.8334,-0.15153
-0.67768,0.038735,-2.0527,0.40258,5.3764,-0.23565,1.2162,-0.19623
4.3892,1.6899,-2.8492,-2.4498,3.0259,0.065015,-0.45075,-0.1276
4.37,-1.3518,-0.30582,-1.5813,-7.0701,-0.005642,0.41316,-0.10433
-0.77275,-2.5556,0.51652,-0.00026769,-0.16944,-0.011411,2.979,-0.0049633
-0.72741,1.2066,-3.6847,-0.54014,4.3285,0.109,2.2433,-0.01813
-0.71893,0.23075,-0.0093574,-0.625,4.5925,0.047084,1.2271,0.18548
-0.55011,1.3597,1.066,-0.018907,1.0194,0.052167,5.6422,0.33557
-0.67172,-4.8516,-0.012614,1.382,-8.6777,0.034942,1.8441,0.20476
-0.70994,1.5056,1.4308,0.10678,7.9795,0.24393,0.77098,0.16002
-0.70353,3.7943,2.1136,0.29005,4.4164,0.06608,1.0273,0.017574
-0.81421,-0.1416,0.65787,-0.74998,-2.9922,0.042521,-1.4751,-0.04624
-0.70535,1.6833,1.2658,-0.38644,-2.7307,-0.055429,-4.8652,-0.11609
-0.68982,0.074133,3.3969,-0.54413,3.3798,-0.064702,-1.858,-0.171
-0.67717,0.40705,0.71419,-0.28881,6.4282,-0.15471,1.0126,-0.14464
-0.44544,1.7018,-0.63265,-0.73756,-9.5027,0.089414,-0.57203,-0.14169
4.4194,-3.9232,2.3772,-1.5089,-0.86619,-0.017155,-2.1649,-0.080971
4.4033,0.57447,-0.60905,0.70945,7.7076,-0.21345,-4.3859,0.086109
-0.73506,1.077,-2.8452,1.286,-7.8512,0.009253,-1.3987,0.073526
-1.0475,-5.3677,-0.74729,0.17916,-3.8991,-0.011142,0.057586,0.18694
-0.77548,-0.6053,-0.50948,0.45566,-2.255,0.020509,1.8437,0.18699
-0.66494,-1.1904,-0.12521,1.6699,4.9745,0.09476,-0.70833,0.25102
-0.70966,2.7744,-1.666,1.9142,3.6708,0.062627,1.9455,0.10487
-0.66008,1.9123,1.2627,0.33692,-6.5875,0.083247,3.9612,0.011513
-0.58596,-4.8125,0.058718,0.27123,4.2484,0.051474,-1.2442,-0.082139
-0.72891,3.2449,4.313,1.3504,4.6915,-0.015673,-0.040515,-0.16116
-0.69453,-1.8303,-0.99971,0.81783,0.4288,0.030951,-0.96008,-0.19582
-0.69512,2.0006,0.19327,0.83001,-4.6054,-0.014517,-2.6403,-0.10823
-0.82223,0.36022,-0.042242,1.6173,-1.9157,-0.06614,-2.255,-0.10667
-0.65844,0.81076,-0.37909,-1.3827,4.2115,-0.49564,-3.3412,-0.087006
-0.66888,1.1253,-1.1583,-1.3295,-7.1559,0.10732,0.17659,0.16428
4.412,-6.6976,-2.1865,-0.032022,-6.0977,0.051429,-3.0783,-0.0020185
4.3895,2.7315,0.41889,-0.62178,3.7567,-0.143,0.84089,0.22286
-0.73677,2.932,-1.1951,-0.12642,0.15598,0.053778,2.3103,0.18947
-0.72862,-1.504,-2.5419,0.71043,-1.3421,0.038273,0.52895,0.087715
-0.72315,-0.73532,-1.5161,0.2306,-2.3027,0.012872,0.027017,0.038674
-0.85467,-2.2282,2.4664,0.20077,-1.554,0.062852,0.94874,-0.042006
-0.7511,2.4815,0.40522,-1.1925,6.4757,0.086423,1.8485,-0.14495
-0.70064,3.6895,1.0827,0.8759,-0.82863,0.072157,2.7701,-0.18319
-0.70264,-6.2903,-0.94851,-0.18772,-7.8019,0.109,-0.16527,-0.12682
-0.67875,0.95234,0.35465,0.91061,2.8474,-0.091996,-2.4706,-0.1193
-0.57677,-0.98076,-1.6241,0.061142,3.0419,-0.2123,-1.5806,-0.10966
-0.703,-0.41134,-0.43875,-1.4602,-0.61319,0.040641,-4.4753,0.019569
-0.68739,-1.423,0.039093,-0.075351,-8.1202,-0.050924,-4.3505,0.096939
-0.87049,1.6233,-2.4528,-0.076405,3.0345,-0.28142,-0.087889,0.12099
-1.1298,1.9812,-0.58549,-2.7744,3.6981,0.019117,1.6607,0.32518
4.4042,-1.0892,-1.8497,-1.8448,-7.9434,-0.0070474,-0.97517,0.26273
-0.7326,-1.9996,0.50405,-0.16792,-1.3499,-0.10994,1.7849,0.1214
-0.73819,2.0712,-2.7531,0.021634,6.621,0.05166,1.6897,0.049627
-0.55515,0.0045893,-2.75,-0.12937,-1.2262,0.088714,1.5497,-0.064104
-0.77093,1.8644,1.6801,-0.012612,0.21657,0.060664,5.314,-0.15744
-0.71053,-3.1185,0.89817,0.3362,-6.632,0.037124,3.0648,-0.20154
-0.71116,-0.80871,0.98611,0.96151,6.8431,0.069269,2.1023,-0.14157
-0.92789,2.437,1.647,1.0431,3.5041,0.0065448,1.9884,-0.13488
-0.72231,-3.2811,0.93125,-0.51816,-3.9536,0.096184,0.2239,-0.022195
-0.68518,0.067962,-0.4367,0.73465,-1.667,-0.043537,-1.5418,0.11512
-0.67789,-0.26193,5.1816,0.059099,3.0512,-0.12198,-2.1541,0.10638
-0.57384,2.4891,-0.56497,-1.4733,3.8649,-0.12489,-0.18855,0.033807
-0.59487,1.5103,-2.8145,-0.81644,-8.7887,0.045493,-3.0418,0.066128
-0.67974,0.047809,0.57166,-1.2834,-0.034361,0.0007691,-1.4573,0.18215
4.4016,2.186,-0.88301,0.052779,8.7637,-0.196,-4.3922,0.034026
4.3639,4.1759,-0.6166,1.4333,-8.6287,0.028178,-1.011,-0.012046
-0.77898,-5.8608,2.5328,-1.1897,-3.0485,0.036508,1.0184,-0.1021
-0.71667,3.1918,1.1565,-0.37886,0.35076,0.036932,3.0552,-0.16143
-0.71423,-2.1242,-0.32927,2.7958,2.9125,0.11346,2.3013,-0.13734
-0.59042,0.041323,-1.4445,2.2643,1.473,0.0092723,2.6597,-0.091777
-0.61041,-1.7411,0.569,0.77087,-6.8602,0.097442,4.1094,0.014702
-0.75179,-9.8067,1.2516,1.1893,1.9559,0.047078,4.2344,0.00085341
-0.70422,2.5877,2.2459,1.306,4.9337,0.057622,1.4884,-0.020248
-0.9267,-0.70134,-1.641,0.56643,-1.252,0.053547,1.4068,0.13822
-0.88178,0.64888,1.4444,1.6527,-4.1688,0.0025724,-4.0265,0.19833
-0.65247,2.6366,-0.51041,0.034352,-1.9688,-0.049955,1.0447,0.17974
-0.67734,1.681,1.0929,-0.90523,2.7882,-0.33345,-3.4466,0.025605
-0.68058,3.5186,-0.88526,-0.043083,-4.5517,0.055299,-0.21273,-0.021562
-0.55013,-0.55495,-1.072,0.54523,-5.6697,0.051333,-2.8324,-0.062693
4.3778,0.049492,-0.095536,0.3053,4.0374,-0.67811,-2.2849,-0.15488
4.3194,4.06,-0.40393,-0.42603,-6.7251,0.073755,1.8924,-0.16236
-0.73563,-1.1345,0.79138,0.79613,-3.9269,-0.01102,0.36215,-0.1452
-0.79331,-0.73865,0.1605,-0.19252,-2.9128,-0.0024332,1.9296,-0.11266
-0.78371,-2.0287,1.884,0.55673,-1.1435,0.0076936,1.109,-0.050427
-0.70801,-0.42509,-1.7963,-1.1812,5.604,0.053393,3.765,0.10198
-0.70758,1.9407,-0.46293,1.2156,-2.153,0.10783,3.5938,0.077493
-0.41464,-6.7576,0.15552,-0.083483,-6.5507,0.070611,2.3337,0.20758
-0.56178,1.7903,1.0119,0.58191,3.4974,-0.015185,-0.39311,0.16574
-0.70675,1.4388,-0.90809,0.60671,3.2188,-0.019632,-0.02272,0.15705
-0.69549,0.74151,2.7481,0.81364,-3.2098,0.021671,-1.9577,0.078978
-1.0475,2.0741,3.7066,-0.92947,-5.9534,-0.084122,-2.756,-0.022316
-0.70725,2.2214,-0.31865,-0.59092,1.9114,-0.19384,0.45621,-0.083575
-0.70569,2.4973,1.5694,-2.2642,4.1663,0.010164,1.9285,-0.15046
4.4025,-3.6661,1.6458,-1.9582,-9.2459,0.026028,-1.0262,-0.12643
4.3822,-2.6971,-0.0069612,-0.47683,2.0768,-0.23822,0.67534,-0.11412
-0.59117,0.14224,-4.0965,-1.1824,3.8726,0.019251,4.0124,-0.090973
-0.78612,-1.2982,-4.0247,0.78261,-3.4427,0.017596,1.2149,-0.031881
-0.7274,-1.7661,1.4152,-1.8322,-2.3839,-0.022032,2.7909,0.10018
-1.1011,-0.62283,-0.65455,1.0516,-7.4151,0.10747,-0.0060617,0.11697
-0.81202,-1.1831,0.25919,0.57198,7.0487,0.11591,1.3601,0.31542
-0.65741,4.5887,1.808,0.39662,3.1852,0.087418,1.7271,0.1489
-0.69555,-1.1068,2.1925,-0.44514,-5.3571,0.11943,-1.0799,0.087983
-0.68982,0.78575,1.1901,0.61246,0.76537,0.043426,0.12688,-0.023387
-0.50236,1.2628,3.3771,0.94957,2.6317,-0.10034,-1.4608,-0.059553
-0.68882,1.5098,-1.0666,-0.50238,0.37351,-0.023919,1.7773,-0.1232
-0.68338,-0.51688,-0.22603,0.117,-8.4039,0.026914,-3.7097,-0.13734
-0.68833,0.59013,3.3669,-2.2257,0.40241,-0.063322,-1.7377,-0.12436
-0.87359,0.87713,-0.22449,0.31592,8.0444,-0.39531,-4.9661,-0.076273
4.4115,-0.14581,-0.93953,0.21274,-10.537,0.052533,-2.5054,-0.049307
4.3874,-5.9188,0.37957,-1.7971,-3.1931,-0.030144,-3.175,0.08314
-0.72827,1.1695,0.22793,0.67911,4.7203,-0.24313,3.6652,0.09745
-0.39811,0.47806,-3.1265,2.066,-2.0898,0.10824,-1.9047,0.088226
-0.58754,-2.7353,-2.5245,2.2654,-2.7508,-0.01308,3.0348,0.45203
-0.73003,-0.34558,0.20414,1.4121,-6.5378,0.067845,2.8883,0.34487
-0.71614,-6.7171,1.0344,1.0875,4.1829,0.017217,0.36698,0.065154
-0.89508,4.5246,1.257,-0.39411,3.2826,0.020984,0.79087,-0.0038925
-0.77774,2.7327,1.1245,0.41428,-3.7095,0.071252,2.7838,-0.077344
-0.73663,-2.0648,2.5641,1.1002,-4.4297,0.058847,0.51235,-0.18519
-0.68859,0.25199,3.0851,0.39141,0.6095,-0.12546,-2.3071,-0.14663
-0.68544,1.6905,1.1384,-0.66892,1.2864,-0.19023,-2.9371,-0.11989
-0.5392,0.3495,-0.47093,-1.105,-4.497,0.015677,-2.0407,-0.08983
-0.74128,0.37179,-2.3685,0.27267,-4.627,0.10131,-1.1024,-0.027452
4.4183,0.17854,-1.0267,-0.37562,4.8676,-0.55547,-2.9219,-0.022706
4.4087,3.4184,-1.1501,-0.48614,-7.7262,0.041013,-0.04162,0.18643
-0.88155,-1.9748,-0.50214,0.088766,-7.0742,-0.034001,-1.6039,0.30432
-0.74497,-0.37729,0.32486,0.29596,-1.3761,-0.048376,3.1057,0.18417
-0.72011,3.659,0.18861,-0.6975,-0.62656,0.12361,0.24259,0.094481
-0.70776,0.9084,-2.0629,0.0052239,3.9128,0.099316,3.4845,-0.00038782
-0.52355,2.8297,-1.6054,0.52003,-1.914,0.13554,0.55828,-0.074229
-0.67958,-6.6893,1.1732,-0.38701,-4.9754,0.10091,0.56376,-0.12809
-0.70655,2.4998,0.63242,-0.41302,5.0533,0.029532,0.84776,-0.19923
-0.7049,1.7737,-0.65064,1.3858,0.36821,0.027248,0.48249,-0.17066
-0.97737,-0.37941,0.80453,-0.31309,-5.3943,0.021222,-1.0262,-0.10638
-0.69357,-0.19169,2.439,0.30652,-4.2901,0.016447,-2.5432,-0.042395
-0.67651,3.1798,-3.1065,-0.030654,3.0829,-0.15366,0.73582,-0.050548
-0.67132,0.15891,-0.2916,-0.32596,5.8732,-0.046656,0.45715,0.0081791
-0.53085,-0.49473,2.8427,-2.0866,-9.6258,0.057166,-4.9941,0.25479
4.4131,-0.11949,-2.2443,-0.46173,2.8284,-0.3394,-1.8766,0.085087
4.3767,2.4782,-4.5252,-0.60225,4.8129,-0.040117,2.3193,0.17526
-0.73999,0.14791,-0.55684,-1.0071,-6.2315,0.010107,0.71221,0.099057
-0.95217,-2.0398,1.0927,-0.69588,-2.5094,0.046699,4.3592,-0.0056205
-0.81685,0.44739,1.296,0.57905,-2.9829,0.055844,1.1102,-0.11487
-0.66646,-0.70783,0.85622,1.3062,6.4418,0.065413,3.1874,-0.17526
-0.70551,3.4083,2.391,1.3932,1.8516,0.050229,3.1408,-0.17435
-0.70702,-1.0301,-1.0161,1.1356,-8.9307,0.11458,-0.69596,-0.073328
-0.47199,-0.75975,1.7227,0.85258,4.3754,-0.0039927,-0.32762,-0.11947
-0.71038,0.971,2.6595,0.76929,3.9509,-0.013029,0.48941,0.075254
-0.70263,-1.2847,1.5157,0.069607,-2.0187,0.055164,2.7382,0.10125
-0.69874,1.3374,-0.78196,-1.6371,-5.9473,-0.021198,-3.5779,0.04308
-0.85295,0.87322,3.257,-1.7437,0.80646,-0.12924,-3.312,0.12872
-0.72256,1.9283,-0.24761,-0.55609,6.9177,-0.38368,-2.8673,0.17747
-0.26175,1.3802,-0.57135,-1.1454,-10.029,0.093412,-2.3306,0.10103
4.3837,-4.0978,1.7051,-1.1251,-1.8493,-0.056783,-2.8732,0.017306
-0.60545,1.2868,-0.9736,0.91026,5.1242,-0.40124,-0.37863,-0.067171
-0.64981,1.2765,-3.8971,1.4309,-3.8106,0.10623,-2.7616,-0.15136
-0.72743,-3.8128,-1.3436,0.88354,-2.3821,0.042919,1.317,-0.16408
-0.72575,-2.5797,0.71211,0.50431,-5.9239,0.055318,3.5924,-0.13322
-0.77633,-6.2185,0.64049,0.6618,3.3396,0.059412,-1.2691,-0.071552
-0.86334,0.35943,-0.3853,-0.074805,4.1151,0.070662,0.42217,-0.028766
-0.68685,1.5549,1.1182,0.69987,-3.4617,0.13143,1.5517,0.094043
-0.69567,-6.7353,-0.43481,1.2936,-1.8973,0.11077,-1.1494,0.17798
-0.44059,2.7615,3.0037,-0.54086,2.0979,-0.087234,-0.64675,0.23046
-0.55205,0.70088,0.89698,-1.0191,0.54481,-0.12129,-4.1809,0.18258
-0.70917,2.4121,1.1831,0.70046,-3.6272,0.029911,-1.7104,0.072723
-0.68665,1.3751,-1.9417,-0.13095,-3.2006,0.064277,-0.46659,0.024729
-0.76688,1.6265,0.0283,-0.32311,5.4126,-0.59588,-3.3174,-0.0026512
4.3917,3.8269,0.19698,-2.6315,-7.5827,0.034576,0.61884,-0.070165
4.3614,-5.6243,-2.2412,-1.5336,-6.6532,0.066876,-1.4433,-0.17392
-0.73269,-2.7309,0.40366,1.1027,0.95554,-0.088216,3.3677,-0.16954
-0.71619,4.9883,0.28353,-0.66356,1.0827,0.07622,-0.72877,-0.079705
-0.5697,0.82768,-0.97894,-1.0905,0.57325,0.095215,1.2198,-0.024263
-0.66388,2.2392,-0.47726,-0.62823,-1.2869,0.095491,2.1854,0.10022
-0.72439,-8.2724,2.338,-0.15851,-5.0894,0.12972,1.7418,0.24791
-0.7216,2.802,-0.38263,-0.4691,6.2527,0.046365,3.3644,0.096331
-0.92295,4.1272,1.8228,2.0855,-0.015814,0.077413,1.9562,0.079246
-0.71369,-2.6458,-0.52916,0.045457,-6.555,0.064591,-2.3637,0.21649
-0.68866,1.9289,3.6723,0.24749,-1.2879,-0.048511,-1.8462,0.10594
-0.68362,2.0922,-3.268,0.1946,3.351,-0.18598,-1.6,0.0021433
-0.44793,1.3763,-0.75092,-0.064914,2.0676,0.030193,-1.7188,-0.036165
-0.57019,-0.58841,3.9619,-1.4752,-9.8794,0.09648,-4.36,-0.11628
-0.67765,0.19246,-1.4499,-0.16379,3.3793,-0.098741,-0.97663,-0.20098
4.389,1.5981,-0.45777,-2.1686,4.5382,0.04007,4.6462,-0.20035
4.403,1.202,0.82032,-1.6614,-7.6523,0.094593,-1.9247,-0.11324
-0.79242,-2.2625,1.167,-0.81824,-2.885,-0.024792,1.2191,-0.032149
-0.64224,0.9649,-1.1448,0.71965,1.2171,0.069154,1.7752,-0.021683
-0.71061,-1.8001,-1.666,0.9283,4.435,0.065246,1.4958,0.2445
-0.54365,3.094,0.5409,0.29055,1.1663,0.090916,3.0453,0.17025
-0.46625,-3.2489,-0.91901,1.6543,-9.7655,0.071843,-0.61497,0.21819
-0.71188,-2.5674,0.75546,0.62125,7.119,0.019919,-1.6759,0.19171
-0.70741,4.0173,3.3651,1.0202,3.1724,-0.03891,0.4937,0.061382
-0.74722,-1.0321,0.97822,0.37003,-2.9975,0.07982,2.7801,-0.015696
-0.79661,2.0748,0.72,-0.35019,-5.8357,0.022248,-1.5262,-0.10786
-0.73707,0.51474,5.7524,-1.0501,1.2614,-0.019408,-2.9046,-0.12276
-0.67597,1.0287,-0.059144,-1.2712,6.2975,-0.18259,-2.499,-0.13181
-0.67502,1.5049,-1.3758,-0.1439,-9.7312,0.12056,-0.23894,-0.078512
4.4218,-4.0665,2.5557,0.46224,-2.2065,0.010524,-4.0261,-0.11397
4.3983,-0.12913,-1.1702,0.24328,6.9687,-0.441,-1.9826,0.015359
-0.73984,1.1322,-2.4483,1.8956,-6.7302,0.033601,-4.2725,0.14647
-0.73495,-3.3795,-1.9724,0.054847,-2.4288,-0.0066367,1.6458,0.080025
-1.0129,-2.4104,-0.60794,0.95837,-4.4106,0.04711,0.88676,0.19395
-0.80704,-1.3358,2.0367,0.1539,3.2261,0.089831,-1.7796,0.23837
-0.70862,2.6881,-1.3926,2.1999,4.5917,0.071009,2.353,0.18796
-0.70161,5.0702,1.0354,1.2928,-6.5662,0.094028,5.164,0.020664
-0.7343,-5.9274,-1.4771,1.3767,0.2995,0.1197,-0.4484,-0.061452
-0.61338,5.4264,-1.3622,-0.52616,4.2674,0.010646,0.36348,-0.147
-0.68075,-1.3128,0.88782,-0.12623,0.66544,0.023115,-2.0608,-0.21278
-0.69501,0.46098,0.25072,-0.60696,-4.2316,0.020971,-1.6531,-0.17567
-0.78592,1.3514,-1.9684,-0.21136,-4.4631,0.014541,-1.38,-0.11446
-0.69804,0.16977,-1.417,-0.79353,3.9573,-0.54578,-3.9196,-0.099492
-0.65016,0.50595,-0.35428,-1.7117,-4.9314,0.068846,-1.4407,0.06401
4.4257,-6.0887,-3.4123,-1.9933,-7.0956,0.052603,-1.6447,0.11446
4.3901,-1.018,-1.4876,0.5385,3.489,-0.14436,-0.7095,0.1086
-0.60726,3.9871,-1.8623,-0.73218,1.6219,0.12451,2.5115,0.23206
-0.67576,-0.27064,-3.0899,-0.6984,-0.18455,0.040352,0.81279,0.082312
-0.72519,-0.45515,-0.5382,-0.63521,-0.56383,0.06728,2.7198,0.16552
-0.71811,-4.1097,1.41,0.5475,-3.7904,0.13637,1.4551,-0.017303
-0.89648,3.148,2.4606,-1.2401,7.2365,0.062987,1.8127,-0.11052
-0.71312,3.5289,2.2882,1.4547,0.65075,0.077612,1.8774,-0.15739
-0.68993,-6.2114,1.1079,-1.0724,-6.0173,0.079133,1.3248,-0.14683
-0.68855,1.1589,1.5892,0.22196,3.2266,0.044575,-0.34723,-0.11249
-0.48223,0.17522,-2.3464,0.57614,4.4663,-0.051328,0.55199,-0.075714
-0.56011,-0.389,-0.5085,-0.54323,0.17378,0.095928,-2.2779,0.0078627
-0.68672,-1.8916,0.77791,-1.1152,-6.5939,0.0012119,-4.7438,0.10816
-0.68263,0.94128,-2.4843,-1.5168,4.8161,-0.12546,0.62873,0.093337
0.25145,2.5891,0.84262,-0.15158,5.5593,0.053906,2.2157,0.077518
4.4073,-1.4621,-0.088116,-2.7587,-6.568,0.060516,-0.6507,0.37123
-0.71878,-3.1548,-1.5489,-1.2579,0.097843,0.0020975,1.0101,0.17935
-0.71806,1.638,-2.5013,0.55597,6.5366,0.069796,0.80286,0.030083
-0.65991,1.9449,-0.20682,0.43479,1.8549,0.07106,1.7431,-0.054029
-0.5961,2.8302,0.39603,-0.36259,1.6566,0.11024,1.5927,-0.15311
-0.68343,0.3971,1.2443,0.6617,-6.6344,0.068531,0.38167,-0.20419
-0.70373,-4.3998,2.0723,-0.54769,8.4479,0.13006,-2.273,-0.18102
-0.71043,2.9948,2.0772,-0.0298,4.5897,0.07036,0.61439,-0.12899
-0.92056,-1.8843,-1.1315,-0.76584,-3.8933,0.079018,3.6505,-0.024142
-0.7308,-0.3094,2.3435,1.3279,-2.9181,0.073614,-4.4626,0.050795
-0.67733,-1.6471,4.2475,0.7614,4.032,-0.022064,-1.6269,0.14569
-0.67177,3.6611,-0.53281,-0.19459,5.054,-0.1113,2.3976,-0.024044
-0.45663,0.80512,-2.1838,-0.8046,-7.7781,0.034037,-2.7353,0.088981
-0.60812,-0.28217,0.18364,-1.3403,0.7847,0.063025,-1.2631,0.17626
4.405,2.987,-1.2206,0.10589,9.297,-0.23564,-3.2135,0.037433
4.3667,4.9022,-0.1486,1.1836,-7.4755,0.13129,-0.36257,-0.013579
-0.87147,-3.9304,2.151,0.94345,-2.4048,0.051621,1.6898,-0.094673
-0.75738,-0.31879,0.53095,0.059729,0.4989,0.049196,-2.0633,-0.14296
-0.71362,-0.49468,0.96235,-0.13943,2.8539,0.11167,1.124,-0.16384
-0.69765,-0.4313,-2.7742,0.96044,4.7807,0.10255,2.2496,-0.087736
-0.39388,-0.62213,-0.52225,0.91648,-4.5454,0.09114,3.592,-0.077685
-0.61265,-9.5544,1.3569,2.1198,1.2398,0.055818,-3.6711,0.05739
-0.70249,2.9941,1.6485,0.37535,5.9556,0.029584,0.20587,-0.010561
-0.70024,0.48853,2.0114,0.24383,2.1928,0.060651,-2.9142,0.20045
-0.84991,0.68336,-2.1154,-0.38528,-3.2568,0.093053,2.8747,0.15847
-0.76652,0.77086,-2.8681,0.33244,-0.53318,0.0078476,-3.0676,0.16779
-0.66911,2.1651,-2.7137,-0.46514,4.4911,-0.31994,-4.4323,0.104
-0.66507,2.033,2.2428,-1.7,-0.27071,0.062069,-1.766,0.037214
4.0665,-0.13858,-1.6293,-0.59902,-4.6153,0.06162,-0.15918,-0.043782
4.3837,1.2677,-2.3711,0.85706,5.7663,-0.36509,-0.48831,-0.13303
-0.64795,3.5912,-1.0094,-1.814,-1.8816,0.054605,0.70171,-0.17122
-0.72348,-2.2816,-0.86394,1.2037,-1.7674,0.098488,2.2117,-0.18346
-0.835,-1.4886,-0.079675,-0.83745,0.82764,0.031772,5.9747,-0.083429
-0.86756,-1.781,0.28188,0.92822,-1.8045,0.084537,2.9217,-0.056024
-0.67282,0.30063,-0.54046,-1.6522,8.5847,0.20281,1.9082,0.10879
-0.69495,2.3666,0.55351,2.0254,1.4365,0.052417,3.1422,0.13783
-0.69623,-5.3806,1.4442,-0.37254,-5.6526,0.1438,2.1759,0.067247
-0.52271,2.7432,-0.65079,0.35233,5.4545,-0.00041814,0.34469,0.20887
-0.63044,1.7709,-1.687,1.7952,5.5812,-0.037113,1.1046,0.16993
-0.68582,1.3144,1.3997,0.091952,-2.2371,0.10009,-2.5209,0.082361
-0.67897,1.061,3.0317,-1.1922,-4.6714,-0.016423,-4.7295,-0.02015
-0.88011,2.6741,0.29048,-0.32248,4.3546,-0.10501,-0.40232,-0.05561
-0.71953,1.074,0.4237,-1.1562,8.5277,0.15711,1.6913,-0.16937
4.4048,-0.54684,3.1279,-1.3951,-7.4087,0.094246,-2.8908,-0.12729
4.3856,-4.6225,1.4305,-1.0445,3.3354,-0.012284,0.5771,-0.12247
-0.43709,0.020317,-3.2577,-0.18883,8.1957,0.093958,-0.29072,-0.088978
-0.64964,-0.087804,-3.3655,0.56568,0.80587,0.065913,-0.39918,-0.030981
-0.74598,-2.5612,-2.4464,-0.91215,1.3775,0.061177,0.26709,0.15318
-0.71461,-1.5302,0.95554,-0.18682,-5.5125,0.11816,2.6405,0.24762
-0.76857,-2.4627,0.49015,0.59906,8.4593,0.2031,-1.3706,0.28001
-0.81627,5.3309,2.5547,0.3237,6.1141,0.043818,2.153,0.14841
-0.72521,0.87903,-0.56807,0.52513,-3.0502,0.13954,3.1535,0.094189
-0.69007,-0.058706,3.5086,0.15085,1.2612,0.02909,-4.0869,0.090879
-0.67842,0.9486,4.2171,0.85305,5.5343,-0.074855,-1.6532,-0.028936
-0.60613,1.818,0.46887,-0.18098,3.6799,-0.056404,1.3879,-0.10665
-0.61726,0.66015,-1.3289,-0.56307,-5.2335,0.055414,-2.5098,-0.11103
-0.6705,-0.99022,-1.3723,0.41874,0.66389,0.034987,-2.1057,-0.19037
-0.63559,0.85312,0.28014,-0.63842,8.9137,-0.18161,-3.8694,-0.087882
4.409,0.87417,-1.5784,-0.8851,-7.7892,0.09578,-1.0624,-0.04405
4.3765,-5.3406,-2.8488,0.4014,-2.6828,0.042849,2.8686,0.056538
-0.72183,0.020664,1.127,0.011319,4.9783,-0.02818,-2.8988,0.10706
-0.70819,3.2063,-1.7421,-0.21386,1.801,0.11197,3.6136,0.0046014
-0.41677,1.437,-2.8537,0.49526,4.0166,0.10457,1.9226,0.31966
-0.69857,1.7269,-0.87493,0.81032,-0.95924,0.13247,2.4832,0.19122
-0.70852,-7.6184,0.56737,1.1475,1.0211,0.12195,-0.42074,0.11765
-0.70084,3.6882,1.3773,0.25267,7.3655,0.083459,2.2288,0.023634
-0.822,3.737,-0.26303,-0.23173,1.1409,0.10742,1.0976,-0.061233
-0.70334,-1.2024,0.073969,0.15152,-3.7732,0.042489,-0.28724,-0.15177
-0.67723,1.9766,-1.6658,0.041622,1.0976,-0.029419,1.6445,-0.18745
-0.67601,-0.075223,-1.8807,0.69554,4.8722,-0.15499,-3.3493,-0.13128
-0.5101,0.72229,0.75403,-1.4729,0.60268,0.072639,-0.78959,-0.086617
-0.6013,-0.54605,-2.0739,-0.77886,-5.5372,0.025399,-2.2038,-0.028595
4.4306,0.66888,-2.2479,1.4195,5.5016,-0.40488,-1.0521,-0.037479
4.4069,2.8564,-0.25601,-2.3967,-1.4439,0.039749,0.7668,0.15562
-0.78701,-0.36877,0.44405,-0.18292,-4.9477,-0.0057382,-0.99417,0.18115
-0.90365,-4.3052,-1.1254,0.50224,1.0254,0.051724,3.0027,0.16263
-0.70236,0.38319,-1.9797,-0.040616,0.53907,0.07441,2.5236,0.14537
-0.7073,1.5137,-0.19669,-1.6876,8.0694,0.23372,0.24726,0.048434
-0.70936,3.4457,0.43682,0.84856,3.2076,0.056563,5.4339,-0.042127
-0.57375,-3.7436,-0.89194,1.0174,-7.3947,0.083856,1.0166,-0.12071
-0.67793,1.0545,1.1199,0.60837,7.49,0.074352,0.54702,-0.16944
-0.69165,2.2051,-0.30719,0.4744,4.9631,0.087675,0.8717,-0.19672
-0.68542,-1.7603,-0.35325,0.78918,-1.4824,0.071175,-1.8124,-0.084354
-0.85594,0.45437,5.0188,-0.33887,-3.4506,0.0077128,-1.8868,-0.081603
-0.72154,0.54293,-1.1412,-1.2393,4.8045,-0.14088,-1.4894,-0.064056
-0.67001,0.93307,-0.33842,0.005924,8.5996,0.080699,-2.227,0.0030925
-0.67619,-0.022113,0.75719,-1.246,-8.7186,0.030835,-2.0439,0.066201
4.4207,-2.0857,-0.45686,-0.64769,2.8865,-0.083627,1.5795,0.16509
4.3822,3.1892,-2.1975,-0.5133,8.6549,0.05757,-3.0818,0.19254
-0.72706,2.7061,-1.5003,1.0595,-3.9411,0.11048,-0.81574,0.12836
-0.71991,-5.422,-1.8417,0.0017684,0.82503,0.082855,-2.4672,0.015407
-0.91931,-1.8953,1.5689,1.0661,-3.6283,0.099015,3.7585,-0.1058
-0.784,-0.58808,1.1853,2.0569,7.2574,0.1458,-2.0689,-0.21242
-0.69439,3.4378,1.7399,1.4011,5.4498,0.085397,1.3393,-0.22026
-0.69781,-0.11803,-0.29155,0.56646,-4.3435,0.072382,3.6473,-0.1689
-0.54723,-2.444,1.6354,1.1463,3.4684,0.027139,-0.48567,-0.11083
-0.59758,2.3918,2.8324,-0.22728,5.1381,-0.078404,-0.72609,-0.042565
-0.65281,-3.2426,0.13434,-1.6292,2.2668,0.012109,1.2515,0.075814
-0.68358,0.56897,-3.7875,0.62255,-4.1028,0.025348,-2.1259,0.13284
-1.0146,1.0296,-2.4602,1.2014,-0.70616,0.0063587,-0.60465,0.14858
-0.75316,1.1819,-0.86457,-2.0569,7.8722,-0.35408,-5.6475,0.14547
4.4389,3.3674,-0.9251,-0.11591,-7.9521,0.088881,-0.071937,0.071409
4.3901,-6.5078,-1.0703,-0.31782,-3.7821,0.017172,-0.83841,0.16732
-0.71566,3.6357,0.12003,-0.465,5.4418,-0.20099,-0.32606,-0.013676
-0.59648,3.4016,-1.3226,-0.16141,1.5578,0.079063,5.0032,-0.08759
-0.72808,-0.94253,-2.4359,0.18249,0.93888,0.029898,-0.53185,-0.15948
-0.70891,-2.9375,-1.3068,1.0121,-1.4516,0.091846,3.958,-0.18893
-0.70625,-5.0464,2.5728,0.57337,1.3192,0.11784,0.43365,-0.11064
-0.97674,3.0929,-0.38019,-0.64725,7.2642,0.091711,1.7796,-0.1113
-0.74604,2.0589,2.878,0.41706,-0.25798,0.082836,1.3491,0.020664
-0.68128,-4.1179,0.054703,-0.20156,-4.8603,0.034121,1.0776,0.16063
-0.68538,2.7359,-3.084,0.071675,5.1852,-0.049724,-1.6546,0.092997
-0.52202,-0.35872,0.46346,1.2297,3.4225,-0.24163,-2.4476,0.21242
-0.66879,1.8449,2.4863,-1.2986,1.2067,0.019142,-1.3231,0.051306
-0.67623,1.397,-0.67094,0.067398,-6.0515,-0.025864,-1.1185,0.049943
-0.66866,0.68616,-3.1935,0.78519,5.5372,-0.18395,-0.24378,0.040865
4.3923,3.2233,-2.0111,-2.6642,-0.061477,0.053245,-1.7559,-0.044074
4.3597,-2.2204,-1.7451,-1.4975,-5.2439,0.080327,0.6553,-0.13977
-0.78378,-3.1561,0.8894,-0.70134,1.6823,-0.031293,0.61811,-0.21369
-0.72226,-1.0133,-2.2787,0.11798,4.5489,0.042585,1.547,-0.13863
-0.63197,-2.1215,-2.4024,-1.1033,3.696,0.056434,2.1679,-0.026356
-0.49894,-0.9531,-0.1889,0.75526,2.2104,0.040423,5.0201,0.015261
-0.70823,-6.1251,-0.29483,-0.43306,-6.7382,0.055145,1.8548,0.16063
-0.70854,0.42815,1.9074,-1.2976,8.0435,0.25805,0.88563,0.13009
-0.71519,4.6874,0.0093687,0.92511,4.229,0.022717,2.276,0.0066215
-0.80084,-2.5282,-0.58257,0.58596,-4.6227,0.033697,-0.064719,0.23075
-0.71673,2.276,2.9891,-0.48491,-1.3024,0.00052523,-2.3633,0.16737
-0.68439,1.9212,-0.95732,-0.30968,5.5591,-0.15609,-0.096071,0.067807
-0.67233,3.1631,-0.51702,-0.59027,5.8883,-0.044981,0.56206,-0.032295
-0.49307,0.36229,2.2986,-1.1899,-8.7713,0.068685,-1.5046,-0.0762
-0.59603,-0.74738,2.2342,-1.1877,2.703,-0.007426,0.94787,-0.15131
4.3868,2.3883,-0.62128,-0.056674,8.2109,0.049029,-1.5947,-0.18416
-0.38185,1.5704,-0.78417,-0.18976,-6.9695,0.065451,-1.97,-0.14021
-0.96371,-7.9639,-1.8555,-1.7493,-2.0502,-0.018669,2.0339,-0.069532
-0.74806,1.5929,1.0746,-0.5033,1.4593,0.094586,3.1383,-0.044829
-0.70721,-1.8158,-0.43314,2.3184,5.9638,0.0075011,0.68306,0.069365
-0.70121,-0.17906,-0.50512,1.906,3.5163,0.015125,2.1019,0.16939
-0.57351,-2.9482,-0.51698,1.4251,-7.869,0.10201,0.59605,0.20636
-0.62678,-2.1724,0.02214,0.41308,7.584,0.19411,-1.1907,0.22885
-0.68572,4.0911,4.6417,0.2339,5.6782,-0.006149,0.69633,0.14997
-0.69048,-1.1614,-0.34895,-0.70817,0.41005,0.018918,5.527,0.049237
-0.93573,1.8269,-0.35981,2.0952,-3.9137,0.047854,-1.2482,-0.034948
-0.73065,1.0394,2.973,0.88051,0.61758,-0.087632,-1.02,-0.08209
-0.63504,0.96479,0.64088,-1.7317,6.6431,-0.35113,-4.335,-0.12405
-0.66374,0.38927,-1.6073,-0.55067,-7.9901,0.092129,-0.19493,-0.14902
4.4157,-4.2618,-0.93972,0.12359,-3.4905,-0.0050772,-1.6112,-0.094332
4.3989,0.62844,-2.885,-0.31856,6.9692,-0.31165,-2.9926,-0.068972
-0.76307,1.1194,-2.0889,1.49,-4.3262,0.078421,0.49002,0.063572
-0.72541,-3.693,-1.8918,0.9947,0.27729,0.015536,1.2196,0.13011
-0.72017,-1.8576,-0.52369,-0.73177,-3.5739,0.066895,1.302,0.052888
-0.96203,-0.1501,3.1317,1.9744,3.7792,0.10145,-0.36039,0.27178
-0.70908,2.0649,-1.902,0.14788,6.4439,0.089472,2.7748,0.25528
-0.69406,5.2781,0.46859,1.1307,-4.0247,0.11076,2.0214,0.047631
-0.69557,-5.6239,-0.62881,-0.22226,-1.4208,0.088015,1.1673,-0.015429
-0.63128,3.9962,-1.0554,0.59804,6.0088,-0.020146,0.79524,-0.074034
-0.64025,-0.84645,3.0342,-0.4733,2.7272,-0.093311,-1.3659,-0.13717
-0.67998,0.97825,2.3176,-0.94064,-2.5056,-0.01634,0.36103,-0.17504
-0.67641,0.35641,-0.79974,0.83467,-4.4326,0.0089129,-1.5888,-0.12704
-0.81106,-0.065867,-3.2561,0.52097,4.2916,-0.36453,-2.6381,-0.1416
-0.75565,0.96027,-0.65463,-2.7781,-0.66024,0.067408,-0.61427,-0.03008
4.4307,-4.7321,-1.8563,-1.5537,-7.1583,0.025104,-0.5908,0.099276
4.4086,-1.6718,-0.023092,-0.10167,3.1263,-0.072673,-0.032693,0.15073
-0.25358,2.6467,-2.3604,-0.60546,5.6257,0.087546,-0.23366,0.15574
-0.58991,1.8786,-2.7344,-0.86362,1.2619,0.047155,1.9088,0.077785
-0.76435,-0.97014,-0.30006,-0.4193,1.149,0.037143,4.4438,0.30831
-0.70852,-1.7484,-0.45387,0.61372,-4.9458,0.053989,2.0963,0.087472
-0.98878,0.91007,2.5461,-0.41422,8.1018,0.26982,1.8223,-0.011316
-0.8114,6.0381,3.0206,0.33663,3.4797,0.072151,4.4956,-0.10502
-0.72979,-4.2595,0.89979,1.1733,-5.4519,0.11453,0.26355,-0.13889
-0.68442,0.9964,2.8577,-0.57651,1.0643,0.033755,0.22757,-0.1689
-0.67308,0.7137,1.171,0.020999,4.3104,-0.065517,-2.0034,-0.08871
-0.49278,1.3677,-0.29103,-0.55003,1.6654,-0.0058345,2.8613,-0.10614
-0.68548,-0.52814,0.20176,-1.0376,-8.445,0.009837,-1.1672,-0.0071538
-0.67373,-1.896,0.13908,-2.3527,3.005,-0.02105,-1.0218,0.064521
4.4311,4.3737,0.65052,-0.28156,9.0865,0.108,-1.0987,-0.019031
4.4083,1.4472,-0.13793,-0.74053,-7.8516,0.021786,0.81684,0.29743
-0.7463,-3.7637,2.2056,-1.851,-1.7997,0.02452,-0.21409,0.21693
-0.71599,3.0962,-0.7626,-0.29401,5.5218,-0.017668,2.0862,0.080536
-0.70542,-0.83073,-0.31589,1.0954,0.89832,0.10863,2.4939,0.005648
-0.50066,-0.75709,-0.2025,1.2736,1.2671,0.0057812,2.7346,-0.087907
-0.62542,-2.4002,0.81957,1.5301,-6.7769,0.072459,3.6069,-0.17326
-0.69904,-6.1517,-0.011908,1.1225,6.6928,0.11858,2.3052,-0.18523
-0.70162,3.2537,1.7623,-0.013518,6.2137,0.057102,0.71443,-0.17747
-1.0172,-0.87928,-0.18831,-0.21532,-1.7694,0.079563,1.5461,-0.10891
-0.75013,-0.26828,0.55119,1.4199,-4.3189,0.032176,-1.1077,-0.0059125
-0.65292,-0.013624,0.74595,0.34819,1.566,-0.043094,2.605,0.069559
-0.671,1.7186,-0.16824,-0.90918,3.0062,-0.22775,-1.8698,0.0095907
-0.3679,2.3112,-0.75823,-0.90713,-5.2004,-0.016327,-0.33087,0.047509
-0.50857,-0.37895,-2.6461,-0.27661,-3.4861,0.059643,-1.8687,0.19996
4.4113,1.5443,-2.4648,0.11477,6.1019,-0.51215,-3.4261,0.14929
4.3737,4.5862,-1.0793,0.45896,-6.052,0.052764,1.2816,0.1158
-0.77687,-0.21788,1.3197,1.0788,-3.055,0.002059,1.3665,0.0097124
-0.91976,-1.3115,-0.80693,0.7949,-1.423,-0.012072,2.6767,-0.069094
-0.7475,-0.88243,2.887,0.48598,0.072578,0.04539,1.3355,-0.19112
-0.70501,-0.80487,-0.37664,0.036413,6.4391,0.1013,4.3811,-0.23065
-0.7044,2.2035,-0.08624,1.0875,-1.5994,0.087463,2.882,-0.11789
-0.53941,-7.7719,0.22634,-0.36685,-6.8405,0.084858,1.6831,-0.11967
-0.68634,1.4172,0.87771,-0.41576,5.5339,0.04745,0.61428,-0.071917
-0.69731,-0.98513,-0.51075,0.79399,3.8826,0.02058,0.88008,0.081777
-0.69226,0.52082,-0.23667,0.016772,-2.7441,0.042034,-3.3692,0.077761
-0.7665,0.37505,2.2979,-1.0264,-4.3909,-0.055692,-1.1374,0.1957
-0.71674,2.7488,-2.1231,0.40054,3.1698,-0.16932,-0.89296,0.2033
-0.67,1.9263,1.7069,-1.3137,6.6362,0.068923,2.6158,0.10324
4.3888,-0.19124,0.7286,-1.8731,-8.125,-0.0038258,0.74108,0.0020216
4.3846,-0.5017,-0.18283,-0.67911,3.754,-0.14755,2.5915,-0.028449
-0.64291,1.6285,-5.6162,-0.62205,6.3224,0.023757,4.3099,-0.12643
-0.72471,0.71719,-0.86621,-0.023114,-3.456,0.033466,-1.6172,-0.16537
-0.71786,0.52098,2.7555,-1.4298,-0.19422,-0.036504,2.0202,-0.16238
-0.84092,-1.6644,-1.3257,0.16165,-4.314,0.070662,2.0311,-0.093991
-0.75636,-1.6002,0.9532,1.1974,7.2361,0.17252,1.979,0.013996
-0.66487,3.1254,2.0639,1.3334,4.2543,0.057763,1.8227,0.023974
-0.68803,-2.5865,0.50177,-0.086071,-5.0987,0.12034,3.4271,0.15216
-0.67826,-0.55884,0.2091,0.048424,2.4037,-0.023906,-1.3022,0.17679
-0.5533,1.1967,4.4999,-0.43801,4.3817,-0.099222,0.48801,0.19032
-0.7215,1.469,-1.5931,-0.61661,1.2241,0.027909,3.1328,0.19327
-0.68434,1.6242,-1.3685,-0.32961,-6.5448,-0.02105,-3.4944,0.044467
-0.67942,2.6059,2.3752,-1.5212,0.59189,-0.040476,-1.7657,-0.034461
-0.78941,2.3273,-0.049777,-0.73717,8.6429,-0.15769,-4.7302,-0.082285
4.3988,1.6124,-1.0487,0.28434,-9.6955,0.051564,-0.26946,-0.080459
4.3705,-5.8813,0.032129,-1.6842,-1.7073,0.040795,-1.336,-0.1819
-0.72052,1.3397,1.6379,0.73111,6.4292,-0.16637,-2.6854,-0.12675
-0.57362,-2.7346,-2.1052,0.92359,-1.0329,0.040025,0.6401,-0.13434
-0.63848,-3.4247,-1.8491,2.0509,0.20056,0.057044,3.3853,0.10458
-0.72018,-2.163,0.72639,0.22843,-4.7593,0.093489,4.7806,0.18597
-0.71541,-6.5527,0.31979,1.1002,4.6074,0.10604,-1.0955,0.27604
-0.83237,2.8145,0.017816,0.77629,5.3418,0.013046,2.6127,0.34966
-0.77289,2.3771,2.9331,0.461,-2.5045,0.095761,2.631,0.081217
-0.68157,-1.6221,1.727,0.74673,-3.1325,-0.02132,0.11407,0.18263
-0.68135,2.9643,1.6143,-0.096984,1.9294,-0.13336,-0.19329,0.05795
-0.27801,1.8781,-0.081351,-0.71533,2.6016,-0.15978,-3.1623,-0.018666
-0.59363,1.7362,0.94849,-0.18708,-3.4635,0.055504,-1.0931,-0.081433
-0.79618,0.99834,-0.89344,-0.10037,-3.6774,0.065027,-1.6615,-0.1902
4.416,-0.23572,-0.4351,-0.11879,6.1361,-0.44461,-3.3939,-0.19456
4.3953,1.177,-2.3549,-0.68349,-7.1517,0.065226,0.64764,-0.14191
-0.50716,-2.9146,1.4208,0.36895,-5.5823,0.018751,-3.2774,-0.095038
-0.77212,-2.6275,-2.2772,-0.19918,0.50548,-0.039571,1.9669,0.062866
-0.717,1.1736,-0.35452,0.18161,1.2499,0.028473,1.1542,0.0084468
-0.70874,-0.41142,-0.79417,-0.57999,4.1374,0.083998,4.4826,0.039015
-0.4521,0.50161,-1.9622,0.51681,-1.3386,0.075411,2.4173,0.29812
-0.70825,-6.3108,0.82706,-0.40758,-6.3797,0.11764,0.96005,0.20819
-0.70907,2.8826,0.34327,-0.15399,6.4168,0.038498,1.8113,0.15535
-0.70778,4.0917,-0.73555,1.2329,1.2375,0.054721,0.81248,0.011246
-0.84316,-0.71065,0.30799,0.64885,-6.3375,0.031278,-0.54629,-0.0661
-0.69106,2.0044,3.0661,1.1049,-3.5469,-0.0766,-1.1844,-0.12519
-0.6796,2.7014,-0.52575,0.67691,2.831,-0.15681,-1.8609,-0.11899
-0.66454,1.2107,0.4411,0.26172,5.6757,-0.078121,-0.64924,-0.10762
-0.48027,-1.1007,1.855,-1.9199,-9.4215,0.05965,-4.2977,-0.11531
4.4234,-1.5999,-3.2282,-0.86516,3.0487,-0.3009,-0.55412,-0.083794
4.4033,1.4892,-3.2398,-1.0468,3.9612,-0.064202,3.2801,0.047606
-0.73686,-0.91724,-2.7404,-0.66819,-6.178,0.037644,-0.26302,0.096915
-0.84946,-1.4231,3.2799,-2.2948,-2.3952,-0.052239,2.6391,0.1746
-0.79015,1.4847,-1.8089,0.17119,-1.3072,0.07706,1.7282,0.19247
-0.70138,0.50775,1.4284,1.0639,6.5901,0.060022,3.2206,0.21634
-0.69702,4.6585,2.4791,0.4547,2.3738,0.035468,2.241,0.10344
-0.68111,-1.6647,0.8858,1.134,-8.9446,0.097051,-0.82077,-0.0048417
-0.65604,-0.28189,2.4273,0.76088,5.7554,0.0097793,-0.43599,-0.074083
-0.74016,1.8662,3.5189,0.33118,3.7813,0.029943,-0.19472,-0.18355
-0.69269,-1.077,1.6648,0.055091,-1.3169,0.044363,0.96575,-0.18682
-0.72642,0.06407,-1.5279,-0.4752,-4.5034,0.048887,-3.6276,-0.13123
-0.79723,0.21053,3.5372,-1.1049,0.91487,-0.10531,-2.0153,-0.10777
-0.62706,0.12358,-0.61365,-0.48123,7.6892,-0.42467,-2.996,-0.06279
-0.65525,-0.74761,-1.6259,-0.99925,-8.6142,0.042117,-2.1307,0.090271
4.4177,-5.0441,0.72725,-0.90174,0.46692,0.013604,-1.8616,0.030278
4.3962,2.0936,-1.553,1.1218,7.3739,-0.18757,-1.4643,0.23153
-0.69401,2.4785,-3.0705,1.711,-3.9941,0.022293,2.6461,0.19127
-0.72614,-2.2019,-2.1469,0.18015,-1.822,0.0049661,1.2027,0.070557
-0.72436,-0.62504,0.46452,1.1311,-5.0707,0.096672,2.429,0.087496
-0.87113,-2.8988,0.71709,1.4787,4.9732,0.086943,-0.8977,-0.049112
-0.77441,2.511,1.1002,1.3473,4.6991,0.060638,0.66892,-0.12507
-0.69138,3.2786,1.3569,0.79517,-4.7322,0.046372,3.1136,-0.18416
-0.69278,-4.074,1.085,-1.1167,0.7003,0.069956,-1.5306,-0.13098
-0.47509,1.832,2.7764,-0.018875,3.5819,-0.13377,-0.37052,-0.1563
-0.60192,-1.4874,1.0968,-1.1875,1.5961,-0.057444,-1.9893,-0.051376
-0.72261,-0.26912,-1.0437,0.33681,-2.7447,0.066362,-2.1811,0.039818
-0.68365,-0.75801,-1.1514,0.59587,-3.0569,0.010825,-3.0953,0.10928
-0.77397,1.1656,-0.2333,-1.291,5.1139,-0.65823,-1.3619,0.12958
4.4292,2.3261,-2.0404,-0.39393,-8.6592,0.072812,-0.8696,0.060944
4.397,-3.8919,-1.6776,0.13351,-6.2318,0.040288,-0.78346,0.26752
-0.72935,0.95613,0.053412,-0.46618,1.3111,-0.17642,1.8293,0.082458
-0.59926,5.5185,0.512,-1.0,0.23136,0.093053,-2.9627,0.0015105
-0.61898,-1.2964,-2.3145,0.77516,-0.36347,0.071483,1.98,-0.071649
-0.71455,0.071102,-1.1971,0.093596,-2.6988,0.11577,2.945,-0.17404
-0.71418,-6.7269,1.8732,-0.25623,-0.33878,0.10844,0.9396,-0.22264
-0.71783,3.4767,-0.14774,-0.58191,5.3086,0.059053,1.4863,-0.095598
-0.80809,2.4839,0.12048,0.99252,-0.13074,0.079544,1.1927,-0.10234
-0.66967,-2.8455,0.19245,-0.29439,-7.2127,0.097012,2.0797,0.0090796
-0.68534,0.34329,2.2904,0.78392,1.3852,-0.11186,-2.4197,0.094141
-0.67445,0.90082,0.37799,1.9647,1.9354,-0.31773,-0.42728,0.054178
-0.46342,0.85942,1.3263,-0.59406,0.81195,-0.023887,-0.88757,0.061966
-0.59133,0.84324,2.3161,-1.7575,-9.8392,-0.04715,-6.8533,0.072626
-0.68125,2.9234,-2.0899,-0.44829,3.5455,-0.20694,2.0302,0.14729
4.3956,2.7556,-0.26079,-2.7529,3.466,0.026195,3.0432,0.011027
4.3597,0.6083,0.86863,-1.6433,-8.808,0.034653,0.11529,-0.033463
-0.70722,-2.5318,1.4165,-0.35845,-1.9414,-0.034643,0.76362,-0.11242
-0.71463,1.9075,-4.2737,-0.26234,2.6019,0.074994,4.1125,-0.13865
-0.71194,0.27907,1.0039,0.20696,2.1182,0.023096,2.4081,-0.16063
-0.46102,1.3254,2.1038,-0.2399,0.042996,0.055299,4.349,-0.067147
-0.5526,-6.897,-0.7887,1.4936,-10.127,0.091172,0.53791,-0.10582
-0.69435,-1.3956,1.311,0.16507,6.9959,0.071625,0.42729,-0.001264
-0.70597,2.5644,1.6418,-0.68923,3.1142,-0.019876,0.08046,0.0019973
-0.81854,-1.1563,0.3151,0.20141,-4.6511,0.052398,-1.8087,0.2151
-0.79208,1.7689,-0.23329,-0.81094,-3.6926,-0.040226,-4.3685,0.20196
-0.67096,1.4355,1.6306,-0.27384,2.1061,-0.061038,-1.3718,0.17871
-0.67414,2.3338,-0.96211,-0.048998,4.2191,-0.18425,-0.48406,0.080584
-0.67605,2.8183,-0.61893,-0.9131,-10.52,0.033242,-0.7534,-0.012678
4.3909,-0.93228,2.5284,-1.5647,-1.7982,-0.028565,-2.759,-0.051205
4.3744,2.4383,-0.46363,0.93939,6.8077,-0.64108,-2.4701,-0.16248
-0.73789,1.2594,-2.4021,0.69807,-9.6301,0.021697,-0.62711,-0.21042
-0.73279,-4.9704,1.4849,-0.053122,-3.4362,0.0037147,-2.1075,-0.091996
-0.74671,-1.4079,-0.91402,0.076505,-2.3392,-0.013696,1.2931,-0.11203
-0.75568,-2.2062,-0.15789,1.7336,3.0766,0.053027,-2.1173,0.045027
-0.70512,0.21221,-1.6948,1.672,2.027,0.0032527,1.0667,0.19999
-0.70548,0.95713,0.79376,-0.031509,-8.3443,0.10027,2.947,0.066201
-0.47915,-5.7393,-0.24143,0.74004,3.4199,0.035122,-3.4262,0.2583
-0.61979,3.1189,4.3727,-0.48701,3.6292,-0.023868,-0.059633,0.24596
-0.69967,-0.19522,-1.5479,0.72616,-1.0538,0.031348,-0.34841,0.14569
-0.69641,1.874,-0.33364,2.1718,-5.3946,-0.0014385,-3.5717,0.071385
-0.80056,1.6199,-0.93866,-0.47161,-3.0727,-0.15745,-1.6962,-0.021683
-0.70878,1.229,0.5653,-0.78899,3.5007,-0.60983,-2.3233,-0.072598
-0.67718,2.5052,0.090472,-2.1499,-8.2125,0.080949,-1.1632,-0.16498
4.4008,-6.5161,-2.0859,0.34717,-7.0251,0.01121,-3.2806,-0.12497
4.381,2.2561,0.67772,-1.0996,2.9021,-0.3122,-0.55325,-0.12415
-0.57639,2.3764,-1.4606,-0.7482,-2.3523,0.090319,1.5262,-0.10945
-0.63592,-4.1337,-0.8576,0.032277,-3.649,0.061151,-0.72565,0.022027
-0.72391,-3.3345,-2.0898,-0.25294,-4.6607,0.021645,1.0017,0.17742
-0.77391,-2.695,1.2347,0.024345,-0.90521,0.043657,1.0569,0.20439
-0.77242,2.8145,0.14158,-1.0134,5.1455,0.11866,4.2796,0.35356
-0.65932,3.0813,1.1039,2.3316,-2.6451,0.095132,1.1173,0.294
-0.68923,-5.4778,-0.85704,-0.45417,-7.7543,0.10068,-1.323,0.046463
-0.68671,2.5223,0.044405,0.57576,3.0217,-0.059485,-1.8404,-0.017157
-0.51031,0.86349,1.7856,0.34686,1.1018,-0.13312,-1.5967,-0.054588
-0.62026,1.5746,1.429,-1.0794,-2.4213,0.024854,-2.6447,-0.1214
-0.67758,-0.56252,1.5449,-0.2036,-8.274,0.012937,-7.9989,-0.14846
-0.67496,1.3952,-2.3484,-0.6636,2.1374,-0.32534,0.081623,-0.13269
-0.92035,1.6844,0.2412,-3.5408,1.0754,0.020214,2.4673,-0.11743
4.415,-3.9366,-1.611,-2.2217,-8.4534,0.014143,-1.3891,-0.024531
4.4399,-3.3268,-1.3531,-0.41211,-1.1828,-0.11392,0.24418,0.042325
-0.72135,1.5756,-3.4697,0.12321,5.33,-0.029772,2.1566,0.12223
-0.42475,0.060493,-3.6868,-0.25244,-1.378,0.12736,1.3345,0.085209
-0.63412,1.1397,0.8105,-1.0768,-1.7488,0.0085214,3.4165,0.17273
-0.71144,-3.1312,-0.53006,1.1163,-8.4251,0.058225,0.53783,0.18553
-0.70679,-1.3656,1.2121,0.61398,7.221,0.043144,1.1451,0.10507
-0.83314,4.3137,2.3028,-0.5542,1.8066,0.009407,1.3507,-0.0099039
-0.7994,-3.2268,1.8229,0.67879,-5.6323,0.088612,0.49257,-0.088004
-0.63097,0.6617,1.878,-0.30189,-2.0735,-0.0046023,-1.2662,-0.17913
-0.68108,-0.15437,4.4237,0.6252,2.7807,-0.10167,-1.7516,-0.15223
-0.25633,1.9971,-1.678,-0.82685,2.4797,-0.055102,0.55769,-0.12541
-0.56811,-0.081491,0.49544,-1.182,-9.3089,0.064155,-5.8712,-0.13471
-0.62496,-1.8581,0.98517,-1.5241,0.22027,-0.0045446,-1.4113,0.027455
4.4325,1.7804,-0.70072,-0.43782,8.5362,-0.27747,-4.4632,-0.027598
4.4046,3.4106,-0.82674,0.32535,-9.1518,0.074506,-1.3631,0.076374
-0.95413,-3.914,2.6843,-1.8706,-5.0442,-0.019427,0.15606,0.2316
-0.79899,3.4288,-0.15131,-0.017712,0.82153,-0.020171,3.0736,0.16752
-0.71243,0.058508,-0.69776,3.0106,1.2836,0.12178,0.89268,0.10806
-0.69914,2.0913,-0.88411,1.6212,0.061229,0.057057,2.5949,-0.0011423
-0.60809,-0.83314,0.68037,0.85575,-7.8514,0.074513,3.5336,-0.077953
-0.67279,-7.8606,1.1044,0.46501,3.1695,0.12074,1.4027,-0.11799
-0.69552,3.7317,2.7251,0.91939,4.5276,-0.016699,1.3126,-0.16053
-0.69136,-0.072841,-1.7973,0.11126,-1.0778,0.033896,-0.94412,-0.18487
-0.7915,-0.40674,1.3911,1.9114,-6.0557,0.063969,-4.9424,-0.1433
-0.70189,0.96531,-2.3134,-0.71939,-1.1504,-0.064991,3.3794,-0.047165
-0.66835,1.1521,-0.32881,-0.19469,2.6686,-0.4206,-3.9624,-0.042882
-0.66256,1.4529,0.35068,-0.62561,-4.9951,0.091622,-1.4113,0.060822
-0.53638,-0.4336,-1.9349,0.60404,-5.2205,0.027171,-2.91,0.18387
4.4192,0.29343,-1.1131,0.54874,4.7255,-0.65222,-5.0366,0.2316
4.3725,4.0379,-1.1235,-0.72763,-6.5097,0.10221,-0.026958,0.19711
-0.72695,0.37217,0.22549,0.36475,-4.5151,0.027735,-0.40675,0.087959
-0.88855,-0.25291,-1.5926,-0.0999,-2.3298,0.025958,1.0379,-0.010464
-0.74988,-0.6708,1.1424,0.50545,-1.4289,0.065496,0.93003,-0.12308
-0.63869,0.40516,-0.16642,-0.87639,5.9379,0.083863,2.2469,-0.24114
-0.69843,2.1735,-0.043668,1.7264,-1.7753,0.059258,1.8743,-0.16956
-0.69141,-8.3834,0.23323,-0.47673,-7.2528,0.098674,-0.90634,-0.13381
-0.59934,2.0398,0.27336,-0.35581,3.4964,0.012179,0.37951,-0.11731
-0.60592,-0.1004,-0.93343,0.91861,3.1425,0.02753,0.070526,-0.012192
-0.6911,-1.1207,1.2662,-0.92637,-3.4108,0.067068,-3.1798,0.10531
-0.67298,1.118,2.4798,-1.1035,-5.9683,-0.044384,-3.0033,0.0070839
-0.82892,1.6684,-1.3273,-0.0047894,2.5208,-0.22662,-0.79437,0.21111
-0.67528,2.273,2.5569,-2.331,4.0256,0.034775,1.1882,0.15859
4.4198,-0.4613,1.4498,-2.5162,-8.7708,0.057115,-1.1967,0.046341
4.3803,-1.4248,-2.2069,0.20181,2.543,-0.15125,1.8966,0.083627
-0.59909,2.4165,-3.997,-2.2333,3.758,-0.041118,1.3858,-0.010415
-0.67561,0.21693,-2.1877,-1.3031,-3.1119,0.085397,1.052,-0.10935
-0.71541,0.07326,2.0935,-0.9486,-0.41806,0.045114,4.1487,-0.17309
-0.71454,-2.6522,-0.26155,0.83263,-6.3014,0.094888,1.721,-0.14354
-0.93747,-4.1776,2.1441,0.49647,6.9152,0.10756,1.1216,-0.12952
-0.8427,2.1854,2.3089,0.21823,2.934,0.13109,1.7325,-0.099784
-0.68741,-2.2665,1.8381,0.71996,-5.8084,0.11107,2.4111,0.043664
-0.69371,-1.3141,0.28879,0.043768,1.2967,0.065278,0.55585,0.11383
-0.36728,1.9823,2.1243,0.63847,3.2112,-0.079366,-1.4628,0.21963
-0.60735,0.97034,-1.3186,0.081554,-0.019982,0.017692,0.080544,0.18833
-0.69747,0.66787,-1.0173,-0.43993,-7.8687,-0.017161,-4.0948,0.08185
-0.67754,1.6806,1.2236,-1.5021,1.567,-0.0037617,-1.4802,0.050478
-0.91041,2.6148,-0.61676,-0.9123,8.7273,-0.28419,-3.0338,0.017549
4.3931,0.91168,-0.68444,-0.8867,-10.007,0.089221,-2.0115,-0.057071
4.3595,-3.7357,0.89503,-2.1208,-2.0116,0.008053,-1.0786,-0.15418
-0.72684,-0.10547,0.10975,-0.017372,6.1608,-0.12017,1.1553,-0.18321
-0.71477,2.0969,-0.25779,0.15558,-1.8855,0.086218,-0.34543,-0.077782
-0.40987,-1.7387,-2.9362,1.519,-1.9254,0.054272,3.0842,-0.064056
-0.6936,-0.10399,0.45292,1.0882,-4.8496,0.12556,4.0793,0.16776
-0.70998,-7.1072,1.1138,0.64703,2.7948,0.10816,-2.3209,0.14591
-0.69959,2.9451,1.1863,0.55414,4.1455,0.041353,0.25436,0.10363
-0.95858,2.2005,0.37117,-0.27869,-3.3419,0.094939,-0.54917,0.067393
-0.70476,-2.2271,0.42116,0.965,-2.9831,-0.018406,-0.31451,0.22014
-0.6831,2.513,0.34698,0.62365,0.59953,-0.1104,-1.5765,0.1242
-0.67373,2.4111,1.2475,-0.44692,1.7999,-0.1854,-2.9846,0.033588
-0.51696,1.9097,0.91078,-0.27352,-4.4306,0.086642,-1.9384,-0.0091008
-0.69781,1.3472,-1.4684,0.20819,-4.5414,0.045736,-3.0173,-0.11276
4.3994,0.15186,-0.92016,-0.46488,5.7386,-0.57518,-2.8911,-0.13478
4.3858,1.3927,-1.2438,-1.0061,-7.6598,0.096146,-0.99276,-0.13972
-0.8938,-2.0402,-0.038972,-0.19234,-6.1049,0.012693,-1.8215,-0.1361
-0.81446,-3.6778,0.65374,0.25489,0.23153,-0.0046152,-0.31287,-0.067755
-0.69062,1.8993,-0.49242,1.0541,-0.64033,0.10754,1.28,-0.030786
-0.71046,-0.59958,-1.1284,-0.19383,4.9013,0.13825,2.4183,0.2067
-0.48077,1.0532,-1.8999,0.12525,-1.7685,0.12062,1.7863,0.29213
-0.63004,-8.1951,0.16267,-0.26592,-5.7261,0.12743,0.12475,0.20563
-0.68279,3.161,0.73655,-0.13503,5.873,0.060362,-0.15407,0.23532
-0.70132,3.8281,0.86484,2.6957,0.9493,0.09485,-0.77339,0.13783
-0.97607,0.79618,-0.35138,-0.66838,-5.7157,0.061536,-0.71111,0.0088362
-0.93298,1.5557,1.6176,1.3182,-2.8923,-0.010224,-4.741,-0.066222
-0.70133,3.0882,-0.2701,1.0687,2.8945,-0.1997,-1.3763,-0.10078
-0.67564,-0.14972,1.3988,-0.51673,4.7633,0.070296,-1.0133,-0.12495
-0.67148,0.11422,1.6443,-1.4178,-8.891,0.04186,-4.7048,-0.080995
4.416,0.074538,-2.3199,0.055348,3.5431,-0.26079,-0.18227,-0.13269
4.3951,0.39665,-1.989,-1.6238,4.4644,0.024077,3.0482,-0.046703
-0.72629,-0.23157,-0.36195,-1.4973,-6.1607,0.082316,0.44764,0.036338
-0.71685,-2.6307,-0.049854,-1.2622,-0.4596,0.055343,3.3763,0.033125
-0.986,-0.56763,-1.686,-0.25315,-3.1921,0.086937,1.699,0.23593
-0.75867,-0.55007,1.2401,1.1336,7.5931,0.020997,4.7148,0.27268
-0.7029,3.4422,1.7362,1.3025,3.6039,0.061562,2.428,0.27439
-0.69395,-0.14371,-0.92169,1.6036,-7.5138,0.14599,-0.64515,0.026238
-0.58956,-1.3345,3.1248,1.3589,5.0163,0.056357,-0.11234,-0.0128
-0.64565,2.5395,3.5421,1.4198,4.3454,0.059258,0.56544,-0.11879
-0.67715,-2.0397,2.3901,-0.4608,0.23676,0.039441,3.5289,-0.15875
-0.6804,-0.71804,-0.64092,-0.81978,-4.7937,0.056242,-3.8548,-0.18377
-0.96717,0.73622,2.1744,-0.43322,0.051114,0.011807,-1.5272,-0.1315
-0.72382,-0.67394,-1.5505,-0.68651,8.293,-0.40183,-1.813,-0.11672
-0.55344,-0.036056,-2.042,-0.30891,-9.5121,0.089266,-2.8641,0.027844
4.4265,-7.8549,0.58469,0.97371,-0.6855,0.0073855,-3.2276,0.16518
4.4376,0.98492,-2.5087,0.78776,6.8408,-0.33867,-3.6722,0.085914
-0.61283,1.7961,-1.6534,2.7877,-3.0207,0.14333,-3.4997,0.20064
-0.73516,-3.3643,-2.2784,0.69835,-1.2779,0.094137,3.444,0.095065
-0.71431,-0.81969,1.0074,-0.047232,-3.5408,0.10852,2.1736,0.093045
-1.0165,-3.2595,1.9259,0.92044,4.555,0.099329,-0.07466,-0.014601
-0.83173,3.2289,0.1921,0.80827,5.5531,0.10541,2.3704,-0.058263
-0.65657,2.5919,1.7391,0.82085,-2.88,0.081816,4.1424,-0.15262
-0.6875,-4.6239,-0.98016,0.30266,-0.00075948,0.090088,-1.1364,-0.15934
-0.68892,2.7761,0.66337,1.031,4.1315,-0.037107,-1.1443,-0.10253
-0.48168,-1.3893,0.18663,-0.71473,2.4475,-0.091502,-3.1969,-0.13062
-0.65458,1.9738,0.2787,0.14608,-3.7708,0.030001,-2.5473,-0.11891
-0.67756,1.275,-1.6375,0.44907,-2.2,0.032581,-2.232,-0.010001
-0.67173,0.78676,-0.89124,-1.6288,6.9227,-0.51066,-2.6974,0.043153
4.4244,3.1247,-1.1781,-1.7384,-7.4512,0.050851,1.1147,0.058486
4.3966,-5.0934,-1.877,-1.2818,-5.1175,0.066606,-2.7971,0.21892
-0.72427,-0.055726,0.80488,-0.44542,2.8063,-0.051809,1.2707,0.17652
-0.72564,4.8988,0.56656,-0.70891,2.2151,0.15125,2.9366,0.06384
-0.64006,2.2938,-0.98984,-0.54069,1.4668,0.059579,1.5431,-0.010658
-0.72673,1.2459,-0.77317,0.13154,0.19546,0.070046,3.2405,-0.11482
-0.70771,-4.9734,3.2187,-0.33996,-3.2384,0.11419,0.79385,-0.19898
-0.7047,1.9719,0.59689,-0.67461,7.9867,0.062255,2.4769,-0.19139
-0.92849,2.9672,1.4178,1.8475,1.15,0.091769,1.9657,-0.15308
-0.80185,-3.6562,-0.13236,-0.13337,-6.3268,0.093014,-1.6763,-0.077174
-0.72185,-0.099267,2.0021,0.8779,0.55378,-0.0018685,-0.99916,-0.014991
-0.68371,-0.16206,-3.592,0.47386,4.1594,-0.24749,-1.0349,0.074524
-0.67957,2.0449,-0.55394,-0.47826,2.868,0.012969,0.063211,-0.017765
-0.42221,-0.6266,2.4323,-2.1868,-8.9231,0.066991,-5.5849,0.16141
-0.70803,1.142,-1.8738,-0.42555,4.6121,-0.12491,-0.87961,0.20619
4.4009,3.8494,0.32867,-2.1483,6.4675,0.044851,5.9507,0.1562
4.3652,2.7721,0.19552,-2.0622,-6.0995,0.079833,-0.45856,-0.0084193
-0.92822,-1.4129,1.6094,-1.5062,-1.532,0.013617,2.8467,-0.062011
-0.75821,2.6241,-1.1138,-0.22145,3.2008,0.082772,1.9755,-0.075373
-0.7156,-0.33289,1.2618,0.97533,5.8102,0.098809,0.82341,-0.21957
-0.70568,3.1838,2.7831,0.72842,3.1778,0.088342,1.6201,-0.17482
-0.51965,-3.9974,0.14241,1.1763,-7.7299,0.12639,2.1362,-0.15627
-0.5994,-3.9767,0.952,1.3136,8.3574,0.19746,1.4007,-0.053469
-0.7042,3.2351,2.0302,0.69827,5.2679,0.048849,0.38892,-0.030348
-0.69545,-1.6522,-0.39711,-0.54093,-1.8923,0.094529,0.31048,0.052717
-0.96458,1.2816,-1.0489,0.064796,-4.3344,0.0044014,-1.996,0.193
-0.72418,0.18397,4.3913,-0.55806,2.5054,-0.019934,-2.7818,0.19814
-0.67998,1.6452,-1.7127,-1.0055,7.2339,-0.17096,-1.1526,0.17957
-0.66707,2.2021,-1.1062,0.0089299,-7.8034,0.043246,-0.99761,0.046365
4.4086,-2.1487,2.3229,0.37535,-0.27192,0.039268,-4.0038,-0.010439
4.3704,1.4482,-0.082919,1.1804,8.7904,-0.21277,-3.4882,-0.098932
-0.80744,2.8423,-1.9539,1.3455,-5.6928,0.095286,-3.2503,-0.17832
-0.72779,-5.235,-1.029,-0.14023,-1.6188,0.041976,1.2319,-0.1717
-0.8781,-3.5656,-0.2642,0.59592,-2.4457,0.05585,1.3913,-0.15469
-0.78603,-3.159,1.6902,1.1207,5.2163,0.1156,-0.51266,-0.037844
-0.65814,0.86618,-3.0532,0.91289,5.7515,0.04188,2.0929,0.10619
-0.69758,0.8132,0.50018,1.0781,-4.8102,0.086834,4.9409,0.060457
-0.70404,-7.1587,1.0446,1.6421,1.9479,0.093406,0.40897,0.045343
-0.44074,4.3608,1.9702,-0.38729,5.4682,0.033376,1.0578,0.21683
-0.68658,-0.41294,0.30421,0.54317,0.33155,0.063545,-2.0938,0.20451
-0.69323,2.231,-0.64758,-0.64036,-2.9157,0.069937,0.69624,0.13413
-0.68901,1.9451,-0.48256,1.0829,-0.78664,0.059277,-0.83649,-0.019104
-0.82822,1.8777,0.86347,-1.1475,4.8437,-0.33232,-2.6058,-0.042857
-0.69742,2.1763,-0.28754,-1.2742,-4.1427,0.12904,-0.45431,-0.15007
4.3932,-4.3983,-2.1869,-0.1619,-5.4211,0.092995,-2.0647,-0.13356
4.3697,-1.3491,1.1146,0.071694,5.1444,-0.1541,2.2697,-0.14308
-0.3903,3.8601,-1.2432,0.034615,-0.26821,0.096409,3.2267,-0.16206
-0.657,-3.4883,-2.9777,0.89018,0.23436,0.044171,0.69807,-0.061719
-0.72593,-3.3723,-2.0606,-0.79545,-0.83988,0.043875,0.75084,0.10307
-0.71848,-4.594,2.006,0.98489,-1.0258,0.094907,0.82506,0.14235
-0.85536,1.9013,-0.5433,-0.95267,7.3922,0.058578,3.8407,0.30654
-0.85602,3.6036,1.5366,0.83528,0.16636,0.06823,3.1255,0.23506
-0.67973,-6.3952,0.90912,-0.62327,-5.1729,0.12879,0.2263,0.090685
-0.69078,3.1724,0.61404,0.28686,5.1379,0.0031243,-0.074718,0.066274
-0.43226,0.79083,-0.78752,1.18,5.4331,-0.03617,-0.43834,-0.00058252
-0.58964,1.317,0.82353,-1.8666,0.68352,0.065528,-5.1794,-0.076468
-0.76792,0.39945,3.4292,-2.0354,-6.0313,0.053239,-3.2127,-0.15063
-0.67738,0.3833,-2.2043,-0.23238,6.3612,-0.070196,0.022522,-0.20509
-0.84808,2.7371,0.31517,-2.0627,5.2028,0.076592,2.2166,-0.13461
4.4015,-5.3163,-0.78544,-1.6351,-6.32,0.018494,0.2442,-0.098031
-0.74919,-4.3732,0.36692,-1.9637,1.277,-0.0050323,1.8994,0.0025327
-0.71783,-0.15003,-1.7098,-0.49112,7.3257,0.10008,4.0188,0.18845
-0.70594,1.6197,-3.8703,-0.063719,2.3342,0.072594,3.1374,-0.0019941
-0.46255,1.2046,0.46895,-0.23947,1.1156,0.021934,6.0613,0.26575
-0.68797,-2.6449,-0.67354,0.77006,-6.5524,0.093284,2.6072,0.29773
-0.70974,-0.15043,2.2338,0.88532,9.049,0.30976,1.7204,0.14832
-0.70604,4.0315,2.8089,0.2753,5.2052,0.061819,2.0495,0.07046
-0.84295,-3.5456,1.3061,0.090899,-3.2775,0.066106,-1.7779,-0.024945
-0.71559,2.1773,1.7829,-0.28053,-0.12347,0.023808,-0.29752,-0.11429
-0.67559,0.091755,2.6799,-0.13453,5.7535,-0.0359,-2.0461,-0.16063
-0.67513,3.0498,-0.53474,-0.45006,4.3496,0.0068144,2.4317,-0.11835
-0.53521,0.14101,0.51839,-0.86447,-7.8068,0.034069,-2.8147,-0.13376
-0.531,-2.2528,0.114,-3.0777,3.2932,0.0072187,-0.61212,-0.019955
4.4239,3.028,-1.0497,0.084759,8.8579,-0.10371,-0.81436,-0.074837
4.4034,0.65528,-0.26587,-0.085069,-7.2822,0.079223,0.36954,0.14647
-0.89001,-4.269,1.8443,-2.4319,-1.7957,-0.028642,-0.67773,0.18054
-0.85243,2.659,-0.89654,0.25182,2.783,0.035578,4.316,0.16331
-0.70442,-0.22791,-2.5872,1.7203,2.8541,0.098867,-0.91415,0.21121
-0.70793,1.6711,-1.1865,1.2357,2.994,0.092103,1.0488,0.10025
-0.70435,-0.8814,-0.66835,0.45136,-7.3963,0.076598,5.595,0.015164
-0.44394,-4.9578,0.45096,1.6712,6.6298,0.007424,-0.17085,-0.061695
-0.75225,5.3441,1.3492,-0.24188,6.8514,0.025823,1.0049,-0.10565
-0.69646,-0.80016,-1.3349,-1.2281,-0.004523,0.024591,2.6008,-0.18918
-0.7004,0.73815,1.3575,1.5111,-3.8614,0.030559,-1.8923,-0.089367
-0.75083,0.16007,2.8303,-0.50124,1.6972,-0.074643,-0.23635,-0.11458
-0.74315,1.0768,0.54057,-1.0958,4.9247,-0.30256,-2.861,-0.082212
-0.66915,0.77897,-2.4491,-1.3507,-6.3889,0.10215,1.2697,0.04544
-0.66198,-1.0983,-2.5482,0.52753,-1.9064,0.04754,-1.568,0.049042
4.4243,1.4841,-2.0152,-0.17251,7.4819,-0.41345,-4.5543,0.23542
4.3712,3.7504,-1.5087,0.58955,-5.4621,0.021581,-0.32666,0.17611
-0.7355,-1.1112,0.42743,0.10637,-2.0726,0.036226,-0.43061,0.15528
-0.72752,-2.2619,0.34786,1.091,-0.56332,0.06719,1.9746,0.018912
-0.94313,-0.8675,3.319,0.28091,0.76844,0.054792,0.42329,-0.015867
-0.73222,1.3054,-0.96945,-0.36403,7.4786,0.1069,5.2259,-0.10059
-0.70058,1.9941,0.34695,1.9013,-1.2679,0.078523,3.6788,-0.15089
-0.69468,-7.2387,0.6712,0.057821,-5.6601,0.11616,1.5102,-0.15873
-0.55828,3.3046,1.5062,-0.19952,5.1831,0.065425,-0.51134,-0.11959
-0.56662,-0.61936,-0.45386,0.58157,3.679,0.036643,1.2009,-0.090122
-0.77278,-0.80682,1.8239,0.45975,-3.5323,0.054381,-0.22733,0.016259
-0.69061,-0.45288,2.1042,-1.2598,-3.2524,-0.029688,-3.1631,0.031957
-0.907,3.1659,-1.6773,0.11018,3.5073,-0.31144,-0.71539,0.13551
-0.76456,1.5993,1.4873,-1.9017,4.448,0.034942,1.6128,0.16367
4.423,-0.54409,1.7821,-2.1739,-7.2054,0.09268,-1.6635,0.073015
4.3871,-1.2722,-0.37342,0.0099447,4.2901,-0.20094,1.055,0.12116
-0.72713,3.233,-3.6816,-0.97122,4.9986,0.037561,2.9682,-0.010001
-0.46949,0.81183,-2.8533,0.078657,-1.3691,0.044986,-0.16074,-0.054783
-0.73818,0.48928,1.5866,-1.671,-0.36127,0.02633,2.9996,-0.12485
-0.71825,-1.6505,0.25114,0.64729,-5.3604,0.08025,0.16877,-0.19616
-0.71997,0.74516,1.6774,-0.37958,8.0171,0.19158,2.5026,-0.095938
-0.86345,3.9185,2.0328,0.15334,3.9096,0.11657,2.0248,-0.15028
-0.78506,-4.8187,-0.34102,-0.44385,-5.0284,0.11863,-0.22548,-0.053104
-0.68577,0.43496,2.5834,0.56186,2.6262,0.048361,2.818,0.091147
-0.68814,0.87898,-0.20681,-0.39439,5.206,-0.041593,-1.9374,0.14121
-0.56349,2.0559,-1.8512,0.13465,-0.33952,0.052295,0.43572,0.16995
-0.60357,0.64904,0.23526,-0.81334,-7.3459,0.0034516,-2.3718,0.087667
-0.68836,1.6225,0.2497,-2.1764,3.0934,-0.019818,-0.86277,0.10658
-0.68655,3.0686,0.069369,-0.34726,9.4109,0.11621,0.7202,0.046098
4.386,0.10806,-0.57414,-0.77479,-8.5914,0.046571,-1.4483,-0.016816
4.3528,-4.3153,1.0396,-2.6058,-0.15882,0.023558,0.6334,-0.11456
-0.72608,0.60436,-0.93522,0.96823,6.1025,-0.17123,5.0719,-0.1836
-0.72465,1.6486,-1.197,0.94765,0.41566,0.12424,-1.5588,-0.09808
-0.47178,-5.6489,-1.1897,2.0471,-0.53021,-0.022533,2.5576,-0.095963
-0.52599,-2.5362,1.495,1.3568,-5.6436,0.052918,3.4883,0.016065
-0.74097,-6.1943,0.53034,0.62894,6.7626,0.10446,-0.27254,0.089638
-0.71658,2.7699,2.1278,0.53354,6.2806,-0.015634,0.64038,0.11952
-0.80713,1.6073,-0.33718,0.13671,-2.0819,0.02676,2.1875,0.021589
-0.91598,-1.6786,-0.37399,0.73964,-3.289,0.044312,0.10926,0.2078
-0.74708,1.3536,2.5092,0.33186,2.3639,-0.12684,-1.217,0.1986
-0.68563,2.4626,2.0712,0.069581,3.0696,-0.12184,-2.1503,0.10044
-0.67131,2.4009,0.35773,0.10142,-4.6078,0.057827,-2.1348,-0.015818
-0.54429,1.3809,-1.627,-0.31175,-3.0329,0.040339,-0.14222,-0.051887
4.4147,1.6438,-0.82475,-0.16097,6.5107,-0.52187,-1.5776,-0.092653
4.3733,1.811,-2.4826,-2.0418,-7.0658,0.019258,-0.28469,-0.24167
-0.74944,-3.8374,-0.47167,-0.08767,-5.7317,0.044344,0.74245,-0.19616
-0.86393,-4.0552,-0.8298,0.60192,-0.53276,-0.064702,6.1748,-0.1322
-0.73031,3.486,-0.0098841,-2.2506,0.33667,0.091474,3.2847,-0.06004
-0.71122,-0.28639,-2.0643,0.067385,6.0192,0.045788,4.694,0.19118
-0.69828,-0.11565,-2.0748,0.093173,0.10908,0.079415,1.7291,0.16195
-0.5309,-7.9056,0.55875,0.74201,-5.2936,0.12422,1.3628,0.17896
-0.55404,3.5519,0.43691,-0.44375,6.9104,0.045101,-0.34572,0.24187
-0.70787,2.8588,0.35848,2.6413,1.4404,0.099162,0.90599,0.18198
-0.70264,0.82086,1.1275,-0.89265,-5.1989,0.026189,-1.3573,0.052012
-0.81112,1.4938,2.3422,0.65243,-1.8204,-0.051919,-1.005,-0.015648
-0.70402,3.924,-1.1224,-0.032543,3.328,-0.14384,0.96944,-0.068364
-0.60149,0.60532,0.61641,-1.502,5.277,-0.033609,2.2308,-0.12687
-0.66758,-1.688,2.3517,-1.929,-7.5455,0.098591,-4.4331,-0.16129
4.396,1.4322,-1.7161,-0.67687,4.3635,-0.25512,-0.19738,-0.13193
4.3802,0.97709,-3.5016,-1.733,4.9835,0.0088038,2.2565,-0.11894
-0.71639,-0.48183,-0.91058,-1.4972,-4.7527,0.038151,1.463,0.0016079
-0.73495,-3.503,0.20891,-1.1397,-1.0152,0.066683,3.8072,0.064619
-0.72032,-1.2559,-0.53606,0.86941,-3.295,0.098238,2.1795,0.065446
-0.85451,1.8983,0.53032,-0.27395,8.0913,0.24133,1.9581,0.29527
-0.6884,3.6524,0.82729,0.66337,2.6563,0.096486,4.4842,0.34579
-0.69909,-2.3628,-1.918,1.9612,-7.9888,0.10025,-1.822,0.16837
-0.70116,0.20768,2.7877,-0.10125,6.986,0.044421,0.89854,-0.02273
-0.4811,3.335,1.4317,1.0608,5.1053,0.027581,0.83224,-0.051911
-0.63964,-1.264,2.1455,0.042965,-1.3736,0.042611,1.7714,-0.12497
-0.68775,0.16682,0.65313,-1.1142,-4.245,0.047283,-2.2093,-0.17735
-0.68659,0.49246,1.7213,-1.2656,1.8302,-0.061211,-1.4114,-0.12716
-0.90935,0.54691,-0.96,0.020742,8.1083,-0.17562,-0.3703,-0.13459
4.3312,-0.50298,0.1509,-1.6595,-9.3146,0.013155,-2.4984,-0.075762
4.4132,-6.2207,0.72918,-1.7515,-0.2562,-0.065947,-1.3087,0.060165
-0.87392,1.6895,-2.4786,1.4864,7.55,-0.18311,2.4915,0.065568
-0.60503,3.0467,-3.7633,0.54179,-4.5093,0.096441,1.7426,0.30311
-0.59371,-0.22511,-0.13702,-0.41714,-1.7341,0.01003,0.40557,0.12191
-0.76138,-0.67874,1.5348,0.83957,-5.386,0.050755,2.3668,0.17112
-0.72157,-1.5798,-0.35409,2.0195,6.8658,0.045146,0.36429,0.10855
-0.81859,4.5265,2.7678,1.2216,4.2373,0.019373,0.73672,0.013752
-0.76261,1.5121,1.5152,-0.10282,-5.3119,0.11399,4.5453,-0.095671
-0.75125,-2.1526,1.0471,0.66962,1.531,0.046827,-1.0729,-0.17832
-0.69089,1.224,4.3036,0.57321,4.2927,-0.20317,-0.87429,-0.17487
-0.68196,0.59987,0.17531,-1.356,0.40943,-0.066396,-0.032796,-0.095111
-0.48091,2.2937,-2.0486,-0.80409,-3.3287,-0.0015605,-3.8446,-0.14785
-0.64505,0.30279,-1.6467,0.21635,-1.9203,-0.04201,-3.0384,-0.086885
-0.6833,-0.26802,-0.55185,-1.5503,6.7083,-0.57241,-3.6135,0.11955
4.4141,3.1614,-1.2412,-1.3113,-8.1045,0.097988,-0.80667,-0.025285
4.3947,-5.2642,-1.579,-0.44978,-5.3799,0.077221,-0.34572,0.22836
-0.72672,1.9188,0.77599,-1.0819,2.446,-0.10379,2.6818,0.23939
-0.72349,4.3509,0.18746,-1.1122,0.20016,0.11531,3.3559,0.12028
-0.71323,-0.16988,-1.925,0.32584,0.49874,0.079146,3.1974,0.027041
-0.41515,0.1647,-0.60804,0.81062,-3.0691,0.1259,5.5713,-0.053834
-0.69649,-5.4052,3.5377,-0.27245,1.1009,0.1108,-1.2965,-0.1589
-0.70924,3.6052,-0.077169,0.099698,6.6284,0.039094,1.2282,-0.16284
-0.71282,3.6737,1.768,0.77041,0.55104,0.050601,0.14172,-0.12407
-0.72225,-3.2947,0.39757,-0.50387,-6.2584,0.082034,-0.68722,-0.16464
-0.78567,-0.0022245,-0.96182,1.1104,2.1178,-0.091649,-1.5459,-0.078415
-0.66939,-0.64537,-1.5787,0.93343,3.4028,-0.18458,-1.6134,0.029815
-0.67942,0.68879,2.1099,-1.324,1.0833,-0.0077212,-0.023927,0.022684
-0.52988,0.34979,0.26166,0.025848,-8.0225,0.028942,-5.8218,0.13367
-0.54288,0.8176,-2.4944,0.35561,4.2854,-0.3855,-2.2186,0.19013
4.4019,2.645,-2.2466,-2.0974,-0.37079,0.0047608,-0.32146,0.2068
4.3496,-0.58758,-1.0152,-1.4009,-7.048,-0.0042237,1.9133,0.12169
-0.55453,-2.7047,1.1602,0.17875,-0.24685,-0.018554,3.9342,0.00099944
-0.90509,1.5663,-1.9978,-0.081492,2.5417,0.083202,2.368,-0.056949
-0.76892,-0.76053,-0.4143,-2.1143,3.8398,0.082278,2.82,-0.21875
-0.71465,0.61837,0.68987,-0.20592,1.424,0.069006,4.7867,-0.18278
-0.7106,-4.8523,0.86615,1.2746,-8.5341,0.061607,1.5043,-0.087031
-0.46654,-0.27606,3.0074,-0.78355,7.7577,0.11359,-0.0071084,-0.13403
-0.67603,2.2974,-1.0873,0.54725,3.8263,0.088843,0.64627,-0.041738
-0.70476,-3.4088,1.3298,0.31562,-4.6114,0.056178,-1.498,0.070533
-0.69693,1.3208,0.91995,-1.5139,-2.3166,-0.038878,-2.8896,0.093605
-0.90678,1.3348,-1.8237,-0.15733,3.7806,-0.15766,-0.43732,0.1994
-0.74554,1.902,-1.1336,-0.62689,5.3855,-0.081779,-0.56385,0.15754
-0.67802,1.0308,1.8734,-1.5024,-9.2182,0.11574,-1.0764,0.11293
4.4065,-0.61203,0.72573,-1.1172,1.5724,0.010896,1.0256,-0.00014444
4.3729,4.2897,-1.4261,-1.0979,7.5139,-0.046637,-1.2346,0.011367
-0.61812,1.5065,-3.5012,0.38776,-7.8958,0.063057,0.69069,-0.10081
-0.72884,-4.0844,2.7322,-0.61543,-2.1892,0.059772,-0.55586,-0.17078
-0.72731,0.32309,0.98632,0.73278,0.39754,0.025971,3.2768,-0.15318
-0.84087,-3.2973,0.2218,1.706,3.5308,0.046378,-0.16385,-0.093066
-0.81579,1.0249,0.071746,1.3777,2.161,0.11002,1.7914,0.0018513
-0.71003,-1.8405,0.24431,0.69284,-6.9602,0.072767,1.2566,0.011197
-0.6965,-6.0824,-2.1129,1.0366,5.8256,0.035045,-3.0174,0.13642
-0.62469,3.9199,3.6105,0.66223,4.1579,-0.023361,-0.67471,0.11831
-0.6221,-1.4176,-2.2793,0.059003,-0.57003,-0.015095,2.2806,0.2325
-0.62121,1.9516,0.94596,2.6809,-4.8183,0.0078155,-2.7984,0.19161
-0.6894,1.5091,1.7116,0.69103,-0.78457,-0.028552,-1.4855,0.036776
-0.75088,1.6661,1.3562,-0.70801,6.087,-0.64113,-4.9157,-0.032197
-0.81789,3.3578,0.46892,-0.28244,-9.3234,0.080847,1.0088,-0.070018
4.3917,-5.8221,-0.401,-0.22611,-6.4353,0.0015649,-0.74401,-0.11171
4.3627,1.8933,0.64814,0.73334,6.3115,-0.27825,-1.8574,-0.17509
-0.72578,3.3135,-0.59802,0.85204,-1.7418,0.10453,-0.0048672,-0.10701
-0.54505,-3.6946,-2.0176,1.4347,-0.84175,-0.012547,0.11265,-0.08557
-0.64044,-2.8305,-2.0327,-0.19336,-3.2085,0.039794,0.3534,0.068829
-0.71971,-3.4775,2.8891,0.59183,3.0171,0.085005,-0.092301,0.3418
-0.7167,1.2099,-1.9513,-0.85656,5.7577,0.10488,3.7187,0.20826
-0.88907,3.646,1.2865,1.6462,-2.3411,0.043067,-0.10008,0.21067
-0.74283,-5.0093,-1.4916,0.19297,-3.9259,0.031291,-3.0716,0.066858
-0.68449,3.3135,-1.0703,0.13605,4.3113,0.0017317,0.53126,0.1552
-0.68538,-0.087759,0.81841,0.53291,2.8462,-0.1161,-0.78208,0.041327
-0.58887,1.7914,2.4405,-0.22141,-1.3125,0.019367,-2.1588,-0.020856
-0.6363,1.2259,2.0472,-0.38358,-8.1702,0.018424,-4.3906,-0.10677
-0.67682,-0.2489,-1.353,1.0821,4.129,-0.20331,-2.0014,-0.1359
4.4658,2.106,0.80846,-3.1085,0.32198,0.032876,-0.048356,-0.1248
4.3945,-4.7764,-1.9918,-1.7664,-7.542,0.016479,-0.81434,-0.13179
-0.89591,-3.2713,-1.7366,-0.18048,0.78008,-0.038589,1.5119,-0.074497
-0.76159,0.21355,-2.2486,0.37457,4.8398,0.094156,0.85179,0.031714
-0.71702,-1.5775,-3.0269,-1.5642,0.036709,0.10998,1.2435,0.066128
-0.71303,-0.2591,1.0333,0.087501,0.20587,0.087752,5.8959,0.15292
-0.52832,-3.3844,-0.66106,0.42517,-7.9377,0.123,3.6002,0.30135
-0.64421,-0.34071,1.143,0.023182,7.6473,0.10986,1.2272,0.17572
-0.70231,4.5579,1.847,1.3813,3.1779,0.10634,3.2846,0.12797
-0.69839,-2.2811,2.7627,-0.37495,-4.3371,0.055748,-1.6368,-0.014139
-0.78502,2.8488,1.2072,-0.88505,-2.4725,-0.11235,-0.94795,-0.078464
-0.70569,1.0532,4.8705,0.21856,3.5207,-0.12605,-2.9489,-0.156
-0.67948,2.004,-0.2672,-1.181,3.507,-0.040977,1.0282,-0.12614
-0.66636,0.43088,1.2686,-0.99264,-9.8957,0.016312,-2.5659,-0.10076
-0.41997,-2.429,0.58557,-0.89203,0.069823,-0.0059564,-2.186,-0.10433
4.4107,1.9765,-0.95814,0.66631,7.9175,-0.42891,-3.4355,-0.10193
4.3892,0.24391,-1.9345,0.65422,-9.6832,0.074821,-0.54822,0.07579
-0.73551,-5.0725,0.81519,-0.9092,-2.8914,0.017564,-1.2943,0.086498
-0.96614,1.5271,-0.039782,-1.2124,0.43633,0.01671,4.3345,0.18105
-0.74093,-1.5257,-1.3218,2.1819,0.1831,0.075533,1.0696,0.26633
-0.70366,1.3162,-0.42908,1.3358,0.64991,0.03912,1.1767,0.21213
-0.70271,-1.1267,0.48008,0.13084,-7.58,0.14802,4.1048,0.088494
-0.48423,-4.1537,1.0154,1.6404,2.9835,0.070392,0.67543,-0.015721
-0.59927,4.955,1.8283,0.51274,4.7852,0.054541,0.50815,-0.073012
-0.67705,-1.3667,-0.48763,-0.0025478,-1.244,0.097147,1.9391,-0.16087
-0.69173,-0.07243,0.99927,2.1743,-5.4495,0.0072379,-2.1248,-0.16615
-0.76402,1.0699,0.57728,0.028154,-1.093,-0.039866,0.651,-0.15544
-0.84392,0.48822,0.8643,-1.5327,2.6911,-0.54111,-2.4743,-0.12366
-0.61913,1.9388,-2.1144,-0.13749,-6.8835,0.052834,-0.14411,-0.046046
-0.41934,-4.3445,-2.6755,-0.57079,-3.8365,0.055889,-3.1034,0.12831
4.4112,0.62624,-4.6103,-0.38512,5.3991,-0.5331,-4.5243,0.059435
2.0262,4.0175,0.11781,0.42902,-7.5253,0.028704,-0.79381,0.18159
-0.68192,-0.72164,-0.11422,0.48156,-3.405,0.061517,0.30665,0.26631
-0.72486,1.4575,1.2956,-0.49376,-1.0805,0.0023414,1.3379,0.059994
-0.71383,1.4525,3.4834,0.98409,2.2385,0.079743,0.83757,-0.0064236
-0.93882,2.2386,-0.53085,-0.90346,5.3,0.048278,2.4673,-0.070554
-0.74937,2.403,0.3663,1.566,-1.74,0.1191,1.8324,-0.13364
-0.69924,-7.6262,-0.014876,0.60393,-5.9982,0.077529,2.0552,-0.18543
-0.70455,0.60392,2.4895,1.3762,4.5351,0.057981,0.40584,-0.13398
-0.39805,-0.4231,0.43664,-0.3571,1.6616,-0.04459,-0.26654,-0.13391
-0.61949,-0.052734,1.6269,0.71377,-4.1596,0.013636,-1.7477,-0.088029
-0.68444,1.4023,2.3889,-0.9374,-6.6792,-0.061493,-0.19151,-0.057582
-0.67763,2.0143,-1.3448,0.11103,1.7779,-0.28335,-0.51432,-0.020223
-0.88178,2.0512,0.79343,-2.641,1.882,0.033485,0.09297,0.19239
4.422,-1.9579,0.36309,-1.4787,-9.296,0.059521,-0.71626,0.077883
4.3886,0.326,0.019898,-0.011533,1.3795,-0.2134,0.92468,0.1913
-0.72998,2.7354,-5.1657,-1.5283,4.0419,-0.019459,2.8872,0.08774
-0.43131,1.6501,-0.33388,0.61998,-2.5878,0.073588,-2.7297,0.0020703
-0.66959,-0.56102,1.1044,-1.2605,-3.2691,-0.025068,2.0761,-0.086325
-0.68366,-1.2291,0.09714,1.1454,-8.1565,0.092899,1.115,-0.18506
-0.71035,-1.9161,2.5401,0.058425,7.2371,0.0097793,1.144,-0.18974
-1.0137,4.1493,2.0924,0.89522,1.1549,0.10781,0.044048,-0.13768
-0.84254,-2.3826,-0.00041511,1.4999,-6.7576,0.057981,-0.86876,-0.10621
-0.6747,0.58934,0.54525,0.1747,1.4606,-0.036151,-4.279,0.014507
-0.68592,0.092924,-0.33343,-0.42582,3.0491,-0.18017,-3.1502,0.078126
-0.67642,2.0999,-0.75772,-0.61601,-0.56449,-0.0061554,-0.33649,0.018206
-0.5551,0.44083,-1.084,-0.18072,-10.412,0.024764,-3.4472,0.068659
-0.66958,0.95246,1.9238,-1.2485,-0.43849,-0.12509,-2.3946,0.15413
-0.6752,2.7525,-1.7538,0.25355,8.5208,-0.23439,-4.2559,0.16124
4.3898,1.8315,-0.66766,0.13642,-10.334,0.083234,-1.845,0.034148
4.3443,-3.003,-0.43977,-2.042,-3.4558,-0.009024,-2.5081,-0.034656
-0.7504,0.81813,0.36341,0.78952,4.6308,-0.18594,-0.97439,-0.10249
-0.71765,-0.31471,-2.3699,1.0437,-2.0316,0.070187,0.33778,-0.11738
-0.71398,-2.8089,-2.0267,1.4462,-2.4954,0.018013,3.3194,-0.14045
-0.44843,-3.4993,0.17763,1.1158,-7.4108,0.06187,3.2246,-0.12653
-0.69453,-7.1703,0.47992,1.6088,4.0591,0.1072,0.36453,-0.085473
-0.7066,3.046,-0.33122,0.12001,3.7586,-0.010012,1.548,0.030448
-0.70075,0.13626,1.5445,-0.42004,-3.5403,0.065509,0.68008,0.024485
-0.97996,-0.75637,1.1877,0.5378,-5.2542,0.0551,-0.27147,0.19965
-0.74186,0.70123,4.9246,2.4241,0.93175,-0.159,-2.11,0.21201
-0.66596,2.2322,0.82333,-0.26111,0.5324,-0.17868,-3.9291,0.18363
-0.67665,1.3006,-0.32834,0.16255,-6.0414,0.043561,-1.601,0.069608
-0.56267,1.731,-0.58667,-0.4306,-4.4579,-0.027494,-3.3465,0.0063538
4.411,1.0896,0.79992,-0.45931,4.4735,-0.83355,-3.4795,-0.041957
4.3711,2.2189,-1.1222,0.5345,-8.4908,0.032054,-0.72411,-0.2133
-0.72927,-4.1638,-1.5192,0.40074,-6.394,-0.062135,-0.28851,-0.16693
-0.71023,0.29486,-0.078512,0.10579,-2.1755,0.014766,2.7557,-0.12673
-0.82786,0.91826,0.74845,-0.026852,0.020691,0.0604,1.1243,-0.10253
-0.74015,-0.4119,-3.3753,0.30939,2.5716,0.081482,0.73112,0.053837
-0.7055,0.1964,-1.0274,-1.0339,-2.2379,0.084928,1.4133,0.21004
-0.69745,-8.5269,2.4015,-1.0552,-4.5042,0.071092,0.91708,0.038212
-0.49308,2.938,0.85372,0.20987,4.4387,-0.015679,-0.10157,0.228
-0.69453,2.1305,-0.51199,0.059928,0.73671,0.038491,-1.5219,0.20218
-0.69003,1.4797,-0.67476,-0.5264,-6.0638,0.056107,-0.86332,0.16034
-0.68103,2.3232,-0.39062,0.81968,-2.4668,0.032998,-3.9052,0.046876
-0.84424,1.9244,-1.5292,0.74185,1.8355,-0.24772,-3.2078,-0.012727
-0.73066,1.9169,1.3026,-1.7701,0.91024,-0.016776,-1.6205,-0.069507
-0.66835,-0.24507,0.71046,-1.0817,-9.418,0.054875,-3.9292,-0.16479
4.3959,-1.4439,-2.3366,0.24492,3.3298,-0.3308,-1.7349,-0.11093
4.3782,1.1499,-3.0447,-1.6557,0.45027,0.00098088,-2.0767,-0.12707
-0.6612,-2.5021,-0.68709,-0.73887,-5.88,-0.0081705,0.14142,-0.10801
-0.74671,-1.8108,1.4384,-1.5572,-3.3894,0.063487,3.2322,-0.010026
-0.71882,-3.032,0.091474,1.3734,-1.3792,0.10486,1.419,0.15311
-0.8645,-0.13092,-0.4475,-1.2388,5.6881,0.11684,2.1349,0.49121
-0.77209,2.8111,-0.089214,1.4453,-0.30111,0.1295,3.5155,0.35908
-0.66867,-2.3419,-2.4652,0.97251,-7.8597,0.12613,-1.1401,0.27653
-0.69003,1.3208,2.0737,-0.70616,4.6108,0.034281,-2.2612,0.035973
-0.69358,2.9455,2.3865,1.386,2.8588,-0.015936,0.56272,0.0037009
-0.51527,0.54846,1.2262,0.41678,-2.9299,0.016498,-2.0633,-0.049988
-0.72394,0.16402,2.3821,-0.75357,-6.1612,0.022704,-2.2842,-0.12755
-0.67469,-0.42581,1.5599,-1.1868,2.0137,0.024726,-0.24447,-0.1985
-0.67999,2.3937,-1.2615,0.76705,8.2725,-0.28543,-3.4884,-0.088588
4.415,-1.0317,-0.51478,-1.7237,-10.764,0.054676,-2.0147,-0.14495
4.4038,-6.0857,1.4778,-1.6542,-1.446,-0.18232,-0.86146,-0.014114
-0.69826,2.6206,-2.2981,-0.44111,6.2323,-0.3552,-1.0271,0.075303
-0.73035,1.0657,-3.2013,0.44621,-4.7065,0.13299,-0.51535,0.11378
-0.53358,-2.5131,-0.071748,0.053685,-3.0526,-0.0075801,2.0976,0.11738
-0.71507,-1.8702,0.37307,0.997,-7.4431,0.03226,3.656,0.2592
-0.721,-2.627,-0.82338,1.21,5.4874,0.11907,-0.83166,0.21617
-0.71245,3.976,1.324,0.47661,2.7226,0.036758,0.34983,0.10558
-1.0218,3.109,1.2652,0.50548,-6.5244,0.073813,2.3326,0.0098584
-0.77917,-2.7879,2.2327,1.23,-1.0434,0.097468,0.80356,-0.10774
-0.69401,0.89153,5.3167,-0.048812,3.1713,-0.12716,-1.7687,-0.15695
-0.69138,0.061334,-0.18471,-0.35159,-0.056037,-0.092836,-0.79352,-0.16627
-0.45069,1.5986,-0.059234,0.67194,-5.1643,-0.061583,-2.8866,-0.14267
-0.57753,0.56479,-0.34048,-0.22041,-3.6011,0.0011541,-3.71,-0.12359
-0.6987,-0.63309,0.66639,-0.91829,4.9947,-0.72496,-3.4513,0.056003
4.4202,2.1268,-0.85545,-0.061645,-9.2004,0.11439,-2.2348,-0.014723
4.3955,-3.3281,0.22466,-0.43442,-7.1074,-0.015268,-2.1815,0.16579
-0.98859,0.73999,0.34274,-0.65732,1.9916,-0.16086,1.939,0.21031
-0.7662,4.7776,1.1505,-0.80097,-1.5627,0.14447,0.3677,0.18392
-0.71997,-0.93629,-1.7956,0.49616,-0.55058,0.053797,1.4544,0.12666
-0.70901,2.096,-1.3159,0.50832,-3.2665,0.10842,3.493,-0.013238
-0.59094,-7.5404,1.6727,-0.17843,-1.737,0.08781,-0.87824,-0.037381
-0.7347,3.2094,-0.13025,-1.0961,5.9103,0.064707,2.9934,-0.11867
-0.70168,3.0571,2.794,2.1226,-0.16465,0.079512,0.06244,-0.14564
-0.70153,-1.9282,-0.51544,0.04705,-6.7581,0.0915,0.39944,-0.12312
-0.87609,-0.32207,1.7141,0.40898,0.16093,-0.0092486,-2.1654,-0.12636
-0.7216,0.31568,-1.7555,1.6713,1.7503,-0.11742,-2.1625,-0.067755
-0.67756,-0.19334,0.90632,-0.32199,2.2391,0.026741,-3.0386,-0.0001201
-0.6681,-0.62755,1.7722,-3.0054,-9.7054,0.064296,-4.4159,0.023682
4.3507,1.3431,-2.5986,-0.46472,3.1007,-0.25419,-0.27592,0.16387
4.4092,2.9745,-2.7661,-2.5714,3.0911,0.037779,1.7059,0.2535
4.3621,-1.5406,0.31282,-1.5562,-8.1346,0.088952,-1.7536,0.13946
-0.73446,0.45895,0.27524,-0.00732,-1.8964,0.039377,2.4109,0.1287
-1.0923,1.8466,-1.4998,0.84022,2.5263,0.12975,2.347,-0.0092468
-0.82862,0.57328,-0.53295,0.6205,3.1139,0.098058,3.8165,-0.051351
-0.69089,3.9436,1.9012,-0.28311,0.08986,0.11482,2.411,-0.17572
-0.70475,-2.3255,0.89795,1.5086,-8.6113,0.091474,0.081565,-0.16443
-0.68679,-1.2119,3.8194,0.48007,6.6075,0.055587,-0.71636,-0.15016
-0.60166,1.8686,1.0964,0.14939,3.0834,0.0058838,0.098949,-0.16073
-0.75381,-2.5004,1.098,-0.20228,-3.1005,0.070052,-3.369,-0.020442
-0.69629,0.22005,-1.1498,-1.4331,-4.6179,-0.033025,-3.5995,0.052036
-0.80041,1.6288,-0.90622,-0.78104,2.1722,-0.066653,-1.7123,-0.013311
-0.88975,1.5835,-1.1447,-0.99282,6.2946,-0.20304,-2.0314,0.07854
-0.67394,2.1826,-2.0505,-1.8413,-10.322,0.090312,-0.34138,0.2051
4.4123,-2.2606,2.0596,-0.49154,-0.73289,0.01569,-2.0835,0.04858
4.3722,3.1591,-2.0813,0.34155,6.9026,-0.39958,-0.60933,0.014604
-0.5177,1.7864,-1.2668,-0.21634,-7.887,0.072831,-4.3028,-0.026259
-0.69389,-2.9366,0.031287,-1.088,-1.6845,0.016293,0.2195,-0.099638
-0.72303,-0.66819,1.6454,0.81803,-3.2505,0.094728,1.2829,-0.1655
-0.72365,-3.07,-0.022674,2.5881,4.277,0.082233,0.44272,-0.15639
-0.84854,-0.0016979,0.12083,1.8038,2.236,0.089234,0.88699,-0.13043
-0.78225,2.0552,0.49408,1.6377,-6.6171,0.077856,4.5546,-0.13252
-0.6976,-6.9937,-1.4903,1.5967,1.5825,0.11397,0.039624,0.0088606
-0.69527,3.1082,2.5514,-0.39476,3.9619,-0.019568,-0.48504,0.11887
-0.40396,-1.0098,-0.73494,0.23345,-0.07691,-0.02886,-2.4173,0.18794
-0.54481,1.5855,-2.8361,-0.33872,-4.1524,0.040262,-3.2768,0.20665
-0.69675,1.2576,-0.49409,2.1392,-3.4376,0.036592,-3.8899,0.087423
-0.68749,1.078,2.0806,-1.0605,4.6086,-0.56147,-4.0215,0.10446
-0.89784,3.716,-0.25197,-1.7358,-8.3555,0.12504,-1.3261,0.032663
4.3865,-5.2808,-0.94691,-0.9984,-7.4166,0.086289,-2.7745,-0.065078
4.3548,0.39254,0.42835,0.084958,2.8925,-0.11534,-0.55964,-0.15783
-0.72546,2.823,-2.9485,-0.59909,1.6537,0.080231,0.64438,-0.15963
-0.71083,-2.6408,-2.5274,0.76526,-2.1909,0.052077,-1.5452,-0.12293
-0.55891,-3.7312,-1.9379,-0.50917,-2.0919,0.039563,1.1872,-0.049891
-0.77574,-4.36,0.90351,0.81456,-2.8289,0.1096,2.0431,0.0023137
-0.71619,1.5934,0.73997,-1.6465,7.6221,0.073017,1.109,0.060408
-0.71689,3.6373,2.2154,2.0911,0.24998,0.13197,2.0641,0.024218
-0.87712,-5.6154,0.568,-0.61924,-6.3381,0.11866,0.51813,0.0837
-0.69054,1.8004,1.9485,-0.29503,3.1852,0.075835,-2.7582,0.22038
-0.68145,1.9209,-3.1523,0.34003,4.4985,-0.11717,-0.37993,0.14549
-0.67787,1.5356,0.57267,0.19991,0.5646,0.028891,-2.2538,0.015286
-0.4626,-0.61041,1.6422,-2.8496,-8.3624,0.045627,-4.5602,-0.031175
-0.61976,1.8234,-0.5947,-0.86884,4.1389,-0.12272,-0.2217,-0.083234
4.4097,2.2311,-0.43138,-1.1406,4.719,0.033152,0.57667,-0.11147
4.3813,-1.7455,0.49864,-2.9288,-6.7472,0.1239,-0.80441,-0.26623
-1.0037,-2.7314,0.60885,-1.2542,-0.66004,-0.012355,2.1119,-0.14919
-0.75433,-0.20315,-2.8582,0.06811,5.7661,0.032921,1.6654,-0.078926
-0.70374,-0.32998,-2.6475,0.91487,1.0781,0.09483,1.9053,0.01037
-0.70913,-0.076302,-2.7413,0.50127,1.5631,0.12424,2.4166,0.20498
-0.32135,-1.3926,1.0062,0.49635,-8.5799,0.10359,0.78358,0.29451
-0.4698,-2.7329,0.32808,-0.48443,8.108,0.00021078,-0.53698,0.19332
-0.75321,4.3318,1.1388,-0.34234,4.4436,0.015985,0.3992,0.23014
-0.70067,-1.0104,-0.26625,-0.080926,-1.9149,0.094516,3.1578,0.10378
-0.9233,2.0121,2.6753,0.44653,-2.965,0.030412,-4.5722,0.060871
-0.83344,0.59365,4.7708,-0.38738,4.5715,-0.0086069,-1.7929,-0.0569
-0.71364,3.2683,-0.88437,-1.1511,5.3401,-0.061988,0.8609,-0.091825
-0.67271,0.28586,-1.3463,-0.55772,-7.7723,0.065637,-3.2494,-0.1166
-0.66696,-0.08293,0.73717,-1.5862,0.70842,0.034102,-1.2325,-0.098567
4.4053,2.0313,-1.3295,0.25629,9.2215,-0.43816,-1.6273,-0.10801
4.3819,2.7004,1.1854,0.9534,-7.9139,0.065445,-0.56349,-0.05785
-0.73936,-4.1422,2.9819,0.5031,-1.7137,0.087649,-0.20745,0.072334
-0.73121,0.87872,1.5502,-0.6987,0.48906,0.020593,-1.8328,0.0059157
-0.75786,-0.5405,0.53654,1.3613,2.0968,0.0635,0.22874,0.24915
-0.78974,0.53893,-2.0831,2.0256,3.6009,0.092899,1.337,0.4319
-0.7039,1.0472,-0.82642,1.3554,-4.3249,0.080558,4.1999,0.30459
-0.69465,-7.2237,-1.017,2.1393,1.1575,0.068852,0.45006,0.060214
-0.55796,4.0869,1.9428,0.90581,4.7486,0.066151,-0.28875,-0.015575
-0.63984,0.33778,1.9034,0.060409,2.0705,0.09621,-2.805,-0.08153
-0.69313,1.4442,-0.83847,0.56955,-3.5527,0.077939,-0.40217,-0.15435
-0.69152,-1.2735,-2.6404,0.36456,-0.18901,0.0059801,-1.491,-0.16676
-0.84771,0.7213,-1.3881,-0.91457,4.7614,-0.35355,-3.9612,-0.14186
-0.72991,1.7234,1.2247,-2.0409,-2.3159,0.12856,-1.7229,-0.13736
4.3865,-2.386,-1.8169,-0.72456,-4.0646,0.054432,-2.414,-0.034071
4.4236,-1.4426,-2.8748,1.0272,5.8279,-0.33586,-0.84052,0.24177
-0.71999,2.3537,-2.8987,-1.1109,-2.3773,0.097603,0.96913,0.20264
-0.47035,-0.86523,-1.1174,0.83953,-1.188,0.061626,2.4331,0.26297
-0.7476,-0.64339,0.10876,-1.3581,0.92232,0.063577,3.6043,0.13345
-0.72385,-1.7841,0.65597,0.014441,-2.1734,0.065554,2.6077,0.17913
-0.93299,1.4157,0.13951,-1.1587,8.3683,0.14442,3.0203,0.060895
-0.86739,3.6387,1.1795,1.6922,0.91573,0.066067,3.0101,-0.039864
-0.64961,-5.6002,2.0756,1.0214,-3.8895,0.095517,2.6585,-0.12378
-0.68861,1.6173,1.3428,0.36974,5.3,0.09193,0.28155,-0.18618
-0.69078,2.1273,-0.35721,1.6532,5.108,0.0011991,1.0836,-0.082942
-0.58909,-0.62021,1.146,-0.62073,-1.1309,0.042354,-3.2757,-0.14661
-0.60952,0.47313,4.3154,-0.77371,-5.2493,0.030867,-4.3114,-0.097788
-0.68365,1.2471,-0.10611,-0.67914,4.7255,-0.093318,1.6691,-0.053225
-0.6831,1.3662,-1.1743,-1.6762,7.4735,0.061787,2.806,0.057974
4.427,-1.5376,1.2446,-1.8696,-7.0916,0.11795,-4.2102,0.041133
4.3965,-2.3154,-0.37156,-0.78126,2.5427,-0.034919,1.5731,0.23265
-0.72344,1.3844,-4.2183,-0.15097,7.9721,0.058475,2.387,0.18387
-0.72297,1.1803,-3.79,-0.07573,0.76825,0.1123,-0.23522,0.082726
-0.5473,-0.66081,-0.70408,-0.22309,0.63841,0.091724,4.3115,0.01312
-0.64123,-0.70265,1.5864,0.8926,-6.6361,0.069635,1.2977,-0.079462
-0.71495,-2.5375,2.0479,0.41861,8.9202,0.13751,-0.78522,-0.19295
-0.7139,2.4905,2.7029,0.57051,5.898,0.10686,3.4619,-0.18857
-0.80695,-0.72088,2.3114,-0.11605,-3.3719,0.081796,2.3237,-0.12069
-0.82421,-1.4398,2.4691,-0.30712,1.2128,0.032157,-2.1317,-0.10078
-0.75947,0.21826,3.1013,0.55057,5.5529,-0.10395,-1.9163,-0.013676
-0.68251,0.55751,-1.6756,-0.3605,3.2591,0.036065,1.1384,0.088811
-0.64542,0.70971,-2.0167,0.12917,-6.7892,0.067793,-2.9593,0.0051369
-0.38745,0.82961,1.1802,-1.7994,2.2472,0.033004,-1.6195,0.15795
-0.82356,2.064,-0.58838,-0.85315,9.7446,-0.16386,-2.4634,0.23228
4.3984,1.8783,-0.05085,0.084412,-7.8797,0.056505,-1.7329,0.18327
4.4336,-3.9288,-0.70074,-0.05546,-1.2017,0.034403,-1.0355,0.01475
-0.80404,1.4498,0.21966,0.039869,5.0292,-0.021102,-0.32674,-0.019761
-0.72753,2.3303,-0.61917,1.3636,0.97778,0.14886,0.83473,-0.069118
-0.71557,0.38273,-2.5338,2.7202,2.4045,0.10561,3.5587,-0.18231
-0.70055,1.3617,0.54611,1.2174,-2.9118,0.14919,1.8821,-0.11278
-0.49367,-9.0945,0.51151,0.070603,2.397,0.12934,-1.892,-0.15995
-0.63399,2.3847,2.2299,0.92451,6.0153,0.018039,2.0429,-0.073645
-0.70791,0.74644,0.9312,-0.19621,1.2286,0.07663,-1.289,-0.024969
-0.70658,-3.0022,-0.052482,2.413,-2.8176,0.073653,-0.9314,0.046317
-0.89811,1.246,0.096254,0.046703,1.9594,-0.048042,1.2615,0.16905
-0.70502,1.9419,0.02751,-0.55523,4.6785,-0.17432,-3.611,0.056928
-0.67201,1.6895,2.206,-1.528,-0.51175,0.042502,-0.97229,0.076934
-0.66641,0.55757,-1.8964,0.06838,-4.2962,0.098668,-1.2955,0.072845
4.4125,1.4638,-1.6669,1.2079,6.2169,-0.40004,-1.8466,0.0021433
4.3746,4.0724,0.34039,-2.0395,-2.9571,0.073184,3.2255,-0.048699
-0.75069,-0.88309,0.054665,-0.31015,-4.1613,0.059964,-0.51548,-0.12699
-0.7279,-3.5687,0.1178,-0.88387,1.8608,0.066272,-0.30364,-0.16659
-0.82522,-1.4583,-1.3875,0.41268,2.1206,0.11329,1.0016,-0.15291
-0.79051,-0.392,-2.0635,-1.2702,8.3598,0.19503,2.6165,-0.0854
-0.65281,1.0539,-0.93053,1.3104,2.2808,0.084588,5.5554,0.042958
-0.69325,-4.9481,-1.4611,-0.11583,-4.7332,0.11265,-0.34792,0.012998
-0.69647,1.6685,-2.1886,0.14016,7.7315,0.0080594,4.544,0.039721
-0.46579,3.3491,-0.081146,0.39263,4.6378,0.059021,1.3285,0.33255
-0.64627,-1.5688,-0.56188,-0.46425,-3.0584,0.055042,-1.5017,0.28162
-0.69164,1.0985,4.6289,-0.1239,-1.6222,0.045255,-2.8617,0.1387
-0.68318,3.6806,-3.2128,0.082947,5.9802,-0.1007,-0.59574,-0.029204
-0.8359,1.3091,-0.88737,-0.18679,7.6815,-0.085257,-1.7818,-0.013238
-0.75584,0.079585,2.0638,-0.95851,-7.8292,0.057981,-1.6937,-0.094551
4.3908,-2.2839,0.9217,-1.2446,3.7584,-0.10445,1.277,-0.1691
4.374,3.0511,-1.7378,-1.5965,7.6006,-0.032377,0.76803,-0.13982
-0.49789,0.48585,-0.039685,0.54239,-1.7236,0.049266,-0.48592,-0.16396
-0.58913,-5.0469,-1.6679,-0.96679,0.50491,0.10121,3.0854,-0.10324
-0.7236,-2.9417,1.1907,-0.036795,-3.0233,0.059489,4.2893,0.1975
-0.7207,-3.3143,0.4468,1.9351,8.5557,0.21244,1.1278,0.21291
-0.81748,4.1788,1.0406,0.40281,3.9942,0.062608,2.7239,0.19259
-0.8061,0.20375,-0.32624,2.1092,-4.9318,0.090839,2.5279,0.23727
-0.69216,-0.8026,0.5311,-0.11601,5.7523,0.0489,-3.2325,0.08662
-0.68354,3.621,4.1633,1.2838,5.6923,-0.063123,1.3988,0.1212
-0.53,0.40225,0.26869,0.17328,2.4297,-0.0065918,4.2393,0.034853
-0.5102,1.5586,-1.175,0.15036,-5.0341,0.037374,-0.92751,-0.032368
-0.65075,0.93345,2.3071,-0.39182,1.2355,-0.005873,-1.7866,-0.13074
-0.67499,0.28621,1.0509,-1.1616,9.2322,-0.17601,-5.682,-0.16167
4.4045,1.7788,0.54967,0.093391,-7.7833,0.084806,-0.83629,-0.13795
4.3844,-8.2988,0.5102,-0.59304,-2.6682,0.012186,-2.2972,-0.21108
-0.70794,0.26568,-2.3439,-0.051657,7.1746,-0.14692,-1.7097,-0.068753
-0.72246,-0.13637,-1.6769,0.81584,-0.13649,0.12522,3.1134,0.022441
-0.71242,-1.473,-3.1295,2.0888,1.41,0.015889,-0.61673,0.0081061
-0.55443,-3.3912,-1.1064,-0.014841,-2.9103,0.044742,2.7361,0.27755
-0.63358,-4.0689,2.3061,0.28724,4.4178,0.13477,-0.21218,0.33143
-0.71671,3.2114,0.73839,0.26956,7.6477,0.053912,2.5431,0.18185
-0.70872,4.262,1.661,0.45734,-0.30792,0.054612,2.7589,0.078564
-0.86531,-2.757,-0.14875,0.027498,-3.6133,0.078016,-1.6163,0.015432
-0.75869,3.7377,-2.3823,0.31487,4.8603,-0.10434,-0.36496,-0.072209
-0.67993,-0.18503,-0.109,0.59425,4.1113,-0.13086,-2.135,-0.14379
-0.68267,1.2314,2.2744,-1.601,-0.13824,-0.0040504,-2.1075,-0.10034
-0.35358,0.37697,-0.62136,0.17144,-5.7338,-0.046278,-0.14551,-0.13753
-0.54178,-1.4996,-2.4613,1.3498,6.3763,-0.41937,-3.7679,-0.069994
4.412,2.1032,-2.1558,-3.1245,-2.3431,0.054702,-0.9967,-0.045097
4.3859,-3.4218,-2.7898,-2.451,-4.8065,0.08788,-0.27049,0.028866
-1.0058,-1.7766,0.4995,0.65061,2.3473,-0.035977,-0.048587,0.16934
-0.8113,1.8305,-2.9427,-0.27269,4.0011,0.093682,1.1828,0.11821
-0.63372,1.0897,-2.625,-1.2987,4.382,0.017557,2.9019,0.30165
-0.70928,1.2426,-1.4017,1.2318,2.4859,0.093014,4.648,0.33112
-0.46772,-5.6889,0.31556,-0.34532,-7.2953,0.066593,1.0434,0.1187
-0.54804,2.9854,2.89,-0.11463,8.7153,0.22403,0.20816,-0.018179
-0.667,4.4836,-0.53139,1.0161,4.4118,0.086629,2.5315,-0.066416
-0.69537,-3.7187,1.4681,0.70403,-4.7523,0.10213,-0.40907,-0.17358
-0.77419,2.3156,2.944,-0.35847,-0.59269,-0.024323,-1.6072,-0.12471
-0.88463,0.88256,-1.4747,0.074161,4.7675,-0.12658,-0.65851,-0.15342
-0.75995,0.19738,-0.97256,-0.87968,5.6899,-0.040406,-0.42094,-0.076127
-0.67275,-1.2874,2.3913,-2.0099,-8.3703,0.025842,-1.935,-0.03429
4.4319,0.13568,-0.14699,-0.48066,2.9551,-0.042356,1.5792,0.0063538
4.4177,2.2746,-1.5726,-1.7232,7.7062,-0.098895,-0.47702,0.29286
-0.63113,2.0184,-2.0835,0.20549,-6.567,0.091949,-1.1772,0.35516
-0.73413,-5.3352,-0.83685,-1.3564,-0.76456,0.0040099,3.0471,0.19857
-0.72899,2.5394,1.3876,-0.2019,0.69417,0.06719,4.0259,0.058096
-0.84546,-2.4292,-0.49643,1.6824,6.3182,0.050691,2.1988,0.041011
-0.73237,3.4273,0.38759,0.56053,3.6658,0.041219,1.7227,-0.074034
-0.70482,-2.025,0.11436,1.6343,-6.3946,0.10454,0.47197,-0.13734
-0.69524,-4.7958,-0.8254,1.2692,7.559,0.098013,-1.437,-0.16632
-0.67385,3.0761,6.7627,0.26874,5.4638,0.013527,-0.27663,-0.16781
-0.63579,-3.6793,0.069042,-0.78324,0.48547,0.030065,3.6366,-0.11383
-0.69687,-0.69673,0.93555,2.5451,-4.2711,0.014406,-1.4691,-0.011997
-0.68646,0.32685,2.3354,0.36886,1.2264,-0.0067394,-2.0607,-0.074205
-0.75086,0.90763,-0.061501,-0.92082,7.1706,-0.50168,-3.6595,0.017695
-0.67063,1.3817,-2.0485,0.31192,-8.7031,0.10773,-0.095371,0.25455
4.4202,-3.2054,-1.8197,-0.10714,-5.295,-0.020126,-0.48191,0.086085
4.385,2.1492,-1.5257,0.75582,7.0983,-0.36678,-1.8059,0.16387
-0.72722,3.5687,-1.166,1.9164,-3.826,0.10754,0.91342,0.054518
-0.59949,-2.1519,-1.1399,0.78255,-1.079,0.017923,-1.1677,-4.709e-05
-0.65486,-2.2144,-0.46504,-0.66592,-2.9563,0.054079,1.9436,-0.11706
-0.71385,-1.7614,3.3674,1.6485,3.315,0.075796,-0.068855,-0.18375
-0.70401,1.672,-1.1047,-0.17095,6.0383,0.086744,2.797,-0.10025
-0.86296,2.5723,0.47275,1.0616,-3.2497,0.085576,2.4229,-0.11704
-0.69407,-6.9823,0.3193,0.72366,-1.6756,0.041263,-0.17796,-0.12736
-0.68366,2.5873,-0.48605,0.065496,6.303,0.010819,1.7883,0.030181
-0.68956,-1.5955,1.5861,-0.44331,3.8893,-0.0013358,-2.9349,0.057926
-0.46423,1.3244,1.6393,-1.6434,-2.2553,0.016023,-0.047264,0.14827
-0.61524,2.0032,-0.39171,0.64134,-3.8737,-0.046117,1.0736,0.051866
-0.68278,0.81609,-1.8828,-0.69088,5.0056,-0.31678,-3.5707,0.18548
-0.66936,3.0351,-0.67779,-1.2868,-2.695,0.10299,-0.91019,0.10794
4.39,-4.3085,-2.4981,-1.9482,-5.6535,0.034236,-1.1722,0.052377
4.3637,-0.60696,-0.75268,-0.70285,3.271,-0.0287,0.065395,-0.049721
-0.72274,3.3529,-1.3561,-1.2067,5.7789,0.036752,1.8433,-0.11848
-0.71786,-0.1132,-2.2977,-0.028451,1.0738,0.081925,2.8191,-0.13079
-0.43115,-3.0251,0.042613,0.60141,1.8249,0.060696,5.495,-0.1645
-0.58691,-3.9834,0.56178,-0.22168,-4.9472,0.081674,1.1802,-0.13159
-0.66907,-0.24331,1.3958,-1.7718,8.7974,0.30946,0.80252,-0.047993
-0.70098,3.1525,1.7648,1.1865,4.1002,0.095754,4.5222,0.058218
-0.85562,-4.7807,2.6022,-0.99861,-4.8391,0.10197,0.87641,0.083529
-0.82052,1.5303,0.78871,0.046067,2.9003,0.026946,1.9889,0.23513
-0.73618,0.93724,-0.82046,1.2011,5.64,-0.03556,0.80258,0.20962
-0.67585,2.4041,-1.2956,0.44901,2.586,0.074378,1.0166,0.040378
-0.66394,0.49163,3.0624,-1.9113,-8.2379,0.06402,-2.4814,-0.023971
-0.43062,1.3034,-0.47742,-1.3384,4.9194,-0.022693,0.65941,0.006013
4.4021,3.5679,0.38759,0.30589,7.6231,0.032882,2.5071,-0.052252
4.3692,-0.20542,1.5931,-1.8129,-6.5879,0.075443,-1.2325,-0.14116
-0.72824,-2.7248,2.1719,-0.96322,-0.65158,0.04591,1.2328,-0.11132
-0.95808,-0.39635,-2.4048,0.40229,5.0408,0.030155,2.0471,-0.16348
-0.72423,0.16581,-0.47213,1.2375,2.1208,0.11893,2.2681,-0.085668
-0.703,-0.099383,-1.5931,1.1089,2.5966,0.019373,2.0495,0.0708
-0.69529,-4.7573,0.31064,0.55508,-6.1496,0.053944,2.4397,0.094627
-0.4766,-4.3098,-0.72359,1.6808,7.2842,0.11995,0.32019,0.085233
-0.65539,4.9616,2.0464,0.41039,6.4786,-0.021012,-0.35628,0.14459
-0.69877,-0.32228,-3.0542,-1.002,-1.2398,0.10572,4.0254,0.25346
-0.69113,0.47406,1.7782,2.0377,-3.9763,0.032401,1.5747,0.20028
-0.86685,0.99624,3.2496,-0.22532,2.6284,-0.027147,-1.3431,0.052547
-0.73414,2.0725,0.91027,-0.21601,5.2372,-0.29214,-1.0311,-0.024799
-0.6766,2.3248,-1.572,0.6766,-6.763,0.078716,1.2973,-0.10244
-0.66285,-1.7284,-1.9937,0.16961,-0.70031,0.022569,-0.84789,-0.15304
4.4,1.4662,-1.1777,-1.0392,8.0527,-0.26216,-2.696,-0.16705
4.3729,2.4255,-1.5655,1.5654,-6.0973,0.081097,0.22471,-0.16092
-0.65947,-3.1513,0.20199,-0.032485,-2.2964,0.040397,2.1475,-0.062863
-0.71883,-3.4968,-0.37923,1.6579,0.45995,-0.0057639,4.4254,-0.059042
-0.7728,-3.1997,1.9753,-0.40932,2.3947,0.1065,1.2797,0.21488
-0.87009,0.47024,-1.755,-0.17403,6.9389,0.11483,4.2225,0.33655
-0.68017,1.621,-1.4872,1.2857,-1.7207,0.10844,2.5686,0.21172
-0.69359,-7.064,0.60519,0.80423,-2.6179,0.069423,-1.9888,0.1838
-0.69319,3.8417,3.2824,0.49484,6.6657,0.082945,2.6653,-0.017716
-0.55524,2.1758,2.9298,0.67714,3.9596,0.078754,0.40235,0.037336
-0.63351,1.5032,2.74,-0.69457,-3.4295,0.081925,1.4645,-0.067828
-0.67513,-0.12268,0.70947,1.3225,-1.7397,-0.0030172,-4.599,-0.1397
-0.67098,1.1974,-1.7151,0.23615,4.8416,-0.22176,-2.6289,-0.12836
-0.80203,1.3042,2.7989,-1.7332,2.6781,0.034994,-0.17152,-0.16348
4.4209,-1.6412,-1.3179,-0.13279,-5.9174,0.047046,-1.3325,-0.12989
4.4078,-4.618,-2.5027,1.469,5.0128,-0.20262,-1.2031,-0.043393
-0.72293,1.1253,-4.6022,-1.9445,4.3793,0.067261,2.2217,0.021735
-0.32194,-0.35265,-3.5137,-1.203,-1.598,0.025342,0.9407,0.14374
-0.70703,-0.22306,0.14817,-0.28692,1.2689,0.065284,5.2602,0.1849
-0.71285,-1.1191,-0.96396,1.2166,-3.9889,0.086943,3.2948,0.28738
-0.71008,1.2198,1.7071,-1.0301,8.3979,0.34379,2.9189,0.21763
-0.84817,4.8026,2.2791,1.4214,3.6084,0.045242,3.4535,0.092023
-0.75138,-3.8545,0.93975,-0.051291,-4.378,0.044569,-0.032353,-0.010658
-0.72115,1.0931,1.899,1.0239,3.9124,0.027639,2.8183,-0.11307
-0.68304,1.3295,2.4533,0.51552,4.9456,-0.077146,-0.8178,-0.1698
-0.63744,0.79476,0.51725,-0.986,0.16713,0.050036,2.9282,-0.15165
-0.63389,-0.72383,1.8904,-0.17362,-7.788,0.048669,-1.5851,-0.14062
-0.65703,0.5115,1.5766,-1.6545,2.074,-0.021622,-0.03399,-0.11638
-0.66968,0.016932,-1.7773,0.53491,9.3103,0.15343,-2.1124,0.057682
4.4126,0.64541,-0.66751,-0.090021,-9.3296,0.014002,0.63073,-0.039742
4.3945,-4.5333,0.71612,-1.6691,0.2259,0.034583,-1.1868,0.19419
-0.69068,0.46438,-1.0369,0.6422,7.1017,0.013379,-0.036553,0.24606
-0.71395,1.5733,-1.1897,0.95308,-0.2087,0.076085,-2.9886,0.11033
-0.71162,-1.6275,-2.6053,1.3708,-0.16809,-0.0099289,4.5167,0.076252
-0.42096,-0.71771,1.0922,1.5717,-6.2608,0.095613,4.9641,0.0993
-0.67348,-4.0349,1.1466,1.3451,6.9961,0.13597,0.33647,-0.034388
-0.69835,4.7837,1.4781,0.4015,6.3352,0.051801,1.534,-0.14822
-0.69448,0.84829,0.19429,-0.9147,-2.8546,0.055555,3.8192,-0.11582
-0.94714,-1.7955,0.72301,1.1908,-2.997,0.02067,-0.30086,-0.18969
-0.69834,-0.36416,2.1942,1.5011,3.1394,-0.14627,-0.42304,-0.13517
-0.66878,0.55537,1.8095,-0.20897,2.2274,-0.12888,-1.0931,-0.081725
-0.6755,0.12209,-1.1205,0.22083,-4.9182,-0.012483,-1.0487,0.033783
-0.34405,0.43746,-2.5193,0.043684,-3.1124,0.0695,-2.5945,0.02636
4.4346,0.86448,-2.1898,-0.40549,6.3127,-0.61365,-3.8933,0.1268
4.4117,2.0863,-2.7249,-0.21089,-7.915,-0.0068228,-0.79161,0.29157
-0.71931,-2.374,-0.12756,-0.52203,-5.1042,0.045717,-1.1851,0.23827
-1.068,-0.98971,0.95494,0.37229,0.41991,-0.096668,3.0857,0.10492
-0.85705,3.2216,1.5305,-0.28688,0.20632,0.051608,1.8297,0.0084468
-0.77438,-0.22761,-2.0697,-0.92183,5.7183,0.069642,3.6571,-0.11234
-0.70768,0.21393,-0.32495,-0.35002,-1.4977,0.12467,2.719,-0.18781
-0.70255,-6.5535,1.8333,0.49198,-3.9887,0.092372,1.8475,-0.11543
-0.57553,1.4534,-0.58983,-0.020648,6.5879,0.053694,0.3524,-0.18626
-0.70475,1.3359,1.3121,1.5951,0.81047,0.047155,1.0489,-0.10855
-0.68859,-0.52519,0.25595,-0.56636,-5.9445,0.067158,-0.88196,0.017403
-0.68217,0.070929,0.82995,0.83737,-2.0293,-0.064131,-3.5645,0.023901
-0.80779,2.6497,-1.9785,1.3339,2.7478,-0.22545,-0.85035,0.0072786
-0.68029,0.93887,0.68847,-1.1728,4.7618,0.002951,0.37389,0.065617
-0.66592,-0.10542,0.74046,-1.8972,-8.4886,0.072465,-3.0081,0.25762
4.4048,1.9025,-2.5685,0.1505,4.1598,-0.23588,0.35465,0.017598
4.372,2.7925,-3.0123,-1.67,4.3648,-0.051232,2.5563,0.060238
-0.73511,1.7989,-0.069037,-1.066,-4.947,0.069225,1.0776,-0.029788
-0.72144,-1.0931,1.1178,-2.1193,-1.1358,-0.043524,4.5012,-0.12329
-0.71682,0.021736,0.45521,0.18412,-1.5789,0.040044,1.8976,-0.15289
-1.0631,-0.81628,2.7924,0.88616,7.1612,0.18414,3.3815,-0.18205
-0.77901,2.3421,2.7476,0.86468,3.292,0.029051,3.0644,-0.12096
-0.69482,-2.5666,-0.53008,0.86402,-7.5583,0.036534,-0.086675,-0.013725
-0.69165,-0.50886,0.6726,0.082459,6.5503,0.073608,1.5431,-0.03962
-0.57137,2.1923,3.5301,0.99265,3.2189,-0.044416,0.33419,0.11291
-0.5071,-0.60679,-0.34091,-0.82689,-1.6978,0.019624,3.5516,0.17915
-0.69989,0.41494,-0.70144,0.21929,-6.123,0.038356,-1.8292,0.19578
-0.68164,1.0771,2.9461,-1.5958,1.0387,-0.055275,-2.0498,0.093581
-1.1004,1.2792,-0.6233,0.5331,7.3882,-0.47219,0.20992,0.067442
-0.93057,1.8792,0.18784,-0.47052,-10.644,0.023198,-2.0561,0.02103
4.3827,-4.844,2.0957,-0.71991,-2.1478,-0.076741,-2.8097,-0.085887
2.2709,1.5172,-0.76351,1.0628,6.5147,-0.4878,-1.4752,-0.12894
-0.72864,2.8565,-2.3362,1.9655,-3.3517,0.040885,-1.9585,-0.088613
-0.59073,-2.3821,-1.3219,-1.2656,-3.1485,0.025034,2.751,-0.16097
-0.72427,-2.7421,0.12286,0.31002,-5.4173,0.054766,1.1409,-0.12047
-0.71217,-4.4327,-0.5361,2.0139,6.2923,0.042348,-0.28302,0.024875
-0.70909,2.5756,-0.13282,1.0793,3.9391,0.0091632,0.85457,0.015821
-0.90947,1.4884,0.91942,0.39896,-5.3425,0.096916,3.4105,0.18672
-0.74331,-3.1976,-0.82871,-0.25147,-1.1206,0.033248,2.0354,0.17061
-0.68469,3.0074,3.3816,0.058598,3.4675,-0.18304,-0.2923,0.22398
-0.68515,0.51952,0.38904,-0.77216,0.17442,-0.060345,-1.9538,0.064497
-0.31566,3.2618,-0.82701,0.45618,-3.6227,-0.070696,-3.2786,0.039186
-0.66552,1.3998,-1.7766,0.4419,-3.6445,-0.035625,-2.0861,-0.035994
-0.66924,0.81088,-0.43647,-1.5522,5.3343,-0.64108,-1.2084,-0.11765
4.3948,2.1651,-1.1377,-1.4509,-8.8179,0.1064,1.1275,-0.13356
4.3705,-6.5048,-2.1728,-0.064959,-6.3362,0.060452,-0.58637,-0.16545
-0.82999,-0.52525,0.50068,-0.59502,0.94252,-0.12879,4.8528,-0.14053
-0.7513,3.6438,-0.38868,-1.8142,0.19077,0.069789,2.0724,-0.070773
-0.72027,-1.0062,-1.7027,-0.55688,0.77651,0.049978,1.0148,0.026092
-0.55552,-0.91381,-0.79862,-0.18302,-2.3604,0.039126,3.4733,0.15995
-0.57614,-5.8772,1.8211,0.011974,-1.7698,0.09983,-0.048941,0.28081
-0.76485,2.6708,-2.1729,-0.013313,6.4522,-0.028321,1.5122,0.18314
-0.70903,3.8347,0.20221,0.65579,0.34466,0.042431,1.8869,0.14688
-0.76899,-1.9088,1.0511,-0.35733,-7.5658,0.064399,0.68236,0.063499
-0.84535,1.5405,0.57412,1.4728,0.90154,-0.11116,-2.5193,0.013826
-0.71244,0.99489,-1.2624,1.2435,2.3839,-0.30186,-2.8306,-0.060916
-0.67966,1.1227,1.4018,-0.71126,1.9837,-0.017675,-1.0034,-0.095914
-0.66829,-0.1769,1.8508,-1.8205,-10.399,-0.023187,-5.0542,-0.10487
-0.43722,0.23515,-2.1931,-0.28668,1.9889,-0.32445,-0.52687,-0.19482
4.4046,0.99782,-2.4313,-1.5137,1.293,-0.022154,2.8599,-0.10648
4.378,-1.4973,0.61383,-3.1132,-9.195,0.038652,-1.7854,-0.040132
-0.73602,-3.9403,0.53163,-0.43753,-3.4685,-0.032429,1.8651,-0.0060342
-0.84405,-1.2605,-2.9923,1.1575,1.6337,0.063455,1.4011,0.026408
-0.75851,0.14241,-1.9944,-0.31721,2.1679,-0.013548,1.6636,0.47973
-0.70138,3.1462,0.68158,-0.23593,-0.70587,0.057712,5.1482,0.26747
-0.70154,-4.252,-0.40206,1.3954,-10.475,0.10829,0.54511,0.12797
-0.45736,-0.96538,2.3621,0.4358,6.9935,0.020131,-0.92447,0.086888
-0.6653,3.6692,3.4432,0.13928,2.6676,-0.022385,0.50107,-0.016694
-0.70462,-1.1331,1.5695,-0.73966,-5.726,0.020971,-2.1429,-0.1174
-0.69026,1.7618,0.57867,-0.12791,-5.2163,-0.036337,-3.0871,-0.14868
-0.85066,-0.32596,4.4556,-0.37329,1.0218,-0.20826,-3.1282,-0.18458
-0.80267,0.76983,-0.034925,-0.66752,4.0154,-0.27108,0.40487,-0.12531
-0.6366,0.78732,-1.507,0.03281,-10.831,0.08179,-0.95983,-0.078999
4.4301,-4.5935,2.547,-1.4114,-2.3055,0.02529,-2.4525,-0.054442
4.4078,1.0874,-1.6065,1.4428,6.7009,-0.50091,-3.776,0.03775
-0.46461,2.2573,-3.2052,1.0833,-9.4126,0.059502,-2.9223,0.16796
-0.78033,-4.3485,-1.8083,-0.5664,-4.4317,0.022832,0.96134,0.19351
-0.7323,-0.29555,-0.8545,1.2625,-3.9095,0.052732,2.7171,0.1681
-0.72164,-0.00035569,0.11131,2.5396,3.1412,0.052815,0.62192,0.02614
-0.83844,2.6263,-0.35624,0.84789,1.1635,0.0081813,1.1145,0.032639
-0.77703,1.4221,1.3263,0.58191,-7.9893,0.062769,3.0657,-0.051716
-0.70018,-6.368,-2.17,1.8113,2.4568,0.12164,-0.68101,-0.14196
-0.69527,4.2627,3.6615,-0.21619,3.141,-0.076773,-0.99988,-0.1067
-0.50092,-1.2098,-0.95787,-0.026576,-1.1623,-0.039597,-2.3246,-0.17854
-0.56521,0.4615,0.46854,1.3273,-5.5943,0.029641,-0.66805,-0.10558
-0.68746,0.090021,-1.6642,0.33805,-3.0983,-0.061076,-1.2716,-0.099175
-0.68421,0.91274,0.18125,-1.2112,3.5616,-0.48626,-4.2034,-0.047798
-0.94126,1.7382,-1.4684,-2.2291,-8.0598,0.06205,-0.63968,0.21897
4.4236,-5.6579,-2.2251,-1.1072,-8.9112,-0.03257,-3.7117,0.17
4.3898,1.7577,1.5562,0.65928,2.2077,-0.34049,0.69526,0.22471
-0.72295,4.1716,-1.2476,-1.1092,-0.87411,0.11124,2.194,0.12517
-0.4284,-0.74895,-1.5379,0.18038,-3.1803,0.040173,-0.24778,0.020543
-0.57605,-0.59237,-1.4695,-1.224,-4.7585,0.04437,-0.24932,0.004212
-0.81081,-2.1277,1.4102,0.92331,-2.5316,0.049523,0.0063646,-0.15805
-0.70927,1.4549,-0.15051,-0.97833,4.9265,0.05628,2.2064,-0.2488
-0.93394,3.576,0.34659,1.4823,-2.6282,0.12031,2.16,-0.18818
-0.74091,-4.658,0.22526,-0.2455,-10.127,0.082483,-0.11473,-0.13958
-0.65094,0.95284,1.2755,0.99326,1.7886,-0.051386,-1.5086,-0.083915
-0.68092,-0.42909,-2.173,-0.44183,2.5956,-0.16712,-0.75951,-0.0078109
-0.67805,0.55926,-0.35392,-0.27029,-1.7061,0.019277,-5.1155,-0.010902
-0.49315,-1.2385,3.2775,-2.0055,-10.78,0.03149,-2.6364,0.19015
-0.67075,1.6124,-0.84925,-1.7467,2.4635,-0.090019,-0.77021,0.078175
3.9047,2.096,-1.2033,-0.3166,6.0207,-0.0074581,1.8723,0.11785
4.3945,1.9481,1.8482,-1.9591,-9.5387,0.02617,-0.93741,0.10609
-0.90623,-2.7604,0.60441,-0.53731,-2.7619,-0.0097428,0.74504,0.072626
-0.73109,-0.46041,-2.1343,0.10833,3.9934,-0.037492,1.3656,-0.047336
-0.70791,1.3533,-0.79069,0.19408,-1.9893,0.10274,2.0023,-0.10287
-0.70889,-0.11408,-0.64435,-0.62724,-0.53732,0.10457,-0.085783,-0.13152
-0.47567,-2.2434,1.0406,0.74298,-8.9347,0.12685,0.96257,-0.20405
-0.61042,-3.7652,0.062605,-0.38811,6.5958,0.009375,-3.2429,-0.14094
-0.70899,3.8287,1.7725,-0.4414,3.8414,0.048079,0.61274,-0.051643
-0.70366,-2.8272,0.88748,-1.0491,-5.0247,0.074692,2.1636,0.084016
-0.946,1.0541,-0.19213,1.7204,-4.1457,-0.05584,-3.9555,0.14571
-0.81455,-0.8247,4.0629,0.94102,1.3069,-0.043499,-3.1491,0.25355
-0.65099,2.0609,-0.82929,-0.68992,1.9927,-0.16852,-0.64927,0.076277
-0.66978,2.3681,-1.2299,0.78834,-9.1724,0.11005,-1.6899,0.049213
-0.40064,-0.11896,-0.48753,-0.57088,-2.1948,0.0062496,-3.4672,0.090928
4.4036,2.4209,0.74526,-0.46221,6.6355,-0.90679,-3.6841,0.018255
4.3642,3.5693,-0.20749,0.59048,-9.2208,0.064976,0.2137,-0.10665
-0.73255,-2.8996,2.489,-0.02901,-3.8788,0.003965,-0.65508,-0.18044
-0.85935,0.008025,0.46328,0.88565,-1.6875,0.02513,-0.45609,-0.15272
-0.85845,-0.30378,2.5834,-0.29963,-0.33772,0.045428,-0.69941,-0.13894
-0.77872,-0.96418,-2.0204,0.21641,2.3083,0.1026,0.17852,-0.050232
-0.69937,-0.15693,-0.17685,0.68387,-4.7789,0.069821,1.4384,0.10702
-0.68815,-8.8778,1.3183,1.0913,-3.9029,0.073903,-1.6253,0.032055
-0.55725,2.626,0.68984,0.43138,3.9357,0.027652,0.73652,0.041838
-0.65533,0.86677,0.16992,0.6686,0.59973,0.0042602,0.92706,0.25986
-0.69503,1.9831,-1.9137,0.6051,-5.2261,0.067081,0.8339,0.19894
-0.69089,1.4057,-2.5578,0.91993,-3.1898,-0.038147,-3.174,0.058997
-0.80114,1.4637,-3.736,-0.77497,1.6963,-0.42791,-5.0809,0.029426
-0.6751,3.0909,1.9217,-2.8892,0.61183,0.071631,-2.7978,-0.024555
-0.75285,-2.3615,-1.9422,-0.62213,-6.93,0.092944,-1.9668,-0.12777
4.3895,-2.3044,-3.7781,0.78302,3.1995,-0.39352,-0.62242,-0.1517
1.6325,2.4114,-4.2957,-1.182,-0.99645,0.053014,-2.5634,-0.1591
-0.59938,-1.4687,-0.7937,1.1181,-4.076,0.077426,-1.2094,-0.10962
-0.72125,-1.805,-0.95276,-1.2277,-1.6473,0.024424,0.98835,-0.078683
-0.72024,-2.2837,-1.0963,1.196,-3.0527,0.074307,-0.20907,0.015943
-0.87408,-0.32785,0.55891,-0.40913,6.284,0.055061,1.7014,0.18614
-0.77606,3.8825,0.3385,1.1436,0.30624,0.12101,3.2535,0.14194
-0.59304,-3.4008,-2.8347,-0.00018419,-6.5242,0.098257,-1.674,0.27276
-0.6832,-0.51873,1.9999,-0.6646,2.9423,0.0061983,-2.1053,0.14588
-0.67583,2.9233,0.88394,0.83235,2.5731,-0.055795,-0.28681,0.063645
-0.45465,2.3533,3.4787,0.28251,-2.2382,0.047103,-0.22678,0.019886
-0.7231,-0.059059,1.7855,-0.86939,-7.8303,0.03346,-2.0392,-0.052276
-0.67837,0.38931,0.16428,-1.4549,1.7602,-0.028514,-1.6242,-0.10295
-0.6778,2.327,-0.96517,-0.33293,8.6128,-0.11597,-1.021,-0.090414
4.4091,-1.5476,2.2439,-1.8835,-10.19,0.10843,-2.8659,-0.13259
4.3917,-2.1792,3.0351,-1.9051,-0.32899,-0.067205,-0.28141,-0.10205
-0.72137,-0.66641,-1.3212,0.50475,7.6701,-0.094601,-0.31477,0.022319
-0.72584,1.1446,-3.1679,0.4115,-3.0976,0.13075,-0.21095,0.017549
-0.58325,-4.0475,-2.781,1.0872,-1.588,0.06393,-1.6328,0.22106
-0.66148,-0.80644,0.96176,0.56124,-7.6748,0.14269,2.8766,0.28541
-0.7187,-3.2161,0.10278,1.02,6.7939,0.089793,-1.7488,0.29541
-0.71421,5.0897,0.60849,-0.17556,4.0482,0.11485,0.27682,0.04196
-0.8241,2.5778,1.8498,-0.43322,-5.0179,0.14985,0.62311,0.040183
-0.79239,-1.4714,1.4358,0.36631,-2.0682,0.095684,-2.3648,-0.025943
-0.68386,0.11252,7.4314,0.60515,2.4193,-0.083313,-2.8982,-0.11122
-0.68228,0.97447,0.53295,-1.2632,0.96259,-0.032153,-0.6215,-0.14405
-0.42925,0.44664,-0.56936,1.6541,-6.0071,0.076887,-1.7683,-0.11955
-0.60681,-1.0907,-0.22723,-0.024777,-2.6431,0.038754,-3.0145,-0.18151
-0.70087,-0.32277,-0.39642,-0.54409,7.1112,-0.65695,-3.4244,-0.055513
4.4187,0.72519,-0.50056,-0.98904,-9.3957,0.080064,0.062485,0.047582
4.3978,-3.7184,-1.906,0.29903,-5.8224,-0.015133,0.52985,0.12018
-0.79766,1.1143,-0.3548,0.81708,2.7986,-0.15178,-2.9646,0.1627
-0.74855,2.7205,-0.56829,0.26011,-1.123,0.12818,2.2151,0.07613
-0.71038,-0.88515,-1.3248,0.25504,1.1233,0.036823,0.4707,0.34988
-0.69863,1.6201,0.10114,0.80356,-2.6541,0.11175,2.2569,0.043007
-0.5196,-7.1672,1.1149,-0.21839,-2.1117,0.13967,0.87395,0.028939
-0.68773,4.5676,1.2737,-0.1045,5.4135,0.086642,2.4541,-0.069751
-0.69999,1.7161,-0.54861,0.7855,-0.09662,0.10922,1.0798,-0.1332
-0.70208,0.4871,-0.2055,0.58302,-5.4575,0.10338,0.13275,-0.12298
-0.92971,-0.15948,1.0947,0.18431,-0.90899,-0.083839,-2.2627,-0.16009
-0.69218,-0.039883,-1.6608,0.87121,2.0587,-0.12173,-0.55723,-0.082796
-0.66855,-0.78213,-0.52862,-1.5347,2.2766,0.094894,0.69701,-0.023825
-0.66365,-0.38404,-1.8611,-1.3599,-6.899,0.053707,-2.8085,0.010175
4.4357,1.0135,-2.7618,1.0859,4.764,-0.41503,-1.8949,0.0045284
4.4138,2.6283,-1.0536,-1.9747,-0.77879,0.062961,-0.8165,0.36738
-0.73841,-1.5584,0.10494,-1.2403,-6.3363,0.062043,0.43091,0.20831
-0.73333,-1.4231,-0.84324,-0.78563,-0.36152,0.082489,2.7685,0.10709
-0.9556,-0.064364,-2.647,0.31242,1.2498,0.066401,1.1525,0.071287
-0.77762,1.2761,-0.91181,-0.34045,6.2344,0.097988,2.4937,-0.055781
-0.69047,2.7726,0.044714,0.64172,2.2123,0.16122,4.5623,-0.15944
-0.69583,-4.644,0.064211,-0.059127,-8.3974,0.10488,1.0267,-0.15868
-0.5303,-0.36455,2.2741,0.6071,5.2328,0.022178,-0.018475,-0.1543
-0.52739,1.9336,1.4613,1.6349,3.1585,0.070739,1.6616,-0.15204
-0.70457,-1.76,-1.1634,0.82097,-2.9679,0.042688,-2.0362,-0.02071
-0.69217,-0.9787,4.2331,0.14926,-3.9619,0.033729,-1.5543,0.028234
-0.71883,0.60508,-0.7161,-1.3322,3.5499,-0.095416,-2.034,0.00080474
-0.89744,1.7745,-0.52027,0.21601,8.5782,-0.10726,-2.3089,0.042398
-0.69096,-0.21258,0.35357,-1.6027,-9.3264,0.097141,-2.582,0.22807
4.421,-2.2904,1.0312,-2.2073,2.7938,0.0031821,0.81354,0.12561
4.3803,3.8735,-3.1018,-0.37715,8.5374,-0.085392,-1.1757,0.015018
-0.55301,1.8987,-1.0623,0.21643,-4.4014,0.087123,-2.4112,0.049407
-0.67149,-5.5948,-1.6216,-0.22386,-0.1065,0.062127,-2.157,-0.054248
-0.71554,-0.95486,1.1352,-0.098095,-3.8252,0.043863,2.7507,-0.15401
-0.71204,-2.0846,0.39798,1.9891,7.1116,0.11554,-1.5336,-0.14812
-0.97087,2.2257,1.787,0.53667,4.1543,0.062781,0.70535,-0.26265
-0.73463,1.1521,0.60538,1.1207,-5.1999,0.095478,2.5287,-0.14264
-0.68552,-4.0779,2.5093,1.3986,3.7052,0.1197,-1.6306,-0.088321
-0.67884,1.1914,5.5048,0.24049,5.1269,0.015561,-2.4898,0.080633
-0.55593,-1.148,0.47269,-0.46561,1.8715,0.0030537,1.8162,0.098473
-0.5958,0.56538,-3.3663,0.20518,-2.7834,0.0039073,-4.2226,0.19108
-0.69016,0.18508,-0.20699,0.22144,0.37505,0.036604,-2.6013,0.20566
-0.67637,1.2111,0.041984,-2.3222,8.2608,-0.28573,-3.2618,0.10008
4.4207,2.2255,-0.24529,1.1013,-8.2446,0.084556,0.49444,0.02193
4.3858,-5.5289,-0.55954,0.21506,-3.5803,0.011069,-1.2516,0.0035306
-0.65098,2.4004,0.58165,-0.034181,5.592,-0.14494,-2.3936,-0.12225
-0.71528,1.543,0.0097927,0.86081,0.52627,0.13464,4.3507,-0.15479
-0.67541,-2.8502,-1.9984,0.54961,0.38681,0.12201,-0.98921,-0.15196
-0.53922,-3.0196,-2.0715,1.4478,-2.5543,0.12221,1.9508,-0.13074
-0.66668,-6.7914,1.2492,0.67094,2.2583,0.12074,-0.35659,0.0027518
-0.70681,1.7659,-1.3356,-0.75344,7.6256,0.045454,2.5077,-0.015696
-0.69144,3.7164,2.2807,1.1416,0.66785,0.10042,0.86476,0.013972
-0.82846,-4.7254,-0.95785,-0.15003,-3.846,0.10099,0.12705,0.22471
-0.65145,2.5512,0.81727,-0.03183,4.2541,0.019637,-2.7088,0.2123
-0.6736,0.077074,-0.47097,1.5719,3.7472,-0.21243,-1.4583,0.19083
-0.67287,1.9458,2.8575,-0.91021,1.5047,0.017769,-1.3203,-0.012605
-0.37187,0.76984,0.77046,-0.1161,-6.5183,0.032305,-0.21778,0.019375
-0.6147,1.0623,-3.3043,0.87323,5.9935,-0.23219,-1.1728,-0.073864
4.3967,2.3656,-1.3298,-2.8548,0.62162,0.099457,-0.80065,-0.097277
4.3684,-1.3375,-1.6542,-1.6598,-5.9274,0.067562,2.4362,-0.15175
-0.95479,-1.9353,1.4218,-1.3645,1.2465,0.015305,2.747,-0.17913
-0.78463,-0.214,-4.2878,0.75005,5.3424,0.11836,1.6537,-0.12872
-0.69883,-0.7915,-1.2072,-0.50231,3.6425,0.1311,1.2869,0.040281
-0.70805,1.5323,0.24088,-0.69095,2.0901,0.086674,3.5436,0.077372
-0.34668,-6.0249,-0.65825,1.0899,-7.9168,0.14327,1.7753,0.32092
-0.5993,0.36145,2.8549,-0.045132,8.2635,0.11325,-0.58591,0.21269
-0.71934,5.1606,1.0379,-0.31216,3.8799,0.069391,2.2416,0.099714
-0.69838,-2.839,-0.34543,0.59418,-3.2456,0.080859,-0.21721,0.16696
-0.8503,2.4467,2.3995,-0.24933,-2.09,0.025868,-2.5083,0.056928
-0.79283,2.7589,-0.55733,-0.67885,4.8875,-0.060961,-1.5946,-0.021829
-0.72142,2.196,-0.55576,0.072099,5.5344,-0.038801,0.77265,-0.097715
-0.67028,0.1596,0.96975,-1.3428,-7.9026,0.12486,-1.0001,-0.14676
-0.56045,-1.0078,1.5675,-0.9668,2.0174,-0.047799,0.051491,-0.1386
4.399,1.7052,-1.7562,1.0806,8.9642,-0.19598,-1.5482,-0.17231
-0.82972,1.4398,1.0602,0.92123,-7.5946,0.10185,-2.3869,-0.077369
-0.72511,-7.09,-1.7138,-0.36691,-0.524,-0.0082282,-2.7078,0.10018
-0.71586,1.0863,0.56833,0.18137,0.83841,0.0015841,2.9972,-0.033171
-0.80168,-2.4142,0.064069,1.7059,4.4817,0.11048,-0.36166,0.16555
-0.74376,2.0784,-0.56386,1.1598,3.5133,0.041591,0.92896,0.28967
-0.69609,2.3321,0.16175,1.4553,-5.651,0.10284,2.3145,0.19719
-0.6814,-4.9926,-1.3351,0.2066,7.4841,0.07561,-3.6528,0.075595
-0.5239,4.861,3.4368,-0.47162,4.9081,0.0060699,1.388,0.046609
-0.55733,-1.1898,-0.72266,-0.26041,1.3709,0.061472,1.0185,-0.069167
-0.67904,1.0575,0.29594,2.2722,-3.4786,0.0090541,-2.9527,-0.13425
-0.68173,1.0424,0.31501,-0.33767,0.48701,0.020426,-1.3984,-0.11232
-0.81778,0.76286,0.62701,-1.623,6.1097,-0.42645,-1.4328,-0.16438
-0.73727,1.5143,-0.10905,-1.0403,-6.3009,0.075809,-1.4076,-0.10273
4.4278,-3.2865,-2.2268,-0.57836,-3.4206,0.049478,-0.16975,-0.086787
4.4085,0.0043709,-2.4633,-0.58426,7.4178,-0.24684,-3.1901,0.086158
-0.57468,1.9849,-2.1478,-0.78459,-2.501,0.10225,2.8304,0.16526
-0.56074,-4.2345,-2.8273,0.18645,-0.1332,0.083683,-2.2682,0.16207
-0.68526,-2.0321,-2.4752,-0.20186,-3.0948,0.09578,1.4428,0.22912
-0.71497,-3.6182,2.75,0.42237,2.3338,0.08283,1.2933,0.20624
-0.75147,2.6892,-0.40768,-0.33987,6.6715,0.049895,3.4953,0.081436
-0.75716,4.6625,1.374,2.1021,-1.6342,0.1132,0.44531,-0.012873
-0.67194,-6.8128,-0.15106,-0.64625,-2.7856,0.048554,-2.1147,-0.089805
-0.68186,2.7494,-0.56807,0.24518,5.3592,0.046205,0.11337,-0.18854
-0.68847,-0.72404,2.837,0.93372,3.4374,-0.086239,-2.2372,-0.096401
-0.58957,1.1811,1.6633,-1.0823,-1.6782,0.032824,-1.9563,-0.17462
-0.61144,0.033373,-0.087769,-0.081845,-4.5413,0.035456,-3.1071,-0.12125
-0.67165,-0.27169,-3.5898,0.21288,5.4088,-0.18717,-1.2221,-0.0321
-0.66471,2.6528,-0.16584,-3.2478,1.6913,0.0963,0.038224,0.018255
4.43,-2.3401,-2.5446,-2.5687,-6.6752,0.079197,-0.1491,0.2253
4.3976,-3.563,0.6182,0.48332,3.0026,-0.089538,1.6264,0.23447
-0.71478,3.1958,-3.1385,-0.90511,6.5305,0.11013,1.5325,0.1601
-0.7149,0.12096,-2.6252,-1.9258,1.6542,0.052083,1.242,0.016016
-0.38929,0.96596,0.31596,-0.56052,0.90641,0.071881,4.2561,0.11113
-0.70292,-3.5248,-0.17528,0.71987,-5.4843,0.076014,3.3773,-0.061452
-0.69675,-0.24958,2.3574,0.33831,8.9958,0.29633,0.73532,-0.12853
-0.69705,3.3374,4.0561,1.1169,4.4703,0.09064,3.0733,-0.18059
-0.81565,-3.862,0.81226,-0.65849,-4.2965,0.11955,0.1331,-0.15737
-0.77286,0.066414,2.0363,0.12848,2.327,0.0070326,-0.52853,-0.14016
-0.66991,0.81456,0.44293,1.2439,6.1633,-0.024368,-0.84521,-0.027427
-0.67435,0.58048,0.1214,0.28945,3.2452,0.070784,2.0964,0.0258
-0.66199,-1.0791,1.4985,-0.11326,-7.0593,0.076945,-1.8499,0.11539
-0.54513,-0.5759,0.54489,-1.908,3.7997,-0.031466,-0.37946,0.16029
4.435,3.1814,-0.28273,0.25999,9.4592,0.032215,-1.5059,0.07467
4.3996,1.5271,0.54321,-0.82803,-7.0286,0.036912,1.9713,0.3246
-0.85091,-1.7598,3.3883,-1.2997,-1.0082,0.0010707,1.1033,0.021297
-0.84947,2.8405,-0.71051,0.18957,5.1353,0.015812,3.5616,0.010832
-0.70881,0.039319,-0.091996,2.4002,2.5795,0.079422,1.0419,-0.065638
-0.70458,0.072251,-1.1641,1.8511,2.1698,0.027748,1.3208,-0.16148
-0.69313,0.51895,1.8517,1.1727,-6.0501,0.048887,3.5029,-0.10648
-0.52789,-6.812,0.29545,1.5787,7.4339,0.10155,0.71894,-0.19563
-0.62137,3.8322,2.3494,-0.20525,6.3347,0.0075139,0.84441,-0.10032
-0.69121,-0.83143,-2.2904,-0.38466,-0.44956,0.091987,2.0384,-0.014601
-0.68433,-0.66138,0.38805,2.3121,-3.9191,0.053598,-1.3494,0.080536
-0.94115,2.023,-0.62048,0.40892,2.6161,0.024655,1.257,0.15433
-0.69054,1.4268,1.0608,-1.0289,3.9196,-0.20268,-2.7175,0.074183
-0.66205,2.8361,0.0083858,-0.63796,-4.4618,0.090518,-0.54707,0.069754
-0.65805,0.29352,-1.8841,0.79115,-1.7622,0.086026,-1.3453,0.096161
4.4074,2.5507,-1.3483,0.22847,7.6496,-0.36156,-3.1105,0.047071
4.3692,3.8445,-0.83302,0.09896,-5.4526,0.082939,-0.17092,-0.050402
-0.71739,-0.90328,0.17585,0.63684,-1.4511,0.039537,-1.1845,-0.12602
-0.71372,-4.2192,-1.358,1.0783,-0.43456,-0.020024,3.1629,-0.099175
-0.95245,-1.7834,1.6138,1.9132,1.8403,0.1201,0.94025,-0.14634
-0.7894,-1.3952,-1.0398,-1.5625,6.4774,0.039435,3.1652,-0.037795
-0.70409,0.18857,-1.2923,1.3378,-1.1104,0.093688,3.5226,-0.078366
-0.69012,-8.0636,0.012491,-0.58412,-2.81,0.073133,3.1244,0.054835
-0.68334,4.0546,0.46361,-0.5826,6.0137,0.044344,1.656,-0.011364
-0.62298,1.7474,2.3348,1.2213,3.9723,0.0769,1.9342,0.19921
-0.64364,0.38157,1.0314,-1.0537,-2.645,0.045634,-1.3756,0.16265
-0.67821,0.80977,0.85728,0.52284,-2.3953,-0.052945,-2.5992,0.15211
-0.66532,2.4836,-2.1835,0.88327,5.1213,-0.269,-2.1941,0.0062808
-0.78238,2.5393,3.7544,-2.5337,4.0034,0.04926,-0.29162,0.014434
4.3387,-1.4257,0.014495,0.38092,-5.5187,0.071766,-1.1483,-0.067001
4.3878,-2.8866,-1.6613,1.7842,5.2148,-0.209,-0.32573,-0.17655
-0.7454,2.6102,-5.0408,-1.7222,4.1237,-0.0059243,0.83476,-0.14182
-0.41272,-0.29489,-3.3228,-1.375,-2.2062,0.026683,1.8069,-0.17212
-0.69085,-3.1952,0.95363,-1.501,1.2023,0.092988,4.6043,-0.12906
-0.70616,-3.0104,-1.3639,1.1629,-4.0552,0.08813,2.3582,0.059532
-0.7001,-0.56642,0.67959,-0.59895,8.7073,0.30131,3.5803,0.099446
-0.94543,2.4383,1.3515,0.98534,4.6017,0.059149,3.9163,0.15265
-0.72954,-3.4532,0.2861,-0.42599,-4.4073,0.077304,0.70785,0.22075
-0.6792,0.30104,0.3666,0.85196,4.7006,0.08109,3.0267,0.22681
-0.67595,2.6904,1.152,1.2403,5.5428,0.018809,0.44703,0.1031
-0.51249,0.9623,-0.71574,0.073634,0.24999,0.063693,0.30772,0.061674
-0.60851,0.74943,1.2262,-0.1118,-6.4018,0.0028612,-2.5935,-0.018812
-0.65779,0.91569,0.069947,-1.1399,3.7434,-0.029149,-0.49143,-0.076857
-0.66022,1.1106,-2.0877,-0.27289,9.9514,0.19132,-2.1289,-0.16798
4.4071,-1.7233,0.10455,-1.5215,-8.1898,0.051012,-1.0664,-0.14306
4.3874,-5.2177,1.2148,-2.1159,1.2666,0.030822,0.90244,-0.12923
-0.68809,-1.095,-2.4971,0.36379,7.9642,0.054708,-0.62367,-0.070992
-0.7098,1.1206,-1.0577,1.8195,-0.26001,0.058469,4.1055,0.044662
-0.7047,-2.1651,-3.9296,1.7234,0.30364,0.050832,2.09,0.055735
-0.50671,-2.7654,0.7888,1.1695,-4.367,0.031599,5.0704,0.26124
-0.69204,-5.9377,1.2398,1.0154,6.3085,0.0012376,-0.27604,0.39883
-0.70042,4.293,1.6637,0.11833,6.9339,0.031374,0.34331,0.23927
-0.69009,2.3256,-0.93793,-0.3654,-1.1337,0.10012,1.2526,0.002484
-0.80383,-1.738,2.1032,0.40314,-1.8793,0.026112,0.877,0.020567
-0.66965,2.7813,2.0391,0.28551,3.7528,-0.12584,1.5402,-0.066757
-0.67054,1.0451,2.5669,-0.58925,3.4359,-0.12797,0.23765,-0.14493
-0.67276,1.8056,-0.013443,-0.20566,-4.4723,0.072671,-1.1382,-0.1212
-0.52063,0.5411,-2.4949,-0.11968,-2.3008,-0.0020739,-0.55879,-0.18762
3.133,-0.53687,-0.91572,-0.60241,7.01,-0.56331,-4.4289,-0.12164
4.4149,0.099404,-1.427,-0.36304,-7.6712,0.049651,-0.75099,-0.011023
4.4124,-3.4987,-2.4839,-0.77409,-4.2793,0.058398,-0.23925,0.056076
-0.98915,-1.9205,0.39293,0.10593,2.3291,-0.14045,-0.63844,0.16122
-0.86824,2.7686,-1.2843,-0.036647,1.013,0.040789,3.4269,0.05868
-0.70809,1.4652,-0.48384,-0.63786,5.048,0.098212,2.1732,0.26575
-0.70481,2.7618,-1.2809,0.046658,-0.08454,0.037111,3.3362,0.14661
-0.49142,-8.3496,0.99981,0.63518,-4.9629,0.084986,1.9576,0.045952
-0.63061,3.8778,1.7612,0.21416,6.9749,0.055523,0.331,-0.0012153
-0.69854,3.5227,0.20092,1.6717,1.8632,0.061953,-0.39074,-0.11115
-0.68599,-1.1684,-0.41275,-0.48173,-4.5993,0.050113,1.0578,-0.1773
-0.87155,0.67444,0.5069,1.5561,-0.77014,-0.065485,-4.237,-0.147
-0.85233,2.0626,-2.0944,0.70907,4.1309,-0.19244,-1.5043,-0.15637
-0.71249,0.76545,1.0279,-1.0553,3.6176,0.059585,-0.73632,-0.10312
-0.66673,-0.95886,-0.47008,-1.3254,-6.9876,0.087989,-1.0774,0.021492
4.4258,2.1678,-2.2277,0.18564,5.0008,-0.22053,1.1882,-0.046411
4.4131,2.1266,-1.6182,-1.9027,3.6406,0.031073,1.261,0.18993
-0.70794,0.88709,0.11817,-0.97996,-5.6843,0.012834,1.9443,0.24418
-0.72029,-2.069,0.59539,-2.2647,0.3241,0.053778,4.8414,0.17548
-0.71136,0.24889,-1.8657,0.23699,-1.2134,0.034166,2.783,0.088859
-0.85156,-0.97263,2.0464,0.76758,7.6389,0.17067,4.869,0.03719
-0.70253,2.9341,1.9547,0.80676,3.9741,0.085762,2.6589,-0.078366
-0.69336,-1.8524,-0.18436,1.4771,-7.1839,0.076842,0.61865,-0.12648
-0.68335,-1.3733,2.7636,0.87761,6.8853,0.071856,-0.071481,-0.12841
-0.39577,3.2063,1.9848,1.2433,4.9447,0.077862,1.5543,-0.18927
-0.61187,-3.2838,1.1099,-0.13469,-0.26661,0.055562,3.4472,-0.15235
-0.68706,-1.3474,-0.99177,-1.2525,-3.6048,0.051345,-3.3353,-0.046313
-0.67492,0.10445,3.1116,-0.52265,1.5214,-0.038878,-1.8883,-0.044853
-0.86232,0.54993,-0.57312,0.0016849,8.006,-0.35885,-1.3824,0.079659
-0.66959,1.0958,-1.9749,-0.50757,-8.7593,0.04419,-1.6662,0.19599
4.4228,-5.7163,-1.4145,-0.90611,0.50157,0.004395,-1.9471,0.24156
4.3812,0.99131,-2.4661,0.6697,7.7078,-0.18701,-1.9238,0.15306
-0.54126,4.1318,-0.36779,1.8918,-4.1399,0.093329,1.6136,0.047947
-0.67166,-3.7437,-1.6989,0.11526,-0.98516,0.095588,3.1376,-0.0017021
-0.76404,0.63067,2.4225,-0.2772,-4.0637,0.099868,3.609,-0.17509
-0.70521,-4.2716,1.5137,1.9399,6.4666,0.082477,-1.3173,-0.24674
-0.71849,2.8113,-0.27554,0.63228,5.7054,0.086045,2.1243,-0.12424
-0.84603,1.8691,0.28887,0.38807,-4.3311,0.1237,4.8055,-0.16294
-0.69808,-2.9643,-1.7561,-0.5122,1.671,0.04358,-2.1397,-0.12463
-0.68105,2.0742,1.0249,0.31109,4.9549,-0.076106,0.28942,0.0041147
-0.68429,-1.7015,-0.09208,-1.3491,2.5085,-0.050622,-2.3863,0.01548
-0.50193,2.0967,-1.798,0.16722,-4.2362,-0.015499,-2.7025,0.12634
-0.65569,0.68668,-1.8685,0.96874,-1.8232,0.00055732,-1.6161,0.25197
-0.67429,1.2208,-1.4939,-1.7302,6.9281,-0.50832,-1.559,0.17343
4.4189,3.3086,-0.87235,-0.19799,-7.6891,0.090986,-1.0091,0.046657
4.3829,-6.2127,-1.6502,-0.63673,-4.2138,-0.010115,-0.92419,0.15024
-0.78052,2.4925,0.97879,-1.0233,2.4555,-0.11826,0.91927,-0.033585
-0.7208,4.4265,-0.57973,-0.44439,1.9739,0.061228,-0.16808,-0.11628
-0.71479,-0.18532,-0.67699,0.028982,1.4969,0.085114,0.77706,-0.13824
-0.79011,-1.8976,-1.6671,-0.3796,-1.442,0.052712,2.682,-0.15678
-0.57488,-7.4493,3.6983,0.1858,-0.58492,0.071355,0.59714,-0.099175
-0.71367,2.0794,-1.2379,-0.42395,7.0926,0.05019,1.4378,-0.079364
-0.70041,1.8369,1.1597,1.3406,0.90798,0.046712,2.8223,0.021078
-0.88324,-4.2023,0.60738,-0.54466,-6.926,0.090608,2.3194,0.11512
-0.77167,1.0114,-1.338,0.98118,3.3918,-0.084064,-2.606,0.1801
-0.68162,-1.122,-1.8985,2.0541,3.9987,-0.29961,-2.7887,0.21388
-0.67338,1.9874,1.7696,-0.48166,0.86019,-0.012059,-1.3844,0.047071
-0.66022,0.91015,-0.27489,-0.70569,-7.5527,0.024931,-3.5671,0.0010238
-0.44368,1.4809,-3.0608,0.71445,4.5129,-0.22866,1.7168,0.016186
4.3921,2.985,-1.0946,-2.5693,2.0553,0.014689,0.27316,-0.056949
4.36,-0.44767,-1.2125,-2.3408,-6.8218,0.018661,1.2513,-0.16917
-0.73329,-2.3151,1.1707,0.28233,0.37017,0.014015,3.9391,-0.10713
-0.94059,0.63526,-4.8142,1.2857,3.5482,0.044491,3.5781,-0.14349
-0.74041,-0.23016,-0.4658,0.31952,4.627,0.048419,-0.45872,-0.065151
-0.70334,0.15084,1.2468,0.31769,1.3072,0.069302,4.5141,0.17312
-0.69599,-6.2349,-2.3628,1.8027,-7.6638,0.070392,-0.26293,0.084697
-0.47932,0.54006,4.5484,-0.52635,7.4362,0.16844,-1.5383,0.089808
-0.66106,3.8969,-0.42535,0.35945,4.0274,-0.016571,1.0317,0.066566
-0.69944,-2.5359,0.7237,0.063242,-4.5045,0.056518,-0.52335,0.23771
-0.69208,2.4518,1.1232,-0.24826,-2.5956,0.016319,-0.98778,0.095236
-0.78037,0.90805,3.0912,-0.6533,3.2873,-0.074258,-1.3964,0.058729
-0.69958,2.8097,0.26258,-0.50521,5.9807,-0.12675,-0.14687,-0.0083463
-0.66141,0.62348,-0.0059141,-0.18969,-8.8325,0.035334,-0.26936,-0.10329
4.4112,-2.5949,2.3989,-1.7998,0.992,0.0068721,-0.37249,-0.12702
4.3899,1.865,-0.97686,1.4548,8.2859,-0.10713,-2.4494,-0.16698
-0.51802,3.0592,-1.932,1.284,-7.6495,0.079826,-0.69352,-0.17547
-0.81555,-9.2933,-1.1448,-0.87444,-2.0233,-0.015474,-1.5925,-0.0036248
-0.7262,-1.3478,-0.31161,0.18923,-0.18403,0.028255,2.3,-0.050061
-0.9264,-3.1911,0.83648,1.8706,4.2395,0.099932,0.82901,0.16465
-0.9219,0.60327,-1.3962,2.1039,2.4112,0.029263,1.8894,0.2989
-0.74672,0.059106,0.30802,0.40651,-7.7464,0.053174,3.2952,0.18134
-0.69762,-4.024,-1.6558,1.0933,6.6007,0.056441,-3.6346,0.20201
-0.6959,5.1864,4.4951,1.0191,4.6142,-0.02098,0.88463,0.013193
-0.53561,-0.80668,-0.93942,-0.11239,-0.30009,0.06986,2.73,0.049967
-0.69079,1.0297,1.7817,2.4653,-4.6188,-0.007426,-3.2492,-0.060721
-0.68503,0.90037,2.3773,0.24674,-0.55614,-0.071466,-0.28013,-0.098153
-0.68623,1.2303,1.525,-1.1089,3.8988,-0.33888,-1.1104,-0.088126
-0.83822,1.3239,-1.5102,-0.4814,-7.5849,0.058867,-0.16048,-0.16007
4.412,-4.9329,-1.4281,-0.26614,-5.3088,0.078517,-2.3158,-0.12261
4.3967,0.74788,-2.3472,-0.023512,6.0129,-0.34987,-2.6017,0.0011211
-0.72193,2.0302,-2.0205,1.6246,-3.1466,0.042431,0.079137,0.020202
-0.49865,-3.5618,-2.052,1.0854,-1.6693,-0.023091,0.35056,0.10629
-0.67039,-3.4438,-2.324,0.35643,-4.1146,0.012186,2.2903,0.25988
-0.72822,-1.3619,2.8121,0.56194,1.2993,0.075007,-0.19853,0.26149
-0.71697,2.1555,-2.0496,0.10216,6.4461,0.10582,3.2929,0.15374
-0.83715,4.6457,-0.025668,0.97186,-4.1125,0.087348,1.9325,0.096915
-0.76547,-6.0294,1.6601,0.40683,-3.8646,0.078645,-0.22483,-0.020321
-0.63377,3.1262,-0.34137,0.68145,5.2819,-0.0275,0.4319,-0.11568
-0.68298,-1.7097,3.4723,0.11107,2.142,-0.045629,-1.5521,-0.1395
-0.6245,1.2325,2.3362,-0.57343,-3.191,0.00062791,-0.41629,-0.16727
-0.57225,0.88489,-1.6472,0.82953,-5.3407,-0.070767,-3.9418,-0.13259
-0.73628,-0.35082,-4.3591,-0.056622,4.2239,-0.30692,-0.59547,-0.13714
-0.67775,0.57804,-1.116,-2.8019,-0.43332,0.09528,-0.33019,0.00092643
4.4193,-4.6145,-2.3795,-2.7403,-7.3063,0.088291,-0.19251,0.064765
4.3979,-2.269,-1.2372,-0.69935,3.5369,-0.033199,-0.1894,0.13045
-0.65345,3.0371,-2.116,0.13309,5.9049,0.11838,0.67742,0.20064
-0.7119,0.64292,-2.642,-1.6222,1.7692,0.042605,1.7029,0.10156
-0.71174,0.49368,0.58582,-0.15272,0.45442,0.043593,2.7111,0.068537
-0.55076,-2.0455,0.18905,0.71317,-6.7933,0.054965,1.9784,0.071847
-0.69851,0.43411,2.0729,-0.38182,8.2454,0.25235,-0.40004,-0.026648
-0.70332,5.3294,3.1391,0.45039,2.9794,0.11386,4.1808,-0.12714
-0.70539,-4.2626,1.8245,-0.61451,-6.0357,0.077157,0.0399,-0.13649
-0.82591,0.87428,3.0562,0.53192,1.0355,0.0039073,0.10721,-0.18399
-0.76029,-1.0013,1.2109,1.0423,3.3181,-0.15821,-1.6185,-0.13386
-0.67142,1.4977,0.37807,0.8699,0.69135,-0.02397,0.76461,-0.070262
-0.67661,-1.5743,1.8826,-0.93853,-9.1624,0.065413,-0.69196,0.020494
-0.36982,-0.42349,-0.61059,-1.4973,2.9668,-0.11779,-1.1505,0.1021
4.433,3.326,-0.97345,-0.29622,7.1212,-0.19672,1.7752,0.050649
4.401,0.97242,-0.11798,-1.5112,-8.6584,0.080102,0.65718,0.21873
-0.73783,-4.3542,1.6617,-1.3107,-1.7466,-0.047606,-0.65352,0.16998
-0.93742,1.5477,-2.2946,0.25576,3.6853,-0.055185,1.4982,0.10307
-0.8712,0.32896,-0.22035,2.2338,1.0455,0.11897,-0.96115,0.0073029
-0.76696,0.052138,-0.72782,0.62376,1.6055,0.064078,0.2653,-0.1204
-0.70704,-2.9888,1.2427,0.47565,-7.91,0.10037,3.1662,-0.17263
-0.70297,-4.6785,1.1788,0.64352,6.8301,0.049946,-1.0512,-0.15396
-0.51248,4.8056,2.3383,-0.45467,5.4113,0.010273,0.40895,-0.17881
-0.74638,-1.2343,-1.3171,-1.2946,-2.6075,0.060882,1.0776,-0.092677
-0.69766,-0.72056,1.6827,1.3781,-4.9572,0.00033271,-0.69266,-0.0038681
-0.69304,0.87113,3.0912,-0.52294,1.491,-0.13094,-0.63546,0.0023624
-0.82275,1.2979,0.28761,-0.82213,3.1297,-0.29445,-1.757,0.031422
-0.69204,2.4873,-1.7365,-0.38867,-7.4115,0.075289,0.66256,0.071458
-0.66826,-0.2192,-2.0108,0.87115,-2.3204,0.050659,-2.2744,0.17297
4.4009,2.5219,-1.2019,-0.28026,6.8637,-0.51613,-3.7856,0.039551
4.3666,4.0347,-1.2071,1.6065,-7.2651,0.011794,0.26495,0.066566
-0.67532,-2.1884,1.1772,0.05276,-3.314,-0.005873,0.038012,-0.019955
-0.72676,-1.8962,1.0983,0.99533,-2.0878,0.004241,3.4923,-0.091338
-0.72736,-0.986,3.0459,0.98604,1.7349,0.070296,0.096078,-0.16387
-0.87495,-0.29726,-1.1722,0.30887,5.3613,0.091108,3.6693,-0.20234
-0.70821,0.42526,-1.0962,0.93247,-3.1889,0.061183,2.2092,-0.14766
-0.6894,-7.8395,0.30444,0.42381,-5.571,0.10755,2.1459,-0.054661
-0.68985,3.0073,0.65581,0.062966,4.9634,0.0073149,1.0208,-0.032928
-0.4378,0.32994,0.77645,0.6699,2.0819,0.054471,1.4951,0.12719
-0.55424,0.13558,2.0385,-0.34826,-4.6329,0.038061,-1.8616,0.1875
-0.66488,0.67994,2.7366,-1.0072,-5.0617,-0.0080357,-2.2027,0.24136
-0.69134,2.4226,-2.5376,-0.35468,2.4812,-0.26945,-1.7268,0.19047
-0.88018,2.8842,3.0114,-2.4139,2.9177,0.02624,1.2343,0.081606
4.3854,-0.74257,2.4473,-2.4358,-9.3585,0.037708,-2.1327,-0.011243
4.3787,-0.81856,-0.041619,1.1354,2.7632,-0.27459,0.20736,-0.079048
-0.72578,1.9771,-5.8542,-1.0552,3.8472,-0.02854,1.4429,-0.15919
-0.72698,0.6044,-1.7835,-0.022138,-4.7701,0.04899,-0.74595,-0.10115
-0.56074,-1.5341,0.80195,-1.0029,-2.3476,-0.048594,2.4455,-0.1774
-0.69561,-2.1715,-1.6637,0.51025,-6.356,0.040943,0.89183,-0.037235
-0.7153,-1.2282,-0.10882,-0.18995,6.9609,0.040487,1.7405,0.08735
-0.71012,4.5425,2.1457,0.5004,1.3994,0.049305,2.1893,0.014288
-0.84472,-4.3414,0.011302,0.11969,-7.8043,0.1144,0.36305,0.16686
-0.74368,0.40779,0.35852,0.86993,1.6273,-0.0045959,2.673,0.24567
-0.68221,2.2692,0.70551,0.40048,2.8172,-0.083178,-0.092038,0.16253
-0.68447,1.6733,-0.86891,-0.16686,-2.2018,-0.002876,-1.8922,0.050941
-0.46522,0.70167,-0.64169,-1.1555,-8.7068,-0.05376,-3.595,0.026311
-0.60357,1.5149,0.75767,-1.7567,0.89962,-0.1134,-2.4491,-0.011608
-0.67257,2.5425,-0.4961,-0.35539,8.2052,-0.19933,-2.2024,-0.13191
4.3962,-0.79323,0.047759,-0.59927,-10.511,0.032593,-0.99304,-0.12191
4.3673,-4.5547,1.2216,-2.466,-1.9869,-0.058253,0.97574,-0.1865
-0.88769,0.77736,-0.33243,0.29449,4.3418,-0.26841,2.8771,-0.16107
-0.70665,1.0103,-1.4967,0.38502,-1.3252,0.11897,-0.28546,-0.018374
-0.71096,-3.4696,-0.98029,1.5129,-2.3043,-0.0050452,3.1706,0.08589
-0.57188,-2.1756,1.3291,1.3771,-6.5035,0.077818,3.2326,0.26085
-0.55609,-5.2389,0.33144,0.5137,4.1653,0.079621,-0.94272,0.30994
-0.71693,3.229,1.6057,1.0965,4.6666,0.041687,1.3652,0.34051
-0.7048,1.7066,2.1396,0.10595,-3.684,0.10512,1.9069,0.077104
-0.80814,-0.9986,0.59428,0.68832,-3.5045,0.033062,-2.77,0.064813
-0.83571,2.6261,4.2185,0.37056,1.7479,-0.09068,-1.1025,0.040159
-0.69721,1.3293,2.8793,-0.055639,1.5249,-0.068399,-2.6016,-0.065248
-0.67172,1.6155,0.20402,0.28163,-5.3122,0.047963,-2.1068,-0.13658
-0.66263,1.1301,-0.73455,-0.21907,-4.3253,-0.011219,-2.233,-0.077831
4.4425,-0.40296,-0.23276,-0.8305,4.6175,-0.89339,-3.2512,-0.16934
4.4001,0.70507,-1.8126,-0.20972,-9.8173,0.019861,-1.0738,-0.10913
-0.6666,-4.6937,-0.63308,-0.40867,-6.613,-0.00050798,-3.6369,-0.020248
-0.73486,-2.8675,-1.2777,1.1893,-1.0529,-0.022475,1.2788,0.038577
-0.91616,2.1094,-0.51476,0.18968,-1.0436,0.05114,1.9583,0.057828
-0.76341,-0.90216,-1.1412,0.19373,2.8379,0.08152,0.87616,0.27298
-0.69956,1.1939,-1.8743,0.55498,-1.9014,0.087136,1.6932,0.29101
-0.699,-7.3059,0.35436,0.53479,-6.0325,0.064431,2.2415,0.13778
-0.56693,4.4316,1.7892,-0.41489,4.495,-0.063701,1.9598,0.10541
-0.54729,2.166,0.97906,2.936,0.072636,0.059143,-0.44941,-0.0026999
-0.69385,0.094998,2.0638,-0.33386,-7.1321,0.048226,-1.1245,-0.11492
-0.69265,0.51123,1.9385,0.41353,-2.7488,0.0067823,-2.1328,-0.1644
-0.85802,2.6118,-1.5713,0.3973,1.4533,-0.25875,-0.17051,-0.13814
-0.83291,0.91854,0.92029,-1.651,2.1861,-0.047779,1.2832,-0.14795
-0.6009,-1.9911,0.16099,-1.2057,-9.12,0.0393,-4.1179,-0.0376
4.4285,0.39505,-2.3082,-0.8873,3.2263,-0.30862,-0.26542,-0.071308
4.4075,1.5044,-2.7442,-2.128,0.66156,-0.005719,0.55598,0.12434
-0.44479,0.27964,-1.1827,-1.0446,-6.6692,0.019251,-0.77915,0.15791
-0.68061,-1.6289,1.7233,-1.0802,-2.8126,-0.01856,3.1686,0.20167
-0.72416,0.89221,-1.3509,0.33442,-2.1247,0.053052,3.296,0.26584
-0.6657,1.2781,0.60844,0.4268,6.4952,0.060381,1.8576,0.038821
-0.80622,4.1646,1.7091,-0.044213,0.81513,0.136,3.5856,0.044151
-0.76713,-3.0225,0.37204,1.2097,-9.6105,0.10902,-1.1913,-0.037673
-0.69235,0.19955,2.1465,1.0706,5.5961,0.016088,-2.307,-0.10188
-0.68261,2.2056,1.9433,0.74684,3.0472,0.016088,0.39459,-0.14707
-0.55223,-0.62142,0.93084,0.12803,-3.1867,0.017544,3.9895,-0.17268
-0.64389,-0.56092,2.8792,-0.70194,-5.5902,-0.0041467,-1.7852,-0.10433
-0.67883,-0.31268,0.96253,-1.0039,1.2098,-0.056083,-2.5414,-0.081311
-0.68042,0.9397,-0.75562,0.035116,7.4271,-0.40861,-0.83523,-0.041446
-0.90722,-0.31654,-0.42903,-1.4596,-10.363,0.015106,-2.9165,0.14301
4.4267,-4.1756,1.4442,-2.4122,-1.2105,-0.084924,-2.3048,0.2527
4.363,2.92,-1.5831,1.4087,7.0358,-0.45005,0.42321,0.18351
-0.71511,4.0032,-2.5606,0.61744,-6.251,0.086475,4.9989,0.077128
-0.59261,-2.9186,-0.6715,0.010837,-3.5148,0.039268,-1.2879,0.025216
-0.60161,-0.9195,1.4507,1.0196,-6.6802,0.10299,1.5725,0.024291
-0.75123,-1.9049,0.49985,1.6144,5.4528,0.060279,-1.2484,-0.10575
-0.70688,2.8812,2.1364,1.1567,3.1557,0.063994,0.28473,-0.13291
-0.73639,2.4306,1.5867,-0.042209,-7.4675,0.052456,2.3594,-0.19358
-0.76609,-1.7794,0.6185,-0.31163,0.6489,0.093656,-1.7005,-0.12519
-0.64852,0.7276,2.7703,0.55342,3.0334,-0.16566,-1.2123,-0.10292
-0.67563,-0.58413,0.59026,-1.6911,0.23044,-0.037178,-1.2445,0.025045
-0.67881,1.8437,-1.1396,0.25434,-4.5035,0.024097,-4.2829,-0.015964
-0.43322,0.52613,-2.2008,1.209,-4.0018,-0.017829,-2.8375,0.11551
-0.61061,1.4763,-0.63797,-1.2748,5.6412,-0.69267,-3.4829,0.16562
4.4245,2.4049,-1.7876,-0.45893,-8.9612,0.047033,-1.6664,0.071896
4.3841,-3.0345,-0.66043,-0.72907,-6.7489,0.055626,-1.1138,0.039989
-0.76821,2.3842,0.30942,-0.54975,2.0956,-0.3058,0.47339,0.059216
-0.72266,4.0867,1.8035,-1.5102,-1.427,0.075193,0.23419,-0.044366
-0.71198,-0.80032,-1.3921,0.51048,0.44336,0.1026,2.7014,-0.11677
-0.71764,-0.61454,-0.5819,0.19637,-3.2182,0.068788,4.1623,-0.12161
-0.53778,-6.6207,2.242,-0.74838,-1.2392,0.087194,0.84528,-0.1939
-0.60411,2.0614,-0.27782,-0.044168,5.2972,0.025765,2.3532,-0.14683
-0.70209,3.61,0.48515,1.4934,-0.56585,0.10953,0.92976,-0.057874
-0.7011,-3.4725,-0.2779,-0.60153,-6.5116,0.11213,-1.6977,0.06053
-0.67112,1.1474,0.71235,0.87556,1.0533,-0.078346,-2.8815,0.17932
-0.83564,0.011217,0.88318,2.0267,2.0289,-0.16476,-2.215,0.16696
-0.67564,1.102,2.2383,-1.2507,0.6428,0.050511,-1.3922,0.061917
-0.67388,1.3059,0.71335,0.8594,-8.7619,0.029288,-6.3744,0.043712
-0.3442,1.6349,-2.0503,0.14249,3.8453,-0.36723,-1.4355,0.090831
4.3959,3.0016,-1.032,-2.669,0.19681,0.019778,-1.9331,0.019302
4.359,-1.0955,-0.35781,-2.3237,-8.2748,0.0029318,0.68992,-0.074278
-0.73375,-2.1944,0.9438,0.26413,-1.2648,0.02737,2.2005,-0.15267
-0.72996,2.1065,-3.5558,-0.02199,2.991,0.058058,1.8022,-0.11001
-0.91267,-1.0629,0.044148,-1.0296,2.7782,0.076316,-0.70343,-0.11882
-0.7672,-0.75935,2.1027,-0.8523,0.11028,0.13492,3.2241,0.070143
-0.70312,-6.3462,-0.019,1.8415,-9.1262,0.12864,-0.066697,0.032347
-0.69205,0.87274,0.77867,0.66304,7.4706,0.063628,-0.21109,-0.012873
-0.53289,3.7687,1.1165,0.1431,2.7619,0.05913,0.77795,0.042885
-0.6527,-2.0661,-0.52313,-0.36347,-4.1071,0.10408,-2.6782,0.25078
-0.69143,1.6959,1.1181,-0.36122,-3.5474,-0.023495,-4.0519,0.21101
-0.68317,2.053,0.83044,-0.55132,2.4933,-0.098471,-2.2322,0.055687
-0.85887,2.4439,-0.94335,-0.14788,4.3615,-0.096135,-0.70834,0.073088
-0.67163,2.3812,0.12916,-1.2608,-9.5749,0.1237,-1.4392,-0.006521
4.414,-2.0867,2.344,-1.3716,-0.22545,0.052295,-2.0975,-0.085887
4.3781,2.2711,-0.066968,1.2552,7.995,-0.28274,-4.2654,-0.16932
-0.55902,0.63095,-3.0511,-0.14893,-9.3409,0.10924,-0.16977,-0.27234
-0.67067,-6.8279,0.69551,-0.33883,-3.1673,0.028377,-2.8005,-0.13782
-0.72916,-0.6876,0.054626,0.62,-1.8993,0.047469,0.6766,-0.11188
-0.71687,-3.1008,-0.34483,1.9975,4.093,0.078248,-0.24135,0.103
-0.83612,1.0249,-2.1811,1.1382,2.4439,0.048066,0.64706,0.23562
-0.79326,0.66999,0.32579,0.25191,-7.1924,0.12044,3.1241,0.17151
-0.6463,-6.12,0.61426,0.1264,4.039,0.058783,-1.7691,0.23793
-0.6868,3.0129,3.7205,1.3801,4.3911,0.039877,0.02423,0.18485
-0.49427,0.2727,-1.8554,0.29685,-0.90786,0.002335,-1.4363,0.059897
-0.61077,2.8458,-0.11201,1.3139,-4.2372,0.0078861,-3.8103,0.033612
-0.63295,1.3606,0.12978,0.67988,-2.5004,-0.017854,-2.4327,-0.053809
-0.67632,1.2953,-0.25837,-1.6456,4.1892,-0.4599,-2.2163,-0.11621
-0.70386,2.788,-0.0064216,-2.0242,-6.9391,0.10544,-1.6498,-0.12575
4.3978,-6.3901,-2.1167,-0.16639,-6.4771,0.094176,-4.2099,-0.14062
4.382,1.9408,0.42278,-0.88505,3.8877,-0.22654,-0.57744,-0.13877
-0.72287,1.557,-0.92939,-1.6415,-0.45701,0.08523,2.3068,-0.024458
-0.72264,-2.0958,-2.3034,0.092961,-2.256,0.010389,1.4697,-0.0037221
-0.46283,-2.6264,-2.5115,-0.2859,-3.7182,0.05259,0.69131,0.20889
-0.68285,-2.8022,1.1662,-0.2628,-0.43218,0.09775,0.63186,0.30994
-0.71134,2.8589,0.48281,-0.91599,6.4445,0.097641,4.47,0.34032
-0.70102,3.5946,1.3671,2.0659,-0.66719,0.095665,1.2512,0.15104
-0.81029,-4.3748,-1.2575,-0.36311,-8.0855,0.064424,-0.70036,0.033637
-0.79794,2.3028,0.44941,0.63662,4.2054,0.021979,-2.6387,-0.03266
-0.68616,0.85441,0.89197,0.67306,2.6413,-0.074373,-0.17778,-0.10003
-0.68158,0.80289,1.6353,-1.8069,-0.40842,0.050441,-2.7987,-0.14352
-0.60119,-0.51918,1.2027,0.049073,-8.0412,-0.0085555,-4.6775,-0.16343
-0.64793,0.72069,-1.5334,-0.32644,3.8729,-0.027442,-0.50216,-0.17703
-0.72999,0.8256,0.083598,-2.6642,4.6425,0.037073,2.3432,-0.066879
4.4127,-3.4295,-2.0191,-1.9791,-7.4274,0.047444,-1.0343,0.0046501
-0.77659,-3.6756,-1.02,-0.04332,-0.31386,-0.032044,1.1366,0.091585
-0.80143,1.434,-3.2288,0.1112,6.8894,0.056261,1.6525,0.25677
-0.69898,-0.9537,-3.527,0.20554,-0.1384,0.12568,2.878,0.13661
-0.70514,1.4736,1.5336,-0.69065,0.73385,0.039216,5.9104,0.21006
-0.69484,-2.2884,0.18992,1.0797,-7.3627,0.098219,1.7822,0.089249
-0.61201,-0.49129,1.2376,0.91168,8.0532,0.094907,2.838,0.056952
-0.67472,3.9968,1.9639,0.42592,3.8742,0.061357,1.5057,-0.055051
-0.688,-3.2398,0.9944,1.0592,-3.9923,0.083741,1.8198,-0.13668
-0.6847,1.3901,1.3059,-0.49897,-1.0529,-0.0047499,-1.2217,-0.10112
-0.83769,0.55047,5.2485,1.3417,3.0155,-0.1102,-1.9077,-0.18436
-0.68478,1.6557,-0.59675,-1.5887,4.3168,-0.027609,-1.5385,-0.15109
-0.66481,0.84789,-0.065523,0.13861,-7.9823,0.11107,-3.0505,-0.098932
-0.66273,-1.0501,0.90841,-0.087195,0.48253,-0.00041172,-1.5418,0.041644
4.433,1.7332,-0.6974,-0.21175,9.0869,-0.34218,-3.6609,-0.0067643
4.4068,2.1917,-0.74442,1.3465,-8.478,0.12225,-1.2604,0.21656
-0.72837,-5.6184,1.0754,-1.1115,-4.2483,-0.006181,-0.22245,0.21213
-0.7186,2.0638,-1.1073,0.14409,1.569,0.0077898,2.6141,0.10422
-1.0914,-0.058995,0.39006,2.7016,1.569,0.1065,1.0434,0.10453
-0.72591,1.2248,-1.8441,1.6909,1.8955,0.039922,1.018,-0.0033084
-0.69631,-0.16259,0.62209,0.62961,-5.8227,0.15129,3.4941,-0.12497
-0.69608,-7.746,1.2762,1.0029,3.7941,0.030918,0.90734,-0.12536
-0.29917,3.9315,2.0403,0.66713,4.9973,-0.0031969,1.6033,-0.1259
-0.62429,-1.2693,-2.0441,0.86468,-0.017214,0.09929,0.64365,-0.16508
-0.69564,-0.87731,1.4989,1.9994,-3.8823,0.011223,-4.2389,-0.091387
-0.67961,0.56461,-0.89861,0.40012,0.16403,0.034589,2.4575,-0.017619
-0.7507,1.3303,0.80993,-1.159,3.576,-0.38784,-2.3039,-0.022268
-0.87861,2.0763,-1.1813,-0.97713,-5.9721,0.067036,-0.50147,0.13018
-0.69947,-0.49596,-2.3849,0.79728,-3.5693,0.033357,-2.0229,0.20685
4.4195,0.98151,-1.0537,-0.070431,6.6465,-0.43137,-5.0121,0.2178
