tachometer_signal,underhang_bearing_axial,underhang_bearing_radial,underhang_bearing_tangential,overhang_bearing_axial,overhang_bearing_radial,overhang_bearing_tangential,microphone
-0.72689,-2.5264,0.37403,0.66286,-3.61,0.080468,2.3234,0.023682
-0.7151,-0.71146,2.1503,-1.1099,7.8128,0.43964,-0.019625,-0.078926
-0.60427,4.9486,0.25137,-0.72373,3.7346,0.02959,3.975,-0.15846
-0.56676,-1.4903,-1.3109,-1.7144,-3.3715,0.10222,2.205,-0.20154
-0.70385,-3.1346,1.33,1.148,-1.5906,0.067363,-0.5678,-0.15092
-0.71273,0.20395,-1.0777,0.53996,3.9866,-0.047734,-0.0124,-0.13473
-0.83894,-0.4644,-0.50374,0.84199,3.5733,-0.21923,-1.936,-0.080825
-0.73522,1.0197,-0.43071,-0.78342,5.0441,-0.19027,-2.8889,-0.0073728
-0.61892,-0.92436,2.4907,-2.7385,-9.2519,0.015998,-2.8409,0.18022
4.4053,-0.8791,0.81249,-1.2369,2.5683,-0.084815,-1.0577,0.26755
4.4025,3.2913,-2.6852,0.67867,7.3633,-0.20385,-4.7388,0.073502
-0.57586,1.0338,-1.8792,1.3062,-6.0734,-0.00045664,2.2638,0.17925
-0.78214,-0.66039,0.77074,-1.3408,1.34,-0.0083052,-0.52986,0.035145
-0.73633,0.57712,-0.06921,0.55112,0.6308,0.046629,3.9106,-0.07345
-0.73383,-1.2482,1.7874,1.239,-7.2347,0.037009,4.2339,-0.10042
-0.88876,-3.2333,3.2072,0.55168,8.1946,0.54156,0.9274,-0.18813
-0.73469,3.521,5.7883,0.9271,5.589,0.1196,2.039,-0.19458
-0.70067,-0.47829,1.9211,-0.96743,0.31487,0.023962,3.6818,-0.13649
-0.70553,-1.0129,-2.1244,0.85809,-5.1811,0.082817,-0.88225,-0.079048
-0.42097,1.3001,4.2296,0.47283,0.35012,-0.07814,-0.82342,0.046365
-0.65912,1.1571,-2.3475,0.30636,3.8425,-0.1987,0.69584,0.074719
-0.70705,2.2903,-2.6057,0.18733,8.2726,0.24663,1.1768,0.13111
4.4093,1.0588,-0.86951,-1.2281,-8.0367,0.080462,-1.6044,0.082118
4.3769,-2.434,0.92378,-1.403,-1.1667,-0.018195,-1.4582,0.35222
-0.85046,2.133,-0.88436,1.9456,5.844,-0.16566,-0.56421,0.09913
-0.73582,1.2192,-1.5711,0.66392,-1.4344,0.025066,-0.40285,-0.017522
-0.73546,-0.86286,-0.05669,0.71208,4.0234,0.08281,3.2892,-0.10801
-0.55587,2.1051,2.2904,-0.60679,2.5995,-0.0030878,3.7538,-0.17258
-0.54195,-2.8629,1.6643,0.61179,-7.7379,0.035391,1.354,-0.23041
-0.81285,-8.2669,1.6743,2.5945,7.7196,0.47555,1.2107,-0.15561
-0.72314,3.7051,0.19523,1.6313,6.1908,0.25228,3.6405,-0.11979
-0.94626,-0.7857,1.792,-0.80164,4.312,0.041174,-0.65914,0.019983
-0.86818,-0.79005,1.5687,-0.3849,-6.4475,-0.02895,-1.4627,0.11381
-0.74449,0.20751,2.7322,-0.12498,-2.1575,0.014952,-2.7065,0.056636
-0.69349,3.1518,-1.68,-1.397,2.1975,-0.095756,-0.86214,0.07652
-0.68345,3.4308,0.032219,0.5382,7.8952,-0.15027,-2.7038,0.04673
4.3863,2.245,-3.5739,-0.27952,-8.2646,0.062756,-1.4478,0.057269
4.3478,-3.7585,-1.721,-0.92436,-4.8288,-0.058144,-2.4242,0.035267
-0.75613,1.1559,0.48432,-0.54082,4.1218,-0.28369,-4.397,-0.070116
-0.7552,0.69649,-0.47908,1.49,0.7109,0.0027457,-1.8968,-0.085716
-0.93596,-3.2204,-1.478,0.47653,4.3855,0.033736,2.0117,-0.23306
-0.82415,0.11274,1.1087,0.35846,3.9199,0.041937,2.2362,-0.18677
-0.72056,-0.47921,2.0658,0.61011,-6.4728,0.1006,2.7664,-0.091898
-0.70773,-9.8719,-1.8399,1.6852,4.2912,0.039351,4.6239,-0.039012
-0.52509,2.274,-0.41939,2.1897,6.6962,0.28244,-0.58313,0.10955
-0.63843,0.72183,-1.792,0.8554,5.8697,0.17307,1.3336,0.21466
-0.72879,-1.0617,0.52278,-0.55484,-3.8437,-0.0078239,0.69684,0.20373
-0.71685,0.82076,2.1662,-0.10601,-5.4496,-0.053407,-2.9809,0.040208
-0.83412,2.0233,0.74677,-0.85827,-0.51224,-0.10795,-4.6732,0.098643
-0.7571,2.6618,0.68398,0.85815,6.2525,-0.3596,-0.68064,0.066614
4.3645,4.0875,-1.0437,-2.5299,-7.0897,0.028191,2.685,-0.037211
4.3715,-2.8043,-0.60289,-1.4312,-5.8988,0.005133,0.15337,-0.10906
-0.70185,2.0298,1.28,0.78653,0.12739,-0.18779,2.0862,-0.18791
-0.60118,0.75432,-0.20039,-0.30287,1.4089,0.022877,4.5712,-0.16082
-0.78926,-3.5785,-0.27219,1.4514,4.5868,0.043484,1.9565,-0.13356
-0.73762,-0.25242,-0.60515,-0.22796,4.9723,0.071618,3.2496,0.023366
-0.83264,1.6379,2.3101,1.6412,-4.8437,0.037804,0.82608,-0.041032
-0.93802,-8.2975,0.44196,-0.76204,-3.4721,0.031727,4.5006,0.095674
-0.69766,2.3145,3.355,0.84131,6.2666,0.25869,0.62112,0.27972
-0.70625,1.2682,-0.92289,-0.02418,6.5026,0.26011,0.044189,0.19967
-0.70875,0.52806,-0.12214,-0.483,1.921,-0.00023203,2.8889,0.047339
-0.64875,2.4542,0.44298,0.5521,-5.2156,0.022736,-2.2283,0.070362
-0.67271,1.9486,-1.4105,0.11582,-4.6777,0.029609,0.022073,0.012901
4.3751,0.67257,-1.5344,1.4096,5.9598,-0.32269,-5.6304,-0.064202
4.3545,0.35029,-3.0088,-3.0175,-2.6441,-0.031203,0.40516,-0.13522
-1.0242,-2.2403,0.91797,-1.196,-6.4705,-0.021602,-2.0969,-0.20424
-0.81725,-2.3449,-0.88223,0.056241,0.16624,-0.066076,-1.2489,-0.17895
-0.73189,-0.16046,0.26404,-1.2814,-2.3503,-0.021942,0.79444,-0.087152
-0.73805,-3.083,-0.064495,-0.0184,4.9387,0.076739,0.85975,0.02799
-0.44626,0.69215,0.16983,-1.2919,5.3094,0.13567,4.1298,0.32009
-0.55766,0.93251,-0.48153,1.8866,-3.769,0.076014,2.983,0.36212
-0.72965,-6.2246,1.2637,0.12269,-8.0163,0.0068914,1.2977,0.08572
-0.72728,0.69761,4.2251,-0.022947,4.8929,0.080571,-0.59283,0.17923
-0.92979,1.5151,1.9039,-0.16747,5.6255,0.12296,2.8476,0.13797
-0.85205,1.8594,0.84091,0.055952,3.3129,-0.0049874,1.0232,0.033077
-0.72481,2.32,1.5221,1.2032,-1.5878,0.0082326,-0.05061,-0.060721
-0.69409,-0.43119,-1.8944,-0.57915,-6.2823,0.046449,-2.46,-0.13478
4.3846,2.105,-2.0628,-0.8075,5.439,-0.31094,-0.24403,-0.1101
4.3632,0.87191,-5.6974,-1.3418,2.7892,-0.1006,-0.8906,-0.19302
-0.77912,-1.6583,-1.2125,-1.5147,-7.1886,-0.033308,-0.44626,-0.14405
-0.74266,-2.1689,0.43543,-0.4286,1.1012,-0.036748,4.2901,-0.099127
-0.75397,-1.5278,0.8433,0.1263,-4.5621,0.052051,3.8293,0.10349
-0.82465,-5.4957,-0.2084,0.021744,0.47586,0.078754,0.41898,0.36232
-0.6811,1.7712,1.1038,-0.61342,7.1207,0.3443,2.4464,0.2325
-0.7103,3.4952,1.1519,2.5686,0.70522,0.012808,4.9018,0.22498
-0.69884,-3.6709,-0.45746,-0.27878,-8.6289,0.046673,1.4289,0.052547
-0.65336,1.1405,4.3906,0.56457,2.335,0.039961,-2.0634,0.096355
-0.7122,2.8698,2.9927,-0.45277,4.4356,-0.054049,-1.5312,0.0017783
-0.70086,2.372,1.7541,-1.4255,2.9752,-0.12689,-4.6981,-0.087371
-0.70378,2.3643,2.0292,-0.20571,1.8693,0.031721,0.99829,-0.11628
-0.87488,-1.2548,0.43016,-1.4097,-8.3242,0.0040805,-2.6708,-0.20027
4.3853,1.0225,-0.80432,0.93692,3.5582,-0.47003,-0.37433,-0.16226
4.3452,-0.5629,-4.6718,-0.69191,5.2648,-0.28598,-2.204,-0.064883
-0.73642,0.63964,-1.6513,0.98588,-6.8918,0.015497,-4.3907,0.066882
-0.60682,-0.0055447,-1.3254,-1.4754,1.7716,-0.099806,0.48531,0.020372
-0.52174,-0.96574,0.15587,1.2974,-2.5116,-0.012252,1.9433,0.27001
-0.76904,-5.3645,1.1769,0.042316,-4.4499,0.028583,2.9642,0.3546
-0.73094,1.7578,1.8235,-0.49752,7.72,0.42577,1.1731,0.16058
-0.81188,4.6032,0.64835,0.30231,3.6006,0.010729,4.1336,0.15389
-0.79735,-2.1942,-0.53056,-1.4198,-5.8595,0.0069427,5.7801,0.017817
-0.70416,-0.70139,3.15,1.3763,-2.7922,0.035513,2.5318,-0.11962
-0.69713,0.52033,0.037249,0.38705,1.9602,-0.15594,0.9405,-0.14031
-0.70055,1.7508,-0.65914,0.41367,2.4138,-0.31231,-4.534,-0.091777
-0.46853,0.68268,2.2828,-2.4148,5.0353,-0.0025873,0.88123,-0.20203
4.3976,-1.5917,2.0178,-1.0306,-8.4,-0.033815,-3.4386,-0.16657
4.3898,-0.97339,-1.2944,-0.53696,3.0091,-0.33177,-2.6075,0.18275
-0.76143,0.92681,-1.5496,-0.026833,6.1272,-0.31957,-0.29596,0.0046745
-0.9407,-1.2402,-2.8542,0.90894,-6.1493,0.019097,0.80513,0.14102
-0.78428,-0.26951,-3.3294,0.52522,2.1553,-0.021038,-1.6103,0.19371
-0.7313,1.2804,-0.0016614,1.5736,-1.8263,0.018392,6.4669,0.26331
-0.73257,-3.6448,1.8651,0.92744,-7.5519,0.076521,1.0406,0.15537
-0.49506,-1.2373,5.5163,-0.77175,7.4987,0.41021,-0.16809,0.054299
-0.6014,5.3254,1.5285,0.34939,5.2824,0.14064,3.5631,-0.024799
-0.71869,-0.79674,0.03421,-0.58379,-0.17322,0.044402,3.9842,-0.15469
-0.71644,-1.3871,0.17351,1.3852,-5.8488,-0.010275,-0.81723,-0.19042
-0.86053,-1.2665,0.031018,0.68093,-1.4708,-0.11743,-4.7715,-0.16688
-0.77961,2.7443,-0.70406,0.55445,1.2547,-0.22886,-0.86181,-0.15464
-0.69,-0.0078052,-0.69523,-0.90214,7.3448,0.12689,-1.4041,-0.04478
4.4013,-0.64136,0.49663,-0.96046,-9.4344,0.036104,-1.5767,-0.0468
4.3808,-1.7741,0.31141,0.20455,0.093887,-0.15705,-2.5607,0.15786
-0.5992,1.5094,-1.5989,-0.11238,4.6138,-0.45909,-2.6081,0.19098
-0.81364,0.89001,-0.9854,1.0001,-3.7408,-0.030356,2.1572,0.15701
-0.75158,-0.32909,0.26425,-1.1383,3.0874,0.013707,2.4626,0.24241
-0.87554,1.3564,-0.79043,0.26507,0.33058,0.06581,2.1479,0.17217
-0.85497,-0.92868,1.7165,0.4616,-8.8098,0.083439,3.6897,-0.0062289
-0.7148,-2.8468,-0.63661,-1.2374,6.5011,0.2886,-2.9891,-0.091631
-0.71393,5.3276,3.1858,0.78026,4.8986,0.074667,1.2147,-0.16477
-0.70514,0.62552,2.1939,0.51304,3.1114,0.0068593,3.8227,-0.10767
-0.54236,0.80595,0.067005,0.38137,-5.284,-0.036067,-1.4761,-0.14997
-0.68765,-0.33621,4.535,-0.3556,-4.5982,0.017082,-2.9136,-0.13471
-0.70604,1.7521,-2.0185,-0.65883,0.83594,-0.088672,-2.1336,-0.066587
-0.70469,1.845,-3.4334,0.75857,7.996,-0.032403,-3.3711,0.097743
4.3962,0.53214,-1.1679,-0.90213,-9.3228,0.0080016,-2.5498,0.14221
4.3619,-1.9736,-1.8104,-1.1751,-3.0269,-0.058638,-3.4759,0.24664
-0.74117,-0.36227,-1.9852,1.0629,2.2433,-0.24024,1.111,0.16713
-0.7357,-0.021953,-1.993,0.65465,-1.1237,-0.031748,0.44989,0.035316
-0.62931,-0.8434,-1.7988,-0.19281,4.0738,0.064957,2.7165,0.02945
-0.65654,2.2135,1.8164,-0.0062281,2.1658,0.032318,4.3723,-0.08669
-0.7412,0.53347,1.7903,0.13166,-8.638,0.10451,3.1247,-0.16623
-0.72937,-6.8734,-0.96724,-0.40996,4.4108,0.0031372,0.0088435,-0.20716
-0.96431,4.5043,2.2946,2.4842,4.9795,0.069148,2.9371,-0.18183
-0.86622,-1.8407,0.45934,-1.3367,4.6132,0.021305,1.5072,-0.1682
-0.69484,-0.9887,0.38307,0.98589,-1.8397,-0.045931,-2.0703,-0.018422
-0.69837,-0.30392,3.6834,-1.7241,-6.4124,0.055286,-2.6433,-0.0097092
-0.46393,-0.08345,1.0321,-1.4193,-0.059723,-0.06992,-3.2971,0.15778
4.4827,2.2377,-2.1637,1.5868,6.432,-0.57112,-1.9665,0.18735
4.3826,1.2045,-3.381,0.72058,-9.3371,-0.0067009,0.91735,0.30101
-0.74784,-1.2262,-1.8701,-0.066661,-5.7885,-0.019189,-2.2787,0.20339
-0.75115,-2.2806,-1.777,0.80726,0.10876,-0.20302,1.4376,0.01677
-0.92381,-1.0056,-0.94244,0.78149,-2.5765,0.071586,2.5156,-0.027598
-0.81197,-2.6916,-1.4853,1.4966,5.5399,0.20333,-0.32697,-0.15822
-0.7289,0.93838,2.5569,1.7988,3.2342,0.042284,4.144,-0.21113
-0.72126,1.6876,1.16,1.6705,-7.069,0.064925,2.2285,-0.12015
-0.49145,-5.8045,-0.57473,-0.12057,-1.2445,0.039608,4.0879,-0.15698
-0.63764,1.4433,-2.2173,1.2015,5.3289,0.12019,-2.1845,-0.024872
-0.71868,-1.6737,-1.3139,0.50523,5.6239,0.09612,1.7668,0.032955
-0.71485,1.2459,-0.31737,-0.78075,0.92084,-0.026364,-0.13804,0.084868
-0.98477,0.56101,-1.0959,-1.8329,-7.6717,-0.028989,-1.7982,0.17599
-0.73563,0.14709,-0.61004,-0.19073,-1.6432,-0.023733,-2.0335,0.18073
4.3936,2.975,-1.6011,-0.33243,6.1703,-0.20422,-4.9231,0.057512
4.3552,2.1311,-3.1917,-1.8831,-5.2997,0.040416,0.48605,0.070338
-0.53197,0.68982,-0.41619,-0.48705,-6.68,0.0058389,-1.0066,0.0085198
-0.65773,0.049177,0.48332,-1.1181,0.1823,-0.089807,0.74116,-0.079948
-0.75266,0.83129,1.2443,-0.88751,-3.008,0.028165,4.3692,-0.17732
-0.74213,-4.9496,1.4557,1.736,4.433,-0.0032739,1.1892,-0.20658
-0.97441,2.1673,0.68113,1.6048,5.6666,0.21181,2.7922,-0.1801
-0.77742,1.8147,4.2473,2.6037,-3.8552,0.097147,2.0799,-0.11147
-0.66543,-7.662,1.579,1.2334,-5.9841,0.10792,-0.49059,-0.048528
-0.7092,1.2069,3.607,0.60519,5.6279,0.18086,-2.218,0.15501
-0.71298,-0.77883,1.9832,0.091342,5.6159,0.089382,-0.67223,0.052693
-0.47115,3.2288,-0.11988,-0.24895,2.8429,-0.054588,-0.71762,0.054884
-0.73521,1.9136,-0.44542,0.86274,-5.9201,0.018161,1.2027,0.082994
-0.70741,0.087606,-2.2,-0.36254,-4.1353,0.048483,-1.7315,0.14781
4.3674,3.2217,-2.1777,0.48435,5.7298,-0.15765,-1.4265,-0.019712
4.3319,1.03,-4.6279,-2.1667,-0.41005,0.0076743,0.92231,-0.06391
-0.76352,-0.89902,0.37204,-0.48445,-5.9618,0.048502,-2.5122,-0.1368
-0.74099,-0.97356,-2.5308,-1.5207,2.0915,-0.026704,0.58526,-0.13359
-0.73657,0.31114,0.5439,-0.24824,-5.0182,0.056653,3.0449,-0.14515
-0.54611,-5.8366,0.074335,1.3863,3.2167,0.017333,1.7845,-0.10049
-0.6223,0.7399,-1.1857,-0.081633,6.7644,0.31607,2.1143,-0.070627
-0.73548,2.0919,0.58384,0.70134,0.43187,0.063269,2.274,0.075887
-0.73278,-5.3581,-0.6203,1.1729,-7.0706,0.021466,-3.962,0.075595
-0.91435,1.1838,3.5993,-0.055569,3.7759,0.036559,-4.6267,0.20889
-0.75898,0.092487,-0.16466,0.59249,5.0842,0.031175,-1.6573,0.19429
-0.69752,3.7979,0.58052,-0.80737,2.8826,-0.18542,-3.6348,0.058534
-0.69917,2.3401,0.17946,-1.3556,0.26014,-0.0064506,-1.5166,0.036338
4.366,0.046705,-0.86822,-0.71691,-6.8258,0.032754,-0.98833,-0.011851
4.3529,2.2223,-2.0168,0.72732,4.62,-0.32192,0.64662,-0.1369
-0.88299,1.2932,-4.4133,-1.3181,4.5673,-0.20889,1.1322,-0.22671
-0.75588,-1.674,-1.4307,-0.30082,-5.9088,0.058604,-1.6,-0.15849
-0.98145,-0.6094,-0.9975,1.3005,3.0888,-0.025286,1.85,-0.15418
-0.86917,-1.6388,-1.1641,1.6343,-3.6181,0.0059352,-0.41598,-0.00026613
-0.79314,-6.8789,-0.0027149,0.88029,-0.91449,0.066754,1.2525,0.14153
-0.72701,1.2526,-0.2316,-1.2229,7.271,0.41205,3.2348,0.0072056
-0.71784,4.8739,1.0327,1.684,2.4022,0.065214,3.3503,-0.025237
-0.47637,-1.5035,-0.10728,-0.80689,-5.4529,0.03165,5.4675,0.26081
-0.74244,1.8176,-0.76969,0.27145,-1.3412,0.039075,0.74563,0.1793
-0.7178,-0.69759,-0.44221,1.971,3.0497,-0.0050772,-1.936,0.086985
-0.71583,2.1498,-1.6212,-0.54293,3.3277,-0.20317,-4.3145,-0.006959
-0.92047,2.0419,-0.31835,-0.63425,5.8345,0.088156,-0.41408,-0.092288
4.375,-1.0196,0.51933,-3.1734,-8.2711,0.021639,0.34869,-0.1046
4.3489,0.34673,0.97432,0.85253,2.7972,-0.22676,-1.3612,-0.18762
-0.748,0.68765,-4.0548,-0.87566,6.1027,-0.16219,-0.41741,-0.14245
-0.53389,-0.88524,-1.123,0.15675,-4.7452,-0.017534,1.1351,-0.11648
-0.66546,-0.39433,-2.0597,-0.51731,3.3746,0.031592,1.6531,0.079392
-0.76138,-1.3008,-1.3925,0.77776,-1.6271,0.049202,2.5995,0.40413
-0.74414,-7.1057,-0.14968,0.79237,-4.827,0.1035,0.95436,0.28208
-0.92379,-1.247,2.8699,0.51502,7.6463,0.41537,1.0166,0.23474
-0.74067,4.3839,5.6089,1.5221,5.4317,0.15189,1.1272,0.1445
-0.72956,-1.2404,-1.1193,-0.67719,-0.72727,0.023038,3.7006,0.1406
-0.7051,2.2998,0.029617,0.93774,-5.1279,-0.024176,0.68299,-0.0016291
-0.52745,2.0015,-0.8557,0.01595,-0.8825,-0.056988,-1.2892,-0.047749
-0.50767,2.0081,-0.43048,0.58506,1.941,-0.30844,-1.3428,-0.10672
-0.74903,0.57628,-0.20883,-1.4667,7.3958,0.26847,-1.6448,-0.18606
4.3732,-3.4366,-0.89107,-2.8768,-7.2822,0.067992,-3.9473,-0.17195
4.3519,-0.79654,-0.74163,-0.37255,-0.20769,-0.12858,-2.3213,-0.13286
-0.92664,-0.20651,-3.1829,0.076903,4.4297,-0.48,-0.32981,-0.029788
-0.66115,0.50877,-1.3762,-0.20622,-3.9751,-0.0032547,1.8584,-0.032416
-0.729,-1.3364,-1.2158,-1.0285,4.4728,0.034333,2.7856,0.23603
-0.73212,3.0185,0.48885,0.49261,-0.94442,0.074224,4.2724,0.090514
-0.54762,-4.206,0.25145,0.89312,-8.4219,0.066343,-0.82911,0.19935
-0.72271,-2.5846,2.7104,0.11165,6.6904,0.28186,-2.7202,0.22201
-0.72458,4.7451,4.1779,-0.097639,6.0269,0.19155,2.2303,0.11381
-0.7245,-0.12831,0.74541,-0.16444,1.256,0.055247,2.0465,-0.021976
-0.90779,2.0154,3.5889,1.2554,-6.4717,0.020541,0.45947,-0.11239
-0.77048,-0.20475,0.10955,-0.70466,-4.902,-0.039552,-6.8382,-0.12785
-0.69234,1.5355,-1.8337,0.24405,2.2126,-0.1886,-0.14989,-0.19025
-0.71614,1.5942,-0.78336,0.017665,8.2526,0.16672,-0.059466,-0.12955
4.3904,-1.7542,0.82153,-0.911,-9.2219,0.025271,-1.2274,-0.052909
-0.64423,-3.3214,-2.7519,0.067308,-2.4244,-0.091771,-2.0832,0.05812
-0.75433,-2.353,-3.3692,0.52963,2.5035,-0.19142,-0.97104,0.14007
-0.74787,-1.0025,-4.5593,0.53962,-2.4162,-0.0051542,1.0576,0.15761
-0.86491,-1.0298,-1.5206,-0.57453,5.3009,0.11423,-1.2059,0.308
-0.83659,3.01,-0.34233,0.65226,0.81427,0.07355,2.0065,0.25716
-0.77351,-2.1792,1.8303,0.15462,-9.6455,0.067177,5.629,0.082896
-0.71473,-5.2082,0.68712,2.3758,4.8854,0.11837,0.55508,-0.020613
-0.53933,5.6675,2.5049,1.5411,6.0311,0.19746,1.7287,-0.080581
-0.50316,-1.3377,1.0942,-0.32293,3.9884,0.055453,0.44213,-0.15201
-0.78312,1.1442,-0.54176,1.2412,-2.1361,0.022743,-4.6915,-0.19426
-0.70094,-1.9006,4.2637,-1.8883,-7.159,0.01234,-3.7705,-0.17421
-0.68549,0.78897,0.33071,-0.20439,1.7695,-0.14285,-0.55177,-0.072501
4.4066,2.6961,-1.393,1.2203,8.3126,-0.10773,-8.712,-0.073815
4.3886,0.018981,1.3872,0.40676,-9.9318,0.014284,2.5485,0.094652
-0.74074,-2.2764,0.040185,-0.74874,-2.7986,-0.024657,-4.0982,0.20622
-0.72807,-1.478,-1.2414,-0.02901,0.81262,-0.21277,-0.92393,0.078978
-0.47796,-0.091388,-1.4614,0.49855,-3.3764,0.063,0.32615,0.24056
-0.70279,-0.84232,-1.1504,-0.69897,6.0819,0.25838,2.8008,0.19317
-0.73131,2.5879,0.83866,1.9844,2.5414,0.056608,2.2604,0.11741
-0.72706,1.4174,1.2312,-1.1984,-8.3743,0.091923,2.9008,-0.039061
-0.83187,-5.592,-0.9593,1.7801,-0.17068,0.01877,5.5214,-0.099735
-0.69889,1.9085,1.6824,1.4266,5.8242,0.15232,1.3737,-0.1764
-0.69461,-1.7456,0.19035,1.4522,4.9696,0.087957,0.39331,-0.17698
-0.69211,1.093,0.048343,0.31283,1.5812,-0.049319,-1.0707,-0.10845
-0.6239,0.79272,0.849,-4.1047,-8.5261,-0.052259,-3.8386,-0.11514
-0.56988,-0.95904,1.2025,-0.51446,0.063837,-0.043775,-1.858,0.13712
4.4013,3.3329,-2.6285,0.2531,7.2577,-0.36822,-3.0938,0.0022893
4.3726,2.1433,-1.7349,-0.39237,-7.9368,0.013835,-0.23284,0.22469
-0.98715,-0.81062,-0.041895,-1.9311,-3.8022,0.04265,-1.2447,0.21016
-0.76575,0.29669,0.38166,0.83716,0.85225,-0.087369,2.6931,0.062307
-0.67325,-0.93024,-1.411,1.1455,-4.2765,0.06452,1.8209,0.1785
-0.72224,-3.7922,0.46731,0.026432,6.8098,0.33669,0.54419,-0.013895
-0.72517,4.2485,3.6954,1.8159,4.7121,0.10141,3.211,-0.074205
-0.53018,4.0863,0.60039,0.23311,-5.2731,0.0072957,2.7775,-0.18621
-0.75767,-5.8152,-1.8939,0.8046,-3.9318,0.070489,0.13005,-0.20651
-0.71366,2.093,0.72419,1.2388,5.3164,0.11541,-0.13307,-0.14457
-0.71318,0.52529,0.49544,0.04459,4.2177,-0.012412,0.68166,-0.084743
-0.91783,1.2227,0.24312,0.96078,4.0638,-0.11392,-0.46146,-0.067731
-0.74342,0.88117,-2.7031,-0.52422,-7.8331,0.042605,-0.96921,0.026871
4.3788,-1.3841,-2.3109,-0.092481,-2.5936,0.047989,-2.9171,0.16175
4.3895,1.5616,-1.6955,0.81171,6.3086,-0.17863,-2.7659,0.15506
-0.17485,0.34015,-5.4567,-0.57248,-4.8426,-0.05007,-1.0034,0.18271
-0.65148,-1.9197,0.66217,-0.53225,-4.2853,0.03011,-2.7065,0.22238
-0.74929,0.11956,-0.6879,0.14461,2.6313,-0.047882,1.3658,0.013071
-0.74552,-0.86667,0.64232,0.0077224,-4.7706,0.082021,3.8664,-0.079145
-0.9745,-4.613,-0.42632,0.77643,5.732,0.1951,1.4869,-0.19098
-0.83016,2.7885,0.60514,1.3907,6.092,0.26421,4.052,-0.19409
-0.71059,3.4678,2.5548,2.3847,-0.014388,0.086051,-2.0271,-0.16825
-0.71593,-3.2108,-0.18786,0.54225,-5.1997,0.10211,0.17836,-0.093164
-0.50159,0.33347,2.7096,0.77881,1.4851,0.031823,-0.86707,-0.0048903
-0.49134,-1.4419,1.3197,-0.16328,3.6131,-0.098593,-2.6494,0.051987
-0.77253,1.4908,-1.0755,-0.1566,5.1574,-0.27059,-2.7371,0.14617
-0.7059,2.6656,-2.5248,-0.032344,-5.7094,0.066151,2.4826,0.086815
4.397,-0.74681,-4.0531,-1.1578,-4.5367,-0.016712,-3.445,0.051184
4.3632,-0.1027,-5.2308,0.66677,5.6398,-0.20432,-2.2813,0.21164
-0.82873,2.4059,-2.3509,-1.496,-1.0025,-0.092477,1.6266,0.088032
-0.74512,-0.33029,-1.7161,-0.058177,-3.8988,0.051897,1.002,-0.04495
-0.73448,-0.47627,-0.30143,0.089871,2.2033,-0.0058473,1.3215,-0.083696
-0.57166,0.91297,2.2175,-0.0064722,-6.2949,0.082092,3.4199,-0.22413
-0.74983,-7.7435,0.90532,1.1926,3.674,-0.00028979,0.85561,-0.24932
-0.72897,0.24328,-0.70352,-0.86041,6.5356,0.35243,4.562,-0.15888
-0.73032,3.0777,1.0445,2.3106,2.1224,0.07903,2.2134,-0.094113
-0.87309,-2.4312,-2.0216,0.55328,-3.7683,0.091403,1.0343,0.03646
-0.72564,0.73947,1.5676,-0.095937,-2.9917,-0.017604,-1.9325,0.16801
-0.69772,0.59071,0.41105,0.20634,0.52016,-0.13204,-3.4424,0.019764
-0.69172,2.3998,1.4514,0.13844,4.5389,-0.57895,-5.3693,0.016892
-0.49056,3.6515,-1.4406,-1.6603,-3.0418,-0.091874,-0.61883,0.18881
4.3812,-2.3932,-0.32915,-3.2656,-8.3416,0.0010001,-2.4958,0.051087
4.3411,2.2824,-1.7469,0.082992,2.0369,-0.38794,0.77001,-0.0070564
-0.75951,-0.15479,-1.8684,-0.13694,3.2078,-0.36832,0.078893,-0.10025
-0.96327,0.86304,-1.2128,-0.25474,-2.3959,-0.054928,1.198,-0.11066
-0.75615,-0.6114,-0.32113,-0.13902,3.3492,0.001552,2.6338,-0.20276
-0.69886,-1.104,-1.0717,1.1487,-3.7634,0.03398,0.52385,-0.17808
-0.72227,-6.1491,1.5675,-0.34949,-3.234,0.091923,4.7339,-0.084354
-0.52521,0.63592,0.51175,-1.2422,5.7088,0.20729,1.1323,0.051549
-0.52141,3.6932,0.4932,1.1846,3.5378,0.086244,3.151,0.126
-0.75894,-0.21935,-2.0076,-1.1235,-2.4835,0.065599,4.202,0.20729
-0.71983,0.51322,-1.3527,0.41814,-4.8702,0.0091632,-2.867,0.20264
-1.0647,2.1126,-3.9222,0.40662,-2.4963,-0.032833,-2.8111,0.028672
-0.90068,2.2711,-2.5399,-0.082808,4.2816,-0.57853,-3.176,0.10078
-0.66401,2.8819,-2.1032,-1.7475,2.1045,-0.077178,-1.9416,0.044102
4.3638,-2.2497,-0.0081304,-1.3445,-9.4193,0.013309,-3.0645,-0.078634
4.1661,0.16019,-0.5519,-0.33107,0.98075,-0.17379,-1.361,-0.085668
-0.42972,1.4638,-0.19666,-0.15632,3.851,-0.26781,-0.32848,-0.21979
-0.69898,0.22987,0.30645,0.16932,-1.7236,0.036316,2.4751,-0.15914
-0.73784,-1.0446,-0.43568,-0.84137,4.9911,0.10484,3.2876,-0.070262
-0.73727,2.1297,-2.6902,0.95846,-0.93675,0.051686,6.42,0.01037
-0.8973,-5.282,0.4967,-0.20491,-6.7429,0.084588,3.099,0.06676
-0.80515,-2.1402,4.7108,-0.69891,5.8333,0.23113,1.2341,0.1085
-0.70753,2.5758,2.4576,-0.23082,5.6511,0.1934,0.19923,0.28872
-0.70886,-0.33692,1.4703,-0.16671,2.0745,-0.016314,1.2108,0.14729
-0.55172,1.9446,-1.6661,-0.29329,-4.7136,0.0052742,0.34056,0.13213
-0.61443,1.3974,0.0091503,-0.55577,-3.6221,0.0048763,-2.4448,0.060092
-0.69551,1.7371,-2.5766,0.45299,5.291,-0.037428,0.12673,-0.036505
4.3825,1.8034,-1.5306,-1.199,6.3791,0.17065,2.5718,-0.085157
4.3524,-1.0541,1.8603,-2.5565,-8.5477,0.014105,-0.94829,-0.24632
-0.79848,-0.54109,0.77727,0.73162,-1.2171,-0.050763,-1.4824,-0.18579
-0.81026,0.32734,0.28119,-0.018547,2.0733,-0.093613,3.3025,-0.14116
-0.73687,-0.71231,-1.0637,0.59311,-2.6793,0.067877,2.8014,-0.044585
-0.72128,-2.3482,0.11763,-2.1574,6.6423,0.32956,-0.45055,0.055054
-0.50432,2.4917,0.947,0.16711,1.7552,0.050697,4.4605,0.25604
-0.79345,-0.14276,-0.42426,1.2089,-7.5903,0.056081,0.62202,0.30817
-0.72761,-2.0412,0.65638,0.37448,5.8468,0.26714,-3.0646,0.092291
-0.72716,4.4813,5.7435,0.039368,5.6555,0.19355,0.92709,0.042836
-0.74164,-0.081305,1.6798,-1.3298,4.4456,0.057423,0.3334,0.095795
-0.71458,2.2224,2.8464,-0.098801,-1.512,0.0032206,-2.0239,0.010321
-0.69556,0.9608,4.6769,-2.4345,-5.665,0.04598,-2.9143,-0.066976
-0.6866,1.9986,0.31184,-1.0918,3.8962,-0.2026,-0.16344,-0.10947
4.3779,3.0336,-1.2829,0.64891,7.8081,0.086346,-1.3161,-0.15277
4.3531,0.86193,1.6028,-1.2936,-7.8531,0.06411,-1.4708,-0.1738
-0.75431,-4.2156,-2.6185,-1.3524,-2.5471,-0.035817,-1.6659,-0.1148
-0.75021,-0.56781,-0.12108,1.3402,2.4735,-0.10266,0.45614,0.021784
-0.91835,-3.8467,-2.082,-0.27569,-2.3854,0.066908,0.90886,0.35176
-0.77703,-4.9702,-1.33,0.55643,6.7992,0.33213,3.39,0.24469
-0.71565,3.4079,0.96363,-0.039646,2.5904,0.062589,2.961,0.20473
-0.71592,1.3597,1.6786,1.106,-7.367,0.052661,5.0538,0.17127
-0.36632,-4.8273,1.5798,1.2881,4.3256,0.07355,1.5298,0.14121
-0.60537,3.8707,0.59205,0.23168,5.8885,0.20059,-0.33686,0.069949
-0.78404,-1.6569,0.033645,0.39987,4.6803,0.0050239,-0.78166,-0.065175
-0.70852,2.2826,0.9422,-0.17502,0.91094,-0.040701,-1.8135,-0.090803
-0.8871,-0.69262,3.4571,-1.0445,-7.8172,0.010453,-3.5998,-0.13103
-0.84193,0.41484,0.49415,-1.622,1.7556,-0.16936,-1.0369,-0.17487
4.3835,1.7944,-2.2075,1.2292,8.1587,-0.061012,-5.1232,-0.12643
4.3109,0.86243,0.13482,0.32104,-7.8081,0.033287,0.30112,-0.032855
-0.74979,-3.9708,-1.2283,-0.70235,-2.7304,0.015395,0.14294,0.049456
-0.47981,2.4984,1.2577,0.86452,-0.72504,-0.088094,4.8787,0.0062077
-0.75364,-2.6555,-1.1936,1.8232,-3.0374,0.025329,1.0117,0.30508
-0.73921,-3.8052,0.16514,0.1011,6.822,0.39162,3.0544,0.30848
-0.73344,4.1675,1.8417,0.018661,4.1121,0.014021,2.8331,0.062574
-0.83103,2.2992,2.1569,0.02457,-5.6996,0.056248,2.2823,0.076155
-0.77103,-5.3757,0.75106,0.79383,-1.072,0.070399,3.6851,-0.016597
-0.70967,1.9337,2.2923,1.1926,5.6575,0.18708,-1.2291,-0.096693
-0.70782,-0.49814,0.30762,0.13055,4.5781,-0.01197,1.4535,-0.10884
-0.49854,2.2369,0.067185,0.34148,3.6206,-0.14425,-0.74745,-0.1617
-0.64424,-0.25282,0.7568,-2.358,-8.1251,0.043651,-1.2667,-0.17102
4.4425,-1.4586,2.7344,-0.63746,-1.1131,-0.039154,-1.6733,-0.012313
4.3896,-0.59477,-0.60195,0.85233,6.7287,-0.20144,-2.7795,0.12094
-0.96002,3.6232,-1.4225,-1.4677,-6.6928,0.010196,2.4865,0.089954
-0.82895,-2.7013,1.4684,0.2449,-2.2655,-0.0031199,-2.2692,0.12782
-0.73176,1.0312,-1.4738,0.47364,0.43153,-0.043242,2.7572,0.20191
-0.72879,-1.2713,0.19114,1.0387,-5.966,0.090088,4.8238,0.2225
-0.66366,-4.5308,0.20876,0.59841,6.8861,0.36145,0.93372,0.10086
-0.56502,3.9304,2.8957,0.74817,4.7052,0.06538,2.5696,0.066249
-0.80922,4.4048,1.7204,0.16729,-1.501,0.054381,3.659,-0.067755
-0.71588,-3.7756,-0.3853,0.50311,-6.2226,0.055286,1.69,-0.16703
-1.0599,2.7453,3.2093,0.13401,3.7533,-0.03678,-2.3135,-0.1441
-0.81351,-0.49349,-1.2822,0.18431,3.6195,-0.037768,-1.261,-0.19711
-0.69885,2.1651,-0.42997,0.62937,5.9098,-0.070067,-1.2971,-0.12069
-0.68787,0.69095,-3.9634,-0.25039,-6.9712,0.052263,-0.46661,-0.018885
4.3997,-1.0596,-0.41511,0.49613,-4.8528,-0.03076,-2.2389,-0.060989
4.3819,0.67214,-0.15399,0.72668,5.4271,-0.27968,-3.0462,0.17828
-0.72925,1.1146,-2.0348,-0.38894,-3.2714,-0.031755,0.39665,0.21347
-0.75004,-2.4621,-2.0325,7.9151e-05,-1.8313,0.051108,1.1178,0.173
-0.74492,1.0555,1.9706,0.47368,2.8938,0.040917,2.5414,0.17889
-0.90215,0.7007,1.3323,0.26322,-6.6509,0.10287,2.3834,0.18073
-0.71691,-7.6014,0.12448,-0.0094396,6.4788,0.39598,1.5643,-0.013968
-0.71315,4.0094,1.5048,0.30752,5.9353,0.31358,4.1324,-0.12969
-0.71291,2.566,3.2382,2.716,3.353,0.072427,1.3061,-0.15406
-0.54033,-2.9107,2.0118,-0.67512,-6.5999,0.066311,-1.0423,-0.20901
-0.63039,0.66184,1.9243,-0.6038,-0.6422,0.025342,-4.6446,-0.17825
-0.70981,0.9565,1.1623,-0.85586,2.584,-0.11459,-2.5327,-0.13478
-0.69998,2.3465,1.5246,-1.0725,6.1162,-0.34244,-3.1387,-0.05931
-0.96803,1.1131,-2.9241,-1.0877,-7.4418,-0.011764,1.089,0.17927
4.4065,-2.4804,-2.1137,-1.405,-7.1627,-0.045578,-4.7005,0.21362
4.3822,0.75762,-2.3879,0.85572,3.9487,-0.43695,-0.63413,0.23243
-0.73555,1.6255,0.8252,-0.097716,1.1639,-0.16852,-0.9898,0.12899
-0.53281,-0.54763,-0.29068,0.78484,-2.4266,0.017429,-0.83657,0.048604
-0.61926,1.4618,0.53027,0.85572,3.7063,-0.026646,3.1958,0.03242
-0.79412,2.1556,1.3414,2.0068,-6.526,0.046192,2.5377,-0.12473
-0.72174,-7.869,1.7933,0.77984,4.162,0.041527,-1.0748,-0.16484
-0.77895,3.5306,0.6361,-0.50737,5.8004,0.25168,0.76357,-0.11906
-0.8871,4.6144,0.86252,0.56176,5.1518,0.10896,1.9921,-0.18214
-0.76079,-2.9635,-0.91123,-0.87137,-3.7287,-0.00046306,0.66355,-0.13035
-0.69672,-0.95766,2.0813,-0.66776,-6.201,-0.10222,-2.0434,-0.011948
-0.69235,-0.20701,1.0112,1.4486,-1.1042,-0.1279,-3.6312,-0.06649
-0.40059,0.42005,1.3395,-0.29544,4.9198,-0.4249,-4.4049,0.17463
4.4364,3.2463,-1.4868,-2.5073,-2.6361,0.0066732,-0.040419,0.25538
4.392,-4.653,-2.8975,-2.4067,-7.3885,0.00521,-3.039,0.45266
-0.7558,2.1305,-1.7313,0.085234,0.95164,-0.22178,0.48352,0.11529
-0.90659,-0.36575,-1.4074,0.66436,2.6398,-0.15896,3.3226,0.062988
-0.81849,-0.4272,0.038341,1.1809,-0.93142,0.023846,1.3329,-0.039913
-0.72725,0.56271,-1.1223,-0.50285,4.6419,0.058918,4.805,-0.16041
-0.71848,0.46861,2.3893,1.3627,-4.0194,0.02934,2.2711,-0.15856
-0.70588,-7.7781,1.3983,1.3014,-3.7286,0.11589,7.7434,-0.11492
-0.63945,0.53494,5.9531,-0.19969,5.4576,0.16246,-0.02787,-0.13683
-0.7235,2.5866,0.34466,0.63984,5.9066,0.2226,1.1074,-0.0061559
-0.70861,-3.0758,-0.046996,-0.74389,1.0494,0.017885,5.9597,0.04398
-1.0162,-0.26306,-1.5814,-0.31982,-4.9634,-0.079989,-1.2644,0.12315
-0.74524,1.515,-2.6521,-0.021598,-5.8149,-0.0099096,-4.2539,0.19108
-0.66899,1.8346,-1.8282,0.2294,4.0849,-0.55046,-3.7851,0.23503
4.398,2.7767,-1.7918,-1.9254,2.1284,-0.084558,-2.7001,0.050624
4.3606,-1.7652,0.34553,-2.6786,-8.8754,0.033107,-2.2551,0.057415
-0.55509,-1.2478,-1.9268,-1.062,-1.4079,-0.069778,-1.1318,-0.0016534
-0.81385,2.0271,-0.58043,-1.3249,1.1752,-0.18499,-0.9476,-0.10275
-0.73477,-0.30525,1.2278,1.3185,-1.0173,0.015157,0.12642,-0.16172
-0.73386,0.06906,0.76891,-1.4511,5.7628,0.24066,1.6666,-0.15369
-0.91306,1.7465,-1.3492,0.2976,-1.4999,0.0096317,5.0024,-0.13456
-0.7111,-4.5201,-1.4863,0.7406,-8.0442,0.0853,-2.5841,-0.097155
-0.7029,-3.213,0.63019,0.88741,4.0314,-0.03454,-0.31652,-0.020661
-0.70383,3.1316,4.1483,-0.61243,5.1602,0.1369,0.82463,0.072772
-0.51727,-1.2504,1.7069,-1.5136,3.9628,0.017724,-1.8635,0.22863
-0.66897,2.7006,-0.22925,-0.71542,-2.5367,-0.0032033,-0.97549,0.055881
-0.6998,0.93702,-0.90371,-0.026396,-7.3042,-0.015294,-2.6089,0.07506
-0.70029,1.5554,-3.5388,1.1693,4.3343,-0.23672,-3.0645,0.11809
4.3705,3.5764,-0.78077,-1.157,5.9872,0.0061919,-1.8125,0.039186
4.331,1.9006,1.7434,-1.6834,-8.224,0.066818,-1.0661,-0.073499
-0.73954,-1.9609,1.5908,0.44014,-1.6507,-0.031299,-1.9357,-0.16012
-0.7395,-1.0713,-1.626,1.0543,-0.60362,-0.050808,0.11861,-0.11587
-0.37462,-3.9565,-0.87494,1.8693,-2.8421,0.059656,0.75812,-0.14539
-0.59661,-2.8122,-0.30225,-2.2382,6.8646,0.37289,0.63728,-0.090073
-0.75244,1.5773,0.52174,0.90761,2.9477,0.10846,4.008,-0.063326
-0.72782,-1.5806,0.45554,-1.0439,-7.8669,0.068211,5.3453,0.10069
-0.95119,-4.3705,0.23686,-0.28964,1.619,0.029693,2.568,0.15499
-0.98082,3.0284,2.5572,-0.27231,4.7539,0.041129,2.0622,0.24367
-0.74508,-1.4782,-1.5005,-0.6949,4.1428,-0.061275,2.9154,0.19049
-0.69822,2.8133,1.1518,-0.61396,1.9318,-0.0081641,-1.0616,0.038163
-0.69016,0.41554,3.8504,-2.6277,-9.184,0.050107,-3.4896,-0.00021746
4.385,0.7269,0.73947,-0.35502,2.7439,-0.17086,-2.8907,-0.0023592
4.3462,2.0126,-0.48245,0.012289,6.5002,-0.26717,-3.4028,-0.13118
-0.76003,1.9243,2.2989,1.7688,-8.781,0.0030152,-2.1546,-0.26219
-0.76136,-0.96822,0.30945,-0.35121,-3.1512,-0.03592,-3.1513,-0.13028
-0.96406,1.4868,2.5051,-0.30807,-2.0914,-0.017976,3.0268,-0.1352
-0.80671,-3.5123,-0.69708,1.0274,-5.3218,0.023314,0.83148,0.0052829
-0.73242,-5.7125,0.56408,0.71903,6.7004,0.32385,-0.039744,0.16803
-0.72068,2.4182,1.8684,0.62537,3.474,0.094144,0.65507,0.17781
-0.44183,-0.67239,-1.2388,-0.77289,-5.028,0.085377,0.73705,0.068878
-0.65983,-5.2545,0.15027,0.87832,-2.2076,0.075366,4.446,0.27427
-0.72687,1.4458,0.38956,0.91634,3.0624,0.030424,-3.6369,0.16039
-0.71754,1.0537,0.022711,0.74479,2.9661,-0.15306,-0.46772,0.061503
-0.89059,2.7133,-0.14118,1.6196,4.4666,-0.14528,-1.7226,0.026652
-0.77071,0.14055,1.0958,-1.9841,-9.6085,-0.024862,-3.7151,-0.083356
4.3702,0.1953,0.16029,-1.745,1.848,-0.11061,-3.9407,-0.11733
4.3459,0.96704,-0.98003,-0.067734,6.5739,-0.21818,-4.6619,-0.1544
-0.50929,2.2909,-0.2141,-0.11142,-7.1836,-0.0011497,2.9015,-0.16771
-0.55623,-3.1496,-2.3849,-0.68202,-2.2408,0.018777,-0.36023,-0.12123
-0.82001,-0.57877,-0.55196,-0.16828,-0.60844,-0.059061,0.94597,0.068805
-0.74997,-2.9116,0.69876,0.73695,-7.2597,0.020099,4.7207,0.3886
-0.97746,-3.5334,1.4323,1.1581,7.1365,0.42966,-0.1601,0.10643
-0.87927,3.5192,1.8865,-0.24828,4.9428,0.099926,2.5144,0.22233
-0.67549,1.8283,2.4774,1.2181,-2.7606,0.0050239,3.1682,0.14386
-0.71277,-2.6054,1.2143,-0.0068576,-6.0298,0.084434,0.22917,0.11651
-0.71449,3.0545,2.8422,1.0221,0.47596,-0.054088,-0.38402,-0.016256
-0.5987,1.8533,-0.8289,0.53056,2.6421,-0.26096,-1.6552,-0.043977
-0.67754,2.7708,0.35203,-0.41528,6.115,-0.24595,-3.0394,-0.10326
-0.7032,-0.66559,-0.9698,0.13087,-8.8201,0.034897,-3.7885,-0.18484
4.3731,-0.61411,0.16561,-1.0866,-1.5353,-0.01324,-3.6759,-0.12848
4.3508,-0.52504,-2.7915,0.84011,4.7267,-0.53082,-2.817,-0.12948
-0.76398,1.6429,-2.215,-0.96673,-5.3663,-0.01403,0.24544,-0.049429
-0.73683,-1.4169,-0.016218,0.10697,-0.042601,0.017301,-0.39932,0.0016809
-0.73877,1.4298,1.123,-0.52654,0.036465,0.035128,1.8574,0.063937
-0.43508,-0.85236,2.0112,0.6871,-8.7459,0.040031,3.4732,0.33565
-0.68232,-7.3079,1.7603,2.0371,6.7874,0.36383,-0.98653,0.24837
-0.734,4.8925,4.2728,1.5826,5.0116,0.15149,1.9644,0.19424
-0.72573,3.541,1.0729,1.2678,2.4658,0.080969,2.6077,0.058096
-1.0003,-1.6091,-0.67949,0.20025,-6.3482,0.035975,-1.3898,-0.02127
-0.83807,2.3349,4.6722,0.16391,-1.8521,-0.030356,-4.9442,-0.10796
-0.76554,1.08,2.808,-0.7991,2.0216,-0.14472,-2.9998,-0.12193
-0.69979,1.4751,-1.0089,0.13594,6.6705,-0.18215,-3.1852,-0.17562
-0.46002,1.5878,-2.5496,0.084264,-7.5499,0.03199,1.1749,-0.14642
4.3851,-3.6851,-2.3892,-0.79333,-5.5844,0.026426,-3.0622,-0.074886
-0.80241,-1.7732,-3.2488,0.084926,4.1978,-0.38508,-0.73375,0.12167
-0.7517,-0.24869,-3.6644,-0.10228,-1.2724,-0.025312,1.0539,0.084065
-0.7365,-0.67877,-3.7124,-1.4101,0.51513,0.047521,0.18189,0.040695
-0.76426,0.73633,0.026322,0.98255,2.3874,0.075045,3.6522,0.31995
-0.7725,2.5304,2.7413,0.53586,-7.604,0.08935,2.966,0.27134
-0.72349,-9.2507,-0.17356,-0.16475,5.7921,0.29988,0.35858,0.087788
-0.7098,5.0232,1.8408,0.36823,5.5364,0.20472,1.9371,-0.041129
-0.57959,4.5298,-0.8462,1.2758,4.8696,0.13796,3.7883,-0.073134
-0.66496,-2.2163,1.1703,0.67149,-4.4973,0.048522,-0.70142,-0.14184
-0.70581,0.79577,2.7377,-1.03,-4.0099,0.025489,-2.6738,-0.20573
-0.70411,-0.75809,1.9715,0.409,1.8691,-0.04758,-3.737,-0.16284
-0.78281,0.86929,0.5826,-1.3114,6.2449,-0.081189,-4.1317,-0.10706
4.4,3.4898,-3.3419,-0.91587,-5.9379,0.0020975,1.4019,-0.081822
4.3821,-6.6192,-3.484,-0.75793,-6.3419,0.0043244,-1.128,0.11059
-0.74363,0.020676,-2.2904,-0.02059,2.755,-0.19283,1.8977,0.16251
-0.62401,0.53802,-2.4771,-0.4002,3.0427,-0.047593,0.44254,0.18125
-0.60964,-1.7166,-1.9826,0.8974,1.1002,0.07912,0.071046,0.23963
-0.80315,0.15644,-0.06258,0.71195,4.7016,0.077041,3.9779,0.19616
-0.73573,2.8801,1.294,0.77197,-4.2101,0.05628,2.0036,0.13135
-0.97934,-7.8309,-0.70056,1.0813,4.1481,0.025874,1.4308,-0.036432
-0.79633,3.3439,1.4975,0.52624,6.0488,0.26616,0.24821,-0.1066
-0.65981,3.3295,0.43485,2.1185,6.0017,0.231,1.8588,-0.1947
-0.70358,-1.6838,0.95707,0.24922,0.64325,0.054111,0.39756,-0.14087
-0.70506,1.9561,-1.7525,-1.9102,-4.684,-0.02209,-1.9454,-0.099662
-0.39596,0.64053,0.096665,0.14368,-1.4087,-0.060852,-1.8602,-0.11054
-0.72718,-0.36281,-1.1256,-0.90541,6.2635,-0.036279,-3.3791,0.13444
4.3929,1.5223,-4.9973,-2.7224,-0.65331,0.046616,-1.1622,0.035097
4.3609,-4.193,-2.2885,-3.2571,-6.4585,-0.011707,-1.9999,0.04544
-0.88409,0.36131,-2.7826,-0.37882,0.67247,-0.080316,-0.062054,0.23732
-0.76216,0.7192,-0.15122,-0.68551,3.3478,-0.021692,2.9023,0.061941
-0.73458,-0.0032263,1.0578,1.2243,1.7853,0.098995,2.2853,0.1837
-0.73802,0.72344,-0.032657,-1.0993,6.0728,0.30977,2.5934,-0.035556
-0.45791,2.0267,2.4442,3.0414,-2.6605,0.094612,3.6073,-0.089951
-0.67856,-7.0833,1.9405,0.85623,-3.4396,0.10517,8.3898,-0.19614
-0.7202,0.61816,3.7483,-1.0138,6.5039,0.36652,-1.6628,-0.20427
-0.71663,2.0733,2.2319,0.33534,6.641,0.35613,0.8452,-0.15481
-0.91828,-1.8564,0.5269,-0.43014,3.1983,-0.039321,-0.19476,-0.096376
-0.85076,1.5382,-1.9666,-1.0216,-3.1985,-0.058169,0.49202,-0.075422
-0.68228,-0.28417,-3.1219,0.38847,-3.9289,-0.026172,-3.7354,0.085866
-0.56522,0.54715,-3.2571,-0.071388,5.6692,-0.03221,-0.29397,0.17752
4.3951,2.6378,-3.4815,-3.9622,4.2924,-0.025036,1.8907,0.24647
-0.65878,-1.1448,0.3523,-2.3752,-7.6598,-0.0013294,-0.66306,0.24749
-0.84896,-2.194,-2.9234,-0.26926,-0.098457,-0.0040761,1.9224,0.10872
-0.74458,2.0037,-1.6173,0.1243,-0.46191,-0.026441,1.6101,0.023196
-0.87011,-2.2976,-0.73938,1.6098,0.43671,0.018083,0.5627,-0.074448
-0.90072,1.8741,-0.11025,-1.3506,6.5403,0.32032,3.5659,-0.19456
-0.79463,2.5044,0.37991,0.91521,0.40698,0.060298,5.3461,-0.16114
-0.71805,-3.6668,0.48168,0.89158,-8.6608,0.049901,-4.0171,-0.12823
-0.70477,-0.94958,3.938,0.83061,4.3729,0.1043,-3.173,-0.077855
-0.48827,1.5876,4.0567,-0.16047,5.7337,0.181,-1.1181,-0.063642
-0.69222,-1.2783,2.8162,-0.94026,4.6547,-0.013009,-1.1588,0.024607
-0.70803,1.5466,0.35686,-0.2616,0.73312,-0.02716,-1.0966,0.18222
-0.70018,0.87638,0.24448,-1.3491,-8.086,0.028961,-2.68,0.0313
4.403,2.2847,-1.3346,0.78485,4.2898,-0.23036,-0.84457,0.074451
4.3685,3.0571,-3.4352,-1.8719,6.5366,-0.029573,-1.8292,0.19042
-0.74411,2.2947,-1.1239,-1.9788,-7.2792,-0.037819,-2.2339,0.069097
-0.73558,-2.0204,-0.85455,-0.03156,0.12682,-0.058631,0.66206,-0.038258
-0.6235,0.089469,-0.4154,0.315,-1.9958,0.012494,-0.95602,-0.14262
-0.67552,-4.2312,0.94455,0.71759,-3.6713,0.081456,0.416,-0.20105
-0.73101,-1.1046,1.9186,-1.0351,7.1543,0.44132,-2.2219,-0.29273
-0.72473,4.1928,2.7452,0.51387,3.2039,0.017455,3.7279,-0.16652
-1.055,-0.46726,-1.7081,-1.3795,-6.0082,0.03663,6.0534,-0.098616
-0.7722,-3.2962,-2.9335,1.3437,-0.51472,-0.0019391,1.8993,0.037531
-0.63664,1.3545,1.035,0.93486,4.6836,0.033017,0.13738,0.15343
-0.6949,-0.020624,-1.2612,0.89072,4.3188,-0.048504,-0.83386,0.016211
-0.46225,3.13,-1.5113,-0.60028,5.0496,-0.062713,-1.5249,0.041863
-0.53235,-0.2786,0.12093,-2.6408,-9.7003,-0.032801,-2.2085,0.22167
4.3878,-0.080817,3.154,0.46984,-0.14341,-0.18436,-3.0277,0.02928
4.3501,2.9601,-1.4818,0.84105,6.6466,-0.3311,-4.34,0.0036036
-0.73977,2.263,-0.92124,0.66775,-7.6043,-0.034341,3.244,-0.068607
-0.94423,-0.22696,-0.98921,-0.65504,-0.5421,-0.024445,0.91522,-0.12237
-0.72082,0.10284,0.83896,0.11185,0.0032352,0.02119,3.0243,-0.15712
-0.72023,-3.1657,-0.33079,2.2385,-7.345,0.041296,4.1744,-0.14532
-0.72331,-3.1097,1.0903,0.63444,7.2567,0.43945,-0.52706,-0.083769
-0.46341,3.5841,3.286,0.18176,4.7854,0.09768,2.8533,-0.0092468
-0.66339,0.66352,1.6732,-0.57631,-1.4876,0.056479,1.2372,0.12619
-0.71132,-2.4099,-0.46901,0.012321,-6.1381,-0.01453,-1.7508,0.17538
-0.70367,1.9248,2.2537,1.6117,0.93147,-0.10738,-0.61006,0.09122
-0.78499,2.9646,-4.1048,0.27069,2.8245,-0.37656,-0.64147,0.077372
-0.73869,2.0812,-1.6578,-0.25467,7.0868,-0.010891,-2.6024,0.11273
4.3865,-0.46241,0.054645,-1.6857,-9.062,-0.030163,-3.2525,0.033831
4.3497,-0.57699,0.10879,-1.2522,-1.9963,-0.15516,-4.8721,-0.050402
-0.83859,2.2313,-1.0891,0.30371,4.7193,-0.48987,0.25384,-0.12505
-0.68742,0.64264,-4.3499,-0.67682,-3.4581,-0.089076,-1.3605,-0.236
-0.76114,-1.8057,-0.91817,-1.7036,0.59806,-0.043903,0.4238,-0.16586
-0.74951,0.59927,-0.65116,-0.54115,1.8208,0.032972,2.1385,-0.048699
-0.90983,-0.70103,1.2612,0.51534,-9.2407,0.020137,4.2051,0.038017
-0.85407,-7.603,0.46291,1.6131,6.2632,0.30491,3.093,0.036484
-0.76394,4.2259,2.2051,1.7365,5.116,0.1475,2.2511,0.081339
-0.72154,1.9783,3.1576,0.65554,2.2083,0.048541,-1.7835,0.1901
-0.71043,-0.97285,-0.83542,0.27522,-5.6152,0.023288,-4.9762,0.13162
-0.53564,0.57107,4.8337,0.56378,-4.8267,-0.064555,-3.7105,0.15036
-0.80073,0.94092,-2.6648,0.24308,2.7591,-0.19149,-3.4179,0.070508
-0.70963,3.1881,-2.2134,0.64236,7.4973,-0.040816,-4.3057,-0.020102
4.3698,2.3365,-1.5533,-0.55998,-9.2294,0.023757,-0.18772,-0.06318
4.3396,-4.4516,-3.0804,-1.7024,-4.6549,-0.0018107,-3.7548,-0.17959
-0.74007,-0.23979,-1.5307,-0.33729,3.1907,-0.37055,-2.0359,-0.19222
-0.75086,-0.22289,0.45513,0.45134,-1.3463,-0.07601,3.598,-0.13227
-0.74065,-1.3227,-0.68278,-0.24115,1.1457,0.045069,3.549,-0.036262
-0.47607,0.77579,0.92062,0.14404,1.3571,-0.0056163,2.6069,0.07669
-0.66428,-0.8987,1.7192,0.69483,-8.7528,0.023904,0.99187,0.26434
-0.74423,-9.9991,0.65726,2.3501,4.3516,0.10097,-5.3008,0.19359
-0.73107,4.7107,1.7355,1.5298,4.8521,0.13561,1.7062,0.053107
-0.9502,2.3844,0.17106,2.1475,4.051,0.052873,1.9005,0.18582
-0.74903,-0.10125,1.5349,0.067147,-3.4296,-0.0058345,-0.94547,0.13036
-0.70894,2.3795,0.56589,-1.8035,-5.2643,-0.026364,-4.1067,-0.0004365
-0.70351,1.95,4.5297,-1.4523,-0.77683,-0.09747,-4.2555,-0.05802
-0.55813,1.3035,0.72573,-0.14747,5.1473,-0.86959,-2.3969,-0.1416
4.3594,2.875,-1.2805,-1.4821,-11.036,0.025393,0.99271,-0.14457
4.337,-5.6718,-1.0178,-0.99181,-7.5237,0.022762,-0.8827,-0.18492
-0.76551,-0.75187,-3.2416,-0.57306,0.38641,-0.2099,0.39033,-0.14953
-0.89039,-0.29886,-0.9932,-0.81388,-0.7624,-0.037094,0.92291,-0.029277
-0.93721,-1.7659,-4.4571,1.4016,0.80727,0.082464,1.8212,0.36604
-0.71485,0.39625,-0.76636,1.359,2.3507,0.029558,2.4826,0.20738
-0.73635,0.77957,0.32836,1.1576,-7.8895,0.03973,1.321,0.19463
-0.73943,-7.4785,-0.69277,1.855,-1.9867,0.058578,0.24703,0.086766
-0.50877,4.8461,1.415,0.66096,4.5486,0.027902,-0.40745,0.17236
-0.7572,3.8602,-1.5577,0.4168,3.4306,0.021453,2.4536,0.046755
-0.7214,0.24395,-0.49005,0.56376,-1.5416,-0.031832,-0.045768,-0.047555
-0.72033,1.8301,-0.81919,-1.3105,-6.3746,0.017153,-1.5754,-0.074983
-0.83954,0.45324,-0.41521,0.66932,-3.9689,-0.075214,-4.1027,-0.15527
-0.55003,0.24153,-0.66567,0.64954,5.1389,-0.57403,-4.8286,-0.18937
4.366,1.671,-2.3678,-2.5611,-7.7198,-0.0087416,-1.8598,-0.11845
4.3698,-2.9259,-1.0221,-1.8453,-8.2436,0.038318,-2.2924,-0.063739
-0.62729,-2.0628,-3.3977,-0.1493,-1.1647,-0.11756,1.65,0.099763
-0.75539,-0.88754,-2.4237,0.60227,-1.7076,0.025213,2.0116,0.029718
-0.76467,-4.9759,-2.7713,1.9738,1.4803,0.035263,1.0412,0.31021
-0.7505,0.52437,-0.47225,0.97928,4.6713,0.065425,2.1681,0.20916
-0.95425,3.0643,1.1745,1.9045,-4.045,0.015549,0.55825,0.15253
-0.82935,-6.3583,1.7994,-0.45309,-6.6651,0.039306,0.81596,0.079659
-0.72642,2.8634,3.2351,1.8258,5.0043,0.092437,-1.5702,-0.014601
-0.72349,2.2169,2.2195,1.6201,4.6357,0.035391,-0.46331,-0.10356
-0.56143,-0.27513,2.5026,-1.2799,1.7679,-0.010385,0.73244,-0.13833
-0.60803,1.6187,-1.2716,0.42775,-5.6165,-0.0082539,0.16527,-0.18209
-0.7721,0.12839,-1.2916,0.79189,-5.1551,0.05148,-2.5767,-0.18555
4.3939,0.67688,-4.1928,0.81124,5.1145,-0.33941,-1.4842,-0.13184
4.3672,0.52611,-0.571,-2.7313,-3.4565,-0.026473,-0.84636,-0.010366
-0.89454,-1.5424,0.67078,-0.97938,-8.4384,-0.019991,-3.3186,0.14318
-0.74917,-2.008,-1.4805,-0.45294,-1.9784,-0.040187,-0.17037,0.15272
-0.74615,0.085622,0.089907,-0.96909,-3.1198,0.0014237,1.9955,0.182
-0.74027,-3.0112,-1.6905,1.6176,0.43116,0.027062,-0.92217,0.055979
-0.62018,1.8473,-0.6423,-0.59758,5.1963,0.1266,3.8857,0.20551
-0.72736,2.5084,1.1001,1.9959,-1.7756,0.075648,2.2905,0.062063
-0.73471,-6.8477,4.0469,0.39928,-7.3898,0.089844,-1.4904,-0.076906
-0.73139,0.81533,2.8132,-0.44188,4.4991,-0.011732,-2.9049,-0.12792
-0.86486,1.3879,3.7766,-0.26808,4.7644,-0.037537,0.010924,-0.17998
-0.72398,1.3177,2.0568,-0.6921,3.153,0.0068914,-1.1204,-0.15041
-0.70268,1.6929,0.90959,-1.1985,-2.5679,0.0054795,-0.31971,-0.10387
-0.70393,-1.6265,-1.5335,-0.44987,-6.3458,-0.0097299,-1.7076,-0.0067887
4.3951,2.1967,-2.7239,-0.51612,4.3935,-0.4008,-1.0249,-0.043831
4.3708,0.023072,-2.5547,-1.145,3.6133,-0.12663,-0.68225,0.19122
-0.76991,-0.34411,-1.8593,-1.184,-8.1954,0.023647,0.054278,0.21276
-0.75141,-1.537,-1.2938,-0.29913,0.50478,-0.0068613,2.4325,0.082166
-1.0478,-0.094355,-0.88102,0.33713,-3.3189,6.3175e-05,0.98645,0.27003
-0.82613,-3.8167,-1.1644,0.32983,-2.7983,0.033794,1.8139,0.15177
-0.69881,1.791,0.097545,-1.1127,6.3971,0.30504,2.9382,-0.038963
-0.72486,4.0006,0.33593,0.12728,0.88602,0.044485,5.191,-0.13028
-0.58004,-2.7728,-0.10725,-0.51084,-8.1329,0.022518,5.207,-0.16854
-0.53921,-2.049,5.0869,0.19853,1.1445,0.063526,-0.25677,-0.19728
-0.7465,-0.019256,-0.49555,0.32887,4.4933,-0.075054,-0.41274,-0.1516
-0.71132,0.47266,0.74266,-0.25788,3.5407,-0.079103,-3.3717,-0.10224
-0.72109,2.3986,1.4853,-2.7263,2.364,-0.1081,-1.2194,-0.063034
-0.83173,-0.99902,1.447,-2.1755,-9.0958,-0.030619,-2.1604,0.1297
4.3952,1.2394,-0.83736,0.38823,4.3119,-0.19726,0.24189,0.23423
4.3721,2.6577,-2.4932,-0.48414,6.3708,-0.28548,1.0667,0.16195
-0.74552,1.4139,-1.8046,0.60108,-6.7263,0.051108,-0.85245,0.044077
-0.48961,-0.17335,0.3297,-0.91782,0.77422,-0.017181,1.1226,0.057926
-0.73066,1.4305,-0.094675,-0.63682,-1.8227,0.039435,3.9533,-0.011096
-0.73418,-2.9605,1.6801,1.6352,-6.9724,0.035083,1.6216,-0.14505
-0.73337,-0.80013,2.2451,0.34207,7.7177,0.47346,-2.1767,-0.13792
-0.97289,5.0508,3.8346,1.2198,3.0351,0.030874,1.8508,-0.18063
-0.7869,-1.3581,0.88256,-0.49942,-2.9152,0.10646,3.1654,-0.18803
-0.7099,-0.856,-2.5678,-0.23081,-4.8556,0.05501,-0.6066,-0.084451
-0.70616,-0.1605,1.054,1.0999,1.1405,-0.0071308,-2.771,0.045805
-0.52964,1.8291,-2.7556,0.028738,2.2581,-0.2016,-0.46535,0.034732
-0.65256,1.1505,-2.5893,0.91404,7.1846,0.19575,-3.5402,0.14235
4.4099,-0.98236,0.50472,-2.3583,-9.3582,0.01576,-2.7295,0.18424
4.3702,-1.7594,1.0889,1.0459,-0.024927,-0.1088,-3.4487,0.377
-0.98783,3.036,-0.66379,0.671,5.5142,-0.35792,-1.3211,0.13571
-0.79856,1.9498,-1.2184,0.69455,-4.524,0.0083289,1.5609,0.034878
-0.7378,-0.59804,1.2307,-2.404,3.1097,0.078517,0.32812,-0.07216
-0.73599,2.0306,-0.1228,0.56516,0.90535,0.035815,4.4966,-0.17241
-0.73486,-3.2991,0.75656,0.68344,-8.9097,0.066484,2.9007,-0.14101
-0.57168,-5.0895,3.7468,1.7783,7.6007,0.43564,-1.3706,-0.17056
-0.79325,4.6614,2.4386,-0.16888,5.2482,0.11205,4.2225,-0.15233
-0.72311,-0.8755,5.7289,-0.98786,2.8399,0.030354,-1.6046,-0.0066427
-0.71942,1.4142,1.5221,-0.29727,-8.1048,-0.00064917,-0.015206,0.013655
-0.8393,-0.01869,0.33206,0.36822,-1.9384,0.0091311,-1.8398,0.19916
-0.69278,3.0694,-4.2096,0.19536,2.3293,-0.080598,-1.3381,0.086133
-0.69294,2.38,-2.2937,-0.068235,7.8376,0.094458,-3.3416,0.21218
4.3795,2.5988,-0.88518,-0.98058,-7.9714,0.029244,-2.6096,0.016478
4.3489,-2.2535,-0.25442,-0.72812,-3.917,-0.058522,-3.0705,0.10166
-0.75947,2.1781,0.065772,0.13907,4.4974,-0.2156,1.7514,-0.026965
-0.74838,0.4547,-1.0231,-0.50064,-1.6099,-0.019947,2.0253,-0.11195
-0.7462,-3.8235,-0.73545,-0.19955,4.1711,0.0045747,2.0303,-0.18886
-0.95666,0.76867,1.5554,0.49505,3.7406,0.090903,1.7755,-0.27059
-0.83055,-2.0682,1.3157,0.59849,-7.7033,0.028473,2.3451,-0.14999
-0.7076,-8.5159,-2.1687,1.6318,5.7915,0.22057,0.84866,-0.058434
-0.72171,3.3119,-1.4171,0.98367,6.3208,0.25356,1.2835,0.0098828
-0.48961,-0.43278,0.2444,0.1727,4.6881,0.069744,2.1231,0.12242
-0.64026,-0.48269,1.3348,-1.1139,-5.2692,-0.012874,-0.22313,0.22357
-0.75015,0.70887,3.5294,-0.49409,-4.9758,-0.068809,-6.257,0.071652
-0.70608,2.411,1.4714,0.3981,0.27884,-0.068046,-1.7927,0.071677
-0.89389,1.7868,-1.2525,0.94127,7.3192,-0.11946,-6.9088,0.081412
4.3609,2.1066,-1.5088,0.095536,-8.6043,0.055157,-0.73506,0.016697
4.3302,-3.9689,-2.0496,0.20983,-4.8982,-0.035721,-2.2469,-0.10643
-0.75475,2.2825,-0.044734,0.63884,0.9676,-0.23509,2.2751,-0.15586
-0.74398,0.26873,-2.4032,0.54637,1.203,0.052873,0.19474,-0.074667
-0.61555,-1.7144,-1.4968,0.11851,4.9103,0.074108,0.85288,-0.14659
-0.77361,0.27332,0.1907,0.51912,2.877,0.045486,2.8554,-0.057898
-0.73534,-0.33695,1.5725,0.54752,-7.0335,0.015722,2.5781,-0.026697
-0.73235,-9.485,-0.45835,0.46632,1.7457,0.072876,4.2149,0.050259
-0.87069,2.564,-0.98176,1.59,6.328,0.23705,-0.40145,0.24988
-0.73208,1.034,-0.52772,-0.12551,5.5493,0.15166,1.7173,0.20588
-0.71099,1.4662,0.18059,-0.19677,-0.42716,0.029507,-3.5023,0.19373
-0.69896,1.8628,0.14604,-0.67655,-6.7686,0.012372,-3.1734,0.01183
-0.42178,0.60755,1.4656,-0.01066,-1.311,-0.019972,-5.402,0.061893
4.3378,2.9282,0.61964,0.69322,6.1651,-0.44366,-1.815,-0.034461
4.3488,3.1024,2.5618,-2.2994,-7.212,0.064245,-0.046295,-0.15717
-0.7574,-2.8519,1.5549,-0.58966,-5.6805,0.041071,-0.46374,-0.18528
-1.06,-0.74463,-2.364,-0.4554,-0.51098,-0.096129,1.5405,-0.17915
-0.80977,-0.539,1.2113,0.55622,-1.9272,0.0563,6.7897,-0.13588
-0.71326,-4.3174,-2.3219,3.2204,6.0044,0.27453,3.7024,0.044662
-0.72599,-0.067324,0.73106,0.56092,5.0093,0.10817,2.0376,0.23506
-0.6513,2.1422,-0.2359,-0.13585,-6.7768,0.084344,3.1455,0.19828
-0.62136,-6.9737,1.4008,-0.29853,-4.3413,0.07887,5.4157,0.079221
-0.77036,2.8736,-0.29728,1.2593,5.5865,0.20573,-0.45054,0.2593
-0.719,1.6464,-0.54851,0.75862,5.6282,0.15063,0.98071,0.14958
-0.93434,2.2032,-0.73397,-0.074561,2.9561,-0.035329,4.6015,0.0021433
-0.8703,1.2275,1.6061,-1.5312,-5.57,0.023718,-1.2428,-0.022414
-0.6772,0.31745,-0.81704,-0.12745,-3.5415,-0.040829,-3.7753,-0.10234
4.3789,1.7303,-2.2313,1.5765,6.0991,-0.24336,-5.0278,-0.10188
4.3577,2.4616,-3.2416,-2.6036,-3.3251,-0.01127,-0.79422,-0.10618
-0.54888,-2.307,1.1532,-0.97858,-5.2136,0.021273,-1.8952,-0.18424
-0.69575,-2.8896,-0.94458,-0.37987,1.3512,-0.085777,-0.24989,-0.1074
-0.73895,-2.1556,-0.2008,-0.20214,-3.9805,0.044062,4.1661,0.097231
-0.7348,-3.8891,-0.98844,0.76875,4.781,0.056415,2.0802,0.32097
-0.91987,2.4764,0.11674,0.63983,6.4076,0.31441,5.1771,0.19999
-0.74598,2.8346,2.2846,2.2483,-1.4543,0.071137,1.9062,0.23384
-0.70745,-6.3045,2.0777,-0.28904,-7.2701,0.05886,-4.8596,0.17757
-0.71262,2.4338,3.3768,0.33794,4.5189,0.0078797,-2.09,0.079489
-0.35035,-0.27906,4.0479,1.0928,4.9559,0.074192,-2.0394,0.036946
-0.67106,3.8508,3.0179,-1.1341,3.044,-0.10693,-0.72846,-0.045656
-0.70364,2.2525,1.7265,-0.18857,-1.6814,0.021087,-0.59051,-0.12663
-0.70451,-1.5319,-1.0583,0.37017,-5.4206,0.019649,-3.087,-0.1617
4.3705,2.3987,-0.66457,-0.50308,5.1485,-0.23335,-1.0355,-0.16669
4.3453,-0.079475,-3.0992,-1.2432,3.6046,-0.10083,1.2229,-0.12704
-0.7647,0.053782,-0.80819,-1.091,-6.9691,0.065804,-0.31202,-0.013993
-0.74153,-0.36286,-0.10601,-0.068517,2.8226,0.01105,3.6926,-0.018349
-0.72867,-0.71603,0.69377,0.07533,-2.4163,0.040782,0.87917,0.094919
-0.51186,-5.5381,0.62465,1.3576,-0.70876,0.045409,1.9391,0.31029
-0.75579,1.6382,0.90942,-1.0459,7.7908,0.46155,0.12751,0.20549
-0.72775,5.1548,0.044425,0.82681,3.6395,0.0072829,5.8677,0.19563
-0.70748,-3.3096,1.6724,-0.41984,-5.7005,0.044742,2.8129,-0.011072
-0.83181,0.75366,3.6449,0.22926,0.45343,0.012795,1.4552,-0.015404
-0.74587,-0.44886,5.1564,1.0818,3.4711,-0.045726,-1.9176,-0.11526
-0.70254,1.9741,3.8001,-1.1314,1.5989,-0.23541,-5.8882,-0.11935
-0.69096,1.6356,2.4183,-1.2024,2.9485,0.004979,-0.59352,-0.15544
4.3918,-1.5812,0.66418,-0.32369,-8.4455,-0.011687,-1.6493,-0.1591
4.3749,1.2674,-0.81273,0.16199,2.5215,-0.4206,-0.57424,-0.0093442
-0.75924,-1.2574,-2.022,-0.33722,4.9491,-0.37258,1.047,0.08202
-0.75778,-0.37169,-2.0717,0.056761,-5.9235,-0.029271,-2.1997,0.1187
-0.87661,-1.3957,-2.8803,-0.32295,2.8717,-0.038044,0.70679,0.17915
-0.75683,0.21946,-0.032722,1.8761,-2.8219,0.070129,2.6439,0.30817
-0.73483,-4.3535,2.061,0.66338,-6.7085,0.069571,3.404,0.24842
-0.72353,1.3377,3.0906,-0.37538,7.1021,0.35474,3.2829,0.065543
-0.67058,6.1,1.7304,0.65511,4.8556,0.057057,3.7714,-0.026454
-0.68805,-1.4769,0.28636,-1.2272,-1.9375,0.080397,3.195,-0.10611
-0.8492,-0.69765,0.90668,0.63506,-5.5195,0.022127,-1.2787,-0.16732
-0.71415,-0.96904,-1.2654,-0.2045,0.085519,-0.09688,-3.5088,-0.16825
-0.95254,0.70066,-0.68649,0.47398,1.0723,-0.36672,-3.1429,-0.15956
-0.78705,0.59024,-0.019507,-0.7628,6.2957,0.042085,-2.3889,-0.092044
4.3918,-1.2888,0.11648,-1.3676,-9.2877,-0.0043456,-2.8443,-0.081482
4.3745,-1.9419,-0.37523,1.0066,1.4005,-0.11706,-1.7938,0.15068
-0.75894,2.1357,-0.36532,0.59593,4.7359,-0.53958,0.15723,0.047533
-0.51286,-0.55466,-2.2091,1.191,-4.8384,-0.033077,4.6608,0.18611
-0.79268,1.0767,0.040095,-1.3993,3.3647,-0.017277,-0.1013,0.263
-0.74865,2.505,0.77757,0.058283,-1.1421,0.041129,4.8086,0.30267
-0.73874,-2.2255,2.5907,1.2936,-9.3777,0.030527,2.5502,-0.005012
-0.9441,-2.0945,0.94786,0.31166,6.6729,0.34097,-6.2335,-0.070943
-0.78273,5.6435,3.2933,-0.058838,4.6764,0.035886,2.7769,-0.13089
-0.71612,-1.5984,3.223,-0.22085,2.11,0.0099975,0.37152,-0.20697
-0.72159,1.4614,0.39225,0.11211,-6.0005,0.026721,-0.61839,-0.15238
-0.58205,-0.050306,3.5387,-0.4744,-5.1335,-0.099851,-0.88288,-0.15705
-0.6435,1.6141,-3.2129,-0.21256,0.44613,-0.24999,-3.1067,-0.095938
-0.70756,0.51583,-2.4783,0.97699,7.7505,-0.032005,-4.191,0.13199
4.3855,0.80983,0.59659,-1.8835,-9.652,0.047803,-3.5242,0.070581
4.3579,-1.1294,0.076532,-1.2419,-2.6486,-0.069958,-1.8902,0.24297
-0.84022,-0.89542,-0.74506,1.1873,2.3272,-0.36294,-2.8181,0.21262
-0.75234,0.74278,-1.1018,1.4222,-3.0372,0.0113,-0.55955,0.074865
-0.74401,-1.0355,-0.66632,-0.58788,4.5281,0.085294,4.3938,0.045124
-0.51542,2.9204,0.67819,0.51803,1.0515,0.00046748,4.6209,-0.031857
-0.70219,-0.94817,2.3284,0.0056606,-10.798,0.025329,4.9695,-0.10197
-0.77014,-7.4699,1.2436,0.3476,4.1739,0.053816,2.1962,-0.19945
-0.72674,4.3046,5.3034,1.2605,4.9108,0.057147,0.34466,-0.20142
-0.90748,-1.5702,2.0451,0.16551,3.9176,0.021453,1.9285,-0.18509
-0.92311,0.078506,1.6871,-0.063154,-3.6606,-0.044725,-0.50858,-0.07822
-0.73363,-0.67485,4.4336,-1.6491,-6.8353,0.039203,-2.2916,-0.053736
-0.70154,-0.22367,1.1246,-0.95032,0.43232,-0.10721,-1.0582,0.08606
4.0748,3.2681,-1.1736,0.42595,7.1309,-0.31454,-3.6523,0.034488
4.3842,0.040745,-2.9731,-0.43823,-10.018,0.042425,-0.1048,0.2685
-0.77901,-0.74934,-2.2384,0.2065,-5.8867,-0.068347,-2.6526,0.23769
-0.75346,-2.2942,-1.9584,0.93696,-0.16881,-0.2624,-0.23434,0.12889
-0.74691,-0.9814,-0.69414,1.1829,-3.0098,0.058456,-0.31219,0.0082035
-0.87977,-3.1647,-0.33419,1.4192,4.3449,0.041443,1.1358,-0.10424
-0.78865,1.9679,2.8392,1.2237,2.4402,0.07552,1.7288,-0.20125
-0.72306,1.2445,1.0063,0.75311,-7.4667,0.10066,1.7787,-0.15632
-0.71373,-7.4137,-0.74602,1.1115,0.18633,0.10116,3.8312,-0.13539
-0.64615,2.4057,-1.4172,1.2784,5.1173,0.063121,-0.0771,-0.10932
-0.62361,-2.832,-0.3167,0.42978,4.4913,-0.035445,0.5631,-0.050938
-0.71202,0.6412,-0.043141,0.71895,0.77776,-0.014575,-1.0701,0.066663
-0.70562,-0.25029,-0.12826,0.28811,-8.2252,-0.02605,-1.9817,0.10105
-0.84182,0.080022,-1.8739,0.18141,-2.7514,-0.10566,-4.0446,0.15163
4.4011,3.0921,-1.7812,0.35412,5.3961,-0.60106,-2.6007,0.070849
4.3679,2.6829,-1.0718,-1.852,-7.7349,-0.032005,-1.3144,0.18548
-0.73971,0.084896,1.2332,-1.1942,-7.7159,0.0029639,-2.031,0.057269
-0.64621,1.1476,-0.8153,-0.82956,-0.73903,-0.22218,0.5199,-0.027719
-0.63455,0.62074,0.49012,-0.55924,-4.1657,0.074628,1.507,-0.1396
-0.7981,-3.5436,0.95792,2.0156,4.7357,0.02144,0.95859,-0.26438
-0.72513,2.0404,1.6137,1.2566,4.4022,0.025111,0.77021,-0.1958
-0.99086,2.7905,3.443,1.6068,-6.2371,0.029333,2.4656,-0.097447
-0.93903,-6.6725,0.58032,-0.35688,-6.0082,0.042521,1.3868,-0.10915
-0.71502,1.9272,1.4102,1.5053,5.0698,0.054933,-1.9686,0.020908
-0.69919,-1.3174,0.55792,0.069755,4.8959,-0.092888,-1.7303,0.095625
-0.70258,2.7516,-2.9218,0.62271,2.4299,-0.057656,-0.55794,-0.023704
-0.41844,1.3054,-0.4005,-0.12831,-8.0843,0.021241,-0.089186,0.087788
-0.64468,0.26472,-1.5024,0.12843,-4.3826,0.018456,-2.8394,0.23822
4.3786,2.7649,-1.7587,0.20003,5.0089,-0.49186,-3.233,0.08864
4.3405,1.7818,-4.016,-2.5202,-4.1065,-0.013542,-0.9435,0.012901
-0.95438,-0.67097,0.30713,-0.41417,-6.1074,-0.018509,-1.1642,-0.08944
-0.76525,-1.539,-3.4857,-1.8299,1.1759,-0.044667,-1.513,-0.12663
-0.73325,-0.49738,0.30134,0.53132,-5.4106,0.044928,3.2249,-0.17202
-0.72822,-6.4853,-0.93915,1.5918,4.5594,0.03113,0.82553,-0.13359
-0.61714,1.7032,-0.30324,-0.41785,5.7639,0.18436,0.29697,-0.11638
-0.63136,3.5586,0.44079,1.0957,-1.6017,0.08831,1.9952,0.011513
-0.73126,-5.7851,-1.3149,-0.18872,-7.2229,0.023917,-2.3378,0.14087
-0.71423,0.49852,2.9677,-0.1071,3.6812,0.032414,-3.9967,0.27203
-0.919,-0.17509,-0.803,-0.42539,4.303,-0.088293,-1.407,0.17879
-0.7482,3.9921,-0.4932,-0.064657,1.4016,-0.24982,-2.4425,0.075717
-0.709,2.3308,-1.2253,-0.62479,-4.0914,-0.016032,0.14714,0.13116
4.4513,-0.67422,-2.0335,1.025,-5.8935,0.046949,-4.1031,0.030059
4.3604,1.2169,-2.752,1.6578,4.7861,-0.40508,-2.0649,-0.05028
-0.57175,1.0395,-5.3707,-1.6724,1.6921,-0.11167,-2.2092,-0.16579
-0.76523,-1.2258,-2.3007,0.16591,-6.3857,-0.016006,-1.5013,-0.1762
-0.73747,-1.5396,-2.2408,0.025963,2.5823,0.00067925,1.183,-0.17898
-0.7364,-1.2329,-1.4568,0.0060974,-5.242,0.063789,0.34927,-0.062011
-0.82624,-6.9046,-0.35676,0.63749,0.41791,0.10517,0.061907,0.035997
-0.71358,1.935,-0.50435,-1.4529,6.8453,0.29543,3.5744,-0.053469
-0.713,4.81,0.058204,0.43347,1.1413,0.021517,4.0402,-0.014601
-0.70029,-2.385,-0.91867,-0.25617,-5.8633,0.05965,0.17117,0.10777
-0.39409,1.1235,1.079,-0.094845,-0.48961,0.065291,-0.69036,0.19388
-0.69806,-0.77364,0.70044,0.37636,2.2952,-0.019818,-2.5163,0.15335
-0.70449,2.0644,-0.24012,-1.4199,3.4751,-0.16996,-6.6526,0.084503
-0.69863,2.8663,-0.41428,-1.2841,2.3891,0.047764,0.14506,-0.0054988
4.3787,-0.69149,-1.1466,-2.6362,-8.4297,0.042682,-0.076876,-0.083258
4.3502,2.1133,-0.94001,0.90019,3.0929,-0.24463,0.22382,-0.16902
-0.73956,-0.023366,-4.4529,-0.57156,5.0448,-0.28837,-0.89017,-0.20828
-0.74014,-3.5801,-0.60389,2.0364,-5.0867,0.070412,-2.5065,-0.11125
-0.38418,-0.79348,-3.2277,0.21551,3.479,0.008085,0.98112,-0.0074458
-0.62326,-2.3295,-1.8554,1.1179,-3.7454,0.030379,2.8125,0.12787
-0.77941,-6.9932,0.0013065,0.83925,-3.2067,0.049407,3.4424,0.2005
-0.72829,-0.6874,3.0928,-1.1775,7.5424,0.41971,-0.31458,0.19714
-1.017,3.8627,3.0379,2.2294,5.2851,0.066029,-0.072034,0.12344
-0.82394,-0.37729,-0.21536,-1.95,-3.2394,0.024308,5.152,0.19651
-0.70739,1.0315,-0.011933,1.3082,-3.5135,0.030367,-3.5273,0.12741
-0.699,1.0691,0.019172,1.1384,-0.29508,-0.07198,-0.82281,-0.0059612
-0.69861,1.1031,0.075491,-0.47718,1.9552,-0.27297,-3.7223,-0.054394
-0.49066,2.6869,0.941,-1.5888,6.3757,0.17427,1.0717,-0.16316
4.3703,-3.682,-1.8238,-2.1467,-7.6914,-0.02064,-2.9911,-0.17526
4.3494,0.80978,0.85991,-0.31139,-0.75151,-0.21338,-2.4271,-0.19263
-0.7491,0.45372,-3.4602,0.17041,5.1199,-0.30943,0.50261,-0.078707
-0.93618,0.51386,-0.41897,1.5435,-3.3914,0.0077192,-0.80766,-0.06722
-0.86289,-2.1049,-1.6875,-0.82099,3.7045,0.048393,-0.55587,0.088056
-0.72277,0.36524,1.1284,2.0787,-2.1465,0.055857,4.4588,0.23058
-0.72338,-4.9968,0.52856,0.24214,-5.7295,0.094567,3.3052,0.10098
-0.42746,-1.0267,4.3475,0.40941,6.8583,0.30944,-2.273,0.24759
-0.68163,2.7348,2.4724,0.97726,6.1636,0.17282,2.9191,0.18387
-0.71171,-0.66416,-0.55393,-0.91256,0.51439,0.05542,0.98937,0.055808
-0.70692,1.6753,2.0216,1.0504,-4.8646,-0.015172,-1.2683,-0.025772
-1.0494,1.9916,-0.117,-2.0065,-4.7026,-0.059234,-5.4019,-0.075129
-0.76035,1.2121,-0.60298,0.46179,2.4298,-0.23117,-1.0262,-0.17567
-0.69189,1.3623,-1.4125,-0.59053,7.3399,0.23872,3.0514,-0.17618
4.3849,-3.5801,-1.6385,-4.0807,-8.9395,0.052642,-3.1187,-0.09825
-0.41195,-1.2476,-4.6516,-1.0422,-1.9653,-0.13619,-2.607,-0.023509
-0.62413,0.68072,-1.3124,-1.1195,3.1054,-0.28734,-1.0789,-0.015064
-0.76856,-0.51875,-1.9625,1.3766,-2.9839,0.040384,0.84272,0.080292
-0.73312,-1.364,-1.6292,-1.6084,5.7508,0.20239,1.2081,0.32221
-0.98472,4.0945,0.26264,0.10866,-1.7588,0.097956,4.0191,0.18738
-0.88713,-1.3123,2.1552,1.2053,-8.4421,0.11094,-0.22183,0.12349
-0.69326,-2.3382,1.7288,0.63954,6.2434,0.25096,-4.1788,0.065543
-0.70392,4.3497,2.9176,-0.66684,6.4125,0.23357,0.062216,-0.0026269
-0.69712,-0.34906,1.2359,-0.45399,3.3631,0.0043693,1.2571,-0.073085
-0.59274,2.4282,1.9384,1.2133,-3.6434,-0.034996,-3.0589,-0.16209
-0.66903,-0.58413,2.7159,0.45819,-7.0085,0.024527,-2.6751,-0.19093
-0.68768,1.1233,-1.714,-0.18596,3.5568,-0.12535,-1.6417,-0.15389
4.3915,3.4797,-0.65484,-0.78782,8.6118,0.2638,-2.7054,-0.12047
4.3687,0.10616,2.3139,-1.8351,-8.1385,0.046025,-1.0859,-0.020588
-0.8185,-2.3604,0.28408,-0.56288,-1.1923,-0.0057767,-2.716,0.12459
-0.73859,-2.152,-2.2304,2.0628,1.5538,-0.11314,-0.73986,0.14729
-0.73898,-1.7461,-2.7703,1.3758,-3.1692,0.037881,0.47311,0.20242
-0.54979,-2.847,-1.2461,0.50015,6.4765,0.28348,4.299,0.3428
-0.70659,3.2453,0.2178,0.51259,2.357,0.045852,4.0339,0.28855
-0.7351,1.3259,0.25088,0.26059,-8.1628,0.11119,3.9195,0.056392
-0.72094,-4.4699,0.23736,0.7458,2.9916,0.036027,3.6909,-0.045656
-0.9201,2.8222,3.6409,-0.3342,6.3121,0.21027,1.1716,-0.14291
-0.82872,-0.49107,0.51624,0.016804,5.4947,0.11605,1.1341,-0.17187
-0.68609,1.861,0.81453,0.40543,1.9842,-0.027936,-0.88608,-0.17209
-0.70029,0.36514,2.2127,-3.7417,-7.6953,0.0824,-3.6327,-0.13622
-0.68945,-0.70507,1.0525,-0.22287,1.155,-0.063284,-2.0071,-0.0067887
4.3799,3.2087,-1.6159,0.53579,7.977,-0.15704,-4.0751,-0.038428
4.3617,0.62341,-2.4357,0.23234,-8.232,0.027684,0.71493,0.15496
-0.76321,-1.8973,-0.29397,-0.73291,-3.2463,0.010068,1.3945,0.18828
-0.75084,1.2298,-1.7949,0.43488,0.3692,-0.052605,3.8413,0.0018999
-0.9128,-2.0853,-2.867,1.3358,-3.2425,0.069603,0.9611,0.33095
-0.80119,-3.2814,-0.29853,-0.84134,6.6531,0.32924,0.35684,0.11013
-0.73481,3.2099,3.1308,1.8669,4.9751,0.078363,1.7763,-0.0057665
-0.72945,4.0441,1.7618,0.68558,-5.3184,0.023789,3.2536,-0.075592
-0.45907,-4.4571,-1.3219,0.909,-4.0419,0.03853,1.234,-0.19404
-0.67553,1.6835,1.1932,-0.19536,4.6284,0.018905,0.17333,-0.19083
-0.71538,-0.50474,-1.0207,-0.89424,3.8422,-0.039635,-0.20798,-0.1453
-0.71494,1.4017,-0.27655,0.54914,5.3212,-0.067693,0.076909,-0.10959
-1.029,0.22822,-2.8222,-1.121,-8.5193,-0.013888,-0.79834,-0.031394
4.3708,-1.1906,-1.1187,-0.89464,-2.7205,-0.0017145,-3.4913,0.07871
4.3833,0.66693,-1.9605,0.78981,6.1574,-0.3732,-3.0271,0.25523
-0.90367,1.026,-6.2531,-0.62045,-4.8525,0.012179,-0.78076,0.13948
-0.62445,-2.4699,-0.87212,-1.3091,-4.6315,-0.030433,-2.0648,0.24844
-0.72562,0.47772,-0.52885,-0.57929,1.6712,0.0015135,0.35654,0.11595
-0.80636,-0.43638,-0.14645,-0.38042,-4.2436,0.035501,1.8344,0.01239
-0.74508,-4.0007,-0.13793,0.92439,5.7917,0.17371,1.1798,-0.10575
-0.87148,2.9692,0.99572,1.185,5.5765,0.2076,4.6848,-0.12938
-0.83051,4.5551,3.412,1.773,-1.6598,0.065528,0.21438,-0.13933
-0.69723,-3.4764,-0.31105,1.5826,-4.8095,0.096897,0.16326,-0.19285
-0.71819,-0.20344,2.4385,0.89055,1.8432,0.050768,-0.14328,-0.057752
-0.71371,-1.3164,0.23246,0.089409,3.657,-0.076677,-1.8348,-0.087615
-0.49968,0.78628,-0.66789,0.39037,4.7954,-0.36502,-3.6899,0.067612
-0.71857,2.0396,-2.3636,0.082896,-7.2392,0.062396,1.924,0.10862
4.3945,-0.83742,-2.4023,-1.4283,-4.3213,0.058296,-0.18914,0.057707
4.3559,0.24507,-3.6076,-0.24284,5.3002,-0.24964,-1.8023,0.057098
-0.91549,1.6988,-4.9961,-0.98468,-0.34149,-0.10022,-1.498,0.17655
-0.77035,0.47297,0.75057,0.076133,-2.2928,0.03269,-2.2324,0.072188
-0.74479,-0.052059,-1.0823,-0.35595,1.7924,-0.008748,-1.6288,-0.044318
-0.74238,1.1556,2.2302,0.74011,-6.9118,0.065239,2.9311,-0.10399
-0.64857,-7.1551,1.0234,1.2488,3.0977,0.026279,-0.33833,-0.24306
-0.72761,0.80934,0.4048,-0.55135,6.2054,0.21386,2.8584,-0.22138
-0.72732,2.1297,1.273,2.4079,1.3438,0.056043,2.4196,-0.15552
-0.72786,-2.7669,-1.854,0.88271,-3.9106,0.044832,-0.34263,-0.087201
-0.84438,0.80692,0.2587,0.31441,-3.7248,-0.0047499,-3.1112,0.040427
-0.76593,0.12853,0.83173,0.021878,0.4295,-0.13523,-5.4047,-0.029131
-0.69881,2.1411,1.3965,0.67931,4.5026,-0.65716,-4.9245,0.02395
-0.70206,3.2885,-1.1351,-1.1597,-4.0951,-0.010141,-0.79611,0.21941
4.3836,-2.2954,-1.7794,-1.2994,-6.823,0.01981,-7.1737,0.064546
4.3431,1.9673,-1.4761,0.27438,2.647,-0.41538,-0.29869,0.12614
-0.82281,-0.54165,-1.2617,-0.5377,3.0835,-0.26695,-1.3678,0.0064998
-0.75264,-0.41998,-2.8915,-0.29698,-1.1405,0.050607,-1.9691,-0.07457
-0.99971,0.025576,-0.68118,0.17731,3.6246,-0.021897,3.383,-0.18818
-0.94665,-0.20604,-0.53338,2.4621,-4.27,0.0063459,1.0403,-0.20285
-0.79837,-8.8465,2.7734,-0.60786,-1.9951,0.076771,4.5673,-0.20324
-0.72984,0.095794,1.2451,0.14432,5.7701,0.17728,-0.077389,-0.056365
-0.72537,4.8129,0.67016,0.6608,3.5638,0.061928,1.5727,-0.026624
-0.54015,-0.44537,-2.959,-2.0263,-2.8154,0.034069,4.4141,0.092875
-0.74515,-0.19513,-1.0312,0.36302,-6.1696,-0.020492,-2.5705,0.16691
-0.71743,1.2543,-4.3462,0.20895,-1.2852,-0.066615,-2.2476,0.071604
-0.70786,1.3337,-1.1148,1.1099,4.34,-0.69987,-5.6937,0.065665
-0.92463,3.5596,-1.5823,-2.8451,-1.288,-0.13558,-1.8057,0.16421
4.3641,-2.955,-0.040899,-2.3886,-9.3826,-0.012489,-2.9606,0.069778
2.8597,1.1989,-1.0119,-0.58983,0.69755,-0.28801,-0.4261,-0.05471
-0.73853,-0.42665,-1.1355,0.3764,3.4174,-0.31236,-0.41307,-0.12656
-0.50494,1.0618,-0.48131,1.213,-0.98041,-0.010218,0.65163,-0.15148
-0.72425,-0.87074,-1.1381,-0.57315,3.8081,0.072902,3.5479,-0.17404
-0.77676,1.0465,-1.9463,2.5514,-3.2728,0.051718,4.9619,-0.10799
-0.72982,-6.1005,1.9852,-0.79903,-4.0637,0.12185,6.2772,-0.095549
-0.89227,-1.594,3.9266,-0.39807,5.585,0.10344,0.14207,0.037701
-0.78149,2.5236,0.9924,0.86326,5.1127,0.068949,2.7454,0.29921
-0.71464,-1.4788,1.876,-0.53602,1.8658,0.013553,-0.059042,0.23167
-0.70297,1.4553,-2.854,-0.10115,-5.2325,-0.028437,0.30551,0.17042
-0.64387,1.6582,-1.565,-0.33735,-2.7994,-0.0037231,-2.3004,0.11205
-0.63566,1.9808,-1.6633,1.161,4.7453,-0.32635,-0.89875,0.052669
4.3744,2.0252,-2.171,-1.0731,4.6652,-0.060961,-1.8511,-0.021537
4.3416,-2.4552,-0.70687,-1.7039,-8.152,0.086301,-3.1063,-0.16318
-0.77287,-0.74648,-0.11375,0.058046,-1.1751,-0.056796,-1.0299,-0.14753
-0.88911,0.73527,-1.3562,-0.46364,2.1372,-0.16954,1.2461,-0.18056
-0.68328,-0.44916,-0.26386,1.3442,-2.5527,0.045602,2.3181,-0.12697
-0.73641,-2.6549,-0.36287,-1.4297,6.0762,0.20651,3.3149,0.012925
-0.73614,2.4899,-0.066216,1.3777,-0.26494,0.10194,3.7484,0.0094934
-0.58141,-2.3479,-0.84415,2.114,-5.9451,0.10986,0.70517,0.19529
-0.7034,-1.7405,0.01136,-0.42873,5.5413,0.095401,-3.3951,0.040597
-0.72832,4.0811,2.4369,-0.29221,5.8065,0.16336,1.703,0.22673
-0.72182,-0.87248,1.2542,-1.8807,4.1989,0.076258,-0.96882,0.1196
-0.93461,3.1213,3.9299,0.75776,-2.1079,0.051936,-1.8841,0.048969
-0.72826,0.50969,3.8125,-2.9765,-5.3918,0.029699,-2.4076,-0.0013613
-0.69699,1.9773,-2.221,0.64643,5.15,-0.084789,-0.26256,-0.082577
4.3639,2.5344,-1.739,-0.9876,7.4412,0.19493,2.6934,-0.08725
4.3407,1.5191,2.0093,-2.2341,-8.302,0.057673,-0.6734,-0.19256
-0.71178,-2.7275,-0.20874,-1.0613,-2.0081,-0.054845,0.1793,-0.1946
-0.74923,-0.97672,-0.44811,0.95408,3.1294,-0.024824,-0.21256,-0.08596
-0.74883,-3.3113,-1.8398,-0.58732,-2.1115,0.040468,0.85496,0.14907
-1.019,-2.9878,-0.36095,-1.6687,6.6897,0.27523,3.5031,0.12498
-0.8411,3.1278,1.5187,0.46547,1.6529,0.11331,4.6748,0.17874
-0.76644,0.99031,1.6603,1.0168,-6.7738,0.093682,0.44284,0.24934
-0.72303,-4.1276,0.90388,1.6635,5.2232,0.14316,-1.6584,0.22437
-0.70487,4.8317,1.8429,0.056209,6.0376,0.16259,0.4122,0.10132
-0.62592,-0.73106,0.18594,-1.5444,4.1662,0.039512,-0.57127,0.06014
-0.75295,2.5106,1.4672,0.02746,-0.83528,0.016986,-0.74006,-0.044001
-0.70436,0.27289,3.361,-2.7658,-8.1413,0.049728,-3.4552,-0.094527
-0.71115,1.8185,-1.2172,0.63187,4.6153,-0.13112,-1.5313,-0.10884
4.36,1.7515,-1.9601,-0.30976,7.9803,0.082239,-0.278,-0.18183
4.3527,0.76573,0.57598,-0.51536,-7.9461,0.058989,-0.27259,-0.14459
-0.75528,-3.6107,-0.49832,-0.48038,-1.1995,0.015388,-0.99998,0.037604
-0.74269,1.5901,-0.74998,0.85556,0.76183,-0.013696,2.7744,-0.024677
-0.61287,-3.8221,-1.5231,0.97555,-3.2995,0.10586,-0.71621,0.19663
-0.69747,-3.4441,0.13998,1.3308,7.0162,0.3792,3.5153,0.35731
-0.74057,3.746,1.5737,0.16329,3.9694,0.095504,2.7445,0.22588
-0.73518,1.7211,0.62336,-0.63953,-6.0219,0.12042,5.1471,0.091488
-1.0609,-5.7381,1.1358,2.3639,0.83644,0.038433,1.9695,0.10633
-0.74336,2.8206,1.0198,0.036189,6.4705,0.23608,-0.10081,-0.0015317
-0.7134,-1.7055,-0.50444,0.55967,5.389,0.13474,0.82925,-0.094673
-0.70588,2.3224,0.097802,0.20648,3.6071,-0.061461,-0.59234,-0.11534
-0.58085,0.076105,2.4983,-2.4549,-7.8565,-0.009916,-3.4463,-0.1569
4.389,-1.0536,2.2423,-0.74007,1.0259,-0.04674,-2.6586,-0.12753
4.3694,0.66545,-1.2319,-0.42273,7.4712,-0.16782,-4.143,-0.016305
-0.76292,0.77211,-0.54269,1.1361,-7.0542,0.019373,2.8959,0.021054
-1.0092,-3.4142,0.32205,0.14619,-1.1409,0.046449,0.63162,0.037263
-0.88634,1.4147,-0.78227,-0.042466,0.23932,-0.0026258,3.3623,0.15961
-0.68856,-2.1677,0.22718,1.3207,-5.3035,0.070149,7.8269,0.30868
-0.73242,-3.9513,-0.25189,0.11433,6.9152,0.34923,2.7229,0.26387
-0.73281,3.2007,2.9217,1.9285,4.6614,0.080096,3.4601,0.072748
-0.51064,4.3969,2.0761,0.25821,-2.4319,0.013232,0.68082,0.0087876
-0.75006,-4.5041,-1.517,0.098484,-3.7454,0.074326,-0.49218,-0.0845
-0.72106,3.0715,5.0285,0.67996,4.8909,0.078215,-0.28042,-0.15617
-0.71546,1.1046,-3.2272,-0.48869,5.1114,0.026786,0.77819,-0.10258
-0.85214,1.2463,-0.88635,1.576,6.8052,0.10584,0.7152,-0.16416
-0.71375,0.51267,-1.6123,-2.1017,-7.5574,0.063449,-2.1083,-0.12531
4.3893,-0.62689,1.5578,0.085189,-3.0981,-0.008132,-1.8612,-0.095865
4.3699,1.1897,-1.1555,0.66433,6.0303,-0.3181,-0.26439,0.0043337
-0.611,1.2404,-2.7395,-1.6343,-5.0339,-0.037447,-2.6059,0.15102
-0.7674,-3.4354,-1.3531,0.38108,-0.091957,0.039935,-1.5784,0.088105
-0.75797,1.0167,0.40667,-0.8833,2.4835,-0.022924,2.3732,0.35207
-0.74285,0.031555,-0.036981,0.83969,-6.3945,0.085461,2.4897,0.34689
-0.95978,-6.2686,-0.17443,0.56335,7.6665,0.47435,-0.0058305,0.083286
-0.79319,5.0561,2.0527,0.16847,5.6833,0.21158,4.9398,-0.024409
-0.72441,2.3869,5.4427,-0.0019441,2.5547,0.094022,1.0432,-0.13276
-0.71941,-2.821,2.1691,-0.14943,-5.7395,0.10134,0.62209,-0.14483
-0.42035,0.24685,2.3741,1.7089,1.2513,0.0033168,1.3644,-0.17555
-0.57615,1.0498,-3.7873,0.2802,3.4091,-0.097566,-1.8718,-0.15479
-0.70247,2.3531,-1.1856,-0.16037,7.0359,-0.1437,-1.9979,-0.097009
-0.7019,0.46355,-2.8717,-0.98065,-6.6116,0.08238,1.1477,0.028915
4.3905,-2.6808,-1.3532,-1.0436,-5.1287,-0.066769,-3.7684,0.083091
4.3481,0.87823,-0.85583,0.23975,5.4736,-0.18293,-2.9291,0.21953
-0.79242,0.48486,-2.3654,-0.89973,-0.20319,-0.026999,1.3447,0.19884
-0.74177,-0.1739,-1.2072,-0.58282,-0.38331,0.068076,2.677,0.090612
-0.72844,0.99701,0.46095,0.027646,4.5894,0.043253,1.6028,0.0065728
-0.57366,0.94964,2.1371,0.39678,-6.5562,0.081514,4.4717,-0.0059612
-0.76275,-9.1596,1.7012,-1.0259,6.1466,0.29248,1.8042,-0.088515
-0.72135,4.0988,0.30848,1.273,6.6955,0.38615,3.3743,-0.18825
-0.71944,2.9755,1.9836,2.5371,5.1316,0.16623,2.3502,-0.15712
-0.91115,-2.3292,-0.11812,-0.83598,-3.6675,0.066272,0.65086,-0.1874
-0.7109,-0.052078,5.229,0.12018,-4.0845,-0.033494,-3.6447,-0.078488
-0.6979,-0.78604,3.0515,-0.13537,1.8901,-0.13036,-3.2205,-0.095403
-0.68381,0.65222,1.7586,0.059228,6.3334,-0.29041,-2.7891,0.0059157
4.4139,2.1059,-2.3578,-1.7172,-7.0344,-0.0029274,1.6269,0.19444
4.3824,-5.1972,-3.5209,0.23518,-6.1194,0.018475,-0.066999,0.47773
-0.76442,1.3855,-2.3404,-0.75284,2.4216,-0.18699,3.2163,0.19991
-0.75429,0.99269,0.84851,0.1184,3.9213,-0.12007,0.54669,0.11196
-1.0267,-1.3657,-1.5688,1.1438,1.9558,-0.010102,-1.0559,0.043201
-0.81767,1.1921,-0.90002,1.293,4.7907,0.096884,3.8717,-0.076809
-0.71181,1.8269,1.8418,1.5565,-5.4959,0.035744,2.9194,-0.18832
-0.72491,-10.648,2.1521,-0.04395,1.544,0.09981,6.2937,-0.14622
-0.69585,1.7036,2.4534,1.2664,6.1168,0.27058,1.0518,-0.13685
-0.63253,3.7137,0.37197,0.99039,6.175,0.31528,0.76537,-0.14099
-0.73567,-2.0937,-0.15728,-0.39521,1.7,0.015497,-1.1898,-0.033536
-0.7138,0.31968,-0.59763,-1.2914,-4.2901,0.023789,-2.3302,0.030546
-0.83924,0.74322,-1.1843,1.4831,-1.5245,-0.038949,-0.71623,0.023926
-0.89134,0.11977,0.38527,1.5133,5.6521,-0.538,-5.8487,0.17012
4.392,3.1928,-2.3137,-3.1023,-5.3726,-0.040406,-0.74424,0.071287
4.3562,-3.1552,-0.079707,-0.86021,-6.7379,0.0049597,-0.64792,0.17794
-0.75949,-0.40697,-2.7235,-0.50211,0.92945,-0.18678,0.2574,1.5858e-06
-0.65049,1.3323,-1.5448,-0.52178,0.56117,-0.063149,4.1022,-0.015599
-0.75071,-0.11652,1.3807,1.2931,0.89263,0.017698,2.0294,-0.14169
-0.73793,-0.34825,-0.46994,0.47728,5.3699,0.15372,4.8626,-0.28492
-0.73505,2.4026,0.69156,1.7587,-3.3006,0.033177,4.5726,-0.16761
-0.96417,-4.8559,1.7826,-0.19874,-4.5854,0.080628,2.4389,-0.18859
-0.80675,-0.90502,1.8901,0.18476,5.1679,0.15566,-3.0662,-0.11857
-0.71411,2.6517,-0.046347,0.65115,5.6169,0.20431,2.3101,0.067977
-0.71259,-2.6312,0.56065,-1.6949,3.7573,-0.058676,1.2204,0.06513
-0.32672,2.1932,-0.34164,0.64399,-3.4882,-0.04339,0.069916,0.026335
-0.65905,1.8624,-0.98671,0.54517,-5.1753,0.006301,-1.4568,0.078175
-0.71658,1.2622,-2.1726,0.010131,5.0443,-0.3615,-2.0427,0.18682
4.3679,3.2476,0.05187,-3.3244,0.54251,-0.075753,1.3258,0.10896
4.3236,0.13693,0.70495,-2.4088,-8.4544,-0.0069126,-0.94168,0.018231
-0.80079,-1.2619,0.56946,-0.50754,-0.85204,-0.053176,0.15433,-0.082382
-0.78539,1.7209,0.9504,-1.1429,-1.4644,0.012738,1.5738,-0.1166
-0.74242,-3.5362,0.68308,1.0432,-0.54813,0.060272,1.0064,-0.15951
-0.7284,-0.98286,-0.022751,-1.8512,6.1283,0.26713,1.717,-0.11886
-0.60613,2.8404,0.57948,-0.040449,0.97971,0.033794,4.2662,-0.14899
-0.71675,-6.1183,1.806,1.5177,-7.6293,0.06334,-0.35461,-0.01594
-0.7262,-2.6815,2.6794,1.7004,4.1835,0.075591,-1.8893,0.098886
-0.71773,2.1767,6.0622,1.6643,4.6511,0.080044,-0.30953,0.054543
-0.73293,-2.2142,2.2437,-1.1637,4.139,-0.015936,-2.6045,0.22355
-0.72594,2.9901,3.3872,-1.1715,-0.87475,-0.0089213,-2.5361,0.078856
-0.69962,0.056768,1.4602,-1.4538,-6.8983,0.035032,-2.038,0.15593
4.3819,1.2941,-0.96663,1.2534,4.3324,-0.31179,-2.2409,0.022173
4.3536,2.1774,-1.4146,0.82428,5.3723,-0.23682,1.4559,-0.048114
-0.76991,2.5105,2.1999,1.1169,-8.0832,0.042765,-3.1037,-0.18538
-0.74489,-2.2317,0.76527,-0.27416,-2.4805,-0.069682,-1.2508,-0.17603
-0.7414,-0.64568,0.23091,0.90717,-1.3223,-0.0021637,1.8053,-0.16382
-0.98623,-3.5371,-0.53017,1.3897,-3.2214,0.047444,1.9087,-0.08888
-0.75923,-3.0784,-0.55176,-1.0538,6.7038,0.29844,2.1493,0.021589
-0.71355,1.7734,-0.32376,0.3003,2.6238,0.07011,6.7552,0.1728
-0.71477,-2.1281,-1.0339,-0.68296,-7.2809,0.035603,4.608,0.016819
-0.60539,-3.8569,0.47507,0.49149,0.55471,0.061639,1.2518,0.18514
-0.62053,2.1216,1.9299,0.72322,3.2037,-0.014498,0.6727,0.19529
-0.75759,-1.4847,1.0594,0.37464,2.7546,-0.1622,-2.5637,0.159
-0.70586,2.9537,1.7576,-0.50518,2.5858,-0.10209,-2.6492,0.081631
-1.0561,1.3679,2.5825,-2.7189,-10.403,-0.037774,-3.0826,-0.022827
4.3741,1.7691,0.57258,-0.5279,3.0124,-0.34275,-1.5647,-0.081117
4.3456,2.4255,-1.6469,-1.0318,6.2123,-0.5911,-3.588,-0.1857
-0.74734,0.92716,-0.77447,1.782,-8.9742,-0.014299,0.42496,-0.169
-0.74941,-2.4519,-0.036608,-0.35432,-2.5124,-0.072159,0.9667,-0.098153
-0.47189,0.48912,1.0477,-0.39675,-4.1543,-0.065203,4.9121,-0.049088
-0.7665,-5.9977,0.2397,1.389,-7.3833,0.025284,0.21789,0.2664
-0.73268,-3.5881,1.7902,0.27275,6.5141,0.29249,-0.016003,0.12434
-0.72533,3.9991,1.1733,0.20342,3.5044,0.015362,3.0286,0.042252
-0.82145,1.3537,-0.81169,-1.0301,-4.3125,0.030277,0.90439,0.14299
-0.7991,-2.8719,0.32202,0.016772,-4.4433,0.047129,0.4358,0.20033
-0.70767,2.5373,0.37309,0.52894,2.4727,-0.061866,-2.0955,0.088348
-0.71179,1.2288,-0.42286,1.137,1.0729,-0.25291,-1.8911,-0.021537
-0.40659,2.3615,1.1048,0.39777,4.5798,-0.39978,-2.5831,-0.063666
-0.64041,-0.14813,1.2491,-0.2421,-9.5251,0.01988,-4.7077,-0.15615
4.3732,-0.87652,0.804,-0.62028,0.33252,-0.11222,-3.3594,-0.19263
4.3552,0.57475,-1.7363,0.30722,5.3193,-0.55878,-3.4147,-0.14822
-1.0154,1.0498,-1.7728,0.47661,-7.7954,-0.01806,1.7575,-0.12931
-0.85953,-1.938,1.6368,-1.2733,-0.84867,-0.015493,-0.89498,-0.050524
-0.73497,1.2386,0.38334,-0.8614,-2.0842,-0.013773,3.552,0.10388
-0.72597,-1.5257,1.4194,1.2943,-8.4408,0.094407,7.0703,0.28013
-0.40537,-4.7668,2.1045,1.3936,6.5441,0.29054,1.2371,0.15109
-0.68212,4.6998,4.1713,1.4704,2.7856,0.019515,1.6422,0.23233
-0.7232,2.0338,2.9176,0.3379,-0.50233,0.068904,0.36569,0.16277
-0.70915,-0.22558,-0.378,0.58176,-7.0001,0.054631,-1.2467,0.056952
-0.91507,2.8263,3.7495,0.87417,-1.3786,-0.037717,-1.3997,-0.029472
-0.78212,1.7328,-2.805,-0.25989,1.4388,-0.20073,-1.8289,-0.089002
-0.6902,2.0056,-0.6487,1.1963,6.7692,-0.176,0.79341,-0.19482
4.4609,-0.50201,-0.84756,-1.0489,-9.2861,0.068397,-3.6832,-0.15617
4.3762,-1.4148,1.4941,-1.7293,-2.9314,-0.083563,-4.5682,-0.07418
-0.56806,-0.56861,-2.1428,1.4796,4.2274,-0.57111,-2.5673,-0.049429
-0.73071,-0.62896,-2.5841,0.59206,-4.4369,-0.027089,-1.1233,0.044929
-0.73899,-2.9948,-1.4638,-0.10858,0.78747,0.080962,1.9134,0.12945
-0.73217,1.8541,-0.21889,0.45693,1.9538,0.086892,3.6707,0.17209
-0.88359,0.25846,1.8941,0.48422,-9.8292,0.11033,2.5227,0.29288
-0.78108,-7.5054,0.5713,0.72772,6.7595,0.39482,0.96089,0.10784
-0.70952,5.7745,4.5107,2.1804,4.6004,0.10348,3.4418,0.020445
-0.70482,2.726,2.4491,-0.00086501,3.3904,0.097789,1.9457,-0.038696
-0.58215,-0.56621,1.6885,-0.43469,-6.1241,0.079114,-2.7351,-0.11137
-0.66266,0.38848,4.1839,-0.18281,-2.8762,0.036996,-4.1346,-0.16854
-0.70882,0.60808,0.089862,-0.46809,1.8512,-0.064362,-2.4719,-0.19821
-0.69054,1.0744,-0.70813,0.27542,7.142,-0.061891,-5.7766,-0.13576
4.3935,1.91,-3.9549,0.77489,-8.1937,0.03002,-0.92482,-0.137
4.3756,-6.965,-3.0092,-0.002368,-6.4448,-0.011007,-3.0279,0.014994
-0.6694,-1.0247,-1.7988,0.0055836,3.0578,-0.24725,-0.81072,0.12245
-0.73804,0.25003,-0.55358,0.016862,-0.21686,-0.047612,0.030607,0.1546
-0.47202,-1.9411,-2.1107,-0.7633,1.6467,0.087181,0.1118,0.21712
-0.62863,-1.0984,1.455,1.2547,2.8496,0.015099,1.2705,0.3071
-0.74872,0.78185,2.2289,0.46371,-7.4999,0.076643,1.4767,0.25022
-0.72471,-8.2137,-3.6958,1.8758,5.3627,0.17396,2.1573,0.035924
-0.82563,3.8052,0.69336,2.2155,5.8633,0.24003,-1.8226,-0.050061
-0.82922,3.1158,-1.0045,1.4542,5.0016,0.093804,1.2868,-0.15652
-0.79229,-1.7853,1.9951,-0.37548,-3.9716,0.031143,-0.2367,-0.19358
-0.70186,1.2348,1.1992,1.0963,-5.4799,-0.040508,-3.7427,-0.15153
-0.69797,0.83795,-0.36075,0.54574,-1.9165,-0.033019,-4.1824,-0.078391
-0.49842,0.24382,-0.39962,0.10394,5.9287,-0.28245,-2.1666,0.034221
4.3902,2.8758,-2.0735,-3.7558,-7.9323,0.020965,2.9181,-0.031175
4.3704,-5.4277,-2.3589,-1.7693,-7.1158,-0.013901,0.10149,0.18414
-0.74534,2.8094,-0.78852,-1.0942,0.07435,-0.13787,1.0724,0.13805
-0.98332,1.3885,0.61379,-0.31186,2.5308,-0.0059308,1.4025,0.091634
-0.82571,-1.4644,-0.58092,1.4525,2.4559,0.047341,2.8162,0.15194
-0.73198,1.7252,-0.4578,0.36098,5.252,0.10965,2.4986,0.081753
-0.72209,2.5979,1.8885,2.0525,-4.9054,0.077965,0.9426,-0.045145
-0.6495,-8.6029,0.7069,0.49617,-0.77385,0.13162,1.9215,-0.13678
-0.66519,3.0124,3.6291,0.77372,6.0874,0.21906,-0.30412,-0.20273
-0.73378,2.5905,-0.11735,0.21163,6.039,0.17635,-0.51631,-0.20996
-0.70475,-1.0937,-0.10004,-1.4654,0.72299,0.0096766,-0.68763,-0.13077
-1.0383,1.3554,-0.42709,-0.28343,-4.941,-0.034123,-1.3693,-0.11731
-0.78605,0.48097,-1.1053,-0.3542,-3.9233,-0.011726,1.2715,-0.00031481
-0.87192,-0.15461,-1.0154,0.25689,5.3958,-0.36566,-5.6607,0.15888
4.3979,0.50385,-4.1826,-3.3469,-2.6597,0.019258,0.47283,0.2363
-0.76791,-1.6879,-0.59907,-0.79653,-6.791,0.043336,-0.69708,0.12476
-0.60623,-1.6556,-2.7435,-1.1109,-0.45451,-0.017399,-1.7321,0.16832
-0.75181,0.79771,-0.20282,0.81977,-2.0328,-0.014813,1.7886,0.093556
-0.73287,-3.0024,-0.35783,1.4312,2.422,0.066779,1.7464,-0.023046
-0.73004,2.8392,0.4112,-0.77538,6.1931,0.26505,3.408,-0.094502
-0.8897,3.0293,0.79267,2.4076,-1.8576,0.03706,2.2655,-0.12753
-0.71977,-5.4354,1.5522,-0.13376,-8.1926,0.091416,-3.8325,-0.16399
-0.70759,-1.8722,3.3056,0.26489,5.564,0.15734,-4.3651,-0.12227
-0.70099,1.9096,1.0386,0.82841,6.0286,0.20501,1.0781,-0.089537
-0.51515,-0.42303,0.30656,-1.1784,3.4241,0.024379,-1.3201,-0.0066427
-0.65914,0.42233,1.0547,2.1044,-2.0098,-0.0018942,0.20121,0.10677
-0.69912,-0.24289,-3.2142,0.43967,-6.3369,0.0026879,-2.0734,0.13656
4.4058,2.2059,-2.6301,-0.17487,5.327,-0.19869,-0.62653,0.035243
4.3741,3.0941,-3.9195,-2.7915,4.1647,-0.078089,2.5617,0.20213
-0.81614,0.57227,-1.2753,-1.22,-7.0958,0.071766,0.069318,0.15233
-0.73596,-0.45485,-0.18667,-0.3656,1.3505,-0.034014,2.3868,0.023707
-0.73211,-0.72107,-1.7815,1.0561,-2.6134,-0.00026412,4.6709,-0.09606
-0.34335,-3.0592,0.12044,-0.19963,-0.46798,0.054958,2.5224,-0.16058
-0.60502,-0.11427,2.91,-1.1689,7.2393,0.42294,3.2087,-0.28517
-0.70658,2.954,1.0106,0.17546,1.2964,0.10741,5.9277,-0.20091
-0.71482,-3.9523,-1.1926,-0.8605,-7.4608,0.088355,5.4396,-0.1303
-0.91436,-1.1582,-0.88822,0.46584,2.2037,0.068685,0.261,-0.049745
-0.84316,1.804,0.94067,-0.49044,4.6687,-0.025697,-2.0765,0.074037
-0.71369,-0.21781,-0.7981,-0.81527,3.7972,-0.10026,-3.3621,0.0069379
-0.69227,3.2397,0.94578,-1.1403,3.6316,-0.0052826,-2.2133,0.043639
-0.69053,0.0045122,0.37953,-1.5233,-8.4345,0.061151,-2.3159,0.086571
4.3949,2.0334,-0.60402,-0.25668,3.6154,-0.29994,-1.2217,0.13367
4.3542,3.3843,-2.6758,-1.1048,6.9776,-0.13266,-3.6989,0.095455
-0.73886,1.2961,-0.86972,0.64235,-6.5402,0.020458,-3.5376,-0.026259
-0.73453,-1.172,-1.1256,-1.1154,1.2384,-0.015551,-0.11432,-0.06924
-0.87854,0.47567,-0.65724,1.4263,-1.6009,0.051512,1.3263,-0.26779
-0.84234,-3.6701,0.59967,2.0467,-4.2617,0.056242,1.0732,-0.19492
-0.71531,-1.7717,1.4778,0.58755,7.4891,0.42534,3.0545,-0.17097
-0.70739,3.6407,2.4525,0.8376,4.7417,0.11168,3.5801,-0.058409
-0.38833,-2.2938,-0.19977,-1.4109,-3.2346,0.083195,4.6666,0.049773
-0.63965,-1.717,-2.7828,0.37362,-3.2542,0.068897,-1.5157,0.12181
-0.70865,0.87034,-3.0192,0.71574,3.0853,-0.025786,1.8063,0.18916
-0.69549,0.73158,-1.8008,0.53348,3.051,-0.23645,-3.5449,0.071652
-0.87316,1.512,1.6441,-1.1816,6.3077,0.047752,-3.114,0.1702
4.5691,0.84951,1.3924,-2.3055,-8.4956,0.0095097,-3.288,0.10957
4.3688,1.4119,1.5204,-0.67933,1.436,-0.19444,-1.6152,0.014483
-0.8175,1.943,-0.28522,1.0779,6.5163,-0.2677,-2.6765,-0.095671
-0.59835,-0.20167,-1.587,1.8639,-6.6521,0.0033104,3.8685,-0.17964
-0.68491,-2.8786,-2.281,-0.28528,1.4713,0.021812,-1.7087,-0.18497
-0.74996,-1.121,1.3709,0.79904,0.17024,-0.0033381,4.1467,-0.14211
-0.72348,-4.7676,1.2551,1.2677,-7.8751,0.028743,2.3243,-0.047701
-0.91363,-2.9747,1.3635,0.29303,7.8716,0.50414,-5.3353,0.011075
-0.87238,5.0087,1.704,-0.1085,5.3202,0.11784,1.8074,-0.014187
-0.66334,0.20024,0.067577,-0.74865,-0.70609,-0.0033253,2.8318,0.17845
-0.69826,-0.31317,-0.42752,-0.77786,-6.444,0.049966,1.4617,0.19341
-0.69644,2.2569,1.4927,-0.42925,-1.8746,-0.14765,-1.7888,0.044004
-0.56502,2.5574,-2.1085,0.63139,1.8097,-0.31319,-1.1229,0.1461
-0.63414,2.5702,-0.5474,-0.13378,8.0357,0.17522,-0.30121,0.057001
4.38,1.3638,1.2356,-2.3139,-9.6023,0.018096,-0.23942,-0.03614
4.3483,-1.8037,-1.7257,-1.7177,-1.2669,-0.077929,-1.9222,-0.10638
-0.95505,1.282,-1.5078,0.47647,4.4926,-0.48547,-2.257,-0.20217
-0.74299,1.4435,-2.6308,-1.6447,-1.8245,0.027062,0.49088,-0.18341
-0.7282,-1.2363,-0.03224,-0.89448,3.6443,-0.017213,1.9438,-0.073694
-0.7337,-0.88973,-0.26629,0.70948,2.0849,0.045807,1.9103,0.0059157
-0.44625,-1.7944,2.5043,0.62411,-9.936,0.049491,4.5817,0.097377
-0.65141,-6.4589,-1.847,-0.22879,6.2576,0.27856,0.92386,0.15024
-0.73887,5.2673,2.1637,1.3051,5.0735,0.14131,0.80877,0.086547
-0.71527,0.95615,1.1501,-0.30907,3.7549,0.075873,-1.8504,0.21447
-0.95427,1.5575,0.82097,1.3595,-5.247,0.0046902,-2.503,0.15121
-0.882,1.1919,4.6994,-0.083836,-4.3233,-0.063868,-4.3449,0.024705
-0.72226,2.1544,-1.6728,0.24582,1.6292,-0.12286,-1.406,-0.030469
-0.69425,2.4909,-1.8648,0.29408,8.1046,-0.031344,-4.6889,-0.1113
4.369,1.431,-1.4742,-1.4086,-8.7271,0.014053,-2.2014,-0.10679
4.3457,-3.5754,-2.152,-0.33091,-2.2631,0.0061662,-4.0642,-0.21858
-0.732,-1.2791,-1.4754,-0.85759,2.5953,-0.28741,-0.81747,-0.17426
-0.74257,-2.0587,-3.1235,1.6192,-0.25757,0.010357,0.71651,-0.10514
-0.73032,-1.2512,-1.8465,-0.10371,4.5129,0.065034,2.528,0.12999
-0.89739,1.3957,-0.18885,-0.48549,2.1646,0.10201,2.4092,0.16674
-0.76911,0.0013205,0.58896,0.42167,-7.4817,0.074981,0.95007,0.15776
-0.72008,-9.4523,-2.1242,1.7567,3.1541,0.065875,5.1233,0.24545
-0.71211,4.4247,2.0437,0.95655,5.0003,0.11363,-0.63869,0.10439
-0.40581,0.7869,-0.75868,0.85148,4.6835,0.087136,0.42633,0.12337
-0.68555,0.99769,1.8956,0.85341,-2.5344,0.013456,0.25788,0.0030925
-0.70051,0.9633,2.2573,-1.8113,-5.1634,0.034025,-4.5103,-0.056243
-0.69709,1.757,1.9033,-1.7449,-0.53416,-0.055615,-1.8498,-0.10477
-0.81421,1.703,-0.15677,0.51802,6.4255,-0.45865,-2.6997,-0.17681
4.3722,0.51279,-3.0138,-1.7248,-10.362,0.0046902,3.1998,-0.17309
4.1895,-3.4386,-2.7312,-0.72873,-6.4426,-0.016237,-0.83398,-0.10339
-0.74485,-2.457,-2.8806,-0.3072,0.11484,-0.20065,1.4088,0.048385
-0.57021,0.032422,-1.0941,-0.11574,-0.89829,-0.012027,-1.0593,0.010856
-0.64707,-3.5854,-3.6925,0.44183,3.6499,0.075956,0.72529,0.29388
-0.73356,0.84208,0.87551,1.6721,2.964,0.04023,2.6327,0.37188
-0.73152,2.4382,0.071129,0.50786,-6.0004,0.044036,2.8006,0.19962
-0.87897,-6.6606,-1.428,0.19836,-2.5955,0.045724,2.6051,0.081972
-0.81404,3.5286,-0.51892,1.9114,5.5249,0.11976,-3.1346,0.071774
-0.68554,1.6666,-0.69364,0.20711,5.042,0.049048,1.6171,-0.044269
-0.70351,0.91012,1.2826,-0.6478,1.9223,0.032722,1.9589,-0.13257
-0.70282,1.4559,-0.57937,-0.66069,-7.2062,0.001321,-2.7444,-0.1251
-0.54034,0.69958,-1.1225,-0.45762,-3.56,-0.036157,-1.9288,-0.16457
4.3877,0.45125,-1.57,-0.55346,5.4089,-0.44263,-5.5614,-0.14654
4.3776,-0.74766,-1.7949,-1.5477,-7.2976,0.016511,1.7222,-0.05858
-0.75015,0.06362,1.0876,-0.86285,-7.714,-0.037652,-3.2196,-0.020345
-0.89265,-1.936,-0.37767,-1.452,-1.2198,-0.14232,-2.3321,0.11478
-0.75349,1.1511,-0.86856,-0.88837,-2.3824,0.062229,2.3033,0.21408
-0.72648,-2.099,0.26808,2.1917,3.7228,0.10836,1.5454,0.28171
-0.72884,1.7278,-0.36309,0.66741,4.5407,0.087989,4.2063,0.1537
-0.55799,2.9254,3.0765,2.1705,-5.4537,0.092295,1.1353,0.13184
-0.71601,-5.0234,1.9976,1.7061,-5.8086,0.096839,1.2632,-0.013798
-0.71261,2.0173,1.8073,0.063614,4.9846,0.10993,-0.63503,-0.13198
-0.70687,0.52264,2.0106,0.64099,4.8686,0.0015905,-1.6063,-0.1562
-1.0894,1.4654,-0.69695,0.76516,1.961,-0.057117,-0.77033,-0.1608
-0.76544,1.1929,0.052159,0.72382,-5.9679,-0.068732,-0.11343,-0.15824
-0.68354,-1.3956,-1.5064,-1.4149,-5.3143,0.017551,-3.9532,-0.056827
4.3979,1.3908,-2.2576,0.096988,5.319,-0.25832,-0.4684,-0.062644
4.3788,0.09356,-4.5846,-3.3537,-0.85036,-0.058323,-0.10777,0.12507
-0.60346,-1.1205,-0.25787,-1.1687,-7.3266,-0.027615,-3.0897,0.18682
-0.72617,-3.3231,-4.052,-0.91568,-0.28132,-0.082921,-1.8394,0.11329
-0.74248,-0.75836,0.40999,-0.0015201,-4.5226,0.033165,2.806,0.34134
-0.97201,-2.8138,-0.59845,0.92285,0.19425,0.032844,-0.86812,0.10789
-0.97289,2.9186,-1.23,-1.5165,6.1483,0.19407,0.61847,0.028477
-0.7897,3.1177,0.69134,1.3226,-1.138,0.060433,1.655,-0.094892
-0.71639,-4.7155,1.3487,0.92762,-7.7805,0.065162,-4.3967,-0.16141
-0.70312,1.3955,5.9132,0.29502,3.6327,0.074622,-4.1167,-0.088613
-0.54741,0.11028,1.2738,-0.48791,4.8427,-0.070388,-1.4138,-0.17995
-0.66183,2.0216,1.6851,-0.8265,2.6361,-0.18497,-2.6919,-0.12969
-0.69742,1.1844,-0.3925,-1.9222,-0.36143,-0.054543,-2.6223,-0.066124
-0.698,0.082976,-0.3644,-2.9302,-7.8873,0.052802,-3.2515,-0.031565
4.3966,1.455,-1.3731,0.51128,3.6239,-0.31256,-0.094722,0.21624
4.316,1.4826,-2.6882,-1.472,4.8959,-0.23822,0.018977,0.16915
-0.74332,0.25523,-0.60274,-0.094485,-7.4474,-0.018021,0.45581,0.27502
-0.72895,-0.90951,-1.4322,0.22662,1.2063,-0.033494,1.0478,0.060481
-0.52943,0.66984,-1.4025,2.1443,-3.3993,0.098418,1.7856,0.077566
-0.72389,-5.8869,1.0753,0.46959,-4.2765,0.10524,3.3108,-0.068607
-0.72293,1.2587,0.8307,-1.6036,6.9965,0.38079,3.091,-0.13607
-0.72063,3.6041,1.345,0.23667,1.5444,0.051005,4.2394,-0.15985
-0.9615,-2.0862,-0.75415,-1.0095,-7.1058,0.092437,5.98,-0.20758
-0.70459,-1.0226,0.21293,0.62487,-1.4553,0.019187,1.3822,-0.13933
-0.63859,-1.7055,-0.57645,1.5018,3.3801,-0.097111,-1.9449,-0.024774
-0.69363,0.80024,-0.4229,0.42334,2.3977,-0.20088,-5.4958,0.024145
-0.50574,0.57747,0.55331,-1.9698,3.6903,-0.1145,0.89861,0.054884
4.4114,0.33625,0.095997,-2.5054,-9.2453,-0.0097813,-2.6229,0.053058
4.3827,1.0763,-0.27911,-0.56876,1.5752,-0.2294,-0.59018,0.39749
-0.74892,2.8066,-3.5787,-0.81803,5.727,-0.47766,-3.3499,0.16978
-0.74691,-0.13221,-2.753,0.91674,-6.9787,0.0223,-0.68103,0.038285
-0.90415,0.26652,-1.042,-0.45007,1.5354,0.0010258,-0.006036,-0.015769
-0.71026,1.9191,-1.1767,0.86301,-2.7562,0.090088,4.9291,-0.13249
-0.72329,-5.4265,0.28626,0.88167,-6.8335,0.072183,-0.58351,-0.20811
-0.72611,-2.9457,5.0468,-0.86981,6.9152,0.294,-0.65684,-0.092604
-0.5034,4.0975,7.389,2.1703,4.2713,0.0027521,2.4233,-0.15603
-0.67584,-2.2306,-0.44208,-0.83536,-2.0497,0.09415,3.2787,-0.078026
-0.7101,-1.0839,-0.54794,1.6486,-7.4989,-0.00084169,-1.8927,0.033174
-0.70201,0.62099,0.18954,-0.12693,-0.71066,-0.08692,-2.4963,-0.019931
-0.92126,3.0383,-1.8445,0.54872,1.6434,-0.17116,0.4163,0.056246
-0.76969,0.10738,-1.7061,-0.58756,7.5957,0.15691,-1.5566,0.23484
4.3935,0.38515,1.1433,-3.4195,-10.512,0.0038431,0.13252,0.061795
4.3571,0.52205,2.5941,0.79658,-2.337,-0.11164,-3.0698,0.10945
-0.60816,2.1287,-2.3081,-0.071562,4.6239,-0.3853,-2.5537,0.020932
-0.75052,1.976,0.06599,0.29046,-3.8553,-0.008517,-0.67518,-0.068364
-0.74406,-0.92518,0.22734,-1.7268,4.3413,0.042489,0.25709,-0.24391
-0.72926,1.3897,1.0501,0.80019,-0.59168,0.10079,5.242,-0.16951
-0.87501,-4.0641,0.82781,1.3313,-8.7017,0.055266,2.391,-0.17723
-0.84174,-5.3406,1.6186,0.16622,6.924,0.30856,-2.5368,-0.10984
-0.76736,4.4112,0.078684,-0.94978,5.9023,0.15791,1.4392,0.012268
-0.70972,-1.7315,1.2581,-1.1962,2.9302,0.093207,0.053617,0.12885
-0.70169,1.6537,1.5643,0.11119,-6.8743,0.046173,-2.1147,0.083188
-0.54477,-0.96497,3.6029,-0.40962,-4.8348,0.0051009,-4.0801,0.052888
-0.69627,3.0108,-1.2391,-0.5283,0.62977,-0.090674,-0.80516,0.074987
-0.70113,2.7557,-1.151,0.074623,8.2304,-0.0064185,-1.7129,0.15455
4.3703,1.4977,1.7346,0.87409,-9.611,0.058109,-0.28685,0.0026057
4.3847,-1.785,0.32677,-0.56371,-4.0822,0.015234,-2.9083,-0.047968
-0.75637,0.57015,-0.99247,1.139,2.3494,-0.2636,-2.3251,-0.14963
-0.7383,0.1672,-2.6276,1.1109,-1.4651,0.0063266,0.050117,-0.12052
-0.72761,-1.1265,-1.0424,-0.30841,4.9717,0.078113,2.7301,-0.12767
-0.39656,0.2063,1.3974,1.239,1.0064,0.042669,2.9717,-0.12035
-0.66163,-2.4175,1.9178,0.0030465,-9.8088,0.063186,4.7036,-0.10497
-0.72161,-8.6569,-0.24394,1.5602,4.4857,0.057885,2.7914,0.014385
-0.71588,4.9128,-0.65452,1.1765,5.9894,0.19207,1.1328,0.21296
-0.95341,-1.7848,1.1539,1.268,3.9698,0.067517,-0.48898,0.17852
-0.75898,1.3856,-0.34046,0.50951,-3.066,0.020349,-3.5187,0.20999
-0.69766,0.94955,4.2988,-1.7938,-6.9558,0.0037083,-4.1772,0.091804
-0.68727,1.0773,0.28612,-1.2709,1.5703,-0.056238,-0.59601,0.044637
4.3279,3.9023,-0.65362,0.96395,8.135,-0.14627,-8.2911,-0.017424
4.3601,1.1745,1.1946,-0.52463,-8.6429,0.088438,-1.112,-0.12227
-0.75022,-2.2807,0.63472,-0.70673,-3.6865,0.036547,-3.5418,-0.17036
-0.73876,-1.6029,-1.9627,0.69441,-0.63599,-0.10785,1.4712,-0.18494
-0.88351,-1.9964,-0.0377,1.2162,-2.6533,0.11037,2.8445,-0.14009
-0.82448,-2.4723,-1.4803,-1.5216,6.215,0.26269,-2.1481,-0.036262
-0.65701,1.1164,2.2581,1.2804,3.5294,0.096197,2.6192,0.20089
-0.71091,-0.56899,-1.1077,-1.5077,-7.5991,0.074936,2.1894,0.28587
-0.71571,-6.4803,-1.0422,0.36936,-0.91887,0.08677,3.543,-0.010366
-0.45091,3.3911,0.57744,2.6593,5.8605,0.13744,-2.6401,0.25584
-0.67077,-0.366,-0.83638,0.73276,5.5155,0.12071,2.1214,0.19475
-0.701,2.8003,1.421,0.68386,1.9726,-0.00061708,-1.7947,0.11748
-0.69112,1.2542,-0.96469,-2.8302,-7.0569,0.027363,-3.6391,-0.017327
-0.95798,0.81666,0.38484,-1.0848,-1.5274,-0.068829,-3.954,-0.070822
4.3831,4.4435,0.50227,-0.014321,6.5884,-0.37064,-3.4348,-0.10845
4.3569,1.1142,-1.7718,-1.1386,-6.8863,0.032754,0.59603,-0.17864
-0.74292,-2.1772,1.0028,-0.62782,-4.8422,0.043157,-1.374,-0.13724
-0.47844,-0.092139,1.3346,-0.91174,-0.023501,-0.080239,2.2645,-0.12018
-0.66404,-1.965,0.47609,0.58209,-2.9355,0.10704,2.1678,0.026311
-0.73439,-6.9445,-1.0238,1.1819,5.4249,0.12632,1.1615,0.2087
-0.72007,1.4757,0.47068,0.72398,5.8751,0.18013,2.5866,0.13116
-0.81965,2.1531,1.8184,0.88058,-3.7866,0.017808,2.1393,0.23598
-0.85351,-6.0879,1.1861,-0.15313,-6.6015,0.042207,-0.90977,0.19203
-0.6931,3.0324,2.4368,1.1522,5.2825,0.091666,0.22428,0.17579
-0.69952,-0.61461,1.6628,-0.12323,5.4204,0.086828,-0.34413,0.084697
-0.40654,3.0891,-0.18811,0.44274,4.0218,-0.052329,2.1061,-0.040253
-0.65126,1.5275,-1.1869,0.37228,-6.3943,0.0049341,1.3076,-0.094235
-0.68552,-1.0775,-1.0755,-0.51373,-4.1067,0.047925,-1.8254,-0.17577
4.3771,0.92372,-2.4105,1.3599,6.1472,-0.24093,-2.0918,-0.17474
4.3429,-0.77498,-3.3764,-1.0025,-2.7416,-0.003229,-1.9641,-0.16535
-0.91874,-0.97625,0.34227,-1.1308,-5.7093,0.0043693,-2.2152,-0.046776
-0.76868,-1.4258,1.0579,-0.3023,2.6308,0.026721,0.98274,-0.01796
-0.72726,-1.4288,0.22245,-0.22923,-5.2034,0.041693,4.5971,0.18653
-0.714,-4.423,-0.83319,0.5757,4.9775,0.06488,1.3665,0.098886
-0.57558,3.0514,-0.21888,0.14977,6.8695,0.33776,6.0145,0.19341
-0.70266,2.2481,3.6796,1.6365,1.0609,0.059329,0.31212,0.20619
-0.71215,-4.3757,1.1222,1.7964,-4.8712,0.093187,-1.7907,0.1085
-0.70382,2.4509,4.2753,0.16469,4.6463,-0.032037,-1.5496,0.011538
-1.0005,-0.95854,1.907,0.90175,4.9237,-0.068662,-2.6453,-0.093699
-0.67898,3.1366,0.50736,-0.42851,2.8109,-0.20757,-3.7633,-0.09881
-0.68499,1.2328,-1.726,0.6578,-1.4066,0.026503,0.96521,-0.21132
4.3986,-3.0885,-0.30184,-0.95779,-5.3863,-0.01815,-4.3721,-0.13892
4.3865,-1.216,-3.4861,1.1353,5.1159,-0.35709,-1.3733,0.034464
-0.66819,-1.9351,-3.2289,-2.1651,2.2862,-0.099524,-2.4767,0.074354
-0.7524,-1.6242,-1.3408,0.4841,-6.0047,0.022088,-1.8002,0.11514
-0.73684,-1.0445,-1.0407,0.25505,2.5578,0.020387,2.828,0.10431
-1.0756,-0.027534,0.98695,0.56016,-4.8668,0.02744,0.98614,0.29347
-0.79114,-5.85,0.071566,0.098137,-0.32284,0.043478,0.40706,0.34404
-0.67678,1.8193,-0.22275,-0.10043,7.3147,0.40229,-3.4856,0.14861
-0.71129,4.2333,2.4211,1.4404,3.0953,0.02866,2.1623,-0.001191
-0.5523,-2.344,-0.6434,-0.20648,-4.2818,0.020124,1.6402,-0.059578
-0.70809,2.7552,3.6785,-1.0178,-2.5059,0.0076422,-1.3847,-0.14184
-0.68798,0.36538,-0.71819,-0.41908,0.95821,-0.14915,1.4337,-0.19976
-0.69499,0.74476,-0.27479,-0.38677,3.095,-0.26773,-4.2138,-0.18363
-0.81674,2.4153,-0.45903,-2.1981,1.829,-0.074142,-0.65231,-0.10273
4.3977,-1.6323,1.5594,-1.8289,-7.7607,-0.032563,-5.2764,-0.087663
4.3821,0.67156,0.06069,-2.1158,2.5136,-0.25313,-0.34751,0.089322
-0.74459,-0.90899,-1.9126,0.27245,4.212,-0.35402,-1.4412,0.15649
-0.74253,0.64284,-1.5043,2.1173,-3.2284,0.051108,-2.7176,0.03792
-0.44488,1.1666,-1.473,-0.82928,2.9228,-0.027859,0.59341,0.26533
-0.68903,-0.3822,-0.88583,1.6763,-3.7101,0.039787,2.3776,0.36707
-0.73168,-5.3001,1.7711,0.44423,-6.9139,0.039903,4.0138,0.077323
-0.72065,0.67525,7.6389,0.056806,6.9063,0.29008,-0.88912,-0.015891
-0.88251,4.7068,5.095,1.0317,4.706,0.061613,1.7278,-0.11071
-0.74832,-1.7575,1.4211,-1.0384,-0.48701,0.10158,5.4158,-0.20884
-0.70336,0.5684,-0.36946,0.96315,-4.6023,0.015574,-2.5685,-0.18935
-0.70063,0.17542,-2.6392,-0.37419,-1.8069,-0.056777,-3.7099,-0.14422
-0.46853,1.6122,-1.0679,0.4207,2.0224,-0.5059,-1.7569,-0.10485
-0.58065,0.68003,-2.274,-1.8064,4.4006,-0.1195,0.43728,0.091999
4.4,-2.3328,2.0798,-2.9479,-10.488,0.0035158,-0.30956,0.12128
4.3713,-2.1883,0.98648,-0.27361,1.3876,-0.15443,-1.593,0.21337
-1.0447,2.1604,-2.1481,-0.74208,3.6395,-0.35168,-4.0993,0.18283
-0.82274,1.3082,0.16617,0.19413,-3.0689,0.026317,1.8572,0.065519
-0.74197,0.18988,0.08392,0.16081,4.603,0.092482,6.2849,0.11417
-0.72574,2.3966,-1.5204,0.69885,-0.2897,0.085551,3.8093,-0.026673
-0.70881,-3.6472,1.9915,1.0261,-9.0121,0.086301,-0.25517,-0.073109
-0.68524,-2.8837,3.0312,0.2336,5.6676,0.13411,0.66947,-0.18251
-0.68515,2.8363,4.9116,0.87409,5.1181,0.063616,2.3442,-0.19828
-0.70733,-1.7246,1.2154,-1.6976,2.5462,0.022614,1.3483,-0.2104
-0.70272,2.8424,0.07977,-0.53255,-4.2115,0.005563,-0.5573,-0.080411
-0.698,0.87411,1.223,-1.2032,-5.0909,0.040416,-2.2166,-0.066368
-0.71682,0.22713,-2.5219,-0.2744,2.971,-0.21468,-0.41025,0.089687
-0.59585,2.1522,-0.89575,-0.86764,7.2588,0.012629,-0.080324,0.20527
4.3928,0.29843,0.83807,-2.1717,-9.8172,-0.011411,-2.3257,0.17429
-0.55949,-1.2751,-2.2714,-0.38806,-3.0937,-0.099543,0.42584,0.25628
-0.72704,0.86909,0.66741,0.0014793,0.99997,-0.13891,1.032,0.12337
-0.73325,1.09,-1.2064,0.16945,-2.9461,0.0053961,-0.092943,0.038967
-0.72926,-1.1774,0.81285,-1.8505,5.5842,0.11687,0.5364,-0.071844
-0.96903,4.0298,2.7901,1.1172,1.7232,0.10007,3.1034,-0.20517
-0.79411,-1.0056,1.0551,0.77545,-9.0214,0.037804,2.546,-0.1763
-0.69562,-4.8825,0.66498,1.5176,4.737,0.023789,-0.73462,-0.15367
-0.70495,2.7535,2.7796,0.32663,5.448,0.12134,-0.64841,-0.07603
-0.51107,-2.5599,0.22756,0.011846,4.1538,0.033832,1.1793,-0.032928
-0.58744,0.25726,-0.64693,-0.32316,-1.6694,0.027273,-2.1394,0.048848
-0.69499,-0.64705,2.6031,-2.7158,-7.0689,-0.019491,-3.694,0.13785
-0.69244,0.1262,1.5359,-1.7656,2.061,-0.081112,-1.7992,0.17828
4.4015,3.5278,-2.5054,1.241,7.941,-0.03644,-5.5678,0.080584
4.3673,1.6005,-1.3793,0.96783,-9.0942,0.069289,-0.41575,0.16672
-0.78492,-1.4854,-2.0732,-0.6823,-5.0336,-0.038198,-1.9677,0.077445
-0.73654,-0.25501,1.2857,0.94538,0.28605,-0.12619,2.0033,-0.039718
-0.73612,0.1248,-0.47373,1.8314,-3.3965,0.11299,1.2702,-0.08652
-0.65998,-2.6718,0.64072,0.46174,6.3796,0.21943,1.2473,-0.24944
-0.71264,1.9584,2.8855,1.5114,2.8255,0.059688,2.3445,-0.19195
-0.71605,0.9504,1.9843,-0.074876,-7.9843,0.024193,2.2936,-0.16569
-0.71179,-5.1677,-0.62734,2.3714,1.116,0.084261,2.5244,-0.080654
-0.89737,2.3022,-1.1323,1.3388,5.8067,0.10964,-3.4458,0.06603
-0.71996,-1.835,-1.9122,0.16183,4.0843,-0.016757,2.2521,0.15535
-0.69587,2.4548,0.60833,0.36792,1.462,0.0053384,-2.8627,0.023415
-0.68894,0.9785,1.1347,-2.3927,-9.2778,0.0054988,-4.295,0.026213
-0.41479,0.25493,1.4092,-0.86785,-1.1134,-0.086836,-5.2225,0.2031
4.3835,2.7907,-1.601,0.73038,6.3515,-0.54949,-3.728,0.09638
4.3428,3.1049,-1.0546,0.030813,-8.45,0.057994,0.89893,0.018985
-0.74419,-0.097553,0.78796,-1.0117,-5.1325,0.02907,-1.2756,-0.081579
-0.94139,0.5554,0.67428,0.055766,-0.03842,-0.082216,2.299,-0.13213
-0.83699,0.48792,2.1463,0.63127,-5.8935,0.075244,5.9631,-0.17998
-0.69583,-4.3116,1.8053,0.95513,6.4571,0.27231,-0.21165,-0.17827
-0.71885,2.0879,2.5785,0.74052,4.0169,0.058738,1.0575,-0.10008
-0.67596,2.0677,2.6472,-0.43668,-5.7165,0.075097,3.0069,0.035997
-0.59702,-4.812,-1.4255,-0.70377,-5.6641,0.098187,3.1517,0.11653
-0.66002,2.388,2.8427,0.48633,4.3459,0.047829,-0.34055,0.23742
-0.70712,-0.31157,-1.0388,0.42729,3.9346,-0.091174,-0.30036,0.19093
-0.88562,2.3452,-3.1202,0.13578,2.9668,-0.22468,-0.21603,0.036095
-0.83139,1.517,-1.2984,-1.0076,-8.1442,-0.021352,-2.5858,0.13955
4.3836,0.39406,-0.25037,-0.48375,-3.821,-0.040098,-4.677,0.059435
4.3621,1.7361,-2.5733,-0.83891,5.627,-0.42798,-1.467,-0.065321
-0.74381,2.1543,-4.6255,-1.2586,-5.1161,-0.005873,-0.09916,-0.089099
-0.62232,-2.9375,2.6237,0.73374,-4.2486,0.046455,-1.1808,-0.18426
-0.7307,-0.90073,-2.5399,-0.49199,1.2936,-0.014145,1.4075,-0.18672
-0.73152,-1.8832,1.1057,0.085973,-5.7498,0.078543,-0.67141,-0.085035
-0.7243,-6.057,-0.17322,2.5359,5.9171,0.16766,3.6748,-0.01538
-0.90268,2.971,1.1584,1.2843,6.0245,0.22306,2.6109,-0.018227
-0.74474,3.6462,-0.12016,1.0644,-1.2942,0.085454,3.0368,0.0012185
-0.7012,-2.6216,-0.79757,0.63709,-6.9246,0.081078,-2.6552,0.21571
-0.7056,2.1072,2.7911,1.0514,3.6044,-0.0065212,-1.7733,0.11018
-0.53606,0.56926,0.53962,-0.072352,2.9434,-0.0020995,-2.0629,0.1644
-0.6716,3.2028,-0.1284,-0.016768,5.4757,-0.22522,-2.6898,0.075157
-0.69033,2.4694,-2.3453,0.67979,-5.396,0.037657,2.5855,-0.014139
4.3824,-1.7485,-1.5976,-0.093798,-5.2299,0.014008,-6.6569,-0.066563
4.3516,0.67083,-3.3551,0.01245,5.3736,-0.22436,-0.51203,-0.16847
-0.80963,-0.69721,-2.4765,-0.70912,-1.5981,0.0042859,-0.32915,-0.19538
-0.74502,-1.7074,-2.2507,-1.1133,-3.909,0.076117,0.18605,-0.15759
-0.73246,-1.9201,0.1576,-0.37,2.9502,0.06214,3.8611,0.073161
-0.60432,-1.1602,1.2383,0.017087,-7.1412,0.10632,4.1788,0.12843
-0.63657,-8.8562,-1.3281,1.1345,5.456,0.13791,0.3772,0.19972
-0.68638,1.1292,-1.0537,0.24708,6.9255,0.3081,3.2524,0.2362
-0.72075,2.4938,0.90712,2.1252,3.1489,0.00072418,1.3365,0.11405
-0.71826,-1.0783,-0.11016,0.17652,-5.7716,0.062146,0.30693,0.04381
-0.87613,1.903,3.0421,0.85736,-0.20725,0.040057,-2.2769,0.11283
-0.78443,0.41242,2.0213,0.89781,2.8088,-0.022321,-2.4147,-0.0010936
-0.69424,2.1975,2.563,-0.27564,5.3188,-0.30843,-3.1284,-0.062863
-0.68448,3.0008,-2.1898,-0.77608,-2.3051,0.071195,-0.44537,-0.090754
4.3803,-1.7389,-1.4208,-0.83402,-6.8467,-0.010333,-3.2541,-0.16679
4.3571,1.0322,-3.7155,-0.32557,3.9953,-0.28872,0.033992,-0.19918
-0.73927,-1.2014,-1.6785,-0.58217,4.3654,-0.12902,-0.72714,-0.09735
-0.73265,-0.89747,-2.1946,0.30224,-2.1349,0.012629,-1.5981,-0.085619
-0.99266,-0.7332,-1.1555,-0.19394,4.5011,0.055799,4.6029,0.16652
-0.78803,-0.40659,-0.56948,0.89895,-5.1066,0.10211,2.818,0.22252
-0.71403,-6.4409,0.70124,0.37814,2.6884,0.061177,0.87394,0.17326
-0.70707,2.0603,-0.67319,0.098298,7.4109,0.38533,1.3109,0.17025
-0.52379,5.2544,2.1678,1.6728,5.3457,0.069417,4.2135,0.14691
-0.63005,-0.42629,1.6754,-0.35179,-2.5517,0.085397,3.8078,0.036168
-0.71389,0.75893,1.9962,0.82664,-3.5691,-0.023194,-0.21534,-0.072306
-0.69388,0.19344,0.060767,2.256,-1.8359,-0.10328,-0.14636,-0.10112
-0.95865,0.070762,0.60702,0.62607,5.0812,-0.36241,-5.5618,-0.19473
-0.71035,2.5602,-0.99474,-3.5707,2.9121,0.033595,0.52789,-0.16618
4.3948,-7.1397,-1.7206,-1.876,-7.5663,0.023994,0.63449,-0.10911
-0.81661,1.1199,-2.3549,-0.19297,1.2333,-0.11959,-1.0042,0.019034
-0.71054,-0.12095,-1.5759,-0.86003,4.8932,-0.27098,0.63541,0.017598
-0.58738,-0.13113,-0.067456,2.1007,-3.1821,0.024649,2.3809,0.073064
-0.68781,0.069728,-1.5653,-1.3072,5.4196,0.11164,2.5956,0.3197
-0.72169,1.509,1.239,1.6086,-2.4128,0.035943,2.7512,0.32503
-0.71058,-5.9959,3.0569,0.35694,-5.1313,0.065316,7.1859,0.012219
-0.88762,1.7174,2.8973,1.5887,6.8889,0.33466,0.668,0.045197
-0.72589,4.257,1.0917,1.0112,7.058,0.31202,0.61082,-0.010464
-0.69265,-0.1774,-0.67126,-1.5059,2.26,-0.021897,-0.41376,-0.12422
-0.69399,1.0214,-1.0286,-0.87292,-4.5394,-0.0040504,-0.8303,-0.12931
-0.53463,2.1377,-1.075,-0.015336,-3.7602,-0.075188,-6.2785,-0.19804
-0.65865,0.83797,-1.2926,0.73869,4.5962,-0.36815,-2.2091,-0.15252
4.4034,1.3473,-1.8423,-1.9779,5.1946,0.026985,-0.19689,-0.11801
4.3811,-1.5375,-0.53881,-2.0872,-7.0782,0.069744,-0.64088,0.0053559
-0.97005,-2.2916,-2.9846,-0.31304,0.71191,-0.025074,-1.1878,0.14328
-0.88652,0.64067,-2.5681,-0.46542,1.9532,-0.11801,-1.0611,0.15766
-0.72984,-0.97107,-0.90724,0.27498,-1.6828,0.026901,1.4533,0.2629
-0.72617,0.83703,0.3156,-1.4443,6.7859,0.35792,3.5141,0.18363
-0.46173,4.3712,-1.0824,0.511,0.82065,0.022775,5.3167,0.18385
-0.63214,-1.1756,0.11955,1.1868,-8.3458,0.034852,3.0101,0.020762
-0.66858,-2.3114,3.1322,0.17009,5.8088,0.21918,-2.116,-0.061792
-0.70657,2.531,4.1713,-0.76736,6.6988,0.31171,0.3378,-0.15306
-0.81527,-0.88506,4.3398,-0.81102,4.6842,0.00048673,-0.34201,-0.18102
-0.85426,2.3636,0.21764,-0.5326,-0.18081,-0.03101,-2.0398,-0.15892
-0.73827,-0.43824,0.93031,0.58378,-7.1673,0.054169,-1.4812,-0.15136
-0.68705,-0.90206,-2.6697,0.94511,4.5047,-0.21831,-2.6662,0.10896
4.3898,3.0769,-1.8228,-0.21919,8.0173,0.12221,-0.036623,-0.047044
4.3756,1.4166,1.7087,0.079428,-7.649,0.055254,-0.8929,0.16535
-0.71368,-3.3299,-2.0179,-0.93555,-1.046,-0.032955,-0.55694,0.25024
-0.74083,0.81421,-3.9082,0.86777,1.3989,-0.072307,2.2034,0.07411
-0.73277,-1.902,-2.8939,1.2743,-1.5192,0.075604,-0.36459,0.20943
-0.95187,-2.6925,0.28205,-0.96045,6.6977,0.32424,1.3677,0.08146
-0.73221,3.4847,2.132,1.1538,4.0861,0.099772,3.1979,-0.031954
-0.71641,2.9364,0.15226,0.25155,-5.0114,0.09938,-0.25761,-0.14673
-0.70196,-5.6247,-0.8298,0.38201,1.2743,0.075976,0.5301,-0.15486
-0.51781,2.702,-0.19477,-0.61444,5.122,0.10685,1.2979,-0.20193
-0.68003,-1.6501,-0.35557,0.43055,4.5837,-0.027384,-0.26658,-0.14861
-0.7202,1.1784,-0.24398,0.34842,3.4581,-0.04957,-2.0781,-0.1058
-0.69446,-0.14346,1.9873,-3.6021,-8.6769,-0.027352,-4.4838,0.031397
4.3119,-1.3597,-0.35651,-0.61584,2.1754,-0.13549,-1.6306,0.11417
4.3949,2.5098,-1.9327,-0.87857,7.6378,-0.16947,-3.6056,0.25883
-0.7405,3.8566,0.34728,0.7522,-7.8014,-0.0093128,0.36517,0.21529
-0.73903,-2.6764,-1.0595,-0.62248,-3.8237,0.0081364,0.89978,0.2674
-0.86893,2.1575,1.252,0.35232,-0.40735,-0.022661,3.867,0.041498
-0.65984,-0.87612,-0.63221,0.91975,-3.6299,0.080352,1.881,-0.0097822
-0.72252,-4.7654,-0.41811,1.7742,7.2109,0.42197,0.075432,-0.13899
-0.72408,2.656,1.5444,0.75541,5.5796,0.17889,3.8363,-0.14062
-1.0169,2.0031,0.31698,1.7941,-4.2876,0.014708,5.1448,-0.15807
-0.90972,-4.5123,1.9216,0.40978,-3.8975,0.017904,1.8898,-0.19407
-0.67365,1.1755,1.4362,-0.20266,3.983,-0.0088636,-1.2108,-0.086422
-0.69907,-0.38208,0.47787,0.27312,4.4045,-0.10355,1.2689,0.0032629
-0.70276,1.9496,-0.21399,-0.17161,5.1731,-0.086778,-2.2409,0.0036279
-0.52604,0.77247,-1.0105,-2.2552,-8.4722,0.040988,-1.528,0.12554
4.4024,-0.42217,-0.56447,-0.24605,-0.14099,0.01671,-3.0217,0.060067
4.3698,2.2662,-2.2802,0.36505,5.7707,-0.34406,-0.99065,0.25433
-0.75207,2.0737,-4.7107,-0.82529,-4.7059,-0.036497,-0.5995,0.10346
-0.92471,-0.65691,-1.2587,-0.43133,-3.0259,-0.018772,-0.86714,0.040329
-0.75007,1.1323,-2.3764,-0.93116,0.47766,-0.036889,1.9933,-0.078999
-0.73349,-0.026744,0.66457,-0.21806,-6.2512,0.020246,4.4352,-0.18071
-0.73431,-7.8266,0.53714,0.27845,6.1517,0.27328,0.34202,-0.1753
-0.54938,2.6145,1.9623,0.31588,5.1446,0.11798,3.1414,-0.19319
-0.66608,5.351,1.0883,0.16636,-0.45413,0.05843,1.2607,-0.1395
-0.71522,-4.6199,-0.52658,0.63631,-5.292,0.0045875,1.0541,-0.033974
-0.71313,-0.15859,0.54282,0.47472,-0.61683,-0.019337,-3.3047,0.074914
-0.86139,-0.00022082,2.1313,1.025,1.1919,-0.24857,-4.1074,-0.028206
-0.82965,2.4448,0.079365,0.13716,5.5837,-0.61966,-3.0003,0.048312
-0.75119,2.2771,-1.1677,0.17253,-8.1081,0.0056849,-0.66419,0.2271
4.3835,-0.98311,-2.1374,-0.14671,-4.4571,0.014958,0.14274,0.052766
4.3468,1.0416,-3.246,0.90368,3.6755,-0.53639,-2.4377,0.050162
-0.59492,2.4423,-2.0053,-0.73385,-2.6461,-0.10501,1.2699,-0.020856
-0.7249,-0.91739,-0.70327,-0.49587,-2.5697,-0.047484,0.18381,-0.099662
-0.73729,-1.3012,0.03633,0.14946,0.77905,-0.0020867,1.605,-0.23622
-0.72387,2.3178,2.862,0.058309,-7.2826,0.045435,2.221,-0.10105
-0.7802,-9.1867,1.231,0.82191,4.7195,0.089863,1.4527,-0.15907
-0.72475,1.7225,1.2526,0.37172,5.0259,0.086975,2.819,-0.048625
-0.71337,1.966,0.97628,1.7307,2.2335,-0.0018364,1.9104,0.060189
-0.70372,-1.6014,-2.4328,0.8129,-4.3281,0.02479,-2.2407,0.05043
-0.47609,0.1885,2.5501,-0.18526,-5.0365,-0.013561,-5.0572,0.18952
-0.66955,1.4514,-0.33973,-0.42865,0.083785,-0.18266,-3.7523,0.079002
-0.702,1.9719,-0.71633,0.069864,5.0748,-0.74349,-4.1666,0.14126
-0.69517,3.8419,-2.5434,0.009296,-6.6281,0.045108,-3.5217,0.091634
4.3656,-3.0516,-3.0237,-0.80559,-6.7664,0.02203,-3.9224,0.00017195
4.3986,2.6486,-1.9711,-0.58207,1.9695,-0.37557,-0.2162,-0.087006
-0.73909,1.3418,-3.1061,-1.6697,1.0554,-0.16044,-0.64419,-0.1716
-0.7308,-0.5879,-2.3239,0.27297,-1.0746,0.036977,2.0407,-0.14223
-0.50176,-1.6702,-2.0847,0.78005,2.2422,-0.00038605,3.0561,-0.094965
-0.61771,1.271,0.72733,0.67186,-5.5115,0.0092659,1.4749,-0.047603
-0.70894,-9.6023,-0.069653,-0.60085,2.8671,0.034288,-0.094388,0.045805
-0.7198,2.6398,1.6505,-0.63027,5.2628,0.13749,-1.1122,0.049821
-0.8768,3.4687,-0.66227,0.99323,4.299,0.026394,3.0526,0.23343
-0.77521,-0.67479,0.36957,-0.33935,-2.3691,-0.01403,2.0494,0.20485
-0.64306,1.7077,-2.3708,-1.9478,-6.0402,-0.00027695,-1.8593,0.17869
-0.6929,0.96578,-1.1619,1.4867,-2.0594,-0.079636,-2.2273,0.10232
-0.69333,1.8163,0.34592,-1.456,4.8469,-0.47413,-6.6158,-0.020637
4.3849,4.5481,-0.036056,-2.3399,-3.4616,-0.0017851,-1.0338,-0.045705
4.3523,-3.2582,-1.532,-2.1969,-9.2035,-0.033808,-0.74781,-0.17107
-0.74949,1.1487,-1.0109,-1.911,0.065648,-0.24943,-0.60609,-0.19256
-0.74268,-0.0058465,-2.5875,0.20134,2.1993,-0.15779,2.0868,-0.1167
-0.85488,-0.44074,-1.089,1.3112,-0.9317,0.0099397,0.61622,-0.1275
-0.76351,-1.7928,-1.5687,-0.81103,3.9991,-0.012445,1.8163,0.020056
-0.7217,0.25418,-1.429,0.39694,-4.0437,0.069539,3.5215,0.14613
-0.73106,-6.5431,-1.512,-0.91788,-0.68261,0.092642,3.7884,0.13203
-0.51195,1.7171,1.545,-0.097388,4.9198,0.076688,1.0351,0.067685
-0.60743,4.0232,3.3108,0.95245,5.0144,0.016113,0.93674,0.19546
-0.71503,-1.662,0.99637,-1.1449,0.67155,-0.026223,0.13286,0.1598
-0.70157,2.275,0.78414,-0.61233,-6.4809,0.0073855,-0.64829,0.029694
-0.93669,1.9315,-1.1546,0.039702,-4.3958,0.011031,-1.4367,-0.026162
-0.78238,2.2999,-3.156,0.43303,4.5986,-0.30271,1.8524,-0.1157
4.3708,2.3664,-1.1349,-3.2352,3.4767,-0.053164,-0.088024,-0.11813
4.3488,-4.2472,-1.4999,-2.6106,-8.3322,0.056056,-3.4635,-0.15041
-0.5148,-2.7988,-1.8042,0.43759,-2.3334,-0.11854,0.5686,-0.12242
-0.72863,2.0501,-0.87936,-1.7459,1.1998,-0.102,1.7213,-0.11874
-0.68028,-4.0756,-0.98524,1.3026,-1.7421,0.045499,-0.5156,0.30337
-0.73764,-1.195,-1.2816,-1.0252,6.0168,0.24072,2.0522,0.24805
-0.75353,2.9224,0.25786,1.2119,-1.1686,0.10771,4.2306,0.14267
-0.95284,-2.8888,2.0643,0.12234,-6.8085,0.11386,0.6861,0.23077
-0.76584,-0.42247,-0.083356,1.0532,5.5077,0.1678,-6.8637,0.20792
-0.71184,4.1141,3.7578,0.62947,5.6254,0.14002,-1.2164,0.092997
-0.70083,0.27986,2.4482,-1.0002,2.0592,-0.034976,-0.6439,-0.036286
-0.54386,3.4306,2.8151,-0.24041,-4.8289,-0.035297,-0.9235,-0.063496
-0.69892,0.37408,-0.064758,0.9129,-6.2879,-0.002337,-4.7812,-0.1214
-0.70636,0.51758,-2.0289,0.83753,4.1762,-0.19854,-1.3056,-0.1976
4.3722,1.8226,-0.83672,-2.4661,6.1369,0.090113,2.2247,-0.13308
4.3827,0.19346,0.29492,-1.7273,-8.0652,0.032279,-2.3012,-0.10884
-0.7593,-3.1794,-2.4971,-0.29376,-1.7223,-0.045726,1.5873,0.035827
-0.73763,0.81983,-2.5788,-0.50245,-0.097153,-0.016167,-0.2466,-0.027963
-0.72949,-3.4009,-1.877,0.58997,-2.9777,0.048798,1.985,0.15898
-0.54148,-1.6607,-0.57926,-1.031,6.2175,0.23752,0.31135,0.33706
-0.68186,3.8884,-0.41333,0.072651,0.74986,0.051929,4.071,0.18881
-0.72504,0.21979,1.6615,0.86707,-8.8088,0.11234,2.4234,0.16601
-0.71908,-2.616,2.6677,0.82227,3.6262,0.036322,0.69456,0.047996
-0.94485,4.3028,3.9654,-0.13848,5.8325,0.14177,0.27942,-0.027598
-0.75681,-1.4576,1.8413,-1.2895,4.695,-0.0059051,0.21339,-0.12612
-0.6711,2.1998,1.5997,-0.68205,0.089931,-0.066242,-1.3449,-0.13685
-0.69495,-0.7403,3.732,-2.7249,-8.0452,0.074936,-3.6417,-0.16829
4.3943,-0.7465,0.14718,-0.54072,2.664,-0.2115,-2.2811,-0.086714
4.3805,0.39887,-2.5677,1.4607,7.6272,-0.12718,-4.2492,0.0037009
-0.70503,-1.1395,-2.5498,-0.093008,-7.5076,0.055863,-1.8789,0.050016
-0.7518,-3.619,-2.8402,0.14278,-0.64077,-0.016263,0.75727,0.09453
-0.8054,1.1493,-1.9949,0.2008,-1.6413,-0.0022343,0.73449,0.087642
-0.92214,-3.2592,-1.1589,0.82751,-4.5964,0.073441,0.61519,0.28539
-0.74319,-2.4349,0.34952,0.26814,6.6309,0.32515,2.5183,0.24925
-0.72453,4.6216,1.81,0.48938,2.3498,0.06205,3.1825,0.11665
-0.72344,1.0529,-0.31864,-0.67528,-6.527,0.025605,5.4435,-0.042468
-0.5185,-3.3248,-0.3753,1.9493,-0.68091,0.073139,3.3676,-0.12887
-0.66984,2.1775,2.7136,0.92994,4.9182,0.050434,-0.39938,-0.18229
-0.70399,-0.95913,0.73031,0.31995,4.4319,-0.038236,-0.85525,-0.19716
-0.70238,2.1847,0.13821,0.054205,4.3632,-0.10251,-2.7143,-0.13449
-0.74791,-0.91634,1.1234,-2.049,-9.5999,-0.0097941,-2.3366,-0.10307
4.3979,-1.3121,2.1515,-0.1897,-0.21911,-0.068572,-3.4102,-0.08596
4.378,1.7279,-2.8821,0.92188,6.8599,-0.29132,-3.1313,0.13663
-0.7503,-0.17283,-2.3501,0.72947,-7.8471,0.040089,2.0355,0.12038
-0.52522,-1.1186,-0.65037,-1.3309,-0.582,-0.024882,-0.3557,0.12503
-0.64432,0.026861,-2.2864,1.1906,0.22835,0.0076294,2.9014,0.28624
-0.73325,-2.1223,-1.3975,2.2231,-8.0491,0.0374,3.0416,0.25027
-0.73215,-4.0997,1.126,0.95473,7.6326,0.40716,0.734,0.034683
-0.82781,4.6437,3.2452,0.12705,5.1042,0.13703,2.038,-0.081749
-0.72218,2.321,3.5235,0.021602,-1.4577,0.081694,4.4273,-0.16146
-0.70656,-2.9375,0.52909,-0.36361,-6.2475,0.10808,0.68282,-0.20079
-0.70477,0.99224,2.1612,1.778,2.108,0.019579,-2.8942,-0.13561
-0.68843,1.1094,-5.3458,0.29361,3.1947,-0.15041,-0.084723,-0.12806
-0.61886,2.2281,-0.85268,-0.36171,6.6229,-0.080585,-3.3482,-0.085278
-0.62233,-1.3834,-1.2007,-2.0775,-9.9815,0.084813,-0.86309,0.10463
4.404,-1.9091,1.3986,-0.043886,-3.5946,-0.038544,-3.4304,0.20247
4.3589,2.8481,-1.5607,0.68285,5.2133,-0.4668,-0.35047,0.05464
-0.77736,0.66514,-3.4378,-0.46059,-3.6004,0.010646,-2.3954,0.17304
-0.73455,-1.5315,-3.336,-0.56679,1.3881,0.046539,-1.6244,0.095625
-0.72533,1.6079,-0.4468,-0.31315,3.5888,0.04428,0.31259,0.052377
-0.71832,1.0213,1.4881,-0.02506,-7.8193,0.11861,2.7986,-0.062668
-0.41294,-7.9691,1.7489,1.4834,6.7165,0.29909,2.1972,-0.13196
-0.63025,5.08,1.655,1.6208,6.2485,0.22296,3.4381,-0.20361
-0.70672,1.0149,2.4169,0.78216,3.7105,0.056768,0.43767,-0.20461
-0.70548,-2.1305,1.3898,-0.24883,-4.9564,0.0040356,-3.581,-0.15087
-0.83541,0.36868,5.3414,1.4748,-4.1083,-0.012637,-4.4665,-0.073474
-0.75515,0.21544,0.73141,-1.0656,2.1154,-0.14212,-4.1711,-0.064591
-0.67532,2.2802,-1.2111,0.31224,7.2391,-0.061654,-4.6543,0.13734
4.4205,1.6258,-3.4008,-0.88302,-7.3758,0.031766,0.33294,0.16178
4.3951,-5.4712,-4.0536,-0.41334,-5.0962,0.019957,-3.0273,0.42728
-0.69541,0.52694,-2.1529,1.0393,4.5473,-0.2957,-2.769,0.18752
-0.72679,1.3104,0.32514,-0.28177,0.74211,-0.028206,1.9125,0.076057
-0.73746,0.42481,-1.1602,0.23944,1.214,0.064944,1.8466,0.0035062
-0.76565,1.8371,1.0609,0.78561,3.2881,0.05802,3.4506,-0.11918
-0.84118,0.52615,2.2655,1.5436,-6.782,0.018475,2.7509,-0.22612
-0.74951,-10.016,2.6709,-0.18222,4.0996,0.08514,0.75898,-0.18769
-0.71352,2.8209,1.0693,0.88057,5.819,0.19661,0.95497,-0.1251
-0.71193,3.5942,1.0625,1.4666,5.4221,0.14906,3.3124,-0.053688
-0.54306,-2.3476,1.3858,0.46583,-1.2674,0.014098,-1.0773,-0.0081759
-0.66446,1.3678,-0.73683,-2.437,-3.4224,0.0099461,-4.2853,0.095357
-0.69941,0.20777,2.9983,-0.65162,0.61194,0.02606,-2.9803,0.14396
-0.69012,1.476,1.7597,0.25096,6.0794,-0.39094,-1.7325,0.046779
4.3881,4.5745,-1.5226,-2.3312,-6.489,0.0063716,0.74321,0.082312
4.3538,-2.8976,-1.8999,-0.74183,-7.0199,0.017557,-0.75086,0.16182
-0.75505,-0.062527,-2.3831,-0.36021,1.6334,-0.12883,0.32041,0.039137
-0.7456,0.98265,-0.90793,-0.033956,0.98781,-0.025555,3.8257,-0.053347
-0.62012,-0.44716,-1.1002,2.1599,2.3006,0.012917,2.7037,-0.1765
-0.72754,-2.2709,-0.55428,0.85319,4.9282,0.10308,1.4053,-0.25375
-0.72973,0.69784,0.82805,1.6635,-4.3788,0.051743,1.5019,-0.17662
-0.72931,-8.0742,1.3644,0.82369,-1.8376,0.10389,8.1596,-0.16056
-0.93002,1.2266,1.1077,0.22699,5.358,0.13989,-0.57254,-0.096766
-0.84623,3.6118,-0.85414,0.075266,5.2504,0.11303,1.3619,0.10461
-0.7224,-1.5421,-1.3777,-0.71521,2.8292,-0.0068228,3.526,0.15053
-0.70424,0.81701,-0.81408,0.62266,-3.0794,-0.0039798,0.40214,0.032298
-0.42909,1.3749,-0.87638,0.35543,-3.8315,-0.008087,-1.4558,0.054056
-0.65701,1.3895,-0.81302,-0.060958,5.4971,-0.45258,-3.3179,0.17231
4.3673,3.4836,0.13029,-1.4054,-3.6744,-0.010121,0.71533,0.06642
4.3367,-2.2799,-0.40134,-1.1744,-7.024,0.073216,-1.6904,-0.032928
-0.78212,-0.016289,-0.88086,0.16506,-0.2134,-0.035053,1.4424,-0.10066
-0.8908,0.86031,-0.88987,-0.18396,0.71548,0.00021078,1.2141,-0.13719
-0.71439,-3.2874,0.80419,2.1667,0.8174,0.031535,0.60048,-0.17684
-0.73187,0.20899,0.32474,-0.70976,6.4288,0.32535,4.5686,-0.081068
-0.72638,3.3244,0.33942,1.2773,-0.81808,0.083966,5.3743,-0.064275
-0.46643,-7.9575,3.7692,-0.20069,-5.2304,0.077869,-4.1184,0.046292
-0.71563,-0.37409,1.5432,0.36239,5.5209,0.13002,-0.45792,0.1424
-0.72292,1.2869,4.3628,0.81432,5.4245,0.16073,1.0727,0.25331
-0.71159,-0.58932,4.1234,-1.2516,4.4448,0.013514,1.0948,0.12442
-0.9665,2.8316,0.35833,-1.1056,-3.12,0.049747,-0.42977,0.049797
-0.8137,1.1265,-0.66743,-0.85295,-5.4365,0.0078668,-3.0252,0.12035
4.3637,2.181,-2.7676,0.53553,5.4039,-0.25597,-1.5818,0.024193
4.3507,2.6464,-0.69395,-1.5007,1.5887,-0.10737,1.0864,-0.074789
-0.52409,0.66449,1.121,-1.873,-8.9063,0.028351,0.43987,-0.19787
-0.68004,-2.5417,1.8916,-0.47634,-1.888,-0.095012,0.87539,-0.19602
-0.74565,-2.1117,-0.7638,0.15181,-1.6959,0.062249,1.8704,-0.16073
-0.73856,-5.5928,-1.0946,1.5614,-0.62124,0.032549,0.81514,-0.065905
-0.90325,-0.055546,-0.99548,-1.2189,6.7595,0.29607,0.74672,0.084016
-0.8411,2.2826,-0.45696,1.1831,0.617,0.097949,3.9499,0.051793
-0.67843,-4.2071,2.2123,0.26837,-7.3351,0.027318,0.57066,0.046
-0.71618,-0.9673,1.1506,-0.13652,4.2554,-0.0011369,-2.9487,0.24416
-0.54562,3.2454,2.5928,0.55177,4.586,-0.027044,0.15578,0.12933
-0.67047,0.67245,-0.36102,-1.5951,3.5752,-0.012393,-1.9655,0.14031
-0.65647,3.3415,2.1013,0.51725,-0.43937,0.010171,-1.0632,0.050089
-0.69959,0.20756,0.68053,-2.4148,-6.9737,0.033081,-2.5389,-0.049283
4.3742,2.6559,-1.9914,-0.016274,5.0789,-0.18622,-0.84089,-0.068558
4.3429,1.185,-1.5872,-1.1374,5.6856,-0.051213,0.71516,-0.18686
-0.81839,1.9833,0.65904,-0.22627,-6.8663,-0.022481,-2.7729,-0.20273
-0.7468,-3.7641,-1.9658,-0.85138,-0.46726,-0.041259,1.9378,-0.11344
-0.73772,-0.3102,-0.42136,1.3558,-1.9993,0.020439,2.2332,-0.02789
-0.49248,-5.9077,-1.4349,-0.25842,-3.6701,0.087649,2.3271,0.30673
-0.7244,-1.429,0.68077,-1.3409,6.8305,0.33144,-1.0115,0.21069
-0.73386,4.5752,0.052821,-0.29102,3.1546,0.037991,5.2714,0.22425
-0.72548,-0.96723,-2.0587,-0.96665,-5.9606,0.10135,5.8425,0.099544
-0.87012,-2.2256,2.3735,0.56153,-0.24025,0.00027495,-0.16486,0.16535
-0.81266,3.4897,-0.56035,-0.608,3.8727,-0.11186,-0.08742,0.068391
-0.70857,0.18862,-0.54925,-0.47455,3.9677,-0.11683,1.3324,-0.012119
-0.69801,2.2428,1.033,-1.8802,3.0108,-0.15881,0.027216,-0.074278
-0.4635,-0.95659,4.2645,-1.4012,-10.274,-0.060608,-2.0551,-0.16396
4.3681,-0.65652,1.3994,-1.4136,3.3177,-0.25316,-2.5907,-0.15413
4.3488,0.4595,-2.3705,0.82531,6.7636,-0.47753,-4.1967,-0.15007
-0.75241,0.0098168,-0.88746,1.072,-7.2986,-0.031729,0.072908,-0.046459
-0.85948,-0.12164,0.59076,-0.74444,-1.1371,-0.013253,3.3174,-0.066636
-0.81273,1.226,-0.7807,-0.41472,-2.5252,0.004703,4.583,0.16433
-0.69443,-2.5014,0.007994,1.3613,-6.9597,0.054657,2.0453,0.26519
-0.72379,-2.4499,2.1979,0.02956,6.8769,0.3216,-0.23859,0.1647
-0.71847,5.0638,2.5177,0.57911,1.9166,0.051615,1.5539,0.12556
-0.59888,0.035723,0.7468,-1.4873,-3.4277,0.013161,3.4861,0.13245
-0.68747,-0.13057,-1.8328,0.0035732,-4.9426,0.05105,1.3625,0.0054776
-0.71122,2.332,0.22481,1.7571,1.6575,-0.078821,-1.5109,-0.076492
-0.70462,2.2374,-2.7272,0.090327,2.6612,-0.24263,-0.15414,-0.074837
-0.76365,1.1794,-1.0818,0.66317,5.0863,-0.2344,-1.9668,-0.19787
4.5449,-0.99241,2.2456,-2.7382,-9.3289,0.006025,-4.3577,-0.16774
4.3768,-2.3759,-0.024916,-0.63169,1.2854,-0.11675,-2.9412,-0.07401
-0.78187,2.3211,-3.1586,0.24186,6.1689,-0.36339,-5.6982,-0.058458
-0.56963,0.68676,-1.4961,0.87568,-6.159,-0.034123,2.935,0.043542
-0.68772,-2.5074,-1.0284,-0.62164,1.2252,0.011114,-0.16964,0.11493
-0.74315,0.83082,-1.5768,0.13824,0.38796,0.018956,3.134,0.3115
-0.73846,-1.8119,1.7317,1.0725,-9.6799,0.094195,6.0948,0.28828
-0.899,-3.9072,3.3068,1.0786,7.1765,0.3939,3.0981,0.099982
-0.77824,5.4757,6.8821,1.3575,3.9535,0.05465,0.96477,0.02047
-0.71782,1.6387,4.0908,0.18724,1.0285,0.1022,2.6746,-0.041957
-0.71435,0.10806,0.48534,0.68726,-7.9653,0.078113,0.23166,-0.11687
-0.38641,1.6693,3.28,0.23653,-1.1423,-0.029034,-1.9748,-0.16258
-0.664,1.5331,-2.5405,-0.41704,2.8842,-0.13302,-0.42684,-0.21682
-0.67053,0.90118,-3.2061,0.28872,7.3365,-0.024278,-0.65358,-0.1349
4.3941,0.19544,-0.31118,-1.4562,-9.0728,0.058103,-1.6453,-0.11224
4.3698,-3.62,0.3451,-2.1256,-3.5571,-0.092047,-3.3519,-0.011048
-0.98915,1.7422,-1.1461,1.4157,3.2507,-0.42695,0.89806,0.12067
-0.79795,0.39989,-2.089,0.21927,-2.7093,0.0073278,-0.48433,0.16973
-0.74105,-0.64541,-0.37673,-1.2853,2.4007,0.079698,1.8464,0.25012
-0.73184,2.2841,2.4499,0.71499,2.1637,0.055504,2.5402,0.079465
-0.62105,-1.5043,1.3558,0.74871,-8.7484,0.088432,3.2803,0.20853
-0.67042,-4.2582,-0.88916,0.31578,6.7282,0.32748,0.10735,0.0086659
-0.72094,6.2366,-0.67988,1.0076,5.5809,0.18186,2.6623,-0.073085
-0.71685,0.69327,0.46744,-0.78823,3.5152,0.071419,0.60561,-0.11402
-0.90705,-0.36696,2.467,0.40663,-6.6969,0.059592,-2.7159,-0.18952
-0.7635,1.4422,4.1567,-1.8813,-4.3571,0.0074754,-3.4865,-0.16058
-0.70142,1.6175,1.821,-0.06327,0.9029,-0.028706,-1.7152,-0.12957
-0.68928,-0.57756,-0.96322,0.96194,7.5369,-0.11847,-6.5899,0.030594
4.3945,1.1627,-3.6318,0.18436,-8.906,0.057038,-0.88762,0.0054533
4.3695,-7.0083,-3.6118,0.4957,-5.3956,0.024379,-3.878,0.18611
-0.75439,0.75994,-0.423,-0.40724,2.4006,-0.19253,-1.3796,0.23596
-0.74473,0.86801,-1.812,0.81692,1.4309,-0.019529,0.15221,0.06659
-0.86666,0.65202,-2.39,0.2134,2.735,0.019277,1.3682,0.25382
-0.7319,1.9681,0.83055,2.0353,3.3024,0.043356,3.192,0.058851
-0.71994,1.7532,2.9458,-0.019813,-7.2583,0.049208,3.9482,-0.082139
-0.71787,-8.6542,0.33675,0.78402,2.942,0.11436,2.9874,-0.15849
-0.52672,2.7009,0.35722,0.65571,6.1569,0.22874,-3.3323,-0.18686
-0.62943,2.1514,-2.3882,0.47923,5.102,0.1218,1.3912,-0.20726
-0.64604,-2.0909,0.75705,-1.2936,-3.8638,0.0062304,0.18759,-0.11302
-0.70226,0.17269,1.9298,-0.11496,-5.5511,0.010941,-4.1229,-0.084061
-0.77708,0.87315,0.56767,-1.2488,-2.0813,-0.020588,-3.8026,-0.054515
-0.81952,1.3938,-0.11219,0.66049,5.7156,-0.57691,-1.9937,0.16049
4.3955,2.8395,-1.0993,-2.8209,-8.1103,0.012597,3.4632,0.27259
-0.66226,-3.2765,-0.54077,-0.66506,-6.7542,0.0070454,-0.15697,0.24995
-0.74819,2.0319,0.052981,0.038,-1.0659,-0.20623,1.5767,0.051452
-0.62055,2.8488,1.4071,0.066614,-1.3538,0.032536,4.3566,0.047631
-0.7409,-3.0583,-0.53913,0.033947,4.4386,0.015594,0.35738,-0.038306
-0.73081,1.216,1.4524,0.37028,4.294,0.01329,2.7566,-0.15119
-0.72344,4.0787,2.0887,0.42838,-6.6533,0.084524,2.7812,-0.12334
-0.8786,-7.9133,0.76831,-0.19511,-4.8793,0.095286,3.2549,-0.17961
-0.80633,2.2594,1.4432,0.82244,5.5572,0.16057,-0.37548,-0.179
-0.70159,1.1995,-1.8373,1.1234,5.4604,0.11363,0.59765,-0.056754
-0.70638,-0.20849,-0.41526,-0.027886,0.18663,-0.053908,2.4618,-0.012362
-0.46614,0.41909,0.59797,-0.64992,-5.8386,-0.019055,-4.0359,0.13023
-0.68098,0.63956,-2.548,-0.23219,-4.3373,0.026362,-2.9933,0.12162
4.4125,1.1799,-3.0822,0.95719,5.5268,-0.43116,-5.3454,0.071725
4.3706,1.3517,-1.6415,-2.9242,-4.1159,0.014329,-0.0024975,0.2399
-0.78311,-0.20318,2.5477,-0.95805,-6.1905,0.0032142,-1.7345,0.11037
-0.85043,-1.6965,-1.7674,0.681,0.43217,-0.042587,-1.8551,0.0088606
-0.81879,1.5714,1.2152,-0.79035,-3.5349,0.102,0.88657,-0.10531
-0.73177,-2.8222,0.010242,0.87666,5.6186,0.18121,1.8883,-0.17691
-0.71989,1.3373,1.192,0.19821,5.5033,0.15379,3.0153,-0.19536
-0.62051,1.8504,0.93336,1.8142,-3.5959,0.053707,1.0722,-0.17684
-0.67769,-7.6649,3.8597,0.031545,-8.5483,0.099817,2.5401,-0.13052
-0.7131,0.077633,2.7097,-0.22313,5.1009,0.13786,-1.7627,-0.021756
-0.70153,0.21754,2.8514,0.53338,5.5888,0.13362,-0.47964,-0.002992
-0.78028,1.5111,0.34484,0.29459,3.3092,0.0023991,4.2745,0.019983
-0.75242,1.9253,-0.57068,1.4362,-4.0754,0.039313,0.91408,0.059362
-0.69054,-0.2779,-2.6656,0.16296,-5.1787,0.061633,-3.1977,0.21057
4.3863,2.8242,-2.1326,1.0375,5.9585,-0.26107,-0.75208,-0.011997
4.3546,1.7064,-4.2802,-2.7273,0.23607,-0.045944,1.4353,0.078686
-0.71989,-0.88817,0.079461,-1.2532,-5.9767,0.06755,-2.6685,-0.04719
-0.73452,-1.4757,1.2215,-0.2403,1.7555,-0.006226,2.8143,-0.099638
-0.73089,-2.2768,1.1559,-1.1702,-4.8112,0.051782,4.0391,-0.15498
-0.76841,-4.4656,0.82025,1.294,3.0512,0.048374,-0.64677,-0.20646
-0.76663,1.4199,1.1773,-0.032729,7.2209,0.34733,1.7192,-0.14887
-0.70276,1.872,1.2062,1.5598,0.73309,0.039685,2.5221,-0.053128
-0.70338,-6.5118,1.4126,0.20328,-6.6042,0.084684,-3.1936,0.058072
-0.58904,0.10003,1.3206,0.74288,3.0817,0.082335,-3.2579,0.11383
-0.58909,-0.90835,3.4058,0.99379,4.6634,-0.0076635,-2.4592,0.18268
-0.70303,3.1742,0.8834,-1.1747,3.2119,-0.15134,-2.9764,0.08202
-0.69747,2.5071,-0.089529,-0.069918,0.51225,0.0092017,0.39263,0.051793
-0.91082,0.054642,-1.0658,-0.57893,-5.9146,0.045582,-3.6559,0.10458
4.3681,2.3371,-1.1231,1.4056,5.0781,-0.28765,-0.7376,-0.0057665
4.3217,1.2468,-2.744,-1.6813,5.2107,-0.0608,-1.7692,-0.10862
-0.73817,-0.036884,-1.2931,0.12215,-6.6852,0.035789,0.65927,-0.19494
-0.73535,-0.11566,0.17772,0.2072,2.9125,0.020445,3.3418,-0.11159
-0.53804,-0.65352,0.83799,1.023,-1.9362,0.028814,2.254,-0.11933
-0.66848,-6.489,1.1381,-0.013428,-1.6288,0.051801,2.2545,-0.026235
-0.72368,-1.294,0.29379,-0.3324,8.2307,0.54076,0.22506,0.0064998
-0.71428,5.0291,0.38496,0.15858,4.2107,0.025688,4.8147,-0.017376
-0.92795,-3.1183,-1.0084,-1.7164,-3.6794,0.11267,4.1359,0.30011
-0.71656,0.0094122,2.5427,0.32462,-1.5565,0.031644,-0.17413,0.18619
-0.69796,0.47427,0.098104,-0.27623,2.4365,-0.071248,-1.0724,0.18198
-0.70286,1.9021,0.25335,1.1193,2.7913,-0.24752,-5.0941,0.037214
-0.50096,1.4221,2.2715,-2.2394,5.5566,0.083613,0.53948,0.020957
4.3749,-0.21906,2.766,-1.5042,-7.9045,0.049009,-1.717,-0.061403
4.3403,0.63791,0.28842,0.73662,3.7499,-0.19666,-1.6021,-0.23347
-0.76007,0.032519,-1.3736,0.88044,6.5425,-0.12282,-2.2217,-0.17886
-0.90579,-0.41824,-1.1718,1.2547,-4.7644,0.037355,-0.77644,-0.19602
-0.85013,-0.29812,-2.231,0.089768,2.8258,-0.0034023,1.3473,-0.11947
-0.72977,0.064076,-0.060178,1.0144,-1.8445,0.022755,4.6089,0.056125
-0.73828,-6.5942,1.5679,1.1105,-6.2231,0.099599,3.424,0.22272
-0.44381,-0.96619,5.8438,-0.35491,7.4443,0.39774,4.4544,0.18312
-0.58916,5.1918,1.1007,1.1647,5.433,0.14897,4.5716,0.08572
-0.64003,-1.9402,-1.0525,-1.1515,-0.68842,0.05956,4.7767,0.25509
-0.72234,-0.17097,0.75927,1.7153,-4.2158,0.0092594,-1.4472,0.14983
-0.76195,1.1687,-1.7806,0.47984,0.2777,-0.089474,-4.6232,0.038163
-0.86111,2.9954,-0.83673,0.50821,2.2372,-0.23204,-1.9301,-0.036091
-0.73319,1.0363,1.647,0.005757,6.6656,0.12056,-3.0545,-0.11575
4.3575,-0.24087,2.0002,-0.11459,-7.7763,0.052038,-3.6331,-0.11626
4.3333,-1.1499,0.71915,0.044616,1.7958,-0.15269,-2.1729,-0.10925
-0.64433,1.1332,-0.38589,0.7776,4.827,-0.3391,-1.8112,-0.1765
-0.72072,-1.7036,-1.8793,2.8315,-2.9019,0.058841,2.5583,-0.099321
-0.76184,-2.9703,-0.58708,-0.54127,3.7933,0.049163,2.4161,0.27704
-0.75031,1.4833,-0.76858,0.17884,0.12558,0.091538,4.6078,0.16815
-0.88303,-3.5249,1.0213,1.1176,-8.5499,0.099079,0.51881,0.18684
-0.77609,-4.6276,2.0385,0.31996,6.6115,0.35142,-0.49891,0.23798
-0.72816,5.7858,2.2964,-0.34436,5.2015,0.18027,3.3961,0.17122
-0.71964,0.61338,1.1197,0.022334,2.9704,0.084466,2.6876,0.058851
-0.35479,2.7304,1.5374,-0.30493,-5.8206,0.041385,0.39026,0.034975
-0.64684,1.4736,1.8005,-0.46622,-3.4823,0.019566,-1.2977,-0.077588
-0.70892,2.7359,-3.5837,0.46208,2.0488,-0.19469,0.45151,-0.12161
-0.6988,0.62961,-1.6248,0.25674,7.8157,0.13584,-1.8247,-0.16243
4.3544,-1.1635,0.060382,-3.5774,-8.1448,0.00079477,-3.5993,-0.19346
4.3333,-3.5559,-1.4141,-1.8764,-0.88345,-0.0687,-2.1717,-0.09516
-0.6745,-1.2724,-1.665,0.83612,3.4433,-0.26406,-0.3261,0.012049
-0.75403,-0.26177,-0.59808,0.82888,-1.0115,-0.014633,-1.4336,0.016308
-0.68991,-1.9383,-0.68244,-1.4599,5.188,0.16784,3.1946,0.18585
-0.67223,1.3975,0.2859,1.164,1.387,0.0055437,3.6108,0.31325
-0.70279,-1.7566,1.1076,0.029034,-9.0289,0.051005,3.7009,0.21233
-0.74203,-5.9132,1.8222,1.3029,5.4733,0.2008,3.7063,0.14905
-0.91979,5.7743,3.2349,1.0854,4.5702,0.067716,-1.1476,0.010004
-0.89216,-0.049163,0.87151,1.2447,3.6066,0.014509,2.5865,-0.060843
-0.75532,1.0922,2.5236,0.038976,-2.9807,0.010671,-2.0215,-0.12962
-0.71507,-0.50651,4.8898,-1.2515,-6.1517,-0.045912,-3.401,-0.11723
-0.7161,1.59,1.2632,-1.5791,1.0697,-0.15419,-0.49636,-0.102
4.424,2.9041,-0.78528,1.0339,7.4549,-0.35381,-3.3525,-0.13052
4.3736,-2.8925,-2.7234,0.24525,-10.301,-0.024971,0.35378,0.095625
-0.76524,-3.4801,-3.0331,-0.91577,-4.4862,-0.10892,-2.1992,0.049505
-0.75799,-2.0299,-1.4117,0.99872,1.305,-0.25894,0.20035,0.076301
-0.93301,-1.4042,-1.3184,1.1574,-3.5385,0.040712,0.20145,0.18606
-0.81253,-0.90387,-0.88899,-1.1392,5.708,0.19782,-0.18709,0.27687
-0.7397,3.1216,2.4898,-0.25376,2.5144,0.015087,2.3929,0.25153
-0.73452,0.10497,-0.88036,0.58828,-9.3327,0.053566,3.255,0.072017
-0.67106,-6.8112,-1.0321,1.9025,1.317,0.093765,3.5594,-0.010585
-0.71268,3.3077,-1.6766,1.5083,5.3731,0.10633,-1.3383,-0.13668
-0.71478,-2.0737,0.35388,0.1798,4.7306,0.0074048,-0.011398,-0.17056
-0.7172,0.71419,0.8477,0.82771,-0.85692,0.02393,-0.57478,-0.19222
-0.82357,-0.16366,2.7353,-0.94797,-8.0843,-0.048607,-5.1572,-0.14393
-0.80561,-1.1666,1.0421,0.041764,-0.34063,-0.053369,-5.0059,-0.07216
4.3865,2.0657,-2.4972,0.88858,6.1577,-0.49851,-2.9395,-0.090195
4.3702,0.29973,-1.8165,0.15291,-8.6603,0.033723,1.2191,0.15966
-0.64266,-0.91211,-1.0317,-0.3853,-5.7541,-0.0072207,-2.5373,0.097548
-0.62454,0.97861,1.5485,-0.36335,-0.67328,-0.13428,0.31574,0.1509
-0.70743,-0.18616,0.32317,-0.081344,-3.7983,0.040872,4.4561,0.27899
-0.74847,-3.4538,0.10786,2.6034,5.9608,0.21983,0.58187,0.27867
-0.73813,3.7626,3.479,1.2973,4.5426,0.052725,1.9368,-0.017546
-0.8076,1.9796,3.3958,1.4176,-5.5948,0.022261,1.9979,-0.088686
-0.72915,-5.1615,0.81279,-0.3321,-4.6367,0.099836,3.7387,-0.15041
-0.71861,3.0968,3.9543,1.6873,5.1776,0.045679,-1.9295,-0.18825
-0.71196,-1.8746,3.8933,0.26549,4.6018,-0.11023,-1.4814,-0.13585
-0.39363,2.0741,-2.7534,0.59508,1.9627,-0.12261,0.3334,-0.14357
-0.63994,1.1557,0.18931,0.214,-8.1379,-0.073186,-0.58124,-0.10034
-0.71369,-1.8756,-2.786,-0.22186,-4.1624,-0.03884,-0.63056,0.088421
4.3844,1.5672,-2.7321,-0.033224,5.178,-0.50552,-3.4006,0.10429
4.3634,1.234,-3.7054,-1.8745,-4.5903,-0.042376,-0.68723,0.24095
-0.76483,-1.647,0.091738,-0.014777,-6.6159,0.025278,-0.61094,0.21359
-0.74363,1.1121,-3.4507,0.24002,0.42138,-0.085097,1.4417,0.078175
-0.74176,1.3038,1.4027,0.34042,-5.9003,0.0097023,2.801,0.040938
-0.63383,-3.7873,0.92547,1.4225,4.1049,-0.0055393,0.67777,-0.069799
-0.69102,3.4292,1.2173,0.44882,5.569,0.17781,3.2247,-0.12668
-0.74798,1.8159,2.6763,1.9993,-3.09,0.10122,2.8348,-0.21661
-0.7268,-6.4237,1.8317,-0.36321,-7.9417,0.084549,-2.0695,-0.17664
-0.83154,0.77345,3.4165,-0.64666,3.8395,0.030636,-2.6319,-0.18772
-0.84316,-1.905,-1.8024,0.65865,4.1819,-0.1181,-1.5742,-0.06077
-0.69901,3.2,-0.84618,-0.093772,2.8694,-0.32168,-1.9898,-0.044537
-0.7031,-0.46675,-3.2419,-0.25099,-5.7219,0.0064614,1.8303,0.15542
4.3921,0.10773,-1.9543,-0.52976,-5.6074,0.032972,-3.9454,0.030254
4.3765,1.161,-3.3315,0.0021923,4.4343,-0.65009,-4.0515,0.37668
-0.69578,1.3036,-3.2682,-2.0226,-1.6379,-0.076895,-1.2173,0.25628
-0.7607,-2.0175,-1.8865,0.012681,-5.6216,0.018539,-1.1948,0.10745
-0.74969,0.58934,-0.0066207,-0.56907,1.3666,-0.00183,2.8036,-0.031686
-0.87947,0.99225,1.4441,-0.50599,-6.7429,0.085916,2.0712,-0.13502
-0.75122,-5.8592,0.62278,0.71925,2.8887,0.05252,1.0715,-0.23822
-0.73328,1.276,-0.13953,0.20951,6.5744,0.32777,2.6234,-0.17664
-0.73386,4.1151,-0.18705,1.2672,1.0277,0.086719,2.9792,-0.097374
-0.61393,-5.113,-0.36806,-0.043153,-7.746,0.095273,-0.11788,-0.064445
-0.66113,0.28814,2.1179,-0.12531,1.7392,0.077259,-2.6156,0.0037983
-0.72015,-1.2307,1.8825,0.54711,3.1498,-0.017168,-2.8718,0.088835
-0.71407,2.5302,0.012285,-1.0043,2.976,-0.21758,-5.5783,0.062501
-0.85587,2.9841,-2.0143,-1.32,0.16526,0.0049854,-1.463,0.16387
4.3871,-0.0045043,-2.2277,-0.68859,-8.0514,0.017589,0.50592,0.091439
4.3505,2.6263,-2.7993,-0.67311,2.6675,-0.32333,-0.57482,0.13732
-0.7556,2.0603,-2.6316,-1.6968,2.653,-0.17631,-1.6525,0.018085
-0.53962,-0.3292,-2.1591,-0.070977,-5.585,0.025598,-0.73991,-0.052276
-0.7486,0.95941,-2.3479,0.82364,2.3951,0.034769,1.9932,-0.1597
-0.67936,-2.2195,-0.81087,1.3873,-5.8279,0.024296,4.6692,-0.23778
-0.73671,-7.8989,1.0184,0.17605,0.37207,0.049889,2.5145,-0.19903
-0.8925,0.40923,2.4517,-1.1248,7.128,0.37383,-0.97197,-0.13585
-0.87689,3.3039,0.71985,0.21823,4.3588,-0.0032675,2.4485,-0.071065
-0.67818,-3.029,1.1276,-0.55275,-4.6514,0.022717,5.7759,0.07377
-0.71067,0.81652,-1.9603,0.60231,-3.8981,0.04367,-3.5813,0.092656
-0.70641,0.62704,-0.75673,1.6282,-0.99568,-0.12444,-2.2733,-0.031394
-0.57587,2.0509,-0.44863,-0.96296,3.0188,-0.35292,-7.4331,0.078175
-0.67372,2.3105,-0.27191,-2.2392,3.7187,0.068551,4.236,0.19271
4.3675,-2.086,-2.9748,-2.2618,-8.396,0.033312,-1.008,0.078321
4.3341,1.8623,-2.2855,-1.383,1.0603,-0.1788,1.5728,-0.033414
-0.97562,1.3247,-1.9459,-0.41433,4.784,-0.28849,0.17407,-0.12826
-0.77315,0.8587,0.4057,0.82943,-3.4518,0.060221,1.7793,-0.12325
-0.73355,-1.0082,-1.6351,-0.60529,3.704,0.0032334,0.57396,-0.1781
-0.73511,-1.1011,0.96483,2.1112,-3.1936,0.085717,4.0719,-0.045023
-0.53744,-7.44,1.5363,0.51206,-3.9067,0.086122,7.3359,-0.060137
-0.57798,-1.0618,3.7205,-0.35665,6.8266,0.30378,-0.046108,0.05851
-0.72966,2.9826,1.335,1.7212,6.2431,0.26618,0.73671,0.13345
-0.72262,-1.9013,-1.4378,-2.075,-1.0194,0.063275,-0.63171,0.26611
-0.95989,1.0044,-0.012287,1.1223,-5.5247,0.021491,-2.4792,0.17056
-0.77033,2.8165,-0.78111,-0.39394,-4.251,-0.078885,1.8393,0.067758
-0.66294,0.83176,-1.5139,0.80008,3.2748,-0.25017,-2.1801,0.12099
-0.69095,1.5752,-2.2597,-1.5067,6.0626,0.17515,2.6489,0.009542
4.3592,-2.3246,-2.7956,-2.5718,-8.9563,0.013649,0.57994,-0.068412
-0.66835,-1.1081,-4.7445,-1.5647,0.31064,-0.055358,-2.1746,-0.19833
-0.71277,1.143,-0.5176,-0.60785,3.567,-0.21592,-1.3691,-0.17686
-0.73939,0.40457,1.2083,0.61194,-2.028,0.057333,0.62416,-0.16121
-0.95781,0.68619,-0.75866,-1.7104,4.6958,0.062884,1.5107,-0.065711
-0.91366,1.2796,1.1691,0.76995,-2.1895,0.12762,3.9999,0.065665
-0.77744,-6.0354,2.0897,1.5806,-6.0192,0.10297,-1.05,-0.014601
-0.71693,-1.0827,3.7934,-1.214,6.8833,0.3464,-5.3463,0.013923
-0.70735,3.2327,1.2073,-0.089796,6.6646,0.30701,2.2272,0.088251
-0.60757,-1.0622,0.61498,-0.072904,2.8309,0.064617,0.6724,0.19315
-0.67892,2.6922,-0.068542,-0.34445,-3.315,-0.026172,-0.4106,0.14883
-0.70159,1.1091,0.54432,-0.34505,-4.6256,0.012699,-3.1219,0.072285
-0.69549,3.0852,-0.98896,0.058116,3.7903,-0.18806,-0.64275,-0.03339
4.3783,4.7411,1.0469,-2.582,7.2224,0.23941,3.2185,-0.087006
4.3509,-0.47933,1.8679,-0.95026,-7.4343,0.047193,-1.9316,-0.16766
-0.74809,-2.4026,-2.4196,-0.12366,-0.89521,0.0018152,-0.37945,-0.17326
-0.73891,-4.4099,-3.5804,0.020472,1.482,-0.14934,-1.8664,-0.11224
-0.5935,-1.6251,-2.1093,1.6712,-1.7885,0.056171,1.4103,0.01974
-0.63519,-3.4343,-1.6906,-1.2195,6.3509,0.30719,2.4532,0.14686
-0.72624,2.1953,-0.6065,-0.093637,-0.25408,0.11449,4.0923,0.2527
-0.728,-4.9477,0.030774,0.90081,-8.5983,0.059816,1.48,0.23406
-0.93707,-2.0031,0.48911,0.95494,5.2136,0.11291,-1.6104,0.07192
-0.73306,3.8302,3.0132,0.76565,6.0372,0.17828,-0.54899,0.18709
-0.68378,-0.59282,1.9379,-0.80994,4.4233,-0.0044227,-0.53124,0.088251
-0.69725,3.3246,1.768,-0.99337,1.5556,0.04881,-1.0132,-0.022584
-0.70917,1.0972,2.9959,-0.59543,-7.9427,0.011666,-2.1631,-0.063812
-0.57439,0.67897,-1.1633,0.69205,4.1069,-0.27201,-3.0773,-0.17143
4.3625,2.766,-1.1456,0.19309,8.1018,0.088304,-1.144,-0.13916
4.3421,-0.30022,1.0227,-0.0064915,-8.2189,0.062833,-1.3306,-0.17085
-0.75421,-1.0779,0.22874,-0.54197,-1.2764,-0.022437,-0.48852,-0.080119
-0.82808,-2.5532,-1.8543,0.29102,0.64007,-0.060287,0.90224,-0.081847
-0.74107,-4.2804,-2.5532,0.93852,-3.9339,0.096005,0.10333,0.21834
-0.73036,-2.521,0.26066,-0.81969,7.3451,0.44506,1.9056,0.20738
-0.73285,4.3033,2.3686,1.4106,3.2489,0.10457,4.4802,0.079879
-0.52344,1.1893,-0.24662,-0.21902,-8.5867,0.087835,2.2425,0.22997
-0.696,-3.2658,-0.80932,0.76066,2.2149,0.085397,2.035,0.16745
-0.71805,3.1704,0.87631,-0.45985,5.9295,0.21833,-0.0074488,0.036654
-0.71781,-1.5937,0.30213,-0.28564,4.9446,0.059098,1.1027,-0.039986
-0.85982,1.478,1.3311,-0.31173,4.0109,-0.043428,0.3359,-0.10066
-0.7537,0.82151,4.1929,-4.1276,-8.6437,-0.020909,-3.2963,-0.1976
4.2688,-0.85251,1.1098,-0.6824,2.6359,-0.020377,-1.1082,-0.1765
4.3704,2.3614,-1.5567,-1.127,8.0192,0.00049315,-2.7572,-0.097569
-0.56355,0.25506,-1.1272,0.29903,-8.2738,0.021761,0.94815,-0.025066
-0.66928,-1.5027,-1.2579,-0.84909,-2.3428,-0.02458,0.64738,0.079538
-0.77076,-0.34416,0.035656,-0.46915,0.46133,-0.01403,3.2592,0.079879
-0.74816,-3.011,-1.3872,0.77986,-4.5197,0.085345,1.9965,0.30367
-0.894,-3.3324,0.60594,0.57312,7.3766,0.40417,-1.1578,0.26008
-0.84531,3.651,1.4556,2.1641,5.7946,0.18697,2.0692,0.10105
-0.78543,2.4575,1.1473,-0.13041,-3.8651,0.038132,3.2584,0.058583
-0.72149,-1.654,0.25228,0.20463,-3.7547,0.064835,2.3161,-0.041373
-0.71141,2.5567,5.1165,1.2237,4.3948,-0.0056933,-2.9293,-0.086106
-0.44985,0.31803,1.1536,-0.63283,3.1333,-0.12471,-0.86966,-0.17448
-0.63952,0.87124,0.8892,0.5544,6.5096,-0.028122,-1.6633,-0.19877
-0.70229,0.18019,-1.4938,-1.6589,-8.2897,0.003612,0.012144,-0.13077
4.3891,-1.5214,-2.201,-1.4821,-1.5179,0.013829,-3.4589,-0.11865
4.3665,-0.55265,-4.6891,-0.092436,5.7435,-0.28353,-1.192,0.0082765
-0.80854,-0.56608,-4.602,-0.70442,-3.7132,-0.029143,-2.1839,0.15625
-0.74913,-1.4822,-0.27556,-0.70618,-2.7343,-0.032217,-0.7784,0.17202
-0.73362,0.93765,-0.68091,-0.14445,1.5091,-0.035214,0.69321,0.14374
-0.61845,-1.1417,1.3931,0.53647,-6.4217,0.092834,3.1254,0.22483
-0.69772,-5.119,0.080701,1.3859,5.9163,0.26091,-0.76375,0.22094
-0.72965,4.1544,1.1474,1.5276,6.0285,0.27403,2.9907,0.038942
-0.72755,4.0537,0.96579,0.86673,-0.27828,0.046372,0.90792,-0.057144
-0.84334,-1.4762,0.9891,1.0545,-5.119,0.079415,0.74117,-0.17647
-0.77986,0.19453,2.7078,0.73421,-0.55849,-0.052888,-2.4652,-0.1938
-0.71175,0.077973,0.73355,0.034968,2.1467,-0.15958,-1.9124,-0.15425
-0.70027,1.7912,-0.44593,0.57844,5.4395,-0.58183,-4.6053,-0.12712
-0.49926,0.58236,-1.6977,-1.1305,-8.5169,-0.061737,0.84833,0.04802
4.3904,-2.5213,-1.8107,-0.70592,-6.2919,-0.075509,-1.6727,0.0012915
4.3679,-1.4804,-2.6528,0.78277,3.1717,-0.55226,-2.2163,0.1966
-0.75599,-0.013514,-3.9763,-1.3864,-1.1163,-0.16754,-2.4763,0.25862
-0.81934,0.0085452,-1.5735,0.10785,-1.7819,-0.029059,-1.867,0.051208
-0.85783,0.2253,-1.2052,-0.49915,1.1737,-0.04896,-0.5737,0.31265
-0.68401,2.3494,2.4971,0.51546,-7.228,0.065413,0.23312,0.069973
-0.72747,-8.2568,-0.23246,1.1719,3.3011,0.05449,0.59442,-0.061379
-0.72891,2.8748,1.8683,0.99394,5.4581,0.119,3.9164,-0.080119
-0.6187,2.0436,0.34872,1.387,1.8951,0.012577,1.7517,-0.21184
-0.70526,-1.7487,-0.66567,0.32947,-5.9613,0.062332,1.8967,-0.16301
-0.71235,-1.0887,2.7608,0.28419,-4.0837,-0.061108,-2.5036,-0.13303
-0.7063,0.96777,-0.3347,-0.50542,0.69178,-0.11236,-3.164,-0.084646
-0.95456,0.95723,-1.3337,0.18537,4.2085,-0.93078,-4.8571,-0.014406
-0.75807,1.2179,-3.6125,-0.45013,-6.941,0.018379,-1.1045,0.13354
4.3963,-4.2783,-1.0533,-0.29306,-8.734,-0.051963,-3.3842,0.25348
-0.59109,2.2184,-1.2271,-0.50121,1.3713,-0.35808,-0.12298,0.11862
-0.51702,-0.59275,-2.6016,0.069575,1.8052,-0.16144,-0.52834,0.28458
-0.71955,0.44285,-2.4357,-0.62513,-2.7974,-0.0092422,1.7532,0.037652
-0.73292,1.1667,-2.3576,0.1885,3.5984,0.020272,1.5628,-0.019663
-0.7309,1.1226,-1.3782,2.3107,-4.4574,0.086584,0.49693,-0.12544
-0.90858,-8.161,2.388,-0.032048,-0.018851,0.056126,0.59483,-0.17628
-0.77834,1.3158,5.6277,-0.71336,5.724,0.13123,-1.6903,-0.17277
-0.73235,0.71436,1.1634,0.94586,4.862,0.049093,1.3994,-0.15885
-0.70971,-0.6357,0.35019,-0.11355,-1.8939,0.05594,3.4354,-0.051595
-0.39493,-0.24498,-3.1812,-0.14945,-5.063,0.010267,-5.2675,-0.034583
-0.65419,0.8025,-3.1877,-0.42667,-2.5978,5.6757e-05,-1.19,0.079124
-0.64589,0.24403,-0.8867,1.4779,5.3087,-0.26569,-6.871,0.078443
4.4129,2.7019,-1.6331,-2.1424,-1.2781,0.015555,0.25919,0.086961
4.3678,-0.73033,-1.3731,-3.1646,-8.4339,0.036508,-2.4374,0.10319
-0.94677,2.455,0.53063,-0.8266,0.35593,-0.11,-0.55218,0.13537
-0.8187,1.8688,-1.9048,0.29022,3.4888,-0.19315,1.6072,0.035413
-0.73603,0.091017,0.11693,1.4053,-1.2586,0.020516,2.2899,-0.087396
-0.72229,0.18178,-0.51819,-0.64615,5.4594,0.13901,2.5278,-0.10562
-0.57107,2.3982,0.17174,2.0555,-2.7753,0.07749,3.4013,-0.22843
-0.65918,-5.9915,0.35871,-0.12816,-3.817,0.075674,3.2472,-0.18017
-0.7138,-1.1384,1.911,-0.58115,6.1601,0.24637,-1.9075,-0.12619
-0.71357,1.8384,1.8133,1.7491,5.7456,0.18109,2.3892,-0.019785
-0.79378,-1.6677,1.4813,0.095755,0.53623,0.04969,-0.70945,0.084332
-0.75288,0.74286,-0.24769,0.57465,-5.129,0.014483,-0.74096,0.03203
-0.69271,1.6185,-1.358,0.34614,-3.5158,0.0047544,-2.7325,0.078151
-0.68339,0.48901,-1.9986,-0.42568,4.5577,-0.25605,0.14124,0.15761
4.3889,2.2025,-0.91923,-2.8076,4.2074,0.022422,0.58381,0.060579
4.3516,-0.39062,0.94045,-2.6979,-8.8829,0.078241,-3.3911,0.069681
-0.75808,-1.6577,-0.87842,0.53865,-1.273,-0.024965,-0.8857,-0.040253
-0.74183,1.6094,0.055725,-0.65758,0.99847,-0.020466,1.0804,-0.088199
-0.9273,-2.5478,-1.7035,1.6845,-1.5889,0.10355,1.0835,-0.22561
-0.73625,-0.72914,-0.81868,-0.51826,5.8406,0.22769,4.1214,-0.19258
-0.67815,1.7672,0.54758,2.148,-1.0848,0.12408,3.5033,-0.16613
-0.71401,-3.9368,0.51251,0.18711,-6.0261,0.11242,0.69512,-0.021635
-0.71851,-2.4443,1.3904,0.4553,5.6929,0.16316,-3.8092,0.01071
-0.55028,2.5,3.2317,0.69197,5.3743,0.071387,-1.0625,0.14065
-0.65526,-0.19823,2.0925,-0.93501,2.3293,-0.0019776,1.1895,0.20945
-0.70519,1.6917,0.91831,-0.093502,-0.58858,-0.02784,0.22807,0.070484
-0.6923,1.633,0.93584,-1.6548,-8.4154,-0.012907,-7.834,-0.024409
-0.73338,1.8543,-0.91472,0.92931,3.0269,-0.3222,-1.5353,0.099349
4.3695,2.1161,-1.171,-1.1172,6.4562,0.011807,3.3482,0.011173
4.2783,3.1831,2.3182,-1.1727,-8.8122,-0.001554,-1.6271,-0.09662
-0.74808,-3.0957,-1.5734,-0.84829,-0.91722,-0.024214,0.61019,-0.12945
-0.55272,0.099815,-0.9466,0.55937,-0.57048,-0.042241,-1.0392,-0.15007
-0.70519,-3.6829,-2.0353,0.57551,-2.2589,0.092437,2.737,-0.13597
-0.73092,-3.36,1.1486,-0.32846,6.2908,0.22688,0.71845,-0.02419
-0.72383,2.3934,-0.09181,-0.093637,-0.032422,0.065502,3.9679,-0.054102
-0.73312,-0.28692,1.3966,-0.10137,-9.1928,0.017634,2.5444,0.074914
-0.84495,-3.3586,0.83212,0.95958,3.3045,0.040789,-0.24132,0.25302
-0.70665,2.6237,2.1467,-0.024148,5.1681,0.071451,-0.4246,0.19449
-0.70291,-0.28532,0.41875,0.085028,3.6468,-0.019748,-2.0712,0.13381
-0.68435,3.0342,2.1312,-0.58738,0.56177,-0.068713,-0.78886,0.051403
-0.66844,1.138,3.295,-2.4574,-9.2415,-0.0061425,-3.3949,0.038309
4.3921,0.4923,-0.90579,1.174,2.5843,-0.14348,-2.5077,-0.050694
4.3543,2.3745,-1.1458,0.27504,7.1621,-0.19452,-4.6114,-0.17173
-0.95506,0.61961,-1.641,-0.96623,-9.4173,0.044106,-0.57335,-0.18039
-0.86271,-2.5145,0.40633,0.0070737,-0.97809,-0.03094,0.68885,-0.18672
-0.77029,-1.2216,-2.003,0.93588,-0.55951,0.040012,2.845,-0.11502
-0.73064,-3.5876,-0.53223,1.1648,-7.0732,0.047469,1.6819,0.052231
-0.72087,-2.9858,1.2661,-0.39809,6.974,0.29783,-1.4269,0.069559
-0.48057,3.2669,1.4312,0.14956,2.3363,0.088541,3.2036,0.28454
-0.62654,0.53803,-0.92652,-1.1786,-6.1721,0.056961,1.6961,0.078564
-0.71669,-3.806,0.078697,2.1262,-1.9407,0.11463,4.2057,0.24725
-0.70748,2.2391,3.2678,0.58984,4.8649,-0.024606,-0.73274,0.066493
-0.87468,0.71782,0.1461,1.259,3.8216,-0.069618,-0.15465,0.083554
-0.72676,2.4491,-0.78386,-0.39731,5.1769,-0.057264,-1.2378,-0.019177
-0.68987,0.55894,1.5762,-2.264,-9.2628,0.082605,-2.4104,-0.11446
4.383,0.020908,2.7052,0.41645,-0.94612,-0.093311,-2.4395,-0.10553
4.3579,3.0816,-1.8243,0.59095,6.2158,-0.38597,-2.3596,-0.21578
-0.61636,-1.6674,-1.1606,0.36071,-8.3948,0.029795,2.9636,-0.17282
-0.73674,-2.4951,-0.83294,-0.68376,-0.21068,-0.023008,1.0402,-0.088783
-0.73626,-2.0628,-0.69654,0.48212,0.79685,0.035302,2.6565,0.16713
-1.0313,-4.2131,-1.0896,0.91589,-8.2131,0.032042,3.0899,0.28687
-0.7884,-7.2573,-1.6121,1.587,7.4384,0.36232,-1.161,0.19801
-0.70074,3.7489,2.2266,1.5723,5.1562,0.14611,3.0384,0.25667
-0.70433,2.4736,1.3397,0.30728,-0.77698,0.042996,2.1863,0.14547
-0.64417,-0.6948,-0.56916,1.645,-6.2981,0.046641,-1.976,0.069438
-0.71056,1.8495,4.3495,1.6082,2.4778,0.021382,-1.822,0.012657
-0.66614,1.9976,-3.3298,-0.36188,2.8104,-0.18026,-1.0884,-0.074107
-0.69398,1.8674,-1.3249,1.0055,7.8243,0.088105,-0.39103,-0.10823
-0.81557,1.2687,-1.0482,-0.31584,-9.1473,0.037766,-0.357,-0.13931
4.3862,-2.9856,1.8183,-1.1529,-4.3984,-0.099562,-5.3668,-0.1782
4.368,2.1311,-1.013,-1.0577,5.4403,-0.2814,0.78448,-0.07895
-0.73271,-3.4799,-3.2807,-0.14871,-2.4695,-0.011155,-3.3137,0.034537
-0.73368,-1.1699,-1.1718,-0.7304,1.1595,0.084383,0.37546,-0.029715
-0.56656,0.37936,0.090363,0.234,3.732,0.022319,1.0228,0.25995
-0.69928,-0.22634,0.54951,0.31235,-7.1251,0.062383,3.4223,0.34455
-0.72219,-9.3532,0.62099,0.29146,7.0595,0.34889,2.6153,0.20225
-0.71085,5.3455,1.3041,0.90485,6.054,0.21788,2.7679,0.093313
-0.88795,2.4407,2.6074,0.58152,3.3875,0.048477,0.92603,0.033758
-0.82133,0.32657,1.5266,0.24274,-4.8393,0.092629,-1.0798,-0.089294
-0.69565,-0.076566,5.5263,0.063126,-2.9481,-0.022084,-3.0332,-0.1379
-0.69063,-0.22448,-1.6071,-0.0057721,3.1764,-0.13624,-1.4921,-0.12969
-0.4565,2.1031,-1.3635,0.11437,7.4922,-0.091675,-4.1383,-0.20745
4.4102,0.60821,-1.9878,-1.1242,-8.0163,0.060375,-0.70651,-0.062352
4.3898,-7.3536,-2.5345,-1.8187,-5.2218,-0.054344,-3.2328,0.013047
-0.74476,0.27487,-0.85099,-0.96948,3.4224,-0.30805,-0.91157,0.050551
-0.98239,-0.35401,-0.3368,-0.33532,0.097869,-0.029515,0.94794,0.17292
-0.80417,-1.9548,-1.7668,-0.41869,1.5914,0.069667,-0.28721,0.18869
-0.76998,1.6757,0.78529,0.43361,3.9082,0.06549,2.3586,0.29612
-0.72056,2.184,2.6233,2.3295,-6.8266,0.091955,3.0115,0.2428
-0.73186,-10.149,1.5564,0.38051,4.5516,0.083683,0.64233,0.056076
-0.71408,5.4888,1.7735,1.0922,5.5865,0.12547,2.0385,-0.032124
-0.67949,3.1278,1.6753,2.177,5.3842,0.11203,1.3531,-0.14128
-0.70665,0.78475,1.5154,-0.43927,-0.91903,-0.0061169,-1.8995,-0.17586
-0.70065,1.7713,1.4705,-0.45999,-3.8258,-0.033975,-3.9976,-0.11538
-0.76716,0.99046,1.3118,0.34177,-0.63493,-0.018836,-0.58856,-0.14768
-0.68349,0.28043,0.48008,0.73015,5.6883,-0.45866,-1.652,-0.070408
4.4007,3.0796,-1.6311,-4.2623,-5.8035,0.0030537,1.4861,-0.048699
4.3781,-2.0226,-1.5234,-1.784,-6.0761,-0.033577,-0.55426,0.051598
-0.46905,0.51992,-2.7245,-0.41636,1.2649,-0.18945,1.5144,0.20334
-0.69169,-1.2652,-2.3691,0.37308,1.4575,0.024251,-0.18812,0.18745
-0.74627,-0.18791,0.12771,1.4488,1.8426,0.015517,1.8767,0.21079
-0.73861,0.12153,-2.0308,0.74033,5.2307,0.08075,3.0472,0.21133
-0.93687,2.7069,0.14855,2.0414,-3.8909,0.10107,3.0982,0.022806
-0.72375,-8.7979,2.6867,-0.52369,-3.5735,0.041674,9.1608,-0.081798
-0.70977,2.0902,4.3169,1.0795,5.9073,0.17864,-0.74383,-0.16248
-0.70834,2.6593,1.0137,1.3105,5.9848,0.25909,2.1996,-0.16937
-0.45675,-0.61938,0.41838,-0.61593,2.105,0.029404,1.6147,-0.17087
-0.65232,0.56698,-0.97073,-0.08144,-3.511,0.036784,-0.017769,-0.13933
-0.68604,0.61008,-2.111,0.041353,-2.9675,-0.031697,-1.6358,-0.085741
-0.6991,-0.53327,-0.84518,-0.10913,6.0794,-0.2671,-4.7697,0.11295
4.3911,1.8446,-2.0345,-2.062,-4.6075,0.0073534,-0.92672,0.12982
4.3604,-4.2982,-1.0196,-0.72704,-6.8363,0.0465,-0.66362,0.23567
-0.71453,0.56277,-2.4135,-1.0345,0.30129,-0.061038,1.6375,0.19232
-0.73935,0.94203,-1.8453,-0.085557,1.2367,-0.01247,1.8933,0.049334
-0.73968,-1.5989,0.63078,1.5856,2.9323,0.088438,2.9348,0.011878
-0.60654,1.7746,-0.19123,-0.54636,5.8565,0.20205,5.3365,-0.077442
-0.67731,3.3416,-0.0026378,2.4419,-1.6209,0.055793,4.7197,-0.14758
-0.72422,-6.1397,2.6923,-0.62515,-5.2902,0.028371,-2.3001,-0.19132
-0.71871,0.7467,0.43777,1.7003,5.4464,0.1591,-2.9014,-0.083867
-0.84534,1.4283,0.92197,1.1616,5.3732,0.10466,0.99405,-0.17757
-0.72728,-1.6263,3.7069,-0.8075,3.289,-0.0049746,-0.18858,-0.076395
-0.69915,1.5429,0.61273,-0.47006,-2.9451,0.047411,1.2883,-0.031443
-0.69988,0.51207,-0.89315,1.0786,-5.4044,-0.021724,-2.3543,0.011538
4.4169,0.1428,-3.2994,-0.026011,4.8996,-0.43538,-2.8645,0.27225
4.3809,1.6471,-1.7201,-1.825,1.2851,-0.11503,-1.6706,0.29283
-0.74676,0.69964,0.14866,-1.7116,-9.0054,0.040859,-1.5846,0.28356
-0.75057,-1.6866,1.2002,0.58348,-1.3245,-0.056263,0.53551,0.087594
-0.82612,1.299,-0.045955,-0.19753,-2.4258,0.050344,4.3072,-0.01628
-0.79758,-3.2579,-0.30622,1.1512,-1.2076,0.061459,1.2668,-0.12843
-0.72947,-0.89547,-0.32437,-1.1454,6.1535,0.26098,1.7858,-0.21315
-0.72759,1.2115,-0.13896,0.98645,2.1975,0.063089,2.4569,-0.1727
-0.48716,-2.2722,1.6182,0.5691,-5.4469,0.059585,-0.58778,-0.1266
-0.56653,-2.3339,-0.073688,-0.46362,3.3503,0.0092338,-3.8877,-0.064299
-0.63779,0.82068,2.0781,0.61476,3.5599,0.0027714,0.43871,0.02653
-0.71314,-1.1555,-0.031925,-0.6682,2.7986,-0.10097,-4.4954,0.11573
-0.61266,1.8915,1.4341,0.20597,0.084254,-0.069124,-0.95446,0.15683
-0.7538,0.50868,1.5116,-2.4505,-9.0548,-0.041849,-3.3459,0.16538
4.3933,2.1597,-1.4474,0.3725,4.3501,-0.35182,-2.4021,0.083992
4.3575,2.9527,-1.9126,-0.64364,6.0052,-0.17881,0.16138,0.11242
-0.74443,4.1701,0.97778,0.091554,-7.7591,-0.0045574,-2.7868,-0.014966
-0.56088,-2.6119,-2.1231,-1.1441,-1.4469,-0.066185,0.88764,-0.054832
-0.70675,0.34814,0.40313,1.4435,-2.7705,-0.010166,3.4217,-0.15705
-0.73227,-3.5634,-1.0055,0.19798,-4.2357,0.068082,3.0378,-0.20765
-0.72905,-1.5946,1.6963,-1.3718,6.7473,0.27141,1.2779,-0.16627
-0.94595,3.0067,-0.33337,-0.62981,2.3987,0.1072,5.1413,-0.12478
-0.73965,-2.1962,-1.142,-1.3177,-5.9374,0.047681,4.7736,-0.051887
-0.70551,-3.5297,2.6127,1.489,-0.32608,0.059534,1.7702,0.10555
-0.70512,1.4523,-0.45051,0.96263,3.8555,-0.097329,0.82011,0.10242
-0.44937,0.38624,1.3975,0.4876,2.1758,-0.13497,-2.6819,0.056611
-0.55245,1.7639,1.4943,-0.61442,4.3019,-0.19783,-2.5492,0.064546
-0.70387,0.95123,1.4266,-1.3959,-9.2105,-0.0095759,-3.9389,0.16793
4.3733,1.008,1.2016,-1.7162,2.5321,-0.14916,0.056153,0.037336
4.338,3.2578,-1.8079,1.6094,6.6671,-0.37893,-2.5058,-0.050159
-0.83443,1.4101,0.39536,1.543,-7.3517,0.022646,-1.5612,-0.12451
-0.71695,-1.37,1.6442,-0.10552,0.19455,0.025053,2.8248,-0.13145
-0.73306,-0.27116,0.8066,0.20864,-1.8548,0.06085,5.3481,-0.16425
-0.667,-2.9174,1.6536,0.93193,-8.0127,0.10555,2.1949,-0.089976
-0.65645,-3.8854,1.749,0.98893,7.2169,0.3896,-0.69916,-0.055951
-0.6662,2.4731,1.4874,0.238,3.5738,0.039357,2.4604,0.080803
-0.72126,-0.64275,0.62478,-1.4252,-1.7672,0.0035735,0.98722,0.16993
-0.69689,-0.66331,-1.9155,-0.47633,-5.6874,0.046975,-0.25539,0.11317
-0.91685,2.1617,-0.25801,1.4871,1.8906,-0.030779,-0.21576,0.20429
-0.76143,1.9178,-3.3618,0.32318,2.4903,-0.20077,-0.4535,0.076033
-0.69579,1.3841,-1.2761,1.3584,6.0688,-0.046124,-1.7028,0.07394
-0.76699,1.261,1.4494,-1.0276,-9.266,0.058706,-3.7697,-0.03154
4.3629,-0.87648,0.83745,0.072748,-0.07321,-0.11267,-4.5321,-0.11263
-0.75312,1.5827,-1.9892,1.0043,5.5135,-0.37696,-3.5597,-0.20023
-0.74098,-0.1121,-0.88055,0.60627,-5.2879,-0.047452,2.5067,-0.1653
-0.73745,-2.5564,0.084697,-0.06027,2.0532,0.03731,1.1591,-0.10735
-0.8917,1.8361,-0.80347,0.0095144,0.44964,0.068499,2.8608,-0.0052797
-0.84931,-1.5207,1.1232,1.0507,-9.0265,0.10283,5.1408,0.09397
-0.71696,-7.1746,2.043,1.0862,7.4433,0.42024,3.1141,0.0037253
-0.70898,5.2822,4.5297,1.0941,4.4826,0.025406,1.8567,0.0054289
-0.61197,1.0655,2.7047,-0.31548,1.5258,0.038696,1.5284,0.25954
-0.61483,0.45864,-0.50398,0.21921,-7.5726,0.088426,-0.57257,0.15379
-0.70476,1.3182,3.4015,0.72325,-0.056461,-0.033077,-3.1517,0.10792
-0.69951,2.3682,-2.7261,-0.17786,3.1103,-0.098195,0.31584,0.010516
-0.82335,2.1648,-2.8726,0.90833,7.3446,-0.072384,1.9425,-0.082869
4.3822,1.6834,-0.40712,-0.29907,-9.4944,0.024629,-1.1053,-0.10034
4.3552,-4.024,-0.32943,-2.5842,-3.8975,-0.053099,-1.7031,-0.18307
-0.74314,-0.15057,-1.1002,1.1061,3.8755,-0.32796,-1.585,-0.13899
-0.75902,-1.1709,-2.4187,0.2095,-3.1483,-0.010532,0.29408,-0.1129
-0.56736,-2.6893,-1.4667,-0.40985,2.8481,0.03321,2.317,0.016916
-0.6652,1.1545,1.9202,-0.22301,2.5262,0.041392,4.3489,0.26667
-0.73098,-1.176,1.2764,0.1041,-8.7515,0.022852,3.3081,0.2519
-0.71475,-6.434,-0.72863,0.11178,6.6651,0.30928,-0.86019,0.04785
-0.7955,5.5042,-1.1983,0.92144,5.1177,0.12438,2.1351,0.088811
-0.68692,2.3048,1.3527,-0.4248,4.4429,0.015818,1.3744,0.16287
-0.70026,0.35506,1.1813,-0.80732,-5.1342,-0.015223,-2.8909,0.045927
-0.69743,2.02,4.6415,-1.3999,-4.587,-0.0045574,-1.9136,-0.047725
-0.57807,1.8912,0.81054,0.011602,0.8536,-0.10461,-2.0522,-0.098664
-0.66721,0.92814,-0.81818,1.3658,7.3262,-0.11994,-5.4116,-0.16593
4.3746,0.88049,-2.5795,1.4837,-8.4378,0.07122,-0.40897,-0.14483
4.356,-7.2092,-2.3368,-0.018714,-5.9301,0.035347,-3.109,-0.14705
-0.96206,-1.34,-0.048859,0.78923,1.6664,-0.19265,-0.61626,-0.084329
-0.79612,-0.21246,-1.2748,0.84974,0.96025,0.020586,-0.46393,-0.066124
-0.71448,-4.0589,-2.8473,-0.55095,3.3408,0.019572,1.6125,0.28641
-0.72663,-0.12171,0.36574,0.68262,3.0624,0.08652,3.5659,0.30147
-0.45683,2.3223,2.2864,1.3414,-6.9599,0.028332,2.0874,0.17219
-0.64661,-8.1836,-2.2291,0.75351,2.7585,0.03808,3.4107,0.21435
-0.759,3.5572,1.9284,1.8187,6.2778,0.26763,-0.75879,0.11454
-0.71318,2.755,0.15582,1.5085,5.673,0.16231,0.11854,-0.018885
-0.80821,0.74631,0.88451,0.42141,-1.8493,-0.039315,-0.40366,-0.10969
-0.8187,1.0499,0.08092,0.70132,-5.9337,-0.038968,-2.4265,-0.12254
-0.73012,0.231,0.040705,-0.10424,-1.4105,0.032061,-3.1086,-0.21456
-0.73295,0.066574,1.1183,0.20982,6.121,-0.2891,-0.93361,-0.13909
4.385,2.4762,-0.57549,-3.9749,-5.7443,0.0065513,0.16132,-0.07216
-0.56934,-3.1698,0.14254,-0.98908,-6.731,0.038626,-0.72932,0.0157
-0.64676,-0.35315,-1.7699,-0.59975,-0.25091,-0.10927,2.1776,0.14737
-0.73912,1.2577,1.1445,0.71218,0.33548,-0.0097877,4.4052,0.11217
-0.73139,-1.3601,-1.0932,0.95403,4.8352,0.090024,1.3068,0.12653
-0.95376,1.5682,-0.8222,0.29091,5.237,0.1093,1.96,0.32523
-0.76035,3.1356,0.75418,1.806,-4.7942,0.10034,2.7513,0.11393
-0.71441,-6.8531,1.0834,-0.60873,-5.8623,0.12031,5.8941,-0.0064236
-0.70328,2.1491,4.3196,0.77392,6.1428,0.26328,1.8295,-0.060259
-0.51107,2.2303,-0.42588,0.097733,6.0774,0.23256,0.93214,-0.14907
-0.649,0.085802,0.85257,-0.16136,2.7786,-0.003813,2.367,-0.19665
-0.69456,-0.036929,1.7918,-0.0084569,-4.4878,0.051801,-0.61686,-0.1836
-0.69352,0.5404,-1.0074,0.015096,-4.5752,-0.040983,-2.4488,-0.12887
4.4115,1.3696,-2.1035,0.40612,5.6086,-0.39391,-4.8203,-0.090973
4.3877,1.0098,-3.6681,-4.0075,-1.2808,-0.0027477,1.4424,0.082239
-0.73393,-2.7915,-1.287,-0.58373,-5.8358,-0.0014963,-1.9196,0.17482
-0.73171,-1.996,-0.26227,-0.063071,0.77207,-0.048973,0.55911,0.16535
-0.57833,-0.48064,-0.99847,-0.14787,-3.8624,0.035584,1.78,0.20519
-0.65226,-4.5492,-0.55676,0.66049,2.8839,0.064694,0.19392,0.17998
-0.65911,2.317,1.3244,-1.2795,6.5645,0.32454,5.0052,0.16275
-0.72177,3.0525,1.7712,3.0086,-0.45765,0.068641,3.1751,-0.026746
-0.91057,-5.7019,2.0151,0.71691,-8.0731,0.040282,-3.3512,-0.11054
-0.77829,0.56909,4.9135,0.83594,4.4649,0.017775,-2.4097,-0.19908
-0.64704,0.048914,3.2002,0.37487,5.4277,0.09646,-2.5751,-0.18261
-0.69198,2.2265,1.1861,-1.2043,3.5771,-0.011533,-2.9764,-0.1313
-0.6934,3.1056,0.34622,0.95393,-0.71131,0.040025,0.86952,-0.068412
-0.4767,-1.0684,-1.474,-0.11515,-7.4521,0.058918,-3.5523,0.094481
4.4073,1.5612,-2.5569,0.83197,4.7933,-0.35629,-1.203,0.027893
4.3803,0.64673,-4.3656,-1.5954,5.2138,-0.10773,0.8247,0.22737
-0.73701,1.3403,-0.20395,-0.91973,-7.3249,-0.0032418,-0.86734,0.10857
-0.89928,-0.35687,-1.5013,-0.12523,1.7227,-0.044526,3.7105,0.073964
-0.75988,-0.53573,-1.4516,0.7029,-2.2757,0.057063,1.5569,0.2278
-0.71417,-3.1665,0.68338,1.1395,-1.2697,0.033871,1.727,-0.0034057
-0.72045,-0.088562,2.5117,-1.4077,7.5335,0.43917,0.28798,-0.093383
-0.53888,4.2393,1.7962,0.27779,3.4849,0.037336,4.4469,-0.19662
-0.66751,-4.4161,0.25925,-1.3778,-5.0689,0.088092,7.9506,-0.23023
-0.71449,-1.2676,1.7361,1.3183,-1.1856,0.0082262,4.6799,-0.15985
-0.69883,1.1466,0.088879,-1.1112,4.5663,-0.063817,0.54519,-0.094624
-0.83113,0.7291,-0.70569,-0.49682,3.1848,-0.23495,-4.9603,-0.073742
-0.87663,1.3632,2.6175,-2.3032,4.4284,-0.0056741,-0.9522,0.043323
-0.54915,-1.0628,0.79501,-1.2656,-7.8707,0.033742,-1.1649,0.21578
4.4014,1.2417,0.06538,0.62349,4.1902,-0.25656,-0.87702,0.23435
-0.57341,2.0323,-3.2385,0.14434,6.8682,-0.065787,-2.6364,0.15761
-0.677,1.194,-1.0863,0.62743,-5.7114,0.02599,-2.9305,0.22722
-0.69259,-1.1159,-2.1931,-0.43242,1.6437,-0.069753,1.2762,0.039137
-0.72702,0.91515,1.2366,2.1305,-1.7092,0.056563,4.3427,-0.1148
-0.91184,-2.5786,1.2658,1.2187,-4.4212,0.060484,3.7894,-0.13773
-0.91409,-0.23471,4.109,-1.0061,7.5531,0.43654,7.7277,-0.19426
-0.78565,4.3089,1.2928,0.64554,4.9556,0.095652,3.8077,-0.16732
-0.70572,-2.3749,-1.0642,-1.9829,0.075969,0.0081043,0.20021,-0.10453
-0.69239,-2.0125,0.056059,0.12048,-4.4928,0.016088,-1.0424,-0.04955
-0.45962,0.35352,-2.666,0.12244,0.8167,-0.12302,1.7073,0.042958
-0.66686,-0.39045,-2.8762,0.72346,3.0067,-0.23198,-3.2338,0.12011
-0.69649,0.71213,0.13744,-1.54,6.6731,0.17881,-1.1495,0.15314
4.4024,0.73682,0.50077,-1.9228,-7.3898,0.064784,-4.0934,0.045708
4.3723,-1.4037,-1.2747,-0.26333,3.1705,-0.13028,-2.1381,0.24238
-0.76926,1.8175,-1.3229,0.96195,5.976,-0.14696,-0.51316,0.083286
-0.74157,0.74903,-1.0425,1.7556,-3.0213,-0.0058409,2.811,-0.039669
-0.72935,-1.5323,-0.74411,-0.80823,3.2168,0.024674,1.844,-0.094454
-0.55475,1.3373,0.80158,0.27242,-0.38804,0.080025,5.387,-0.19239
-0.69636,-2.6446,1.6918,1.4636,-7.6647,0.010139,0.40075,-0.2084
-0.72267,-4.3352,4.6239,0.0046009,7.806,0.45633,-2.9444,-0.061695
-0.71881,4.2802,0.22404,-0.084208,5.7278,0.2486,4.02,-0.1177
-0.77758,-1.0175,0.64639,-1.093,2.2863,0.039409,2.7048,0.048264
-0.74945,0.35444,-0.99281,-0.46229,-5.4743,-0.023887,1.7577,0.13929
-0.63554,1.8163,2.4053,0.67046,-3.0969,-0.036523,0.057521,0.06255
-0.68879,3.2931,-1.7494,-0.68966,2.6026,-0.18092,0.12368,0.053642
-0.69351,2.5454,-0.51718,0.36195,7.6161,0.06255,-2.7908,0.1076
4.3808,0.99234,0.13271,-0.36815,-9.7519,0.035667,-1.5475,0.050722
4.3415,-2.2217,-0.32346,-0.6385,-1.0216,-0.14147,-2.2004,0.0049178
-0.75271,0.78405,-0.0972,0.14677,3.9731,-0.31601,-3.5419,-0.096912
-0.74739,1.1075,-0.60028,-0.21933,-1.7507,0.033473,-0.74736,-0.076273
-0.90236,-1.1591,0.64782,-1.1384,4.1179,-0.0078239,3.0086,-0.19967
-0.74921,1.431,-0.40762,0.69355,1.2332,0.00069851,3.1017,-0.19772
-0.72238,-2.4994,1.0155,0.89114,-9.9702,0.057006,5.66,-0.047822
-0.72761,-3.6488,-3.9465,-0.58079,6.036,0.23905,-3.275,-0.013287
-0.39415,4.5984,3.2122,0.4451,4.63,0.092045,0.60622,0.135
-0.67832,-1.1322,-0.27777,-0.90958,3.7555,-0.0043649,1.6125,0.20446
-0.71836,0.94487,0.78757,0.27399,-4.8943,-0.040072,-2.3263,0.21654
-0.71002,1.2168,3.5569,-0.73404,-4.3567,0.0075267,-2.1988,0.041133
-0.81456,2.3533,-2.11,-0.19638,0.80592,-0.14565,-1.557,0.085987
-0.77098,3.4344,-1.2943,0.91542,7.7959,-0.04321,-3.9193,0.049407
4.3601,1.2497,-1.24,-0.79643,-9.0098,-0.0021124,-3.1029,-0.060916
4.2997,-2.2709,-0.84196,-1.109,-1.8152,-0.023277,-3.2353,-0.11794
-0.4539,-0.11616,-0.15621,0.24035,1.2904,-0.26062,0.86065,-0.20702
-0.65295,-1.2224,-2.3336,0.31681,-2.0234,0.014843,0.345,-0.17448
-0.77907,-3.6543,-1.0766,-0.30291,4.7699,0.077984,3.499,-0.056998
-0.73891,0.71472,1.3264,-0.17523,2.1934,0.094593,4.6867,0.065008
-0.87741,-0.45487,-0.091379,0.77534,-7.8849,0.077959,1.3209,0.035657
-0.78324,-6.7354,-1.08,0.42645,3.1173,0.055292,3.0218,0.11446
-0.77216,4.5608,2.4441,1.2318,5.1278,0.13778,4.4146,0.33214
-0.71242,-0.36458,0.22906,-0.42799,4.8668,0.091288,1.7349,0.1664
-0.69966,1.5409,1.6422,0.55107,-3.0282,-0.022911,-0.24613,0.034537
-0.48206,0.95805,3.9015,-1.6667,-7.0679,-0.03058,-2.5157,0.046828
-0.63647,1.9144,1.6777,-1.1519,0.53414,-0.016167,-1.5073,-0.026746
4.3351,2.4414,-1.5086,0.78471,7.0877,-0.15459,-4.4847,-0.078074
4.3575,0.38516,-3.1759,0.9067,-9.0901,0.05517,0.36658,-0.11889
-0.99042,-1.9209,-1.5227,0.095774,-5.1565,-0.048094,-3.0205,-0.17516
-0.751,-2.5773,-1.0587,0.10861,0.069463,-0.17079,0.02066,-0.15968
-0.73314,-1.9204,-0.51855,1.1444,-2.3537,0.021575,1.307,-0.046581
-0.72211,-5.6112,-1.1968,1.1229,5.2196,0.12212,-0.51471,0.050503
-0.48332,-0.42307,3.0566,1.9019,2.7888,0.050473,1.9269,0.33431
-0.64077,0.39421,0.54167,0.51265,-6.7017,0.02359,0.9335,0.33088
-0.72603,-6.6151,0.54592,1.8048,-1.3776,0.090537,3.7913,0.084868
-0.72021,3.6548,-0.014619,0.71914,5.0645,0.068641,-1.62,0.18217
-0.92996,0.94223,0.64332,1.1678,4.7765,-0.022693,0.68152,0.095284
-0.73704,2.0184,-0.56466,-0.69652,1.1878,-0.023399,0.29984,0.019131
-0.70005,1.1544,0.61435,0.50616,-8.1947,-0.050468,-3.6705,-0.081652
-0.68892,-0.29636,-0.17704,-0.38774,-1.1842,0.034448,-5.183,-0.12763
4.3823,2.081,-0.39872,0.17551,5.7686,-0.36963,-3.3066,-0.12434
4.359,2.9718,-0.92699,-2.0624,-6.7325,-0.037389,0.23044,-0.19322
-0.66579,-2.9632,0.018863,-1.1302,-6.8016,0.027389,-2.0364,-0.11456
-0.74573,-1.3165,-1.5734,-0.62532,-0.33898,-0.14359,2.0951,-0.063545
-0.89563,-0.45739,0.26203,0.38324,-4.1746,0.051307,4.821,0.20025
-0.88655,-4.624,-0.56448,1.2813,4.8495,0.087803,0.058562,0.40345
-0.66626,1.9838,1.3505,1.411,4.603,0.067716,4.2441,0.24964
-0.71279,2.713,3.6123,2.0706,-5.0344,0.040436,2.3679,0.19724
-0.717,-5.4506,1.7299,0.7474,-5.5157,0.022704,2.9475,0.0026788
-0.5348,2.3186,3.34,0.93442,4.7445,0.028461,0.14773,0.056733
-0.65517,0.69179,1.4285,0.76767,5.1626,0.025515,-1.2727,-0.064664
-0.70103,2.4247,-0.52479,0.12069,2.7685,-0.079976,-1.8174,-0.096912
-0.69685,0.87841,-0.74966,0.11544,-6.644,-0.074245,0.26141,-0.10489
-0.83559,-0.77005,-2.1721,-0.070785,-5.4452,-0.088973,-2.9105,-0.18334
4.3826,0.52373,-2.1134,-1.5119,4.4703,-0.52391,-3.4375,-0.12804
4.3752,0.66437,-4.7878,-2.0698,-1.866,-0.087978,-0.61144,0.0034576
-0.74713,-2.608,-0.22214,-1.048,-6.7118,0.0072893,-3.2477,0.040354
-0.52127,-2.2392,-4.4628,-1.7957,0.27052,-0.11854,-1.2467,0.070703
-0.59791,-1.231,0.13623,0.61596,-5.6463,0.05225,2.9034,0.29702
-0.73483,-4.587,-1.2172,1.4173,2.6242,0.019983,1.0363,0.33024
-0.72987,2.5335,-0.18391,-0.35015,5.9855,0.20699,0.6773,0.15907
-0.98135,4.093,-0.21086,1.3603,-1.4975,0.081071,2.5767,0.079684
-0.78758,-3.445,0.16967,-0.42916,-7.9607,0.060035,-5.686,-0.030445
-0.71315,1.0766,4.4868,0.12251,2.9075,0.056595,-5.7328,-0.12595
-0.70434,0.12313,0.92444,-0.0032608,4.2322,-0.080226,-1.4516,-0.16009
-0.51965,3.1484,0.75674,-0.4833,2.2179,-0.25432,-4.223,-0.13622
-0.57105,0.60455,0.33767,-1.9927,-1.6086,0.020137,-1.1496,-0.19361
4.403,-1.4752,-2.2333,-0.74151,-7.7048,0.046057,-0.58441,-0.012605
4.389,-1.0139,-2.3716,-1.2703,3.4797,-0.28301,0.66091,0.13457
-0.75482,2.6439,-5.9402,-0.95745,3.7963,-0.21931,-0.55423,0.030424
-0.85278,-1.5909,-2.0319,0.071258,-7.1492,0.046552,-1.2008,0.1471
-0.7343,-1.2891,-2.705,1.5445,2.4125,0.032061,2.6221,0.20648
-0.73,0.57781,-0.60569,0.86563,-4.4664,0.080038,0.77035,0.21938
-0.71696,-5.2183,2.0761,-0.37268,-1.6096,0.11485,2.6445,0.035462
-0.4003,2.7378,0.30701,-0.6624,6.8816,0.30448,1.3052,0.011051
-0.67587,5.0447,2.339,0.73914,2.6283,0.012487,3.8781,-0.070018
-0.71631,-2.7199,0.21264,-1.2183,-5.5206,0.074487,5.3255,-0.18416
-0.71223,0.33379,-0.84018,-0.1939,-2.1599,0.015741,-1.3187,-0.16705
-0.86517,-1.0969,-0.20959,0.88266,1.7187,-0.050333,-2.4763,-0.15846
-0.71985,1.6591,-0.83,-0.13308,2.9097,-0.19102,-6.1233,-0.089927
-0.685,-0.21617,0.16052,-1.8058,4.6206,0.0067823,1.1916,0.013387
4.4043,-0.76704,-1.6893,-2.7283,-7.9074,0.0044399,-1.1083,-0.01207
4.3814,0.217,-0.65324,0.17091,1.4576,-0.22642,-0.12399,0.21498
-0.64951,1.3107,-4.4498,-1.0742,5.3305,-0.29221,0.029413,0.21678
-0.74599,-0.73959,-2.4804,0.73445,-4.5021,0.022974,0.69428,0.13994
-0.74476,-0.068146,-0.74524,-1.4148,3.5311,0.046879,2.0805,0.23883
-0.93804,0.89161,0.55339,1.8713,-2.5733,0.069257,4.3822,0.09509
-0.80889,-4.7332,1.4368,1.0922,-4.1752,0.025245,1.9321,-0.066295
