tachometer_signal,underhang_bearing_axial,underhang_bearing_radial,underhang_bearing_tangential,overhang_bearing_axial,overhang_bearing_radial,overhang_bearing_tangential,microphone
4.3762,2.9031,-0.5077,-2.8409,0.51238,-0.06003,-0.9756,0.07635
4.3406,-1.9939,-0.94231,-1.2513,-7.1802,0.024347,-2.2435,0.2234
-0.81794,-1.5193,-2.7148,-0.10447,-1.1937,-0.16546,0.42664,0.15443
-0.69971,1.188,-2.2812,-0.6639,-0.79039,-0.12292,0.53999,0.017403
-0.75344,-1.3736,-1.9112,1.3885,-1.671,0.047572,5.1943e-05,-0.047774
-0.7518,-0.65526,1.5816,-2.0632,6.6652,0.44508,1.6677,-0.10835
-0.54737,3.6418,4.2942,0.93801,3.0916,0.061171,3.3599,-0.1993
-0.79277,-1.8516,-0.60534,0.72583,-7.1074,0.051634,5.4856,-0.21729
-0.74085,-5.8579,-0.45778,2.2109,0.42425,0.025079,2.9392,-0.10263
-0.74553,4.0896,2.4614,0.004344,5.9756,0.31402,-5.8066,-0.034461
-0.80691,-2.7015,3.859,0.2448,5.2704,0.13602,-1.8713,0.062793
-0.74805,1.453,1.8359,-0.36113,4.0446,-0.15774,-1.5733,0.072796
-0.71373,2.0498,-1.7857,-0.69373,-1.7542,-0.0051478,0.0012528,0.15873
4.3777,0.87101,-1.0047,-2.411,-7.7397,0.021466,0.55307,0.022636
4.3506,1.6495,-1.8085,-0.47096,4.0004,-0.35759,2.4872,0.3044
-0.75398,1.737,-2.3208,0.074713,4.9508,-0.19626,1.5304,0.091244
-0.77121,0.23791,-0.15256,-0.95995,-3.9839,-0.053882,-3.4093,-0.029472
-0.76401,0.4674,-0.15795,-1.1724,4.1073,0.017974,-0.27708,-0.093115
-1.0739,1.4361,0.061827,0.034538,-1.1141,0.052475,2.8737,-0.18207
-0.82504,-4.3131,0.1157,1.3432,-8.5803,0.072504,7.0696,-0.21459
-0.73413,-3.9386,0.06854,1.8572,5.8957,0.31048,5.7415,-0.14476
-0.73678,4.1563,3.0412,1.7392,6.0447,0.3101,2.5281,-0.092774
-0.41415,-1.3679,-0.51644,-0.54239,4.2107,0.035526,1.8036,0.063937
-0.54686,0.091749,-1.6273,1.4261,-4.476,-0.051598,0.5852,0.18083
-0.79795,0.72407,0.41142,-0.56342,-6.049,-0.0059372,-2.2046,0.046
-0.72524,0.86099,-0.75312,1.285,-3.6774,0.0043051,-1.7662,0.15121
-0.95213,1.7751,-0.49145,1.0195,5.6914,-0.38653,-4.8308,0.16387
4.3509,2.6694,-0.72108,-1.0673,-1.8304,-0.10369,1.7315,0.1342
-0.79291,-0.53268,1.2406,-1.5244,-8.7052,0.018238,-1.165,0.021224
-0.76213,-1.2948,0.94097,0.90248,-0.55304,-0.091559,1.6652,-0.090365
-0.75071,0.21325,1.2135,1.0151,-1.3742,-0.026274,-0.91013,-0.096668
-0.57047,-2.6843,-1.2551,2.5197,-3.216,0.054939,1.3323,-0.20806
-0.80882,-2.4974,1.228,-1.2674,6.8297,0.44352,-0.98855,-0.16778
-0.74764,3.0651,2.6962,-0.083907,4.5189,0.14401,4.4841,-0.012094
-0.74741,-1.7381,1.4831,-0.97334,-6.0948,0.043022,2.4347,-0.066319
-0.87359,-2.4244,0.80476,1.0961,-1.4211,0.054233,2.063,0.12376
-0.75789,1.2855,4.1908,0.12427,4.4119,0.10739,0.93993,0.19974
-0.71763,-1.6113,0.74425,-0.20475,4.653,0.042123,-1.8832,0.045757
-0.70648,4.3518,-1.1585,-0.012323,4.7405,-0.30778,-3.6496,0.030059
-0.52919,2.1542,-1.8152,-0.61301,-5.6249,-0.10188,0.95888,0.15966
4.358,0.19004,-1.0539,-0.90397,-7.4862,-0.010911,-4.9818,0.032176
4.3249,1.2469,-1.8608,-0.39155,1.9587,-0.46371,0.82337,-0.069532
-0.77105,1.4748,-1.7504,-0.11548,2.4076,-0.32915,-0.28378,-0.13223
-0.86004,-0.40483,-1.4589,1.471,-2.3583,-0.10704,0.11636,-0.14853
-0.75093,-1.5428,0.99526,-2.1911,4.9161,0.14591,0.80868,-0.16503
-0.73366,-0.076636,0.00095321,-0.11795,-1.2463,0.051641,3.7247,-0.059748
-0.73554,-5.7121,-0.47296,1.1687,-7.4063,0.027286,1.0265,-0.030786
-0.57909,-2.6486,3.4016,0.70559,4.8848,0.14161,1.5565,0.029669
-0.55513,4.8759,2.4585,0.35259,5.9954,0.3165,3.0272,0.15065
-0.81796,-1.7867,0.30961,0.2122,5.6123,0.24144,2.1737,0.16234
-0.72973,1.3382,0.0016599,-1.021,-1.9318,-0.062302,1.767,0.1994
-1.0556,0.89988,-0.68507,-0.63519,-4.9767,-0.044705,0.84895,0.13929
-0.88193,0.94695,-1.1959,0.12068,-5.9981,-0.078724,-3.4636,0.057512
4.3686,3.1684,-1.668,1.2564,5.065,-0.41159,-1.8393,-0.041373
4.3352,2.4083,0.32898,-2.1809,2.8567,-0.068918,0.87442,-0.12266
-0.75857,1.9834,0.44306,-0.71719,-8.489,-0.019517,1.1119,-0.10278
-0.53974,-2.7746,-0.57144,0.057949,-0.53647,-0.12352,1.7207,-0.13792
-0.7258,-1.2037,-0.61503,0.010516,-2.642,0.0030281,4.2113,-0.054248
-0.74413,-4.3048,-0.97066,0.14141,-3.5441,0.01861,0.96922,-0.094965
-0.74487,-0.88396,0.67293,0.63097,7.006,0.4903,2.0337,-0.046849
-0.97462,4.0455,2.1065,-0.12386,5.0741,0.22047,2.6887,0.13997
-0.77094,-0.66071,1.6469,0.12107,-2.6469,0.038876,1.4093,0.21919
-0.71708,-1.5666,0.98073,0.51249,-6.4281,0.029327,3.2552,0.28548
-0.71103,0.91394,4.4081,0.38921,2.1355,0.0094199,-2.3256,0.11166
-0.47705,0.44373,1.9065,0.5044,1.1611,-0.1648,-3.302,0.077055
-0.7166,3.298,0.49515,-0.023904,5.2168,-0.30287,-5.2192,0.0065728
4.3668,3.4673,-1.5707,-1.881,-2.2306,0.0045618,0.9575,-0.092458
4.3382,-3.4129,-1.6487,-2.1606,-7.6131,-0.013754,-2.7981,-0.2141
-1.0907,-0.93774,-1.3822,-0.57087,0.70741,-0.23029,-2.557,-0.19005
-0.79412,-0.38774,-2.0948,0.73659,0.67304,-0.19315,2.6962,-0.16309
-0.72689,-1.1065,-1.3489,0.66995,-2.4098,-0.039205,1.9821,-0.056681
-0.74222,-3.2376,-0.33287,-2.6224,6.8005,0.43838,0.056712,0.31226
-0.62324,3.9806,0.60414,-0.74907,1.0531,0.0097536,3.7037,0.033929
-0.52113,-4.1553,1.0351,0.83052,-8.5459,0.055343,2.9076,0.18796
-0.77829,-4.8256,2.036,2.4497,2.3832,0.022242,3.2834,0.19909
-0.73465,3.1488,0.59692,1.2863,6.7511,0.37206,-1.5676,0.2262
-0.87325,1.671,2.9995,-0.16943,6.0148,0.22949,-1.1462,0.047899
-0.82154,1.8109,-0.65458,-0.61869,3.3501,-0.11296,0.15109,0.0085198
-0.66964,1.0829,-1.0151,-0.5401,-5.7872,-0.10116,0.45782,-0.041081
4.3969,-0.74319,-3.3366,-0.14793,-4.4577,-0.053401,-4.9569,-0.14315
4.3458,2.2186,-3.3389,0.4403,4.2554,-0.32573,-0.43908,-0.11916
-0.52803,0.9761,-1.9808,-1.3949,3.3653,-0.28571,1.2342,-0.20483
-0.70823,-2.571,0.7132,1.2095,-5.3733,-0.078686,-0.67977,-0.10903
-0.75869,-0.58215,-1.0786,-1.0412,2.8674,-0.083865,1.9077,-0.0088817
-0.75569,0.68016,-1.5217,-0.13197,-1.7884,0.035212,4.2512,0.069365
-0.89645,-4.9155,-0.17673,0.16009,-6.925,-0.015255,3.2482,0.4211
-0.77299,-3.4286,5.4595,1.5873,7.1132,0.47301,1.3606,0.35166
-0.7282,4.6283,3.0758,1.1451,5.8731,0.30701,2.8575,0.093216
-0.72211,0.66954,2.4294,-0.41928,1.1484,0.019335,4.6577,0.13471
-0.52664,-0.52091,1.7525,0.23507,-6.8987,-1.3835e-05,-5.2671,0.053642
-0.56594,0.56132,2.7424,-0.41514,-5.0404,-0.071165,-4.4998,-0.034607
-0.70466,1.1625,1.0901,1.4762,-0.8104,-0.03393,-5.1448,-0.090876
-0.71464,1.3358,0.77911,0.10794,6.3659,-0.10441,-3.5475,-0.19692
4.3498,1.6149,-2.6687,-3.1442,-0.7286,0.028088,1.5897,-0.16649
4.3317,-3.2167,-1.2292,-1.2508,-7.1384,0.0041447,0.034351,-0.14566
-0.77628,-1.7933,-3.4442,0.21161,0.0429,-0.13107,-2.0036,-0.061573
-0.7545,-0.15829,-2.7109,0.43798,0.093573,-0.11872,-0.24344,-0.02823
-0.74877,-1.907,-1.5729,-0.33715,-1.7128,0.055985,1.526,0.13345
-0.56157,-1.377,0.56124,-0.84432,6.3969,0.35681,3.4613,0.33618
-0.79777,5.1482,1.8809,-0.05535,2.3092,-0.01815,4.1845,0.19994
-0.74743,-2.5073,-0.75516,-1.6051,-7.7863,0.041032,4.5959,0.15233
-0.73677,-0.19336,0.042716,0.93807,-0.54073,0.038774,2.6844,0.0016809
-0.81964,3.8543,3.74,0.28273,5.6088,0.26191,-1.9621,-0.011389
-0.76955,-0.7141,0.84873,-0.66984,5.079,0.1918,-0.41353,-0.095671
-0.71399,1.5288,0.12909,1.1197,4.8635,-0.052419,0.46577,-0.17864
-0.7116,1.6444,-2.6365,-0.9395,-4.5989,0.011634,1.1301,-0.11587
4.3712,-0.75352,-3.5827,-0.92894,-7.3145,-0.036343,0.0063518,-0.14495
4.3488,0.8286,-2.6605,-0.16645,2.8082,-0.47063,0.32039,-0.10509
-0.77055,0.27208,-1.9079,-0.83804,3.7331,-0.22972,1.2688,0.0036523
-0.7626,-2.593,-3.5631,1.131,-4.0871,-0.0084978,-0.5515,0.082604
-0.9931,-2.9168,-2.1718,-0.37773,3.6458,0.0080016,2.4152,0.49778
-0.80366,1.5574,-0.59696,1.2602,-3.0006,0.060978,4.663,0.25204
-0.73978,-4.1029,-0.50197,0.60927,-6.2093,0.070482,2.1638,0.2042
-0.73176,-0.58951,2.0421,1.0355,6.7021,0.46784,-3.4035,0.065592
-0.66011,5.3851,-0.79126,0.30644,6.5956,0.3929,0.32963,-0.00077723
-0.69337,-0.46751,-0.49776,-0.64357,3.7162,0.046898,0.53573,-0.078172
-0.86566,1.4984,0.38979,-0.588,-5.9177,0.0020654,0.36106,-0.17837
-0.71982,0.79147,-1.4888,-0.9407,-5.8907,-0.063156,-2.8429,-0.13125
-0.93816,0.67864,0.5393,-0.27278,-3.4097,-0.086085,-3.9799,-0.18621
4.394,0.91633,-2.5325,1.7018,5.6249,-0.462,-7.1235,-0.10241
4.3725,-0.95295,-5.8085,-2.2267,-1.1206,-0.071736,-0.58127,-0.043636
-0.75309,-2.8285,-1.901,-2.0509,-7.7341,-0.021371,-1.2428,0.12064
-0.74726,-0.81291,-1.4269,0.41034,0.40207,-0.18805,2.668,0.037847
-0.47671,-1.8805,-3.7261,0.33472,-3.8051,-0.017579,0.18516,0.27758
-0.77771,-2.8226,-2.2422,0.29271,-1.9321,-0.03805,0.34415,0.2528
-0.74492,0.37269,1.4622,-0.76323,6.5467,0.378,-0.43325,0.17679
-0.7393,6.2709,5.8803,1.1278,3.6212,0.008592,2.6351,0.017087
-0.89955,-0.0094557,1.2947,-0.13655,-5.6937,0.045114,-0.41281,-0.037819
-0.77159,-1.3191,1.2571,1.3213,-1.7932,0.042585,2.4269,-0.14393
-0.71051,1.2071,2.7582,0.033478,3.8628,0.00098729,-2.512,-0.16236
-0.7149,0.27029,-1.3167,-1.3209,3.2714,-0.18099,-2.9823,-0.1137
-0.47702,3.4364,0.27586,-0.1753,5.2576,-0.5674,-4.0481,-0.14384
4.3922,-0.29363,-4.5097,-2.0566,-6.4513,0.029128,-0.68469,-0.07216
4.3693,-3.2112,-6.1805,-1.5971,-6.5911,-0.059543,-7.1557,0.056271
-0.75081,0.81156,-4.612,-1.0195,0.77016,-0.47607,0.1186,0.097061
-1.0373,1.5205,0.34885,-0.99135,1.1126,-0.18553,1.301,0.19393
-0.86355,0.7256,-1.5071,0.39269,-1.4187,-0.021872,-1.5997,0.19585
-0.75883,1.1475,-0.93418,-0.18128,4.6191,0.11392,3.7441,0.21666
-0.74747,2.065,-0.67024,0.20131,-2.3837,0.013765,3.6683,0.089468
-0.4005,-3.6265,0.4132,0.48797,-9.2414,0.0073278,2.9885,-0.017862
-0.59762,-1.3587,1.5999,1.0686,4.4773,0.18172,3.9368,-0.085205
-0.78941,3.856,1.925,0.29088,6.6261,0.37359,0.90357,-0.18757
-0.73295,-2.6769,-0.27718,0.35624,5.1553,0.16685,2.496,-0.2048
-0.9773,2.5753,-0.55545,0.72748,-1.1221,-0.048614,0.052564,-0.16479
-0.92516,0.82712,-2.0163,-0.87219,-5.7392,-0.051392,-1.9737,-0.13038
4.5433,-1.8741,-1.276,0.31289,-4.0626,-0.013176,-3.5868,0.071555
4.3626,2.3854,-1.8429,2.0421,5.7369,-0.28111,-3.5397,0.0111
4.3307,1.1637,-5.4898,-0.95364,0.12196,-0.10718,-0.44627,0.046682
-0.61483,-0.58465,-1.5266,-1.2872,-6.2128,-0.01736,-1.2297,0.20201
-0.7659,0.88689,-0.9112,-0.0725,1.4682,-0.054344,1.6559,0.10317
-0.77119,0.32483,-0.41081,1.4687,-1.8325,0.011948,1.7765,0.1433
-0.76588,-3.6793,-0.3885,0.45391,-2.4249,-0.0015155,3.2706,-0.0036004
-0.87731,3.3758,-0.32021,-0.42308,7.8315,0.56041,-2.6012,-0.055172
-0.75206,3.8637,4.1224,0.89528,6.1247,0.32676,4.2769,-0.14447
-0.74422,-2.2342,0.84056,-0.44654,-3.05,0.043773,4.3624,-0.20373
-0.73728,-1.1331,1.6136,1.5002,-3.6729,-0.017842,-1.1052,-0.13639
-0.5981,-1.8174,4.0579,1.2844,-1.3082,-0.06578,-4.3356,-0.14449
-0.68062,-0.0019933,3.096,-1.5534,0.94403,-0.037948,-3.1961,-0.013725
-0.73123,1.8896,-0.48674,1.0145,6.735,-0.2084,-0.3312,0.050284
4.3637,2.1293,-1.7449,-1.7504,-5.0525,-0.030426,0.039347,0.01071
4.3331,-0.92032,0.3839,-2.3212,-6.4893,-0.060005,-2.6365,0.23442
-0.85165,-0.15218,-3.2912,-0.024752,1.4345,-0.21449,-1.9982,0.2168
-0.74102,3.1232,0.92143,-1.3783,0.63206,-0.076132,-0.086085,0.10222
-0.76578,1.4893,0.86451,0.31088,1.121,-0.013304,1.3004,0.078151
-0.70539,-0.0095327,2.5881,-0.68424,6.4863,0.3792,5.4812,-0.048552
-0.69181,3.82,0.83301,0.32253,1.1261,0.008361,3.8817,-0.1377
-0.83751,-3.3965,-1.7244,-0.10667,-7.1423,0.051057,2.2796,-0.2141
-0.75266,-3.566,1.0879,1.8565,4.3096,0.17031,3.9836,-0.19205
-0.80311,2.4465,-0.84813,0.059985,5.9372,0.33489,2.2728,-0.12568
-0.87497,-1.1441,0.49839,0.3042,5.3505,0.1898,3.2542,-0.060113
-0.71218,2.1039,-1.0653,-0.597,4.8781,-0.021641,2.0309,-0.021927
4.3218,0.23233,-3.4731,-2.5755,-4.9558,-0.022764,0.54788,0.11437
4.3638,-0.32706,-0.26837,-0.8269,-4.7669,-0.039449,0.37855,-0.0096606
4.3433,1.0839,-4.3798,0.081393,5.0095,-0.19876,0.16286,0.36118
-0.75122,-0.71671,-5.4408,-1.2817,2.2683,-0.14134,-1.9846,0.21675
-0.78673,1.9667,0.679,0.94544,-3.0024,-0.045713,-2.5426,0.08056
-0.78299,-1.1801,-1.6171,0.01017,4.5225,0.063686,1.5582,-0.0073728
-0.96533,1.9957,1.4652,1.4676,-2.5766,0.029321,5.7703,-0.1562
-0.79135,-4.6397,1.4131,0.81363,-5.553,0.04496,1.4001,-0.21249
-0.74777,-1.4964,2.3473,-0.67926,7.44,0.51135,-5.3379,-0.21295
-0.75341,3.613,3.1395,0.80213,6.0221,0.35878,2.3147,-0.16318
-0.60586,-1.5703,0.21553,-2.4321,2.7253,0.037984,3.6189,-0.060113
-0.64574,-0.70722,-0.16427,0.65514,-5.5226,-0.00025128,1.7248,0.070265
-0.78892,-1.2733,1.0492,-1.0593,-5.9923,-0.0053404,-1.3745,-0.0059855
-0.74092,0.33477,0.55779,0.49834,-1.2937,-0.0066046,-3.6118,0.13216
-0.97669,1.289,-1.435,2.1067,6.2078,-0.22216,-4.0085,0.20863
4.343,2.3931,-0.52855,-2.5166,-5.9672,-0.046752,1.5936,0.23051
-0.82161,-0.98794,0.50758,-2.3887,-7.4154,-0.053042,-1.9243,0.18358
-0.77968,-1.0392,-0.20883,0.34091,-0.34104,-0.14255,0.40127,0.0037253
-0.76392,0.10809,-1.2214,0.37826,-1.3453,-0.022809,-0.92153,-0.067317
-0.58891,-3.6961,-1.6176,1.6126,-2.4838,0.0078989,2.8415,-0.18901
-0.81342,-0.17871,0.18368,-1.505,7.0836,0.5013,0.56265,-0.24167
-0.76023,3.5323,2.2631,0.82661,3.5848,-0.012817,5.6414,-0.14296
-0.76086,-1.1832,1.6798,-1.1446,-6.2957,-0.02295,3.5476,-0.091509
-0.93306,-2.8991,0.62917,1.6606,0.17439,0.057667,1.524,0.00014761
-0.76555,0.5157,4.2907,0.5478,4.2535,0.049799,2.9537,0.11312
-0.7361,-0.41872,1.4556,0.34543,4.1987,-0.0148,-0.94193,0.0019486
-0.72561,2.7647,-1.1939,0.29431,5.9065,-0.18934,-2.1496,0.0043094
4.3608,2.0681,-0.6835,-1.664,-7.1653,-0.10097,0.25194,0.21308
4.3215,-0.62591,-1.8211,-0.61954,-6.716,-0.09722,-1.7268,0.11483
4.2888,1.2447,-2.4941,-0.26416,2.1844,-0.63962,0.82039,0.049748
-0.80651,1.5847,-1.4275,-0.38378,0.24029,-0.27613,2.9888,-0.043198
-0.84293,-0.60795,-0.23034,1.5059,-1.3589,-0.087966,-0.31728,-0.10348
-0.82061,-0.23932,0.46344,0.43724,4.2405,0.044979,5.2157,-0.18519
-0.78012,0.61425,-1.0063,0.1834,-1.1084,0.023474,2.683,-0.19185
-0.77592,-5.0484,-0.36796,-0.39046,-8.8393,0.023044,0.50411,-0.072306
-0.66939,-1.8999,1.8332,0.5804,5.4793,0.30301,2.8375,-0.044537
-0.59803,3.8133,5.5402,0.72332,5.7062,0.25573,1.7048,0.038747
-0.79775,-2.7553,-2.094,-0.7346,4.6279,0.11774,1.1918,0.11342
-0.7656,1.2578,-0.18982,0.73654,-2.3242,-0.034001,-1.7993,0.21366
-1.0231,0.40167,-0.49804,-2.6111,-7.2677,-0.052175,-1.7952,0.19439
-0.86958,0.7275,0.34278,0.37478,-2.9165,-0.067571,-1.5252,0.13763
4.333,3.3584,-1.9552,0.46772,5.4486,-0.23491,-6.5838,0.046195
4.2975,1.4007,-2.3928,-1.018,-0.97118,-0.089416,-0.80478,-0.034388
-0.79527,-0.21676,-1.7642,-0.70187,-5.5982,-0.028257,-5.622,-0.07586
-0.63301,-2.4162,-1.6446,0.36946,0.61504,-0.11915,2.8711,-0.1251
-0.84851,-1.2517,-2.8979,0.83103,-3.6083,0.047642,1.7176,-0.18635
-0.78014,-6.7651,-2.1234,0.73763,-2.1821,0.0036249,0.54892,-0.16793
-0.77997,1.2707,0.31462,0.11992,6.9291,0.48639,0.74194,-0.10504
-0.9548,4.3436,2.0368,-0.21129,4.1108,0.10894,2.1995,0.03646
-0.78738,-2.6837,1.5526,-2.365,-3.4865,0.056967,-1.0098,0.14216
-0.74877,-0.57348,-1.5377,-0.58962,-4.9471,0.046616,4.4774,0.25441
-0.75479,0.073472,5.6463,0.70331,2.5973,0.0097087,-0.9113,0.12237
-0.56872,1.1618,2.4359,-0.71913,1.6597,-0.10832,-1.6376,0.13547
-0.71926,3.2278,0.86114,0.9623,5.5713,-0.25632,-0.91528,0.095942
4.3288,3.1868,-1.9025,-2.1185,-5.6761,-0.013734,-0.23778,-0.0096362
4.2941,-2.3726,-1.3974,-2.0149,-7.5585,-0.0084721,-3.0449,-0.081092
-1.0555,1.19,-0.78477,-0.74005,1.476,-0.29706,-1.4284,-0.16832
-0.97706,0.50712,-1.3976,1.4253,1.7803,-0.10593,0.9108,-0.18606
-0.78104,0.084896,-1.4643,0.27283,-0.55045,-0.05283,0.27506,-0.15058
-0.78614,-1.7109,-0.38951,-1.1648,5.5719,0.2693,2.71,-0.025066
-0.49971,1.0143,-0.77341,-0.40881,-0.51445,-0.019375,5.223,-0.024409
-0.63699,-5.0036,0.2087,-0.76277,-7.7592,0.019816,1.194,0.064643
-0.82015,-1.7586,0.72923,1.3677,4.5612,0.2078,-1.0101,0.15683
-0.77088,2.2771,-1.8207,-0.02788,6.6182,0.3949,-1.2895,0.28067
-0.99615,0.76208,-1.1559,-0.46119,4.6643,0.11014,3.5402,0.15915
-0.91918,3.0372,-1.1893,-0.81953,1.8377,-0.15568,-0.015328,0.058826
-0.81972,2.041,-1.6914,-0.44326,-7.1541,-0.059934,-2.5703,0.030984
4.229,-0.58194,-0.21548,-0.86842,-3.2448,-0.084654,-2.7015,-0.064591
4.3074,1.2039,-3.0634,-1.0753,5.5719,-0.1406,-3.6553,-0.084159
-0.66901,0.43116,-5.5866,-0.54774,-0.099818,-0.14664,-3.0921,-0.20083
-0.74535,-1.9848,0.45978,-0.54975,-5.7935,-0.076664,-1.1103,-0.18122
-0.79268,-1.4265,0.23259,1.0874,2.851,-0.11499,2.1666,-0.13123
-0.78964,-0.73437,-1.1477,0.5762,-3.3333,0.030514,1.1592,0.019326
-0.94745,-6.9215,-0.82109,0.73652,-3.5235,-0.016706,3.5783,0.17648
-0.83449,-2.3293,3.9921,-0.43132,7.3521,0.52209,-2.8666,0.29892
-0.76608,4.3868,7.1104,1.2158,5.0259,0.24748,1.9999,0.072528
-0.75527,-0.5027,-0.11203,-1.1383,-1.2504,0.057718,2.8368,0.14296
-0.56951,3.3745,0.71784,0.6885,-4.5608,0.032824,-0.63638,0.16835
-0.73974,-0.21741,1.9737,-0.73483,-2.2901,-0.012676,-3.0276,0.045684
-0.74901,2.3343,1.1004,0.1285,1.2129,-0.064766,-3.2083,-0.039499
-0.74451,2.6546,-0.21897,0.14368,7.1174,0.15856,-2.1318,-0.10767
4.3167,2.5211,-1.7662,-2.8263,-5.1749,0.021311,5.0495,-0.13427
4.2985,-1.7589,-4.2879,-1.2101,-6.8638,-0.061262,0.15384,-0.20003
-0.68971,-0.17108,-0.93007,0.2533,0.25937,-0.24577,-1.0493,-0.11977
-0.78166,0.18048,-1.0729,0.74509,-0.62678,-0.064445,3.7723,-0.080849
-0.77187,-2.8166,-0.035041,0.46474,0.40663,0.0057747,0.33469,0.14447
-0.63158,2.1578,1.1906,-1.1244,6.4978,0.43856,2.4279,0.23669
-0.8059,2.3597,1.0648,0.65062,-0.73763,-0.0014193,4.3231,0.18421
-0.77328,-5.9653,-0.31799,-0.615,-8.0144,0.04822,-1.9831,0.17662
-0.75367,-1.1549,2.2222,2.1363,2.9971,-0.031909,2.2393,0.07725
-0.93644,1.362,-1.1328,1.1114,6.0125,0.31038,-0.18706,0.1131
-0.74911,2.0289,0.39111,-0.90645,4.9823,0.16013,1.6207,0.023463
-0.74237,1.4815,0.11061,0.51212,6.0926,0.22521,1.511,-0.091996
-0.74436,1.2845,-1.3483,-2.5953,-7.5129,-0.01951,-1.8383,-0.091996
4.3368,-1.0115,-0.23291,0.64405,-4.813,-0.059735,-4.5823,-0.14744
4.3169,-0.32619,-1.999,-0.32568,5.2976,-0.19733,-2.607,-0.17384
-0.7914,-0.80084,-1.9171,-0.76322,-0.26186,-0.14764,-2.9851,-0.11767
-0.78545,-1.7003,-2.1807,-0.38462,-2.4386,-0.066396,-1.9006,-0.050865
-1.0027,-3.0062,-0.67386,0.73582,3.0105,-0.0098133,2.229,0.38919
-0.90768,0.18661,0.61762,1.546,-4.1365,-0.0051799,2.1529,0.16835
-0.76366,-6.0229,-0.17989,1.0482,-2.7487,-0.0091138,4.7481,0.19497
-0.75979,0.35223,1.9161,0.42226,7.3705,0.50862,-1.3686,0.16747
-0.38458,3.6762,4.1773,1.0917,5.8792,0.33527,2.7429,0.13824
-0.64587,0.44998,2.9082,-2.3926,0.1274,0.042528,3.3819,0.045319
-0.79236,1.5167,2.8684,0.62024,-3.6057,-0.0071244,-0.38797,-0.061719
-0.74354,-1.5474,3.7952,-0.95059,-5.4007,-0.051007,-4.3726,-0.11938
-1.0526,0.557,2.3719,-0.15493,0.31465,-0.14645,-1.9066,-0.1965
4.4524,2.9428,-0.33123,0.31382,6.6344,-0.18633,-2.2703,-0.137
4.3377,0.80494,2.3862,-4.7982,-5.1215,-0.080001,1.883,-0.15065
-0.78204,-1.6517,0.6247,-0.7262,-5.0656,-0.068662,1.4389,0.022636
-0.77753,-3.1935,-1.1797,0.55798,-0.24851,-0.12713,-2.4592,-0.0061802
-0.53511,0.99285,-1.0327,0.41266,-4.5923,-0.051052,2.0429,0.20928
-0.80465,-3.8553,-0.76423,1.6383,3.4375,0.00042897,1.6781,0.29585
-0.76892,1.0067,1.7639,0.11491,6.8679,0.51157,-0.85341,0.38013
-0.76111,4.7851,1.6725,1.0661,2.4565,-0.045681,4.5071,0.042666
-0.94085,-4.1378,0.016037,0.39609,-8.1551,0.007854,6.2375,0.052936
-0.74146,0.13887,1.6956,1.6075,1.9725,-0.0062837,2.6087,-0.027695
-0.73933,-0.039536,3.7686,0.44078,3.8196,0.095401,1.3058,-0.13201
-0.72611,0.8529,-2.4031,-1.6296,3.8624,-0.0044676,-0.84569,-0.10404
-0.59365,2.7627,-1.4748,0.4899,6.3778,-0.10824,-2.568,-0.15956
4.3588,-0.70663,-3.4067,-0.88215,-7.104,-0.062661,0.07287,-0.1515
4.3381,-4.8051,-5.5114,-1.6045,-7.223,-0.057912,-2.4896,-0.060016
-0.77391,0.53123,-4.271,1.7583,3.2597,-0.46846,0.15974,-0.014991
-0.95343,0.38439,-0.22118,-0.43248,2.9354,-0.16952,1.0185,0.12113
-0.842,-1.7923,-2.0164,2.039,0.061897,-0.031999,1.394,0.1947
-0.76905,-0.96927,-1.9306,-1.1145,4.5777,0.18052,1.6128,0.30943
-0.7652,3.0247,0.66347,0.27667,-3.0068,-0.034104,5.64,0.21291
-0.72509,-4.866,1.8991,0.53789,-5.5821,-0.020171,0.4178,0.08275
-0.67491,0.46315,2.4275,1.6947,6.5011,0.47693,-4.5389,0.00095076
-0.79809,4.3468,1.8726,0.90239,6.4834,0.4073,2.4576,-0.10304
-0.75243,-1.1655,-0.056632,0.31531,4.6534,0.17055,0.30575,-0.15885
-0.97424,1.1654,-2.2254,-0.86666,0.55497,-0.085707,-4.1564,-0.14999
-0.83378,0.82661,0.51167,-3.1014,-7.3419,-0.074104,-4.6706,-0.15907
-0.59337,-2.5781,-0.40041,0.54382,-0.94798,-0.099658,-4.5997,-0.078172
4.3395,1.5951,-1.6893,1.4833,5.9858,-0.15066,-3.9476,-0.035337
4.3105,1.0976,-4.2645,-0.08074,-2.906,-0.087106,1.4363,0.032614
-0.60708,-2.0476,-2.4016,-0.43218,-4.917,-0.021378,-2.1242,0.15564
-0.80625,-1.3724,-0.68163,0.20764,1.6275,-0.073417,0.65811,0.070265
-0.7893,-0.10866,-0.30029,0.28499,-2.7002,0.026798,-0.53183,0.24905
-0.78345,-3.6026,-1.3028,0.16823,-0.91207,0.038093,4.3776,0.10684
-0.91586,2.1982,-0.010488,-1.3025,7.3124,0.55156,0.71952,0.046098
-0.78564,6.0432,3.1307,0.18686,5.553,0.3701,4.3844,-0.051619
-0.759,-2.2661,-0.07397,0.26111,-3.0157,-0.031832,3.3909,-0.17022
-0.76209,1.3455,1.3719,0.060197,-1.722,-0.051822,2.4276,-0.14335
-0.48999,-1.0101,5.2101,-0.83183,-1.9831,-0.050199,1.8478,-0.21407
-0.73141,-1.2765,-0.70979,0.0035604,3.2706,-0.097528,-2.3756,-0.14366
-0.7441,2.9069,-1.9101,1.1934,7.0703,0.018218,-3.0057,-0.060892
4.3432,0.55798,-1.9324,-1.4377,-5.7683,0.0019371,-0.04038,-0.037065
4.3223,-2.2704,-2.4643,-1.0148,-6.0258,-0.019857,-1.7856,0.20775
-0.88895,0.46048,-1.9426,0.48758,-0.010277,-0.26475,-0.37847,0.2244
-0.79308,3.5405,-0.83677,-1.1036,0.94032,-0.091906,-0.4527,0.13997
-0.78473,-0.98339,1.354,1.6431,0.99902,-0.019247,0.73708,0.25823
-0.68466,0.58193,2.4319,-1.5587,6.2143,0.41952,0.40793,0.076228
-0.68056,3.0863,0.44524,0.67642,1.0174,-0.0090689,4.8312,-0.0091495
-0.8269,-3.4687,0.0042873,0.59689,-7.4884,0.029218,2.3992,-0.14678
-0.76485,-1.6325,1.2176,1.1644,4.2276,0.21837,2.1898,-0.18078
-1.1846,0.83777,1.232,0.13114,5.6863,0.37909,1.3945,-0.16185
-0.83231,0.63998,1.1358,0.51459,5.0175,0.27233,2.1852,-0.14785
-0.78546,1.3377,-0.80026,-0.76596,5.2439,0.18257,0.66223,-0.092434
4.3742,-0.5436,-2.6959,-2.1218,-6.5324,-0.043204,1.3304,0.0047231
4.3455,0.04079,1.3067,-0.42808,-3.1099,-0.08973,-1.463,-0.032003
4.3343,-0.025504,-2.9901,0.60167,5.5198,-0.11582,-3.2828,0.32457
-0.79554,-0.46243,-7.3867,0.31267,-0.80982,-0.15533,2.2415,0.22673
-0.80628,-0.24829,0.64015,-1.1033,-4.2463,-0.069445,4.8614,0.18156
-0.79614,-0.76746,-1.6144,0.17677,3.3742,-0.040868,2.5874,0.10555
-0.99092,0.9724,-0.29275,1.5852,-3.1268,-0.0022279,2.5327,0.033564
-0.7873,-5.4429,1.2973,0.59693,-3.2036,-0.047863,4.6163,-0.10273
-0.76921,-0.065886,1.6671,0.015526,6.5198,0.4691,3.5446,-0.16464
-0.76363,3.1759,3.584,1.1312,5.5356,0.36407,4.4393,-0.16189
-0.62816,-0.28018,2.4107,-1.5564,1.7596,-0.0018557,1.335,-0.19655
-0.7191,0.87584,1.7745,-1.4015,-4.6344,-0.064189,-1.4233,-0.087055
-0.76339,-1.0551,2.6815,-0.30987,-4.4617,-0.03094,-3.1087,-0.07586
-0.75074,0.96731,2.1241,-1.4598,0.96378,-0.14139,-0.92013,0.046317
-0.95913,1.4589,-2.2793,1.0709,6.368,-0.20394,-3.2285,0.14681
4.3417,1.4674,-1.5723,-2.5455,-5.6323,-0.10105,-1.5174,0.2756
-0.69627,-1.822,-5.2849,-1.295,-6.3334,-0.099844,-0.95635,0.28814
-0.78837,-0.085492,0.02602,-0.71421,-0.34174,-0.24106,-0.61231,0.11531
-0.76748,2.7151,-1.1748,-0.36928,-2.8047,-0.041837,3.3216,0.034488
-0.63172,-1.8391,-0.16247,0.69202,0.88512,-0.03764,0.4718,-0.060259
-0.81294,2.349,1.037,-1.0431,5.7926,0.3269,1.5681,-0.18845
-0.77093,1.8597,2.0958,1.0084,2.3582,0.0035286,3.7494,-0.19465
-0.77635,-4.2113,2.2457,0.44567,-8.6438,0.0020462,1.785,-0.090754
-0.90838,-2.8162,3.2154,1.3071,3.3146,0.062525,2.7551,-0.1223
-0.76819,-1.1369,0.50713,0.73583,4.7824,0.19375,-1.4523,-0.04478
-0.74711,1.3766,1.8153,-0.28025,3.8622,0.074609,0.15581,-0.062498
-0.74594,1.6809,0.99256,-0.0015137,6.0976,0.019694,-1.3254,-0.0098309
4.3611,-0.40637,-1.5127,-1.0152,-8.7577,-0.092118,1.1231,0.22515
4.32,-0.53804,-1.0057,0.51264,-4.0723,-0.15194,-1.8015,0.095771
4.281,0.52929,-4.1133,-0.13594,4.0184,-0.4247,-2.7085,0.21111
-0.81396,0.9253,-0.82785,-2.5194,-0.69195,-0.13696,-1.6367,0.052571
-1.0333,0.080754,-2.71,0.35538,-0.3176,-0.13846,-3.4371,-0.019347
-0.79987,0.53489,-1.2555,0.53347,3.3765,-0.010083,3.0716,-0.12191
-0.79624,1.0229,-1.1552,1.816,-3.4247,0.017435,1.771,-0.2059
-0.79063,-8.9661,2.5198,0.4757,-2.9779,0.0077834,5.6408,-0.18674
-0.45633,-0.2019,4.7737,-0.63788,6.1126,0.37923,0.055158,-0.13977
-0.68821,-0.051513,5.3132,1.8565,5.4202,0.31023,2.4285,-0.090389
-0.79659,-1.2379,0.60783,-1.6512,1.8679,-0.057669,3.5621,0.039672
-0.77303,-0.33775,2.0521,-0.14844,-2.3991,-0.060813,-1.1539,0.05481
-0.98722,-1.608,3.4053,-0.9935,-6.8754,-0.050057,-2.1982,0.19417
-0.80001,0.89991,2.6572,-1.5169,1.3193,-0.20509,-2.6208,0.1607
4.3215,2.2173,-1.1027,0.93783,6.5078,-0.14296,-3.0179,0.092072
4.2859,3.6456,0.37414,-2.1085,-5.9184,0.0053191,-0.22313,0.10293
-0.8102,-0.437,-1.0713,-0.60367,-4.7408,-0.10652,-2.6077,0.0020946
-0.62165,-0.74923,-3.2174,0.25221,1.0654,-0.2269,-0.96961,-0.067828
-0.85873,0.59355,-0.12315,1.0769,-4.249,-0.019959,3.1688,-0.18859
-0.79909,-5.4881,-1.6967,0.20766,2.1249,-0.090334,-0.48158,-0.2197
-0.79614,3.1059,-1.1893,-1.0387,6.1064,0.44995,4.0628,-0.12604
-0.87178,2.7027,1.4436,0.44127,2.4162,-0.045572,5.0158,-0.11266
-0.78439,-5.6251,-0.112,-0.6482,-8.2429,-0.062937,5.2947,0.0027031
-0.77114,-2.0169,4.5129,0.6065,2.5613,-0.022783,1.444,0.14033
-0.76393,0.023149,-0.8881,0.81622,3.7065,0.064796,-1.2962,0.10984
-0.57987,1.2323,-1.099,-0.59092,3.4544,-0.088768,-0.17632,0.057926
-0.73209,2.3384,-1.0989,0.34658,6.5999,0.16779,-1.5019,0.21839
4.33,0.64171,-1.4486,-2.3529,-8.0958,-0.045501,-0.53726,0.11152
4.2903,-4.3986,-1.2854,0.0057185,-4.0823,-0.16118,-3.7644,0.1334
-1.081,1.9049,-3.2495,0.11003,3.2341,-0.39983,-2.5778,-0.012362
-0.8838,-0.95617,-1.0754,-0.7186,0.77546,-0.14226,-2.0698,-0.11818
-0.7966,-2.9694,-1.2995,-0.70254,0.45011,-0.0032932,0.73292,-0.17693
-0.79451,-0.11456,-1.1388,-0.016376,4.6999,0.22289,0.90291,-0.15625
-0.54839,0.71184,-1.2415,2.5197,-3.1901,0.02633,3.5965,-0.17808
-0.70541,-10.014,-1.1265,-1.0907,-3.3976,0.02719,4.8385,-0.090292
-0.79295,-0.99652,0.77109,2.6746,5.6083,0.37046,-3.4352,-0.021683
-0.78352,1.5254,2.7636,0.14978,6.1219,0.38772,1.5745,0.15966
-1.0563,-0.7101,-0.63254,-0.94408,3.2694,-0.026114,0.091384,0.24455
-0.92013,1.0135,0.84249,0.88976,-0.63241,-0.11715,-2.0302,0.072236
-0.77097,0.67906,2.971,-2.6819,-8.6869,-0.096302,-3.465,0.075108
-0.81359,0.57836,2.4893,0.23407,0.71591,-0.098433,-3.1409,0.088348
4.3006,2.618,-1.1271,-0.7369,6.2004,-0.11641,-2.6294,-0.029034
0.98372,5.6799,1.5919,-2.6079,-5.2275,-0.066364,0.14886,-0.10304
-0.82592,-4.5367,1.7316,-1.0188,-2.5538,-0.091174,-2.0905,-0.22162
-0.79904,0.027214,-3.6552,0.48789,0.92072,-0.11808,0.29361,-0.17964
-0.79735,-0.14091,-1.4233,1.5944,-5.0696,-0.050237,5.2131,-0.095573
-0.94624,-6.7517,-0.15568,0.623,3.1664,0.050267,1.6899,-0.046192
-0.8604,1.0781,0.32526,-0.67213,6.5752,0.55043,2.4024,0.099933
-0.77566,3.2693,1.6349,2.0225,3.77,0.080423,2.3089,-0.0045253
-0.76522,-4.2619,0.13801,-0.82513,-5.9031,-0.020614,3.4763,0.14033
-0.48561,0.54562,-1.2038,1.2423,0.89247,-0.065575,4.1656,0.22574
-0.75994,0.17474,-1.4228,1.1177,0.15609,-0.10925,-3.4087,0.078029
-0.76685,2.3433,-1.5329,-0.7904,3.8287,0.028493,0.25545,0.053156
-0.75634,3.8044,-0.15123,-0.93741,7.7584,0.39675,-4.0399,0.072772
4.3092,-0.15516,-3.6252,-1.5906,-6.5674,-0.075028,-1.3009,-0.058726
4.2814,-3.7048,-4.0998,0.040665,-4.5061,-0.05908,-2.2944,-0.15805
-0.8005,0.021704,-1.6229,2.1723,3.0914,-0.28521,0.40424,-0.19161
-0.7947,0.96815,-0.023638,-0.6316,-0.036513,-0.077589,3.5325,-0.13271
-0.61563,-2.5617,-0.39342,1.4325,3.6497,0.0915,3.8913,-0.064786
-0.65307,-1.3322,-1.0145,0.62447,5.1296,0.32309,3.6006,0.028939
-0.79935,0.67517,2.1891,2.8866,-2.3365,-0.025414,2.9791,0.046146
-0.779,-8.6441,-0.41559,0.7569,-6.0147,-0.047452,3.5735,0.086255
-0.96403,0.11954,3.4707,2.1353,5.1919,0.31706,-3.5054,0.2362
-0.96836,3.9599,0.53094,0.62775,6.2838,0.44272,-0.44672,0.21279
-0.7353,0.38342,-1.9715,0.21877,4.5549,0.19024,-0.40309,0.14807
-0.75091,1.4423,0.50412,0.28131,3.838,0.01526,-0.10336,0.052182
-0.74412,1.9165,1.5808,-2.1058,-8.6793,-0.090526,-2.482,-0.045218
4.3255,1.4366,3.8283,-0.26767,-3.3015,-0.20064,-2.7114,-0.083988
4.2966,3.5486,0.52785,-1.0801,4.8069,-0.41919,-3.6941,-0.18842
-0.79817,-0.32102,-2.0771,0.056074,-4.6734,-0.12114,-0.17705,-0.22288
-0.79244,-2.4432,-3.6948,0.46511,-1.5446,-0.14778,0.16122,-0.12266
-0.97057,-2.1966,0.82,0.50295,0.8694,-0.12359,2.2666,0.088324
-0.81283,-0.76014,-0.27489,1.3417,-6.8735,-0.040951,1.9587,0.032152
-0.76447,-10.529,-1.1613,0.14472,3.3793,0.10596,3.9782,0.116
-0.76574,1.8837,-0.35092,-0.94385,6.3733,0.47744,-0.1272,0.17942
-0.52234,2.9171,2.7113,1.089,4.4256,0.20245,0.90157,0.26378
-0.71501,-1.6755,0.60903,-0.47964,-3.7984,-0.0034536,-0.7853,0.22914
-0.75709,2.5439,3.1703,0.84789,-4.9977,-0.03617,-0.90536,0.10222
-0.74897,-0.11535,1.2664,0.38355,-5.5427,-0.078352,-2.2637,-0.0044522
-1.0561,2.6266,-0.35866,0.038867,2.6793,-0.15305,-1.0866,-0.07788
-0.91678,1.6838,-1.514,0.95877,7.5421,0.15218,-9.3655,-0.15235
4.3178,-0.90745,-0.19022,-1.1591,-7.6854,-0.030786,0.096393,-0.33735
-0.78718,-3.2616,-1.8781,1.2866,-4.8224,-0.054158,0.52842,-0.14313
-0.32097,0.15973,-3.0212,-0.4775,-0.49799,-0.32826,-0.604,-0.11453
-0.61315,0.92265,1.7607,1.322,-4.1008,-0.01942,4.6323,0.030813
-0.79028,-4.4884,-0.089099,1.0105,5.0361,0.29701,2.7277,0.19368
-0.77151,-0.017875,1.2218,-0.060335,4.5427,0.2681,6.3231,0.31895
-0.76822,2.7752,1.7701,3.3909,-1.8495,-0.047471,2.664,0.062331
-0.86633,-5.779,1.2533,-1.052,-8.6743,-0.046213,-3.3005,0.1084
-0.7771,1.1094,1.6051,0.55264,3.8242,0.14862,-0.46441,0.1691
-0.74691,1.3721,-0.48211,0.37115,4.791,0.20768,-0.32521,0.032444
-0.73886,0.80565,0.23248,1.7008,3.7401,0.0026558,-1.4836,-0.049891
-0.49158,2.2712,-0.65481,-0.73728,5.7979,0.16167,-0.727,-0.09404
4.3375,0.27992,0.62255,-2.5197,-9.5236,-0.034912,-0.25165,-0.1955
4.3221,-2.8408,2.6176,0.96378,-3.257,-0.23703,-4.0418,-0.20668
-0.58865,3.6244,1.6463,-0.020872,4.6178,-0.3346,-4.5209,-0.1303
-1.176,-4.2361,-2.2915,-0.8574,-2.0801,-0.14937,0.62437,-0.0080786
-0.84203,-0.93045,-0.83765,-0.82977,0.46797,-0.057957,-0.79002,0.021516
-0.7726,-1.1528,-1.1025,0.61502,3.7783,0.10962,3.4588,0.27823
-0.76778,0.4178,-0.22529,1.6771,-5.1568,-0.013465,-0.30032,0.24635
-0.69735,-9.0034,0.84647,0.092209,-0.59233,-0.054036,6.092,0.13247
-0.65549,3.3643,2.0926,-0.55027,5.7226,0.38652,-0.64582,0.085817
-0.76461,4.0929,4.1863,1.5285,5.4563,0.32827,3.6234,0.077518
-0.75552,-0.0104,0.93448,-1.5421,2.4838,-0.033584,0.41016,-0.02475
-1.067,1.6053,2.9124,0.32291,-3.0076,-0.126,-2.418,-0.094356
-0.75553,-0.39502,2.9829,-0.25258,-8.2236,-0.039231,-3.9439,-0.11835
-0.6981,0.26987,0.5853,0.73659,1.7304,-0.15685,-1.3373,-0.16786
4.331,2.7176,-1.8898,-0.68993,7.1412,0.091301,-3.0158,-0.11431
4.3107,3.1145,-1.5152,-2.2419,-6.5505,-0.026634,-0.16626,-0.084402
-0.60941,-1.7994,-1.4645,-1.9229,-3.2713,-0.074855,-0.6121,0.0072299
-0.78182,-0.50362,0.42992,1.21,1.1839,-0.17848,0.031314,0.011708
-0.78517,0.5106,-0.99698,-0.62119,-4.6301,-0.048646,4.9725,0.20429
-0.7766,-3.1761,-1.6785,0.13955,3.686,0.095947,0.24339,0.12814
-0.94603,0.83178,1.7723,-0.43326,6.4693,0.47807,-0.46189,0.19463
-0.74994,4.1757,2.6893,1.8474,2.8986,-0.010237,3.8122,0.10059
-0.75433,-4.7673,1.4139,-1.1822,-8.017,0.0031115,5.4157,0.035876
-0.75279,0.58453,1.2921,-0.002702,2.7131,0.016543,0.28837,-0.063399
-0.53738,0.35633,-0.72034,0.4906,2.7202,-0.049801,-5.5684,-0.17185
-0.71411,1.1308,-0.92991,0.42348,3.6137,-0.11284,-0.093926,-0.20675
-0.73636,2.1409,-1.8591,-1.0113,6.992,0.33907,1.384,-0.15561
4.3442,-0.0062896,-1.9858,-3.5365,-8.1044,-0.055288,-2.2666,-0.11521
4.3237,-3.1922,-3.619,-1.5438,-2.5125,-0.17014,-2.0232,-0.0013857
-0.91848,0.57583,-1.7923,0.10579,2.5117,-0.40956,-1.1437,0.072723
-0.77215,-0.23978,-0.4998,-0.31051,0.31165,-0.069117,0.84549,0.14435
-0.78068,-2.0476,-1.1934,-0.84147,2.916,0.019053,2.302,0.46651
-0.36314,0.19012,-0.31162,2.0104,4.784,0.27557,3.0413,0.22491
-0.64953,2.8887,0.85076,2.2463,-3.5501,-0.048658,1.524,0.14026
-0.80681,-7.3361,1.1862,0.50229,-3.4577,0.03887,0.72132,0.048945
-0.76331,0.62017,0.97826,1.067,5.9991,0.42052,-2.0258,-0.073888
-1.0364,2.9162,2.9913,0.89992,5.6047,0.39272,0.60192,-0.12475
-0.90818,-0.08871,2.7948,-0.63842,3.6548,0.039743,-1.5512,-0.17737
-0.81565,1.3188,2.2616,-1.362,2.3474,-0.059889,-1.0102,-0.16024
-0.74042,-0.072276,2.4327,-2.7958,-7.3922,-0.054691,-2.9426,-0.12332
4.3408,0.76893,0.34689,-0.70773,3.3276,-0.020646,-2.3861,-0.034412
4.349,1.3403,-2.902,-0.62512,6.7693,0.024065,-6.1016,0.11911
-0.78098,1.4412,-0.49487,0.35144,-5.8275,-0.092086,1.2492,0.11529
-0.78984,-2.2788,-3.1242,-0.7404,-0.16355,-0.10248,0.014276,0.17407
-0.78036,0.052844,-2.4085,0.31018,0.84967,-0.099581,0.1356,0.14004
-0.92472,2.3191,1.0957,0.77395,-6.1865,-0.064458,4.3817,0.20792
-0.76766,-6.8989,0.41405,0.73922,3.5728,0.15322,1.17,0.1433
-0.76476,2.3409,0.71849,0.89919,6.3529,0.4706,-2.0591,-0.008614
-0.75001,3.6893,2.8345,1.0521,3.8337,0.10757,3.3002,-0.081579
-0.65835,-2.9395,1.1492,-1.6665,-5.7917,0.0027521,7.585,-0.18509
-0.73525,0.65699,0.73063,-0.20087,-2.5373,-0.08819,-1.4535,-0.21227
-0.7398,0.28757,-1.3956,0.42111,-2.0335,-0.13754,-2.3118,-0.16654
-0.73733,2.0942,-0.99045,0.42044,2.8708,-0.21281,-2.3447,-0.11212
-1.0976,1.1203,-0.26034,0.0014537,6.8071,0.13464,-1.4448,0.047582
4.3601,-1.3978,-2.2182,-2.6098,-8.8968,-0.03377,-1.1053,0.16426
4.4025,-1.9382,-2.344,-0.69447,-3.423,-0.14386,-4.4888,0.16878
-0.77538,-1.3606,-3.211,-0.3426,1.4191,-0.43544,-3.0173,0.32065
-0.74291,1.5244,-2.6034,0.78257,-1.9587,-0.071376,-0.68801,0.10998
-0.63919,-3.9757,-1.7492,0.27683,3.3308,0.029641,-0.050161,0.14603
-0.79132,1.326,2.4458,1.9706,3.23,0.023493,2.4298,-0.0063749
-0.759,3.0397,2.6054,1.7865,-3.9195,-0.0080293,0.47989,-0.073645
-1.1686,-7.0006,0.0028676,0.079884,-6.2849,-0.0084849,2.9465,-0.10214
-0.936,0.19501,0.064384,0.85778,4.6291,0.23693,-0.083124,-0.18331
-0.67513,1.0219,-0.8501,0.76903,4.9876,0.19836,-0.47993,-0.15126
-0.73232,0.1127,-1.8856,-1.5084,3.8989,0.09734,-1.9006,-0.067852
-0.7367,1.428,0.49547,0.41726,3.0319,-0.11392,-1.4697,-0.055002
4.3762,-0.19259,1.5982,-2.4076,-9.8515,-0.11984,-4.1058,0.10465
4.3398,0.34499,0.097712,-0.70932,1.4746,-0.23376,-3.3914,0.016332
4.31,2.5137,-2.7551,-1.1787,5.1507,-0.38174,-4.2037,0.23318
-0.80299,3.1133,-0.14442,0.73798,-5.154,-0.15101,0.30275,0.12746
-0.9787,-1.1037,-0.15732,-1.1603,0.37422,-0.089525,-1.8352,0.050478
-0.80845,1.1767,-1.2735,1.0205,1.0352,-0.085245,1.5842,0.050819
-0.78055,2.3495,1.6834,1.4753,-7.1828,0.011923,2.7348,-0.083599
-0.78037,-7.8215,2.0086,0.63316,4.1809,0.24096,5.1657,-0.11816
-0.56924,4.0303,2.0623,0.64233,5.4049,0.38167,2.3659,-0.19368
-0.7128,4.2125,3.0939,1.3521,3.7035,0.12798,2.2643,-0.22313
-0.75962,-2.1812,0.69154,-1.3779,-3.9931,-0.062828,1.4934,-0.12631
-0.76069,0.014884,0.23831,0.12143,-5.5652,-0.066769,-1.7556,-0.072696
-0.85271,-0.29556,-0.88709,-0.49861,-4.5361,-0.13596,-1.2559,0.052888
-0.87773,1.7431,-2.3812,0.039304,3.2394,-0.24238,-1.64,0.10373
4.35,2.6172,-1.4665,-0.86947,6.7931,0.18473,0.49694,0.06126
4.3192,0.078757,-1.3067,-2.0265,-7.6809,-0.058965,-1.5544,0.2096
-0.40131,-0.73199,-2.4917,-0.055864,-3.9043,-0.086855,-2.1003,0.13807
-0.63009,2.2183,0.31118,0.86958,-0.17716,-0.25661,1.8046,0.088689
-0.82011,1.9428,0.56011,0.38099,-3.5156,0.004318,5.2,-0.022852
-0.78714,-2.4816,2.5322,2.029,5.493,0.36233,2.4255,-0.14418
-0.77761,2.1117,2.2445,1.8556,4.0045,0.13574,2.2299,-0.10528
-0.82656,1.7326,3.4348,2.119,-3.3765,-0.032165,1.8517,-0.20775
-0.82481,-7.1756,1.7808,-0.53093,-7.0753,-0.029951,-2.0382,-0.16537
-0.76286,-0.94135,5.1675,1.1424,4.5245,0.22084,-3.8693,-0.056292
-0.75021,1.4163,-2.9538,0.021885,5.1516,0.25208,-0.94152,-0.014942
-0.48948,0.31014,0.78016,0.82296,3.2537,-0.12408,-2.671,-0.00036348
-0.71577,0.77228,-0.0649,-2.2089,3.5397,-0.025273,-2.4767,0.12605
4.3981,-0.28285,0.51003,-2.1275,-8.7129,-0.026877,-4.9299,0.26657
4.3257,-1.6274,1.2676,0.51031,0.88173,-0.21902,-2.8056,0.30853
-0.99867,3.5532,-1.5966,-0.058941,3.3981,-0.56859,-0.52938,0.15591
-0.81791,-0.81088,-0.90098,-0.73743,-4.7802,-0.16378,-1.4242,0.037482
-0.78581,-0.21698,-0.035985,-1.7182,3.7408,0.07448,-0.10374,-0.082163
-0.7751,0.85978,1.6798,0.71035,1.9684,-0.093696,1.3607,-0.15995
-0.82586,1.7378,2.8563,1.3492,-7.5834,-0.0055842,1.9562,-0.20254
-0.70799,-9.8596,-0.9131,2.131,3.0493,0.067158,1.9419,-0.21539
-0.8135,2.8298,0.23392,1.5779,5.5919,0.35663,1.4075,-0.14364
-0.76352,0.9895,4.5908,1.3179,5.3526,0.26963,-0.68281,-0.017011
-0.92562,-2.1495,0.39319,-0.80128,-1.7035,-0.07574,-1.795,0.010272
-0.81966,2.0904,3.65,0.59361,-5.4316,-0.10481,-0.74022,-0.0013127
-0.70204,0.56682,-0.24031,0.037486,-7.5705,-0.071742,-6.1637,0.070873
-0.71179,2.1113,-1.4382,0.8125,3.1854,-0.16557,-1.3902,0.19337
4.329,2.626,-1.0848,1.3601,6.9096,0.13528,-5.0263,0.076861
4.3563,2.2293,1.2038,-1.1254,-8.4477,-0.040572,1.9108,0.05666
-0.82595,-0.67734,0.2466,0.69411,-2.0162,-0.06458,0.92156,-0.01925
-0.78445,1.6556,1.8697,1.0878,-0.90972,-0.19136,1.8831,-0.1204
-0.78277,1.7603,0.56351,0.95086,-5.1498,-0.0014,0.76574,-0.10806
-0.96475,-5.8432,2.4293,0.81279,4.9402,0.28853,1.9981,-0.20517
-0.76093,3.0129,1.1625,2.0678,5.7751,0.42841,5.6927,-0.16593
-0.75731,3.1235,1.801,-0.33161,0.15581,-0.051777,0.76955,-0.093967
-0.76439,-6.1757,0.58187,-0.52143,-8.3322,-0.051155,-4.0758,0.029499
-0.62299,-0.36606,-0.34133,0.49142,2.9646,0.028396,-1.9757,0.12804
-0.71962,-0.25754,-1.2882,1.3801,2.468,-0.097893,-0.88131,0.14464
-0.75052,2.8288,-0.68236,0.29835,3.3026,-0.14574,-1.4894,0.1139
-0.73931,1.2859,-2.9376,-1.2754,6.4831,0.40745,-0.014468,0.19614
4.3329,0.72674,-0.44413,-1.1852,-9.1938,0.00050598,-0.036392,0.021395
4.3007,-0.25995,-0.20979,-1.3397,-3.2183,-0.1561,-3.4504,-0.012459
-0.79199,1.0018,-0.22926,0.68607,4.0089,-0.2327,-5.1661,-0.11872
-0.78404,-0.60023,-0.71549,0.98666,-1.5021,-0.082517,-0.57419,-0.10356
-0.50658,-2.3072,-1.0407,-0.72005,3.9768,0.15824,1.1995,-0.16941
-0.65597,0.94664,2.0599,1.3839,2.5749,-0.027173,3.1131,-0.15776
-0.78328,0.88914,1.4632,0.81428,-6.138,-0.056777,-1.4979,-0.1021
-0.76358,-9.9269,1.0407,0.75605,-1.2902,-0.023386,6.7707,0.037871
-0.93608,1.9914,1.4849,0.21439,5.7756,0.37447,-1.3027,0.16655
-0.97667,1.651,0.90123,1.13,5.6706,0.33495,1.4432,0.20101
-0.78837,0.72414,1.1377,-0.16798,1.4425,-0.17182,1.715,0.21211
-0.73977,1.1618,1.0458,0.057057,-1.4416,-0.081054,-2.0524,0.1791
-0.72658,2.092,0.70741,-1.0026,-9.5665,-0.10323,-3.7899,-0.0082733
4.3474,1.4209,-0.35622,1.1745,1.006,-0.4318,-3.4912,0.011513
4.3111,1.9152,-0.50878,-0.057598,5.608,-0.34041,-3.7189,-0.067463
-0.78558,0.97837,-1.5379,0.20805,-8.0037,-0.13448,-0.78109,-0.17297
-0.78089,-2.9647,-0.1092,-1.6095,0.0068896,-0.14301,-0.63477,-0.13848
-0.90096,0.66342,-1.0138,0.94013,-1.6337,-0.081452,3.1575,-0.16915
-0.79372,-3.9602,-0.94379,0.48902,-8.4452,-0.045584,2.8049,-0.15094
-0.75749,-5.7598,0.381,-1.0488,5.2732,0.30157,-0.81475,-0.0038925
-0.75087,3.2354,1.7733,0.8517,5.2756,0.28191,2.3331,0.051817
-0.55835,0.42725,2.9146,1.2213,1.7655,-0.0089342,1.0192,0.20096
-0.6878,-2.2404,1.1581,-0.9645,-9.1405,0.022409,-0.94906,0.18787
-0.74852,1.241,2.002,0.071547,-1.7374,-0.069945,-1.2228,0.19923
-0.74057,0.089276,-1.1095,0.78499,-2.1997,-0.17748,-1.3191,0.070752
-1.0684,2.8073,-0.59876,0.28796,2.7987,-0.34558,-3.5596,0.06934
4.3487,2.6247,-0.7339,-1.5851,5.5351,0.20983,3.7243,-0.033025
4.3152,-0.22432,-2.5629,-2.9011,-9.3432,-0.0012652,-2.5129,-0.15454
-0.78559,-1.2332,-3.1227,-1.5396,-2.9328,-0.1402,-1.8092,-0.18942
-0.67444,-1.1425,-1.8736,0.23313,0.69455,-0.37234,-2.7587,-0.14719
-0.71021,0.097528,-2.1621,0.95577,-2.8577,-0.07481,1.1299,-0.13799
-0.79203,-2.9292,-0.47978,-0.59751,5.3159,0.3218,0.10935,0.018547
-0.76939,1.3147,0.55569,0.62693,2.2212,-0.031838,2.7756,0.20984
-1.0056,1.3804,0.30263,0.74688,-6.1583,0.045345,2.2893,0.099105
-0.9629,-7.704,-1.1843,0.28925,-5.4608,0.052276,6.1763,0.069316
-0.73538,2.7037,1.6306,1.1047,5.3256,0.31405,-2.3669,0.22157
-0.74143,0.81818,2.3314,1.553,5.0808,0.2697,-0.81675,0.12461
-0.74398,3.0476,2.0574,-1.1632,2.4935,-0.13395,-0.81334,-0.0312
4.6114,2.3357,1.8161,-0.3912,1.4253,-0.088145,0.51334,-0.016499
4.6775,0.11139,-0.21119,-1.5753,-9.6795,-0.08441,0.71379,-0.099078
4.309,1.8559,-0.12143,-1.285,2.649,-0.39242,-2.1188,-0.18533
4.3628,2.9916,-1.3266,0.048366,6.1938,-0.12159,-6.007,-0.15007
-0.84739,-0.16904,-2.4809,-0.077509,-6.2975,-0.033725,1.042,-0.17482
-0.83626,-3.371,-5.1162,-1.3121,2.039,-0.089525,1.2506,-0.11392
-0.77936,0.024542,-2.9342,0.73546,1.4525,-0.036234,3.8756,0.14133
-0.7771,-1.1701,-0.24225,1.0312,-8.2985,0.015478,5.3221,0.14513
-0.53103,-6.7048,0.39076,1.6395,5.2569,0.28318,-1.7857,0.14177
-0.75946,6.0726,1.3647,1.69,5.6543,0.33934,2.936,0.088908
-0.77221,2.4321,0.18489,-0.35204,3.6525,0.044286,1.6905,0.22836
-0.76314,0.24556,-1.5898,-2.11,-5.6498,0.0047544,-0.041453,0.12167
-1.0455,0.6392,2.6293,0.78114,-5.5879,-0.10407,-1.7914,0.0043094
-0.89085,1.0804,-1.5718,1.5904,-4.6387,-0.11683,-2.1862,-0.062522
-0.79577,1.8049,-0.74028,0.23238,4.0696,-0.29458,-3.6032,-0.1607
4.3202,2.6136,-0.92312,-2.0853,4.9295,0.063128,0.8141,-0.13938
4.2973,-1.6573,0.69772,-2.0116,-7.8882,0.017378,-3.8488,-0.16537
-0.65736,-2.521,-2.678,-0.39617,-1.1803,-0.12595,-4.1312,-0.14162
-0.78361,-1.5143,-5.0018,0.092659,-0.65435,-0.18635,-1.2518,-0.0946
-0.7929,-1.0932,-2.4681,1.3298,-3.0694,0.012558,-1.0171,0.13807
-0.78177,-2.2786,-1.4123,0.24537,6.2403,0.43484,0.29722,0.099836
-0.80458,1.8678,2.8888,1.1746,3.7249,0.10344,3.2565,0.19008
-0.77705,0.090406,1.6605,1.785,-2.9061,-0.00038605,-0.68251,0.24912
-0.76399,-4.9666,1.6427,1.0152,-5.6026,0.049985,2.1703,0.13904
-0.75136,1.4043,3.1913,1.3295,4.5133,0.17927,-0.66412,0.027503
-0.60711,0.037907,1.3615,0.98599,3.7445,0.003535,-1.3571,-0.036384
-0.72917,1.6599,3.0324,-1.2428,2.9168,-0.30733,-5.0033,-0.12887
-0.74412,1.5054,2.6507,-1.5722,3.3868,0.028897,-0.30558,-0.16299
4.3326,-0.58216,1.194,-2.0338,-8.7324,-0.038333,-3.2686,-0.14262
4.3071,-0.67956,0.24551,0.40585,2.809,-0.29356,-5.0101,-0.15097
-0.80061,0.31827,-1.2127,0.64309,4.6535,-0.2858,-3.2567,-0.082358
-0.7859,-0.71918,-2.6709,-0.087908,-3.344,-0.029945,-2.4567,0.048361
-0.78108,-3.3063,-1.154,-0.45977,3.9817,0.12156,0.092161,0.20897
-0.45132,-2.0092,-1.1138,1.6157,1.0255,0.014714,2.7698,0.53765
-0.61974,-0.22911,0.93492,0.53561,-8.2583,-0.029817,1.8203,0.22746
-0.75871,-6.5017,-1.1624,2.2652,4.7116,0.28814,-4.8949,0.23849
-0.77068,3.3679,1.2191,1.7899,6.0519,0.39079,0.36246,0.13328
-0.88991,3.3793,-0.63402,0.0082812,4.8609,0.23454,2.8977,0.00034232
-0.83184,0.75991,-1.083,-0.51804,-1.916,-0.029984,1.3271,-0.091314
-0.72977,1.4955,-0.48185,0.9376,-4.3328,-0.050321,-0.70332,-0.11689
-0.74332,0.16204,-0.91903,1.567,-6.0155,-0.011398,-1.8085,-0.18553
4.2924,1.0182,-1.5853,0.78453,4.5407,-0.25811,-3.4842,-0.11935
4.3319,0.6644,-0.23473,-0.24117,4.8231,0.041867,1.6927,-0.10151
-0.81612,-0.18621,1.306,-0.30121,-7.6386,0.0087845,-0.8821,-0.054248
-0.79629,-2.0957,0.80886,0.53631,-0.50038,-0.056347,-3.1435,0.073186
-0.78592,1.6231,1.3045,-0.040552,-1.2584,-0.062437,2.953,0.032152
-0.94227,-2.8224,-1.4086,0.61399,-5.8656,0.060099,4.6781,0.30464
-0.79548,-2.9709,0.20467,0.39165,6.5376,0.48172,-0.11748,0.3107
-0.76701,3.6674,2.1676,1.3688,5.7175,0.39982,3.2297,0.14805
-0.77354,3.7346,2.3632,-1.0869,-1.82,0.0094584,3.1574,-0.011851
-0.59724,-3.8013,0.08399,0.79958,-7.7834,-0.012445,-0.035018,-0.058239
-0.73166,1.3247,1.8104,0.8625,3.1454,-0.019793,-3.0099,-0.14427
-0.74503,0.26512,0.7793,-0.55472,2.6649,-0.15579,-3.3939,-0.1451
-0.74432,2.2781,1.4462,0.39058,3.7179,-0.35135,-4.4774,-0.13885
-0.91421,0.7635,-1.6082,-1.925,0.89948,-0.14599,-2.4953,-0.090024
4.3469,-1.6479,-0.86618,-2.3224,-9.1807,-0.060986,-4.2682,-0.020832
4.3104,-3.0974,-1.018,-0.48921,0.13222,-0.24624,-1.8946,0.051939
-0.78648,0.61531,-1.3221,-0.69269,2.1678,-0.38667,-2.4769,0.21926
-0.69927,0.24358,-1.3965,0.74256,-1.6172,-0.10727,-0.41374,0.096623
-0.68803,-1.0896,-0.84171,0.70796,4.7807,0.23894,1.3171,0.27986
-0.79083,2.5037,1.0639,1.1565,1.118,-0.066647,1.7246,0.21466
-0.76804,0.21569,0.67949,1.3767,-7.4679,-0.005873,2.8704,0.048215
-0.86737,-6.3011,0.61127,1.5318,1.448,0.036245,2.4163,-0.039353
-0.91438,4.1265,0.34895,1.8284,5.634,0.29943,-2.1138,-0.11054
-0.77926,1.1326,2.3104,0.23768,5.5201,0.24942,-1.1754,-0.17085
-0.74259,0.0083012,1.8897,0.31113,1.3586,-0.096815,1.1875,-0.14834
-0.73227,2.4368,-0.48934,-0.703,-3.4751,-0.072448,-1.9017,-0.076225
-0.52425,-0.93574,-2.7002,-0.38235,-8.3601,-0.055897,-4.0479,-0.073791
4.3615,1.6481,-3.833,0.44628,3.6341,-0.45498,-2.1664,-0.07659
4.3374,0.0082626,-0.91199,-1.5537,5.3103,-0.13285,-0.70219,0.13551
-0.77948,2.0843,-0.75591,0.22162,-6.19,-0.031973,-3.51,0.096842
-0.96553,-1.9514,-1.4293,-0.6903,0.018745,-0.12612,1.6844,0.079319
-0.77122,2.2613,-0.73524,-0.61279,-2.3158,-0.038506,3.0736,0.226
-0.7573,0.73923,0.8225,1.3392,-7.3733,0.0043051,9.1093,0.14116
-0.75258,-2.4846,1.1117,1.0532,6.1494,0.38916,-0.42449,-0.00072855
-0.54864,4.3573,4.7021,1.8166,4.9834,0.26385,3.7598,-0.082553
-0.75338,1.624,1.1154,0.35509,1.1821,-0.065793,0.84526,-0.20337
-0.73581,-3.0863,0.65748,1.1777,-9.1209,-0.00030262,0.53347,-0.2113
-0.73714,0.75523,-0.18428,0.16529,-2.3232,-0.044436,-2.8793,-0.16477
-1.0314,-0.68892,-1.2823,1.2928,-1.4964,-0.10649,-3.1502,-0.13736
-0.78143,1.3597,-0.59579,-0.069102,4.0508,-0.29162,-4.7785,-0.10601
4.3725,1.9071,-1.3607,-1.4852,3.7149,-0.035047,-2.8191,-0.013676
4.3495,-2.9184,-1.3584,-0.91759,-8.8146,-0.055878,-3.2041,0.18796
-0.50535,-0.99309,-1.6854,-0.286,-2.1746,-0.19328,-1.393,0.20612
-0.63399,0.77772,-1.5278,-0.86535,1.8264,-0.19312,-4.1273,0.18811
-0.77458,-0.68933,-2.2144,1.494,-2.6451,-0.030356,-1.1135,0.20532
-0.76819,-2.2765,-0.21148,-1.5977,5.9608,0.39487,1.0746,0.14184
-0.89671,3.8235,3.7149,1.4697,2.8955,0.039049,1.0615,-0.047993
-0.92856,-0.22223,3.2962,-0.65605,-6.9789,0.026093,1.7401,-0.15515
-0.78274,-6.739,2.8832,-0.25975,-1.1794,0.034885,5.0852,-0.2249
-0.74365,2.6511,3.8704,1.5653,5.5294,0.26849,-2.9218,-0.14461
-0.74101,-0.83759,1.9195,1.4331,5.5927,0.26045,-0.12352,-0.096109
-0.54886,2.23,0.42701,-0.62121,3.277,-0.14585,-1.5843,-0.10039
-0.68832,0.15623,0.56573,-1.8444,-1.8236,-0.070606,-3.552,0.0046988
4.3858,-0.54999,-0.99895,-2.5928,-8.6952,-0.079154,-2.9322,0.12337
4.3493,1.9602,-0.8311,-0.50339,3.2217,-0.31237,-0.90053,0.17645
-0.95827,2.1208,-4.1455,0.56188,5.3869,-0.22062,-2.9883,0.30754
-0.81062,0.08769,-2.6612,-1.1522,-6.1064,-0.030741,-1.4253,0.12756
-0.77803,-2.1524,-0.54838,-2.7067,4.0765,0.095761,-2.6807,0.077177
-0.76626,1.7812,0.0081931,-0.52367,-0.94452,0.0073214,3.3064,-0.048406
-0.75639,-2.9383,0.66926,1.3466,-8.4719,-0.01659,1.4001,-0.16129
-0.74707,-2.6885,2.4042,1.4947,6.3541,0.45425,-1.2984,-0.19998
-0.74754,4.7941,-1.232,-0.054059,5.8365,0.32556,3.2968,-0.18341
-0.74754,-0.40731,1.5513,0.38046,3.8087,0.12991,1.7927,-0.15888
-0.94809,-0.55341,0.71241,-1.0853,-8.4443,-0.070003,2.1544,-0.062693
-0.83726,0.79686,0.65985,-0.44934,-6.7415,-0.10894,-1.2863,-0.073888
-0.728,1.3193,-0.414,0.81338,-3.6969,-0.053914,-0.51945,0.0032142
-0.72186,0.54854,-1.2753,0.88847,5.0076,-0.20351,-5.4171,0.21688
4.3525,2.2369,-1.7573,-2.4727,3.4098,-0.016058,-0.61155,0.12943
4.3192,-0.89616,-0.86364,-2.4226,-7.6731,-0.033738,-2.5351,0.16251
-0.80213,-1.2195,-4.3036,-0.51577,-0.11908,-0.047003,1.8292,0.1407
-0.77508,0.89108,-2.3454,0.2015,-1.0027,-0.073006,0.6548,-0.0037951
-0.77011,-2.0506,-0.69818,0.86709,-4.7626,0.042143,-1.2397,-0.071698
-0.80651,-1.0638,0.074643,-0.08934,6.4731,0.46355,0.73694,-0.20784
-0.76384,3.4102,3.5993,1.0088,4.3044,0.202,1.9264,-0.16301
-0.74824,2.163,1.0975,-1.3422,-4.55,0.0094969,2.1129,-0.15744
-0.7425,-4.8683,0.64004,0.81586,-7.3858,0.032709,8.7078,-0.067366
-0.3291,0.019264,1.2581,1.3619,5.0802,0.24433,-1.7648,0.0011941
-0.72539,-1.96,0.95583,0.73859,4.4212,0.14664,-1.0853,0.082604
-0.73473,3.104,0.78249,-0.43196,4.0726,-0.073289,-3.8204,0.13379
-0.731,1.9946,-2.4121,-2.0352,1.2106,-0.018644,-1.5157,0.16645
4.3589,0.2285,-2.7885,-2.4409,-8.1396,0.013508,-1.0806,0.077591
4.3244,1.7173,-1.7043,-0.26172,1.1175,-0.39004,-1.2598,0.16375
-0.77408,2.7217,-1.2684,-0.85905,4.9843,-0.061275,-3.1888,0.069072
-0.76985,0.69426,-2.3069,-0.16399,-2.9894,-0.0065212,-0.23152,-0.03429
-0.59157,-0.92844,0.76637,-2.0321,4.3879,0.10452,1.8672,-0.1738
-0.76005,1.7997,-0.3823,-0.40016,-0.78259,-0.024516,2.2388,-0.20636
-0.76928,-5.7231,0.93144,1.8541,-7.5406,0.040455,5.4498,-0.20514
-0.75188,-4.6911,2.165,1.6289,4.2918,0.1616,4.321,-0.1202
-0.87628,3.2101,-0.38737,1.0214,6.2351,0.36237,0.31378,-0.0312
-0.92054,1.0947,-0.054435,-0.67041,4.4384,0.18668,2.3801,0.05649
-0.73352,-0.044051,-2.245,-2.0859,-2.8157,-0.10851,-1.4933,0.14471
-0.72883,0.96759,0.19563,0.45551,-5.1711,-0.090693,-1.8482,0.13481
-0.72529,1.8365,-1.4181,-0.24858,-7.0307,-0.11335,-2.9661,0.0026301
4.3697,2.0641,-2.4543,1.3134,4.7568,-0.54417,-4.0848,0.072139
4.3336,4.2853,-2.9911,-3.4258,2.711,-0.24007,1.5357,0.1074
-0.77438,1.277,-0.87004,-2.6604,-8.0767,-0.038724,-3.1468,-0.015672
-0.7692,-0.60858,-0.66984,0.33634,-0.24005,-0.14678,0.14876,-0.076565
-0.90502,1.1147,-0.96304,-0.058074,-3.7934,-0.047349,1.766,-0.17725
-0.78358,-1.9775,-1.4653,0.99531,-4.8274,0.016729,1.3393,-0.17375
-0.74995,-2.7804,0.88629,0.97961,6.1604,0.39329,1.9517,-0.15128
-0.74519,2.7545,5.9991,2.4408,3.96,0.12701,1.8737,-0.085278
-0.5282,-0.94732,4.1119,1.0693,-4.5945,-0.007394,2.6194,-0.033706
-0.7267,-3.3834,2.2671,2.0731,-7.4623,-0.012836,4.3765,0.20042
-0.74089,-0.50457,2.6467,0.98068,2.9717,-0.052855,-4.5759,0.16243
-0.72788,1.1669,-1.6658,-0.6925,2.8998,-0.18719,-3.0922,0.056125
-0.93322,3.1939,-0.19382,0.4535,4.1197,-0.53361,-3.2341,0.16105
-0.77085,2.2647,-2.8608,-1.7091,-3.0155,-0.047137,-0.64831,0.13853
4.3438,-2.9671,-4.7694,-2.3318,-8.107,-0.044339,-3.1557,0.048191
-0.76492,1.0155,-4.6149,-1.9663,-0.14018,-0.32525,-0.75782,-0.089391
-0.76123,1.7114,1.3652,-0.43989,1.4781,-0.21352,0.42731,-0.12789
-0.69391,0.98031,0.59321,-0.95491,-2.3242,-0.045456,0.78544,-0.19032
-0.78453,-0.33617,1.1263,-0.939,4.8535,0.22417,3.2547,-0.16937
-0.74991,-1.1559,-1.2281,0.26289,-1.81,-0.013414,4.4597,-0.013238
-0.86759,-4.3087,-0.44341,0.6689,-9.5752,0.048316,3.3025,-0.021391
-0.85042,-3.5876,0.63844,0.42999,3.141,-0.025305,4.0179,-0.010366
-0.70389,2.3442,0.62744,1.6917,5.8901,0.31539,0.26081,0.17667
-0.72216,-0.41983,0.85335,0.59753,4.7617,0.18482,1.3856,0.20045
-0.71833,2.9894,0.1078,-0.63775,0.19459,-0.056058,2.3177,-0.029885
-0.59421,1.2633,-2.7567,0.010895,-6.0033,-0.0318,1.12,0.067953
4.3866,-0.14482,-2.8066,-0.4406,-6.5452,-0.03531,-2.4146,0.061503
4.3351,3.6015,-1.4157,-1.4921,4.8978,-0.35006,-2.1562,-0.031443
4.316,1.4311,-3.5304,-0.38414,3.0302,-0.11344,-2.1987,-0.10884
-0.95654,-0.062585,-0.31385,-1.3605,-7.6622,-0.010429,-0.0081681,-0.20035
-0.7745,-2.1195,0.38867,0.17884,1.9895,-0.049172,0.42128,-0.15819
-0.75388,-0.54291,0.96065,0.15646,-2.9504,0.019386,2.102,-0.077661
-0.76256,-5.347,1.4985,2.1956,-4.5019,0.0073149,2.9388,-0.026794
-0.49488,0.50251,0.235,-1.207,7.4001,0.48646,-5.7406,0.005794
-0.74015,3.0006,2.7049,1.27,5.505,0.30056,2.0465,0.036022
-0.75468,-0.17941,0.11254,0.17178,-1.7489,0.035719,1.6252,0.2528
-0.74117,-0.26875,-1.2294,1.2822,-4.9998,0.029706,-3.9208,0.18611
-0.97463,-0.40301,3.2031,1.42,-3.357,-0.1008,-5.8366,0.14024
-0.89181,2.0975,2.9539,-1.1675,0.24799,-0.13036,-3.1361,0.089662
-0.70086,2.8242,-0.0027342,0.025295,6.302,-0.18281,-1.798,-0.0034301
4.3409,2.8176,-1.7462,-1.3738,-5.6528,-0.03633,-0.34702,-0.07216
4.3122,-2.0115,-0.061681,-1.72,-7.0095,0.0073855,-1.7401,-0.16389
-0.71562,-1.1293,-3.3696,-1.0245,0.084954,-0.19477,-1.1715,-0.21906
-0.76708,2.0327,-0.29598,-0.77373,-0.84201,-0.071011,-1.1757,-0.13111
-0.76876,-3.8887,0.4062,1.2236,0.48255,0.0080401,1.2329,0.049748
-0.87476,0.50111,1.5126,-1.1148,6.4375,0.46975,1.6088,-0.038866
-0.88309,3.073,1.4893,0.82102,1.7717,0.031079,2.9243,0.060579
-0.80908,-3.6729,-2.191,-0.86128,-7.9306,0.044517,0.60761,0.22135
-0.74598,-2.6515,0.36674,0.48015,2.9348,-0.022539,2.8354,0.19619
-0.7352,2.7423,-0.13831,0.50169,5.6821,0.30307,-3.0782,0.072358
-0.58501,1.2066,0.52482,-0.23155,5.0463,0.16009,1.8678,0.1436
-0.72025,3.2033,-0.93719,0.51981,4.7856,0.072639,2.5983,0.022514
-0.72691,1.4804,-2.7944,-1.5595,-5.3043,-0.034842,0.69803,-0.070505
4.3486,-0.39938,-0.42068,-0.77294,-4.7212,-0.069682,-0.97576,-0.093943
4.3204,1.2129,-3.3455,0.93009,4.4346,-0.23596,-1.5553,-0.28779
-0.79714,-0.41499,-4.2331,-0.88792,2.9825,-0.13435,-2.3186,-0.18742
-0.76297,-0.19051,-0.30672,-0.34695,-2.6078,-0.017489,-1.2397,-0.11524
-0.76171,-2.6561,-0.792,-0.68039,4.1268,0.065079,1.2894,0.045562
-0.60582,0.79871,-0.58676,0.79712,-2.8895,-0.023656,5.7064,0.36278
-0.71889,-6.0876,1.0129,-0.11927,-6.1581,-0.0097492,2.3016,0.14542
-0.74849,-0.31878,0.10539,-0.30593,6.9072,0.54194,-4.3725,0.24718
-0.74932,4.2613,1.7441,1.3508,5.8601,0.37824,1.6369,0.18307
-0.94821,0.040617,0.080913,-2.1238,3.2494,0.017057,1.9585,0.16939
-0.82835,1.4466,-0.0072503,0.144,-4.8564,-0.058278,-0.88248,0.065203
-0.7033,0.71021,1.5702,-0.81059,-5.6624,-0.026717,-2.5764,-0.037966
-0.72314,0.60248,2.2736,0.49374,-1.5685,0.00088461,-2.9371,-0.12093
-0.67098,1.2059,0.079725,1.6306,5.9617,-0.24656,-3.8279,-0.1469
4.3403,1.687,-1.2039,-2.3056,-3.9341,-0.047093,-0.18067,-0.21118
-0.7733,-2.8344,-0.51026,-2.4228,-7.4557,-0.039854,-2.9339,-0.17686
-0.77413,-2.8529,-0.59929,0.44678,-0.81627,-0.10122,1.019,-0.018982
-0.76074,-0.092165,-2.2041,0.43574,-0.8418,-0.015653,-1.4286,-0.013847
-0.89417,-4.1828,-2.0708,1.9071,-2.3668,0.021626,2.7349,0.24309
-0.74341,-0.95197,0.10917,-1.5673,6.5994,0.46144,0.91242,0.42798
-0.74363,4.5205,3.0172,0.26904,3.5261,0.044479,4.9512,0.28458
-0.74383,-1.711,2.6273,-0.50485,-6.8973,0.033133,4.3139,0.03001
-0.42231,-2.2413,1.6603,1.5161,0.24868,-0.020113,1.4332,0.10962
-0.71556,1.8274,3.8486,-0.48344,4.2261,0.099849,1.0032,0.0012672
-0.72715,0.0090718,0.77089,-0.44909,4.3212,0.096409,-1.0313,-0.069897
-0.72666,2.6088,-0.34284,0.24413,5.2312,-0.1965,-2.5327,-0.11424
4.3499,0.62998,-0.9745,-1.3113,-6.1836,-0.093363,-1.3195,-0.18745
4.3263,-1.8923,-1.8964,-0.90468,-7.1495,-0.097733,-3.0272,-0.17044
4.3152,-0.84474,-1.8392,-0.049634,2.1888,-0.61392,1.1642,-0.089464
-0.79606,1.1972,-1.8318,-0.40973,0.056528,-0.29843,1.1113,0.032736
-0.53365,-0.3744,-2.4248,1.3938,-1.4784,-0.12802,-2.0281,0.02541
-0.68453,0.4179,-0.70382,0.83067,4.3519,0.12185,5.1609,0.27485
-0.7443,0.7262,-1.5812,-0.77152,-2.2319,0.033158,3.0863,0.36397
-0.77521,-3.5658,-0.60499,0.058874,-8.2471,-0.0083437,-1.5375,0.21383
-0.97441,-1.3248,4.5202,0.96014,5.2709,0.25924,3.5229,0.071579
-0.93873,4.9843,5.5204,0.65765,5.7193,0.33379,1.9195,0.055005
-0.82161,-1.7499,-0.30791,0.25528,4.5587,0.11793,1.5631,-0.057241
-0.75223,0.94624,1.1971,0.48838,-2.0553,-0.09172,-1.9695,-0.15004
-0.74116,1.1316,1.0091,-3.2101,-7.663,-0.063175,-2.2364,-0.096425
2.8988,-0.45746,0.68064,0.1007,-2.5933,-0.056051,-3.9775,-0.17535
4.3217,2.2704,-2.5336,0.47166,5.3962,-0.26792,-6.9548,-0.13758
4.3025,-0.89595,-3.8553,-1.8473,-2.4176,-0.083396,-0.34553,-0.041348
-0.81016,-0.076752,-1.8467,-0.81831,-5.3811,-0.019414,-5.3001,0.013606
-0.98774,-2.6689,-4.5582,-0.21145,-0.36095,-0.18348,-0.1449,0.048604
-0.82333,-1.9425,-3.3702,1.2899,-3.7922,0.00092312,1.631,0.43044
-0.78972,-5.0167,-2.3616,-0.2458,-2.0715,0.025444,1.7591,0.22746
-0.77299,1.9867,0.85898,-0.17129,6.9167,0.48124,0.34871,0.088835
-0.79101,6.1411,1.7092,0.13734,3.6116,0.053521,3.0111,0.077688
-0.76505,-1.1711,1.1007,-1.028,-5.827,0.0064871,2.0432,-0.047238
-0.77317,0.37357,1.5694,0.38641,-3.2618,0.054118,3.8439,-0.13578
-0.76427,-0.23155,5.2485,0.47498,2.9861,-0.035214,-0.80659,-0.16854
-1.0328,0.72506,2.498,-0.38328,1.8433,-0.10859,-1.304,-0.16603
-0.7252,2.2039,0.07262,1.1879,6.3307,-0.10487,-2.9655,-0.16547
4.339,1.8021,-3.2851,-0.79787,-6.4468,-0.021403,-2.6179,-0.070773
4.3223,-5.2897,-3.8679,-0.2948,-7.2604,-0.071941,-2.3559,0.10227
-0.69465,0.91744,-2.6648,-0.64985,1.3547,-0.35393,0.85975,0.16051
-0.68376,0.17972,-2.0957,0.21803,1.0661,-0.18841,0.63132,0.15791
-0.78991,-0.64178,-1.4804,0.23451,0.10687,-0.076183,1.0593,0.25791
-0.79577,-0.11799,-0.33852,-0.76192,5.4202,0.30082,2.9391,0.36446
-0.99267,1.435,0.083162,1.4149,-1.5278,0.012917,3.8944,0.10344
-0.91254,-3.6619,0.25393,-0.53355,-8.1347,0.038106,2.8891,0.0047961
-0.73559,-0.40663,4.4227,1.045,5.2073,0.3123,-4.2905,-0.085789
-0.76596,3.0228,-0.98219,0.66811,6.6357,0.43028,-2.2002,-0.17776
-0.76919,-1.6474,0.91035,1.2524,4.3966,0.12826,2.2251,-0.10463
-0.59937,2.1978,-1.7142,-0.93736,1.78,-0.12603,-1.668,-0.16781
-0.7624,-0.033718,-0.82061,-0.76073,-7.6605,-0.047933,-1.9599,-0.13157
4.4259,-1.603,0.22466,-0.59373,-2.2888,-0.070388,-2.5623,0.0031168
4.3301,1.5277,-3.533,-1.4687,5.2429,-0.21031,-3.7476,0.070606
-1.0352,-0.19105,-5.4843,-1.0857,-1.8871,-0.081234,-2.1456,0.24302
-0.85145,-1.5968,-0.50079,-1.1607,-4.5636,-0.0018428,-2.5918,0.21452
-0.79272,-0.34396,-0.035799,0.099127,2.2946,-0.030279,2.2627,0.18714
-0.79199,1.0237,-1.1694,0.96986,-4.2603,0.048047,-0.12441,0.075936
-0.50924,-5.64,-0.46555,0.52597,-1.5882,0.057205,3.4617,0.052912
-0.80621,1.1556,2.9619,-0.21987,7.3179,0.57762,-2.7516,-0.054661
-0.77401,4.0664,9.147,1.4509,4.8253,0.24402,1.2264,-0.10813
-0.76777,-2.8165,1.1542,0.61621,-2.0033,-0.00019994,1.9532,-0.17667
-0.98939,0.86511,2.4785,0.89744,-4.5967,-0.002414,2.6525,-0.1911
-0.86792,-0.29186,2.9991,-1.0417,-2.4729,-0.092214,-2.6431,-0.15165
-0.75931,1.3532,1.3629,-0.50375,1.1604,-0.12965,-2.5539,-0.078123
-0.74925,0.43766,0.0029961,-0.078184,7.1361,0.10095,-5.3539,0.16947
4.3407,1.8214,-3.0555,-1.424,-5.9843,-0.045944,1.7003,0.065324
4.309,-1.5897,-2.893,-1.6327,-6.3952,-0.0037488,-1.022,0.23255
-0.79289,1.6417,-2.483,-0.86722,0.73993,-0.29396,0.50814,0.20634
-0.7931,3.3126,2.188,-0.35732,-0.2268,-0.062918,2.1748,0.10675
-1.0238,-0.64744,-0.0053102,1.003,2.9193,-0.056218,-1.1165,0.052158
-0.92059,2.725,1.0193,-2.0773,5.9149,0.39493,2.193,-0.028279
-0.84989,3.065,1.6988,0.80093,-1.0046,0.018392,3.1751,-0.10081
-0.76968,-5.4544,0.80743,0.31481,-8.1947,0.027113,-0.7901,-0.14505
-0.75351,-1.7022,0.88293,1.8294,3.5045,0.031586,2.3609,-0.10565
-0.56212,0.68297,-0.27846,1.1913,6.0612,0.34216,1.6107,-0.15532
-0.71116,0.26212,1.1733,0.049844,5.0488,0.24333,1.1518,-0.10818
-0.75037,0.25747,-1.2868,-0.15799,5.4139,0.15428,0.73419,0.036435
4.3761,-0.073727,-1.6449,-2.6626,-7.5115,-0.071556,-3.6757,0.041498
4.3247,-1.0105,-1.34,0.84387,-4.4727,-0.11411,-2.9534,0.047899
4.2998,1.6908,-1.0757,-0.17088,4.3696,-0.32552,-1.5841,0.27159
-0.81246,0.77344,-3.7419,0.91608,0.78207,-0.13509,-5.198,0.20011
-0.80229,0.14063,-0.24809,-1.3705,-2.367,-0.097893,-1.713,0.038528
-0.66096,-0.36581,-1.1114,0.7074,3.0835,-0.055891,3.6619,0.047387
-0.72882,-0.45081,0.58656,1.2964,-4.3394,0.053502,0.93547,-0.083137
-0.80312,-5.9854,-0.026477,0.30139,-2.1825,0.0081043,4.6154,-0.16795
-0.78906,-1.4446,2.6972,1.5015,7.1477,0.48664,-1.2822,-0.2013
-1.1018,3.2881,3.3893,0.74772,5.8197,0.36608,2.6419,-0.18059
-0.85019,-0.72911,3.1828,-2.0972,-0.89029,-0.038686,3.288,-0.1149
-0.70828,0.2155,1.573,0.50649,-5.0891,-0.048158,-1.8034,-0.036968
-0.76199,-1.6892,3.4278,-1.119,-5.7675,-0.13857,-5.0334,-0.023387
-0.76287,0.97461,1.3434,0.12188,-0.049371,-0.14624,-2.1703,0.053594
4.3288,3.4752,-0.16551,0.97882,6.3801,-0.35454,-3.4178,0.1417
4.2961,2.1649,2.6907,-3.6363,-6.9539,-0.0086325,1.885,0.40394
-0.8302,-0.09246,1.0596,-0.48197,-4.7369,-0.068501,-1.7274,0.17392
-0.82087,-0.83947,-2.6501,0.33127,-0.85839,-0.2313,-0.83245,-0.01757
-0.82948,2.3938,-0.11336,0.012026,-5.3903,-0.029265,2.8657,-0.046411
-0.8517,-3.0287,-0.69168,0.89623,2.8965,-0.08142,0.77483,-0.16608
-0.80267,0.11391,3.1532,-0.56399,6.6907,0.47573,-0.67371,-0.20249
-0.8043,2.9748,1.5077,0.096313,2.6609,-0.031729,4.2173,-0.12967
-0.52671,-4.3998,-1.5501,-0.34591,-9.4136,-0.010089,7.1766,-0.19609
-0.77897,-1.5927,1.1102,1.2126,1.6111,0.046025,2.1622,-0.072501
-0.78598,-1.2852,-0.10729,0.4298,3.7642,0.032395,0.029708,0.075668
-0.77779,0.8944,-2.9308,-0.60182,3.3448,-0.11392,-0.85548,-0.012338
-0.93328,2.6176,-2.2928,0.99997,6.4464,-0.25163,-2.4064,0.10005
4.3273,0.27526,-3.4927,-0.84891,-8.229,-0.032448,0.50372,0.20351
4.2913,-0.67927,-2.3051,-1.3473,-6.8634,-0.07558,-5.2448,0.19921
-0.8332,1.1601,-1.7124,0.079659,3.033,-0.57433,-0.8296,0.076252
-0.56478,2.5144,0.78786,-0.54975,2.6413,-0.19212,-0.44629,-0.0040872
-0.79911,-0.93104,0.49371,0.57488,0.047736,-0.069451,-1.0216,-0.094867
-0.81425,-1.7811,-1.061,0.90224,4.4057,0.1721,3.1584,-0.20451
-0.81161,0.90196,0.94164,0.24875,-4.1678,0.053072,4.8656,-0.23432
-1.0649,-5.5949,-0.46127,1.0578,-6.1279,0.035892,-2.1164,-0.15508
-0.89518,0.053351,1.5688,0.82789,5.6286,0.32066,-4.3046,-0.1175
-0.83738,3.5806,0.78146,0.11375,6.0276,0.3533,0.33717,0.012
-0.78778,-3.7532,-0.20925,0.91548,4.2021,0.094156,0.93052,0.1277
-0.77316,1.5335,-3.2843,-1.0882,1.6516,-0.11181,1.0367,-0.027013
-0.6226,0.6373,1.5543,-2.7206,-7.4764,0.0019628,-4.5871,0.071871
-1.0364,-0.75413,0.43651,-0.32401,-1.7796,-0.076902,-3.897,0.24387
4.2891,3.4409,-1.2471,1.295,5.8535,-0.24059,-3.4327,0.086425
4.2491,3.0177,-2.0835,-1.7199,-5.0626,-0.072846,3.6953,0.014288
-1.0833,-1.1197,-1.8375,-1.6271,-4.8577,-0.043781,-2.9304,-0.078561
-0.83254,-0.89539,1.7746,-0.1425,1.5191,-0.094832,1.1712,-0.097885
-0.81649,-0.13664,0.095123,0.98193,-3.4034,-0.012534,0.60921,-0.19954
-0.80829,-6.5706,-0.4863,0.55946,-0.20655,0.0072636,4.8401,-0.12488
-0.66293,1.3441,0.69125,-1.2754,7.1525,0.53475,0.047304,-0.14622
-0.72048,4.7461,1.9362,0.65489,4.6456,0.23601,4.2586,-0.07216
-0.80127,-4.3543,0.50868,-0.8431,-4.5433,0.026381,2.028,0.064351
-0.79471,1.0014,0.51446,-0.20876,-1.8236,0.034962,1.7139,0.040232
-0.99783,-0.95405,4.345,0.27283,-1.4412,-0.071659,-1.3234,0.19329
-0.81039,0.22522,1.0046,-0.34188,1.9899,-0.13808,-2.9488,0.21252
-0.78348,3.9396,-1.8537,0.53858,7.0655,0.0081107,-3.2875,0.12296
4.2964,1.5321,-0.77589,-3.0943,-7.3982,-0.030272,3.1262,0.0029221
4.2632,-0.79975,-1.9094,-1.109,-6.2351,-0.033661,-2.571,-0.040935
-0.75538,0.76827,-3.746,0.075478,0.043311,-0.33672,0.79464,-0.14425
-0.80737,-0.12579,-0.14211,2.0732,-0.80215,-0.055134,1.9157,-0.14301
-0.81569,-0.53244,2.6664,-0.52133,1.7059,-0.071838,0.52088,-0.15406
-0.90407,1.1001,1.9954,-1.3687,5.5749,0.30103,3.4191,-0.10426
-1.0089,1.4626,0.24029,0.55704,-1.5202,0.039743,5.5037,-0.1037
-0.77575,-7.3218,0.22858,0.52148,-8.4144,-0.027609,3.4679,0.05868
-0.79185,-1.1372,2.8056,1.8109,4.6576,0.19503,-0.5281,0.16496
-0.79125,1.7226,0.56091,-0.62584,5.3962,0.32228,2.9284,0.089979
-0.6299,0.7919,-0.12679,-0.30295,4.4013,0.11153,1.3078,0.22374
-0.77296,2.4267,0.23405,0.29816,5.1382,0.098565,-0.54778,0.052742
-0.77682,-0.01275,-0.61142,-1.5946,-7.2751,0.012398,-1.6141,0.07102
4.3006,0.034432,-0.96014,-0.74306,-1.3661,-0.088614,-2.8942,-0.017059
4.2714,1.3094,-3.6632,0.70813,5.4597,-0.14382,-3.9332,-0.13339
-0.96391,0.42203,-4.0609,-0.77083,-2.3372,-0.13309,2.1579,-0.18859
-0.81696,-2.4564,-1.033,0.39077,-3.9534,-0.03008,-0.018848,-0.18214
-0.81257,-0.93586,-0.050298,0.97767,2.7323,-0.10002,3.3173,-0.064713
-0.64717,-1.7656,-0.16639,1.084,-3.8912,0.0082006,-0.096186,0.038163
-0.70239,-7.7031,0.90609,0.35424,-4.4275,-0.0021316,5.3119,-0.01409
-0.82835,0.163,3.4355,0.21433,6.8051,0.46708,3.1545,0.12561
-0.79488,2.4658,3.446,2.2739,5.0951,0.30446,3.2102,0.15949
-1.0093,-1.2207,1.7625,-0.82066,-0.90258,0.0066026,0.55466,0.25781
-0.8702,2.4335,1.3094,-0.44035,-5.0079,-0.03556,-0.82881,0.24946
-0.82242,0.48443,3.7773,-0.48564,-5.2684,-0.079649,-1.287,0.065349
-0.76808,2.7384,1.9054,-0.54524,0.56524,-0.1726,-1.5817,0.00039099
-0.66916,3.3106,-1.4941,0.48035,6.9323,-0.085071,-2.6669,-0.047798
4.2898,2.3987,-1.0354,-1.2383,-7.4772,-0.05464,0.80529,-0.15832
-0.83941,-1.2436,-2.0888,-1.5832,-6.2154,-0.02474,-1.0056,-0.24399
-0.81301,-0.24841,-0.62745,-1.0769,-0.12378,-0.24232,0.73791,-0.15912
-0.81376,2.1864,-0.19765,1.0288,-2.1232,-0.047721,2.4161,-0.080995
-0.88297,-4.7221,-1.7525,-0.045626,1.5639,-0.030073,-0.29509,0.061163
-0.78339,-0.038708,-0.48236,-0.43116,5.6406,0.36996,1.8354,0.2418
-0.78428,1.1713,1.4046,1.4785,1.9856,0.021684,3.0697,0.33187
-0.77701,-5.2982,-1.2874,-0.15806,-8.4081,0.021934,3.0513,0.022733
-0.58145,-0.65982,3.5213,1.6468,3.3725,0.073967,2.2358,0.23357
-0.70873,0.42056,0.22222,0.099403,4.5236,0.18469,-3.5437,0.16552
-0.77102,2.8469,0.31728,-0.56833,3.6675,-0.0056099,-0.035801,0.016357
-0.76309,2.5157,0.52351,0.57467,6.5636,0.12767,-1.3466,-0.024044
4.3078,-0.05572,-0.77397,-2.1744,-9.1533,-0.072243,-0.30059,-0.12831
4.281,-0.72456,-1.1954,1.0385,-3.5321,-0.082305,-2.7877,-0.15486
4.263,-2.2152,-3.5885,0.41195,3.8703,-0.53473,-3.4827,-0.19015
-0.82773,0.24065,-3.155,-1.4953,-1.3372,-0.13639,-1.3433,-0.094965
-0.58723,-1.0592,-2.3833,1.0283,-0.16784,-0.12515,-2.195,-0.070797
-0.66441,-0.91076,-2.2336,0.97675,2.8485,-0.081606,1.8406,0.12773
-0.83082,-0.87025,-1.5956,1.7487,-3.8227,0.027267,0.33778,0.29938
-0.81094,-7.3065,0.44284,1.1674,-3.0486,0.016492,4.574,0.18156
-1.0565,1.9631,1.8244,-0.041875,6.4575,0.41925,-0.27218,0.12257
-0.90131,3.5289,2.9029,0.51216,5.2625,0.28103,3.3278,0.17842
-0.77596,-0.06613,1.8206,-1.7162,0.72362,-0.094704,1.5114,0.093313
-0.78437,1.6337,2.5325,-0.46083,-1.6982,-0.090148,-1.5855,-0.018471
-0.78496,1.0524,3.5105,-2.1447,-7.3028,-0.061981,-4.1944,-0.080605
-0.55264,1.4291,2.0469,-0.37186,0.72727,-0.17592,-2.6237,-0.15987
4.2831,2.0554,-1.4726,0.50342,6.2261,-0.29149,-2.9547,-0.14856
4.2632,1.8474,1.05,-1.7863,-6.746,-0.088055,-0.49228,-0.15693
-0.84068,-0.48951,-2.7573,-1.7218,-5.8701,-0.05806,2.2646,-0.082747
-0.99893,-2.3716,-3.3598,-0.31903,0.3485,-0.23996,0.69764,-0.065589
-0.88902,-0.065256,-0.83083,-0.058575,-5.3651,-0.010051,3.479,0.44431
-0.81938,-4.8057,-1.3018,-0.15372,3.7446,0.11679,-0.06863,0.19592
-0.82311,2.7337,-0.91304,0.20114,5.9018,0.42841,4.3072,0.11736
-0.52913,3.0582,1.4771,1.104,1.172,0.032446,3.6896,0.22316
-0.80627,-4.2597,0.6296,-0.74139,-8.2652,0.022364,0.87385,0.13247
-0.80098,-0.6917,4.3943,1.332,2.2243,0.012795,0.69844,0.039405
-0.79631,0.13359,0.52478,0.45109,3.6539,0.087675,-1.281,-0.058823
-0.96683,1.7032,0.38832,-0.38642,3.4654,-0.094133,0.1888,-0.1064
-0.85129,2.4705,0.42774,0.5598,6.3225,0.081007,-1.8255,-0.1955
4.2974,-1.5306,-1.4483,-2.2096,-8.159,-0.064535,0.18819,-0.12935
4.2781,-5.8884,-4.695,0.13364,-3.4272,-0.051976,-5.4241,-0.15686
-0.62005,-1.0532,-4.5669,-0.2481,3.4207,-0.38997,-0.95849,-0.0050607
-0.70935,0.51103,-1.9718,-1.4359,0.58575,-0.10482,-0.29311,0.040573
-0.82145,-2.5489,-2.3547,0.22572,2.0921,-0.092759,-0.56725,0.25713
-0.82687,0.44208,-0.62288,-0.12503,4.4734,0.18924,0.24601,0.40588
-0.90627,1.9503,0.29681,1.7227,-3.6345,-0.00027054,1.944,0.20446
-0.87533,-10.168,0.72512,-0.25445,-2.224,-0.004044,4.4538,0.18095
-0.81249,0.82663,1.6488,1.7988,5.9877,0.35044,-2.5532,0.083773
-0.79793,1.3208,4.2147,-0.086835,6.1919,0.40659,1.9794,-0.04994
-0.78948,1.8072,-0.038253,-0.96814,3.2017,-0.023797,0.59226,-0.090511
-0.6487,-0.029171,1.5151,0.83603,1.036,-0.07282,-1.7928,-0.14089
-0.75969,-0.31663,3.728,-2.1702,-9.1928,-0.089531,-3.4817,-0.18044
1.8948,-1.5286,2.0281,-0.54996,1.3093,-0.17175,-3.188,-0.15927
4.293,1.9042,-1.8766,-0.50811,6.488,-0.13843,-3.4464,-0.08063
-0.88477,4.3465,3.1615,-1.01,-6.8593,-0.0077148,0.62098,0.066566
-0.82847,-4.406,1.0897,-1.621,-1.633,-0.073263,-3.7392,0.11736
-0.81591,-0.64633,-3.6113,-0.12516,0.62757,-0.10989,1.5069,0.1886
-0.8161,-0.21965,-1.2425,0.77073,-6.1463,-0.039225,4.7831,0.24413
-0.51022,-6.5241,-0.72129,1.3838,3.2937,0.057243,1.2442,0.26601
-0.79281,3.7395,1.5531,-1.3941,6.9788,0.56141,0.13331,0.17385
-0.80386,4.2112,4.6653,1.648,3.5589,0.096191,3.0341,-0.0094415
-0.79565,-2.4497,0.052667,-0.71643,-4.6455,0.035436,0.78116,-0.11426
-1.0087,1.5439,0.18737,1.1189,0.91825,-0.0047179,1.3796,-0.18774
-0.94568,0.65412,-1.3606,-1.1164,-1.3125,-0.042575,-4.6211,-0.15761
-0.73125,1.9809,-1.0739,-0.11733,2.9715,-0.20139,0.12638,-0.17207
-0.77469,1.3146,-0.64419,-0.19287,7.7755,0.26645,-4.4559,0.0049909
4.3139,-1.4404,-4.339,-2.0367,-7.0545,0.0039522,-0.87654,-0.0060829
4.29,-3.9468,-5.5963,-0.69855,-4.992,-0.092092,-2.6454,0.10507
-0.78335,0.72453,-0.86675,2.081,1.3471,-0.4149,0.95805,0.17015
-0.81834,1.8735,-1.2853,0.92846,-0.27185,-0.03651,4.3905,0.063377
-0.98623,-1.1483,-0.41008,0.8794,4.0206,0.10121,2.787,0.11904
-0.98253,1.1121,-0.14497,0.30926,4.7834,0.23734,3.5902,0.194
-0.8505,2.955,2.7349,2.0536,-2.8225,-0.010898,3.0348,0.066103
-0.79273,-5.6685,2.3469,1.4444,-6.1372,0.041815,0.37337,-0.065054
-0.78496,0.28046,4.8569,1.7537,5.3097,0.32316,-3.1472,-0.080094
-0.66018,1.4094,-1.1261,0.36276,5.6093,0.29827,-0.87564,-0.20463
-0.753,-0.14135,0.65099,0.46505,3.6669,0.012057,0.13625,-0.20324
-0.7696,0.17571,-1.2913,-2.6218,5.5034,0.19307,-0.82931,-0.13748
-0.76358,1.1003,0.53493,-1.9188,-8.0138,-0.089634,-3.4065,-0.071211
4.3303,-0.51586,2.9977,-0.80952,-4.1704,-0.16521,-4.4397,-0.035337
4.3065,2.3021,0.45359,-0.44636,5.2387,-0.31111,-4.1718,0.17373
-0.81153,-0.23019,-3.6402,-0.24886,-3.8008,-0.1032,0.51164,0.21839
-0.80337,-0.54548,-4.2372,-0.39241,-0.83585,-0.11573,-2.8476,0.069949
-0.58315,-0.6099,0.45751,0.23253,1.9988,-0.1335,1.6628,0.34923
-0.77872,-0.12366,-0.35813,1.6382,-4.7787,0.023185,1.407,0.071409
-0.78925,-7.4671,-0.3107,0.8813,1.3616,-0.065889,4.3669,-0.025237
-0.78744,1.5697,2.3241,-0.49539,6.7385,0.49475,-0.091903,-0.1168
-0.88505,3.3874,4.6022,0.71677,5.1701,0.30488,1.4199,-0.17453
-0.7307,-1.1848,1.3348,-1.1618,-1.5735,-0.051566,-0.29813,-0.20363
-0.753,0.8127,2.3423,-0.3773,-3.6496,-0.08081,-1.5481,-0.15301
-0.76187,-2.7615,1.7871,-1.0468,-7.1573,-0.12914,-2.6892,-0.084719
-0.75277,1.7723,-0.98853,-1.0589,1.7426,-0.18267,0.13155,-0.027719
4.3294,1.9924,-2.6793,0.28107,7.3138,0.0040998,-7.3476,0.029304
4.3087,1.375,-0.015955,-1.1223,-6.4626,-0.011649,-2.7326,0.36317
-0.82631,0.5764,-0.17802,-0.3782,-5.4935,-0.047381,1.0462,0.25725
-0.82063,0.89185,-0.6937,0.54286,0.25832,-0.30904,0.86693,0.044224
-0.9084,2.9475,1.8907,0.54907,-4.3964,-0.017315,1.5835,0.10699
-0.7823,-3.4677,1.5536,0.4956,4.5188,0.22673,0.95409,0.017647
-0.79897,3.1445,2.6582,-0.46787,5.5271,0.29729,3.6773,-0.1046
-0.79651,2.9683,1.7219,2.0086,-0.27292,-0.055981,3.9976,-0.11592
-0.57575,-6.4795,0.62401,-0.73262,-9.8765,-0.0013808,-1.732,-0.21417
-0.75794,-1.0076,1.5615,1.0061,3.1996,0.018231,0.20015,-0.19979
-0.78288,-2.2169,-2.0067,1.0211,4.3711,0.144,-1.3996,-0.066319
-0.77635,0.85728,0.40134,0.7936,3.9779,-0.0014963,-0.35412,-0.065978
-1.0292,2.53,-1.8551,-0.7513,5.8555,0.1079,-0.66934,0.046682
4.3384,-0.52567,-1.293,-2.6898,-9.5661,-0.0041467,0.61255,0.1618
4.3106,-2.2788,0.046378,0.86417,-5.146,-0.22363,-2.7829,0.26553
-0.8757,3.96,-1.208,-0.74733,3.6584,-0.52636,-2.8682,0.20062
-0.46989,-0.89413,0.89712,-0.25696,-1.1824,-0.12282,1.49,0.12709
-0.82142,-0.51082,0.10533,-0.14648,0.023312,-0.065992,-0.10084,0.035365
-0.77326,-0.10419,0.67421,1.9916,4.1937,0.15127,4.5688,-0.081409
-0.80548,1.4467,0.92625,1.3977,-4.825,0.035815,0.42907,-0.18519
-0.92849,-10.182,3.0832,0.89914,-3.2079,0.058103,6.0573,-0.17857
-0.89421,2.0992,4.4356,-1.0427,5.9417,0.38154,1.2219,-0.15944
-0.82705,1.7788,2.968,0.91496,5.866,0.41856,3.7451,-0.14946
-0.78314,-0.68686,0.030459,-2.1098,2.6998,-0.017354,-0.35391,-0.003284
-0.77331,1.0702,2.4175,-0.050687,-2.3765,-0.11388,-3.2618,-0.070505
-0.58839,-0.69092,1.9768,-1.0475,-8.5903,-0.080489,-3.7299,-0.00077723
-0.74204,1.2086,-0.40169,1.5286,1.2525,-0.17245,-1.6738,0.27388
4.3092,3.6025,-2.5813,-0.58445,7.3249,0.029327,-3.8316,0.10862
4.2772,4.1982,-1.485,-1.3314,-6.5953,-0.070863,0.56519,0.059581
-1.0518,-1.6327,-1.0524,-1.535,-2.2697,-0.045167,-2.0409,0.064643
-0.85855,1.1274,-0.53591,0.39933,1.7075,-0.1519,1.1097,-0.027622
-0.81177,1.1118,0.47883,-0.51495,-3.6676,0.016697,5.0095,-0.12254
-0.80418,-5.1642,-0.98724,-0.042466,3.4363,0.085685,1.3529,-0.13232
-0.51745,0.90999,1.7128,-1.2882,7.0319,0.5698,-3.5536,-0.19434
-0.73483,3.2172,1.4992,0.096699,4.0604,0.1427,3.5289,-0.17754
-0.79328,-5.8382,0.19498,-0.71628,-5.121,0.034814,0.82485,-0.084865
-0.78448,-1.2433,2.1059,-0.036441,2.8773,0.0091375,3.7792,-0.022608
-0.99615,-1.9269,-1.4427,0.46818,2.5132,-0.12508,-4.7482,0.10368
-0.86303,1.6343,-0.12829,0.93571,3.3748,-0.14894,1.8098,0.22593
-0.77463,2.5999,-1.8057,-0.55373,7.4391,0.28834,-2.4091,0.20651
4.309,-0.15089,-2.5079,-1.6099,-7.4352,-0.042709,-1.9776,0.044759
4.2729,-1.3622,-2.8446,-0.87521,-3.0148,-0.14139,-3.0715,0.10176
-0.7907,0.17845,-4.0216,-0.44936,2.5377,-0.50129,-2.114,0.027236
-0.78568,1.4858,1.577,1.0897,-0.45321,-0.11377,2.1662,-0.091801
-0.81263,-1.5666,-2.251,-0.64482,3.3117,0.06246,2.8785,-0.16484
-0.93753,-0.96223,1.3994,2.1042,4.1872,0.16467,1.7793,-0.21269
-0.91383,0.89,0.61511,1.6511,-4.4055,0.0070839,1.4348,-0.18178
-0.73251,-9.8467,1.4172,0.26329,-2.5606,-0.016808,1.792,-0.10234
-0.7872,-1.4309,0.71808,0.91464,6.0006,0.43573,-2.5444,0.036119
-0.78537,2.7884,2.3681,-0.12013,5.0022,0.24753,1.4599,0.050089
-0.49668,0.68879,-1.9981,-0.59624,3.6278,0.022589,0.08317,0.15625
-0.72132,0.69614,-0.2657,-0.49055,3.4454,0.0081492,-1.7392,0.052669
-0.77626,1.3701,3.521,-2.4159,-7.6765,-0.038121,-3.7711,0.22135
4.3209,1.4063,1.2984,-0.44079,2.6428,-0.15134,-2.8606,0.039916
4.2831,3.5367,-1.0289,-1.1896,6.2211,-0.16274,-5.2543,0.12361
-0.91132,2.7398,-0.58558,0.22703,-5.0473,-0.075253,-0.63756,-0.042784
-0.81239,-3.2035,-4.3126,-2.939,-0.60685,-0.066351,-1.2447,-0.13356
-0.81528,-1.8683,-2.4855,1.0725,0.49651,-0.10418,1.4578,-0.085497
-0.64214,-0.76997,0.096736,1.3123,-6.7559,-0.051777,3.6487,-0.18066
-0.72848,-9.4987,-0.092889,1.5091,3.4745,0.071406,1.6678,-0.19735
-0.79681,0.87428,-0.67887,0.3372,6.0115,0.42167,0.1465,-0.040326
-0.78838,2.4625,1.6608,-0.009401,3.4143,0.064001,3.2673,-0.00472
-1.0336,-2.8816,-0.90123,-0.33083,-6.7781,0.0084123,7.5293,0.18821
-0.86467,1.0978,0.32997,1.1697,-2.9221,-0.084853,-3.303,0.23771
-0.77406,0.18947,-2.9562,0.1393,-3.0243,-0.12365,-2.3293,0.089857
-0.76707,2.8839,-1.8271,0.34787,2.9588,-0.2337,-1.993,0.054835
-0.37196,3.7677,-0.95932,-0.27097,6.9459,0.10912,-2.9629,0.077712
4.2981,0.055201,-2.0236,-2.2177,-8.3922,-0.082203,-1.8801,0.0048692
-0.79589,-1.4412,0.75361,-0.33895,-2.5718,-0.10305,-3.2125,-0.13383
-0.8076,-1.4183,-1.808,-0.59073,1.2383,-0.36253,-0.68374,-0.18185
-1.0582,1.2049,-0.47229,0.3937,-1.3709,-0.02784,0.1276,-0.14715
-0.97322,-3.5208,-1.4644,-0.32332,3.9338,0.091596,0.87156,-0.12699
-0.86466,-0.13789,0.68724,2.7421,4.0385,0.10464,0.83084,-0.024361
-0.7847,1.0544,1.0165,0.71003,-3.7916,0.0046838,1.2485,0.099057
-0.77027,-6.835,0.043692,1.3383,-5.43,-0.016,3.1432,-0.042638
-0.61537,0.44299,-1.5822,0.22182,5.0483,0.31445,-3.9409,0.19699
-0.7123,1.2073,-0.78827,-0.010075,5.0326,0.22212,-2.0804,0.21267
-0.77035,0.86064,-0.84776,-0.23078,3.7895,0.024264,-1.649,0.068269
-0.75902,2.033,-0.395,-0.59735,4.2379,0.030809,-1.4046,0.0090553
-0.86788,2.1262,0.80184,-2.9053,-9.6029,-0.10246,-3.9988,0.027211
4.3151,-0.50571,0.37228,0.16149,0.84096,-0.25707,-3.5413,-0.035215
4.2825,3.2611,-1.568,-0.37775,4.3604,-0.58014,-3.1713,-0.16817
-0.79429,0.98545,0.54832,-0.07327,-6.256,-0.13937,0.81574,-0.14388
-0.59083,-2.5074,-0.51278,0.24732,0.040665,-0.11052,0.29543,-0.14583
-0.70836,-1.0051,-1.2431,0.43729,1.0528,-0.084706,-1.1882,-0.049502
-0.79338,-0.024779,0.79643,0.99452,-6.8287,0.014464,1.797,0.091439
-0.77858,-10.529,1.4134,0.53247,2.8841,-0.00034755,3.1074,0.067296
-0.93658,3.7881,2.2617,1.3726,5.5756,0.30215,-3.1003,0.12271
-0.82124,3.6109,1.1341,0.64126,4.4335,0.18951,1.0079,0.29846
-0.67996,0.30884,1.8272,-0.61585,-2.1569,-0.038705,0.038468,0.19147
-0.75057,2.1779,2.8503,0.44971,-5.8237,-0.020428,0.78468,0.13038
-0.73592,0.6166,2.1624,-0.54987,-6.9562,-0.095975,0.073505,0.028647
-0.62774,3.6172,-0.92453,-0.21515,1.978,-0.32999,-2.0311,-0.040132
4.3204,2.9109,-1.8798,0.60727,6.8003,-0.14558,-6.0494,-0.090608
4.2909,0.16723,-1.2204,-0.77494,-8.6802,-0.062591,1.3302,-0.19139
-0.80089,-0.28714,-2.2011,-0.61891,-4.944,-0.11411,-1.2973,-0.11015
-0.91463,1.6462,0.10548,0.45483,-1.1565,-0.29358,-0.066511,-0.12062
-0.7963,-1.2902,-0.13,-0.26663,-4.3495,0.024315,2.8704,0.13856
-0.77856,-5.8619,1.4464,0.88213,4.2046,0.15808,2.037,0.056538
-0.78169,1.8106,-0.58379,-0.48748,4.6048,0.20327,0.11426,0.036971
-0.64243,3.4098,0.80013,1.9889,-1.7381,-0.052349,4.3659,0.2463
-0.74558,-7.0288,-0.8282,0.62054,-8.8084,-0.048087,-3.8577,0.31155
-0.76668,-0.77976,5.2887,1.0128,3.3803,0.10175,-1.6241,0.22284
-0.75895,1.4374,-2.4622,0.67493,4.4209,0.11773,0.063365,0.068878
-0.97433,1.1839,-0.080484,2.0479,3.2548,-0.24693,-0.18395,-0.030615
-0.82372,1.7442,-0.078679,-1.213,4.9153,0.04376,0.17504,-0.11636
4.3265,-0.11518,1.1692,-2.4124,-9.242,-0.076286,-2.3453,-0.12346
4.3031,-2.2915,2.2107,-0.71903,-3.0455,-0.23612,-3.2207,-0.26509
-0.39644,2.9883,-0.10673,0.098157,3.5419,-0.51695,-2.9479,-0.15316
-0.67569,-3.9266,-2.1314,0.57488,-3.0315,-0.098208,-2.598,-0.11728
-0.79322,-3.3673,-2.5803,0.23693,3.243,0.020914,-1.5721,0.089614
-0.78939,-1.2145,-0.075377,0.99787,3.0812,-0.059767,4.3708,0.32104
-0.89455,1.6387,0.74518,0.30595,-7.0451,-0.0058858,0.60149,0.26402
-0.85676,-10.45,-1.9444,0.81918,1.2166,0.023872,4.3866,0.23445
-0.83002,3.2496,-0.43831,2.0691,5.8044,0.37467,2.8207,0.17986
-0.76276,2.0651,3.1556,2.2238,5.912,0.34909,1.7933,0.10913
-0.75155,0.92805,4.2971,-0.13194,-0.73913,-0.067943,1.0711,-0.014723
-0.53643,2.3016,4.6595,0.72461,-3.2138,-0.058259,-1.8177,-0.055197
-0.7142,0.39956,2.2306,-1.2589,-8.7397,-0.099145,-2.4136,-0.13485
-0.76528,0.17601,0.39171,-0.29661,2.8745,-0.22662,-2.9693,-0.19957
4.3186,2.1589,-0.83782,-1.0496,6.9549,-0.040232,-7.0248,-0.1257
-0.92062,1.8854,2.1121,0.32031,-8.3965,-0.035798,2.2949,-0.12548
-0.8048,-4.4664,-0.13148,-1.3606,-2.8001,-0.067815,0.76047,-0.027914
-0.78126,-0.8959,-2.4409,0.93498,0.033318,-0.10455,0.37319,0.097937
-0.76993,0.34271,-0.6842,0.59083,-5.888,0.039839,2.0511,0.16849
-0.60095,-6.1399,1.3032,-1.1204,4.7259,0.24386,0.618,0.33041
-0.69815,2.804,1.1652,-0.3743,5.84,0.40444,2.4716,0.32769
-0.76933,3.7836,2.1316,1.4369,1.182,-0.013503,0.84217,0.083967
-0.76459,-3.4666,2.4627,-0.90829,-8.7566,0.053669,3.9075,0.10061
-1.0127,0.54896,-0.22959,0.80644,1.4453,0.041636,0.51365,-0.043953
-0.79173,0.95469,-1.7619,1.1658,1.7742,-0.047234,-1.6042,-0.078512
-0.73445,2.325,-0.11204,0.34085,3.545,-0.16499,-1.3062,-0.14605
-0.73493,0.53173,-1.9125,-1.2207,6.9167,0.39708,1.2464,-0.11032
4.3332,-0.50565,-0.72165,-1.5001,-9.2765,-0.019363,-0.55545,-0.13821
4.3121,-2.1473,-1.4139,-1.7753,-3.8465,-0.14165,-2.4833,-0.085643
-0.72184,-0.037186,-1.1688,0.10154,3.3941,-0.38713,-2.8147,0.050673
-0.78702,-0.0052364,-1.6323,1.0095,-1.0814,0.00093595,-1.9159,0.0065485
-0.86985,-4.268,-1.6366,-0.1802,4.6465,0.18424,0.93455,0.17798
-0.93759,1.1627,0.84892,1.0194,3.0173,-0.010307,1.9594,0.34377
-0.73904,3.6621,1.6307,0.43003,-5.9392,-0.025401,1.3922,0.19685
-0.75968,-7.3115,-0.17477,0.26519,-4.9592,0.014772,9.3399,0.066736
-0.76359,1.5324,2.0712,1.1699,5.726,0.36749,-2.9179,-0.029715
-0.55584,3.0691,1.8488,1.4243,5.663,0.32235,0.18992,-0.088807
-0.75023,0.82439,2.7659,-1.0149,3.1752,-0.061538,-2.2814,-0.15805
-0.74096,-0.057473,2.2892,-1.8115,2.2282,-0.10071,-2.2325,-0.21753
-0.73781,0.83792,2.3164,-2.1276,-9.0903,-0.03728,-1.9541,-0.13863
4.3473,-0.79474,1.3518,0.74891,0.52922,-0.29102,-4.0763,-0.1203
4.3355,2.7455,-2.2583,-0.17118,6.1098,-0.21705,-4.022,0.004139
-0.78091,-0.13689,-2.6453,-1.1399,-6.6284,-0.040072,0.2649,0.11738
-0.78058,-2.7935,-2.1047,-1.2244,1.0533,-0.06082,-2.1102,-0.0048173
-0.45024,-0.74236,-2.2399,0.69129,1.4139,-0.13873,0.27435,0.44925
-0.71141,2.5324,-0.02148,1.2146,-7.7143,0.045769,6.2584,0.20644
-0.76161,-6.4155,-0.57445,0.78317,5.2296,0.2723,2.9303,0.15701
-0.76147,4.0596,0.32036,-0.028304,6.0191,0.39662,3.7235,0.081606
-0.86717,4.8185,4.7978,0.49654,3.0614,-0.014511,4.3564,-0.071114
-0.82985,-1.6104,1.1085,-0.65664,-7.002,0.037554,3.295,-0.16715
-0.76782,0.60066,1.4892,-0.10874,-1.8125,-0.0035884,-2.0124,-0.19022
-0.73867,0.068674,-1.7729,-1.7308,-4.4069,-0.050385,-9.0179,-0.13184
-0.58696,1.4437,-0.56547,1.3394,3.278,-0.15831,-1.0607,-0.11215
4.3563,0.95725,-2.4446,-1.6189,7.4457,0.21784,-1.104,-0.031054
4.3361,-2.8148,0.96099,-2.1493,-8.8868,-0.041156,-0.3273,0.13393
-0.80154,-2.7659,-4.1198,0.22741,-3.5842,-0.11554,-1.061,0.21089
-0.80794,1.6846,-0.70993,0.38462,-0.55918,-0.40011,0.98899,0.041473
-0.86362,1.6223,0.97221,0.19476,-2.9895,-0.022366,4.022,0.33309
-0.76282,-2.3333,-0.76271,0.88201,5.4089,0.32441,2.9792,0.21323
-0.77401,0.91371,1.258,1.9373,3.968,0.14922,2.5126,0.15102
-0.76204,3.6573,1.7353,2.1631,-4.6767,0.011082,1.2929,-0.030494
-0.57462,-7.808,1.7669,-0.49541,-7.1626,0.050845,4.5463,-0.10297
-0.76305,0.55861,3.4791,0.60558,4.8652,0.22691,-2.6815,-0.19743
-0.753,0.51466,2.2638,0.22674,4.8953,0.19468,-0.54511,-0.1975
-0.75071,0.28181,1.6701,0.54042,3.7983,-0.05745,-3.6328,-0.11998
-0.92888,0.64714,2.4596,-1.6067,3.5696,-0.071948,-1.4202,-0.091777
4.3665,-1.2378,0.054966,-2.1703,-9.0202,-0.021256,-4.5636,0.021346
4.3449,-0.77674,1.7905,0.67207,-0.3906,-0.30803,-4.9215,0.18981
-0.68437,2.332,-1.0691,1.0987,4.84,-0.46605,-2.3605,0.10624
-0.63229,-0.94211,-5.0897,-0.4291,-4.8416,-0.084943,-0.3843,0.22581
-0.75692,-0.052759,-1.9608,-2.0547,2.8857,-0.1091,-3.7442,0.18363
-0.78204,1.0523,-0.78052,-1.1786,2.3581,0.010601,-2.6799,0.12931
-0.78006,0.80487,0.42663,1.3285,-8.1147,-0.012226,3.0439,-0.0031623
-0.9299,-8.1805,3.5919,0.8289,3.222,0.044864,0.92535,-0.083721
-0.896,4.8845,1.4397,0.38291,6.0352,0.32655,-1.0217,-0.12821
-0.73329,3.509,1.6274,0.66967,5.0218,0.26578,0.98016,-0.20726
-0.75389,-2.2421,-0.012891,-0.29688,-1.7991,-0.051643,0.89658,-0.14006
-0.75763,0.89379,1.847,0.78385,-5.0735,-0.050962,-2.3449,-0.112
-0.60707,1.1537,-1.04,-0.1759,-7.4503,-0.085764,-2.9395,-0.090925
-0.68082,0.31381,-1.6135,1.2715,3.1865,-0.40696,-3.7048,0.15703
4.3392,1.6009,-3.5129,-1.5504,6.8055,0.07561,0.30675,0.062866
4.3032,0.58356,1.2342,-0.31208,-8.8509,-0.059902,2.1698,0.073161
-0.91844,-1.7188,-2.4681,-0.27329,-2.9749,-0.09747,1.3498,0.1801
-0.84813,2.0794,-1.5151,-0.15059,-0.57347,-0.12453,2.32,0.055005
-0.78574,0.057224,-2.5419,0.042355,-4.0163,-0.017097,3.3215,0.060189
-0.78497,-5.038,-0.12152,0.64243,5.7834,0.35044,0.27584,-0.06593
-0.53084,3.6211,2.2905,1.4687,4.8053,0.26079,9.2304,-0.14444
-0.74881,2.1633,6.1081,0.26162,-0.53528,-0.034739,1.1167,-0.19003
-0.76368,-8.1164,1.8272,-0.19474,-6.733,-0.012226,-5.2917,-0.22919
-0.76399,0.42407,3.074,0.57361,4.1936,0.17556,-3.0594,-0.093578
-0.89651,0.6943,-1.3009,0.71483,3.6303,0.037285,4.5218,-0.072817
-0.82271,-0.82494,-0.66389,0.75212,3.6825,-0.11656,-5.9253,0.076593
-0.73966,1.3455,-0.035715,-1.5225,5.2737,0.21906,-2.7892,0.11315
4.3518,-0.97673,-0.82619,-0.90498,-8.0659,-0.062225,-2.8289,0.042593
4.3198,-0.95058,-0.099551,1.4603,0.19887,-0.17915,-2.9747,0.20636
-0.73313,2.6489,-0.79859,0.0081527,3.8481,-0.42578,-3.6669,0.17609
-0.75774,-0.26247,-3.7637,-0.048915,-1.1195,-0.10941,-0.55469,0.043761
-0.79163,-1.5393,0.40127,-0.80262,3.8868,0.11634,-0.30939,0.013972
-0.87386,2.5894,0.68278,0.64981,2.9743,-0.00097646,2.687,-0.10993
-0.85075,-0.049067,1.8517,1.6126,-6.6284,0.0085214,1.0582,-0.17608
-0.77243,-10.225,0.80874,1.7179,2.4751,-0.069733,2.0198,-0.20711
-0.76106,2.6082,1.5303,1.3476,5.5944,0.34899,-1.4176,-0.12712
-0.74978,2.9844,0.88333,0.80717,5.5784,0.29105,-0.15101,-0.034144
-0.51755,-1.3041,1.8841,-1.0647,2.5125,-0.082735,-0.78676,0.00041533
-0.66298,1.4532,-0.78982,-0.69242,-1.719,-0.027096,-1.5391,-0.014455
-0.74991,0.067448,-1.2688,0.37444,-7.3832,-0.060948,-4.1442,0.19261
4.3427,1.3712,-2.7515,1.5195,4.156,-0.21357,-3.4281,0.11575
4.3317,2.6659,-1.1093,-0.79077,6.4356,0.0065769,0.78903,0.34604
-0.87319,2.5106,1.0143,0.038552,-7.0929,-0.037813,-0.32766,0.1362
-0.78658,-2.5235,0.11414,0.34791,-0.51452,-0.023662,-1.1984,0.010881
-0.77735,2.8213,0.23614,-0.74726,0.40576,-0.029951,1.1738,-0.065735
-0.64485,1.116,0.45076,0.030132,-5.139,0.035841,4.7999,-0.17543
-0.71472,-7.4112,-0.51953,0.78148,5.6444,0.3666,0.93488,-0.30403
-0.76771,3.0768,2.1001,1.3439,5.7209,0.37032,2.4869,-0.20648
-0.76567,-0.32292,1.3943,1.9525,1.1796,-0.017444,-0.31233,-0.13371
-0.96949,-4.041,-1.8606,-1.0924,-6.9371,-0.043518,-2.2636,-0.011875
-0.84815,0.78748,2.085,1.5036,-1.7353,-0.069977,-2.4437,0.084235
-0.72839,-0.22885,-3.826,1.1028,0.45047,-0.082376,-2.9613,0.027868
-0.73867,2.8041,-2.3026,0.692,3.9646,-0.39098,-2.1467,0.057536
-0.59805,2.069,-1.7474,-2.0447,4.7526,0.034891,-0.50392,0.15769
4.3357,-0.22896,-2.3217,-0.9659,-9.1456,-0.049993,-3.5346,0.18957
-1.0256,-1.9399,-1.6962,-0.90635,-1.5044,-0.16987,-0.86612,0.07523
-0.7886,1.041,-0.036126,0.070904,2.1198,-0.31059,-1.2774,-0.064445
-0.65951,-0.8859,-3.8237,1.2793,-1.8937,-0.086573,-1.3272,-0.11658
-0.95297,-2.5659,-0.98366,-0.1224,5.0597,0.24913,0.90708,-0.20317
-0.8254,1.8993,2.6919,1.7526,2.7915,-0.025998,3.3786,-0.21665
-0.76128,1.4968,3.3585,1.7951,-5.7686,-0.0046922,1.2431,-0.090754
-0.75641,-6.7842,-0.21896,0.50178,-2.8128,0.016839,3.853,-0.064567
-0.50606,2.5263,2.7193,-0.51516,5.3274,0.31198,-1.6182,0.071433
-0.69125,0.78342,0.025577,0.47363,5.2649,0.27329,1.9739,0.15187
-0.74907,1.9403,-0.73658,-1.2819,3.349,-0.020017,-2.8937,0.047217
-0.73806,2.8097,0.29012,-1.6114,0.97934,-0.081952,-0.87889,0.023731
-0.95319,0.52466,2.0034,-2.2312,-9.6733,-0.060447,-2.2343,0.215
4.3474,2.2064,-1.4958,-0.66244,3.2064,-0.34765,-3.165,0.086888
4.3104,3.0237,-2.2153,-0.05756,6.1052,-0.24968,-4.686,-0.0075432
-0.77348,2.1297,0.87623,0.58757,-7.3667,-0.10361,2.7916,-0.093602
-0.62565,-1.5115,0.12048,-1.2462,0.83534,-0.088832,-1.7205,-0.13578
-0.68938,0.089661,-0.3671,0.71501,-0.39639,-0.049396,3.2869,-0.18056
-0.76112,-0.76145,1.3299,0.69281,-6.663,0.029629,0.74441,-0.18171
-0.75783,-8.6817,0.82385,2.1578,4.7248,0.19719,2.6479,-0.14892
-0.87185,3.7749,2.6487,0.78496,5.5722,0.30797,0.81339,-0.032368
-0.81043,1.8415,0.58971,0.85572,3.2428,0.015144,2.8214,0.16129
-0.68148,-0.89508,2.4204,-1.0343,-6.7429,-0.011033,3.5261,0.22157
-0.73048,0.059587,-3.6687,-0.27903,-5.0258,-0.022244,-3.1021,0.1626
-0.73371,0.73312,-2.1891,0.39274,-3.8439,-0.088383,-3.0554,0.1673
-0.61167,2.4706,-2.0976,0.3495,3.8018,-0.33663,-2.9612,0.11719
4.3485,3.1209,0.46649,-1.3287,5.8502,0.10022,3.6002,0.020129
4.3123,0.68716,0.91221,-2.4992,-8.5276,-0.065588,-1.986,-0.070189
-0.7842,-0.8297,-1.3176,-0.6426,-3.1633,-0.1188,-1.1764,-0.10589
-0.91827,0.77241,1.5411,1.1441,0.026028,-0.25319,1.3046,-0.15632
-0.72242,-1.1194,0.73271,0.59357,-4.7903,0.036694,3.7324,-0.1211
-0.75597,-4.4932,1.0142,-0.20093,5.7306,0.33974,0.3761,-0.10244
-0.7556,0.81832,2.4127,2.5666,3.2755,-0.026133,3.0319,-0.065127
-0.47913,0.39214,2.4829,1.9552,-5.0301,-0.0020995,1.3223,0.071871
-0.68467,-7.9823,1.0081,0.7561,-7.2886,0.036322,3.1965,0.19563
-0.74992,1.0002,4.4599,2.0896,4.7376,0.2169,-4.074,0.30357
-0.7425,2.2965,-1.4407,-0.85784,5.191,0.22094,-0.62431,0.1637
-0.84459,1.2321,0.59484,-0.1343,3.3832,-0.19608,-4.5181,0.056514
-0.73617,2.0842,1.7349,-2.9097,3.011,-0.082029,0.28312,0.089468
4.3515,0.83818,1.3126,-1.123,-8.3334,-0.013343,-4.2957,-0.033585
4.3205,-2.0544,1.6108,0.1229,0.93884,-0.23219,-4.4417,-0.084378
-0.61564,2.9668,-1.6421,0.29143,4.6797,-0.44577,-2.535,-0.16002
-0.71902,-1.2175,-2.4066,0.73803,-4.5263,-0.079347,-0.57894,-0.18957
-0.80391,-3.4012,-0.24276,-0.44863,3.9338,0.029423,1.6945,-0.1065
-0.77013,-2.1048,0.72026,1.7712,1.6656,-0.038538,0.79202,0.084649
-0.82013,-1.8534,1.6861,1.5232,-8.7705,0.044363,3.615,0.063742
-0.89622,-7.8223,-3.1739,1.5629,4.5591,0.21214,1.5487,0.14951
-0.77954,2.5982,-0.85284,2.0316,6.1362,0.35518,-0.67552,0.13162
-0.74417,3.0781,0.90889,0.20989,5.114,0.26515,1.9432,0.24287
-0.74238,0.71342,-0.46697,-1.7193,-4.4386,-0.060223,-0.71834,0.14605
-0.59858,1.122,-0.51777,0.4398,-5.2941,-0.056738,-1.804,0.050916
-0.70127,1.6709,-1.7259,-0.36379,-5.1291,-0.03565,-2.3396,-0.018033
-0.71969,1.445,-1.0697,0.93254,4.6557,-0.07137,-3.0515,-0.080557
4.3289,2.649,-0.60431,-0.96625,6.3972,0.21293,1.8071,-0.10117
-0.80668,1.3714,2.8502,-2.5674,-7.918,0.039704,-0.005381,-0.19696
-0.82385,-2.2145,-1.181,-1.1725,-0.44701,-0.08751,-2.4251,-0.1716
-0.77066,1.7187,0.42045,0.83743,-0.27153,-0.12537,2.3521,-0.10928
-0.76189,-0.74874,-1.4505,1.5292,-5.5092,0.027973,7.84,0.020908
-0.57133,-4.3026,0.92136,-0.051567,6.5927,0.48938,-0.4154,0.21398
-0.67245,1.1403,2.7138,2.455,5.2143,0.33319,2.9962,0.37738
-0.75651,1.6479,0.34668,-0.11896,-2.2381,-0.019465,4.5067,0.085841
-0.75092,-5.268,0.89315,0.53883,-6.4271,-0.021423,-2.208,0.18709
-1.0467,1.4009,3.2545,1.0484,4.4798,0.20764,-1.7752,0.11952
-0.75879,1.4594,1.2615,-0.39878,4.0997,0.10858,-0.1533,0.031032
-0.73367,2.9169,0.46443,-1.0143,4.6358,0.032318,-3.7267,-0.040326
-0.72092,1.623,-1.0704,-2.0409,4.4132,0.11649,0.19734,-0.11728
4.3413,-1.5553,-1.473,-0.70116,-6.2258,-0.0093256,-6.7611,-0.12417
4.3193,-1.5483,-1.2469,0.47922,-0.34195,-0.26978,-4.5129,-0.21132
-0.70775,0.62569,-2.6919,-0.14458,3.7001,-0.27782,3.7525,-0.13052
-0.77291,-0.9922,-1.4433,-0.67068,-0.79461,-0.062212,0.60485,-0.077855
-0.86742,-1.9134,-0.69109,-0.64351,5.176,0.29852,2.2532,0.02614
-0.85638,0.63094,0.21679,0.54459,1.1774,0.031637,1.5888,0.28656
-0.69585,-0.93774,1.3327,-0.081337,-7.865,0.03808,4.1371,0.21564
-0.74144,-7.264,-0.020696,1.5583,2.6727,-0.011431,3.2059,0.16426
-0.73861,5.0629,1.9166,1.9303,6.4417,0.41925,-1.2034,0.094627
-0.5784,2.0226,-0.79766,0.4067,5.8718,0.33628,-0.73141,0.088859
-0.6958,0.1683,-0.75381,-0.13984,-0.32251,-0.13545,2.0033,-0.016475
-0.72859,0.85276,2.2314,-0.10799,-3.0506,-0.029682,-0.24621,-0.12792
-0.72247,0.92663,-2.4269,0.28155,-7.1704,-0.066461,-3.491,-0.085789
4.359,1.651,-1.0536,0.15745,3.9788,-0.35416,-0.44947,-0.15167
4.3409,1.9522,-2.8303,-2.2403,5.6023,0.019823,-0.311,-0.15574
-0.76209,-0.34766,-1.2753,-2.0822,-7.4447,-0.046322,-1.3046,-0.076249
-0.76607,-1.3279,0.12886,0.64067,0.63739,-0.055775,2.7613,-0.047457
-0.56009,-0.20739,-1.6082,1.2347,-1.6394,-0.095294,5.966,0.33635
-0.61727,-1.756,-1.6609,1.3347,-6.3025,0.0094456,2.9619,0.30812
-0.75652,-3.2896,0.1599,0.44535,6.6616,0.43116,-2.8111,0.19388
-0.75055,3.3149,2.6273,1.9262,5.7653,0.40209,3.2284,0.20434
-0.90926,0.374,4.3157,0.16542,0.29574,-0.032204,3.3924,0.13177
-0.8802,-2.4886,1.8372,-0.56709,-7.0713,-0.027012,-1.2226,0.013996
-0.72437,1.6654,5.6931,1.3262,0.86342,-0.039199,-1.2183,-0.092507
-0.72356,-0.36501,2.3555,0.9415,-0.4669,-0.18311,-1.4601,-0.10421
-0.42902,2.3004,0.34069,-0.5558,4.8544,-0.17184,-2.6295,-0.18874
4.36,0.14426,-3.9429,-3.2646,3.1918,-0.076465,-1.1933,-0.17231
4.3424,-7.1637,-3.7534,-1.2166,-8.2437,-0.085758,-1.1226,-0.087882
-0.78943,-2.4263,-4.3922,-0.74659,-0.6264,-0.13449,-0.88112,-0.021781
-0.73347,-0.4334,-1.7126,1.0842,1.2094,-0.27987,-1.3315,-0.0016777
-0.94931,-1.8473,-3.1716,0.72455,-2.0583,-0.017829,0.20583,0.24718
-0.8104,-3.2577,0.03554,0.23445,5.7625,0.35723,2.386,0.30053
-0.76113,2.4448,1.076,0.61661,1.4344,0.040468,2.6828,0.2915
-0.74854,1.9035,1.3871,0.13574,-6.3956,-0.0047499,2.2987,0.018304
-0.56702,-5.5874,-0.92329,1.2375,0.30234,-0.02286,2.9108,0.0062077
-0.72429,3.7744,2.1194,0.12105,5.7753,0.33667,0.68647,-0.040691
-0.74446,-0.48513,3.0609,0.42524,5.5547,0.32732,-0.51898,-0.11672
-0.74013,2.3335,2.0549,-1.296,3.083,-0.11274,-0.15306,-0.11952
-1.0128,2.079,0.85002,-1.233,0.11055,-0.085809,-2.1035,-0.15294
-1.0665,-2.383,-0.904,-0.5804,-7.3481,-0.07291,-3.9322,-0.13955
4.3527,0.87403,-0.8914,0.96884,3.8522,-0.30136,-2.7824,0.0044067
1.449,2.1491,-1.0203,0.079839,6.2405,-0.087818,-0.99615,-0.025091
-0.64388,-0.22227,-3.3236,-0.65615,-5.6471,-0.038897,0.56515,0.21383
-0.62812,-2.7797,-3.6443,-2.0197,2.1015,-0.10909,1.5437,0.15873
-0.77954,-0.52595,-1.4643,0.42716,0.25489,-0.0091203,2.8948,0.3069
-0.77263,-0.15251,0.58811,1.8753,-6.7416,-0.018252,5.3657,0.21634
-1.0269,-3.9749,1.4551,2.147,6.1774,0.41277,1.4806,0.049773
-0.83739,6.9262,1.7435,0.96369,5.746,0.38833,4.5634,-0.026454
-0.67397,1.4232,1.354,1.1353,3.6704,0.091942,1.4376,-0.12137
-0.7385,-0.083167,1.1161,-0.16256,-5.0043,0.00074985,0.61985,-0.15844
-0.79382,1.2992,2.3906,0.51022,-5.6378,-0.04853,-0.096417,-0.13916
-0.63678,0.097972,0.037891,0.97928,-3.4349,-0.039616,-2.86,-0.16915
-0.67235,0.59783,0.3966,0.039715,4.6655,-0.29752,-5.7523,-0.048139
4.3465,2.1636,-0.99543,-1.8608,4.2389,0.07011,-2.7602,-0.049672
4.3199,-0.881,1.2566,-3.0607,-7.3977,0.00048031,-2.4367,0.0044554
-0.96334,-2.5361,-2.0473,0.046889,-0.037746,-0.053844,-3.1717,0.18606
-0.77532,0.069349,-4.9134,0.53099,-0.94655,-0.10296,0.61682,0.06788
-0.77005,-0.31482,-2.2835,1.2907,-2.8709,0.023718,-0.10229,0.17292
-0.77148,-0.53059,-0.448,1.0574,6.7085,0.50658,0.42428,0.032614
-0.60931,3.0354,4.2236,1.567,4.6722,0.2565,3.7514,0.032298
-0.70553,2.2045,2.7827,1.6388,-3.4914,-0.039591,1.7532,-0.088053
-0.7548,-4.5077,1.0613,0.73327,-4.3637,-0.017052,6.0356,-0.17406
-0.75633,0.1608,2.9402,1.584,5.0377,0.28021,-1.2366,-0.13894
-0.92999,-1.7763,1.8064,0.60094,4.8415,0.16606,-2.6852,-0.17499
-0.85925,1.9263,2.5775,-0.40646,3.7099,-0.084417,-1.9757,-0.11621
-0.64377,0.88002,0.25709,-1.2746,1.5618,-0.025523,-0.27568,-0.013628
4.3569,0.39967,0.13535,-1.1974,-7.7077,-0.030336,-1.8894,-0.025066
4.3352,-0.087033,-0.9288,-1.5248,3.3543,-0.12405,-1.5066,0.18784
-0.74634,1.1095,-1.1574,0.80486,4.5032,-0.12709,-1.935,0.20923
-0.81385,-0.33286,-1.9303,1.7153,-2.8944,-0.11093,1.0536,0.087034
-0.78912,-1.0107,-0.094681,-0.34611,4.8103,0.21735,0.59492,0.29408
-0.91298,1.2259,-0.084223,2.4935,2.0968,0.0079631,3.8897,0.051501
-0.85585,-0.57581,0.98011,0.63754,-7.2903,0.0026943,2.5776,-0.049307
-0.81551,-5.8796,0.086688,2.0571,4.336,0.16934,-0.355,-0.15917
-0.76,3.4886,2.4468,1.2092,6.3653,0.45889,1.0205,-0.1866
-0.74487,2.1291,1.8291,0.11245,5.408,0.33049,2.5791,-0.14242
-0.6265,-0.059926,-0.94583,-0.42662,0.070985,-0.053959,-0.77147,-0.14094
-0.65353,0.57795,-2.4141,0.28268,-2.8254,-0.066069,1.0473,-0.093237
-0.74348,-0.30314,-2.249,1.0987,-5.1894,-0.054755,-3.3212,0.032395
4.4217,2.1446,-1.892,0.74237,5.2155,-0.139,-1.5814,-0.010415
4.3488,1.293,-2.1103,-2.5624,5.1913,0.16051,2.7151,0.40518
-0.84278,1.8719,-0.094322,-0.61559,-6.799,-0.054441,-1.8483,0.26492
-0.78273,-1.8452,-0.80792,-0.59397,-0.14178,-0.11109,-0.74761,0.15455
-0.76665,2.2813,2.1,0.41714,-0.2767,-0.087362,5.8626,0.063353
-0.57108,-0.19829,0.31129,0.7679,-4.8213,0.0037982,2.8348,-0.020418
-0.70909,-3.2728,1.629,-0.20728,6.697,0.45442,-0.65116,-0.1425
-0.76113,3.7124,2.9638,1.4683,5.3758,0.34663,2.1005,-0.17681
-0.76025,1.3993,1.4239,0.024666,-1.2878,-0.041978,3.4745,-0.18725
-0.89172,-4.4148,0.257,0.097643,-7.6066,0.0061598,1.1761,-0.17401
-0.84502,0.37425,2.1589,1.5486,2.7688,-0.023361,-3.2755,-0.10937
-0.73048,0.2102,-0.80605,-1.0095,2.7893,-0.13345,-2.8515,-0.068266
-0.72907,2.4948,-0.014985,-0.12083,3.9762,-0.46945,-4.6526,0.0050639
-0.66426,2.0223,-2.0208,-2.7746,0.69284,-0.19573,-1.7974,0.17645
4.3573,-1.4185,-0.71736,-2.6734,-8.882,-0.070317,-4.1695,0.25859
2.2416,-2.0279,-0.12013,-0.69402,0.6966,-0.27768,-2.2858,0.18777
-0.78617,1.4309,-1.8253,0.0022565,1.0308,-0.32795,0.10707,0.16557
-0.81514,0.78405,-0.89248,1.6838,-2.1418,-0.075034,-1.6834,0.013655
-0.81757,-0.65393,0.55161,0.28526,5.0946,0.29304,3.2587,-0.09477
-0.73518,2.393,1.8426,0.1891,1.427,-0.027455,2.3801,-0.2021
-0.75189,-2.9111,0.39615,0.49914,-7.3843,-0.038256,3.508,-0.16618
-0.75663,-5.7382,-0.41981,1.8984,2.5031,-0.0048975,3.5085,-0.092799
-0.56886,3.1656,0.69341,0.95457,5.7258,0.34889,-1.2035,-0.10278
-0.64996,-0.19354,2.5132,-0.2183,5.2693,0.26443,-0.26389,-0.015867
-0.74107,1.0669,1.0243,0.73576,1.5912,-0.15139,0.94985,-0.020394
-0.73376,2.4497,-2.4916,-1.0328,-3.6108,-0.070799,-1.1276,-0.040156
-0.86893,-0.084863,-2.2565,-0.21014,-6.9212,-0.058548,-5.1915,0.25438
4.3593,3.0513,-3.8207,0.75434,3.8401,-0.39014,-1.416,0.077931
4.3223,0.99426,-1.9027,-0.69387,5.3264,-0.13294,-0.31341,0.16886
-0.78371,2.0024,-0.85254,1.0477,-5.7871,-0.081657,0.24066,0.024242
-0.50301,-0.89339,-0.56328,-0.54774,0.75998,-0.17193,3.9172,-0.038209
-0.67657,0.88229,0.39435,-0.63096,-1.8953,-0.024586,4.1005,-0.11984
-0.75945,-2.3129,1.9441,0.56115,-6.8972,-0.045212,7.6602,-0.22748
-0.76037,-3.362,1.6447,1.8892,6.4558,0.51935,2.4375,-0.18338
-0.87116,3.4793,3.5023,2.2927,4.8363,0.2291,3.4711,-0.13313
-0.87228,0.4955,1.4498,-0.18969,0.95131,-0.0663,2.1834,0.046
-0.73419,-3.4076,0.47927,0.57313,-7.7929,-0.0017081,-3.7407,0.072942
-0.73364,0.7524,0.30744,0.3116,-2.6153,-0.086631,-2.0699,0.10003
-0.22153,0.19004,-0.79234,0.44903,-0.96996,-0.13832,-2.6696,0.20227
-0.5686,1.9156,-0.09208,-0.68177,4.9068,-0.23075,-4.5899,0.17998
4.3611,3.1957,-0.31303,-3.1455,1.1968,-0.031967,-1.3584,0.077299
4.3238,-3.4748,-1.4477,-1.4201,-7.7614,-0.014145,-3.1852,0.1047
-0.75617,-0.085152,-2.2873,0.78119,-0.9124,-0.14198,0.14775,-0.012362
-0.87599,0.59505,-0.89606,-0.13472,2.1667,-0.18317,-3.148,-0.098396
-0.8195,-1.275,-1.201,0.34507,-2.99,0.029552,-0.11679,-0.17457
-0.75913,-2.5355,0.080541,-1.5222,6.5552,0.49789,3.7427,-0.20772
-0.74593,4.4359,3.1174,0.40056,3.0893,0.031021,3.2044,-0.10662
-0.5816,-2.2785,1.4376,-0.93419,-8.2603,-0.015608,5.125,-0.080289
-0.69942,-6.1969,-0.056908,0.40915,0.13638,0.029128,3.0443,0.032809
-0.74767,2.2789,3.8572,0.67732,5.6604,0.33431,-0.21429,0.17511
-0.74169,-0.98391,0.040814,-0.47764,5.6648,0.28522,-1.3674,0.11712
-0.89057,2.3418,-1.206,0.38665,3.3429,-0.13789,-0.55455,0.077591
-0.77279,1.167,-1.425,-1.1089,-3.4402,-0.12924,0.18663,0.19882
4.3668,0.30695,-2.0263,0.038514,-7.0539,-0.099119,-1.2381,0.087545
4.329,2.1219,-1.3285,0.96748,3.4696,-0.29272,-0.16612,0.036411
-0.61492,2.5415,-3.1164,-1.5099,4.1256,-0.24141,-1.5268,-0.049526
-0.67733,-0.9911,-2.0943,0.51261,-5.4641,-0.11414,-1.2827,-0.1443
-0.76673,-1.555,0.24125,-1.6002,3.7053,0.043349,2.9798,-0.19989
-0.76962,1.6314,0.55163,-0.22147,-1.4694,-0.039417,4.2719,-0.17445
-0.97833,-4.5019,-0.23985,1.6148,-7.7377,-0.0056291,2.9106,-0.12273
-0.88038,-2.4246,1.8668,1.2479,6.5187,0.53076,-1.5091,-0.0064966
-0.65885,4.1593,-2.2727,0.99049,6.0601,0.38787,2.6055,0.00085341
-0.73566,-0.83618,-0.24093,-1.1399,3.6948,0.090954,-0.2126,0.16835
-0.72045,0.014312,0.66043,0.53346,-8.1866,-0.06587,-1.3677,0.16959
-0.51777,1.2755,1.5823,0.21414,-6.603,-0.081798,-1.6882,0.074305
-0.67043,2.2194,0.066722,0.54621,-2.7966,-0.13169,-1.5369,0.064594
-0.72696,1.6239,-2.0546,0.66851,5.7648,0.0018216,-6.077,0.053034
4.3362,1.8543,-4.2927,-1.8968,2.3398,-0.048735,0.10239,-0.038306
4.3337,-1.7321,-0.15335,-1.6922,-7.6601,-0.020941,-0.99729,-0.12612
-0.80307,-1.66,-3.4599,-0.61719,0.32528,-0.089185,2.9513,-0.23121
-0.76383,-1.6449,-3.0382,1.142,-0.058876,-0.088492,-0.79808,-0.15379
-0.76394,-2.8517,-2.3802,0.98998,-2.2744,0.030142,1.2109,-0.057022
-0.50992,-2.8094,-0.2813,0.40369,6.3523,0.46959,3.2198,-0.013287
-0.61563,3.998,2.7099,1.6907,3.8258,0.11872,2.7292,-0.050986
-0.75203,-0.31408,0.89831,-0.4148,-4.8158,-0.0098069,-1.6745,0.032006
-0.75232,-2.7243,-0.37477,0.63224,-2.0478,-0.028514,5.0879,0.15107
-0.77311,1.7536,2.1754,-0.30259,5.2083,0.31356,-2.181,0.22272
-0.79364,-0.36303,-1.4871,0.52476,4.8936,0.22939,0.4583,0.071166
-0.72534,4.2123,-0.19423,0.48789,4.4195,-0.018933,-1.1649,0.045148
-0.72079,1.4229,-3.8529,-0.88777,-0.72759,-0.0028247,-1.0524,-0.012338
4.3466,-0.4269,-2.8174,-1.9284,-6.8474,-0.01908,-0.79585,-0.06756
4.318,1.7637,-1.5788,-0.29693,2.598,-0.38117,0.33274,-0.18404
-0.77658,1.2998,-0.16671,-0.74801,4.2322,-0.004397,-1.6164,-0.20514
-0.77058,-2.2716,-3.7852,1.3625,-2.1451,-0.095904,0.39985,-0.1615
-0.81402,-2.4816,-1.662,-1.8042,3.9971,0.14371,1.9423,-0.085059
-0.86758,0.59841,-0.70943,-0.27052,-1.9885,-0.046823,3.8018,0.11768
-0.77751,-5.1083,0.72896,2.2529,-6.8554,-0.027076,2.4106,0.098959
-0.7393,-2.5014,0.85823,1.3109,5.7062,0.40576,-1.5616,0.22043
-0.72964,4.5747,-0.10685,1.1337,6.4409,0.46816,0.5087,0.12206
-0.58675,-0.61479,-0.29221,0.21187,4.1464,0.15116,1.0936,0.19597
-0.68269,2.3989,-1.9519,-0.62103,-2.7775,-0.088864,-4.2266,0.12072
-0.73069,1.5345,0.32316,0.35439,-4.8429,-0.093305,-1.605,0.030862
-0.72507,1.4481,-0.3889,0.22546,-4.6929,-0.081259,-4.3961,-0.051935
4.3476,1.6862,-3.1063,2.7627,5.426,-0.3204,-5.0814,-0.1021
4.3246,2.4063,-2.319,-2.7755,1.5188,-0.090655,1.6793,-0.18665
-0.77218,-0.59789,0.05444,-1.6717,-6.8862,-0.045206,-2.5823,-0.19283
-0.75969,-0.89621,0.83499,0.2784,0.84009,-0.12408,-0.00044896,-0.099735
-0.57142,-2.293,-1.0401,-0.17541,-3.2709,-0.11281,-0.45043,0.097426
-0.69837,-3.9441,-1.4924,1.2387,-2.9816,-0.038615,0.8948,0.22647
-0.76572,-1.3918,0.79895,-0.2944,6.655,0.48884,1.9553,0.16105
-0.75696,4.292,4.6593,0.84588,4.7336,0.27313,2.6969,0.15924
-0.82989,-0.71187,3.4932,0.46731,-3.8076,-0.045527,2.8393,0.23313
-0.81152,-0.84184,2.2272,0.90196,-5.2091,-0.050288,2.7941,0.15523
-0.72614,0.50746,5.5299,1.2851,2.5021,-0.060293,-2.8592,0.061601
-0.72509,1.1383,2.1868,-1.3907,2.6184,-0.16268,-3.9007,-0.047603
-0.47346,3.2742,1.8896,0.62746,5.0059,-0.32673,-2.0342,-0.12281
4.3445,2.5883,-0.079392,-3.8544,-2.8752,-0.046027,1.9013,-0.179
4.321,-5.826,-3.8948,-1.782,-7.1779,-0.027147,-2.1055,-0.26681
-0.79671,-1.7011,-4.9636,-1.57,0.75261,-0.30025,-2.3675,-0.13257
-0.71258,1.1811,-0.36705,-0.42471,1.1224,-0.26343,-0.4479,-0.090462
-1.0098,-0.11524,-0.20699,-0.68273,-0.34483,-0.068225,0.86066,0.098838
-0.76823,-1.0761,0.038026,-0.9795,5.5433,0.37784,0.78371,0.24793
-0.76244,0.0095791,-0.23139,-0.041002,0.37001,-0.019645,2.7467,0.36368
-0.76301,-2.1081,-0.48725,0.13274,-8.7529,-0.019562,3.7005,0.05464
-0.57334,-4.0625,-0.41771,2.3585,2.2266,-0.091328,1.4617,0.098789
-0.69878,4.3421,1.7638,1.0269,5.5863,0.36422,-2.0073,0.12386
-0.75355,1.6835,1.1389,0.24272,4.9298,0.21832,0.87221,0.012317
-0.74822,2.5308,0.18282,-0.23635,2.7861,-0.15835,1.8088,-0.064153
-0.83843,2.0854,-2.1217,-0.22716,-3.9022,-0.054582,0.20605,-0.1269
4.3686,-0.79221,-0.69051,-1.0623,-6.4947,-0.051617,-4.0947,-0.19473
4.3296,1.5396,-1.5839,0.23153,3.895,-0.40585,1.6767,-0.1561
-1.203,0.092487,-3.7972,-1.3116,3.7351,-0.12091,-0.53457,-0.075811
-0.53145,-0.017753,-0.23773,0.7382,-5.0873,-0.12564,-5.6111,0.069365
-0.63645,-4.4105,-4.0953,-0.87659,2.233,-0.15354,0.77367,0.072285
-0.79117,0.41752,-0.22159,2.0612,-2.2781,0.016197,7.1033,0.29829
-0.78577,-3.4603,0.40322,0.81617,-6.0499,0.010062,3.4931,0.31372
-0.88242,-1.4821,2.8374,2.3839,6.0425,0.42555,4.1839,0.19254
-0.8281,4.6932,1.3599,2.3623,5.6013,0.34139,2.9859,0.062623
-0.77787,1.7005,0.6635,-0.13074,1.9148,-0.016205,3.0027,0.022636
-0.74947,0.85482,1.0985,0.56365,-4.5841,-0.011309,0.14049,-0.071893
-0.74053,2.0281,0.70795,-0.43304,-5.3773,-0.089114,-3.588,-0.10769
-0.63495,0.94447,0.5787,3.049,-3.0539,-0.091835,-1.4679,-0.15355
-0.71638,0.96097,0.63725,0.50401,5.0472,-0.43439,-5.1673,-0.16489
4.3227,2.2312,-0.68283,-1.8238,-0.09531,-0.085918,-1.3164,-0.10966
4.303,-1.9746,0.16545,-2.5154,-8.6035,0.0020783,-2.4315,-0.066149
-0.90601,-2.3213,-2.0325,0.029965,-2.2717,-0.16059,2.3065,0.063402
-0.7379,-0.84008,-4.1733,2.0664,-0.4358,-0.12975,-1.2031,0.032931
-0.78366,-1.9635,-2.4371,1.0199,-2.4707,-0.027962,-0.83075,0.23766
-0.77512,0.54108,-0.15836,-2.0176,5.8143,0.41974,1.6875,0.12597
-0.63014,5.4804,4.3494,1.3808,3.5503,0.057667,3.7023,0.16426
-0.76554,-1.3207,-1.1179,0.1282,-6.2026,-0.015538,3.9557,0.052085
-0.77655,-3.2612,0.27905,1.3197,-1.6029,0.034397,4.8023,-0.020004
-0.77154,2.5126,3.3877,0.29557,5.1668,0.27577,-0.3506,-0.090852
-0.95768,-1.7714,1.9473,0.092871,4.6908,0.16843,-1.0023,-0.1836
-0.73696,2.0304,0.63227,-0.15808,3.8136,-0.17753,-1.5366,-0.18438
-0.73601,1.4314,-2.4129,-0.72322,-2.4666,-0.085642,-0.88217,-0.14155
4.3446,-1.402,-1.6372,-0.88358,-7.5071,-0.09369,-4.0659,-0.093626
4.3321,1.1423,-2.0814,-0.043006,2.9466,-0.27634,-1.2175,0.054372
-0.70368,0.15111,-0.77037,-0.99478,3.7482,-0.236,0.43822,0.13569
-0.84206,-1.1411,-2.1233,1.2326,-4.0191,-0.022623,0.083344,0.13851
-0.79929,0.050539,0.76227,-1.3425,3.9793,0.080936,0.37032,0.38118
-1.1156,2.3241,-0.41508,0.29102,-0.33806,-0.029643,3.4997,0.20738
-0.85665,-2.4981,0.65466,0.61092,-8.7113,0.0092594,6.8378,0.091025
-0.78482,-1.8572,2.0165,0.27364,5.5689,0.36947,2.3873,-0.00092325
-0.76186,5.0291,2.6236,0.04308,5.7592,0.4025,1.559,-0.11604
-0.74824,-1.418,0.27128,-0.43497,4.5573,0.23614,1.519,-0.15432
-0.65299,0.70663,0.35377,0.87784,-4.331,-0.03341,0.2244,-0.19947
-0.72105,0.27925,-0.32915,-0.78803,-5.6564,-0.091348,1.0375,-0.12617
-0.75066,-0.45462,0.46546,-0.17768,-3.3799,-0.077601,-2.9671,-0.14001
4.3182,2.1047,-0.68332,0.69028,5.0366,-0.20867,-4.3891,-0.061013
4.3458,0.5751,0.20984,-0.43219,0.6168,-0.16381,-0.91873,0.27507
-0.83691,-0.44196,1.0239,-1.1456,-7.4181,-0.03839,-3.5169,0.19178
-0.78798,-2.8405,-2.5265,0.16619,-0.58545,-0.12271,-1.0923,0.18911
-0.77976,0.36482,0.24274,-0.26595,-2.3832,-0.054851,3.5208,0.10237
-0.49625,-2.044,-1.9915,-0.030006,-3.3548,-0.01109,0.72971,0.17358
-0.73882,0.58035,0.55782,-0.0045389,6.4261,0.46459,-0.63185,0.12838
-0.77362,5.4995,2.1373,0.24435,4.5665,0.24647,3.1826,-0.070311
-0.77752,-0.51482,4.493,-0.43586,-4.6461,0.0067566,1.9652,-0.12225
-0.91833,-2.0641,1.1422,1.4213,-4.6779,0.024886,3.7488,-0.1919
-0.82077,0.89844,5.8095,0.49747,3.1202,0.016056,-2.0911,-0.17148
-0.73492,-0.187,1.7024,-0.46957,2.7736,-0.1194,-2.0133,-0.13498
-0.73677,2.9521,0.10629,0.41914,4.3873,-0.56745,-1.9153,-0.063666
-0.51738,0.83312,-2.7784,-2.0751,-5.9497,-0.071113,-2.5326,0.079513
4.3549,-2.0965,-0.7991,0.099685,-8.532,-0.10119,-5.4357,0.20417
4.4666,-0.35218,-0.90337,-1.0999,1.3329,-0.46022,-0.7626,0.19436
-0.80155,0.31889,-3.2262,0.52126,1.4132,-0.32112,-1.4347,0.34258
-0.86915,0.30346,-2.2296,1.1068,-1.8453,-0.12113,1.2968,0.14248
-0.8812,0.1783,0.074797,-2.5578,4.9722,0.25157,-0.81106,0.075133
-0.7284,1.2966,0.4213,0.66446,0.10259,0.0040998,4.6388,-0.04736
-0.76211,-2.5733,0.673,0.58989,-9.1269,0.00092312,2.0938,-0.10178
-0.75979,-1.7225,2.0885,0.15371,4.6067,0.27105,0.77651,-0.095452
-0.5865,3.4488,-1.1216,-0.85205,6.5079,0.40889,1.1536,-0.19733
-0.67857,-1.9611,0.88946,0.4985,4.903,0.21034,4.1103,-0.12789
-0.75301,1.3685,-2.3961,-1.0974,-0.76434,-0.099774,0.25006,-0.1119
-0.74999,1.6402,-0.73561,-0.17938,-5.4702,-0.048864,-1.3387,-0.062011
-0.96141,-1.0659,-0.70336,-0.43297,-4.7624,-0.061442,-2.3025,0.19704
4.3499,2.1177,-3.7841,1.2164,4.6734,-0.25391,-2.8,0.068099
4.321,0.86317,-3.1672,-1.6231,2.695,-0.086733,-2.8313,0.23491
-0.78935,0.81554,-0.83713,-0.22641,-6.8397,-0.013535,-2.456,0.074013
-0.60004,1.3783,0.22299,-0.13989,0.72539,-0.096655,0.013891,0.035681
-0.74855,0.35317,-1.2715,1.9025,-3.2099,0.023089,2.8882,0.011781
-0.77923,-3.8186,-0.0060233,-0.48294,-3.868,0.042945,1.1375,-0.14087
-0.77874,-1.9363,2.2065,-0.1555,6.9411,0.55899,-1.1673,-0.15445
-0.89407,3.877,3.4073,0.8029,5.2088,0.32087,5.0613,-0.19163
-0.89452,0.022789,-0.70575,-0.96696,-2.9915,-0.028777,3.0146,-0.19762
-0.74054,-1.3473,-1.2488,0.76632,-5.5723,-0.018169,2.3862,-0.054929
-0.74749,-2.0568,4.6763,0.84531,0.37299,-0.074752,-2.222,0.0082521
-0.4995,0.23154,1.0065,-0.83433,-0.31968,-0.13316,-3.7859,0.11239
-0.53966,2.7457,-0.31319,0.58899,5.3949,-0.20604,-3.7981,0.14116
4.3573,2.1672,-3.3402,-2.6296,-4.2309,-0.087118,3.0018,0.074938
4.3228,-1.3955,-1.3009,-1.6718,-8.0998,-0.058561,-2.5314,0.22189
-0.85902,0.40578,-2.3451,-0.42442,0.47093,-0.24751,-1.7279,0.13252
-1.0586,0.8025,-0.1525,-0.31479,1.2074,-0.15162,3.6229,0.024729
-0.86404,0.15255,-1.6224,1.6739,-1.9269,-0.020954,2.2716,-0.084134
-0.77259,0.030534,0.86266,-2.3456,6.2045,0.46747,4.5963,-0.17314
-0.76151,4.108,2.4797,0.049433,0.60997,-0.046573,5.0535,-0.10891
-0.61761,-5.6092,1.7687,1.1623,-8.8898,-0.0090946,2.5783,-0.22697
-0.7262,-3.3254,3.0883,2.5595,1.7021,0.012731,3.212,-0.13444
-0.75902,1.7466,-0.016006,1.3238,6.0024,0.35306,-0.28897,-0.010683
-0.75564,-0.24703,0.69892,-0.28182,5.1609,0.22091,0.076389,-0.00094759
-0.83553,1.3859,-1.3407,0.69981,3.7782,-0.11709,0.57745,0.042009
-0.83138,1.242,-3.0401,-1.2306,-7.0336,-0.044269,1.3588,0.18185
4.3624,-0.49769,-1.9862,0.071386,-5.2921,-0.075471,-4.339,0.10813
4.328,0.080831,-3.1247,1.0821,4.0139,-0.40629,-2.1493,0.22479
-0.66978,1.6206,-3.7579,-1.3651,2.295,-0.28873,1.0063,0.084989
-0.7249,0.9458,-1.2755,-1.2843,-4.7134,-0.029175,-2.3634,-0.020759
-0.78127,-0.32704,0.25495,-0.065396,3.4251,0.011005,1.7454,-0.12875
-0.78504,1.5347,-0.22686,1.4531,-1.8904,-0.020614,4.8786,-0.21536
-0.86372,-4.6883,-0.46747,1.1013,-6.6869,0.024937,0.85367,-0.30035
-0.85384,-2.2463,3.0358,1.5406,6.8732,0.51002,-2.279,-0.17151
-0.68281,4.0803,-0.38015,-0.64965,6.0368,0.41635,2.2447,-0.082918
-0.74611,-3.8076,1.4413,-0.57671,3.123,-0.010359,1.7415,0.056027
-0.60022,-0.93772,0.38263,0.13928,-7.0826,-0.026826,-2.5862,0.12741
-0.5482,0.16648,2.1012,-0.51229,-4.6153,-0.079142,-5.3551,0.046682
-0.72726,1.6164,1.1485,0.24085,-2.1118,-0.061628,-3.1314,0.098643
-0.74917,2.7541,-0.78098,-0.25919,5.5696,-0.076985,-4.3259,0.19483
4.3314,2.001,-4.7854,-2.0432,0.53062,-0.062135,-1.0129,0.066201
-0.58651,-0.66363,0.25138,-1.4713,-7.7643,-0.035207,-0.95055,0.02451
-0.75311,-3.9665,-3.7774,-0.068087,-0.53596,-0.18683,-0.57636,-0.096815
-0.76902,-0.58758,-2.9843,1.1214,-2.4528,-0.032101,-0.093303,-0.15364
-0.77101,-3.0559,-3.0471,0.69967,-2.4052,-0.052053,2.1569,-0.12244
-0.51119,-1.7898,0.92535,1.3376,6.2694,0.45022,2.1567,-0.16501
-0.70559,3.2132,3.0024,0.88921,2.6843,0.029975,2.683,-0.060259
-0.76267,-1.7235,1.3582,-1.1233,-6.7366,-0.02406,2.9646,-0.065735
-0.76233,-1.5551,-0.15474,0.36083,-0.55799,-0.010596,3.6289,0.02249
-0.92046,0.85099,2.9377,1.0881,5.1083,0.25674,-0.97852,0.1978
-0.80665,0.21542,-1.2144,-1.2605,4.1615,0.13379,-0.39968,0.058753
-0.72745,4.2403,0.33369,0.43517,5.1909,0.0055566,-0.99192,0.068951
-0.72749,1.9817,-3.9283,-1.3434,-4.1975,-0.05541,-1.1884,0.1552
4.3501,-0.44565,-3.5849,-1.7931,-8.1554,-0.11696,-2.7864,-0.00026613
4.3116,2.0467,-2.3113,0.10981,2.5912,-0.46559,1.5117,-0.065346
-0.79611,0.92387,0.49513,-0.58604,4.0922,-0.043216,0.37864,-0.16382
-0.77762,-0.57588,-0.73024,1.4764,-1.9366,-0.02716,-0.89188,-0.14201
-0.89971,-2.0537,-1.758,-0.96037,3.9707,0.12913,3.001,-0.14391
-0.90928,1.2503,-1.9317,0.20687,-1.9673,0.0053512,4.824,-0.079437
-0.79156,-6.5758,-0.81572,1.5188,-8.0858,-0.029342,3.7979,-0.04753
-0.74748,-1.1291,1.5922,1.7627,5.8195,0.39213,0.29026,0.064984
-0.73488,3.3282,-1.8476,1.1069,5.782,0.36188,1.5082,0.26312
-0.507,-2.0016,-0.85235,-1.8885,3.905,0.13723,-0.46262,0.20283
-0.71124,1.9234,-0.89779,0.20439,-4.0843,-0.15308,-1.2731,0.20777
-0.73842,1.2676,-2.2108,-1.1273,-5.3854,-0.062334,-3.2448,0.16226
-0.74537,1.3801,0.52738,1.2437,-5.1784,-0.12172,-5.6698,-0.021148
4.334,2.7545,-1.9916,2.3819,4.8094,-0.43216,-4.1359,-0.028303
4.3026,1.8983,-4.3855,-1.5395,0.34147,-0.16593,-2.228,-0.12361
-0.79063,-1.8154,-1.3925,-1.5521,-7.0397,-0.074085,-3.3307,-0.18854
-0.77543,-0.93171,0.037146,1.0495,1.0881,-0.10581,0.89743,-0.11161
-0.62233,-0.93888,-1.5719,-0.52747,-4.4831,-0.0081512,0.17644,-0.069751
-0.67524,-5.0915,-0.29855,0.47575,-2.6838,0.015632,0.98481,-0.075543
-0.78018,-1.5848,1.32,-0.22822,6.3327,0.43779,2.0795,0.044394
-0.7788,4.2326,3.1773,0.58305,4.6438,0.25786,3.4444,0.073453
-0.97222,-0.24097,-0.050394,-0.28176,-4.9932,-0.011026,2.3056,0.24915
-0.76904,0.68025,1.0558,-0.19663,-5.4046,0.00077552,3.8225,0.26735
-0.74455,0.035505,4.042,1.9333,1.3442,-0.080284,-1.1199,0.16406
-0.73581,0.77679,1.6359,-0.38454,2.5831,-0.19164,-3.7018,0.01256
-0.65001,4.0018,1.3742,-0.098043,5.1863,-0.31683,-2.892,-0.0067643
4.3295,3.2523,-1.1121,-3.3015,-5.722,-0.039809,2.1629,-0.085911
4.2967,-4.8898,-3.3531,-1.2259,-7.4485,-0.030503,-4.1164,-0.2417
-0.81297,0.41936,-4.5382,-0.38194,0.66281,-0.39183,-3.4235,-0.1846
-0.93964,-0.2948,-0.16827,1.5027,0.167,-0.23537,1.3501,-0.14503
-0.87487,1.7338,1.0599,-0.30419,-0.9518,-0.015596,-0.97974,-0.046435
-0.74038,-1.2206,1.5746,-1.3644,5.0559,0.24472,1.8522,0.11799
-0.77235,0.87839,-0.47027,0.41949,-1.4807,-0.044962,3.949,0.15598
-0.77512,-4.3193,-1.4573,1.0274,-8.7826,0.031124,4.8088,0.046852
-0.57993,-1.4751,-0.72429,1.7379,3.1732,0.02409,2.9148,0.15391
-0.763,3.5131,2.2035,0.8814,5.4045,0.30445,1.108,0.24613
-0.77043,0.065656,-1.7619,-0.37272,4.9072,0.27664,1.9227,0.18765
-0.7637,3.7751,0.1519,0.69127,3.3403,-0.054344,0.35334,-0.01852
-0.91838,1.3192,-2.2296,-1.4134,-7.2283,-0.02406,0.86996,-0.046751
4.2962,-0.41585,0.11159,-0.79309,-5.231,-0.097804,-2.5303,-0.13201
4.3099,1.5779,-1.8055,1.6483,5.298,-0.17833,-5.507,-0.20422
-0.89437,0.74012,-4.2802,-0.29868,0.62105,-0.19267,-2.7913,-0.12989
-0.52631,-1.2275,-0.78045,-1.2902,-5.7287,-0.067475,-3.008,-0.13461
-0.72217,-2.8825,-1.3172,-0.14462,1.5649,-0.11691,2.5712,-0.039961
-0.79993,-1.8119,0.51917,2.1379,-3.8581,-0.019895,4.1658,0.16083
-0.79569,-6.1683,0.34828,0.35078,-3.0666,0.034718,1.1528,0.23379
-0.87568,-0.89443,1.4421,-0.33511,6.7801,0.50605,-6.3511,0.25613
-0.89912,3.4103,2.6164,0.52623,5.0761,0.32634,2.695,0.096015
-0.77102,-0.26625,1.7892,-0.2563,-1.034,-0.035592,2.5965,0.18945
-0.76032,2.397,1.1644,0.36446,-4.8552,-0.056424,-1.6726,0.048872
-0.44677,-0.59553,2.1522,0.96443,-5.0792,-0.06983,-4.9119,-0.034899
-0.58053,2.2298,2.306,-1.2668,-0.20642,-0.14921,-2.0912,-0.07917
-0.76427,2.6947,-0.82217,0.19372,6.1269,-0.11523,-3.3418,-0.17087
4.322,0.60389,-2.0162,-1.9194,-4.8143,-0.066814,-2.7065,-0.17224
4.2975,-1.732,-1.7792,-2.1184,-7.0117,-0.052342,-2.9844,-0.14337
-0.95158,-0.71276,-2.7953,-0.28862,-0.28842,-0.20506,-0.15813,-0.058726
-0.80617,1.9988,-0.10576,-0.66441,-2.8125,-0.04355,3.0557,-0.05269
-0.78262,-2.9028,-0.62024,1.8079,-0.53429,0.0056656,1.6605,0.23416
-0.76688,1.1026,0.7717,-0.83663,6.5321,0.49649,0.26526,0.097037
-0.63713,3.1005,1.0447,0.52541,1.7186,0.004626,4.4886,0.21624
-0.73294,-2.9381,0.39175,-1.2575,-8.1119,0.035327,3.6695,0.17446
-0.77437,-2.3509,2.1099,1.6933,3.0482,0.015703,3.2819,0.15338
-0.76967,1.0329,3.9493,-0.57445,5.2839,0.31485,-2.5837,-0.0084437
-0.89639,0.45925,1.7866,-1.2644,4.4104,0.13973,0.36539,-0.077904
-0.75031,1.1725,0.21794,0.9025,5.8491,0.12105,-0.8361,-0.16097
4.3205,1.7314,-1.8436,-1.62,-7.863,-0.050526,2.2393,-0.17706
4.3144,-1.7888,-1.4993,-0.80664,-5.2911,-0.045905,-1.9053,-0.12388
4.2978,-1.0919,-4.9058,0.024839,3.8103,-0.37427,-1.571,-0.11037
-0.69682,1.0496,0.15279,0.20779,2.4985,-0.21855,-3.084,-0.025139
-0.82605,-1.415,-2.5185,-0.50733,-2.0241,-0.053857,-1.9121,0.034172
-0.82218,-2.1587,-0.98665,-0.091698,3.2031,0.011268,2.0765,0.44183
-0.93197,2.3474,-0.52799,0.77513,-2.4625,-0.025639,5.9974,0.23138
-0.88945,-3.9938,-0.41653,0.024165,-7.2327,-0.0081063,3.3139,0.18293
-0.71549,-0.90606,2.9534,0.49069,6.1865,0.40053,1.5751,0.1874
-0.77685,3.5642,5.8131,0.20882,4.9281,0.25702,2.481,0.039186
-0.52975,-0.38913,0.95142,1.9558,3.0511,0.021234,3.1673,-0.073109
-0.56891,1.4744,1.8887,-0.85758,-3.6965,-0.073443,-1.6879,-0.13408
-0.82129,-0.52495,3.424,-1.5385,-6.1893,-0.09412,-3.2935,-0.12356
-0.76847,-0.68977,3.4093,0.11963,0.091203,-0.091174,-3.4056,-0.21709
4.3682,3.1642,-1.0644,-0.12981,6.1482,-0.078731,-3.7379,-0.083307
4.3184,1.3818,0.22561,-1.6214,-4.7824,-0.074951,2.1812,0.034464
-0.84583,-1.5291,-0.65423,-1.614,-6.2706,-0.058118,-3.9272,0.076471
-0.80218,-3.4878,-1.3969,0.47926,-0.20611,-0.11688,-0.2855,0.11682
-0.80248,-0.096609,-1.8997,-0.11277,-2.4135,0.0156,1.8988,0.11595
-0.63978,-4.0915,-2.326,0.31314,-0.49843,0.015382,2.5904,0.36359
-0.7022,1.6361,-0.36705,-1.7312,6.3748,0.47559,0.57581,0.34263
-0.79921,5.6828,1.4406,-0.26314,3.6346,0.11707,5.1783,0.099714
-0.79228,-2.3545,1.4154,-0.48016,-6.4749,0.032869,5.1703,-0.029374
-1.0023,-1.3799,2.8953,0.93327,0.49278,0.012828,1.665,-0.1166
-0.81243,0.89052,3.8805,0.61791,3.3129,0.021215,-1.751,-0.1708
-0.76019,0.83761,-0.7204,-0.99697,3.4246,-0.077691,-1.2325,-0.14727
-0.75857,1.0042,-1.0277,0.38789,5.8536,-0.16988,-2.0498,-0.12342
4.3367,0.69338,-0.92016,-0.90051,-7.0709,-0.06064,-2.0102,-0.083964
4.316,-4.3871,-2.8403,-0.66344,-7.1066,-0.10567,-4.0308,0.043858
-0.85295,0.56426,-3.0745,-1.892,2.1457,-0.702,-1.0545,0.10706
-0.83167,0.77513,-1.7259,0.39313,0.55039,-0.19953,-0.59269,0.16272
-1.021,-1.3602,-2.6679,0.18045,-0.48566,-0.074572,0.18758,0.17952
-0.91558,-0.024432,-2.1296,0.16555,4.2923,0.12429,0.98395,0.24409
-0.82943,3.1424,-0.66788,0.087675,-2.0736,-0.058991,3.7957,0.16888
-0.79515,-4.4631,0.78624,0.037409,-7.0827,0.010761,0.35098,0.002265
-0.77648,1.0561,2.7355,0.10956,5.6651,0.36664,-1.0279,-0.056998
-0.63808,2.7202,2.2631,-0.5921,5.7136,0.35211,0.44522,-0.17221
-0.79469,-0.2819,0.21094,-0.41578,4.2361,0.11055,-0.90348,-0.19217
-0.78123,1.2694,1.0197,-0.10884,1.0597,-0.13836,-0.17781,-0.1689
-0.78009,0.4483,0.64462,-2.0402,-8.1205,-0.12145,-2.6669,-0.072696
-0.88367,0.31959,1.2915,0.18989,-3.6119,-0.088485,-3.7728,0.028793
4.3191,0.87608,-2.2096,1.0089,5.2341,-0.37177,-4.5309,0.010564
4.2919,0.9333,-4.4474,-1.0648,-2.985,-0.13911,-0.53592,0.20687
-0.80666,-2.4608,-0.65105,-0.78326,-7.4204,-0.10452,-3.1931,0.083554
-0.63625,0.70743,-1.3927,0.05698,0.34883,-0.17257,1.9696,0.075936
-0.65674,-0.54546,-2.4059,0.8907,-3.8916,0.020567,-1.3966,0.1958
-0.81225,-5.0803,-1.1637,0.87246,-3.0984,0.039351,2.9042,0.056368
-0.81089,0.28548,0.73566,0.3185,6.6156,0.50553,-1.8831,-0.042857
-0.94981,5.7649,1.4104,0.014325,3.9641,0.12371,4.8416,-0.11721
-0.78375,-2.1328,0.76102,0.27134,-3.6712,0.019328,1.9221,-0.22486
-0.7652,0.91346,-1.4341,0.12416,-4.0172,-0.035413,2.7846,-0.17185
-0.76986,-2.7719,4.9585,-0.076874,-0.66262,-0.065068,-0.77249,-0.10229
-0.55689,-0.68716,1.0713,-0.81759,1.4377,-0.10031,-3.0415,-0.039791
-0.61854,2.7329,-1.3193,1.6296,5.7161,-0.2209,-0.97971,0.024607
4.327,1.1921,-3.9834,-1.0165,-5.6319,-0.039417,2.0693,0.01385
4.3018,-2.3616,-3.0838,-1.086,-8.4575,-0.037601,-1.7857,0.24701
-0.92092,3.3753,0.17298,-0.30577,-0.82169,-0.35397,-2.4989,0.18064
-0.96762,1.3964,-2.0369,0.91532,0.82419,-0.1351,4.4892,0.11612
-0.81872,-1.5144,-0.26871,1.6857,-1.8155,-0.030317,0.97335,0.16036
-0.79741,1.225,0.28217,-1.3392,5.9384,0.42212,2.5941,-0.020686
-0.79921,3.3918,0.75576,1.0395,-0.53239,0.0081428,4.8058,-0.07401
-0.659,-2.6609,1.8284,0.16655,-7.982,-0.022353,-1.0563,-0.20487
-0.7769,-1.5169,3.7835,1.6358,2.819,-0.022347,1.2137,-0.18723
-0.78448,0.67353,-3.1219,0.93823,5.9908,0.39072,-0.57754,-0.1839
-0.78571,0.57153,1.4611,-0.81625,4.9426,0.19318,-0.050918,-0.089586
-0.90734,0.8306,0.27539,-1.4753,3.9114,-0.11111,-0.017377,-0.046727
-0.83036,0.35403,-1.9727,-1.1548,-6.5168,-0.026576,-0.56426,0.084941
4.3402,-0.096429,-2.2192,0.88942,-5.4946,-0.033642,-4.0899,0.048069
4.3154,-0.042863,-3.0643,-0.048285,4.3627,-0.36851,-2.2576,0.28033
-0.48145,1.806,-4.2114,-0.39352,1.4998,-0.2338,-0.63529,0.21637
-0.76487,-1.3723,-2.6804,-0.69421,-4.3747,-0.032993,-3.4705,0.13612
-0.81824,-0.68226,-1.8642,0.34611,2.081,-0.10632,1.5076,0.010443
-0.80638,1.3133,-0.55257,0.59166,-2.0656,-0.0023626,1.5962,-0.11792
-0.95348,-4.2189,-0.88213,-0.07083,-4.1858,0.039518,0.16423,-0.21298
-0.82127,-1.983,4.1147,0.98324,6.6183,0.47007,-2.6888,-0.20164
-0.77911,3.0488,4.4231,0.29351,5.3419,0.28037,4.0345,-0.19833
-0.77169,-3.1637,1.0989,-1.0098,1.6885,-0.025851,3.7777,-0.079024
-0.58282,0.28354,2.7219,0.16102,-6.1449,-0.0052698,-2.6462,-0.0049147
-0.61852,-1.029,4.6006,-0.64376,-4.8617,-0.07728,-5.0703,-0.028255
-0.79378,0.12321,1.1277,-2.0294,0.35069,-0.072532,-3.9589,0.094092
4.3314,3.0697,-1.3263,1.6101,6.1381,-0.03273,-1.4654,0.19996
4.2937,2.9991,-1.0225,-3.6112,-2.7108,0.00099371,1.0382,0.13668
-0.8682,-0.093237,-1.1549,-0.74585,-6.0057,-0.02716,0.29941,0.19972
-0.80723,-2.7319,-3.3682,0.8795,0.60562,-0.12573,-2.9281,0.074354
-0.8172,2.9941,-0.33902,0.68918,-3.0251,-0.056199,1.3352,-0.05028
-0.80937,-2.0352,-0.8179,0.034262,0.86956,-0.054023,1.4409,-0.085911
-0.7538,0.49736,1.4328,-0.56774,6.4807,0.48956,2.2786,-0.23771
-0.80067,3.5945,0.75073,-1.0131,1.5161,-0.0039991,3.8495,-0.15902
-0.80486,-4.0073,-0.58597,-0.11585,-8.103,-0.016308,5.1044,-0.14946
-0.80776,-1.8858,1.0613,0.78532,1.8392,0.044613,2.4651,-0.05157
-0.96558,1.407,3.3064,0.55048,4.8664,0.2471,-2.8078,0.07136
-0.8183,0.76365,-1.608,-1.521,4.6378,0.20798,0.83428,0.0076437
-0.76834,2.0878,-1.5253,0.71171,5.6961,0.13146,0.22701,0.050551
-0.7705,1.893,-2.4543,-1.8531,-6.7844,-0.004827,2.0091,0.23623
4.3157,-1.3648,-0.22547,-0.10133,-6.4377,-0.083852,-5.0171,0.14457
4.2778,1.8261,-2.9991,1.9083,3.6732,-0.35288,1.3022,0.12074
-0.82603,-0.28656,1.6079,-1.5827,2.6331,-0.10968,0.70912,-0.030615
-0.82044,-1.2153,-1.594,1.2899,-1.5701,-0.019844,-0.58621,-0.087201
-0.93876,-0.6417,-3.4704,-0.6575,4.9929,0.28293,2.1697,-0.16394
-0.94163,2.8624,0.94047,0.17074,-3.7617,0.04899,6.3134,-0.20037
-0.8132,-6.6555,2.2491,0.19426,-4.1253,0.049747,1.9791,-0.19076
-0.78569,-0.37722,3.0271,0.073043,6.3844,0.49983,-2.5961,-0.05875
-0.68116,2.5409,1.6114,1.0941,6.0681,0.39988,2.7211,0.03371
-0.47888,-1.0271,-0.99242,-1.1747,3.3779,0.022402,0.17025,0.077737
-0.81244,0.50386,0.18665,1.2179,-3.2286,-0.098657,0.14422,0.15827
-0.77801,-0.22117,-1.7526,-2.5611,-6.134,-0.045276,-2.7885,0.24591
-0.7721,1.3075,1.176,0.56391,-1.9113,-0.12389,-4.1773,0.010199
4.3074,1.8281,-1.7281,0.3742,6.1558,-0.14134,-5.3867,0.051111
4.273,2.4443,-5.464,-2.8154,-2.4333,-0.10784,0.90296,0.022831
-0.82411,-2.346,-0.27162,-0.73407,-6.5216,-0.024349,-2.2846,-0.083623
-0.8149,0.79573,0.10267,0.35421,-0.11173,-0.14502,4.231,-0.1046
-0.66018,-0.2472,-0.44845,1.2073,-4.4026,-0.008947,2.1181,-0.21748
-0.69609,-5.8939,-0.59273,0.085947,-0.38908,-0.029939,2.5897,-0.17966
-0.80712,-0.874,2.1729,0.29167,6.9131,0.55181,3.2437,-0.14634
-0.80876,1.839,2.5673,1.4889,4.6384,0.21944,3.5879,-0.0074701
-0.87533,-3.5419,0.34114,-0.87789,-4.5651,-0.034585,-0.83373,0.11716
-0.82048,-0.78357,0.32112,-0.34902,-0.46879,-0.052124,3.6271,0.28597
-0.77677,0.92911,3.045,-1.1915,3.3743,0.014695,-2.4765,0.20449
-0.76861,1.5689,-3.2635,-1.2836,3.8824,-0.03427,-1.4161,0.040305
-0.74848,2.9309,-1.5656,0.12663,6.5257,0.023692,-3.037,0.14562
4.3097,1.5785,-3.1968,0.31113,-6.9813,-0.043852,1.1397,0.039234
4.2711,-3.7545,-2.6255,-1.5205,-6.354,-0.1314,-4.0312,-0.028863
-0.839,0.37549,-6.6091,1.146,1.6912,-0.30862,-1.0629,-0.15333
-0.97459,-0.026204,1.1166,0.20663,1.0854,-0.19849,4.3453,-0.1598
-0.86318,-1.8722,-0.63431,0.97399,-0.38147,-0.037235,0.99429,-0.11502
-0.78345,-1.4985,0.43335,-1.0628,5.5294,0.32789,2.7671,-0.0077865
-0.79973,1.7223,-1.116,0.13978,-1.8258,0.034609,4.6565,-0.040424
-0.79908,-4.5762,-0.45128,0.57617,-7.5703,-0.027429,2.997,-0.012411
-0.52287,-1.2023,1.0531,1.3092,4.8987,0.24611,-1.8273,0.071385
-0.83236,2.1479,4.362,0.1248,6.0102,0.42855,2.7367,0.26068
-0.79588,-0.73719,-2.5882,0.10482,4.9249,0.25546,1.7853,0.26925
-0.78824,2.7816,-0.22136,0.79478,2.9108,-0.066422,-0.25887,-0.0128
-0.96486,1.788,-0.97973,-2.149,-7.4508,-0.10252,-0.63168,0.037093
4.1994,0.018467,-0.064861,-0.21825,-1.594,-0.096584,-2.7347,-0.00089892
4.2824,1.531,-0.43543,2.2746,5.9478,-0.14932,-2.3572,-0.11643
-0.81749,1.617,-2.8133,-0.34278,-1.8118,-0.1164,1.1552,-0.11977
-0.605,-2.1908,-1.1902,-0.36055,-5.5627,-0.10183,-1.0067,-0.20626
-0.75721,-1.1994,0.34051,1.0823,2.7453,-0.11856,2.3286,-0.135
-0.81733,-1.6332,-0.10562,1.885,-1.2269,-0.0074068,-0.23569,-0.025553
-0.81657,-6.0403,-0.032587,0.70599,-2.2212,-0.04853,5.3553,0.039113
-0.9423,0.98829,1.3757,-2.1551,6.9168,0.54922,2.6859,0.26935
-0.92605,3.9043,0.82834,0.48803,4.773,0.22917,3.668,0.056441
-0.77882,-1.2126,1.6897,-1.0769,-0.23903,-0.04244,1.9724,0.27514
-0.7794,1.7971,-0.14612,-1.0395,-3.2464,0.018956,0.56938,0.15839
-0.56239,-0.019519,6.0999,-0.19224,-2.8485,-0.12294,-2.8766,0.025459
-0.7208,2.1221,-0.28254,0.32653,2.5231,-0.17251,-1.7749,0.0074003
-0.85081,3.0859,-0.50385,0.72636,7.1114,0.092847,-2.5754,-0.081311
4.291,0.6968,0.14373,-0.91129,-6.2325,-0.072166,2.1309,-0.14841
4.2704,-2.8402,-3.3779,-1.5088,-5.0277,-0.046682,-1.7679,-0.19353
-0.97868,-1.262,-6.0315,0.066999,-0.0040927,-0.27962,1.9338,-0.17618
-0.84771,1.0884,-1.2033,0.38814,-0.81662,-0.1408,0.86709,-0.14646
-0.80454,-2.145,0.26839,0.097225,2.5696,-0.012926,2.0666,0.12393
-0.79577,0.67462,-0.32916,-0.77376,5.5687,0.36122,2.6371,0.063158
-0.62246,2.0248,0.43296,1.0706,1.1675,0.026786,2.5887,0.14868
-0.79324,-4.6932,-0.76883,-0.48091,-7.6195,-0.028347,-0.28172,0.18363
-0.79729,-1.2965,2.3976,1.1411,4.3684,0.21829,1.151,0.25526
-0.79175,1.2396,0.33732,0.33976,5.8853,0.36777,-2.286,0.069803
-0.91008,0.87891,0.98239,-0.30932,5.0687,0.23485,0.54801,0.042447
-0.79038,2.2752,0.70972,-0.59747,5.5733,0.24443,-0.7939,-0.056073
-0.76385,0.91306,0.1556,-2.9956,-7.0446,-0.015839,-0.41068,-0.13607
4.3136,-0.8132,1.0319,-0.033236,-2.318,-0.1186,-2.7362,-0.11697
4.2907,0.94098,-1.3743,0.043106,4.7211,-0.24926,-2.5062,-0.20765
-0.72343,0.25683,-4.9594,-0.92739,0.67147,-0.15101,-1.7564,-0.15486
-0.81387,-1.695,-0.38612,0.94817,-1.9569,-0.058702,2.2301,-0.04276
-0.81118,-3.1968,-1.9298,1.4476,3.7312,0.060708,3.0621,0.19239
-1.0033,0.51285,-1.6121,1.1325,-3.3204,-0.054152,2.7524,0.159
-0.84787,-6.5458,1.0087,0.085343,-3.1378,-0.0093962,2.8803,0.19315
-0.74636,-0.014728,3.2587,0.63074,6.1149,0.47835,1.9135,0.26986
-0.77185,3.1385,3.9592,0.95775,5.1512,0.36875,3.9546,0.15671
-0.7246,0.016624,0.25158,1.362,2.54,-0.0052826,3.1505,0.082215
-0.68789,1.879,0.2709,-0.41593,-3.8128,-0.029021,-3.3663,-0.022414
-0.85305,-0.32031,4.1207,-0.40677,-6.0788,-0.099215,-1.9461,-0.08961
-0.76407,0.35448,4.1322,0.26515,1.506,-0.10289,-2.3159,-0.20368
4.3888,1.5257,0.7003,0.74503,6.1517,-0.081529,-1.7949,-0.099735
4.3073,1.7834,0.91069,-2.4676,-3.3318,-0.067603,-0.26502,-0.23325
-0.76941,-3.8742,-3.1018,-0.90268,-5.5613,-0.039071,-3.2539,-0.057582
-0.7952,-3.3494,-2.6743,0.69294,0.37153,-0.19218,-0.88795,0.028526
-0.79356,0.43484,-2.0542,0.15285,-1.5912,-0.051328,1.006,0.034853
-0.59896,-3.6627,-1.9116,1.3256,0.19875,-0.090879,2.859,0.28071
-0.73549,1.7308,-0.60174,-1.9039,6.3675,0.447,3.6958,0.29948
-0.78841,3.6199,-0.67444,-0.79068,3.604,0.16587,5.9608,0.21276
-0.78452,-2.3747,1.8433,-1.0583,-6.7077,-0.079629,6.5458,0.068415
-0.96465,-2.2559,4.7923,1.4836,1.1884,-0.077621,1.7539,-0.00029047
-0.81815,1.3834,4.4533,0.29359,3.9948,0.18508,-1.6313,-0.11341
-0.75143,0.8872,-1.2767,-0.71977,3.9406,0.029192,-2.1402,-0.11541
-0.75489,1.8316,-0.14512,-0.36335,6.0413,-0.056828,-1.5524,-0.11239
4.3208,0.84966,-1.2968,-1.4793,-7.3685,-0.045867,-0.069613,-0.15832
4.3226,-3.6994,-0.84706,-1.3328,-6.6328,-0.13483,-3.1917,-0.079024
-0.77376,-0.069167,-3.4521,-0.17316,2.4356,-0.61321,0.25329,0.043785
-0.81109,-0.12379,-1.125,-1.5002,0.53802,-0.3045,-0.18776,0.088372
-1.0244,-3.141,-4.4283,1.1952,-0.28866,-0.11627,-0.26263,0.17545
-0.91243,-1.4137,-2.8743,0.57708,4.1684,0.17113,2.391,0.30863
-0.82173,0.23722,-1.6438,1.3667,-2.2972,-0.00552,4.05,0.39479
-0.77906,-3.1068,-1.4176,0.46491,-4.9877,-0.045815,3.1217,0.095674
-0.75451,0.77443,0.02645,-0.0062024,5.2604,0.33231,-2.5701,-0.0054014
-0.58656,4.7444,2.9266,-0.23829,5.4542,0.35591,0.82089,-0.068923
-0.83507,-1.858,-1.0352,-0.20471,4.4842,0.19001,-0.89013,-0.16567
-0.76436,1.5409,1.7064,-0.56399,-2.2399,-0.14591,-0.037503,-0.14951
-0.76209,0.57585,2.298,-1.9483,-8.3897,-0.15426,-3.1715,-0.084986
-0.96331,0.27846,1.6852,-0.022517,-1.4467,-0.14186,-0.57446,-0.097155
4.3271,1.2057,-1.1073,0.23321,5.2946,-0.24967,-3.519,-0.047895
4.3084,-0.34048,-6.5955,-1.556,-1.9926,-0.090533,0.98991,0.11261
-0.7975,-1.4065,-0.85443,-1.1043,-5.072,-0.046592,-2.6831,0.045319
-0.61388,0.43467,-3.731,-1.1098,1.3243,-0.1546,0.38262,0.1314
-0.72536,-0.64648,-2.6077,1.7322,-4.6456,-0.015313,1.6561,0.28028
-0.80539,-5.9489,-1.6345,-0.026531,-1.4003,-0.024696,3.9903,0.20415
-0.79366,1.8014,-0.12509,-0.54914,6.5086,0.54933,0.55073,0.061138
-0.96845,6.3671,2.758,0.70732,2.9684,0.041116,3.3499,-0.037698
-0.8005,-2.4871,0.68444,-1.2674,-4.5217,0.0010065,-0.35343,-0.1359
-0.76342,0.86132,-1.4614,-0.095282,-2.4284,-0.0083309,2.8978,-0.18777
-0.758,-0.81811,2.8301,0.92435,1.3515,-0.037203,-1.4718,-0.1845
-0.65119,0.76587,-1.162,-1.0347,2.0926,-0.24124,-1.9388,-0.1147
-0.59987,2.493,-0.70375,1.038,6.2314,-0.056083,-5.6342,-0.061549
4.3343,0.82391,-3.5729,-0.47046,-7.187,-0.078776,-0.29207,-0.045802
4.3161,-6.0512,-4.3063,-1.4894,-6.5834,-0.069997,-4.0438,0.1399
-1.0744,3.0134,-2.6442,0.16645,-0.12052,-0.4524,-0.17345,0.20286
-0.88054,0.17145,0.38584,0.16182,0.31973,-0.1892,3.7668,0.16837
-0.74755,-1.6316,-1.5353,-0.96206,0.20424,-0.078237,-0.0068837,0.36341
-0.7817,0.27696,0.53589,0.52221,5.5438,0.36918,2.5236,0.080487
-0.78556,2.5361,0.61926,2.5556,-2.5601,0.018032,4.3822,-0.021878
-0.56248,-3.3276,1.9547,-0.34108,-7.9804,-0.0068485,2.8398,-0.12208
-0.82904,-1.0992,3.7428,1.2323,3.4712,0.12393,-1.2327,-0.17745
-0.76953,2.1708,-1.8728,0.13898,5.9425,0.35806,-0.91787,-0.21979
-0.7709,-1.7588,-0.26878,0.61092,4.4497,0.17998,0.71332,-0.13941
-0.88633,2.0296,-0.52289,-1.162,1.9709,-0.20228,-0.33911,-0.10733
-0.78477,-0.11442,-0.045865,-3.3851,-7.3915,-0.027757,-3.4879,-0.012922
4.3466,-0.75996,-0.59308,-0.78226,-3.1838,-0.11942,-4.171,0.050235
4.332,0.40899,-1.8686,-0.40483,4.5544,-0.32489,-3.1481,0.24136
-0.41337,1.3379,-5.1117,-0.80887,-2.415,-0.17895,-1.9401,0.26653
-0.72595,-2.606,-1.5746,-0.39036,-4.5396,-0.048678,0.086221,0.17949
-0.8044,1.0048,0.70314,1.0184,1.7702,-0.12297,2.8749,0.13661
-0.79095,1.0165,-0.048859,1.8019,-4.1253,-0.028135,0.14172,0.035389
-0.9962,-5.607,-0.53727,1.6667,-1.9056,-0.010673,2.5406,-0.10511
-0.91451,-0.37827,2.0529,-0.20701,6.6569,0.55953,-0.9328,-0.16649
-0.76015,4.3074,5.3949,0.49823,4.7853,0.28895,2.3252,-0.19835
-0.76253,-2.2334,1.4659,-1.1813,-0.79805,0.021549,3.3423,-0.1442
-0.36924,0.54084,3.0133,-0.39002,-5.9121,-0.011617,-2.7723,-0.075519
-0.6051,-1.029,5.1524,-0.092423,-4.8791,-0.10757,-1.8623,-0.091533
-0.82135,0.94479,1.3104,-1.1586,1.098,-0.18112,-3.5808,0.027552
-0.78859,1.1692,0.094243,0.23598,6.5308,0.06857,-5.0427,0.19475
4.3359,2.5752,-0.85996,-1.5968,-5.3487,-0.088389,0.20925,0.19225
-0.95055,-0.93632,-1.8607,-1.4671,-6.5388,-0.076286,-1.5087,0.27619
-0.85707,-0.75404,-3.3083,-0.024341,-0.15827,-0.21168,-0.6747,0.15781
-0.78481,3.6721,1.4615,0.12286,-2.7131,-0.029355,2.2747,0.028623
-0.77022,-1.6291,0.084189,1.4271,3.2914,0.085929,-0.8755,-0.057046
-0.65617,1.1902,2.456,-1.8913,5.3382,0.37594,2.4856,-0.17158
-0.74659,2.5483,1.4122,0.75584,-0.37815,-0.020614,4.7207,-0.18759
-0.76851,-5.5979,0.33854,-0.19911,-8.9029,-0.044994,5.425,-0.16369
-0.76762,-2.2746,1.2973,1.8502,3.2972,0.10448,1.8365,-0.12415
-0.84338,1.1123,2.5155,0.24563,5.1874,0.32567,-0.12573,-0.05948
-0.74894,1.5119,-0.5393,-0.91452,4.6837,0.22366,2.2082,-0.054661
-0.73883,2.2284,-2.1607,0.75316,5.6706,0.27964,1.3018,-0.00097193
-0.72553,0.84597,-1.3904,-2.5775,-8.2124,-0.056501,0.58607,0.13301
4.3547,-1.2953,0.30441,0.28261,-5.573,-0.18332,-2.3713,0.18911
4.3149,3.1365,1.8521,1.8239,4.1231,-0.31686,-2.3905,0.2076
-0.79196,0.1631,-1.1351,0.45097,0.83217,-0.083923,-1.9436,0.098643
-0.7838,-1.0153,-0.11138,0.55861,-1.4199,-0.10529,-2.4865,-0.03137
-1.1369,-1.8222,-1.7024,0.59221,3.1234,-0.012772,2.4302,-0.093894
-0.8136,-0.026962,1.3804,1.8766,-4.9282,-0.049037,3.1021,-0.19356
-0.69836,-6.8706,1.5079,0.46411,-1.5627,0.0056913,6.9823,-0.22398
-0.75098,0.15674,1.7708,-0.30754,6.1899,0.45823,-2.0473,-0.12989
-0.55711,3.0811,2.965,0.3194,5.3639,0.36571,1.883,-0.064445
-0.60702,-0.21642,0.33883,-1.8345,1.6282,-0.059337,2.6359,0.0040173
-0.78344,0.22684,-0.46534,-0.18718,-4.9077,-0.11441,-1.8741,0.11013
-0.74367,-1.5757,1.4449,-1.3344,-7.0361,-0.091694,-3.9592,0.22997
-0.90927,2.0023,0.87894,0.72305,-0.26239,-0.19736,-2.4615,0.054884
4.3457,3.7263,0.32439,0.29752,5.7727,-0.36795,-2.2889,0.07119
4.3125,2.9606,0.448,-2.8837,-6.5174,-0.0414,0.077712,0.12568
-0.78999,-1.711,0.41922,0.99488,-4.7985,-0.099652,-0.8745,0.0043581
-0.78833,-0.51413,-0.9187,0.6955,-0.79946,-0.24535,-1.0447,-0.059237
-0.47177,0.54727,-1.7855,-0.15774,-4.9587,-0.025389,2.5243,-0.22568
-0.73175,-4.3947,0.52278,-0.042993,2.6585,-0.041946,1.558,-0.19064
-0.77055,0.63353,3.7927,-1.2124,6.3665,0.4513,-0.87628,-0.20278
-0.77079,2.6283,2.406,0.45298,3.017,0.046513,4.0615,-0.097058
-1.0176,-5.0428,0.69766,-0.36168,-8.1688,0.0091247,3.4955,0.0098098
-0.86802,-1.0921,-1.1164,0.90812,0.4055,-0.00059783,0.92431,0.15642
-0.74178,0.6837,0.65088,-0.4261,3.2033,0.021658,-4.5666,0.17246
-0.74265,1.0319,-2.7706,-0.71341,3.3907,-0.18088,-1.9387,0.088372
-0.54262,2.5231,-1.9663,0.54445,6.5186,-0.003813,-4.2343,0.20444
4.3484,1.7543,-1.8696,-1.0595,-8.9396,-0.11301,0.79898,0.074329
4.3091,-2.1097,-2.3094,-1.561,-6.7666,-0.1967,-3.5175,0.15277
-0.80299,1.0594,-1.5901,0.56454,2.3905,-0.47615,-2.5382,-0.01521
-0.97599,1.3124,3.0557,0.10646,0.95336,-0.20516,1.3536,-0.11998
-0.91564,-2.3677,-0.31566,-0.17882,0.88234,-0.057149,-0.88201,-0.18202
-0.83863,-0.19208,-0.76231,0.71103,4.158,0.12719,2.7708,-0.19653
-0.77395,0.56778,-1.3116,1.0964,-4.3119,0.012712,3.4293,-0.12887
-0.76144,-6.6953,-0.36249,-0.16718,-5.572,-0.058285,-0.16947,-0.071746
-0.53873,-0.091086,2.7299,1.1566,4.3918,0.19334,-1.7647,-0.014212
-0.81701,3.0037,3.5811,-0.65707,5.2177,0.33285,0.0092545,0.20648
-0.76197,-2.5407,0.65965,0.96913,4.0338,0.087899,1.1015,0.2802
-0.75967,1.6377,-0.52312,-0.78832,0.96508,-0.14207,0.15411,-0.014406
-0.80626,0.41338,2.2989,-2.6448,-8.7914,-0.061878,-3.2408,0.09341
4.4403,0.47004,0.20288,-0.23795,-0.4278,-0.11883,-3.4954,0.093459
4.3139,2.7882,-0.40313,-0.038433,5.3895,-0.25658,-1.9751,-0.018471
-0.83461,3.7273,-0.38246,-0.70126,-4.7236,-0.04002,2.8668,-0.10816
-0.5875,-3.3271,-2.386,-1.3209,-4.1945,-0.03676,-3.0255,-0.18037
-0.72621,-0.17789,0.7298,0.90743,1.6523,-0.097714,1.9417,-0.18609
-0.78395,-0.36103,-0.13237,0.87461,-3.7003,-0.0050131,-0.10985,-0.13595
-0.78105,-7.4169,-0.31384,-0.52927,-2.1413,0.013559,4.3943,-0.026892
-0.97388,1.1015,1.6053,-1.3619,6.0109,0.35659,4.5379,0.14781
-0.78414,5.5306,1.6509,-0.074137,3.7917,0.093451,3.677,0.0054776
-0.75024,-3.7344,1.9877,0.21613,-2.8708,0.018526,1.1751,0.21033
-0.74639,0.24638,2.3801,0.17148,-4.8955,-0.05215,-0.87607,0.1995
-0.69575,1.1605,5.0713,0.41468,-3.701,-0.11853,-2.8547,0.048556
-0.68201,1.597,-0.0086443,-0.40275,0.49699,-0.16741,-2.6755,0.039624
-0.84062,3.9282,-0.75277,0.12718,6.4099,-0.036305,-2.9084,0.0013158
4.3133,1.534,-0.63655,-1.2781,-7.6083,-0.009409,1.5924,-0.075495
4.2893,-3.4965,-2.5262,-1.672,-6.7586,-0.096507,-0.86139,-0.17728
-0.94232,0.032673,-5.3528,-0.70329,-1.432,-0.23742,2.0014,-0.18355
-0.75075,-0.34475,-0.017497,0.65542,-2.782,-0.13978,3.9172,-0.15863
-0.78213,-1.6067,1.0991,-0.71015,-0.17115,-0.035259,0.32976,-0.0046713
-0.78662,1.1228,1.8077,-1.2256,4.9307,0.30077,1.112,0.0015592
-0.51619,2.2419,0.7831,0.55458,-0.69609,0.024777,2.2608,0.060871
-0.78407,-6.0994,-0.81969,0.028102,-8.4353,0.034673,-0.59989,0.13564
-0.77172,-1.2733,3.9521,-0.37648,3.8603,0.19334,-0.74276,0.21629
-0.76591,2.7334,0.41283,-0.23215,4.7602,0.24855,-1.829,0.045197
-0.91251,0.33381,1.1957,-0.26232,4.3092,0.11386,-0.035891,0.13201
-0.82098,2.9132,-0.29005,-0.10757,4.3413,0.036906,0.11658,0.046414
-0.74351,-0.068641,-0.10316,-1.8254,-9.08,-0.03248,-0.93819,-0.067998
4.3293,-0.37187,-0.073257,0.061591,-2.4724,-0.1572,-2.9127,-0.086447
4.301,0.78379,-0.24322,1.4497,4.1329,-0.46637,-5.142,-0.20422
-0.74264,1.5702,-1.707,-0.60351,-1.2824,-0.15101,-0.76052,-0.19667
-0.79542,-2.9121,-1.717,-0.057785,-1.9635,-0.046791,-4.4086,-0.10516
-0.78426,-3.0595,-1.487,1.1381,2.7445,-0.10254,2.3965,0.089054
-0.99122,-0.48343,-0.93798,1.9501,-4.1755,-0.013811,1.3109,0.10743
-0.87555,-8.0919,1.0387,-0.19886,-3.8253,0.010318,4.3878,0.14708
-0.76045,0.00015807,3.0497,0.90362,6.3526,0.48446,0.52286,0.26278
-0.75756,3.9214,2.9705,1.2514,5.2105,0.35012,3.9462,0.13861
-0.47497,0.37412,2.7391,-1.2212,1.2043,0.0097728,1.0235,0.18565
-0.65143,2.0895,1.2571,-0.92502,-6.1379,-0.071595,-2.4847,0.083359
-0.82225,-0.80735,5.2371,-0.068055,-6.2655,-0.041291,-2.3126,-0.051205
-0.74392,1.6164,2.7811,-0.062146,1.1067,-0.13538,-2.5733,-0.11066
4.3827,2.7832,0.17016,1.2579,6.1251,-0.11794,-2.6103,-0.10438
4.3189,1.3013,1.0024,-0.41613,-6.8924,-0.03934,0.27172,-0.29344
-0.81504,-2.4446,-1.5358,-0.74133,-6.0115,-0.042844,-1.4287,-0.13162
-0.77901,-1.471,-1.2597,-0.81556,-0.94166,-0.19364,2.2086,-0.050913
-0.76557,2.325,1.366,-0.21172,-2.7936,-0.058156,1.5525,0.019448
-0.63029,-6.2407,-2.315,2.2448,0.85092,-0.026377,1.3326,0.24311
-0.73212,0.75006,-1.2544,-1.0343,5.3727,0.3365,3.9413,0.20639
-0.77021,2.251,1.0655,0.035739,2.497,0.0108,5.2371,0.24275
-0.75669,-3.8211,0.9437,-1.1067,-8.1475,-0.0031584,5.6546,0.079976
-0.91731,-0.68509,2.8943,1.6228,1.2489,0.028255,1.246,0.12245
-0.73135,1.7028,1.5903,1.0413,4.2813,0.1331,-2.4135,0.01677
-0.73359,0.71768,-1.0068,-0.7587,3.7855,0.021562,-1.8672,-0.068291
-0.73027,2.5516,-0.041208,1.0585,5.7564,-0.052194,-1.4763,-0.10392
4.3454,0.16404,-1.0982,-1.552,-10.164,-0.059857,1.3948,-0.21339
4.3248,-2.376,-0.62667,-0.59821,-5.604,-0.14752,-2.7535,-0.16586
-0.82598,-1.1594,-3.0077,0.04872,2.7399,-0.74415,-2.3717,-0.09146
-0.79625,-0.22389,-2.9548,0.040505,-1.5774,-0.26255,-2.169,-0.0097822
-0.92813,-3.871,-2.5099,1.9242,-1.1103,-0.071126,-0.98405,0.099544
-0.87239,-0.036704,-2.8733,0.090616,3.0159,-0.057515,-0.71871,0.26684
-0.69622,0.24263,-1.9215,1.9721,-4.0646,-0.037813,3.2969,0.42166
-0.76498,-7.0656,-0.96564,0.3262,-3.4946,0.01913,2.9084,0.16477
-0.56001,1.9889,-0.30172,-0.21835,5.5182,0.30716,-3.8395,0.043323
-0.65743,4.9877,3.1218,0.11211,5.0779,0.25044,2.8883,0.040743
-0.79864,-0.38187,0.04948,-2.1413,2.5923,-0.029996,0.99204,-0.08669
-0.75134,1.7089,4.181,1.2233,-5.2277,-0.14049,-1.9195,-0.10268
-0.78388,0.28395,4.899,-1.0468,-7.7829,-0.16127,-5.5703,-0.087298
-0.93952,0.36304,2.1204,-0.28605,0.13081,-0.1332,-5.0128,-0.16058
4.3361,1.7108,-2.2563,0.65552,5.6625,-0.4218,-3.3311,-0.12179
4.3223,2.5742,0.71925,-2.2382,-6.1883,-0.098856,1.6052,0.019861
-0.79334,-1.0162,-0.19562,-1.3946,-5.6849,-0.069547,-1.0243,0.0014132
-0.64126,-1.5454,-4.5182,0.64401,-0.19867,-0.19111,-1.2158,0.029864
-0.76439,1.144,-1.5405,1.2186,-6.1683,0.034692,2.9053,0.29685
-0.7805,-4.2935,-1.6367,0.54333,3.3763,0.04401,-0.26633,0.30534
-0.77546,3.0363,-0.69589,-1.5563,5.9139,0.36526,4.0337,0.10332
-1.0107,4.3075,1.3352,1.052,1.677,-0.0009187,3.5257,0.040427
-0.76727,-2.7011,0.38112,-2.4099,-7.4844,-0.012303,3.7534,-0.046459
-0.75136,-0.85583,-0.69111,1.1151,1.1318,0.046937,0.76661,-0.12137
-0.74354,-0.28591,1.9621,1.1914,2.6488,-0.10276,-3.5899,-0.14829
-0.57093,1.6309,-0.67962,-1.2066,3.0386,-0.1635,-0.72387,-0.16922
-0.63092,2.3404,-0.86194,0.68714,6.6146,0.059849,-3.1194,-0.137
4.3454,0.32238,-2.818,-1.6965,-8.0003,-0.0089791,-2.2011,-0.093237
4.3307,-6.4043,-3.7438,0.18745,-4.7813,-0.1212,-5.216,0.020737
-0.94578,1.3,-1.6869,-0.33712,2.6299,-0.38796,0.19726,0.1362
-0.83017,-0.33996,-1.2751,-0.5136,0.12484,-0.066339,0.92574,0.1491
-0.78881,-3.9012,-2.4168,2.0,2.4306,-0.043704,1.9697,0.46322
-0.76902,-0.49543,-1.0566,-0.038278,4.8227,0.2695,2.1681,0.16173
-0.76402,1.7626,1.9966,2.4979,-4.7246,0.028666,2.0297,0.039697
-0.57325,-6.7951,2.2457,0.4781,-4.0545,0.00085894,6.0421,0.0086415
-0.81999,0.70298,3.8409,0.64099,5.5996,0.31946,-5.8997,-0.12816
-0.75262,3.794,0.67112,0.77595,6.1543,0.41808,0.79721,-0.20692
-0.75345,-0.69023,0.93925,0.15806,4.11,0.077696,-2.1104,-0.11122
-0.99354,1.4781,-0.47713,-0.80438,0.20002,-0.066043,-4.2315,-0.1563
-0.78596,-1.1458,2.6207,-2.0226,-9.0587,-0.054787,-1.9018,-0.12612
4.3777,-1.0835,2.0657,0.34607,-0.4978,-0.14735,-2.9851,-0.032197
4.3488,1.4782,-1.113,-0.32198,5.386,-0.34625,-2.508,0.14549
-0.50318,3.1789,-1.2976,-0.63917,-6.3722,-0.087972,1.3214,0.17913
-0.76751,-3.6852,-0.86973,1.2456,-2.2211,-0.050853,-1.3148,0.18641
-0.78057,0.50871,-1.2081,-0.31557,0.79594,-0.10991,2.4619,0.20948
-0.77603,-0.31112,-0.29574,0.092652,-6.8248,0.046096,3.9321,0.13819
-0.95739,-7.349,0.50724,0.055547,3.4459,0.054997,2.7437,0.03203
-0.82871,4.502,1.7805,-0.57231,6.7559,0.4916,0.65001,-0.073669
-0.74868,4.3251,4.8514,1.1191,4.1789,0.14758,2.6251,-0.14359
-0.74728,-4.2259,0.88261,-0.97496,-4.5023,-0.052836,0.14336,-0.18572
-0.47511,-0.044456,1.9488,1.3208,-4.2091,0.028884,1.6584,-0.14617
-0.69966,0.28472,0.40712,-0.76371,-4.2848,-0.14218,-5.6283,-0.12743
-0.75441,1.9566,-1.2184,0.53322,2.3583,-0.32208,-1.2536,-0.048333
-0.72835,0.4547,-0.92717,0.16454,7.5132,0.22042,-6.1357,0.090733
4.3564,-0.26133,-2.1603,-0.083027,-7.6319,-0.01539,-2.1281,0.21481
-0.86486,-3.2008,-2.848,0.28005,-4.3743,-0.068328,-2.5005,0.27821
-0.80073,2.0834,-1.8815,0.30354,-0.553,-0.26329,0.39723,0.19838
-0.77027,2.9587,1.1175,-0.58176,-1.9833,-0.0037103,4.4512,0.11558
-0.76556,-1.4356,1.579,1.5367,4.891,0.25162,2.2741,-0.0064966
-0.62767,2.4211,1.5016,0.834,4.9486,0.23258,3.3724,-0.06318
-0.77176,2.1081,2.0911,1.5631,-1.6262,-0.0050323,2.4363,-0.13685
-0.74948,-6.7624,2.4013,0.16837,-8.1921,0.032234,-2.631,-0.15647
-0.75031,0.22377,2.6527,0.71006,4.3928,0.20081,-1.1507,-0.12926
-0.95143,1.9439,1.7478,1.6868,5.3509,0.27111,-0.35357,-0.14196
-0.77471,-0.14427,1.0566,0.91571,4.4148,0.089401,0.47193,-0.13405
-0.7283,2.5003,-1.9781,-1.6338,5.8603,0.29912,-0.90377,-0.054686
-0.72067,-0.68716,-0.66039,-2.4715,-8.0777,-0.034283,-4.0314,0.14114
4.3736,0.088987,1.7305,-1.0676,-3.0623,-0.12102,-5.0029,0.15309
4.3371,2.4199,0.55261,0.6267,5.062,-0.31043,-5.3011,0.24774
-0.77492,1.0159,-2.1974,0.88837,-1.1722,-0.0766,-0.16652,0.15255
-0.76468,0.43023,-1.0098,-0.25566,-0.52698,-0.077146,1.1479,0.050332
-0.87663,0.16346,0.51995,0.93062,3.6661,0.029141,3.0383,-0.012873
-0.75881,-0.53269,0.99889,1.2578,-4.8395,0.045807,0.45321,-0.14503
-0.7314,-9.0093,1.6702,0.45792,0.5299,0.015972,6.7598,-0.19314
-0.73982,2.9314,2.6995,0.60233,6.8988,0.52378,1.174,-0.1387
-0.59493,3.7801,3.3197,0.92544,5.7678,0.39628,2.5231,-0.15323
-0.61684,-2.2604,0.5653,-2.0896,0.36932,0.012943,-0.16227,-0.10012
-0.75453,0.22048,1.6786,-0.34529,-5.3802,-0.027968,-1.0586,0.040695
-0.7278,-2.1995,1.8443,-0.31013,-6.6384,-0.033006,-3.9942,0.12824
-1.0256,2.1911,-1.2938,-0.87187,1.0693,-0.16639,-2.1992,0.057755
4.3673,3.9591,-1.6279,0.52089,6.9079,-0.20798,-4.254,0.057901
4.3355,2.3135,0.0041909,-2.4706,-6.078,-0.027031,-3.4555,0.22547
-0.77243,-1.9685,-0.23364,-0.91119,-3.6594,-0.047619,-1.0726,0.11247
-0.76691,1.6989,0.43882,0.47377,-1.6707,-0.21175,-0.089944,-0.032855
-0.58598,1.3374,-0.97701,1.026,-5.4075,0.012366,3.5683,-0.10331
-0.73168,-3.6816,-0.054891,1.5747,4.352,0.15021,0.50965,-0.17095
-0.75389,2.1786,2.8349,-0.35878,5.962,0.35222,-2.2008,-0.23145
-0.74941,2.428,2.3964,0.64673,2.6715,0.0010451,3.5995,-0.179
-1.0321,-5.8112,0.84612,-0.70198,-8.5545,-0.034392,2.5189,-0.077271
-0.8264,-1.7545,-0.49954,1.2943,2.0887,-0.0012075,-0.55456,-0.022754
-0.72394,-0.82023,-1.9177,0.5218,3.6781,0.035103,-4.7602,0.087934
-0.73115,2.1325,-0.12627,0.36221,3.5754,-0.16636,0.2654,0.0014619
-0.49824,2.4886,-2.1247,-0.43293,6.7429,0.10879,-0.67541,0.17669
4.3667,0.76367,-2.3728,-2.6023,-9.3153,-0.025267,0.13611,0.063085
4.332,-2.9607,-3.2924,0.066408,-4.655,-0.19475,-4.3282,0.22121
-0.78649,0.79223,-2.2071,-0.015657,2.9727,-0.48507,-3.8632,0.059143
-0.97245,2.5487,4.5387,0.31348,0.083444,-0.12523,0.18352,-0.055197
-0.89234,-1.8925,-2.2914,-0.0072558,1.3351,-0.051027,-0.044734,-0.15128
-0.79525,-0.69204,-0.17954,0.91342,3.6831,0.034256,2.1832,-0.24635
-0.76098,0.44279,0.54766,1.4955,-4.5548,0.033986,1.3338,-0.18241
-0.66038,-6.3992,-1.1761,-0.96334,-4.1178,0.021177,-1.904,-0.13191
-0.54688,-0.45172,3.164,1.8713,5.6165,0.33382,-1.9824,-0.095792
-0.75213,2.0348,2.3612,0.37624,5.2522,0.28918,0.47893,0.089419
-0.74446,-2.8034,-0.90124,0.9398,3.475,0.040455,2.6254,0.18
-0.79838,1.8703,0.38791,-1.3407,1.5139,-0.047831,-1.5786,-0.0060585
-0.84036,0.47554,3.0439,-2.8295,-9.186,-0.026916,-4.1352,0.16696
4.3242,0.15733,0.58258,0.15249,0.99647,-0.14791,-3.7059,0.16552
4.3337,2.9135,-1.7481,0.01859,6.2865,-0.16668,-4.3101,0.10504
-0.80899,3.7286,-0.88041,-0.68655,-6.3366,-0.077582,0.3024,-0.03855
-0.60398,-1.8779,-1.3499,-1.768,-2.459,-0.05102,-3.3124,-0.10915
-0.764,-2.0787,-0.29257,-0.78939,0.46594,-0.1504,-1.0369,-0.17095
-0.76557,-0.71862,0.81103,1.0418,-5.9464,0.026959,3.0949,-0.21515
-0.76109,-7.5837,-0.55753,0.078188,2.7454,-0.033109,1.9478,-0.13583
-1.1754,0.71732,0.74317,1.3982,6.5839,0.47632,1.0197,-0.001264
-0.8231,4.4696,-0.4549,-0.58114,4.0326,0.15607,3.6152,-0.065029
-0.74097,-5.1683,0.84435,-1.4915,-4.6702,0.0017446,0.91051,0.14318
-0.73399,-0.79831,3.1104,0.43098,-2.693,-0.032807,2.4674,0.18322
-0.60011,1.5891,1.5225,0.86696,-3.4579,-0.13067,-1.2886,0.052693
-0.63653,2.8164,-1.7704,0.12882,2.6493,-0.24311,-1.034,0.071555
-0.73494,2.3445,-2.0979,-0.028162,7.146,0.06968,-2.8902,0.11668
4.3371,1.5461,-0.90419,-2.2081,-9.0103,-0.0051478,0.97973,-0.001556
4.2932,-3.4621,-3.2231,-1.7651,-4.4203,-0.048357,0.18223,-0.094186
-0.87676,-0.20136,-3.5799,-0.13084,0.56191,-0.27145,0.30597,-0.1442
-0.73185,2.6341,0.9009,0.11993,-0.91219,-0.069952,-0.95957,-0.13758
-0.7628,-4.8446,-1.5451,-0.37541,3.6969,0.061203,0.65284,-0.10073
-0.7617,0.01954,0.0742,1.3828,4.5243,0.23566,3.6015,-0.065346
-0.5358,1.8962,2.4788,0.85584,-2.7381,0.012032,3.0841,-0.056146
-0.75631,-8.0144,1.8335,0.31763,-7.038,0.01603,1.8008,0.05812
-0.75196,0.86896,1.2868,0.86307,5.5051,0.29941,-5.5522,0.20729
-0.74503,4.3289,-0.73917,-1.0958,5.2286,0.26596,1.4383,0.04656
-0.89947,-0.14806,-2.3171,-0.42981,4.4774,0.13226,4.5375,0.18689
-0.78963,1.5849,-0.024422,-0.28056,4.2267,0.11729,-0.20696,0.1399
-0.7228,-0.68018,1.3637,-1.7211,-8.8307,-0.052188,-3.7391,0.019667
4.3475,1.1149,1.2168,-0.35961,1.2322,-0.15865,-3.7338,-0.052763
4.3189,1.7305,-1.6634,-0.015406,5.2389,-0.3703,-1.6711,-0.13429
-0.75889,1.2972,-2.5241,-0.96299,-3.6886,-0.075638,-1.2887,-0.20816
-0.76804,-2.4192,-1.815,-0.20581,-1.435,-0.09695,1.3758,-0.15464
-0.76331,-3.0989,-2.1591,-0.37359,1.6908,-0.0079266,1.0334,-0.032246
-0.95661,-0.64397,0.89648,1.077,-6.4873,-0.030587,1.7318,-0.042517
-0.87203,-9.4683,-1.2837,1.3443,2.7664,-0.046143,2.1938,0.034878
-0.73731,2.6686,0.2234,-0.41379,6.1325,0.44422,1.1606,0.21661
-0.74066,5.3886,2.4207,0.032675,4.2055,0.1254,3.3588,0.19541
-0.42455,-1.5075,0.44424,-1.1275,-2.5193,-0.032101,2.0679,0.25776
-0.61807,2.1964,-0.59993,-0.41842,-5.9768,-0.019517,-0.12722,0.1517
-0.735,1.6467,1.5143,0.055432,-4.419,-0.026056,-1.3536,0.040743
-0.72312,1.9334,-2.0374,1.4447,3.505,-0.078352,-1.3591,-0.014017
4.4857,3.7779,-0.11641,-0.23116,7.2707,0.15342,-3.0332,-0.080435
4.3316,-0.213,-0.98273,-0.98997,-8.3974,-0.012624,1.0652,-0.273
-0.84286,-2.8437,-0.25594,-0.23389,-2.8432,-0.027866,-1.3155,-0.19205
-0.76388,-0.1771,-0.18528,1.0073,0.76851,-0.24975,1.4408,-0.13125
-0.75705,1.8818,0.78373,0.75232,-2.8102,-0.048421,4.2762,-0.022681
-0.47591,-3.6356,-0.89807,0.66103,4.7125,0.24562,1.5647,0.14773
-0.73086,0.9977,1.2212,0.84816,4.6971,0.22976,1.2533,0.18249
-0.7487,0.37778,1.1983,2.7288,-1.5516,0.0011798,0.82153,0.22724
-0.73885,-5.9636,1.8195,-0.30634,-7.5975,-0.039404,4.0445,0.11113
-0.81624,0.91249,4.5657,1.8782,4.5017,0.24413,-2.7424,0.2077
-0.74549,2.9431,-0.18744,0.55051,5.3169,0.2255,-1.4342,0.14325
-0.72314,0.3686,2.3066,1.3699,4.552,0.083702,-1.5636,-0.014285
-0.7135,1.6338,1.1013,-1.6299,4.7765,0.12071,-2.4948,-0.062255
4.3676,-0.42843,1.295,-2.0308,-8.8944,-0.096424,-4.7526,-0.14909
4.3371,-0.78494,1.2308,-0.35561,0.21984,-0.21873,-4.0092,-0.20458
-0.76163,0.84008,-0.86847,0.75971,4.1291,-0.5355,-0.34281,-0.1939
-0.77236,-0.05922,-2.6477,-0.25628,-4.337,-0.13857,-0.95161,-0.12466
-0.96886,-2.8614,-2.3609,-0.1926,2.2184,-0.090886,-1.7895,-0.011924
-0.8235,-0.47194,0.66083,0.83319,1.5124,-0.017142,3.0742,0.19108
-0.73171,-1.4207,1.6448,1.9882,-5.9725,0.0204,0.61167,0.40292
-0.74361,-8.7244,-1.5194,0.26725,2.1562,-0.025023,3.9985,0.19731
-0.59097,3.3508,0.38628,0.012218,6.3488,0.39911,-3.4325,0.077299
-0.6539,3.8584,3.5431,0.091079,5.1819,0.2715,0.93604,0.14827
-0.73174,0.23695,2.4331,-0.35549,-0.21918,-0.075265,0.64784,0.038309
-0.73045,2.8161,3.9159,-0.1893,-4.4236,-0.059594,-0.56749,-0.05084
-0.91909,0.13724,4.3449,-1.5411,-7.18,-0.088736,-3.7321,-0.083648
-0.90885,2.3839,0.11043,0.037974,2.7878,-0.28098,-2.7274,-0.18428
4.3463,2.5891,-0.87271,2.081,7.4398,-0.067128,-6.6369,-0.14783
4.3221,-0.73847,0.13555,-0.34631,-8.559,-0.046425,0.31641,-0.1056
-0.77813,-0.7337,-1.4684,-1.5623,-3.9066,-0.05874,0.50524,-0.036238
-0.54503,-0.033018,-1.848,0.77092,-1.2248,-0.21702,1.0401,-0.03558
-0.70217,0.29482,0.61313,0.036927,-5.2378,-0.026865,1.1418,0.20369
-0.76168,-5.3572,0.98405,2.2059,5.3293,0.31365,2.2851,0.35112
-0.75457,4.2811,0.41774,1.7383,6.142,0.39838,4.5533,0.23552
-0.99273,3.7944,0.3514,-0.63562,-0.89446,0.004902,3.1324,0.13053
-0.7917,-4.2091,0.32639,0.25947,-9.3915,-0.0076956,-5.7332,0.070752
-0.73597,0.5546,3.6463,1.2084,3.0408,0.048701,0.70688,-0.048333
-0.73354,-0.44435,2.0617,1.5122,3.4055,0.041764,-1.083,-0.11203
-0.40974,1.7338,0.84138,0.88657,3.5005,-0.14255,-1.9744,-0.18307
-0.72162,0.81638,-1.9112,0.17131,5.9354,0.18667,0.79092,-0.19232
4.3566,-0.96556,0.50359,-1.4111,-8.9347,-0.012239,-0.51794,-0.14189
4.3381,-2.355,0.3664,-0.90662,-3.406,-0.15748,-2.5205,-0.047628
-0.82437,0.46742,-0.99965,0.77438,3.6227,-0.38483,0.13257,0.024266
-0.90054,-0.47425,-0.6134,0.88612,-1.8068,-0.11046,-0.33913,0.067977
-0.80449,-5.785,-2.6129,-1.4021,4.2297,0.13426,-3.4607,0.51669
-0.75745,1.5115,1.3137,1.6472,3.9334,0.12284,3.1093,0.22661
-0.75518,2.5507,1.3259,0.98786,-5.6816,0.035347,0.43332,0.12001
-0.61239,-8.0252,0.038547,0.64694,-2.3958,0.021215,6.3944,0.12357
-0.7436,3.3008,2.1051,0.17791,6.3273,0.41891,-4.6049,-0.017838
-0.73848,2.5483,0.38372,1.8809,6.2936,0.41112,1.474,-0.082601
-0.72942,1.8046,1.5391,-1.3153,1.8494,-0.04957,-0.67182,-0.10005
-0.91344,1.9827,1.6298,-0.19123,0.38328,-0.073308,-2.0374,-0.1405
-0.71435,-0.4592,3.1288,-1.224,-8.8573,0.0061341,-4.2993,-0.18472
4.3736,-0.69235,1.1862,0.41331,1.1335,-0.19457,-5.0681,-0.11244
4.355,2.0883,-1.0531,-0.59232,6.2884,-0.19251,-4.443,-0.01095
-0.50032,2.8019,-0.34731,-0.055646,-7.1989,-0.10586,1.9406,0.11665
-0.73513,-3.7541,0.52047,-0.86923,-0.99491,-0.053215,-1.0618,0.13921
-0.76643,-1.5074,-3.3393,0.14005,0.92378,-0.064304,-0.78086,0.2802
-0.76079,0.22741,-1.068,0.85958,-7.4132,0.040044,5.1415,0.22401
-1.0445,-5.1368,0.40554,0.042483,4.7684,0.21987,0.53779,0.139
-0.74635,5.9777,-0.27529,0.55716,6.4468,0.41103,2.8809,0.064886
-0.7395,3.0061,2.9077,0.52015,3.0179,-0.008363,5.5973,-0.068704
-0.73109,-2.2336,1.5037,-1.1623,-8.4069,-0.013067,7.9193,-0.14493
-0.51984,0.030541,1.5588,0.70798,-1.007,0.019303,2.9591,-0.17813
-0.6783,1.187,-0.88287,-0.85498,-3.2395,-0.11521,-2.8244,-0.15457
-0.69224,1.3806,-0.97824,0.73269,2.2955,-0.26397,-0.95733,-0.14785
-0.71681,0.56743,-0.51017,-1.1353,7.2493,0.18607,1.9559,-0.026746
4.3629,1.082,0.41345,-1.5369,-9.4128,-0.012059,0.83606,0.049554
-0.83456,-3.5557,-3.09,-0.5081,-4.5743,-0.10339,-2.849,0.23688
-0.70253,0.68472,-2.5361,0.26337,-0.87566,-0.37161,0.54226,0.21096
-0.7547,2.008,0.25199,0.66632,-2.4391,-0.05127,2.2163,0.17589
-0.75396,-0.67221,-0.082476,1.3535,5.2188,0.23974,3.2281,0.075692
-0.54098,0.92832,1.1195,1.6803,3.5338,0.026484,1.7746,0.093337
-0.71062,2.0056,1.262,1.4977,-4.2154,0.042438,0.79111,0.0055019
-0.73877,-7.1867,1.4411,-0.35701,-8.3325,-0.0099032,8.1737,-0.092336
-0.7356,1.6391,2.709,1.4844,4.976,0.20108,-3.9783,-0.11273
-0.92431,1.8958,3.0778,0.18237,5.0541,0.23265,-0.18011,-0.19823
-0.79355,0.48756,2.5986,0.64915,3.8723,0.013431,-1.2764,-0.16966
-0.71569,1.5585,-0.91422,-2.0466,4.3849,0.093746,-0.8693,-0.10908
-0.72717,-1.8613,0.38479,-1.5551,-8.5712,-0.031825,-3.6688,0.011465
4.3767,0.5035,2.331,1.2612,-1.2986,-0.24578,-2.0008,0.096477
4.343,1.7087,-1.4835,0.11564,4.5735,-0.54385,0.24244,0.21656
-0.77688,1.0997,-3.0415,-0.86609,-4.9372,-0.030843,-0.9156,0.21459
-0.76347,-2.5393,-4.3264,-0.28158,0.32996,-0.062462,-1.0625,0.11495
-0.88168,-0.45173,1.3784,0.66734,1.759,-0.035862,-0.48217,0.12147
-0.86574,-1.1949,0.13577,2.2401,-7.8031,-0.0078945,3.3506,-0.011681
-0.73399,-7.3073,1.3916,1.6749,3.2197,0.05467,1.6549,-0.087006
-0.74137,3.3841,2.3714,0.39357,6.6608,0.45835,-2.0449,-0.12359
-0.43932,2.7156,2.6332,1.1028,4.6931,0.20317,0.51929,-0.18022
-0.66668,-1.6678,2.2697,0.27671,-2.0309,-0.028296,-1.4386,-0.19163
-0.69343,0.22113,1.0371,-1.5765,-4.3221,-0.075734,-0.26793,-0.095817
-0.72101,-1.9259,1.292,-1.6644,-7.9968,-0.044615,-1.4576,0.0016322
-0.94434,1.5967,-1.9674,0.43168,1.978,-0.24979,-3.6346,0.053861
4.37,2.5576,-3.3919,0.83055,7.3704,-0.042408,-7.0763,0.029767
4.3442,0.83379,-0.89601,-1.7343,-8.6344,-0.021718,-1.1728,0.24192
-0.77305,-1.5582,-1.9462,-0.72575,-4.1171,-0.12001,3.0217,0.19363
-0.75883,1.6971,0.12777,-0.82752,-2.7601,-0.20035,1.6416,-0.019785
-0.70984,0.28175,0.35938,1.4929,-5.2541,-0.044327,3.6971,0.10188
-0.72408,-2.6079,-1.0652,1.3448,4.9442,0.24048,1.9032,-0.076906
-0.74968,3.8208,3.5066,0.23406,5.2326,0.27517,2.7201,-0.15622
-0.74647,3.0993,3.6939,0.44742,-0.074707,0.028961,3.4141,-0.16518
-0.82324,-5.7146,1.5741,-0.37466,-8.766,-0.011084,-5.2474,-0.18326
-0.76631,-0.21365,3.1826,0.51168,3.3151,0.0069684,-0.91293,-0.15462
-0.72289,-0.69005,-0.18593,-0.78217,3.0618,-0.11141,3.7825,-0.014723
-0.72119,0.066086,-0.48649,-0.0013532,2.3879,-0.33011,-2.6277,-0.021927
4.3769,2.3686,-1.4064,-2.0989,6.0092,0.18142,-3.573,0.091098
4.3436,-1.8192,-1.4013,-1.6965,-9.6527,-0.032525,-4.5435,0.098327
4.312,-0.4392,-4.0012,-1.7191,-2.6229,-0.19913,-3.6395,0.36096
-0.81447,1.3363,-0.43009,-0.38522,3.1653,-0.68649,-3.05,0.17195
-1.0057,1.3756,-2.2924,-0.4364,-3.4163,-0.10887,-0.21887,0.055687
-0.83005,-1.9823,1.6526,0.32942,2.2887,-0.05247,0.10069,-0.042273
-0.70597,1.3528,0.75142,1.8393,2.197,-0.05025,2.1703,-0.16905
-0.78521,-0.3598,1.3094,0.21392,-7.4065,0.02126,2.4297,-0.19064
-0.62738,-8.9779,1.3993,0.39486,-4.1764,0.010511,7.7788,-0.1597
-0.60067,1.4175,0.62185,-0.17266,6.0764,0.34561,-2.2833,-0.18107
-0.72278,0.84739,0.88696,1.0089,5.2625,0.23682,1.6629,-0.051181
-0.76921,-1.5267,1.3691,-1.4861,1.9054,-0.083409,-4.2562,0.083797
-1.0385,2.8628,1.9374,-0.28627,0.29126,-0.053465,-5.7259,-0.023704
-0.98776,0.71791,-0.53331,-1.8134,-10.035,-0.093985,-3.8398,0.1306
4.5955,1.4627,-2.0552,0.77852,3.0292,-0.23111,-1.554,0.21169
4.3189,3.3891,-2.0094,-0.68059,7.1043,-0.12778,-6.4477,0.20887
-0.79891,3.2496,0.85548,-0.33444,-8.1718,-0.021878,-0.28011,0.021468
-0.58526,-0.86842,-1.0214,-0.79396,-3.3384,-0.063618,2.9334,-0.0020671
-0.76825,-0.48941,1.2444,0.81626,-0.44157,-0.11541,1.3121,-0.096766
-0.79023,-0.22786,1.0275,0.55971,-6.2661,0.038491,4.2563,-0.1912
-0.78628,-5.4283,-0.20435,-0.10331,4.1936,0.16005,2.1853,-0.18127
-0.93976,2.8536,1.1178,0.14217,5.7536,0.34693,-1.1276,-0.10499
-0.8608,1.0253,3.1292,1.1212,1.3955,0.020182,2.5558,-0.13035
-0.76366,-4.4144,0.87195,-0.71129,-8.5536,0.018828,3.3887,0.02137
-0.76445,-0.46109,1.5762,0.36367,0.36941,-0.017181,0.65243,0.07063
-0.56957,-0.18715,-2.5621,0.62855,-1.3216,-0.054794,-5.2401,0.020591
-0.73394,3.8748,0.31396,0.68643,2.271,-0.37836,-0.72283,0.058145
-0.76092,1.5599,-1.6121,-2.0499,6.5239,0.15924,-0.58482,0.21822
4.3244,0.79879,-0.65862,-2.1749,-8.9825,-0.018894,-3.1332,0.11483
4.2823,-1.2162,-0.55545,-0.73692,-2.5882,-0.12098,-3.617,0.022368
-0.89977,-0.3692,-1.4786,0.55536,1.6497,-0.40661,-1.8966,-0.063983
-0.8166,0.83276,-2.9741,0.65087,-3.8087,-0.049634,-0.98772,-0.12463
-0.78602,-1.4494,-1.4355,-0.28545,4.7925,0.19032,0.040901,-0.1544
-0.76828,2.0686,0.88402,1.1671,2.339,0.041867,2.1512,-0.11519
-0.69899,1.5462,3.5567,1.0451,-6.9491,-0.020742,1.8496,-0.16795
-0.72065,-7.7953,-1.4393,0.37721,-2.0313,0.022582,1.4488,-0.049234
-0.76813,0.19213,1.1187,0.9793,5.8317,0.35154,-4.0885,0.081777
-0.75712,0.28262,0.4337,1.2035,5.1392,0.22713,-1.7739,0.015505
-0.8389,2.0921,0.60987,-0.57685,2.1601,-0.021718,0.13646,0.19434
-0.72935,1.547,1.6858,-0.08742,2.3196,-0.0088251,-1.5912,0.23618
-0.74148,0.71053,0.77349,-1.6937,-9.7095,0.011968,-1.4346,0.11921
4.3329,2.5599,-0.73665,-0.94583,3.2472,-0.20449,-3.0744,-0.010415
4.3036,2.1019,-2.435,-0.43313,6.4671,-0.14493,-7.3542,-0.022535
-0.78587,1.9967,-0.77517,0.3197,-6.0464,-0.0096272,0.361,-0.13889
-0.78378,-1.653,0.35396,-2.0305,-1.0062,-0.014472,-2.2229,-0.1312
-0.78184,-0.89879,-2.1388,0.66353,-0.2832,-0.0036012,1.9026,-0.11524
-0.9441,-1.4519,1.0061,0.90959,-7.1731,0.055132,2.0166,-0.16331
-0.83854,-6.4978,-0.73397,1.4783,3.8856,0.075315,4.2362,-0.069434
-0.751,3.1369,0.41605,0.57497,6.414,0.40201,-0.5632,0.060019
-0.75498,1.4895,0.070763,1.0498,2.6397,-0.0084593,1.6636,0.16908
-0.48548,-0.5621,0.88936,-1.3752,-7.5478,-0.024805,2.3916,0.22776
-0.68799,0.95577,-1.1387,0.28055,-3.1815,0.0079246,-3.0176,0.19794
-0.6928,1.4151,-1.5612,0.85567,-4.3669,-0.08493,-1.5174,0.083894
-0.74318,3.2335,-0.096416,0.087283,3.443,-0.23269,-0.67011,0.092826
4.3229,3.1626,0.028923,-1.0925,6.7276,0.13717,0.084936,-0.0031867
4.2893,0.077505,0.14265,-0.4272,-8.2035,0.029654,-2.0598,-0.10954
-0.82357,-2.1147,-1.0644,-0.36404,-2.3127,-0.045982,-3.5034,-0.17742
-0.80237,-1.3024,0.99874,1.2153,0.64978,-0.18187,2.8201,-0.16985
-0.80033,-0.22721,-0.34307,-0.086437,-2.6435,-0.036818,3.7555,-0.088004
-0.5966,-2.9595,-0.55325,1.0683,5.0737,0.21833,0.9737,-0.055391
-0.73063,0.73668,0.69748,2.0886,3.9277,0.088105,4.2992,0.0090553
-0.78903,-0.30775,2.5552,2.0391,-4.3668,0.0087075,-0.11608,0.15559
-0.77724,-6.5312,2.2362,0.60804,-6.8322,-0.0082026,7.0819,0.072504
-0.98382,1.3058,3.1746,1.8406,5.2744,0.23231,-4.9127,0.27105
-0.78162,0.8037,-1.6127,-0.015535,5.6074,0.25275,-1.9144,0.21863
-0.76022,1.4087,1.8738,1.8069,3.7901,-0.061737,-1.5802,0.037798
-0.7552,2.3905,-0.019083,-2.1439,3.7308,-0.099517,-2.753,-0.010415
4.3244,0.2701,1.5088,-1.4405,-9.5798,-0.042947,-3.832,-0.074983
4.2932,-0.17634,0.67548,-0.35245,1.4694,-0.17251,-2.7686,-0.17689
-0.849,1.3131,-2.1425,-0.3134,4.4617,-0.58552,-3.0332,-0.21673
-0.81077,-0.60293,-1.808,-0.3475,-4.5615,-0.094672,-1.4741,-0.13595
-0.88895,-2.8264,-2.2649,-0.92339,2.8632,-0.048934,1.6005,-0.11879
-0.91256,0.17001,0.68083,0.6578,0.92841,-0.056943,0.71661,0.048507
-0.76841,-1.467,2.2204,1.1654,-7.8062,0.029718,2.6384,0.33163
-0.78082,-9.3982,-2.1113,1.1905,2.6622,-0.047112,3.5661,0.2318
-0.59825,3.9611,-2.0519,0.33732,6.5079,0.38531,-1.3532,0.058875
-0.67628,1.2334,2.5131,0.069337,5.1242,0.21542,0.65603,0.21912
-0.7292,-1.6477,1.6982,0.22981,-1.6917,0.021594,-2.797,0.16165
-0.7691,2.181,3.349,0.51817,-4.3616,-0.067102,-1.7091,0.032858
-0.6778,1.1755,1.8599,-0.32105,-7.4956,-0.093626,-2.6534,-0.037503
-0.86286,3.1076,-1.6672,0.55632,2.3138,-0.34287,-2.1477,-0.13872
4.3084,2.4749,-0.27274,0.80817,7.316,-0.11946,-6.1928,-0.15958
4.2709,-0.10629,0.39312,-0.70264,-8.8253,-0.0018043,-0.46417,-0.19254
-0.80114,-1.9477,-0.62702,-0.51657,-2.1084,-0.10896,-0.25696,-0.066976
-0.62849,-0.32234,-0.47619,0.66595,-1.4668,-0.19643,0.70427,-0.10623
-0.77207,-1.2118,-0.3562,0.86773,-5.678,0.062486,1.3948,0.14114
-0.79589,-6.2218,0.49394,1.7229,5.4282,0.25307,0.96625,0.2765
-0.78229,3.9183,1.7239,1.0951,5.5877,0.2659,1.8705,0.020835
-0.98247,2.5141,0.55375,-0.53716,-1.0082,-0.019324,3.8572,0.16742
-0.80101,-4.0879,1.1565,0.51841,-9.0033,0.024867,-5.5499,0.19086
-0.75932,1.472,2.1987,0.73639,3.6423,0.046012,-0.62039,0.085209
-0.75792,-0.56321,2.3824,1.7675,1.8517,-0.035284,-0.98348,-0.0022132
-0.50443,1.9729,0.67893,1.4177,3.2102,-0.34662,-1.843,-0.10005
-0.68479,2.229,-1.876,-0.40987,6.4574,0.20135,0.05169,-0.1671
4.3207,-2.06,0.52025,-1.387,-9.8022,0.023442,-1.5573,-0.14943
4.2989,-0.16772,1.6662,-1.5735,-3.6135,-0.10282,-3.4042,-0.17949
-0.91374,-0.65493,-0.75607,2.157,4.1032,-0.4692,-1.8011,-0.10962
-0.93731,-1.0852,-1.0678,0.53836,-2.1899,-0.024927,0.76411,-0.034631
-0.75733,-2.9082,-1.8095,-1.1267,4.0983,0.038035,-1.2103,0.42131
-0.78161,0.98351,1.1817,1.2527,3.1323,0.016364,2.9511,0.27806
-0.35719,0.52911,2.0897,1.1172,-7.1037,0.035141,-1.1033,0.15971
-0.72835,-7.7925,0.085294,1.2421,-0.27907,0.097307,4.4458,0.23167
-0.71777,3.5941,-0.074163,-0.51403,6.3042,0.30653,-1.7923,0.148
-0.76797,0.82158,1.4231,0.86077,6.1397,0.30772,0.089277,0.091877
-0.79225,2.2113,1.2164,-0.072005,-0.52644,-0.067353,0.17971,-0.048017
-0.92198,0.90936,2.1566,0.41527,-0.0044138,-0.086451,-0.49188,-0.10791
-0.83296,1.7271,1.5826,-0.95285,-9.0486,-0.0050516,-2.1428,-0.19168
4.3364,0.32006,0.22883,0.709,0.71819,-0.18654,-2.9294,-0.13892
4.3226,1.6194,-0.51417,0.94886,6.7802,-0.22461,-4.7812,-0.11339
-0.57747,0.4658,-2.1359,-1.0656,-8.4788,0.017313,-0.12668,-0.0174
-0.67515,-2.3332,0.25466,-0.9093,-0.84947,-0.014922,-1.4301,0.051476
-0.79164,-0.054011,-2.2235,0.046703,-0.098187,-0.050102,1.8636,0.23669
-0.78726,-2.6382,-1.0509,1.0495,-7.8104,0.068474,4.1364,0.25874
-0.85703,-3.9569,-0.78129,0.91019,5.5285,0.28576,1.1509,0.21174
-0.81195,4.3956,1.634,1.1093,6.2443,0.35383,2.7749,0.19198
-0.76469,1.1687,3.9368,0.96923,2.244,0.01379,1.3272,0.065276
-0.75318,-0.047101,2.1889,-0.40946,-8.8854,0.052334,1.8349,-0.030056
-0.76752,1.3136,1.4836,-0.73242,0.72672,0.03697,0.15355,-0.11809
-0.6909,0.19872,-2.1109,1.371,-1.4102,-0.1059,-2.176,-0.12899
-0.75765,1.5742,-0.71807,-0.15458,2.8435,-0.32187,-2.7661,-0.20349
