tachometer_signal,underhang_bearing_axial,underhang_bearing_radial,underhang_bearing_tangential,overhang_bearing_axial,overhang_bearing_radial,overhang_bearing_tangential,microphone
4.3153,0.3517,-2.0958,0.77241,4.8642,-0.2896,-4.4973,0.1573
4.2963,0.83306,-0.44899,-0.50785,3.6491,-0.14592,1.0765,0.34477
-0.83199,1.3895,-1.1543,0.44062,-8.4742,-0.074162,0.10022,0.12196
-0.49176,-2.4558,-1.285,-0.12413,-2.8154,-0.055378,-1.5941,0.14269
-0.76389,-0.45609,-4.8642,1.7151,-2.6069,-0.11647,-2.37,0.031957
-0.81647,1.0756,1.6144,-0.032318,-7.1672,0.013379,1.8584,-0.097472
-0.81833,-8.0121,-0.037546,0.10883,0.8934,-0.02381,4.3079,-0.14133
-0.94801,2.0626,5.7574,0.62447,6.0488,0.3735,-2.2482,-0.20592
-0.86746,0.97827,3.5395,1.1499,4.0755,0.11977,0.42585,-0.20733
-0.78646,-0.99337,4.1132,2.5199,-2.4713,0.026715,4.7317,-0.11838
-0.78957,-1.3976,0.32155,1.1209,0.014481,-0.050096,4.7456,-0.019274
-0.79842,-1.2074,-0.81165,-0.36043,-4.3674,0.016595,0.61838,0.02945
-0.65542,0.732,0.85599,0.48557,-6.1913,0.0069171,-5.3449,0.035973
4.3159,2.1443,-1.3197,0.2796,4.5722,-0.16733,-2.806,0.064667
4.2823,1.6546,-1.4336,-1.5281,6.4632,0.12304,-1.849,0.24859
-0.83598,2.5424,-2.1121,-0.95121,-6.611,-0.043159,1.5922,0.079757
-0.97933,-3.3963,-1.2189,-1.0317,-1.9852,-0.073706,0.15504,0.014142
-0.7821,0.45044,-1.9701,0.91531,-1.5125,-0.086361,2.601,0.0062077
-0.80988,-1.0269,-0.65786,1.9422,-4.4051,-0.028302,-0.76271,-0.16844
-0.8067,-7.3717,0.050714,-0.01892,-0.81771,0.019701,3.4205,-0.11205
-0.60611,-0.56087,3.661,0.37964,6.426,0.38359,0.66244,-0.19069
-0.73762,1.89,3.4276,0.9543,4.7543,0.24196,4.3991,-0.19896
-0.79296,-1.8474,0.80247,-1.4821,2.0318,0.010954,0.069967,-0.10163
-0.78401,0.29406,1.8469,-0.13846,1.1933,-0.027615,1.634,-0.018008
-0.9662,-0.38225,-0.41872,-2.1584,-4.5315,-0.053651,1.0209,0.13673
-0.79341,0.2643,0.68496,-0.38663,-6.7641,-0.078179,-4.8696,0.25477
4.3004,3.874,-1.2665,0.10987,4.7978,0.010684,-1.1677,0.07781
4.2645,0.78136,-1.4983,0.12392,6.5032,0.10901,-6.9438,0.12977
-0.59276,2.7409,-0.87451,-0.043526,-5.6631,-0.031626,2.0908,0.072261
-0.81473,-2.0758,0.57127,-0.21622,1.4549,-0.030645,-0.1688,-0.029618
-0.81671,2.31,-0.37023,2.9357,3.0528,0.00032629,3.1839,-0.16494
-0.81569,-1.145,-1.0485,1.5124,-4.3304,0.028358,2.4216,-0.23243
-1.0754,-5.992,0.73015,0.22817,-5.3645,-0.007394,9.5409,-0.18606
-0.89435,1.2677,-1.3435,1.1865,6.9933,0.51877,-5.5459,-0.14525
-0.82494,2.2675,-1.5403,0.3862,5.9729,0.38613,2.0976,-0.069094
-0.79133,-2.0026,0.84752,-0.46034,4.4022,0.15464,2.9378,0.041936
-0.76547,1.3288,-0.65513,-0.396,1.6857,-0.16053,-0.92631,-0.024945
-0.59604,2.0861,-0.96022,-1.2358,-1.3309,-0.085726,-1.8661,0.054932
-0.85803,0.66717,0.64562,0.18235,-9.5014,-0.051168,-2.2051,0.2114
4.2923,1.2039,0.30606,-0.99411,4.0584,-0.050276,-2.2262,0.23384
-0.91673,3.4455,-1.0392,0.16869,5.9155,-0.093433,-3.5279,-0.0029433
-0.96622,0.50544,-3.1151,-0.80834,-3.8531,-0.095359,-1.4945,0.010297
-0.83734,-1.9157,-0.68881,0.02464,3.4717,-0.038172,-2.0247,-0.101
-0.81587,1.554,-0.22481,1.6578,3.5257,0.025393,2.1013,-0.20422
-0.80704,-0.014388,1.4412,0.66708,-3.7069,-0.025517,3.3753,-0.15854
-0.53763,-7.1529,-0.81694,-0.29936,-7.2963,0.067036,9.4918,-0.19628
-0.77346,-0.82147,-0.82408,2.024,6.1731,0.37828,0.050586,-0.11916
-0.79771,1.1476,-1.1157,0.34652,6.1352,0.37028,1.045,0.067393
-0.79233,-1.7402,1.5177,-0.029408,4.7805,0.20563,-1.8194,0.065617
-0.99789,1.3811,-0.45021,0.47131,3.0773,-0.26252,-0.97413,0.056806
-0.88314,2.0452,-0.84049,-0.87866,-0.40617,-0.15271,-4.1505,0.19169
4.3198,0.52889,1.4973,-0.94969,-9.0079,-0.029701,-2.5258,0.1755
4.2829,-0.90476,0.51367,0.2859,3.4784,-0.08099,-3.156,0.20257
-0.66831,2.5663,-0.61378,0.95104,5.1211,-0.18284,-3.8675,0.023707
-0.80887,-1.4851,-4.8192,1.2165,-2.8201,-0.071973,-2.0915,-0.079827
-0.81984,-3.1492,-0.63625,-0.35962,3.919,0.047193,-4.5173,-0.1636
-0.81278,-0.4958,-1.525,2.0146,4.39,0.17811,1.7881,-0.31861
-0.76579,-0.80779,0.66078,2.6372,-4.1588,-0.041657,0.97299,-0.15486
-0.89201,-4.965,2.82,-0.75381,-9.3073,-0.021788,6.2577,-0.096133
-0.75577,-1.4433,1.8346,2.5132,4.7453,0.27093,0.5347,0.059459
-0.7844,1.0712,-0.42836,0.64112,6.2951,0.42753,-0.45053,0.11631
-0.78198,0.80859,0.28207,-1.5409,4.3749,0.15079,1.7154,0.040792
4.2906,0.93592,-1.855,-0.44843,3.6253,-0.22828,-3.6779,0.16555
-0.7529,2.3893,0.13385,-2.3801,1.8731,-0.082735,-3.0777,0.24017
4.3027,1.6981,0.23057,-1.7988,-7.6897,-0.081696,-5.4491,0.056855
4.2661,0.41641,2.5979,0.55421,0.044955,-0.1938,-2.3878,0.016089
-1.0156,2.8448,0.78806,0.94033,4.4821,-0.18853,-0.9035,-0.049745
-0.84504,-0.48378,-1.1612,-0.52133,-0.97152,-0.11424,1.4426,-0.10017
-0.80941,-5.0718,-2.8098,0.51534,4.4989,0.12836,0.764,-0.26445
-0.80968,0.68007,-2.3812,-0.12129,5.7783,0.3765,3.1276,-0.11879
-0.69718,0.46982,0.20904,1.5454,-2.4204,-0.00057857,2.7005,-0.15279
-0.68869,-5.6089,2.135,-0.093952,-7.4052,0.034872,-0.35195,-0.054588
-0.79627,-2.2818,1.0493,3.4816,3.7879,0.15447,0.17058,0.09397
-0.7939,1.7731,2.5056,0.48047,5.9476,0.42393,-0.8773,0.14233
-0.94028,0.48397,3.9494,-0.16323,3.4468,0.022666,1.1544,0.2041
-0.8574,1.5518,-0.4295,-0.85056,3.7768,-0.18773,-3.2961,0.15725
-0.77371,2.4605,0.93634,-3.0286,5.1132,0.15562,-3.796,0.16248
4.3005,-0.17141,-0.3256,-1.3169,-8.29,-0.071511,-2.6072,0.033296
4.2701,0.65328,2.3675,-1.1755,-2.403,-0.2123,-2.6686,-0.048406
-0.70759,3.216,1.5772,1.0473,3.0241,-0.4533,0.48808,-0.13152
-0.76561,0.46952,1.9267,-0.65696,0.6709,-0.11404,2.692,-0.15106
-0.80978,-5.9395,-1.136,1.0709,4.592,0.21278,0.64275,-0.16248
-1.0288,2.1497,0.368,-0.25407,5.9705,0.40698,3.7365,-0.077709
-1.016,2.3037,-0.84397,0.46896,-0.53688,0.021157,2.4823,-0.048528
-0.82693,-4.8751,-2.5537,-0.98506,-7.5436,-0.013555,-2.1211,-0.029301
-0.78529,0.00076174,2.3129,1.4019,1.0659,-0.026518,2.0965,0.17974
-0.77532,0.58575,3.8985,0.78045,5.2881,0.28985,-1.7096,0.050186
-0.77531,0.70262,3.9066,-0.95258,3.2444,-0.016783,-1.2002,0.076958
-0.77289,0.82425,1.9922,1.6952,3.637,-0.26748,-4.6016,0.061917
4.3104,1.2938,-1.8779,-2.8596,5.2029,0.2006,-3.764,0.078686
4.2747,-0.26029,-1.2426,-0.07169,-8.3004,0.008008,0.86923,-0.022852
-1.0829,0.34339,-1.9583,-1.3272,-3.2861,-0.10531,-3.8109,-0.12974
-0.86852,1.2235,-0.17149,0.46685,0.24138,-0.30803,-0.31526,-0.15065
-0.82118,-0.1874,2.2634,0.75162,-1.6176,-0.064394,1.6893,-0.17238
-0.81099,-5.8132,0.3384,1.1883,3.8353,0.11359,1.9418,-0.12405
-0.65549,-0.26999,1.8445,0.52865,6.6842,0.48588,2.2985,-0.10336
-0.74474,1.8911,-0.85051,0.22835,3.1035,0.039242,4.3709,0.024778
-0.80929,-2.2558,-3.1832,-0.66613,-7.145,-0.041914,4.8694,0.11806
-0.80401,-0.48881,2.2556,-0.24406,-2.0843,0.0081364,4.5736,0.24263
-0.93144,-0.67278,3.6494,-0.1153,4.0229,0.14198,-1.5078,0.20378
-0.81354,-0.18471,1.3548,0.58208,-2.3693,-0.033545,-0.63117,0.069024
-0.74288,1.8075,-1.0736,1.3269,4.3323,-0.10069,-2.7807,0.11174
4.2996,2.3586,-1.5644,-3.8451,6.7444,0.35086,3.9765,-0.027695
4.2666,-0.37604,0.5416,-1.373,-8.6968,-0.051527,2.8733,-0.10738
-0.69093,-0.64627,-2.1339,-0.035202,-4.9584,-0.057938,-0.14005,-0.18738
-0.78256,-0.3865,-1.9022,0.23295,-0.48361,-0.23386,-0.56325,-0.18051
-0.81959,1.4382,2.4949,0.43378,-4.0862,0.003535,5.4924,-0.12407
-0.85308,-4.619,0.59442,1.6725,2.8156,0.010633,2.9721,-0.080216
-0.9714,-0.69196,2.6386,0.9975,6.8011,0.52378,2.7424,0.017208
-0.76825,2.4361,7.7142,0.55294,4.8574,0.2267,4.9467,0.14771
-0.79026,-3.8453,-3.1877,0.93542,-3.1595,-0.012368,3.1183,0.23715
-0.79091,0.41564,2.4788,1.2999,-3.7024,-0.01695,4.3578,0.077566
-0.56017,1.0826,-0.26747,-0.1726,0.9973,-0.0072784,0.29022,0.18278
-0.69059,0.25949,-0.83912,0.96369,-4.0013,-0.087587,-4.6955,0.13668
-0.77953,3.5322,0.93465,-0.03368,4.9705,0.028647,-2.0729,0.0018513
4.2898,0.92285,-1.9505,-1.1554,7.8182,0.4091,-3.8547,-0.068704
4.2575,1.395,1.1587,-1.1709,-6.752,-0.020678,3.2998,-0.17959
-0.85454,-1.5596,-1.034,-0.54268,-2.9984,-0.037107,-0.75807,-0.2296
-0.81341,-0.75497,-0.88701,1.9294,0.52699,-0.17363,-1.0795,-0.14758
-0.81758,0.9638,0.3682,-2.2806,-3.1131,0.018841,1.4527,-0.10609
-0.61945,-6.9444,-0.89527,1.1058,2.6152,-0.0048013,6.2312,0.11064
-0.66778,1.9089,1.5307,-0.59452,7.6234,0.63836,-5.1929,0.073989
-0.80739,1.6735,5.4498,1.0331,6.3358,0.47773,3.9693,0.12123
-0.80294,-4.2416,3.5725,-1.0024,-0.0046001,0.0079888,6.0096,0.27239
-0.77774,1.0823,-0.4108,2.1956,-0.71496,-0.039815,-1.6763,0.19906
-0.8845,0.59789,1.9575,0.82951,0.1748,-0.10396,0.10218,0.082434
-0.82737,1.41,1.2891,0.89918,-5.1901,-0.099183,-2.2471,0.0088119
-0.77192,2.0423,-0.11755,-0.38535,5.5405,0.23263,-2.5559,-0.072039
4.2879,1.6343,-1.1815,-1.067,8.0725,0.36638,-5.1822,-0.089343
4.2556,1.5078,-1.5508,-1.3998,-4.7938,-0.097528,-0.4417,-0.20463
-0.75034,-3.3848,-1.9987,-0.96936,-1.2006,-0.055025,-0.92747,-0.19704
-0.81632,-0.74133,-0.0011988,0.72408,1.8941,-0.17079,0.069941,-0.13804
-0.81313,-0.59709,-1.3033,1.1062,-3.9255,-0.026756,1.7339,-0.0084923
-0.97297,-6.056,0.83815,-0.57347,-0.077032,0.0082776,2.6108,0.21155
-0.8749,-1.0005,-0.5898,-1.3087,7.3562,0.567,-1.3045,0.33898
-0.79223,3.1773,4.5927,1.8868,6.4244,0.47214,4.6329,0.080974
-0.77852,-2.2127,5.8936,0.046536,1.6359,0.0097023,2.4451,0.12079
-0.63588,3.0413,2.209,0.49112,-1.6171,-0.072474,4.8133,0.10568
-0.70883,1.3088,-2.7454,-0.84694,1.911,-0.059523,0.4475,0.020324
-0.77389,0.76673,0.97177,0.48349,-6.7144,-0.083281,-2.4273,-0.036627
-0.724,1.2936,0.077714,1.8245,5.4426,0.27032,-1.4484,-0.13534
4.2886,1.1911,-1.4407,-1.7019,7.6932,0.37594,-6.3439,-0.19621
-0.86799,1.8234,-3.5577,-2.36,-3.5387,-0.10377,2.1,-0.20728
-0.81033,-5.0648,-3.5939,-0.15364,-0.79592,-0.077082,-1.4105,-0.16077
-0.8012,0.31349,-0.95506,0.20998,3.4842,0.021716,2.2769,0.046998
-0.58643,0.88463,-0.79622,0.18214,-3.2115,-0.01917,4.7079,0.18575
-0.7058,-6.5044,1.9836,-1.4133,-3.3483,0.015754,5.5259,0.16684
-0.73245,-0.97807,-1.5546,0.75845,7.1121,0.60376,-2.5583,0.25516
-0.79456,2.4557,2.2539,0.83461,6.0208,0.47127,4.1406,0.23591
-0.77006,-1.006,1.2517,0.6601,3.3975,0.060734,2.4959,0.17132
-0.92922,2.3739,2.5066,-0.46261,1.184,-0.070337,-0.85449,0.066687
-0.73584,2.5902,-0.61262,-1.2582,2.5723,-0.075182,-0.97941,-0.038769
-0.75922,-0.31412,1.4866,-0.075306,-6.5421,-0.055859,-1.1752,-0.12658
4.3093,2.1582,-1.4806,0.96351,4.929,0.18662,-2.9913,-0.075495
4.2872,1.5276,-2.9653,-0.10044,6.6474,0.11644,-3.3579,-0.21215
-0.76642,1.1369,-2.8826,-0.88692,-2.7668,-0.087048,2.03,-0.17421
-0.81244,-4.1727,-4.1253,-1.3166,0.72948,-0.11603,-1.7311,-0.051522
-0.80537,-0.73386,-2.0543,-0.3399,4.1801,0.11616,1.1404,0.13203
-0.99245,1.4861,-1.2691,0.47006,-2.5416,-0.091951,4.3953,0.17158
-0.86708,-6.996,0.31693,-0.29701,-6.4514,-0.018464,4.9382,0.17733
-0.7793,0.41571,0.69114,-0.21357,6.4713,0.52584,1.0018,0.26648
-0.78323,1.7209,0.27489,-0.042839,6.3815,0.52795,-0.46655,0.15528
-0.47071,0.18319,2.9397,-0.34745,3.8062,0.13866,2.6821,0.10147
-0.64574,1.5754,0.34496,-0.30114,1.7226,-0.11797,0.47205,-0.021464
-0.76433,1.8009,-0.086067,-0.82604,3.5712,0.08969,-0.26719,-0.13527
-0.76307,0.66136,2.5907,-0.52803,-7.6335,-0.1421,-3.3922,-0.16192
4.3117,1.0804,-1.616,-0.54081,3.7889,0.017095,-3.8441,-0.14863
4.2876,1.0334,-3.0112,0.98068,5.5815,-0.16447,-1.2628,-0.16983
-0.82837,-0.25512,-4.5299,-0.81497,-1.0405,-0.10895,-1.5341,-0.066806
-0.80325,-3.1393,0.17197,-0.42798,0.64873,-0.15962,-0.89848,-0.038744
-0.58973,-0.16371,-1.936,-0.53583,4.0031,0.12931,2.7839,0.23004
-0.61855,2.0059,-1.8382,-0.42618,-0.76353,-0.057213,3.6924,0.32783
-0.73817,-5.175,1.0689,-0.63495,-7.6366,-0.10561,0.5899,0.19616
-0.78907,-0.3998,0.9619,1.2833,5.4324,0.43932,-0.88792,0.13537
-0.70979,2.7419,1.8226,0.80618,6.5084,0.51804,0.084294,0.040743
-0.88581,0.36152,1.946,-0.092565,4.62,0.2513,2.2248,0.0043094
-0.85321,1.7649,1.9428,-1.774,2.4422,-0.14327,-0.98926,-0.069994
-0.76135,1.0962,1.8578,-0.13438,4.3976,0.14369,-2.1081,-0.11621
2.0145,0.417,2.4087,-2.5268,-7.6831,-0.11274,-4.1477,-0.12843
4.3098,0.33647,-0.22611,0.34377,2.1077,-0.21125,-3.4995,-0.19872
4.2457,-0.602,-1.0068,0.71448,4.353,-0.38058,-3.1798,-0.1009
-0.81805,-0.45138,-4.9035,0.68308,-0.92454,-0.22998,-2.1413,0.0313
-0.81004,-2.3598,-0.88391,0.62977,0.23731,-0.17836,0.096457,0.056611
-0.8807,0.53448,-2.4436,-0.079597,4.3584,0.1719,3.795,0.30138
-0.83229,2.1466,-0.94452,1.2508,-0.33876,-0.036972,5.0517,0.3714
-0.7843,-3.9867,-1.0146,-0.19155,-8.4955,-0.071306,1.9095,0.28887
-0.77506,-1.2161,0.31289,1.9594,3.9601,0.16778,1.1816,0.010589
-0.58203,2.8263,0.81956,0.98239,5.664,0.37277,0.41821,0.020129
-0.66605,-0.75907,3.3688,0.0030401,4.6731,0.27817,2.1176,-0.068534
-0.76499,1.2723,2.6364,-0.24504,2.3815,-0.19364,-2.3476,-0.123
-0.7665,1.0204,0.90294,-0.70163,3.8011,-0.028905,-1.7021,-0.15995
4.2881,-0.49272,1.809,-1.4248,-7.8762,-0.15645,-6.2875,-0.1847
4.3119,0.044117,1.0096,-0.67718,-0.21811,-0.21356,-4.5239,-0.094746
-0.73963,-0.82095,-2.657,1.3025,4.0113,-0.36943,-3.8136,-0.008322
-0.80194,-0.48802,-3.8559,0.32493,-1.6739,-0.24607,0.13079,0.079976
-0.79559,-3.7062,-2.0413,1.6752,1.8594,-0.15679,-2.5104,0.10738
-0.66374,0.56424,-1.9176,0.094881,4.6396,0.26914,4.8238,0.30486
-0.72106,2.5731,-1.1441,0.8693,-0.26157,-0.025369,4.1352,0.23021
-0.79239,-2.6901,0.69431,1.3591,-8.5572,-0.038198,0.098371,0.16511
-0.78577,1.2127,1.3099,1.3538,2.5636,0.070495,4.0933,-0.0094658
-0.88146,4.229,-0.25589,-0.17388,5.6538,0.4262,-2.0088,-0.074837
-0.79917,0.55126,1.4499,-0.99414,4.4712,0.25322,-0.78426,-0.14471
4.3452,0.51667,-1.316,-1.32,2.9067,-0.16507,-2.7067,-0.13335
-0.77002,1.5056,2.3678,-0.34623,4.0737,-0.028989,0.74081,-0.12899
4.3241,0.0069718,1.2929,-0.028715,-9.3515,-0.089634,-1.7167,-0.1395
4.3018,0.16046,3.5663,-1.3555,-1.6446,-0.1957,-5.742,-0.029423
-0.82381,0.86261,-4.1889,0.99138,2.7587,-0.47456,2.2867,0.09049
-0.81958,-1.5585,-2.2392,0.3263,-0.52014,-0.2343,-0.23801,0.058096
-0.90323,-3.6447,-4.9554,0.32051,1.7762,-0.19638,-2.9823,0.52317
-0.9202,1.0349,-2.5287,0.42531,5.1917,0.32249,2.4417,0.25163
-0.79114,2.3494,-1.4762,0.048045,0.24334,-0.054203,2.1485,0.1637
-0.78697,-2.7077,3.3139,1.1278,-8.4789,-0.081978,1.6465,0.053302
-0.4999,0.61724,1.4495,2.5579,0.59906,-0.041888,4.1758,-0.064713
-0.63868,0.44188,4.3448,0.36999,4.9072,0.32759,-2.7628,-0.12697
-0.76101,0.25251,1.5042,-0.712,3.2849,0.10074,-0.95812,-0.18424
-0.77309,-1.6917,-0.89442,0.44185,2.8433,-0.16734,-3.4429,-0.19575
-0.76532,1.5158,-1.0475,-1.3521,5.0515,-0.010288,-0.15592,-0.13717
4.325,0.52739,-1.2087,0.10625,-10.199,-0.14291,0.62749,-0.09185
4.3063,-2.4223,-0.45145,-1.7271,-6.6207,-0.23127,-4.1843,0.073453
-0.80777,2.4382,-1.1996,0.33593,1.2497,-0.65496,-0.51813,0.16589
-0.79578,1.3614,2.0639,-0.76288,-1.1007,-0.22891,1.795,-0.020759
-0.69362,-3.7016,-2.0014,0.87051,0.47738,-0.12372,-0.46977,0.2756
-0.71469,2.0051,1.1503,-0.8556,5.854,0.4453,1.3722,0.239
-0.79112,3.3773,-0.34363,0.10081,1.3246,-0.042665,3.6621,0.053569
-0.78575,-0.29348,-1.5185,-0.99464,-8.2159,-0.011745,7.0439,-0.037868
-0.90954,-0.16188,3.4404,1.6657,-3.6595,-0.056462,6.6507,-0.13507
-0.79441,0.34743,1.4964,-0.397,4.2378,0.23048,-1.2706,-0.18166
-0.76246,0.28922,1.9836,-0.4827,0.79697,-0.049531,-1.766,-0.17477
-0.74807,1.0061,1.5141,0.77663,1.7954,-0.39718,-1.4505,-0.11037
-0.65469,1.2905,-1.769,-2.4301,5.5646,-0.13297,-2.2986,0.021687
4.3334,-0.71374,-2.5594,-0.74212,-10.207,-0.10655,-1.1565,0.055346
4.4505,-3.3466,-5.9888,0.31996,-8.4241,-0.21567,-2.2241,0.12719
-0.81343,2.1323,-0.64626,-0.74213,-2.0708,-0.49451,-2.4076,0.26044
-1.0105,2.3129,0.96736,1.1345,-4.1508,-0.21515,2.4681,0.18049
-0.79365,-4.0726,0.8984,-0.18042,-2.4799,-0.03395,0.84444,0.22542
-0.72731,1.2911,2.4152,0.70607,5.6297,0.39106,-2.9574,0.15348
-0.77494,4.1455,2.074,1.8825,2.7658,0.055985,3.2501,-0.022292
-0.83931,-1.1264,-2.6144,-0.81307,-5.3191,-0.049647,2.0034,-0.092507
-0.67034,-1.1238,0.47744,1.4082,-6.9588,-0.038153,0.44716,-0.20643
-0.72881,-0.53517,1.9607,1.9056,2.8036,-0.0059885,0.15174,-0.19453
-0.76433,0.074114,0.82315,-0.85322,-4.1782,-0.1164,-1.2158,-0.14595
-0.86973,1.9216,1.1033,0.013631,1.0858,-0.34834,-2.2162,-0.11465
-0.90975,0.52733,-2.8308,0.54951,6.66,-0.05172,-9.7335,0.01604
4.345,-0.56723,-0.82779,-0.091351,-9.5798,-0.092105,-0.29356,0.38264
-0.79226,-1.987,-2.7843,-1.2318,-7.6441,-0.071652,-2.8352,0.20174
-0.79538,-0.32802,-2.4766,0.30696,-3.0436,-0.31762,-3.5768,0.024802
-0.63537,0.72555,-2.5299,1.6934,-4.112,-0.095192,-0.21225,0.22819
-0.76704,-4.3639,-0.1132,0.67675,-3.7767,-0.085867,0.36201,0.2673
-0.78294,1.4737,0.78733,1.2154,5.9466,0.42902,0.33978,0.0026788
-0.77967,3.0117,6.0783,2.2777,4.5188,0.27243,2.7034,-0.095719
-0.84114,-0.62147,0.25536,0.29114,-1.4912,-0.025921,2.2386,-0.19378
-0.81428,-0.097122,-0.92028,-0.28966,-7.4594,-0.076363,-1.964,-0.23771
-0.74864,-1.5752,-0.74113,-0.96625,1.3318,-0.037505,0.60974,-0.16817
-0.75316,0.054456,0.58388,-1.2788,-7.0911,-0.062957,-3.5972,-0.095622
-0.40093,2.3521,0.76404,0.90486,2.3337,-0.23181,-3.2303,-0.077855
4.3456,0.61992,-3.9831,0.52721,6.7311,-0.094871,-6.2776,-0.018252
4.3216,1.7391,-1.4424,-0.13293,-7.1822,-0.067616,-2.7054,0.24326
-0.81077,-2.2343,-0.78573,-2.2116,-7.0781,-0.11582,-1.9152,0.23557
-0.89902,-0.73468,-0.033749,1.8566,-1.07,-0.32432,-1.2399,0.10113
-0.85428,0.46161,-2.5463,0.41048,-5.1517,-0.081433,1.8463,0.24837
-0.8488,-3.5889,0.18155,0.59456,-3.8899,0.01877,0.83444,0.016113
-0.77869,-1.369,0.10009,-0.85391,6.3343,0.4479,-4.9556,-0.07749
-0.75828,3.1654,6.8265,0.85342,5.5886,0.36486,2.4085,-0.1177
-0.62878,-1.5102,4.3401,-1.6549,1.3272,0.00018511,2.5649,-0.2407
-0.71442,-0.41757,0.42725,-1.1431,-6.3767,-0.038159,0.33901,-0.18864
-0.76309,-1.1967,-0.066004,1.4807,-0.62638,-0.048735,-1.9731,-0.13468
-0.7655,0.14589,-0.24093,0.15743,-8.59,-0.11654,-2.2375,-0.043442
-0.88066,1.2039,0.083875,0.068155,2.2056,-0.21732,-2.7761,0.11575
4.3394,1.484,-1.9268,-0.96464,6.3241,-0.17227,-5.24,0.040719
4.312,2.5242,2.1183,-3.0823,-5.2511,-0.051302,-0.38646,0.25993
-0.79062,-0.40061,-1.2015,-1.7047,-6.3663,-0.070285,-0.84177,0.062453
-0.60833,2.903,-0.012916,0.78006,0.36014,-0.15971,-0.89141,0.051549
-0.7431,3.0703,2.0947,-0.14216,-4.3981,-0.03592,4.4248,0.061747
-0.78966,-3.4914,4.573,-0.71404,-5.8446,-0.0005529,4.7311,-0.091168
-0.78594,-4.9269,3.5495,2.7704,5.5145,0.34672,5.1358,-0.11227
-0.86545,4.2713,7.6657,-0.53531,5.3804,0.37351,0.95017,-0.14919
-0.79297,-2.1833,3.0337,-1.409,2.5579,0.018635,1.2796,-0.18818
-0.75271,1.0122,4.1149,0.57359,-3.1298,-0.03814,4.4462,-0.11928
-0.74946,1.437,0.070429,-0.41971,1.6299,-0.017931,0.38379,-0.086958
-0.56332,-0.55333,1.6904,-0.0025093,-8.9127,-0.14561,-3.749,-0.036238
-0.66321,1.9729,-0.82461,-0.12852,1.0294,-0.21013,-2.8194,0.12824
4.3385,-0.92302,-2.9919,1.0819,5.9059,-0.24768,-2.5349,0.29004
-0.69361,2.68,-4.3009,-0.46073,-5.073,-0.13488,1.0092,0.25672
-0.74446,-1.4406,0.47513,-0.4512,-5.5209,-0.12404,-0.4331,0.17151
-0.84193,-0.12516,-2.8503,-0.22832,1.3754,-0.10258,-0.13259,0.057147
-0.75305,4.2377,0.97046,0.037981,-4.7921,-0.084584,4.4407,-0.059456
-0.77534,-3.9656,2.6825,0.26673,-9.3972,-0.0032675,7.6705,-0.17864
-0.77891,-1.9319,2.9027,2.0893,4.3898,0.26176,6.7165,-0.1194
-0.53272,1.9093,3.9648,-0.5054,5.4446,0.32438,1.5795,-0.19928
-0.70974,-1.9401,1.491,-0.55748,2.6566,0.0011477,3.6131,-0.1461
-0.76758,1.5548,-0.37871,0.11313,-1.1159,-0.075625,-0.3145,-0.071746
-0.76028,2.4369,-0.12168,0.023722,2.7441,-0.055134,-3.2326,-0.049648
-0.78243,0.47312,1.8074,-1.6145,-9.5885,-0.15371,-4.4549,0.10616
4.2913,0.272,-1.6554,-0.080625,0.9045,-0.15534,-4.4946,0.285
4.3267,0.23752,-4.1237,-0.0089129,5.0566,-0.37184,-1.854,0.43195
-0.81002,1.9347,-7.9008,-0.96695,-2.4399,-0.097085,-3.3633,0.12717
-0.5888,-0.027752,1.7779,-0.46854,-2.4582,-0.097111,-0.034254,0.087253
-0.69059,-0.023713,-3.0174,0.077141,2.6752,-0.06666,1.4592,-0.014698
-0.79093,1.7462,0.1363,0.43634,-3.4713,0.0013531,2.5705,-0.17949
-0.7925,-4.797,1.5095,0.16693,-8.5465,-0.0020546,3.1217,-0.17287
-0.90475,-2.0941,0.24753,0.85562,4.0138,0.13946,1.8372,-0.20582
-0.91437,0.82913,1.8553,-0.040616,5.6894,0.37171,-4.5893,-0.13792
-0.75615,-2.1422,0.25227,-0.6094,3.4828,0.066824,-1.5227,-0.093139
-0.76019,0.23597,0.86249,1.0364,-0.62507,-0.066384,-1.0887,0.044564
-0.36959,0.7159,0.30687,-0.27351,4.5878,0.1308,-1.6042,0.078491
-0.58624,0.060262,2.6006,-2.2164,-9.5743,-0.067064,-4.7708,0.20756
4.3421,0.87539,-0.58401,0.92711,0.35517,-0.081529,-3.8506,0.081704
4.3068,0.58914,-2.1415,1.5882,5.0051,-0.20585,-6.2672,0.21035
-0.7195,2.0815,-4.0463,-0.72065,0.14086,-0.12346,-3.0788,0.083773
-0.88786,-0.7377,-0.62954,1.4814,-2.2932,-0.070112,-2.0974,-0.016305
-0.83587,1.065,0.067545,-1.9172,4.0429,0.10469,1.6024,-0.12356
-0.7822,1.1026,-1.2465,0.21507,-0.69199,0.022524,1.8694,-0.19463
-0.76784,-2.2921,0.31728,-0.86191,-8.2999,-0.051373,0.8516,-0.12446
-0.57654,-2.2078,-1.2601,2.7469,3.1279,0.05105,6.1561,-0.18039
-0.73815,0.91869,1.9175,1.0179,5.8941,0.39772,-3.7852,-0.094551
-0.77154,-0.41667,0.12649,-0.89184,4.0498,0.18235,-1.3737,0.0022893
-0.76863,-0.19621,0.38731,0.85199,1.6672,-0.122,-1.6513,0.06457
-0.87608,1.4138,1.171,0.17084,4.7648,0.14831,-1.9771,0.13749
-0.76195,0.70188,0.95246,-2.1097,-8.2696,-0.088826,-5.6283,0.26443
4.3355,-0.40933,-1.5425,-0.44267,-0.52225,-0.11096,-2.1384,0.12848
4.2973,2.2231,-0.62023,1.3156,4.337,-0.29444,-6.132,0.095065
-0.67147,0.26689,-3.6199,-0.45591,-1.2553,-0.12756,2.646,0.027576
-0.62312,-1.485,0.35322,1.9038,-0.98979,-0.099876,-0.82725,-0.061573
-0.79695,0.21143,0.20545,-1.6985,5.108,0.26942,1.9602,-0.19679
-0.78734,2.9866,-0.048904,1.2473,-0.63828,-0.04887,4.6382,-0.22758
-0.77254,-5.5512,0.72508,0.43761,-8.7283,-0.0268,3.6882,-0.14043
-0.80286,-0.0044465,-1.948,3.5013,2.9504,0.053418,0.46358,-0.14583
-0.68412,0.89223,0.7336,-0.73166,6.1883,0.45277,-1.1703,-0.01095
-0.75172,-0.037379,-0.39337,-1.0353,4.1391,0.1259,-0.23318,0.12193
-0.78722,0.43248,-1.4871,0.63774,1.3884,-0.24608,-3.36,0.0021677
-0.55425,1.9591,-1.443,0.12716,4.7398,0.045255,-1.5686,0.073745
4.378,-0.44177,-0.64912,-1.622,-8.4022,-0.078192,-3.6675,0.19127
4.316,-1.3468,-0.50843,0.57371,-2.3017,-0.10058,-3.8714,0.19672
-0.7898,3.6366,-1.1935,0.67895,3.4843,-0.31742,-0.37319,0.0093473
-0.89456,1.509,-0.85835,-0.79845,0.97659,-0.12503,-1.3319,-0.063618
-0.7895,-4.081,-2.9224,2.1874,-0.72106,-0.076267,-1.4322,-0.14043
-0.78312,0.14415,-0.14001,0.10128,6.4847,0.50191,-0.65054,-0.20232
-0.78763,3.3767,2.4414,-0.35173,0.5298,-0.0025167,1.6694,-0.17647
-0.53619,-1.8187,1.888,-0.11166,-7.9647,0.021132,5.198,-0.16676
-0.70826,-3.0779,1.0659,2.6799,0.63796,0.02941,6.9665,-0.070627
-0.77569,1.2819,1.3143,1.3978,6.1343,0.44759,-3.6799,0.12965
-0.77403,0.60234,-2.3316,-0.40634,4.2733,0.16028,-0.052447,0.078078
-0.96388,1.0985,-1.7363,-0.2202,2.3922,-0.22552,-0.62304,0.078175
-0.80843,2.2752,-2.3605,-2.8252,6.2647,0.068878,1.4456,0.17618
4.3401,1.1263,-1.2335,-2.171,-8.4135,-0.044981,2.5615,0.081071
4.301,-2.9158,-2.0474,-0.00064021,-5.5511,-0.11255,-3.0837,0.094433
-0.49131,4.651,0.95887,-0.29123,2.0802,-0.3676,-0.95194,-0.051011
-0.66378,1.1147,-0.16294,0.13628,2.7837,-0.13199,-0.54506,-0.1368
-0.77153,-2.8334,-2.1259,0.26746,-0.88462,-0.053709,0.029098,-0.20609
-0.79734,-2.4029,1.5542,-2.3165,6.8843,0.52953,1.8594,-0.28828
-0.96843,3.0482,2.0875,1.174,2.9738,0.0069235,2.8855,-0.15055
-0.88801,-1.5683,2.1973,-0.78723,-5.9378,-0.020543,4.7431,-0.038744
-0.81827,-2.6934,1.7472,0.88492,-1.5685,6.3175e-05,2.2225,0.10081
-0.76502,0.39369,2.856,1.039,6.0266,0.45693,-2.25,0.1516
-0.75112,0.93179,-3.4891,0.8624,3.9805,0.14498,2.3393,0.097475
4.3171,1.571,-0.75396,-0.73819,2.9513,-0.13141,0.17532,0.21186
-0.76798,2.7821,-1.3228,0.19018,6.4013,0.24804,-4.6279,0.14364
4.316,2.6329,-2.3144,0.045213,-6.3726,-0.040252,-0.26243,0.02339
4.2795,-0.71799,-4.7875,-1.8895,-8.0095,-0.093202,0.17313,-0.0459
-0.89214,3.1417,0.84787,1.3796,-0.38502,-0.35024,-2.3098,-0.14167
-0.80765,1.8316,0.50492,-0.68975,1.6388,-0.14637,1.5228,-0.12308
-0.79491,-2.9972,-0.78153,-1.0923,-1.7956,0.020779,0.93445,-0.19112
-0.78327,-3.9951,0.92033,-0.0094781,6.5098,0.54777,2.6038,-0.087347
-0.55163,1.9465,1.5681,2.5057,3.8749,0.19334,2.5908,-0.11147
-0.70394,-0.55678,-2.715,0.72817,-2.461,-0.021217,0.17229,0.028696
-0.79085,-2.9826,0.82642,0.81234,-6.8072,0.02076,6.0958,0.19414
-0.784,1.0618,4.0007,-1.0021,5.1428,0.31872,0.86255,0.13654
-1.0089,-0.069938,2.8602,-0.18304,1.1301,-0.043627,0.49163,0.13836
-0.76436,1.6489,0.413,-0.29901,2.5994,-0.10891,-1.9997,0.073015
-0.75433,4.5903,-0.51246,-0.14689,7.3986,0.38196,-5.7597,0.11256
4.313,-0.39871,-4.1023,-1.3645,-7.0082,-0.060268,0.92598,-0.022779
4.2638,-0.61221,-4.0197,-1.4763,-7.7367,-0.097297,-4.0557,-0.10468
-0.60959,0.71247,-3.4043,2.779,-1.9851,-0.32039,1.1684,-0.22391
-0.81762,-0.37505,-2.4968,-0.29774,-0.22464,-0.10457,-0.81409,-0.1701
-0.79761,-4.2512,-0.79195,-0.18432,-1.8896,-0.043723,1.8459,-0.14284
-0.90951,-0.95798,0.72374,-0.53897,6.5761,0.55355,-1.8945,-0.060721
-0.97599,1.4375,1.1974,1.7141,5.2696,0.40621,4.8626,0.1232
-0.72079,-0.87773,-2.4753,0.26967,-0.031683,-0.054652,4.0616,0.0056723
-0.76134,-2.0338,0.26756,1.3195,-7.4827,-0.05634,-0.77829,0.20641
-0.76568,0.43933,1.2682,1.4979,3.7803,0.17956,1.8283,0.09745
-0.58485,0.26529,0.14248,-0.67649,-2.5345,-0.10223,-3.8111,0.076082
-0.76621,1.6852,-0.50083,0.51443,2.3017,-0.19075,-0.83946,0.054908
-0.74806,2.654,-1.718,1.3752,7.2679,0.32598,-5.2859,0.013923
4.3061,0.06624,-2.2475,-2.5848,-6.3586,-0.016154,1.3914,-0.074716
-0.97766,-0.013482,-1.3403,-0.62606,-7.3153,-0.1225,-3.4426,-0.18665
-0.86158,-3.3532,-3.8148,-0.13722,-1.6234,-0.23246,-0.51724,-0.20563
-0.78438,0.79119,-1.6039,0.25662,-2.6727,-0.060685,1.1315,-0.1551
-0.7849,-4.6308,-1.5097,0.65841,-3.5868,-0.083968,2.2678,-0.05359
-0.55939,-2.2398,1.9076,-0.21599,6.1044,0.46183,1.1402,0.00065871
-0.70487,1.1013,2.7835,0.6765,5.7219,0.43255,2.9337,0.12924
-0.78166,-1.4599,3.232,-1.1462,2.5372,-0.0080293,3.5528,0.21675
-0.77814,0.18367,-0.21667,-0.3794,-7.0523,-0.044988,1.6,0.2141
-0.89107,1.0304,0.80563,1.9072,2.5955,-0.014383,2.0353,0.21403
-0.83815,-0.72465,0.68421,-0.7005,-6.359,-0.045636,-1.1632,0.058145
-0.81045,2.5135,1.7629,-0.20887,2.4836,-0.057232,-2.284,0.034878
4.3266,3.0506,-1.4437,-0.22781,6.7486,0.23421,-0.51916,-0.058166
4.2953,3.1898,2.9127,-4.8888,-3.5965,-0.061821,2.6889,-0.13992
-0.62924,-0.89983,-1.4123,-0.7904,-6.8525,-0.072397,-1.7796,-0.21846
-0.81363,-1.6983,-0.25357,1.1183,1.2275,-0.19416,-0.53118,-0.18769
-0.79791,-0.47709,-2.4048,0.4593,-2.6032,-0.032762,4.1975,0.0080087
-0.7432,-2.0783,-0.050002,-0.10774,-3.4906,-0.064163,2.5296,-0.045973
-0.91192,-3.6244,0.34801,-0.26029,6.1825,0.44981,0.15746,0.043542
-0.75978,2.7671,3.4444,1.2254,6.4588,0.53791,2.3383,0.2189
-0.7645,-1.6828,5.9565,-0.61783,3.8192,0.16516,1.8086,0.30503
-0.75192,1.464,1.1515,-1.38,-2.4359,-0.031331,-0.5119,0.063767
-0.55825,2.4461,0.074226,0.2334,1.858,-0.031691,-1.26,0.13785
-0.75192,-1.3683,4.1766,-0.65958,-6.2145,-0.085039,-4.2453,0.085768
-0.75736,2.3842,2.0363,-1.5099,0.42654,-0.075914,-2.3557,-0.063642
4.3151,0.38473,-2.0563,1.3541,6.6186,0.1556,-4.6854,-0.076784
4.2838,2.8266,1.2805,-1.3684,0.64483,-0.093478,1.4186,-0.20955
-0.84495,-0.60584,-2.2375,-3.2594,-5.9828,-0.084057,-2.6323,-0.20964
-0.78477,-1.6507,-2.9433,0.84222,2.787,-0.035682,2.3285,-0.12828
-0.78478,3.2466,1.3804,0.44132,-3.4148,-0.047805,3.8215,-0.026892
-0.50671,-2.1362,1.2092,0.22829,-5.835,-0.0075993,3.836,0.19836
-0.63251,-4.2824,-0.049681,0.22486,5.394,0.4231,0.0050995,0.18331
-0.80366,2.1771,3.1172,0.28312,6.6017,0.56981,0.54647,0.071044
-0.78579,-1.1615,3.397,-0.010763,4.2724,0.26844,1.6294,0.2232
-0.9746,3.1878,3.818,-1.7756,-2.435,-0.017623,3.7526,0.16586
-0.78358,1.8931,3.499,1.2916,2.0885,-0.052945,0.28188,0.035754
-0.73214,-0.37163,1.5978,-3.3397,-6.1668,-0.10481,-3.4124,-0.017741
-0.74662,1.4163,-0.66299,0.4916,0.027152,-0.11024,-2.6863,-0.13558
4.314,-0.53628,-2.4615,1.022,5.9983,0.079929,-2.1202,-0.13011
4.2759,1.6852,-5.0487,-2.0391,2.2772,-0.12417,-2.6713,-0.20076
-0.83091,-2.735,0.066388,-1.6988,-4.4021,-0.091662,0.31736,-0.15131
-0.79725,-2.1204,-3.3009,-0.10717,3.8623,0.094651,2.5956,-0.076979
-0.79922,2.9478,-3.2388,0.80224,-1.6004,-0.081882,3.8961,0.0091526
-0.92354,-0.45996,0.93624,0.71117,-6.749,-0.083647,2.3641,0.28612
-0.81207,-5.8862,1.5592,2.0029,4.699,0.3201,-0.54988,0.37232
-0.76507,2.5524,3.0754,0.80404,6.7751,0.52756,-1.2332,0.075327
-0.76795,0.96007,1.4704,1.605,4.9158,0.36442,3.4743,0.08331
-0.55178,2.3727,1.3429,-1.0851,1.532,-0.06331,-0.40007,0.094287
-0.63689,1.2904,2.2616,0.68317,4.5597,0.20472,0.96209,-0.0024809
-0.75296,-0.18465,1.9526,-2.9899,-6.0392,-0.13061,-2.1927,-0.097374
0.34042,0.53857,1.3392,0.12873,-0.85991,-0.11531,-3.3164,-0.17185
4.3111,-1.4955,-1.9536,0.67997,6.0585,0.22616,-3.0713,-0.18886
-0.89217,0.77726,-4.1949,-0.39168,2.6487,-0.091322,-0.057064,-0.18017
-0.78466,-3.9487,-2.7059,0.034833,-2.5564,-0.14941,-0.95506,-0.097496
-0.78693,-1.3127,0.23921,-2.1466,4.6197,0.24622,0.90957,0.090173
-0.67862,0.8113,-3.1777,1.4149,1.1833,-0.060813,0.57156,0.3686
-0.60821,-1.5519,0.88911,0.37966,-6.7659,-0.072153,3.7336,0.19127
-0.80098,-6.3848,2.0738,5.9452,3.5517,0.1678,6.5408,0.27351
-0.77847,3.142,3.6182,0.46401,6.6882,0.54649,-1.7839,0.23377
-1.0389,1.7023,2.4559,1.043,4.8938,0.38939,0.53256,0.12997
-0.86188,1.7766,0.2828,0.69204,2.813,0.016293,2.3244,0.016941
-0.78645,0.31649,0.15487,0.61098,5.9414,0.3694,2.0934,-0.048966
-0.7443,-0.49064,-0.87143,-1.3852,-5.4481,-0.060627,-0.44157,-0.14953
4.3322,1.2934,1.0276,0.19355,-3.2535,-0.14197,-1.7455,-0.080581
4.3148,0.24489,-1.4613,0.55728,5.5411,0.16844,-1.7521,-0.18049
-0.77948,1.3971,-2.7406,-0.98803,2.4188,-0.17268,-0.041292,-0.11207
-0.79427,-4.7265,-2.9967,1.6205,-1.3589,-0.12562,1.0378,0.019667
-0.79288,-3.2219,1.4259,-2.2582,4.9892,0.33996,0.86822,0.21096
-0.92737,1.5279,-0.1801,0.144,1.632,-0.063027,1.9834,0.21332
-0.81602,-0.66209,0.42448,-0.52738,-5.4604,-0.077319,3.6896,0.19227
-0.75824,-5.9801,-1.6822,4.9853,2.7781,0.066619,1.175,0.23009
-0.75405,3.8448,3.5568,2.1464,6.1135,0.5051,3.2184,0.098132
-0.51729,1.9286,0.85458,1.0929,4.1026,0.20671,6.326,0.066785
-0.64639,0.28162,-0.45393,-0.33841,3.1256,0.090024,-1.7522,-0.054223
-0.74935,0.60659,0.72212,-0.072121,6.2837,0.32678,-2.3894,-0.15046
-0.75034,0.35204,-0.25334,-1.9468,-6.7671,-0.11484,1.8109,-0.16433
4.3385,-0.42025,1.018,1.1789,-4.5916,-0.11259,0.23885,-0.15905
4.3175,1.6061,0.12532,0.1235,4.0708,-0.20329,2.1454,-0.12799
-0.7461,1.0654,0.033163,-0.73873,2.8064,-0.16617,-1.058,0.0078871
-0.77456,-2.6651,-3.1742,2.0057,-1.0954,-0.20276,1.0679,-0.02256
-0.63497,-4.6992,-0.44636,0.51911,5.0781,0.34818,3.5985,0.23301
-0.5709,1.9861,0.45246,0.61001,1.9203,-0.031941,3.7825,0.33314
-0.8191,1.6635,0.43454,1.656,-5.109,-0.09919,1.6659,0.14773
-0.77071,-5.1099,1.6072,2.5086,0.48034,-0.15733,6.8413,0.081266
-1.1398,2.9715,-0.84205,1.7566,6.2282,0.48786,-6.9043,0.050478
-0.96288,2.8242,-2.409,-0.98139,4.8992,0.34749,-1.1233,-0.037381
-0.75825,1.2004,3.3604,0.042156,1.3561,-0.1594,-0.6493,-0.10331
-0.73571,2.1795,0.25637,-0.75169,6.047,0.061973,-2.767,-0.12069
-0.7365,0.98425,-0.99086,-0.49981,-7.5247,-0.16077,2.3614,-0.093626
4.346,-1.9914,-0.052707,-1.0059,-7.6309,-0.20885,-3.8223,-0.16216
4.2743,2.706,-0.63704,-0.75486,2.5647,-0.37151,-0.48714,-0.047628
-0.78915,-0.82753,-0.91481,-0.072082,2.6465,-0.18447,-2.5241,0.16973
-0.78604,-0.33099,-2.1004,1.079,-0.69024,-0.12606,-1.9215,0.1004
-0.86805,-2.006,1.4059,-2.0761,4.8829,0.32788,1.586,0.3281
-0.84981,2.0555,1.9578,1.4674,2.3614,0.015863,4.5666,0.40365
-0.75468,0.80824,1.7176,1.6531,-4.7123,-0.080239,1.0646,0.19037
-0.75221,-4.6266,4.2181,0.61619,-3.5406,-0.068867,5.1981,0.014288
-0.59973,0.91221,1.1606,1.7976,5.1212,0.3844,-2.3029,-0.023825
-0.7157,0.6712,2.0122,0.22555,4.0687,0.21019,-1.6051,-0.087834
-0.73576,0.035184,1.8949,-0.28557,2.2593,-0.1195,-1.4735,-0.13831
-0.74031,1.0004,0.26399,0.91428,5.6836,-0.14549,-0.72057,-0.20582
4.3637,1.1984,-2.5688,-0.38738,-7.2916,-0.089159,-1.3622,-0.15961
4.3435,-4.2415,-1.9788,-2.654,-8.1021,-0.13207,-3.6194,0.030692
-0.79418,1.2512,-0.87216,-1.031,2.0649,-0.24166,-3.3403,0.030473
-0.77893,-0.62092,-0.55647,-0.55876,1.3215,-0.37632,3.8364,0.11704
-0.76239,-0.50485,-2.5952,0.29873,-3.0027,-0.12025,0.53377,0.15413
-0.48846,-3.1989,-0.15983,-0.72463,5.7565,0.44762,-0.79017,0.53974
-0.80835,2.6389,2.0157,2.0221,2.9728,0.090267,5.8129,0.19999
-0.76961,1.1633,1.3699,1.7509,-2.7468,-0.04674,2.9468,0.11415
-0.76887,-3.4909,1.0963,-0.79958,-7.8501,-0.068296,6.1233,-0.035094
-0.7978,-0.2838,5.2626,1.0669,3.9885,0.27126,0.33292,-0.11663
-0.78467,1.7858,0.27504,0.57449,3.0642,0.068365,0.68986,-0.15479
-0.73342,-0.089532,0.763,0.075214,1.3223,-0.26212,-0.2103,-0.17786
-0.72456,3.5087,0.071932,-0.36375,4.9263,-0.14187,0.34724,-0.11911
4.3551,1.5385,-3.0619,-2.051,-6.145,-0.18947,1.0418,-0.12388
4.3351,-2.3158,-1.3688,-2.3988,-7.8066,-0.18481,-5.7082,0.038017
-0.7977,-0.22982,-1.7586,0.57969,-1.6821,-0.2949,-0.63999,0.10495
-0.79029,0.28788,1.4466,-0.77169,1.3241,-0.34055,-3.2357,0.052669
-0.878,-2.0422,0.70725,1.1459,-4.8213,-0.11399,5.2091,0.45239
-0.82206,-2.3454,0.138,-0.21533,5.5959,0.49353,1.9404,0.27336
-0.75598,2.8831,0.36108,1.4775,4.7456,0.35365,0.58017,0.12335
-0.75185,2.6104,-0.91461,-0.32014,0.63641,-0.057791,5.2219,-0.010999
-0.5994,-4.4195,1.5835,0.2413,-8.2233,-0.11354,-0.19253,-0.11689
-0.64766,0.72003,3.2562,1.6527,2.8302,0.11642,0.50569,-0.15858
-0.85288,-1.0868,5.1436,-0.065184,0.14285,-0.14408,-0.27139,-0.21461
4.3376,-1.5602,1.0347,-0.37314,0.83289,-0.13408,-1.7226,-0.17728
4.3178,1.8501,-2.2378,1.3791,4.7085,-0.20677,-1.4516,-0.094648
4.2866,1.7608,-1.969,-3.4065,-1.915,-0.1837,-1.8786,-0.077709
4.2713,-4.8094,-4.0086,-1.2392,-8.3297,-0.1164,-5.3408,0.11789
-0.83755,0.25903,-5.3161,-0.23504,-3.6755,-0.29535,-0.49804,0.19249
-0.83359,3.1343,-0.23751,-0.31015,-1.6573,-0.33376,3.5782,-0.015064
-0.6543,-0.5286,-0.19162,-0.26304,-8.0095,-0.099382,6.3086,0.27495
-0.8265,-5.3876,2.5616,-0.2904,4.9536,0.33302,1.3898,0.21795
-0.82541,2.9436,1.2523,0.32869,5.0303,0.40576,4.6342,0.039234
-0.82491,2.7003,2.915,0.46295,1.1167,-0.07205,3.0713,-0.052374
-1.0641,-2.4893,0.96298,-0.30497,-8.9253,-0.038654,0.44822,-0.17294
-0.85288,1.7244,-0.42298,0.37612,2.5283,0.033838,-0.17613,-0.20397
-0.79408,0.62726,1.0699,0.06829,-2.3528,-0.098811,-1.1409,-0.16077
-0.79572,0.81376,-0.2574,-0.070245,0.38992,-0.14567,-3.6565,-0.11816
-0.42782,2.6001,-2.3173,-0.74796,4.6836,-0.067552,-1.6258,-0.0071538
4.3073,-0.77806,-4.6791,-2.3838,0.65364,-0.13952,-1.9276,0.12016
-0.73232,-1.1382,-3.058,-0.83901,-9.5361,-0.1121,-2.2917,0.207
-0.84013,0.35874,-3.0321,-0.82942,-2.523,-0.21114,-2.8425,0.16676
-0.84603,1.9099,-0.15703,-0.0084761,-2.427,-0.19782,0.98417,0.20758
-0.87974,1.2285,0.74445,0.2151,-7.532,-0.064644,1.5171,0.20656
-0.79996,-7.3469,-0.57571,0.32399,5.1349,0.39838,-2.1897,0.12064
-0.80453,4.2546,3.7266,0.81523,5.6816,0.45473,1.3036,-0.04865
-0.8303,0.97793,7.0194,1.4576,3.0189,0.12185,0.58295,-0.11105
-0.66609,-2.95,1.9305,0.98506,-6.3852,-0.080823,0.30487,-0.20996
-0.86452,1.9105,0.98149,0.14817,1.6337,-0.08219,-0.75676,-0.20327
-0.79158,-1.604,2.8623,-1.3433,-6.2145,-0.15571,-2.6979,-0.15106
-1.0483,1.2322,0.095804,-0.021688,-2.8698,-0.17769,-1.403,-0.12273
4.3803,0.12545,-4.875,0.10158,5.0632,-0.016751,-6.673,0.031909
4.3094,-0.92709,-5.8585,-3.2759,1.9187,-0.1719,4.5156,0.26103
-0.82023,0.58369,0.40031,-1.2013,-8.788,-0.13626,-2.2279,0.22717
-0.8084,-0.53303,-2.1684,0.51418,-2.1134,-0.21271,1.1842,0.032152
-0.67055,2.8119,-1.8695,-0.36603,-3.2794,-0.17945,0.9496,0.1969
-0.73911,1.9652,0.80456,0.66432,-8.7519,-0.087664,5.9428,0.22715
-0.80964,-7.188,1.5841,-0.79314,4.1117,0.26713,-0.50709,-0.017132
-0.80759,3.2775,2.6636,-0.17283,5.8459,0.44569,0.28859,-0.10197
-0.95614,1.5688,5.5705,0.91225,3.9843,0.18862,3.764,-0.19436
-0.83665,-2.9203,5.5586,-0.58219,-4.0242,-0.10416,1.8691,-0.25798
-0.77163,0.26336,1.4915,1.5008,-0.68055,-0.054614,-1.9373,-0.1554
-0.76762,-2.7738,-0.35512,-0.73087,-7.2998,-0.15487,-2.3783,-0.076517
-0.52477,0.89258,-0.30278,0.82638,-4.5355,-0.14981,-4.5853,-0.0010449
4.322,1.8664,-2.7351,0.86303,4.772,-0.1234,-3.024,0.00029364
4.2975,0.27207,-2.2112,-2.2173,4.024,0.061164,4.231,0.20785
-0.83245,-0.19183,-3.5543,-0.78132,-8.7261,-0.073693,2.9028,0.2069
-1.0406,-1.0874,0.50215,-1.172,0.78952,-0.12775,0.82429,0.073575
-0.88748,2.2909,-3.6355,0.96353,-1.9469,-0.090141,1.4412,0.16073
-0.77475,2.6584,1.6588,1.1912,-7.9572,-0.025125,4.2789,-0.0056205
-0.79654,-7.4331,0.65956,-0.5375,3.3319,0.15928,-0.78338,-0.092215
-0.77421,3.9411,3.5743,1.2014,5.7654,0.41741,1.1818,-0.12188
-0.48605,3.4328,4.0475,0.4212,4.5124,0.26052,3.0222,-0.22009
-0.83487,-1.3868,2.926,0.017421,1.1326,-0.029002,2.4658,-0.17776
-0.78481,-1.5226,2.6853,1.2107,0.19733,-0.097977,-0.81406,-0.095062
-0.77992,0.61619,-0.35732,-1.1873,-6.5941,-0.14201,-1.3177,-0.052568
-0.87916,0.036654,-0.8771,1.6689,-6.9394,-0.13275,-6.5324,0.19371
4.3152,0.41413,-1.1952,-0.22028,4.2938,-0.23581,-0.91442,0.063377
4.291,2.6506,-2.8531,-2.5786,4.9787,-0.030304,2.4696,0.25621
-0.82187,0.77134,-2.0751,-0.76148,-7.0653,-0.13827,0.65457,0.089395
-0.5479,-0.98458,-0.658,-2.5706,2.7798,-0.093806,2.0839,0.10266
-0.78276,0.50703,-2.7499,0.85878,-1.9895,-0.10169,-0.8496,0.05043
-0.8107,-0.29794,1.4625,2.5154,-7.6693,-0.047048,1.1655,-0.098153
-0.80715,-7.8987,3.4461,1.197,0.21028,-0.011418,6.1013,-0.12724
-1.0103,3.2453,1.4218,-1.3889,5.5517,0.33941,-5.0387,-0.14819
-0.87464,2.4242,0.62435,0.55509,4.3286,0.22873,1.6809,-0.19774
-0.77477,-0.36219,-2.7103,-1.2958,2.8975,0.044363,2.2067,-0.12534
-0.77599,1.3947,-0.72844,0.54529,3.1655,0.033222,1.7274,-0.09864
-0.6854,1.809,-1.8538,-1.2774,-5.7496,-0.17676,-0.1976,-0.034583
-0.58582,0.43581,-0.21906,1.2492,-8.6644,-0.12376,-5.0948,0.13328
4.3185,0.092147,-1.4848,-0.40709,3.6026,-0.24752,-1.7605,0.27139
-0.80692,3.1626,-2.4242,-1.0329,5.2996,-0.092939,-5.5226,0.30023
-0.97112,-3.2234,-5.2449,0.879,-4.7402,-0.066069,-3.5542,0.1526
-0.91254,-1.954,-2.1381,-0.79615,4.1532,0.19485,-2.9115,0.05537
-0.84439,2.1369,0.58149,0.16758,1.2135,-0.06408,-0.13325,-0.047749
-0.79722,-0.21544,-0.12771,1.284,-5.5091,-0.03515,-2.1747,-0.16647
-0.7853,-6.614,0.085025,0.71186,-2.1707,-0.016969,3.331,-0.12578
-0.56047,1.6127,-1.6556,-0.068363,5.9095,0.40806,-6.3957,-0.21237
-0.85674,1.5358,-0.36523,-0.48892,4.738,0.28883,-0.37858,-0.13537
-0.78365,1.0062,-1.4986,-1.7542,3.8707,0.20529,2.7217,-0.065662
-0.78354,1.2379,-1.4711,-0.87199,4.1127,0.030078,-1.0457,-0.050865
-0.96725,2.2132,-3.3839,-1.2067,-3.5586,-0.13958,0.53862,0.091244
4.3388,0.75738,-0.08184,0.14148,-8.4372,-0.073648,-4.7538,0.096745
4.3118,-0.246,-0.2653,-2.0682,3.4018,-0.262,-3.0974,0.37352
-0.80302,3.6183,-0.0043402,0.074206,4.0928,-0.23276,-4.067,0.086839
-0.68437,-2.9788,-6.3824,0.42274,-2.7623,-0.12432,-1.7276,0.089881
-0.71536,-1.8269,0.87154,0.40547,4.1361,0.2126,-3.087,-0.0026026
-0.80426,1.2253,-0.81615,1.2776,3.9994,0.18072,0.91586,-0.17647
-0.79969,0.5894,-1.3129,0.79076,-4.1739,-0.028398,1.0094,-0.201
-1.0089,-6.249,0.45859,-2.3959,-7.4358,-0.06322,3.4364,-0.19777
-0.82354,-0.59268,1.0533,2.5163,4.6124,0.32291,1.6931,-0.13802
-0.77049,-0.20777,0.88378,1.5645,5.0506,0.31544,-1.0281,-0.084207
-0.76747,-0.21452,1.6658,-0.91455,3.6559,0.10965,0.13578,-0.0078109
-0.43142,-0.8672,0.49964,-0.040642,4.1972,-0.022007,-2.6791,0.12982
-0.57951,2.7904,-1.4519,-1.1148,-1.0814,-0.096283,0.81847,0.16898
4.3346,2.17,0.34551,-0.72639,-8.6683,-0.13458,-4.7221,0.070727
4.3012,-0.29563,0.91997,-1.6408,2.6554,-0.16874,0.81445,0.23564
-0.88942,3.519,0.4233,0.35454,3.4678,-0.15807,-1.6059,0.094944
-0.96878,-1.2694,-4.9763,1.162,-2.0608,-0.17565,1.6589,-0.008322
-0.79751,-2.1262,-1.2769,-0.64565,3.513,0.12904,1.0203,-0.07603
-0.78755,0.83239,-2.8334,0.92548,4.9183,0.36696,2.3947,-0.20446
-0.78551,2.8772,-1.1554,2.2017,-1.7896,-0.060858,3.5548,-0.11186
-0.70649,-6.7446,1.4861,-0.50451,-8.0916,-0.059613,-0.63542,-0.15097
-0.78192,-4.3746,5.5393,3.5978,3.4769,0.13324,5.596,-0.074886
-0.77346,-0.086719,3.9986,0.51861,4.664,0.32834,6.3432,-0.02587
-0.7705,-1.5576,2.8806,0.73546,2.7535,0.028255,1.4902,-0.023168
-0.84126,2.0827,0.1338,-1.0056,4.1186,-0.21196,-4.2917,0.024412
-0.82389,1.313,-0.83961,-1.1798,-0.066794,-0.098869,-1.2742,0.25302
4.3284,0.061071,1.1651,-0.89329,-9.6758,-0.05505,-2.5639,0.18229
4.2791,0.29371,0.76877,0.31817,-0.47629,-0.23047,-1.6497,0.056125
-0.65875,1.8708,0.30863,1.2183,2.6859,-0.27217,-1.6513,0.047728
-0.76402,-0.16459,-2.9942,1.5762,-2.3455,-0.15748,1.2243,-0.046532
-0.79164,-6.7763,-0.99627,1.5991,3.7075,0.11803,2.3926,-0.1939
-0.79162,-0.34766,-0.095472,-0.12845,4.7814,0.32947,5.4477,-0.24815
-0.93268,2.3897,1.6298,1.0507,0.3435,-0.075779,3.4304,-0.20268
-0.85773,-6.8194,2.4627,-1.0575,-8.4962,-0.047195,0.53738,-0.14522
-0.79686,-1.1095,4.0059,1.7459,2.4964,0.063096,0.21132,-0.028936
-0.76142,0.83488,2.2972,-1.0675,4.3624,0.27947,-2.2317,0.037604
-0.81268,0.098074,0.085474,-1.1612,1.1862,-0.080849,-2.1655,0.018985
-0.61471,3.2617,-2.9205,-0.72225,3.3036,-0.37347,-3.191,0.067028
-0.94895,2.2297,-1.7089,-3.3526,1.4269,-0.14664,-3.6736,0.22961
4.318,-1.5597,-0.93281,-1.747,-8.4993,-0.090873,-4.0343,0.17976
-0.79823,1.6475,-1.6906,-0.54708,-1.284,-0.18778,-3.1675,0.039964
-0.92754,0.73239,-0.16382,1.3543,1.5197,-0.3512,0.12094,-0.027938
-0.77641,1.4729,0.085757,0.32994,-2.8118,-0.055313,3.8307,-0.13154
-0.78022,-4.2048,-0.8888,0.32113,4.1332,0.27139,0.68293,-0.20402
-0.77488,1.8889,0.15458,1.1653,5.2559,0.42661,4.4127,-0.13103
-0.54587,2.9592,3.3079,-0.4233,1.7845,0.0059994,6.2437,-0.17796
-0.69321,-5.9677,0.55653,-1.4598,-6.4556,-0.0033124,3.2416,-0.057801
-0.76995,-1.0228,0.99189,0.8399,1.2238,-0.077114,2.1075,0.06199
-0.76664,0.83958,0.73092,-0.65509,3.1156,0.087585,-0.72029,0.068634
-1.013,0.81715,-1.074,-0.69821,-0.53151,-0.10898,-2.4052,0.069072
-0.78627,1.9078,-3.7458,1.0532,4.6054,0.02531,-3.4783,0.21133
4.3421,2.4833,-2.5632,-2.1069,3.9458,0.051795,-2.9299,0.084989
4.3032,-1.1122,-2.5908,-1.2553,-7.7687,-0.067032,-0.091055,0.056198
-0.58808,0.25882,-1.8677,0.93959,-2.5886,-0.1783,-4.281,-0.018714
-0.71177,2.8023,1.2548,0.90708,-0.40084,-0.30302,-1.7753,-0.10458
-0.80273,1.2431,3.4462,0.56581,-3.739,-0.051739,5.5781,-0.21897
-0.79024,-7.4636,0.64661,-0.53682,4.1259,0.27104,1.2367,-0.21738
-0.9725,0.90303,1.6304,0.66353,5.8422,0.47458,4.5101,-0.19088
-0.93789,1.9683,2.1108,0.51256,3.6495,0.22056,6.3915,-0.082358
-0.74874,-3.9116,-0.57616,-0.45168,-5.2813,-0.059838,3.9588,0.07983
-0.76009,-1.6534,0.02805,1.0675,-0.43327,-0.054845,3.5112,0.15554
-0.75476,2.378,4.5009,0.31383,1.7915,-0.11196,-0.34849,0.069072
-0.48179,-0.76528,0.95409,0.81332,0.060343,-0.10659,-0.52975,0.23338
-0.80095,2.636,-0.89191,-0.17178,5.1216,0.11888,-1.3129,0.1711
4.3295,2.2457,-3.149,-2.1587,5.4461,0.32346,1.5109,0.049773
4.2924,1.1069,-1.1935,-0.69007,-6.9292,-0.077916,1.0159,-0.026162
-0.98277,0.61108,-0.5554,0.4412,-3.358,-0.15069,-0.29499,-0.087882
-0.87274,-0.50735,-5.5944,0.52545,1.764,-0.23293,-0.081294,-0.1175
-0.78313,1.2053,0.37437,-0.16786,-4.8655,-0.022077,4.1324,-0.1754
-0.78049,-7.3726,-0.3252,0.44095,4.2315,0.28097,1.8509,-0.10801
-0.56665,2.2052,0.12799,1.4631,6.3299,0.53404,0.32406,-0.13989
-0.73407,2.7294,5.2356,0.030363,3.9616,0.26013,4.1255,-0.088126
-0.78105,-3.5249,0.36392,-1.3352,-3.5657,-0.07934,2.0219,0.13135
-0.76561,-0.8144,-0.43956,0.16709,-0.94534,-0.077794,5.4407,0.071798
-0.92204,2.7299,-0.074086,-0.92511,-0.46879,-0.070067,-1.8846,0.061893
-0.81689,0.23334,-0.91228,1.5591,-1.0638,-0.085809,1.0263,0.087302
-0.76049,1.3783,-0.33206,0.42741,4.9987,0.19786,-3.5174,0.18378
4.3153,2.0793,-3.7846,-1.6264,6.5232,0.34773,-0.25276,0.034999
4.2902,1.5654,-0.82815,-0.36157,-6.8787,-0.10251,1.2559,-0.061208
-0.7323,0.64172,-1.7956,0.17309,-3.6573,-0.077569,2.1313,-0.16623
-0.86335,-1.0298,-2.8105,0.8817,0.60642,-0.21846,1.5354,-0.19782
-0.79121,1.8587,0.18529,-0.030674,-5.6982,-0.074085,5.1939,-0.18134
-1.0219,-9.5379,-1.5946,-0.91068,3.457,0.15564,3.6149,-0.089903
-0.8646,0.66181,4.683,0.45711,6.8971,0.6381,-0.20404,0.043104
-0.73982,2.7238,7.0059,1.4287,5.0412,0.39011,4.2892,-0.0045253
-0.76167,-3.9354,2.731,1.4462,-1.3166,-0.032044,3.9083,0.19349
-0.75576,0.73591,1.093,1.076,-1.5808,-0.10379,4.1264,0.076325
-0.57425,0.49915,-0.34372,-0.26187,-2.5897,-0.11614,1.8036,0.074768
-0.76298,0.8012,0.91829,0.95227,-3.2256,-0.069656,-4.5417,0.13457
-0.71724,2.7561,0.79237,-1.152,5.2308,0.19512,1.1195,0.044248
4.3092,0.93856,-1.0498,-0.30668,7.135,0.41923,-4.9911,-0.039304
-0.89557,1.0126,0.0053023,-0.77405,-6.8251,-0.10061,2.3173,-0.12692
-0.83574,-1.3203,0.63363,-0.73796,-1.0376,-0.13311,-1.6556,-0.17771
-0.77668,0.36219,-1.7821,1.3636,1.221,-0.12374,3.1321,-0.11227
-0.77653,1.0499,-0.48091,1.1317,-5.0118,-0.094537,1.9002,-0.055976
-0.57083,-10.333,-0.82865,0.99795,2.9655,0.075526,4.1152,-0.068631
-0.73304,2.1427,2.5869,0.67712,6.8461,0.63068,-3.7931,0.095942
-0.78197,3.944,2.2663,-0.59374,5.6604,0.45202,1.7207,0.20081
-0.76294,-1.8468,0.02415,-1.1585,1.9842,-0.0011433,-0.59572,0.20125
-0.99006,2.2342,2.3516,0.54468,-1.9238,-0.11356,0.2198,0.21118
-0.87231,1.0299,1.2952,-0.3273,-2.4458,-0.14147,0.43607,0.089735
-0.70456,1.7381,1.9193,0.33912,-5.962,-0.14825,-3.0207,0.070289
4.3368,3.0945,1.6761,-0.88512,4.9809,0.18699,-2.2552,-0.031078
4.306,0.052587,-0.56824,0.1642,6.899,0.25921,-3.4486,-0.10862
-0.64038,1.2286,-2.9792,-1.5238,-6.1604,-0.07291,0.31279,-0.19112
-0.8576,-2.9555,1.1008,0.80688,0.31046,-0.12282,0.26237,-0.15795
-0.77906,-0.77202,0.036658,0.31798,1.9246,-0.10483,0.81477,-0.044293
-0.84194,0.59545,0.83878,2.1831,-5.2244,-0.052271,-0.063987,-0.052301
-0.95044,-8.9078,1.6701,0.78974,0.97783,-0.09111,4.9658,0.0040173
-0.82138,1.1167,1.3571,0.40474,6.3461,0.52847,-3.1007,0.17421
-0.75422,2.2155,-0.32303,0.55235,5.7527,0.44399,1.9389,0.30147
-0.74844,0.052407,-2.0093,-1.0914,3.0798,0.11059,1.1293,0.045586
-0.53306,2.2666,-3.4009,-1.305,-0.24737,-0.13922,2.5447,0.17404
-0.73397,1.3515,0.4746,0.65007,-0.88338,-0.10767,-2.4976,0.077469
-0.73829,1.6054,1.858,0.3392,-8.3194,-0.096514,-1.2044,0.00036665
4.3225,1.3836,-0.10558,-0.9959,4.4957,0.14369,-4.5115,-0.059139
4.2897,2.3941,-2.7705,-0.62945,6.5093,0.18907,-4.6537,-0.18022
-0.84138,-0.31661,-3.8607,-0.24663,-4.1257,-0.15854,-0.0054966,-0.18784
-0.78551,-2.8729,-0.81703,-1.9291,1.8434,-0.13567,1.7713,-0.14247
-0.77864,1.5327,1.9675,1.6725,2.126,-0.086457,2.6743,-0.036213
-0.51937,0.51736,1.4054,1.9132,-4.8562,-0.041169,2.7391,0.10378
-0.70934,-7.6052,0.56813,0.75906,-4.1739,-0.088081,6.8971,-0.028279
-0.79383,0.82881,-0.39089,0.89916,5.6274,0.46083,-2.4259,0.057439
-0.76632,2.3937,-1.4978,-0.68244,5.6086,0.4128,0.55836,0.227
-1.0513,1.9661,0.85536,0.31569,4.0871,0.21485,3.1425,0.18336
-0.79428,1.6616,-0.74157,-0.032324,2.2214,-0.046457,0.38052,0.04179
-0.71212,3.345,-0.81913,-1.0898,1.7607,-0.17581,-1.7042,0.0007804
-0.96953,1.3612,1.5199,-1.0645,-8.0259,-0.16243,-4.1201,-0.07328
4.3136,0.19681,0.99534,0.20447,3.9364,0.12106,-2.8277,-0.1352
1.3038,2.8005,-2.805,0.039895,5.152,-0.10369,-1.0378,-0.18913
-0.82869,-2.6774,-2.318,0.8894,-3.1064,-0.16381,0.70653,-0.18677
-0.79088,-2.4745,-2.9836,-0.26049,3.0445,0.062351,0.74466,-0.093188
-0.78858,0.4774,-1.4021,0.61679,4.3844,0.28321,1.6397,-0.0098553
-0.90268,1.3193,-0.63831,-0.063296,-3.0906,-0.072102,2.9055,0.237
-0.79812,-6.0128,-0.28499,1.6067,-6.4972,-0.1213,3.4501,0.29838
-0.76008,-0.16592,0.071836,2.4143,4.5339,0.32411,3.7395,0.11673
-0.75753,2.6274,2.679,1.8951,5.4908,0.45394,0.91554,0.092924
-0.50725,0.93665,1.6937,-1.0606,4.8312,0.38271,1.0114,0.17003
-0.70424,1.7725,1.322,-0.82765,3.2665,0.013501,-2.7337,2.5924e-05
-0.74646,2.333,-0.21785,-1.2187,4.4329,0.21934,-0.30627,-0.064956
4.3451,0.33013,0.69714,-1.322,-7.0061,-0.081426,-3.2843,-0.12643
4.3064,-2.1369,2.2842,0.51638,1.3875,-0.27153,-3.4089,-0.22965
-0.84205,2.6277,1.8861,0.039432,4.7608,-0.010789,-2.7041,-0.19475
-0.77776,-3.1084,-3.7249,-0.77766,1.0259,-0.1886,0.85913,-0.12315
-0.78444,-3.6968,-0.66984,1.006,3.6002,0.17479,-0.23575,0.046219
-0.47196,-1.3614,-2.9007,0.81561,5.5037,0.46634,3.6827,0.35022
-0.67863,1.2805,-3.4752,-0.7797,1.0782,-0.084898,3.6048,0.17796
-0.8574,-4.1344,-3.2826,-0.5125,-6.0157,-0.051251,0.77012,0.26025
-0.77339,-0.071781,3.3925,2.6662,3.1222,0.17218,1.3344,0.25222
-1.0444,2.185,3.13,-0.63996,5.2401,0.45644,1.9737,0.21279
-0.91696,0.86286,2.209,0.19559,3.6245,0.21484,0.11246,0.046925
-0.80594,-0.060626,0.87043,1.4406,3.1582,0.01791,-4.0207,-0.042176
-0.74424,2.2059,0.17833,-0.81973,6.3961,0.55199,-0.52513,-0.11646
4.3301,1.2288,-1.9888,-1.6896,-6.4436,-0.095314,-3.7723,-0.095184
4.3096,-3.4021,-2.8662,-0.49315,-1.5531,-0.20467,-3.8113,-0.20972
-0.83301,2.1565,0.081947,0.026863,2.8342,-0.11407,-0.63664,-0.16569
-0.78619,-0.71015,0.79949,1.2039,1.4759,-0.14945,2.3833,-0.092677
-0.7835,-1.9502,0.19,-1.4397,1.9955,-0.0071308,0.36616,0.03276
-0.97232,-0.87449,0.39678,0.59375,6.2329,0.59625,4.9877,0.26317
-0.85768,3.6347,0.030523,0.42646,2.4974,0.11278,3.7174,0.19463
-0.76338,-3.5681,-2.6004,-0.21849,-5.5423,-0.12335,4.586,0.16893
-0.74666,-2.3537,2.4824,0.08824,1.1923,-0.097489,5.7322,0.1028
-0.64533,1.4243,2.3628,1.062,5.2778,0.42673,-4.5546,0.084235
-0.71833,0.99186,3.3046,0.69075,2.7594,0.053502,-0.69989,-0.016159
-0.74261,0.072926,0.55909,1.5083,2.2842,-0.13606,-1.7401,-0.11266
-0.7383,1.656,-2.202,-2.0178,5.9815,0.40481,-0.74575,-0.1827
4.3258,-0.44728,-1.9217,-0.56199,-7.7619,-0.1317,1.6187,-0.14593
4.3062,-2.5662,-1.337,-0.89904,-3.9687,-0.2427,-2.4501,-0.17367
-0.77218,2.2563,-1.2688,-0.44343,1.9597,-0.20024,1.2568,-0.065662
-0.77592,-0.63575,1.7209,0.75308,-0.2886,-0.21272,1.6842,-0.010464
-0.58634,-1.1613,0.28412,-0.78658,0.93123,-0.1298,-0.16523,0.2051
-0.5912,0.40543,2.2442,-0.50382,6.2373,0.59797,3.341,0.31951
-0.79074,3.9442,3.4374,0.77231,3.7582,0.25169,4.5893,0.1839
-0.7633,-0.56446,-1.3634,-1.7692,-4.9766,-0.16743,4.1853,0.084259
-1.1919,-1.7096,2.0287,0.98944,-3.9115,-0.071498,11.67,0.079051
-0.97579,2.3409,1.9159,0.065509,3.6936,0.20918,0.66183,-0.0010449
-0.69857,0.0069012,-0.32897,1.1071,0.022579,-0.18913,-1.904,-0.05987
-0.73361,1.5469,-0.11853,1.7404,2.5417,-0.21501,-3.1348,-0.11293
-0.73326,1.9208,-2.4497,-2.1548,5.6944,0.1958,-0.25718,-0.11563
4.3343,-0.34864,-2.8205,-1.1592,-7.993,-0.12702,0.37321,-0.18336
-0.78484,-2.7041,-4.2632,-1.3066,-5.8124,-0.17002,-1.2875,-0.11388
-0.78278,0.52873,-1.5921,0.34981,-0.5968,-0.35467,-0.68749,0.030935
-0.77972,0.86238,-0.91952,0.42793,-1.5137,-0.16794,4.1281,0.051257
-0.91531,-7.2468,-1.4147,0.42226,-2.4911,-0.13277,2.3981,0.28858
-0.78157,0.12659,1.3389,-0.88425,5.6276,0.4512,-0.96269,0.38948
-0.75337,3.7415,4.643,1.3535,4.7213,0.34115,2.3248,0.218
-0.75314,-2.7732,0.43573,1.6668,-4.1661,-0.10973,2.7966,0.11242
-0.62581,-0.46335,0.78715,-0.54761,-5.3293,-0.10036,4.7194,0.022952
-0.73755,1.4838,1.8543,1.2807,2.3427,0.060202,1.6577,-0.075519
-0.76579,0.025968,-1.0656,0.56367,-2.0993,-0.13139,-1.7762,-0.11139
-0.73697,1.767,-0.72405,1.2392,2.6961,-0.10009,-1.3274,-0.22668
4.3469,2.2746,-1.629,-1.3786,5.685,-0.077954,-3.8054,-0.1701
4.3303,-1.7095,-4.0246,-0.79515,-7.8436,-0.17427,1.7427,-0.18363
-0.83386,-2.5347,-2.6106,-1.4292,-7.7407,-0.18649,-0.4662,0.015553
-0.78036,-0.36636,-2.6117,0.44638,-1.7399,-0.43983,-0.46435,0.089297
-0.75365,0.42594,0.46855,1.0893,-3.2578,-0.14962,-0.21087,0.23187
-0.59753,-5.1914,-1.5588,-0.42252,-2.3508,-0.073103,2.8029,0.3841
-0.79378,-0.94783,2.4535,0.63728,5.6527,0.4625,3.0766,0.20909
-0.76552,4.3456,5.0363,0.36294,4.6092,0.37008,1.8124,0.19385
-0.74762,0.10296,0.2875,0.54158,-3.4994,-0.12964,4.3649,-0.028985
-0.79574,-1.5027,-0.4447,1.0609,-5.6864,-0.070767,-2.6053,-0.072915
-0.79782,1.5246,-0.059484,1.0483,-0.21719,-0.14167,-0.75573,-0.15574
-0.73868,-0.4587,-0.57942,-0.1082,-4.0531,-0.12908,-1.7612,-0.20198
-0.72886,2.8698,-0.33292,-0.64127,2.7891,-0.15042,-1.5821,-0.10358
4.3482,2.2432,-1.2845,-0.14074,5.8404,-0.14013,-6.6992,-0.15226
4.3275,-1.1499,-3.7222,-1.0769,-6.8362,-0.14072,-0.34523,-0.01869
-0.79364,-2.4049,-3.3442,-1.3864,-7.5832,-0.12676,-1.0247,0.070046
-0.7809,-2.5008,-6.8652,1.3583,-2.0472,-0.33993,-2.8897,0.0092743
-1.0873,2.0087,-2.9942,2.4292,-4.8917,-0.13517,0.30942,0.18682
-0.80243,-4.2323,-0.7783,-0.65974,-3.1782,-0.097855,1.7368,0.33297
-0.76739,-1.7461,4.067,0.77087,5.4499,0.4196,2.8286,0.16545
-0.75445,4.0886,6.4573,1.3877,4.1752,0.26828,0.94087,0.034367
-0.74271,-0.42989,2.3161,-0.35836,-2.1377,-0.057328,3.4224,-0.043052
-0.70163,-0.34366,2.6569,-0.25753,-5.9895,-0.14668,-0.89114,-0.13008
-0.8209,1.9471,-1.9921,-0.93607,-1.5505,-0.15482,-0.41006,-0.18728
-0.73888,0.43611,0.7879,-1.3654,-5.8584,-0.10569,-5.9131,-0.16934
-1.0461,0.19278,-0.1753,-1.7923,1.7214,-0.3554,-2.777,-0.082382
4.3441,2.4078,-0.043128,0.96649,5.5941,-0.31681,-7.0008,-0.081944
4.3267,0.4368,-2.5684,-1.3243,-6.2711,-0.12621,-0.45309,0.092437
-0.7769,-3.511,-3.5217,-1.1454,-8.2554,-0.12951,0.50416,0.25275
-0.77614,0.82853,-1.4559,1.0689,-0.16918,-0.3079,0.79507,0.02322
-0.5743,2.0054,-3.1291,-0.11014,-6.0369,-0.078128,1.9149,0.30332
-0.79453,-4.579,-0.70345,0.687,-4.0186,-0.11142,4.6744,0.25019
-0.76325,-2.3848,4.5833,0.96712,5.1681,0.41737,0.98073,0.1168
-0.75705,4.0056,5.7935,1.2363,4.6524,0.30336,3.9833,-0.039036
-0.948,0.47775,5.7284,-0.45162,-0.059813,-0.12768,2.5203,-0.13118
-0.75145,-0.77712,3.7559,0.27544,-5.8224,-0.08443,-0.61918,-0.17372
-0.73514,2.0295,2.16,-0.82016,-2.8994,-0.12469,-2.2204,-0.1551
-0.74526,-0.8826,3.0695,0.24996,-8.1662,-0.14864,-0.78356,-0.10137
-0.6101,1.0864,-0.75893,-0.46228,1.929,-0.35551,-3.9832,-0.086106
4.3465,0.06906,-1.9624,0.25278,4.7913,-0.41329,-4.8534,0.061722
-0.77227,1.1337,-1.7144,-0.99014,-7.1782,-0.20517,1.895,0.24156
-0.78325,-3.0551,-0.041683,-1.2988,-6.8654,-0.17023,-2.5823,0.13522
-1.0231,0.33318,-1.119,1.3348,0.17559,-0.22097,-0.36434,0.20651
-0.88087,2.005,-2.1185,0.3425,-6.1827,-0.10219,3.6814,0.23586
-0.76261,-4.6077,0.40639,-1.4994,-6.809,-0.094088,3.0084,0.20785
-0.76264,2.2106,-0.23492,-1.5657,5.1907,0.39432,-3.2307,-0.020321
-0.61599,1.1284,-0.42139,0.11291,5.0701,0.35349,-0.56774,-0.10395
-0.72668,-0.045445,2.992,0.020498,1.3334,-0.04296,1.7216,-0.17019
-0.7741,-0.79015,1.561,-0.38093,-4.7394,-0.085803,-0.74203,-0.19896
-0.74176,-0.067909,2.0992,-0.093085,-1.1875,-0.11016,-2.1228,-0.15296
-0.90359,0.07046,3.9336,-1.1327,-10.457,-0.12393,-3.1467,-0.14836
4.432,1.1099,0.27654,-0.14731,-0.64169,-0.32186,-4.2721,-0.067755
4.3482,0.7539,-3.6873,-0.59417,4.2947,-0.41355,-4.1573,0.1638
-0.78133,1.3711,-3.6268,-0.99821,-4.7555,-0.20203,-1.8281,0.18164
-0.76921,-1.1005,-3.42,-1.0304,-6.9928,-0.19686,-1.3489,0.036119
-0.59499,0.74645,-0.86021,0.061379,1.6744,-0.16312,0.99992,0.32752
-0.76168,4.3706,1.2658,1.0826,-6.9043,-0.073744,3.9722,0.14715
-0.76469,-6.5459,0.32941,0.60304,-8.8066,-0.028706,1.7336,0.032371
-0.75741,0.99798,-0.14743,1.9919,3.3957,0.15016,-1.7806,-0.066246
-0.96126,3.3526,0.85626,0.51207,5.1806,0.32849,-0.90591,-0.17543
-0.77362,-0.53367,-0.79037,0.1178,2.8188,0.082072,0.46531,-0.18268
-0.74054,0.31584,1.4937,-1.3904,-2.0226,-0.16326,-2.9495,-0.1819
-0.72459,-0.37961,2.9724,-0.12614,2.1835,-0.18048,-3.4314,-0.054126
-0.56011,0.53625,1.687,-3.0783,-10.963,-0.14896,-3.9884,-0.027257
4.3476,1.6525,2.8472,1.0506,-3.964,-0.29174,-2.5302,-0.032928
4.3229,-0.029081,-0.55891,1.3032,3.7385,-0.58363,-5.6918,0.19113
-0.79564,0.85613,-5.2328,0.27784,-1.9164,-0.15992,-1.0511,0.25295
-1.1685,-3.9756,-2.9995,-0.77774,-5.2942,-0.10313,-2.4632,0.096745
-0.8301,0.79616,-3.2816,0.10856,2.6186,-0.015615,-0.19887,0.16728
-0.73338,3.3633,-1.3679,0.95854,-4.6415,-0.058593,1.9123,0.067344
-0.7666,-3.7532,1.6071,0.34569,-10.303,-0.053722,-0.12141,-0.068802
-0.7394,-1.2983,2.8878,4.2392,0.6528,-0.046355,-1.2615,-0.11315
-0.64006,2.9019,3.3868,1.4584,5.0866,0.3019,-2.4295,-0.20558
-0.77513,-0.71305,1.8483,1.354,3.6295,0.13402,-0.41758,-0.19843
-0.75108,0.73011,1.5878,-1.795,-0.021806,-0.16566,-2.5081,-0.13814
-0.81516,1.5846,2.1208,-1.4354,4.2085,-0.044776,-3.8636,-0.10095
4.4829,-0.61454,-0.71033,-2.2068,-10.816,-0.068906,-5.6425,0.14009
4.3413,-1.4298,1.5758,1.245,-6.5701,-0.32686,-5.0471,0.17385
4.3025,1.4054,1.5291,0.46399,2.4777,-0.76947,-5.2253,0.17078
-0.80147,0.2443,-2.4344,-1.11,-1.8744,-0.24887,1.3711,0.12468
-0.66578,-3.704,-4.6111,1.7363,-3.9875,-0.13112,-2.3673,0.14165
-0.75316,-0.40749,-2.5045,-1.0048,3.0761,0.04204,-0.35606,0.07669
-0.78157,1.1738,-2.7522,1.7603,-2.4244,0.0079759,0.96307,-0.039791
-0.77716,-3.7163,-1.5583,0.85834,-10.588,-0.018086,0.35139,-0.12032
-1.0161,-2.6686,1.4291,2.6521,-0.99812,-0.0031071,1.7824,-0.15686
-0.87827,1.7371,1.6084,0.95526,4.4299,0.15815,3.2849,-0.21712
-0.75089,2.4303,2.7582,-1.8632,3.0105,0.046532,0.4942,-0.15798
-0.75703,0.033752,-0.20482,-0.99333,0.87772,-0.23772,-0.34514,-0.095646
-0.46973,1.6139,-1.4901,-0.97707,5.0581,-0.13397,-2.1484,-0.036578
4.3557,0.036911,-1.5504,-0.69163,-11.637,-0.10432,1.1893,0.12201
4.3329,-2.7938,-0.43975,-0.047649,-8.0371,-0.27326,-7.8743,0.30975
-0.80089,3.7705,3.2583,0.76797,0.21178,-0.68355,-1.4352,0.25392
-1.091,0.72414,0.56908,-0.17124,-0.18128,-0.22927,0.60893,0.12904
-0.90687,-0.7818,-2.696,-1.4414,-2.7188,-0.09858,-1.5002,0.093264
-0.83401,-0.72349,-1.4254,-0.52781,5.3938,0.36556,2.4029,-0.020442
-0.78276,0.059619,-1.592,0.60429,-0.83326,0.035391,1.8008,-0.11159
-0.76894,-0.76644,-0.45999,-0.11122,-9.2676,-0.011097,3.4815,-0.13247
-0.66296,-3.7592,2.9903,0.96441,-3.7486,0.012808,6.5236,-0.23425
-0.73436,1.503,1.737,0.65029,4.0224,0.1565,-4.1358,-0.12286
-0.76001,-0.33044,1.6106,0.60901,2.3874,-0.024208,0.056539,-0.098567
-0.75759,0.55577,0.79196,-0.18519,0.3003,-0.27527,-1.2858,-0.067195
-0.87063,2.9441,-1.8152,-1.8057,6.2465,0.10122,0.56859,0.046365
4.3485,0.8356,-3.7218,-1.822,-11.17,-0.099883,0.1553,0.037944
4.3218,-3.8119,-4.6499,-0.19227,-7.9078,-0.12491,-4.7038,0.24299
-0.79353,4.3493,-2.5495,-0.061349,-0.14276,-0.45043,-1.2329,0.10227
-0.54321,1.6348,1.9477,-0.82871,-0.55935,-0.22546,-3.5375,0.12753
-0.78971,-0.41758,1.7027,-1.1291,-2.8483,-0.050269,0.23148,0.048848
-0.78329,-0.64508,2.3891,-1.3361,5.7335,0.40667,1.1549,-0.089221
-0.77812,3.1033,2.7715,2.0755,2.3436,0.012051,3.8752,-0.13894
-0.99348,-1.7249,-2.1366,0.91167,-6.721,0.016736,1.8879,-0.21726
-0.81724,-3.213,1.2957,0.59581,-7.6679,-0.040438,9.0183,-0.18808
-0.74432,0.29845,1.6627,-0.35755,4.0369,0.15139,-1.5543,-0.069848
-0.75172,-1.5066,-1.4805,-0.074189,0.21054,-0.012342,-4.8367,-0.0018481
-0.50485,0.56772,-0.067264,0.43427,0.03913,-0.28921,-2.0246,0.10986
-0.64096,1.8713,-3.0894,-0.88848,6.5943,0.1157,-4.88,0.17039
4.344,2.5417,-3.0063,-1.8433,-9.9788,-0.04518,1.4064,0.056636
4.309,-3.1646,-4.3961,-1.1284,-8.2218,-0.078095,-1.9325,0.2272
-1.0822,3.1396,-3.8031,-1.4246,-1.3783,-0.1862,-0.7131,0.098959
-0.87089,2.6253,1.7947,-0.33653,-2.3595,-0.1734,1.0851,0.0070352
-0.7512,-3.9267,0.85998,0.53236,-3.4191,-0.060011,-2.5571,-0.076882
-0.77414,-0.6144,3.0826,-0.082243,5.9871,0.4463,-1.8634,-0.18966
-0.77689,3.9268,5.1178,1.7263,3.9828,0.19537,1.5127,-0.096717
-0.54751,0.25858,0.33094,-0.13496,-2.9539,0.044723,-3.0017,-0.17822
-0.74755,-1.4264,-2.0815,-0.41903,-6.2405,0.011198,-1.8999,-0.14459
-0.75694,-1.302,0.79723,2.3715,3.6899,0.13531,0.3431,-0.0229
-0.75268,1.0947,-2.3334,0.40535,-2.7983,-0.081073,-0.6525,-0.064737
-0.87696,1.4436,-1.6612,0.2512,0.82601,-0.14074,-2.8126,0.020957
4.3508,2.1546,-0.60009,-1.7125,6.9722,0.16719,-2.7971,0.29303
4.3159,0.98859,-3.4436,-1.5702,-8.0628,-0.0055329,-2.2116,0.2538
4.4185,-3.0338,-3.2854,-0.56519,-7.681,-0.021846,-3.8203,0.046487
-0.54126,1.086,-3.9987,-0.36122,-2.2676,-0.1182,-1.057,0.07007
-0.7792,1.9987,0.19379,-0.030096,-1.2757,-0.084256,-2.4432,-0.042638
-0.80186,-1.4636,0.25639,1.6693,-4.1463,0.0086819,0.81268,-0.15613
-0.79925,-1.16,2.5137,-0.38296,6.5825,0.48388,-1.1084,-0.15269
-0.92681,4.0727,4.1171,1.3537,4.7848,0.24467,1.5106,-0.21225
-0.93985,0.054495,4.0938,-0.03262,-2.303,0.027601,1.916,-0.15851
-0.77893,-3.1407,-2.1316,-1.2788,-6.7702,-0.010699,-4.7129,-0.067974
-0.77709,-0.46001,0.56081,1.6003,3.0146,0.070617,-3.785,0.062331
-0.61839,0.61925,-2.6956,-0.56735,-4.2184,-0.051225,-4.8558,0.010223
-0.67768,1.4788,0.10114,1.4105,1.1373,-0.12741,-2.0946,0.17365
4.3133,1.1498,-1.5367,0.70924,6.2167,-0.032069,-4.4807,0.22999
4.3065,0.7673,-2.6924,-1.5222,-8.0092,-0.074463,1.0425,0.32808
-0.82385,-1.3363,-2.2193,-1.6285,-6.9988,-0.037826,-5.5585,0.049846
-0.9559,-0.60454,-3.5708,0.59865,-2.4103,-0.21782,-3.8298,-0.0028703
-0.85254,1.3652,0.51561,0.89628,-4.0685,-0.048845,2.6526,-0.1067
-0.79719,-3.071,0.28392,1.415,-5.1498,-0.029611,3.5311,-0.22812
-0.78316,-0.79768,4.2758,0.5227,6.4936,0.46051,-0.58191,-0.10869
-0.53735,4.006,3.9074,2.09,5.2983,0.34124,2.4025,-0.18906
-0.71308,-1.2561,-0.46214,-1.7265,-0.81835,-0.05661,3.4242,-0.088929
-0.77818,-2.5095,-1.4629,0.41883,-6.759,0.034313,-1.4714,0.097183
-0.76824,1.0583,-0.53964,2.6738,0.44197,-0.068732,1.099,0.021224
-0.97812,0.15526,0.68747,0.81793,-6.3162,-0.072705,-2.1593,0.10901
-0.78393,1.4402,0.52792,1.5259,2.6173,-0.063355,-3.7567,0.093848
4.3202,2.9559,-1.7643,0.14177,6.3077,0.019033,-2.8836,0.080365
4.284,0.79984,-2.5099,-1.0278,-4.7296,-0.024837,0.79546,0.077931
-0.77593,-1.4947,-2.0349,-2.6913,-6.0654,-0.044988,-6.107,0.011221
-0.73848,-1.738,-5.0422,0.66753,-1.2995,-0.11721,-2.2901,-0.07878
-0.80033,2.5532,-0.024576,-0.66678,-3.0999,-0.039032,2.824,-0.18935
-0.80184,-3.9918,1.3564,0.29156,-4.9129,-0.01976,9.8544,-0.21266
-0.91203,-3.0129,1.167,1.048,7.018,0.54255,-0.29518,-0.19894
-0.86162,2.5801,2.1969,1.0715,6.1505,0.47884,5.5298,-0.080484
-0.724,-1.2326,1.4681,-0.62961,0.60189,-0.016488,1.3341,0.1682
-0.7735,-1.8238,1.0661,-0.53126,-5.2408,-0.048357,1.1387,0.085379
-0.77781,3.1246,1.2841,1.0689,-0.43978,-0.062212,0.75365,0.12549
-0.6062,-0.79635,2.3907,-0.83346,-5.3548,-0.0078239,-1.6822,0.17523
-0.73992,0.87631,0.44426,-0.48573,2.6149,-0.08142,-2.9809,0.22123
4.3085,3.0035,-1.7822,0.34233,6.2787,0.026612,-2.0765,0.052961
4.2699,1.8134,-2.8633,-1.216,-2.1267,-0.075137,1.1874,-0.014723
-0.95236,-1.3613,-2.2054,-2.0375,-5.3187,-0.023977,-0.8137,-0.061987
-0.82344,-0.087624,-1.1267,-0.42076,2.4394,-0.13646,-0.54148,-0.11886
-0.79896,2.9248,-0.57048,-1.2447,-2.4558,-0.025228,4.7303,-0.1901
-0.80395,-3.3571,1.6413,0.26672,-5.3632,0.047719,5.7405,-0.13797
-0.44006,-2.6568,2.8752,1.9486,7.0111,0.57383,-1.9381,-0.070457
-0.77544,2.0332,4.6522,1.1011,6.9334,0.58758,1.6254,-0.091485
-0.78811,-2.0899,4.7186,0.74556,3.7737,0.14711,-0.31352,0.0892
-0.77719,-1.9303,2.3913,0.44479,-2.7074,0.018841,2.8065,0.11855
-0.86723,2.5032,0.84119,0.16998,1.6286,-0.011719,-1.5752,0.048969
-0.86297,-0.079122,5.1743,-0.81189,-6.8118,-0.026929,-2.9668,0.072309
-0.77508,1.4388,0.66454,-0.91877,1.4825,-0.088883,-5.3389,0.15484
4.3018,2.9195,-2.6344,0.37162,6.2257,0.14512,-3.308,0.064862
-0.42873,1.5111,-4.123,-2.621,1.5713,-0.056565,-1.5635,-0.056365
-0.74631,-0.73918,-0.30235,-0.073983,-6.1707,-0.013093,0.81541,-0.12626
-0.77599,-0.38808,-0.42531,0.16642,3.3959,0.014188,5.4711,-0.16956
-0.79926,2.095,-0.47201,0.25931,-1.9816,0.017012,4.2551,-0.19636
-1.0101,-4.6227,1.4614,0.91767,-6.4686,-0.045206,3.7026,-0.18416
-0.97647,-2.7773,-3.0354,-0.53524,5.6567,0.37676,1.1417,-0.052666
-0.82334,1.2492,-0.71272,1.1702,7.1289,0.57734,-0.40501,-0.020272
-0.7756,-0.83426,3.3124,-0.31151,4.0756,0.15708,1.8245,0.20741
-0.76199,0.5946,2.0161,-0.84739,-1.0448,-0.012753,1.0021,0.072017
-0.52485,1.275,4.1567,1.063,3.074,-0.0061554,-1.0191,0.091877
-0.73767,0.55488,2.6833,-1.6138,-7.8626,-0.066801,-3.8972,0.16207
4.2902,0.60672,-0.14541,0.094688,-1.8524,-0.091181,-2.7622,0.12174
4.2856,1.117,-2.1819,0.26463,5.6017,0.087835,-4.3409,0.020324
-0.93425,2.2509,-3.9596,-2.1379,2.757,-0.18106,1.0201,-0.11563
-0.83341,-2.725,-0.67047,0.80549,-5.1565,-0.095031,0.84648,-0.16805
-0.80069,-2.7339,-1.3755,-1.3484,4.8578,0.23295,1.2579,-0.14272
-0.78686,0.74274,-1.3068,1.0322,-0.97897,-0.037819,2.2735,-0.17224
-0.48607,-3.2729,0.69801,-0.72047,-7.99,-0.067057,3.5159,-0.068875
-0.70643,-3.3441,-0.14223,1.5717,3.0232,0.048669,4.2084,0.039867
-0.78753,2.8956,1.4869,0.35221,7.144,0.5521,1.228,0.16786
-0.78475,0.84998,0.66402,-0.52579,5.2033,0.34505,1.4389,0.30182
-0.9232,-0.39953,-1.265,-0.090586,1.1978,-0.10468,-1.6848,0.23289
-0.80475,1.9682,0.29332,0.91893,4.0884,0.051917,-5.3945,0.16647
4.211,0.91201,-0.53927,-1.0823,-6.4174,-0.040983,-6.4644,0.057536
4.292,0.83704,-0.55686,0.67611,-4.6465,-0.059433,-5.3113,-0.029131
4.2584,0.38594,-1.1175,1.0997,4.5088,-0.16688,-0.42861,-0.097837
-0.77421,2.4543,-2.731,-1.1212,3.339,-0.13594,-0.20946,-0.19675
-0.7771,-4.0873,-4.6721,0.90472,-3.7504,-0.11584,-0.66624,-0.15851
-0.81883,-3.2304,-2.0334,-0.0069603,5.6968,0.3694,-0.83763,-0.18302
-1.0929,1.212,-2.1896,1.1306,-0.30889,-0.084718,1.3171,-0.053201
-0.97714,-1.1068,0.18731,0.1748,-8.6805,-0.0097748,3.9913,0.0013158
-0.74583,-4.8233,1.995,2.4165,-0.093608,-0.02725,5.2982,0.081899
-0.79249,1.4354,-0.34732,1.1384,6.626,0.51569,-5.5921,0.18728
-0.79458,2.7038,1.6072,0.21584,5.7322,0.40093,1.624,0.040135
4.2184,0.61329,0.5018,0.85353,3.309,-0.0082154,-0.77452,0.13671
-0.74209,2.6008,-0.57447,-1.4217,5.6916,0.091872,-0.30302,0.063864
-0.78502,1.6471,-0.14334,-1.4285,-7.4637,-0.11319,1.9887,0.010881
4.2845,0.60363,-0.63057,-0.068389,-7.4804,-0.092682,-4.8105,-0.069118
4.2594,3.2376,-0.6176,0.57571,2.861,-0.4116,-0.035988,-0.17871
-0.89755,1.4067,0.68398,-0.25951,3.7719,-0.044083,-2.3114,-0.20147
-0.81534,-2.4054,-5.1567,-0.2916,-2.3672,-0.048697,0.094723,-0.15695
-0.81703,-3.1239,-1.2124,-1.3436,5.5194,0.36032,0.8849,0.0084712
-0.50693,1.4558,-1.5739,0.62622,2.3317,-0.014318,2.3276,0.095163
-0.75137,-1.3509,-2.2353,-0.72391,-6.2959,-0.077941,1.1117,0.1601
-0.8085,-4.957,1.7014,-0.091601,-3.2676,0.026908,5.269,0.063767
-0.79703,2.1795,0.22883,0.5081,5.6738,0.39757,-3.951,0.22576
-0.96091,1.0686,-0.21113,-0.29672,4.9724,0.30842,1.8312,0.17986
-0.91802,2.2771,0.43566,-1.18,3.3227,-0.040611,1.9169,0.040183
-0.85156,2.1809,-0.028437,-0.97367,6.4611,0.090344,-2.6067,0.012633
4.3013,1.6844,-2.9038,-1.6157,-6.5718,-0.041144,-1.1101,-0.062157
4.2744,0.54303,-1.0231,-1.515,-7.8147,-0.065485,-4.6727,-0.13276
-0.77434,1.4043,-3.2484,-1.1629,2.2648,-0.39611,-2.0791,-0.2435
-0.77408,-0.54944,3.0457,0.30754,3.0945,-0.17669,0.83622,-0.16893
-0.82062,-2.5119,-3.5135,1.1204,-1.8071,-0.1097,1.2942,-0.11865
-0.80332,-1.6548,-0.58573,-1.4665,6.4268,0.50733,-1.0518,-0.0020671
-0.97342,1.8219,-3.0385,-0.10251,4.0125,0.15748,3.0691,0.14712
-0.80563,-0.088986,-2.2694,1.2533,-3.9375,0.004902,1.5231,0.18314
-0.79543,-4.0342,-0.44994,-1.2376,-4.6526,-0.067365,5.7079,0.19918
-0.78125,0.30001,4.218,1.163,4.7756,0.2515,2.628,0.082702
-0.50436,0.63708,-0.99705,1.4118,3.7332,0.16922,3.9544,0.15822
-0.74628,1.3826,0.25647,0.17713,2.0563,-0.20123,0.77824,0.0096881
-0.77698,2.2081,-2.3599,0.26861,6.786,0.29497,-1.5996,-0.045413
4.2982,1.7086,-5.2735,-1.0045,-6.6533,-0.084937,-0.25688,-0.099102
4.2652,-2.5354,-3.0645,-1.3435,-7.0694,-0.055403,-5.7978,-0.28782
-0.87764,0.21105,-4.4121,-1.4745,1.7158,-0.20116,-1.8683,-0.19714
-0.81514,0.30045,4.2551,1.1817,2.8439,-0.10444,0.8508,-0.13106
-0.81218,-4.1455,-0.83343,1.0538,-2.7122,-0.054826,2.2937,0.029085
-0.74759,-2.723,1.6888,-2.7394,6.6434,0.58097,0.73709,0.15747
-0.78266,1.5581,-0.93537,2.2735,4.9161,0.33201,3.6227,0.11656
-0.79544,-0.32311,0.52958,1.294,-0.42931,-0.031062,1.2441,0.26528
-0.80213,-2.9421,-1.3021,0.014473,-6.6501,-0.041926,0.60693,0.21335
-0.81567,0.058149,4.0114,0.60341,4.8584,0.32318,0.62408,0.14693
-0.81627,1.3229,2.3765,-0.11315,2.6452,0.0050688,1.1116,0.082823
-0.74563,0.76698,1.8527,-1.298,2.8745,-0.076093,-1.6425,-0.028474
-0.77114,3.5523,0.26746,0.12233,7.4305,0.3944,-0.47675,-0.11324
4.2955,2.7595,-2.3277,-3.5352,-4.8853,-0.13058,-0.57693,-0.090097
4.2737,-2.924,-0.48445,-0.4829,-6.5826,-0.11483,-2.6523,-0.21013
-0.75053,-1.755,-2.6816,0.41154,-0.47832,-0.15536,0.34107,-0.16447
-0.81693,0.56623,-1.2242,1.8898,1.7799,-0.19121,-0.17631,-0.098469
-0.81278,-2.2614,-1.497,2.1809,-2.6065,-0.10197,0.95029,-0.030056
-0.92527,-2.9996,0.36539,0.054134,6.5729,0.56603,-0.71066,0.29454
-0.83583,3.2687,2.8412,3.5111,5.404,0.36906,5.477,0.19935
-0.7907,0.2457,3.8926,-0.29454,2.3817,-0.017854,3.2626,0.16234
-0.79462,-3.2496,-2.7625,-0.43156,-5.8296,-0.0046152,-4.8361,0.10969
-0.53142,0.99521,1.6067,1.6112,4.7774,0.30839,-3.2572,0.10305
-0.70992,0.5619,2.5779,-1.0493,-0.42813,-0.084693,-0.33355,-0.001337
-0.77406,1.4857,0.54544,-0.22143,2.8901,-0.012027,-0.72486,-0.082893
-0.77249,0.82406,-1.9929,0.9115,7.4277,0.38895,-1.3721,-0.14987
4.2966,1.0319,-2.1872,-1.8997,-3.9629,-0.13281,-1.7145,-0.15106
4.2677,-3.1409,-1.387,-1.4994,-5.9699,-0.080091,-1.9355,-0.16839
-0.81115,-1.9751,-3.4966,0.85646,-0.39314,-0.17662,3.6807,-0.072623
-0.81017,0.46792,-1.5561,0.74961,-0.31178,-0.14328,-0.4843,-0.020223
-0.55116,-2.2443,-2.2117,2.1723,-3.7524,-0.048049,4.547,0.22586
-0.68579,-3.3727,1.8955,0.45093,6.4489,0.5547,-0.48574,0.31036
-0.75825,2.6574,3.4232,2.0658,6.2735,0.55933,6.3171,0.37923
-0.79544,-0.82745,6.1001,2.4904,2.2477,-0.028848,3.6762,0.09251
-0.89098,-1.8986,-1.3396,0.23393,-6.881,-0.084141,0.38168,0.073307
-0.94357,1.9271,1.385,0.35677,3.9316,0.21642,-1.0436,0.026116
-0.82966,1.1252,0.73665,-0.82075,-3.6122,-0.12657,-1.9525,-0.057509
-0.76585,2.0716,1.9063,-0.44374,2.1929,-0.058253,-0.95818,-0.099954
4.3567,1.9208,-2.0889,0.80461,6.6562,0.19802,-2.9136,-0.10129
4.3037,1.0269,-0.10587,-2.1382,-2.8546,-0.13474,1.6668,-0.16428
-0.77132,-2.0123,-0.69454,-2.6706,-5.7415,-0.052246,-3.8971,-0.066538
-0.81451,-1.6261,-2.3755,0.80652,-1.5837,-0.15584,2.5602,-0.023606
-0.80554,2.813,-0.40432,1.5919,-2.0974,-0.17615,2.8491,0.051111
-1.043,-2.6338,-0.67763,1.2038,-5.0927,-0.050417,5.5396,0.2793
-0.79759,-6.4319,0.94306,1.9534,5.9368,0.44763,-0.63918,0.40382
-0.78337,2.7888,2.817,-0.27875,6.3299,0.54099,4.3714,0.237
-0.77945,1.0649,3.4703,0.21564,2.2673,-0.053093,4.6946,0.085209
-0.57071,1.0703,1.079,-0.85754,-4.6844,-0.088389,4.3295,0.021808
-0.66297,2.6636,0.11939,-0.38733,1.6466,-0.085225,0.37563,-0.061354
-0.7642,-0.12668,3.1691,-1.1201,-5.8914,-0.056809,-2.1127,-0.10149
-0.76575,1.3184,2.1083,0.012251,1.3995,-0.11483,-2.8231,-0.2215
4.3259,1.968,-3.6147,0.64537,5.703,-0.052259,-3.1732,-0.14819
4.3012,0.29159,-0.68526,-1.6128,1.4573,-0.17513,-0.61996,-0.1231
-0.71027,-0.68552,-1.7589,-0.56796,-6.696,-0.084648,0.5647,0.0046014
-0.80026,-1.6554,-0.91711,-0.99007,-1.1652,-0.16113,1.7191,0.085062
-0.64233,0.9188,-2.5244,-0.4687,-2.5993,-0.12306,2.8037,0.40094
-0.64202,-0.89681,0.096594,1.3485,-5.092,-0.053722,0.53789,0.27643
-0.71593,-3.4199,0.98868,0.19673,5.2085,0.3932,1.0093,0.21812
-0.78939,2.9322,0.62717,1.493,6.2575,0.47008,0.46205,0.18407
-0.85998,3.0511,4.1854,-1.312,2.2349,-0.045199,1.5002,-0.018739
-0.95975,0.61509,1.0252,-1.921,-4.4123,-0.072519,1.5007,-0.040399
-0.76857,0.52666,2.5487,1.1829,0.79973,-0.075612,-2.7529,-0.13371
-0.75943,-0.070818,3.073,-1.7715,-6.3826,-0.13698,-4.0236,-0.18394
-0.76158,1.2765,1.1862,0.15908,-0.95668,-0.16623,-1.7844,-0.085887
4.3179,1.5663,-1.9364,1.2787,4.9879,-0.10352,-1.7578,-0.14771
4.2954,-0.56908,-3.4375,-2.7507,2.9563,-0.072692,2.5464,-0.057704
-0.81928,-0.80391,-0.82716,-0.79671,-5.8033,-0.095288,0.11846,0.071117
-0.81082,-1.2751,-2.4339,-0.51884,0.9458,-0.17005,2.1212,0.0072543
-1.0606,1.2903,-2.23,0.39329,-1.3389,-0.064805,3.0603,0.29977
-0.89796,-1.3705,0.79351,-0.14995,-6.9802,-0.050558,3.366,0.33248
-0.79091,-4.7949,2.0349,1.6053,3.7308,0.21253,5.1881,0.16557
-0.78494,4.4269,4.8562,2.0732,6.4924,0.52736,-1.7827,0.015188
-0.43032,1.534,5.2543,1.4008,2.9654,0.10467,3.655,-0.044439
-0.74458,-0.18699,1.2687,-0.42302,-0.96225,-0.10592,1.634,-0.13356
-0.73335,0.68176,3.5939,1.4592,0.98047,-0.13536,1.0559,-0.14734
-0.76749,0.38749,2.5946,-1.4549,-6.7835,-0.15659,-1.2107,-0.15639
-0.84269,-0.70534,0.74353,-0.57796,-4.6892,-0.15415,-2.3723,-0.11986
4.3175,0.69092,-2.8124,0.44108,4.3726,-0.27767,-0.35259,-0.081482
4.2809,0.66334,-1.0102,-1.6241,3.2532,-0.2147,2.1229,0.036508
-0.80768,-1.2922,-0.52032,1.0417,-6.1285,-0.13585,-2.6905,0.29488
-0.7975,-0.28295,1.2742,-2.2249,2.5553,-0.083499,-1.0894,0.060335
-0.66998,2.3131,-1.4346,1.6672,-1.4369,-0.084943,1.5737,0.29559
-0.74067,-2.5991,1.2327,0.83455,-7.5681,-0.072268,2.843,0.27945
-0.79158,-3.8911,0.95643,1.067,2.0618,-0.063643,5.7837,0.16141
-0.78172,3.5159,-0.24511,-0.48355,6.4855,0.44335,-1.9354,-0.030908
-0.89316,3.3528,1.6615,-0.082198,4.1555,0.2439,1.1253,-0.12312
-0.75039,-1.0491,0.90831,0.13419,0.73183,-0.12281,-2.3789,-0.20994
-0.7631,1.6503,2.8267,1.4296,2.2178,-0.14424,0.011226,-0.14938
-0.75801,-0.19155,-0.72014,-1.456,-7.116,-0.18118,-2.7378,-0.11397
4.3166,-0.37975,-0.2609,-0.22836,-7.0992,-0.18776,-7.2611,-0.093845
4.3158,0.099449,-3.0264,0.070397,3.6071,-0.31226,1.0418,0.070119
-0.81997,0.62272,-1.4147,-1.12,3.789,-0.24556,-4.2419,0.11502
-0.8208,-1.6325,-3.0162,0.07858,-6.7145,-0.15084,-2.2341,0.12989
-1.0367,-2.1762,-0.49005,1.3565,3.0836,-0.045931,0.93479,0.26288
-0.89905,2.1479,-0.46402,0.63961,-1.0779,-0.090218,0.46783,0.34107
-0.79309,-0.51853,1.6109,0.13148,-8.894,-0.0073041,3.0829,0.12174
-0.78372,-4.669,-0.18686,1.1919,-0.55676,-0.021692,3.4651,0.013387
-0.72332,2.0729,1.6892,1.4862,5.9273,0.41866,-5.4404,-0.10553
-0.65008,3.3366,1.1411,-0.53292,4.8096,0.2917,-0.62588,-0.17285
-0.70489,-1.6225,-0.016218,-0.889,2.6179,-0.020075,-0.72796,-0.17762
-0.77379,0.68903,-0.30177,-0.94032,3.154,-0.13981,-1.4318,-0.13215
-0.73959,0.21998,-0.79702,-0.95115,-8.0168,-0.16817,-0.59283,-0.14279
4.3371,0.21801,-1.4936,0.65335,-9.5308,-0.12014,-5.2102,-0.073158
4.3188,1.4743,-1.1472,-0.27462,2.9097,-0.28346,-0.58101,0.12522
-0.80552,1.5133,-3.4696,-1.7226,4.0508,-0.24232,-4.5625,0.19113
-0.80521,-1.4162,-5.1203,0.69558,-5.8865,-0.18738,-1.152,0.0089579
-0.69413,-2.7648,-1.12,-0.3095,3.8052,0.059098,-1.0445,0.42333
-0.72363,2.0869,0.27609,2.8835,0.16158,-0.1024,1.6572,0.16842
-0.79096,-0.47323,0.99041,1.4773,-8.4599,-0.059729,-0.049538,0.031641
-0.78557,-5.3173,2.5095,0.63131,-2.2037,0.004395,2.9773,-0.047676
-0.88231,2.7553,2.3664,2.3086,5.0479,0.34234,-3.4658,-0.19344
-0.78707,0.93293,-1.7656,0.47085,4.406,0.2137,0.41948,-0.19353
-0.76263,1.4814,-0.34814,-1.1304,2.4562,-0.10797,0.58101,-0.16508
-0.75937,0.10145,-1.5408,-0.50542,4.0424,-0.20874,-3.8578,-0.069069
4.3536,2.1585,-2.6595,0.024249,-6.9425,-0.20072,-3.3413,-0.022365
4.3157,0.54166,-2.8464,-2.8033,-11.091,-0.11212,-3.3185,-0.038866
4.2902,-0.27473,0.0029639,-1.2885,0.796,-0.56008,-2.4282,0.18855
-0.83047,1.7485,-1.8424,-0.35205,2.7213,-0.468,-0.78888,0.20987
-1.0803,-2.9043,-1.9199,-0.17076,-4.6923,-0.18052,-1.2746,0.089151
-0.88356,-0.61122,-1.4854,-0.74334,4.524,0.19815,-1.3088,0.18799
-0.83218,2.578,-1.1606,0.68511,3.0904,0.08093,2.7997,0.049943
-0.79991,0.64515,-0.40955,1.524,-7.7192,-0.084314,1.3597,-0.043636
-0.68682,-5.4794,2.659,-0.20931,-8.3022,-0.0091074,7.0529,-0.0992
-0.6659,0.42113,2.1141,2.4021,3.4243,0.11091,1.6979,-0.21093
-0.73629,0.77919,1.3464,-0.53724,4.182,0.19628,-1.268,-0.17886
-0.78175,0.88576,-1.0632,-1.6095,2.7503,-0.058959,-1.16,-0.14184
-0.87511,2.3896,-1.0526,0.76668,4.339,-0.35712,-3.006,-0.073767
4.336,0.84205,-5.1215,-2.5981,-6.5169,-0.07017,-4.1581,0.10173
4.3067,-1.5133,-4.3275,-2.4877,-10.731,-0.082883,-2.9597,0.19475
4.3621,0.36519,-1.1792,0.37883,-0.35535,-0.42807,-3.8575,0.16109
-0.82166,2.7849,0.86378,1.164,0.92889,-0.34431,-2.5899,0.082848
-0.66132,-0.91081,-0.84979,0.47013,-2.9982,-0.10198,0.18017,0.16387
-0.75711,-2.8562,0.13579,-1.0699,4.9542,0.26529,1.364,0.094384
-0.81773,1.8482,-0.56993,0.47883,4.1989,0.23655,2.4215,-0.026673
-0.81409,1.7249,-0.060332,2.4546,-4.5681,-0.037973,0.96016,-0.11563
-0.90845,-2.9503,1.5024,-1.1186,-10.098,-0.054088,3.9969,-0.15411
-0.81715,-0.90924,2.9192,2.6284,2.3097,-0.033513,2.9383,-0.20891
-0.78122,-0.84626,2.7915,0.2124,3.2871,0.072761,2.1708,-0.12385
-0.7794,-0.55996,0.17037,-0.62127,1.333,-0.097906,-1.3463,-0.093991
-0.43028,1.9238,-1.9294,0.72473,3.8965,-0.53127,-4.3394,0.0019243
4.3283,2.1801,-3.2204,-2.0495,-4.6788,-0.090398,-0.0097671,0.12963
4.3062,-3.735,-4.8768,-2.0783,-10.809,-0.07361,-0.80665,0.50049
-0.84391,-1.573,-3.7767,-2.841,-2.2098,-0.31979,-3.9567,0.23143
-1.0022,2.0034,-0.86763,0.4777,0.34611,-0.39482,-2.3963,0.13994
-0.88687,0.64017,0.87154,-0.4041,-4.4279,-0.081221,3.4368,0.13656
-0.78416,-3.5605,1.1164,-1.2096,4.6586,0.27071,0.75718,0.014069
-0.80729,2.1459,-0.96732,0.57903,4.2409,0.24113,5.4205,-0.11246
-0.82133,2.7385,1.1767,-0.084183,-1.4939,0.021485,4.2249,-0.16498
-0.7088,-5.3535,0.51067,1.2311,-9.8866,0.026137,-0.91959,-0.23006
-0.73479,-1.3014,5.8648,0.9238,1.4781,0.02547,1.8881,-0.16292
-0.79147,-2.2255,3.8329,-0.82824,1.7325,0.0024633,-0.58881,-0.080094
-0.78991,0.2795,0.83096,-0.34734,-0.36533,-0.07223,-3.5312,-0.053712
-0.88713,2.9185,-1.5036,0.691,4.9934,-0.217,-2.529,0.039989
4.3186,2.0242,-1.0026,-3.3169,-2.7406,-0.071749,-1.6257,0.030594
4.2902,-2.8448,-2.652,-0.92237,-9.2402,-0.060005,-2.1952,0.23978
-0.83182,0.97765,-3.9567,0.0059754,-3.5663,-0.22421,-0.61066,0.097669
-0.70099,0.21747,-4.9178,-0.021476,-0.25359,-0.24533,-1.8789,0.0791
-0.81931,1.1935,-0.36259,1.2034,-4.642,-0.047843,-0.45004,0.070022
-0.81472,-5.5528,0.1031,2.0675,5.6234,0.35836,1.7389,-0.11356
-0.81202,1.9434,1.2225,1.5247,4.9571,0.31906,0.43195,-0.13748
-0.94317,0.96433,0.27085,-1.097,2.4051,-0.035201,2.5847,-0.22179
-0.87451,-3.4002,-1.5918,-0.29787,-9.1144,-0.0063864,1.0398,-0.17448
-0.78416,-0.024406,3.4517,0.054635,2.9831,0.055722,-2.9581,-0.099273
-0.78504,-2.87,2.7594,-0.50946,-0.37108,0.0054154,-1.6849,0.0041147
-0.44547,0.082565,1.1402,-0.86963,-0.9541,-0.081734,-0.58339,0.070752
-0.66,2.2244,-2.4291,1.112,5.6918,-0.037421,-2.7325,0.20536
4.3127,1.8064,-0.51661,-3.7514,-0.80913,-0.13293,-2.9637,0.098594
4.2792,-0.72593,-0.11643,-2.1054,-7.6931,-0.043563,-3.6015,0.18086
-0.87978,0.50615,-1.0121,0.6737,-2.4548,-0.091251,-1.7808,0.10714
-0.89842,1.111,-4.2547,0.53634,-1.1905,-0.20046,2.1565,0.0068162
-0.8367,-0.76581,-0.95587,0.91167,-5.5876,-0.055801,3.7526,-0.087079
-0.8026,-4.8535,-0.55861,1.3721,5.2582,0.34104,0.45112,-0.18606
-0.7939,2.3736,5.8663,1.8111,6.0872,0.47516,0.54023,-0.099638
-0.64233,0.5859,5.9958,-0.29587,3.6864,0.12056,3.9847,-0.18497
-0.70977,-2.6279,0.70816,-2.506,-5.1393,-0.02981,1.2017,-0.12668
-0.78901,0.18151,2.3874,0.18353,2.1803,-0.068957,-1.0697,-0.019177
-0.78287,0.21885,-0.18446,-0.71262,-4.8265,0.010768,-1.7288,-0.061768
-0.87073,0.8209,0.26413,0.082684,-2.2781,-0.067872,-3.4706,0.078029
-0.83943,2.5367,-2.1667,-0.68203,5.8237,0.0429,-1.8264,0.22547
4.3159,1.772,-1.6441,-2.1098,3.1744,-0.022546,-1.7703,0.26361
-0.92114,1.9471,0.77031,-0.89182,-8.0308,-0.060685,0.7553,0.08937
-0.54199,-0.2256,-0.0039612,0.50634,-2.6568,-0.076241,0.63334,0.077761
-0.72787,1.9081,-1.0457,0.030671,-0.97812,-0.17766,-0.81332,-0.047384
-0.80251,0.71511,1.7081,-0.48224,-6.0777,0.0059159,4.169,-0.17681
-0.80289,-4.6495,-0.18447,0.06109,4.6438,0.27845,0.30502,-0.25681
-0.94679,2.6653,6.4401,0.55888,6.509,0.51675,-1.7054,-0.21646
-0.87266,1.046,7.1207,-0.73852,3.9737,0.15323,4.1958,-0.14415
-0.74826,-1.9155,4.0917,-2.0582,-2.8988,-0.017957,-0.61796,-0.015477
-0.76849,-0.15373,1.4131,0.44392,2.0598,-0.013587,-1.5117,0.074354
-0.41882,-0.10938,2.7398,-0.99287,-5.9261,-0.078423,-1.0332,0.012365
-0.63993,0.74698,-0.80441,0.15784,-3.7155,-0.043075,-2.2316,0.17798
4.3332,2.2768,-0.82207,0.28404,5.4706,-0.028732,-4.8144,0.19578
4.3048,1.3654,-0.086838,-1.3468,4.7044,0.11915,1.3533,0.36923
-0.82358,2.1163,-1.8434,0.07962,-7.5423,-0.0017658,0.73239,0.059605
-1.0499,-1.7578,-1.4832,-0.24027,-1.1983,-0.096963,-1.2103,-0.024385
-0.84634,0.48958,-4.3727,0.9034,-0.051753,-0.13238,-1.6436,-0.15028
-0.79651,-0.038181,1.6329,0.38651,-6.1352,-0.046226,2.6384,-0.2638
-0.79461,-7.2283,-0.1285,-0.61848,2.7629,0.029481,4.2837,-0.11436
-0.66537,3.0687,4.4593,1.3943,6.7661,0.53054,-1.2656,-0.17822
-0.70606,-0.26525,7.302,2.2261,3.8912,0.13563,-0.35063,-0.025626
-0.78599,-2.1718,2.9399,1.0441,-1.5601,-0.065344,3.1798,0.072626
-0.7796,0.43721,2.4164,1.778,0.5178,-0.056411,1.1951,0.056879
-0.98944,-0.83755,-2.3604,-1.9014,-5.117,-0.026088,1.1844,0.15954
-0.85742,0.95983,0.38092,0.94692,-4.1691,-0.018361,-3.6176,0.18251
4.3261,2.7591,-1.7876,-0.046487,5.2739,0.030578,-1.5955,0.069876
4.2883,2.4894,-0.58586,-2.1043,5.7086,0.16763,2.3284,0.061674
-0.63792,1.1729,-2.2125,0.88412,-5.8271,-0.080977,-1.3685,-0.0057665
-0.74337,-2.2943,0.35708,-2.3988,0.86543,-0.093626,-0.6359,-0.071966
-0.79793,0.8033,-2.4068,1.2158,-0.50349,-0.057547,-0.48581,-0.21819
-0.80227,-1.844,-0.089478,1.0866,-3.7402,0.036681,0.039232,-0.20349
-0.9781,-9.5697,0.091802,0.474,-0.11051,-0.041946,1.3078,-0.15291
-0.92053,1.3418,3.1936,1.2561,7.1523,0.56544,-4.1108,-0.086544
-0.75303,0.52136,4.7296,0.91604,4.8616,0.2566,0.24045,0.031738
-0.76941,0.027786,-1.6515,-1.5438,1.7385,-0.032031,-0.73103,0.088324
-0.77216,1.2815,1.0592,-0.33624,3.0664,-0.041882,0.87092,0.17407
-0.59739,1.0845,-2.0317,-1.6115,-3.8819,-0.083236,1.2366,0.15211
-0.67937,0.216,-0.04751,0.11753,-6.9737,-0.033552,-5.7098,0.23296
4.3094,3.0895,-2.6802,0.20812,5.3523,0.13764,-2.1212,0.099763
4.2697,2.528,-2.0694,-1.0907,6.543,0.15274,-4.3263,-0.011656
-0.87967,2.9842,-0.23355,-0.59816,-5.3972,-0.055679,1.5755,-0.1038
-0.76654,-3.4293,2.0543,0.25861,1.6226,-0.043101,2.8042,-0.12665
-0.79776,0.34402,-0.95394,1.2031,1.6774,-0.038365,2.5207,-0.18061
-0.78728,-1.1591,-1.2143,1.6924,-3.6951,0.0070518,0.99899,-0.1414
-0.6853,-8.7466,0.68334,1.0587,-2.7628,-0.020255,4.6591,-0.097034
-0.69443,0.14067,2.3286,-0.47055,7.049,0.55885,-4.2834,-0.057704
-0.78948,1.4993,-1.3232,-0.15724,6.2322,0.48745,2.0662,0.11879
-0.7837,0.52857,-0.11151,-0.91622,3.7483,0.10541,2.8538,0.12481
-0.97667,1.6755,-0.37682,-0.22748,2.7685,-0.083056,-2.0601,0.068172
-0.7975,1.7521,-1.0663,-1.1876,-2.3822,-0.16788,0.83818,0.071239
-0.70613,0.78913,-0.099904,0.09088,-8.362,-0.11579,-2.3513,0.12624
4.3001,2.1127,0.45637,-0.56158,5.0579,0.15993,-1.8422,0.015407
-0.58069,2.917,-1.0136,-0.45199,5.6327,-0.039385,-3.2791,-0.094892
-0.72248,1.3068,-1.8066,-1.4544,-3.9728,-0.15871,-1.2373,-0.15041
-0.81555,-2.3931,-0.85304,-1.0222,4.1452,0.14398,-3.17,-0.18351
-0.80285,0.22418,-0.43576,2.5505,2.9481,-0.033834,4.0181,-0.2001
-0.88366,-0.69589,0.2521,2.3968,-3.2501,-0.034585,1.9043,-0.15549
-0.8812,-6.1973,-1.3912,-0.79478,-6.1467,0.03414,9.9369,-0.0068374
-0.7808,-0.60793,-1.4684,1.581,6.2055,0.46771,-0.76357,0.058412
-0.76985,-0.12978,-1.6397,0.30339,6.1424,0.47587,1.6067,0.18945
-0.76906,2.4248,-0.65064,-1.0637,4.4112,0.1639,0.38555,0.09599
-0.58133,1.2074,-0.00017099,0.48102,3.705,-0.029496,-1.1293,0.087715
-0.7317,3.1233,-1.2513,-0.25912,-0.94877,-0.16698,-1.6582,0.14834
4.3198,1.0157,1.394,2.3776,-7.8248,-0.066891,-2.4703,0.028185
4.2851,-0.94273,1.2522,0.25486,4.1996,0.035359,-3.7739,-0.046654
-1.0345,3.4057,-0.39036,-0.54401,5.4337,-0.048126,-2.3573,-0.13722
-0.84478,-2.0217,-2.3454,1.7801,-3.3722,-0.091572,-0.17586,-0.18621
-0.80188,-3.1821,-1.8956,1.2032,4.6416,0.20685,-2.6779,-0.15442
-0.79873,1.5508,-0.20449,1.176,3.9778,0.17219,2.0421,-0.11959
-0.53528,1.5474,1.8793,1.6388,-4.6754,-0.064259,1.9405,-0.084962
-0.67531,-4.7374,0.68741,0.32394,-7.6723,-0.054409,12.42,0.088884
-0.79229,-1.6027,1.8487,2.0427,4.4884,0.28329,3.2375,0.17842
-0.78807,1.8614,-3.0349,0.85918,5.8065,0.38486,-0.37472,0.17725
-0.94431,0.93712,-0.18017,1.0344,4.0022,0.1759,-0.42397,0.18991
-0.82809,1.3663,-0.93172,-0.05693,4.4997,0.032009,-0.044676,0.18531
-0.72617,3.4578,-2.2012,-1.4074,0.47842,-0.11074,-0.65879,0.078491
4.3159,0.99227,1.135,-1.0986,-7.5335,-0.0687,-5.1174,-0.036846
4.286,-1.0757,2.0532,0.10571,2.4792,-0.13775,-2.267,-0.12444
-0.67413,1.9503,1.0829,1.7321,4.8697,-0.0572,-0.73503,-0.19623
-0.77966,-0.78617,-2.1109,-0.24321,-0.34317,-0.099389,-1.3174,-0.15014
-0.80099,-6.0615,-1.7605,-0.10845,5.2114,0.33382,0.86959,-0.16192
-0.91782,1.8452,-3.011,0.74693,5.6148,0.42783,5.3844,-0.024507
-0.91588,0.32752,-0.54398,1.0316,-3.1718,-0.067359,3.7503,0.019594
-0.74277,-4.1933,2.5689,-0.0254,-8.0188,-0.01815,-0.75326,0.11531
-0.76693,-1.5543,1.7406,3.6936,3.3608,0.093906,1.9249,0.2253
-0.76023,3.5095,1.8791,-1.5956,5.2024,0.36062,-1.3377,0.032979
-0.58267,1.1807,2.5069,-0.18931,3.8213,0.12434,0.054927,0.1269
-0.73749,2.3911,0.54339,-1.5531,4.4144,-0.022565,-1.8569,0.053156
-0.75884,2.8548,0.44615,-2.0322,3.158,-0.041272,0.08213,0.0026544
4.3101,-0.59205,-0.62617,-1.5942,-7.4878,-0.074559,-3.1635,-0.065102
4.2662,0.54015,1.0418,-0.90954,-0.94034,-0.1595,-2.7359,-0.17
-0.83739,0.57972,-0.017426,-0.11754,3.3662,-0.1983,-2.0777,-0.22067
-0.78614,0.57258,0.25254,0.14374,0.0051684,-0.10972,3.8847,-0.15934
-0.78827,-5.9499,-1.3119,1.9686,5.3015,0.34881,4.362,-0.041738
-0.39637,2.5846,-0.56163,-0.7042,5.7568,0.41199,5.8371,0.12595
-0.64504,-0.3031,-0.82373,-0.37219,-0.47241,-0.052734,3.9723,0.27071
-0.78753,-3.429,-0.71695,-0.12302,-7.7067,-0.014864,-1.7349,0.078297
-0.77868,0.0078581,1.4478,3.668,2.3987,-0.025523,-0.17668,0.21887
-0.74364,0.5802,3.7192,-0.14399,4.3498,0.19355,-2.964,0.26008
-0.86513,1.4994,5.2708,-0.57908,2.3482,-0.092824,1.3918,0.03809
-0.75414,1.4017,1.1294,0.92217,4.5033,-0.096109,-1.908,-0.02127
-0.74853,0.34309,-2.4392,-2.1953,4.6542,0.19494,-1.7924,-0.079875
4.3143,-2.0935,-3.3941,-1.3989,-8.7383,-0.081542,0.4325,-0.13829
-0.63661,0.9256,-0.29288,-0.97734,-2.4214,-0.13784,-3.5576,-0.24486
-0.76368,0.40987,-0.43675,0.98642,1.1191,-0.34677,1.0051,-0.16778
-0.79171,-0.44915,1.2176,1.0611,-1.6727,-0.053446,1.8695,-0.10949
-0.79694,-5.4917,-0.31167,1.4466,4.886,0.33594,0.4111,0.017841
-1.0206,0.26937,1.63,0.57102,6.4474,0.55337,1.4529,0.17394
-0.78814,1.7733,-1.1011,0.4123,2.7327,0.057756,3.0305,0.20595
-0.76119,-2.5757,-2.4361,-0.55117,-5.859,-0.031774,0.45402,0.20332
-0.75494,0.84373,2.5504,2.1835,2.0427,-0.057386,2.6879,0.02653
-0.53934,-0.0095905,4.898,-0.37333,3.4017,0.07982,0.51699,0.12768
-0.66151,-1.3712,3.5152,1.4162,0.16386,-0.055987,0.67286,0.0096637
-0.74881,2.298,1.1316,0.88252,5.4588,0.18088,-3.2392,-0.06666
4.3283,1.3806,-3.311,-3.3911,5.1586,0.28721,3.6789,-0.10823
4.2968,-2.4108,-5.3832,0.84844,-6.6309,-0.10256,-0.36984,-0.21867
-0.90848,-0.28956,-1.2771,-0.58521,-3.1742,-0.11587,-0.9229,-0.21286
-0.79088,-0.19398,-2.9179,-0.033346,1.2695,-0.24883,0.6863,-0.12047
-0.78261,-0.83562,0.39452,1.4217,-4.53,-0.080322,5.8349,0.033077
-0.49096,-4.9234,0.2723,0.64258,4.2593,0.20971,2.0857,0.13014
-0.61869,0.53539,2.7447,0.62272,6.8254,0.59273,1.7033,0.12318
-0.78675,3.8465,1.8926,0.35553,5.0111,0.34762,5.367,0.28879
-0.77892,-1.0857,-2.5628,0.19337,-4.8322,-0.041747,4.2629,0.25497
-0.9591,1.0384,1.3461,0.92801,-0.61889,-0.077332,7.9951,0.14272
-0.77267,1.3816,1.2064,-1.0225,1.0048,-0.10665,-0.70721,0.058729
-0.75416,-1.9156,3.161,1.2539,-1.5226,-0.11837,-4.1215,-0.04607
-0.7424,4.1802,-0.18575,0.94647,5.4413,0.22636,-2.5459,-0.11675
4.3226,0.67158,-3.2956,-2.6652,6.8912,0.4366,2.6577,-0.10399
4.2985,1.6481,-2.5864,-2.1716,-6.3459,-0.10556,5.269,-0.22417
-0.79005,-2.8966,-1.0596,-0.27081,-3.1785,-0.14506,0.17435,-0.1634
-0.79684,-0.01957,-0.86027,0.4131,1.851,-0.19683,-0.10048,-0.084865
-0.79306,2.6334,-0.40049,-1.1366,-3.0374,-0.015743,3.3813,0.023901
-0.93067,-8.0325,-1.4212,0.97468,2.2475,0.0029703,4.7717,0.30053
-0.75735,3.2921,-0.30506,1.4191,7.1431,0.65211,0.35756,0.19526
-0.76216,2.4396,3.578,0.82999,5.77,0.47495,4.5163,0.066687
-0.75933,-2.7682,1.6361,0.99172,-1.4279,-0.045617,2.0453,0.088957
-0.5,3.2083,-0.41042,0.65774,1.3633,-0.11408,4.7058,0.09324
-0.60308,0.69954,0.98425,1.5818,-1.5583,-0.10855,0.93719,-0.0001201
-0.7557,1.0139,0.40245,0.38405,-4.4273,-0.068771,-2.3146,-0.089245
-0.75604,3.0178,0.19824,1.5362,5.2711,0.18525,-3.0628,-0.17779
4.3202,-0.54203,-2.0635,-2.6658,7.4361,0.42201,-1.12,-0.19538
4.3334,2.8668,-0.49181,-1.4663,-5.5233,-0.075689,2.0095,-0.16579
-0.77725,-5.6303,-3.9487,-1.4362,-1.7798,-0.1489,1.4941,-0.06206
-0.7847,1.366,0.43388,-0.0096836,-0.18474,-0.16086,1.5979,0.022977
-0.41986,-1.3971,0.55424,1.5761,-3.6689,-0.0924,1.4044,0.23625
-0.60392,-6.9925,1.0926,-1.024,-0.62879,-0.034033,5.3258,0.43246
-0.76147,-0.26354,3.2903,-1.8864,7.1165,0.6184,-6.6941,0.39208
-0.77504,2.5403,5.9492,-1.2089,5.6439,0.4411,3.118,0.10134
-0.77409,-2.6256,2.7368,0.055958,2.2079,-0.055114,3.1095,0.12296
-1.0378,2.166,1.3064,1.2344,-0.73308,-0.067494,2.0183,0.02541
-0.79286,-0.58606,-0.10402,0.69809,-1.1397,-0.14748,1.1298,-0.070554
-0.7446,-0.14387,0.21864,0.38431,-6.4858,-0.14124,-2.2372,-0.15549
-0.72745,3.8472,0.75398,0.61807,4.4703,0.14153,-0.96888,-0.10572
4.3265,0.016354,-0.49114,-0.63927,6.9996,0.25606,-9.2965,-0.20692
-0.76367,0.89214,-2.5986,-0.86397,-6.3348,-0.16178,3.232,-0.11251
-0.79389,-4.5552,-2.9804,-2.6984,-0.5118,-0.16856,-1.6768,-0.0064966
-0.78795,1.5714,-2.0899,1.0963,1.1894,-0.1344,1.3024,0.054591
-0.941,-0.6463,-2.5709,1.6296,-4.7636,-0.13282,3.8026,0.48464
-0.82453,-5.1185,0.45119,-1.1965,-4.3002,-0.068655,3.0208,0.2307
-0.7612,0.58453,2.7315,-1.0027,6.4234,0.55349,-4.7825,0.22488
-0.75355,3.1824,4.4439,0.19593,5.1053,0.34613,3.5499,0.089005
-0.49444,-1.2952,4.8128,-0.33955,2.4346,-0.014331,1.2246,0.009542
-0.71801,2.4937,1.4769,-0.08408,0.51245,-0.13314,0.54363,-0.064177
-0.74698,1.7811,0.31562,-1.5122,1.7986,-0.097406,-1.1391,-0.11322
-0.74795,-0.16082,1.775,-0.69522,-8.2577,-0.10255,-3.2206,-0.18234
4.344,1.4031,-1.4371,0.83301,4.3463,0.11265,-2.7486,-0.14476
4.3223,0.060262,-3.1392,1.2813,5.74,-0.060062,-3.5617,-0.10356
-0.83167,0.067268,-5.6591,-1.0654,-4.9173,-0.10925,0.47339,-0.014187
-0.77841,-2.6825,-2.3947,-0.68263,0.22076,-0.13861,-2.9535,0.024924
-0.77121,-0.91279,-2.7015,-0.14948,1.862,-0.11585,1.1566,0.40776
-0.62781,2.7851,-1.5168,-0.0089001,-3.2481,-0.099498,5.5237,0.2784
-0.77652,-6.7673,0.73353,-0.24606,-6.5947,-0.10921,3.5322,0.21503
-0.77273,1.4948,0.64226,-1.443,5.7702,0.46267,-1.1094,0.18419
-0.81777,1.9002,1.2789,-0.33696,4.9269,0.33547,3.0389,0.038163
-0.89255,-1.0785,4.7488,1.2797,3.0147,0.067543,2.9958,-0.050256
-0.69141,1.4142,0.1265,-0.29273,1.9914,-0.069381,1.0994,-0.13488
-0.73605,1.721,-0.55239,-1.2833,1.3604,-0.12616,-0.73909,-0.16883
-0.73328,0.79548,2.4442,-0.70486,-9.016,-0.10395,-2.0917,-0.096815
4.3397,0.20125,-0.79526,-0.90566,3.4785,-0.063778,-4.0539,-0.13799
4.3198,1.5706,-3.346,0.77881,4.5558,-0.37502,-2.1924,-0.038306
-0.79742,-0.70854,-3.2134,-0.47534,-4.6133,-0.16887,0.6521,0.074816
-0.79342,-1.5825,-1.8575,-0.087593,0.76054,-0.17504,0.79029,0.012171
-1.0157,0.13582,-2.3324,-0.19003,2.9387,0.061357,0.70077,0.30612
-0.79786,0.93629,-1.7117,0.80121,-2.668,-0.031081,3.1463,0.32019
-0.75915,-5.6062,-0.5047,0.045669,-6.4576,-0.01428,1.1797,0.071652
-0.75989,1.8086,-0.022745,-1.6745,5.1007,0.40329,1.1922,0.017768
-0.46079,0.85526,1.2329,-0.10187,5.6046,0.45987,-1.7572,-0.040716
-0.65491,0.19276,1.2403,-0.48373,4.0724,0.23955,0.71931,-0.13023
-0.74293,1.6593,2.0703,0.032367,2.0189,-0.15758,-0.15571,-0.14291
-0.75127,1.8218,1.5293,-0.58039,2.125,-0.15002,-0.79038,-0.16433
-1.0704,0.63696,2.9037,-1.5757,-9.3559,-0.16653,-4.4209,-0.07289
4.3379,-2.7129,-0.14366,1.5622,2.3289,-0.20612,-2.8875,-0.050597
4.3711,2.6247,-2.1019,0.56323,4.0011,-0.45703,-2.4644,0.038796
-0.78906,-2.6188,-6.6784,1.0865,-2.6972,-0.20185,-3.3786,0.17925
-0.77519,-0.52303,-1.2212,-0.63809,0.72778,-0.27136,-2.9411,0.13184
-0.49593,1.7941,-2.3339,-0.2342,3.7641,0.13525,3.8112,0.28794
-0.80547,3.4957,-0.021248,0.028513,-2.3445,-0.06492,2.8761,0.25596
-0.78092,-6.2197,0.024587,-0.52235,-8.1106,-0.044603,1.7352,0.12692
-0.77736,1.9541,-1.5512,2.1604,3.6684,0.17689,-1.3212,-0.049769
-0.84563,0.91446,1.8805,1.2833,5.0661,0.36951,-0.04336,-0.11711
-0.82988,0.23778,0.34168,-1.494,3.5257,0.099663,1.2122,-0.19672
-0.74794,0.094523,0.95638,0.28802,2.7764,-0.19783,-5.0102,-0.14084
-0.74059,1.1922,-0.92893,-2.0885,3.0758,-0.16785,-3.654,-0.13028
4.3568,0.24718,1.1656,-2.3477,-8.8777,-0.16661,-7.002,-0.097447
4.3399,-2.8768,1.0366,0.41536,-0.35574,-0.29794,-3.3328,0.15978
-0.80728,1.4508,-3.3807,0.18649,3.2646,-0.53818,-3.5994,0.12437
-0.80352,-0.36537,-3.3784,-0.42702,-0.376,-0.28324,-0.74426,0.10675
-0.94804,-5.0592,-4.391,2.3075,0.30669,-0.19773,-0.91848,0.27565
-0.8547,0.51075,-3.5595,-1.1065,4.1052,0.19248,3.039,0.41192
-0.77437,3.1507,-1.4098,0.95818,-0.8451,-0.079777,3.9024,0.10597
-0.76591,-4.2512,2.4404,1.1646,-8.6856,-0.05215,-0.95692,-0.020953
-0.63165,0.68492,2.7486,2.4614,1.9029,-0.05077,1.986,-0.10752
-0.61181,3.0291,-0.7488,0.43445,5.4446,0.40481,0.29613,-0.19563
-0.78523,0.56466,2.099,-0.19127,3.5394,0.10458,1.4231,-0.19273
4.3452,-1.6649,0.6703,-2.7294,2.3131,-0.34491,-3.6862,-0.17229
-0.87442,2.1994,2.1958,1.1517,3.514,-0.16643,-0.48826,-0.12977
4.3443,-0.36521,0.21912,-1.2553,-9.2875,-0.11003,-3.2652,-0.064932
4.3274,0.54447,2.7974,-0.79699,-3.5854,-0.25728,-5.7503,0.1525
-0.79669,1.1499,-2.5655,1.1073,2.1872,-0.75146,-1.3153,0.204
-0.793,0.48629,-0.74239,-0.32821,-0.65669,-0.26452,-0.14807,0.018985
-0.55057,-4.4356,-3.7422,0.43009,0.82185,-0.10527,-2.6286,0.39194
-0.77425,1.7117,-1.3324,-1.411,4.6635,0.27288,2.1522,0.17711
-0.78971,3.4101,-1.0468,-0.21947,-1.5059,-0.092374,3.8717,0.031324
-0.78655,-3.4481,2.288,1.5348,-8.7776,-0.077396,-2.1797,-0.06116
-0.94506,-0.17888,1.8807,1.6711,-0.27352,-0.031626,1.5126,-0.18326
-0.77959,0.25441,4.2309,-0.16898,5.1108,0.30059,-2.6281,-0.16625
-0.75026,-0.14181,-0.28155,-1.0987,2.6373,0.049966,-0.88643,-0.17711
-0.75277,-0.25214,-1.8914,-0.97492,2.022,-0.38261,-1.9398,-0.087639
-0.54269,0.60871,-2.0812,-1.4268,4.7235,-0.018971,1.9745,-0.015234
4.3429,0.44852,-0.12572,-0.67359,-9.971,-0.049666,-0.32926,-0.020199
4.319,0.023515,1.0655,0.34737,-6.0701,-0.25209,-5.9328,0.18864
-0.80792,3.2667,-0.57425,-0.95355,0.59005,-0.66609,-1.8009,0.17777
-0.92145,0.83784,2.1031,0.077045,-1.3802,-0.17299,2.2397,0.094895
-0.90004,-3.3356,-1.7979,-0.90169,1.1608,-0.13753,0.10725,0.1792
-0.76931,1.6989,1.6692,0.37774,5.1292,0.39109,1.8233,0.050843
-0.77014,2.1132,0.24651,1.6234,0.15858,-0.065389,2.165,-0.064591
-0.50154,-1.4545,-1.687,-0.43492,-8.2855,-0.095102,3.1864,-0.10562
-0.58805,-0.57522,2.7365,1.7886,-4.2703,-0.015891,5.7999,-0.20872
-0.80454,0.29882,3.2102,0.2945,4.3158,0.24637,-1.999,-0.18034
-0.75672,-1.4905,1.8112,1.2708,0.25299,-0.041336,-0.67344,-0.14926
-0.99615,1.7759,-0.47863,-0.42544,1.4716,-0.45784,-1.5046,-0.097764
-0.96024,1.4278,-3.0883,-0.66536,5.6937,0.10296,4.5835,0.13104
4.3547,-0.61209,-2.1033,-0.033506,-9.6657,-0.12222,-0.50259,0.2216
-0.89392,-2.2176,-4.1951,-1.3357,-7.9326,-0.20019,-4.3064,0.24197
-0.78066,1.8961,-1.9472,0.18367,-1.1978,-0.49967,-2.2575,0.038991
-0.6406,2.7418,1.5526,0.039137,-3.9607,-0.068585,0.36395,0.16041
-0.75038,-3.1705,0.71055,0.48703,-0.17139,-0.057816,2.0325,0.080657
-0.77845,0.52063,2.9573,0.17625,5.5406,0.42684,0.49115,-0.07895
-0.77751,2.5051,3.2771,1.8897,2.5956,0.030604,3.4652,-0.11288
-1.003,-0.36933,-1.3812,-1.8767,-5.1183,-0.021288,1.8433,-0.17562
-0.84222,-2.7409,0.55749,1.3524,-7.0474,-0.063592,1.0473,-0.2012
-0.74499,0.83436,3.6245,1.1459,3.0828,0.05587,-0.21458,-0.136
-0.73907,-1.4476,1.9026,0.66802,-3.226,-0.097091,-0.82639,-0.080922
-0.52505,2.0075,-1.2039,0.30808,1.3769,-0.35389,-1.9814,0.024218
4.3659,1.2336,-2.2015,-0.95367,6.5227,0.15096,-6.8168,0.16496
4.339,-3.1825,-7.6565,-0.79896,-8.9947,-0.067584,1.1926,0.44818
-0.80727,0.56603,-2.686,-1.2373,-8.6359,-0.097457,-2.8021,0.21308
-1.0511,-3.2898,-6.5544,0.81732,-1.7445,-0.36799,-3.9377,0.1545
-0.77713,3.0307,-0.80925,0.84246,-5.5847,-0.075625,2.7878,0.07837
-0.71515,-4.8316,-0.58539,0.21852,-0.93926,-0.075362,0.73335,-0.025505
-0.76884,-0.31177,2.6317,0.71302,5.6654,0.41286,0.055126,-0.11848
-0.71781,1.9695,5.1385,0.81305,4.3112,0.28194,3.9146,-0.17297
-0.61629,-1.9988,-0.71524,0.15481,-1.4182,-0.058702,1.3944,-0.21943
-0.79816,-2.0484,-0.70958,0.7389,-7.5523,-0.045893,-1.4314,-0.19078
-0.76055,-0.20562,0.31644,-0.22853,0.69182,-0.094588,0.030312,-0.078683
-0.76211,-0.1706,0.96561,0.37523,-7.7776,-0.13837,-2.1281,-0.039913
-0.88965,2.3434,0.019043,-1.0847,2.414,-0.17117,-3.7982,0.097475
4.3522,2.3353,-2.5655,-0.076295,6.7788,-0.043666,-4.8412,0.054348
4.3234,0.60131,-2.7855,0.030337,-6.3936,-0.13554,-2.2766,0.25097
-0.79591,-0.12863,-2.5926,-1.1258,-7.9394,-0.046778,-3.7867,0.058559
-0.59219,-0.55962,-0.53899,1.287,-1.1298,-0.27957,0.44326,0.047071
-0.71487,0.19031,-3.0407,0.97868,-5.7184,-0.07472,0.76971,-0.0063019
-0.78541,-3.0814,0.65212,0.3037,-2.7494,0.005518,1.1908,-0.1608
-0.78489,-1.5994,0.36624,0.78138,6.1021,0.48123,-4.06,-0.16255
-0.98988,4.6568,4.4832,0.52287,4.9813,0.34405,4.0775,-0.18433
-0.78604,-2.0572,4.508,-1.6648,0.90822,-0.068392,1.4899,-0.18983
-0.74419,-0.72412,-0.54113,-0.46184,-6.1764,-0.05987,0.72201,-0.11295
-0.75362,0.20753,0.38549,2.3418,-1.089,-0.060781,-4.0278,0.045197
-0.48677,-0.73305,-0.76999,-0.86817,-7.7196,-0.081131,-2.2965,0.013363
-0.5795,2.7077,0.76873,-0.81676,2.5243,-0.17667,-2.4558,0.23861
4.3415,1.287,-2.3995,-1.0138,6.582,0.050203,-5.8565,0.10631
4.3129,3.882,2.6448,-2.021,-5.837,-0.050526,0.51615,0.20758
-0.84595,-1.2778,-1.7694,-1.811,-6.0927,-0.082658,-1.0021,0.11682
-0.88339,0.65842,-0.54309,1.1162,0.77025,-0.16214,1.1719,-0.001483
-0.83064,1.9762,1.1473,1.4419,-5.269,-0.066435,4.9679,-0.12945
-0.7752,-2.9324,3.1792,-0.77712,-5.4728,-0.0036654,4.8175,-0.21471
-0.76384,-1.1627,2.8765,0.95993,5.7719,0.41685,1.5867,-0.14766
-0.56666,3.637,4.7843,1.3169,5.0844,0.32082,4.9251,-0.1701
-0.77727,-0.45167,3.6421,-1.0033,2.1389,0.0144,2.0341,-0.11363
-0.76371,-0.42922,2.1753,-0.63797,-2.2957,-0.030163,4.8735,-0.012508
-0.76023,2.3234,1.2891,-0.71889,0.43905,-0.053241,-1.4323,-0.050962
-0.9329,-0.24125,0.087684,0.12427,-8.0591,-0.073199,-3.4602,0.029864
-0.76079,2.7009,-0.7745,-0.052929,2.2423,-0.085322,-2.0488,0.20914
4.3404,-1.3314,-3.0101,0.16048,6.0592,0.018051,-3.5868,0.28196
-0.75915,3.1565,-5.4468,-1.4272,-4.3617,-0.058426,0.15069,0.065592
-0.45095,-1.1288,1.6927,-0.75527,-4.3447,-0.064997,-0.58361,0.031324
-0.66746,-0.055386,-2.0444,0.23328,2.4638,-0.071633,1.199,-0.049599
-0.7822,4.6289,1.3014,1.2946,-3.833,-0.040264,6.0387,-0.19115
-0.78325,-6.024,2.9612,0.32704,-8.1372,0.0027008,7.5915,-0.23211
-0.82311,-1.2001,2.3759,2.6139,4.9107,0.30086,2.8261,-0.19563
-0.81325,1.6215,2.2462,0.09684,5.1519,0.33321,2.7401,-0.1498
-0.74639,-0.89801,0.77387,-0.36623,3.1549,0.055818,4.2194,0.024169
-0.74307,0.79149,0.089123,-0.28848,0.44306,-0.071402,0.40886,0.084722
-0.61612,1.7701,2.9473,-0.34019,3.0424,-0.036632,-1.6362,0.033904
-0.57374,0.34711,2.4773,-1.5423,-8.536,-0.072288,-3.367,0.17959
4.3734,2.4652,-0.93403,-0.61484,1.8496,-0.11925,-3.5465,0.12215
4.3256,0.14569,-2.9732,2.0184,5.6437,-0.010346,-0.75124,0.23829
-1.0481,2.4812,-6.5179,-1.4378,-3.7767,-0.074367,-0.30372,0.057901
-0.90523,-1.1449,2.9952,-2.8497,-2.8082,-0.1145,3.0395,-0.060064
-0.7535,-1.2894,-1.9103,-1.0685,2.5642,-0.062045,1.9292,-0.14607
-0.76394,2.1626,-0.94541,-0.096386,-2.1639,-0.070138,4.9375,-0.27774
-0.76838,-2.5068,1.7438,-0.43358,-8.5919,0.023647,6.4453,-0.11266
-0.62443,-3.329,-0.58943,2.0582,3.905,0.19192,5.2998,-0.14603
-0.71924,1.2068,0.84857,-1.0118,5.3991,0.3572,-3.6017,0.0048448
-0.76092,-1.606,-1.174,-0.17557,4.6116,0.23418,1.854,0.18378
-0.75593,2.0706,1.4989,0.5021,-0.34102,-0.039565,1.505,0.045392
-0.90208,0.98687,0.58585,-0.2793,3.6425,0.019393,-0.50086,0.183
-0.74762,1.2457,2.2383,-1.8792,-8.5363,-0.076908,-4.1967,0.17492
4.3562,1.1745,-0.60054,0.60895,2.0595,-0.14341,-2.1126,0.057999
4.318,1.2297,-2.3773,0.26428,5.1456,-0.0073362,-1.1136,0.045854
-0.48409,1.1893,-3.8589,-0.84704,-1.3477,-0.091162,-3.6664,-0.02385
-0.67468,-1.16,1.365,0.0043696,0.17415,-0.052175,1.4839,-0.081579
-0.77898,0.26485,0.055892,-0.54623,3.5146,0.11161,2.8723,-0.22038
-0.77411,0.87338,-1.1716,0.34422,-0.3377,0.012808,3.725,-0.19395
-0.95483,-2.8139,0.82475,0.33621,-7.6612,-0.030112,3.9092,-0.1792
-0.79329,-3.1007,-1.9684,2.7131,3.9419,0.18464,3.0993,-0.072112
-0.70556,1.8262,2.3178,0.84842,6.1801,0.434,0.013743,0.063158
-0.74197,-0.1692,-0.41713,0.17645,4.9098,0.30709,0.22602,0.11171
-0.55988,1.3524,-1.4638,-0.84895,0.93904,-0.08982,-2.1824,0.11758
-0.55361,1.4264,0.69132,1.4797,5.2049,0.2261,-1.504,0.11979
-0.77279,0.88006,1.4035,-1.8362,-7.7293,-0.065357,-5.6801,0.20169
4.3463,-0.022871,0.29964,-0.23952,0.59006,-0.12696,-2.3381,0.054348
4.3098,2.4605,-0.77647,0.98806,4.7998,-0.1452,-3.8183,-0.011437
-0.91797,1.379,-1.879,-0.82602,-0.45344,-0.1695,-2.0549,-0.12312
-0.83996,-2.0595,-0.78004,1.8342,1.0049,-0.10845,-0.81813,-0.14904
-0.76352,-1.0259,0.20092,-0.95111,4.7435,0.26817,2.9362,-0.15537
-0.75099,2.5163,-0.94406,0.24755,0.59353,-0.00034755,4.6284,-0.091801
-0.53376,-3.4619,-0.80673,0.28743,-7.2676,-0.00095079,3.4739,-0.030153
-0.62935,-2.2548,-0.4232,3.9055,3.3958,0.11149,4.6665,-0.040472
-0.75242,1.7356,0.68751,0.76458,6.1886,0.45425,0.49514,0.15318
-0.74782,2.066,-0.3705,-0.86471,5.2511,0.33053,0.96902,0.099665
-0.89616,0.32042,-1.7734,-0.57904,2.8082,-0.012804,-2.1942,0.076277
-0.76869,2.1656,-0.83538,-0.41591,5.3137,0.15657,-2.7304,0.075473
4.2981,0.79021,0.64661,-3.7007,-6.4098,-0.097861,-6.253,0.10013
4.3307,-0.82789,0.056393,-0.031123,1.1204,-0.19369,-3.0573,0.002338
-0.69399,3.4352,-0.73802,0.91376,4.5795,-0.09385,-3.9634,-0.12081
-0.69247,-0.78477,-4.6008,-0.42245,0.14174,-0.16786,-0.040213,-0.16148
-0.78171,-4.1963,-3.4744,2.2933,2.286,-0.063053,-1.8287,-0.18983
-0.77267,-1.3917,-1.3987,-0.9441,5.7816,0.41726,-1.844,-0.13137
-0.8876,2.187,-0.26289,-0.55591,0.91938,-0.062129,4.2099,-0.16822
-0.82858,-2.0711,1.7126,1.0106,-6.9433,-0.039905,3.9324,0.011976
-0.69092,-3.7365,2.0313,2.8314,2.6065,0.0065384,5.0388,0.1002
-0.73794,2.0323,0.040377,1.3769,6.5492,0.52256,-3.6694,0.24275
-0.7381,1.8388,1.4305,-1.4055,5.2087,0.38559,-1.001,0.13853
-0.53256,0.021312,-0.46079,0.17397,2.68,-0.13245,-1.7432,0.080949
-0.7941,2.7999,0.48048,0.42746,5.7007,0.19545,0.41065,0.12179
4.367,0.94673,-0.4134,-0.56218,-6.5687,-0.051816,-0.31011,0.022538
4.3221,-1.7419,2.3209,0.14732,-2.2636,-0.16378,-5.8303,-0.082991
-0.96407,3.0933,-1.682,1.4863,3.6019,-0.19011,1.8108,-0.17594
-0.8093,-0.18066,-0.84735,-1.8692,1.8698,-0.13182,-0.79268,-0.19168
-0.76021,-4.1943,-4.4884,1.3372,2.0603,-0.038718,0.93655,-0.1571
-0.76344,-0.04014,-0.33954,-1.0559,6.3115,0.539,-0.17672,-0.073767
-0.49908,2.0876,-0.20983,0.34745,2.2625,-0.010378,2.6911,-0.050086
-0.6378,-3.4833,2.3155,-1.6267,-4.9942,-0.08047,3.4182,0.13547
-0.75811,-3.0372,1.3112,0.052329,0.49283,-0.025344,5.006,0.20347
-0.7543,1.1201,5.0578,1.0982,6.1531,0.47652,-2.0065,0.13347
-0.91347,0.49496,-2.476,0.23044,4.5135,0.26443,1.5765,0.18093
-0.7741,1.3874,0.58508,0.45336,3.2191,-0.026672,-0.19553,0.13792
-0.72262,2.0394,-2.419,-2.7847,7.0255,0.3847,1.4815,0.02636
4.3461,2.5001,-2.6452,-1.0611,-6.4333,-0.063611,0.42231,-0.051327
4.3186,-2.5037,-0.9301,-0.31815,-6.3369,-0.16233,-4.6548,-0.14617
-0.69255,3.4564,-0.06445,0.7911,2.3088,-0.21281,-2.0243,-0.21773
-0.85452,-0.18746,2.0299,-0.24474,1.7725,-0.23916,4.4477,-0.16516
-0.77004,-3.7284,-2.085,0.77681,-1.3707,-0.085399,3.1628,-0.13802
-0.95197,-1.6665,-0.24044,-0.50297,6.7197,0.62104,4.582,0.078467
-0.98922,1.5105,-0.019482,2.3834,3.5167,0.14496,2.6647,0.066298
-0.79792,-1.0003,-2.1587,-1.2138,-4.9934,-0.0797,4.6424,0.10436
-0.74189,-3.6129,0.12679,1.3172,-4.3957,-0.038544,4.0793,0.25034
-0.72983,2.2969,3.2181,0.72033,5.4362,0.42478,-0.63514,0.054713
-0.49577,1.1779,1.4409,-0.357,2.9258,0.11442,0.20063,0.11952
-0.78615,1.7677,0.81952,-0.022343,2.9739,-0.013272,0.01253,0.038017
-0.72849,3.7685,-0.17998,-2.1235,7.2115,0.49007,-2.7522,-0.040862
4.3427,1.7441,-2.4315,-0.064137,-5.7916,-0.060223,0.061689,-0.091631
4.3142,-1.5233,-3.2474,-0.94228,-6.446,-0.13047,-4.7892,-0.20402
-0.79639,0.70497,-5.078,1.3877,1.9361,-0.27335,-5.2212,-0.21897
-0.76049,-0.17317,-0.35259,0.4671,0.64261,-0.17454,1.173,-0.13675
-0.75116,-4.8074,-2.3937,0.25216,-1.9433,-0.11243,1.9354,-0.012727
-0.43018,-2.6734,1.1781,0.80001,6.7476,0.64571,0.82056,0.15861
-0.65342,1.5918,0.91983,1.9276,4.8058,0.33132,3.9836,0.26855
-0.755,-2.0719,-2.9759,0.50276,-0.23721,-0.077787,2.2928,0.079976
-0.74666,-3.1664,-0.35274,0.41348,-6.5643,-0.07703,-1.3233,0.1876
-0.98417,2.3133,0.87767,-0.024026,4.7271,0.37031,-0.31983,0.12559
-0.779,0.50196,-1.0036,-0.69749,0.32755,-0.072827,-2.4416,0.030351
-0.71947,2.4858,0.93598,-0.86765,2.4746,-0.11958,-0.99037,-0.026405
-0.70549,1.5896,-0.74625,1.6237,7.4588,0.48136,-6.891,-0.1122
4.3408,0.83728,-1.1045,-0.76749,-6.0139,-0.1201,1.8638,-0.16851
-0.64092,-0.93213,-1.6723,-1.3581,-6.0394,-0.1341,-2.0044,-0.22376
-0.82384,-1.5669,-2.9828,1.5974,-0.45029,-0.17972,0.087428,-0.17998
-0.76527,-0.95345,-0.81622,0.80336,-0.47202,-0.073545,-0.19129,-0.028887
-0.98474,-4.6666,-1.5915,0.59741,-1.8857,-0.025831,3.9198,0.025702
-0.95547,-2.7798,1.2132,1.3208,6.6864,0.65637,-0.063268,0.16049
-0.67491,2.4079,4.4491,1.5386,5.657,0.51394,4.5952,0.23939
-0.732,-0.51281,2.5224,-1.1965,2.3675,0.011698,3.194,0.22479
-0.73375,-0.1748,0.0095614,0.35573,-7.0344,-0.082318,2.8359,0.0029708
-0.58304,1.4293,0.13428,-0.16238,3.3076,0.17031,0.95396,0.091877
-0.7164,-0.32043,-0.22252,-1.638,-4.7873,-0.1513,-0.96178,-0.019736
-0.72421,2.4045,1.5667,0.93018,3.7775,0.1616,-0.87077,-0.11366
4.3379,3.2191,-0.58968,-0.20804,7.1654,0.32976,-2.637,-0.094235
4.3361,0.73668,-0.2577,-1.9991,-4.8537,-0.090699,1.3792,-0.21064
-0.83988,-1.4959,0.39004,0.64333,-5.6645,-0.17049,-3.2912,-0.1948
-0.74958,-3.1944,-2.8324,0.73527,1.1746,-0.2156,-0.33412,-0.087736
-0.75397,-0.7713,-2.2098,0.26209,-2.8203,-0.10554,2.5817,0.12882
-0.48321,-2.4973,-1.7653,1.9594,-1.6536,-0.077743,1.2978,0.13294
-0.62121,-3.6864,0.3512,1.4796,6.3595,0.59656,-2.321,0.16002
-0.77057,3.8817,4.0394,1.2175,5.8877,0.55339,0.98557,0.26986
-0.74134,0.94207,6.1514,-1.655,3.4753,0.16062,1.9286,0.2278
-0.84154,-0.018209,-0.50961,-2.1402,-3.8552,-0.085046,3.6521,0.12094
-0.80453,3.176,0.59703,0.81115,1.339,-0.16765,-0.23482,0.024023
-0.77349,-0.62256,3.2,-1.8573,-4.9981,-0.13325,-4.2889,-0.097958
-0.71369,2.2446,1.3721,-0.89422,2.6367,0.00093595,-1.4428,-0.13622
4.3573,2.2006,-1.6348,0.15081,6.3828,0.15332,-3.1159,-0.11889
4.3328,2.5355,3.5342,-3.4333,-1.8696,-0.17245,1.9315,-0.20899
-0.83834,-1.4828,-1.2061,-1.0036,-5.4432,-0.16928,-2.1185,-0.12746
-0.76485,-1.562,-1.1828,1.2021,2.3492,-0.10148,-0.64666,-0.069337
-0.76287,2.784,-1.3592,0.04572,-3.9425,-0.09206,4.1908,0.039356
-0.90804,-3.6109,0.17422,-0.63692,-3.7015,-0.084455,4.2228,0.33474
-0.77647,-3.2937,-0.022732,2.1019,5.7574,0.50177,1.6178,0.15834
-0.7375,4.2539,1.8737,-0.17094,5.9913,0.56325,1.0594,0.070241
-0.72213,0.32817,3.0761,-0.37659,3.7272,0.20614,1.1091,0.069462
-0.51343,1.0097,2.1774,-1.9232,-0.37229,-0.11106,-2.5799,0.041473
-0.69913,2.8069,3.3093,-1.111,1.8983,-0.086393,-1.4874,-0.043685
-0.72301,-1.3495,2.2363,-0.66344,-5.6162,-0.13531,-3.2825,-0.12548
-0.71558,1.5773,1.0602,-0.67506,1.4359,-0.13889,-2.2745,-0.17231
4.3519,-0.34443,-2.247,1.783,5.9928,0.11621,-1.8958,-0.16805
4.2822,2.8554,-3.5519,-2.7829,0.90075,-0.20181,1.7425,-0.12427
-0.75663,-2.01,-1.3975,-3.0248,-5.1632,-0.099466,-1.0127,0.032055
-0.75189,-2.4493,-1.1412,0.15406,3.2667,0.078132,3.4195,0.020178
-0.62688,2.757,-0.34336,0.64491,-3.5829,-0.16526,5.6923,0.2591
-0.58526,-1.561,2.2115,0.89566,-6.2681,-0.085687,5.109,0.46196
-0.77935,-3.1694,1.198,2.369,5.0549,0.39431,-3.4262,0.36473
-0.7472,2.4796,0.76421,1.0482,6.1278,0.52851,-2.4683,0.094822
-1.0262,0.3693,1.9359,1.3259,3.2821,0.19451,1.5145,0.058559
-0.79755,1.2798,1.7148,-0.16494,0.14918,-0.171,-0.64551,-0.047749
-0.66568,1.654,5.1322,1.3484,2.354,-0.03814,-1.2596,-0.093237
-0.71438,-1.5357,1.4932,-2.2858,-6.7769,-0.10594,-2.8294,-0.15403
4.4631,1.7303,-0.77729,0.50339,0.67231,-0.25682,-4.1867,-0.13695
4.3563,-0.85868,-3.4574,0.64782,5.1816,-0.021038,-1.6469,-0.14997
-0.79648,0.3932,-4.6446,-1.6605,1.0839,-0.20297,-0.31825,-0.029447
-0.77031,-3.6972,-1.5938,-0.16658,-3.0824,-0.17636,-2.1762,0.025727
-0.76502,-0.5455,-1.4889,-1.3783,3.8722,0.20491,3.3051,0.079148
-0.91231,2.2304,-2.884,0.7182,-1.4284,-0.16634,4.4089,0.42183
-0.81596,-1.1283,1.5082,0.75603,-7.6255,-0.14453,2.3824,0.23496
-0.7373,-3.9518,-0.54326,4.6047,3.8218,0.27551,-0.51129,0.20412
-0.7372,4.0259,1.963,1.0065,6.0011,0.48121,-6.3671,0.047558
-0.44776,1.0298,2.0892,1.4007,3.6318,0.24946,0.27436,0.0025814
-0.71831,1.1537,2.0764,-1.2781,0.70735,-0.17285,-2.0771,-0.10081
-0.72548,0.89656,1.1728,0.55566,4.0264,0.19553,0.78999,-0.13045
-0.72245,-0.9411,1.2422,-2.4681,-7.2371,-0.18529,-1.2353,-0.21529
4.3631,1.6995,2.3786,-0.32316,-2.399,-0.17426,-2.6654,-0.15462
4.355,-1.0447,-3.0043,1.8139,4.9513,0.049735,-3.1052,-0.091801
-0.75126,-0.20151,-6.8654,-1.686,1.017,-0.17854,0.1102,0.043834
-0.75803,-3.5564,-1.6882,0.042631,-1.9582,-0.14344,-4.9465,0.18412
-0.33932,0.41496,0.25334,-3.2957,3.9391,0.21925,-0.41212,0.5102
-0.64371,0.8748,-3.0558,3.1627,0.49525,-0.10321,2.1072,0.23382
-0.83963,-2.1966,-0.71184,0.50352,-7.7842,-0.083685,3.9474,0.1801
-0.74303,-3.5105,-1.3102,3.8939,2.6585,0.097269,3.1195,0.13941
-1.0973,4.7579,5.0374,2.1904,5.6916,0.41013,-2.8847,0.01514
-1.0068,1.9848,2.5357,1.4102,3.7893,0.24924,1.8673,-0.079194
-0.80128,-1.2697,-0.57758,-0.46506,2.2629,-0.048081,-2.5125,-0.17233
-0.71692,0.74392,1.1887,-0.092622,5.0555,0.30944,0.016299,-0.17005
-0.70289,0.093579,-0.06276,-1.3196,-8.7165,-0.17081,-2.6541,-0.078561
4.3719,0.47499,-0.15886,-0.36361,-4.3461,-0.21225,-1.4602,-0.14065
4.3505,-0.40705,-1.9289,0.43556,3.6555,-0.25236,-2.1529,-0.015867
-0.7712,0.11286,-2.8412,-1.1125,1.2436,-0.33291,0.41142,0.13206
-0.76315,-1.5428,-2.7474,0.88965,-2.3362,-0.19043,-0.60495,0.0049909
-0.92402,-2.3972,0.23991,-3.2525,4.8726,0.31351,-0.10411,0.30474
-0.75761,2.4885,-0.3172,0.11762,-0.045626,-0.06793,3.1996,0.30926
-0.73851,-0.44012,-0.59798,1.1881,-7.5408,-0.13067,2.6777,0.089906
-0.72734,-2.4733,-1.252,2.336,1.4475,-0.067333,1.0659,-0.014698
-0.60963,2.9518,1.1027,0.9513,5.0754,0.37699,-0.25996,-0.096328
-0.65278,1.1021,-0.04866,0.30688,3.8903,0.1733,-0.37928,-0.15829
-0.7254,0.19576,-0.77171,-0.22074,1.6762,-0.10783,-2.7912,-0.16498
-0.71906,1.779,1.5352,-0.20326,4.8857,0.060125,-2.2502,-0.15104
-0.93405,-1.2219,-0.65984,-2.7043,-10.132,-0.22509,1.5586,-0.081774
4.3746,-1.7833,0.072228,1.4644,-6.0233,-0.2163,-3.7635,-0.0083706
4.2733,2.9337,-1.8804,-0.31482,2.4577,-0.507,0.96505,0.078808
-0.75322,-0.40627,-1.2856,-0.825,1.2727,-0.31471,-4.5056,0.27521
-0.825,-3.0672,-3.3434,0.84656,-2.7065,-0.23179,-0.37159,0.18828
-0.65974,-1.6623,-0.96943,0.25905,5.1993,0.40859,2.212,0.26974
-0.79176,2.9486,0.33608,0.60986,1.3617,-0.11071,1.8904,0.19582
-0.74414,0.017497,0.60654,1.2626,-7.4728,-0.14631,1.5702,0.08477
-1.0979,-3.1645,4.6399,2.3119,-0.83374,-0.089904,3.968,-0.063593
-0.95713,1.7759,1.1621,1.7373,5.078,0.39918,-5.2842,-0.16486
-0.73347,-0.44333,1.2791,0.85045,4.0103,0.21157,-2.1859,-0.19864
-0.71306,0.51784,2.9211,0.24795,1.2206,-0.28891,-1.9246,-0.14581
-0.71822,1.904,0.70862,-0.33557,5.1176,-0.30334,-1.5372,-0.096839
4.388,0.42774,-2.3357,-1.4246,-9.9084,-0.15414,1.1857,-0.050061
4.3724,-4.9644,-1.7787,-1.521,-8.7234,-0.23285,-4.2483,0.21666
-0.76965,1.5333,-1.2807,-0.62897,1.9238,-0.39042,-1.5923,0.15917
-0.76512,0.86253,0.77644,-0.65239,0.24463,-0.45936,-1.3397,0.13666
-0.84773,-1.3989,-3.433,0.77345,-2.9129,-0.18586,-0.24702,0.25117
-0.80394,-1.5252,0.68259,0.072189,5.1665,0.36402,2.4738,0.32632
-0.7449,3.1934,2.3278,1.1257,1.7509,-0.077768,2.9154,0.063694
-0.73988,-1.8224,1.3723,0.48648,-5.1743,-0.040322,1.232,-0.059139
-0.5194,-4.7433,1.9681,0.16211,-4.5317,-0.05754,4.029,-0.14943
-0.65464,-0.049503,3.8464,2.1113,4.248,0.30832,-2.5126,-0.22198
-0.73275,-0.53365,-0.47224,0.089293,3.2796,0.15309,0.6926,-0.19684
-0.72221,0.13733,-0.021955,1.0272,1.5723,-0.22228,-0.35337,-0.15187
-0.93963,0.96747,-2.2336,0.14055,5.1899,-0.19485,-2.7733,-0.11022
4.3836,2.6266,-4.1218,-0.3339,-8.2514,-0.11426,-2.2265,-0.047968
4.3639,-4.5255,-3.6724,-2.5248,-9.2406,-0.14057,-2.6417,0.19526
-0.7627,2.124,-1.9163,-1.0462,-0.077982,-0.42312,-2.5533,0.19638
-0.74358,1.0694,1.9009,-0.25359,0.96722,-0.39696,0.65454,0.082434
-0.49547,-0.99822,-0.42353,-1.4302,-3.1553,-0.077755,0.32662,0.35582
-0.80967,-2.7535,0.21271,0.98047,5.2731,0.43537,3.9902,0.087837
-0.74889,2.712,2.5308,1.5104,2.707,0.10295,2.4042,-0.011413
-0.74267,0.82312,-2.2519,0.40717,-3.8603,-0.10554,1.5304,-0.085838
-0.92479,-3.2971,0.97392,0.24471,-8.3657,-0.095134,7.995,-0.21682
-0.78348,-1.3455,2.3264,1.1001,3.4152,0.18182,-0.6197,-0.19022
-0.7179,0.16646,2.8521,0.76882,2.1553,-0.016334,0.46521,-0.15965
-0.73473,0.19092,0.31062,-0.40835,1.7136,-0.18002,-1.4642,-0.08888
-0.51183,1.5056,-1.4375,-0.35765,5.0066,-0.1093,-0.77927,0.063207
4.3695,1.7266,-4.587,-0.31853,-7.3495,-0.10665,-0.45562,0.025362
4.3425,-3.871,-3.8692,-1.6093,-8.8643,-0.15688,-2.3844,0.21851
-0.77431,0.96494,-4.4485,0.63611,-2.1763,-0.30034,-2.929,0.14746
-1.0395,0.55981,-0.29733,0.26209,-1.5741,-0.30357,-1.6342,0.10047
-0.81308,-0.72407,0.78316,0.77968,-5.902,-0.068302,2.185,0.12357
-0.75211,-1.5323,0.32652,0.092428,5.3214,0.45053,-0.83977,-0.020491
-0.74173,3.2209,1.3084,2.8963,4.2272,0.29214,3.96,-0.091874
-0.59617,2.1227,-0.048839,-2.9099,-1.3725,-0.11145,3.4786,-0.12928
-0.62912,-3.9194,0.28026,-0.78861,-9.3924,-0.042632,-1.5035,-0.22556
-0.80782,-1.1697,1.2553,1.5896,2.7387,0.095928,0.05598,-0.16048
-0.72965,-0.0515,0.26228,0.4479,-1.7494,-0.066961,-0.74801,-0.12987
-0.8843,0.67311,-0.87158,-0.40988,0.64856,-0.21402,-2.2638,-0.056511
-0.88503,2.0041,-2.6238,0.88434,5.2063,-0.021018,-1.7474,0.13727
4.3798,1.7159,-2.5434,-3.6447,-5.1808,-0.069778,-0.030876,0.26385
-1.0616,-3.2946,-3.0586,-0.16548,-9.4526,-0.083557,-3.1144,0.24061
-0.76563,2.7369,-4.3017,0.24544,-2.6534,-0.27034,1.4541,0.049407
-0.60943,1.2631,-3.0942,0.50363,-1.954,-0.20113,0.10664,0.11643
-0.79568,-0.43304,-0.31582,1.2927,-7.8991,-0.076934,2.5808,-0.00031481
-0.74938,-3.875,1.7764,1.2933,5.4445,0.44139,3.4552,-0.13751
-0.74614,3.6452,4.392,1.6051,4.8844,0.34878,3.742,-0.13262
-0.91813,1.5627,4.038,-0.76502,0.85625,-0.040322,4.5215,-0.16343
-0.7793,-2.0089,2.0237,-1.2804,-9.1836,-0.080117,2.313,-0.18854
-0.72011,-0.5937,-0.048358,0.56149,2.4297,0.057943,-1.5577,-0.094089
-0.72371,-0.3843,0.70864,-0.04614,-5.7147,-0.087497,-0.15804,-0.055464
-0.3999,1.165,-1.3236,-1.2411,0.90449,-0.20809,-1.9823,0.061941
4.3828,2.6699,-1.8302,-0.44729,5.2492,-0.038358,-2.6997,0.17039
4.3568,-2.1255,-4.0995,-3.5137,-3.3849,-0.13845,0.57482,0.50197
-0.78343,-1.3511,-1.6187,-0.50973,-7.8704,-0.10893,-2.8654,0.17397
-1.006,1.2602,-3.4934,0.49616,-1.6462,-0.24296,-0.26011,0.12201
-0.88148,2.067,-1.0618,0.31912,-3.7704,-0.10756,2.5006,0.03461
-0.8101,-2.4248,0.50889,0.25873,-6.4308,-0.015243,1.6936,-0.11154
-0.75805,-4.6726,1.788,0.46061,5.8097,0.48626,-2.416,-0.14184
-0.56454,3.334,4.4984,0.70324,5.5712,0.45872,1.6967,-0.19312
-0.64354,0.53296,7.2922,-0.44952,2.6602,0.028794,1.6614,-0.1946
-0.77452,-3.3611,2.2397,-1.3951,-6.901,-0.020287,2.9959,-0.089732
-0.74079,0.4435,1.3048,-0.34427,0.75609,-0.063598,-0.31036,-0.020856
-1.0086,-0.30023,4.2781,0.31175,-8.036,-0.10557,-2.4713,-0.030932
-0.79528,1.4975,0.57784,-0.46693,-0.9261,-0.20491,-1.8736,0.11575
4.3634,1.616,-3.2221,0.38051,5.4436,-0.10352,-4.866,0.069243
4.3313,-1.1034,-0.62344,-1.8294,-0.84358,-0.11659,-0.95283,0.21318
-0.77373,1.0237,-1.4465,-0.83867,-7.4524,-0.057373,-3.3232,0.041595
-0.61454,-1.4045,-2.0938,-0.32808,-0.53969,-0.19509,-3.5275,0.02176
-0.78534,3.9194,-1.3351,0.26262,-4.42,-0.090898,2.4965,-0.051424
-0.76735,-0.45258,-0.24741,-1.0999,-6.2016,-0.085379,3.7383,-0.18071
-0.76492,-4.8767,0.67301,-0.26452,5.0879,0.37768,0.60016,-0.14999
-1.0247,3.175,1.2373,-0.45172,5.4882,0.39416,-0.71722,-0.21291
-0.79654,-1.6408,3.3894,-0.29873,3.6451,0.21944,1.7811,-0.10913
-0.73265,-1.1641,2.5723,-0.84166,-2.465,-0.10084,-1.9556,-0.074156
-0.73621,1.4519,2.9406,0.39245,-0.49289,-0.14568,-1.6637,0.028672
-0.57138,-1.5762,2.9808,-0.79841,-7.7622,-0.080566,-4.1754,0.14435
-0.68614,1.3797,1.355,-0.014507,-1.3407,-0.16239,-2.9271,0.24752
4.3473,0.59626,-3.8574,2.338,5.5713,-0.00079035,-5.8358,0.096307
4.3109,1.6689,-2.2872,-0.59184,1.0484,-0.11105,-2.88,0.17847
-0.99321,1.0546,-1.1233,-1.4912,-6.0064,-0.038249,-2.7415,0.063085
-0.92191,-0.92098,-0.0022524,1.1089,2.3499,-0.057508,1.599,-0.029301
-0.74887,3.8194,-1.5095,-0.26533,-3.9624,-0.057386,5.8565,-0.14688
-0.76489,-0.0026997,2.3714,0.45451,-6.8157,-0.048376,4.7255,-0.19772
-0.78263,-4.8753,1.0126,1.2519,4.3692,0.31973,-1.2894,-0.097228
-0.60016,2.5014,2.0443,0.077302,5.7638,0.40243,-1.0831,-0.15053
-0.79521,-0.016372,1.2225,0.95441,4.1607,0.24726,3.1987,-0.049112
-0.75023,-0.56074,2.2955,-2.1078,0.23359,-0.086727,-0.21327,0.052182
-0.74355,2.6083,3.4761,1.1612,1.9456,-0.074624,0.40758,-0.044902
-0.9271,-0.88826,1.398,-2.2706,-6.9694,-0.092458,-4.2021,0.062915
-0.77137,1.8552,0.19299,0.52074,-2.6713,-0.16127,-3.1082,0.21381
4.34,1.7795,-1.6321,-0.24156,5.1563,0.0056143,-4.2851,0.20203
-0.67869,1.3466,-4.6166,-0.12427,2.7776,-0.10952,-2.1069,0.018717
-0.63972,-0.93604,-0.014869,-0.18854,-6.1419,-0.13872,0.50094,0.0087632
-0.76996,-0.93054,-0.62958,0.42436,3.3688,0.11082,2.4847,-0.10786
-0.77123,0.74381,-2.7902,1.0462,-1.3199,-0.11903,2.9909,-0.20193
-0.76874,-1.2512,2.245,0.17122,-7.6272,-0.090655,2.2713,-0.2149
-1.0126,-6.3767,3.0645,2.8776,2.7825,0.11569,4.4074,-0.17112
-0.88947,2.0347,2.4019,1.1857,6.0258,0.44499,-0.42906,-0.12699
-0.74425,1.3837,2.6291,1.2386,4.1544,0.26539,0.98557,0.071166
-0.74522,-1.0828,-0.077709,0.020928,2.4358,0.044594,0.13272,0.096161
-0.51984,1.8829,-0.42217,0.068457,4.7526,0.24925,2.3022,0.052182
-0.67257,-0.70217,-2.2085,-1.8385,-6.2505,-0.11358,-1.4735,0.1774
4.3672,0.92784,2.112,0.22745,-5.1666,-0.12168,-3.4322,0.16557
4.3247,0.20953,-0.8012,0.85493,4.6135,0.013919,-0.93919,0.23175
-1.1118,2.8897,-1.7369,-0.75514,3.9808,-0.020197,2.0486,0.0018756
-0.84997,-1.8251,-2.1271,0.31196,-3.6577,-0.1105,0.45724,-0.096547
-0.803,-2.6199,0.52397,-0.9069,4.8106,0.29635,-1.774,-0.14861
-0.76547,-0.03384,-0.64365,0.4258,0.63496,-0.05326,2.5043,-0.28899
-0.76173,-0.91735,-0.41147,1.5334,-6.8224,-0.042883,3.0933,-0.10966
-0.56754,-8.3175,3.7873,1.7751,0.051878,-0.049461,9.8683,-0.10161
-0.76413,2.0231,-1.2388,1.7014,6.236,0.53017,3.4399,0.03478
-0.75822,0.55133,2.0259,0.54665,4.2627,0.27123,3.5481,0.19896
-0.74426,-0.33835,0.082718,-0.53336,3.2725,0.082515,0.26556,0.059143
-0.88858,1.9056,-0.68946,-0.78421,5.1768,0.26212,2.1692,0.17723
-0.76155,-0.13948,-1.2966,-2.6227,-6.9421,-0.12697,1.0832,0.15917
4.346,0.76724,0.40917,1.0041,-5.7652,-0.10654,-3.944,0.033052
4.3084,2.1604,-1.2548,-0.88063,4.0357,-0.039353,1.5037,-0.014358
-0.6034,2.05,-1.6279,-0.93547,3.5647,-0.032474,-2.1836,-0.099029
-0.73288,-2.5581,-1.0763,1.6809,-3.2579,-0.086547,-0.13399,-0.12217
-0.77284,-4.2682,-0.17325,0.78127,5.6005,0.47564,1.1495,-0.22191
-0.77076,1.2275,2.3566,1.6204,2.1744,-0.00033471,3.9561,-0.16355
-1.0119,0.40157,-0.54334,1.3045,-5.8021,-0.041862,3.0443,-0.13724
-0.78105,-7.5637,4.9683,2.3961,-3.5321,-0.075233,8.4254,-0.035094
-0.73369,1.6784,-1.8171,0.63821,6.5197,0.58685,-8.7607,0.12111
-0.74378,1.7363,-1.1391,0.058656,5.1577,0.35647,-1.8302,0.15559
-0.64401,0.42438,0.72763,0.15698,2.8627,0.0026943,0.49097,0.11811
-0.63894,2.7291,-0.23891,-0.98314,5.4718,0.1441,-2.0518,0.10407
-0.76618,1.6085,0.13601,-1.1224,-6.5082,-0.089198,0.45154,0.12527
4.3321,-0.34305,0.82035,-0.87369,-7.7463,-0.12704,-4.1281,0.010443
4.2914,2.4027,1.8506,-0.41515,3.149,-0.12637,-1.6577,-0.067147
-0.98203,2.0905,-1.129,0.34001,3.5999,-0.017951,-4.194,-0.15778
-0.79408,-2.8969,-2.6843,1.2904,-2.3308,-0.11903,-0.68687,-0.17618
-0.76999,-2.3785,-0.76089,-1.1055,5.5559,0.45666,-0.45634,-0.14544
-0.77047,2.9994,0.81239,2.1701,3.3425,0.19907,4.2753,-0.054953
-0.55104,-0.3582,-1.7114,0.48619,-3.6601,-0.064317,2.2782,0.063012
-0.73957,-5.5409,1.5334,3.4938,-4.9716,-0.040836,6.2916,-0.030981
-0.75626,0.57468,-0.35131,0.28454,5.5318,0.43269,0.17567,0.19546
-0.74848,1.3525,-0.098137,-0.17306,5.0837,0.38316,-1.0076,0.13089
-0.92907,0.7264,1.985,0.43356,2.6657,-0.018387,-2.8047,0.070289
-0.78528,2.3962,-0.27368,0.14236,5.6537,0.0092145,-1.528,0.060116
-0.96353,2.2613,-2.9386,-0.55271,-4.9255,-0.15958,-4.7116,0.04269
4.3209,-0.70142,-1.0087,-0.96967,-8.2468,-0.16284,-4.1982,-0.068558
-0.55086,0.23603,-0.10429,0.18273,2.3978,-0.17343,-2.2734,-0.18467
-0.74819,0.73105,-1.7356,-0.048337,2.3594,-0.21256,-0.37052,-0.17874
-0.76701,-2.7175,-1.8581,0.39529,-2.3048,-0.12314,-0.24654,-0.18604
-0.77029,-4.4124,0.041193,0.55026,6.0152,0.5338,-2.3957,-0.10504
-1.04,1.0118,2.0076,1.85,3.7605,0.25176,3.1514,-0.053639
-0.79857,-0.83132,0.65173,1.9181,-2.4117,-0.058702,1.6596,0.072431
-0.73984,-5.353,0.24943,0.17241,-6.4196,-0.057977,3.8056,0.16633
-0.74676,-0.69189,4.299,2.0994,3.8458,0.25663,1.3342,0.18867
-0.66463,2.0809,0.69171,0.8898,3.8358,0.23151,-0.8597,0.15418
-0.60791,0.7434,0.034634,-0.6517,2.1258,-0.088396,-1.2998,0.072772
-0.75486,2.1548,-0.76865,1.296,5.297,0.12019,-1.3534,0.090052
4.343,2.4978,-2.9069,-1.0608,-4.6123,-0.16817,2.1156,-0.042103
4.3095,-2.1767,-1.1902,-3.0462,-7.708,-0.076607,-4.0602,-0.096888
-0.96929,0.17293,-0.66932,0.56621,-0.32836,-0.27095,0.83759,-0.19704
-0.80081,1.2009,1.3675,-0.13856,2.5672,-0.19103,-3.7767,-0.17552
-0.77009,-1.9984,0.33577,0.77692,-2.2134,-0.10124,3.3587,-0.1183
-0.76237,-4.1575,-0.77062,0.54503,5.7637,0.51499,1.7239,-0.02694
-0.47243,1.9407,1.4073,1.158,4.8415,0.39208,-0.15267,0.0066945
-0.76302,-0.62454,-0.46927,0.23532,-0.16758,-0.087446,3.5916,0.15735
-0.76079,-3.9696,0.010782,0.075131,-6.4393,-0.11009,-0.93037,0.23197
-0.7518,0.67735,1.2242,0.58567,3.3554,0.14583,-0.34995,0.1638
-0.93796,2.5142,1.3971,-0.94362,2.8065,0.12828,-0.42081,0.14849
-0.73455,0.72259,2.165,0.4324,2.2241,-0.024753,-1.6579,0.10485
-0.72958,2.8086,-1.668,0.16411,5.325,0.21639,-2.9199,-0.031175
4.3348,2.3469,-2.791,-0.93438,-1.1603,-0.14746,1.1534,-0.079389
4.3057,-4.9522,-2.4057,-1.916,-7.1978,-0.10582,-3.4007,-0.18803
-0.75671,0.6171,-2.0599,-0.31204,-0.74933,-0.17403,-0.8907,-0.21451
-0.83035,0.9005,1.8604,-0.65631,1.0285,-0.28451,2.7026,-0.14483
-0.77509,-1.0364,1.567,0.71776,-3.9315,-0.074438,8.2987,-0.079145
-1.0361,-2.9557,1.7043,0.073608,5.8434,0.51897,2.1803,0.065665
-0.9341,2.4854,1.5435,2.0156,5.3449,0.47493,1.6882,0.10682
-0.74288,2.218,0.21557,-1.4421,1.2938,-0.033757,4.9651,0.09268
-0.74805,-3.4617,0.37983,-1.2113,-7.0092,-0.059453,-2.2492,0.23085
-0.7449,1.5745,1.0468,1.2696,3.2982,0.18736,-1.5612,0.093897
-0.52639,1.0075,1.0698,-0.10109,0.083162,-0.098606,-0.11922,0.052279
-0.73296,2.1165,-0.24873,-1.1961,2.0956,-0.0056869,-2.3582,-0.0084923
-0.7318,3.0828,-2.0669,1.6396,5.6506,0.20597,-1.8519,-0.084719
4.3309,2.101,-1.8631,-3.2875,-0.072684,-0.11889,1.8974,-0.093675
4.3299,-2.9702,-2.072,-1.3287,-6.8606,-0.0881,-3.146,-0.18791
-0.78502,-1.1092,-6.1767,-0.54257,-0.64318,-0.19828,-0.15483,-0.18433
-0.77151,1.7233,-0.42598,0.35656,0.3073,-0.22246,1.587,-0.097326
-0.77251,-0.5698,-0.2538,1.2697,-5.2297,-0.093818,4.0603,0.056709
-0.6861,-6.3487,2.0454,2.2033,5.7517,0.49189,2.9932,0.21539
-0.70251,2.1982,1.7354,0.5367,6.2269,0.56026,4.6508,0.32961
-0.75581,1.3729,7.2555,0.62743,2.8335,0.13369,1.9233,0.10979
-0.74959,-2.3921,0.79365,0.0064892,-6.0589,-0.065485,2.7121,0.14374
-0.9918,2.2817,1.7844,0.62581,3.0424,0.19288,-0.14805,0.10611
-0.84436,0.70327,4.8297,0.26567,-2.8892,-0.14514,0.48081,0.0020703
-0.736,1.4668,0.74328,-1.4896,1.1963,-0.1829,-2.3912,-0.062498
-0.73337,2.5262,-1.4293,0.080173,5.8837,0.28642,-1.8868,-0.14123
4.3359,0.61616,-3.5537,-3.9097,2.0792,-0.071768,-0.34311,-0.1892
-0.73526,-0.44302,-0.84067,-1.7591,-6.6252,-0.13041,-2.4021,-0.19151
-0.76055,-0.48351,-2.5128,-0.55171,-0.38147,-0.17404,0.044986,-0.15087
-0.76676,0.76775,-0.16501,0.0010297,-0.63546,-0.14514,0.27015,0.035097
-0.99296,-0.30362,0.50145,1.2826,-5.1907,-0.12489,2.7632,0.12215
-0.92398,-5.5431,0.28239,1.3626,5.6696,0.4866,-1.658,0.23323
-0.75542,4.8913,3.7307,1.3665,6.5197,0.63386,3.0692,0.27745
-0.74075,-0.78375,5.6206,-0.1948,4.0376,0.25338,3.6645,0.23223
-0.73271,-0.62915,4.7108,-0.24871,-3.9308,-0.062764,1.1813,0.0062077
-0.62281,1.6644,3.5164,0.55712,1.9899,0.0047223,1.5281,0.05408
-0.73744,-0.64132,4.2502,-0.57433,-5.3535,-0.13905,-2.1521,-0.057071
-0.7302,0.55291,0.89433,0.52436,-0.013733,-0.14894,-0.34756,-0.13924
4.3643,1.7216,-3.3648,0.13981,6.0387,0.27227,-6.2819,-0.095184
4.3261,0.041503,-4.651,-2.686,2.8077,0.058013,0.58055,-0.21461
-0.83931,-0.18519,-1.9397,-2.2865,-6.2126,-0.10147,-1.2191,-0.14688
-0.76358,-1.0785,-1.5253,1.0785,1.1804,-0.13839,3.2358,-0.035118
-0.76483,-0.20083,-0.72603,-0.0090927,-1.7805,-0.14825,2.6454,0.32503
-0.49193,1.2833,0.14609,-1.0839,-6.1868,-0.096398,3.1298,0.18485
-0.64652,-5.649,-0.9104,-1.512,4.8205,0.36324,1.5924,0.22167
-0.75788,1.8384,2.1519,1.6109,6.489,0.63555,-0.31181,0.24056
-0.74477,0.65319,5.6305,2.2389,4.6012,0.35781,1.9939,0.15163
-0.91736,-1.9305,6.3049,-0.51173,-2.4005,-0.14335,3.5895,0.057755
-0.86916,0.85666,4.1993,1.6006,1.0795,-0.14416,-0.80564,-0.032879
-0.76278,-1.4736,1.0428,-2.0636,-4.2916,-0.15203,-3.9713,-0.15425
-0.72367,1.1078,0.68143,0.64758,-1.6746,-0.13837,-4.254,-0.15323
4.3446,1.6433,-1.5518,-0.013454,5.1289,0.11195,-0.96303,-0.13125
4.3189,0.76635,-4.2121,-2.5715,4.4815,0.21948,6.083,-0.17058
-0.73706,-1.3687,-1.9621,-1.558,-5.9633,-0.11821,2.949,-0.073986
-0.77859,-2.2154,-0.63809,-0.20409,2.6205,-0.0073105,2.4055,-0.047117
-0.92322,2.0435,-2.7184,0.68264,-0.79116,-0.17999,1.7628,0.030594
-0.9879,1.0789,1.7872,0.55607,-6.6424,-0.073526,4.3459,0.35254
-0.77333,-5.3791,1.0955,-0.092539,3.4654,0.24885,0.40509,0.2113
-0.75299,4.4158,2.8066,2.4198,6.2648,0.58078,1.3166,0.061236
-0.7484,3.8892,2.8136,0.53814,4.5948,0.39835,2.2344,0.013558
-0.50977,1.0347,0.18157,-1.3932,2.5568,0.1029,2.224,-0.018008
-0.70568,0.89271,1.8643,1.701,2.366,0.025733,-1.1404,-0.08854
-0.73219,0.096713,0.55188,-1.2148,-5.0468,-0.12326,-1.0869,-0.1443
-0.72308,-0.21179,-0.29223,0.9676,-5.1619,-0.11577,-3.8665,-0.12923
4.3352,0.91906,-0.9733,0.66047,4.5325,0.068461,-0.43918,-0.16976
4.372,-0.051199,-5.6038,-0.73828,5.138,0.20917,1.9288,-0.093066
-0.77601,-1.8941,-3.692,-0.67826,-4.7553,-0.12499,1.0977,0.096234
-0.77481,-3.2868,-2.6958,-3.6129,3.8654,0.19212,2.8275,0.054372
-0.61128,0.62317,-1.573,1.7593,-0.78296,-0.15902,1.4017,0.30973
-0.76006,-1.7798,0.45495,2.2999,-7.43,-0.15371,3.6276,0.39761
-0.78841,-6.0958,1.9375,0.94047,1.3075,-0.093908,6.7027,0.28651
-0.76103,3.4098,0.74995,-0.90395,6.0168,0.51953,-2.3782,0.044589
-0.94182,3.2784,2.0376,0.61289,4.096,0.27109,1.7689,-0.012751
-0.83137,0.83947,-1.2351,-1.298,2.8643,0.10168,1.213,-0.090949
-0.75588,1.5926,-1.1841,-0.45029,3.9849,0.19094,2.3631,-0.11492
-0.7339,0.67084,-1.177,-1.3082,-5.4682,-0.13867,0.47092,-0.16126
4.3567,0.50656,1.8838,0.75255,-7.4558,-0.17313,-2.0674,-0.15956
4.3415,0.81095,-0.45059,-0.40834,3.0787,-0.39631,2.007,-0.097593
-0.76296,1.8595,-1.5741,-1.2533,4.3492,-0.098112,-2.9329,-0.0010936
-0.78395,-2.7912,-3.6293,0.22133,-4.0727,-0.18309,-2.9531,0.11485
-0.77395,-3.1056,-3.867,-0.33759,3.1493,0.13196,0.36989,0.077396
-0.95221,1.1261,-1.6578,1.3912,1.3926,-0.12502,2.9562,0.49379
-0.74028,0.97085,-1.5932,1.3062,-6.5981,-0.1731,2.8318,0.21554
-0.75332,-6.6762,1.4458,0.84526,-4.3858,-0.11301,6.1358,0.13683
-0.75219,2.5144,-3.8955,-0.39239,6.0554,0.51741,-10.397,-0.0017021
-0.55885,2.0442,-0.82322,-1.1764,4.0607,0.27089,1.4516,-0.11234
-0.71109,-0.41896,1.5081,-0.19646,2.9446,0.055703,-0.033111,-0.16141
-0.73368,1.0343,0.0024693,-1.8108,4.2327,0.080012,0.057547,-0.16713
-0.73149,1.8946,-2.1214,-1.5253,-4.6038,-0.11006,0.77301,-0.16457
4.358,-0.0082226,-0.54325,-0.71918,-8.6793,-0.18341,-5.1593,-0.12617
4.3404,-0.078473,-1.3224,-0.64389,2.636,-0.25396,-1.5389,0.00087775
-0.76919,1.2804,-0.68048,-0.46931,3.683,-0.1248,-4.0413,0.12186
-0.77182,-1.7822,-3.3399,-0.45276,-3.0061,-0.21117,-3.0507,0.041522
-0.4258,-3.2396,-2.3995,-0.47631,3.7589,0.21493,-3.0122,0.52212
-0.72179,2.0512,-1.3441,0.95855,3.3227,0.14631,2.3524,0.28879
-0.73321,1.8594,-2.2677,0.022765,-3.3532,-0.088851,2.3518,0.13118
-0.75618,-6.3953,0.83854,-1.5009,-5.8818,-0.089724,-0.77206,0.053521
-0.9479,2.968,0.62317,1.838,5.1634,0.45657,-6.6126,-0.061086
-0.85942,1.8364,2.5486,0.085568,4.2192,0.29327,-1.7659,-0.15252
-0.75326,-1.1433,2.1911,-0.95982,3.0187,0.084999,-0.18714,-0.21371
-0.73142,1.4728,1.3943,0.23094,4.2921,-0.049384,-0.22406,-0.15318
4.3597,2.3896,-0.38714,-2.295,-4.6157,-0.22583,0.069228,-0.089489
4.3366,-0.50376,1.8893,1.0644,-10.917,-0.16526,-1.7524,-0.095257
4.3145,-2.4791,1.4914,0.47059,1.1766,-0.39473,-3.9545,0.09784
-0.80465,0.6789,0.19543,0.89444,2.153,-0.40574,-1.8024,0.18582
-0.78974,0.17331,-4.8704,1.6952,-3.2498,-0.18035,-0.31675,0.021492
-0.9092,-4.3577,-1.7265,-0.45329,3.7566,0.18885,-0.7953,0.28295
-0.86629,1.8898,-2.0146,1.1216,3.1142,0.13658,2.3496,0.22211
-0.77621,2.7619,1.1422,1.977,-2.5025,-0.14524,1.5089,0.0068162
-0.77003,-6.351,0.56809,-0.61389,-8.2471,-0.10455,-3.1613,-0.044001
-0.53348,-1.6258,6.9152,1.5164,2.7103,0.11108,6.6874,-0.14907
-0.74682,0.98125,2.2691,0.50563,3.3351,0.15083,1.474,-0.20636
-0.75152,-1.083,1.419,-0.22985,1.907,-0.12957,-1.6526,-0.17063
-0.75155,1.9925,0.3952,-0.22994,3.7718,-0.34013,-3.808,-0.13821
-0.95325,0.72179,-1.7651,-1.5145,-6.1934,-0.19848,-1.4466,-0.029837
4.3428,-1.5156,-0.011535,-1.5586,-10.356,-0.15271,-6.302,0.090027
-0.88715,-1.4831,-1.3427,-0.73259,-1.6227,-0.37764,-0.77347,0.1755
-0.78883,1.8087,0.63506,0.86681,1.1605,-0.45985,-2.3906,0.15333
-0.67688,-0.044777,-1.5806,0.62316,-3.6911,-0.26174,0.2901,0.16117
-0.78659,-4.6436,-0.98492,0.23748,3.1189,0.094221,-0.15774,0.21145
-0.76108,1.3407,0.61524,0.77139,3.3512,0.18668,2.21,0.10974
-0.77228,0.0038764,2.3279,0.91248,-1.5496,-0.059331,0.49317,-0.032222
-0.9745,-4.9905,3.5167,-1.2214,-8.243,-0.12431,-4.5066,-0.090073
-0.86641,-0.65212,5.0735,2.7933,2.1054,0.023012,-1.4515,-0.20872
-0.75016,1.363,1.2131,-0.84621,2.8517,0.080076,-2.2028,-0.1893
-0.74431,-0.18844,0.1606,-0.5302,1.3682,-0.17623,-2.3562,-0.12843
-0.73938,2.6483,-1.1503,-0.54545,3.7919,-0.36571,-3.6778,-0.059115
4.3544,1.3544,0.16024,-2.0681,-3.0548,-0.29702,-4.5759,0.03792
4.3282,-4.3257,-1.3598,-1.691,-10.129,-0.12768,-3.2057,0.25725
-0.8087,-0.88095,-2.7736,-0.3423,-3.2548,-0.34115,0.22051,0.2446
-0.7998,2.1748,-0.2934,0.22152,-0.27501,-0.50277,-1.6936,0.11573
-0.9506,-0.52218,0.37323,0.16486,-3.6372,-0.16086,1.1961,0.19965
-0.82102,-3.7608,-0.72755,1.2832,3.1812,0.1652,0.76431,0.22522
-0.77841,3.1828,1.6836,-0.23782,3.9134,0.24116,-0.29035,-0.011973
-0.77524,0.88267,2.8937,0.63002,-1.1919,-0.074758,0.98383,-0.10032
-0.64433,-3.8427,1.6749,-0.81973,-8.7257,-0.092169,-2.9089,-0.1966
-0.79205,0.47544,2.599,1.5031,1.4324,-0.073289,-2.0067,-0.23556
-0.76228,-0.4236,1.3928,-0.20116,1.9605,-0.016205,-3.4603,-0.16995
-0.76031,-0.60206,1.3743,-0.34803,-0.43443,-0.15428,-3.9634,-0.12636
-0.8931,0.7526,-1.3247,0.424,3.9119,-0.29202,-7.7135,0.022441
4.3436,2.4153,-2.2994,-1.9263,-0.30066,-0.29243,-5.6011,-0.021172
4.3233,-2.7273,-1.8758,-1.6552,-9.7321,-0.16451,-2.8259,0.24603
-0.80109,-0.40762,-2.2353,0.079428,-3.7996,-0.24057,-3.3299,0.19767
-0.59721,2.2479,0.7277,0.076653,-1.3414,-0.49093,-0.24226,0.044783
-0.62443,0.080998,1.7882,-0.24093,-6.1616,-0.13409,5.4021,0.20067
-0.7195,-3.5956,1.2675,0.038154,3.7821,0.25909,-0.57367,0.019837
-0.78444,1.6733,2.6758,2.1188,5.2758,0.39115,2.1525,-0.096279
-0.78366,1.4593,2.7911,1.8433,1.1126,-0.078416,0.53045,-0.090754
-0.88044,-4.0303,1.6253,0.077783,-7.9694,-0.020312,-1.3097,-0.21646
-0.82166,0.69961,1.9171,0.5001,0.28568,-0.070972,1.4621,-0.17669
-0.75676,-2.5726,3.2349,1.5262,0.095204,-0.072448,-1.8354,-0.10251
-0.75956,1.7347,-0.46721,-1.2197,-1.1064,-0.15661,-1.8656,-0.058823
-0.58561,1.8165,-2.197,-0.23155,3.971,-0.16695,0.42456,0.13196
4.3308,1.1895,-4.1289,-2.3301,2.6387,-0.12066,-1.4384,0.031884
4.3044,-0.32685,0.15255,-1.3731,-9.932,-0.09523,1.3032,0.2693
-0.80767,-1.0482,-4.6149,0.24312,-4.2165,-0.20537,-2.6804,0.22089
-1.0523,3.5796,-0.84125,-0.10122,-2.1982,-0.33508,0.3122,0.069316
-0.82482,2.2161,1.2305,0.58199,-6.4931,-0.022283,1.2061,0.04785
-0.7887,-6.0857,1.9683,2.3386,3.887,0.27028,1.6709,-0.1168
-0.78004,3.995,3.5616,0.63137,5.4977,0.47182,3.2989,-0.11692
-0.49821,2.3893,7.1099,0.12409,1.9895,-0.046303,3.173,-0.1508
-0.72841,-2.6496,0.65339,-1.0715,-7.4073,-0.082838,2.6083,-0.1875
-0.7481,-0.66451,1.1202,1.1238,1.066,-0.07685,1.0679,-0.10808
-0.76574,-0.14124,1.2279,-0.33206,-3.7959,-0.10996,-3.238,-0.092117
-0.87238,1.2191,-1.2222,0.1786,-3.2416,-0.07755,-0.95347,-0.027549
-0.84309,0.97335,-2.5088,-0.31727,4.4329,-0.11526,-3.7814,0.16151
4.3372,2.0496,-2.5225,-3.6742,4.1571,0.069032,5.5997,0.27813
-0.80463,0.2516,0.53598,-0.10982,-9.2874,-0.085951,2.488,0.25494
-0.79188,0.88188,-2.191,-0.29334,-4.2298,-0.095326,-0.10803,0.056685
-0.63126,0.72314,-1.9126,1.1155,-1.8079,-0.21441,0.56076,0.0561
-0.74169,2.4325,1.6685,-0.91457,-8.1478,-0.020428,4.2977,-0.077588
-0.78069,-6.5762,2.1871,-0.047733,3.3323,0.17323,1.6675,-0.19874
-0.77604,2.8933,5.3374,0.55563,6.2388,0.54409,-0.96283,-0.12157
-0.82021,1.8521,6.863,0.63629,3.4841,0.1306,4.5808,-0.17827
-0.76591,-3.736,2.7513,0.72976,-4.9583,-0.060146,3.2986,-0.12193
-0.75075,-0.53438,2.5073,1.9872,-1.4374,-0.070279,2.857,-0.0266
-0.74888,0.30776,-0.93162,-1.5396,-4.8134,-0.049307,-1.9048,-0.051497
-0.45976,0.4924,0.86438,1.0881,-4.5441,-0.1275,-3.8739,0.10531
4.3354,1.8783,-1.6108,0.90608,4.525,-0.078378,-2.2578,0.10142
4.3063,0.95586,-1.7981,-1.9087,4.8652,0.088811,0.060719,0.4119
-0.82263,1.0148,-0.47297,-0.74304,-8.1223,-0.10128,1.3573,0.16854
-1.0084,-1.0345,-0.11939,-0.50218,-1.7145,-0.085476,-0.13394,0.06917
-0.83366,1.5697,-1.8177,0.57167,-1.473,-0.12134,1.8694,-0.057704
-0.79286,1.875,0.88308,-0.11734,-6.7297,-0.068354,3.6417,-0.20573
-0.79419,-8.2926,-0.24013,-1.512,2.4961,0.024668,2.9112,-0.15544
-0.44046,0.45694,2.7572,1.4991,6.3302,0.46101,-3.7139,-0.17793
-0.60966,3.6839,3.247,0.42013,4.4786,0.26871,1.8889,-0.15873
-0.70487,-2.7648,1.4258,-1.1434,-0.29015,-0.034842,-0.32086,-0.023046
-0.77898,0.84954,2.6685,1.4919,-2.0676,-0.096623,-0.5707,-0.006448
-0.83026,0.24541,0.41181,-0.97632,-4.6952,-0.15478,-1.7118,0.035218
-0.93991,1.1958,1.7082,-0.17084,-7.9737,-0.15982,-5.2948,0.14878
4.3213,3.1853,-1.1691,-0.0081229,3.9974,-0.065158,-2.0657,0.072991
4.2876,1.0988,-1.3705,-0.48884,6.1803,0.10157,-4.2572,0.19359
-0.82033,1.4224,-4.3969,-0.24586,-6.3723,-0.12776,-2.2519,-0.0072511
-0.65701,-3.1777,0.13702,-0.63441,-0.28672,-0.10172,0.60324,-0.021537
-0.7749,1.1596,-0.047985,1.0349,-0.044933,-0.095288,-0.16105,-0.096741
-0.80415,-1.1384,0.58813,1.5883,-6.0463,-0.021641,-0.49357,-0.24897
-0.8001,-7.1524,4.2197,-0.49675,-0.71395,-0.0072977,6.7548,-0.15189
-0.87303,1.191,0.60785,0.3045,6.1117,0.49676,-7.8229,-0.15532
-0.90006,1.5096,-2.3925,0.84213,5.0735,0.38373,1.1139,-0.052228
-0.77775,-0.35092,-1.3444,-0.64674,2.5665,0.031888,2.5235,0.015018
-0.77067,0.629,-2.1873,-0.21099,1.0322,-0.14871,0.39994,0.015334
-0.61337,2.5845,-1.3485,-0.027199,-1.5367,-0.17425,-2.0086,0.068342
-0.69477,0.15793,1.432,-1.5104,-9.6298,-0.058298,-3.1825,0.31562
4.3059,1.7455,-0.55173,-0.6259,3.8735,-0.0031841,-4.7257,0.15413
4.2447,2.4409,-1.4753,-0.33423,5.4438,-0.16484,-1.5624,0.12634
-0.93843,1.714,-1.8931,-0.9556,-5.4768,-0.13941,0.29989,-0.018106
-0.8726,0.17299,-0.53253,-0.53278,0.76429,-0.11168,0.25898,-0.085011
-0.79761,0.88123,-0.039537,0.92232,2.8961,0.02855,-1.3073,-0.22011
-0.80012,0.11794,1.2504,1.3437,-5.2162,-0.052201,2.5347,-0.20619
-0.68729,-5.3342,0.15895,0.32813,-6.7434,-0.078083,4.3324,-0.12933
-0.71121,-0.61241,0.83216,2.2214,4.7736,0.31913,1.6177,-0.12753
-0.7257,1.0954,-0.98997,0.21201,5.3013,0.39258,1.0522,0.0051856
-0.78845,1.7718,-1.1182,-1.26,4.3302,0.26247,1.5498,0.073332
-0.79911,1.7598,-2.3642,-0.31402,2.9908,-0.091688,-2.9417,-0.037406
-0.92162,3.4506,-1.0219,-0.53188,0.75021,-0.16254,-0.70623,0.075425
4.3491,1.3082,0.72776,-1.8034,-9.2102,-0.10663,-2.7616,0.19938
4.2972,0.72599,1.3917,-1.4922,3.0714,-0.048145,-2.6766,0.14043
-0.83176,3.3882,-0.27621,1.5695,4.6694,-0.18183,-3.2212,-0.0088331
-0.64172,-1.8464,-6.2532,0.16615,-1.8739,-0.14848,-1.6567,-0.069702
-0.77927,-1.6788,1.5277,-1.0519,2.108,-0.12834,-0.11522,-0.15014
-0.80622,-0.40025,-1.8223,0.42174,4.6962,0.2809,2.1861,-0.23676
-0.80546,-0.30819,0.19904,0.21615,-3.6547,0.0065448,3.6018,-0.24975
-0.98316,-7.3356,-0.1065,0.85908,-8.9878,-0.0090882,3.5833,-0.15279
-0.85473,-1.0966,0.37709,2.7062,4.4108,0.31339,3.9829,-0.041056
-0.77299,0.77299,1.7697,1.5544,5.0564,0.36939,-0.3753,0.10546
-0.77705,-0.18629,3.0824,-0.69438,4.2227,0.26605,0.85827,0.10886
-0.4233,1.2771,1.5915,-0.6115,3.2816,-0.15376,-4.088,0.070508
-0.72204,2.4722,-0.63287,-1.96,2.3514,-0.058208,-0.52009,0.23674
4.3203,-0.26377,0.90582,-0.36496,-9.0334,-0.046983,-4.0157,0.058972
4.2834,0.28153,1.6232,1.1618,1.2615,-0.35511,-4.1151,0.066906
-0.93965,2.327,0.88152,0.54263,3.8655,-0.25238,-3.7067,-0.057022
-0.90015,-0.18143,-1.4704,0.99432,0.15288,-0.10881,-0.62641,-0.12755
-0.84043,-5.9217,-0.59408,0.83288,2.5429,-0.050937,0.60553,-0.20831
-0.80021,1.1182,-1.7277,1.9735,5.5491,0.45992,4.994,-0.17431
-0.79817,1.6984,-1.3358,-0.53085,-1.3644,-0.065293,2.7067,-0.13412
-0.69237,-7.0991,-0.70788,-0.71918,-8.4661,-0.026127,1.3801,-0.033536
-0.71382,-2.0512,3.6571,0.81696,2.9219,0.090139,5.4567,0.12544
-0.78514,1.0372,3.1125,1.2849,4.8158,0.31415,0.51387,0.15579
-0.77075,-0.73214,3.2352,0.83317,3.7337,0.13439,0.27881,0.045246
-0.96321,1.9146,0.80448,-0.50716,3.6111,-0.087099,-2.3503,0.23764
-0.78768,2.6853,0.74001,-2.317,1.7127,-0.14819,-2.234,0.12924
4.3163,0.48546,0.26652,-0.1194,-9.3863,-0.10737,-2.0314,0.012779
4.2805,-1.4637,-0.22496,0.95749,0.061698,-0.2408,-1.6044,-0.047993
-0.48528,2.3486,1.9981,0.011107,3.0067,-0.24501,-3.3604,-0.13812
-0.72049,1.5548,-1.6757,-0.23651,-1.8975,-0.16365,2.883,-0.13685
-0.79738,-6.3878,1.0637,1.1359,3.4051,0.089337,1.0283,-0.17681
-0.7965,0.39133,-1.5305,-0.38395,5.1158,0.41084,5.0481,-0.14491
-0.93324,1.2757,-0.30075,1.2184,-0.519,-0.10496,3.559,-0.090973
-0.78642,-5.2331,-1.6594,-2.2841,-8.1244,-0.051617,-0.67769,-0.014236
-0.76718,-2.0678,1.8344,2.3643,3.0137,0.12554,1.8733,0.22634
-0.76564,0.79499,2.42,-0.46266,4.296,0.23918,1.1624,0.17234
-0.70815,-0.66696,2.0609,0.95184,2.2364,-0.07977,-0.69112,0.10692
-0.72134,2.8455,-0.69821,0.030222,3.4802,-0.24156,-3.1732,0.08314
-0.73914,2.1233,-1.0073,-1.8896,2.0337,-0.086785,-2.9312,0.09139
4.3075,-0.001197,-1.3167,-1.4756,-7.6747,-0.067584,-5.8524,-0.013968
4.2904,-0.99725,-1.6492,-0.6308,-1.2892,-0.15297,-2.5096,-0.12439
-0.85734,0.9274,0.88998,0.13868,2.3873,-0.25096,-3.015,-0.22734
-0.76398,0.39415,-0.75435,-0.31817,-1.8594,-0.1169,2.4587,-0.1753
-0.78694,-5.436,-2.1003,1.4839,3.6489,0.16051,0.22132,-0.071576
-0.78478,1.5754,-0.42386,-0.52659,5.1546,0.40548,1.9786,-0.040253
-0.60933,2.099,0.063485,1.3718,1.3682,-0.077762,5.161,0.11006
-0.67704,-4.4088,3.1957,-1.199,-7.246,-0.095018,3.5821,0.014994
-0.78054,-0.57396,3.3822,1.3378,2.4061,0.039512,2.6658,0.2361
-0.77017,1.3572,2.9018,-0.84775,4.1764,0.23935,-1.7056,0.067783
-0.94573,1.3286,1.0456,-0.47322,0.39571,-0.124,-0.47001,0.071239
-0.79064,2.6242,-2.7124,0.45266,3.8504,-0.22397,-1.775,0.037798
4.3427,0.92154,-4.1326,-1.0442,3.2926,0.0011541,-3.0404,-0.012362
4.2978,-0.63068,-3.0146,-1.2083,-8.6546,-0.054646,-0.94547,-0.073791
-0.46717,-1.0585,-2.3753,-1.9481,-2.0495,-0.14067,-3.8341,-0.23109
-0.75336,0.67264,-0.37344,0.3651,0.30551,-0.30192,-0.37183,-0.19575
-0.79946,0.92638,0.055924,0.00049022,-1.9576,-0.1174,1.7579,-0.12356
-0.80191,-5.7297,-0.48471,-0.72824,2.6727,0.067832,-0.58659,-0.065467
-0.73508,1.5991,0.62846,0.72874,5.9703,0.52491,3.799,0.0098341
-0.9563,1.9105,2.35,0.1792,1.9796,-0.0076827,3.7373,0.1095
-0.75792,-4.5472,2.2516,-0.91501,-7.3077,-0.0038772,3.474,0.25535
-0.76924,0.17085,1.9412,0.93616,1.5626,-0.050994,1.8844,0.15822
-0.33596,-0.38281,3.9746,-0.10673,3.3877,0.1735,-2.9058,0.17295
-0.68935,1.0825,0.95815,-0.42979,-0.09716,-0.053318,-2.2796,0.044954
-0.73076,1.4275,-0.82547,1.388,4.5789,0.060484,-2.2199,0.029937
4.3168,1.1464,-2.314,-2.5038,3.8836,0.033697,4.5524,-0.049356
4.2863,0.037759,0.20775,-0.70738,-7.9601,-0.09308,-0.21111,-0.11186
-0.98381,-2.3969,-1.8679,0.061328,-2.5753,-0.16139,-2.5771,-0.20037
-0.88411,2.3464,-0.48174,0.39611,-1.4558,-0.31317,-0.064437,-0.17299
-0.79721,-0.36816,1.2525,-0.07636,-3.3701,-0.081176,2.609,0.07871
-0.78581,-5.4713,-0.35223,-0.12318,2.4561,0.0016611,3.121,-0.046508
-0.62879,2.7633,0.4029,-0.51312,6.1829,0.53618,3.0781,0.050941
-0.73709,3.3541,2.3716,-1.2248,3.461,0.1347,4.7405,0.21622
-0.78802,-2.896,-0.0054772,-1.3633,-5.732,-0.028803,5.3129,0.31136
-0.78017,1.2291,1.9189,0.47516,-1.5425,-0.071479,6.5197,0.14418
-0.9834,0.83735,2.4309,0.4892,1.5899,-0.070369,-1.7015,0.13666
-0.83616,1.281,0.53643,-0.99093,-1.5667,-0.1144,-2.533,0.050916
-0.75593,1.0851,-1.7449,1.6945,5.0794,0.16241,-1.7391,-0.06223
4.3128,3.2051,-2.7994,-2.4805,5.6145,0.17243,2.7962,-0.088126
4.2855,-0.73352,-1.016,-0.85303,-7.4283,-0.11022,-0.11631,-0.19954
-0.71546,-1.4504,-1.4643,-0.058999,-3.7118,-0.094114,-2.2148,-0.19307
-0.80322,-0.51786,-3.1716,1.0892,0.053336,-0.24716,1.2281,-0.13865
-0.79945,-0.79845,1.1691,-0.83226,-4.6067,-0.056347,3.256,0.033417
-0.84665,-6.846,-0.19564,1.0757,2.7875,0.070771,2.5465,0.19578
-0.83504,2.4456,0.95734,0.81704,6.647,0.60383,-1.6589,0.07046
-0.70891,2.6233,5.0675,-0.099945,4.1413,0.25054,4.4668,0.080414
-0.76462,-3.7499,0.26586,-0.93989,-3.2161,-0.052746,1.6841,0.20291
-0.76263,1.0329,1.5012,0.3701,-3.0164,-0.091553,2.5298,0.12415
-0.65755,1.3923,-2.115,-0.02382,-0.96273,-0.03592,-0.74164,0.021273
-0.71675,1.8157,-1.2703,1.3406,-2.1771,-0.12673,-0.24354,-0.03266
-0.75944,1.157,-0.1637,-0.92998,4.9155,0.14742,-1.6105,-0.14968
4.3005,2.6706,-0.19324,-1.2735,6.8628,0.36325,-4.2495,-0.11575
4.3001,-0.2082,-2.4785,-1.2894,-6.5532,-0.080123,0.53494,-0.18212
-0.79534,-2.8512,-1.3648,-1.4056,-3.3461,-0.083544,0.39596,-0.10538
-0.7951,-1.1611,-3.0806,1.1728,0.16717,-0.22517,0.27167,-0.035921
-0.79891,0.068161,-1.1387,1.1685,-5.2246,-0.078481,2.6823,0.034488
-0.56366,-7.68,0.87303,-1.182,2.5322,0.072337,4.1191,0.3703
-0.73937,-1.9133,4.5264,0.43438,6.7347,0.62524,-1.4434,0.25297
-0.78959,4.3418,4.3187,0.20993,5.4209,0.40859,2.4187,0.11008
-0.78725,-1.3389,2.1565,0.009341,0.7678,-0.094775,1.1765,0.13128
-0.93155,1.7056,1.3089,0.98,-2.2888,-0.081856,-1.898,0.10178
-0.86396,1.0425,-0.58065,0.13567,-1.585,-0.14113,-0.98854,-0.037089
-0.75432,0.48824,1.8031,0.34176,-5.4054,-0.079905,-4.7872,-0.12458
-0.64157,1.678,2.0116,-1.6367,4.9551,0.16459,-1.8443,-0.17328
4.3117,-0.020257,0.3027,0.68032,7.0765,0.29649,-5.5785,-0.15744
-0.61335,1.7945,0.22801,-1.7595,-5.9038,-0.056988,2.697,-0.16705
-0.80502,-3.004,2.2925,-1.2689,-1.999,-0.13065,-0.73152,-0.073986
-0.79978,0.83337,-1.2247,0.11908,2.2698,-0.094184,0.12514,0.087959
-0.92092,-1.8196,-1.5118,1.6493,-4.5059,-0.074251,1.3908,0.47109
-0.95316,-7.0473,-0.34194,-0.70524,0.99418,-0.14422,4.6168,0.21442
-0.8368,0.46507,0.25132,0.35552,6.843,0.62647,-2.8466,0.27035
-0.76865,3.2197,-0.80896,-0.42557,6.1357,0.52118,0.49283,0.20807
-0.76237,-0.018941,3.7302,-1.6955,2.112,-0.069028,1.9573,0.051281
-0.6299,0.98893,1.6106,-0.58268,-1.27,-0.11238,-0.73641,0.0036036
-0.72632,0.95901,2.1826,0.85371,0.27897,-0.13601,-2.8476,-0.069556
-0.75283,0.50842,2.9877,0.63554,-7.9591,-0.074405,-0.79076,-0.14028
4.3282,1.3614,0.37487,-0.27783,3.8152,0.026523,-4.3824,-0.087396
4.3055,1.4164,-0.12724,-0.30081,6.0574,0.002136,-4.1588,-0.16335
-0.84231,0.90676,-2.9598,0.47557,-4.5622,-0.17139,0.5012,-0.11268
-0.79146,-3.5404,-1.1157,-0.6201,-1.6128,-0.16357,-2.5542,0.0024354
-0.7742,0.50239,-0.8917,1.1619,2.5103,-0.030645,1.2827,0.18312
-0.64086,0.88189,0.51657,2.1036,-4.5957,-0.032281,5.0109,0.29398
-0.63275,-7.0176,0.96121,-0.31101,-5.3359,-0.06141,8.3205,0.22328
-0.78742,-0.16794,0.30383,2.3803,5.5493,0.45058,-0.20208,0.2373
-0.77843,1.9899,-0.6956,1.0061,6.0588,0.48404,0.21734,0.19113
-0.94266,0.25347,-0.18235,-1.0586,3.4054,0.17031,0.89565,0.015164
-0.78979,2.0055,-0.23747,-0.07415,-0.10478,-0.17928,0.51846,-0.062961
-0.7494,2.4269,0.30442,0.2462,1.8725,-0.15537,0.19727,-0.15486
-0.82791,0.032814,1.214,-0.56217,-8.2421,-0.13332,-3.5465,-0.16905
4.3164,1.3235,1.4636,0.24771,2.4757,-0.15094,-2.4628,-0.13074
4.2973,1.9318,0.41026,0.010259,5.3007,-0.14499,-2.3841,-0.13286
-0.76082,0.48571,-3.1506,0.55046,-3.9387,-0.12483,-0.27539,-0.011413
-0.80794,-3.8827,-1.4329,-0.4295,1.0408,-0.16574,-1.817,0.044978
-0.85776,0.52554,-3.0491,1.3266,3.6206,0.11712,2.3625,0.25253
-0.95815,2.2743,0.52155,0.62594,-3.2038,-0.10527,2.4515,0.35843
-0.71033,-5.2134,0.23315,-0.017667,-8.4782,-0.10924,3.1389,0.10945
-0.77137,0.086746,0.76984,2.8367,4.4265,0.30421,0.87083,0.045416
-0.77135,3.6647,2.0924,1.9619,5.8028,0.4737,-3.0889,-0.014479
-0.6195,1.2846,-0.94233,-1.1422,4.3813,0.26184,0.71227,-0.066246
-0.72081,1.9334,1.1051,-0.46388,2.1885,-0.11136,-2.1014,-0.088929
-0.76024,2.1275,1.6821,-0.041727,4.1582,0.13274,-1.7492,-0.14006
2.6631,-0.35437,1.1438,-0.89369,-6.8807,-0.15458,-4.6514,-0.15878
4.3147,-0.3458,1.741,0.80965,1.6403,-0.15143,-4.6978,-0.12308
-0.91793,2.0917,-0.12516,0.31389,4.3992,-0.22772,-5.453,-0.045729
-0.79686,-1.7946,-4.5221,-0.84648,0.83526,-0.22549,-1.0855,0.086474
-0.79825,-2.4352,-2.9141,0.42436,1.6796,-0.10475,-0.14928,0.13688
-0.41081,1.4673,-2.4304,-0.13112,4.2633,0.22292,1.3876,0.3307
-0.74716,2.2762,-0.9713,0.54382,-1.3604,-0.11925,2.6029,0.3428
-0.79519,-4.6495,-2.4118,0.14919,-8.9483,-0.04613,1.3631,0.1794
-0.78872,-1.4219,0.98888,3.244,3.2749,0.17473,-1.2546,0.057488
-0.98985,2.2656,0.98246,0.85297,5.1401,0.39256,-1.0973,-0.0275
-0.97892,0.27698,1.6234,0.21995,3.6808,0.14371,-1.4616,-0.13101
-0.79686,1.0498,2.093,-0.75914,2.8614,-0.094967,-4.8399,-0.14311
-0.75732,0.52485,0.88828,-1.1779,4.7519,0.22746,-3.4464,-0.18635
4.3318,-0.80285,-0.23066,-1.8833,-8.4228,-0.10221,-3.1978,-0.13836
4.3219,-3.0135,-1.2431,-0.67765,-0.84684,-0.32989,-4.0915,-0.017351
-0.79892,2.2149,0.80497,0.37223,3.8097,-0.23289,-4.8727,0.073113
-0.81072,-1.5337,0.28822,-0.20151,1.1274,-0.17676,1.9463,0.13337
-0.78152,-3.0664,-1.4235,0.72205,1.8778,-0.11023,1.3118,0.10641
-0.97201,1.3308,-0.60949,-0.71679,4.8342,0.34584,4.3242,0.48338
-0.85256,2.9746,-1.643,0.14598,-0.32661,-0.10708,3.2152,0.18658
-0.778,-1.4324,-2.005,-0.14004,-7.7128,-0.07479,-0.94267,0.083846
-0.76333,-0.077188,1.5179,1.7066,3.0988,0.12176,-1.2813,-0.037406
-0.62588,1.5689,2.535,0.97673,4.6759,0.32906,0.6635,-0.1313
-0.68066,-1.349,3.7723,1.0894,2.2851,0.021915,-1.256,-0.1615
-0.76116,-0.20253,2.1089,0.33227,2.2538,-0.25795,-3.7565,-0.16202
-0.76345,1.8308,0.68061,-2.2354,4.4586,0.21174,0.19456,-0.097034
4.3346,-1.0044,-1.6504,-0.24498,-8.647,-0.13382,-3.0663,-0.10412
4.3211,-1.5357,-3.7959,-0.72296,-2.2004,-0.21065,-4.0676,0.083334
-0.79636,0.78869,-1.5474,0.22773,2.0404,-0.38662,-2.9846,0.15654
-0.78635,-0.86173,1.1592,0.51168,-0.047007,-0.15525,-0.24698,0.076179
-0.64824,-2.4088,-0.69758,-0.026396,1.7245,-0.079584,1.0071,0.40588
-0.68227,1.4339,0.1163,1.4509,5.8192,0.52111,3.8095,0.23228
-0.79511,4.4817,-0.35715,-0.020301,2.0574,-0.0112,3.5624,0.095017
-0.78688,-2.8797,-1.7953,-0.076771,-8.1082,-0.054518,8.1999,-0.027184
-0.85481,-0.97721,3.0008,2.7066,1.3498,-0.10773,-0.25692,-0.13011
-0.79801,0.52932,3.1441,2.5753,4.1023,0.28365,-3.487,-0.16606
-0.69335,0.78921,0.88917,-1.8818,1.8496,-0.1006,0.10117,-0.19945
-0.7474,-0.22872,-0.1855,0.51404,2.3711,-0.23828,-3.2241,-0.097277
-0.72455,2.2838,-0.99671,-1.3579,5.141,0.1427,-1.1336,-0.056219
4.329,-1.2219,-3.8573,-0.22704,-9.5516,-0.13845,-1.2819,-0.049672
4.3119,-1.5074,-2.4955,-0.70692,-5.4243,-0.18434,-4.5118,0.15506
-0.81663,0.8919,-4.8898,-0.49132,-0.43145,-0.39777,0.40495,0.19748
-0.80357,0.76505,1.0642,0.54964,-2.9547,-0.19301,2.8495,0.00034232
-0.93454,-2.5403,-0.8924,-0.78154,-0.68275,-0.1351,0.54742,0.25399
-0.80475,1.8756,2.8113,-0.53408,5.995,0.51136,4.7727,0.15966
-0.77858,3.347,2.9477,1.3243,2.6402,0.030257,4.6442,-0.015283
-0.78043,-1.5109,-0.65563,-1.668,-6.1543,-0.042247,3.9391,-0.071746
-0.56728,-0.8618,3.9384,2.7119,-2.0258,-0.073584,4.4764,-0.18801
-0.65683,0.34837,1.3011,0.12116,3.2706,0.14853,-3.1675,-0.18122
-0.76583,-0.64573,1.5964,0.32433,-0.51495,-0.16705,-1.9669,-0.16791
-0.76781,1.7079,0.032437,0.56257,2.7823,-0.21551,-1.3827,-0.14057
-0.82117,1.0069,-3.0413,-3.3884,4.8007,-0.018284,0.93447,0.016186
4.3347,-1.6842,-4.8618,-2.2055,-10.333,-0.13998,0.85618,0.14596
-0.77212,-0.77716,-1.5347,-0.43322,-6.453,-0.14171,-0.2083,0.29369
-0.80116,1.1136,-2.0296,-0.87167,-1.2231,-0.33096,-1.3609,0.17716
-0.60272,2.0674,0.93061,-0.18693,-4.2826,-0.13891,1.4124,0.1684
-0.70789,-4.3018,-1.9089,0.52029,-1.7975,-0.045925,1.2554,0.14676
-0.82434,1.5025,1.1811,-0.70122,5.806,0.48387,-0.1403,0.062112
-0.78966,3.4106,2.5889,1.2284,4.1162,0.28221,1.8938,-0.10022
-0.77066,-1.6945,0.87956,0.73632,-5.0654,-0.082363,2.2753,-0.1689
-0.95918,0.00033789,2.3692,-0.48061,-4.9121,-0.090083,6.3375,-0.21631
-0.83485,-0.79216,3.3148,0.3747,1.9921,-0.080752,0.95347,-0.18334
-0.75742,-1.454,0.03317,0.67522,-2.0765,-0.098965,-1.5522,-0.10343
-0.74561,3.2428,-0.77846,1.0019,2.3898,-0.3155,-1.7234,-0.056827
4.3355,1.3135,-2.4511,-1.978,5.6071,-0.19228,-4.6258,0.054032
4.3144,-0.54198,-4.4291,-0.39806,-7.9666,-0.096424,-0.05194,0.37556
-0.82818,-1.5023,-1.6787,-2.26,-7.4928,-0.12927,-2.379,0.26558
-0.82244,0.44276,-1.9439,1.4873,-2.3416,-0.43447,-2.4149,0.07063
-0.92253,1.2858,-0.12516,0.32506,-3.5013,-0.16032,-0.4405,0.15216
-0.825,-5.3895,-0.61593,-0.21987,-3.6948,-0.10185,0.34629,0.094968
-0.79459,1.539,1.8205,0.70134,5.7289,0.44154,1.7272,-0.074764
-0.77868,2.1865,5.7459,1.2745,4.126,0.27361,0.79092,-0.12556
-0.51668,-1.019,-0.99509,0.21775,-3.1999,-0.036318,3.4755,-0.19003
-0.70476,-0.65686,1.8796,-0.29096,-4.5669,-0.083428,3.3456,-0.21921
-0.78495,-1.1217,2.0417,0.28412,0.73278,-0.12258,0.73185,-0.12312
-0.78174,-2.5588,0.94311,-0.47162,-5.4066,-0.12131,-1.9391,-0.06391
-0.93557,1.9129,-0.8095,0.50286,2.3369,-0.19568,-2.0837,0.079416
4.3277,2.2488,-1.32,-0.36109,6.1344,-0.21944,-7.1777,0.0077654
4.3007,1.5556,-3.5082,-1.3573,-5.6986,-0.12084,-0.57357,0.25492
-0.81044,-3.5402,-2.9905,-1.4171,-6.4404,-0.16433,-3.9889,0.20797
-0.7916,-0.39295,-4.2436,-0.25997,-2.3841,-0.27999,-0.69381,0.04931
-0.55344,1.8593,-1.9257,0.67464,-3.9888,-0.084455,2.5748,0.06311
-0.81368,-4.3784,-0.5734,-0.43386,-5.9933,-0.0068741,5.9712,-0.077515
-0.8034,-1.8997,1.155,0.14675,5.9868,0.47406,0.15399,-0.15381
-0.81949,3.9635,4.6405,2.5881,5.2024,0.3795,7.9693,-0.11986
-0.986,-0.51539,1.4057,-2.735,-0.78164,-0.071023,3.7013,-0.19684
-0.71355,0.1093,2.6613,-1.6299,-6.7702,-0.12481,-0.67171,-0.1488
-0.76674,-0.4623,-1.2288,0.45977,-0.74495,-0.11011,-0.22923,-0.025164
-0.77116,0.80592,-0.50327,0.38602,-6.1191,-0.058959,-6.738,-0.04955
-0.46807,1.3383,-1.0274,-0.051143,1.9644,-0.26191,-3.2167,0.22269
4.3193,0.76363,-2.365,0.39269,5.4892,-0.27641,-3.712,0.12534
4.2751,1.377,-4.6405,-0.77917,-5.7089,-0.088312,1.142,0.24409
-0.82833,-2.435,-0.72863,-1.5014,-5.3762,-0.16499,-3.4818,0.12055
-0.99148,1.4628,-0.016154,0.11133,0.31687,-0.22069,0.7961,0.047826
-0.87356,2.4268,-1.0354,-0.19242,-4.5864,-0.033224,4.4384,-0.047165
-0.79511,-3.073,1.4596,-1.7671,-6.4066,-0.00079035,3.1555,-0.17328
-0.7914,-1.7616,2.1474,0.1741,5.9672,0.46753,-2.4073,-0.13853
-0.52892,2.1677,6.548,0.40183,5.4891,0.42713,3.089,-0.16907
-0.63748,-2.518,3.257,-0.002869,2.0082,-0.076446,1.7387,-0.16766
-0.78092,-0.1379,3.6263,-0.69822,-5.1458,-0.057572,-1.2004,-0.1093
-0.78334,1.5068,1.2029,-0.85436,0.43255,-0.13979,-1.9191,-0.07216
-0.93482,0.53693,4.5895,-0.21933,-7.8955,-0.18002,-4.876,0.056417
-0.69816,0.53817,-0.68276,-1.5604,1.5043,-0.30823,-7.985,0.1966
4.3192,0.95329,-4.7798,-1.3322,5.0735,-0.27364,-1.6742,0.30279
-0.82508,1.1179,-6.7597,-0.93335,-4.586,-0.14907,-1.7496,0.21257
-0.80826,0.90999,1.0267,-1.9694,-5.4787,-0.15856,-3.2982,0.050211
-0.7155,0.89384,-0.70406,-0.19049,1.3489,-0.13775,0.8301,0.00073172
-0.83023,2.3682,-0.13269,0.21537,-5.4455,-0.10381,4.9267,-0.1304
-0.79785,-5.2437,1.1563,-2.0243,-7.3552,-0.057855,4.8104,-0.22118
-0.80386,-1.9558,4.0808,-1.4986,4.8326,0.3459,-1.0775,-0.11843
-0.85851,0.84145,3.1989,0.27731,5.8788,0.43088,-0.47039,-0.181
-0.80832,-2.7278,3.5144,0.013208,2.8841,0.032382,1.7121,-0.083039
-0.7675,1.2625,-0.12561,-0.54404,-2.6065,-0.094871,-0.6839,0.019472
-0.75533,1.4003,0.79086,-0.35731,0.6884,-0.14493,-0.94394,-0.024166
-0.54798,0.15136,4.5066,-2.3324,-10.69,-0.093664,-4.8411,0.16611
4.3169,1.9865,1.1794,-0.29645,-1.8019,-0.19493,-2.3156,0.07781
4.2837,0.085044,-4.2916,1.0931,4.9709,-0.1991,-4.5407,0.23053
-0.84668,1.6946,-3.7545,-1.2271,-4.0507,-0.12542,-2.5598,0.087788
-1.0214,-2.304,-1.7411,-0.39128,-4.6192,-0.12428,-4.201,0.018888
-0.9018,1.6826,0.69068,-0.59234,1.8154,-0.080849,1.8568,-0.098226
-0.80885,3.9006,-0.46746,-0.095301,-4.9953,-0.090905,4.0719,-0.16579
-0.80193,-5.3469,1.653,1.4232,-9.2621,-0.083595,0.26131,-0.19937
-0.61225,-2.9016,1.3254,3.0889,2.352,0.02735,1.3822,-0.1791
-0.65394,2.6002,2.8718,-0.07171,5.62,0.3356,-1.9278,-0.11665
-0.86045,-2.0804,1.6315,0.34339,3.6023,0.13692,0.39769,-0.0059612
-0.79868,0.39625,1.7283,-0.59977,0.0037298,-0.13778,-1.2657,0.075814
-0.87164,-0.55908,0.37474,0.43628,3.0302,-0.087651,-5.2824,0.21495
-0.84396,0.6189,0.76934,-1.5187,-9.3895,-0.065787,-7.048,0.17416
4.3143,1.2967,1.6704,0.55583,-4.4481,-0.19088,-6.8498,0.081485
4.2794,1.2384,-1.3984,0.00074713,3.7231,-0.42399,-3.8437,0.14065
-0.82859,1.3031,-2.4924,-0.85298,-1.9254,-0.20818,1.3426,-0.0017264
-0.63479,-2.2191,-2.6371,1.26,-3.0361,-0.12997,-3.0911,-0.047263
-0.81632,-1.7043,-3.1685,-0.29959,2.8087,0.0040741,-0.79113,-0.13958
-0.81081,1.486,-2.564,0.4899,-2.8282,0.0035671,0.51521,-0.24051
-0.81385,-2.6162,1.9551,-0.61795,-10.112,0.030931,2.8582,-0.12952
-0.92444,-1.6457,-1.1126,2.0818,0.1498,0.016755,4.1675,-0.15089
-0.85781,0.96123,1.8526,-0.24032,5.3,0.36162,-1.7748,-0.027403
-0.77818,0.84928,-1.5663,-0.4066,3.5333,0.13084,-0.085423,0.1013
-0.78022,-0.061962,-3.1608,0.14434,1.0004,-0.14525,-3.3849,-0.036165
-0.68595,1.6261,-2.3427,-0.68596,6.2519,0.22506,-2.7738,0.065738
-0.7092,1.3686,-0.12865,-0.83691,-9.1168,-0.091168,-2.0322,0.27779
4.3034,-2.6697,0.022788,0.87109,-6.6704,-0.11172,-3.4961,0.1819
4.2572,5.1647,1.1253,0.088503,2.3964,-0.54845,-0.40048,0.066493
-1.0918,1.1335,0.85509,-1.8331,2.084,-0.20683,0.26108,-0.00065554
-0.94549,-0.8615,-3.9894,0.63164,-1.6646,-0.14573,-2.5177,-0.12497
-0.80812,-2.0462,0.027568,0.080359,4.8987,0.27665,3.0335,-0.19784
-0.80258,0.8473,-2.184,1.5405,0.23901,-0.01856,1.838,-0.19567
-0.48189,-3.3923,0.24684,-0.59521,-8.2793,0.0013595,0.29851,-0.04792
-0.65235,-2.4644,0.77554,0.97152,-1.7101,0.0017766,10.841,-0.11351
-0.82493,0.86449,1.822,0.82246,5.7696,0.43953,-3.2184,0.070216
-0.79089,1.7895,-0.6907,0.4126,4.5017,0.25049,-0.42669,0.085282
-0.84107,-0.46814,-0.78556,-0.5057,2.3627,-0.13601,-3.7864,0.055735
-0.98379,3.8159,-2.6634,-1.5464,6.5153,0.22638,1.2285,0.089833
4.3207,1.1779,0.31901,-1.2743,-7.8351,-0.033654,0.47025,0.18054
4.2926,-2.2172,0.2477,-1.448,-6.751,-0.12307,-0.23106,0.11524
-0.8099,5.6315,0.5246,-0.26345,2.0767,-0.41628,1.3144,-0.040448
-0.70686,0.36334,1.8486,-0.95976,2.2884,-0.18063,-1.7695,-0.11648
-0.7966,-2.1279,-2.0298,-0.28959,-1.74,-0.076953,0.14508,-0.1783
-0.81029,-3.0418,1.1947,-0.38495,6.6666,0.55667,3.5549,-0.19207
-0.81345,2.9035,-0.65583,1.7285,3.1368,0.1039,4.529,-0.15493
-1.0382,-1.0796,-1.2402,-0.22648,-5.3394,-0.018246,4.0129,-0.075275
-0.7964,-1.9262,1.7958,-0.42529,-3.8534,-0.041156,7.2485,0.078613
-0.77602,0.36926,1.2279,0.2181,5.7753,0.47081,-3.4931,0.17115
-0.77184,1.6337,-0.1714,0.11369,3.7193,0.14494,1.3688,0.12656
-0.53889,-1.4679,0.45335,0.060005,2.7722,-0.15606,-1.3803,0.14411
-0.67094,4.1184,-1.7809,-1.7828,7.4244,0.45694,-1.2372,0.20478
4.3148,2.3639,-2.1031,-1.2905,-7.1218,-0.044436,0.73893,0.035389
4.2797,-1.2771,0.63031,0.63754,-6.4413,-0.093106,-2.0294,0.0023137
-0.99569,3.823,-3.5248,-0.37635,0.60469,-0.36213,0.25842,-0.10514
-0.84326,-0.99652,1.8826,0.4212,2.2939,-0.16016,-1.2075,-0.15939
-0.77566,-4.1662,0.044463,0.03193,-1.7583,-0.015948,-0.19108,-0.19168
-0.79603,-2.1243,2.3373,-1.4762,6.9601,0.61178,1.7928,-0.12037
-0.6052,3.7203,2.7047,1.6935,4.141,0.21694,5.3888,-0.056243
-0.52844,-1.2178,-1.9232,0.71113,-1.4437,-0.024747,0.22125,-0.0013613
-0.83808,-2.8962,-0.40715,0.81925,-5.6141,-0.056436,2.4951,0.23754
-0.79221,1.4411,-0.35331,-1.9318,5.5711,0.43037,-1.2573,0.20863
-0.7953,0.99862,-1.0638,-0.21762,2.0804,-0.0203,-1.814,0.053156
-0.9257,0.77094,0.75246,-0.35382,2.4797,-0.19212,-2.1206,0.20529
-0.77094,4.0625,-1.7181,-0.052846,7.5753,0.39548,-4.6857,0.10215
4.3101,1.2814,-4.7835,-2.529,-6.9122,-0.025652,2.1716,-0.0033814
4.2761,-0.72554,-4.9967,-1.4824,-6.5057,-0.1344,-3.3511,-0.074472
-0.65611,2.1347,-3.7358,0.19144,0.27497,-0.26617,-3.2729,-0.17535
-0.78143,0.27198,-1.1962,-0.072551,1.3953,-0.12877,1.6896,-0.14498
-0.80529,-4.1112,-0.26587,0.90451,-3.1199,-0.066069,1.7873,-0.15007
-0.80865,-2.476,1.8615,0.055766,7.0937,0.68174,-1.7784,-0.045218
-0.96481,2.2628,2.5537,1.7945,5.4166,0.40517,2.7244,-0.088564
-0.87017,0.60505,-0.45309,0.53708,0.86638,-0.081182,3.8378,-0.025797
-0.77241,-1.6663,-2.0578,1.5132,-4.3902,-0.02931,-7.2957,0.24087
-0.77202,-0.90437,2.9184,1.3683,4.7474,0.33359,2.0124,0.15545
-0.61912,0.56039,1.3359,1.2878,-1.1308,-0.029014,-0.75102,0.049992
-0.59616,1.2905,-0.1882,-0.041143,2.6239,-0.080444,-2.5012,0.065203
-0.79342,4.2427,-0.50335,-0.75372,7.2125,0.38425,-2.3453,0.061601
4.3053,-2.4711,-4.1516,-0.62252,-4.5135,-0.12369,-2.2522,-0.066392
4.2564,-0.4049,-3.3099,-1.4961,-6.9739,-0.091771,-2.1925,-0.13651
-0.86785,-2.5361,-1.1179,1.1307,-0.21982,-0.24064,-0.89784,-0.25304
-0.81477,1.1544,-1.333,-0.42299,0.22058,-0.06243,-0.37332,-0.18285
-0.78937,-3.4575,-1.3053,1.3297,-2.0256,-0.029053,3.9399,-0.066684
-0.7741,-2.4714,1.7733,0.0058212,6.9003,0.64324,-0.49582,0.060725
-0.55505,2.9743,1.4466,1.6553,5.9163,0.5333,5.2461,0.070898
-0.78396,-1.1322,-0.24333,-0.27413,0.94081,-0.023624,4.3559,0.062063
-0.78173,-1.4709,-1.2809,-0.72576,-6.7566,-0.074149,0.59533,0.2251
-0.77495,2.0143,-0.20396,1.3945,3.6509,0.16451,0.57972,0.059605
-0.90527,0.5624,1.8,-1.0839,-4.8193,-0.064728,-0.94508,0.06199
-0.74913,2.6803,1.849,-0.23226,1.8976,-0.13701,-1.2873,0.080682
4.2601,3.096,-0.96028,-0.11894,6.6676,0.25676,-2.9585,-0.045632
4.3028,0.35611,-0.49137,-1.589,-3.4852,-0.11102,0.45721,-0.095379
-0.60222,-1.4575,-1.5451,-1.2487,-6.3888,-0.097258,-3.0374,-0.19458
-0.74039,-2.5736,-0.66119,0.51929,-0.015544,-0.20299,-0.00079574,-0.17039
-0.79882,1.2082,0.87065,-0.7785,-2.5468,-0.11792,3.6501,-0.12244
-0.79541,-4.8244,-0.38866,0.74342,-3.955,-0.056642,6.7944,0.15997
-0.93083,-4.6346,0.60019,0.28315,6.4917,0.5418,0.66175,0.072212
-0.8769,1.9332,1.8081,1.5568,5.9645,0.55081,3.5981,0.18526
-0.75589,-0.30779,3.2654,0.28202,1.8075,-0.08638,1.781,0.27273
-0.75669,-0.40406,-0.34283,-0.46886,-6.0267,-0.079045,3.8842,0.26309
-0.59233,3.6738,0.73126,0.28615,1.5595,-0.10122,2.0722,0.11656
-0.59983,-1.3593,2.6931,-0.042325,-5.6999,-0.1588,-1.1612,0.076033
-0.85851,3.727,2.7819,-0.78962,2.4657,0.012629,-2.4907,-0.037771
4.3254,1.9683,-2.4979,1.7916,6.1358,0.11876,-1.1774,-0.072039
4.296,1.3754,0.26834,-1.6734,-2.3285,-0.16974,1.9217,-0.17742
-0.91496,-2.1593,-3.1626,-1.1305,-6.3364,-0.063553,-2.9149,-0.20388
-0.79188,-0.8107,-1.6972,-0.38122,1.9399,-0.14826,0.93089,-0.13928
-0.78091,0.80286,-0.69281,-0.034161,-2.1331,-0.079905,3.1396,0.026968
-0.78352,-2.6367,1.024,1.225,-5.3219,-0.063855,6.6036,0.02249
-0.53738,-4.3429,0.21074,0.1674,5.9382,0.53293,-0.80388,0.12661
-0.79128,1.7491,5.5038,1.0445,5.9907,0.50533,1.6516,0.20091
-0.77316,-0.84407,4.5174,0.71359,2.8429,0.041623,0.81127,0.28787
-0.77108,0.99751,3.6954,-0.58582,-4.1408,-0.092349,1.759,0.076471
-0.81722,3.2016,1.4494,0.0078765,1.6214,-0.084699,-2.0915,0.077834
-0.74561,-0.33701,3.8151,-0.74006,-4.9676,-0.12996,-3.121,0.0081548
-0.7434,1.614,1.7517,-0.21879,1.6636,-0.14409,-5.029,-0.11653
4.3172,1.1304,-3.6671,0.12561,6.0059,0.195,-5.0663,-0.096985
4.2944,1.0952,-4.0088,-1.2728,1.5006,-0.10603,-2.5027,-0.20874
-0.73759,-1.4905,-0.37352,-1.344,-6.3169,-0.11674,0.80051,-0.14839
-0.80022,-1.6555,-0.61916,-0.18723,2.8662,0.029487,2.8543,-0.12872
-0.79374,1.1228,0.12075,-0.41817,-1.814,-0.12416,2.8524,0.067953
