tachometer_signal,underhang_bearing_axial,underhang_bearing_radial,underhang_bearing_tangential,overhang_bearing_axial,overhang_bearing_radial,overhang_bearing_tangential,microphone
-0.79725,-0.21068,4.0242,0.35417,-2.8909,0.026112,8.3481,0.16876
-0.75785,0.69737,-0.32288,0.85466,3.8198,0.12465,3.1322,0.20096
-0.75182,1.751,-1.2212,-0.22413,-4.4079,-0.097117,-0.17898,0.042325
-0.70372,1.1488,-0.33874,0.97207,0.63433,-0.25878,-3.7172,0.16204
4.3438,2.7329,-1.5059,0.63356,5.9922,-0.26198,-4.9432,0.093702
4.2984,1.6089,-1.1909,0.33024,-6.1719,-0.074386,3.1541,-0.026575
-0.81649,-0.91989,-0.38545,-1.2034,-7.6182,-0.067879,-6.087,-0.14924
-0.88827,-0.24044,-2.7341,-0.54312,-2.843,-0.1837,-1.6212,-0.18034
-0.87691,0.25704,-3.7423,0.96045,-2.332,-0.23875,1.207,-0.19302
-0.72153,-0.98505,0.85171,0.17131,-7.1121,-0.02854,1.791,-0.16496
-0.77492,-7.9449,-0.26902,0.7951,3.0945,0.068628,2.1597,-0.02363
-0.76854,-1.4775,4.6573,0.54081,6.4366,0.46645,0.33362,0.062209
-0.56077,2.212,4.1801,0.46715,4.3764,0.17414,4.7776,0.19974
-0.77812,-1.3101,2.1538,-0.56762,2.5489,-0.020582,0.90351,0.1904
-0.77123,2.4321,2.2626,0.30456,2.465,-0.089596,-0.99456,0.14187
-0.7627,3.1651,-0.11064,-2.8585,2.407,-0.10845,-0.25235,-0.02015
-0.92667,1.6988,3.6606,-1.9138,-9.8782,-0.071787,-6.2503,0.11909
4.3153,1.6433,0.32424,-2.2438,-0.95496,-0.23208,-3.1299,-0.0046713
4.2642,1.4428,-0.71729,1.371,4.0465,-0.42977,-2.5599,-0.10261
-0.8049,1.6207,-0.68704,-1.4068,-1.3961,-0.14618,-3.469,-0.12743
-0.51741,-3.593,-2.7648,0.86774,-2.6951,-0.14002,-4.0781,-0.18767
-0.72769,-1.6272,1.4495,-0.16955,5.5866,0.31753,-0.40471,-0.135
-0.79067,-0.46998,1.9304,1.8846,2.2518,0.036932,2.6197,-0.1424
-0.78813,-0.57211,0.22375,1.4037,-5.4367,-0.0029787,2.8146,-0.0033327
-0.89694,-4.9381,0.43307,-0.42295,-6.5817,0.0069877,5.7988,0.15199
-0.8615,1.1288,3.1333,2.4649,3.2763,0.048246,-2.3953,0.19081
-0.75429,0.064205,1.3715,-0.82627,3.0173,0.0084765,-3.9637,0.19977
-0.75505,0.0022067,0.18994,0.15417,-1.6676,-0.041503,-1.9914,0.11965
4.3424,2.4227,-3.0259,1.5484,3.8304,-0.53132,-0.96294,0.073867
4.3031,3.6999,-2.02,-1.7104,4.4492,-0.31762,2.808,-0.0016291
4.2673,0.62814,-1.631,-0.95218,-8.3958,-0.10498,1.5599,-0.10429
-0.8333,-1.7748,-2.7357,-1.4354,-5.7473,-0.15387,-0.14721,-0.20251
-0.88617,-1.9695,-6.598,1.1339,-3.5571,-0.2922,-3.8686,-0.14902
-0.88028,1.4577,-1.1375,1.5945,-4.7427,-0.086156,3.8433,-0.15075
-0.84431,-5.368,0.56682,-0.83555,-6.2429,-0.036613,3.7837,-0.010245
-0.79696,-2.4475,3.2903,2.7219,6.5467,0.49374,-2.4228,0.00594
-0.78429,1.7251,3.6622,0.52401,5.7757,0.3673,1.9402,-0.01555
-0.45817,-1.8406,6.3367,1.031,2.0355,-0.022963,0.48055,0.1922
-0.78206,-1.5116,1.7383,0.86583,-1.8939,0.010222,0.63939,0.22522
-0.78726,1.3197,3.4967,2.5451,2.2276,-0.10951,2.2996,0.071506
-0.78416,0.39132,0.18733,-1.7213,-7.0581,-0.049961,-0.017865,-0.01078
4.3087,1.4009,-0.00083909,0.8353,-8.2851,-0.12957,-5.5969,0.027333
4.2808,2.6871,-0.38515,0.011287,3.2633,-0.40321,-2.1296,-0.069532
-0.82349,1.267,-1.7806,0.28467,4.3449,-0.43891,-2.777,-0.14109
-0.80762,-2.5333,-3.8272,-0.94658,-5.3491,-0.13295,-3.9118,-0.13468
-0.62242,-1.9648,-0.73746,0.51326,1.5292,-0.23052,-0.26766,-0.14751
-0.61798,-0.92263,-0.27901,-0.68242,3.7179,0.043227,3.8523,-0.14203
-0.81466,0.077678,-0.25016,0.48538,-3.4624,0.04727,3.1932,-0.050694
-0.80943,-5.5679,1.9883,0.85331,-9.7098,0.037939,0.5555,0.048312
-0.97027,-1.3435,1.6779,1.3291,0.085891,0.059476,2.584,0.2131
-0.86956,0.21175,3.3089,1.2269,4.7927,0.22121,-1.8899,0.23408
-0.7664,0.61352,2.0937,-0.88468,1.5359,-0.055448,-0.70428,0.18473
-0.76787,1.4023,2.0141,0.57357,0.33875,-0.27264,-2.7187,0.089151
4.4485,1.9522,-0.092838,0.41688,5.8215,-0.4484,-1.5182,0.028623
4.2846,2.9783,-2.9034,-3.113,-7.5856,-0.06279,1.7539,-0.052228
4.2573,-3.8527,-1.7467,-0.58718,-9.0773,-0.11821,-5.3285,-0.16691
-0.83614,-0.60667,-4.3144,-0.17512,-4.2545,-0.24799,-1.3906,-0.23384
-0.9478,2.7158,-1.9537,-0.67889,-4.5447,-0.31067,-1.6536,-0.15885
-0.99768,-1.3102,1.6096,2.5775,-9.0174,0.052571,5.3315,-0.093529
-0.78755,-6.5404,1.6794,1.5998,4.2382,0.19786,0.20321,0.13357
-0.79778,0.73392,6.0705,0.66367,6.5838,0.47142,-2.8729,0.084332
-0.80167,2.6752,6.3879,0.85806,3.6105,0.094073,3.6042,-0.0097579
-0.63826,-0.0083896,1.1798,0.32555,-4.1396,0.045493,0.47429,0.25136
-0.76828,1.4363,-0.39567,0.37512,-1.8867,-0.05068,0.17842,0.20897
-0.7933,1.2485,1.2568,-0.046037,-1.341,-0.028899,-0.92816,0.062355
-0.79036,0.13347,3.5016,-0.87594,-10.226,-0.057534,-3.3604,0.034026
4.2965,2.7422,1.8852,-1.1746,-1.8062,-0.22124,-3.0771,-0.048528
4.2674,-0.617,-4.3203,1.2726,4.7801,-0.59059,-6.7324,-0.12709
-0.82694,1.3018,-3.8235,-0.56033,-1.8578,-0.18962,0.57523,-0.19879
-0.81847,-4.7516,-3.5807,1.2849,-7.2031,-0.13926,-1.6788,-0.11363
-0.57106,-1.52,-0.24452,-0.41998,4.033,-0.018573,-0.99692,-0.17345
-0.68655,0.82298,-0.59103,1.309,-3.865,0.04917,3.1209,0.029889
-0.84366,-3.2948,-0.069576,0.30844,-9.6082,0.058918,0.67331,0.00036665
-0.8099,-2.9584,0.68518,0.35832,-6.8968,0.029577,8.2181,0.0064511
-1.0492,0.12054,1.8784,1.9645,3.3336,-0.025568,1.636,0.25981
-0.91927,1.3882,2.4362,-0.42221,2.7123,-0.07386,-1.2463,0.21712
-0.83576,1.1209,0.85096,-0.0028433,0.29535,-0.10752,-2.476,0.059143
-0.77789,2.1606,-0.90383,0.10744,1.6509,-0.90471,-4.7408,0.02322
-0.66111,1.5343,-2.8108,0.44204,2.3534,-0.3624,-1.0891,-0.0026512
4.2841,1.5335,0.26908,-0.70404,-12.002,-0.098343,-0.61965,-0.11015
-0.89247,-0.57262,-1.6741,-1.4266,-6.3891,-0.21221,-4.8459,-0.23423
-0.82646,0.30818,-2.1979,-0.81372,-2.8127,-0.5085,-3.7119,-0.20174
-0.86232,2.1143,0.88789,-0.41707,-4.7647,-0.13517,-2.2513,-0.092409
-0.96657,-5.7827,-1.1851,1.2054,-6.0066,0.0038687,1.6562,-0.04882
-0.79426,-1.4137,4.0646,0.10714,5.6179,0.29549,-1.0096,0.0212
-0.79308,1.2939,4.5476,0.52466,4.856,0.26282,1.5511,0.14983
-0.78081,-0.006463,6.2792,-0.83686,0.25105,0.062396,0.74083,0.060043
-0.61986,-1.4669,0.34802,-0.26079,-7.8213,0.064238,0.54154,0.32766
-0.70857,1.9403,0.43933,1.4759,1.1463,0.015362,-1.3264,0.1866
-0.78778,0.54097,0.53839,-2.7549,-7.8225,0.044293,-2.1362,0.1212
-0.78129,0.21012,-0.24078,0.62962,-5.8166,0.014336,-4.2774,-0.0064966
4.2948,3.0144,-0.87758,-0.61869,3.5515,-0.49775,-2.7905,-0.054491
4.2679,1.4268,-2.5759,-1.5275,5.3494,-0.43207,-3.942,-0.16705
-0.81352,0.11295,-2.8058,0.225,-8.4467,-0.03676,-1.0706,-0.19789
-0.80856,-2.7255,0.51297,-0.15602,-0.47221,-0.075278,-0.98702,-0.12354
-0.65984,-0.46252,-0.70471,0.3145,0.024782,-0.061564,1.3191,-0.016475
-0.6613,0.67876,1.315,0.46084,-7.0283,0.038921,2.3246,0.075936
-0.82981,-5.1604,1.2617,1.0208,-9.9984,0.070547,3.0399,0.27599
-0.80449,-2.6758,0.4686,4.1573,2.2541,0.060657,-3.5538,0.053886
-0.92896,1.5813,2.9377,1.2729,4.736,0.098392,-0.9283,0.23683
-0.83164,1.8265,-0.39808,0.074887,1.7554,-0.034604,-0.24535,0.24871
-0.7117,2.5523,-1.0608,-0.52023,-0.97881,-0.33995,-1.2769,0.054616
-0.765,2.5946,-2.1884,-0.86939,5.9477,-0.46628,-4.3427,0.020591
4.308,2.4164,-5.1349,-0.1311,-8.7706,0.00084611,-3.1445,-0.064786
4.2831,-2.6063,-2.8806,-2.8731,-11.286,-0.071113,-6.0607,-0.20872
-0.85356,0.029866,-3.4104,-1.3093,-2.0881,-0.27043,-2.6237,-0.21274
-0.81772,0.27684,1.2742,0.35678,-0.97927,-0.25907,0.1053,-0.18881
-0.82235,0.8382,2.1065,0.099127,-5.6434,0.036309,-1.1941,-0.035848
-0.93943,-5.6733,-0.23436,2.4262,4.3776,0.079294,0.022015,0.026286
-0.8372,1.7514,3.039,-1.0886,5.7799,0.27757,2.9236,0.064351
-0.78445,1.1429,3.4472,-0.93348,3.2137,0.036245,4.488,0.14269
-0.78535,-2.0907,1.716,1.1667,-6.8759,0.044325,3.3822,0.10344
-0.49846,0.082629,-1.5446,0.93767,-2.526,0.091942,-3.3317,0.19025
-0.74327,0.87412,1.3789,1.5073,-1.4554,0.065663,-1.5413,0.086669
-0.77747,0.26722,0.75108,0.26827,-8.7831,0.069616,-3.1421,0.014215
-0.77661,1.5927,-0.54301,0.29838,2.3322,-0.0457,-2.5808,-0.054929
4.2965,1.1105,-2.9266,1.4862,5.7895,-0.26438,-2.9932,-0.15296
-0.59334,1.0273,-4.7237,-0.89261,-0.77241,-0.10414,-5.0603,-0.1949
-0.80669,-1.955,-1.4578,-0.51626,-6.5185,-0.019408,-2.5334,-0.17555
-0.80345,-1.2532,0.28356,-0.86096,2.7129,-0.023579,1.3289,-0.095963
-0.57282,1.951,-1.6718,0.71521,-5.4329,0.0080594,0.17569,0.10086
-0.61236,-4.8924,0.16101,0.90031,-9.0135,0.061151,1.0829,0.096672
-0.86426,-3.7991,2.5067,0.68574,-0.79898,0.092411,3.1951,0.19371
-0.79509,-0.15929,-3.5204,-0.61579,6.6314,0.32182,-4.643,0.28057
-1.0158,1.1761,-0.16594,0.93187,4.282,0.08779,-5.1248,0.2113
-0.89655,0.68273,1.8544,0.0048192,2.0325,0.0066989,-0.41253,0.16771
-0.82141,0.99274,2.3106,-0.019132,3.5296,-0.38571,-4.7449,0.072894
-0.7603,2.2264,0.89928,-0.25963,3.6779,-0.061211,-3.8417,-0.064835
4.3112,2.4098,-1.2668,-2.6157,-10.173,-0.00079677,-3.4392,-0.066733
4.2838,-3.3364,-2.3856,-1.1445,-4.2514,-0.13352,-3.3341,-0.21347
-0.85663,3.8487,0.27057,-0.80331,-0.70826,-0.23903,-0.00086638,-0.22327
-0.80665,-1.5092,-0.04582,0.68435,-1.0892,-0.076645,-1.3685,-0.1361
-0.80613,-3.404,-2.0091,1.7051,-4.7535,0.01078,-2.3064,-0.029034
-0.92932,-0.70333,0.88859,-0.84026,7.1708,0.45779,0.80715,0.15754
-0.77544,3.9316,3.531,2.5539,4.2305,0.12335,7.2438,0.048945
-0.77361,-0.65799,4.3628,1.175,-0.83601,0.032285,4.2203,0.070216
-0.76237,-1.1994,0.90414,0.77699,-10.51,0.020298,2.4485,0.12897
-0.52044,2.7769,-0.12882,0.55173,4.2327,0.10913,-3.0578,0.14488
-0.66643,0.96022,3.3284,-0.78854,-4.6415,-0.0026193,0.13488,0.052985
-0.76983,-0.31562,0.32305,0.58541,-3.6205,0.024559,-3.5493,-0.022633
4.3266,2.7573,-2.1162,0.11619,5.4584,-0.081625,-4.1955,-0.10078
4.2903,0.86603,-2.9685,-1.5248,5.7618,-0.11496,1.2706,-0.22997
-0.89915,1.3645,-1.7561,-1.8634,-6.1816,-0.018612,-0.23587,-0.19947
-0.78073,-4.4476,-3.0089,-2.1356,-2.4039,-0.015339,-0.67417,-0.15622
-0.79329,0.099911,-1.6285,1.0737,1.4977,-0.023425,1.5252,0.040086
-0.56185,1.1789,-2.4137,-0.87711,-5.2353,0.095414,3.8458,0.036314
-0.62619,-7.1126,1.1739,-0.3388,-7.6828,0.12211,0.36104,0.079173
-0.85402,-1.8069,-1.6391,3.1982,4.4166,0.099842,1.8241,0.25925
-0.78807,2.538,2.8523,0.33745,7.1471,0.44755,-0.22313,0.3592
-1.1978,2.4179,-1.7191,-0.030564,2.9846,0.060587,1.0278,0.13702
-1.0397,1.2388,-0.072159,-1.3582,1.264,0.013963,-2.3064,0.11831
-0.76063,1.6964,0.76475,-0.095436,6.2322,-0.029284,-3.2244,-0.01465
-0.75509,1.1634,-1.0455,-0.76238,-8.0092,-0.038358,-0.42169,-0.10436
4.3044,0.82474,2.2272,-1.5521,-9.8868,-0.0043649,-5.7369,-0.095817
4.302,-0.64058,0.20461,0.74263,1.6212,-0.25845,-4.6541,-0.20125
-0.80038,0.22379,0.91682,0.67593,1.3099,-0.23779,-2.3437,-0.2362
-0.8035,-2.7574,-5.6619,0.79775,-2.7709,-0.017797,1.3819,-0.10346
-0.80395,-3.1366,-2.6356,3.0833,4.5264,0.078248,-0.90327,-0.037941
-0.98112,0.87443,0.087164,-0.66418,6.4312,0.39337,-2.8726,0.33029
-0.81233,2.2843,1.2964,0.4756,2.7665,0.075071,-1.4761,0.20644
-0.77235,-3.1448,-2.184,-1.1575,-6.1443,0.080365,2.7307,0.22819
-0.76667,0.67098,3.0401,-0.76422,-3.2094,0.068955,7.696,0.16613
-0.50665,0.81805,-1.0106,0.14458,3.8571,0.034114,-0.037966,0.13216
-0.63169,2.2718,2.0887,-0.7253,-4.5075,0.080885,-0.26353,0.016235
4.3152,1.5552,1.4541,-0.28194,1.8433,-0.038127,-2.6256,-0.068291
4.2855,2.0017,-1.3177,0.9065,6.7666,-0.07085,-4.9732,-0.10166
4.2596,0.0074663,-1.4559,0.23509,-3.6578,0.02909,0.86438,-0.20446
-0.89584,-0.20845,-1.9202,-1.4913,-6.9301,0.043227,-0.79376,-0.19443
-0.86175,-0.92832,-0.9534,-1.1378,-0.16748,-0.029913,-0.6533,-0.11259
-0.82227,-1.1097,-3.9557,1.6375,-1.4397,-0.015608,0.041537,-0.018203
-0.8095,-1.0303,0.37511,-0.79865,-7.3002,0.049176,3.7126,0.15136
-0.4595,-5.3569,0.065585,2.2461,4.6319,0.12147,-0.97286,0.088129
-0.86624,0.56116,1.0391,1.4268,7.5648,0.48616,-2.1248,0.11288
-0.80807,2.1421,0.11409,-0.93848,5.6924,0.23319,0.98313,0.22941
-0.80085,1.282,2.9953,0.68579,3.6094,0.046629,2.0972,0.0258
-0.88643,2.7681,1.8621,0.0034769,3.7829,-0.13471,-0.67759,0.014945
-0.79814,2.7928,0.78623,-2.2646,2.0966,-0.019221,0.14525,-0.035653
4.1024,0.2041,2.7059,-1.509,-7.8958,0.015594,-7.1623,-0.14792
4.2791,1.6999,-0.11214,-1.1139,0.80923,-0.078314,-2.6589,-0.12709
-0.69504,0.33063,-2.014,0.33589,4.7238,-0.32863,-2.0257,-0.24199
-0.74487,0.15274,-2.2137,-1.6013,-0.72976,-0.030632,-1.5318,-0.13159
-0.82652,-5.2563,-4.0074,2.4505,-0.29625,-0.069753,-1.7696,0.11064
-0.82441,-3.3227,-0.00073631,0.68897,7.2766,0.42987,2.5926,0.16891
-1.0474,1.5567,2.4136,0.87553,2.5267,0.0040292,3.6212,0.17691
-0.88871,-1.1321,-0.66054,-0.13261,-4.2532,0.030103,1.1522,0.25618
-0.78808,-2.1319,1.1617,-0.472,-5.5444,0.092924,9.4237,0.23992
-0.78541,0.98906,1.8112,2.2384,4.7581,0.16875,-0.78114,0.14525
-0.57102,-0.21016,1.6097,-1.3522,1.7369,0.038985,-0.91521,0.053861
-0.70437,1.15,1.7122,-0.14134,-0.43049,-0.020287,-3.9303,-0.043417
-0.86008,1.5328,-3.453,0.82612,5.4837,-0.14814,-0.25569,-0.13692
4.2862,2.3411,-2.3213,-1.6185,5.0882,-0.066666,4.4335,-0.12699
4.259,0.014723,-0.7729,-0.59789,-7.7554,0.013553,1.1079,-0.21244
-0.93019,-0.27994,-0.66821,-2.3402,-4.0013,-0.053805,-3.2756,-0.13366
-0.78606,-1.2601,-4.7193,0.96477,-1.9899,-0.10919,-1.4889,-0.062936
-0.81102,-0.68212,-2.8992,1.0284,-4.5159,0.011987,2.1223,0.20018
-0.81236,-5.5688,-0.83203,0.22733,-2.548,0.018642,4.9053,0.13371
-0.54568,-0.96494,-0.23818,2.8595,7.8884,0.56661,-0.24645,0.35587
-0.86943,2.3927,0.58427,0.23563,7.447,0.52152,3.0413,0.10453
-0.80076,-3.0202,5.4153,1.2604,3.8918,0.067768,-0.080716,0.19646
-0.79758,0.34025,3.6598,-1.2439,-0.59661,-0.03445,1.9731,0.01346
-0.95812,1.0408,3.5899,1.6459,4.2701,0.01046,0.47965,-0.022949
-0.79533,0.80283,1.2592,-1.7315,-6.6553,0.027203,-2.3491,-0.12407
4.304,-0.58496,-0.87322,1.0363,-4.8224,-0.013491,-4.5465,-0.11405
4.2801,0.66905,-0.33554,0.81545,4.9369,-0.086644,1.5781,-0.13804
-0.6036,0.93391,-1.7955,-0.3194,4.8597,-0.16748,-3.0921,-0.16912
-0.74671,-4.5478,-5.9632,-0.098512,-3.6642,-0.037197,-3.1431,-0.097009
-0.82308,-3.6438,-0.86844,0.041475,5.1669,0.091538,-2.5656,0.28782
-0.81451,0.06143,-2.2787,1.2654,5.5726,0.27519,3.973,0.23803
-0.91301,1.3197,0.89818,1.4806,-2.7533,0.0017895,3.8343,0.19624
-0.89793,-4.8458,0.42385,-1.2915,-6.8136,0.020926,-2.6032,0.1737
-0.80001,0.78371,2.6577,1.2348,2.0656,0.093046,3.4719,0.22097
-0.78456,0.56253,0.3535,-0.22183,6.5981,0.38937,-4.2024,0.084892
-0.43913,1.3965,0.20048,-0.88865,0.81585,-0.033468,0.79028,-0.032003
-0.65331,1.6965,2.2031,0.54531,1.5216,-0.26481,-3.5838,-0.084792
-0.80979,2.2602,0.54666,-0.30062,7.9829,0.18887,-8.4194,-0.13953
4.2896,0.6548,-4.2507,-3.2204,-6.5189,0.021639,1.9375,-0.19757
-0.90675,-2.6374,-2.7739,-1.2881,-6.5283,-0.046008,-4.1964,-0.20025
-0.96518,-0.11728,-5.6011,-0.64416,-1.2706,-0.19206,-1.6309,-0.059943
-0.83609,1.8067,-2.3771,0.30679,-2.4221,-0.10079,4.0085,0.039332
-0.80562,-3.7143,1.0742,1.5624,-7.2398,0.030315,6.2597,0.25733
-0.79489,-2.9579,0.59627,1.6938,6.5541,0.44102,-1.1201,0.041644
-0.62527,2.208,3.5961,-0.39769,7.8121,0.5482,-0.50119,0.27526
-0.79062,0.73033,6.0671,0.36219,5.5217,0.25211,4.5609,0.23233
-0.79613,0.19076,2.9719,0.9478,-1.989,-0.015397,0.95252,0.13177
-0.79003,1.7524,1.0426,0.32051,1.9008,-0.013568,3.5558,-0.0098553
-0.9457,0.58253,2.6459,1.1854,-0.50959,-0.013311,-1.0405,-0.092677
-0.80431,0.24039,2.6031,-0.92721,-8.2033,0.038068,-2.8892,-0.14106
4.3018,1.4259,1.7968,0.50342,1.9149,-0.20572,-0.028731,-0.14766
4.28,-0.12426,-0.66658,1.3619,6.3359,-0.27566,-3.3416,-0.15077
-0.54925,0.14298,-3.583,-0.66876,-1.4922,-0.11967,2.9219,-0.1056
-0.71603,-4.0921,-3.4347,1.5187,-3.1075,-0.042825,-0.61674,-0.051911
-0.81424,-1.2941,-2.7619,-0.92439,5.7874,0.21787,1.7842,0.25514
-0.81207,1.0334,-0.6877,0.43214,-1.6168,0.0025724,3.9297,0.23995
-0.99801,-0.86419,-0.53179,0.22265,-7.8527,0.020086,1.2158,0.31897
-0.88491,-2.1728,-0.10261,-0.24081,-4.1526,0.07047,8.7829,0.094238
-0.68399,1.2531,0.63599,2.1825,4.8648,0.20322,2.3083,0.14576
-0.77518,1.5457,3.4762,-0.82273,4.3226,0.1223,0.23468,-0.0099769
-0.54349,0.97937,2.0779,-0.91483,2.2236,-0.043005,-3.0032,-0.065759
-0.70586,2.1235,0.58292,-0.092443,4.8171,-0.61581,-3.3126,-0.15338
4.3115,0.29206,-3.6733,0.33634,3.7855,-0.1576,-0.1466,-0.20558
4.2875,-1.5062,-1.9059,0.10818,-8.6428,-0.042632,1.6064,-0.27764
-0.82192,0.18518,-1.9611,-0.67043,-4.0957,-0.11173,-1.3507,-0.1131
-1.0163,-1.0996,-3.3734,-0.013024,-0.73709,-0.26507,-2.4408,-0.028182
-0.81247,-0.003008,-1.1846,0.5079,-3.0302,-0.066159,-2.2154,0.38011
-0.79839,-5.9191,-1.0032,1.4187,-1.585,0.031374,1.8387,0.26511
-0.80128,1.005,3.8431,-0.070695,7.6494,0.49535,-1.239,0.065957
-0.50471,2.6591,4.2391,0.71293,6.6279,0.39281,1.7832,0.24494
-0.75771,-1.0368,5.7953,-0.84381,3.3367,0.072298,1.6597,0.17453
-0.78605,-0.54437,0.23337,-0.54164,-2.0443,-0.028071,0.22748,0.030351
-0.78214,2.0901,0.80533,1.0239,4.3729,0.042168,0.27775,-0.04865
-0.99769,1.3729,0.99385,-1.9253,-5.9608,0.034114,-0.31034,-0.1147
-0.76963,-0.24071,0.62544,-0.47121,-4.2518,-0.035612,-1.8076,-0.21712
4.3012,0.81877,-1.6433,0.54225,4.8426,-0.26352,0.070628,-0.17964
4.6129,1.1972,-1.9684,-2.6803,6.7427,-0.040059,-3.0739,-0.11779
-0.59213,-1.9943,-5.7105,-0.39915,-4.981,-0.038891,1.3585,-0.020953
-0.68329,-0.94367,0.77588,-1.1592,2.8648,-0.071364,2.8674,0.067856
-0.82574,-1.185,-2.6886,0.47833,4.4851,0.06488,1.1828,0.27324
-0.80804,0.12265,-0.47799,0.69418,-2.58,0.023339,3.6733,0.3962
-1.1381,-3.7046,-0.85613,0.14611,-7.6689,0.032074,-0.89518,0.22501
-0.86064,-1.5178,2.6046,2.7095,3.8391,0.10718,3.4815,0.17725
-0.81953,2.4439,2.9573,0.10396,6.28,0.34119,-0.67041,0.042958
-0.77422,0.76942,1.9077,-0.19319,3.6529,0.009099,0.7485,-0.058215
-0.76079,2.0974,-0.76272,-0.23551,2.7552,-0.27909,0.70823,-0.10572
-0.54998,2.6704,-1.4737,-0.97699,7.8742,0.12465,-6.8767,-0.19828
4.3064,2.3225,-3.284,-2.4452,-6.7463,-0.041541,-0.16784,-0.16859
4.285,-2.3429,-1.1413,-1.6666,-7.6662,-0.05908,-2.5893,-0.13907
-0.82293,1.3938,-2.3603,0.1234,-0.36099,-0.14526,-2.1746,-0.045754
-0.85164,0.98904,-2.896,-0.052036,-0.071187,-0.17713,2.1972,-0.028717
-0.79686,-1.2043,-0.37137,0.92074,-5.1088,0.010036,3.8659,0.2609
-0.79492,-4.2923,-2.4462,1.8159,6.0067,0.38343,1.2223,0.36541
-0.78375,3.3955,4.9438,0.70759,7.3651,0.54948,4.8627,0.056392
-0.56276,1.4748,4.9967,-0.68698,5.7171,0.36598,5.1964,0.085111
-0.79298,-2.4801,4.1283,-0.89611,-1.8351,0.032388,4.0396,0.069024
-0.77984,-1.2995,0.45796,1.9442,2.1424,0.053065,-0.96203,-0.070408
-0.77336,0.54892,2.5982,0.73409,0.74092,0.026503,1.7306,-0.092726
-0.96148,-0.67959,1.3589,0.26155,-7.6981,0.031182,-1.9961,-0.14715
4.3177,1.3982,-0.51779,0.14142,4.56,0.083548,-2.3764,-0.20337
4.3072,-0.92282,-2.5155,-0.019254,6.215,-0.25406,0.69227,-0.12451
-0.80998,-0.30362,-5.3164,-0.88279,0.43558,-0.1015,-2.9517,-0.055075
-0.68807,-2.9857,-1.417,0.015256,-4.5085,-0.049576,-2.249,0.034561
-0.71023,0.0038828,2.0306,-1.2102,4.656,0.056056,2.393,0.23063
-0.84098,0.38497,-2.5753,0.66544,-1.4844,0.039069,1.7607,0.49357
-0.79733,-3.5965,0.41065,0.69608,-7.1854,0.0043501,2.5533,0.20069
-1.1427,-4.0158,5.1035,1.5302,1.2124,0.018546,4.537,0.17438
-0.87384,3.5074,0.80048,-0.40267,7.4165,0.47526,-7.0252,0.07102
-0.74554,1.2677,3.4374,0.17206,5.3067,0.24462,-0.95292,-0.028036
-0.76667,0.34212,1.4925,0.87604,3.9628,0.066876,1.6859,-0.11903
-0.76929,0.58399,1.5851,-0.3289,4.787,-0.46817,-4.2494,-0.090438
-0.55561,2.0674,0.87786,-0.36962,1.5526,-0.14821,-2.8563,-0.20366
4.3078,0.14044,-1.2914,-4.2532,-8.8477,-0.087106,-4.4728,-0.17202
4.2842,-2.8021,-4.0233,-1.1098,-1.707,-0.18464,-3.2955,-0.059042
-0.82074,3.0813,-1.1423,-1.4376,0.57725,-0.39284,1.318,0.041376
-0.94201,-0.84569,-0.092645,0.1647,-0.64458,-0.09301,-0.13888,0.12318
-0.85885,-5.006,-2.2863,0.89015,-3.017,-0.024413,1.1825,0.31138
-0.79207,1.9891,1.3071,-1.39,7.4424,0.51847,-4.1794,0.40204
-0.7927,4.493,1.345,0.84239,5.4587,0.25438,2.543,0.11517
-0.67059,0.28138,-1.707,-0.70517,-0.28831,0.054849,2.5738,0.062112
-0.76915,-0.57636,0.60864,0.32866,-7.8502,-0.018804,1.9535,-0.028036
-0.77357,0.26113,-1.5995,-0.086142,4.4294,0.13762,-1.0904,-0.12694
-0.77079,-0.68235,2.595,-0.90948,-5.4434,-0.0078432,-0.68488,-0.11663
-0.97731,0.38803,0.56963,0.32029,-1.5637,0.0044014,-2.0137,-0.20081
4.3194,2.1657,-2.6189,1.4721,5.3797,-0.27117,-3.4803,-0.14955
4.3032,0.89962,-1.7195,-1.2786,4.6446,-0.11002,4.6421,-0.054004
-0.8141,-0.65716,-2.2246,-0.49807,-6.0144,-0.035888,-0.0019902,0.040719
-0.71996,-1.9392,-1.6983,-1.7746,-0.64025,-0.048614,0.69839,0.06199
-0.6434,1.058,-2.1298,1.3053,1.5619,-0.12586,4.1417,0.25394
-0.85343,-0.48802,-1.577,0.58152,-4.3521,0.0025018,3.5334,0.3428
-0.79996,-5.8097,3.8979,-1.3652,-4.1574,-0.011707,6.0503,0.18183
-0.9195,0.52438,1.1225,-2.3652,5.4858,0.28113,3.2845,0.00075606
-0.84394,3.2544,1.4401,0.12655,6.8313,0.46325,1.4937,-0.0089791
-0.81689,0.1579,1.3292,0.056183,3.7952,0.072292,-0.73871,-0.11461
-0.76807,1.042,-0.65386,1.2223,2.7591,-0.1124,-2.0142,-0.11663
-0.75572,2.5031,2.347,-1.101,6.2315,0.032054,-0.24347,-0.080995
4.3242,-1.1101,0.025621,-2.0602,-9.8339,-0.06612,2.8275,-0.17343
4.3027,-0.76168,0.89855,-0.2117,-8.4901,-0.13371,0.51769,-0.079364
-0.83921,-1.6149,0.0074929,1.0331,3.3651,-0.30536,-2.6535,0.086717
-0.82355,0.70513,-1.8126,0.5905,0.80672,-0.29356,1.7876,0.04179
-1.0115,-1.6193,-2.6997,0.53226,-3.0853,-0.12591,1.6733,0.27453
-0.82978,-3.6919,-1.3474,2.0493,5.6008,0.28277,0.68992,0.41009
-0.79663,3.0234,0.42327,-0.65211,5.363,0.27772,5.7696,0.19556
-0.79017,2.8529,2.4379,0.65009,0.28339,-0.010545,2.9809,0.08477
-0.617,-1.3212,1.1139,-0.98045,-5.8904,0.013136,0.61539,0.022465
-0.76329,-0.39856,4.613,1.4071,0.56174,0.076598,5.2683,-0.093651
-0.77946,-0.4595,1.9267,0.24473,3.2969,-0.010218,-0.45669,-0.17813
-0.77684,-1.1591,0.4937,0.24062,-2.7146,-0.024734,-1.9264,-0.20127
-0.91904,1.5713,-0.98278,0.88659,3.8508,-0.33232,-2.3922,-0.16082
4.3098,2.1576,-2.322,-1.0764,7.1492,-0.31536,-8.3623,-0.11787
4.2933,-0.33376,-3.9628,-0.62973,-6.1715,-0.055994,2.0126,0.0081548
-0.81595,-2.8364,-2.2312,-1.1228,-6.0164,-0.02879,-1.7511,0.094627
-0.48291,0.52902,-2.0957,-0.20895,-0.51885,-0.21383,-1.0627,0.082872
-0.6545,1.014,-3.073,-0.21056,-2.4239,-0.057059,2.7101,0.31586
-0.83833,-2.992,-0.81706,0.25061,-7.584,0.024007,3.5923,0.27327
-0.8028,-3.879,0.016429,1.341,4.6941,0.1736,4.9865,0.17482
-0.81796,2.1627,-0.88937,-0.076752,7.4315,0.49741,-1.6109,-0.030153
-0.99643,2.7331,1.3837,-1.012,4.5859,0.21009,-0.39629,-0.087469
-0.78228,0.71427,0.91634,-0.45042,2.6116,-0.056398,2.0017,-0.16669
-0.77117,1.0605,-0.089279,0.11686,3.8294,-0.15347,-0.5784,-0.1508
-0.77231,2.3224,-0.80398,-0.24991,-1.0869,-0.096411,-3.2743,-0.13602
4.321,-0.077208,1.8938,-0.92402,-9.6927,-0.10404,-5.5655,-0.11614
4.302,-2.255,0.026347,0.07874,0.40322,-0.30555,-2.5694,-0.011194
-0.82506,0.15979,-2.0304,0.33428,3.8753,-0.64919,-3.1632,0.10373
-0.81677,0.1759,-2.1795,0.052965,-2.8251,-0.12725,2.2435,0.1075
-1.1512,-5.4176,-3.7961,1.1717,-0.2667,-0.13774,-1.0894,0.52407
-0.85943,1.5326,0.085288,-1.5648,6.4007,0.38598,-1.5407,0.24815
-0.80241,3.9788,1.9084,0.64266,1.3789,-0.0068035,0.4412,0.13973
-0.79403,-1.1401,-0.33411,-0.40936,-5.5172,0.066112,1.5737,0.007449
-0.47998,-0.85413,2.0817,0.72745,-5.9906,-0.0017016,9.7743,-0.071503
-0.71429,-0.91816,2.675,2.5916,3.7514,0.042682,-0.39471,-0.15272
-0.78595,-1.1327,2.982,0.17714,-1.7066,0.036502,-1.7307,-0.18248
-0.77313,0.57077,1.0226,-1.0069,-1.2225,-0.060556,-4.159,-0.17857
-1.008,1.5689,-3.2845,1.7305,4.4159,-0.71679,-1.469,-0.1082
4.3137,0.88636,-4.0789,-2.1651,2.3225,-0.3885,1.4988,-0.031078
-0.5687,1.1556,0.80341,0.50789,-9.2749,-0.010622,1.1111,0.086863
-0.81282,-0.5786,-0.88979,-2.0395,-5.216,-0.13477,-0.18477,0.17426
-0.79913,0.42693,-3.2148,1.7737,-3.5683,-0.27495,-1.8956,0.075352
-0.58465,-0.74436,-2.1091,0.12236,-7.1955,0.060676,0.93325,0.27636
-0.83202,-7.5008,-1.2731,0.053762,-1.1411,0.025303,2.1125,0.30736
-0.7934,1.0087,-0.84999,-0.29232,6.5192,0.36482,-2.9036,0.072382
-0.78754,-0.58095,1.4702,-0.95796,6.3634,0.41339,-0.47685,-0.058093
-0.98449,-2.3873,5.7754,-0.048028,2.6597,0.0059223,-1.6887,-0.16369
-0.78551,-0.61395,4.605,0.19002,-1.3439,-0.0042815,1.3375,-0.19414
-0.76583,-0.013033,1.8825,0.47976,3.4172,-0.048318,-0.35053,-0.17085
-0.75694,0.41142,1.7295,-2.2437,-9.2013,0.0067438,-2.4764,-0.080873
4.3219,-0.9088,-2.4143,1.094,-7.7767,-0.069804,-5.1915,-0.035215
4.2986,0.49393,-0.4117,0.95867,2.2953,-0.57521,0.57525,0.07927
-0.82512,0.67306,-1.8645,-1.3899,2.2002,-0.43991,-2.6147,0.15929
-0.80693,-3.5244,-4.0394,-0.93837,-5.289,-0.15236,-3.649,0.03646
-1.038,0.039679,-0.12389,0.018005,4.9366,0.018931,-3.2193,0.22389
-0.845,0.86859,-2.1322,1.3681,4.1602,0.1213,3.4232,0.23754
-0.7836,2.2849,0.59435,1.2153,-5.5036,0.0043757,3.4179,0.048921
-0.78304,-3.9793,0.50643,-0.71415,-8.8937,0.034448,-3.6719,-0.034047
-0.49508,1.3563,4.1258,2.956,-0.36952,0.043163,0.31352,-0.13259
-0.72278,0.70994,2.2843,-0.091293,3.6562,0.042643,-1.9591,-0.19322
-0.81767,0.13736,0.84408,-0.43154,-2.8577,-0.0010021,0.54757,-0.17007
-0.76449,1.1198,0.55158,-0.12445,0.30602,-0.59619,-4.2948,-0.17662
4.1267,1.0168,-0.69798,0.51638,6.8419,-0.29515,-9.7722,-0.080849
4.32,1.042,-0.17713,-3.1689,-9.8522,-0.052631,1.539,0.19113
-0.81207,-1.8255,-0.72777,-0.86284,-8.6191,-0.044012,-3.2993,0.19402
-0.80385,-0.8403,-5.283,0.57127,-2.1496,-0.21138,-1.3947,0.17477
-0.80182,4.6646,-2.2897,0.51564,-4.6713,-0.089884,2.9683,0.071409
-0.60478,-2.7344,-0.41983,0.24239,-9.5746,0.093123,4.975,0.27911
-0.80137,-1.7399,0.20633,0.25665,5.0621,0.25209,3.1299,0.095187
-0.78711,3.0192,2.8655,-0.42799,6.8543,0.45488,-1.2907,-0.032051
-0.78175,1.5228,7.2309,-0.52691,4.5214,0.15096,4.665,-0.10954
-0.92328,0.025519,2.9204,-1.1007,-2.5838,0.026786,-1.5456,-0.18063
-0.76944,0.0040113,2.1953,0.57086,1.6492,-0.0055457,0.88326,-0.20943
-0.76122,0.56912,0.74676,0.084174,-3.132,-0.029265,-0.33849,-0.14751
-0.75325,-0.50653,1.0477,-1.9908,-10.857,0.01766,-2.5489,-0.017595
4.3235,0.70468,0.50537,0.17682,1.4289,-0.26824,-3.8411,-0.0066427
4.3113,0.11127,-1.8114,0.61191,4.8107,-0.7587,-4.816,0.12091
-0.81607,-2.2407,-5.6388,0.44587,-3.3504,-0.16587,-0.8948,0.31445
-0.80194,-3.3369,-1.7678,1.595,-2.6479,-0.12419,-0.94597,0.21739
-0.9071,0.39473,-1.8357,-2.0847,4.2191,0.030925,-2.2656,0.24282
-0.908,2.2558,-0.80775,0.7598,-1.9318,0.087039,2.1291,0.17577
-0.78627,0.64972,-0.7922,1.3074,-9.9213,0.069411,1.3572,-0.006667
-0.77683,-2.3681,0.71108,0.51116,-4.1659,0.11621,5.1917,-0.11015
-0.71955,1.4926,0.62943,2.4865,3.6294,-0.022206,0.28118,-0.16114
-0.56126,0.54039,3.2315,-0.12041,2.4304,0.048798,1.5335,-0.2084
-0.76296,-1.2667,1.6484,-1.623,-0.024208,-0.19043,-4.8976,-0.13566
-0.75854,1.898,0.39995,0.25367,5.6313,-0.32481,-2.4597,-0.10889
4.3306,0.99735,-4.0556,-0.097966,-1.0551,-0.084237,-1.8796,-0.052154
4.3118,-0.50749,-2.382,-0.88344,-9.0964,0.019527,-3.8792,0.15929
-0.77476,0.25952,-1.6735,-1.8707,-4.4004,-0.097508,-1.6084,0.23121
-0.79838,0.51493,-4.1578,-0.25576,-0.98786,-0.2983,-3.5156,0.098886
-0.78741,3.8676,-0.10087,0.97886,-5.463,0.020259,1.8921,0.042057
-0.63338,-3.5652,-1.4467,2.051,-1.1469,0.085127,3.5393,0.16764
-0.73944,2.7493,3.8878,0.073769,7.1073,0.45923,0.01192,0.030643
-0.78121,3.5809,8.8377,1.0385,5.7261,0.31724,3.4851,-0.068144
-0.77483,-0.72193,4.5695,-2.4607,1.4935,0.10976,0.88537,-0.13875
-0.92403,0.21333,2.5412,-0.55967,-2.4108,0.016184,-2.1,-0.20463
-0.77824,1.383,-0.31332,-1.2163,3.0942,0.023988,-3.1613,-0.15836
-0.74809,-0.049156,2.0472,-1.4914,-8.9409,0.021267,-2.0466,-0.12565
-0.80592,-0.26298,-0.33102,-1.2114,-3.0186,0.030732,-1.3433,-0.039474
4.3351,0.64785,-1.7217,2.1542,4.285,-0.43751,-0.19565,0.13805
-0.67695,1.3691,-2.7647,-1.893,4.9875,-0.14321,-1.0865,0.30084
-0.81141,-4.5137,-6.9731,-1.7785,-5.3648,-0.040091,-2.151,0.2014
-0.79571,-0.82066,0.38657,-0.75615,3.6338,-0.038673,-0.050829,0.24126
-0.99592,0.92649,-1.7774,0.75383,2.7312,0.013816,2.5873,0.25263
-0.90939,2.8365,0.075613,0.28496,-5.8932,0.043246,4.37,0.042374
-0.80261,-5.8405,1.647,0.12194,-7.9726,0.084999,5.1835,-0.086568
-0.76897,-0.45435,1.7366,2.1907,4.5716,0.11415,0.76493,-0.14505
4.5347,0.12912,6.5174,-0.80912,4.5589,0.12634,2.6624,-0.16912
-0.65178,-0.35269,2.1977,1.2696,2.1492,0.064591,-2.6507,-0.20809
-0.7934,-1.991,-0.93326,0.81113,1.4408,-0.32777,-2.5925,-0.11614
-0.76068,1.0182,-3.3894,-0.62913,7.1348,0.165,-2.9094,-0.0026269
4.3231,2.0371,-2.5061,-2.6009,-8.612,0.064039,1.7879,-0.045851
4.303,-1.4383,-0.61139,-0.017166,-6.7728,-0.046021,-2.3643,0.19531
-0.8793,2.3933,-3.022,0.41206,-1.3862,-0.18526,-0.08857,0.18558
-0.79968,1.0908,-1.5462,1.0981,-0.75078,-0.064664,1.6802,0.13486
-0.79516,-0.77517,-0.97767,0.096211,-5.228,0.032176,1.7028,0.086523
-0.59796,-3.2907,-1.0805,1.1737,6.8333,0.46564,0.51478,0.06401
-0.77806,1.8958,6.6203,2.3314,7.1116,0.46825,-1.7294,-0.049331
-0.77806,0.43158,4.2089,-0.043192,4.4826,0.10529,2.2081,-0.11855
-0.77375,-1.8167,2.8261,-0.020365,-3.7206,0.083818,-2.021,-0.16233
-0.85455,0.067884,0.6598,-1.2947,3.4423,0.045018,1.3005,-0.19395
-0.86503,0.58527,2.9331,0.26443,-2.7144,0.086821,0.56321,-0.12144
-0.74688,-1.235,0.94581,-0.046744,-4.1942,0.026927,-2.2286,-0.077855
4.344,2.2297,-0.33894,-1.6214,5.5555,0.12811,-1.0786,0.045246
4.3183,-1.2533,-4.2433,0.31748,7.4251,0.087399,-7.2904,0.25516
-0.78547,0.94863,-6.1626,-0.1832,-3.9403,0.0046003,0.053142,0.22535
-0.8358,-4.5513,-0.87021,-0.87368,-2.0302,-0.022052,1.1881,0.26163
-0.80327,1.9376,-2.0248,-0.43692,4.4224,0.10935,4.6902,0.29218
-0.99861,-0.016475,-2.8714,1.9976,-2.0677,0.093187,3.4939,0.10285
-0.83295,-3.1536,2.2751,-0.22241,-8.0115,0.088843,2.1164,-0.038112
-0.7864,-2.1465,-1.8143,2.21,3.9107,0.10054,1.8314,-0.12495
-0.77535,0.80306,3.6295,0.69856,7.3378,0.49691,-1.7188,-0.18278
-0.76451,1.0138,-2.5624,-1.0777,4.546,0.11362,0.42306,-0.12488
-0.53869,1.1812,-1.4486,-0.3358,2.7105,-0.084269,-1.1371,-0.15822
-0.73217,1.089,-0.97454,-0.0027469,6.3854,-0.11793,-1.3593,-0.098056
-0.74986,1.0713,-0.61281,-2.0719,-4.7402,-0.023617,0.80894,0.18648
4.3245,0.57997,1.31,-1.2942,-8.4391,0.044979,-6.8462,0.071263
-0.71981,-0.71324,-3.2585,-0.41758,0.5075,-0.1168,-0.13061,0.24409
-0.8702,2.4219,-0.91726,-1.3112,1.8272,-0.20929,0.21064,0.25616
-0.7957,2.4756,-0.10562,-0.52371,-1.732,-0.042222,2.8578,0.16
-0.78732,-3.7934,-2.1233,-0.69095,1.7872,-0.010032,2.4108,0.034513
-0.56147,1.3206,1.8416,-0.011411,7.8047,0.58388,4.307,-0.029861
-0.77676,2.3966,4.3449,1.5817,5.6353,0.30018,5.2317,-0.14522
-0.77674,-1.1079,-2.1561,-0.69873,-1.793,0.096948,4.49,-0.23281
-0.7737,-1.3534,0.73619,-0.45151,-4.2401,0.012969,-0.33667,-0.21084
-0.91168,-0.73167,1.6471,0.32262,4.2916,0.10926,0.45056,-0.1554
-0.82837,-1.946,3.614,-0.30835,-4.9123,0.022653,-1.425,-0.093991
-0.7449,0.21345,0.26144,0.22546,1.3887,-0.050905,-3.415,0.048799
4.3355,2.4293,-4.9226,1.8192,6.401,-0.0016182,-3.5276,-0.0052797
4.3094,1.382,-2.0736,-2.4451,3.5103,-0.11242,2.2159,0.18251
-0.70566,-1.0364,-2.062,-0.74295,-5.0612,-0.060563,-0.044387,0.23016
-0.80897,-0.59031,0.51748,-1.6261,1.0415,0.0016034,2.0752,0.08477
-0.79826,1.6051,-1.3563,-0.21555,0.3601,0.002136,3.1924,0.12408
-0.85723,-0.40802,0.049917,1.1475,-4.5715,0.065708,2.9804,-0.015794
-1.0109,-6.5865,3.1212,0.031256,-0.47222,0.044755,9.7785,-0.08652
-0.82479,0.46049,0.36724,0.32947,7.3957,0.55475,-1.121,-0.12828
-0.77248,-0.65149,1.6174,-0.57695,6.7779,0.44547,1.1647,-0.19271
-0.76816,0.30692,1.3272,0.66364,4.0033,0.037265,1.3392,-0.082553
-0.61397,-0.47705,-0.57167,0.42957,4.3206,-0.053337,-2.5337,-0.11913
-0.75116,0.57393,-1.337,-0.60274,5.9368,0.18804,1.0834,-0.030104
4.3424,-0.38294,-0.012229,-2.1646,-7.9002,-0.013965,-0.74977,0.12707
4.3118,-2.0462,-1.99,-0.019299,-3.8869,-0.09385,-1.5423,0.28643
-1.0956,1.7054,0.038816,0.54486,3.6351,-0.28895,-2.71,0.26112
-0.86228,0.68936,-0.49708,-0.028991,1.2207,-0.14676,3.4212,0.18331
-0.80511,-0.39319,-1.1386,-0.055639,-1.8158,-0.064619,1.4909,0.20169
-0.79675,-0.2121,-0.21658,1.4911,7.59,0.56097,0.873,0.019813
-0.674,3.6885,1.9241,1.1095,5.8702,0.32083,4.9139,-0.10531
-0.76704,1.6927,1.3362,0.30517,-0.019365,0.038831,4.2144,-0.19049
-0.78975,-1.4139,1.3015,-0.25948,-4.7128,0.024995,-1.7916,-0.2545
-0.77754,-0.50565,3.8214,1.272,2.6795,-0.0074645,3.3537,-0.15603
-1.0925,-0.19024,3.4274,-1.4145,1.58,0.04136,0.075721,-0.10236
-0.80336,-0.68159,-0.0087278,0.41518,-2.4173,0.013412,3.9512,-0.066465
-0.76729,0.78665,-2.5345,0.97115,4.7037,-0.093555,-3.0717,0.23603
4.3234,2.1193,-2.3904,-2.2897,7.7884,0.11395,-6.5678,0.13476
4.2679,2.3942,-0.31329,-1.7304,-5.2294,0.03045,1.18,0.12498
-0.73219,-3.3036,-1.7227,-1.9592,-2.719,0.0091375,-2.4945,0.21396
-0.80494,1.1394,-1.4657,-0.92447,1.3996,-0.04244,-0.0018682,0.0993
-0.80143,0.73029,-0.70156,0.33959,-1.5157,0.053232,4.3042,0.018474
-0.93112,-3.9463,0.56494,-0.12883,-5.9991,0.073993,2.9154,-0.066952
-0.94347,-3.2462,0.98354,1.7514,6.1325,0.41232,0.59489,-0.17869
-0.75102,1.1324,2.8879,1.157,8.0541,0.67764,0.72016,-0.2124
-0.77478,1.4451,6.7519,-0.83777,5.2718,0.28491,2.3648,-0.15858
-0.76675,0.54561,1.1731,-0.36933,2.8239,0.022634,2.4585,-0.098202
-0.56341,0.60863,-2.4154,0.77358,5.1121,0.074397,2.3467,-0.08226
-0.73862,0.55567,-2.6786,-0.42717,-2.1324,-0.071088,0.55511,0.019399
4.3255,0.64376,0.34963,-3.197,-7.9429,-0.021814,-3.9922,0.033442
4.2955,-0.069373,0.9342,0.76717,4.0292,-0.041997,-2.6078,0.20777
-1.0105,2.5906,1.417,0.43535,5.1812,0.002919,0.62302,0.22761
-0.82149,-0.22964,-0.074754,-0.92092,-0.60387,-0.043011,1.8289,0.062428
-0.80358,-3.4892,-0.8588,0.36449,4.128,0.08652,-3.4128,0.053083
-0.79754,2.6503,1.1177,0.39983,7.1735,0.52562,3.4641,-0.085108
-0.56572,3.8061,1.5825,0.18017,1.7164,0.040134,4.931,-0.12256
-0.8047,-1.7642,-1.189,-0.86704,-6.3447,-0.020377,8.6918,-0.15549
-0.78641,-1.2978,2.0785,1.9152,-1.8277,0.019919,8.6335,-0.20298
-0.7799,-1.4905,0.80662,1.6351,5.4017,0.33323,2.6487,-0.11546
-0.92164,0.06434,3.7205,-0.37468,-1.4428,-0.017726,-2.1648,-0.10499
-0.87115,0.026867,0.93783,0.1123,1.7205,-0.16812,-1.1572,-0.026259
4.4005,2.2994,-1.7432,0.28294,6.2537,-0.041073,0.6227,0.17112
4.316,0.12489,-4.3936,-0.048696,0.47789,-0.086791,-1.3597,0.24849
-0.83138,1.3015,1.1158,-1.3018,-6.6874,-0.016205,-0.95381,0.13875
-0.60184,0.65756,-1.2608,0.32636,-1.3096,-0.093658,3.2835,0.14418
-0.77616,0.5355,-2.711,1.969,-0.75405,-0.073911,-0.10267,0.063596
-0.80178,-0.23825,0.38054,-0.2506,-5.6242,0.047508,3.2891,-0.022827
-0.79805,-6.3825,0.33719,1.0533,4.047,0.17162,2.1718,-0.088637
-0.96111,1.6337,2.5994,-0.050341,7.7725,0.59753,-5.4445,-0.20349
-0.80499,-0.57059,2.6379,0.37674,6.9291,0.51845,2.5446,-0.20171
-0.778,-1.2704,3.093,0.35082,3.3756,0.020034,1.5446,-0.11322
-0.77521,0.86846,-0.88228,-0.081659,2.2535,-0.053292,-0.22361,-0.077563
-0.55274,0.63123,1.269,-1.8085,3.2049,-0.10111,-0.5848,0.093191
-0.70991,-1.0508,1.0999,-0.68206,-7.5975,-0.020171,-5.3201,0.19573
4.3232,-0.64652,0.5715,0.1001,-1.4245,-0.17013,-6.4471,0.087448
4.2932,0.39436,-1.1141,1.3095,5.124,-0.17748,-2.3481,0.20527
-1.0246,1.9158,-0.1111,-1.5145,2.1026,-0.1587,-1.4946,0.19638
-0.91387,-2.5271,-4.5657,0.50262,-1.9767,-0.10665,-0.21906,0.061503
-0.8011,-0.60013,0.78927,-0.81388,6.7022,0.41445,0.32687,-0.045072
-0.79287,2.3288,-0.37514,1.2092,3.9064,0.080076,1.4723,-0.16362
-0.61383,-0.10347,0.4045,1.0254,-5.1711,0.00028779,3.471,-0.15513
-0.64867,-1.6122,0.39699,-1.9422,-7.653,-0.018438,6.6843,-0.18292
-0.77957,-0.18814,1.2154,3.4609,4.5569,0.21732,0.063121,-0.13558
-0.77551,0.55087,3.5736,-0.28964,3.9691,0.14029,1.1011,-0.054564
-0.92702,-0.99096,1.3392,0.29524,-1.329,-0.067012,1.5653,-0.039669
-0.82836,0.58843,-1.3421,0.036908,4.9673,-0.24326,-3.4953,0.11429
4.3396,3.6206,0.36281,-2.8221,6.1972,0.11221,1.4201,0.12812
4.3088,-0.32627,-1.4639,-1.4904,-7.3955,-0.011475,3.7709,0.2252
-0.80783,0.75858,-0.030158,-0.2254,-5.3869,-0.069541,-2.0729,0.044905
-0.64121,-0.81071,-3.7376,1.3172,-1.8608,-0.2245,0.93441,0.065422
-0.79898,-0.68632,-1.4723,1.6792,-3.5048,-0.079065,2.2177,0.069194
-0.79849,-4.1972,-2.1513,0.39252,-2.8559,0.013386,2.1642,-0.13546
-0.79117,-1.965,0.024446,2.3228,7.2277,0.5671,-0.63197,-0.11974
-0.84831,-0.063413,5.6447,0.41068,7.1212,0.58637,-1.0235,-0.16946
-0.78434,-3.541,4.5772,0.22039,5.0294,0.29161,3.46,-0.147
-0.76467,-1.6718,3.2017,-0.053668,0.26431,-0.0097363,-0.37351,-0.056827
-0.76494,0.37836,-3.1899,0.16081,5.0464,0.22442,-0.35524,-0.094137
-0.4388,0.19224,0.14781,-0.66462,-5.697,-0.043146,2.1583,0.010929
4.579,0.076445,0.023733,-0.91966,-5.4099,-0.082498,-3.3652,0.15849
4.3184,0.6801,-0.39732,0.13071,4.9789,-0.029213,-1.9702,0.27896
-0.79215,2.8016,-1.7532,-1.0603,6.6285,0.054638,-2.3492,0.22525
-1.0888,-2.5133,-5.4802,-0.0019441,-3.9149,-0.12478,1.6856,0.096039
-0.9196,0.72767,0.54022,0.52255,3.8741,0.060253,0.17788,0.023853
-0.81139,-0.65751,-0.49047,-0.29788,5.3128,0.25389,3.4143,-0.11986
-0.79187,1.7306,-1.0053,0.012148,-1.0604,-0.015743,4.0413,-0.1533
-0.58046,-3.2327,-0.65556,-0.042408,-8.028,0.0070711,-1.2651,-0.17771
-0.72837,-2.5316,3.5896,2.4047,3.2408,0.095941,4.2698,-0.20122
-0.72883,-0.43549,0.16504,1.2806,5.97,0.39765,-3.2149,-0.091947
-0.77492,0.69305,-0.83904,-0.81483,3.632,0.098058,-0.33139,0.0031898
-0.86454,-0.2616,-0.61157,-1.1372,3.6992,-0.16761,0.47761,-0.014382
-0.95779,2.838,-1.1884,-1.1058,7.2566,0.11413,-3.3605,0.14579
4.3297,2.3895,-1.6747,-2.7327,-6.5342,-0.12569,2.0604,0.082045
4.2968,0.11124,0.97049,-0.52578,-7.3386,-0.10747,-2.0799,0.21009
-0.80807,2.19,-2.1281,0.44345,-1.8487,-0.20723,-0.82699,-0.0037951
-0.6465,3.7353,-4.0843,0.15611,-0.42314,-0.22903,3.3521,0.0092013
-0.77501,-1.0577,-0.30588,0.84476,-5.314,-0.019202,4.7565,-0.085108
-0.79218,-4.6334,-2.7604,1.2517,4.9317,0.24498,1.5915,-0.1901
-0.78666,1.2332,1.3308,-0.8227,6.8826,0.54726,2.6361,-0.15143
-1.0389,-0.32372,5.2332,0.42066,5.2363,0.29624,3.8165,-0.14495
-0.83331,-0.83366,-0.20843,-0.95225,-0.47882,-0.04303,4.9643,-0.14717
-0.76535,0.27043,-0.57709,0.095832,0.79131,-0.0070089,1.9056,-0.063277
-0.76147,1.3912,0.036189,-0.2537,1.994,-0.075978,2.7103,-0.024434
-0.65181,-1.3231,0.99096,-0.25145,-7.8046,-0.091771,-0.21892,0.14345
4.3176,1.3091,-0.62448,-0.72564,2.6595,-0.11428,-2.4807,0.21001
4.3151,-0.42969,-5.118,0.55824,5.5517,-0.30684,-2.0104,0.41153
-0.80938,1.3019,-3.7329,-1.2796,1.1028,-0.17927,-0.79672,0.17796
-0.90905,-2.1923,-1.3021,-1.3891,-5.0709,-0.081054,0.60101,0.052888
-0.88994,-0.63446,0.91731,-0.1141,5.0024,0.19022,0.13104,-0.047311
-0.79708,2.7216,1.5327,-0.76464,0.27184,-0.04013,2.1587,-0.13707
-0.78234,-1.3979,0.10804,0.39094,-6.4581,-0.024529,2.9636,-0.18735
-0.77811,-4.8542,0.67972,1.4258,-3.0735,-0.0062966,4.5586,-0.17844
-0.65068,-0.43869,0.45667,1.9963,5.8692,0.35077,3.072,-0.15245
-0.70979,0.12729,-0.41628,-0.34506,4.2189,0.17189,-0.55251,-0.07693
-0.76601,0.94352,-0.37251,-1.0977,2.6261,-0.10242,0.28873,0.00075606
-0.75538,1.8123,1.1939,-0.47165,4.193,-0.43692,-5.5446,-0.026624
-0.87591,1.4924,-1.497,-0.48329,3.4838,-0.14978,-1.8326,0.27113
4.3264,-1.8111,-5.2906,-2.2044,-9.3454,-0.090244,-0.44763,0.27044
4.3627,0.44439,-2.1685,-0.31583,-3.8321,-0.12184,-2.2707,0.124
-0.7993,2.6714,-3.4883,-1.295,-0.51718,-0.34141,-2.263,0.020932
-0.53824,2.031,0.41196,1.5277,-1.2887,-0.16566,-0.057295,-0.01263
-0.75646,-3.203,-1.1601,-0.20142,-4.1094,-0.048832,3.779,-0.16029
-0.78636,-0.062341,2.2293,0.52293,6.649,0.44577,0.30293,-0.2923
-0.78217,3.1894,2.437,0.74534,5.9577,0.45669,5.1294,-0.1866
-0.98266,-0.13807,1.4774,-0.47216,0.79319,-0.020967,4.8396,-0.15432
-0.82588,0.9605,0.93433,0.0092832,-6.5457,-0.02485,1.5864,-0.057022
-0.74867,-0.14234,-1.3982,0.91663,3.5022,0.12727,0.67657,0.073989
-0.75747,-0.9162,2.3709,-0.66753,-6.1009,0.0040356,-0.71032,0.079611
-0.49832,0.82266,1.5516,-0.83369,-4.3515,-0.075439,-3.5771,0.14588
4.3267,2.7486,-2.4045,1.1653,4.81,-0.18593,-2.934,0.078589
4.2917,1.5198,-4.695,-0.99327,5.9979,-0.074258,-4.6765,0.21181
-0.81644,-0.42256,-3.3495,-0.19049,-6.0388,-0.087837,1.7151,0.077907
-0.91533,-0.93078,-0.42247,-2.0296,-0.64071,-0.15222,1.3537,-0.028766
-0.90331,1.4216,-2.0084,0.25423,2.782,-0.089852,0.3641,-0.14335
-0.84236,1.8377,-0.66647,-0.038567,-3.6751,0.0057876,3.6432,-0.24783
-0.78992,-4.9274,2.0819,-0.035587,-7.5856,0.034487,1.9991,-0.14919
-0.78511,-1.1976,-0.81496,2.4501,3.9906,0.16422,-0.20264,-0.1047
-0.61754,-0.48407,1.2757,-1.8594,6.0045,0.429,2.0948,-0.090292
-0.71032,0.30711,-0.88193,-0.33671,3.5979,0.076252,-0.0026645,0.0024597
-0.77217,1.2603,0.46584,0.47894,1.8707,-0.19973,0.39605,0.0050152
-0.7619,1.4672,-2.3369,0.87135,6.2639,-0.099228,-1.8767,-0.0017021
4.3353,2.5751,-3.4254,-0.38955,-6.6702,-0.074938,-3.826,0.22021
4.3088,-2.0252,-0.80373,-3.3633,-9.9402,-0.10858,-4.2438,0.39262
-0.82037,1.4935,-3.069,0.42096,-0.1788,-0.27162,0.60273,0.10629
-0.81237,1.7308,2.3913,-1.0859,1.4901,-0.45693,-2.6659,-0.02823
-0.54169,-0.27487,-0.025829,1.6013,-4.805,-0.094017,3.389,-0.12996
-0.75458,-3.2418,0.2099,0.041513,4.9532,0.27139,-3.9885,-0.28908
-0.79135,2.4371,0.81883,0.085947,6.2766,0.4894,1.8295,-0.20909
-0.79133,0.67773,0.32302,-0.32912,3.7673,0.12969,3.5248,-0.17066
-0.93889,-2.5151,-1.6854,0.56568,-5.0141,-0.039007,4.0156,-0.014163
-0.84205,-0.92868,0.34268,1.7683,-2.0893,-0.03103,0.32413,0.063718
-0.77886,-0.91646,-0.18008,0.84877,1.4289,-0.03558,1.8504,0.1194
-0.7645,-1.5438,0.90886,-0.18526,-5.6796,-0.017752,-3.8772,0.15868
-0.65492,1.9177,-0.67693,-0.14932,2.1077,-0.24119,-3.4393,0.23121
4.3097,2.0165,-4.3542,-0.32424,5.2949,-0.63536,-2.9118,0.13617
4.2932,2.0853,-3.6962,-0.47983,-0.060456,-0.14194,-2.6584,0.13165
-0.82076,-2.3262,-1.1301,-1.2883,-7.4199,-0.0773,0.16007,0.036533
-0.9774,1.3784,0.62661,-0.87996,2.8274,-0.11415,0.89057,-0.084573
-0.86969,2.0979,-1.5141,0.51489,-1.0693,-0.034136,2.1565,-0.19563
-0.76432,-0.76559,1.4303,-0.12842,-7.6495,-0.0052762,3.1404,-0.24007
-0.7892,-7.4202,1.2343,0.72703,2.4414,-0.064022,-0.02981,-0.17779
-0.78315,-1.5223,2.4295,1.7449,6.5142,0.40306,-1.7801,-0.072963
-0.52654,-2.5625,3.6038,0.68357,4.6041,0.25878,0.95748,0.011173
-0.7417,-0.081665,1.9313,1.3541,2.7008,-0.079726,-0.62733,0.091439
-0.7749,1.2249,0.18948,-0.14456,3.4607,-0.28079,-3.1156,0.058899
-0.76931,0.77578,-2.3496,-0.59685,1.5832,-0.26414,-3.3803,0.14065
4.3219,2.2345,1.1889,-2.2211,-10.379,-0.061532,-4.1151,0.079854
4.2887,-2.3539,1.2,-0.79132,-2.2892,-0.2156,-7.6539,0.16
-0.81445,4.7624,0.043281,-0.98759,0.76014,-0.62526,-2.8114,0.034756
-0.81172,-0.0031428,1.2924,0.32787,-1.6378,-0.36322,3.112,-0.057704
-0.60102,-2.499,-2.3676,-0.30807,-4.6503,-0.094107,-1.5558,-0.15325
-0.71061,-1.8574,1.4285,0.92518,6.0609,0.41257,4.0311,-0.2443
-0.78844,1.4618,1.5634,1.3513,3.5532,0.1101,1.5871,-0.20441
-0.79346,0.34542,-1.9744,-0.63985,-2.9593,0.029391,5.8732,-0.1367
-0.91202,-1.3129,2.6799,-0.3874,-8.4235,-0.017392,-1.2306,-0.019225
-0.89158,-0.182,1.4925,1.1352,3.0589,0.046622,-0.36349,0.10594
-0.72125,0.36064,4.1008,-1.0482,-3.7077,0.023641,-0.081442,0.020324
-0.76563,-0.52183,0.49989,0.25694,-3.4394,-0.066717,-0.27669,0.059435
-0.57298,2.6171,-2.7873,1.4185,4.1443,-0.53319,-5.0375,0.20176
4.306,1.5115,-1.663,-1.8579,4.6933,-0.20985,0.9192,0.18327
-0.77401,2.8402,0.56777,-1.0606,-7.0115,-0.046464,-1.1829,0.080438
-0.81263,-1.1168,1.6649,-1.2458,-2.8215,-0.0275,-1.6699,-0.062693
-0.96968,1.9933,-0.31709,0.61106,-0.17731,-0.12218,1.5683,-0.10723
-0.95966,1.1651,-0.81079,1.128,-5.9937,0.029032,3.9093,-0.26905
-0.87185,-6.7724,-0.010931,-0.55496,-6.1837,0.02255,6.2181,-0.17633
-0.78576,-0.70282,-1.1687,0.36841,4.7732,0.27093,-1.0715,-0.10859
-0.77751,2.2212,3.4738,-1.2585,6.0062,0.34326,0.11127,-0.049891
-0.49324,-1.1324,7.0004,1.0402,2.309,-0.013337,2.5461,0.046609
-0.76015,-0.015056,2.0448,1.6595,0.50588,-0.052008,-0.32405,0.11488
-0.77109,-0.32191,-1.0305,0.13802,4.2857,-0.050706,1.3122,0.24942
-0.76744,1.4535,-0.50585,-1.6227,-8.6489,-0.086175,-0.29823,0.14269
4.3179,1.7469,-0.41272,-1.8369,-10.58,-0.099453,-2.3308,0.06676
4.2844,1.9099,0.64203,0.062356,1.6915,-0.59893,-2.5985,0.094725
-0.81252,1.9561,1.7826,0.19065,1.9892,-0.58188,-2.5333,-0.046435
-0.79806,-1.8814,0.29909,-0.82955,-3.565,-0.1275,0.93962,-0.094429
-0.73792,-4.0767,-1.7649,1.8261,4.0249,0.042926,0.75824,-0.18674
-0.75002,2.4496,1.3723,-1.296,4.4352,0.21631,2.4711,-0.22001
-0.80224,0.58626,-0.1053,-0.24505,-2.2632,-0.016539,1.5893,-0.056925
-0.78635,-2.7988,-1.4131,-1.3283,-8.9934,-0.002722,2.3602,-0.088053
-0.9295,-0.40973,3.7808,1.1584,-3.2846,0.035975,2.4959,0.081217
-0.82203,-0.12538,-1.0424,0.60661,3.4629,0.028281,0.99883,0.21089
-0.74663,0.7073,1.1491,-0.6787,-5.6596,-0.026922,-3.3979,0.068245
-0.75513,1.1513,-1.3615,-0.39276,0.34071,-0.30255,-2.4312,0.16345
4.336,3.9698,-1.098,-0.44162,5.8087,-0.47366,-2.658,0.090465
4.3019,1.9574,-0.8188,-3.9859,-6.9514,-0.083454,2.7228,0.11439
-0.77024,0.12374,0.60879,-0.19949,-8.1516,-0.057547,-4.1138,-0.022292
-0.80183,-1.7027,-1.1476,-0.86247,-1.5533,-0.13037,-0.49953,-0.11828
-0.80066,2.017,0.77322,-0.72266,-4.1344,-0.08914,1.8751,-0.13795
-0.85084,-0.27152,1.2967,0.54319,-8.5585,0.06891,5.2295,-0.20836
-0.77936,-7.5471,-2.1129,-1.8363,3.7745,0.11457,-0.58821,-0.17864
-0.7707,0.91716,5.0036,-2.6077,6.3282,0.40642,0.95008,-0.073328
-0.77017,0.63976,5.1264,-0.85564,5.1224,0.29861,1.4547,0.01733
-0.50297,-0.64893,3.8012,0.11432,0.04615,0.026908,1.2451,0.1269
-0.71173,1.2975,0.83333,0.46198,1.722,-0.045976,-2.5079,0.11806
-0.76372,1.9291,0.51682,-0.78066,0.021732,-0.023001,0.23931,0.087131
-0.75777,0.69428,1.1087,-1.1461,-8.6022,0.022935,-3.6707,0.13527
4.3096,-1.2762,1.6048,0.98236,1.5212,-0.10419,-4.6284,0.11505
-0.94203,2.3961,0.36674,0.99816,3.7286,-0.57443,-4.4705,-0.016597
-0.80074,-1.2426,-3.7257,-1.6334,-2.5636,-0.17891,2.3632,-0.10433
-0.79834,-2.871,-1.505,2.6984,-1.3383,-0.051386,-1.4483,-0.14233
-0.59006,-0.26037,0.81921,0.75465,5.5247,0.2564,0.54135,-0.16623
-0.62983,2.2153,0.46362,1.0288,0.81519,-0.0047499,1.5589,-0.19322
-0.73285,-0.61508,-1.0397,-0.89627,-6.223,0.054041,1.6108,-0.061403
-0.78337,-2.075,-0.69954,-0.25623,-5.4241,0.056852,6.6687,0.05778
-1.0292,-0.83818,0.83139,2.0184,3.3835,0.042277,5.8078,0.1849
-0.86717,0.92191,2.7581,-0.6999,1.5509,0.033761,2.3375,0.18555
-0.78595,-2.3164,1.5775,0.56615,-2.1618,-0.092137,-2.1449,0.1894
-0.75367,1.9818,-2.3641,0.8097,5.7739,-0.16028,-4.0055,0.13994
4.32,4.5958,-2.1145,-2.5681,3.3359,-0.11604,-2.5313,-0.022146
4.2907,0.52249,-5.9769,-0.65552,-8.2451,-0.014466,0.29442,0.018669
-0.74864,1.8705,1.7494,-1.0309,-6.0302,-0.027686,0.29216,-0.090827
-0.79879,-1.7165,-1.7325,1.5351,-1.2283,-0.16661,-0.74656,-0.12468
-0.79457,2.1249,0.26323,0.025822,-5.055,0.06617,-0.17984,-0.11809
-0.96325,-6.964,-0.99685,-0.34536,-1.5752,0.072254,2.2677,-0.17343
-0.78571,-0.26248,0.60811,0.1724,6.9547,0.54193,2.6295,-0.092774
-0.77404,1.8232,4.6186,-0.75284,5.6854,0.39949,2.4779,-0.052812
-0.76585,-3.1316,4.6789,-0.65279,2.5672,0.082368,0.63041,0.068148
-0.62475,1.1317,1.6823,-1.2741,0.18133,0.046827,-3.752,0.1416
-0.64979,1.3257,1.0131,-0.13785,4.2759,0.16327,-0.78344,0.066468
-0.76227,-0.80287,2.2702,-1.4119,-7.7151,0.020477,-1.8696,0.18721
4.3664,2.295,0.66619,-0.69109,-4.3849,0.035071,-1.0348,0.12875
4.3024,-0.40277,-1.4474,0.77222,5.0964,-0.075657,1.3561,0.075717
-0.91045,3.2231,-2.2634,-1.2683,4.6422,-0.07051,-0.94534,-0.066733
-0.78185,-4.27,-3.4087,0.1283,-3.5175,-0.075599,0.044286,-0.15866
-0.78862,-1.3171,0.99198,-0.87349,4.8156,0.15121,-1.2875,-0.18774
-0.76442,0.66839,-1.16,0.27082,4.5423,0.20163,2.2249,-0.18633
-0.65184,1.1328,-1.8258,0.80426,-2.4961,0.011204,4.1137,-0.15756
-0.72109,-6.7012,0.27343,-1.3275,-7.9733,0.03604,-2.3648,0.027771
-0.77868,-1.291,1.1089,2.1573,4.1631,0.17493,-3.7794,0.15109
-0.83706,-0.74967,-0.23638,-0.016595,5.3404,0.32049,-5.9935,0.098059
-0.92473,0.63511,-0.13517,0.65401,2.827,0.0074497,-0.62011,0.22201
-0.72434,1.4246,-0.72366,-1.5686,2.7894,-0.24711,-0.76796,0.10088
-0.74503,2.8058,-0.59436,-1.0518,7.4926,0.16657,-2.7407,0.14021
4.32,2.1848,-4.2638,-2.8127,-6.1611,-0.011957,-1.1223,-0.017789
4.2767,-1.5379,-3.2724,-1.4097,-7.117,0.0055245,-4.5149,-0.05875
-0.76673,0.52529,-2.3663,0.66791,-2.6776,-0.18032,-0.077389,-0.19908
-0.78923,0.4741,-2.024,1.3838,-0.92925,-0.12797,3.6951,-0.19901
-0.78637,-2.1119,-0.63516,1.5473,-6.95,0.038356,6.096,-0.16124
-0.95513,-5.5512,-1.1096,1.5283,5.6619,0.37371,-0.2437,-0.13098
-0.78981,0.86551,2.3873,1.1982,6.9979,0.53815,0.3454,-0.017181
-0.75633,-0.76558,6.5164,-1.188,4.6755,0.21675,3.4841,0.067637
-0.76065,-2.0579,0.78181,1.1886,-1.8112,0.028435,3.9324,0.070971
-0.49008,0.83529,-0.56471,0.91137,3.6738,0.11872,0.4051,0.22858
-0.60072,1.7119,0.24299,-1.6242,-0.2516,0.0032013,1.6706,0.070508
-0.75603,-0.37936,1.596,0.091181,-7.3381,-0.0097428,0.097138,0.088153
4.3317,2.3775,0.14504,0.28124,4.0166,0.019187,-5.3158,0.011878
4.2967,-0.22943,-2.7538,0.68568,6.2243,-0.083082,-1.9975,-0.045875
-0.9054,2.0126,-3.0844,-0.57776,-0.66769,-0.064972,-3.4939,-0.14111
-0.79004,-2.6578,2.379,0.25347,-2.2532,-0.098708,0.06594,-0.14997
-0.78458,-1.2398,2.4875,-3.0306,6.445,0.43738,-1.6098,-0.1589
-0.71479,2.1556,0.33621,0.60415,-0.19157,0.032901,3.4337,-0.062279
-0.55602,-0.7608,-1.3833,1.6452,-7.8161,0.069494,4.4817,-0.12962
-0.68364,-3.0159,-1.7375,3.5804,0.013582,0.017275,5.863,-0.01942
-0.77137,2.552,-0.16547,-0.2638,6.6816,0.48297,-2.9559,0.18609
-0.73513,1.7051,-1.3058,-0.12244,4.9753,0.25717,-1.6772,0.09453
-0.86392,0.7814,0.29297,0.14686,1.8773,-0.11245,-3.9907,0.070849
-0.7964,2.069,-1.3707,-0.23718,5.1457,-0.32461,-5.0419,0.072601
-0.77951,2.8028,-1.9746,-1.2936,1.6097,-0.1564,-3.1302,0.080682
4.3125,-1.8841,-2.2415,-2.4514,-8.2448,-0.031376,-1.6079,-0.035532
-0.64449,-0.008274,-4.3405,-1.2797,-1.5924,-0.061461,-3.2105,-0.13033
-0.69517,2.7447,-0.83643,-0.83884,0.2089,-0.28356,-0.89044,-0.17195
-0.78587,-0.31033,0.74344,0.77038,-2.0793,-0.064016,2.1168,-0.20105
-0.7824,-7.1882,-2.1771,0.29903,-1.4045,-0.033186,2.4794,-0.13799
-1.0364,-0.54653,3.2612,0.7725,7.3928,0.58445,0.24098,-0.051765
-0.77866,2.8237,2.8276,2.0648,5.8403,0.41687,4.519,0.06771
-0.75785,-1.2136,-1.1726,-1.5108,0.39458,-0.0022343,6.1033,0.21162
-0.75022,-0.44053,0.69202,-0.74385,-5.4356,-0.031575,1.0249,0.14608
-0.69166,2.5212,-0.69154,-0.066443,3.7941,0.095555,-2.3608,0.18336
-0.66016,-0.49771,2.6253,-0.65334,-5.9373,0.017756,-3.1828,0.14897
4.3333,0.90537,0.0026877,-0.9602,-1.5931,0.0023863,-3.6197,0.090441
4.2959,1.4274,-2.798,2.3477,5.9634,0.080372,-0.27715,-0.034558
4.2558,2.7464,-1.5589,-1.1157,5.1928,0.11516,1.0537,-0.12176
-0.88229,-0.64787,-4.0269,-0.81894,-6.1079,-0.089031,-0.018931,-0.19738
-0.79749,-2.7065,1.8968,-1.9505,3.1448,-0.069759,-1.711,-0.16596
-0.80201,0.88203,-1.1991,-0.2324,1.8403,-0.020787,1.9103,-0.08927
-0.80377,-0.1356,-1.2308,1.2653,-3.2489,0.070829,5.8543,-0.034242
-0.65078,-8.0687,-1.9934,-0.93974,-5.313,-0.015692,8.8024,0.13104
-0.73719,-0.64741,-1.6267,1.6703,5.2282,0.30033,0.057175,0.0405
-0.79322,0.81569,1.9709,1.0003,6.1646,0.42724,2.2646,0.27008
-0.78045,2.3102,-0.1159,-0.98953,4.5056,0.19983,0.7333,0.060919
-0.93343,0.44225,-1.052,1.144,2.65,-0.21444,-2.2995,0.076496
-0.79314,2.6633,-1.5987,-0.88397,6.4247,0.13477,2.683,0.11076
4.3086,1.5786,-0.45871,-1.6227,-7.6479,0.0041319,2.1454,-0.0088574
4.277,-1.9964,-0.74217,-1.3281,-6.4008,-0.044641,-1.0481,-0.077782
-0.72843,2.2565,-0.09675,0.64156,1.6523,-0.26487,-2.0721,-0.19188
-0.68955,-0.82867,1.912,-1.1383,1.9078,-0.20541,0.31025,-0.11959
-0.81255,-3.0078,-0.1523,-0.15452,-1.7773,0.013655,0.91089,-0.0707
-0.81211,-3.0835,-0.64751,1.2357,6.7956,0.52022,2.4402,-0.039353
-0.93135,2.0369,1.4889,1.4863,6.2956,0.47901,3.9458,0.022173
-0.8676,1.3117,1.3517,0.087508,2.5051,-0.004121,1.9667,0.061065
-0.78919,-2.2413,2.4715,-0.80881,-6.3264,0.020227,3.0952,0.26857
-0.77965,-0.50665,-1.4979,1.6469,2.6278,0.011268,2.681,0.19736
-0.55055,2.571,-0.39881,-1.3241,-0.20238,-0.014389,0.91771,0.043177
-0.6664,0.35996,-0.977,-0.41861,-2.9073,0.013829,-2.8471,0.049992
-0.76092,3.5982,-0.066589,-1.039,4.1416,-0.068848,-2.074,0.018644
4.2895,0.27173,-1.5107,1.3362,7.663,0.27408,-8.0771,-0.067025
-0.88232,1.7928,-1.8293,-1.7581,-4.0058,-0.014254,1.7817,-0.19037
-1.0705,-2.4622,-1.6546,-1.8155,-3.5198,-0.083018,-0.64801,-0.18893
-0.8542,0.097355,-1.7706,-0.30466,3.8076,0.046904,5.3883,-0.18441
-0.80123,1.2361,-0.43068,-0.37349,-2.8881,0.025862,4.978,0.030594
-0.79576,-3.7902,0.94284,-0.1889,-5.7248,-0.023528,5.1248,-0.052714
-0.62254,-2.0003,-0.44195,2.9391,4.3361,0.22993,4.7597,0.11471
-0.73093,0.97578,0.99152,-1.0829,7.2129,0.61817,-1.61,0.25382
-0.78963,1.6364,-0.68851,-1.4919,5.2486,0.33216,-0.93224,0.35453
-0.78115,2.4437,1.9161,-1.0796,3.4434,0.060157,2.1852,0.11171
-0.93801,0.96508,0.43445,-0.25572,5.2809,0.14588,0.33987,0.13208
-0.80485,3.4428,-2.6581,-2.1382,-0.025306,-0.06116,0.049423,0.035705
4.3006,1.8759,1.6673,-0.71068,-7.4787,-0.087946,-6.072,-0.056292
4.2707,-0.46687,2.5908,-0.38041,1.9055,-0.21388,0.16854,-0.13417
-0.81681,4.8152,3.1638,-1.0134,3.3219,-0.35395,-0.067211,-0.21921
-0.76524,-1.4002,0.78637,-0.58912,-0.3966,-0.11697,0.94055,-0.15656
-0.81093,-3.9752,-1.487,0.46581,3.0575,0.054997,-0.0086176,-0.051741
-0.81225,-0.76461,0.28762,-0.49919,6.7787,0.55925,3.6919,0.085282
-0.90838,1.8299,0.39832,1.7474,3.4434,0.11961,2.8958,0.11295
-0.84111,-1.9636,-3.7107,-0.16486,-3.3813,-0.039822,4.6645,0.036703
-0.68575,-2.0733,1.6228,0.36961,-5.6554,-0.045899,8.1817,0.28186
-0.77324,0.50088,0.87309,1.243,5.0688,0.33397,0.48975,0.1757
-0.65937,-0.57852,2.4229,-0.89052,-3.8601,-0.066422,1.594,0.042033
-0.65556,1.177,-0.4028,-0.76219,-0.041991,-0.092252,-1.8986,0.052693
4.3212,3.675,-1.9517,1.5406,5.7297,-0.10955,-2.9358,-0.033585
4.2859,-1.7853,-3.2791,-3.0507,2.5541,-0.1019,-1.2677,-0.14788
-0.80163,0.77192,-0.38756,-1.8181,-7.903,-0.073398,3.1332,-0.14661
-0.95605,-1.1804,-1.1508,0.37017,-0.43167,-0.046053,3.6556,-0.19886
-0.76376,-0.00088229,-2.4758,0.78861,0.65036,-0.091123,1.3538,-0.047457
-0.79142,1.2327,-0.67708,0.35426,-4.9519,0.0089899,1.1258,-0.01555
-0.7907,-8.4004,0.8871,-0.44324,2.3126,-0.036902,2.755,-0.0045253
-0.59895,1.0968,0.73361,0.13596,6.5094,0.51716,-2.8937,0.20067
-0.70797,-1.1387,1.0255,0.75778,6.5107,0.47374,3.45,0.37084
-0.7936,-1.1409,0.77938,-0.38005,3.8492,0.13552,2.1922,0.18336
-0.78225,1.7677,4.4539,0.2727,2.183,-0.10482,0.48355,0.09969
-0.93957,0.68565,2.0628,-0.86753,5.0151,0.22023,-1.6421,0.026262
-0.80778,1.7325,1.7219,-2.0046,-8.5211,-0.069381,-1.8351,-0.060283
4.3028,-1.0324,-0.51017,1.441,-5.0948,-0.12356,-5.1653,-0.14109
4.2084,3.0289,-2.0687,0.26246,3.3051,-0.43678,-2.3466,-0.16202
-0.52172,0.27704,1.2601,-0.26061,0.37433,-0.27331,1.9196,-0.18489
-0.64947,-3.8766,-4.6103,0.49939,-2.0373,-0.093029,0.68728,-0.14267
-0.83535,-3.0591,-0.85933,-0.27587,6.0737,0.44642,1.718,0.027041
-0.7991,-1.2955,-1.776,0.22169,4.7248,0.26167,3.9047,0.057828
-0.85415,0.58516,-1.2828,0.87969,-1.5223,-0.036947,4.5524,0.14693
-0.90016,-2.3554,2.0988,0.32181,-6.7853,-0.070343,-1.562,0.20149
-0.78151,-0.23525,5.8299,1.7241,1.134,-0.06125,2.3571,0.20366
-0.7678,1.911,-0.4909,-0.77024,4.5369,0.27275,-0.76861,0.14255
-0.76534,0.48823,0.83145,0.5085,-3.9,-0.081195,-0.1796,0.020153
-0.65545,2.6464,-0.88911,1.1066,3.0781,-0.32542,-2.3714,-0.015502
4.309,2.3736,-1.8785,0.21624,7.2691,0.11368,-6.8897,-0.078829
4.2805,0.018968,0.70109,-0.46093,-5.1724,-0.037832,0.02563,-0.20264
-0.82003,-0.77125,-0.59918,-0.85433,-5.4344,-0.092156,-0.78813,-0.11254
-0.88315,-1.2427,-1.2529,0.93872,0.35839,-0.19629,-1.6131,-0.13722
-0.84875,1.6588,-0.22077,-0.89753,-2.7622,-0.013093,3.3212,-0.046313
-0.79118,-4.1464,0.27019,0.26177,-6.3699,0.026972,6.6046,0.172
-0.78242,-2.4063,-0.053895,0.25607,5.2295,0.38422,0.26878,0.026433
-0.51313,2.8609,3.888,1.181,6.7624,0.56744,3.1009,0.086936
-0.70232,2.6889,6.1719,0.68482,5.2727,0.39225,3.309,0.23988
-0.78546,-0.25402,2.4876,0.1279,2.9503,0.05467,2.5122,0.14279
-0.77949,2.2242,1.0028,0.64285,2.3402,-0.10013,4.216,0.015456
-0.95889,1.1897,0.10072,-0.72298,-0.1081,-0.10754,0.047214,-0.023022
4.2077,1.8118,2.0555,-1.6332,-8.3979,-0.12486,-3.6448,-0.1027
4.2963,-1.0547,0.25718,-0.41919,3.0691,-0.13824,-2.1423,-0.20531
-0.8092,2.6579,0.21452,-0.70206,4.5665,-0.25342,-1.3985,-0.16058
-0.65331,-1.9028,-3.0714,-0.74772,-2.6595,-0.14823,2.873,-0.14186
-0.6588,-4.1128,-4.4072,2.1161,2.2082,-0.17067,2.6502,-0.048796
-0.79759,-2.7004,-0.60212,0.038488,5.9729,0.44455,5.273,0.15423
-0.79733,1.937,-1.1718,0.55763,1.8695,0.0042153,3.7456,0.10918
-0.89385,-0.5231,-3.7421,-0.70418,-6.6075,-0.037434,3.1538,0.20631
-0.8805,-0.90411,-1.9244,-1.4322,-3.292,-0.067802,8.2347,0.33964
-0.73825,-0.82572,3.3144,1.5773,4.4551,0.25383,6.5933,0.19833
-0.76094,1.316,3.0471,-0.34981,1.596,-0.056667,5.1156,0.091926
-0.75708,-0.74019,1.9728,0.37847,-0.28065,-0.12933,-2.2147,-0.0098309
-0.57339,2.4099,-2.9986,1.2664,5.859,-0.19272,-1.8417,-0.10567
4.3072,2.455,-2.2905,-1.3381,-0.47631,-0.20162,-1.4344,-0.11777
4.2904,1.0556,-0.31672,-1.425,-7.8196,-0.08649,0.054657,-0.23659
-0.81247,1.5699,0.41584,0.82585,-3.4611,-0.083794,4.2813,-0.12772
-0.91304,-1.6461,-1.9221,1.0375,-0.37427,-0.2609,-1.1577,-0.10105
-0.79754,0.32259,0.59237,-0.35406,-5.0732,-0.050943,1.1313,0.08516
-0.77382,-9.3437,-1.7289,-0.078357,1.392,-0.10506,3.6051,0.36466
-0.77775,0.76601,1.0364,-0.11716,6.9466,0.54228,-3.1351,0.14252
-0.62986,3.0189,3.3004,0.72804,5.2336,0.41236,4.4794,0.15649
-0.69191,-1.3491,3.2311,-1.0908,1.6613,-0.0046794,1.8877,0.23579
-0.77464,2.6645,3.1359,-0.70095,0.59655,-0.030041,0.3155,0.12077
-0.77049,1.5786,2.5697,-0.34572,3.4263,0.071394,-2.1083,-0.015867
-1.0336,0.11988,4.1816,-2.5207,-8.6784,-0.055974,-2.6436,-0.080313
4.3236,2.6562,0.92314,-0.44432,-1.1681,-0.15364,-2.1331,-0.12237
4.2997,-1.4565,-1.1354,-0.20436,4.3966,-0.22284,-3.9745,-0.19989
-0.80068,1.2368,-1.4639,0.042149,1.8824,-0.25995,0.94695,-0.17659
-0.43337,-4.1988,-1.7067,0.26281,-3.8419,-0.15275,-3.4587,-0.061233
-0.55572,-3.0094,-0.74608,0.60526,4.8128,0.19148,-0.58329,-0.033147
-0.75221,0.33516,0.0048205,1.4178,2.1602,-0.019799,1.2983,0.27178
-0.78932,-1.1864,-2.132,0.50719,-3.7757,-0.065601,3.7626,0.18261
-0.87804,-3.4422,-0.51075,0.091657,-7.7317,-0.016577,1.375,0.049967
-0.96231,-1.1011,3.1994,4.5376,3.7883,0.14346,0.59206,0.24243
-0.81302,2.2185,1.581,-1.0165,4.6246,0.28322,-2.0434,0.13644
-0.75553,1.234,1.8729,-0.093059,1.3574,-0.087369,-1.9797,-0.00014444
-0.74617,1.7907,-0.33465,0.16522,2.0949,-0.62616,-2.9856,-0.05544
-0.38038,2.583,-1.6866,-0.97863,5.1132,-0.17785,0.74624,-0.14191
4.3121,0.35823,-1.5951,-2.0677,-9.7071,-0.061455,3.9238,-0.20974
-0.80267,-0.96425,-2.5054,-1.1239,-6.7409,-0.18751,-1.3143,-0.21955
-0.80873,0.032429,-2.2874,0.80882,-2.1682,-0.36622,-0.67283,-0.13164
-0.94393,1.5011,1.413,0.059709,-3.2831,-0.15805,0.70564,0.031738
-0.84335,-2.3633,0.39029,0.041391,-6.7128,0.0013595,5.3934,0.19994
-0.77765,-4.5644,0.36252,1.5513,6.0155,0.40582,-0.14178,0.17789
-0.76626,1.7998,0.81095,1.2911,6.0253,0.42937,2.0974,0.14627
-0.59432,0.028248,6.6267,0.67553,1.8888,-0.0022215,3.9396,0.22583
-0.676,-1.3483,-0.8799,-0.87376,-3.9982,-0.081118,-0.4761,0.2526
-0.76721,1.5,2.0551,0.86269,3.5008,0.09802,3.1522,0.077688
-0.76497,-0.92906,0.61548,-1.1122,-3.8213,-0.019517,1.0743,-0.056
-0.90231,0.76399,0.58759,-0.56498,-6.9438,-0.10356,-3.7568,-0.12057
4.3233,2.7226,-1.1136,0.55288,4.1731,-0.20306,-1.3441,-0.12979
4.3002,-0.80066,-3.3818,-0.24417,6.0352,-0.21725,-4.9403,-0.20008
-0.79202,-0.70879,-5.2829,-0.38994,-5.4329,-0.099267,1.0052,-0.10738
-0.7166,-2.2357,-0.29698,-1.1977,-0.20631,-0.1139,-0.035885,-0.087785
-0.57087,0.89706,-1.2411,-0.18719,3.8013,0.13568,5.7043,0.14357
-0.76573,0.95563,-2.4091,0.97252,-1.938,-0.0011433,4.5924,0.3061
-0.78671,-4.739,-1.1144,-1.066,-8.7985,-0.0093,-0.59834,0.31698
-0.78978,-0.5291,-2.1448,3.3248,2.8055,0.047424,1.5048,-0.0061072
-0.92221,3.1787,0.67156,-0.97939,5.8593,0.42703,-5.6511,0.17197
-0.73722,1.6737,-1.6288,0.17734,4.1405,0.16022,-1.137,0.11037
-0.74686,2.2656,-0.60081,-0.99198,1.2958,-0.24157,-1.8285,-0.035434
-0.53648,1.7154,-1.9029,-1.3789,5.3139,-0.48041,-2.2798,-0.076127
4.3104,2.7861,-1.708,-1.7059,-7.3313,-0.16648,0.65652,-0.17516
4.2848,-2.9528,-0.010482,-2.6457,-8.9254,-0.12974,-7.7964,-0.31045
-0.83162,-0.059451,-1.0029,-0.29667,-1.633,-0.30472,-0.4779,-0.16569
-0.82907,-0.36085,0.70736,-0.67649,-0.71765,-0.43835,-2.046,-0.095257
-1.0333,-0.65878,-0.067019,0.21044,-4.9427,-0.069733,2.079,0.30011
-0.842,-4.973,-2.2569,-0.47643,3.5958,0.12314,0.33461,0.15189
-0.79058,2.5604,0.19246,-0.34699,6.3806,0.48944,-2.0524,0.20563
-0.79275,0.59365,0.89342,0.11157,3.6936,0.15778,3.6115,0.22661
-0.40781,-1.7206,-0.52031,-0.88127,-4.2733,0.024129,2.1177,0.16623
-0.64402,0.21968,-0.20667,0.082967,-3.8798,0.014426,1.6183,0.081606
-0.78816,1.5198,-0.34271,0.49354,0.9436,-0.0021124,1.7638,-0.029958
-0.78267,-0.31286,2.2987,-0.75879,-6.268,0.00358,-0.96741,-0.091752
-0.85548,2.2363,0.94098,0.021339,0.84543,-0.15674,-5.3007,-0.15841
4.292,2.1861,-3.3294,-0.67142,5.2913,-0.47138,-3.4068,-0.20178
4.3152,0.75577,-4.8224,-1.9944,1.0309,-0.17114,1.2839,-0.17903
-0.82182,-1.3862,-0.18951,0.91306,-8.3736,-0.064458,4.6853,-0.058312
-0.80798,-1.1061,0.13163,-1.4063,2.6173,-0.15039,1.0885,-0.019031
-0.58222,0.058457,-1.4089,0.59862,-1.9516,-0.050057,2.1736,0.18509
-0.77633,-2.2642,1.371,0.96369,-7.2961,-0.014678,0.83358,0.34329
-0.81302,-5.8177,-0.32717,0.3675,0.08033,-0.013298,1.9458,0.25039
-0.80498,1.2178,0.44902,2.1423,5.7995,0.38656,0.1836,0.064935
-0.92551,1.6656,0.83083,1.0704,4.691,0.22118,0.59748,0.11047
-0.78423,0.019077,0.24125,1.0935,3.2242,0.056742,-1.1379,0.025897
-0.77651,0.86884,-0.37101,-0.71304,2.8728,-0.31903,-3.5562,-0.07917
-0.76728,0.91044,0.64243,-0.7933,3.8739,-0.079584,-4.3134,-0.10684
4.3066,0.56127,1.2566,-2.6666,-9.8986,-0.080977,-2.3819,-0.17119
4.281,-4.1914,1.3055,-0.82349,-2.9964,-0.15667,-9.035,-0.18436
-0.82975,2.2075,-0.24826,-0.96628,1.1148,-0.55518,-3.232,-0.10869
-0.82565,-0.47115,1.1535,-0.32396,-1.3639,-0.24255,0.34014,-0.08669
-1.0385,-3.1827,-1.6845,-1.3996,-2.756,-0.096058,0.34472,0.18098
-0.84296,-1.3361,-0.28127,0.4402,6.1457,0.42045,1.4819,0.33129
-0.79129,3.5617,2.667,1.2043,4.8562,0.33003,1.6266,0.097962
-0.78504,0.56976,-0.64305,-0.088473,-1.0189,0.018026,4.4126,0.077274
-0.76912,-0.41424,1.5418,-0.83921,-7.8238,-0.0034793,-5.9513,0.11312
-0.6781,2.6161,2.2296,0.5603,2.3672,-0.049859,2.4448,0.034805
-0.80222,1.6526,3.1902,-0.19795,-3.344,-0.0016054,-2.7276,-0.053128
-0.77789,-0.16196,-0.52352,0.51631,-3.3788,-0.059722,-1.0221,-0.12166
4.3197,2.3745,-0.95726,1.4918,4.2087,-0.30442,-0.33941,-0.19149
4.2905,0.87037,-2.5897,-0.34559,6.1937,-0.17186,-5.8416,-0.19095
-0.77433,-0.20095,-1.7175,-0.88277,-6.2746,-0.028694,0.87792,-0.11585
-0.81239,-3.3281,1.1433,-0.98612,-2.9933,-0.09061,-1.4626,-0.022268
-0.80891,1.3098,-0.25521,0.8329,1.4274,-0.15016,1.1066,0.013193
-0.59294,-0.049054,-0.40249,1.4797,-5.6127,0.02909,4.779,0.39754
-0.76727,-7.5214,0.087459,-0.57365,-6.1716,0.029975,3.7652,0.20821
-0.80477,0.57997,-1.6415,1.9799,3.2367,0.10826,1.7905,0.26653
-0.80178,3.808,4.1672,-0.32399,6.2618,0.37034,-1.3787,0.10996
-1.0561,2.6631,-1.3591,-1.6926,3.6257,0.10104,-1.3317,0.0368
-0.84199,2.6593,-0.82208,-1.009,0.83714,-0.075407,-0.2464,-0.056462
-0.76757,0.1446,0.088365,1.3256,4.6923,-0.068238,-1.9141,-0.13434
-0.77362,1.4863,-2.6752,-1.1182,-6.1061,-0.11444,-1.1827,-0.12536
4.3048,-0.27362,0.36209,-2.242,-10.096,-0.10191,-6.6321,-0.20616
4.2832,-0.89745,-0.31733,1.3474,0.21527,-0.39577,-3.8729,-0.14498
-0.82334,1.0968,1.0754,-1.3353,1.2275,-0.6981,-1.7074,-0.01667
-0.81747,-1.7436,-0.97395,0.27315,-2.9584,-0.098978,1.4258,0.033783
-0.96351,-4.0744,-1.8977,0.84382,3.5111,0.018635,-2.6571,0.26049
-0.91989,0.41379,0.21219,-1.7131,5.8714,0.3876,2.4653,0.37631
-0.79897,2.6825,0.99566,1.0732,1.5735,0.051608,3.9366,0.26716
-0.78362,-3.399,-2.753,-1.0737,-6.6183,-0.0061425,4.5778,0.13566
-0.42846,-0.38575,-0.85814,0.10419,-5.5223,-0.0011048,4.6374,0.067515
-0.62922,0.85447,1.636,0.95545,3.4488,0.10186,0.29389,-0.031005
-0.80728,-0.76915,1.8125,-1.1746,-7.516,-0.053677,-0.74797,-0.089221
-0.77035,0.058277,0.015934,0.5616,1.7533,-0.078898,-1.9185,-0.17596
4.3161,3.7404,-2.1162,0.9432,5.5426,-0.3513,-3.5512,-0.11098
4.2938,-1.9026,-5.3233,-1.6488,-0.075092,-0.1476,-4.8663,-0.14729
-0.85858,-0.44107,-2.479,-3.266,-8.8321,-0.062244,1.5841,-0.076711
-0.80531,-1.3457,-1.2946,0.74214,-0.26494,-0.12818,3.0409,-0.0097579
-0.7934,1.7906,-1.6562,0.26431,-1.3917,-0.046624,0.33226,0.0087389
-0.67498,0.80311,1.5011,0.91106,-6.589,0.010658,0.48815,0.35054
-0.71503,-6.8777,2.594,0.066826,1.0821,0.0018857,4.0819,0.23411
-0.79729,1.4739,0.03563,0.90242,6.3364,0.39414,-4.9762,0.076228
-0.79229,1.2286,-0.63558,1.2222,5.5763,0.3416,2.2782,0.056636
-0.76351,0.11583,0.92472,-0.067715,3.277,0.062672,-0.18042,-0.029155
-0.76787,2.6026,2.4518,0.5924,1.1407,-0.068572,-0.93965,-0.086398
-0.76241,0.10162,3.2309,-1.055,4.3648,0.069225,-3.4484,-0.133
2.9254,0.1156,1.6419,-1.6045,-10.053,-0.021942,-3.023,-0.16063
4.3097,-1.2467,0.11144,0.78769,-3.9511,-0.1897,-5.4861,-0.1413
-0.72905,1.9659,0.48538,1.6304,2.5613,-0.702,-0.9991,-0.071552
-0.82477,-0.30525,-0.62689,-1.9782,-0.35314,-0.18783,-2.6133,0.025216
-0.81345,-3.3276,-3.9894,-0.65188,-1.9839,-0.11505,-4.1917,0.20894
-0.90227,-1.9372,-2.532,1.3744,5.9463,0.38621,1.7874,0.53692
-0.85272,0.80931,-1.536,1.7331,3.7941,0.16973,4.3523,0.23294
-0.73435,0.63158,0.25183,0.7412,-3.1193,0.063147,3.023,0.22464
-0.77199,-3.8241,0.53917,-0.51111,-7.3218,0.05157,-2.2322,0.062842
-0.76154,1.1588,4.1555,1.1253,3.3445,0.12977,-4.2044,-0.013092
-0.58301,1.5252,1.549,0.18719,3.0394,0.022127,-3.9085,-0.10855
-0.80187,-2.3829,2.5105,-0.44154,-3.0062,-0.044352,-1.9995,-0.19122
-0.76309,2.126,-1.4117,0.18009,5.1027,-0.1307,-1.5023,-0.18623
4.3155,2.3384,-0.56784,-1.4253,5.7279,0.089016,0.20057,-0.08725
4.293,-0.27761,-1.1402,0.25996,-6.4966,0.011608,1.7357,-0.080386
-0.79332,-1.7923,-2.6181,-0.10779,-4.7604,-0.054935,-1.9,0.01935
-0.79351,-0.39709,-1.3458,0.25149,-2.377,-0.22143,0.86047,0.054178
-0.79555,1.0763,-2.0482,1.5767,-4.6094,-0.030568,5.8686,0.1341
-0.53493,-4.8554,-0.087705,-0.78984,-3.2808,-0.012438,4.6118,0.33718
-0.69538,-0.54948,-0.035208,2.0164,6.0158,0.46948,2.5712,0.30617
-0.78998,2.3095,1.2444,0.87761,6.4409,0.46321,-4.101,0.06014
-0.78715,-0.79,1.7523,-0.44618,3.8897,0.13389,1.5383,-0.00058252
-0.87655,-0.23757,1.2401,2.3713,0.74181,0.03269,3.8008,-0.092555
-0.85193,1.6906,0.57112,0.99509,4.1483,0.10599,0.36476,-0.11792
-0.74888,-0.64786,-0.066461,-1.2119,-5.0282,-0.041079,-0.42927,-0.21325
4.3255,0.29383,2.2417,-0.40319,-7.3828,0.019149,-3.7394,-0.1312
4.3178,-1.7696,-2.1243,0.754,4.2166,-0.097714,-0.25648,-0.12441
-0.63875,1.2364,-1.9581,-0.17205,4.6159,-0.10347,-4.1302,-0.018081
-0.87556,-4.4602,-6.0241,-0.41278,-2.4756,-0.09944,-2.5297,0.019034
-0.80676,-2.2884,-0.99745,0.81123,5.106,0.25959,0.14094,0.45901
-0.86107,1.6037,-1.5297,0.11293,5.2711,0.35254,3.168,0.26762
-0.93582,2.4194,-1.3673,0.1035,-0.19302,0.041931,2.4069,0.19962
-0.82604,-3.524,-1.9195,-0.58324,-8.0922,-0.0067009,-1.2418,0.12398
-0.76967,-0.74461,2.9548,0.32442,2.8918,0.061876,2.7831,0.028647
-0.76311,2.5668,3.4471,-0.17304,5.1919,0.3782,0.43874,-0.059845
-0.57654,-0.13107,1.0217,0.304,1.1659,-0.026698,-1.6747,-0.13293
-0.74754,-0.16127,0.89623,1.6896,1.7143,-0.21555,-1.5754,-0.15863
-0.71068,2.6332,0.87733,-0.67882,7.2212,0.16067,-1.1335,-0.14393
4.3192,1.9566,-3.2495,-1.895,-5.6559,-0.036651,-2.707,-0.10774
3.8301,-1.7471,-0.77138,-1.1653,-6.8246,-0.054928,-4.7861,-0.031394
-0.81468,0.26448,-3.6885,-0.034386,-1.0287,-0.10531,-5.0855,0.1012
-0.79345,2.2345,-2.2436,0.29033,-1.2775,-0.12333,2.2148,0.16443
-0.78214,-1.9859,-0.94969,2.2661,-6.5136,-0.013471,6.703,0.17859
-0.57592,-3.4563,-1.036,1.2201,5.1197,0.36938,1.7816,0.36629
-0.68847,0.99581,9.0815,-0.65671,6.7798,0.54774,3.4596,0.19334
-0.78705,1.7068,5.7637,-0.46882,4.779,0.35174,1.4397,0.072017
-0.78189,-0.14981,4.8182,0.74478,-0.45295,0.03122,4.4776,-0.044366
-0.97999,0.5909,3.3097,1.0957,3.0529,0.067479,3.0512,-0.11838
-0.81476,1.6723,0.83307,-1.873,0.51528,-0.0046601,0.20642,-0.14712
-0.73463,-0.41852,1.8877,-0.6319,-7.4973,0.0025724,-0.85161,-0.20677
4.3304,1.5429,-0.89789,-1.5936,4.0796,0.04745,-2.8136,-0.11974
4.3128,-1.3829,-3.799,-0.38235,5.6681,-0.16365,-2.6899,-0.02621
-0.64489,0.43221,-3.0672,-1.1409,-0.63548,-0.12212,-1.4412,0.046633
-0.84721,-2.4533,2.2746,-1.5038,-3.1223,-0.044282,2.8971,0.057074
-0.8041,-0.96737,1.7487,-0.94145,5.9734,0.38717,2.0792,0.28743
-0.84357,2.6159,-0.84133,1.0941,0.63233,-0.013118,3.4234,0.21712
-0.89799,0.083394,-0.2746,0.83228,-7.3528,-0.032942,4.7461,0.11067
-0.73283,-2.4754,4.0944,4.1669,-1.8231,0.012064,8.208,0.046609
-0.76452,2.4689,1.6461,-0.18827,5.8893,0.47241,0.81881,-0.031784
-0.76547,1.6624,2.0079,0.50438,4.5199,0.2513,1.6832,-0.068047
-0.56067,0.48113,0.75599,0.0053973,0.87042,-0.13055,-1.9324,-0.13931
4.2986,1.0126,-2.4568,0.056446,4.7952,-0.39419,-4.4611,-0.16056
4.3524,1.0421,-1.2517,-0.90543,1.5021,-0.18232,-3.5805,-0.16379
4.3183,-2.4362,-1.9205,-3.3403,-8.5033,-0.090302,-1.4953,-0.017059
-0.9031,-1.0606,-3.1641,-0.96916,-3.0458,-0.10744,-1.9867,0.073332
-0.83964,2.4447,-1.3481,-1.0314,-0.54608,-0.31514,-2.0813,0.10609
-0.79135,-0.092955,0.99571,0.67548,-2.1051,-0.062565,0.93357,0.28485
-0.79184,-5.7949,-2.2754,-0.36114,-1.6683,-0.050917,1.414,0.27122
-0.61371,1.6279,3.9437,1.3727,6.8999,0.58906,1.2932,0.19383
-0.72428,3.4857,3.5241,1.2076,6.003,0.45314,4.3365,0.12816
-0.81102,-0.18365,2.3676,-1.2092,0.33636,-0.013568,3.2875,-0.036603
-0.78127,-0.16886,2.6322,-0.038349,-3.861,0.0044271,0.3889,-0.1159
-0.98836,2.4783,0.18107,-0.21486,3.5099,0.13785,-2.4075,-0.17304
-0.90693,-0.63947,2.7152,-2.1764,-5.8405,-0.0056612,-2.6129,-0.17066
-0.79642,-0.20181,-0.83551,-1.0251,-2.4744,-0.01607,1.8498,-0.12845
4.3236,1.1239,-0.74249,0.23679,4.9197,-0.017123,-0.80056,-0.0955
4.304,1.4899,-2.8719,-0.50848,6.1601,0.15003,-3.3384,0.012341
-0.57575,-0.10658,-1.6877,-0.18438,-6.456,-0.056225,3.216,0.21649
-0.83478,-2.8692,0.33724,0.479,3.2569,-0.0075801,1.1679,0.20045
-0.80527,1.419,-1.1756,-0.60665,3.9486,0.12299,1.7674,0.31289
-0.85331,2.4374,-1.2021,0.89608,-2.6187,0.00056374,5.989,0.1177
-0.94025,-3.5048,0.033998,0.50954,-6.3339,0.0045554,1.746,0.12924
-0.8282,0.72173,0.69301,2.2765,4.476,0.27829,-0.20904,0.017671
-0.77257,2.8842,1.3464,-1.0982,6.3203,0.51731,-1.8639,-0.11032
-0.75911,1.8038,0.89212,-0.64738,4.4963,0.26958,-1.0063,-0.10684
-0.62614,0.98527,-1.1962,0.86091,2.2277,-0.24262,0.13393,-0.14551
-0.69128,0.19028,-3.5308,-0.26232,6.3293,0.12642,-5.3067,-0.16808
4.326,2.9605,-2.4183,-1.579,-5.6006,-0.10737,-0.79356,-0.12327
4.3064,-2.9017,-1.3385,-3.8737,-7.2123,-0.082421,-3.9953,-0.00075289
-0.89866,1.3392,-1.2392,0.21179,0.22669,-0.19337,-0.062593,0.12079
-0.84163,0.22536,0.16061,-1.2903,0.71733,-0.2126,-0.68758,0.044248
-0.79488,1.9896,0.8098,0.42068,-3.6061,-0.058407,3.1795,0.20802
-0.78324,-4.0767,-0.4378,1.836,6.2198,0.49166,1.465,0.22588
-0.64523,3.9275,1.6313,-0.49069,6.337,0.5178,5.3642,0.15253
-0.66351,2.028,5.0129,0.60907,3.4247,0.17147,6.3792,0.0058427
-0.77626,-0.95242,-0.3309,-0.80088,-4.5855,-0.030266,5.737,-0.10701
-0.7804,-1.0494,0.65629,1.0771,0.97421,-0.033128,4.7305,-0.15992
-0.96218,1.2456,-1.367,-0.5572,0.40724,-0.074194,0.60298,-0.1433
-0.8181,-0.12657,0.80122,0.1169,-5.3177,-0.055596,0.26824,-0.14934
-1.0597,-0.23304,0.72336,0.76941,3.9031,0.087835,-6.1208,-0.097399
4.3246,0.48713,-3.0191,-0.95201,6.4122,0.13017,-1.3354,0.047047
-0.80677,0.0037287,-6.6079,-0.83402,0.26799,-0.11557,0.45986,0.082531
-0.59792,-2.3363,-1.6046,-1.3344,-5.3838,-0.083351,1.5587,0.15718
-0.83823,1.4743,-0.049109,-2.2161,4.5598,0.20244,4.384,0.30196
-0.80415,0.068578,-3.0459,-0.35612,-1.8819,-0.065922,4.1213,0.41883
-0.80164,-2.3263,0.72813,0.32072,-6.9162,-0.035458,3.5988,0.037604
-0.92898,-2.1782,0.1445,2.1796,2.1473,0.0094135,2.9293,0.048775
-0.79362,1.496,1.3499,1.3514,6.8399,0.5456,-3.2049,-0.073913
-0.76635,1.0447,-0.33404,1.0566,5.4589,0.39005,0.87,-0.15649
-0.76859,-0.30697,1.7634,0.1606,3.3921,0.11599,-0.03767,-0.1451
-0.55153,0.83592,0.72894,0.30408,3.7201,-0.13303,-1.8215,-0.21232
-0.66838,0.7918,-0.17915,-1.4591,2.6048,-0.10758,-1.1843,-0.083477
4.3265,0.03187,1.318,-2.2448,-8.5006,-0.051367,-3.2894,-0.070797
4.3008,-2.0238,2.5503,-0.88047,-1.5132,-0.14321,-3.1008,0.056904
-0.98153,4.613,0.59487,0.2097,1.6165,-0.49414,1.0957,0.21252
-0.91132,0.71906,1.9991,-0.026492,-1.8159,-0.13052,2.4634,0.1353
-0.79173,-4.4915,-2.4914,-0.33103,0.24646,-0.092163,2.7473,0.28524
-0.78874,0.4902,0.93204,0.72476,6.9066,0.62735,1.5001,0.17869
-0.46324,3.0056,3.2694,2.0254,4.5599,0.24699,3.471,0.065276
-0.63812,-1.2211,-1.9203,-0.32699,-1.6661,-0.050686,4.4995,-0.055124
-0.87784,-0.84692,0.91224,-1.956,-7.1884,-0.0036975,-4.0463,-0.18932
-0.77493,1.4738,1.3177,1.0591,3.5071,0.15109,-0.25339,-0.19604
-1.0361,-0.3019,2.3993,-0.28731,-4.5655,-0.10853,-2.6586,-0.13644
-0.88969,0.67192,-1.1057,-1.5714,-1.1752,-0.12325,-1.2116,-0.15936
4.3411,0.75635,-4.259,2.0453,5.0615,0.011756,-2.0133,-0.053347
4.3224,-0.27037,-4.294,-1.9076,4.5881,0.04462,-0.026759,0.10144
-0.7973,1.329,-1.6302,-0.87171,-6.9401,-0.112,0.12853,0.036849
-0.5889,-1.1762,-0.10939,-1.385,-0.47428,-0.07696,-1.2003,0.15489
-0.78733,1.3983,-1.2076,0.91291,0.17346,-0.17311,2.1797,0.44098
-0.79884,0.29838,0.68915,1.8557,-5.7563,-0.05204,4.0146,0.18086
-0.79393,-4.051,1.7893,0.48826,-1.972,-0.001631,10.445,0.021492
-0.95443,1.7896,-0.51553,1.4983,4.8264,0.29161,-1.7725,-0.032416
-0.80836,2.6926,3.2798,0.26131,6.1672,0.48152,0.40507,-0.12887
-0.76524,1.3574,0.73711,-0.0062988,3.2979,0.14569,1.8277,-0.1911
-0.74871,-1.119,-0.85038,1.1656,1.5179,-0.12045,-1.7905,-0.12429
-0.55414,1.5601,-0.55149,-0.74479,5.5806,0.10398,1.2657,-0.1404
-0.5723,-0.096416,-0.086722,-0.53249,-8.5235,-0.074989,0.48099,0.0012672
4.3332,-0.28568,-1.0565,-2.8471,-8.8852,-0.10198,-4.9092,0.11052
-0.91485,0.6837,-3.7504,-0.37879,2.388,-0.51682,-1.592,0.14686
-1.0168,-0.066888,0.78323,1.4447,2.2582,-0.35216,0.79138,0.20485
-0.79177,-0.76649,-2.4225,-1.6825,-2.8855,-0.092451,1.4836,0.19714
-0.76767,-3.2514,-0.80988,0.99096,5.5909,0.35725,2.8912,0.25093
-0.7775,2.7672,-0.085598,-0.25849,4.726,0.29834,6.2961,0.078224
-0.66757,3.2872,0.26574,-0.6057,-0.35919,-0.030677,3.9298,-0.02806
-0.68421,-0.84905,0.5309,-1.1703,-7.895,-0.0030236,-2.6766,-0.134
-0.84579,-0.41423,5.281,-0.10666,-0.16815,0.012314,5.1523,-0.22232
-0.76906,0.97661,1.5038,-1.4424,3.432,0.12547,-0.73987,-0.19867
-1.1036,-0.57008,0.81815,0.56949,-4.3619,-0.080168,-1.0491,-0.16141
-0.93303,1.8641,-1.7886,0.69035,3.0158,-0.25447,-2.6034,-0.084427
4.3387,2.0113,-2.5515,-0.59156,6.6861,0.0089257,-6.4801,-0.046654
4.3166,0.53783,-0.50436,-0.16156,-6.1106,-0.047625,1.0082,0.17178
-0.80598,0.30982,-0.54567,-1.7047,-5.2905,-0.04063,-4.5571,0.052717
-0.67828,-0.18904,-3.0513,2.3986,-0.20631,-0.1716,-2.1536,0.077591
-0.80441,3.4645,-0.63767,-0.45388,-4.1599,-0.028161,2.2165,0.24749
-0.79556,-3.5733,1.0847,-0.04632,-6.8197,0.020766,4.2572,0.11407
-0.7904,-1.9122,1.9016,0.71066,3.9649,0.20708,1.7528,-0.03653
-0.93543,3.2124,3.4075,1.9944,6.4831,0.4894,0.61878,-0.090292
-0.79447,2.7415,5.1658,0.16851,4.3213,0.26382,1.7354,-0.20371
-0.75981,-1.3191,-0.13889,-1.3144,3.1972,0.049889,-1.1148,-0.16584
-0.76184,0.24242,1.2206,-0.069192,3.1237,-0.027282,2.8538,-0.12028
-0.45328,0.24315,-0.30189,-1.2671,-2.5561,-0.14544,0.24529,-0.093091
4.3,-0.062148,2.2146,-1.1099,-9.9285,-0.056552,-3.5578,0.026652
4.3378,-3.2536,1.793,-0.50262,1.7774,-0.44514,-5.2061,0.39571
-0.80944,2.7742,0.3011,-0.19001,3.7804,-0.39675,-2.5851,0.19794
-1.1342,-1.1304,-0.11005,-0.79447,-2.5968,-0.13415,1.8717,0.20442
-0.97913,-2.7884,-4.2627,1.8767,0.58988,-0.13493,0.56713,0.23613
-0.82973,-0.41649,0.17776,-0.33699,5.9265,0.45572,3.9155,0.13349
-0.77889,3.4884,0.81501,2.1604,1.6434,0.031977,5.0933,-0.012484
-0.77841,-0.64731,-2.1007,0.048411,-8.0749,-0.04803,3.7767,-0.10154
-0.56316,-0.1617,-0.99425,-0.34991,-3.7711,-0.0032675,5.1708,-0.21724
-0.84202,-2.9461,3.8496,2.9313,4.0004,0.15501,0.57613,-0.16795
-0.7636,-0.95592,2.3981,-0.37631,-0.69322,-0.034129,3.0715,-0.17725
-0.77817,1.0339,1.1219,-0.6758,-1.0327,-0.16582,-2.8555,-0.063861
-0.85126,1.1711,-2.8922,1.1012,5.739,-0.23062,-4.3546,0.066785
4.3386,3.0879,-1.7784,-1.7051,-1.9182,-0.18696,-2.0114,0.066274
4.3512,0.32113,-0.96773,-1.8406,-8.7036,-0.11225,-1.194,0.1546
-0.78553,1.4461,-1.9155,0.43041,-4.1284,-0.13221,2.2685,0.15136
-0.62653,1.4262,-1.9041,1.0455,-1.0449,-0.31288,-0.42646,0.17394
-0.77372,0.59329,1.7034,-0.87951,-6.2958,-0.020454,-0.88834,0.15971
-0.78823,-6.9957,1.0317,1.6661,0.90144,-0.036054,5.3102,0.033758
-0.78129,2.2925,-2.2156,-0.73045,6.7036,0.55227,-7.438,-0.07878
-1.0322,1.0307,5.4697,1.2958,5.2161,0.34985,0.8396,-0.17102
-0.81682,-0.56879,1.7881,-1.6947,1.8127,-0.01901,-0.20061,-0.19032
-0.74744,0.3343,3.3657,0.48097,-0.02695,-0.07497,1.4341,-0.17324
-0.74649,0.2576,0.2487,0.55883,3.2007,0.033485,1.6746,-0.097447
-0.6814,-1.1294,3.3446,-1.6289,-8.9982,-0.046573,-1.2091,-0.042517
4.3464,1.8568,0.99415,-0.48422,-3.987,-0.17404,-0.88413,-0.024701
4.3229,-0.13182,-0.68883,0.70555,3.3254,-0.48312,-0.84399,0.24207
-0.80674,2.0596,-3.2536,-0.84774,2.4524,-0.3069,-4.7098,0.22878
-0.94165,-3.4244,-3.0579,0.79148,-5.0305,-0.1526,-5.7567,0.087326
-0.90361,0.30209,1.4919,-0.15008,4.3944,0.11644,0.10741,0.13101
-0.72907,2.2764,-0.090204,1.6581,3.582,0.1228,2.2891,0.039283
-0.77263,0.009759,-0.15094,0.75711,-3.6324,-0.040502,1.1086,-0.067828
-0.77581,-4.7038,-0.21418,-1.5796,-8.1303,-0.020871,-1.8973,-0.091825
-0.54088,0.32866,2.7581,3.076,2.8007,0.055299,-1.8812,-0.2279
-0.80632,-0.24141,1.7638,-0.61143,3.8741,0.13292,-3.7563,-0.18971
-0.7627,-0.60795,0.50464,-0.53797,-0.72827,-0.12455,-2.706,-0.14624
-0.76176,2.7602,0.56259,0.72362,1.0057,-0.60349,-4.0605,-0.066636
4.1018,1.4587,-1.1985,-2.0366,5.2218,-0.44785,-4.2323,0.080365
4.3356,0.75009,-4.5327,-1.5297,-9.3722,-0.15202,-2.1069,0.21237
-0.791,-1.3857,-3.2531,-1.256,-7.8709,-0.12179,-4.6493,0.20867
-0.80142,0.66025,-3.4009,0.52617,-4.0571,-0.34911,-0.33035,0.10057
-0.63444,4.303,0.74509,0.46856,-5.0274,-0.18457,3.7647,0.18777
-0.77515,-2.3086,0.86592,0.69381,-8.7248,-0.046708,2.4504,0.14824
-0.78724,-4.4123,1.4622,2.6758,5.0154,0.25484,-1.7161,-0.053031
-0.78128,1.6459,6.6416,0.83533,5.6377,0.3941,-0.57793,-0.15486
-1.1395,0.75476,5.5205,1.1134,2.6586,0.0027329,1.9418,-0.18801
-0.80598,-2.8211,2.2767,3.6079,-4.4908,0.017102,4.7207,-0.20271
-0.73862,0.20377,1.9145,0.89398,1.4274,-0.067956,4.8982,-0.13293
-0.75436,-1.9939,-1.5251,-1.5098,-3.9521,-0.028629,1.4211,-0.022414
-0.32967,-0.37484,0.6156,0.10446,-9.2742,-0.1285,-5.5396,0.070533
4.3342,2.1635,-1.4783,-0.40684,3.1826,-0.3241,-5.3045,0.037847
4.3011,-0.75551,-3.6621,0.32848,4.3935,-0.80253,-3.6253,0.25708
-0.80513,0.52645,-3.7261,-0.16563,-5.3851,-0.12753,-3.7911,0.29057
-0.94321,-0.85161,0.031307,-2.2209,-2.3498,-0.15757,0.51984,0.061065
-1.017,2.2965,2.0102,-1.1773,4.0749,0.12888,0.014989,0.071433
-0.86251,2.8582,-1.0606,-0.94507,-2.541,0.025374,2.4401,-0.093967
-0.77878,-3.5244,0.5665,0.041179,-10.282,0.026356,2.1968,-0.15613
-0.76475,-1.9756,4.3404,2.7425,-0.74955,-0.0039413,3.0467,-0.082114
-0.60541,0.51866,2.7832,2.3692,4.6636,0.20535,-2.1219,-0.22318
-0.79341,-0.86934,1.1315,-0.07239,3.1921,0.06212,0.59223,-0.15902
-0.76291,0.019803,0.45446,0.59599,-1.0066,-0.18164,-2.9557,-0.10039
-0.75968,1.5582,-1.4551,1.113,4.2398,-0.79635,-4.1818,-0.036091
4.3525,2.632,-1.4856,-0.93056,-4.9235,-0.25633,-1.9123,0.082191
4.3205,-2.8717,-0.27759,-1.8099,-10.081,-0.083345,-5.2308,0.24567
-0.80094,0.85448,-2.1236,-0.38422,-3.2214,-0.27612,-4.3435,0.22493
-0.78889,3.3797,0.64008,0.28166,-3.2777,-0.55992,0.1444,0.065154
-0.46391,1.8462,1.7707,0.40249,-6.985,-0.042247,4.3011,0.1757
-0.74909,-4.8588,-0.95018,0.28425,0.022631,-0.024054,2.992,-0.034071
-0.78589,1.1923,3.8159,3.7349,6.4637,0.4947,-3.4025,-0.14695
-0.77818,1.3975,6.2092,0.91848,3.927,0.13321,1.6878,-0.17078
-1.0085,-0.50941,2.3506,-1.0315,-3.4941,0.012237,1.7246,-0.19497
-0.80487,-0.63702,2.8941,0.14751,-4.0253,-0.0027734,-1.8679,-0.14693
-0.62115,3.2886,1.2877,-0.68653,0.85963,-0.077685,-2.3431,-0.10855
-0.74737,-1.5578,3.9512,-0.62326,-8.5452,0.0089129,-5.5252,-0.044026
4.4881,0.54794,-1.0328,-1.4332,-2.828,-0.15241,-0.4751,0.11344
4.3329,1.3762,-3.226,-0.017224,4.1355,-0.57106,-6.6148,0.24603
-0.84942,1.8194,-3.1306,-0.71329,2.9075,-0.29578,-1.5446,0.28914
-0.8081,-0.096904,-1.5297,-0.096399,-7.2595,-0.10606,-3.9322,0.1757
-0.8823,-0.81435,0.14892,0.59693,3.5108,-0.05301,0.12317,0.031543
-0.91313,2.5438,1.1741,0.68981,-1.5328,-0.019061,3.3029,-0.023655
-0.768,-2.1542,0.091982,1.224,-7.1456,0.055485,2.2752,-0.1104
-0.77286,-3.6279,1.1193,1.2556,-6.6377,0.036579,10.006,-0.18738
-0.77694,0.20051,1.6143,1.5275,4.3806,0.15127,-1.8803,-0.11317
-0.50405,1.6494,1.3228,-1.1514,4.6621,0.1975,-1.5519,-0.15063
-0.7256,-0.29626,1.9932,0.53189,2.1333,-0.038442,-0.044034,-0.072817
-0.75996,-1.9799,-1.9839,-0.0013532,1.6905,-0.34961,-4.934,0.0056236
-0.75614,1.6698,-1.1859,-0.015843,4.9239,-0.19065,-1.2236,0.032639
4.3388,2.2491,-1.6167,-3.1298,-10.903,-0.067584,0.92049,0.046049
4.3093,-3.7067,-3.1799,-1.7261,-8.9022,-0.079559,-2.1801,0.23389
-0.79874,3.709,-2.7582,-0.052672,-1.7804,-0.40011,-1.345,0.17438
-0.79321,0.088409,1.0789,-0.56743,-0.80373,-0.179,-3.8642,0.017038
-0.47715,-0.25189,1.4558,0.92471,-6.7199,-0.025106,6.3214,-0.013774
-0.67402,-0.7171,0.41561,0.86196,5.6913,0.35487,1.051,-0.12736
-0.77649,0.91081,3.818,1.5591,5.4038,0.32444,3.9527,-0.18901
-0.777,0.52355,4.1999,0.51936,-0.027188,0.033242,1.3589,-0.16348
-0.97283,-1.828,1.7215,-0.67496,-8.5785,0.073698,-0.7661,-0.17988
-0.88339,1.3862,1.2587,0.79838,1.1238,0.035642,3.341,-0.10533
-0.80981,-0.060267,-0.18024,-0.51283,-4.2725,0.012045,-1.6435,-0.066416
-0.75102,-1.7373,-1.3431,0.30544,-4.5218,0.015703,-7.6275,0.091439
4.349,3.2235,0.375,-1.2427,3.9063,-0.27185,-1.4686,0.085282
4.3301,0.53218,-0.60352,0.17858,6.5204,-0.23685,-7.3496,0.35602
-0.87177,1.9159,-3.9757,-1.2514,-6.3206,-0.018939,-0.42835,0.22274
-0.80107,-1.1258,0.73179,0.12891,-4.3396,-0.0068035,-0.19132,0.092632
-0.79801,0.34436,-0.24323,0.88631,2.1074,-0.05283,2.6494,0.0044554
-0.83311,3.4413,0.14455,0.49808,-6.1338,0.061832,5.1799,-0.088394
-0.7774,-6.6174,1.3073,-0.29934,-7.9139,0.07708,3.1135,-0.16496
-0.77143,-1.0237,0.92985,2.2559,2.3665,0.016486,0.6586,-0.19531
-0.75789,0.67334,0.9352,-0.6184,6.5255,0.40376,-3.3853,-0.13795
-0.49873,0.76761,-0.46772,-0.28938,3.7189,0.04394,-0.89725,-0.11981
-0.73993,1.1576,-0.67168,-0.6359,1.6178,-0.1124,-0.67626,-0.004939
-0.76545,0.12435,-1.7371,0.90325,4.9207,-0.25306,-3.9512,0.0049178
-0.75393,1.8551,-1.5985,-1.4049,-6.2212,-0.064824,-3.2952,0.17431
4.3357,-0.75518,-1.5235,-2.7286,-10.524,-0.015583,-7.132,0.23764
4.2881,0.23171,-0.11511,0.11989,-0.296,-0.36693,-4.0463,0.17803
-0.79566,2.1622,1.4404,0.18156,1.4088,-0.5144,-1.5866,0.15163
-0.78436,0.93091,0.25013,0.43807,-4.0101,-0.11722,4.7505,0.0071813
-0.75346,-3.4131,-0.018499,1.1465,3.9541,0.055883,-1.1857,-0.084743
-0.71679,1.4867,0.50769,0.67665,6.1456,0.37029,2.6509,-0.19073
-0.83508,1.6851,2.3311,0.93484,1.687,0.034134,2.6174,-0.21081
-0.77159,-3.3133,-2.6484,-0.76731,-5.8242,0.070527,2.8334,-0.17616
-1.0247,-1.2805,-0.91408,0.99739,-6.5476,0.049497,2.267,-0.10246
-0.84939,-0.95464,0.022474,-0.17944,3.1706,-0.040791,-1.5153,-0.027111
-0.70082,-0.50954,1.046,-0.86239,-7.4672,0.03147,-1.8143,-0.032976
-0.74229,0.40587,-0.90271,0.2308,1.068,-0.059074,-1.67,0.063767
4.3403,3.1167,-3.6626,1.3535,6.007,-0.25379,-5.2256,-0.020248
4.3121,-0.38321,-4.8707,-1.8694,-0.45997,-0.086002,-4.9121,0.22598
-0.84978,0.9336,-2.0936,-3.0403,-8.2346,0.02907,0.92265,0.15659
-0.79715,0.28182,1.0859,-0.75678,0.22004,-0.029695,-0.092654,0.013095
-0.79229,0.46288,-2.6326,0.88977,-2.5984,0.010678,-1.3544,-0.047409
-0.90359,-1.2951,1.3603,1.8527,-6.1419,0.082547,0.40559,-0.18589
-0.79231,-5.7458,3.3611,0.19147,1.1285,0.057403,6.3131,-0.16971
-0.76634,-0.30913,-0.3211,1.0774,6.4998,0.4079,-3.6445,-0.15435
-0.76432,1.2816,0.50272,-0.21865,5.8561,0.3378,-0.7799,-0.11329
-0.31868,-2.0329,1.9253,1.0397,3.5936,0.014701,0.15402,-0.031224
-0.65645,1.0463,0.63398,-1.0139,1.6737,-0.15421,-1.5641,-0.034777
-0.76959,0.5588,0.96158,0.68531,5.5521,0.1166,-4.9362,0.025897
4.3897,0.59356,-0.13811,-2.05,-9.1264,0.036258,-1.2148,0.20519
4.321,-0.32011,-1.1352,-0.60004,-6.6941,-0.11533,-4.5014,0.35047
-0.93,3.8499,-1.1676,0.10671,2.3139,-0.47936,-0.26841,0.18421
-0.82124,0.72204,1.55,-1.0277,0.99287,-0.1365,0.30567,0.061236
-0.79529,-2.4044,-2.5419,2.1656,-2.1301,-0.067712,-0.60864,-0.050159
-0.55129,0.66471,-0.011773,-2.5138,6.5002,0.4345,0.27591,-0.17341
-0.70946,0.3497,-0.53356,1.138,5.1652,0.2751,4.5335,-0.19592
-0.83144,-1.2195,1.146,0.32786,-0.25468,0.086475,3.5618,-0.22551
-0.77637,-2.8954,2.0378,-0.64985,-7.2115,0.084402,-4.1205,-0.17562
-0.93292,-0.15359,2.7876,0.2171,3.0715,0.014689,2.9411,-0.060235
-0.89904,0.36985,-0.89659,-1.544,2.4989,0.045422,-3.0666,0.035462
-0.77772,-1.3378,0.722,1.3498,-3.3917,-0.024208,-0.69361,0.11609
-0.75018,1.0995,-3.0037,1.1236,4.9976,-0.021256,-2.3686,0.2364
4.3289,3.4024,0.67901,-0.34848,7.386,0.22855,-2.3321,-0.023338
4.3043,0.70008,-4.2094,-0.76052,-5.1265,0.013501,1.9909,0.19587
-0.81373,0.58904,-0.64343,-1.1982,-3.3533,-0.045771,-1.4962,0.12451
-0.79299,0.1316,-3.0927,2.389,0.93555,-0.095038,0.52367,-0.04057
-0.78799,2.9943,0.68595,0.36866,-3.0941,0.023866,3.9987,-0.11271
-1.0296,-4.6737,2.8006,-0.32769,-5.8801,0.090197,2.1235,-0.23483
-0.85038,-2.1831,1.8595,3.7781,5.6154,0.35678,-2.1432,-0.21386
-0.75947,1.4227,4.1114,1.4296,7.3209,0.52962,0.80602,-0.15194
-0.75648,0.93506,2.8958,-1.1881,3.8188,0.11573,1.8483,-0.074813
-0.60343,0.36235,-0.554,-2.1965,3.3493,0.020227,-1.0949,0.030716
-0.73696,0.92847,-0.58607,0.52777,5.4121,0.1402,2.6894,0.021297
-0.76032,0.47456,-0.81423,-0.67389,-3.363,0.028852,1.3288,0.20702
4.3476,1.3025,2.3478,-1.2997,-8.6874,-0.040579,-5.9702,0.076569
4.3116,-0.75421,-1.2157,0.28839,3.6438,-0.17769,-5.0156,0.20824
-0.86655,3.4338,0.016795,-0.34901,4.291,-0.19075,-1.7412,0.1095
-0.75357,-1.2557,0.73073,-2.8024,-1.3055,-0.099292,3.7122,-0.015696
-0.77962,-2.6829,-2.3747,2.1563,3.492,-0.0033574,0.95747,-0.14466
-0.79608,1.0421,0.56371,0.36085,7.2003,0.58071,4.5132,-0.17448
-0.67214,3.6939,1.395,1.3968,2.5771,0.084254,4.7631,-0.22641
-0.82085,-1.617,-2.3762,-0.23037,-7.6439,0.053136,6.2703,-0.17915
-0.76482,-0.77401,0.012844,1.7414,-3.3335,0.04315,9.7806,-0.062328
-0.77284,-1.1273,0.93961,2.4516,5.1535,0.30335,1.742,-0.012532
-0.93513,1.5924,0.15367,-1.3452,-2.4263,0.035533,0.71656,-0.016426
-0.77132,0.66977,-1.0271,0.10644,0.28068,-0.13578,-2.4778,0.04875
4.3569,1.6215,-4.2991,0.71308,6.7477,0.013996,-4.7724,0.20661
4.3211,3.5948,-0.91235,1.2732,-1.9557,-0.053818,-0.86396,0.078126
-0.57756,1.2969,0.12911,-0.88836,-6.7866,0.0035286,-1.6457,0.15993
-0.7796,0.69132,-1.3403,0.65862,-2.4663,-0.078801,-0.97087,0.0083738
-0.79031,1.192,-2.1745,0.55869,-0.90136,-0.1617,-2.4241,-0.11845
-0.78411,-1.0346,2.311,-0.16622,-5.4401,0.057827,0.93438,-0.18682
-0.93451,-7.5659,2.6872,2.2025,1.9539,-0.030369,5.8744,-0.21977
-0.89013,1.4788,-0.38363,0.86364,7.2447,0.51172,-4.2571,-0.192
-0.76065,1.4791,0.36116,-0.99181,5.6308,0.39394,9.5126,-0.046824
-0.76372,-3.1462,0.87688,-0.83278,1.8397,-0.022995,-0.59811,0.032858
-0.46411,1.8589,0.71937,-0.28025,1.5594,-0.059729,1.1662,0.10721
-0.67161,0.31527,0.21112,-0.41821,4.0238,0.10035,1.7417,0.21023
-0.77569,-0.259,2.6764,-1.9351,-7.577,-0.048145,-5.57,0.20249
4.3326,1.807,-0.15279,-0.94064,-0.69882,-0.060852,0.30735,0.14734
4.2938,0.64168,-0.63081,0.64858,4.3054,-0.32501,-1.6016,0.1279
-0.92434,3.0692,-1.8702,-0.30121,1.9494,-0.1591,-5.0939,0.014458
-0.82614,-2.2721,-1.7693,0.2891,-3.9197,-0.097836,-2.795,-0.07732
-0.78621,-0.77293,2.6918,-0.32783,6.0579,0.34681,-0.55587,-0.1837
-0.77784,1.2971,1.3203,2.3954,3.9875,0.1283,1.6502,-0.16995
-0.59049,-0.86964,-0.6967,2.1799,-3.4869,-0.021352,1.2293,-0.18431
-0.77969,-5.3425,2.8853,0.089794,-6.4001,-0.021089,3.1186,-0.13778
-0.7673,-0.65047,1.81,1.9985,4.2108,0.19981,-1.5276,0.027649
-0.76321,0.3546,4.0825,-1.338,4.7294,0.25068,-4.3867,0.029037
-0.9976,1.2352,-1.6848,-1.7485,0.69557,-0.038461,-1.3962,0.054543
-0.78471,1.2912,-3.58,-0.17462,3.9513,-0.43524,-0.68482,0.21009
4.3486,2.0154,-2.6152,-1.1452,5.5886,-0.006964,0.36747,0.20592
4.3102,1.814,-2.8194,-0.27038,-7.334,-0.042985,1.0413,0.15202
-0.61119,-0.22621,-1.1993,-1.884,-5.0714,-0.097842,-4.1702,0.046876
-0.80092,-1.0509,-5.2597,-0.52887,-2.4598,-0.24509,-1.5217,-0.066465
-0.78837,1.4074,0.36011,0.58708,-3.6927,-0.087452,2.7355,-0.2039
-0.78273,-4.1838,0.91786,-0.2463,-6.1623,0.041892,4.336,-0.19064
-1.0652,-3.0591,2.5519,1.9251,7.108,0.54934,-2.5108,-0.1756
-0.7863,0.49703,4.479,1.8377,6.6451,0.54257,0.54865,-0.12244
-0.75219,-0.8573,6.6082,-0.84932,3.2864,0.096338,1.9904,-0.0024079
-0.75647,-2.0353,-1.8201,0.39234,-1.5527,0.043522,2.4115,0.062818
-0.62729,0.11365,1.1566,1.5301,3.8834,0.098629,3.0372,0.18156
-0.59102,0.45817,-0.28808,-1.4015,-4.9942,-0.026242,1.9918,0.069924
-0.77222,0.021293,0.48355,-0.39086,-4.7077,-0.057835,-4.1178,0.27451
4.3227,2.7824,-1.5597,-1.3215,5.2429,0.031239,-0.75867,0.17969
-1.0122,1.674,-3.1998,-0.44879,6.2122,0.017968,-4.6746,0.031032
-1.0224,0.64165,-1.4357,-0.7652,-4.2674,-0.086656,-1.0681,-0.05359
-0.78916,-0.8361,-1.1381,0.17519,3.5696,0.019598,1.9972,-0.1349
-0.78221,1.3593,1.772,-1.2453,4.6788,0.23991,8.4094,-0.19358
-0.78478,1.5135,-0.4658,0.21275,-1.2939,-0.018522,5.3019,-0.15454
-0.58581,-4.2643,2.3707,0.67125,-7.7584,0.0035543,-0.76583,-0.14968
-0.77753,-2.7726,2.7773,1.6281,3.2912,0.067203,3.1021,-0.029155
-0.76803,0.99053,2.1307,1.2912,6.6706,0.55699,-2.4668,0.089565
-0.76006,0.11233,0.75352,-0.011739,4.6299,0.26335,1.2532,0.034999
-0.88356,1.1343,-0.093538,0.36738,2.4113,-0.18201,-1.5516,0.15513
-0.78577,1.8442,1.1229,-0.4954,6.723,0.13377,0.12283,0.17049
4.3315,3.485,-3.4945,-1.2592,-4.5099,-0.038057,2.5938,0.066347
4.2957,-2.5525,0.17835,-0.83625,-6.3015,-0.093055,-5.8803,0.056368
-0.63214,2.2737,-1.4764,-0.23748,0.27668,-0.13003,-1.4291,-0.02935
-0.7815,2.0955,2.9644,0.25639,-0.45236,-0.18022,0.64148,-0.086763
-0.78818,0.60564,1.9011,0.90198,-3.8514,0.018911,2.0812,-0.20283
-0.7835,-4.923,0.66016,0.50439,5.3516,0.34106,2.2905,-0.18813
-1.0446,2.0749,3.1551,0.74612,7.4023,0.61298,0.8028,-0.14659
-0.84901,1.4727,6.8894,0.8863,4.6257,0.25771,3.533,-0.10494
-0.75962,-2.6435,-0.66726,0.34324,-1.826,0.014657,2.166,0.061625
-0.76223,0.10125,-0.21134,0.36022,0.86331,0.0098049,-1.357,0.086474
-0.56429,2.1093,0.28718,-0.47361,2.4978,-0.0085299,0.066467,0.020957
-0.67182,-0.22461,3.776,0.35754,-5.2053,0.0026302,-4.0874,0.083554
4.3204,1.4792,-0.7504,-0.96717,2.8176,-0.036459,0.31772,0.19378
4.3101,1.0902,-5.1953,0.72386,6.7804,0.23078,-5.3545,0.12176
-0.79365,1.6221,-6.3269,-2.2778,2.4832,-0.10418,1.1455,-0.020345
-0.9345,-1.6671,-0.45583,-0.36723,-4.195,-0.031235,1.0572,-0.10913
-0.80459,-1.8319,1.42,-0.3104,5.9164,0.3615,3.0545,-0.13018
-0.78087,-0.12428,0.14125,0.98193,0.92545,-0.060049,3.3424,-0.20947
-0.769,-2.7075,1.2704,1.5766,-5.8896,-0.035625,3.5045,-0.11431
-0.60172,-3.2109,1.9178,0.70257,-1.4511,0.033293,8.9342,-0.10475
-0.7261,-0.48163,3.1605,1.4685,5.6067,0.36959,4.9635,0.10086
-0.76537,-0.068403,0.98239,-0.34714,5.5855,0.36461,0.09306,0.16528
-0.75837,0.44536,0.47455,1.5168,3.8091,0.13877,-1.2234,0.10779
-0.98208,0.62208,-1.4435,-0.16755,3.6017,-0.24674,-4.2156,0.17626
-0.77745,2.028,-0.80994,0.20169,5.1883,0.13363,0.34547,0.22106
4.3217,1.8365,-0.8632,-1.8598,-8.6336,-0.055532,1.3133,0.07175
4.2685,-2.8179,-3.0353,-1.9376,-3.8049,-0.16963,-2.4181,-0.029593
-0.6694,3.9202,-1.6837,-0.78984,1.0669,-0.38479,-1.4558,-0.14274
-0.79739,1.747,2.3947,-0.096206,-0.34564,-0.095333,1.6149,-0.18151
-0.80488,-3.2497,0.36151,-1.3278,-4.0909,-0.024927,5.6487,-0.22084
-0.78131,0.065662,2.2906,-0.63892,6.7799,0.55999,2.2508,-0.16469
-1.1409,1.366,5.1197,1.496,5.8984,0.43276,3.0221,-0.11981
-0.90021,0.88634,2.4301,-0.65593,2.1882,0.0042923,4.2194,-0.020637
-0.72689,-1.1218,1.2317,-1.0629,-6.2318,0.01071,-0.40403,0.18312
-0.75421,0.51682,0.35987,0.17838,3.5874,0.13704,4.0111,0.17854
-0.76285,1.2007,0.6977,-2.0498,-4.7505,-0.057688,-0.79408,0.024997
-0.60619,-0.038091,-1.5658,0.10991,-2.7667,-0.071351,-3.0978,0.1444
4.3244,3.9337,-0.61313,-1.2951,4.7084,-0.026602,2.4259,0.04179
4.2888,0.21309,-1.1119,-0.10643,7.0214,0.23015,-2.9634,0.022076
-0.80891,0.82364,-4.9407,-1.4473,-5.0612,-0.064073,0.42091,-0.073036
-0.89337,-1.2946,0.49241,-0.94484,-1.1756,-0.077422,1.7485,-0.11728
-0.81026,0.86839,0.11156,0.69981,3.5471,0.017442,1.5647,-0.21366
-0.78683,1.116,0.74877,1.2105,-4.6027,-0.0058794,5.8955,-0.14315
-0.78753,-5.7659,1.3846,0.70292,-5.3488,-0.05068,6.1288,-0.11436
-0.51404,-0.98125,3.2256,4.5831,2.9964,0.068063,1.9407,-0.082869
-0.73389,0.96462,1.4171,-0.0041278,6.5978,0.50665,0.40536,0.11047
-0.77535,2.0358,0.13112,-1.1343,4.0838,0.21241,1.8036,0.20485
-0.76568,3.0582,-2.7387,-0.90071,2.8176,-0.098984,-1.1899,0.053642
-1.0287,1.8663,-2.2222,0.052458,5.9975,-0.14328,-4.3308,0.10225
4.3186,2.2726,-2.3058,-0.843,-6.5008,-0.1108,-0.91323,0.12529
4.3026,-0.7769,-0.52253,-2.2921,-9.1422,-0.14297,-2.8116,0.017306
-0.80993,0.17792,-3.2153,-0.41631,0.9408,-0.25553,-0.19867,-0.10027
-0.71336,2.6079,2.082,-0.62462,0.97618,-0.35106,0.88029,-0.13958
-0.76268,0.8056,1.8478,-0.96717,-2.8786,-0.063432,0.62833,-0.20546
-0.76532,-6.0599,0.71374,2.2153,4.9817,0.29599,1.3723,-0.17511
-0.78575,1.6871,2.0167,-0.38463,6.749,0.53751,1.27,-0.12454
-0.93983,0.66156,4.2723,0.86947,3.4263,0.12462,3.031,-0.0080543
-0.93928,-3.0313,-3.007,1.1187,-4.9168,-0.060274,4.2728,0.15939
-0.79475,-1.326,-2.8742,0.3239,-3.5708,-0.028065,-1.5249,0.18244
-0.76239,-0.56975,-0.42935,1.1356,3.1047,0.033306,-2.578,0.17134
-0.74851,0.021826,1.5763,-0.15756,-7.5602,-0.013208,-0.57894,0.051598
-0.61824,1.3349,-1.0807,0.5939,1.4903,-0.21146,-2.743,0.15301
4.3134,1.4186,-4.0195,1.5546,5.9152,-0.23803,-3.5695,0.011732
4.2822,1.4196,-4.2257,-2.3801,1.6499,-0.13245,-3.8217,-0.084792
-0.80507,-0.41955,-0.23589,-1.8835,-6.985,-0.13138,2.4826,-0.11733
-0.97894,0.60704,-0.21174,-0.59345,1.9495,-0.092695,4.0286,-0.16031
-0.84301,-0.77017,-3.0111,-0.17974,-0.74917,-0.066153,0.60418,-0.16873
-0.78196,-3.3514,-0.16404,2.0158,-6.2398,-0.019658,2.1778,-0.087834
-0.77367,-5.0191,2.3058,0.02139,0.4849,-0.011925,5.2208,0.062988
-0.68018,-0.39578,-1.5188,0.9313,5.8956,0.40714,-0.081865,-0.034242
-0.73965,1.2009,-0.50213,-0.28961,4.3675,0.22935,2.6848,0.20773
-0.7712,-0.74048,0.83802,1.5849,3.2461,0.091602,-0.27884,0.2159
-0.7603,1.3053,0.35954,1.0188,2.8227,-0.26748,-3.7868,0.079708
-0.97864,1.7853,-1.9773,0.15262,4.8745,0.11706,-3.7692,0.14771
4.3383,2.0882,-0.39964,-2.1943,-9.6314,-0.079706,-2.0119,0.019594
4.2972,-3.0649,-3.7777,-2.1472,-4.538,-0.22305,-4.053,-0.044464
-0.79802,3.6007,-0.056433,-0.19238,0.46409,-0.48571,1.0122,-0.14447
-0.71255,0.60183,1.0609,-0.78995,-0.41844,-0.20406,-0.25605,-0.15355
-0.72561,-3.9957,-0.043809,1.1324,-4.3591,-0.13203,-1.4137,-0.18377
-0.74739,-0.42547,0.52287,-0.46351,6.5197,0.47734,-0.80074,-0.12108
-0.77915,1.0289,1.8735,3.071,4.3354,0.24057,2.5,-0.083672
-1.1555,-1.5667,1.0274,0.24713,-0.32597,-0.0042045,4.3418,-0.00041216
-0.98982,-1.6012,-1.1057,-0.15324,-8.2172,-0.018381,-3.1354,0.20055
-0.72989,2.3856,0.036305,0.27908,2.9856,0.063462,1.1357,0.22832
-0.75342,0.92398,-0.27572,-1.6003,-1.8004,-0.0084657,-2.2551,0.065836
-0.75564,0.016316,0.62739,1.2809,-3.6481,-0.097508,-2.3991,-0.023582
-0.63496,3.0802,-2.0018,0.016258,4.2219,-0.21875,-4.3267,0.082361
4.3111,2.2255,-1.5925,-1.0946,5.6491,-0.0059757,2.5202,-0.032976
-0.82363,1.4281,-3.1247,-0.59537,-6.3146,-0.05172,0.63638,-0.15235
-0.7944,-1.9431,-1.832,-1.8613,-3.8961,-0.062129,0.27968,-0.14335
-0.9592,0.51867,-2.8141,1.3148,-0.24243,-0.16883,1.0967,-0.20083
-0.80579,0.59152,-0.34352,-0.052479,-5.4958,0.011486,3.5251,-0.15041
-0.77222,-6.9158,1.2823,-0.45143,-8.1613,0.029872,3.3707,-0.074034
-0.77307,-1.9554,-1.3977,2.6131,4.8493,0.32311,-3.8477,0.022587
-0.54078,2.2642,0.019898,-0.35297,6.0347,0.42979,-6.8854,0.19339
-0.70617,0.01349,1.6481,-0.054695,1.3867,0.0040484,0.18305,0.2591
-0.75365,0.111,0.72304,-0.11177,0.86013,-0.055795,-2.153,0.24284
-0.75474,1.2183,-0.20627,0.93963,5.2507,0.17807,1.5335,0.14544
-0.89122,1.7129,-1.3777,-1.97,-8.7686,-0.10868,0.87029,0.068123
4.3199,1.0594,2.0811,-1.5124,-11.841,-0.10994,-5.8489,-0.021903
4.2853,-0.36565,1.2871,0.4098,2.6458,-0.3482,-4.6033,-0.12373
-0.80229,1.3591,0.79261,-0.62728,2.1409,-0.48965,-0.56754,-0.18171
-0.78392,-2.1702,-1.997,-0.44054,-4.8386,-0.17905,-0.027434,-0.14242
-0.68655,-3.2799,-1.7381,1.4932,2.523,-0.14088,-0.37025,-0.13308
-0.77222,0.40813,0.22194,1.1261,5.3173,0.32718,-0.68629,0.0015835
-0.78047,3.1302,-0.10984,0.55095,-0.74636,0.0023671,-0.26225,0.058047
-0.78753,-2.5623,-0.57281,-1.0026,-8.7197,0.017647,2.099,-0.025237
-0.84668,0.85076,4.4427,2.1726,-3.3561,-0.0017209,7.9532,0.20992
-0.75504,-0.15299,0.2395,-0.3599,3.3027,0.094484,2.8366,0.19534
-0.75549,1.9049,-0.037527,-0.39975,-4.9042,-0.090064,-0.83957,0.056246
-0.74344,1.0059,-0.041934,1.1628,-0.11112,-0.24147,-2.4893,0.027309
4.337,2.8853,-1.8632,0.3896,4.896,-0.6335,-4.6568,0.010126
4.2988,1.2386,-0.21356,0.68558,-6.3823,-0.17123,-0.28896,-0.12653
-0.80287,-0.73535,1.1456,-0.85117,-8.6012,-0.14601,-3.8726,-0.18407
-0.79724,-1.1956,-3.0712,-0.23779,-3.6986,-0.24039,-4.0638,-0.16387
-1.1088,0.15384,-3.1164,-0.6939,-4.2347,-0.22007,-1.6898,-0.095987
-0.83999,-2.1068,0.59721,1.0617,-9.5426,0.00066,1.8075,-0.091095
-0.76907,-7.0909,0.93117,2.2928,2.4626,-0.062713,3.9749,-0.019201
-0.76848,-3.6177,6.7118,1.3135,5.5864,0.30211,3.4715,0.12313
-0.71848,1.4241,5.7901,0.81791,3.2819,0.083208,3.6289,0.26984
-0.63706,0.16247,3.9163,-0.2307,0.05376,-0.041875,0.10703,0.19947
-0.75644,1.7902,2.7678,0.75842,1.7223,-0.10842,-1.3833,0.14569
-0.7562,3.1183,-0.32804,-2.7105,0.079829,-0.082877,1.3114,0.053009
-0.94709,1.4031,3.6918,-0.5356,-12.004,-0.13802,-4.4069,0.02614
4.3137,1.5587,-1.3674,-1.6369,-0.64708,-0.24906,-3.7669,-0.077588
4.248,0.10554,-1.5556,1.2812,3.3564,-0.79037,-5.6703,-0.1689
-0.7946,0.37479,-2.3208,-1.2318,-2.5834,-0.20358,-2.8027,-0.20534
-0.79158,-3.665,-1.574,2.432,-4.4287,-0.2039,-1.9606,-0.11463
-0.66839,-2.1945,0.34317,-0.35774,4.9478,0.21202,2.9498,-0.067901
-0.73059,0.47837,1.2352,2.172,-0.93061,-0.012419,1.7309,-0.00058252
-0.77763,-0.11683,-1.3081,1.1809,-8.4681,-0.011938,2.334,0.13157
-0.76793,-2.472,1.0997,1.0671,-6.7767,0.0068978,7.7027,0.041546
-0.82425,2.1825,-0.12519,2.0654,3.3035,0.0056592,-2.945,0.20091
-0.81723,0.60429,4.0934,-1.3389,1.4304,0.0013467,-3.5625,0.18903
-0.75084,1.7589,0.42288,-1.5606,-2.7951,-0.10845,-3.5572,0.07579
-0.74853,2.4615,-2.6172,1.4194,3.6471,-0.76667,-3.3042,-0.015112
4.3224,2.7127,-1.1743,-0.15114,2.6103,-0.48131,0.88187,-0.06116
4.2889,1.1204,-0.78593,-1.357,-10.393,-0.047978,-0.033348,-0.18338
-0.79975,-0.9489,-0.89412,-2.0981,-7.0127,-0.16111,-3.0177,-0.22179
-0.79557,-2.2476,-7.0222,0.83412,-4.7547,-0.45387,-4.1475,-0.14795
-0.96796,-0.90739,-1.4079,2.792,-6.6572,-0.042401,1.0962,-0.1065
-0.89364,-5.0109,-1.4741,-0.081845,-6.574,0.042496,3.6169,0.066809
-0.77806,-2.2315,4.979,3.9332,6.0338,0.33951,1.6574,0.019423
-0.77407,2.112,5.1642,1.8695,5.2851,0.25617,2.0994,0.028891
-0.5121,-2.7,6.5202,0.19098,0.19858,-0.010109,0.73051,0.19468
-0.73338,-0.31563,1.5805,-0.67814,-3.822,0.0012632,1.2432,0.18519
-0.72873,1.2673,2.0309,2.1165,2.3156,-0.039623,-1.4492,0.056198
-0.75693,0.6311,0.97876,-2.2449,-8.6302,-0.013734,0.2339,0.0098098
4.3233,0.74517,0.63411,-0.23668,-7.0028,-0.035393,-5.7092,-0.058896
4.2962,1.9327,-1.3886,-0.32057,3.1975,-0.514,0.62997,-0.1873
-0.84197,1.0782,-3.4452,-1.1738,3.707,-0.37843,-4.0753,-0.2003
-0.80014,-2.7251,-1.3299,-1.1441,-6.7734,-0.12273,-3.3121,-0.1506
-0.79011,-0.92611,0.22689,-0.47945,1.7819,-0.12348,-2.1163,-0.063691
-0.62575,-0.85309,-0.61302,0.24918,3.089,-0.047689,0.99285,-0.032611
-0.74803,0.26381,-0.27403,1.6882,-5.0783,-0.0054366,3.2893,0.030278
-0.78506,-6.388,1.4705,1.1739,-10.296,0.068872,-2.9549,0.20644
-0.77345,0.69987,-0.47638,2.1831,0.096854,0.043837,0.42442,0.12181
-0.92835,1.4268,2.609,1.0145,4.1672,0.13036,-1.6682,0.20283
-0.76878,1.6533,-0.30148,-0.64873,0.68814,-0.021955,-0.33144,0.14817
-0.75372,2.108,0.23829,0.40001,-0.12582,-0.30756,-2.2861,0.067491
-0.74549,2.8431,1.7951,-0.67702,5.7263,-0.29051,-2.9982,-0.043076
4.315,2.7327,-2.6736,-1.9517,-8.2881,-0.028751,0.63902,-0.11682
4.2908,-2.4693,-0.95682,-1.3787,-10.671,-0.048922,-4.6622,-0.23547
-0.79953,-1.1545,-4.875,1.1318,-4.4563,-0.22384,-1.6043,-0.22359
-0.79225,1.0746,-0.75762,0.56318,-3.7193,-0.27126,-0.29411,-0.14919
-0.99994,-2.028,1.9476,2.1121,-9.1913,0.037663,2.1455,0.013485
-0.87366,-4.9753,0.54996,1.3181,4.4537,0.14944,0.35468,0.27804
-0.68611,0.37391,5.3604,0.30458,6.3506,0.40853,1.9631,0.21671
-0.76562,0.9663,7.4663,2.2004,3.6433,0.081058,3.505,0.13827
-0.65647,0.54094,2.6053,0.2362,-4.2468,0.028583,0.95943,0.20999
-0.66853,0.98608,-0.077208,0.90896,-1.6789,0.03396,-0.46578,0.17682
-0.73587,0.90992,1.9611,0.4735,-1.5721,-0.058471,-0.86766,0.019326
-0.75165,-0.5931,3.3167,-0.0048472,-9.3684,-0.030189,-4.6797,-0.041835
4.3202,3.1001,2.0616,-1.6663,-1.7979,-0.11833,-2.5845,-0.082845
4.2904,-0.80543,-4.8435,1.5721,5.1958,-0.43031,-5.6479,-0.19156
-0.85762,0.33924,-3.9066,-1.5971,-1.0908,-0.19292,0.99367,-0.2286
-0.79468,-5.5525,-4.0333,2.223,-6.186,-0.026698,-2.0185,-0.12707
-0.79287,-0.67293,0.18648,-1.2649,4.669,0.027254,-0.98969,-0.076784
-0.56815,1.1364,-1.3557,2.3693,-2.9539,0.025836,3.1575,0.15031
-0.7244,-3.3106,-0.47437,1.4609,-9.9287,0.08161,0.75144,0.092413
-0.7832,-2.4636,1.4207,0.10252,-5.6184,0.058296,5.6369,0.043639
-0.77286,0.25126,2.86,2.6571,3.6754,0.013444,4.1763,0.19412
-0.87102,2.2018,0.9971,0.23834,3.5082,-0.008716,-2.4335,0.17151
-0.79767,1.0584,-0.27351,-0.24918,0.59853,-0.013895,-0.72917,0.022271
-0.7559,1.4573,-1.0683,-0.83964,1.8722,-0.67734,-5.9516,-0.027476
-0.62652,0.95724,-2.4313,0.29123,3.4013,-0.18495,-0.86171,-0.11563
4.31,0.62456,0.50577,-1.7114,-11.104,-0.01573,0.98941,-0.18197
-0.78875,-1.4594,-1.0438,-0.28794,-4.9958,-0.086753,-2.5668,-0.22607
-0.791,0.33453,-3.2979,-0.61192,-2.0351,-0.34198,-4.1131,-0.16306
-0.7917,0.3682,0.37748,-0.51766,-4.5019,-0.02904,-0.22566,-0.030031
-0.8562,-6.4258,-1.3118,0.97503,-4.9179,0.075129,0.50597,0.16623
-0.87661,-0.52246,0.47655,0.11317,6.6897,0.39457,-0.52147,0.12607
-0.76185,0.50567,6.0384,2.0193,5.6482,0.27289,2.7274,0.2683
-0.76497,-0.15398,2.1127,-1.0708,1.8318,0.07905,0.76848,0.21062
-0.74791,1.3104,1.0354,0.65645,-6.775,0.002412,-1.1433,0.13415
-0.66695,2.7855,0.84901,0.63506,2.8714,0.042008,-0.33909,0.1013
-0.69993,0.16526,0.72782,-1.3983,-7.0224,0.0004033,-1.399,0.01514
-0.74672,-0.16191,-0.27017,0.59379,-4.6205,0.0037532,-4.8058,-0.10329
4.3139,2.8128,-1.9568,-0.84649,4.8,-0.23942,-0.48624,-0.073328
4.29,-0.16428,-6.0841,-1.1944,6.4019,-0.021397,-3.8982,-0.21123
-0.81697,-0.038258,-4.8113,-0.65939,-6.4823,-0.0091074,-2.5557,-0.16367
-0.7866,-2.2846,-1.3612,-1.2617,-0.34504,-0.02811,0.9467,-0.1036
-0.77971,0.26429,-0.17281,0.40411,2.4845,-0.013946,0.066634,0.053204
-0.60081,1.5747,0.72242,0.6407,-5.4162,0.096993,3.2787,0.23586
-0.71307,-7.2525,1.4975,1.3531,-8.3285,0.01818,2.7942,0.34901
-0.77391,-1.4637,0.06978,5.3974,3.7244,0.048438,-1.8773,0.11074
-0.77151,0.41738,2.1035,1.4161,5.9512,0.30561,1.0832,0.20889
-0.8867,3.6138,-0.33248,-0.56309,3.2628,0.06943,2.4458,0.11967
-0.76322,2.242,-1.5323,0.1077,2.197,-0.16959,-2.1953,0.0037496
-0.7426,2.7431,-1.7604,-0.18893,7.5093,0.12157,-4.1286,-0.09494
4.3286,0.68457,-3.1823,-0.75942,-7.3803,-0.0026193,-0.91379,-0.12332
4.3045,-1.8802,-2.8638,-1.7662,-8.0964,0.0086883,-6.8104,-0.1919
-0.74289,-0.48923,-5.7062,-0.33821,-0.08567,-0.16266,-3.2622,-0.21719
-0.79411,0.94471,0.29982,0.25486,0.78862,-0.15566,-0.91139,-0.10618
-0.79211,-0.89938,0.18614,0.239,-3.7472,-0.0047499,0.94625,0.2537
-0.8327,-4.4381,-0.30023,1.7284,6.2449,0.35671,0.35182,0.1212
-0.95023,2.7779,1.5635,0.41734,7.1294,0.45702,2.4617,0.16869
-0.78422,3.0851,1.7801,-0.36819,4.8716,0.19709,4.301,0.22062
-0.76345,0.054141,-2.3004,0.2059,-3.9309,0.078844,1.7868,0.21023
-0.76613,2.3482,-1.4341,0.13486,0.038513,0.066176,-1.0244,0.025362
-0.68433,1.2513,1.0137,0.73736,0.46863,-0.0037937,-1.9422,0.015018
-0.68698,1.0272,-0.17491,-0.88507,-6.0638,-0.012489,-3.2129,-0.068704
-0.73927,1.2612,-1.1966,0.45047,4.2683,0.026028,-3.5589,-0.18467
4.3133,0.035697,-3.9557,-0.5878,7.4939,0.093791,-5.869,-0.14213
-0.9236,2.124,-3.515,-0.69851,-1.5389,-0.0013102,-1.9472,-0.18042
-0.89404,-3.7991,-1.1122,-1.7766,-4.822,0.012924,-1.2203,-0.079218
-0.78693,-0.96465,-2.3652,-1.2416,3.8011,0.0004033,1.1868,0.0010238
-0.78637,-0.47463,-3.2411,1.4482,-1.3048,0.048239,1.9328,0.11254
-0.57005,-2.96,-0.16577,0.0020124,-7.5376,0.082573,3.375,0.20884
-0.67486,-5.1471,1.7646,1.2613,1.7161,0.070418,5.7658,0.238
-0.77303,1.0114,-0.50449,-0.9159,7.4421,0.52967,-6.7766,0.26509
-0.76953,1.2118,-2.5934,-1.334,4.5723,0.17002,1.5569,0.10998
-0.98415,1.1557,-1.187,0.085176,3.2084,-0.0045318,0.14555,0.035851
-0.88234,2.8142,-0.11364,0.77578,4.8699,-0.2055,-2.3772,-0.048139
-0.74013,2.1096,-2.0191,-1.0082,3.1897,0.0040677,-4.3542,-0.15384
4.3276,0.66747,1.4368,-1.0733,-8.2422,-0.012464,-4.9397,-0.12013
4.3011,-1.6981,-4.6694,-2.3414,-0.01354,-0.12499,-2.6263,-0.17499
-0.68222,2.5414,-0.89417,-1.3769,1.2196,-0.32952,-0.26846,-0.15196
-0.71943,0.23466,-0.21369,-0.3622,-0.77847,-0.047099,-0.9064,-0.078074
-0.78839,-4.3205,-0.68262,1.8345,-0.79211,0.024597,-1.9574,0.15019
-0.72706,2.2653,1.3957,-0.18445,7.792,0.56388,-2.7568,0.16487
-0.93228,2.6525,0.74319,1.204,4.2846,0.097128,3.9062,0.14352
-0.75711,1.6767,-2.3366,0.74178,-2.283,0.057564,2.5085,0.11921
-0.75834,-1.0777,-1.5891,1.3753,-6.3675,0.032401,-1.8749,0.14849
-0.74872,1.2105,2.34,1.6532,4.5934,0.18598,-0.12414,-0.010464
-0.61165,0.11026,1.0853,-1.2603,-2.9327,0.029661,-3.8346,-0.038185
-0.71065,0.52629,2.2538,-0.1639,0.093939,-0.026884,-1.4102,-0.1175
4.3256,2.0911,-3.0852,1.5816,6.0317,-0.046579,-3.0772,-0.17769
4.3078,0.57188,-2.3568,-0.16911,4.0156,-0.096616,2.1395,-0.15729
-1.0181,1.0643,-0.95953,-0.40132,-4.8268,-0.02415,-0.69491,-0.12137
-0.80889,-3.6337,-2.7501,-2.19,-0.29424,-0.041554,2.0716,-0.061865
-0.785,0.977,-1.4246,-0.54799,0.13527,-0.10014,1.3605,0.14907
-0.78358,-1.7708,-2.3381,1.6148,-3.8607,0.036438,4.7301,0.17324
-0.66574,-5.6926,0.27952,-1.1387,-5.0578,0.090402,5.3041,0.20203
-0.69678,-0.3868,0.21342,0.88105,6.8161,0.46848,-0.81259,0.25596
-0.78062,0.64174,0.91892,0.86398,7.0589,0.53271,0.15763,0.28069
-0.77454,-0.63021,3.9774,0.25449,3.8201,0.071015,0.27022,0.078297
-0.80355,-0.58329,0.80743,0.842,3.2967,-0.016808,-3.3139,-0.022827
-0.86722,2.0535,-0.022327,0.77005,6.264,0.22439,0.88356,-0.098908
-0.74822,-0.18912,0.42328,-2.4537,-8.4683,-0.022019,-0.64845,-0.1882
4.315,-1.1675,2.5864,-0.03007,-6.9027,-0.01462,-3.1803,-0.16396
4.316,1.684,0.41581,0.44792,3.913,-0.21935,-2.7835,-0.1468
-0.62192,-1.4573,-0.76947,0.37836,2.3477,-0.20506,0.97915,-0.097082
-0.71277,-1.7102,-1.4915,0.41917,-1.8085,-0.082819,-1.6644,0.019448
-0.79517,-4.9439,-1.0412,1.2282,5.7515,0.25008,-0.50465,0.24615
-0.8007,2.6012,0.20054,0.51394,5.9527,0.3677,4.9705,0.1168
-0.89185,4.1766,1.043,-0.48926,-0.082305,0.014817,3.9925,0.24216
-0.79663,-2.7006,2.3654,-2.6441,-6.5339,0.044575,0.7149,0.17667
-0.76655,1.1409,1.3984,0.7321,2.1767,0.020336,5.3823,0.073478
-0.76442,0.2526,2.7501,0.64404,4.1542,0.088567,0.13362,-0.017935
-0.60123,0.55003,1.4399,-0.51355,-2.2992,-0.025504,0.037703,-0.085984
-0.67873,2.2573,0.18616,0.64883,3.905,-0.086689,-1.8766,-0.15123
4.3118,2.4037,0.63324,-0.70166,7.4776,-0.015904,-6.0952,-0.17433
4.2928,1.4382,-2.1474,-1.7907,-4.3464,-0.052355,3.4442,-0.17058
-1.0593,-3.724,-1.7809,-2.2035,-5.7298,-0.024702,-2.5724,-0.095184
-0.85532,0.88601,-3.7724,0.15486,0.89952,-0.089955,0.011335,-0.058993
-0.79811,0.46935,-5.024,-0.47806,-1.2411,-0.077133,0.66003,0.12301
-0.79244,-2.7994,-0.42333,-0.023075,-6.6803,-0.01075,2.3875,0.24277
-0.57003,-5.4827,1.9791,0.0030016,5.3145,0.31237,0.25215,0.15662
-0.72139,-0.95477,6.5576,1.6473,7.5573,0.54428,1.5549,0.092924
-0.80148,0.37852,5.3808,0.073364,5.4691,0.32033,2.0481,0.13262
-0.77964,2.1334,4.5982,1.1192,3.4753,0.026972,1.984,0.00063437
-0.88275,2.3705,0.23063,0.14512,5.192,0.13698,-1.2226,-0.067755
-0.86261,2.4335,0.47916,-1.3425,0.48802,-0.074457,0.17728,-0.12665
4.3207,-0.27849,0.69705,-1.5146,-7.6415,-0.05093,-5.3742,-0.18762
4.2992,-1.8247,-1.26,-1.1957,2.7034,-0.18025,-2.5162,-0.12848
-0.8071,1.4389,-2.8296,1.0139,4.9931,-0.17064,-1.695,-0.087396
-0.67827,-1.1975,-2.4077,-0.54986,0.55439,-0.088877,-1.0396,-0.014698
-0.74776,-3.5573,-2.654,2.0863,-0.33688,-0.068424,-1.2553,0.17903
-0.82178,-1.9615,-0.85617,-0.61085,7.5017,0.56111,2.9776,0.43295
-0.79769,3.3793,2.1993,1.9404,2.2596,-0.0052184,2.9206,0.045294
-0.94756,-0.17737,1.0376,1.6586,-4.9084,0.04899,1.1344,0.2416
-0.80232,-0.42375,0.52776,-0.52954,-4.7229,-0.00048231,7.7338,0.1397
-0.77452,0.74237,1.5335,2.5585,4.9258,0.21488,-2.8436,0.011148
-0.76664,-0.053209,4.6068,-1.4105,1.3615,0.01114,-0.68384,-0.06133
-0.60208,0.10667,1.4909,-0.92336,-0.4572,-0.037973,-2.1495,-0.15739
-0.68845,2.8337,-1.3213,0.86929,5.4168,-0.20122,1.1319,-0.19889
4.2999,2.3412,-0.93166,-3.2239,4.8897,0.034275,4.3751,-0.13838
4.2745,1.4083,-0.25442,-0.48565,-6.8592,-0.015031,1.2005,-0.14045
-0.96511,-3.009,-1.1874,-2.2356,-3.3944,-0.0256,-0.73462,0.035559
-0.8676,-0.18936,-5.4049,1.1181,-0.7638,-0.13626,-1.696,0.027674
-0.78956,-1.4613,-3.1304,1.5864,-4.0494,0.016139,3.1242,0.31148
-0.79219,-7.5615,-1.5678,1.1647,-3.2285,0.022678,3.9652,0.44169
-0.68832,0.12366,3.3904,1.6652,7.5113,0.5911,0.019658,0.19675
-0.69055,1.7693,4.5775,-0.34405,7.1045,0.5934,5.1994,0.097475
-0.71322,-1.4207,3.9408,-0.19852,3.7955,0.14068,1.8642,0.054348
-0.78141,0.32815,1.7536,-0.28004,1.7719,0.022351,0.77989,-0.058215
-0.82516,0.74684,2.4541,0.12946,4.9982,0.25528,-2.5583,-0.10132
-1.0467,0.23774,0.30669,-1.6767,-7.03,0.011133,-1.3552,-0.20582
4.3177,-0.18752,-0.29829,0.75256,-4.9362,-0.011155,-3.5201,-0.15569
4.3004,0.42672,0.045433,-0.21782,4.9568,0.021979,0.83807,-0.091704
-0.81657,2.7647,-1.4987,-0.73347,4.817,0.015215,-2.2055,-0.041056
-0.61901,-4.8519,-5.2874,1.3283,-2.1712,-0.10734,-3.1324,0.06569
-0.75475,-1.808,-0.97905,-0.57388,4.8269,0.14293,1.5576,0.27833
-0.80262,0.43194,-3.221,-0.52758,5.7195,0.35053,2.1579,0.37505
-0.79428,3.4028,0.23043,0.47778,-1.7397,0.022319,3.0928,0.11867
-1.0152,-2.6307,1.6011,0.50941,-8.0641,-0.029984,-4.0708,0.052547
-0.8281,1.4061,2.2756,0.85742,2.0675,0.018854,2.9443,0.056806
-0.77479,1.3264,2.3173,-0.93189,5.5328,0.30989,-1.5725,-0.063715
-0.76407,1.604,0.60977,-1.1991,1.0113,-0.041452,2.2314,-0.092847
-0.59344,1.5686,0.35224,-1.0999,3.083,-0.32666,-1.8485,-0.15333
-0.49495,1.5346,0.4444,-0.54564,7.2778,0.13601,-3.843,-0.17693
4.3105,-0.78003,-5.0257,-1.74,-6.3929,-0.074701,2.5987,-0.14469
-0.81443,-1.3605,0.037647,-0.54236,-7.5523,-0.069971,-2.4287,-0.020832
-0.95966,-1.3926,-4.642,1.0131,-1.0925,-0.23732,-0.26732,0.024778
-0.80309,2.8931,-1.5174,-1.5808,-2.1439,-0.16593,0.00049505,0.22814
-0.79801,-2.9923,-0.80466,1.9867,-6.7664,0.036592,6.2599,0.48114
-0.78587,-3.3194,0.33522,0.46048,5.5699,0.35604,1.9734,0.19755
-0.68611,0.060197,3.6296,0.93153,7.4465,0.58831,1.9533,0.17548
-0.69129,0.76446,6.3469,-0.72445,5.206,0.29169,4.3966,0.079708
-0.73753,1.5724,2.5852,-0.91446,-0.95009,0.015818,1.9758,-0.023338
-0.77236,0.56052,-0.06366,0.26249,3.279,0.0054667,2.4265,-0.14834
-0.88797,0.54422,1.7038,0.60689,-0.43105,-0.071903,0.96317,-0.14094
-0.92093,0.095936,2.5458,-1.2234,-9.0739,-0.074463,-1.0088,-0.16866
4.3227,0.83953,1.13,0.43244,2.6728,-0.16574,-3.1376,-0.13558
4.3018,0.27169,-1.828,0.2346,5.781,-0.25885,-4.8153,-0.038379
-0.80095,-0.82206,-4.4972,-0.65635,-1.35,-0.15059,0.11509,-0.027476
-0.5582,-3.5612,-3.1446,1.9527,-1.7806,-0.10052,-1.5863,0.051379
-0.77749,-0.6112,-2.2959,-1.5943,4.7449,0.13674,1.916,0.34509
-0.79849,2.2451,-1.4236,1.4652,-0.29644,0.025695,2.6873,0.33934
-0.79486,-2.9797,3.2117,-0.4588,-6.9897,-0.048633,1.4689,0.20417
-0.90616,-0.025068,1.8985,0.53091,-3.3188,0.0021489,6.5771,0.040378
-0.80508,1.7555,0.52175,1.0131,5.1643,0.29491,1.0097,-0.018203
-0.76028,1.6608,0.21018,-0.43782,3.6715,0.11476,-4.2862,-0.12351
-0.75847,-0.75463,0.25873,-0.67555,2.1338,-0.21244,-4.1624,-0.10835
-0.52343,1.6426,-0.90278,-0.8604,3.9147,-0.69886,-2.6949,-0.19115
4.3337,-0.0046263,-5.0373,-0.43058,2.1418,-0.15762,-0.21601,-0.16221
4.3148,-3.016,-3.3425,-2.4103,-8.5467,-0.11476,-4.949,-0.11108
-0.81731,0.60956,-0.97373,-1.3668,-3.2702,-0.11101,-1.7305,0.035535
-0.98519,1.2437,-4.3059,-1.0565,0.041564,-0.43412,-0.03322,0.1148
-0.85658,1.6081,-0.16341,0.78334,-6.0271,-0.042183,3.759,0.47194
-0.79868,-5.9422,-0.19432,0.93654,0.34093,0.033562,-0.28495,0.27054
-0.78187,2.9276,2.1856,2.0339,7.0435,0.52163,-1.0968,0.15063
-0.78138,3.6985,4.1914,1.0407,5.0671,0.2723,4.4802,0.038553
-0.65662,1.4192,2.2065,-0.01847,0.63134,-0.042709,3.7954,-0.011023
-0.74239,2.461,0.56935,-1.2142,-2.7931,-0.010481,1.3232,-0.099711
-0.76674,2.6083,0.45852,0.78755,3.8508,0.14325,-2.5756,-0.15929
-0.75644,-0.82487,3.1182,-2.1094,-7.0957,-0.055865,-2.9616,-0.090681
-0.85106,0.99845,1.3155,-0.23235,-3.1069,-0.11922,-3.7057,-0.11933
4.3239,-0.74192,-1.9445,-0.90569,5.2282,-0.24895,-1.6411,-0.095452
4.214,2.0889,-5.27,-0.24511,4.9741,0.0204,-1.7255,-0.005012
-0.80296,-2.6999,-4.1439,0.32354,-5.7468,-0.048164,-3.3842,0.018766
-0.54785,-4.3046,-4.5377,0.5162,4.1674,0.085647,-5.201,0.17553
-0.72445,2.8192,1.0118,0.35755,1.2845,-0.097688,0.052801,0.30946
-0.79993,1.9234,-0.83415,1.3988,-6.1443,-0.028642,5.2211,0.35789
-0.79427,-6.218,1.2767,0.19724,-7.1324,-0.0079587,9.3132,0.11385
-0.90933,0.33914,0.027105,2.9442,4.2836,0.17121,0.83997,0.030667
-0.86594,0.60983,2.8162,0.76335,4.8094,0.27943,-3.0028,-0.091947
-0.76487,1.7966,0.12746,0.95863,1.7821,-0.034675,-0.70249,-0.16637
-0.75895,-0.85348,-0.19158,0.65307,3.2494,-0.35059,-4.8014,-0.15851
-0.49107,2.5923,-3.1546,-0.92899,6.284,0.027966,1.212,-0.16917
4.3307,1.0062,-2.99,-2.0706,-10.133,-0.043146,1.4301,-0.13286
4.3137,-3.4584,-3.8593,0.19569,-6.7166,-0.11109,-3.214,0.050284
-0.81237,1.1404,-5.5952,-0.345,-2.5744,-0.40912,-1.5869,0.13415
-0.81886,0.58637,0.084864,1.0657,-0.16379,-0.25533,-2.1492,0.02838
-0.91754,-1.2113,-2.4458,0.26591,-6.8482,0.01207,2.5683,0.28753
-0.7707,-2.9531,0.063459,0.56593,6.1112,0.41861,-0.2038,0.31454
-0.77669,2.5147,3.3429,0.89767,6.0783,0.45516,0.054381,0.078126
-0.76822,2.2871,4.2352,0.10867,3.9451,0.18726,1.9969,-0.03485
-0.62952,1.3017,0.61249,-1.0641,-6.4184,-0.029233,-1.2135,-0.07586
-0.72458,1.7723,-0.82495,-0.12959,1.9767,-0.025235,1.8708,-0.1545
-0.763,0.75251,1.671,0.46351,-2.5161,-0.037133,-1.3849,-0.16988
-0.76128,0.15535,0.8282,-0.036718,-5.5013,-0.038769,-2.829,-0.13349
-0.94394,2.8658,-0.69694,-0.5481,3.8247,-0.14425,-3.1364,-0.12123
4.3295,-1.8767,-3.9689,-2.5117,6.6489,-0.057104,-8.8527,0.010929
-0.78603,2.4988,-2.1972,-0.71208,-5.4211,-0.061532,0.72471,0.096964
-0.78721,-3.2962,-0.55922,-2.058,-4.3331,-0.13572,1.0535,0.091658
-0.57148,0.26997,-2.9049,0.70811,3.3116,-0.11063,3.256,0.26431
-0.6381,0.19424,-2.6852,1.5127,-3.9196,0.019264,2.8092,0.39267
-0.78987,-2.6486,2.796,-1.7982,-9.524,-0.036523,4.1024,0.14099
-0.78703,-5.0241,0.26833,2.9043,1.3607,-0.034745,4.3646,0.054713
-0.88141,0.69292,3.7207,0.65193,5.6273,0.29215,-3.6026,-0.08927
-0.8114,-1.5216,1.5763,0.012726,2.7649,-0.062507,0.79947,-0.13831
-0.74671,0.38771,-0.017895,0.6963,1.8903,-0.092804,-0.36508,-0.22342
-0.74938,-0.033223,0.34897,1.3686,4.4633,-0.38567,-1.86,-0.15359
-0.52527,1.999,-1.9323,-1.5773,-4.0732,-0.18555,-2.5925,-0.078537
4.3332,0.82985,0.78838,-0.53018,-12.824,-0.061192,-6.0603,-0.069337
4.3203,-2.5343,-3.8609,-2.4072,-2.4746,-0.32505,-2.9825,0.11471
-0.80871,2.0416,-0.45601,-0.61278,-0.95617,-0.54367,-1.8651,0.30415
-0.78329,0.79954,0.16389,0.06865,-4.2795,-0.16969,1.937,0.1417
-1.0027,-4.0979,-1.6512,-0.074221,-2.797,-0.015249,-0.25376,0.28585
-0.80198,1.3542,1.3639,-0.22513,6.2721,0.34403,-4.0372,0.22841
-0.77366,1.8399,2.6306,0.89658,3.5621,0.0599,3.5001,0.049992
-0.76846,-1.2245,-3.2255,-0.33006,-3.328,0.054708,4.4255,-0.056973
-0.67137,-1.3556,0.62586,-0.132,-8.8719,0.017641,-1.9495,-0.16253
-0.70643,0.89849,2.3442,1.7293,3.2198,0.0026109,-1.8039,-0.19465
-0.75857,-1.2319,4.357,0.24441,-7.1487,-0.037896,-1.9033,-0.15785
-0.7567,0.86901,0.87569,0.93793,-2.3584,-0.089256,-4.4159,-0.13629
4.3392,3.0668,-3.4714,1.3979,4.0714,-0.72031,-2.5784,-0.099711
4.3236,0.50687,-1.32,-2.1569,0.56644,-0.24251,1.784,0.077883
-0.79858,0.23996,-2.8324,-0.25446,-7.953,-0.066627,-1.8434,0.18198
-0.77903,-1.4289,-0.77111,-1.9238,-2.4446,-0.14443,0.48305,0.030546
-0.71614,1.5063,-1.8098,-0.059692,-2.5207,-0.072961,1.3956,0.16083
-0.6979,-0.13495,-2.0583,1.1877,-6.695,0.0204,2.0016,0.23871
-0.78019,-5.2323,0.93176,-1.3989,-5.8535,0.086924,7.0303,0.075863
-0.77904,1.9055,0.29953,-2.4349,5.0086,0.24003,0.12379,-0.039426
-0.8621,1.3425,2.6775,-0.70633,4.8664,0.20794,-2.5142,-0.13787
-0.8185,-0.67271,1.8453,-0.17261,2.1308,-0.0041339,0.58392,-0.19195
-0.76811,-0.32834,0.28118,0.68252,0.89106,-0.15972,-3.0238,-0.17182
-0.74574,0.58475,0.61544,0.70375,4.4467,-0.22006,-2.0442,-0.12746
4.3623,0.41176,1.3881,-3.7311,-11.787,-0.060248,0.86162,-0.094186
4.3315,-4.1738,-0.31012,-0.14087,-8.8496,-0.17039,-3.3388,0.070922
-0.77542,1.0958,1.0372,0.92844,0.87366,-0.40606,-3.1868,0.30376
-0.80555,-0.91516,-1.425,0.15745,-0.76958,-0.32947,0.032341,0.19573
-0.79564,-0.32345,-1.7119,0.75423,-5.0427,-0.12098,-0.028281,0.084673
-0.88857,-1.4932,0.61027,0.83589,4.4866,0.056755,0.67602,0.37717
-0.75149,2.7517,2.0561,0.035424,4.0721,0.090967,0.31722,0.11831
-0.77017,1.4726,3.1803,1.2827,-1.0262,0.074493,2.1749,-0.022438
-0.7627,-0.54539,2.1993,-0.8767,-7.6916,0.037233,-2.7263,-0.08686
-0.62428,-0.0085116,2.3472,1.2977,-0.96141,0.020676,3.1241,-0.18119
-0.69025,1.0097,0.51955,-0.98033,-0.18104,0.0066411,-0.62646,-0.17893
-0.75905,-1.8294,-0.40503,-0.13883,-5.0662,0.00098729,-0.86124,-0.1627
-0.75878,1.5476,-1.9733,0.99041,2.1807,-0.366,-4.7467,-0.095111
4.3313,2.2471,-2.4231,-1.0453,6.6553,-0.29181,-8.8118,-0.065711
4.306,1.4738,-4.5563,-2.2594,-6.8835,-0.032814,1.4433,0.12892
-0.7921,-2.5854,-0.46025,-2.5838,-7.4933,-0.059889,-4.1948,0.22501
-0.79094,0.96465,-2.4712,-1.1679,-0.032396,-0.16558,-0.81854,0.12081
-0.66236,2.1872,-3.4295,-0.50055,-4.943,0.047591,1.6428,0.24696
-0.73367,-3.8221,-0.42378,-0.81637,-9.4573,0.021382,1.2027,0.19714
-0.77084,-3.7573,2.7935,1.8043,3.8368,0.064033,1.2633,0.046414
-0.78278,2.5688,0.82907,-1.4342,6.6541,0.41581,-1.8854,-0.093139
-0.87272,1.6217,4.7255,-0.12799,4.0742,0.10913,-1.167,-0.19426
-0.8626,1.0989,1.165,0.71111,0.52547,0.039755,2.4196,-0.18684
-0.77703,0.16461,-1.5165,0.35462,2.9083,-0.14142,0.23957,-0.15228
-0.75127,1.1787,-0.69331,-0.61311,-2.9227,-0.014363,-3.4886,-0.10911
4.3473,1.5699,0.82278,-0.53433,-10.45,0.030752,-5.2011,-0.032295
4.3235,-2.1082,0.52905,-0.2846,-0.26015,-0.16765,0.54644,0.096501
-0.78369,2.4512,-2.0742,0.52931,2.8864,-0.52428,-2.6009,0.21142
-0.80692,-1.0289,-1.7772,0.0072728,-2.6588,-0.16622,0.069993,0.14834
-0.79974,-4.0667,-2.6912,1.1587,-0.65276,-0.05197,-1.4926,0.21839
-1.1274,1.8822,-0.86567,-1.2019,5.8565,0.28777,-0.33637,0.148
-0.83372,2.8115,-0.20771,-0.7757,0.62637,0.062428,0.98689,0.028818
-0.77394,-1.5112,0.10316,-1.1743,-7.7194,0.044273,2.9946,-0.064007
-0.76834,0.095107,2.0713,0.16683,-7.1905,0.092603,9.0277,-0.12271
-0.63455,-1.2291,2.0294,1.4852,3.7921,0.036284,-1.4971,-0.19782
-0.72229,-0.080695,3.675,-0.40071,-3.3198,0.0095097,-1.9773,-0.14951
-0.76024,-1.1061,2.5177,-1.2018,-1.9997,-0.11118,-4.7888,-0.12064
-0.75778,1.111,-2.8367,0.92875,5.2487,-0.29284,-1.8168,0.032055
4.3382,0.26359,-2.5886,-1.1943,1.8022,-0.071036,0.20632,0.14598
-0.83383,0.69986,1.6321,-0.46916,-9.8303,0.032093,4.2829,0.23623
-0.80031,1.0739,-1.93,-0.53045,-4.7101,-0.047702,2.2359,0.20422
-0.78461,-0.37933,-3.9208,1.3216,-2.1143,-0.11579,0.11737,0.1526
-0.697,1.0846,-1.9568,1.9852,-6.8872,0.033973,0.8506,0.13152
-0.61781,-9.0123,-1.4818,-0.24265,0.52049,0.093418,2.3464,0.064375
-0.77273,1.0001,5.7749,0.29975,7.0357,0.43976,-2.9986,-0.047457
-0.77473,-0.44909,1.6905,0.10854,6.6683,0.40721,0.82982,-0.1646
-0.82828,-2.7639,5.1203,0.24177,2.2634,0.0078091,-0.5179,-0.18501
-0.80851,1.5251,2.0235,-1.2792,0.2749,-0.0065468,-0.94092,-0.17669
-0.71492,-1.1535,0.54341,-0.95131,4.1191,0.047206,-2.9732,-0.12663
-0.74013,0.24209,1.9091,-2.0966,-8.0573,0.056775,-5.8279,-0.019055
4.3417,1.0545,0.30203,1.0338,-4.0952,-0.0098005,-2.9413,-0.050865
4.3231,1.2952,-0.66769,-0.23153,4.2736,-0.41448,-0.5927,0.15567
-0.75963,1.4273,-3.1968,-1.5843,0.97124,-0.21743,-1.0082,0.24562
-0.79894,-2.4256,-4.167,0.52501,-3.8647,-0.086939,-3.6497,0.097889
-0.79221,-1.435,-0.39838,1.05,6.4768,0.31258,-1.3032,0.12554
-0.97626,1.759,-1.5532,0.90582,4.1669,0.11891,2.069,0.072042
-0.79679,0.68714,-0.91166,1.3514,-4.1955,0.021729,4.4751,-0.015891
-0.75815,-3.5306,0.79177,-0.45028,-7.5278,0.021613,-3.4689,-0.10674
-0.76354,-0.36644,2.8511,3.2328,1.9476,0.061248,-0.54572,-0.14637
-0.58343,0.84145,2.7074,0.48596,4.758,0.12787,-2.7193,-0.20169
-0.63567,-1.5994,2.5512,1.4182,-1.4783,0.0068786,2.4023,-0.14126
-0.75664,-0.4877,1.2362,0.53944,2.2806,-0.44841,-4.5692,-0.080143
4.4109,1.6392,-0.96441,-1.0388,7.7001,0.1803,-6.5174,0.053253
4.3433,-1.3063,-2.218,0.036516,-7.3622,0.004042,-0.77734,0.37432
-0.89505,-1.4574,-2.151,-0.11587,-6.7167,0.00060866,-2.4785,0.24842
-0.77189,0.22964,-2.3271,0.57775,-0.85417,-0.21838,-0.15911,0.20658
-0.77763,2.9571,-3.1177,-0.40269,-2.6445,0.041835,2.9491,0.20485
-0.3934,-2.1108,-1.3485,0.38651,-5.7657,0.0066924,3.463,0.075279
-0.63245,-2.3734,0.048876,1.9068,6.2677,0.3463,1.535,-0.011997
-0.79072,0.67162,2.9776,0.0097263,7.5274,0.57161,0.10204,-0.12726
-0.76882,-0.74192,7.151,-0.11259,5.7164,0.3113,3.8123,-0.23174
-0.83422,0.28179,2.173,1.0117,-0.57184,-0.0084913,0.51083,-0.1165
-0.95562,1.031,-0.96456,0.060628,4.6687,0.10217,1.8055,-0.14788
-0.78455,-0.043479,-0.52401,-0.79026,-2.3931,0.046994,2.2296,-0.11582
-0.73592,0.24017,1.4362,-0.65135,-7.7869,-0.040168,-1.3924,0.11076
4.3424,0.21955,-0.81954,-0.87779,5.1783,0.032099,-3.5823,-0.0044036
4.2798,1.5269,-0.43764,0.23821,6.1405,-0.22586,-3.5809,0.17728
-0.72022,-1.3614,-3.8092,0.21904,-2.1854,-0.085392,-2.0697,0.30371
-0.79499,-2.6166,-1.1979,-0.57113,0.83168,-0.10154,-0.45142,0.16857
-0.78864,1.9838,-1.5178,-0.51732,4.6903,0.10059,1.9024,0.065446
-0.8787,1.1872,-1.6978,1.5956,0.34082,0.079043,1.3664,0.0084712
-0.80821,-1.7611,-0.49175,0.52706,-8.1558,0.07638,1.2178,-0.11156
-0.76058,-2.2086,1.9747,1.0295,-0.73452,0.10949,9.5323,-0.18947
-0.75322,2.535,0.50856,0.70705,5.8711,0.33855,-4.5614,-0.16129
-0.48779,0.46487,0.18472,-0.41505,3.9615,0.077972,-3.2773,-0.14405
-0.60078,-0.51561,0.3677,-1.5455,0.84023,-0.1028,-2.6536,-0.11655
-0.73813,2.0089,-0.43792,0.60251,6.8201,0.021036,-3.0175,-0.036116
4.3579,2.0651,-3.6335,-2.5053,-2.0064,-0.073661,0.74163,0.0098828
4.3301,-2.328,-1.0921,-1.8564,-8.356,-0.049852,-3.397,0.24036
-0.88038,2.3498,-1.9658,-0.21024,-2.5659,-0.069458,-2.5038,0.21892
-0.78466,2.2353,-3.8295,-0.70626,0.47722,-0.24928,0.77434,0.10857
-0.77292,1.9239,-0.85306,1.5098,-5.5074,0.021145,6.178,0.099811
-0.76945,-5.1268,-1.4997,-0.332,2.7633,0.019983,3.0699,-0.011413
-0.62041,3.7495,2.3012,0.84205,8.1739,0.64338,-6.0212,-0.079024
-0.79647,1.4996,6.0732,0.28572,6.1036,0.41038,3.6031,-0.1266
-0.76263,-0.63078,4.4248,-1.1769,1.0894,0.0563,1.7116,-0.21432
-0.7639,2.0006,2.6623,-1.0419,-1.3797,0.026503,0.31307,-0.10679
-0.78295,2.6068,0.032142,-1.0551,3.9636,0.035886,-3.0655,-0.12093
-0.74506,-1.0954,2.6061,-1.2422,-7.2319,0.0028484,-2.5742,-0.060989
4.4168,0.9593,1.0494,-1.0948,0.57261,0.017621,-2.6695,0.10962
4.3445,-0.31869,-3.3479,-0.75057,6.2243,0.0357,-3.5803,0.12897
-0.54491,2.4338,-1.4386,-0.42091,4.4819,0.0028869,0.54395,0.23951
-0.71495,-2.8539,-2.276,-0.87485,-4.3168,-0.0079138,-1.3361,0.18341
-0.78888,-2.2994,-2.1793,1.7027,5.6815,0.27584,-0.48305,0.12821
-0.78798,2.305,0.2941,1.5767,2.7361,0.0060571,1.755,0.074159
-0.77598,3.0394,-0.98138,0.68471,-4.1135,0.0374,4.4084,-0.092458
-0.79957,-5.2776,1.2291,-0.4479,-6.5008,0.034583,8.0531,-0.17423
-0.7473,-1.1331,3.8603,2.3243,4.6054,0.147,7.3648,-0.21227
-0.74992,-0.85516,4.3749,0.58835,5.4601,0.27664,1.2098,-0.13858
-0.5585,-0.51521,0.70398,-0.72405,2.4676,-0.050776,-0.61894,-0.092093
-0.56719,-1.6739,-0.91168,0.91799,3.1378,-0.38474,-3.6328,-0.033536
-0.75114,0.76723,-2.8424,-1.7229,7.0902,0.11898,-4.0503,0.16479
4.3543,1.0435,-1.5757,-1.3812,-9.3546,-0.028148,4.0657,0.074256
4.3332,-1.5629,-1.2309,-0.28782,-5.7365,-0.088402,-2.2015,0.2408
-0.95052,2.3648,-3.5105,-0.24957,-1.4448,-0.26651,-1.8268,0.29269
-0.80367,0.41996,0.16955,0.81996,-1.1019,-0.13838,-2.5795,0.11488
-0.76809,-0.71058,-1.0829,0.6748,-5.3041,0.056364,3.8235,0.019788
-0.76548,-3.4674,1.0783,0.071232,6.8917,0.4441,-0.78062,-0.062912
-0.62845,3.131,3.0735,0.12614,6.9468,0.48345,-4.1675,-0.16832
-0.74861,-1.6196,5.9607,0.12575,3.5124,0.0050496,1.8697,-0.17552
-0.75535,-1.7628,0.24364,-0.35229,-3.9327,0.0044848,-0.27989,-0.18694
-0.75607,0.98802,1.3107,-0.28453,3.3829,-0.0050323,2.7703,-0.10375
-0.83621,-0.27371,0.48512,-1.2857,-3.2957,0.011557,1.7538,-0.087177
-0.7641,-0.63653,0.59565,0.39228,-4.8219,-0.019042,-2.101,0.055979
4.3666,2.6816,-0.41775,-0.56553,4.6558,-0.15111,-3.0775,0.027722
4.335,0.27832,-2.7813,-0.59676,7.0939,0.027729,-7.7463,0.12566
-0.55183,1.4197,-6.0671,-0.8772,-4.0915,-0.068745,-0.15704,0.24625
-0.687,-2.0416,2.3423,-1.958,-1.6794,-0.05342,2.5415,0.074183
-0.7802,2.3482,-0.80601,0.61783,4.7448,0.10256,5.8327,0.065836
-0.78073,1.7924,-1.6929,1.4799,-1.6064,0.063134,4.4459,-0.071893
-0.96202,-1.6934,1.0477,-1.1702,-8.1899,0.0035928,4.4139,-0.14245
-0.8218,-2.2889,-2.6693,2.73,2.1842,-0.0027798,3.0347,-0.15773
-0.73764,1.0515,1.4895,1.1391,6.7627,0.41037,-2.099,-0.17195
-0.7436,-0.30942,-2.2439,-1.1258,4.6318,0.16821,-1.2819,-0.092142
-0.53744,1.4476,-1.3233,-0.028278,2.2427,-0.092509,-2.6496,-0.087444
-0.61355,0.58656,-0.72803,-0.68047,5.5357,-0.51586,-1.9468,-0.024409
-0.79155,2.0445,-0.97844,-1.6793,-3.6641,-0.12921,0.34362,0.1774
4.3506,-1.7621,-1.1711,-1.0671,-8.5364,-0.013613,-7.7773,0.27509
-0.79746,0.082706,-3.7626,-1.2235,-0.060578,-0.17767,-2.6116,0.18886
-0.94605,2.5953,-0.57418,-0.90752,0.045584,-0.43214,-0.43932,0.1398
-0.7337,1.9451,0.11242,-0.53595,-2.4253,-0.099992,3.0397,0.0745
-0.76303,-4.9747,-1.1208,0.66488,0.38739,-0.015628,3.3586,-0.073304
-0.75893,1.1564,1.5415,-2.2099,7.2946,0.51695,-2.5812,-0.081311
-0.62355,1.7929,3.1973,0.3779,4.8757,0.25602,1.2643,-0.20621
-0.70386,-1.8624,-1.2628,-0.25045,-2.4911,-0.021082,3.9997,-0.18655
-0.75428,-2.7505,-0.22298,0.13406,-5.7842,-0.018368,0.4226,-0.13889
-0.75374,0.6555,2.4461,1.8324,3.3566,0.048913,1.5706,-0.07917
-0.98172,-1.5393,1.2578,-0.76728,-6.4459,-0.043961,0.13436,0.071433
4.3637,0.95344,-0.12913,-0.56457,0.36641,-0.098773,-3.4896,0.1233
4.3322,2.6214,-3.3729,0.63722,6.0736,-0.18278,-2.2295,0.059654
4.299,0.81514,-2.9467,-1.2275,2.6549,-0.1648,3.4438,0.20967
-0.4533,1.2901,-1.0234,-0.71331,-6.0898,-0.027519,-2.7422,0.15683
-0.71614,-0.5694,0.69346,-1.9449,1.3806,-0.11416,1.231,0.044418
-0.80332,2.1059,-1.1455,-1.0895,-0.51643,-0.057207,2.346,-0.050378
-0.8004,-1.5321,-0.29604,1.6685,-5.1105,0.058514,2.9712,-0.15703
-1.0178,-7.6217,0.17089,1.3479,-1.8891,0.029982,8.9765,-0.1719
-0.85252,-0.14683,-0.57437,-0.086071,6.1096,0.39091,0.2958,-0.14318
-0.78477,-0.96215,1.6557,0.62754,6.1041,0.36244,0.71741,-0.16029
-0.76719,-2.8163,0.53182,0.52128,4.7296,0.15901,0.83345,0.018231
-0.74298,0.86366,-0.23588,-0.46499,2.6818,-0.20813,-3.0053,-0.036578
-0.39097,0.20206,-1.6929,-0.27075,5.1632,-0.069438,0.6948,0.10363
4.3376,1.2502,0.90765,-1.9507,-9.3559,-0.060165,-0.071687,0.091171
4.3108,-5.2098,-0.74161,-0.56362,-4.4209,-0.047606,-4.6712,0.38666
-0.82394,3.4366,-0.53482,0.48124,2.9913,-0.37054,-2.7998,0.05705
-0.87094,-0.41871,-0.42306,0.52218,-0.82977,-0.16832,4.9777,0.10594
-0.83751,-1.689,-3.0608,1.7016,-1.6224,-0.030208,0.88595,0.0019486
-0.79588,-0.20979,0.74197,1.0716,6.6716,0.45614,2.603,-0.11575
-0.78918,2.8768,2.6726,1.9209,5.2819,0.27579,3.103,-0.12782
-0.67075,0.85701,1.1692,-0.31763,-0.21409,0.0014173,4.065,-0.21115
-0.75359,-2.644,2.7887,-0.067432,-6.4217,0.019938,-3.4389,-0.16958
-0.78263,0.028152,1.7378,0.134,2.2072,0.0062817,2.4613,-0.11463
-0.78263,1.0274,2.1168,0.65008,0.33229,0.045178,-1.8469,-0.036578
-0.96182,-0.64888,-0.81868,0.69782,-3.894,-0.026287,-0.6022,-0.013263
-0.81417,1.1466,-3.1358,0.65339,4.2739,-0.25273,-4.0173,0.2655
4.3257,2.0336,-3.8497,-0.90969,7.0741,0.027299,-7.7418,0.25954
-0.84946,1.6534,-1.2852,0.66243,-5.693,-0.04013,-0.11703,0.14525
-0.68692,-0.56394,0.07578,-1.3232,-4.6096,-0.068514,-2.6636,0.094262
-0.58982,0.75981,-0.66183,1.45,2.2891,-0.12749,0.94419,0.0046745
-0.83519,2.1727,-0.88085,-0.54146,-3.9924,0.062852,3.7951,-0.13685
-0.79812,-5.7674,-0.23648,-1.1136,-5.5828,0.00727,4.3641,-0.24949
-0.90605,-1.7009,-0.766,2.6954,5.504,0.31313,-0.7764,-0.19845
-0.7758,2.163,3.2726,0.01367,7.4143,0.54459,0.27199,-0.17769
-0.71928,0.35725,5.9465,-0.27025,3.9651,0.061498,2.7547,-0.049915
-0.76347,-0.94283,1.4867,-1.0072,2.2467,0.016486,1.4582,0.048312
-0.75513,0.1682,-0.10357,0.79086,4.501,0.018334,0.45488,-0.034972
-0.5333,0.40313,-1.8497,-1.2961,-4.7352,-0.12242,0.070416,0.20113
4.3271,2.3757,-0.013668,-3.0404,-9.217,-0.016513,-3.1119,0.075595
4.2945,-0.35907,0.39787,-0.36543,3.8155,-0.14155,0.56916,0.23744
-0.82448,3.3984,1.58,-0.067214,4.5192,-0.21155,-0.96533,0.036143
-0.91278,-1.8064,-1.5074,-0.92825,-2.2532,-0.096597,2.2142,-0.0040385
-0.82648,-4.2394,-1.8144,2.0752,4.8594,0.17443,-0.93294,-0.062449
-0.78861,2.6231,0.21986,-1.6043,5.9836,0.36089,0.53901,-0.20468
-0.78941,3.2133,0.082256,1.302,0.74396,-0.027532,3.4088,-0.14359
-0.58286,-3.0087,-0.39548,-1.2091,-7.6171,0.012173,5.5321,-0.1756
-0.70002,-1.6444,4.5759,1.2416,-1.9154,0.029436,5.9437,-0.097715
-0.78371,-1.3875,-0.21327,1.2164,5.2537,0.30098,0.66917,-0.0027243
-0.78103,0.66676,0.062714,-1.7742,-0.26835,-0.048902,-6.004,-0.055659
-1.0519,-0.71654,-0.23941,-0.10319,0.77263,-0.29052,-2.8907,0.11695
4.5085,2.6233,-1.7386,0.20258,5.9584,-0.26528,-0.49471,0.20923
4.3154,-1.5763,-5.8611,-2.0144,-2.7885,-0.077056,-0.43502,0.29352
-0.80886,-0.27666,-2.0395,-0.077702,-6.9165,-0.044673,-2.333,0.11025
-0.4496,1.1739,-2.3002,0.41543,-1.0035,-0.15125,1.7788,0.019594
-0.63225,0.60389,-1.2196,0.89654,-0.98777,-0.10771,0.32625,-0.076711
-0.88731,1.1315,1.4082,0.14295,-6.4424,0.013014,5.3401,-0.24464
-0.79438,-9.3022,-1.6239,-0.024418,4.5181,0.19982,0.59427,-0.21967
-1.0037,2.1744,3.6747,0.34437,7.4394,0.58087,-5.2676,-0.20721
-1.0366,0.77004,1.9106,0.15887,6.2083,0.42235,2.0657,-0.10509
-0.81311,-2.3412,1.4298,-0.28028,2.726,0.029481,1.7913,0.020543
-0.76383,1.1806,1.3526,0.024448,1.4192,-0.023252,0.42308,0.088835
-0.75832,1.0856,1.8612,-1.3393,3.126,-0.01523,0.79904,-0.0063019
-0.56195,0.076811,0.77556,-1.5494,-8.0308,0.00087178,-7.1259,0.24968
4.3269,1.301,0.34412,0.88728,-1.4088,-0.14384,-4.4648,0.172
4.3022,2.1368,1.8807,1.7993,4.3368,-0.41364,-2.7294,0.16769
-0.81491,2.835,-0.46879,-1.3097,1.0623,-0.14581,-1.3417,0.031714
-0.97058,-2.9447,-4.3436,0.65172,-2.1952,-0.11047,-1.5074,-0.071114
-0.82196,-1.9902,-0.51926,0.46449,6.5716,0.44168,-0.9983,-0.16331
-0.78533,0.90371,-1.4937,1.6921,4.0545,0.12043,2.8009,-0.23096
-0.77442,-1.4928,-1.0461,0.93594,-4.0047,0.060522,2.7901,-0.15822
-0.54356,-3.88,-0.52765,-2.4985,-7.3947,-0.0025937,2.3932,-0.15476
-0.6613,-2.1512,2.7135,2.2866,3.6728,0.069379,-3.1075,0.059848
-0.79137,-0.25673,1.7334,-0.62625,4.427,0.16769,-0.24649,0.057877
-0.76862,-1.265,0.79947,0.30647,-1.294,-0.073193,0.9024,0.026433
-0.92162,1.1593,-1.2548,1.6404,4.4169,-0.33113,-3.0306,0.11135
4.3383,4.1461,0.78117,-3.3169,6.356,0.056627,-1.7365,0.079879
4.3041,-1.1624,-0.83358,-1.249,-6.946,-0.013946,5.3204,0.18597
-0.79984,0.40765,-0.44277,0.38338,-4.8963,-0.087799,-1.0447,0.044443
-0.77852,-1.4099,-4.6081,0.10263,-1.5804,-0.2636,-1.1019,-0.059991
-0.64573,2.2221,-1.4089,1.3251,-3.2689,-0.036947,3.2629,-0.13116
-0.86931,-4.545,-1.4017,0.023767,-3.5844,0.044652,2.9171,-0.24944
-0.78637,-3.9256,0.14199,3.1936,6.5666,0.48139,1.9335,-0.22734
-0.86105,0.73282,1.004,0.44316,7.3155,0.57832,-2.0962,-0.10368
-0.95205,-0.22979,4.7636,0.15088,4.5514,0.18239,2.2309,-0.051862
-0.73487,-3.1633,3.32,1.082,0.8244,0.019637,3.0485,0.066298
-0.75433,2.3341,-0.40261,0.72535,4.4094,0.11734,3.5118,0.010516
-0.75403,0.7721,-0.30214,-0.59763,-3.5152,-0.010654,1.4412,-0.020637
4.1234,1.2102,1.1553,-0.64393,-8.2739,-0.060569,-3.7587,0.20831
4.3186,0.82833,-0.55393,0.66241,4.1531,-0.30191,-3.3221,0.21899
-0.81568,2.7349,-1.441,-0.36077,5.6497,-0.28686,-2.1897,0.074573
-0.80994,-1.4325,-5.3038,0.31098,-3.3056,-0.075118,-0.29297,-0.027817
-0.95763,-1.4426,0.28648,0.3446,4.2147,0.048188,-3.0091,-0.1487
-0.77719,0.67267,-0.11427,-0.11829,4.779,0.20594,1.5389,-0.23281
-0.77169,0.2555,-1.9169,0.60098,-0.24065,-0.0039285,1.3359,-0.18122
-0.77383,-4.0257,-1.3547,-0.67428,-8.9768,-0.018907,2.0561,-0.1204
-0.58453,-2.7689,3.9512,2.2042,0.55222,-0.034809,3.8392,-0.008395
-0.61071,1.8091,-0.15728,-0.99606,5.3355,0.30849,-5.0996,0.030813
-0.7924,-0.376,-0.55275,-0.96147,2.6348,-0.071145,-1.5552,0.15041
-0.76646,-0.64171,-0.12888,-0.85571,2.2392,-0.15465,-2.2687,0.19402
-0.96852,3.3058,-1.3356,-0.33647,5.9618,-0.44427,-2.3946,0.24063
4.329,2.7196,-3.6656,-1.1824,-7.3763,-0.093632,0.15889,0.066298
4.296,0.23908,0.72885,-2.3446,-7.8537,-0.076427,-5.1698,0.10047
-0.79811,2.4739,0.021594,0.65173,-2.6759,-0.1886,-2.0189,-0.026575
-0.78217,2.9132,-1.3374,-0.61951,-2.0142,-0.30715,0.36766,-0.085838
-0.61367,1.334,0.82757,2.5426,-7.8484,-0.013125,5.7552,-0.215
-0.81921,-6.1947,-2.3348,0.33056,3.3648,0.086667,2.6172,-0.2489
-0.78047,1.0609,3.443,-0.7527,7.3939,0.56269,-2.7906,-0.1635
-0.78302,1.9597,4.8138,0.046067,4.8788,0.28411,2.8955,-0.068169
-0.8724,-1.104,2.169,-0.47638,-1.1172,0.0092466,2.1639,0.039015
-0.79436,0.85214,3.2295,-0.43544,-0.60933,-0.047009,1.5079,0.12442
-0.75422,2.426,0.9671,-0.9967,2.5319,0.0046068,-2.9426,0.058072
-0.74482,-0.488,4.2573,-0.42086,-9.2274,-0.026287,-2.3461,0.072042
4.3461,2.7482,1.1274,-1.1607,0.22338,-0.13028,-2.4216,0.096331
4.3069,-0.55947,-4.9621,0.88413,4.9583,-0.49451,-4.7294,0.13702
-0.81112,1.9193,-2.2824,-0.90929,0.30761,-0.23951,0.9989,-0.0058638
-0.80378,-2.9901,0.011315,1.129,-6.2811,-0.10688,-0.21834,-0.10511
-0.92028,-3.5263,-0.58363,1.1086,5.2336,0.21416,-0.9255,-0.22252
-0.83192,3.4569,1.9595,0.84619,-1.0767,-0.002799,3.1032,-0.21882
-0.77183,-1.0296,-1.107,0.90851,-6.7567,-0.0057062,1.7409,-0.18222
-0.76657,-5.0446,2.7198,-1.2499,-6.0808,0.018494,5.0567,-0.068996
-0.64372,-2.2432,2.7753,1.9151,3.887,0.089177,4.4429,0.070752
-0.64237,-0.13498,4.0859,0.2535,3.2522,-0.019741,3.4781,0.086815
-0.84761,0.7642,1.7702,-0.38759,0.22207,-0.040527,-0.32794,0.023634
-0.75994,0.12352,-2.0959,0.626,3.302,-0.6645,-3.7289,0.097499
-1.0154,2.446,-3.5491,-1.1786,2.947,-0.33161,-2.9643,0.20208
4.3192,1.2787,-2.8366,-0.26047,-10.404,-0.010616,-2.6573,0.15043
-0.77221,0.31968,-0.24547,-0.70196,-5.751,-0.20078,1.1653,0.019302
-0.79463,3.0765,0.40587,-1.0745,-2.5629,-0.42538,-2.1782,-0.087201
-0.79203,-0.019069,1.8582,1.4326,-2.1354,-0.15573,-0.93165,-0.09808
-0.66563,-2.8909,0.37716,-0.83308,-6.2541,0.055247,3.1634,-0.21858
-0.79594,-0.96262,2.5665,0.4281,6.3382,0.378,-0.26261,-0.1993
-0.78063,2.7458,3.0469,-0.0092084,5.4778,0.3355,7.2198,-0.11974
-0.77997,0.26351,3.4985,-0.32465,-1.5371,0.031708,4.0969,-0.038769
-0.92253,-0.50265,1.8374,-0.67498,-7.9178,0.044966,0.25207,0.14479
-0.77857,1.3758,-0.51661,0.99044,1.0547,-0.049056,-0.96764,0.18205
-0.74666,0.10165,2.9312,-1.6391,-7.5287,-0.042254,-0.32734,0.17509
-0.75234,0.99117,-0.72754,-0.99447,-4.8972,-0.013048,-2.5396,0.10444
4.3367,3.7041,-1.2508,0.4052,3.6519,-0.46508,-2.8354,0.070508
4.2987,1.8422,-2.7546,-2.0323,5.6592,-0.20535,-5.756,0.060822
-0.80379,0.90046,-1.1502,-0.86158,-8.1846,-0.11926,1.3301,-0.087785
-0.79708,-3.0056,1.5639,-2.1343,-0.43052,-0.039764,-3.223,-0.11755
-0.96258,1.3771,-1.0679,0.28136,2.7001,-0.090045,-0.1776,-0.20135
-0.88232,1.7051,-0.5069,-0.022793,-5.099,0.0095996,3.9816,-0.2056
-0.74085,-5.4003,0.45649,-0.74078,-10.021,0.071355,0.31539,-0.10207
-0.76601,-2.8028,-2.46,3.747,2.3979,-0.022507,2.2469,-0.070359
-0.44746,0.95355,-0.52629,-0.33484,5.1469,0.19492,-1.0502,0.079732
-0.59381,0.49937,-1.0668,-0.091987,2.7597,-0.0056997,-1.2756,0.12831
-0.82142,2.1725,-0.78482,-0.29084,-0.80053,-0.21631,-1.1103,0.058802
-0.75597,1.4146,-1.8041,-0.71349,5.6401,-0.37146,-4.2756,0.13958
4.3387,3.9677,-2.8634,-1.5102,-8.498,-0.0065789,-3.3186,0.10147
4.3077,-1.6327,-1.723,-2.6619,-10.6,-0.018175,-6.6505,0.16652
-0.89178,1.3665,-0.97272,-0.1375,-1.2892,-0.26371,0.055325,-0.046776
-0.79558,0.81801,1.447,-0.60635,-0.1748,-0.33703,-3.8534,-0.14259
-0.78268,0.38746,0.28883,0.5348,-4.5256,-0.055885,1.2827,-0.12213
-0.65693,-5.7213,-2.1049,0.79632,3.6802,0.0041575,-1.4358,-0.20789
-0.69145,1.7616,0.65622,-0.41593,5.6536,0.26641,6.9725,-0.16299
-0.77764,1.1167,2.0136,0.0531,1.8733,0.071034,4.3734,-0.038744
-0.77636,-3.5109,-1.4192,-0.36542,-7.3898,0.022704,4.3965,0.12875
-0.91744,-1.6917,-1.0809,0.36622,-3.6326,0.056402,3.0724,0.16827
-0.82549,0.26392,-0.59143,0.7523,0.45454,0.0085856,0.24856,0.20271
-0.75076,-0.51498,-0.85797,-0.40912,-6.5484,0.049112,-4.7974,0.094992
-0.72527,0.93248,0.50282,-0.10783,2.2087,-0.073963,-4.011,0.14401
4.3195,3.3407,-2.8227,0.5129,5.3048,-0.386,-3.1162,0.093264
4.3254,0.92629,-4.6357,0.14174,-0.60062,-0.054672,-2.4562,-0.023874
-0.80927,-0.85785,-0.61376,-0.3004,-8.0216,-0.02768,1.4029,-0.14033
-0.79972,-0.84202,-0.0072695,-0.80143,2.4896,-0.047144,0.65206,-0.18168
-0.92154,1.1849,-1.3308,0.78417,-1.9333,0.0338,1.2796,-0.1818
-0.8004,-0.89409,1.8531,-0.080952,-8.2541,0.099881,3.0093,-0.15615
-0.68761,-5.2702,-1.1529,2.0861,1.6173,0.10229,0.44743,-0.032562
-0.76477,-0.99436,1.6679,2.469,6.7927,0.45293,-4.5926,0.035462
-0.74355,-0.31652,-1.6181,-0.0027533,5.1051,0.2252,0.97972,0.060676
-0.54191,0.42417,-0.90209,-0.61999,2.628,-0.014344,-2.8664,0.16243
-0.8033,2.1234,-0.32401,-0.091749,2.7105,-0.24629,-4.3157,0.087156
-0.75578,1.575,-1.2894,0.13181,2.8544,-0.050423,-3.6751,0.086863
4.3304,2.0473,2.4528,-2.7004,-9.5549,-0.021602,-5.1712,-0.022146
4.2945,-1.6666,1.4562,0.13689,-2.1987,-0.094434,-8.0511,-0.0081273
-0.8042,3.618,0.13949,-0.53948,2.2872,-0.35144,-2.2022,-0.11925
-0.7874,-0.082583,0.7811,0.28028,-2.4552,-0.049364,0.93664,-0.12471
-0.78825,-3.1211,-3.3429,0.68114,-1.4255,-0.051835,-0.38642,-0.11256
-0.70759,-0.25505,0.16474,-0.063469,6.7221,0.43797,1.3632,-0.14642
-0.72525,1.1752,0.69844,2.1422,4.0609,0.085146,1.4506,-0.079048
-0.7785,-0.71874,-2.2574,-1.1475,-3.2841,0.093303,4.5123,-0.057192
-0.77444,-2.9291,2.1142,-0.78996,-7.4346,0.07405,-0.38485,0.083091
-1.0414,0.153,0.16426,1.617,3.8611,0.11576,-3.727,0.19989
-0.82242,1.3633,2.4156,-0.66506,-2.826,0.040282,-0.48596,0.055419
-0.74661,0.51473,-0.81151,-0.2718,-1.7191,0.018225,-1.6479,0.068342
4.3096,2.336,-4.0964,0.36809,5.7941,-0.062488,-4.1809,0.072431
4.3073,2.2947,-3.0802,-0.76206,5.7483,0.025695,-1.3432,-0.012946
-0.70505,1.3235,-0.58219,-0.29796,-6.5153,-0.0056548,-1.6602,-0.094575
-0.89016,-2.0682,-0.07176,-0.89422,-1.5511,0.025502,-2.5498,-0.17706
-0.79352,0.01078,-0.72704,1.046,1.9633,-0.082196,-1.0875,-0.18871
-0.92809,-0.62917,-0.81261,0.88698,-4.7849,0.017217,3.8051,-0.24588
-0.91493,-6.9021,-0.1395,-2.0278,-3.5788,0.046353,8.8118,-0.11626
-0.81223,-1.3435,-1.929,2.7768,5.7008,0.31313,-1.1029,0.048775
-0.76626,2.7645,2.4117,-0.12722,7.4752,0.52763,-1.6045,0.18093
-0.76235,1.3547,1.7071,0.48462,4.0175,0.10253,3.1485,0.086985
-0.57293,-0.08442,-0.37237,0.78334,2.3612,0.018982,-1.3761,0.20553
-0.79267,1.3247,-1.2686,-0.89214,5.2541,0.068076,0.14009,0.1656
-0.75395,1.5044,-0.33442,-1.4192,-6.6496,-0.0058987,0.35133,0.12352
4.3195,2.7282,-0.74608,-3.1373,-9.3086,-0.033834,-1.7409,-0.032149
4.283,1.321,-1.0401,-0.35984,2.8756,-0.28304,-0.2382,-0.097642
-0.85275,1.5742,0.50121,-0.6877,4.1401,-0.18661,-4.9834,-0.19911
-0.78835,-2.4446,-0.66851,0.21552,-2.5087,-0.096064,2.3733,-0.18392
-0.77921,-4.0824,-0.86113,0.91466,6.0858,0.29327,0.756,-0.12149
-0.47691,2.2466,1.3993,-1.5022,5.7169,0.34098,4.1177,-0.018617
-0.68987,2.2578,-0.06082,-0.030712,0.35848,0.0075139,3.9127,0.0013888
-0.77682,-3.3485,-0.99306,-0.58844,-7.7843,-0.00095079,4.5225,0.042228
-0.7664,-1.0783,1.4429,0.74896,-1.9744,0.062095,4.9174,0.19371
-0.89583,-0.54316,1.2773,1.8763,4.2804,0.11054,0.64132,0.20945
-0.78678,1.6233,1.3972,-0.56147,-5.3206,-0.00079677,-1.4366,0.086474
-0.74158,0.84226,-1.1299,0.040453,3.2841,-0.083319,-3.0834,0.12181
4.3356,3.6095,-1.1399,0.68277,6.5323,-0.13992,-1.6731,-0.001118
4.2987,0.04027,-2.7614,-1.6688,-2.4162,-0.073475,-1.2714,-0.080605
-0.72283,0.95562,-3.1298,-1.9222,-5.8842,0.042387,-4.3439,-0.16552
-0.87609,-1.7611,-1.8898,1.2907,0.12588,-0.10249,2.5818,-0.12914
-0.78479,-0.15102,-2.232,1.1617,-0.60796,-0.031755,1.4006,-0.20955
-1.0073,0.011095,0.80364,0.22981,-5.8995,0.014997,3.0095,-0.060527
-0.90377,-8.0938,0.50835,1.4115,3.5301,0.068416,1.8092,-0.047336
-0.72509,1.1743,0.5199,-0.050373,7.7159,0.58372,-7.3916,-0.02475
-0.75624,0.47653,0.087093,0.4547,6.0534,0.34166,1.5507,0.25453
-0.75529,-0.22728,2.3646,-0.13431,2.8475,0.014682,1.1903,0.043566
-0.61558,3.3701,1.0704,0.76629,2.4328,-0.10303,-0.094728,0.075133
-0.73998,0.94268,2.5461,-1.3355,3.6888,-0.01985,1.0401,0.055078
4.4426,0.82576,2.1647,-0.2957,-8.1619,0.053348,-5.5351,0.031008
4.3093,0.66581,0.95148,0.20023,-0.80958,-0.11682,-3.1395,-0.05028
-0.98382,3.1627,3.2468,1.5403,4.108,-0.43858,-2.9186,-0.16966
-0.83322,0.3681,-0.87994,-1.5175,0.048134,-0.14237,-1.1879,-0.18867
-0.77856,-3.0641,-2.5884,-0.48741,-2.1772,-0.039443,-4.3634,-0.16219
-0.78173,-4.0774,-2.4494,1.1402,7.0709,0.45819,0.46977,-0.055489
-0.65812,0.74738,-0.66943,1.6874,3.8861,0.091044,4.5471,-0.056973
-0.72041,-1.1922,-0.058071,1.266,-2.3583,0.057429,2.3301,0.09324
-0.77832,-3.6296,-1.2474,-1.9327,-7.0201,0.062467,0.91056,0.19432
-0.76631,-0.38495,3.1358,1.8479,4.3599,0.16369,-3.1782,0.1718
-0.97853,0.49775,0.77382,-0.41835,3.194,-0.0023755,-1.8715,0.20931
-0.93984,-0.88541,2.0742,-0.24527,-1.9955,-0.065504,-1.9473,0.16156
-0.74075,1.9575,-2.0266,0.90808,5.645,-0.06872,-1.4719,0.035024
4.326,2.4195,-0.33188,-1.8316,5.4629,0.089311,2.2155,-0.044829
4.2932,1.5503,0.87032,0.57884,-5.8851,-0.0091844,0.70458,-0.12709
-0.69663,0.0076975,-1.686,0.22432,-2.7718,-0.00095721,-1.6768,-0.19623
-0.81139,-0.4779,-1.5822,0.56646,-0.94616,-0.20885,-0.29779,-0.16462
-0.78148,1.1923,0.52844,0.3834,-4.5482,0.011685,4.0789,-0.10392
-0.87137,-5.2817,0.53013,0.052484,-1.6447,0.047437,5.5768,-0.0083706
-0.92385,-2.086,-0.56277,3.267,6.7851,0.43485,1.074,0.16815
-0.79949,0.25966,1.0195,1.2169,7.2455,0.54272,-2.2768,0.038285
-0.75735,-0.29893,1.8895,0.57113,4.1153,0.10788,1.2675,0.22863
-0.74472,0.022089,0.53116,1.8018,0.66224,0.040256,4.4907,0.11952
-0.50958,2.2963,0.98481,1.1143,5.3536,0.18994,3.603,0.067904
-0.7021,-0.66424,-1.1497,-1.2568,-5.7872,-0.043743,1.468,0.069997
4.3365,2.242,2.8524,-0.47654,-6.8913,-0.015108,-3.5985,-0.028425
4.3084,-0.351,-1.402,0.6448,4.5021,-0.19351,-2.0031,-0.1542
-0.97231,2.4075,-2.2633,0.016792,5.4228,-0.076696,-2.6922,-0.20191
-0.86624,-4.7663,-7.3732,0.20878,-1.8663,-0.06141,0.10787,-0.17314
-0.76985,-2.8868,0.58306,0.10778,5.5964,0.25379,-1.1601,-0.0059369
-0.76756,0.0053663,-1.2138,0.10539,6.0157,0.36969,3.357,-0.015283
-0.71674,1.1675,-1.8114,-0.16493,0.66172,0.032728,2.858,0.044637
-0.64096,-4.0737,-3.8365,-1.1518,-7.3188,0.032792,0.95884,0.11675
-0.78506,-1.1264,-0.28603,0.25439,3.1902,0.033749,-0.59357,0.23274
-0.75928,1.1693,2.6319,0.3547,5.8686,0.40326,-1.593,0.17643
-1.1196,-0.17646,1.2915,0.3656,1.6658,-0.030041,-1.084,0.181
-0.81317,1.4405,0.098759,0.57624,2.5358,-0.20446,-1.6308,0.035218
-0.61428,4.1309,1.1419,-1.2306,7.3923,0.069661,-3.7587,-0.024458
4.3157,1.4439,-2.9916,-0.60121,-6.3551,-0.029496,0.31773,-0.12113
-1.2106,-0.27401,0.0070175,-0.97347,-6.2427,-0.050154,-5.1785,-0.13152
-0.63399,1.0859,-2.1667,0.18814,-1.7537,-0.15142,-3.4343,-0.16966
-0.81286,1.8844,-0.47371,0.98977,-0.5609,-0.19481,2.075,-0.14011
-0.78304,-2.573,0.82312,1.4378,-6.5626,0.047007,6.285,-0.012922
-0.77904,-4.0261,-0.13836,0.48461,5.3566,0.33642,3.4296,0.0014132
-0.89789,1.6286,8.1362,-0.93802,7.3379,0.5577,2.1701,0.15781
-0.76047,1.2084,6.0175,-0.41322,4.9488,0.23872,1.2959,0.25898
-0.74987,-0.78281,2.74,-0.71752,-0.086331,0.033473,4.5772,0.29408
-0.75625,1.5651,4.0663,1.1383,3.0646,-0.039725,2.3462,0.097889
-0.52404,2.9829,1.3371,-2.6274,1.1832,-0.051322,-0.27173,0.068269
-0.76511,0.014389,3.7726,-1.4493,-8.1649,-0.0078496,-2.9178,-0.0039898
4.3259,2.7268,0.38415,-1.2915,3.6866,-0.015974,-3.2511,-0.069507
4.2972,-1.4611,-3.513,0.22934,5.7977,-0.085277,-2.504,-0.15647
-0.98161,-0.050293,-3.4211,-0.78917,0.83725,-0.11003,-1.6952,-0.20721
-0.88036,-2.0146,1.0629,0.061476,-2.4679,-0.036998,-0.2696,-0.15184
-0.7687,-2.831,0.14599,0.30632,6.8366,0.48744,0.824,0.0038226
-0.777,0.80974,0.38913,0.32031,0.70119,0.052077,3.0069,0.15129
-0.47284,-0.77644,-1.6067,1.1464,-7.0947,0.027164,5.2237,0.02249
-0.7059,-3.3086,6.1919,1.6979,-2.4082,0.056595,7.4453,0.066541
-0.78152,0.25839,1.5214,0.26309,5.3401,0.32392,4.5235,0.26188
-0.76247,1.1677,4.3587,0.18379,4.5667,0.22402,2.8277,0.1204
-1.0134,0.48175,0.35056,0.12033,0.86503,-0.091386,-0.16696,0.024339
-0.96791,2.6375,-2.6809,0.25043,4.8304,-0.48105,-4.6625,-0.0038925
4.344,2.3577,-0.47849,0.010388,2.2981,-0.19996,-3.9761,-0.080508
4.3098,-2.7211,-2.6026,-3.0988,-8.0939,-0.075394,-1.3055,-0.19721
-0.7917,0.20497,-1.422,-0.94227,-2.5338,-0.11088,0.72509,-0.10363
-0.6665,2.4019,-0.23868,-1.8079,-0.27704,-0.3165,-0.93283,-0.18876
-0.8031,-0.63111,2.2068,0.47927,-1.2205,-0.072313,-0.96373,-0.032051
-0.78305,-6.5324,-2.0541,-0.89406,-1.6363,0.02418,2.4645,0.041498
-0.77556,0.59058,3.5559,1.3058,7.7835,0.63946,1.4872,0.028039
-0.91432,2.6807,3.3025,0.34732,6.2473,0.45916,6.8188,0.23082
-0.80558,-1.0072,2.3904,0.030511,1.5701,0.020702,1.8307,0.33857
-0.75682,0.45362,2.5695,-0.63509,-4.0828,-0.055127,3.0073,0.19159
-0.74503,2.6913,-0.42192,0.25013,3.3645,0.033864,0.17789,0.078637
-0.54462,-0.31546,3.6052,-1.441,-5.2347,-0.015602,-1.8727,0.010613
4.3224,1.6121,-0.26056,-1.3502,-2.1487,-0.072448,1.8494,-0.095525
4.2917,1.7423,-0.68633,0.63254,5.2731,-0.1105,-1.8022,-0.14778
4.2477,0.68909,-2.2689,-0.56548,6.4697,0.17873,-4.1983,-0.20955
-1.0106,-0.89071,-1.0441,0.55235,-5.5771,-0.062533,3.2667,-0.19005
-0.85641,-4.4686,-0.31862,-0.059667,4.0203,0.072016,0.25307,-0.10818
-0.77869,0.6003,-1.1689,0.20396,4.4497,0.15249,2.3073,0.090271
-0.79276,-1.1744,-0.48476,0.76969,-2.6147,0.00023645,4.8995,0.30717
-0.70485,-3.6496,0.73884,1.0519,-6.1802,0.037156,-0.7674,0.15808
-0.63849,-0.27834,-0.30813,1.862,4.0095,0.15221,3.5934,0.20137
-0.79153,3.0145,1.006,-0.33234,6.387,0.45135,-2.6851,0.20094
-0.78011,1.3417,-0.040559,-0.078242,4.7529,0.23073,-0.37208,0.14033
-1.17,2.0773,0.12252,-0.36668,2.6215,-0.2772,-0.52206,-0.034047
-0.89951,0.83319,-2.1071,0.20978,7.0587,0.16265,-4.7029,-0.080898
4.3039,3.9417,-2.3183,-0.43578,-5.4949,-0.11797,0.94233,-0.10626
4.2776,-4.1252,-0.47078,-2.6172,-6.6285,-0.036895,-5.8015,-0.19494
-0.82389,2.425,-1.2482,-0.3248,0.71898,-0.20018,0.83241,-0.11857
-0.73509,1.6262,1.3229,-0.68626,1.0237,-0.23941,2.712,-0.13091
-0.75007,0.062002,1.0692,-1.3097,-3.5266,-0.054973,1.8734,-0.071187
-0.80379,-5.3657,-0.079379,1.1027,6.1353,0.44883,2.6017,0.21719
-0.80168,1.6653,1.3972,0.15597,7.1452,0.57506,1.4007,0.13573
-0.93918,1.3523,6.1772,0.36965,4.0982,0.14522,4.5441,0.086839
-0.91603,-1.5764,-1.9644,-0.76193,-2.9573,0.011262,2.5216,0.23764
-0.77651,0.55306,-0.63058,0.35194,-0.23531,-0.05883,5.3301,0.14819
-0.77858,1.5793,-1.0817,-0.64985,1.7521,-0.041676,0.75816,-0.0080786
-0.60138,0.6611,2.036,0.55989,-5.9038,-0.0090689,1.0895,-0.048674
4.2122,0.74564,0.67438,-0.13372,3.8126,0.024424,-5.6419,-0.14328
4.288,1.5119,-4.0057,-1.4235,6.4231,-0.013683,-2.2979,-0.2131
-0.82164,-0.13319,-6.5089,-0.37984,1.923,-0.1698,1.9418,-0.23423
-1.1234,-0.36804,-1.4751,-1.5207,-5.1244,-0.079186,1.0421,-0.14396
-0.9379,-1.1063,0.92395,-2.6589,5.2597,0.25588,1.6814,0.016551
-0.84352,-0.12408,-1.557,0.17629,-0.24762,-0.014646,2.2196,0.36826
-0.7952,-2.2066,0.023245,0.50106,-6.2982,-0.04699,3.9035,0.15304
-0.77545,-3.8697,0.86817,1.6233,-0.03115,0.0012376,3.6961,0.22683
-0.62717,1.0898,2.3794,1.248,6.473,0.4867,-0.29447,0.22055
-0.77344,0.44095,0.58408,1.2301,5.652,0.41893,2.074,0.14756
-0.77287,0.76971,0.48493,0.16772,3.9463,0.14091,0.64878,0.072066
-0.7676,1.9726,-0.79814,-0.55603,3.9058,-0.17963,-3.296,-0.059018
-0.87318,2.0979,-0.57568,-1.5938,4.4514,-0.011925,-0.090496,-0.1514
4.2978,1.4703,1.8487,-1.4316,-8.5374,-0.075528,-1.5875,-0.13371
4.2806,-3.4447,0.051369,-0.77097,-3.11,-0.22346,-5.6516,-0.20633
-0.80703,3.7531,0.45279,-1.0092,-0.57739,-0.38619,1.6628,-0.090706
-0.57358,0.3913,3.5987,-0.0038709,-1.3989,-0.20139,1.5023,-0.084451
-0.75034,-5.33,-2.5357,-0.24396,-2.4301,-0.081413,2.9584,0.1552
-0.80352,-0.37199,1.9706,0.43779,6.7866,0.55191,-1.451,0.36385
-0.79091,0.92607,3.0787,2.2131,5.569,0.39192,4.7576,0.17842
-0.95728,0.84776,1.184,-1.6541,-0.3279,-0.0064057,5.4718,0.10424
-0.81325,0.23361,1.5845,-0.98752,-6.5735,-0.045039,-4.4843,0.2058
-0.77406,2.494,1.3765,0.59932,3.5329,0.13524,1.9566,0.08112
-0.7643,0.40817,2.3408,-0.69608,-5.0844,-0.036613,-2.7558,-0.037284
-0.61481,0.061193,-0.39801,0.16058,-2.5318,-0.05833,-1.178,-0.11565
4.3127,2.6926,-2.0116,0.69383,4.7604,-0.22122,0.60266,-0.14717
4.2878,-0.27442,-2.5127,-0.44054,5.7621,-0.021641,-3.4514,-0.21427
-0.8121,-0.75076,-2.0295,0.66902,-5.8068,-0.088235,-1.9958,-0.16474
-1.0722,-3.4776,-0.043154,-0.96806,-1.5452,-0.11045,-1.416,-0.10149
-0.8844,-0.22994,0.15726,0.2937,0.73798,-0.15987,1.3392,0.032663
-0.73791,0.83128,-0.27725,2.1463,-5.3714,0.0086049,4.5049,0.30174
-0.78306,-5.6453,1.0528,0.01963,-5.7911,0.013193,5.4509,0.16825
-0.78518,1.383,1.6013,3.3574,3.4669,0.091435,1.589,0.031178
-0.55959,3.2139,2.968,-0.40948,6.4242,0.44561,-0.78259,0.21804
-0.77166,2.7424,1.7107,-0.87368,3.4544,0.040198,2.0995,0.087229
-0.77059,1.6237,-0.55293,1.0316,1.7505,-0.19757,-0.94256,-0.0088087
-0.76452,2.3268,-1.7235,-0.2976,5.4094,-0.20412,0.23954,-0.064007
4.443,1.2991,-2.7372,-0.010082,-7.8315,-0.13107,-1.023,-0.17426
4.2992,-0.76272,-0.40462,-2.9098,-10.45,-0.16786,-4.9223,-0.22267
-0.78545,-0.8957,-1.6272,-0.54438,0.93523,-0.39368,-3.733,-0.15359
-0.81426,0.47316,2.0091,-0.075216,1.1058,-0.47294,-1.6817,-0.049964
-0.64492,0.63781,1.0144,-0.55504,-4.0424,-0.13014,2.8754,0.022246
-0.7342,-6.033,-0.82825,1.6598,5.0329,0.29172,-0.25871,0.3243
-0.79921,1.8711,1.607,0.48511,6.0394,0.43251,0.7261,0.20522
-0.78971,2.2956,3.7144,0.67262,2.7693,-0.0032611,3.3382,0.22488
-1.0232,-2.3901,-2.7948,-0.29015,-6.2443,-0.029663,5.7615,0.21374
-0.88334,-1.0084,-1.1779,0.28574,-3.2142,-0.00086736,0.98824,0.17621
-0.77221,0.53076,2.7567,0.36893,2.657,-0.068745,-1.9095,0.0067188
-0.76803,-0.69822,2.207,-0.75677,-6.6102,-0.04595,-1.0635,-0.10105
-0.49242,1.33,-0.77411,1.0082,2.3054,-0.27493,-2.8759,-0.15072
4.3063,1.4752,-3.33,1.0031,5.6587,-0.5577,-4.6594,-0.15815
4.2839,-0.74022,-3.8236,-1.2043,-0.95127,-0.1419,-2.001,-0.17667
-0.81413,0.35766,-1.3427,-2.1366,-7.4724,-0.060595,0.85403,-0.10911
-1.0484,-0.1267,-0.015736,1.496,1.0325,-0.15726,3.0701,-0.053152
-0.99972,-0.7991,-4.1507,1.4772,-2.5435,-0.087228,-2.1154,0.23296
-0.84912,-2.5628,0.28416,1.6283,-6.5966,-0.031498,-0.2152,0.33345
-0.78953,-4.6955,2.3464,0.75041,1.9126,0.012815,4.1315,0.23688
-0.7739,1.5664,-1.9033,-0.63139,6.5767,0.4154,-7.5991,-0.017059
-0.63304,2.2671,-0.099088,0.76421,4.7022,0.26312,3.5026,0.12495
-0.75817,0.93796,-0.24489,-0.93452,3.0557,0.021812,0.88873,0.023755
-0.76834,2.0968,0.70228,-0.11776,1.2691,-0.34438,-0.41876,-0.063228
-0.7621,1.1851,-0.10326,-0.74124,3.1694,-0.10235,-2.9447,-0.12288
4.315,1.2146,3.6651,-1.5915,-10.735,-0.035175,-4.8223,-0.18521
4.3014,-3.2909,-1.1556,-0.5053,-3.5211,-0.29122,-5.098,-0.27991
-0.80274,1.5179,-1.2717,0.30555,1.8714,-0.66259,-2.5064,-0.10134
-0.79555,-1.2932,0.36663,-1.3579,-1.8634,-0.20731,-2.5973,-0.012459
-0.69738,-2.7255,-1.9508,0.70678,-2.9777,-0.098542,-3.4338,0.34672
-0.72519,-0.78164,-0.57904,-0.35131,6.1653,0.36947,0.33224,0.19991
-0.79696,1.1119,0.92269,2.1792,3.2337,0.04729,3.2779,0.23007
-0.7855,-1.9604,2.1541,1.5013,-2.5278,0.014753,1.6742,0.23827
-0.98785,-1.7291,-1.1386,0.30178,-9.3004,0.033967,-1.039,0.16445
-0.82863,0.7539,0.39279,0.91144,3.1818,0.063994,-2.4599,0.031909
-0.66374,0.71387,0.1837,-1.5916,-1.228,-0.002061,-3.1851,-0.090511
-0.75555,-0.56351,1.9625,-0.27584,-3.1041,-0.090424,-3.0224,-0.10677
-0.66363,1.9771,-0.87966,0.25427,4.5876,-0.4982,-2.2812,-0.15846
4.3132,1.1475,-1.7616,-1.3488,3.4402,-0.28547,2.9437,-0.21162
4.3295,0.79032,-2.7715,-0.025715,-8.1072,-0.038211,-0.65373,-0.13052
-0.80563,-2.9825,-3.1408,-1.6589,-3.352,-0.083968,-3.0164,-0.036773
-0.81011,0.1066,-3.2532,0.68836,-2.1063,-0.32586,-1.3344,0.0076193
-0.95556,1.6466,-0.28932,0.94114,-7.5328,-0.050609,4.3356,0.25986
-0.76196,-7.2976,1.8238,-1.8551,-5.8037,0.0059223,7.1728,0.39228
-0.77538,0.39701,1.0,3.7482,5.5317,0.33635,-1.9866,0.22077
-0.77723,1.3318,0.28611,1.8007,5.7718,0.36761,-2.3783,0.07725
-0.61007,0.69987,0.77764,-0.45024,1.2524,-0.034437,-1.4699,0.03478
-0.69264,0.34254,0.31815,1.2483,-0.5946,-0.097322,-0.2853,-0.060527
-0.75703,1.4942,0.72605,-0.15453,4.4158,0.052988,3.0544,-0.11103
-0.75421,0.11868,-0.98594,-1.6097,-9.6671,-0.06012,-0.2628,-0.15734
4.3154,1.156,1.134,1.0936,-9.2666,-0.06374,-3.0952,-0.15798
4.2977,-0.59393,-0.15744,-0.98858,1.9326,-0.55565,-2.5377,-0.1542
-0.80346,1.0715,-2.1718,-0.084061,2.6918,-0.48437,-4.4653,-0.045681
-0.80441,-5.2364,-6.9108,0.85176,-4.1802,-0.13798,-1.3853,-0.031005
-0.55136,-2.254,-0.75895,0.89463,3.7191,0.020426,-1.9727,0.26779
-0.71521,0.39419,-0.055854,-0.91531,4.1817,0.16579,1.7426,0.33421
-0.82849,2.6422,0.17272,0.24702,-1.1318,0.051615,0.59545,0.14622
-0.78377,-3.8788,-1.2227,-1.0675,-9.7293,0.042412,2.8649,0.084697
-0.97942,-0.34025,3.3401,0.50774,-3.1513,0.031727,6.1803,0.060238
-0.86758,0.7829,1.8368,0.99705,2.7284,-0.062231,-0.365,-0.047652
-0.83902,-0.21502,0.69324,0.44098,-4.2002,-0.0033959,-1.7406,-0.11171
-0.76103,1.4683,-0.64827,0.8873,-0.4036,-0.39254,-4.1089,-0.13325
4.3372,2.4598,-1.3039,-0.15115,5.846,-0.48299,-6.8746,-0.13507
4.3105,1.2554,-2.9357,-0.54557,-9.5983,-0.12741,2.0356,-0.16165
-0.74569,-1.8909,-0.3075,-1.2874,-8.9461,-0.064522,-5.4013,-0.054759
-0.80534,-0.28186,-3.6304,0.47115,-4.6213,-0.20736,-1.2242,0.058778
-0.7974,3.1327,-1.1603,0.47639,-3.8515,-0.19553,-1.4508,0.064667
-0.96186,-2.5184,0.75862,1.6168,-9.2947,-0.025036,3.135,0.48026
-0.79754,-4.1082,0.1918,0.016059,3.3103,0.02685,2.6838,0.2345
-0.78128,2.0439,9.2826,1.6088,5.5715,0.30837,2.9079,0.19203
-0.76465,3.6284,3.8028,0.0058533,3.1301,0.034256,2.4628,0.035389
-0.45333,-1.1267,3.8935,-0.9972,-1.3563,0.023898,0.68439,-0.031151
-0.72957,1.9901,1.4407,-0.16802,0.96519,-0.056931,-1.8671,-0.12918
-0.76739,1.792,-0.41795,-1.2283,0.53937,-0.023053,-1.0151,-0.17431
-0.76332,-0.23887,4.1119,0.028995,-11.265,-0.0023306,-3.1087,-0.16562
4.3051,1.2189,0.67878,-1.334,-0.18462,-0.21509,-3.4334,-0.15321
4.2853,-0.48696,-2.3732,-0.33248,3.8644,-0.76199,-4.7434,-0.067779
-0.79358,0.023733,-3.1239,-1.1564,-3.8499,-0.18794,0.74202,0.12322
-0.80012,-4.438,-2.5847,1.0011,-3.2293,-0.12784,-1.8618,0.12641
-0.61519,-1.1273,0.71157,0.50971,5.2092,0.23903,0.32041,0.25015
-0.70337,1.8054,1.5469,0.93762,-0.039628,0.071374,1.9465,0.41937
-0.75802,-1.3917,-0.86512,1.3825,-7.5624,0.081963,2.2659,0.24499
-0.79085,-2.5237,5.0631,-0.64536,-5.8164,0.066292,7.9793,0.11364
-0.92322,1.0539,3.5279,2.4719,3.3627,0.047065,1.2488,-0.014942
-0.96131,1.6234,5.2826,-1.0818,2.108,-0.0092871,-0.070518,-0.11504
-0.74117,1.3544,1.1398,-0.82533,-1.8058,-0.065909,-2.7886,-0.11782
-0.76018,0.96898,-2.5958,0.74104,4.279,-0.4491,-4.2902,-0.18022
4.3112,3.0984,-0.23233,-0.87603,2.1323,-0.19367,-4.9525,-0.079656
4.3002,-2.1857,-3.2122,-1.5046,-10.173,-0.0097684,-0.026303,-0.090341
-0.77448,-0.81662,-0.99599,-0.49546,-5.5042,-0.07995,0.12126,-0.0004365
-0.81041,-1.284,-7.0037,0.73842,-1.8007,-0.31747,-2.8468,0.014653
-0.80196,0.64674,-0.63547,1.6156,-6.0953,0.0077898,-0.32129,0.10653
-0.88411,-3.8187,-0.41897,0.79454,-4.8753,0.046256,4.3516,0.37232
-0.86273,1.7032,5.0793,1.1972,6.7516,0.4667,0.28611,0.1913
-0.78222,1.9096,6.9935,1.851,5.6392,0.37438,2.0586,0.034318
-0.78666,-1.0055,5.3803,-0.55183,0.56855,0.016344,1.4925,-0.0097092
-0.48095,-0.37642,2.77,0.2903,-3.3449,0.0028163,1.2528,-0.10343
-0.72952,1.2657,2.3734,1.7546,2.0641,0.0068721,-0.29713,-0.13361
-0.76823,-0.98043,3.2844,-1.5037,-6.9667,-0.030869,1.2121,-0.15768
4.3648,-1.2746,0.14026,0.1374,-4.5755,-0.020954,-4.8076,-0.17951
4.3067,1.482,-1.3304,0.24561,4.2574,-0.2195,0.61579,-0.083502
-0.95466,0.094658,-2.7333,-0.59333,5.5014,0.020426,-5.2288,0.011343
-0.76471,-1.8855,-2.8584,-0.98784,-5.9798,-0.067879,-0.33081,0.1013
-0.80537,-2.4858,-0.16395,-0.23138,4.4022,0.056069,-2.6607,0.2676
-0.5065,0.92423,-0.85783,0.57953,4.0828,0.1158,-0.25176,0.48102
-0.64509,0.69537,1.0184,1.3269,-3.6012,0.021722,3.5536,0.20317
-0.74404,-4.9337,3.1581,1.6801,-7.4442,0.055145,-0.99369,0.16248
-0.78869,0.21611,2.5204,2.1127,3.2708,0.025939,3.0654,0.014069
-0.91657,1.5408,3.2291,0.96126,5.7171,0.34745,-1.7786,-0.061865
-0.98413,0.23741,0.54714,-0.45124,3.48,0.039826,-0.084646,-0.1635
-0.83175,1.3461,0.88915,0.70177,1.5384,-0.25605,-1.924,-0.20906
-0.76167,1.2272,0.47885,-0.64388,7.484,0.21625,-6.8439,-0.15345
4.3126,2.9959,-3.9624,-1.564,-6.7812,0.042438,0.52336,-0.07547
4.2968,-3.8714,-2.7827,-3.484,-8.0754,0.029154,-5.1918,-0.0087844
-0.7859,1.1592,-4.9907,-1.713,-0.70228,-0.10663,-0.76486,0.086012
-0.80754,2.3212,-0.48136,-0.41501,-1.4537,-0.16473,4.4031,0.050235
-0.80172,0.17712,0.12934,0.98217,-4.7564,0.014105,0.75773,0.20235
-1.0641,-4.9519,1.7321,0.91686,6.1474,0.44242,1.0315,0.30744
-0.78867,3.2762,6.0712,0.88898,7.5361,0.59292,0.92094,0.17594
-0.77946,1.5607,7.6827,0.91902,4.2319,0.12512,5.2503,0.0060617
-0.7704,-2.8247,0.77303,1.1078,-3.967,0.05544,4.1145,-0.081749
-0.66776,0.17647,0.25395,1.8329,0.53622,0.03509,3.9459,-0.15802
-0.71235,-0.36667,0.87252,0.16355,0.26556,0.040025,0.3517,-0.14561
-0.76603,-0.99958,2.9356,0.087341,-6.0813,0.049869,-2.4489,-0.21303
4.3309,0.047039,0.28263,0.59743,4.3812,0.066497,-2.4478,-0.059091
4.3061,0.67778,-4.1901,-0.76703,6.8064,0.12936,-3.209,-0.018933
-0.91709,-0.06071,-5.9986,-0.31914,-0.22859,-0.066486,-0.58347,0.098473
-0.71051,-3.3055,-1.8237,-2.8669,-3.7316,-0.011694,-0.86388,0.24494
-0.79464,-0.73232,-1.2315,-1.6969,5.4752,0.24461,2.9529,0.4972
-0.80311,2.0689,-2.8005,1.2899,-1.8063,0.068531,2.8851,0.18249
-0.67042,-0.88287,1.205,-0.19915,-8.8974,0.077137,5.6253,0.15959
-0.72189,-3.5067,3.1999,2.7147,-0.055324,0.093021,5.1601,0.044516
-0.78249,1.9442,3.9852,1.4542,7.0597,0.55306,-3.0192,-0.052398
-0.77414,0.91233,0.44168,0.40534,5.5585,0.36092,-0.27084,-0.082601
-0.84283,0.26228,1.3031,-0.87169,3.2536,0.0058261,-0.79422,-0.14783
-0.78507,2.0504,-0.51727,0.07382,4.8826,-0.17377,-3.9992,-0.15924
4.3331,0.31274,-3.6611,-2.1973,3.4901,0.0060186,-1.7342,-0.067341
4.3124,0.46397,0.31387,-2.2295,-9.8481,-0.011341,1.9749,-0.024872
-0.6225,-0.1772,-0.70957,-0.38749,-2.1519,-0.13042,-1.4179,0.080122
-0.76226,2.7768,-0.22163,-0.60316,0.081993,-0.29371,-2.7196,0.21065
-0.82104,1.1255,3.038,1.9764,-2.4173,-0.048575,3.3254,0.2693
-0.81103,-4.2708,-0.94797,-0.053289,0.96776,0.014939,0.96898,0.19955
-0.91027,2.5503,2.9833,-0.32024,7.3912,0.54511,-0.076933,0.23825
-0.84686,2.1346,6.8237,2.743,5.0514,0.29714,4.8539,0.079927
-0.78133,0.57536,1.3352,-1.3044,0.24264,0.0050945,4.7272,-0.069021
-0.783,-1.0684,-0.26883,-0.53674,-6.0797,0.027344,-4.0205,-0.15914
-0.65388,1.7905,-0.55383,-0.17166,4.0343,0.1195,-0.21918,-0.16
-0.66385,-1.3449,2.2631,-0.27518,-6.2673,0.026484,-3.1365,-0.20283
-0.75864,0.45064,-0.42377,-1.2178,-0.26952,-0.01428,-2.0444,-0.1214
4.3187,2.3662,-3.4465,0.67335,6.1415,0.074737,-3.5131,-0.089318
4.2973,0.35515,-5.43,-1.9569,5.1429,0.078658,2.1439,0.03904
-0.95483,-0.31257,-3.705,-0.2667,-5.5885,-0.060711,-1.4243,0.18302
-0.8607,-2.7164,-0.67087,-1.5905,3.2588,-0.00025128,-1.4477,0.06788
-0.80298,0.85753,0.30109,1.2341,1.5743,-0.049538,3.241,0.25212
-0.79251,0.80173,1.2279,1.7832,-5.4462,-6.5175e-05,4.8022,0.073916
-0.62335,-2.9927,1.2309,-0.38071,-2.2598,0.023885,8.834,0.020129
-0.70689,1.8592,3.7309,0.067841,5.277,0.31998,5.7207,-0.018958
-0.7856,2.8077,3.5821,0.11614,6.6224,0.44699,-3.8551,-0.1515
-0.78087,2.2087,2.1949,1.3669,4.4801,0.17579,-0.51101,-0.10662
