tachometer_signal,underhang_bearing_axial,underhang_bearing_radial,underhang_bearing_tangential,overhang_bearing_axial,overhang_bearing_radial,overhang_bearing_tangential,microphone
3.842,3.6679,-1.8487,-0.24412,2.6937,-0.55681,-0.4149,0.012219
-1.2684,-0.59279,-0.22634,0.72148,4.6155,-0.25457,-5.8247,-0.12621
-1.2433,0.63996,-4.0791,-2.5403,-4.5962,-0.13988,0.32321,-0.16535
-1.2343,-5.7167,-0.0089141,1.1185,2.5976,-0.043056,0.23683,-0.15856
-0.92245,-1.2833,0.29921,0.44991,5.31,0.44601,0.66107,-0.16518
-1.1874,1.4387,-1.3753,0.26077,3.7206,0.24606,6.7539,-0.14196
-1.2401,-0.29012,-1.5438,1.1003,-3.3626,-0.090571,-0.66238,-0.0016047
-1.2129,-2.7315,-0.28866,-0.27614,-6.4657,-0.087805,0.97386,0.10828
-1.4591,0.011043,1.6991,-0.8057,-0.52201,0.0035735,9.777,0.21751
-1.254,1.5679,0.79149,1.4301,1.7115,-0.028463,-0.52222,0.067247
3.8917,0.26199,0.55118,-1.3119,-6.3087,-0.046656,-1.3637,0.071628
3.8613,1.6154,-1.213,1.8783,1.7668,-0.12779,-5.9448,0.098205
3.8289,2.3295,-1.7226,-0.44015,4.6779,-0.27058,-3.1321,0.029377
-1.1384,1.0828,0.19126,-0.1525,3.9485,0.0161,-4.4627,-0.094356
-1.2653,-2.9795,-4.8205,-0.017096,-5.9761,-0.11091,0.67794,-0.18414
-1.2483,-2.6635,2.5987,1.1737,5.0007,0.30737,3.1861,-0.17847
-1.2423,2.4675,0.026065,-0.77553,4.0901,0.26584,5.2177,-0.094259
-1.4213,0.37658,-2.3557,0.44013,2.7833,0.1393,3.4246,-0.12826
-1.2602,0.56576,-5.8078,1.5975,-7.6941,0.0023093,3.1191,-0.083842
-1.2128,-5.8268,0.55783,-2.0663,-3.4106,-0.015313,7.6333,0.15021
-1.2139,0.28341,5.5806,-0.71682,2.4857,0.10821,2.3584,0.080901
3.8796,1.0597,3.7386,-1.5097,0.065622,-0.051925,1.6185,0.067296
3.8526,-0.14798,0.0090732,0.36217,-2.0659,-0.04244,-2.4151,0.16017
3.8176,3.5495,-2.3858,0.29752,2.8709,-0.11625,-2.3353,0.1451
3.7856,0.71228,-1.7212,-0.37901,4.896,-0.18992,-4.9525,0.078905
-1.4717,0.49667,-2.4889,-1.0831,-2.0641,-0.17491,3.75,-0.092872
-1.3386,-0.46779,0.79675,-0.46671,-4.9419,-0.14422,3.0308,-0.13644
-1.2829,-4.3846,0.94606,0.35747,5.5577,0.38996,-0.66337,-0.23454
-1.2783,1.1612,-2.2857,1.6439,3.0168,0.11489,4.4557,-0.13133
-1.0346,-0.74783,-2.5387,-0.40671,-2.2658,-0.072365,4.9868,-0.10451
-1.2232,0.72216,0.89245,-1.0411,-8.4914,-0.079514,-2.5537,-0.079973
-1.1944,-3.2017,3.0799,0.57717,-0.45177,-0.017424,7.1602,0.12683
-1.2485,-1.1512,-0.22458,0.096667,2.7868,0.13017,1.5753,0.18521
3.8431,0.997,1.8853,-1.2977,-1.9671,-0.0018557,-1.2622,0.06345
-1.3834,-0.93745,-1.8816,1.5513,-0.91855,-0.10793,-1.6462,0.20001
3.8391,3.9266,-2.7572,0.042335,3.3676,-0.30082,-2.8046,0.066249
3.8075,1.2901,-3.0737,-1.3914,5.1238,-0.10906,-6.4073,0.0028491
-1.2778,1.0316,-2.5792,-1.2229,-2.0375,-0.17943,-2.2219,-0.067731
-1.1126,0.35048,2.516,-1.841,-1.3669,-0.096058,0.033343,-0.13938
-1.2519,-1.3363,1.6293,-3.0044,5.7969,0.44537,2.447,-0.20558
-1.2552,0.81953,-0.30224,0.45411,0.072411,0.007854,1.7604,-0.17075
-1.2475,-1.6468,-4.516,1.1937,-5.8613,-0.067924,3.6873,-0.05819
-1.3907,-2.6293,3.0306,1.1143,-6.8481,-0.058009,2.2542,-0.074034
-1.3027,-1.6637,6.2762,2.0596,1.7201,-0.02836,5.6242,0.15328
-1.2291,0.3953,1.6928,0.29515,3.265,0.14048,0.061548,0.19139
3.8622,1.0394,2.0568,-1.0125,-1.9085,-0.015589,0.22357,0.043493
-1.1366,1.3289,0.36551,1.2671,0.39363,-0.11881,-3.0854,0.11748
3.8524,3.7896,-4.7781,0.33699,4.0268,-0.44625,-3.8458,0.038626
3.8181,0.90646,0.13085,-0.71983,3.1649,-0.22853,1.2038,0.011903
-1.2668,0.19669,0.46479,-1.1427,-5.2203,-0.11542,4.1691,-0.082942
-1.4948,-1.8302,0.36664,-1.5543,1.2366,-0.11073,1.0544,-0.12045
-1.3217,2.1872,-1.2146,-0.16455,4.344,0.25046,6.4407,-0.21785
-1.189,-0.61301,-3.5079,-0.65069,-1.7516,-0.00078393,5.3297,-0.14291
-1.2256,-4.105,-0.81504,-0.17595,-8.3523,-0.016308,0.13763,-0.048455
-1.1218,-1.5532,4.1592,1.2927,-3.1741,-0.017309,5.8662,-0.061281
-1.165,-0.42491,0.37585,1.0833,2.7053,0.06796,-0.39002,0.080536
-1.1678,-0.54406,2.3392,0.18414,3.024,0.15044,0.093336,0.19298
-1.2111,-0.00077954,-0.62498,-0.60469,-1.5275,-0.071582,0.39595,0.20704
-1.3606,1.5863,-0.74201,1.2515,2.018,-0.2697,-4.027,0.068294
3.8749,3.237,-4.0249,0.65539,4.6486,-0.42901,-5.3399,0.057926
3.8441,0.13496,-3.2928,-1.062,0.083849,-0.23202,3.4767,0.036922
-1.2361,1.3129,0.53087,-0.51228,-4.4897,-0.10632,-0.88857,-0.10416
-1.2331,-0.75204,1.3861,-1.7039,3.0134,0.052552,-0.029893,-0.08686
-1.0731,1.8747,-3.5842,0.22846,3.0588,0.065374,1.9151,-0.23384
-1.1664,-3.0909,-3.5683,0.4811,-1.8336,-0.0032611,2.3138,-0.27908
-1.2035,-3.8438,1.8473,1.5682,-10.049,-0.057874,4.1357,-0.13137
-1.1976,-2.3294,2.6639,3.8711,0.20791,-0.027333,8.5458,-0.049307
-1.3927,-0.87748,-1.0126,1.025,3.3698,0.19206,-1.2869,0.096185
3.9143,-0.50575,4.0396,-0.39504,2.5241,0.083921,-0.96733,0.15598
3.9033,-0.38412,-0.66872,0.84613,-0.70804,-0.040617,-3.5281,0.21909
3.868,1.0241,-1.6393,0.67734,2.9009,-0.28956,-6.0058,0.13761
3.8373,4.0823,-1.152,0.045463,5.4941,-0.29757,-7.6756,0.063085
3.8296,0.27004,-2.6938,-0.78132,-2.9863,-0.11478,-0.91306,0.014556
-1.2677,1.0614,1.7154,-1.3896,-6.8814,-0.068829,2.9909,-0.10774
-1.2613,-1.1955,1.8724,-1.5957,2.8602,0.0070775,0.54371,-0.1379
-1.3124,2.1187,-2.5934,0.18568,-2.2505,-0.026929,2.5679,-0.22237
-1.3119,-1.4887,-1.6975,0.70058,-5.7608,-0.0091588,3.6391,-0.19331
-1.2779,-3.1071,1.5582,1.0928,-8.4368,0.023019,-0.4352,-0.11972
-1.2257,-4.0754,1.8278,2.3914,1.7108,-0.0579,2.1007,0.026773
-1.2105,1.4076,3.472,0.82851,4.0356,0.25408,3.2603,0.067685
3.8792,1.1341,3.4269,-1.3281,2.5314,0.027074,-0.14055,0.15255
3.8604,1.207,0.026669,0.5523,0.23795,-0.14347,-2.7467,0.083359
-1.2447,1.5434,-3.7631,1.0369,3.1579,-0.45651,-1.6841,0.27164
3.8223,3.2783,-1.9368,-0.94663,4.4485,-0.29037,-3.88,0.024169
-1.1848,2.229,0.022686,-1.6891,-7.3998,-0.11584,2.5976,0.03276
-1.2834,-0.95149,-0.35978,-1.5516,-5.4261,-0.066685,-1.0533,-0.073012
-1.2641,-0.82008,-0.3137,0.26437,3.0764,0.024501,-1.1219,-0.16829
-1.2505,1.4527,-3.5417,-1.1978,-4.2199,-0.024535,0.38498,-0.14053
-1.1005,-5.0706,2.4002,1.407,-7.6587,0.0041704,2.1797,-0.22602
-1.1892,-1.2655,3.2352,-0.55344,-5.8326,-0.032544,11.95,-0.1241
-1.2379,-4.1281,-0.95675,1.5815,3.5243,0.18166,-0.76534,0.001973
-1.2279,0.51134,-1.1021,0.24549,4.5707,0.34659,-3.0017,0.029475
3.886,0.73518,-0.46005,-1.7485,2.1959,-0.032056,1.0327,0.102
-1.2455,0.54952,-0.32706,0.48532,-0.066178,-0.3091,-3.7018,0.08073
-1.2116,2.3773,-2.5573,1.1029,4.3683,-0.40038,-2.0457,0.23187
3.8495,1.8069,-4.1429,-1.9427,1.0105,-0.243,2.5324,0.14377
-0.90384,2.6732,-0.30702,-1.5571,-7.2046,-0.10939,-3.0882,0.01329
-1.1937,0.19343,0.2275,-0.15031,-2.9307,-0.1224,-4.462,-0.084305
-1.2435,-1.9236,-1.9393,0.96096,1.0506,-0.18758,-1.255,-0.19098
-1.2332,2.9617,-2.8572,-0.85939,-5.9342,0.020503,1.3615,-0.2123
-1.2323,-7.9109,1.2203,1.6181,-7.2713,-0.01702,0.30094,-0.14084
-1.3075,-0.12138,3.8971,2.1805,-1.069,-0.0079459,3.8289,-0.12775
-1.1899,-2.6485,-0.40645,-0.10437,4.9294,0.37178,1.5231,0.055735
-1.1962,0.50868,3.8344,0.83403,3.6671,0.16669,0.07784,0.12264
-1.194,1.1134,0.57081,-0.055331,2.4065,-0.0095181,-3.3166,-0.022268
-1.0316,0.76565,0.13213,0.49044,1.272,-0.56829,-3.8818,0.087034
-1.0726,2.0233,-0.552,0.57961,5.9498,-0.102,-4.6749,0.22347
3.8868,0.89976,-2.8843,-3.453,-5.6047,-0.10977,0.65068,0.21985
-1.2202,-0.145,-2.1739,0.33553,-8.2085,-0.057251,0.39705,-0.013822
-1.3393,3.4951,-1.1509,-0.059288,-2.2424,-0.15604,1.9509,-0.072039
-1.24,-0.18272,-3.3639,1.3982,-0.98504,-0.18102,-1.4836,-0.20103
-1.1893,2.0688,0.82776,0.4217,-7.8608,-0.040457,3.3021,-0.21989
-1.1878,-9.0852,0.78299,-0.17468,-4.4128,-0.045822,2.1537,-0.072014
-0.95211,0.94772,2.8304,2.9781,1.5934,-0.025164,8.5687,-0.13262
-1.0779,-0.85254,-3.1161,-1.4185,6.3868,0.5061,-3.1748,-0.014114
-1.1658,0.76742,-0.49171,0.30734,3.8755,0.1946,-1.7065,0.097962
3.9322,1.5355,-0.3568,-1.003,3.0371,0.069892,-3.9426,0.020397
-1.274,-0.14378,-1.3872,0.95434,2.7503,-0.6142,-4.621,0.15374
-1.7551,3.0935,0.2815,-1.8771,5.2116,-0.065389,-5.1682,0.21196
3.9009,1.8923,-0.9456,-0.66634,-8.2763,-0.11944,0.75566,0.16871
-1.201,-0.57381,-1.4299,0.44222,-6.4092,-0.089961,-5.4804,0.0086902
-1.1791,0.54563,-4.4304,-0.15878,-1.6348,-0.17281,-2.6885,-0.068339
-1.1551,1.778,-2.9756,1.756,-2.0472,-0.14318,-1.0444,-0.16713
-1.1223,-2.1962,1.9276,1.9898,-8.2426,-0.055281,1.5044,-0.21955
-1.1704,-5.6338,7.7268,-0.51866,-0.61604,-0.0036076,11.072,-0.19755
-1.2604,-0.16435,1.8729,1.996,4.1781,0.26932,1.0063,-0.13381
-1.3331,0.097888,1.8228,1.2961,5.7209,0.47477,1.165,0.0032629
3.8874,0.56338,-6.1992,-1.9066,3.8432,0.22282,1.4367,0.15136
3.9823,0.31635,-2.6316,0.63412,2.3877,-0.15341,-3.5178,0.028404
3.9274,1.2466,-2.9063,1.7041,4.3162,-0.61215,-2.3371,0.027917
3.896,3.8506,-2.3722,-1.9839,2.2251,-0.28025,0.12728,0.088616
3.8646,0.43293,-1.5205,-2.1256,-9.2508,-0.071376,0.55115,0.16803
-1.2356,-0.29101,-2.6231,0.40749,-6.1692,-0.071434,-2.001,0.030838
-1.2246,1.6766,-5.8984,0.044622,-1.4674,-0.35411,-3.4864,-0.07289
-1.4004,3.1738,-2.0796,-2.0788,-4.5119,-0.11524,-1.9494,-0.18373
-1.1847,-5.2311,2.1156,1.4387,-7.7973,-0.02809,1.1491,-0.22768
-1.1872,-6.8825,8.5371,2.0879,1.971,-0.030471,7.1074,-0.13936
-1.1873,-0.26601,0.74939,1.2844,5.3876,0.40589,4.7925,-0.10205
-1.0679,2.1772,2.5285,-1.6816,4.6289,0.28854,-1.3966,0.0048205
-1.0849,1.3358,-0.038805,0.84394,1.8639,-0.016808,2.1964,0.11064
3.814,1.9183,-2.8697,0.10554,2.3893,-0.37101,-2.1807,0.044491
-1.1867,1.5668,-1.973,-1.4405,5.671,-0.061551,-5.975,0.14167
3.9063,2.4173,-3.5538,-1.7791,-5.2782,-0.13563,0.86235,0.057853
3.8746,-0.85681,-0.77414,-0.67706,-10.092,-0.038057,0.713,0.13444
-1.156,2.6233,0.37406,0.94193,-3.4513,-0.15083,-3.2409,0.0052342
-1.2022,0.11994,-4.3929,0.83044,-1.9382,-0.33236,-2.397,-0.076273
-1.1727,2.2204,1.4691,1.4836,-6.2882,-0.063714,2.28,-0.1692
-1.004,-3.346,3.7478,1.7094,-8.0371,0.011544,1.7248,-0.24895
-1.1273,-3.0958,4.338,0.98766,3.0923,0.14174,1.3595,-0.20059
-1.1762,0.65723,-0.049957,-2.1678,6.7211,0.57564,-7.1826,-0.13705
-1.1723,1.3827,-1.5219,1.5263,4.7602,0.33893,-4.3369,-0.029472
-1.3073,0.21987,-2.2842,0.3524,2.6112,-0.037299,-0.27206,0.11634
-0.17815,-0.11544,-3.2534,1.1065,2.2001,-0.4121,-5.8959,0.14433
3.923,1.0365,-2.2636,-0.52905,5.4907,0.023429,-4.0963,0.15873
3.8836,3.8437,-4.2852,-3.5878,-7.5094,-0.11299,-2.3977,0.004212
3.8596,-2.2053,-1.0557,-2.2552,-9.397,-0.1126,-4.0753,0.15859
-1.2058,4.8546,-2.4244,-0.72094,-1.8463,-0.1361,-1.879,0.050357
-1.2227,0.67431,0.1191,-0.03928,-2.6177,-0.27711,-2.8655,-0.096084
-1.2161,-1.4962,2.4561,4.2949,-7.0774,-0.015403,2.1312,-0.15204
-1.3083,-2.9604,2.2787,0.12511,-3.059,0.058334,5.3342,-0.29531
-1.2721,-1.647,3.452,2.0665,4.8464,0.32236,3.9694,-0.20407
-1.1813,1.4011,4.5751,-0.38147,6.2424,0.54592,-0.73638,-0.095573
-1.1773,1.3182,-3.135,-1.243,3.8564,0.17537,2.6174,0.021419
-1.1268,-1.5937,0.55781,1.7688,2.4219,-0.030722,-1.7732,0.07596
3.9088,-0.33282,-1.4796,0.13074,3.547,-0.19378,-1.7587,0.1958
3.8799,1.1449,-0.27315,-0.26185,3.8034,-0.061128,-1.4098,0.24433
3.8447,1.142,-2.5618,-1.5821,-10.189,-0.060942,0.45322,0.16382
3.8264,-0.15057,1.4842,-0.66523,-6.5939,-0.10338,-7.083,0.088981
-1.291,3.0175,0.2172,0.44598,-2.2456,-0.26346,-0.11596,0.021711
-1.2998,1.5761,0.66938,-0.21117,-3.6552,-0.17253,2.225,-0.085424
-1.2484,0.69408,4.2532,1.1372,-8.1502,0.021286,4.1673,-0.17197
-1.2339,-4.1452,0.89215,1.0012,2.8708,0.048823,2.7113,-0.15299
-1.032,0.90477,4.2083,-1.9346,6.3446,0.50019,-6.1442,-0.19881
-1.168,1.9054,-0.29951,-0.26178,6.2075,0.54499,2.2763,-0.11784
-1.2223,2.1436,-0.61349,-1.6392,2.8076,0.0028291,-0.41612,0.027065
-1.2266,1.6231,0.67787,-0.2201,2.5647,-0.025363,1.7846,-0.0067643
-1.325,0.33257,0.56899,-0.90848,3.772,-0.14488,-3.2788,0.072528
-1.223,1.5317,-1.3471,-1.2073,-0.92012,-0.17119,-1.8753,0.33126
3.8616,0.096167,-1.5185,-2.4321,-9.461,-0.062501,-4.564,0.25338
-1.3145,2.0744,0.00011809,-0.077908,-4.4002,-0.10072,-0.22704,0.080487
-1.0242,3.8023,1.038,0.39297,0.02836,-0.28362,-2.1509,0.015505
-1.1532,0.58003,4.5097,0.049317,-4.3611,-0.11569,4.1428,-0.0854
-1.2369,-1.8119,3.0118,0.032162,-7.4978,0.0061919,2.05,-0.29943
-1.232,-1.9897,1.5595,2.2257,4.7338,0.34992,3.2953,-0.17942
-1.3447,-1.3869,7.9979,0.44794,6.5344,0.53383,5.4987,-0.18482
-1.264,-0.82658,1.8517,-0.66125,5.9166,0.4824,3.3387,-0.081409
-1.174,-0.86155,3.3922,1.0145,2.0353,-0.038589,0.11488,-0.028741
-1.1963,-0.77979,-1.4932,0.036709,3.6439,0.15705,-3.0921,-0.011121
-0.93494,0.2331,2.7982,0.79025,4.1013,-0.098259,-2.2491,0.038382
-1.0813,1.0978,-2.2576,-2.2394,-5.764,-0.092342,-1.0214,0.21858
3.8765,-0.11149,0.26626,-2.349,-9.88,-0.10436,-6.9947,0.2823
-1.2498,0.88675,-1.4545,-1.3565,-0.38252,-0.16243,-3.9754,0.16372
-1.2563,3.6444,0.25838,0.022958,-0.14939,-0.33491,-2.7538,0.029864
-1.372,-2.1976,3.2593,2.1204,-4.3696,-0.067327,1.3491,-0.093261
-1.2122,-1.0817,1.2588,-1.5549,-5.301,-0.025485,2.8102,-0.19852
-1.204,-3.7305,3.4505,1.5989,6.2055,0.49949,-2.1991,-0.19847
-1.204,1.6447,7.1954,1.3051,6.7561,0.57571,-3.5604,-0.084329
-0.99011,0.48335,4.9753,-0.10361,4.4659,0.26972,3.9857,-0.12427
-1.1295,-1.0635,5.8254,0.89068,1.0844,-0.012207,-0.32789,-0.00070421
-1.1913,-0.41532,2.5193,-0.68172,3.8187,0.091737,2.2733,-0.034364
-1.1819,1.2234,0.32824,-0.20199,3.1971,-0.084025,-0.37709,0.019934
3.9062,0.14386,-2.3576,-2.5813,-9.6918,-0.12852,2.1045,0.21279
3.8997,-0.33983,-1.2019,-1.5566,-9.192,-0.091181,-4.4741,0.45235
-1.2161,2.464,1.0978,1.5464,1.4492,-0.33227,2.6222,0.15335
-1.2029,3.312,3.3899,-0.5815,-1.2573,-0.37997,0.60194,-0.0018238
-1.0001,-0.40826,1.7967,-0.81858,-5.9657,-0.052894,3.2563,-0.044683
-1.099,-4.95,-1.4146,-1.0495,-0.57938,0.043118,4.1603,-0.19575
-1.1855,-0.46813,4.2667,2.3104,7.0995,0.62329,3.8066,-0.23109
-1.1837,1.4395,5.588,1.8413,6.6121,0.6194,2.36,-0.16552
-1.2555,-1.9543,8.3754,1.1637,3.1956,0.098039,3.8537,-0.11504
-1.2308,-1.5035,2.3566,-0.90126,-1.1566,-0.006534,-0.29463,-0.0035517
-1.1447,0.21472,0.72061,0.90549,2.4453,-0.065922,-1.955,-0.005012
-1.1591,0.37427,0.29979,-1.5957,0.40095,-0.13839,-2.96,0.16472
3.9217,0.72141,2.261,-1.0047,-9.1122,-0.10755,-5.9615,0.083286
3.9144,-1.5313,-0.96374,-0.046223,-5.1127,-0.08271,-3.8169,0.22522
-1.1812,1.8566,-1.6235,0.33832,2.7619,-0.34968,-4.5332,0.16462
-1.1935,0.77445,2.8151,0.86754,-1.5841,-0.22613,-0.55516,-0.008322
-1.1927,0.63492,1.5667,-0.64676,-4.4343,-0.083114,-0.037189,-0.058409
-1.3227,-0.83226,-0.30032,2.8653,3.4562,0.13078,1.5935,-0.20568
-1.1685,2.4625,3.1561,1.6802,6.9376,0.62502,0.54439,-0.20222
-1.1508,1.9229,6.3599,0.6202,5.014,0.3716,2.7803,-0.14311
-1.1376,-0.96044,5.9297,-0.081222,1.0608,-0.063162,1.8667,-0.093237
-0.96932,-2.8965,0.019859,1.8953,-0.39105,-0.031537,-1.8476,-0.0037464
-1.1407,0.24478,1.1095,0.65406,3.4471,0.075424,0.34796,-0.012338
3.8929,0.41535,0.31806,-0.71166,-3.4104,-0.055031,-1.9214,0.12814
3.9204,1.0609,2.3592,-2.8592,-9.0081,-0.068758,-5.9552,0.061382
3.8925,1.5874,1.9914,-0.83575,-2.1646,-0.22791,-0.6056,0.24852
-1.2271,5.3306,0.53284,-0.70318,2.7811,-0.59393,-4.2966,0.17356
-1.1951,-1.234,-0.090107,1.8401,-2.6654,-0.1256,3.7402,0.0034819
-1.1896,-1.3428,-1.4267,-1.3572,-3.4627,-0.067982,6.3605,-0.06666
-0.90382,0.12327,2.1478,0.73176,5.1843,0.32551,0.30598,-0.19475
-1.0922,0.54489,3.5883,1.6513,6.6799,0.56915,-0.68296,-0.19263
-1.1751,0.62476,7.6886,-0.27811,3.7548,0.1724,5.3663,-0.18548
-1.1691,0.25514,1.5131,-1.6907,-3.0307,0.043522,3.1295,-0.10132
-1.2006,0.44549,2.5935,-1.3622,-1.4411,0.012038,-1.4436,-0.032465
-1.2179,0.16408,0.57734,-0.78334,2.3492,-0.017976,0.40098,-0.011851
-1.1033,-0.52974,2.5272,-2.5782,-7.0942,-0.036979,0.41807,0.054884
3.9631,1.9822,-0.90339,-0.016678,-8.124,-0.023932,-2.0823,0.053083
3.9299,0.39701,-0.54018,2.3704,1.825,-0.34028,-3.5486,0.14557
-1.0075,2.2319,1.0059,-0.40867,3.6279,-0.40685,-4.5009,0.1711
-1.1509,-1.2878,-1.1351,-0.73313,-4.0975,-0.067205,-0.31302,0.019302
-1.1588,-3.8582,-2.8979,1.6904,2.2225,-0.085039,-2.1552,-0.078415
-1.1525,2.6647,0.81316,0.35121,6.3833,0.53644,-0.81197,-0.11122
-1.2606,0.56949,3.4178,1.4725,6.396,0.57752,2.2071,-0.20616
-1.151,-3.1216,4.9971,-0.14824,3.6971,0.14112,-0.23908,-0.22035
-1.119,-2.5296,0.5546,1.4284,-5.4446,0.00041614,2.3897,-0.085935
-1.1175,-1.0953,2.5067,-0.89493,1.1576,-0.015024,1.9749,-0.057582
-0.79528,-0.15645,1.6238,-0.29307,0.34142,-0.012637,1.0946,0.05318
-1.0358,-1.2026,3.4411,-0.45606,-6.9307,-0.029034,-5.7007,0.17136
3.9797,-0.54423,-1.9363,0.52849,-3.8695,-0.11611,-4.872,0.072699
3.9483,1.4781,-2.3757,1.6208,3.9048,-0.23336,-3.477,0.18536
-1.3421,-0.080252,-0.39004,0.33791,3.4266,-0.1341,-3.5162,0.19741
-1.1516,-3.5881,-1.5385,-0.27389,-3.9879,-0.14162,-0.28264,0.063012
-1.1303,-2.5442,-0.62009,3.1229,4.8591,0.25036,0.7707,-0.083112
-1.1205,0.15466,1.9458,-1.0799,6.4675,0.56462,1.9514,-0.14586
-0.90408,2.6103,2.7696,2.7825,5.1522,0.41995,2.858,-0.19667
-0.95971,-0.86462,2.1756,-1.3031,1.1368,-0.03058,3.3245,-0.2234
-1.0789,-1.7366,0.93607,-1.7773,-6.0301,-0.049031,-2.6561,-0.15652
-1.1012,0.29498,0.1035,0.51024,3.6863,0.18715,0.2063,-0.041933
-1.1331,0.35782,2.0517,-0.5588,-2.5462,-0.074835,0.15894,0.087569
-1.1974,-0.72429,2.2888,-1.7613,-7.454,-0.032076,-0.59108,0.20687
3.9922,3.3153,2.8445,0.12614,0.19101,-0.12261,-1.576,0.18035
3.9969,1.6665,0.5526,-0.025131,4.6598,-0.33082,-2.5973,0.15791
-1.1283,2.3444,-3.0647,-0.72198,-0.19573,-0.21655,-0.57895,0.041133
-0.94011,-6.0131,-2.2437,1.431,-1.9145,-0.097329,-3.537,0.055224
-1.0683,0.49319,-0.4579,0.66303,6.3773,0.5111,0.60745,-0.055197
-1.1138,1.237,2.18,1.3197,6.4347,0.58508,2.9688,-0.15493
-1.1114,1.5018,0.96497,-0.62006,3.8827,0.26026,5.0956,-0.15101
-1.3163,-1.5539,0.51879,-0.30015,-2.7334,0.017005,1.9803,-0.19353
-1.1136,-0.42243,1.9244,-1.3452,-4.5265,-0.0056356,0.46677,-0.062985
-1.0815,0.88058,0.62701,-1.3926,3.3444,0.14444,1.61,-0.0063263
3.9917,0.94466,0.99747,-1.4225,-4.5273,0.012507,1.1833,-0.036165
3.9812,-0.8956,0.9025,-0.33612,-6.7753,-0.084712,-0.50427,0.2582
3.9496,3.4283,-0.16502,0.69871,1.9063,-0.42866,-0.86323,0.29963
-1.1471,0.94866,-1.6465,-0.10312,4.7883,-0.50859,-5.27,0.30296
-1.183,0.84497,-5.9055,-0.33887,-3.1564,-0.15794,-0.4999,0.093143
-1.3387,-5.0114,-2.9746,-1.1163,-0.66668,-0.15036,-6.1589,0.040037
-1.2164,1.1209,-0.069313,1.7271,6.2114,0.50884,1.1211,-0.074618
-1.1316,0.84606,1.3712,1.3135,5.6348,0.45662,0.75729,-0.16915
-1.1353,0.83929,4.3616,-1.4603,3.076,0.12647,2.4426,-0.20889
-0.8983,-1.8149,-0.62979,1.4032,-6.0681,-0.0018877,4.1751,-0.19451
-1.0381,-1.5261,-0.40679,-0.11884,-3.6953,-0.0032932,0.1984,-0.17085
-1.1344,1.2585,2.6565,0.77515,3.1668,0.11091,-3.2452,-0.098956
3.9654,-0.56003,1.2351,-2.3479,-6.1031,0.0074048,0.018637,-0.044926
3.9393,0.050866,0.32597,0.74895,-3.229,-0.0065019,-0.8953,0.064229
3.9189,2.0558,-3.3864,0.93437,2.9894,-0.4838,-1.9075,0.33681
-1.2266,1.7888,-1.2564,-0.58922,5.2616,-0.1711,-7.5416,0.25122
-1.1926,1.2393,-2.8279,-0.66842,-4.0584,-0.080598,2.7094,0.11512
-1.1869,-3.9617,-3.4058,2.5285,2.0318,-0.14565,-0.26039,-0.014625
-1.0569,1.4496,1.1585,0.27701,5.5972,0.44713,-0.50626,-0.074764
-1.136,-0.98117,0.29461,2.525,5.0362,0.42243,7.9705,-0.1535
-1.1694,1.047,3.7907,0.30738,0.54894,-0.007856,4.453,-0.19105
-1.1705,-0.043826,-1.4735,-0.29587,-6.4592,-0.036234,-5.1596,-0.13911
-1.3089,-0.35427,-2.9054,-1.4333,0.3045,-0.022777,1.2224,-0.12198
-1.166,0.52894,1.815,-0.40337,2.0721,-0.04133,-1.8466,-0.10738
-1.1572,-0.69941,1.2944,-0.71156,-5.9003,-0.020723,-1.9429,0.068853
4.3191,1.6585,-1.5492,-1.1607,0.86344,-0.10209,-1.4075,0.10069
3.9299,1.5948,-5.4076,0.66645,4.33,-0.19729,-3.7899,0.45534
-1.1187,-0.43428,-1.5243,1.9145,4.4206,-0.11339,-4.0241,0.23644
-1.1946,-1.7551,-6.3908,-0.25997,-4.0926,-0.075535,0.24352,0.1132
-1.1911,-1.5914,1.1866,-0.64653,5.0483,0.27275,-0.29404,0.094092
-1.3534,1.2544,2.0087,0.4657,5.7169,0.48939,3.8248,-0.1039
-1.2069,1.4885,0.48253,1.4758,4.2839,0.27002,6.2414,-0.14087
-1.1667,0.090503,-2.916,1.8044,-1.891,-0.016796,-0.80809,-0.16866
-1.1437,-2.4423,1.1544,2.5046,-5.8355,-0.051251,-0.56273,-0.16304
-1.0976,-1.6957,3.0604,0.075869,0.44804,-0.027898,3.5115,-0.059845
3.945,1.0577,0.25428,0.16899,0.64109,0.020638,0.91024,-0.094332
3.9261,-1.3247,0.76819,-0.13499,-4.8304,-0.0050387,-0.98138,0.048507
3.6525,1.7773,-0.81174,1.8599,3.1404,0.030495,-3.6087,0.058047
3.8847,-0.35055,-7.2892,-0.12151,5.0904,-0.20517,-4.5037,0.081728
-1.3388,2.3251,0.15707,-1.8834,1.9243,-0.18002,-1.197,0.21792
-1.182,-2.6014,-2.3589,-0.25422,-3.4923,-0.11468,-4.4468,0.063962
-1.1981,0.057808,2.7003,0.27794,6.0802,0.4352,2.7226,0.044029
-1.1845,2.465,0.90983,0.69202,4.4266,0.27419,3.6948,-0.069313
-1.0336,1.4956,-0.15323,0.2208,3.0755,0.14115,0.54325,-0.15532
-1.131,-0.81238,-2.8824,1.9459,-5.6286,-0.031017,0.78403,-0.15019
-1.1762,-3.2037,-0.39119,-2.3111,-1.9311,-0.025825,4.8044,-0.22213
-1.1731,-0.18491,5.7202,0.12694,3.33,0.16339,0.050733,-0.12436
-1.3719,1.7692,2.826,-1.7982,-1.8909,-0.0064249,1.231,-0.059237
-1.2114,-0.63895,2.0206,0.3615,-1.6702,-0.0075031,-2.338,0.024096
3.9511,2.6976,-2.409,1.0018,4.0078,-0.073385,-3.4657,0.036265
3.9242,-1.2976,-3.6656,1.1023,6.0298,-0.05161,-6.7642,0.18624
-0.84199,0.81819,-4.484,-1.4848,-1.4469,-0.11321,-1.1032,0.22795
-1.0448,-1.517,2.214,-0.32661,-0.72317,-0.04586,-0.79029,0.069024
-1.1659,-0.28488,3.5641,-0.41156,6.458,0.49606,2.001,0.070338
-1.1708,2.3288,-0.087891,1.7861,4.1958,0.25366,6.7136,-0.10064
-1.2839,0.4599,-3.1212,-0.35549,-2.439,0.0041575,5.94,-0.14172
-1.2597,-1.709,3.6528,-0.38252,-6.4547,-0.051277,-1.3993,-0.17513
-1.1314,-0.92019,4.6372,-0.54857,0.67277,0.017365,4.8139,-0.19434
-1.1414,-2.5217,0.85168,-0.55882,3.5544,0.15858,1.7876,-0.079851
3.9549,0.04867,2.9052,-1.4464,-2.2102,-0.062591,-0.60935,-0.073523
-0.87806,-0.23494,-0.91712,0.44538,0.52962,-0.0086646,-1.0629,0.055468
3.9389,3.2018,-4.1929,1.4648,4.4312,-0.10728,-4.1065,0.060822
3.9159,-0.38691,-3.4945,-0.54693,5.7424,0.045223,-4.7798,0.25365
-1.1973,0.82977,-2.6378,-1.4208,-1.7801,-0.090693,-2.7895,0.032322
-1.3044,0.66574,1.8819,0.00059941,2.3332,-0.071299,3.3848,0.092875
-1.2147,1.9393,1.5472,-1.1863,6.6613,0.58744,1.0656,0.051574
-1.1592,1.5625,-0.80051,1.4148,1.5445,-0.023726,3.2936,-0.083964
-1.1561,-0.64157,-2.6297,1.9568,-4.5191,-0.058221,2.2638,-0.12663
-0.91597,-3.2436,5.0719,-0.14183,-4.628,-0.016661,4.7509,-0.22882
-1.0527,-0.48926,3.8708,2.2658,2.7299,0.081123,4.4225,-0.17557
-1.1516,-0.88361,1.6027,-1.249,3.9597,0.28196,-1.8972,-0.11762
-1.1463,-0.38478,2.2024,-1.0572,-0.81803,-0.045,-0.62041,-0.017473
-1.2999,0.68014,0.45901,0.026548,2.0155,-0.12924,-2.6064,0.064911
3.9588,3.0614,-5.2219,-0.63482,5.2477,-0.23954,-4.6048,0.060944
3.9265,0.61873,-1.6055,-0.50081,4.1475,0.0055758,2.6112,0.28281
-1.1624,0.66831,-0.28811,-1.8772,-4.7978,-0.088036,3.2407,0.2658
-1.2445,-1.593,1.3049,-0.49503,3.2213,0.085146,4.688,0.11592
-0.97875,2.0448,-0.50673,-0.73602,4.6302,0.29282,8.0569,0.066225
-1.2485,0.42162,-1.9098,1.5345,-0.66315,-0.016693,5.1937,-0.09752
-1.1406,-3.9289,-0.37713,1.0197,-7.163,-0.024394,0.91296,-0.14155
-1.2186,-3.3042,4.2067,1.35,-1.7299,0.015247,8.5646,-0.20449
-1.2565,-1.6434,1.5835,2.5154,3.3903,0.15787,-0.68934,-0.21549
3.9727,-0.87248,3.2918,-1.3622,3.0595,0.10156,0.17841,-0.14685
3.9643,-0.45283,-0.40393,-0.39034,-1.4308,-0.056436,4.8969,-0.023509
3.9414,1.2101,-2.5454,0.75721,3.1291,-0.11944,-4.0211,0.0014132
3.9178,2.874,-3.8463,-0.033159,5.5105,-0.29035,-3.5298,0.12488
3.9719,0.66611,-3.0946,-1.941,0.064428,-0.1339,-1.5477,0.19427
-1.2177,1.1787,2.1025,-1.0284,-4.9397,-0.066576,3.7713,0.2087
-1.2065,-2.1174,1.9585,0.34464,4.737,0.22935,0.507,0.071068
-1.4004,2.4371,-2.7491,-0.06591,2.5313,-0.011469,0.51414,0.086498
-1.2174,-1.1066,-2.4857,0.54976,-1.242,-0.052932,4.4011,-0.042322
-1.1643,-1.9239,2.8525,2.6458,-9.6508,-0.032974,-0.16254,-0.18073
-1.1621,-3.6047,1.0602,3.7263,0.35772,0.010325,5.0534,-0.16314
-0.9074,-1.4824,3.2885,0.75591,3.7107,0.18315,-2.2008,-0.19821
3.9365,-1.5104,4.6548,-1.0048,2.9163,0.092347,-2.1664,-0.1184
3.9169,-0.09499,-0.95655,-1.0723,-1.4317,-0.1239,-4.8858,-0.097277
-1.192,0.091472,-3.0177,2.9457,3.8029,-0.2496,-3.8816,0.12045
3.899,2.2738,-2.2392,0.32014,5.9458,-0.063509,-7.9292,0.23107
-1.2352,-0.26124,-1.5977,-0.49976,-2.1871,-0.1635,-2.1749,0.37344
-1.159,1.4642,-1.5948,-0.80325,-4.6302,-0.1447,1.4089,0.19548
-1.2016,0.071539,1.4586,-1.6136,4.5338,0.25808,2.4029,0.14878
-0.80797,2.0013,-2.738,2.1725,-1.4754,-0.074592,4.8707,0.053472
-0.98493,-1.8028,0.54234,-0.74315,-5.7599,-0.053459,2.1882,-0.04534
-1.2547,-1.6517,0.84262,1.2134,-7.0856,0.035135,-1.5592,-0.17192
-1.1809,-3.4784,1.1756,1.7225,2.6151,0.10078,1.511,-0.22425
-1.3824,1.5455,1.2135,-0.78712,4.3551,0.32517,-0.39342,-0.16026
3.9137,0.96622,2.6996,-1.2233,2.4837,0.017628,-2.7345,-0.14488
-1.1916,-0.37918,-0.20846,-0.066045,0.26134,-0.11742,-5.0234,-0.084767
-1.1616,1.6281,-4.988,1.1961,5.0192,-0.18642,-3.9964,0.095576
3.9189,1.9314,-3.0448,-1.4674,5.1227,0.0056464,-4.3577,0.06053
-1.0915,0.59491,-1.5855,-1.6101,-5.8168,-0.13623,0.56401,0.25735
-1.1677,-1.1304,-1.5965,-1.1854,-0.98932,-0.11511,-1.9169,0.21807
-1.1944,1.7284,-1.3588,-1.3251,3.4775,0.092565,3.4742,0.2796
-1.1865,1.2149,-4.0969,0.17093,-3.2027,-0.045796,0.058022,0.025143
-1.3645,-5.938,1.9024,-0.25555,-7.3341,-0.029874,3.5541,-0.062206
-1.2377,-0.40391,2.7546,1.9386,-5.6095,-0.032249,10.935,-0.1359
-1.1517,-3.5023,2.1439,2.5861,4.3373,0.31548,-1.5591,-0.20575
-1.1444,-0.49894,0.70519,-0.74882,4.4254,0.31631,-2.9406,-0.15698
3.9412,1.9757,0.89776,-0.17529,2.4708,0.010877,-3.2345,-0.13756
-0.95855,-0.51424,-1.3592,-0.074638,1.5005,-0.28286,-3.5251,-0.03855
3.766,2.1202,-3.0563,0.39409,5.3351,-0.18239,-2.3902,0.096185
3.9363,-1.3707,-5.2262,-2.6214,2.1746,-0.16732,-2.0203,0.3182
-1.401,2.3101,-0.58867,-2.3595,-7.0148,-0.11064,-0.052338,0.24577
-1.2472,0.47016,-0.86423,0.44635,0.45811,-0.068687,0.17527,0.17613
-1.1817,0.95557,-2.4613,0.8828,2.6124,-0.0079715,-0.83069,0.18672
-1.1562,2.8692,-2.3373,0.84766,-4.2928,0.0032655,3.4594,0.047363
-1.139,-4.7074,2.9323,0.73257,-8.9287,-0.001015,5.0718,-0.055197
-0.97393,-0.55519,5.8945,2.3612,-0.22032,0.036271,3.6481,-0.13425
-1.207,-2.4983,2.2134,2.6039,4.8449,0.35843,1.6566,-0.23002
-1.1349,0.21224,3.8331,-0.57293,3.1704,0.13984,3.4697,-0.17742
3.9508,2.3516,-1.1586,0.89594,1.9944,-0.08717,-2.3649,-0.08355
-1.327,-0.83078,-0.44588,0.21426,2.5431,-0.38425,-5.104,-0.058288
3.9685,2.9577,-0.35785,0.0041962,6.3145,0.027305,-2.0797,0.030813
3.9487,-1.2061,-2.4917,-1.5797,-3.402,-0.12457,-0.53279,0.19037
-1.1607,-0.4781,-4.5071,-0.65815,-6.1913,-0.12559,1.4972,0.11025
-1.0111,3.4302,-0.43217,-1.2955,0.87866,-0.14017,1.4474,0.081923
-1.1161,1.6616,-3.9017,0.2601,-0.22236,-0.071062,3.3444,0.19232
-1.1488,3.3585,1.3222,0.050364,-6.014,-0.025793,3.3536,0.036095
-1.1436,-5.4186,1.849,0.93352,-4.4469,-0.022777,1.163,-0.046922
-1.2785,-0.9318,6.1591,3.5,2.968,0.11036,2.2208,-0.12166
-1.1448,0.67813,-2.7339,-2.448,6.3716,0.5728,-3.8863,-0.22354
-1.0896,0.57676,2.8081,0.426,3.8691,0.21379,-3.403,-0.18487
3.9915,1.7566,0.47394,-1.6673,2.5496,-0.033359,-1.7128,-0.10195
3.9512,0.13817,-0.92521,0.41385,4.4118,-0.33941,-3.9909,-0.046678
3.9496,1.8255,-0.79387,-1.4451,5.3254,0.018071,-4.4163,-0.028206
3.9291,0.94932,-0.04839,-1.9971,-7.6325,-0.13978,-0.70788,0.23367
-1.1868,-1.321,-3.5935,0.43134,-3.7758,-0.070452,-4.7513,0.25178
-1.4983,-0.54748,-4.0721,-0.16508,-0.31948,-0.23242,-2.7706,0.099203
-1.3057,1.6771,-5.2066,0.88728,-1.4071,-0.10497,-3.0051,0.18974
-1.1475,-1.667,1.9812,1.7539,-7.2123,-0.015955,3.3079,0.043542
-1.1455,-3.917,4.3726,-0.47394,-1.9758,0.033826,5.9657,-0.055756
-1.1437,-0.75336,4.7187,3.6256,4.686,0.365,-5.4843,-0.083477
-0.84427,0.86563,-0.43557,0.43827,5.5253,0.47148,-0.96098,-0.20986
-1.1581,-0.24063,-2.3502,-0.90428,3.3943,0.18079,-3.4641,-0.17277
3.9685,0.51687,-1.9418,-0.30212,2.5282,-0.16457,-4.9011,-0.14306
3.9427,0.98162,-0.66919,0.27289,4.7503,-0.44335,-1.7222,-0.027233
3.9186,3.1219,-4.4494,-1.4456,2.2231,-0.25051,-2.7649,-0.012508
3.9003,-0.61061,-0.33584,-3.6769,-8.2118,-0.16376,-0.39965,0.19001
-1.2011,-0.42694,-4.1821,0.84753,-3.9838,-0.13572,-2.8035,0.26803
-1.1964,0.92327,-4.5584,0.029425,-1.4053,-0.32338,-2.4244,0.074768
-0.89583,3.9926,-3.4155,-0.83494,-5.293,-0.081458,4.6062,0.19619
-1.1442,-5.1379,3.0759,0.87527,-7.7986,-0.020274,1.9329,0.084819
-1.1749,-3.2357,7.7849,2.3186,0.65283,0.026285,10.527,-0.077928
-1.1686,-2.4149,-1.3249,0.84783,5.322,0.41185,-1.0195,-0.16462
-1.2832,1.2897,3.534,2.0314,4.0241,0.22145,2.7902,-0.23797
-1.2258,0.28553,-0.95485,1.3002,2.694,-0.0053019,-3.4826,-0.17842
3.9966,0.27386,-2.8008,-1.299,2.7502,-0.2456,-2.617,-0.099954
-1.1532,0.56815,-0.5996,-1.5295,5.8477,-0.12519,-2.5715,0.03607
3.9318,1.5609,-4.4259,-2.142,-4.845,-0.14174,-1.8684,-0.0047686
3.9174,-0.51254,-1.4766,-0.98174,-9.2636,-0.12087,-0.52781,0.19763
-1.2654,1.5709,-2.0834,-0.34947,-2.4754,-0.18458,-0.85033,0.38899
-1.1898,-0.55694,-3.2402,-0.3905,-2.2344,-0.30833,-2.6099,0.18441
-1.3864,5.8489,0.19416,0.028173,-6.4701,-0.00046948,3.7502,0.097669
-1.3191,-5.7464,5.0319,-0.16845,-6.654,-0.043447,1.6972,0.046438
-1.1835,-2.6991,5.2116,1.329,3.29,0.16314,2.0922,-0.064056
-1.1457,-0.40781,1.3116,1.3842,6.5133,0.56632,-2.2732,-0.15866
-1.1324,1.2396,0.39386,0.5047,4.0496,0.2677,0.86734,-0.10879
3.9626,0.51333,-1.3479,0.89333,2.913,0.058963,1.2035,-0.20787
-1.5376,-1.4303,-0.61271,0.26896,2.5851,-0.32559,-3.9273,-0.13067
-1.1633,0.37677,-0.46771,-0.56787,5.3692,-0.030856,-1.6106,0.064059
3.9226,2.1377,-3.4496,-4.5888,-6.55,-0.12975,0.081892,0.065714
4.1668,-0.68793,-2.7727,0.72781,-8.1609,-0.13759,-5.2359,0.19312
-1.226,4.0737,-3.1006,-1.8066,-2.1349,-0.25504,-2.3953,0.23598
-1.1817,1.224,-1.4173,-0.34448,-1.6497,-0.24518,-4.6951,0.23637
-1.176,-1.2711,0.68227,2.5481,-7.7699,0.0069171,2.223,0.24304
-0.9638,-4.015,5.4771,0.65946,-2.7824,-0.049865,7.7214,0.049067
-1.1616,-0.52086,5.1034,-1.4535,5.0276,0.36592,5.9383,-0.068291
-1.1603,1.7973,3.9857,0.43494,6.6197,0.64028,0.57457,-0.22756
-1.1519,2.7814,0.2464,1.2786,3.8665,0.19351,0.33035,-0.171
-1.4511,0.48453,-0.28859,0.81991,3.3286,0.05578,-3.018,-0.17224
-1.1902,0.50397,0.6624,-0.07135,3.5491,-0.22083,-1.5926,-0.12456
-1.0428,-0.15829,-1.6199,-0.59818,2.3665,-0.18919,-0.51534,0.10977
3.9608,0.69423,-1.3942,-4.1995,-8.8276,-0.10348,2.2291,0.16886
-1.0942,-0.31415,-2.5932,-1.2388,-6.4845,-0.14376,-4.2105,0.23311
-1.0072,2.1009,-3.025,0.62085,-1.5117,-0.36736,-1.8838,0.19801
-1.1963,2.7272,1.9428,0.7173,-3.9005,-0.17163,0.88899,0.23895
-1.1563,-0.64808,2.9058,1.7994,-7.8579,-0.073347,6.8259,0.21439
-1.1482,-4.2033,2.5115,0.41648,3.332,0.15437,2.1475,-0.02419
-1.1863,1.742,7.3444,-0.56738,6.5542,0.61363,-10.253,-0.082528
-1.1663,-0.14629,1.7637,0.035251,6.2173,0.5747,2.2153,-0.15829
-1.1153,2.0916,-0.46213,-0.0078852,2.8443,0.043253,0.099251,-0.18791
-1.1106,2.7241,-0.65827,-0.018721,2.1901,-0.12252,2.4945,-0.095671
-0.91791,-0.23613,1.9765,-0.45764,4.3765,-0.18251,-2.1317,-0.14856
-1.054,0.2125,-2.5954,-1.8202,-2.8429,-0.23629,-1.667,-0.035872
3.9848,-2.3472,-2.04,-0.34847,-9.0775,-0.12752,-4.3157,0.29987
-1.1479,0.95847,-3.024,-0.73479,-3.4912,-0.15115,2.1886,0.099471
-1.2849,4.2435,0.1316,-0.0088358,-0.5122,-0.37498,-1.2132,0.20578
-1.2074,1.8252,2.9754,0.79157,-4.5697,-0.15579,4.0945,0.45889
-1.1237,-1.1296,3.9563,0.33025,-6.4551,-0.010102,2.1046,0.18585
-1.1122,-0.51169,6.2225,-0.29011,4.9259,0.37877,8.2932,0.026311
-1.0547,0.44192,8.7249,1.3602,6.4044,0.61999,2.0666,-0.061452
-1.0057,0.54738,-0.79543,0.60917,6.1284,0.5948,5.5518,-0.17297
-1.1269,-0.17995,3.2554,1.7972,2.9388,0.12563,-0.40997,-0.20324
-1.0954,-0.71424,-0.75945,0.51958,3.7829,0.14994,-1.8947,-0.16791
-1.2962,0.20507,0.43666,-0.74692,4.168,-0.13545,-0.99455,-0.1415
4.0213,0.94342,-3.0105,-2.4203,-5.4059,-0.089198,-1.8978,-0.026551
3.9932,-2.4953,-0.43483,-2.3089,-7.9021,-0.13499,-7.438,0.14211
-1.1216,1.0669,-2.5631,-1.8752,0.21697,-0.24614,-4.2654,0.18874
-1.1116,3.6092,-2.4041,-1.4473,-0.36336,-0.35624,-1.6732,0.048531
-0.88696,0.95634,1.9168,2.4224,-4.8485,-0.10645,0.83734,0.22639
-1.1709,-1.9707,1.5097,-0.058215,-4.863,-0.047953,3.8921,0.19707
-1.0997,-0.46527,4.0466,-0.29092,6.0301,0.53035,-1.2509,0.048264
-1.0913,3.4115,7.742,2.5128,6.7071,0.66492,3.5719,-0.056389
-1.3572,3.3029,1.8652,-2.0015,4.7227,0.3893,1.803,-0.17277
-1.0842,-0.84724,2.3185,1.0005,2.4802,0.018244,-2.1649,-0.20599
-1.077,-0.31674,-0.25292,-0.99133,3.9039,0.09458,-1.8752,-0.1581
-1.0688,0.15569,0.9242,0.68624,3.6036,-0.10017,4.8234,-0.10986
4.0204,1.4703,-2.8095,-3.0755,-8.4515,-0.11127,1.4263,-0.092531
3.9977,-3.8754,-3.1948,-2.3395,-8.8765,-0.089743,-4.3732,0.10473
-1.1221,2.9392,-2.4342,-0.96524,0.54503,-0.29566,0.91733,0.22204
-1.106,3.7225,1.2211,-2.1742,-2.9304,-0.32102,0.118,0.023123
-1.3286,0.42084,1.824,0.72082,-6.1754,-0.021339,3.1932,0.26098
-1.1554,-4.3137,0.52221,1.1325,-0.72994,-0.013099,6.2466,0.18665
-1.0795,-0.56672,5.2198,1.1658,6.6593,0.6017,-2.8766,0.051939
-1.0712,2.396,3.7867,0.58854,6.2343,0.57769,4.5878,-0.073377
-0.95604,2.1314,5.3969,-0.048022,3.2119,0.15082,1.8329,-0.17983
-0.94624,0.91044,2.6375,0.50243,1.5819,-0.10495,2.4562,-0.2114
-1.228,0.85764,-1.6714,-1.1279,2.448,-0.094627,0.12787,-0.1663
-1.1402,0.56572,-1.0289,-0.65259,0.25197,-0.20965,-0.81124,-0.14802
3.9912,0.65331,-0.59874,-2.6945,-9.0113,-0.063701,-3.7687,-0.08686
3.9693,-3.7776,-0.51598,0.85719,-6.92,-0.19559,-2.3042,0.10587
-1.1361,2.5489,-2.6242,0.62541,1.5443,-0.49163,-2.6204,0.19035
-1.1222,-0.026821,4.2486,-0.66895,-3.0531,-0.23654,1.1064,0.10385
-1.1197,2.5662,2.275,-0.21253,-6.7007,-0.033539,1.889,0.070508
-0.91938,-2.1809,2.3406,1.5923,3.5732,0.20727,1.8085,0.23369
-1.0623,-0.99639,8.1878,-0.17882,6.6691,0.65381,-1.7347,0.051233
-1.0984,0.82847,2.2577,-0.365,6.2836,0.59047,4.3918,-0.0808
-1.0897,-0.52858,6.3668,1.6023,2.5855,0.06101,2.4264,-0.11972
-1.1841,-1.1661,2.0549,2.3199,0.91548,-0.12607,0.89138,-0.20831
-1.0989,-0.42617,0.2897,0.4803,2.8835,-0.0058602,2.8247,-0.20439
-1.0611,0.29,-2.7006,-1.2064,-2.0552,-0.12165,-3.3137,-0.11967
4.0263,-0.0016594,2.119,-1.1787,-9.0876,-0.071133,-5.3364,-0.067487
4.003,-0.76432,2.3803,-1.0048,-2.5425,-0.23485,-4.8784,0.12846
-1.0695,4.136,-2.8203,-0.97121,1.1378,-0.6573,1.8906,0.27225
-1.1018,-2.0347,2.9574,0.74404,-2.8337,-0.16547,-0.71235,0.21727
-1.0858,-1.1518,0.8253,-0.74732,-4.2175,-0.043094,-0.99619,0.20439
-1.3859,-0.91086,-0.31853,2.0701,5.2192,0.41745,0.80703,0.24671
-1.1257,0.86814,6.3574,-0.045228,6.5119,0.59187,-1.2046,0.050016
-0.9906,2.9961,2.698,-0.94504,5.2606,0.4807,4.4304,-0.084402
-1.0534,-0.38095,3.8022,0.083892,0.61028,-0.079206,0.068169,-0.20259
-0.88128,-0.54042,-0.053927,-1.7262,1.8736,-0.050577,-1.4377,-0.18355
-0.97324,0.33934,1.5569,-1.0214,3.1297,0.054856,2.979,-0.19312
-1.0704,-0.43444,0.091121,-1.7013,-6.4958,-0.079116,-1.1377,-0.069142
4.0348,0.90522,0.51447,-4.6016,-9.5899,-0.066011,-4.751,-0.042371
3.9968,2.0185,-0.47663,0.080038,0.56877,-0.39739,-1.7795,0.011635
-1.1949,5.1071,0.7658,-0.87441,0.54897,-0.6136,-0.47966,0.17706
-1.0554,-1.903,1.8526,-0.33148,-5.2398,-0.097977,1.711,0.26572
-1.066,-4.5675,-1.5469,0.91796,-1.1366,-0.077672,2.4187,0.23557
-1.0556,2.5563,3.2648,1.2643,5.6822,0.44383,3.4701,0.027722
-0.83221,2.3239,5.9894,2.2822,6.1318,0.58099,0.93948,0.05997
-1.0118,-0.79207,7.3519,-0.95009,4.0268,0.26192,4.9051,-0.097009
-1.0409,0.34923,3.4064,-0.25644,-3.3807,-0.045674,1.9688,-0.14999
-1.0356,-1.1194,2.0958,0.69329,1.8837,-0.014761,1.8092,-0.16413
-1.2368,0.69951,2.2154,-0.6721,1.8445,-0.12832,-0.72666,-0.1745
-1.0596,-1.1049,0.91755,-1.9099,-9.0378,-0.099716,-0.27658,-0.078634
4.0477,-0.055855,0.34535,-0.56038,-6.0798,-0.083858,-4.3401,0.018474
-1.1426,1.5971,-3.1773,1.8639,3.3047,-0.34313,-3.1603,0.096769
-0.89259,2.0403,3.1053,-0.5296,1.5821,-0.34511,-0.15701,0.1341
-0.99237,-2.6441,1.8468,-0.77491,-3.9148,-0.11059,-0.53065,0.35541
-1.08,-2.5054,-1.1917,2.4284,3.0325,0.086475,2.9682,0.42141
-1.0567,1.299,2.3226,-0.49642,6.5768,0.6422,2.9084,0.13354
-1.3123,4.1189,5.7864,1.5212,4.9978,0.39244,6.8296,0.041984
-1.1843,-0.61143,5.7216,-1.979,3.4582,0.14869,1.5195,-0.11514
-1.0254,-1.1414,2.0584,1.4746,-3.2085,-0.033712,1.3813,-0.18178
-1.0238,-0.93846,0.2725,0.37644,3.9631,0.24718,3.8894,-0.16048
4.0408,0.49909,1.8382,-0.75453,-3.2844,-0.028546,1.8074,-0.1388
4.0252,-1.175,2.4809,-0.074619,-8.7915,-0.093228,-5.8517,-0.13296
4.011,-1.1013,2.637,1.0568,-1.5388,-0.25821,-6.4281,0.030083
-1.1226,3.456,-1.1634,1.4636,3.5335,-0.52696,-2.8932,0.090003
-1.1119,0.4752,-0.1668,-1.1213,-0.70392,-0.20712,-1.5913,0.018304
-1.2006,-4.9433,-4.7191,-0.35682,-3.4919,-0.18104,2.2675,0.28648
-1.1303,-0.97876,-1.8004,1.7017,5.015,0.39922,0.20594,0.21909
-1.0853,0.48747,3.6332,0.21088,6.1818,0.58339,1.4054,0.1371
-1.0807,1.0275,2.725,0.42025,3.7864,0.27998,6.0352,-0.023265
-0.77007,0.13602,4.9489,0.29293,-2.2748,-0.015159,3.7052,-0.088126
-1.0156,0.81282,4.0784,-0.72061,-4.3415,-0.023508,1.3399,-0.18818
-1.056,1.8759,-0.067309,-1.0976,3.0965,0.096364,-0.48285,-0.17601
4.0133,0.00037642,1.6554,-1.1358,-6.308,-0.089223,1.5846,-0.13909
3.9902,-0.53499,1.7543,-0.7644,-6.8868,-0.065017,-3.0779,-0.11845
3.9791,0.47045,-0.0016485,0.85306,1.9471,-0.4647,-7.2024,0.090344
-1.134,2.0385,-0.45928,0.36062,4.0485,-0.51263,-5.0387,0.1481
-1.1333,-0.60633,-2.5914,-0.68287,-4.5701,-0.17008,-2.7079,0.16204
-0.96724,-4.4948,-4.9644,1.6291,0.081524,-0.18794,-3.0758,0.4998
-1.1141,1.689,0.60797,1.4927,5.2559,0.38581,1.5631,0.30469
-1.129,0.80186,1.7562,1.3699,5.4674,0.44886,-0.9975,0.15228
-1.1089,3.1153,2.6565,-0.91542,2.6183,0.07251,3.0729,-0.0079326
-1.3525,-1.045,-2.1342,1.9259,-6.5215,-0.069579,4.7988,-0.082918
-1.1509,-2.1264,-0.39199,1.1845,-3.3341,-0.0078881,-1.1421,-0.16939
-1.0884,1.8189,2.2625,0.73176,1.684,-0.073456,-2.1361,-0.15885
3.9882,-1.9352,2.2574,-1.2166,-7.7634,-0.043877,-0.17363,-0.18312
3.9684,1.0811,-0.22865,-0.52937,-2.8706,-0.089564,-1.3849,-0.076371
3.9511,1.4013,-3.7864,0.38676,2.7191,-0.46384,-0.24087,-0.032782
-1.1694,0.29457,-4.6063,-0.90555,3.171,-0.3616,-3.3146,0.095406
-1.155,-0.47946,-3.9465,-0.68821,-6.0173,-0.18201,1.9884,0.053886
-1.1463,-3.4551,-2.5135,2.0449,3.0121,-0.039244,1.1322,0.099471
-1.3286,0.33019,2.6199,-0.0053032,5.1185,0.42256,2.7887,0.29729
-1.1393,1.0427,2.5628,1.3659,4.8389,0.3677,6.1587,0.18339
-1.1174,1.4172,1.8214,0.60295,-0.46851,-0.010147,4.4905,-0.0048903
-1.1095,-0.040256,0.54876,-0.50592,-6.4486,-0.0263,0.6738,-0.08265
-0.90396,-1.3038,-0.14198,-0.49063,0.45027,-0.0071244,3.2928,-0.14846
3.958,0.84087,1.7964,-0.45493,-0.54344,-0.057925,2.257,-0.14992
3.9339,-0.8791,3.4197,-1.2066,-8.1921,-0.084725,-2.7575,-0.20259
3.9139,1.7678,0.036221,0.22675,-0.58549,-0.1433,-3.0933,-0.13337
3.8993,0.76498,-4.4324,-0.93745,3.325,-0.46337,-4.1133,0.024729
-1.2886,-1.1851,-3.0541,1.1471,2.8004,-0.25293,-4.238,0.10531
-1.1905,-4.501,-7.8816,0.74921,-6.0486,-0.1881,0.60543,0.053131
-1.1856,-2.5614,-2.348,1.4267,4.3553,0.17492,-0.40789,0.31875
-1.0031,1.8242,1.8651,-1.0736,4.7188,0.37882,4.5089,0.21181
-1.1495,1.9552,2.4628,0.81596,3.6689,0.21675,6.3265,0.18899
-1.1657,-0.31666,-3.6781,0.62079,-4.0956,0.0038752,3.5622,-0.0021401
-1.1612,-3.0504,4.0178,3.6581,-7.922,-0.057053,0.74223,-0.1121
-1.296,-0.00095935,1.3107,-0.88116,1.7209,-0.045219,-1.2682,-0.12293
-1.053,0.98649,3.5242,0.4091,-3.2175,-0.046156,0.68369,-0.1912
-1.183,-1.0004,2.3304,-0.4816,-6.0501,-0.039899,-1.2441,-0.19757
3.9257,1.6742,0.22331,1.8607,2.5516,-0.055711,-5.3522,-0.096571
3.9045,-0.64817,-5.3996,0.72515,4.316,-0.33023,-5.0792,-0.049283
-1.0255,0.99128,-0.92377,-1.6214,-0.33593,-0.1854,-6.2129,0.087861
-1.14,-3.8724,-1.5459,-0.15256,-5.1823,-0.11406,-3.669,0.087618
-1.1828,0.20982,1.8002,0.63701,5.4823,0.40637,-2.1187,0.33153
-1.1685,1.3154,0.65824,0.36488,3.9811,0.27759,8.7671,0.24005
-1.2381,1.2297,1.8403,0.60048,1.6583,0.030591,2.3967,0.14148
-1.2174,-2.8343,-3.0546,0.18182,-6.2514,0.023493,0.52017,0.028599
-1.1444,-1.4016,3.1644,-0.20222,-4.1674,0.025759,3.3929,-0.10132
-1.1346,0.17571,3.2523,-0.85704,2.9928,0.14517,-0.88254,-0.14454
-0.95741,0.22311,5.1432,-1.0926,-5.0588,0.0030281,-0.56568,-0.21863
-1.049,-0.78277,0.73126,-1.0863,-2.6641,-0.036587,0.061535,-0.18375
3.942,3.1959,-2.8368,0.070802,3.4271,-0.055731,-1.6235,-0.10852
3.9265,-2.0596,-4.0108,-0.86124,4.8988,-0.2646,-4.3975,-0.025334
-1.2628,-0.24216,-4.9637,-0.77297,-3.943,-0.1743,0.14139,0.22807
-1.3102,-3.8323,-0.95715,-0.22264,-0.53845,-0.11337,-2.3903,0.17205
-1.1313,0.38033,2.2373,0.31682,5.6023,0.38562,2.9504,0.34889
-1.1413,1.0344,0.44744,1.5739,4.1968,0.32198,5.7219,0.20612
-1.0557,-0.36498,-1.1294,1.1264,-2.929,0.015979,1.9358,0.11344
-1.0342,-3.2501,0.85816,-0.89096,-6.5903,0.0043244,-1.36,0.015237
-1.0929,0.12371,5.1641,0.63949,-1.6888,-0.028668,8.9945,-0.10059
-1.1241,0.58126,3.7778,-1.0851,2.803,0.093617,1.9958,-0.16328
-1.1133,-0.11549,4.8374,0.6994,-5.4573,-0.068495,-2.4796,-0.11266
-1.151,0.21486,-0.80952,0.027158,-0.68162,-0.074938,0.088744,-0.16009
3.9694,2.007,-2.7724,1.3277,3.9023,-0.15882,-2.8059,-0.09864
4.3669,-0.51816,-4.5506,-0.67412,4.9715,-0.088453,-5.9166,0.003774
-1.1386,0.23494,-1.5833,-0.69251,-4.031,-0.15866,-4.6536,0.03074
-0.87365,-4.222,-0.67117,-0.97961,2.3055,-0.088556,-0.081159,0.24302
-1.1131,1.4647,2.3697,-1.2205,5.8258,0.47516,-2.474,0.38661
-1.1266,0.61353,0.3136,0.67792,2.4337,0.05114,-0.34439,0.20923
-1.1194,-1.7445,-2.3454,3.0129,-5.8082,-0.016391,5.1229,0.088737
-1.3181,-2.2985,1.1212,1.7051,-6.5474,0.03903,1.8848,0.013436
-1.1569,1.151,3.3862,-0.79753,-0.01469,0.031111,3.9758,-0.085376
3.961,1.4496,2.3112,-1.5381,2.2252,0.038928,1.3349,-0.15854
-1.1007,-0.001486,1.7906,-0.97772,-4.1632,-0.0067265,-2.0488,-0.13948
-0.88892,1.0029,0.22175,0.25967,0.55361,-0.16267,-3.1869,-0.13807
3.9788,0.38318,-3.8383,0.71631,4.8752,-0.29748,-5.4927,-0.090049
-1.1429,0.17827,-2.4374,-1.3569,3.9865,-0.11914,-4.6566,0.034367
-1.1374,-0.32595,-0.44945,-1.2279,-6.0285,-0.15385,-2.5995,0.085476
-1.1865,-3.0798,0.11748,0.22842,4.2149,0.10231,1.0929,0.26952
-1.2257,1.1098,-0.5818,-0.76432,3.0503,0.051525,4.1973,0.33509
-1.1043,1.0102,-2.71,0.38419,0.61643,0.033986,4.5146,0.18312
-1.0995,-0.58417,-1.8388,0.51422,-8.2673,0.0070454,1.8176,0.10908
-1.0961,-1.3002,1.4196,0.67721,-3.3695,0.034814,8.273,-0.0070564
-0.82051,1.2417,2.4813,0.62133,1.8832,-0.069624,0.18449,-0.089197
3.9871,1.7737,2.4717,-0.86489,0.16297,-0.053202,-0.6999,-0.1315
-1.0893,0.4039,0.1093,-0.39515,-4.1388,-0.029136,-2.5474,-0.16963
-1.0648,1.6478,-0.39274,-0.2879,2.4815,-0.23871,-5.8585,-0.12505
3.9876,1.238,-3.1573,0.066261,5.3863,-0.35438,-5.2782,-0.068534
-1.1518,-0.98902,-5.8793,-0.66416,0.64224,-0.1531,0.11073,-0.014333
-1.1156,-0.14226,-0.65937,-0.60638,-5.3802,-0.073815,-1.4804,0.13481
-1.1149,-1.5339,0.87057,-0.36567,5.526,0.29176,1.0689,0.23299
-0.86268,1.4145,-2.0664,-0.52535,1.263,-0.047285,4.2401,0.33336
-1.0624,-0.59558,-1.9461,1.3772,-1.5953,0.047206,2.2914,0.18477
-1.0935,-1.0098,0.47647,0.19176,-9.4549,0.011114,-0.93695,0.043542
-1.0891,-1.3012,5.7156,1.6062,-0.01239,0.028762,7.4716,0.019496
-1.4054,-0.30113,2.3059,0.27738,3.0594,0.0671,0.54097,-0.09202
-1.1012,-0.12926,6.3491,0.25265,0.21404,0.0019692,-1.8641,-0.11981
-1.0614,-0.15263,-1.3969,-0.31876,-2.3827,-0.052535,-0.83865,-0.19801
-1.0937,1.9512,-2.4214,1.5487,4.0478,-0.19927,-2.1867,-0.16223
4.0216,-0.40398,-3.2095,0.17407,5.7578,-0.090982,-7.9346,-0.11726
-1.044,-0.91166,-1.6953,0.061469,-4.2138,-0.12376,-2.7255,-0.0047686
-1.0103,0.63391,-1.2435,-2.352,-2.7409,-0.10071,-0.4658,0.061163
-1.0885,-0.86591,-1.4576,0.44358,5.6665,0.38463,1.5047,0.37259
-1.1713,3.3348,-2.559,2.0313,-2.1223,-0.039,4.0555,0.2453
-1.2513,-2.6781,-1.284,1.2714,-5.9909,0.042804,1.6054,0.12454
-1.0549,-0.97502,-0.54909,0.7706,-7.7206,-0.034405,-4.6102,0.079124
-1.047,-1.4693,4.6739,0.90866,2.0679,-0.047446,5.4377,-0.002992
-1.0361,2.5423,2.3776,0.001595,3.7656,0.236,1.494,-0.069921
4.0314,1.4066,2.7241,-2.117,-0.75091,-0.067295,0.56351,-0.12673
-1.0252,-0.32732,-1.9114,0.68908,1.1923,-0.13798,-0.31471,-0.22072
4.045,1.7193,-5.8312,1.5491,4.9816,-0.048999,-3.5769,-0.16155
4.0196,-0.47174,-3.2997,-1.5899,4.2494,0.012725,-1.1262,-0.075908
-1.2943,-0.86971,-2.1899,-0.5483,-6.3397,-0.062193,-1.5875,-0.0095389
-1.0921,-1.3566,-2.9678,-1.6647,-0.38145,-0.060152,0.74568,-0.006813
-1.0612,-0.037077,-1.7551,-1.1295,3.7715,0.11947,5.1905,0.25806
-1.0556,0.58611,-2.3474,0.29209,-4.5533,0.04813,2.3123,0.21802
-0.80557,-5.3246,-1.2094,1.5493,-8.0977,-0.046425,-1.2635,0.23978
-0.98831,-2.1153,0.5947,0.79456,-5.1897,-0.011341,11.225,0.057585
-1.0464,-1.7446,1.825,1.7643,4.0652,0.25724,-0.85178,0.015407
-1.0395,1.0219,-0.8984,-1.9173,4.4203,0.31993,-3.141,-0.071016
4.0396,1.1914,1.8051,-0.13354,-0.92891,-0.034726,-1.5022,-0.12412
4.0096,0.29021,-0.97568,0.19384,2.8699,-0.16613,-3.1914,-0.17844
3.992,2.846,-2.8448,0.65545,6.2907,-0.0054366,-5.2988,-0.16793
3.9778,-3.3699,-5.0822,-2.1498,1.7894,-0.15658,-0.97047,-0.0854
-0.92246,0.36655,-0.81485,-2.4047,-4.9847,-0.092875,-1.3184,0.023561
-0.96279,-2.3558,-1.1132,0.54985,2.598,0.011294,0.88785,-0.0052311
-1.0463,0.71637,-4.4334,-0.19098,3.4235,0.061601,0.19517,0.35171
-1.1107,0.64197,-3.2861,0.19106,-4.0837,-0.042363,2.1211,0.34037
-1.2,-5.6804,0.44713,1.9126,-9.4683,0.0085471,3.9289,0.13225
-1.3242,-0.86337,5.1134,2.2251,-0.058394,-0.0043521,10.72,0.088835
-1.1217,-0.97461,0.67895,2.2866,4.3757,0.28802,0.24758,-0.0041359
-1.0718,1.173,3.0983,-1.6693,4.3855,0.32198,0.2761,-0.091095
4.0034,1.7613,1.6245,1.8644,1.4813,-0.083563,-2.316,-0.098396
3.9816,0.31984,-0.85046,0.20548,3.429,-0.25194,-3.7884,-0.18991
3.9523,3.3305,-1.3768,-0.33791,6.3337,0.022974,-4.3935,-0.1497
3.9377,-2.7405,-1.0551,-0.88438,-2.0242,-0.10122,-1.5847,-0.10952
-1.1576,-0.070953,-0.28341,-1.7993,-4.9661,-0.11679,2.4713,-0.0092711
-1.3477,-0.18871,-1.1525,-0.28586,2.0995,-0.18565,2.6226,0.047022
-1.2634,0.5953,-5.9908,0.30561,-0.15512,-0.053478,1.8523,0.30359
-1.1255,1.2792,-0.68611,-0.25736,-5.8182,-0.0022086,2.9311,0.40576
-1.1211,-4.4073,0.23096,0.38146,-7.6292,0.014939,6.0272,0.13771
-1.0933,-3.1477,6.1147,2.8003,2.9029,0.11275,7.1561,0.13875
-1.0169,1.841,-1.2582,-1.3582,5.492,0.46829,-2.1559,0.042836
-1.0929,1.3802,6.7398,-0.19225,2.7821,0.074994,1.1856,-0.10324
3.976,1.1027,1.5662,-0.62084,-0.1386,-0.15192,-3.1688,-0.18504
3.9521,0.51985,-1.6849,0.68904,4.1872,-0.5465,-3.4509,-0.1903
3.925,1.5439,-1.6093,1.7134,4.6477,-0.19539,-0.33243,-0.1498
3.9231,-1.319,-1.8022,-2.1846,-6.6355,-0.088209,1.3675,-0.059066
-1.176,-0.86974,-5.9432,-0.82784,-4.2665,-0.10097,-1.485,0.053107
-1.162,-0.037263,-2.5629,-0.21028,0.87157,-0.17404,0.18609,0.056952
-0.99746,-0.059611,-6.6048,1.199,-4.2186,-0.015865,1.2952,0.28862
-1.0937,-2.3897,-0.62233,-0.18857,-7.9509,0.020169,2.3712,0.25874
-1.1581,-4.1281,0.52839,1.0377,-3.8433,0.0025467,5.0099,0.25134
-1.1388,-1.1479,0.44592,4.3576,3.7816,0.19508,2.7124,0.0031655
-1.2326,2.0775,-0.58963,-0.80397,4.9492,0.30091,-7.7886,0.0031412
3.9523,1.2752,-0.93332,-0.96133,2.9381,0.06454,-1.3775,-0.094551
3.9319,1.0734,-0.56843,0.079819,1.1759,-0.29256,-4.1762,-0.14281
3.9262,0.76194,-1.4722,0.14984,5.18,-0.44099,-4.5066,-0.10874
3.9014,2.8074,-2.5629,-1.0933,0.76129,-0.28423,-3.7103,-0.21673
-1.123,-0.57229,-4.0637,-2.3408,-7.5294,-0.083159,-2.6743,-0.087493
-1.2087,-0.13819,-4.0702,-1.4185,-2.2778,-0.14913,-4.5824,0.028112
-1.2038,-0.44481,-6.2646,0.22482,1.0773,-0.25416,-2.2845,0.13676
-1.3863,1.7633,-2.8165,1.597,-6.5872,-0.067231,2.5096,0.58053
-1.2111,-5.5304,2.1989,0.93092,-9.6397,0.021517,2.9339,0.20585
-1.165,-2.598,1.7492,2.9448,-0.9866,0.02778,8.8841,0.22432
-1.1586,-0.32941,2.3216,-0.89801,5.4015,0.44531,0.37933,0.12865
-1.1164,3.072,2.6221,-0.58124,4.0563,0.23543,-0.40494,-0.011096
3.9295,2.5575,-0.74259,0.30742,3.175,0.074102,-4.2889,-0.08394
3.8942,0.97649,-1.8115,0.71928,1.4549,-0.49964,-2.7746,-0.13091
3.8757,0.71905,-0.37027,-0.46707,5.7153,-0.26708,-5.3589,-0.1993
3.8546,0.84748,-3.0908,-2.6348,-3.4263,-0.16084,-2.2457,-0.17796
-1.3981,-1.1325,-3.0706,-0.71281,-8.6834,-0.079584,-0.84067,-0.10341
-1.2302,0.28045,-5.6453,0.7456,-2.1039,-0.17413,-0.10344,0.0063781
-1.2312,-0.86953,-4.5963,0.3314,-2.2591,-0.26999,-1.5395,0.23915
-1.2311,2.8936,-0.85432,0.63561,-7.4385,-0.032236,2.4157,0.085598
-1.0613,-7.4753,3.3606,0.86179,-9.201,0.0044078,0.82974,0.23145
-1.1024,-1.4594,-1.0942,3.925,2.7389,0.087611,-6.1976,0.16891
-1.2117,0.66783,2.6564,-0.81239,6.2088,0.52296,-2.2137,0.11682
-1.2,2.4406,0.79088,-0.97406,3.5704,0.20016,-1.2693,-0.025091
-1.4012,2.9848,0.52501,-0.013903,1.6657,-0.10192,-2.4763,-0.075787
-1.2341,0.69377,-3.3252,0.71711,2.055,-0.66057,-3.1218,-0.1359
3.902,1.3572,-0.90205,-0.92765,5.9033,-0.070561,-4.0652,-0.19426
3.8975,-1.4768,-5.849,-1.9223,-6.9506,-0.075195,1.4676,-0.1156
-0.93112,-1.7034,-2.2298,0.37137,-7.881,-0.12091,-2.428,-0.066465
-1.1142,1.1284,-7.4915,-0.98239,-2.2578,-0.21454,-5.0504,0.084576
-1.2064,-1.0837,-7.1137,0.37602,-4.1037,-0.22531,-1.8004,0.42847
-1.2024,0.15419,-1.1988,1.7618,-7.6709,0.019714,3.2249,0.29782
-1.1724,-3.9131,0.9575,-0.13585,-3.8112,-0.015993,10.015,0.30126
-1.2631,1.7997,-0.66052,-0.080811,3.9701,0.1834,3.5383,0.082337
-1.1603,1.1117,1.9751,-1.6883,6.3355,0.54845,-1.8182,0.10037
-1.1549,0.70242,-2.4602,0.37202,4.0966,0.22768,-0.38717,-0.023582
3.9172,0.53735,-1.7962,1.1738,1.8382,-0.17246,-5.0765,-0.082942
4.2475,1.6799,-2.0822,-0.30323,3.7384,-0.55141,-4.1388,-0.1607
3.9036,1.784,-0.46198,0.23993,2.7676,-0.34516,-0.22498,-0.20631
3.8805,-1.4093,-3.3755,-1.671,-7.6878,-0.11241,-0.35339,-0.18613
-1.2439,-0.37899,-3.9699,-1.1907,-5.0835,-0.065581,-8.0905,-0.092069
-1.3709,1.3224,-6.9462,-0.30306,-2.1282,-0.25171,-1.1223,-0.024385
-1.1951,1.1297,-4.344,0.91318,-3.7309,-0.12791,2.2751,0.11609
-1.1866,-3.2182,0.36292,0.21638,-8.4408,-0.029008,1.5829,0.35108
-1.1735,-4.2537,1.8994,4.9764,2.549,0.076964,3.0064,0.0017783
-0.90058,0.53584,1.8589,-1.4931,6.0071,0.52116,0.48024,0.093897
-1.1635,0.29745,3.4858,0.45576,6.3546,0.55808,0.35575,0.11965
-1.1659,2.3258,0.71858,0.35053,3.9634,0.19904,0.32875,-0.017351
-1.1633,1.7319,-0.93563,0.81265,3.0843,-0.080194,-0.88179,-0.089537
-1.3862,0.56185,-0.91128,-1.0017,5.3124,-0.045732,-3.2869,-0.20137
3.9258,2.0753,-2.2099,-1.7216,-1.219,-0.093145,-1.4101,-0.15362
3.9117,-2.6218,-1.8667,-2.0575,-8.4882,-0.04801,-1.2846,-0.14822
-1.1874,1.487,-1.5895,-0.40589,-3.443,-0.10484,-3.3686,-0.058945
-1.0712,-0.23585,-9.3894,0.76379,-1.738,-0.32266,-1.9222,-0.051278
-1.0376,2.8169,-1.6204,2.6,-4.4221,-0.038872,4.0496,0.27001
-1.1856,-4.8399,2.1355,1.6399,-8.6744,-0.042851,7.7843,0.35222
-1.1707,-2.3524,5.1989,-0.026634,4.5048,0.30289,3.6085,0.20814
-1.172,2.426,1.4635,-0.39452,6.9393,0.64884,-4.766,0.094116
-1.2067,2.1253,0.4416,0.64212,5.8879,0.51732,1.5135,0.11047
-1.0177,1.1598,1.2415,1.5873,3.6971,0.15723,1.266,-0.026892
-1.1427,0.68439,-0.83416,1.073,3.2708,-0.091085,-1.5283,-0.078707
-0.69113,0.17347,-1.6712,-1.4598,5.2633,-0.1409,-5.6629,-0.14213
3.9384,2.4588,-2.6301,-2.4799,-6.7907,-0.13771,0.63972,-0.16199
3.919,-5.0619,-0.97838,-0.7758,-7.8787,-0.055422,-8.8933,-0.16917
-1.1824,0.64983,-5.4562,-0.72428,-1.602,-0.21314,-2.3502,-0.057898
-1.1662,1.097,-6.4336,0.33121,-2.2176,-0.315,-3.2438,-0.058628
-1.3392,0.64811,-0.9634,3.4283,-7.3613,-0.052695,0.65153,0.25762
-1.1401,-4.2167,0.39493,1.1392,-4.3334,-0.042414,4.4798,0.38977
-1.1407,-0.92598,2.3717,-1.7506,5.2158,0.397,0.75983,0.25022
-1.1346,1.7969,1.9504,0.82134,6.8389,0.58469,-1.9921,0.047071
-0.87059,3.1781,0.2303,-0.36336,4.6564,0.30577,-1.6017,0.12819
-1.072,1.1991,-2.394,-0.78728,3.2245,0.064334,-3.0979,-0.0074215
-1.1189,1.569,-0.62922,-0.56219,2.6434,-0.16268,-2.7283,-0.12215
-1.1173,0.64961,-0.85105,-0.28514,4.0333,-0.14803,-1.0212,-0.17146
3.9641,2.0247,-3.0503,-3.2391,-8.6348,-0.093183,2.6466,-0.16387
3.9457,-3.128,-3.2627,-3.0789,-8.3013,-0.11201,-4.7279,-0.17324
-1.1374,2.1695,-5.5801,-2.2217,-0.31636,-0.34995,-2.4667,-0.017911
-1.1317,-0.04425,-1.9893,-1.5559,-3.3852,-0.26539,1.7539,0.027479
-1.0462,0.72159,1.121,0.63921,-8.5136,-0.035894,3.1681,0.24594
-0.93978,-4.1199,2.9806,1.1044,1.0855,-0.043576,4.4082,0.29184
-1.1314,0.13778,1.1743,-0.88067,6.2968,0.51634,-0.29049,0.27845
-1.1136,0.013953,5.3031,0.70094,6.7487,0.62449,2.983,0.20648
-1.1822,3.8805,1.7934,0.54067,3.8211,0.19965,0.61508,0.092291
-1.2034,2.2934,-0.62825,1.0148,2.9638,0.049754,1.9905,-0.018958
-1.1284,0.83293,0.51019,-1.2389,3.6056,-0.002337,-3.4712,-0.12317
-1.0796,0.49232,-2.6079,-1.4493,3.0391,-0.087446,-1.2593,-0.14955
3.9921,1.7211,-1.0354,-2.6205,-9.3747,-0.05523,0.40636,-0.12461
3.9609,0.19104,-0.7886,-2.5226,-7.2461,-0.15389,-3.4169,-0.18287
-1.1023,2.5561,-4.6265,-2.0685,0.52604,-0.30925,0.10928,-0.057679
-1.1147,0.32035,-0.65574,0.29181,-2.7166,-0.194,2.7808,0.018182
-1.1077,-1.5709,1.0576,0.78754,-8.7543,-0.046098,6.1391,0.14654
-1.3357,-1.4057,2.6845,0.58039,4.2826,0.2458,2.6132,0.20505
-1.0749,1.916,2.9604,-0.038471,6.9994,0.62852,-0.34828,0.29425
-1.0699,-0.80253,1.709,-0.090349,6.8966,0.66677,3.7442,0.27446
-1.0601,2.804,4.2428,0.59609,3.5479,0.17536,1.081,0.040524
-0.99863,0.65008,1.3809,2.3583,2.6451,-0.011443,-0.92797,-0.014845
-0.99148,0.1232,-1.2495,-0.34523,4.0255,0.034172,-0.48673,-0.076906
-1.0709,1.6344,-0.41899,-1.6633,-3.2177,-0.11849,4.9674,-0.19619
4.0002,-0.6835,2.1291,-1.8461,-8.0615,-0.072583,-5.0435,-0.23829
-1.2051,-0.038836,-0.53026,-0.17097,-1.9134,-0.13522,-3.61,-0.1441
-1.1484,2.0822,-5.5535,-0.69623,0.77208,-0.32027,-5.3823,-0.11249
-1.0806,-1.7958,-1.5727,1.8619,-3.8369,-0.075638,1.1145,0.12145
-1.0809,-3.3791,-0.28882,-0.63823,-5.9788,0.01852,3.3965,0.29344
-0.90269,-2.1397,0.1741,0.88873,5.8984,0.52363,3.7558,0.22381
-0.86118,1.566,2.6878,0.96751,7.4819,0.75295,-4.3841,0.25991
-1.0955,-0.072558,1.0343,-0.95506,6.616,0.64652,2.7394,0.21184
-1.0705,0.32139,3.6726,-0.40074,2.9626,0.10989,1.0405,0.068634
-1.0599,0.27702,1.639,1.9507,3.3743,0.11483,0.93749,-0.024726
-1.2584,0.70155,1.4225,-0.70469,4.492,0.13595,2.4814,-0.096888
-1.0565,-0.00063183,-2.7613,-1.1587,-6.1833,-0.040252,0.70328,-0.21176
4.0052,-0.69125,-1.6744,-1.3353,-7.53,-0.095769,-6.2335,-0.20697
-1.1045,2.707,-1.9383,-1.5528,-0.33293,-0.26192,-0.40085,-0.09348
-0.92091,4.2757,0.93136,-0.12311,0.124,-0.39928,-0.096071,-0.10012
-1.0625,-2.4696,-0.77641,1.3395,-3.6651,-0.108,3.4534,0.27855
-1.0882,-5.1513,0.36714,0.25819,-3.0309,-0.022392,2.2446,0.2334
-1.082,-1.6138,0.16535,0.51152,6.614,0.56231,-0.37236,0.21539
-1.2879,2.3314,4.9305,2.4415,6.8965,0.65855,2.7619,0.087083
-1.0974,1.5681,4.0383,-0.0059006,5.8194,0.52779,3.4079,0.19534
-1.0479,0.419,2.9473,7.2728e-05,1.4122,-0.0016503,1.2288,0.088421
-1.0295,1.3721,2.4591,-0.91583,3.4878,0.097924,0.06666,-0.02991
4.0185,0.69355,0.059059,-0.60371,3.7893,0.09544,-1.9666,-0.084013
3.9894,0.59881,-0.85871,-2.253,-8.6147,-0.11599,0.043843,-0.18506
3.9652,-0.29916,-0.6706,-3.3494,-8.3157,-0.11527,-2.4628,-0.34623
-1.1442,0.90944,-1.8719,-0.29225,2.2149,-0.28847,-1.0807,-0.19782
-1.2578,4.188,0.23863,-0.86304,-1.4519,-0.32205,3.4848,-0.070457
-1.1962,-0.58729,2.8314,-0.73381,-5.6147,-0.12797,4.5288,0.03057
-1.0929,-4.9108,-0.79748,0.39721,1.3818,-0.1007,1.9795,0.29476
-1.0968,0.9311,0.1813,-0.92236,7.1657,0.67747,-3.3379,0.14902
-0.97823,0.17281,4.2785,3.0155,6.1722,0.57786,-0.38752,0.080876
-0.89971,-0.11786,2.6747,-2.421,4.1695,0.25284,1.9994,0.20106
-1.1132,-0.64421,3.952,-0.10285,-0.73563,-0.052143,1.0293,0.10346
-1.0937,0.33147,0.42098,0.80248,3.2759,0.10632,0.70179,-0.033901
-1.0892,1.1503,3.4618,-1.3563,-0.45965,-0.10289,-0.1351,-0.080825
3.9845,0.43436,3.5907,-0.88807,-8.8811,-0.096668,-3.6696,-0.13412
3.9659,-0.54464,-0.041979,-0.51632,-4.2973,-0.205,-6.3407,-0.20999
-1.1266,2.8394,-3.2287,-0.90408,2.0656,-0.52016,-0.40874,-0.16043
-1.1145,1.2661,1.3729,0.32685,-2.3955,-0.16828,-0.49696,-0.085692
-0.85646,-0.79871,-0.91782,0.62197,-4.7905,-0.14777,1.6595,0.11315
-1.0586,-3.1489,-1.9735,2.544,3.7988,0.21533,1.2198,0.27682
-1.1113,0.67011,2.5157,0.85975,6.6266,0.5862,-1.2665,0.20792
-1.1049,2.9539,4.5608,-0.23228,4.9944,0.43515,6.0436,0.083797
-1.2502,-0.193,7.3879,-1.711,1.6184,-0.045424,2.022,0.21167
-1.1117,-0.96463,1.4852,1.366,-1.0351,-0.06073,3.3356,0.10818
-0.44887,1.1923,1.805,0.18423,3.6713,0.091936,2.4204,-0.024799
3.967,0.38783,1.8373,-1.8983,-4.8039,-0.11642,1.439,-0.1058
3.9616,-0.24108,3.8771,-0.08137,-10.065,-0.074399,-5.2373,-0.12597
3.9413,-1.6999,1.5672,-0.24965,-0.27076,-0.32745,-4.1938,-0.21055
-1.1805,3.0704,-1.5399,0.26186,2.1034,-0.56207,-2.0631,-0.1818
-1.1505,-3.9789,-0.27129,2.2285,-2.4472,-0.1081,0.010494,-0.075787
-1.3447,-3.4185,-3.1244,1.7011,-2.7105,-0.082055,1.6542,0.099738
-1.2174,-1.7902,0.87957,1.373,5.2772,0.36186,-0.15811,0.29074
-1.0562,-0.2903,2.6685,2.5389,6.3879,0.55231,-1.4345,0.34307
-1.1057,0.24812,2.6753,-1.5811,4.0803,0.27556,1.5026,0.18468
-1.1143,1.9756,6.4155,-1.0332,-3.4952,-0.025722,3.7873,0.09066
-0.91657,1.6986,2.5476,-0.076931,0.5106,-0.054999,0.32951,0.09711
3.9659,1.8733,0.98941,0.2164,2.8162,-0.0027862,-0.40036,-0.016256
3.9365,-1.1472,4.3994,-2.4136,-8.6136,-0.076645,1.3295,-0.12273
3.9083,2.4115,1.2865,-0.9798,-5.8843,-0.067211,-2.9972,-0.086325
3.8894,0.1005,-0.074157,1.514,2.877,-0.17289,-4.3589,-0.22065
-1.2201,1.831,-2.9768,-1.3229,2.7686,-0.32208,-4.0286,-0.18947
-1.1825,-2.2144,-0.0095372,-0.58818,-5.6014,-0.13134,-0.072515,-0.090268
-1.179,-3.2199,-3.4772,0.65524,2.0134,-0.084449,-3.3776,0.061868
-0.85701,0.53875,0.99313,0.30865,5.9171,0.4893,-0.098697,0.26799
-1.0784,0.33384,1.2058,1.8397,5.8283,0.50616,11.218,0.23734
-1.1733,-0.38368,6.2697,-1.7226,1.8739,0.032709,4.48,0.27641
-1.1621,0.14884,-1.0323,-0.086701,-4.8475,-0.070677,3.2844,0.16973
-1.4361,-0.37622,2.8354,0.99168,2.0667,-0.06605,-0.98235,0.096039
-1.1448,1.8082,1.57,-0.88561,1.2958,-0.029714,-1.1501,-0.020905
-1.1208,-1.1845,2.7913,-1.3784,-8.0101,-0.058362,-3.0136,-0.10728
3.9442,0.46939,-0.43749,-0.70564,-2.402,-0.098599,-2.7349,-0.15269
3.9319,1.6072,-0.087262,-0.13228,3.5562,-0.192,0.64641,-0.17728
-1.0584,0.2013,-4.8039,-0.28421,1.0472,-0.22297,-1.1864,-0.21038
-1.2785,-7.2129,-5.1519,-0.01425,-4.9331,-0.088761,-1.0422,-0.059432
-1.1533,-3.0385,-3.802,2.234,3.8452,0.21042,0.1074,0.10857
-1.3789,-2.5948,-1.2626,1.2744,6.265,0.58393,-0.38955,0.10086
-1.2259,1.4603,3.3754,1.8184,5.3964,0.50438,1.0613,0.24241
-1.1504,0.99262,1.6208,-1.1972,0.57366,-0.018156,2.4551,0.23912
-1.1093,-0.067543,-0.25169,-0.97375,-4.4744,-0.021885,0.39688,0.14274
-1.0991,0.62725,0.28263,0.48296,3.412,0.15091,5.1304,0.012536
-0.9,1.0741,0.28844,-1.2004,-1.6513,-0.010872,0.54763,-0.030299
-1.1324,-0.31473,2.844,-0.57902,-7.875,-0.022918,-3.3879,-0.09258
3.9518,1.4421,2.1063,-0.16184,0.89162,-0.17377,-2.5215,-0.21507
-1.2036,2.8043,-1.7376,0.15143,4.224,-0.13596,-2.5757,-0.13537
-1.2774,-0.39916,-3.4074,0.97088,0.38215,-0.22114,-2.0378,-0.1387
-1.1782,-6.8909,-4.0181,0.91916,-2.9911,-0.16518,-2.1282,-0.023411
-1.1205,-4.2074,-2.7568,3.3182,4.8852,0.36782,1.5516,0.29135
-1.11,0.99504,0.30152,-0.83133,6.5095,0.57547,0.77824,0.06126
-1.0099,1.0894,1.1717,-1.5839,3.8526,0.20982,2.3859,0.24457
-1.0252,-0.061943,-3.1834,-2.321,-2.7962,0.009837,6.5029,0.33954
-1.1122,0.67778,3.3163,-0.64174,-4.6428,-0.060999,-0.2242,0.18621
-1.112,1.1744,0.86544,-0.34446,3.6274,0.19655,-0.021654,0.046438
-1.2375,0.76619,2.0418,-0.36831,-3.6063,0.00053807,-0.065111,-0.018666
-1.1542,0.84936,2.3083,-1.3405,-5.4633,-0.06184,-0.57954,-0.11249
3.9694,0.74406,1.2228,2.1095,3.1297,-0.014498,-4.2975,-0.20646
-1.1331,-1.6861,-2.9419,1.5657,5.2475,-0.080919,-6.6974,-0.2132
-0.89223,0.91186,-4.1593,-0.35761,-2.5014,-0.12456,-2.2551,-0.14182
-1.0105,-5.5217,-3.4748,-0.1428,-0.32542,-0.18474,-3.241,-0.041154
-1.1503,0.60022,0.77292,0.79985,6.0676,0.52739,-1.6774,0.057342
-1.1122,-0.28839,0.70586,1.0348,5.9541,0.53864,9.7112,0.13364
-1.4358,2.9175,0.9076,-0.53167,2.7593,0.10922,3.7576,0.055103
-1.2658,-2.5407,-0.93568,-0.61866,-4.0048,0.012154,3.3728,0.24095
-1.0712,-1.2181,4.468,-0.42641,-2.8033,-0.017835,-0.85972,0.17721
-1.0695,1.9602,1.7721,-0.13572,3.1138,0.17344,0.12496,0.020129
3.9939,0.92143,4.0739,-0.025478,-4.8217,-0.059318,0.95003,-0.049137
3.9669,0.36353,0.82148,-0.75541,-3.3661,-0.13006,-3.4067,-0.12286
3.9393,1.618,-0.95015,1.5298,3.934,-0.015916,-3.3382,-0.24625
-1.1635,-0.44589,-2.8897,-0.033172,4.9699,-0.2275,-3.2172,-0.20568
-1.1598,-1.1559,-4.5277,-0.54074,-4.5213,-0.12849,-0.3082,-0.15717
-1.2835,-6.2816,-2.2525,1.5513,2.3497,-0.11942,-3.2587,0.059167
-1.2064,-1.807,-1.1968,1.0466,5.5332,0.44123,4.4449,0.14703
-1.1206,0.52369,1.0447,1.7228,5.5109,0.525,4.2272,0.055492
-1.1156,2.2153,-1.952,-1.3012,-0.65742,0.014868,4.5107,0.035803
-0.86943,-2.5731,1.079,-0.4116,-5.8435,-0.017976,-1.8878,0.23046
-1.0227,-1.2196,2.3488,0.20995,-1.0118,-0.017033,3.566,0.17263
3.8621,1.3962,3.2106,0.18538,1.8457,-0.057874,0.97422,0.011805
-1.1138,-1.2073,4.9598,-0.42128,-6.7996,-0.023592,-1.2505,-0.024312
3.9648,1.6437,0.25973,0.51994,0.048051,-0.15725,-2.3385,-0.095087
3.9498,2.0755,-2.2911,-0.53239,4.1877,-0.096289,-0.51765,-0.18463
-1.1826,0.40659,-2.5542,-0.54828,3.6523,-0.23009,-4.363,-0.22775
-1.1308,-4.3421,-6.2377,1.6638,-5.1047,-0.10749,-1.4582,-0.12921
-1.1275,-5.0244,-2.6366,2.5102,4.5436,0.16438,-2.2795,-0.024044
-0.8824,0.90064,-0.077131,-1.956,4.7303,0.35827,4.7123,0.14428
-1.1742,-0.18215,-2.2585,1.5203,4.5182,0.31818,4.8011,0.18368
-1.111,2.6589,-0.60207,-0.962,-2.8824,0.007931,3.9919,0.084065
-1.0934,0.23831,2.2465,-0.11588,-5.9877,-0.0032932,-2.5933,0.060871
-1.1646,0.21297,0.88243,0.63512,1.0007,0.00109,2.4186,0.17416
-1.0659,1.2291,1.7854,-0.55068,-0.27281,-0.067256,0.50233,0.029012
-1.0691,0.81182,3.728,-0.91601,-5.1733,-0.06983,-0.60455,-0.046873
4.0136,2.974,2.4841,-0.66497,1.2564,-0.2649,-2.5605,-0.073255
3.9845,-0.84891,-3.4177,0.81385,4.9542,-0.15601,-4.6533,-0.20273
-1.0519,1.0864,-3.5512,-0.82472,1.5012,-0.25775,-1.5908,-0.22646
-1.1038,-2.8316,-4.4073,-0.8817,-4.0623,-0.13535,-2.3766,-0.14783
-1.0976,-1.1753,-0.51737,1.9777,6.2505,0.41934,-1.9316,-0.052666
-1.2923,1.959,-0.054345,-0.37258,4.4948,0.28352,1.9661,0.16781
-1.1075,-0.26603,-1.7902,-0.53344,3.3226,0.20194,7.8194,0.328
-1.0604,-0.07216,-1.357,0.5675,-3.8408,-0.054068,1.0581,0.11147
-1.0547,-2.1989,2.83,-0.095956,-5.3374,-0.016924,-0.051387,0.19867
-0.83303,0.71717,1.2717,-1.4704,2.6194,0.11437,3.1149,0.15518
4.021,1.356,-0.83235,-2.3138,-3.4332,-0.0096016,1.7692,0.058072
-1.099,0.52359,2.7452,-0.75538,-3.1336,-0.025806,-0.58655,-0.039815
4.0113,2.8483,-0.56359,0.80365,3.4017,0.019187,-3.2099,-0.092458
3.9846,-0.29251,0.2107,0.4324,5.5996,-0.15185,-5.8635,-0.21174
-1.1624,1.7816,-3.7819,0.3981,0.1516,-0.1322,-0.44989,-0.20057
-1.0616,-4.9634,-3.6398,0.89133,-2.455,-0.09627,-2.9529,-0.13797
-1.0767,-1.3954,0.22001,1.965,6.1454,0.49345,1.8749,0.061114
-1.0724,1.1786,-2.064,2.3106,4.1336,0.26865,7.0301,0.058047
-0.8817,0.4654,-1.2909,-2.1326,0.90153,0.010293,3.1907,0.18164
-1.0827,-1.8034,-0.95871,2.4024,-6.6489,-0.058599,4.0219,0.26477
-1.0583,-2.1021,0.3842,-0.52112,-1.7147,-0.030471,5.1101,0.27986
-1.0493,-0.49416,1.9383,1.1593,3.9172,0.25678,-2.7019,0.04948
4.0257,-0.27451,3.1539,-1.0224,-3.6144,-0.031543,-2.1895,0.068172
-1.0963,0.84715,1.2332,0.34989,-0.23896,-0.049647,-1.7534,-0.027062
4.0056,3.8914,-1.6476,0.38309,4.6875,0.051082,-2.4437,-0.11054
3.9882,-0.17746,-0.22686,0.81993,6.1755,0.09037,-5.3768,-0.13999
-0.91588,-0.47341,-5.1111,-0.69807,-3.3489,-0.13182,0.88188,-0.21916
-1.0286,-5.7725,-2.2188,0.26213,1.3087,-0.18009,0.26677,-0.15206
-1.0881,-0.19366,0.26145,-2.785,6.6165,0.60692,-4.2454,0.0061834
-1.0792,0.55129,-3.7719,1.4391,4.2325,0.30851,4.1009,0.012268
-1.3444,-0.09097,-2.2872,-0.14575,-1.6611,-0.067629,2.2094,0.19609
-1.1507,0.36318,0.83328,0.51302,-6.6438,-0.056083,-2.1404,0.28475
-1.0544,0.32211,5.581,0.96736,0.41097,-0.00056574,5.8331,0.2189
-1.0444,-0.28579,2.2413,0.18796,3.8404,0.27208,0.6904,0.1287
4.0315,1.1176,1.3289,-2.0489,-4.0065,-0.053671,-1.2031,0.0049909
4.0012,1.9181,-1.5524,0.085549,0.8584,-0.18276,-2.6381,-0.027549
3.9695,3.1635,-2.936,0.29809,5.4141,-0.028899,-3.4744,-0.14637
3.2565,0.47512,-2.934,-0.34174,4.9868,0.075488,1.8626,-0.17776
-1.3586,-1.3334,-2.3884,-0.62078,-4.4324,-0.10886,-1.9985,-0.1836
-1.2675,-3.0247,2.1061,-0.93841,3.507,0.14133,1.3043,-0.10577
-1.1158,0.76688,1.2216,-1.0201,4.5287,0.31345,2.568,0.11366
-1.0992,1.6684,-2.7937,0.81005,2.6672,0.12028,4.5492,0.06547
-1.0873,1.7759,-4.0479,0.27093,-6.1545,-0.082896,4.6314,0.031154
-0.88783,-5.637,-3.7086,0.8644,-4.1297,-0.036318,4.8042,0.32416
-1.0688,-0.96205,4.597,0.78159,2.669,0.14278,-3.0078,0.2067
-1.0813,0.26124,4.4655,-0.36392,2.3655,0.057525,6.0698,0.10278
4.0023,0.46934,2.3923,0.54966,-3.8118,-0.079969,-0.58523,-0.030737
3.9729,2.0102,-1.7839,0.023812,2.4269,-0.099158,-4.1362,-0.036432
3.945,1.5736,-0.35204,1.5846,5.5511,-0.1643,-5.9827,-0.11891
-1.125,-0.15261,-2.6842,-0.37254,2.4263,-0.13232,2.2464,-0.24615
-1.1463,-2.1116,-1.7471,-0.62211,-5.2604,-0.1476,-2.8207,-0.1451
-0.88665,-3.1336,0.59662,-0.95937,4.7397,0.29191,1.3616,-0.090511
-1.0428,0.81037,-2.2337,-0.30102,2.7414,0.085608,3.0057,-0.024774
-1.1361,-1.509,-3.5441,1.2529,1.0153,-0.075509,0.80424,0.032371
-1.1224,0.15669,-3.6584,-0.93066,-8.4351,-0.0797,-2.2834,0.10911
-1.3852,-1.2515,4.3651,-0.80466,-0.039737,-0.0038194,4.5128,0.22099
-1.1846,-0.90376,2.7783,1.5843,3.3339,0.15002,-2.0922,0.19794
3.9767,0.35313,3.8728,-0.24023,2.7048,0.081373,-2.2338,0.045246
3.946,-0.34584,1.7742,0.97274,-1.5272,-0.07798,-0.64058,-0.00060686
3.9189,2.6437,-2.2903,1.0859,3.1818,-0.16041,-3.4101,-0.051303
3.8907,1.5323,-1.6318,-0.23964,5.2966,-0.24483,-6.484,-0.1395
-1.2552,-0.14429,-2.7618,-0.55411,-1.4355,-0.22586,-1.6899,-0.2075
-1.2002,-1.6334,-1.1016,0.48643,-2.8108,-0.12476,-0.45812,-0.18645
-1.2703,0.31085,2.016,-2.4106,5.0449,0.24975,0.69544,-0.042395
-1.3818,0.8239,-3.5905,-0.41011,0.32803,-0.060627,0.11479,0.035462
-1.1716,-3.5497,-4.5921,0.86077,-2.7586,-0.036735,3.5626,0.039307
-1.1619,-1.0848,1.5022,0.33842,-8.1148,-0.043903,0.044864,0.017354
-1.1571,-3.4295,3.8702,0.12488,0.97863,-0.10017,4.1593,0.074622
-0.82518,-0.31491,1.8721,2.1751,3.0574,0.14163,1.1385,0.23574
3.9328,0.50332,4.123,-1.2555,0.40515,-0.026877,-2.969,0.041814
-1.1593,1.0947,0.016776,-0.55527,-0.83067,-0.072724,-1.912,0.060968
3.9159,2.8937,-3.6366,2.1203,4.3531,-0.20781,-1.1646,-0.047993
3.8967,1.6341,-1.8498,-0.82239,4.8835,-0.13648,-2.0556,-0.19611
-1.2256,-0.093166,-2.324,-0.80495,-3.1324,-0.14176,1.8734,-0.21534
-1.1838,0.35933,-0.040077,-2.2305,0.1445,-0.14409,-0.62992,-0.13945
-1.1776,1.4901,0.94555,-3.7014,5.1189,0.37184,3.8613,-0.14892
-1.1157,0.62435,-3.0135,0.20625,-1.5878,-0.075368,2.4066,0.063791
-1.0632,-3.1256,-4.7203,1.7878,-5.9501,-0.094069,2.0395,-0.025407
-1.1608,-1.1727,2.0701,0.23482,-4.8958,-0.02474,2.3202,0.055273
-1.1529,-2.0938,3.6111,2.5358,2.9377,0.14009,2.4803,0.20607
-1.2324,1.2565,3.1058,-0.47186,3.2174,0.16509,1.6152,0.27813
-1.244,1.6983,2.2411,-1.0925,0.15392,-0.027994,-0.53346,0.062696
3.9416,0.85635,0.95543,-0.070817,1.8544,-0.085354,-0.97718,0.05924
3.9098,3.2277,-3.9071,1.1373,4.7869,-0.17914,-2.9189,-0.052033
3.8837,0.040912,-1.7541,0.84423,2.5446,-0.23658,3.7079,-0.1287
-1.0055,-0.80316,-0.21884,-1.2686,-5.231,-0.10749,1.3185,-0.23126
-1.24,-1.7269,-0.82701,-0.56562,1.6206,-0.10683,-1.7282,-0.16627
-1.1852,0.9246,-3.1994,1.8662,4.5418,0.31412,5.2974,-0.068729
-1.186,1.7614,-3.8929,-1.3869,-1.2825,-0.0017851,4.0492,-0.023606
-1.1938,-4.1957,-1.108,-0.99576,-7.4798,-0.0092229,0.44263,0.22598
-1.1784,-1.2172,3.066,2.7344,-1.2784,0.018122,6.8067,0.056928
-1.1475,-0.53406,-0.58233,1.5341,3.8095,0.30393,-0.56761,0.27312
-1.1393,1.2497,1.6217,0.35802,3.7746,0.3008,1.2678,0.081704
3.9523,0.99635,-0.38035,-0.136,-0.36396,-0.0366,0.50057,0.097012
3.9339,1.1852,-0.81182,0.93858,2.374,-0.044102,-4.4123,0.055419
3.8984,3.3021,-3.1153,0.13251,5.1751,-0.11977,-4.9422,-0.051278
3.8716,-0.71637,-3.129,0.053087,1.5501,-0.19493,1.9952,-0.15308
-1.4371,0.69547,-0.91406,0.11902,-4.1631,-0.12426,-0.68237,-0.20064
-1.2391,-1.2298,0.45914,-0.68924,3.0013,0.076829,-0.72807,-0.17282
-1.1713,1.1978,-4.7418,-0.058042,3.866,0.22572,2.7987,-0.065759
-1.1765,-3.3556,-4.4356,1.3512,-0.36964,-0.080265,2.1271,0.14165
-1.0086,-4.3996,0.99728,0.50945,-8.8876,-0.017052,4.2446,0.099884
-1.0587,-3.0701,2.1094,3.3785,1.2982,-0.089288,8.8295,0.15606
-1.1982,-0.30216,-0.91499,1.3678,4.0676,0.30158,0.50484,0.27349
3.9336,0.34575,3.342,-0.39986,3.5039,0.2164,0.19623,0.19037
-1.4748,0.73695,-0.92766,-0.39547,1.1824,-0.07825,-1.4247,0.13744
-1.322,1.9714,-2.0988,0.20821,3.3443,-0.074457,-4.8577,0.043299
3.9176,3.2495,-1.5515,0.93117,6.0457,0.030995,-6.2168,-0.055099
3.8782,-0.71072,-3.328,-1.2751,0.6216,-0.17936,-0.60154,-0.17336
-1.1934,1.7817,2.8112,-1.9857,-5.4067,-0.13029,3.7354,-0.13057
-0.98826,-1.1701,1.4231,-1.4053,3.649,0.18982,1.0643,-0.21344
-1.1663,1.2226,-3.0,0.27057,1.8809,-0.024426,-0.042435,-0.09825
-1.1637,-1.7914,-2.8577,0.65483,-2.3197,-0.051489,5.83,0.066639
-1.1575,-3.3386,2.9054,0.78995,-7.1886,-0.072666,0.49666,0.022514
-1.204,-3.5131,2.3872,3.1343,2.5065,0.13479,2.6438,0.24929
-1.1986,0.74927,2.6932,0.62679,4.5382,0.36051,5.781,0.23489
-1.131,1.9616,4.1161,-1.1817,3.2858,0.18231,0.16663,0.19307
3.9529,1.9069,1.5682,0.16232,1.2325,-0.14409,-3.5141,0.060725
3.9218,1.1186,-2.351,1.4347,3.6482,-0.2314,-2.8958,0.033977
3.8909,2.7395,-1.1866,-1.1379,5.3807,-0.091996,-4.7794,-0.075519
3.8274,1.3871,-1.1591,-2.3148,-4.5759,-0.16876,0.4031,-0.16774
-1.2071,-1.0334,-0.92742,-0.69362,-4.2091,-0.093992,0.13456,-0.15819
-1.409,-0.85536,-0.62831,-1.4546,2.9819,0.012314,0.011791,-0.18682
-1.284,-0.077657,-3.7779,-1.0874,-2.1916,-0.043191,0.95974,0.045708
-1.1635,-5.4924,1.2673,1.5775,-6.0427,-0.11187,1.8213,0.0078627
-1.1708,-1.567,1.5239,-0.2094,-5.4202,-0.054402,10.077,0.17061
-0.95347,-1.8238,-0.90574,0.63383,3.4858,0.23424,1.1454,0.22369
-1.0634,0.72108,-0.83713,-0.53834,4.8595,0.42832,-1.883,0.24306
-1.1751,1.3705,0.081234,-1.2988,2.9244,0.10654,0.40308,0.207
-1.1473,0.73372,-0.25871,-0.018393,1.3548,-0.24618,-3.812,0.054372
-1.4634,3.4451,-3.565,0.8565,4.2667,-0.42685,0.20177,0.010856
3.9257,3.1019,-3.2996,-2.7931,2.5389,-0.32528,1.8497,-0.093943
-1.1949,1.5176,0.29247,-1.3804,-6.1069,-0.098522,-3.5078,-0.19166
-1.1673,-0.55998,0.57655,-0.0097479,-3.115,-0.15122,-3.551,-0.17788
-1.1529,-1.4381,-2.2659,0.61813,2.0291,-0.14507,0.56678,-0.095938
-1.0513,1.2708,-3.8772,-0.39727,-4.5995,-0.01883,0.4083,-0.1479
-1.0973,-7.2469,1.5941,2.6274,-6.7225,-0.061962,-0.81723,-0.07289
-1.1395,-0.94111,2.461,1.4678,-1.6534,-0.049204,7.1762,0.14325
-1.129,-2.2552,-0.53489,0.43795,4.6303,0.33323,0.64594,0.12198
-1.3877,1.3143,3.6198,0.97046,4.0924,0.29176,3.3126,0.19592
-1.1237,1.6344,-0.73011,-0.1681,2.8902,0.12341,1.5975,0.087813
-1.1026,1.2661,-1.5764,-1.0828,1.9043,-0.31779,-3.3567,0.053326
-1.0973,2.837,0.16513,0.79385,5.3765,-0.18419,-1.3583,0.01346
3.9602,1.3662,-3.6717,-1.4552,-1.935,-0.20205,-1.682,-0.086301
-1.1172,-0.20585,-0.96507,-0.40026,-8.1885,-0.14991,1.7962,-0.17302
-1.1412,3.0334,-0.35142,-1.4234,-1.5603,-0.099941,-1.1556,-0.21096
-1.1272,-2.3483,-3.0515,1.2991,0.34788,-0.18814,-3.1611,-0.11867
-1.2875,2.2352,-1.6212,0.97552,-6.0777,-0.078513,4.4017,-0.057947
-1.2101,-8.653,0.41872,0.19308,-5.2342,-0.086496,1.073,-0.032709
-1.0331,-0.73912,3.6686,1.5789,0.69548,-0.095115,5.4675,0.063596
-1.0921,-0.43795,-0.66488,-1.1408,6.0336,0.57234,0.59381,0.23795
-1.0168,3.1336,2.7184,0.80446,3.7412,0.2975,-0.42657,0.18465
4.0048,2.2379,1.3081,0.076602,3.0362,0.11183,0.45026,0.073453
-1.0824,-0.27515,1.0408,2.034,2.32,-0.45259,-4.2305,0.071482
-1.2274,2.1173,0.18367,0.040164,6.3048,0.20367,-5.5633,0.0212
3.9634,1.0729,-1.033,-2.4283,-5.7113,-0.11358,2.8553,-0.085084
-1.3815,-1.7031,-2.5066,-0.40498,-5.6044,-0.12572,-1.4944,-0.1774
-1.1528,0.85274,-2.7291,-0.063861,-0.045928,-0.19859,-0.071578,-0.18893
-1.1114,-1.0149,-3.6063,-0.12241,-0.46367,-0.14827,-1.4644,-0.21726
-1.1054,0.92761,2.3733,0.37739,-7.0691,-0.016937,3.565,-0.061817
-0.81806,-7.3787,3.1623,-0.62443,-2.3052,-0.00097646,5.4763,-0.03614
-1.0424,0.11117,1.1177,2.7047,3.477,0.2653,2.7161,0.00043967
-1.0893,0.19902,-1.7495,-1.3205,6.487,0.65024,-4.8189,0.21673
4.0349,1.1958,-2.1677,-0.64637,3.4118,0.19052,-2.9379,0.14705
3.9865,1.1227,-0.13227,1.318,2.8091,0.0020783,-4.7747,0.071312
-1.1835,1.075,-2.3482,0.51101,3.9544,-0.38013,-4.6694,0.11682
3.9858,3.4781,0.32108,-1.5778,4.9172,0.16439,-0.33681,-0.023241
3.9571,-0.23966,-1.67,-1.1702,-6.7252,-0.067577,0.36735,-0.08725
-1.0687,-1.2498,-4.0019,0.62697,-4.8661,-0.1376,-1.1322,-0.17881
-1.1162,-0.62078,-4.6973,-0.55383,-0.66492,-0.20507,-4.074,-0.16732
-1.0924,0.53212,-3.427,1.4929,-0.40412,-0.18283,1.7179,-0.12344
-1.1116,-4.0923,1.8074,1.0628,-5.8403,-0.11037,-0.89705,-0.056049
-1.191,-6.2788,7.2936,-0.53539,1.3809,0.0097472,11.648,-0.031394
-1.138,0.15663,1.5971,1.9267,5.1591,0.41126,2.8039,0.010272
-1.0972,0.28185,2.3475,-0.2132,5.5572,0.48043,7.9724,0.23839
-1.0768,1.4997,-2.0122,0.86427,4.0057,0.31975,2.0029,0.20371
3.9696,1.935,-2.9329,-1.7784,3.2219,-0.032063,-1.4731,0.010978
3.9903,1.0343,-1.956,1.455,5.1659,-0.094839,0.75719,0.14296
3.952,2.9494,-2.3301,-1.1869,0.67918,-0.15213,-4.498,-0.0046956
3.9216,-0.36712,-1.1688,-1.3319,-8.0197,-0.097893,2.2186,-0.1075
-1.1617,0.24251,-1.9582,-0.50391,-2.7115,-0.1256,-2.8718,-0.1112
-1.2731,0.42098,-4.3722,0.015475,-1.3187,-0.37111,-1.6626,-0.15683
-1.1513,3.4642,-0.83045,1.4405,-3.8458,-0.082434,2.4241,-0.14121
-1.13,-5.5138,2.6415,1.5019,-6.6886,-0.06922,3.1379,-0.031248
-1.1249,-5.374,6.3071,1.5224,2.6073,0.16057,9.8761,0.0068649
-0.96468,-0.050987,-1.1208,1.0092,6.1773,0.57933,-2.8119,0.063669
-1.0148,3.5404,0.3295,0.53873,5.4828,0.4944,-4.7998,0.184
-1.1092,2.4721,0.094442,0.49643,3.2628,0.20689,0.81885,0.2298
4.1514,2.092,-1.5613,0.95956,3.0844,-0.090744,-3.4137,0.089833
-1.3051,1.8319,-1.1701,-1.1142,5.8437,0.038677,-5.5761,0.090587
3.957,2.593,-3.2379,-2.2013,-4.9366,-0.19218,1.7827,-0.013238
3.9266,-2.8258,-0.59633,-1.4365,-8.3049,-0.1531,-1.9753,-0.10044
-1.1523,3.811,1.3812,0.70931,-1.9776,-0.20129,0.18519,-0.1662
-0.91917,-0.58899,-1.7759,0.076801,-1.9703,-0.35688,-2.0899,-0.17472
-0.99059,2.8897,2.4476,0.38308,-6.186,-0.063162,4.4266,-0.18134
-1.0979,-5.1846,3.2585,1.0198,-5.6484,-0.089275,3.1613,-0.073791
-1.1238,-2.2579,3.2098,-0.44882,4.1291,0.35277,-4.1974,0.023926
-1.3036,1.0625,3.9953,-0.72061,6.2683,0.59876,-3.9626,0.12975
-1.2517,-0.20261,-3.9191,-0.65444,4.1848,0.34709,-0.7496,0.27295
-0.38299,0.43117,-1.2442,1.4455,2.5021,0.073223,0.57092,0.1976
3.9715,0.096238,-1.9841,-0.17794,2.6277,-0.17642,-3.2003,0.17083
-1.126,1.3764,-1.1927,-0.094864,4.9418,-0.034027,-4.8637,0.0099558
3.926,3.3689,-2.1011,-3.9917,-8.7667,-0.11453,1.3332,0.0012672
3.8874,-3.2215,-1.8284,1.9654,-8.9154,-0.15109,-6.9299,-0.12748
-1.1784,3.5209,-4.1944,-0.99809,-1.749,-0.27146,-3.2819,-0.21157
-1.1701,-0.0844,-0.52126,0.81116,-2.4058,-0.37882,-0.948,-0.13955
-1.3984,-1.2801,2.5793,2.2346,-7.9699,-0.056623,1.9303,-0.14357
-1.2361,-3.5409,2.266,1.6934,-2.6907,-0.099446,8.5761,-0.12237
-1.1423,-1.6747,2.942,-0.049416,4.6448,0.3705,4.2934,0.064692
-1.1347,3.4851,2.4076,-1.4443,5.85,0.52876,-1.7498,0.067296
-0.83403,3.8184,-2.618,-1.1554,3.4445,0.19415,-1.6757,0.22062
-1.5201,-0.033879,0.31393,0.79136,2.6533,0.064322,-2.9147,0.20675
-1.1499,1.1164,-1.0331,0.067327,3.1451,-0.14952,-1.3444,0.11629
-1.1344,1.9922,-0.5637,-1.2332,2.9927,-0.11742,-2.973,0.15501
3.9274,1.2769,-2.3524,-1.7727,-10.164,-0.15566,3.1851,0.0094447
-0.95351,0.6182,1.4031,-0.7596,-6.7042,-0.18944,-4.925,-0.13785
-1.1214,2.5827,0.13953,0.34933,-1.7999,-0.40481,0.45123,-0.16474
-1.1602,1.6067,2.0179,1.6321,-3.691,-0.23207,4.0737,-0.14741
-1.1085,-0.6309,3.5043,0.64853,-8.3105,-0.081997,5.2213,-0.14099
-1.0511,-5.415,1.4453,-0.50285,2.9409,0.13929,5.7176,-0.11015
-1.0787,0.14137,5.6977,-0.032851,6.2031,0.56203,-6.8387,0.057123
-1.1353,-0.41538,0.15332,0.22375,6.0272,0.61741,2.9078,0.26709
-1.4973,2.3741,-0.82929,0.66919,2.1044,-0.0079844,0.043766,0.043931
-1.2587,1.9395,-0.18976,-0.68359,1.9392,-0.086336,1.8692,0.13982
-1.0591,0.98912,0.79236,-0.21301,4.1825,-0.051238,-2.6116,0.094043
-1.1411,1.7199,-2.4849,-3.1801,-1.286,-0.16469,-2.2934,0.10083
3.9234,1.8438,-0.98193,0.43396,-9.1496,-0.11253,-3.0805,-0.024434
-1.1005,2.008,-0.67541,-0.64299,-4.6427,-0.18771,-0.80939,-0.12714
-1.1371,3.8217,1.0671,-0.10194,-1.3671,-0.38364,-0.67184,-0.17771
-1.1594,2.4572,3.5267,1.4223,-4.2414,-0.16726,4.9483,-0.2159
-1.1544,-0.77125,4.7636,0.99787,-7.1018,-0.041509,3.8226,-0.13846
-1.282,-1.0091,4.6943,-0.9923,4.4866,0.34522,8.1421,-0.11344
-1.1537,0.10585,9.3013,1.4713,5.6177,0.4874,6.3572,-0.011486
-1.1208,0.63046,1.0583,-0.71566,5.4742,0.51801,3.8088,0.17375
-1.1516,-0.49368,3.0938,2.3613,1.9115,-0.0013294,0.83481,0.16282
-0.94656,0.27411,-0.23072,0.28949,3.2375,0.099746,-4.2451,0.06805
-1.069,1.0195,1.5368,1.1147,4.0711,-0.071684,-0.0035957,0.087618
3.9682,1.9304,-1.6134,-2.3078,-5.3725,-0.11189,-1.4997,0.1076
3.9267,-0.65799,1.222,-2.0636,-9.5224,-0.13323,-5.2227,0.058315
-1.3927,1.869,-1.1032,-1.4951,0.94869,-0.28135,-4.2486,-0.12159
-1.2686,3.9405,0.6628,-0.61258,0.21261,-0.42646,-1.5916,-0.17737
-1.1328,-1.7114,3.61,1.7936,-4.1563,-0.1279,1.303,-0.18309
-1.1438,-2.2764,1.5637,-0.16458,-4.632,-0.063342,3.9361,-0.12896
-1.1349,-1.4138,2.5301,-0.27001,5.6815,0.54495,-2.8234,-0.093578
-0.98091,2.3911,8.1225,2.0633,6.2358,0.60815,3.1916,-0.068339
-1.0509,1.6324,2.8416,-0.79517,4.1295,0.28461,3.4366,0.16479
-1.1302,1.0832,3.7367,0.41745,1.42,-0.10038,0.22629,0.16898
-1.1237,1.3071,0.85893,-0.87175,2.6131,0.023089,0.41559,-0.0090764
-1.2486,0.79078,0.52587,0.7209,1.9754,-0.23367,2.1332,0.15683
3.9618,1.2748,-0.69586,-2.9966,-8.9936,-0.14735,1.7901,0.059264
3.9389,0.011435,-1.3138,-1.7824,-8.2505,-0.16879,-3.4269,-0.00014444
-1.1588,3.2509,0.028821,0.17166,0.99934,-0.34034,1.3429,-0.088929
-0.83342,3.0109,3.3038,-0.23129,-2.0395,-0.32675,1.7948,-0.13653
-1.1128,0.41481,2.6856,-0.17852,-5.8048,-0.069888,4.7425,-0.21833
-1.1308,-6.0383,-1.0857,-0.93958,0.91963,-0.089024,5.6604,-0.13911
-1.126,-1.2006,4.6078,1.5631,6.6348,0.63059,3.5667,-0.12432
-1.3188,1.3436,6.1288,0.75897,6.0641,0.61037,4.5155,-0.047263
-1.201,-0.089153,6.6472,0.14534,3.3499,0.17603,2.2397,0.13476
-1.0993,0.29576,2.6591,-0.54752,-0.17686,-0.11268,2.6175,0.27855
-1.1128,1.3098,0.99842,0.61091,2.459,0.040667,1.2768,0.048385
-0.93766,0.028999,-2.3229,-0.75722,0.45152,-0.21066,-2.7377,0.17558
3.9818,1.1911,1.8899,-0.68788,-8.9017,-0.13859,-4.7144,0.0368
3.9466,-2.3042,0.42413,1.017,-6.1224,-0.15725,-2.9702,0.0020703
-1.1476,2.2437,-1.3418,1.9245,1.8688,-0.42402,-1.4965,-0.10816
-1.1996,0.49297,3.8367,-0.12861,-2.0646,-0.28166,-1.1146,-0.13393
-1.2158,1.8255,1.9228,-0.88558,-4.5798,-0.079668,-2.1863,-0.19623
-1.1252,-2.6584,0.9398,2.0517,3.3056,0.21263,1.7987,-0.13658
-1.1078,-1.6625,5.1317,-0.35534,6.4809,0.64665,3.2542,0.037823
-1.098,2.3624,5.5424,-0.13455,4.9618,0.46088,5.5127,-0.044975
-0.82013,-0.89168,6.3024,-0.46328,1.6427,-0.064009,0.45305,0.16509
-1.0293,-2.0003,1.4135,1.3312,-0.1292,-0.073244,-0.090118,0.19514
3.9906,0.88241,0.42681,0.64194,2.2923,-0.056481,2.4343,0.07708
3.9081,1.5617,-0.39151,-0.96831,-4.6144,-0.17066,-0.41801,0.016819
3.9453,1.6289,2.8343,-0.29921,-9.93,-0.10219,-6.975,0.020957
3.9173,0.38185,3.0127,-0.79064,-2.9313,-0.29912,-2.4685,0.012073
-1.1651,6.1113,0.084729,-0.59051,1.1973,-0.76344,-1.3117,-0.12446
-1.1537,-1.6409,1.1508,-0.50566,-3.1642,-0.24827,-3.6161,-0.12093
-1.0005,-1.8308,-0.51017,-0.81845,-5.1192,-0.07608,4.4357,-0.21466
-1.0703,-1.0803,0.93462,1.0022,4.7385,0.31329,2.5645,-0.0808
-1.1403,-0.07401,5.3282,0.52494,6.0385,0.56566,-0.53969,-0.081555
-1.136,0.38977,4.4402,-0.80472,3.4398,0.24237,6.4529,-0.024336
-1.2646,2.4537,3.4828,-2.1133,-3.4068,-0.09876,2.4199,0.126
-1.2499,-0.22453,2.1775,-0.95706,-1.082,-0.11654,0.27208,0.2069
3.9761,0.87211,1.0081,0.90109,1.7994,-0.076337,0.22171,0.16818
3.9419,0.28599,2.0057,-0.66103,-8.1107,-0.075009,0.72387,0.13016
3.9081,2.6106,0.667,-2.99,-10.048,-0.10235,-2.8423,0.014361
3.8767,2.0437,0.38081,1.8328,0.039657,-0.41508,0.93822,-0.003065
-1.1664,4.1106,1.4767,-1.7255,1.5599,-0.66773,-0.44414,-0.12454
-1.1969,-1.3025,0.63711,-0.074805,-5.8628,-0.14399,1.2809,-0.17044
-1.2914,-5.0092,-1.8615,2.172,0.33608,-0.15577,0.79193,-0.17209
-1.3367,3.3512,0.53405,-0.56864,5.2309,0.45664,3.7288,-0.19813
-1.1847,-0.062707,4.3162,1.6829,5.6273,0.50339,1.5937,-0.086933
-1.1602,-2.9951,5.0384,0.88657,3.2494,0.16435,3.3274,0.074719
-1.155,1.0305,4.1308,1.4552,-6.3273,-0.039218,2.8751,0.043542
-0.97231,-1.0906,-0.2635,-0.56978,0.99386,-0.10511,1.7059,0.18913
-1.0884,0.10866,2.2621,0.24039,-0.5551,-0.10368,-0.21958,0.28174
-1.1607,-0.32983,2.386,-1.1216,-7.6477,-0.038564,-3.6892,0.21685
3.9203,0.53134,-1.1366,0.089935,-6.3861,-0.11983,-3.7219,0.032833
3.8467,2.218,-1.5019,1.3326,2.3334,-0.42351,-0.60044,-0.0089304
-1.1998,1.7171,3.9385,-0.036506,2.1338,-0.26066,-2.2764,-0.11263
-1.1763,-3.4863,1.417,-0.72486,-3.9959,-0.13046,-0.24411,-0.17871
-1.1666,-2.7589,-0.46605,1.8371,3.336,0.12375,1.8596,-0.10334
-0.95474,0.3318,2.7209,0.10401,6.0226,0.55729,1.045,-0.19996
-1.0675,-0.049234,5.0921,1.6655,5.0485,0.48781,0.72753,-0.087956
-1.1574,-2.8591,2.977,-0.65238,2.4564,0.11465,3.8371,0.1196
-1.1462,-2.2716,1.6522,2.651,-4.7465,-0.0091909,2.4955,0.18083
-1.3227,-0.759,0.1625,0.35358,2.5554,0.12288,5.5136,0.20152
3.9484,0.94791,2.4716,-0.16214,-2.3984,-0.030259,2.5097,0.07742
3.9181,-0.57365,2.3891,-0.41921,-8.1044,-0.07814,-5.7311,0.22557
3.8872,1.2915,2.1423,1.1279,-3.3106,-0.19837,-4.4073,0.10711
-1.138,3.7634,0.31322,0.65926,2.9463,-0.5317,-0.65603,-0.0001201
-1.086,1.8182,1.9739,-0.74462,-0.40866,-0.25611,-3.1065,-0.10845
-1.1775,-4.5362,-1.5488,-0.69702,-4.1051,-0.13563,1.113,-0.19443
-1.2018,-3.3464,-0.61535,0.88986,4.391,0.27751,0.92558,-0.32486
-1.1955,-0.54022,3.9261,0.31241,6.2264,0.59728,4.1087,-0.12164
-1.2994,1.2035,2.9202,2.5284,3.8703,0.24867,6.4838,-0.090803
-1.161,-1.9985,4.5103,-1.0743,1.5296,-0.046489,-1.2079,0.065251
-1.1621,-1.409,-0.033467,-0.97382,-3.7147,-0.058477,-1.5735,0.12904
-1.1612,2.5018,-2.7859,-0.86456,3.9852,0.28049,0.56328,-0.0081029
3.9134,0.63139,2.6525,-2.3052,-4.0783,-0.079315,1.396,0.089176
3.8839,0.55165,3.6886,-0.91513,-8.1787,-0.039597,-3.7307,0.18687
3.8488,1.9093,3.4932,1.0074,-0.21543,-0.29865,-4.8742,0.10052
-1.2599,3.7286,-1.5439,0.74939,3.3741,-0.42907,-2.9767,0.011367
-1.518,0.93545,-0.40537,-0.6934,-2.2682,-0.21544,-0.47163,-0.11412
-1.274,-5.6891,-2.9702,1.1747,-2.5499,-0.17697,0.89455,-0.22016
-1.2176,-1.5745,-0.80731,0.3088,5.0078,0.38139,1.6045,-0.20668
-1.2155,0.6461,4.444,0.020292,6.2894,0.62577,0.66689,-0.15588
-1.091,0.14571,2.0211,0.29843,3.5214,0.24243,5.0866,-0.079802
-1.0171,-0.82493,4.0024,0.57662,-2.7227,-0.072358,3.0918,0.056709
-1.201,-0.94956,3.7544,0.41427,-4.0452,-0.027853,0.69282,0.1561
-1.2092,1.7803,1.1299,-1.1713,2.8773,0.12864,0.48602,0.054713
3.6999,0.49196,0.84363,-1.2804,-7.1173,-0.060075,0.51836,0.11415
3.8576,-0.030693,-0.05218,-0.24111,-5.1162,-0.10577,-1.347,0.1638
3.8469,1.8219,-2.2025,1.2178,1.8358,-0.33729,-4.5395,0.19651
-1.2536,3.0411,-1.0035,0.29637,3.7371,-0.44282,-4.0177,-0.031954
-1.248,0.23061,0.33266,-1.2827,-4.3355,-0.1856,-3.5789,-0.071454
-1.0833,-3.822,-2.4579,0.063011,0.14728,-0.17435,-2.7294,-0.2654
-1.1631,1.0187,1.5106,0.60985,5.2759,0.44395,1.0207,-0.21115
-1.2243,-0.51988,1.5744,1.3515,5.2916,0.49026,-0.40231,-0.17959
-1.2188,2.4351,3.2043,-1.1231,2.4797,0.035526,4.1879,-0.09129
-1.3848,-2.47,-3.4463,1.9179,-6.0157,-0.061622,3.984,0.049846
-1.2411,-3.0082,-1.115,0.032399,-2.1015,-0.020922,-1.6639,0.085257
-1.2084,2.2073,1.9454,0.79777,1.6465,-0.054652,-2.9361,0.052571
3.8826,-0.8588,1.8384,-1.5894,-7.9447,-0.096103,-0.93991,0.11103
3.8483,2.0471,-0.39271,-0.12606,-4.0797,-0.12891,3.6898,0.080098
3.8187,2.7721,-1.3965,0.52277,2.5897,-0.41496,-0.40787,0.12193
-1.2837,1.3268,-5.1446,-0.74968,2.9405,-0.27419,-3.0565,0.019058
-1.2772,-1.2509,-2.6955,-2.119,-5.6311,-0.10768,0.95226,-0.093286
-1.4744,-2.6949,-1.3267,2.2108,3.2305,0.014015,1.4929,-0.17762
-1.2572,-0.77048,1.5226,0.70996,5.0555,0.3836,5.3152,-0.22583
-1.235,0.98606,2.0003,1.6178,4.14,0.3388,4.1222,-0.11996
-1.2324,0.080433,0.55784,0.88621,-1.6041,-0.062578,1.6197,-0.085984
-1.0533,-0.75888,1.7149,0.97832,-7.311,-0.075971,-0.94737,0.048604
-1.091,-1.2822,-1.3568,-0.71957,0.86729,-0.04758,5.2019,0.12288
3.8674,0.20733,-0.32669,-0.78365,-1.8205,-0.077473,0.23022,0.076374
-1.2328,-0.53336,2.8597,0.061527,-7.3671,-0.011784,-0.86034,0.1333
3.861,2.5794,-0.79832,0.73415,1.3795,-0.2319,-4.0807,0.058851
3.83,0.91393,-5.3735,0.30361,4.0092,-0.4814,-2.3725,0.10969
-1.282,1.9977,-0.17756,-2.1767,1.5457,-0.25628,-4.4433,-0.012167
-1.2488,-3.043,-4.3598,-0.11124,-5.4109,-0.14762,-2.2223,-0.091679
-1.238,-0.73634,1.618,2.0184,4.9171,0.31882,-1.3969,-0.099565
-1.0734,1.5582,2.493,0.93044,4.2086,0.29324,2.4164,-0.22692
-1.1817,-1.2162,1.2072,2.072,3.3389,0.17457,2.0262,-0.10081
-1.225,-2.5753,-4.7971,3.3706,-5.7241,-0.076696,5.1831,-0.085838
-1.2171,-2.9946,0.1938,-0.024437,-5.771,-0.024651,2.4248,-0.021245
-1.2994,-0.012859,2.9609,-0.86284,1.6635,-0.05711,1.3803,0.12673
3.8924,1.1936,2.1977,-1.6545,-4.1276,-0.001984,-1.2268,0.13162
3.8736,-1.0499,0.91123,0.54623,-3.4887,-0.045642,0.13584,0.20025
3.8359,3.4275,-1.2372,0.45343,2.7774,-0.1053,-6.5909,0.031081
3.8118,0.1461,-4.1172,-1.2934,4.3963,-0.40794,-4.1662,0.13274
-1.1906,2.0422,-1.1301,-1.0118,-3.2283,-0.17039,2.1306,-0.018081
-1.282,-3.7083,0.56454,1.4302,-3.0258,-0.15033,-2.458,-0.097155
-1.2696,-0.18508,3.4716,-0.43396,5.9223,0.43604,-0.53261,-0.16554
-1.4212,-0.073817,0.73437,0.29706,3.321,0.18315,6.3413,-0.19025
-1.3228,0.65917,0.93369,1.9529,-1.2438,-0.031543,2.3467,-0.17202
-1.2015,-2.221,-0.18935,-1.7378,-5.9933,0.010729,-1.6013,-0.070018
-1.2226,-1.3283,2.8776,1.0915,-1.7086,-0.033584,4.6904,0.075011
-1.0157,-1.2618,1.372,-0.44631,3.0817,0.14722,1.9127,0.12064
-1.1003,-0.79489,5.0388,0.19989,-2.7508,-0.067218,-1.7026,0.20405
-1.1876,0.023341,-1.3596,0.083731,-1.5869,-0.077017,0.70698,0.26706
3.8579,3.7059,-3.7933,1.2654,3.9921,-0.085771,-3.1301,0.088884
3.8147,-0.28224,-3.9037,0.42251,5.3403,-0.090622,-4.435,0.055954
-1.4585,0.60646,-2.4432,-0.73119,-2.893,-0.082029,-1.3414,-0.0054258
-1.2705,-2.8814,1.4742,-0.68382,1.5433,-0.18062,-0.41719,-0.11224
-1.2363,0.57475,3.0614,-0.68719,6.1656,0.5322,2.7652,-0.19331
-1.2294,1.6313,1.1457,1.5643,2.6865,0.092963,-0.13836,-0.15895
-1.0818,-1.9058,-3.6346,-0.26416,-5.6358,-0.06012,5.8667,-0.18893
-1.2035,-4.1888,0.56282,-0.40306,-5.5418,0.027793,-0.68283,-0.056925
-1.2129,-0.34737,4.2733,0.38914,0.080953,-0.069291,6.2174,0.035754
3.8659,0.28106,0.90969,-1.0363,2.4021,0.022569,1.0814,0.049237
3.8721,-0.22059,2.5612,-0.11789,-4.6235,0.004241,-0.89202,0.15435
-1.2977,1.0809,-1.1464,0.1674,1.8655,-0.10583,-3.5011,0.24333
3.8466,2.7115,-4.4182,0.58423,5.2039,-0.077434,-4.5681,0.16428
3.9482,0.84365,-2.4713,-0.99557,4.1589,0.0098627,-2.8504,0.030935
-0.96583,1.1021,-0.30321,-1.7032,-5.3616,-0.077306,0.4297,-0.016889
-1.1748,-1.9769,2.6112,-0.81671,3.7844,0.12362,4.3089,-0.11495
-1.2385,2.2207,1.2186,-2.3504,4.6254,0.29294,3.4922,-0.21283
-1.2454,0.29114,-1.7904,1.4181,1.9675,-0.0077148,7.4189,-0.17353
-1.3626,-1.2395,-1.4693,0.51177,-7.9571,-0.023669,-0.34365,-0.18051
-1.2611,-3.5888,1.7415,1.2144,-4.0062,0.015414,6.9134,-0.05342
-1.2119,-0.32311,1.1347,0.5844,2.2351,0.014034,3.9003,0.08679
3.8899,-0.20843,1.988,-1.426,2.4704,0.029815,-0.032847,0.11273
-1.1959,0.81664,-0.089478,-0.89595,-3.0064,-0.024073,2.1679,0.01127
-0.96689,1.2244,-1.4567,0.58917,2.1678,-0.17876,-3.8107,0.27889
3.8658,3.1905,-3.6434,-0.46622,5.0265,-0.26271,-3.8743,0.22685
-1.2351,1.1537,-5.1534,-1.7865,0.67658,-0.2359,1.3978,0.14048
-1.2469,0.26801,0.25939,-0.22364,-5.165,-0.099132,-0.90078,-0.040253
-1.3539,-3.4011,1.2502,-0.0087074,5.1801,0.275,1.5056,-0.12962
-1.2432,0.63849,-1.8196,0.11073,2.7744,0.071034,2.0596,-0.2782
-1.2102,-2.18,-2.136,1.037,-0.36359,0.01947,2.4144,-0.20419
-1.1991,-1.8733,2.2475,1.4841,-9.6672,-0.014716,-0.75379,-0.11332
-1.0054,-4.1669,3.2843,2.0093,-0.38628,0.014451,9.0562,-0.086495
-1.038,-1.5951,0.98928,1.9284,2.9634,0.14385,0.10007,0.029864
-1.1951,0.30447,2.9259,-0.38418,1.1049,0.0097408,0.44933,-0.0020185
-1.1889,0.11038,-2.126,0.24804,-2.7805,-0.033128,-0.39701,0.052985
-1.2535,2.2403,-1.7593,1.0759,2.6208,-0.36219,-3.5338,0.24311
3.9048,2.6569,-2.0146,-0.36492,5.3789,-0.31497,-6.027,0.22661
-1.2044,0.64066,-2.7448,0.36514,-1.861,-0.10485,-3.7485,0.086596
-1.1952,0.10992,-0.9516,-2.4597,-5.1598,-0.094037,0.099411,-0.044391
-1.1519,-1.3575,1.6381,0.56156,5.0491,0.28262,1.245,-0.12475
-1.1267,3.1207,-0.96327,0.092639,-1.6608,-0.01831,4.268,-0.21629
-1.2279,-2.4962,-1.3421,-0.082018,-5.1948,0.019707,3.1047,-0.20334
-1.1779,-2.0405,1.7576,1.8228,-8.4466,-0.043281,-5.832,-0.1432
-1.2506,-3.1819,4.2985,0.91098,0.040196,-0.032621,4.1485,-0.051838
-1.3529,0.12216,3.3213,1.1681,2.8584,0.10987,3.0186,0.061747
-1.1355,0.98732,3.0039,-1.6004,-0.0079782,-0.071896,0.2397,-0.0072511
-1.1333,0.30146,-2.6187,-0.47012,-1.9379,-0.093042,-2.3255,0.1682
-1.0865,2.5711,-4.3175,2.3331,3.8008,-0.34069,-3.2311,0.095065
3.9431,0.4001,-2.5929,0.51725,5.2086,-0.19463,-4.4939,0.33207
-1.1698,0.39623,-0.54729,-1.5403,-7.0077,-0.17817,-1.739,0.091317
-1.1692,0.31744,-1.5244,-0.47378,-2.824,-0.089878,1.3171,-0.063983
-1.1652,0.58848,0.52887,-2.4988,3.9999,0.11267,2.8476,-0.13245
-1.3796,1.3424,-2.6211,1.5539,-3.8023,0.0053255,3.9272,-0.22975
-1.214,-4.8011,-1.8651,0.517,-7.6991,-0.0021444,-1.3391,-0.2039
-1.1244,-2.2449,0.21728,0.76464,-8.656,-0.010346,7.1075,-0.14413
-1.1228,-2.5367,1.4478,2.4014,2.9294,0.070797,1.739,-0.060697
-0.82809,0.84606,-0.72923,-2.9444,3.3817,0.18876,-0.14695,0.041814
3.9797,1.251,0.59699,-0.50609,-0.31578,-0.07472,0.10219,0.024388
-1.13,-0.3499,-2.1832,0.37144,0.67563,-0.2131,-6.298,0.20196
3.9888,2.9432,-5.8318,0.91821,5.7572,-0.029579,-6.9849,0.072699
3.9511,0.23713,-5.7604,-2.3955,3.333,-0.0088892,0.4139,0.18025
-1.2499,3.0422,1.5559,-1.8786,-5.7999,-0.052368,-2.9329,0.094554
-1.1342,-0.75005,0.6367,0.75366,0.54265,-0.047561,0.16583,-0.04276
-1.1329,0.46973,-2.2375,-0.051432,3.9186,0.18348,1.0744,-0.15269
-0.91734,0.2344,-2.664,0.65003,-5.3199,-0.0066624,1.5451,-0.21802
-0.9645,-5.9994,0.051928,1.0129,-9.8558,-0.032679,3.6411,-0.24773
-1.1593,-1.7946,2.954,2.27,-2.3962,-0.015352,9.0732,-0.15729
-1.1171,-2.4342,2.5292,2.5589,4.2592,0.23552,2.4276,-0.064104
-1.2123,0.79144,3.1843,-0.76277,3.3435,0.13739,-2.6961,0.011757
4.0003,-0.037128,-0.054807,2.2254,-0.94963,-0.10411,-3.4225,0.026457
3.9726,0.45897,-1.6945,0.52765,2.6567,-0.28045,-5.2875,0.099276
3.9429,4.4303,-1.449,-1.4508,5.9202,-0.093343,-2.5669,0.06805
3.9098,-0.59984,-1.2835,-1.4901,-2.9369,-0.084359,-3.9711,0.036995
-0.9296,0.60641,-0.34766,-0.5633,-7.0952,-0.11629,4.1289,0.097426
-1.167,0.49833,-0.18365,-0.7045,0.62964,-0.15025,0.2668,-0.040643
-1.1754,1.2473,-3.1462,2.3305,0.50832,-0.077454,2.849,-0.16917
-1.1714,1.8719,0.28857,-0.38373,-5.7196,-0.030535,2.8184,-0.18078
-1.387,-6.4743,1.0661,0.83021,-7.9305,0.017891,3.0109,-0.18115
-1.1692,-2.4423,6.6016,1.482,1.7294,-0.015583,9.9849,-0.15525
-1.1275,-1.1738,-1.1733,1.0877,5.0535,0.39528,0.97997,-0.023801
-1.1216,-0.14674,6.0677,0.052561,3.3911,0.16986,2.294,0.070338
3.9811,0.80476,-0.23408,-0.79513,0.26874,-0.19238,-1.1907,0.096136
3.9464,-0.077285,-1.5448,1.5582,4.456,-0.2178,-5.1611,0.17348
3.9129,2.5013,-1.3883,0.46233,5.022,-0.002568,-2.3613,0.091342
3.8811,-0.39639,-0.88775,-0.87938,-6.4952,-0.057957,0.81824,0.16151
-1.4011,0.63007,-6.5928,-1.8239,-3.7376,-0.12684,-4.8344,0.08735
-1.3184,-0.73122,-3.2568,-0.13113,0.35707,-0.14743,-2.648,-0.034704
-1.1362,0.66653,-4.9981,-1.1494,-2.5109,-0.054421,-3.7388,-0.16501
-1.1784,-1.93,1.9917,1.1783,-7.1233,0.026112,2.1114,-0.21843
-1.0433,-5.5204,1.609,0.0014023,-4.1867,-0.0056484,5.1941,-0.17448
-0.98025,-2.9576,2.3551,3.3735,4.4818,0.29226,-3.6105,-0.16623
-1.2009,0.098267,-0.2548,0.31519,5.3194,0.39808,-2.8084,-0.024263
-1.159,0.16233,0.40867,-0.52,3.1304,0.10562,-1.0193,0.027528
3.9595,0.50147,-1.9095,-0.65491,2.1277,-0.23971,-2.4794,0.029791
-1.3928,0.42319,-1.1787,1.3202,5.2727,-0.17754,-4.5335,0.24455
3.9242,3.7474,-4.008,-2.702,3.0144,-0.13658,-1.3665,0.087886
3.8966,1.159,0.59506,-2.2336,-7.0218,-0.10157,-0.50312,0.17394
-1.1976,-0.038573,-3.2702,0.086011,-2.4047,-0.056616,-5.0259,0.02743
-1.019,-1.3565,-5.8621,0.71421,-0.41488,-0.30895,-1.1174,-0.045608
-1.1077,1.4675,-3.2066,0.76431,-4.4742,-0.068662,0.86559,-0.15196
-1.1767,-5.2073,3.3107,0.89858,-7.4133,0.0022323,0.95893,-0.22293
-1.1716,-3.2987,5.6088,2.6468,1.0154,0.030649,8.6456,-0.19611
-1.3291,-1.6478,-1.4523,-0.47854,5.5506,0.46676,1.1278,-0.12685
-1.1937,1.139,5.2083,1.6862,3.8358,0.22785,4.3746,-0.032855
3.9641,0.7573,-0.78858,1.1552,2.565,0.028833,-1.2292,0.024802
3.9711,0.22515,-4.2487,0.15468,2.8063,-0.25361,-3.4013,0.055176
3.9282,2.192,-0.43488,-1.2701,5.5921,-0.26045,-4.2671,0.22296
3.8955,1.6529,-3.6005,-2.2576,-5.008,-0.20193,-3.9087,0.24615
3.7768,-1.693,-2.2633,0.20112,-9.8774,-0.081516,2.0227,0.17282
-1.2343,2.1086,-3.4974,-0.138,-2.803,-0.15347,0.99169,0.046268
-1.4254,-1.5441,-3.9077,1.0201,-2.6354,-0.31418,-2.7735,-0.032197
-1.225,1.4451,1.0198,-0.058318,-8.0527,-0.08588,2.0667,-0.17842
-1.1963,-5.9546,5.1342,1.4396,-6.6954,0.022659,0.36013,-0.19219
-1.1861,-1.1628,3.56,1.2149,3.7817,0.16206,-3.3508,-0.17681
-1.1694,-2.6484,1.4254,1.1342,5.9109,0.447,2.0883,-0.11833
-1.0048,0.32166,-0.88409,1.2965,3.364,0.16531,0.32158,-0.061938
3.9249,-0.72022,-3.6475,1.3818,2.76,-0.039347,-0.099095,0.052936
3.8999,0.41304,-1.1465,0.13369,2.381,-0.49525,-4.4845,0.033734
-1.2019,2.1576,1.2889,-0.45694,3.9822,-0.32005,-1.1092,0.096793
3.8722,1.4658,-2.9882,-1.9353,-7.7498,-0.13442,-3.5614,0.27173
-1.2618,-0.94346,-2.0464,-0.38145,-8.7276,-0.088088,-4.2515,0.25377
-1.2369,3.7159,-3.9778,-0.86637,-1.839,-0.18876,-4.5835,0.055468
-1.2234,0.42493,-3.2669,0.77408,-3.9792,-0.22552,-3.0182,-0.041348
-1.0205,-3.4351,1.9727,3.4394,-8.4555,-0.040354,-1.16,-0.18032
-1.1243,-5.0657,5.4821,-1.025,-1.6235,-0.017598,4.9855,-0.20638
-1.2129,0.18778,4.2539,-1.2356,4.7924,0.32967,6.1786,-0.21023
-1.2095,0.022988,3.2716,-1.1543,6.1066,0.47989,2.7991,-0.14505
3.8327,2.3327,-4.0561,1.34,3.1737,0.053316,-1.6633,-0.051181
-1.2271,0.10172,-1.6496,0.58991,2.5192,-0.083942,-4.2973,-0.065029
-1.1748,0.21285,-1.5964,-0.14004,4.2579,-0.37132,-3.6764,0.020591
-1.1875,1.2564,-1.4055,0.079543,1.9481,-0.24684,-1.2364,0.19782
3.9033,0.8988,-2.4849,-4.5184,-10.428,-0.097579,2.8906,0.29116
-1.0828,1.3741,-2.112,-1.2662,-6.253,-0.13409,-4.04,0.18833
-1.3045,2.7278,-1.2573,0.2077,-2.294,-0.32338,-2.2113,0.053667
-1.2088,2.5159,-0.010103,0.29418,-4.7063,-0.18345,1.4188,-0.016086
-1.4299,-0.74518,3.7261,2.5211,-9.4188,-0.032749,4.9426,-0.12651
-1.333,-5.4428,2.8042,-0.67049,3.8395,0.19601,-1.2329,-0.20079
-1.1865,2.2128,7.5174,2.1472,6.5402,0.58019,-7.5046,-0.18224
-1.1645,-0.83281,-0.76264,-1.1495,6.2725,0.53617,1.4454,-0.10424
-1.1613,3.0408,-1.4401,-0.0024001,3.1141,0.10605,0.0042197,-0.03653
-0.9754,2.1027,-0.18646,-0.21605,2.3045,-0.10913,1.905,-0.060113
-1.1453,-0.17449,-0.88263,0.25114,4.2274,-0.26395,-3.798,0.023707
3.9404,1.0418,-3.7918,-1.5047,-2.7042,-0.13275,-0.014211,0.24017
3.9118,-0.54221,-1.6785,-0.86406,-8.4595,-0.077345,-4.6714,0.24136
-1.3976,0.36925,-1.9116,-0.026454,-3.8413,-0.18633,1.9783,0.17292
-1.276,3.268,-1.8823,0.42717,-0.82981,-0.29452,-3.8087,0.003993
-1.178,1.7435,2.9943,1.7404,-4.5887,-0.10891,4.4614,-0.053688
-1.1662,-1.7006,3.3498,0.28463,-7.4521,-0.0040954,1.469,-0.15082
-0.89756,-1.1255,6.3636,2.0404,4.9298,0.3657,6.0553,-0.15279
-1.1326,2.0511,2.3896,-0.6646,6.8145,0.62891,-5.6169,-0.15888
-1.1564,0.82258,-1.2426,0.28679,5.9499,0.46433,1.4366,-0.16148
-1.0743,0.084479,0.29242,1.1437,3.3092,0.096249,0.29976,-0.070018
-1.3387,0.51888,-2.1612,0.46453,3.8149,0.076592,-2.0707,-0.02621
-1.2443,0.096283,0.33223,-0.89624,4.7714,0.036489,-1.5796,0.11651
3.9601,1.9754,-3.801,-2.1423,-5.1559,-0.051232,0.38777,0.10755
3.9304,-3.2416,-1.5684,-1.6623,-7.9942,-0.02458,-5.3448,0.21184
-1.0569,1.6955,-3.3811,-1.3712,-0.62669,-0.18153,-1.4511,0.14235
-1.0408,2.5265,-3.6146,0.13305,0.42203,-0.251,-2.6653,0.028769
-1.2323,0.77161,2.1985,2.8603,-4.2808,-0.097463,-0.59445,-0.0661
-1.1607,-4.3887,0.76574,0.53638,-2.8957,0.0020398,3.2725,-0.19884
-1.3366,-1.1076,5.3922,1.4439,6.5815,0.58762,-4.5797,-0.13819
-1.2767,2.8047,5.4617,-0.53811,6.8792,0.67124,-2.0708,-0.18516
-1.1117,1.3007,2.4709,-0.82602,4.8972,0.3354,0.99743,-0.13914
-1.0979,-1.0898,1.3935,0.65866,3.4046,0.089042,-1.2073,-0.038647
-1.1158,1.8134,-1.3133,-0.7513,3.6563,0.028993,-1.1176,-0.056073
-0.95726,0.52235,0.71801,0.62398,2.9698,-0.094473,0.20203,0.093118
3.9773,1.0365,-2.8277,-2.0344,-8.9968,-0.054595,1.4433,0.05593
3.948,-2.5315,-2.9918,-0.75876,-8.8841,-0.10151,-1.3928,0.24652
-1.1662,4.3661,-1.4751,-0.91182,0.45919,-0.30682,0.73771,0.081631
-1.3508,2.5437,3.2612,0.066055,-3.2757,-0.28794,0.66418,0.019594
-1.1442,2.5159,3.2696,0.84978,-6.8665,-0.042973,6.0845,-0.050256
-1.1239,-3.7188,2.2953,-0.13774,1.0295,-0.068302,1.9514,-0.192
-1.1161,-2.1722,6.5446,2.154,7.0239,0.6604,-3.2335,-0.12631
-0.86003,0.96673,2.7934,1.2493,6.6631,0.60739,2.7712,-0.194
-1.0223,-0.34295,6.5321,1.5332,2.8167,0.019219,2.3643,-0.13181
-1.1044,-1.2119,0.85386,1.2682,1.3577,-0.086599,1.5949,-0.050451
-1.1022,0.019045,-1.7496,0.64324,2.9102,-0.034765,-0.19811,0.01879
-1.3124,1.1581,-2.0845,-1.899,-0.98342,-0.20292,-0.29957,0.21775
4.0093,0.59428,2.1706,-1.3376,-9.3875,-0.12793,-5.2054,0.060846
3.982,-3.6704,0.032328,-0.47847,-3.6417,-0.16066,-8.4903,0.24623
-1.1158,3.1733,-4.9852,0.084977,0.92677,-0.52835,-2.0506,0.18434
-1.1236,-0.57247,4.377,-0.16424,-3.663,-0.22206,3.2371,0.039161
-0.82337,0.12993,2.4332,0.50378,-5.9684,-0.021917,1.4233,-0.062936
-1.175,-3.1288,1.3208,1.649,4.5438,0.24834,0.60318,-0.16401
-1.0936,1.2986,9.1022,1.8131,7.0344,0.61017,-4.4051,-0.2271
-1.0885,2.2921,1.4683,-1.7466,5.9509,0.5562,1.5201,-0.12587
-1.1339,-1.6639,4.4215,1.4559,1.5509,-0.070722,-0.11972,-0.16007
-1.0772,-2.5513,-0.49494,1.3833,1.8358,-0.059818,-0.47212,-0.055659
-1.0558,-0.85473,-1.6593,-0.54949,3.5994,0.042919,3.3965,0.137
-1.0535,0.96815,-1.9553,-1.2396,-4.5271,-0.080842,-3.2883,0.080195
4.0397,0.44493,1.2855,-1.4752,-9.2114,-0.049993,-6.1237,0.18568
4.016,0.75229,1.9909,-0.33636,-1.5698,-0.29913,-1.9801,0.20215
-1.1008,4.9351,-1.1171,-1.1246,1.4944,-0.5672,-1.8431,0.2473
-1.0894,-2.3594,3.2852,0.29839,-3.358,-0.14651,-1.0225,0.032858
-1.3824,-2.849,-1.4314,-0.073624,-4.6064,-0.049031,2.0433,-0.051935
-1.1152,-1.524,3.5814,-0.68792,5.7832,0.47939,-3.1618,-0.15391
-1.0529,1.2002,7.5133,1.2091,6.5298,0.60403,3.2392,-0.21799
-1.0526,1.5357,6.3084,-1.9119,4.8593,0.38151,6.4696,-0.18762
-0.80469,2.4893,1.9304,-1.6642,-1.3213,-0.086117,0.27374,-0.12103
-0.89806,0.0071902,0.79028,-0.37055,2.1489,-0.03178,-1.3103,-0.060113
-1.0605,0.70555,2.1188,-0.72383,3.3896,0.059072,-1.156,0.048337
-1.053,-0.48641,0.24252,-2.8141,-7.2385,-0.030754,1.4673,0.25153
4.0406,1.3524,-1.0999,-1.5488,-8.9584,-0.069708,1.1138,0.23924
0.35549,0.67293,-1.4418,-0.17475,1.9832,-0.34023,-5.2507,0.20675
-1.0997,3.1112,2.3052,0.70252,2.0329,-0.37562,0.67839,0.17241
-1.0708,-1.6854,2.9898,-0.14127,-4.2201,-0.094171,1.528,0.080803
-1.0615,-2.2892,0.7558,0.85043,1.8111,-0.11722,1.4648,-0.040643
-0.827,2.616,3.2683,1.6257,6.7945,0.58459,3.7592,-0.13872
-1.1333,1.2975,7.1265,1.3105,5.7141,0.52115,5.8191,-0.23006
-1.0483,-3.235,4.4305,-0.66305,4.9659,0.39367,3.8037,-0.20261
-1.0459,0.17812,2.5286,0.83858,-2.5087,0.011352,0.85588,-0.11989
-1.1872,-1.619,0.96101,0.92351,3.4521,0.14976,3.8866,-0.078099
4.0467,1.0311,2.9337,-0.89225,-1.4234,-0.062174,1.0888,-0.044634
4.0305,-1.5009,2.0423,-0.2773,-7.6207,-0.033154,-3.6777,0.14686
4.002,-0.47428,0.36597,0.89494,-2.3868,-0.19776,-3.1303,0.18911
-0.91292,2.642,-1.2257,1.9459,3.5473,-0.35314,-3.6523,0.29359
-1.1079,0.28497,2.0724,0.22485,1.9631,-0.22862,-2.5822,0.16024
-1.1175,-2.7145,-2.2339,-2.5489,-2.9552,-0.074662,-0.0083414,0.070411
-1.1059,-2.4489,-1.2775,2.6124,5.246,0.36651,1.9272,-0.029764
-1.3957,-0.19764,4.3274,-0.22765,6.9959,0.65515,2.7324,-0.1396
-1.1124,1.7262,4.9345,1.9131,4.6961,0.36513,5.8093,-0.18166
-1.0678,-0.32339,5.5808,-2.4374,1.9613,-0.058721,-0.57046,-0.20677
-1.0684,-1.0246,0.80205,-2.2053,-1.5787,0.0027136,-0.88371,-0.10326
-0.77975,1.193,-2.7571,-1.0467,4.4061,0.29515,0.45714,-0.10061
4.0156,0.58143,2.3437,-2.5705,-3.8971,-0.053087,0.46217,-0.052714
-1.1869,-0.072025,2.3907,-1.1466,-7.0833,-0.072949,-1.6704,0.1782
3.9856,0.98301,2.7979,0.43263,1.608,-0.2872,-3.7101,0.46797
-1.368,3.1167,-1.7583,1.0315,4.5065,-0.22122,-4.2621,0.17852
-1.3688,0.58291,-1.5345,-0.31252,-1.7344,-0.12782,-1.5922,0.15321
-1.131,-4.5454,-4.0348,-0.93185,0.3787,-0.09111,-3.8977,0.13527
-1.1159,1.3463,0.56402,0.32517,5.7214,0.45966,1.3242,-0.048699
-1.114,1.4207,3.0726,2.3085,6.7684,0.64828,-3.6609,-0.085424
-0.90688,1.9041,3.7498,-1.3332,4.4897,0.32376,4.5526,-0.16562
-1.0941,-2.0036,1.3482,1.6511,-3.4768,-0.01403,4.9904,-0.20994
-1.0914,-2.0746,1.4836,1.5663,-3.4222,-0.047754,4.6158,-0.14846
-1.0856,3.4238,-0.050452,-1.2414,3.237,0.12268,1.6151,-0.11852
4.0042,-0.82244,0.66271,-0.96411,-5.9686,-0.091893,-0.075797,0.027211
3.9818,-0.78178,-0.51274,-0.85007,-4.16,-0.034707,-2.3185,0.15676
3.9578,1.6079,-2.8371,1.4661,2.9484,-0.24235,-1.2183,0.3843
-1.1612,3.0943,-2.5126,-2.4677,4.9015,-0.081516,-2.6939,0.14919
-0.97892,1.4846,-1.3081,-1.5863,-3.6468,-0.15519,-1.2373,0.076982
-1.0556,-2.1573,-4.4512,2.1778,2.6087,0.0079567,-2.1128,0.090733
-1.1387,0.70193,1.7964,0.043318,5.965,0.49429,-1.1978,-0.083234
-1.1346,0.15596,1.3939,1.5213,5.7435,0.5093,10.067,-0.080557
-1.3344,1.1565,5.662,-1.3065,2.3255,0.068268,4.5019,-0.15647
-1.2621,-0.86749,-2.6839,0.29989,-4.4509,-0.0092037,0.25913,-0.20967
-1.0859,-1.8681,-0.5416,0.23548,1.4162,-0.056488,-1.6712,-0.097618
3.9713,1.4982,0.41799,-0.060855,2.8195,0.11787,0.24383,-0.081433
3.9536,-1.2149,1.1637,-0.90809,-6.7546,-0.015596,-1.1062,0.018742
3.927,1.0972,-1.0155,0.15421,-1.3272,-0.072146,-4.1815,0.022344
3.9023,1.8875,-3.25,-1.0761,3.801,-0.15461,-2.9811,0.25594
-1.2137,-0.064004,-4.0294,0.46501,4.1527,-0.065601,-2.9261,0.24547
-1.191,-1.7219,-4.4626,-0.6763,-5.3187,-0.10274,0.4552,0.022684
-1.3391,-1.2317,-1.9341,2.6248,4.0258,0.1944,1.6608,0.073015
-1.2051,0.017086,1.3923,0.70333,5.8446,0.5392,5.3352,-0.064786
-1.1734,0.38184,2.371,0.50508,4.9619,0.42191,6.152,-0.16129
-1.1593,0.9405,0.6583,2.2607,-0.66308,-0.027757,5.9247,-0.098908
-0.98995,-1.112,3.4164,-0.42732,-6.2508,-0.085553,-1.7387,-0.23362
-1.1075,-0.93138,-0.90168,0.13942,1.7514,-0.075933,4.9239,-0.16389
-1.1544,-0.066329,2.4349,-0.47208,-0.86818,-0.054537,0.6035,-0.085692
-1.1562,0.65635,2.9093,0.41951,-6.3016,-0.086579,0.1428,-0.061062
3.9345,2.6614,-0.060525,0.94444,2.0724,-0.093658,-3.1464,0.027698
3.911,-0.65815,-5.9124,1.7313,4.4097,-0.21394,-4.6469,0.25881
-1.1886,0.61378,-2.1244,-0.4895,1.8848,-0.21744,-5.5083,0.20629
-1.1794,-3.361,-3.9965,-0.47141,-4.8579,-0.14166,-0.98303,0.029621
-1.104,1.1287,1.3451,0.032881,5.2969,0.3639,-0.91714,0.061138
-1.1356,1.9296,1.9737,0.73497,4.9162,0.361,-1.5307,-0.088442
-1.171,0.20103,2.4841,1.0758,3.8795,0.2375,-0.15563,-0.21028
-1.1563,-2.7311,-4.6695,2.464,-3.5922,-0.016128,4.4512,-0.21257
-1.3822,-2.573,2.5854,1.3361,-5.4115,-0.062636,4.5334,-0.1793
-1.21,-0.2117,1.1147,-1.4491,2.2223,-0.020344,1.8398,-0.1276
-1.0843,0.001937,2.6982,-0.75332,-3.659,-0.055596,-0.55961,-0.054369
-1.1198,-1.7549,0.80056,0.76061,-3.1574,-0.053324,-1.5763,0.10142
3.9635,2.9016,-2.4495,-0.017359,3.7348,0.056633,-6.048,0.0054776
3.9434,-1.5103,-5.3395,0.96201,5.3399,-0.14635,-4.0342,0.26974
-1.1859,1.6117,-1.9541,-0.41538,-1.7918,-0.17267,0.30415,0.26149
-1.1538,-5.4675,-4.0346,1.7591,-1.5077,-0.10159,-1.5415,0.13474
-1.1458,1.8823,3.2438,0.80278,5.8971,0.45713,0.79452,-0.0052311
-1.1804,1.5488,1.5672,0.2515,4.0708,0.28581,5.6899,-0.059651
-1.1462,0.26563,2.2223,1.0802,0.38002,-0.037319,1.8372,-0.16781
-1.1158,-3.713,0.066266,-0.97672,-4.4603,-0.068938,-1.0971,-0.23301
-1.1138,-1.4088,4.6095,0.34251,-1.0634,-0.018509,8.7278,-0.20144
-0.9097,-0.062411,3.5925,-0.65156,3.368,0.15352,2.2377,-0.14515
-1.0743,-1.185,4.6663,0.24694,-3.9378,-0.030381,-0.96185,-0.044999
-1.1058,-0.8285,-1.3858,-0.18767,-0.55158,-0.078455,3.7385,0.12398
3.9737,3.622,-3.2003,1.4198,4.6247,0.12881,-2.4786,0.044151
3.9223,-0.24875,-5.572,-0.09735,5.5457,-0.0092294,-4.7491,0.19658
-1.1873,-0.60643,-3.4329,-0.18837,-2.369,-0.14162,-1.7903,0.19999
-1.1387,-3.7536,-0.51534,-0.21258,2.3034,-0.063829,-0.31431,0.11137
-1.128,0.4069,3.3307,-1.0389,6.0173,0.51013,3.6137,0.059775
-0.91103,1.6268,2.2208,3.9931,3.9013,0.28314,2.9133,-0.065662
-1.0191,-1.3281,-2.3474,1.2192,-3.431,-0.065389,5.0371,-0.18034
-1.1849,-2.3962,1.3123,0.66236,-4.9895,-0.057694,-1.0174,-0.21308
-1.0989,-0.36964,3.0448,0.8294,0.87859,-0.014768,5.0706,-0.18572
3.9825,-0.019423,1.9726,-1.7143,2.7975,0.13117,2.313,-0.14826
-1.2335,0.26817,2.5051,-0.96377,-4.019,-0.06021,0.74595,-0.091655
-1.1214,0.24737,-1.0152,0.94064,1.7768,-0.10393,-2.3871,0.20549
3.9945,1.0364,-4.4854,1.057,5.3033,0.067229,-3.3124,0.22449
-1.1094,1.5394,-2.5255,-0.43784,5.2815,0.18981,-6.6708,0.046706
-0.96545,0.83972,-0.51917,-1.0575,-3.8961,-0.11744,-1.2254,0.18614
-1.1528,-2.3581,1.1288,-0.23596,4.3391,0.20189,1.5284,0.16063
-1.1193,2.9679,0.32647,-1.2244,5.0591,0.41615,4.3073,0.11636
-1.1106,1.9876,-1.1847,1.3818,2.8486,0.14326,6.5405,-0.060356
-1.2347,-0.94563,-1.8951,-0.96811,-6.0813,-0.015339,1.5791,-0.18117
-1.1302,-2.4075,0.88713,0.31587,-3.5609,-0.017899,8.5989,-0.23795
-1.0792,0.97091,3.2748,-0.57074,2.4256,0.085859,5.7405,-0.18231
-1.101,1.8452,2.0452,-1.1361,2.0417,-0.006765,0.89159,-0.11285
3.9965,1.2646,0.96597,-1.5647,-3.0618,-0.074284,0.6878,-0.091606
-1.0017,0.54891,-0.83947,-0.47032,2.7341,-0.089718,-2.5742,0.070995
3.9787,1.5228,-3.9314,-0.11358,5.5037,-0.065671,-4.8813,0.22875
-1.1487,0.77679,-5.9689,-1.9327,2.5649,-0.10384,0.21508,0.21705
-1.5111,0.34251,-0.43269,0.28358,-4.3242,-0.171,-1.1186,0.18911
-1.1711,-1.9275,1.4704,-1.6999,5.3856,0.38856,3.0908,0.20286
-1.1239,2.0737,-1.1753,0.27441,3.1228,0.15061,1.0714,0.039332
-1.1121,-1.5796,-1.4462,1.6266,0.63254,-0.02578,3.8577,-0.073426
-0.82847,-0.58605,1.3871,0.5252,-8.23,-0.059992,1.7844,-0.1358
-1.0442,-2.4955,4.9027,1.3887,0.8509,-0.044673,9.3319,-0.20268
-1.0993,-1.4265,1.9448,0.17483,3.7625,0.2775,0.31101,-0.17664
-1.0881,-0.24975,4.7745,-0.094492,2.1581,0.05465,-0.41609,-0.14824
-1.2914,0.42185,-2.1474,0.087296,-1.1114,-0.095744,1.2356,-0.090243
-1.2809,2.1109,-2.3227,0.92702,4.0598,-0.10693,-2.4987,0.10755
4.0165,1.0741,-3.2899,0.086095,5.9008,0.043375,-7.3776,0.33126
-1.1114,0.45828,-1.6378,-0.99208,-0.9027,-0.13807,-1.6956,0.27261
-1.1087,1.947,-1.5157,-1.5625,-2.9017,-0.14717,1.0155,0.032249
-0.92235,0.31702,0.55368,-0.59327,5.4941,0.40256,4.9338,0.296
-1.0907,3.9921,-1.3043,2.0677,-0.2657,-0.037762,4.2323,0.039648
-1.0872,-3.4769,-0.84213,1.4976,-4.3004,-0.064054,2.004,-0.06627
-1.0761,-1.4168,1.0931,0.74104,-6.7656,-0.01539,-4.9365,-0.10268
-1.2653,-2.1639,4.4993,0.3853,2.0838,0.0087332,4.4341,-0.21439
-1.0733,0.18211,2.5087,0.43637,3.9015,0.25708,2.325,-0.2011
-1.0526,0.65361,1.0611,-1.9407,1.426,-0.041497,-0.024004,-0.14099
-1.0524,0.4018,-1.8654,0.084091,0.80488,-0.23505,-0.8867,-0.063058
4.0632,1.4942,-5.7998,1.7631,4.2768,-0.27591,-4.0446,0.08679
4.0388,-0.65094,-2.9922,-0.87457,4.4526,-0.075323,-1.3945,0.3068
-1.0869,-0.48793,-2.2284,-2.0139,-5.4155,-0.18818,-2.112,0.24007
-1.0789,-0.61963,-2.9052,-0.69961,-1.272,-0.14065,1.2093,0.10137
-1.3725,0.62849,-0.20577,-1.8922,3.7078,0.16751,3.4618,0.14929
-1.1298,0.96118,-2.4831,0.17717,-3.9941,-0.076773,2.0638,0.045002
-1.098,-5.1692,0.31951,0.53742,-6.6157,-0.065755,-1.8481,-0.06941
-1.048,-2.223,1.5964,0.92068,-6.8222,-0.068566,10.72,-0.11938
-0.87661,-2.651,1.9435,2.6598,3.4034,0.21425,-0.70366,-0.17051
-0.97838,1.0916,0.092052,-1.5131,3.5486,0.19979,-0.74236,-0.19195
4.0518,0.99127,1.6628,-0.33093,-0.38091,-0.10355,-0.80837,-0.13498
-1.0423,-1.0485,-2.3056,-0.021727,2.1839,-0.19104,-2.5294,-0.051814
4.044,3.4221,-3.6143,0.9658,5.5981,-0.16731,-4.1771,-0.061744
4.0377,-1.1382,-6.1028,-2.7494,1.6525,-0.1734,-0.81343,0.2085
-1.0727,1.8857,-0.96574,-1.7523,-5.1234,-0.11884,-1.5456,0.25599
-1.0665,-0.84143,-0.70015,0.61972,1.5636,-0.08031,0.39841,0.065276
-1.0539,1.4291,-4.5469,0.229,2.4693,0.0031757,0.77345,0.032785
-0.95545,1.7286,-2.6936,1.1111,-4.4576,-0.10675,1.4041,0.021516
-0.99395,-6.8953,2.0267,1.9758,-10.051,-0.042081,5.0053,-0.070335
-1.04,-0.97238,5.6239,2.3713,-0.42057,-0.084898,7.8743,-0.14661
-1.0344,-2.4666,2.1209,2.1157,4.0994,0.3022,2.2534,-0.17788
-1.247,1.3402,4.9297,0.82037,3.3567,0.19189,3.4421,-0.18236
4.0646,0.45753,0.27252,1.1907,1.848,-0.089345,-1.2906,-0.10767
4.0374,-0.069816,-0.49445,0.46366,3.0429,-0.17363,-4.2661,-0.050402
4.0174,3.2325,-2.1917,0.13945,6.042,0.019553,-3.9865,-0.0074945
3.9994,0.24665,-0.83327,-2.3405,-2.4288,-0.17035,-2.9478,0.20641
-1.0833,0.26877,-0.37963,-1.5087,-6.7998,-0.12605,2.9757,0.21422
-1.1368,-0.033596,-0.77452,-0.39232,0.38503,-0.20031,2.3581,0.11658
-1.1012,1.4428,-4.8209,0.37015,0.24811,-0.092779,1.2328,0.15501
-1.384,1.9245,0.12056,-0.68415,-6.193,-0.11005,3.1181,0.024948
-1.1182,-4.8166,1.2486,0.55523,-7.3992,-0.064612,5.1599,-0.11478
-1.0442,-2.902,6.7484,3.2847,2.7568,0.15032,6.6342,-0.19178
-1.0658,0.13999,-1.9269,-0.44701,5.4262,0.51777,-0.59354,-0.17934
4.0066,1.119,7.5099,1.3214,3.0903,0.17208,0.96413,-0.11599
4.019,0.60532,0.62327,0.44259,-0.23775,-0.18741,-0.7661,-0.13534
4.0016,0.33777,-2.1918,0.77591,4.3591,-0.22911,-4.0618,-0.023484
3.9841,1.7947,-1.3365,1.2728,4.9611,0.087559,-1.7651,0.0083738
3.952,-0.98832,-1.0512,-2.3901,-5.4556,-0.085521,-0.54793,0.075668
-1.3454,0.227,-5.9793,0.80374,-3.5333,-0.095436,-1.5877,0.32574
-1.172,0.66125,-3.3575,-0.16386,0.23232,-0.18443,-0.3366,0.15939
-1.1222,0.65774,-5.7584,0.58134,-2.4139,-0.11307,1.5283,0.1359
-1.123,-1.3724,1.0901,0.10513,-6.7592,-0.10956,2.626,0.027601
-0.92941,-3.7206,1.269,-0.13402,-2.8659,-0.056809,5.4746,-0.11076
-1.1044,-2.7908,0.94572,3.7384,4.4519,0.37922,2.1034,-0.21773
-1.0884,0.02153,-0.39703,0.22244,4.9693,0.4278,-0.60913,-0.28833
-1.0867,1.0291,-1.4817,-0.709,2.9838,0.10846,1.0878,-0.16676
4.0069,0.44851,-1.8994,0.10768,2.3564,-0.16209,-2.7545,-0.076687
3.9866,-0.33687,-1.5568,-0.012503,5.3022,-0.12437,-4.0215,0.014337
3.9606,3.1165,-3.44,-1.9214,1.6892,-0.19889,-3.6754,0.028355
3.9867,-0.24225,-3.0298,-2.5711,-7.0389,-0.093183,-1.8046,0.1332
-1.1261,0.17358,-5.958,-1.1048,-1.0063,-0.12792,-5.5174,0.18161
-1.1855,-0.19016,-5.268,1.1892,1.1161,-0.22563,-1.9538,0.17835
-1.1423,3.9517,-1.7986,0.042252,-5.1291,-0.066858,3.8728,0.18134
-1.1392,-5.4839,3.1382,0.49656,-7.605,-0.02922,4.0696,0.0028978
-1.3408,-2.552,4.3125,2.675,0.70994,-0.070292,11.085,-0.11195
-1.2573,-0.022788,0.13846,-1.9502,5.8948,0.57346,-2.1757,-0.18212
-1.1603,1.7594,5.6647,-0.47254,4.2593,0.34518,3.2841,-0.18188
-1.1048,1.2141,-0.49053,-0.16495,2.9237,0.11008,-1.7231,-0.16063
3.7551,1.3045,-2.8853,0.72219,1.7664,-0.43274,-1.8709,-0.067852
-0.9657,1.6788,-0.051962,-0.99896,5.5162,-0.18921,-4.7096,0.102
3.9743,0.030778,-3.7925,-1.9857,-5.4561,-0.22899,0.12966,0.1776
-1.2328,-1.9909,-2.5523,-0.36398,-8.4198,-0.14563,-0.63223,0.33285
-1.1495,2.2577,-4.1848,0.48389,-3.1888,-0.23341,1.6494,0.12724
-1.2753,-0.95245,-3.6283,1.1166,-2.436,-0.32179,-0.57802,0.21929
-1.1861,2.7757,-0.12551,1.0254,-7.3835,-0.051765,2.8468,0.26594
-1.1224,-5.8367,4.9645,1.3469,-7.1513,-0.064824,-0.2373,-0.0098553
-1.1149,-0.45436,0.41515,1.4602,3.4237,0.17407,-2.6713,-0.099759
-0.87631,-0.10807,3.3965,0.60826,5.9304,0.49954,-4.3073,-0.20694
-1.0851,0.88442,0.67841,0.4806,3.1855,0.16337,1.3524,-0.20653
3.9939,1.9263,-1.4461,0.050203,1.5242,-0.10688,0.73531,-0.15936
-1.1128,-0.36532,-1.7713,0.7374,2.2274,-0.59761,-2.8186,-0.12877
-1.3329,1.6056,1.6294,-0.8272,4.3144,-0.4297,-4.0976,0.031373
3.9765,0.81257,-4.679,-2.8095,-7.6707,-0.17994,-1.2668,0.18129
-1.1074,-3.0475,-2.704,-2.4143,-8.9018,-0.12641,-5.0447,0.21471
-1.1372,2.7763,-6.1375,-0.1915,-2.1206,-0.2815,-2.8112,0.17811
-1.0697,0.013599,-5.0433,2.4189,-3.9665,-0.36252,-1.5881,0.14364
-1.0573,-1.5401,0.0017883,2.5472,-8.5531,-0.083756,-0.46443,0.10967
-1.0931,-3.7113,4.5102,-0.7377,-2.2357,-0.031979,5.746,-0.024482
-1.1122,0.23527,2.1685,-0.67376,4.1466,0.33758,6.3229,-0.11548
-1.3683,1.2358,2.6572,-0.98976,5.5825,0.50121,0.34303,-0.14296
-1.3142,2.4477,-2.8329,1.3106,2.8273,0.12772,-0.98835,-0.19813
3.9681,0.88571,-2.4317,0.88384,2.0188,-0.13927,-2.6403,-0.16443
-1.1046,0.93847,-1.4773,-0.089366,2.8977,-0.6172,-3.8036,-0.099321
-1.0882,1.4276,-1.1917,-0.0044361,0.87491,-0.42279,2.2171,-0.040789
3.986,-1.6016,-4.6725,-3.1016,-9.434,-0.16458,-0.86959,0.40172
-1.1212,-0.016892,-3.1632,-1.3237,-7.289,-0.18371,-4.0328,0.22892
-1.1406,1.7544,-3.9284,0.31569,-3.2566,-0.39645,-0.086541,0.21291
-1.1298,3.4131,-0.42256,-0.16682,-5.1393,-0.2324,-0.20104,0.27495
-1.1201,-2.0041,2.8947,2.3595,-9.4566,-0.056571,3.7907,0.1389
-1.1832,-6.1808,1.6781,0.60515,3.0041,0.12965,-1.8976,-0.014479
-1.1046,1.4909,6.6152,0.77886,5.9219,0.52306,-5.6685,-0.08742
-1.0989,0.44674,0.30751,-0.53792,5.3521,0.45116,-1.7087,-0.16674
-0.85741,2.2782,1.7096,0.69594,2.0473,-0.0073169,0.1696,-0.18346
-1.0363,0.77406,-0.52585,0.47311,1.2606,-0.23673,0.1608,-0.15798
-1.1107,-0.53994,-0.69681,1.2233,3.8169,-0.38148,-3.7797,-0.11008
4.0177,1.8383,-3.1469,-3.6731,-4.6577,-0.16748,-0.12647,-0.020978
3.9869,-2.468,-0.86154,1.0464,-9.6664,-0.10889,-3.2144,0.16224
-1.1661,0.41178,-3.0934,-0.7495,-2.5352,-0.2516,-4.2673,0.21576
-1.1631,4.2431,-2.5435,-0.6322,-2.8598,-0.37068,-3.7961,0.11755
-1.1117,0.24777,2.0397,2.3236,-5.8282,-0.099177,3.2283,0.13863
-1.1012,-0.61649,2.6901,0.46106,-6.4479,0.0037404,0.18676,0.12473
-1.0416,-1.2788,7.2571,1.4479,4.7494,0.33974,4.0878,-0.0091008
-1.0592,2.6022,6.0359,1.5436,6.2106,0.5569,-0.8772,-0.089367
-1.0838,2.1671,-0.70248,-0.30555,4.9991,0.44283,2.7417,-0.18122
-1.0441,-0.27717,1.4009,1.1603,2.1948,-0.038346,-2.5343,-0.12931
-1.227,-0.49181,-0.47728,0.73176,2.9374,-0.051437,-4.2649,-0.14281
-1.0716,0.91763,0.28314,0.81888,3.9486,-0.043781,1.8447,-0.13001
4.0168,2.4721,-2.8139,-1.5587,-7.162,-0.099305,-1.1096,-0.058215
3.9961,-2.5826,-2.8248,-2.7152,-9.1739,-0.10525,-6.0555,0.078248
-0.92601,2.6073,-2.5902,-1.4875,-0.027239,-0.30225,-1.6145,0.23002
-1.109,3.606,-0.20145,-1.4571,-2.3746,-0.31844,-0.82059,0.075741
-1.1088,0.8914,2.7137,2.509,-5.8264,-0.043473,0.10723,0.22187
-1.0986,-3.3157,1.2686,1.8663,-2.2038,-0.00092512,5.1348,0.083578
-1.3494,1.8259,5.4638,0.36737,6.162,0.56403,-4.6136,-0.029472
-1.1246,3.9299,5.1755,0.17366,6.237,0.59733,1.1789,-0.076979
-1.064,3.4859,4.2349,-0.95199,3.733,0.19723,1.0335,-0.20945
-1.0585,0.89668,0.73065,0.74123,2.2394,0.026901,1.0029,-0.17392
-0.67675,2.0355,-0.95451,-0.37413,2.2471,-0.14228,-1.4448,-0.12264
-0.99316,0.90238,-0.027602,0.10257,1.6257,-0.26965,1.426,-0.11899
3.9933,0.83585,-1.6098,-1.8662,-9.2994,-0.086708,-0.61399,-0.036262
3.9697,-3.596,-2.8833,-1.5288,-9.6377,-0.14959,-0.7926,0.15211
-1.1158,3.1314,-2.3545,0.244,-0.6059,-0.39033,0.68471,0.17494
-1.2537,1.429,3.1471,1.0766,-3.6451,-0.26766,1.7787,0.12315
-1.0885,2.5788,2.1635,0.19053,-8.3956,-0.048575,5.9103,0.25552
-1.109,-2.7132,2.7326,0.13168,2.4254,0.092212,1.2185,0.097207
-1.1089,0.54847,7.5883,2.0216,6.6706,0.60181,-2.174,-0.013701
-0.96953,1.5988,2.9369,-0.051728,6.3087,0.62442,3.8056,-0.13322
-1.0445,0.091209,5.7665,0.62509,2.5584,0.053091,1.1412,-0.19787
-1.0789,0.094491,1.6598,0.31065,0.11637,-0.036574,2.756,-0.19592
-1.0934,1.06,-0.25849,0.71808,3.0005,0.020176,0.11683,-0.12887
-1.2742,0.75479,-2.8776,-2.0831,-0.81548,-0.13424,-2.315,-0.042054
4.002,0.2802,2.0238,-1.791,-10.177,-0.051726,-3.1321,-0.061549
3.9869,-3.1079,0.53699,-0.051689,-4.8289,-0.12917,-6.5164,0.19144
-1.126,2.9387,-4.5421,0.78273,0.59122,-0.42503,-2.8211,0.20337
-0.92344,-0.27312,3.3715,0.56856,-3.4635,-0.20207,0.59844,0.20797
-1.0729,0.011185,1.812,0.085606,-6.4759,-0.010519,1.3671,0.22946
-1.1023,-2.3379,1.3434,1.7932,4.3756,0.29397,-0.60296,0.18448
-1.0942,1.44,8.5465,2.2177,6.727,0.63369,-3.7712,-0.015769
-1.1158,1.6329,1.1453,-1.6903,5.8323,0.52901,1.1926,-0.145
-1.1487,-1.3453,4.2151,1.2772,1.6971,-0.048164,-0.60742,-0.26823
-1.0605,-2.1442,0.4838,1.3553,2.0121,-0.029849,-1.0311,-0.20595
-1.0617,-0.59422,-1.4867,-1.1454,2.8851,-0.039603,5.9859,-0.1011
-0.84508,-0.39783,-2.1053,-0.53248,-5.1035,-0.1031,-4.1355,0.013193
4.0326,0.45744,2.3172,-1.9205,-9.7836,-0.13578,-5.133,0.011927
4.0102,0.46582,0.73957,-0.26522,-2.0398,-0.29836,-3.4744,0.1306
-1.0979,4.1193,-2.7757,-1.5547,1.0159,-0.58187,-1.24,0.24175
-0.98499,-1.647,2.7692,1.6922,-5.6186,-0.11145,1.1359,0.161
-1.2194,-1.097,-1.3527,0.3572,-5.3564,-0.057957,0.16532,0.24871
-1.1032,-2.1177,0.61759,0.29066,5.6714,0.47591,-3.519,0.090222
-1.0584,3.2863,6.7747,-0.50038,6.5325,0.58139,-3.2378,-0.050013
-1.0451,3.2737,2.905,-0.23179,5.0386,0.38772,2.6408,-0.094332
-0.87731,2.2205,3.5484,-0.035465,4.9741e-05,-0.025812,0.38159,-0.19967
-0.95837,0.28194,3.3439,-1.0486,1.6549,-0.10215,0.2688,-0.21965
-1.0519,0.062394,2.817,-0.8878,2.9996,-0.015801,-1.3737,-0.1655
-1.0474,0.52746,-0.8619,-1.9472,-8.2417,-0.10464,-0.04668,-0.049112
4.038,0.77328,-0.50628,-3.3604,-10.712,-0.10982,-2.6988,0.10497
-1.1082,-0.084445,-1.8683,-0.2756,1.5517,-0.44835,-4.6139,0.29751
-1.077,3.5353,0.93674,-0.27326,-0.88932,-0.50596,0.62631,0.19699
-1.0674,-0.047564,2.174,-0.087625,-4.2837,-0.125,-0.75303,0.14817
-0.96129,-4.4157,0.37393,1.2537,-2.2207,-0.028142,0.35623,0.36122
-1.0236,1.3823,3.5383,-0.69628,6.0828,0.50663,-2.8238,0.064643
-1.0559,1.6686,6.6449,1.0367,5.561,0.46943,2.6085,-0.0367
-1.0507,-0.24584,5.9718,-0.52635,4.0788,0.30009,2.8249,-0.15075
-1.3342,1.8884,3.0177,-0.56643,-2.7018,-0.080508,0.57975,-0.20344
-1.0892,0.71658,4.0424,0.063704,2.4417,0.01311,-0.68642,-0.16335
4.0365,1.0365,1.1113,-1.0972,-0.47534,-0.15798,-0.6929,-0.14388
4.2106,-0.96773,1.1211,-1.5494,-10.464,-0.083075,-0.0827,-0.031784
4.0175,-0.0051658,-0.32875,-1.233,-6.5624,-0.18565,-5.0298,0.12357
-0.92323,1.1646,-3.1075,0.96191,2.7415,-0.44108,-4.0961,0.13882
-1.0415,0.6535,1.3047,0.62797,-0.49127,-0.29803,-2.1966,0.21637
-1.1064,-1.1415,0.73358,-0.5401,-4.1702,-0.12754,-2.2927,0.31919
-1.115,-0.78492,-0.35555,0.63512,3.0341,0.11599,0.62751,0.08331
-1.2533,2.6866,2.6308,-0.54514,6.4246,0.54444,-0.88553,0.073891
-1.1031,3.2165,6.6991,1.1263,4.7206,0.40265,4.6243,-0.041884
-1.0649,-1.3338,4.9974,-1.0296,3.5561,0.16434,3.7942,-0.16292
-1.0632,-0.60601,2.8711,1.7903,-2.0638,-0.06089,-0.81418,-0.11305
-0.92793,1.0099,0.39926,-0.90421,2.9953,0.13326,3.3266,-0.18567
4.0185,-0.42534,3.0283,-0.4969,-3.7389,-0.079931,0.83641,-0.12821
3.9988,-0.36797,2.8729,-1.7525,-8.0286,-0.07859,-4.9824,-0.038623
3.9799,-0.22758,1.5632,1.7498,-1.504,-0.28213,-3.3499,0.069365
-1.3456,3.3716,-2.2383,0.76938,3.0788,-0.47001,-2.1096,0.1994
-1.1953,-0.20127,0.35485,0.73788,-2.8804,-0.11369,-0.16327,0.19388
-1.1239,-4.3159,-3.1047,0.42233,-2.5576,-0.13221,-1.4839,0.39766
-1.1156,-0.22107,-0.40823,2.1856,5.238,0.3807,0.9436,0.12795
-0.75326,0.52469,2.9983,0.26601,6.3309,0.59253,6.0382,0.071531
-0.95965,0.037181,4.5879,0.31214,4.1823,0.33153,3.8364,-0.046727
-1.0967,0.54036,4.8102,-0.87783,-1.7136,0.024142,1.7517,-0.17119
-1.0902,-0.57713,5.0092,-1.8618,-1.2292,-0.020133,-4.4859,-0.20726
-1.136,1.9802,-0.80498,-1.3856,3.2876,0.13106,1.6928,-0.14817
3.9893,-1.2073,2.3256,-0.86353,-6.5241,-0.090655,-0.45417,-0.16832
3.9761,0.89295,2.4227,-1.6827,-6.4415,-0.092689,-2.3242,-0.0046226
3.9554,1.8808,-1.0633,0.81628,2.0693,-0.28989,-3.6902,0.079732
-1.1417,2.8314,-1.2362,-0.39503,3.8057,-0.32448,-3.775,0.074987
-1.0228,1.2468,0.74675,0.28652,-3.7015,-0.10558,-0.76262,0.088543
-1.0876,-3.4988,-4.1298,0.2594,2.031,-0.078429,-4.3384,0.2225
-1.1464,3.2636,0.76775,-0.31783,6.0129,0.53536,0.7604,0.19743
-1.1341,1.6047,2.8518,0.92764,5.9059,0.55751,1.8853,-0.026381
-1.2099,3.2719,5.4933,-2.6287,2.5589,0.083183,5.9412,-0.048017
-1.1348,-1.2358,-2.705,0.93602,-4.2997,-0.044301,1.4513,-0.16238
-1.1046,-1.6259,0.39789,0.67733,0.98904,-0.064407,-2.5763,-0.18299
3.9634,1.898,0.92594,0.85724,1.6122,-0.011097,-0.25739,-0.10387
3.943,-0.42522,2.2287,-0.87343,-7.2881,-0.005719,-1.5179,-0.17392
3.9556,1.2712,-0.64118,-0.71328,-1.3703,-0.076382,0.98895,-0.086033
3.9228,1.2259,-2.4833,-0.099495,3.3556,-0.30103,1.6451,0.11495
-1.1974,0.35628,-6.2374,-0.89464,2.5448,-0.32394,-1.9787,0.11035
-1.2809,-2.8878,-4.4583,-0.42392,-5.9107,-0.14092,-0.94924,0.093629
-1.192,-3.1134,-1.6649,2.0116,3.1906,0.03767,1.6839,0.29782
-1.1617,1.3808,2.2022,-0.91865,5.3917,0.4385,4.4831,0.21481
-1.1483,1.1255,2.6989,0.95791,4.7129,0.38617,3.4916,0.080949
-0.93026,1.3045,-2.0529,0.62834,-2.0482,-0.021378,4.1926,-0.055586
-1.0805,-0.39421,4.8958,1.2404,-6.7351,-0.0053596,-3.4748,-0.16528
-1.0718,-0.59988,-0.55131,0.47478,1.6505,-0.092907,3.2812,-0.17944
-1.1309,0.019944,1.8834,-0.41632,-1.001,-0.078731,1.2914,-0.17857
-1.1142,-0.60104,2.7492,-1.2051,-6.997,-0.025607,-1.9374,-0.13722
3.9666,2.2503,-0.31925,0.98127,2.0704,-0.17169,-3.002,-0.1001
3.9556,-1.604,-6.0106,1.7672,4.3845,-0.38173,-4.1766,0.11707
-1.1514,1.0307,-0.87131,-1.9687,1.4057,-0.19769,-6.6681,0.18086
-1.1514,-3.4804,-3.7188,0.24449,-5.4583,-0.17528,-1.8292,-0.0045739
-1.0036,0.93027,0.55041,0.33525,4.7935,0.23565,-0.47492,0.28429
-1.0847,1.7139,1.888,0.12834,4.1083,0.31695,2.2571,0.23379
-1.1326,1.5453,2.8147,0.24183,3.3827,0.18221,1.2882,0.056977
-1.1228,-0.35917,-3.7641,0.592,-4.4144,-0.00012935,3.9967,-0.066611
-1.2403,-2.6864,2.5296,1.1093,-5.5902,-0.061339,1.8749,-0.16939
-1.1299,0.57326,2.5164,-1.1337,2.6001,0.086654,-2.2389,-0.19874
-1.09,0.32895,3.5394,-0.64743,-4.5166,-0.076953,-0.40592,-0.18419
-1.0915,-0.81529,1.4667,-0.79312,-4.3752,-0.035272,-5.7846,-0.097715
4.0054,3.1199,-2.0651,0.42546,2.9831,-0.14654,-2.9491,-0.082017
3.9877,-2.702,-4.4019,0.69381,4.6783,-0.39413,-5.7204,0.11534
-1.1299,0.9553,-2.6831,-1.0753,-3.1211,-0.16227,-0.61223,0.3061
-1.1231,-4.7308,-1.9568,1.9693,-2.6617,-0.13342,-0.69948,0.16136
-1.2973,2.0514,3.2189,-0.42748,5.5409,0.3819,-2.6404,0.27597
-1.1848,-0.0040548,-0.58035,-0.13982,3.3558,0.15356,8.5248,0.29559
-1.0947,0.7928,1.77,1.6256,-1.6642,-0.051322,2.83,0.038821
-1.0806,-2.7321,0.384,-0.28984,-6.8129,-0.0069447,-1.7354,-0.080557
-0.90062,-1.0534,3.7648,-0.3901,-2.8823,-0.013247,9.4264,-0.18553
-0.95414,-0.24378,3.6754,0.72697,2.5533,0.090184,0.94245,-0.22354
3.9986,-1.282,3.3244,0.56784,-4.764,-0.06089,-2.8122,-0.17036
-1.0954,-0.6742,-0.79325,-0.0999,-1.1552,-0.060544,-1.0139,-0.066246
3.9904,4.1432,-2.7853,0.82475,3.8806,-0.10918,-1.719,-0.054588
3.9366,-0.29712,-4.7361,-0.95273,4.3264,-0.27606,-2.1975,0.078224
-1.1261,-0.17088,-3.6102,-0.90048,-4.6367,-0.10332,-1.2926,0.18891
-1.1153,-4.2292,-0.17431,-1.643,1.7308,-0.13605,0.58045,0.21753
-1.1007,1.9777,2.7533,-0.64067,6.0727,0.52057,-0.12008,0.067223
-0.98453,0.62808,0.88905,1.7455,2.9289,0.13549,-3.2192,0.14165
-1.0892,-0.28163,-2.6182,1.6391,-4.7457,-0.0060463,5.0218,0.051184
-1.0969,-1.9502,1.4021,0.44513,-6.013,0.0078027,-0.65906,-0.086982
-1.0914,0.8876,3.7151,0.090276,-0.2235,-0.035008,5.2029,-0.13001
3.9885,1.1423,2.8468,-0.76014,2.3083,0.066195,2.2131,-0.19217
3.9766,-0.13802,3.4359,-0.75821,-5.2493,-0.051424,-0.09162,-0.15637
-1.0996,0.51733,0.4,1.5297,1.6942,-0.12863,-2.7272,-0.021099
3.9751,0.77701,-4.3817,-0.072834,5.115,-0.027802,-4.4138,-0.0093442
-0.84719,0.02329,-1.6653,-0.64519,4.545,0.032157,-5.919,0.19845
-1.0025,-1.3937,-3.2327,-0.89611,-6.2298,-0.06827,-0.32123,0.13749
-1.1397,-3.4783,0.1094,0.13694,3.7705,0.12721,3.7443,0.29339
-1.1434,2.1506,1.1198,-0.83092,4.4062,0.27331,4.7755,0.37184
-1.2293,1.5615,-1.7086,1.449,2.0501,-0.0061361,5.6865,0.11836
-1.1487,0.019591,-0.84836,-0.46455,-7.0625,-0.027821,1.6627,0.044735
-1.0446,-2.6013,1.2584,0.5158,-3.8316,-0.018098,8.9435,-0.11168
-1.0938,0.90504,3.7785,0.22385,2.4941,0.088657,3.0455,-0.1569
-1.0829,1.9736,2.6694,-2.0614,1.9657,-0.027673,-0.20841,-0.14352
3.9818,1.2159,1.0414,-1.0132,-3.5495,-0.076998,-2.3967,-0.16902
-1.1019,0.87085,-0.35458,-1.1706,2.9388,-0.092734,-3.0969,-0.10808
3.9701,0.78694,-3.8456,0.76877,5.6166,-0.074945,-3.6115,0.037604
-1.1582,1.0995,-5.9828,-1.541,1.5724,-0.19034,0.90019,-0.0036004
-1.3128,-0.1209,0.073031,-0.29517,-4.9661,-0.096129,0.0095948,0.16981
-1.1702,-3.0556,1.676,-1.6937,5.4458,0.37644,2.0607,0.39045
-1.1224,2.451,-1.0106,1.2029,2.9313,0.13622,3.739,0.23304
-1.1207,1.1061,-1.7505,-0.53517,-0.89903,0.015266,3.4572,0.036508
-0.9672,0.55828,-0.39585,-0.14927,-8.4037,0.01447,-0.65734,0.023731
-1.048,-1.4806,3.9541,1.157,-0.60644,0.029455,8.5514,-0.078585
-1.1031,-1.4078,1.9503,0.41383,3.2968,0.19353,-1.9835,-0.18467
-1.0967,0.13977,4.979,0.37914,1.3524,-0.012592,-2.4463,-0.15321
-1.2443,0.53621,-1.9398,-0.54459,-2.1336,-0.075464,-2.3659,-0.15659
-1.1936,2.5586,-1.3735,-0.077998,3.328,-0.22312,-2.2153,-0.10769
4.0102,0.25923,-2.2071,0.12423,5.7863,-0.058631,-6.8647,0.102
-1.1141,-0.56782,-2.9408,-0.71268,-1.3933,-0.11732,-2.8393,0.089565
-0.79276,0.20374,-1.4725,-1.768,-3.8476,-0.086239,0.23621,0.17691
-0.94963,-0.30056,0.22337,-0.41253,5.422,0.34882,3.0649,0.37865
-1.1184,2.9584,-1.8888,1.0168,-0.036699,-0.009454,2.8007,0.27784
-1.0979,-1.6855,-0.57327,0.78059,-4.7772,-0.0311,2.5964,0.11731
-1.0558,-0.61141,-0.65981,0.45027,-7.1451,-0.047689,-5.4005,-0.0074945
-1.1499,-1.4638,4.5677,-0.15832,1.8521,-0.051752,6.4229,-0.091533
-1.098,1.0336,0.34737,-0.56286,3.7366,0.23386,1.2291,-0.18287
-1.0552,0.054809,1.9432,-2.5851,-0.54328,-0.0397,1.3748,-0.13249
-1.0352,1.4233,-0.60576,-0.11915,-0.42622,-0.11018,-2.2714,-0.15162
4.0006,2.6542,-4.9915,1.8574,4.3921,-0.38011,-2.9173,-0.15196
4.0302,-0.36627,-3.3537,-0.35689,4.6411,-0.12831,-1.812,0.009469
-1.0934,-1.12,-1.5589,-2.3462,-5.9549,-0.14098,-1.0451,0.087861
-1.0865,1.6983,-1.7246,-0.94742,-1.0735,-0.063714,0.46303,-0.014942
-1.2059,1.0219,-1.2903,-1.1092,4.2794,0.15604,3.2976,0.21527
-1.0652,0.93082,-3.3844,0.01893,-4.0978,-0.050738,2.506,0.30396
-1.0523,-3.4474,-0.64841,1.1021,-6.9492,-0.05496,-2.0718,0.068975
-1.0383,-2.0605,0.8577,-0.064137,-7.2239,-0.018098,12.004,-0.034583
-0.87727,-1.6794,2.1153,2.5487,3.2643,0.19154,0.36114,-0.095938
-0.87123,1.1602,-0.28891,-1.6752,3.6924,0.24261,-0.66651,-0.18076
4.0418,1.2488,2.5685,0.51782,-0.29417,-0.031171,-1.4894,-0.15267
-1.0555,-0.65463,-1.846,-0.98698,2.3772,-0.19881,-3.3968,-0.22104
4.0543,3.42,-3.1628,0.68396,5.3005,-0.25995,-3.0881,-0.12899
4.0334,-2.9183,-5.7946,-2.0739,0.17376,-0.23414,-0.71116,0.03775
-1.0557,0.81061,-0.8064,-1.6026,-5.48,-0.13222,-2.2226,0.13374
-1.0643,-0.035953,0.13094,-0.18193,1.9071,-0.069965,-0.50207,0.047606
-0.89364,1.2551,-3.3771,1.5199,2.2239,-0.098927,1.4534,0.2767
-0.90678,0.38959,-3.2075,-0.47349,-5.149,-0.064388,1.5959,0.2738
-1.0879,-5.0153,0.60535,0.94223,-10.265,0.0021232,3.4134,0.18054
-1.0519,-1.8928,5.7714,2.8104,-0.74888,-0.045225,7.286,-0.025066
-1.1511,-1.2598,3.1509,1.9207,3.625,0.18341,4.409,-0.10421
-1.2235,0.89871,5.0292,0.91287,2.6588,0.046327,0.9566,-0.17973
4.053,0.4886,0.68482,0.93342,0.20654,-0.087202,-3.0099,-0.15963
4.0277,0.47653,-0.024268,0.97094,2.9156,-0.41663,-4.4337,-0.17737
4.0048,4.0144,-0.97143,0.29853,5.9908,-0.11868,-3.3689,-0.078099
3.9922,-1.0031,-0.6124,-2.0874,-4.3565,-0.15253,0.41998,0.0091526
-1.0916,-0.71452,-2.4732,-1.0246,-6.4775,-0.080464,0.29323,0.1001
-1.1162,0.73839,-1.716,-0.096778,0.52749,-0.19082,-0.43302,0.080803
-1.1088,1.4154,-5.4434,0.58966,-1.8567,-0.10814,-0.30791,0.16917
-1.1687,2.4301,0.72326,-0.47395,-6.9647,-0.019279,4.2397,0.33582
-1.1359,-4.8695,-0.1103,0.5539,-6.2329,-0.0037039,3.6977,0.12885
-1.0746,-3.1381,5.7108,3.2437,3.4356,0.1555,0.13462,-0.0081029
-1.0724,1.4509,-1.6858,-0.8087,5.5622,0.42532,-3.9175,-0.086057
4.0172,1.4062,3.4731,-0.16351,3.3524,0.16542,-2.4035,-0.15717
4.019,0.87942,0.32931,-1.3199,2.0111,-0.20631,-1.7722,-0.1939
3.9898,0.61482,-0.59211,0.63008,5.0796,-0.22136,-4.9926,-0.15432
3.9634,1.6617,-1.5742,-1.847,4.5031,0.078787,0.11018,-0.10295
3.9479,-1.4091,-0.89842,-1.5937,-6.8218,-0.1083,-0.74102,0.037141
-1.2605,-0.88516,-5.5082,-0.60089,-3.9547,-0.12255,-0.39112,0.21693
-1.1702,-2.4678,-6.95,0.5854,-0.25137,-0.26456,-3.1407,0.14067
-1.1325,-0.21692,-4.6767,2.3281,-2.8406,-0.040181,-0.82682,0.26679
-0.90203,-3.2305,2.7568,0.44447,-8.0656,0.0069171,2.2533,0.25866
-0.94135,-2.2891,3.4374,-0.82552,-1.244,0.043721,8.2616,0.12714
-1.1452,-1.5435,1.8473,2.2588,4.5967,0.34677,1.1632,0.007668
-1.1135,-0.095376,2.0556,2.6458,4.3034,0.28558,6.6762,-0.12921
3.9769,1.6535,-1.178,1.8995,2.7532,0.065393,0.1332,-0.11959
3.9821,0.46575,-2.4992,-0.80215,2.7383,-0.18405,-3.1591,-0.20935
3.9546,0.3488,-1.0934,-0.026062,5.3814,-0.22633,-4.0931,-0.16124
3.9289,1.3583,-3.1386,-2.0298,-0.10331,-0.22548,-4.8665,-0.071381
3.8837,0.71257,-2.3371,-4.0302,-8.1878,-0.082267,-0.92395,-0.033122
-0.8478,-0.2738,-4.538,0.10963,-1.8927,-0.15396,-2.3874,0.13561
-1.1261,-2.0442,-5.012,1.1408,-1.1174,-0.28988,-1.3692,0.1876
-1.1831,4.359,-1.0848,-0.47855,-5.8697,-0.0047114,3.5809,0.30474
-1.1728,-6.6717,4.6495,0.72279,-8.2521,0.0070454,2.7192,0.15241
-1.3202,-2.2277,4.3836,2.6292,2.3988,0.097577,7.5341,0.13476
-1.144,0.6486,-0.40672,1.6614,6.4469,0.56962,-7.2734,0.012901
-1.1306,3.045,4.2317,0.64303,3.9938,0.25433,0.79251,-0.11154
3.9277,1.8331,-2.5565,-0.87202,2.4097,-0.01566,-2.4329,-0.14301
3.9522,1.1897,-2.0153,0.90247,1.8642,-0.44575,-1.2918,-0.15406
3.917,1.52,0.91088,-0.90581,5.9246,-0.090693,-3.2641,-0.12816
3.8968,0.21253,-4.0897,-2.9477,-6.6487,-0.093639,-0.57,-0.074253
-1.2595,-2.2403,-1.4769,-0.62033,-8.4694,-0.036934,-2.4614,0.060846
-1.2715,2.5429,-3.4298,-0.29131,-2.5787,-0.11261,0.48911,0.079124
-1.2875,0.3918,-3.1945,-0.74487,-3.4004,-0.21182,-0.38518,0.26502
-1.1422,0.96004,0.63995,-0.068267,-7.4395,0.011717,4.0181,0.51154
-1.1865,-5.13,5.095,-0.8736,-4.5757,-0.013869,4.3348,0.16409
-1.1933,-0.8382,4.0719,1.5804,3.5369,0.17177,4.1418,0.091926
-0.95275,-1.7716,3.5907,1.8689,6.1995,0.52492,3.6151,-0.021659
-1.2406,1.5749,-2.6638,1.6119,3.5179,0.18733,2.126,-0.12135
3.888,0.84331,-1.5157,1.8292,2.7606,-0.010115,-1.336,-0.13006
-1.1892,1.3673,-1.3389,0.68947,3.0795,-0.45448,-4.5808,-0.090779
-1.2149,1.3267,1.3201,-0.69342,3.9977,-0.25479,0.28292,-0.15912
3.9044,0.91822,-3.0081,-2.8496,-8.4392,-0.08484,0.073615,-0.068144
-1.2095,-2.988,-1.6694,0.66733,-7.5893,-0.1092,-6.5041,0.027674
-1.206,3.7272,-5.3999,-0.44135,-1.4856,-0.22679,-2.4722,0.01015
-0.97376,-0.70081,-4.005,0.58407,-3.5411,-0.26017,0.4644,0.40323
-1.1558,-1.6814,0.88074,1.1466,-8.328,0.006532,0.070943,0.28765
-1.1931,-4.4233,5.1963,0.6118,-0.52327,-0.042068,6.1612,0.18064
-1.1855,2.0856,3.8561,-2.1973,5.2397,0.40653,4.8959,0.058705
-1.3719,1.9349,3.1291,1.3098,6.5032,0.54862,-0.53836,-0.029545
-1.2841,3.2664,-1.8715,0.05134,3.9397,0.20169,-0.45749,-0.12955
-1.1497,1.9928,-0.61367,0.56508,2.975,-0.040534,-1.0792,-0.14259
-1.1424,0.82623,0.57767,-0.41026,4.0409,-0.32077,-3.5325,-0.13167
-0.88409,0.73543,-1.4506,-0.86707,0.81185,-0.28486,-0.22721,-0.14878
3.9417,-2.6227,-3.9379,-3.9256,-9.3599,-0.14147,1.0453,-0.086714
-1.3164,-0.27505,-2.1047,-0.91337,-6.155,-0.1549,-2.2769,0.079246
-1.1744,0.99243,-2.8316,-0.19389,-3.0668,-0.33664,-1.7058,0.13447
-1.2249,1.9312,0.30411,2.2859,-4.6466,-0.16818,-0.53671,0.45551
-1.2988,-3.0512,2.8582,2.2704,-9.0029,-0.050032,4.1708,0.32939
-1.1622,-4.7505,2.0935,1.3151,3.4017,0.20961,-1.6417,0.20814
-1.1315,1.4237,7.8516,0.29562,6.6315,0.57177,-3.7486,0.02541
-1.12,2.8721,1.2336,-1.0317,5.6811,0.45623,1.006,-0.03816
-0.8718,2.6326,1.4069,0.88515,2.7917,0.033967,-0.42885,-0.12875
-1.1718,2.6879,-0.53306,-0.4109,1.9416,-0.23637,1.6652,-0.1312
-1.123,0.26548,0.2056,1.1853,4.5458,-0.30057,-2.5216,-0.21553
3.9604,2.2624,-3.5581,-1.5695,-4.7969,-0.1804,1.106,-0.082869
3.9444,-2.0717,-1.1304,0.16834,-8.534,-0.097098,-5.1584,-0.087615
-1.1691,0.24753,-2.6029,0.38841,-2.8183,-0.14875,-2.0369,0.027941
-1.1449,2.8222,-5.3058,-0.62154,-1.3258,-0.33349,-2.8163,0.051695
-1.1318,2.1503,1.3622,1.5091,-5.0824,-0.12513,3.672,0.10762
-0.94204,-2.0592,2.9239,0.41958,-6.9589,-0.041541,0.24469,0.32177
-1.0395,0.02512,7.3002,-0.40166,4.8983,0.36468,6.3172,0.16908
-1.1349,2.8169,4.988,0.33683,6.4694,0.58629,-1.0047,0.038747
-1.1222,2.461,-2.3655,-1.3186,5.8985,0.54033,1.6996,-0.035313
-1.5083,0.5437,1.9619,0.99994,3.4251,0.098623,-3.1089,-0.13359
-1.1818,-0.12205,-0.99713,0.56239,3.3234,-0.052746,-3.9528,-0.14201
3.9483,0.59141,0.6914,-0.96391,4.5528,0.075565,-2.0559,-0.21957
3.9269,1.4762,-2.9021,-2.0552,-6.6587,-0.10693,-0.023471,-0.12712
3.914,-2.1489,-1.1462,-2.8506,-8.4115,-0.1308,-7.9324,-0.050962
-1.0256,2.9683,-2.5301,-1.5231,-0.58667,-0.26869,-0.54738,0.043785
-1.2485,2.9966,-1.4374,-1.5972,-2.0867,-0.35941,-0.022206,0.017501
-1.1835,-0.75747,0.97412,2.395,-5.045,-0.01772,0.29792,0.29997
-1.4268,-4.0181,0.25116,1.9641,-2.0562,-0.059895,3.4433,0.30858
-1.3289,-0.12195,4.576,1.3901,6.6459,0.54892,-4.3153,0.26541
-1.1444,3.6617,3.5817,-1.3879,6.3564,0.5933,1.4637,0.058461
-1.1402,3.4142,4.9593,-0.18476,3.6279,0.17108,0.89624,-0.04001
-1.1383,1.7904,0.095541,0.56039,2.4563,0.03688,1.6141,-0.073109
4.3733,1.8591,-1.5361,-0.34287,3.0345,-0.052599,-2.9458,-0.13072
3.924,1.6538,0.3002,0.03588,1.8467,-0.21325,1.1756,-0.19353
3.9044,0.16198,-0.04194,-1.4048,-8.8741,-0.11527,-1.3794,-0.14775
3.8846,-2.945,-2.0796,-1.9704,-8.7482,-0.1332,-2.0106,-0.049915
-1.4395,3.4593,-2.2811,0.85988,0.014661,-0.47415,0.87078,0.03938
-1.2696,1.0128,1.3905,-0.78592,-2.682,-0.19914,4.7308,0.047339
-1.1889,1.3563,2.2428,0.98776,-7.534,-0.036074,6.2006,0.32542
-1.1792,-2.1826,1.2377,0.54515,3.5303,0.17869,-1.5214,0.26424
-1.0286,0.92024,7.619,0.91795,6.94,0.6485,-2.497,0.20096
-1.0816,1.7284,1.7125,0.16144,6.2483,0.59731,3.1984,0.093435
-1.1695,0.28851,5.8465,0.92347,2.2683,-0.018541,0.42995,-0.047506
-1.1605,-0.90075,0.88035,2.5331,1.0215,-0.089101,0.61985,-0.13189
3.9042,0.17062,-0.35481,0.3868,3.2827,0.0074754,1.0138,-0.17837
3.8837,1.2282,-2.3328,-1.6173,-3.6495,-0.11197,-0.026547,-0.17187
3.8617,-0.10396,2.8834,0.22412,-9.0665,-0.03807,-7.0116,-0.16158
3.8499,-1.8306,2.939,-1.6067,-2.3223,-0.19643,-4.2892,-0.02587
-1.1488,4.0587,-1.334,-1.4078,1.2055,-0.58673,-2.3435,0.063669
-1.0705,-2.6893,3.2545,0.51026,-3.2708,-0.16378,0.89164,0.11772
-1.2916,-2.5726,-0.040308,0.18108,-4.6982,-0.065389,2.4118,0.34017
-1.2343,-2.7274,0.93499,-0.11591,5.7499,0.44021,0.45969,0.3364
-1.3466,2.1074,8.2302,1.5378,6.785,0.61986,-0.28183,0.1002
-1.3386,3.9922,3.1914,-1.5073,5.379,0.47097,4.9014,0.096282
-1.2177,1.137,4.5834,0.025096,0.45081,-0.054774,1.2465,-0.0060099
-1.189,0.41478,1.6541,-2.161,1.3519,-0.052862,1.7484,-0.12911
-1.1914,0.95574,2.4371,-0.062878,2.5331,-0.068142,-0.73844,-0.11358
-0.92793,0.52407,-0.35214,-1.2844,-7.0607,-0.12921,-0.10471,-0.19679
3.8826,0.936,0.095997,-3.6378,-9.5084,-0.042235,-3.6599,-0.15561
3.8874,0.0049874,-0.074677,0.040909,0.66755,-0.37199,-4.3514,-0.080727
-1.2336,2.9555,1.0496,1.0783,0.78833,-0.51483,-0.78629,-0.0036978
-1.4103,-2.1935,0.65525,-0.62535,-5.6584,-0.076799,0.73142,0.13004
-1.2213,-4.2908,-1.1469,0.57547,-1.8188,-0.11112,3.4001,0.38848
-1.1933,3.0367,2.7107,2.9536,6.1228,0.49417,1.9659,0.23257
-1.1869,1.4328,5.5177,2.3952,5.9494,0.5214,7.5261,0.14632
-0.9871,-0.41962,5.7873,-0.81763,3.9922,0.27565,4.9411,0.11242
-1.0784,2.0833,3.3123,-0.57427,-3.2711,-0.026614,-0.20856,-0.0067643
-1.191,-0.2147,2.603,-0.015471,2.4736,-0.029945,1.7771,-0.15277
-1.1756,0.92687,2.0301,-0.76312,1.1093,-0.081747,-1.223,-0.15019
-1.3716,-0.28222,0.94426,-1.3873,-9.8842,-0.06227,-0.96605,-0.19602
3.903,-0.40244,-0.46127,0.50406,-6.9623,-0.12208,-3.3462,-0.14955
-1.1662,0.20957,-2.8959,1.4341,2.393,-0.59944,-3.2991,-0.042906
-1.202,0.55241,2.0798,-0.41697,1.2071,-0.37084,-3.0979,0.051062
-1.2007,-1.4617,2.2909,-0.87092,-4.6902,-0.081388,-0.7011,0.11914
-0.9943,-2.6272,-1.4086,0.74149,2.2078,-0.061603,1.6763,0.42976
-1.2199,1.6861,1.052,0.11827,6.1669,0.5111,2.0899,0.22751
-1.181,4.3216,5.4682,2.0107,4.831,0.3466,8.5602,0.21162
-1.1781,-0.07444,4.734,-2.1768,2.8125,0.076508,3.2679,-0.0018968
-1.2665,-1.3556,1.4291,3.3172,-4.3911,-0.058747,-0.22921,-0.039134
-1.1729,0.5015,0.54976,-0.17372,2.9245,0.082631,6.1665,-0.10134
3.9096,0.34455,2.7647,0.22985,-2.8599,-0.028623,0.27049,-0.13425
3.8909,-0.15238,3.7973,-0.64664,-8.8969,-0.048203,-4.6042,-0.13909
3.8736,1.2176,2.1922,0.66063,-2.8163,-0.23476,-3.3608,-0.15783
-1.2279,1.8803,-1.7602,0.010972,2.7574,-0.65561,0.22759,-0.10246
-1.2366,0.37799,1.1778,-0.47485,-1.6576,-0.13269,-1.0836,0.043031
-1.2243,-4.5532,-3.6555,-0.76536,-4.5989,-0.08742,-0.31791,0.088494
-1.59,-1.7871,-1.4178,1.5495,4.4794,0.28795,0.77603,0.2125
-1.3081,0.69718,3.6567,-0.74235,6.2462,0.55935,4.8045,0.21895
-1.1965,2.0752,3.37,2.2212,3.7904,0.26237,6.5947,0.13033
-1.188,0.70978,5.5708,-1.8165,-0.18172,-0.010494,-0.69987,0.063548
-0.92304,1.5105,4.3294,-1.7093,-4.6148,-0.016667,-2.3393,-0.046094
-1.0856,1.8931,-0.22172,-1.8317,3.2287,0.11176,-2.9317,-0.103
3.8865,-0.18498,2.8052,-1.9765,-5.7892,-0.010513,-0.069979,-0.15442
3.8669,-0.50977,2.5771,-0.37385,-7.1525,-0.068476,-0.89299,-0.2077
3.8462,0.28192,1.7509,-0.84045,-0.1314,-0.36423,-5.7039,-0.1707
-1.3913,1.7364,-1.6017,1.8087,3.7379,-0.49815,-5.0181,-0.027865
-1.2802,-1.3713,-0.99263,1.3486,-2.6796,-0.14782,-3.0651,0.057244
-1.2359,-5.0791,-4.0568,-0.97198,-1.0771,-0.097367,-1.911,0.33114
-1.2227,1.8007,0.1122,0.50796,5.0459,0.34159,1.1065,0.10833
-0.95203,1.8618,3.2483,0.86483,5.9348,0.52189,-1.9044,0.22026
-1.2897,2.6882,3.7355,-1.7577,3.3168,0.13507,2.7861,0.082215
-1.2117,-0.14727,1.0368,0.20988,-4.9471,-0.019979,6.2391,0.077858
-1.2039,-0.19393,4.5621,0.20753,-3.9333,-0.055114,5.9149,-0.053371
-1.3874,2.5351,1.7497,-0.58534,2.2152,0.011352,-2.1409,-0.1011
3.8583,-0.68579,2.3193,-0.94996,-7.5775,-0.015204,-0.22127,-0.19767
3.8407,0.28345,-0.36355,-0.82097,-4.8809,-0.047876,-1.7398,-0.136
3.8233,2.013,-2.4616,1.4273,2.2539,-0.50311,1.511,-0.1056
-0.93615,1.9023,-3.8751,-1.3802,4.0015,-0.26345,-5.322,-0.076809
-1.1812,-0.27449,-2.1497,-0.40961,-6.0682,-0.15627,1.2737,-0.016329
-1.272,-3.4524,-2.9003,1.3347,2.3343,-0.097881,0.27337,0.12907
-1.2601,1.0349,0.9435,0.77736,5.8314,0.46768,-1.0385,0.22995
-1.5457,1.8866,2.4206,0.4941,5.0976,0.44834,6.9384,0.16178
-1.2986,2.2709,4.289,-0.10964,0.52856,0.027999,0.5208,0.076228
-1.2256,0.12872,-1.5909,-0.88746,-5.5412,0.026741,-0.019271,0.067807
-1.2129,-0.5071,-0.37945,0.56611,1.5629,0.010973,-0.49437,-0.047652
3.8457,1.2885,1.0229,-0.34954,0.3123,0.0068144,-0.22678,-0.095354
3.8194,0.33299,3.9037,-0.91514,-7.6129,-0.045392,-1.6993,-0.179
3.7977,1.5964,-0.26132,0.3671,-0.29139,-0.11554,-4.4857,-0.17331
3.7822,0.68872,-4.727,1.1684,3.6902,-0.32159,-3.547,-0.15666
-1.5354,-0.31976,-3.9636,1.2677,2.7214,-0.22893,-4.0107,-0.10266
-1.4914,-3.861,-4.0573,-0.24817,-5.4922,-0.11093,0.23391,-0.034948
-1.2568,-2.7338,-0.27543,0.96884,4.5915,0.24152,1.1346,0.28926
-1.281,1.6694,2.7667,-1.2822,5.5442,0.46056,-0.15991,0.34073
-1.2778,1.926,1.5197,1.2759,4.0157,0.277,2.9085,0.072212
-1.1129,-1.0781,-5.1668,2.5706,-3.4404,-0.010603,4.7125,0.1113
-1.2707,-2.2585,2.512,0.66726,-5.8308,-0.038185,-1.2847,0.091707
-1.2531,0.41715,0.33557,0.019508,2.6833,0.062268,2.726,-0.058288
3.8278,1.1895,1.2078,0.57345,-2.4095,-0.038089,0.78638,-0.079948
3.8014,-0.31762,1.5007,-0.33762,-6.6201,-0.01693,-2.2586,-0.20203
3.7789,2.7131,0.46794,0.71948,2.4664,-0.11927,-4.7613,-0.1709
3.7662,-1.8174,-4.6321,-0.72524,4.7389,-0.37167,-3.9208,-0.13858
-1.3257,1.4242,-0.56529,-1.1621,-0.28585,-0.17793,-2.301,-0.070968
-1.0787,-4.3235,-3.6965,-0.34478,-5.3827,-0.16382,-2.6185,0.0030195
-1.2472,0.07037,1.6658,0.96976,5.9535,0.42733,0.023627,0.2823
-1.3016,-0.73262,-0.86338,0.49248,4.1628,0.24608,6.4888,0.45575
-1.2919,1.68,0.71842,-0.92033,0.67443,0.015311,4.1135,0.22408
-1.5418,-1.5143,-4.0288,0.73852,-5.9768,-0.043826,0.23043,0.14829
-1.3647,-1.5699,1.9754,0.46795,-3.4681,0.013533,3.808,0.045708
-1.3477,1.0159,4.3631,-1.0377,3.0599,0.11448,0.83859,-0.069118
-1.2635,0.70242,6.7035,-0.85659,-3.4287,0.018321,-0.34871,-0.14048
-1.1844,0.36384,0.73421,0.14056,-2.6457,-0.056398,1.7549,-0.17158
3.8179,3.5483,-2.501,1.3219,3.5895,-0.27505,-2.3585,-0.15751
3.8075,-2.0338,-5.7377,-0.34884,5.1553,-0.39395,-5.6089,-0.14457
-1.2869,-0.83615,-3.9504,-0.97565,-3.2231,-0.18481,1.5049,0.02911
-1.2736,-2.9513,1.6769,-0.22667,-0.025126,-0.15494,-0.38132,-0.0015074
-1.3306,-0.88174,2.9326,0.0148,5.9475,0.46052,0.72204,0.2802
-1.256,0.13006,0.19109,1.6802,3.5495,0.14512,1.0482,0.40868
-1.2461,-0.63225,-3.2451,1.3372,-4.0321,-0.032628,4.0225,0.24075
-1.2306,-1.8027,2.4292,0.068387,-6.4767,0.034628,-1.3509,0.064156
-1.1683,-0.39081,3.326,0.15736,-1.6701,-0.05052,6.2568,0.10256
3.8399,0.035736,2.5963,-0.40808,2.4877,0.02384,1.8773,-0.058847
3.8093,-0.45061,3.793,-1.265,-4.0755,-0.00887,-0.60776,-0.16233
-1.2664,0.56535,-0.55142,0.21738,0.61432,-0.05369,-3.8377,-0.16542
3.7947,2.1683,-4.5092,1.9991,4.6862,-0.19803,-3.5419,-0.15058
3.8305,-0.67463,-2.8582,0.034281,4.8452,-0.019632,-7.2761,-0.12843
-1.2917,0.16764,1.2704,-1.0622,-4.6985,-0.12019,-1.5496,-0.026235
-1.2853,-3.5108,0.82622,-0.54293,2.9147,0.015087,4.2386,0.088591
-1.1451,1.6712,0.76313,-0.62849,4.998,0.28906,2.1223,0.22311
-1.194,2.5341,-1.6342,0.46419,-0.13557,-0.027025,7.6149,0.22184
-1.2672,0.41573,-1.9242,1.0295,-7.4147,0.028396,0.40461,0.26954
-1.2633,-3.9609,1.4708,-0.63898,-4.851,0.015991,5.4799,0.15513
-1.5318,0.81543,3.3179,1.5449,2.1001,-0.013555,1.6456,0.04729
3.8274,1.5788,2.4426,-1.5959,2.5234,-0.0036782,-0.11673,-0.058945
3.8116,1.5882,0.96351,-0.74132,-2.8441,0.0060571,-2.1933,-0.11555
-1.2626,0.56387,-1.4425,-0.96587,2.8454,-0.11296,-1.8539,-0.15712
3.8038,2.4588,-4.4561,0.9759,5.5508,-0.21995,-3.5409,-0.1598
-1.0758,0.62328,-4.2573,-2.2763,1.817,-0.1708,0.71749,-0.14021
-1.2971,-1.1822,0.054388,-0.25088,-4.907,-0.10832,-3.1071,-0.067049
-1.2921,-4.3767,0.76367,-1.2754,4.5826,0.20329,2.9957,0.17258
-1.2826,2.0214,-1.5436,-0.20578,3.4866,0.16693,2.1606,0.24467
-1.5066,-1.1727,-3.766,0.35331,-1.3366,-0.0061682,1.9807,0.19135
-1.3187,-1.0714,3.359,2.3599,-9.1279,0.031785,-0.62042,0.25163
-1.2514,-3.2067,1.8054,2.6376,0.31035,0.052661,6.1665,0.24961
-1.2507,-1.8007,1.9182,1.8521,3.9443,0.25624,-3.2972,0.0090066
3.8335,-0.11347,3.2688,-0.96734,2.3965,0.029179,-0.73711,-0.055367
3.8127,0.48291,0.64215,0.23816,-1.6165,-0.029772,1.3195,-0.12254
3.7884,1.6087,-1.0408,0.12369,3.1746,-0.1454,-2.4123,-0.21556
3.772,1.9662,-1.6154,-0.016466,6.0856,-0.026935,-7.4834,-0.16365
-1.4415,-1.61,-3.677,-0.079398,-1.9661,-0.15863,-1.7471,-0.15866
-1.4137,0.48702,-0.61256,-1.5068,-4.7384,-0.053407,-0.38337,-0.040789
-1.3099,-1.1935,0.68696,-1.7613,4.7354,0.21165,2.8701,0.25475
-1.3064,2.4259,-1.5661,2.8415,-0.1002,-0.0034985,1.8471,0.16655
-1.0338,-3.428,-1.6493,0.081695,-5.3671,-0.012663,1.202,0.1904
-1.1777,-1.0942,-0.03242,2.5369,-7.9862,0.034782,-3.0032,0.17638
-1.2942,-2.8558,3.9051,1.0268,2.0418,-0.0027284,2.3161,0.15046
-1.2729,1.4575,3.9567,1.3446,3.9639,0.21908,2.462,0.038407
3.8062,1.5903,4.5113,-0.35406,1.2533,-0.094377,1.402,-0.065589
-1.4162,1.2885,-0.12455,0.56032,-1.7692,-0.14869,-1.7192,-0.11176
-1.3095,0.77603,-4.6446,0.87881,3.9801,-0.30547,-3.9493,-0.22303
3.8027,0.57414,-0.87352,0.28161,5.0299,-0.11126,-5.2143,-0.1433
-1.2975,-0.25319,-1.4696,0.066338,-6.604,-0.065459,0.81877,-0.085059
-1.1283,-1.0626,-2.183,-0.18325,-2.2426,-0.034643,-2.4502,-0.024434
-1.2563,0.20057,-1.0965,-1.2524,4.0462,0.15941,3.5434,0.34694
-1.2825,-0.90057,-4.4701,1.1996,-3.987,-0.0056997,2.3188,0.30956
-1.2683,-3.9404,0.017791,1.3959,-7.9911,-0.012188,2.8935,0.11427
-1.5363,-0.82844,0.74834,1.2766,-8.6755,0.007193,9.9176,0.080487
-1.2676,-3.4587,2.2289,2.6911,3.6693,0.21641,0.94236,0.16998
-1.2397,2.17,0.36493,-1.4313,4.2892,0.25166,-0.32744,0.031446
-1.2236,2.0523,0.92866,-0.95803,2.1157,-0.046996,-2.7764,-0.06425
-0.99366,0.27298,-1.1818,-0.16456,0.56233,-0.24792,-3.0053,-0.16727
3.7902,2.1161,-3.2654,1.9338,5.5689,-0.16321,-4.1917,-0.22167
3.8354,-0.63601,-4.9182,-3.6444,2.3444,-0.20522,-1.6662,-0.23632
-1.2603,0.34776,0.40745,-2.732,-6.6519,-0.089846,-0.85888,-0.11397
-1.4229,-0.95551,0.14155,1.0844,0.70391,-0.077556,-1.7504,-0.064932
-1.2721,-0.084978,-2.8083,1.4719,3.4528,0.089825,0.63647,0.05408
-1.1929,0.84986,-3.9374,-0.82454,-4.3936,0.0071481,0.87472,0.36721
-1.2185,-4.851,1.8009,0.50646,-9.6776,0.033582,6.3226,0.091244
-1.0796,-0.38523,3.4195,3.4633,-1.8216,0.031073,6.826,0.081412
-1.1082,-2.1868,1.5864,2.0932,4.6361,0.32171,-1.3326,0.15769
-1.2117,0.96219,1.956,-0.027115,4.3856,0.24723,-1.8728,0.030327
3.8733,0.84233,0.31226,1.2028,1.7324,-0.068925,-3.3113,-0.078342
-1.2748,1.0417,-0.027325,-0.41011,3.0104,-0.33144,-3.8537,-0.1377
3.866,4.0239,-1.1095,-1.064,5.7864,-0.19787,-2.9509,-0.15549
3.858,-1.9285,-2.7056,-1.9362,-1.3056,-0.15793,-5.2576,-0.1909
-1.2339,-0.033217,-0.977,-1.3261,-6.8279,-0.13425,1.8211,-0.12071
-1.2313,0.66276,-0.8735,-0.55309,1.1998,-0.11433,0.083344,-0.069556
-0.98626,0.33697,-4.3419,2.0622,-0.24918,-0.10875,3.5044,0.19826
-1.1582,0.82459,-1.3935,0.68953,-5.9475,-0.0093898,3.319,0.33411
-1.2106,-4.8656,0.75878,-0.23967,-8.3563,0.0088936,5.4683,0.28648
-1.1959,-1.6927,6.5255,3.0648,1.0417,0.014657,9.0228,0.091853
-1.3833,-0.7804,-1.071,1.342,4.7862,0.32124,1.7168,0.14647
3.8953,1.1581,7.1417,1.9442,3.0002,0.11488,4.238,0.019618
3.8889,0.9939,0.90113,-0.6413,0.63512,-0.14433,-2.1987,-0.06958
3.8574,0.72922,0.34966,1.4897,3.6332,-0.53754,-3.1016,-0.13381
3.8343,2.4184,-0.078371,-0.19671,5.8951,-0.12116,-2.7915,-0.15228
3.8161,-1.3558,-1.7844,-2.609,-5.92,-0.15885,2.1059,-0.21369
-1.2739,-0.39779,-3.5422,-0.91157,-5.6953,-0.11525,-1.0616,-0.11745
-1.2624,1.2418,-2.194,0.57778,-0.33793,-0.11785,2.6176,-0.068461
-1.3881,0.40428,-5.0348,-1.672,-2.3932,-0.093363,-1.2058,0.19344
-1.3166,-0.12171,0.74139,-0.13594,-7.3979,-0.054691,4.8121,0.38418
-1.2474,-3.9466,-0.38586,0.18336,-5.5049,0.018436,4.3898,0.28069
-1.2245,-3.6848,4.7564,3.3741,4.1186,0.23682,-1.9787,0.19551
-1.2134,1.3241,-1.1421,-0.05334,5.6223,0.43301,-6.1595,0.13418
-1.0821,1.7312,2.1052,-0.36885,3.3253,0.14208,-1.8431,0.036727
3.8698,0.39772,-0.73375,0.11859,2.5903,-0.15685,-2.5542,-0.091655
3.8403,1.6132,1.0158,0.16877,5.1251,-0.35655,-4.8928,-0.17435
3.8118,3.0241,-2.9123,-1.6471,3.0951,-0.11498,0.84753,-0.084427
3.7993,-1.1341,-0.31053,-1.8205,-6.6894,-0.10617,-2.5812,-0.19273
-1.2749,-0.38212,-5.6466,-0.80667,-3.7903,-0.11745,-1.9636,-0.078585
-1.2715,-1.5859,-6.0642,-0.044489,0.91612,-0.22035,-3.8065,-0.0042332
-1.257,3.2578,-4.5235,0.50943,-3.5807,-0.037742,0.86501,0.043931
-1.1811,-5.2902,2.2073,0.13891,-7.9939,0.025566,0.55384,0.33202
-1.2298,-2.3836,4.152,1.6114,0.6282,-0.018586,6.6966,0.25852
-1.2456,-1.5834,1.4482,-0.076989,5.1075,0.3563,4.4541,0.26375
-1.2352,0.40203,4.0528,1.1424,4.4086,0.28989,7.6742,0.21289
3.8425,2.0131,-0.089973,1.6726,3.3331,0.12971,-0.45421,0.0051612
3.8602,1.3022,-2.2944,-1.1652,3.1747,-0.12306,-2.0846,-0.096985
-1.2446,1.6899,-0.011111,-0.70898,6.0353,-0.031543,-3.5732,-0.17708
3.8137,2.1563,-1.2072,-2.2488,-1.9744,-0.13195,-0.5633,-0.14043
3.7844,-0.79675,-1.1654,-3.1968,-8.5785,-0.12166,-0.59899,-0.14588
-1.203,0.33763,-1.6693,-0.63579,-1.2987,-0.10894,-1.693,-0.1406
-1.2714,-3.1141,-4.9256,1.3166,-1.3221,-0.28979,-1.0284,0.029864
-1.2685,4.1842,-0.26108,0.06461,-5.6375,0.01209,3.4019,0.20785
-1.3977,-7.0828,4.0818,0.74586,-7.9785,0.019726,3.7437,0.19439
-1.339,-2.1363,3.9169,3.1821,3.9511,0.2626,-2.9819,0.28714
-1.2184,-1.1291,0.33515,0.12908,6.9592,0.64155,-1.0638,0.2241
-1.2277,2.593,1.0813,0.67373,4.7117,0.3385,0.1731,0.098327
3.6351,2.3201,-2.1071,-1.0052,3.0983,0.041385,0.92978,-0.012995
3.8256,0.98694,-1.5969,0.94779,2.9261,-0.34585,-1.2521,-0.071966
-1.261,1.5248,-0.0031774,-0.85708,5.9596,0.014855,-1.9,-0.17418
3.7951,1.1359,-3.3753,-4.6753,-5.8622,-0.091168,-0.4443,-0.22476
-1.456,-3.1351,-2.7721,-3.0786,-7.8837,-0.043268,-4.1704,-0.15192
-1.4639,3.3094,-5.415,-1.2333,-0.91945,-0.17199,-2.9705,-0.10796
-1.3356,-0.505,-2.9809,1.6676,-1.4149,-0.21363,-3.737,0.075887
-1.2729,-3.8542,0.95555,3.24,-7.0424,-0.014517,2.4643,0.45305
-1.278,-4.8659,6.0905,-0.67527,-2.1972,-0.038172,8.6562,0.075741
-1.1503,-0.3172,3.1288,-0.72,4.8652,0.35959,5.642,0.25723
-1.194,0.67225,3.1857,-0.92521,6.299,0.53304,1.6598,0.28468
-1.2531,2.9685,-1.8104,1.491,3.5639,0.20592,0.29332,0.10928
4.2682,0.62718,0.29672,1.3131,3.3267,0.034737,-3.1511,-0.013993
-1.3982,0.95174,-0.41467,-0.74392,3.652,-0.33854,-3.6754,-0.073961
-1.3444,0.87446,-1.3846,0.309,2.5469,-0.22345,-0.86927,-0.16893
3.8161,0.4567,-2.1199,-2.9212,-9.3637,-0.13175,3.1929,-0.1956
-1.2829,-1.9235,-0.89334,-0.83321,-5.4695,-0.076908,-6.2477,-0.14379
-0.99513,1.3813,-2.1167,0.37882,-1.5381,-0.31787,-0.59328,-0.090535
-1.2416,2.8843,1.4684,0.19128,-4.5551,-0.22369,0.13184,0.042836
-1.172,-0.99927,2.7041,2.2928,-7.7698,0.008085,5.4379,0.14934
-1.2601,-6.5226,1.9,-0.3097,3.8692,0.25475,5.0902,0.24776
-1.4186,2.1144,4.6318,1.1382,6.8498,0.64009,-7.3589,0.11882
-1.4067,0.68346,1.7363,-0.74552,6.4766,0.58199,2.986,0.18811
3.7297,3.1644,-2.1035,0.22099,2.2934,0.0092209,0.50427,0.11244
-1.2217,2.5708,2.5901,0.54419,2.7541,-0.036003,6.202,-0.020345
-1.231,1.2522,3.1465,-0.12796,4.8243,-0.089615,-2.9283,-0.056876
-1.1315,1.5667,-2.1762,-3.4095,-1.9473,-0.16381,-2.0534,-0.18343
3.8364,-1.8366,-0.62502,1.223,-8.6315,-0.068604,-3.8027,-0.19606
-1.2655,-0.095478,-0.80952,-1.0211,-2.7436,-0.15715,1.4967,-0.1718
-1.2557,3.3146,0.73127,-0.032601,-1.484,-0.36578,-1.0388,-0.1159
-1.3939,0.87745,2.3992,1.6347,-4.7209,-0.15736,6.1861,0.21289
-1.2471,-2.2819,3.5458,0.96611,-6.3097,0.017005,2.6139,0.24484
-1.2235,-2.0381,4.8917,-0.18983,5.5884,0.48034,5.2015,0.1912
-1.2149,1.3316,4.7958,0.50713,6.7644,0.64362,2.8073,0.038967
-1.0762,2.6195,-0.89039,-0.51534,5.8485,0.46917,4.1115,0.21038
-1.1438,-0.34462,2.5988,1.0338,2.9596,0.088708,0.29647,0.11376
-1.1897,0.044605,-0.55628,0.030183,3.9765,0.10729,-3.0969,-0.022438
-1.2163,1.199,0.94313,-1.1217,4.6461,-0.058882,1.242,-0.075129
3.8484,2.0873,-2.2008,-2.8771,-5.7225,-0.05969,-2.7434,-0.16608
3.8305,-2.0223,-0.50376,-2.5578,-9.4203,-0.086477,-4.9761,-0.21826
-1.2162,1.3451,-2.3334,-1.9613,0.45226,-0.19691,0.8269,-0.18762
-1.2482,2.9917,0.75592,-0.97543,-0.2521,-0.32392,-1.6238,-0.064713
-1.0431,0.60799,2.8798,1.0526,-4.2723,-0.037794,-0.51666,-0.023241
-1.119,-2.786,0.26733,0.58002,-4.311,0.0039458,4.4762,0.21218
-1.1744,-0.96359,3.6066,-1.9325,6.6321,0.61515,-5.9067,0.11198
-1.2255,2.4359,7.527,2.8802,6.8785,0.67713,3.4199,0.12113
-1.4823,4.2984,2.9415,-1.7413,4.5334,0.34014,0.66273,0.053545
-1.4439,1.8611,1.6772,0.24635,2.322,0.00081402,0.33789,0.14622
-1.1867,2.2583,0.37662,-1.3405,2.9721,-0.012727,0.55509,-0.018982
-1.2849,0.00019018,0.55505,-0.72327,2.3578,-0.16354,3.2113,-0.095865
3.8415,1.882,-0.77955,-3.6664,-8.3091,-0.055281,0.86482,-0.082942
3.8252,-2.5092,-3.5425,-1.6924,-8.3881,-0.15283,-4.5034,-0.22198
-1.1784,2.6011,-0.51333,-0.27584,0.11316,-0.37856,0.72241,-0.21018
-1.2585,2.1145,2.0518,-0.20954,-3.3615,-0.30988,0.73477,-0.12641
-1.2518,0.24961,2.0111,-0.024463,-6.7764,-0.076812,4.8832,0.033101
-1.5021,-3.6642,0.96898,0.022617,1.434,-0.045815,4.4759,0.23301
-1.3238,-4.1926,4.6751,2.1753,7.0989,0.66407,-3.7927,0.30374
-1.2207,1.022,3.7282,0.96023,6.1616,0.58291,4.3439,0.10543
-1.2147,1.3865,4.7141,-0.38576,2.5787,0.044973,2.0199,0.15095
-0.97157,2.6016,0.81633,0.115,-0.024657,-0.046631,2.2291,0.11013
-1.213,1.7591,-1.0558,-0.12313,3.1487,-0.052214,0.98117,-0.011973
-1.21,1.0617,-1.1716,-0.69163,0.23313,-0.14637,-3.0035,-0.071746
3.8646,0.65457,1.458,-3.2348,-8.5849,-0.042908,-3.4171,-0.1259
3.8416,-3.1048,-0.13069,0.35825,-5.8905,-0.15195,-5.4847,-0.22432
-1.3862,2.4941,-2.7176,1.5247,1.519,-0.56305,-2.1907,-0.18521
-1.2426,0.2984,4.0044,-1.7038,-2.6614,-0.23015,0.80383,-0.086714
-1.2219,0.69813,1.7052,0.49935,-4.8578,-0.049217,-1.099,0.13043
-1.2118,-3.3366,1.0585,0.6408,3.6552,0.203,1.3957,0.19432
-1.152,0.29605,5.3654,0.96839,7.0668,0.66791,0.34647,0.22014
-1.131,1.192,1.4444,-0.71961,6.4108,0.60576,2.503,0.2315
-1.1971,-1.4743,5.6376,0.95984,2.798,0.10486,0.77321,0.27246
-1.1788,-0.82933,1.3677,2.3018,0.32566,-0.025555,-0.24896,0.009323
-1.2259,1.2735,0.47936,0.0058598,3.8048,0.10347,3.3877,0.014142
-1.1993,0.99988,-2.1812,-1.4561,-3.243,-0.098349,-2.0612,-0.082236
3.8914,0.47503,2.3376,-0.95294,-8.7306,-0.088344,-5.9649,-0.13064
3.867,-1.2176,1.9834,-0.64477,-2.2908,-0.21135,-2.6749,-0.15569
-0.96204,4.3954,-2.2806,-0.70404,1.4292,-0.57519,1.1677,-0.25623
-1.1337,-2.4098,3.8204,0.14761,-2.9409,-0.12954,0.087479,-0.11086
-1.1976,-1.6524,-0.16557,-0.34167,-4.3833,-0.068059,-0.26766,0.091536
-1.1937,-4.4117,-0.14457,-0.50599,6.0812,0.53849,-1.173,0.17633
-1.3292,0.85508,7.6759,1.7302,6.782,0.64011,-0.40711,0.25214
-1.182,3.2743,3.2447,-0.85762,5.4682,0.46303,4.6458,0.28422
-1.1547,1.9094,2.9635,-1.2058,0.27363,-0.084385,0.75698,0.2105
-1.1468,0.24833,0.86567,-2.1349,2.4126,-0.020813,-0.89716,0.069267
-0.92646,1.4513,1.2522,-0.56605,3.6165,0.12459,2.5281,-0.0081029
-1.103,0.84836,1.4501,-0.9765,-7.7361,-0.10314,0.97858,-0.10273
3.9248,1.5355,1.584,-4.3492,-8.5081,-0.070619,-6.3273,-0.20687
3.8414,1.6843,0.48754,0.051006,1.6026,-0.31185,-2.8732,-0.17878
-1.264,4.5498,-0.44883,-2.5442,1.2282,-0.42845,2.0507,-0.14897
-1.234,-2.2098,2.0714,0.27063,-4.0915,-0.1196,1.4972,-0.094697
-1.1129,-5.7025,-2.0513,0.89931,-1.5146,-0.11537,2.0068,0.18426
-1.1426,1.6675,1.9127,1.3694,6.491,0.61616,3.2738,0.11836
-1.1436,1.8174,6.7543,2.1532,6.0493,0.56878,3.8246,0.06036
-0.87021,-0.91801,4.5421,-1.6213,4.3458,0.32951,6.2147,0.31021
-1.0411,1.3407,3.8,0.16113,-2.9185,-0.085983,0.68235,0.17891
-1.1253,-0.11459,2.3221,0.42199,2.8867,0.097731,3.2108,0.1168
3.9409,2.2051,2.7038,-0.36111,0.88573,-0.065934,-0.52885,-0.039961
3.9128,0.40144,1.9061,-1.6341,-9.0178,-0.03522,-1.0546,-0.097009
3.8878,-0.4866,0.16463,0.046697,-5.0186,-0.15595,-4.4722,-0.19154
-1.1617,0.73428,-0.55947,2.499,3.6656,-0.2395,-5.1983,-0.26533
-1.213,0.42885,2.878,0.40279,1.7149,-0.33877,0.022586,-0.14313
-0.97237,-3.336,-0.19431,-0.51219,-3.4754,-0.14128,-0.74389,-0.0072511
-1.0836,-3.4354,-0.76847,2.4376,3.2961,0.089401,3.2615,0.095284
-1.1902,-0.080059,1.8505,0.85454,6.8629,0.67542,2.8741,0.12914
-1.1841,3.2096,6.2295,1.1486,5.4639,0.44378,7.9509,0.18397
-1.3672,-0.084914,3.6388,-2.3914,3.662,0.17004,2.3772,0.2519
-1.3407,-0.87496,1.0841,1.8245,-2.4984,-0.024387,1.2291,0.17521
-1.1464,1.3974,-0.9387,-0.15087,3.7744,0.18102,1.6374,0.045611
3.9143,0.55287,3.2129,0.7563,-3.002,-0.077236,1.8164,-0.019055
3.8879,-0.087714,3.4206,-1.2539,-8.1748,-0.10841,-6.4319,-0.088929
3.8614,0.82953,3.592,2.7828,-2.0089,-0.29222,-3.7527,-0.19037
-1.1996,2.5087,-0.78742,-0.14588,3.1355,-0.6246,-1.2429,-0.20969
-1.2337,0.0337,1.2123,-0.29799,-1.3196,-0.18829,-1.0272,-0.16652
-1.2336,-5.4354,-4.7712,0.26955,-3.6941,-0.17053,0.95256,-0.036286
-1.3402,-1.3507,-2.0228,3.1155,4.9918,0.36811,1.6356,0.00925
-1.2449,-1.4913,3.2809,-0.5495,6.2696,0.57236,8.1132,0.091926
-1.1926,0.58276,2.9755,1.4367,3.5665,0.21822,5.0114,0.127
-1.1756,-0.059123,4.974,-1.1026,-3.1057,-0.041862,0.94305,0.063742
-1.0616,0.48954,4.9791,-1.1305,-3.3589,-0.038897,-1.4905,0.21357
-1.1169,2.1317,0.11759,-0.48323,3.618,0.17415,0.73036,0.059848
3.893,0.58279,2.8856,-0.96799,-5.7211,-0.10654,1.311,-0.0090034
3.8642,1.0784,2.2256,-2.0493,-7.416,-0.023585,-0.25515,-0.079389
3.8345,1.5473,2.3538,1.0921,-0.012872,-0.42595,-5.6058,-0.27003
-1.2513,1.8166,-0.003126,0.72788,3.7123,-0.48261,-3.8627,-0.18988
-1.2425,-0.27168,0.042671,-0.17584,-3.4521,-0.11337,-2.6269,-0.16834
-1.2318,-5.9144,-4.7145,1.2777,-1.024,-0.19774,-2.9883,0.016624
-0.99303,1.325,0.16139,0.0076004,5.2632,0.37288,2.0941,0.065008
-1.0939,0.57796,2.2446,0.85837,5.5479,0.49227,-4.5109,0.082264
-1.238,2.9564,2.2217,-2.1581,3.2688,0.14523,2.1546,0.057877
-1.2162,-1.2786,-0.52348,1.5076,-5.0518,-0.043929,6.2459,0.23272
-1.3252,-1.5843,1.8706,-0.093117,-2.9878,-0.0084978,4.6919,0.18056
-1.26,2.8285,1.36,0.48724,1.9989,-0.025825,-1.4081,0.043372
3.8572,-0.43175,1.7963,-1.6644,-7.0822,-0.066679,-0.98347,-0.0050607
3.8778,0.48477,0.14497,-0.9404,-3.1061,-0.098323,-1.1546,-0.078731
3.8337,2.7854,-1.7738,-0.1938,2.8971,-0.39228,2.0601,-0.15123
-1.1393,2.8082,-1.9027,-2.106,3.9182,-0.29514,-2.8264,-0.23474
-1.195,-0.86447,-3.3855,-0.95967,-5.4996,-0.13562,1.6875,-0.13568
-1.2457,-5.4663,-3.1558,2.4258,2.7702,-0.016584,0.62614,-0.0808
-1.2126,-0.36967,0.099838,0.22552,5.7515,0.492,0.14757,0.013874
-1.4242,2.451,1.6576,1.6056,4.7589,0.39677,8.2358,0.099276
-1.2045,1.7024,1.2013,0.034403,-0.5684,-0.014248,4.6424,0.060311
-1.2013,-0.17783,-0.3368,-0.80433,-6.1451,0.0083032,-0.50647,0.22471
-1.1993,0.20334,-1.5293,-0.49517,1.0448,-0.037627,2.3405,0.11824
3.8761,0.63304,1.3047,-0.081813,-0.31591,-0.066846,0.17472,0.047923
3.8439,0.74478,3.144,-0.66043,-7.7925,-0.041862,-2.9169,0.00031798
3.8217,2.6072,1.0321,0.16203,0.42389,-0.16795,-2.6829,-0.069605
3.7994,1.0636,-4.2872,0.74862,3.3873,-0.36279,-4.4455,-0.15228
-1.5513,-0.63261,-3.8232,2.2946,2.7097,-0.18769,-5.0131,-0.22325
-1.3148,-4.5509,-4.7649,-0.24709,-5.3938,-0.16495,0.7803,-0.16681
-1.26,-4.029,-0.59765,1.5332,4.9316,0.31468,-1.1278,-0.031273
-1.2593,1.671,3.2889,-1.5983,4.9864,0.42549,1.031,0.034075
-0.81388,0.74799,0.89033,0.91754,3.6517,0.23168,5.6296,0.28052
-1.116,-0.1847,-4.9353,2.1078,-4.3754,-0.0056291,4.1249,0.13048
-1.2552,-2.4689,2.7011,1.4008,-6.5523,-0.054441,0.21845,0.28585
-1.2371,0.001937,1.0614,0.55915,2.6541,0.098244,2.2305,0.18516
-1.2951,0.97591,1.1036,0.31122,-2.1273,-0.070959,0.42256,0.083627
-1.321,0.23695,2.1621,-0.67387,-6.2775,-0.068899,0.17279,0.0048448
3.8597,2.6415,0.44015,0.51084,2.7318,-0.04287,-6.3099,-0.080849
3.8356,-1.7164,-6.0719,0.093975,4.8796,-0.19724,-4.3516,-0.16885
-1.2409,2.0874,-0.29988,-1.0066,-0.45914,-0.19315,-2.1583,-0.14919
-1.1041,-4.4737,-2.7313,0.74104,-5.2355,-0.10331,-2.0014,-0.1828
-1.1949,-1.5026,2.1592,1.7915,5.6963,0.40352,0.61771,-0.044439
-1.2279,-0.35795,1.1152,1.4491,5.1343,0.4413,7.2529,0.18714
