tachometer_signal,underhang_bearing_axial,underhang_bearing_radial,underhang_bearing_tangential,overhang_bearing_axial,overhang_bearing_radial,overhang_bearing_tangential,microphone
-1.3541,1.1606,7.9293,-1.078,-0.94384,0.0095033,5.6125,-0.12999
-1.2875,-2.8614,4.0636,2.2811,4.5948,0.34579,-2.2671,-0.1967
3.6801,1.2368,0.55562,0.46768,2.9688,0.09587,5.9918,-0.088686
3.735,1.3983,-0.53079,0.31979,-7.0634,-0.15102,0.1993,-0.021002
3.7096,1.0446,-3.0134,-0.033699,-8.1878,-0.26215,-5.9377,0.070143
3.6944,4.2253,-1.8534,-1.7339,1.0174,-1.0377,-0.40395,0.040329
3.6775,0.4557,-0.9144,-0.60081,4.7945,-0.58019,0.31738,0.2711
-1.4081,1.4783,-4.0208,-3.5156,-3.4793,-0.11254,0.35015,0.32883
-1.4041,-1.9899,-3.967,-0.46851,-1.6738,-0.067404,-2.1528,0.078929
-1.2952,-1.2884,0.57292,0.80171,6.0394,0.39805,-0.44997,-0.00099627
-1.3141,2.3174,0.051523,0.15733,5.2193,0.36294,5.376,-0.12103
-1.3359,-0.17847,-1.9272,1.1546,0.43305,-0.012156,3.2877,-0.19774
-1.3745,-1.9526,2.8325,-0.34133,-2.0047,0.041142,-0.58783,-0.26294
-1.2546,-1.7141,-1.0248,-0.38187,-1.574,-0.047356,-2.208,-0.1745
-1.4654,0.56188,-0.3602,-1.8327,4.2009,0.25692,1.8546,-0.12748
3.7102,1.6748,-0.80824,-1.0247,5.3697,0.41532,-0.77651,-0.049088
3.7036,-0.15714,-2.5961,-0.79619,-6.5352,-0.022725,0.36993,0.13963
3.6749,0.12334,-1.0849,-2.4501,-9.3986,-0.077512,-1.0,0.14858
-1.2413,1.1455,-3.3162,-1.5327,0.11485,-0.35305,-1.6678,0.23966
-1.4194,3.7113,-0.76513,-1.1904,-0.61114,-0.20326,-4.8164,0.098181
-1.4225,-1.7069,-0.17297,1.4472,-5.218,-0.019099,2.7554,0.11033
-1.4094,0.52826,1.8078,1.4295,-3.109,0.026478,4.9001,-0.033025
-1.6958,-1.0306,0.66358,0.14276,5.0411,0.41855,0.67853,-0.12025
-1.412,-0.22749,-2.0558,1.7282,6.5187,0.62527,-0.13186,-0.17107
-1.3573,0.56904,2.4404,-3.3608,4.4704,0.29402,4.9082,-0.20139
-1.3617,-0.15678,-0.12983,1.236,-0.70993,-0.044006,-3.8461,-0.13624
3.6911,-2.1732,-1.5191,-1.4554,-0.71698,-0.17679,-5.3749,-0.075032
-1.3048,0.28991,0.81166,1.5203,5.3883,-0.17323,-3.9507,0.024948
3.683,1.3452,-3.8159,-2.8867,5.3799,0.15956,1.094,0.099787
3.6808,-0.11145,-0.97687,-1.3803,-4.8415,-0.081189,1.524,0.21391
-1.5997,-0.26473,-4.646,0.11179,-3.8157,-0.086631,1.1169,0.19475
-1.6191,1.5801,-2.8659,-1.5507,2.6889,-0.26649,-0.83771,0.18008
-1.464,0.61728,-7.7425,1.1709,1.6303,-0.18216,-1.7061,0.15795
-1.4009,-1.3758,-0.52487,-1.1308,-6.2964,0.020291,1.7838,-0.036554
-1.3733,-0.56726,2.44,0.041462,-7.2191,-0.040264,5.6985,-0.11001
-1.2663,-2.6224,-1.4585,-0.78953,1.2663,-0.034681,5.0861,-0.20692
-1.3453,-0.19034,5.2663,1.6436,2.4805,0.078408,6.385,-0.18699
3.7035,2.1148,0.077078,0.66087,3.8975,0.20822,2.5866,-0.14376
3.7455,0.80697,-1.8106,-0.3273,-6.1853,-0.078808,-3.3643,-0.080046
3.6993,1.6274,-2.0808,0.047686,-9.1072,-0.17915,-5.4503,0.035365
3.6782,1.5629,-1.513,0.17832,1.8965,-0.88458,-3.6925,0.17151
-1.4308,1.7105,0.82117,-0.24282,3.5853,-0.34311,-3.017,0.23523
-1.4152,0.95881,-0.075544,-0.90205,-5.4458,-0.11416,-1.1014,0.0087632
-1.1095,-3.9599,-3.675,-0.17628,2.0898,-0.055968,-2.2724,0.23316
-1.3806,0.73038,-0.39754,2.0993,5.6671,0.40798,0.43447,0.13948
-1.3976,-1.7281,2.2083,1.101,6.7425,0.62141,9.3777,-0.028498
-1.3934,1.459,7.1616,2.5935,3.698,0.20052,2.0552,-0.11417
-1.4345,-4.8247,8.1154,1.0862,0.17058,-0.024458,-3.5956,-0.21142
-1.401,-0.021959,8.3785,1.9659,1.315,0.008868,-0.090092,-0.18567
-1.3353,0.26304,3.7465,-0.38783,6.0033,0.4922,-2.807,-0.14817
3.7099,-0.19907,-0.35654,-1.0579,4.4883,0.30149,4.3946,-0.035045
3.6864,1.3594,-1.3592,-0.48522,-8.4689,-0.07479,2.2499,0.045854
3.6371,-1.8299,-0.22538,-1.4331,-6.348,-0.1294,-4.5898,0.12748
-1.4382,2.4937,-2.7724,0.05714,0.067697,-0.21645,-4.1131,0.27787
-1.4278,-0.36758,-2.4477,0.88833,-3.6461,-0.27725,-3.3421,0.25674
-1.424,1.646,3.4189,1.7977,-8.2163,-0.0016439,4.6018,0.2692
-1.4162,-2.6904,5.1609,2.0883,-2.0539,-0.01985,5.0814,0.079586
-1.3538,-0.84188,4.7491,-0.61971,3.0724,0.13871,6.9944,-0.039937
-1.374,-1.0738,3.7365,0.40439,5.9747,0.52578,0.76798,-0.15768
3.6908,0.89931,2.2352,0.29867,3.6605,0.22564,-1.2725,-0.13011
3.7179,0.4105,-1.0039,1.4239,-4.4977,-0.067109,-4.7552,-0.17238
-1.3091,-1.0015,-1.4619,0.12515,-3.7052,-0.26113,-6.296,-0.18207
3.6909,0.95058,-2.7972,2.0384,4.6635,-0.40583,-5.3136,-0.081506
3.6701,0.58263,-3.1947,-2.2116,5.8522,0.085146,-6.6059,0.021419
-1.6516,-0.7167,-7.3931,-2.9667,-2.421,-0.16581,-2.6029,0.18614
-1.452,1.8454,-1.8511,-1.671,-2.7018,-0.13702,-0.03392,0.066444
-1.4045,-2.3022,-1.5142,2.0305,5.8878,0.34812,1.5866,0.31683
-1.3966,0.14604,-2.1896,0.81357,3.3311,0.15077,1.3553,0.11787
-1.0251,-1.2492,1.3135,1.112,-1.9171,-0.017803,3.8864,0.081996
-1.3699,-1.6742,-0.58243,0.89751,-5.4298,0.019534,2.8691,-0.056852
-1.3767,0.30608,1.0027,-0.93086,-1.8404,-0.034668,5.3298,-0.19129
-1.3755,1.0568,-1.5761,-0.10622,5.1218,0.40146,2.949,-0.16199
3.704,1.1,-0.96217,-1.6674,4.9263,0.39816,1.1615,-0.17226
3.7106,-1.551,-1.0481,-1.3704,-6.639,-0.0088828,-2.0369,-0.085424
3.6911,0.097554,-1.7061,0.83563,-7.3255,-0.16277,-2.8221,0.012024
-1.4515,-0.83893,-1.7661,0.49434,2.2168,-0.32244,-5.6422,0.15206
-1.1388,2.7324,-0.76108,-0.38913,0.83195,-0.27697,0.64507,0.12751
-1.2435,-3.2647,1.7608,0.55994,-2.4869,-0.094871,0.61552,0.31043
-1.3517,0.36838,-1.8267,-2.4798,0.49819,0.0015649,2.0597,0.27159
-1.4001,-3.3503,-1.3783,1.259,6.4775,0.59955,-0.13706,0.16708
-1.5359,3.3519,1.2969,-0.62841,7.5027,0.70343,-3.8114,0.0025571
-1.6554,-0.43563,3.1468,0.46332,5.6185,0.44309,2.3061,-0.077101
-1.4121,1.1294,1.2981,-1.498,0.99575,-0.02424,0.57485,-0.18424
-1.3649,-2.6188,5.5154,-0.055941,3.1047,0.076662,2.5846,-0.13653
-1.3573,-0.40107,3.8879,0.25355,5.7575,0.15729,-1.3885,-0.10229
3.7038,1.6949,-0.31739,-1.3597,4.4859,0.18661,3.9986,-0.13989
3.6876,-1.8836,-3.371,-1.5123,-6.3665,-0.032557,2.0023,0.0048205
-1.4178,-2.42,-4.4957,1.0686,-5.9632,-0.1039,-0.9263,0.080317
-1.4056,2.9535,-5.3002,1.3298,0.080169,-0.31123,-2.4468,0.032201
-1.605,0.54534,-4.5046,1.7154,-1.969,-0.21853,-3.4568,0.34214
-1.4017,-1.383,-0.29776,-0.21105,-6.3359,-0.004782,2.7421,0.41129
-1.3706,-1.1607,8.3815,0.88277,-5.1128,0.018045,10.15,0.16143
-1.3534,0.71625,3.0885,-0.84709,1.1007,-0.0027926,2.2477,0.00046401
-1.2808,0.90623,4.145,2.7637,3.602,0.16627,3.4319,-0.08007
3.7262,2.0111,-2.9495,-2.2797,3.3211,0.16781,5.1045,-0.15919
3.724,1.4869,1.9854,0.26174,-6.4389,-0.0955,0.41805,-0.16464
3.7003,0.6501,-1.2991,-0.47914,-6.4934,-0.28525,-5.4608,-0.1966
3.6826,2.7966,-1.4128,-1.0807,2.2299,-1.0361,-3.0971,-0.099832
-1.4337,1.016,-2.2295,0.89182,4.6733,-0.28135,-2.8365,-0.00674
-1.3537,-1.674,-6.5584,-1.002,-3.8498,-0.082299,1.7111,0.1169
-1.3994,-7.1825,-4.3731,0.29597,2.0178,-0.085328,-2.5714,0.49817
-1.2685,2.5577,-1.1733,-0.51059,6.2546,0.49285,-0.80266,0.24708
-1.25,-0.5559,-2.0302,0.77885,6.6196,0.61744,14.033,0.13921
-1.3712,2.9542,-0.26463,0.42317,2.3212,-0.00033471,3.0118,0.075571
-1.3787,-2.7659,3.1979,2.1141,-0.066897,-0.0086967,0.7128,0.043858
-1.4661,0.090124,2.0179,0.19032,0.010904,-0.036382,1.8958,-0.051546
-1.5845,2.1371,0.58113,-1.7599,5.5955,0.43257,1.5087,-0.10733
3.6926,1.9929,1.6487,-0.8045,5.7938,0.47873,0.22825,-0.20088
3.6744,0.1551,-0.37802,-1.0428,-6.0742,0.0041383,4.2855,-0.14388
3.6582,-1.5985,-2.1942,-1.9966,-7.1428,-0.075695,-4.9768,-0.11388
-1.1582,0.17052,-4.4843,-1.2641,1.8683,-0.32295,-2.8198,0.0061834
-1.3333,-0.9266,-4.9808,2.3064,-2.5004,-0.29778,0.43038,0.090758
-1.4203,1.1818,1.1073,0.86742,-6.4041,-0.052875,4.0326,0.30157
-1.411,-0.53183,1.2983,1.0225,-0.71987,0.038677,3.9024,0.18047
-1.638,0.15671,0.68807,-1.7423,4.0813,0.32346,2.5676,0.25974
-1.4209,0.3664,3.8619,1.2166,6.6056,0.66416,2.6831,0.17382
3.7313,1.996,3.1431,-0.85979,5.1345,0.39186,-1.1799,0.013168
3.6386,0.56475,-2.7386,0.5148,-0.51176,-0.042517,-3.1826,-0.071357
3.8178,-1.357,-2.0411,0.75069,-2.0401,-0.3169,-6.216,-0.12714
3.6816,-0.51354,-0.93838,1.7513,4.0083,-0.48212,-5.3943,-0.20882
3.6649,-0.32365,-2.3492,-2.2227,5.9165,0.044639,-5.7695,-0.1799
-1.4488,-0.11548,-2.8404,-3.3865,-3.4302,-0.1311,-1.4943,-0.12113
-1.6853,-0.074838,-6.3391,0.89841,-3.5798,-0.14628,-0.25488,0.018012
-1.6088,-1.1724,-0.027936,-0.37283,5.4969,0.31605,-1.1841,0.10879
-1.4244,-0.078698,-4.4999,-1.1091,1.8771,-0.11527,2.1072,0.36492
-1.3956,-3.6367,0.032277,0.32528,-5.2806,-0.047773,1.4732,0.21972
-1.3934,-2.2111,-4.4054,0.46183,-6.3889,-0.033962,-3.6296,0.055078
-1.1688,-1.9198,2.2725,0.96173,-0.17428,0.011589,5.9269,0.1573
-1.3769,3.7734,4.5711,-0.66961,3.5453,0.19722,2.3928,0.025216
-1.4434,0.59692,-0.094424,-1.3403,3.6382,0.17616,1.3963,-0.091923
3.6903,0.02986,0.62117,0.19828,-5.589,-0.10404,-5.3204,-0.080678
3.6618,0.9347,-1.9952,0.87494,-7.266,-0.18192,-8.2719,-0.14642
3.6541,-1.7551,-3.6403,2.798,1.7354,-0.74635,-5.6582,-0.20288
-1.4297,0.99368,1.5895,-0.92314,2.6197,-0.27331,-1.8644,-0.11222
-1.4184,-0.050312,3.5757,0.17521,-5.6572,-0.075541,1.5888,-0.035483
-1.3128,-4.6954,-1.3682,1.432,1.7627,-0.028437,1.8089,0.3235
-1.3118,-0.71247,-1.1436,0.72429,6.3055,0.54406,-2.4514,0.16903
-1.4068,-0.28494,3.8857,-0.064439,7.4757,0.72204,0.97336,0.2822
-1.397,-1.5875,0.55621,0.58376,5.3524,0.47982,-1.3601,0.23983
-1.5843,-2.0545,6.2381,1.4157,1.7195,-0.092881,1.2532,0.12096
-1.4264,0.51132,7.5596,2.6016,3.0113,0.109,3.0322,0.0061347
-1.381,1.4865,3.476,-1.5499,5.1855,0.31046,-0.69941,-0.06812
3.6819,-0.072057,-1.6601,-1.1122,4.3089,0.2588,2.9252,-0.13687
3.6599,1.073,0.29151,-0.70339,-6.8887,-0.10059,-1.4468,-0.26932
-1.2641,-0.42126,1.1058,-1.2635,-3.8266,-0.12123,-5.4553,-0.21665
-1.4366,0.62962,-3.8669,0.20531,1.0483,-0.2517,-3.8108,-0.081141
-1.423,-0.69784,-2.7245,1.3458,-2.5796,-0.16657,-0.89388,0.022125
-1.4591,0.57224,2.4975,1.648,-7.7622,0.0066604,3.4092,0.20551
-1.4979,-3.498,6.9431,2.7153,-0.51684,0.014701,6.9274,0.1894
-1.3268,1.3706,6.7006,-1.3866,1.8945,0.0024505,7.8352,0.13179
1.777,0.39336,2.3772,0.32472,5.9272,0.5366,-2.0676,0.21666
3.6991,1.041,-5.0078,0.97661,4.3755,0.33406,-4.7549,0.039088
3.7092,0.62377,-3.7337,-1.8763,-5.5665,-0.1825,-6.0549,0.012
3.6679,-0.43574,-1.1683,0.65995,-4.2161,-0.38425,-6.9684,-0.06812
3.651,2.1941,-1.4959,1.0033,4.3256,-0.49297,-4.4646,-0.13264
3.6266,0.66202,-2.3397,-1.0292,5.3915,-0.044513,-3.7159,-0.11229
-1.5826,-1.1748,-4.6095,-0.64179,-4.2198,-0.15278,-0.41385,-0.16474
-1.4934,-4.6298,-5.4999,1.9301,1.4923,-0.12893,2.431,-0.062401
-1.4051,-2.2566,-0.75046,-0.14999,6.4518,0.50722,3.8314,0.22447
-1.404,-1.5206,-3.1425,0.03028,4.6256,0.37269,4.9992,0.040841
-1.0983,0.036975,0.67334,-0.015111,-0.83564,-0.031986,2.3332,0.23304
-1.2291,-0.65525,1.7552,1.3542,-2.9787,-0.015255,2.4815,0.26553
-1.3975,0.75482,-0.81267,-1.9928,0.80535,-0.033154,5.959,0.20118
3.6658,2.2668,-3.8414,-1.9686,5.9973,0.5869,2.9354,0.022003
-1.4546,1.6752,2.1941,-0.18586,4.3998,0.35093,3.5304,0.0067188
3.6924,0.57442,0.74634,-2.3098,-6.2923,-0.018252,-0.36538,-0.10867
3.6673,-0.027007,-1.018,0.062221,-7.2987,-0.12197,-3.2273,-0.17723
-1.4202,0.94381,-3.7828,0.35805,2.2576,-0.25801,-1.6441,-0.19692
-1.0512,2.7917,0.55005,-0.5361,-1.5855,-0.18114,1.3684,-0.14167
-1.2418,-3.9382,1.1608,2.7678,-2.711,-0.032069,1.6401,-0.090535
-1.4003,-0.3566,-0.3057,-0.52864,0.082667,0.012879,4.9277,0.12632
-1.3929,-3.2241,-0.47628,3.3147,6.0081,0.55163,-1.5853,0.13084
-1.5427,1.3597,-6.1149,0.011987,6.977,0.69304,-4.6164,0.093994
-1.6475,0.63977,1.5049,-0.19845,4.496,0.32831,-0.31276,0.28293
-1.5057,1.8982,1.0072,0.86345,-0.25423,-0.09299,-3.6064,0.21013
3.6826,-1.1514,-1.1515,-2.9616,2.2369,-0.070054,-1.7109,0.098692
-1.4349,1.258,1.3729,1.8489,5.1759,-0.14884,-3.8369,-0.025383
3.6819,2.5819,-4.2405,-2.5463,4.6882,0.12323,7.7966,-0.081944
-1.3281,0.20311,1.378,-1.5075,-5.9173,-0.15809,4.2319,-0.24063
-1.4178,-0.35827,-1.0679,0.1986,-1.5706,-0.15668,0.47903,-0.24065
-1.4118,-0.076951,-2.6474,-0.72611,1.7993,-0.34198,2.7384,-0.12505
-1.5463,0.18301,-5.9763,2.2311,0.12634,-0.12212,-1.657,-0.12556
-1.4197,-2.9993,-1.2738,0.11661,-5.6892,-0.07239,2.8046,-0.024288
-1.3699,-0.12798,0.98636,-0.5898,-6.7268,-0.041509,6.7395,0.077761
-1.353,-2.2929,-1.9322,-2.6982,1.8983,-0.033083,3.7744,0.16737
-0.96342,1.3533,2.9899,1.9302,2.6604,0.078639,4.6387,0.19763
3.7292,3.1908,0.24484,-1.0044,3.4527,0.22072,1.969,0.075546
3.7123,-0.032504,-2.3189,-0.67386,-7.2025,-0.088055,-3.3788,0.1059
3.679,2.7261,-0.85349,-0.21388,-7.966,-0.23369,0.65354,-0.0017021
3.6491,2.1813,-1.336,-0.35524,1.763,-0.92899,-0.85717,-0.10219
-1.4502,3.4089,-0.53366,-0.52852,2.888,-0.20829,-0.87361,-0.19205
-1.3584,1.1905,3.0168,-2.226,-3.5592,-0.10808,-0.49381,-0.17728
-1.4049,-4.6633,-2.3252,-0.95113,2.8602,0.092623,-0.095428,-0.12821
-1.2537,-0.039151,-0.018794,1.6334,5.6585,0.47133,-0.12594,0.009177
-1.1709,-2.265,2.7404,1.7779,6.5346,0.67884,9.9633,0.0077167
-1.4064,0.4224,4.6581,1.6692,3.6685,0.20701,5.8708,0.2012
-1.3839,-3.8536,6.8811,-0.3259,0.041082,-0.072089,0.48082,0.22987
-1.564,0.90506,5.602,0.3636,2.6528,0.1106,-0.54738,0.076179
-1.4196,2.8645,2.2375,-0.51096,5.6696,0.44541,-2.919,0.092583
3.6999,1.4555,-0.15411,-1.3587,4.2916,0.31543,0.97786,0.14374
3.6688,0.60227,-2.3628,-0.6048,-7.4724,-0.11641,0.92179,-0.0020428
-1.4157,-0.083283,0.3625,-0.91964,-4.7675,-0.13146,-5.9295,-0.083429
-1.2781,2.363,-3.4435,0.21606,0.80718,-0.28706,-4.0616,-0.17506
-1.3457,-0.26136,-2.0328,0.65094,-4.6413,-0.24961,-1.1559,-0.22383
-1.409,0.43661,3.1207,0.89906,-7.6565,-0.080412,5.5037,-0.16455
-1.4027,-5.5936,6.0827,2.2603,-1.5713,-0.058817,6.2059,-0.024531
-1.5605,-0.28858,4.5272,0.66908,1.8722,0.017641,9.2332,-0.047311
-1.397,-0.30857,1.049,0.088792,5.4858,0.45701,-4.3074,0.14029
3.6769,-0.65447,0.49492,-0.88552,2.7163,0.12029,-1.5715,0.26828
3.7159,0.55819,-0.082617,-0.00010711,-6.1999,-0.18497,-5.6652,0.053399
0.48326,0.99755,-0.41403,1.374,-3.7271,-0.33644,-5.841,0.11595
3.6799,2.3258,-1.9562,1.9446,3.9438,-0.70933,-4.4849,0.034002
3.6476,0.22809,-2.7437,-1.1581,5.1723,-0.10056,-5.7347,-0.006886
-1.4411,0.44166,-4.2347,-2.2101,-3.5102,-0.19163,-0.78903,-0.13361
-1.6941,0.85596,-1.6849,-1.5963,-1.455,-0.15993,4.3863,-0.14895
-1.5218,-1.5073,0.10994,0.22226,5.542,0.32091,3.8428,-0.20894
-1.4139,-2.7547,-1.5771,0.58409,3.1283,0.15067,1.5093,-0.27
-1.3896,-1.4922,0.83174,0.38864,-2.7599,-0.065729,0.94364,-0.030275
-1.3793,-1.8454,-0.13695,0.8436,-5.4413,-0.07884,3.5582,0.0035062
-1.1723,-0.70769,-0.30087,-1.1848,-2.1885,-0.051065,6.0427,0.15666
-1.3784,0.79536,-1.2202,0.63291,4.7689,0.37995,4.1477,0.22926
3.674,1.5855,-2.4205,-1.5574,3.8994,0.30382,1.7208,0.067564
3.6931,-0.2991,-0.59518,-1.024,-7.0817,-0.093016,-1.1323,0.045635
3.6828,1.4942,-1.5716,1.2403,-7.1671,-0.1998,-2.9071,0.12235
-1.446,0.48132,-0.79282,0.073563,1.743,-0.38003,-3.6861,0.01312
-1.4103,2.8209,2.3989,0.3749,-0.49274,-0.26017,0.31599,-0.11879
-1.3977,-3.9726,1.8127,0.2928,-3.4336,-0.087812,1.1789,-0.10718
-1.1793,-0.98584,-2.3041,-2.2957,-0.21544,0.010915,3.3742,-0.25302
-1.3533,-4.3281,-1.4107,1.6187,5.879,0.55869,-1.9873,-0.11787
-1.3819,2.251,-1.3823,-1.1559,6.9205,0.68164,-7.3138,-0.10699
-1.3732,-1.9351,3.0617,1.8104,4.6741,0.37316,3.088,-0.0024809
-1.4383,1.1436,-0.53964,-1.3415,-0.49892,-0.053497,0.46774,0.13272
-1.3889,-0.50349,2.694,-0.17347,2.2366,-0.035702,1.7608,0.05408
-1.4009,0.95451,4.7501,-0.93497,5.1612,0.13368,-1.1431,0.23077
3.7037,2.1894,-1.5148,-2.4818,3.7633,0.16841,4.3852,0.046317
3.6748,-0.69477,-1.572,-2.1104,-6.9082,-0.061955,-0.026342,0.097499
-1.2475,-1.5125,-5.3931,1.1132,-3.5525,-0.1071,-3.0603,-0.010439
-1.5023,0.22034,-4.4108,1.6579,0.55591,-0.32799,-1.8056,-0.14167
-1.3972,1.7019,-2.166,0.70801,-3.3313,-0.14672,0.79487,-0.22028
-1.525,-2.0674,2.0444,0.097669,-6.6785,-0.075702,2.4499,-0.21682
-1.4244,-1.7889,9.5803,0.70482,-2.3839,-0.037441,8.9722,-0.15355
-1.3276,0.25065,1.4175,1.2971,0.80653,-0.059709,9.4519,-0.051278
-1.3087,0.24688,2.3846,2.2378,4.1214,0.30792,1.741,0.066079
3.7506,1.9652,-5.5101,-0.80572,2.5784,0.11208,0.98438,-0.028109
3.7363,1.7043,-0.23543,1.108,-6.9223,-0.15842,-0.95084,0.058364
3.7102,1.8832,-2.6263,0.65827,-5.2765,-0.34832,-7.9724,0.21933
3.6826,1.8193,-3.4582,0.1088,3.5075,-0.63817,-4.1635,0.29792
-1.4346,2.2018,-0.98841,1.0352,4.1309,-0.11693,-1.8095,0.03719
-1.6525,0.15285,-3.2619,-1.2715,-2.6682,-0.059209,-0.3772,-0.021562
-1.4302,-5.2985,-3.2022,1.0825,3.3831,0.10535,-3.2168,-0.11431
-1.3864,-0.21018,-1.3902,0.52963,6.444,0.56586,2.4489,-0.21782
-1.3846,-0.90175,-2.4421,1.3493,6.1132,0.61994,4.7912,-0.15291
-1.2146,2.0048,0.081864,2.1049,0.58219,-0.087799,3.429,-0.17562
-1.2741,-2.6598,1.9194,-2.1002,-0.71602,-0.07472,1.665,-0.04534
-1.3917,-1.8835,-0.34274,0.6444,2.3589,0.10894,1.1767,0.034342
-1.3786,0.17353,-5.1324,-1.9128,5.9559,0.5797,2.4334,0.056855
3.7193,2.2789,-0.95655,-2.6734,4.0997,0.30568,-0.099436,0.239
3.6956,-0.0026805,0.3917,-1.6573,-7.2017,-0.10749,1.9447,0.088372
3.6601,-2.2817,-0.68443,-0.28939,-7.3447,-0.11053,-2.1689,0.21099
-1.4176,2.3112,-3.2824,0.045258,1.7314,-0.31611,-0.87793,0.064448
-1.0766,-1.005,-0.19642,0.84164,-2.7862,-0.19818,-2.3366,-0.01813
-1.2071,0.88019,2.1332,1.8965,-5.62,-0.079244,1.1805,-0.15703
-1.4834,-2.5602,0.43679,2.2345,1.4348,-0.049608,8.0627,-0.1977
-1.3868,0.51941,0.82049,0.40809,4.456,0.40553,0.93357,-0.22488
-1.5666,0.60344,1.3929,-0.86216,6.4982,0.64565,0.822,-0.13614
4.195,0.75642,4.6786,-2.1557,3.0602,0.13577,-0.99848,-0.073572
-1.3784,1.1985,0.60425,1.2808,-0.4103,-0.1404,-2.5122,-0.07603
-1.5408,-0.3377,-0.28668,-2.4946,-2.1732,-0.33582,-2.4237,0.057585
3.7044,3.0118,-0.4591,0.55912,4.4996,-0.44809,-1.5074,0.047314
3.6897,0.88711,-4.6918,-2.8304,4.4207,0.051653,0.57982,0.44047
-1.3914,-0.064717,-5.5785,0.047583,-5.4976,-0.10922,-1.6277,0.19604
-1.4207,1.4093,-2.7999,0.11347,-0.65002,-0.19285,-2.0837,0.026286
-1.4137,-0.031355,-2.2434,-0.59651,4.3418,0.16477,-2.3101,-0.0073241
-1.5791,2.5836,-2.6119,0.083866,-1.6998,-0.10993,-1.3299,-0.17353
-1.4258,-3.6041,1.2055,-0.26966,-7.2507,-0.020627,4.6676,-0.17078
-1.3726,-1.0664,0.25586,0.37469,-5.6972,-0.010712,6.0709,-0.20378
-1.3599,-4.7028,0.48125,0.37028,1.5615,0.015022,1.8138,-0.11186
-0.99833,0.90737,3.8507,2.1586,3.1128,0.19136,2.4943,-0.033293
3.6845,0.91407,-1.0562,1.162,1.8597,0.018828,0.97236,0.017476
3.73,-0.71304,-0.37642,-1.314,-6.8591,-0.10562,-2.1897,0.16691
3.698,3.1539,-1.1846,2.5079,-4.8354,-0.31204,-9.0988,0.11894
3.7528,1.5547,-1.2055,-1.4033,1.916,-0.81136,-4.0939,0.18998
-1.5591,1.9834,1.2061,-0.017796,1.7981,-0.16861,1.0202,0.17441
-1.3552,-0.93072,4.2307,-1.354,-4.0059,-0.12642,1.0922,0.090222
-1.3895,-1.931,0.94524,0.57194,3.4196,0.19437,0.32728,-0.00055819
-1.4749,0.41594,1.7711,0.66647,6.481,0.60969,0.072703,-0.13756
-1.2426,1.2131,3.2228,0.20939,6.5062,0.64715,4.1706,-0.19219
-1.4289,-0.45903,2.5248,0.23981,4.0834,0.34885,2.3474,-0.20388
-1.3578,-5.0317,7.1364,3.4347,1.4236,-0.040438,-0.9141,-0.16569
-1.3939,-1.1733,5.8132,2.7734,3.5509,0.21428,4.2997,-0.0753
-0.53136,0.38264,1.776,-2.3133,5.4894,0.33936,-2.6006,0.0020703
3.6977,1.0416,-2.1061,-2.079,2.521,0.067864,-0.5568,0.050624
3.678,2.2119,0.44424,-1.5797,-7.5577,-0.12423,5.0226,0.23856
-1.4272,1.6668,1.6642,-1.0949,-2.9067,-0.10518,-4.8536,0.078686
-1.2426,1.4595,-5.6244,-0.027064,0.81512,-0.34338,-5.9793,0.068075
-1.4042,0.014819,-0.98067,3.0645,-3.8957,-0.16617,-0.79811,0.099519
-1.4073,-0.29663,2.5822,2.839,-7.073,-0.092644,4.1008,-0.080265
-1.3988,-2.7587,8.0527,0.58491,1.1401,-0.037729,8.6451,-0.12393
-1.5612,1.2269,9.2878,0.3648,2.6404,0.10896,9.231,-0.20928
-1.2786,1.639,4.9493,0.26026,5.0821,0.4412,3.5522,-0.24391
3.7229,-1.4043,-2.7035,0.2636,3.8357,0.27702,-3.4428,-0.15192
-1.3701,-1.1192,-0.87808,-0.60604,-6.1883,-0.13116,-6.2875,-0.011997
3.7295,-1.2692,-1.582,0.83414,-2.2874,-0.46083,-7.2223,0.095017
3.711,1.3542,-0.2717,0.16564,4.4349,-0.52003,-6.0309,0.17448
-1.3661,0.22934,-3.9672,-1.5973,3.946,-0.17207,-0.064668,0.32623
-1.4121,-0.67977,-4.8154,-0.04982,-4.1266,-0.12193,-2.7702,0.18633
-1.6195,-4.3775,-0.64047,-1.202,2.1694,-0.04914,0.83242,0.19052
-1.4587,1.4919,0.67509,0.21951,5.857,0.45795,0.12047,0.09582
-1.4046,-1.7227,-1.6462,0.68437,3.9879,0.24037,2.8014,-0.049891
-1.3643,1.2532,2.2974,-0.27476,-1.1581,-0.063143,0.8258,-0.10799
-1.3617,-0.81835,5.2651,2.24,-3.8407,-0.039995,3.8983,-0.158
-1.1832,0.85685,2.3781,-2.2141,0.74554,-0.054717,4.8159,-0.21517
3.7119,0.90721,-3.1037,-1.8682,5.8457,0.5691,5.1195,-0.12385
3.7332,-0.15745,2.3209,-2.5344,3.4805,0.22831,3.0774,-0.0992
3.7183,0.51234,-0.051942,-1.7594,-7.8464,-0.096623,1.6556,-0.059261
3.7009,0.35979,-0.50216,-0.1045,-7.0083,-0.24011,-3.327,0.20149
-1.4532,0.96203,-5.2639,-0.15139,1.5342,-0.36243,-3.2737,0.28502
-1.3907,2.531,1.0878,0.27913,-2.1243,-0.17705,2.2469,0.13897
-1.3756,-1.7606,1.9721,1.5035,-1.6737,-0.057348,1.8941,0.10906
-1.1773,0.65064,-0.30155,-0.80602,0.90601,-0.055256,6.2992,0.11106
-1.3337,-2.5605,-0.60049,2.4343,5.9887,0.57942,-0.93562,-0.045875
-1.3582,0.19611,-3.0219,2.3772,6.6127,0.65307,-2.0833,-0.17922
-1.3522,-1.2674,0.77831,0.20136,3.8971,0.24485,0.82766,-0.16601
-1.5391,1.2799,1.3703,-0.28598,-1.4165,-0.053112,-1.5761,-0.19852
4.0385,0.40352,-0.32911,-1.7737,3.379,0.08446,-0.50792,-0.13084
3.7204,-0.43708,0.73596,1.2126,5.8092,0.098617,-2.5192,-0.0062046
3.6984,0.6294,-4.3916,-2.4992,2.5848,-0.019266,4.8743,0.074646
-1.2627,-0.92457,-3.7076,-1.2721,-6.649,-0.13999,4.1819,0.16053
-1.276,1.9071,-1.7439,0.41488,-0.62848,-0.18511,0.45789,0.20434
-1.5004,-1.4335,-6.8451,-0.25883,2.1681,-0.15144,-2.3576,0.39303
-1.3985,0.55734,-4.052,1.7228,-2.9213,-0.12595,-1.6406,0.2318
-1.6244,-3.07,-0.19493,0.74248,-6.2723,-0.087118,0.67446,0.099836
-1.4691,1.4226,2.4827,-0.18293,-4.7407,-0.059356,6.7149,-0.042468
-1.3604,0.60622,1.5557,-0.32916,2.0353,0.014759,6.8454,-0.15749
-1.3221,1.1541,0.80961,1.825,4.298,0.34173,3.4347,-0.18876
3.7095,3.0608,0.34555,-2.2639,2.534,0.12948,0.64153,-0.10168
3.7094,-0.82018,0.32147,-0.30719,-7.8825,-0.16043,-0.31442,-0.1591
3.6922,1.5731,-2.0015,1.0506,-3.07,-0.34428,-9.7407,-0.1058
3.6753,1.1717,-4.5701,-0.20923,2.9007,-0.54033,-5.0823,0.097572
-1.4288,1.5261,-0.50004,2.2288,2.3717,-0.14853,-0.11892,0.0083495
-1.566,0.73762,0.47213,-2.0965,-4.8189,-0.14266,1.3749,0.16046
-1.4059,-1.137,-3.1619,-1.36,4.3565,0.33234,-2.272,0.31372
-1.3865,1.7547,0.76259,1.2164,6.2068,0.63889,2.8106,0.29043
-1.3789,0.0067406,0.86556,4.0568,6.2342,0.6316,-1.3879,0.037506
-1.0785,2.4144,3.8734,-0.42183,2.1928,0.06875,5.5204,-0.06116
-1.3696,-2.1285,7.1772,0.82359,-1.373,-0.11589,2.1291,-0.13213
-1.3932,-1.6456,4.6411,0.078201,4.4137,0.39488,0.030273,-0.20032
3.5853,0.32141,-1.0808,-1.411,6.1519,0.51301,-0.98542,-0.13546
3.6903,0.65958,1.0027,-2.8778,1.0356,-0.1313,1.2632,-0.13887
3.6748,-0.70536,-1.0304,-1.2627,-8.4591,-0.083319,1.3505,0.0036036
-1.4116,-0.4357,-0.64142,-0.57395,-4.2403,-0.1885,-2.4171,0.13603
-1.4259,2.8311,-3.5098,-0.54882,-0.34817,-0.47576,-2.3553,0.1654
-1.2042,-2.2835,-1.5564,0.94329,-4.175,-0.29961,-1.4308,0.46298
-1.2562,0.47837,2.3763,2.9701,-6.8863,-0.036606,1.6765,0.32489
-1.4633,-2.4785,5.3438,-2.1733,1.1681,-0.093003,10.034,0.11658
-1.3949,0.92202,1.8413,1.3329,4.1534,0.32743,-3.2491,0.035705
-1.7023,-1.1178,-0.5158,1.6337,5.9098,0.59308,0.15405,-0.042006
3.8171,2.5048,1.0562,-2.6379,2.4863,0.045724,-6.3235,-0.14802
3.685,0.98681,-1.7925,1.5744,-4.4633,-0.2197,-6.5017,-0.16725
-1.3795,-0.31057,-0.89524,0.83499,-0.34868,-0.45862,-4.106,-0.17073
3.6812,3.2359,-1.1248,0.0056221,4.2324,-0.69322,-4.0339,-0.070359
3.6733,-0.058128,-1.7278,-2.0884,3.3097,-0.12458,2.4434,-0.054029
-1.4084,-1.6401,-5.2824,-1.574,-4.0035,-0.16342,-1.4228,0.14929
-1.4135,-0.18558,-5.0922,0.028231,1.8344,-0.068405,2.2048,0.16691
-1.4029,0.58211,-2.0944,-1.7881,5.5319,0.37997,1.3998,0.16713
-1.4834,0.41777,-1.5483,2.436,-0.3295,-0.086926,-1.9312,0.21819
-1.4221,-1.3103,-0.50245,-1.4934,-5.5212,-0.041728,5.1494,0.1948
-1.3707,-0.23923,1.4585,1.167,-4.252,-0.099787,0.80939,0.066541
-1.3566,-3.055,2.335,-2.1104,0.90101,-0.13327,1.649,-0.056268
-1.2693,4.4644,3.6754,-2.0439,4.9749,0.48307,2.831,-0.11319
3.7073,1.2168,-1.6831,-1.4117,0.8759,-0.11826,1.6654,-0.14717
3.7107,-0.70323,-0.83522,-0.66959,-7.1305,-0.12629,-2.7643,-0.20595
3.6978,-0.73727,-2.4842,1.629,-2.9081,-0.2862,-6.3923,-0.08226
-1.7797,0.7999,-2.0898,1.2628,3.1599,-0.28876,-5.0923,-0.046362
-1.4338,1.3782,4.6593,-0.67838,-1.8875,-0.15856,-0.37678,0.088762
-1.3367,-2.1007,0.47121,-0.79653,-3.7071,-0.10314,2.4366,0.18073
-1.3745,1.3857,-1.6258,0.76895,3.395,0.24937,5.4969,0.3301
-1.2958,-0.71674,1.9207,2.3943,6.335,0.63538,6.8069,0.19724
-1.2019,1.7032,3.7314,2.9816,6.0182,0.61229,6.9508,0.10358
-1.4107,-0.50341,2.5647,0.32524,3.9681,0.33217,-1.1733,0.053983
-1.3518,-2.008,5.7651,1.2445,1.9558,0.075039,-0.47104,-0.067244
-1.3502,-0.042163,7.647,1.6819,4.6301,0.38697,-0.56387,-0.10115
-1.504,1.2067,3.455,-2.5641,5.4,0.33191,-0.61356,-0.18667
3.7092,2.8824,-0.10635,-2.6055,1.7403,-0.0069383,2.1336,-0.1545
3.7084,-2.1765,-1.2912,-1.4775,-8.8731,-0.12482,5.1023,-0.1093
-1.3915,1.5329,-2.2686,-0.27462,-2.1765,-0.19491,-3.2133,-0.040667
-1.232,0.49149,-5.0981,0.059003,0.40002,-0.38596,-4.5622,0.080657
-1.3033,-2.3358,-2.2691,1.6732,-4.2763,-0.189,-1.7592,0.48722
-1.3706,-2.9577,4.7128,1.4719,-7.8732,-0.050808,4.0714,0.20972
-1.3597,-0.92738,5.4967,1.9144,-0.32329,-0.061603,9.9354,0.16518
-1.5502,0.80037,3.4638,-0.51943,2.5186,0.16701,10.307,0.15418
-1.3048,1.1386,-1.3701,0.30772,4.5575,0.35188,-3.3308,0.045294
3.7387,1.2168,-0.8334,-0.26242,1.4251,-0.055082,-1.9749,-0.060454
3.7315,0.0056938,-1.3939,2.5892,-7.2369,-0.17644,-4.8396,-0.11044
3.7122,1.0192,-2.1862,1.2998,-2.7126,-0.57087,-7.5285,-0.18781
3.6887,-1.3008,-3.1856,0.7763,4.1914,-0.52101,-6.8879,-0.30271
-1.3997,1.1119,-1.2889,-2.1609,3.052,-0.038025,-2.7807,-0.15272
-1.3966,-1.4888,-4.9244,-0.63179,-3.9816,-0.16052,-0.43704,-0.093334
-1.7736,-3.8672,-3.0635,0.74402,3.6547,0.16576,0.86756,0.17489
-1.5132,-0.090444,-2.5883,0.064231,5.8841,0.49956,0.85136,0.31226
-1.3965,-1.9185,-4.4884,2.7496,4.9662,0.45154,0.37201,0.40854
-1.3548,1.3344,0.16371,2.1125,-2.0306,-0.076209,0.83666,0.13525
-1.3412,1.2904,2.0005,-1.2064,-2.453,-0.052015,-0.51013,0.045465
-1.1961,1.5949,-0.585,-2.0333,2.3334,0.097988,1.2131,0.047996
-1.3995,1.2045,-2.5158,-0.63981,5.8403,0.54941,5.7768,-0.066197
3.7143,1.236,-1.4969,-2.1507,1.8447,0.010607,4.1066,-0.1488
3.6879,-0.062912,1.4124,-0.10031,-7.3766,-0.079597,-2.2707,-0.10735
3.7669,-2.0836,0.16125,-0.26564,-3.8982,-0.18087,-3.3485,-0.18261
-1.4431,2.8727,-4.6805,-0.5947,1.0041,-0.42808,-3.4602,-0.11928
-1.3905,-0.90969,0.93567,-0.43925,-4.748,-0.1564,1.9147,0.10962
-1.3827,-2.6238,1.7311,2.0878,-5.5468,-0.089512,2.3817,0.11244
-1.1156,-1.803,-1.4343,1.3088,2.5627,0.16361,7.4873,0.15024
-1.3401,0.30554,-2.1075,2.9654,5.0081,0.47602,-3.3713,0.19748
-1.3624,-0.39135,-3.6287,-0.058684,6.5197,0.68783,-2.9443,0.25046
3.895,2.6415,1.3355,0.42157,3.2027,0.21026,-7.3124,0.14691
-1.5723,1.26,0.89023,0.36104,-1.599,-0.19135,-4.504,-0.0036491
-1.3726,0.35488,3.6048,0.85621,0.25143,-0.50764,-2.6713,-0.067731
3.7048,2.6749,-0.7501,-0.25592,5.088,-0.12917,-3.2331,-0.099078
3.6831,-1.0305,-6.0026,-3.0607,2.277,-0.070824,1.3846,-0.17961
-1.2171,1.1184,-3.2993,0.13493,-5.9536,-0.18486,-1.8546,-0.18404
-1.2469,0.34873,0.2386,0.46427,1.1086,-0.20683,0.48242,-0.13444
-1.4106,-1.4023,-5.2413,-3.1314,3.2625,0.054496,-1.6279,0.077347
-1.3772,-0.31275,-2.6217,0.45219,-3.3124,-0.11211,-0.69278,0.19149
-1.7182,-4.1022,-0.16391,-0.076707,-7.8835,-0.042671,3.8788,0.22393
-1.4747,-0.081363,3.0665,-0.19936,-5.2256,-0.088248,5.8408,0.2684
-1.3402,-1.0834,0.79649,-1.0132,1.972,0.040416,2.6035,0.33226
-1.3304,0.92465,3.4492,2.0249,3.7726,0.35035,4.3505,0.10076
3.7208,2.1037,0.71402,-2.0452,0.49138,-0.13009,-2.4569,-0.020832
3.7076,0.79326,1.3965,-1.5209,-8.67,-0.16949,-3.202,-0.08265
3.6792,2.9483,2.5509,0.64945,-3.7129,-0.50708,-6.0082,-0.19536
-1.3786,2.7269,3.1028,0.053942,2.537,-0.55297,-2.9295,-0.25567
-1.412,-0.83159,-1.2189,0.56079,1.1395,-0.14426,-0.99893,-0.14094
-1.6233,-3.061,1.0741,-0.71556,-3.2251,-0.15497,-1.4042,-0.091825
-1.3769,-1.6578,-1.2317,1.2466,4.2956,0.30998,-0.070068,-0.01353
-1.371,0.16303,0.93461,0.74919,6.222,0.64819,2.9633,0.092875
-1.3683,-0.84783,2.0466,0.837,5.7142,0.57071,4.4241,0.02653
-1.232,1.1189,4.373,1.3471,3.3612,0.27795,4.3738,0.25195
-1.3256,-3.3092,7.8862,1.2144,-0.16659,-0.095012,0.62987,0.17042
-1.3614,-1.3014,7.4113,4.4546,4.159,0.34123,4.9979,0.045757
-0.37745,-0.093288,0.38616,-1.4377,5.8031,0.44517,-2.3604,0.066955
3.6805,2.5434,-2.2353,-2.2958,-0.91668,-0.090379,-0.70427,-0.055903
3.6587,0.57482,2.0152,-3.5889,-9.2637,-0.12447,2.176,-0.16686
-1.4308,0.70826,3.7058,0.93121,-1.5567,-0.13427,-2.8971,-0.21337
-1.4103,0.58649,-6.5035,1.6697,-1.098,-0.40808,-2.0442,-0.13047
-1.0905,-0.38821,-0.60041,2.1534,-5.0531,-0.17177,1.003,-0.046265
-1.2944,-2.5486,2.916,1.3511,-7.9712,-0.042254,3.9954,0.080122
-1.3672,-4.235,7.3296,-2.0422,1.205,-0.0063094,6.3602,0.11928
-1.3775,-1.2386,5.9448,2.5076,3.5809,0.28621,3.2151,0.23737
-1.4989,1.2776,2.396,0.19584,5.0533,0.4438,6.0199,0.097426
3.689,2.0326,2.5652,-1.4502,-0.1298,-0.074367,-2.1248,0.19543
-1.3789,0.8018,0.55597,2.7836,-7.6743,-0.23801,-5.0749,0.066103
-1.3584,1.2814,-2.3313,-0.069391,0.67556,-0.54638,-4.381,0.007522
3.6943,2.8576,-0.010745,-0.19898,4.6435,-0.54848,-2.5147,-0.063472
-1.3588,-0.19955,-6.732,-1.0269,2.1312,-0.26445,1.7824,-0.18913
-1.3372,-2.0956,-4.459,-0.16756,-4.0639,-0.19249,-3.341,-0.21454
-1.3794,-2.2803,0.91716,-0.40632,3.3329,0.094015,0.029567,-0.12103
-1.3712,0.2898,-2.7619,0.36804,5.5095,0.42713,3.7835,-0.097447
-1.477,-0.68746,-0.28244,0.79069,2.4029,0.043144,1.2322,-0.053371
-1.4295,1.5188,1.6519,1.0567,-4.6037,-0.031838,-0.2181,-0.0091981
-1.3439,-3.3031,-1.3258,1.1962,-2.2537,-0.073225,0.68267,0.21245
-1.3285,0.80098,1.2867,-0.68102,0.37919,-0.07343,3.7821,0.19745
3.7294,2.8361,-1.162,-2.7156,5.4136,0.53145,4.4877,0.081606
3.7274,1.8534,1.1501,-1.9882,-1.8081,-0.12847,2.0306,0.10205
3.6984,1.2081,0.4029,-2.3844,-6.5803,-0.05876,-5.2688,0.0011941
3.6702,0.16833,-3.2486,-0.15482,-3.8079,-0.33908,-4.7822,-0.086495
-1.6093,2.6785,-2.816,-1.0005,2.0545,-0.30989,-0.45098,-0.1882
-1.4338,1.8782,3.3268,-0.82006,-3.8154,-0.10506,6.7919,-0.2011
-1.3426,-0.67775,2.4563,-1.5971,-4.262,-0.10631,5.901,-0.16552
-1.3724,-2.5085,-1.2261,0.17103,3.2064,0.25049,4.5427,-0.10957
-1.3239,-2.3029,-0.67944,1.5618,5.8774,0.58841,2.1194,0.025362
-1.2708,0.76096,0.17074,-0.42445,5.1751,0.52246,5.8353,0.14148
-1.3364,-2.2364,1.008,-2.8028,2.1672,0.044145,-3.1288,0.2444
-1.3483,-1.8818,1.1009,0.64219,0.39661,-0.17673,-3.7602,0.22303
-1.3632,0.44751,2.709,0.84117,4.0808,0.13371,-1.8522,-0.024263
3.7044,2.3871,0.62731,-1.2682,5.7069,0.17387,-5.0965,0.13517
3.6751,2.3707,-0.3402,-3.0935,-0.3926,-0.12042,-2.2325,0.052206
-1.4171,0.22021,-0.91249,-1.3897,-7.8784,-0.17429,5.6817,-0.08759
-1.412,1.7431,-6.7923,0.16298,0.43655,-0.25178,-3.9568,-0.092774
-1.2677,-0.97173,-6.9406,-0.097536,1.0398,-0.34272,-2.5061,-0.2637
-1.3618,-1.0465,-2.5374,0.80193,-6.7123,-0.13234,0.88133,-0.18424
-1.3838,-3.83,1.2397,-0.026345,-8.1689,-0.049968,3.2304,-0.15406
-1.3729,-2.6215,4.7345,0.84711,-2.1208,-0.07583,11.102,-0.064275
-1.6423,-1.1327,4.881,1.379,2.112,0.079306,6.14,0.11819
3.9083,0.78783,-1.4733,1.5159,3.1776,0.19779,1.7945,0.17122
3.7421,0.82886,-2.3859,1.1448,-1.9208,-0.099203,0.13848,0.065105
-1.3764,-0.69419,-2.0163,0.57372,-7.833,-0.13936,-5.3799,0.14196
3.7027,2.6778,-1.1517,-0.12903,-0.67029,-0.76953,-4.3848,0.039526
3.6663,-1.2553,-1.4758,-0.027552,4.0604,-0.59062,-6.302,0.031641
-1.4709,2.1912,0.80315,-1.1685,0.46964,-0.1799,-3.3177,-0.13164
-1.3974,-4.5197,-2.8235,-1.0934,-3.0952,-0.090584,2.4893,-0.14568
-1.5117,-2.1782,-2.5897,2.2065,4.5898,0.356,2.4951,-0.20938
-1.5277,-0.27696,-0.25092,-0.78431,6.3064,0.66049,-0.99431,-0.18097
-1.4147,-0.60116,-0.48447,2.9534,4.201,0.36565,7.2272,-0.10222
-1.3609,-0.76949,2.5865,-0.36682,-0.87863,-0.028071,-0.87833,0.090514
-1.3472,-0.46986,3.5879,0.31598,-2.7276,-0.058413,3.352,0.058826
-1.1969,1.2035,1.4189,-0.50425,4.555,0.42754,4.1925,0.033637
3.7222,0.94227,-0.13605,-0.61902,5.5536,0.51355,3.3131,0.068488
3.6968,1.4489,-1.3402,-1.9594,-3.0828,-0.04045,0.055826,0.22226
3.6638,0.54016,1.0808,-2.1268,-7.8396,-0.13795,-4.033,0.15301
-1.6834,0.29874,-2.0646,-0.53833,-1.7374,-0.23976,-0.42818,0.025751
-1.5007,3.7781,-0.091238,-0.45007,-1.6463,-0.418,-1.2033,-0.078804
-1.4101,1.1389,2.5007,0.56967,-5.6576,-0.19639,2.6811,-0.17034
-1.3989,0.5126,4.8612,2.0429,-6.9992,-0.0060078,5.9013,-0.16185
-1.2407,-3.1672,1.9829,-0.37477,2.5246,0.15504,4.5347,-0.15783
-1.3529,1.5784,3.8142,1.2926,4.3424,0.38495,-3.7127,-0.12741
-1.3728,-1.3848,-0.38505,-0.5722,5.4913,0.50388,-0.21143,0.037579
-1.5056,1.6133,1.9842,0.83401,-0.090878,-0.10507,-1.289,0.040792
3.6929,1.6794,-3.571,-0.69287,-4.1202,-0.22742,-3.5474,0.16728
-1.4792,2.1661,-1.767,0.38742,1.6734,-0.47714,-2.3721,0.23345
3.6989,3.132,-3.0439,0.037403,4.3944,-0.44851,-3.2135,0.091804
3.6426,-0.53881,-2.4486,-2.9446,0.46685,-0.23621,5.6481,0.061698
-1.2424,0.91921,-4.0645,-0.37017,-5.3724,-0.22732,-0.83247,0.0049422
-1.3366,-1.9509,-2.8297,0.70743,2.7322,-0.017193,4.2412,-0.10667
-1.3647,1.1804,-3.2333,-0.95102,4.4512,0.24544,-1.9451,-0.26959
-1.3837,-1.2433,0.2047,-0.46746,-3.3431,-0.077524,-0.3873,-0.23508
-1.5951,-2.6242,0.80922,-0.91236,-7.4607,-0.073815,-0.75145,-0.18543
-1.4036,-0.89922,1.4743,-0.099527,-3.8663,-0.0037552,5.9132,-0.12799
-1.3269,-1.3331,-0.85174,-1.7136,0.57379,-0.062039,-1.1684,0.032055
-1.4094,2.4834,1.2879,1.1902,4.6056,0.44547,1.5424,-0.010245
3.7317,1.8937,-2.5825,-2.0905,-2.9526,-0.05951,-1.25,0.002484
3.7084,1.2831,-1.5378,-1.6372,-8.537,-0.15018,-5.7532,0.16969
3.6806,2.1887,-1.3445,1.9478,-2.7764,-0.39865,-2.6695,0.24163
-1.4242,1.1424,-1.4246,-0.87491,2.6211,-0.4378,-5.2587,0.13775
-1.4125,1.4675,6.7741,0.70021,-3.0291,-0.22846,-2.5455,-0.038915
-1.5843,-0.86713,3.2836,-1.0425,-3.0184,-0.088344,0.58507,-0.11753
-1.415,-0.16464,0.46422,0.87838,3.8861,0.28771,-1.6052,-0.23089
-1.3761,-0.6733,2.4835,1.5013,6.2985,0.65795,3.3326,-0.22761
-1.3758,-0.15639,4.9147,0.083185,5.5077,0.54594,4.0839,-0.1643
-1.0378,-0.0956,2.3989,-0.042826,2.0614,0.051833,-1.9218,-0.10589
-1.3166,-3.4168,3.5729,0.54856,0.56306,-0.10801,-0.3678,0.030886
-1.3809,-1.7303,5.3277,3.2366,4.2762,0.22849,1.3322,0.14471
-1.3729,-0.097469,2.3129,-2.3869,5.3136,0.27359,-1.5105,0.15384
3.7033,2.5533,-2.1691,-1.7321,-1.5486,-0.13145,1.5491,0.19811
3.6741,-1.5193,-1.1545,-0.59752,-8.9293,-0.099979,3.9319,0.22481
-1.4032,3.7327,-1.5322,-0.21839,-3.5465,-0.16933,-0.60421,0.097621
-1.3959,-0.51758,-4.2306,0.62947,-1.2713,-0.3358,-3.6461,0.0050395
-1.0541,0.46474,0.32282,3.0188,-5.3768,-0.10352,0.29379,-0.10906
-1.3379,-4.6785,6.2614,1.9387,-7.9863,-0.087144,3.9751,-0.20054
-1.3179,-1.2852,8.6061,-0.5106,-0.80233,0.011717,3.6532,-0.21169
-1.3632,-1.2935,5.2642,-0.29008,3.002,0.21014,4.694,-0.15673
3.5082,2.5617,1.02,1.5213,3.5994,0.26128,3.1201,-0.073134
3.7421,1.3012,1.7788,-0.93378,-1.3407,-0.16022,-4.8159,-0.059042
3.7401,-0.96104,-3.9618,1.6513,-8.8402,-0.23357,-5.7504,0.071239
3.7125,2.2784,-1.3573,-0.35511,0.37789,-0.71139,-6.6267,0.076958
3.6801,1.159,-1.1651,-0.74214,4.0189,-0.70202,-4.4886,0.064959
-1.2869,2.6895,-2.8433,-2.0539,1.4531,-0.22617,-0.72321,0.23194
-1.3951,-0.52448,-4.3942,0.7394,-4.2475,-0.15078,1.4241,0.052255
-1.3997,-2.9821,-0.59721,0.052927,5.0165,0.33966,1.5514,-0.012094
-1.3877,1.0863,0.86853,-2.7359,5.4102,0.46849,4.0401,-0.11244
-1.5317,0.039846,-4.0841,2.318,3.8822,0.24697,1.5664,-0.19677
-1.3945,-0.97135,0.52787,0.84993,-0.40845,-0.0069832,-2.2284,-0.22882
-1.3583,-0.59112,1.9159,1.2919,-3.965,-0.082145,-2.6383,-0.20446
-1.3541,2.1747,1.4055,-2.2683,2.5127,0.079537,2.7237,-0.084889
-1.0687,1.6157,-0.19242,-1.3866,5.5924,0.55813,3.7491,0.022952
3.7306,-0.51487,-3.242,-1.7418,-2.4636,-0.11822,-2.3073,0.20563
3.7069,-1.1289,0.48708,-2.0939,-8.417,-0.11429,-3.5148,0.27908
-1.4573,-1.7006,-2.6304,0.20027,-2.164,-0.27008,-5.6874,0.38089
-1.4993,2.3845,-4.0204,0.54516,-0.15937,-0.45712,-3.7737,0.14873
-1.4781,1.2522,0.45379,-0.67269,-6.8638,-0.12544,4.2815,0.14542
-1.3451,2.2363,2.1084,3.4488,-6.3386,-0.023932,7.5643,0.0085929
-1.3751,-2.496,-2.6461,-1.8798,3.8164,0.31611,0.25496,-0.09954
-1.3512,1.0551,0.17517,4.053,5.2954,0.52483,0.56051,-0.12191
-1.2914,-2.0174,2.5577,1.6759,5.7192,0.5071,0.84695,-0.21089
3.728,-3.1628,-1.1572,-1.6606,2.2742,0.016896,-0.46876,-0.16759
-1.1487,-0.23197,-1.4851,-1.0808,-0.69053,-0.10753,-4.3391,-0.12534
-1.3341,-0.87732,2.1795,0.9598,1.2767,-0.45476,-3.4287,-0.043296
3.7105,3.2314,-1.4778,0.20513,5.4679,-0.31294,-4.8883,0.0097124
3.6928,-2.3329,-6.3631,-2.7991,-0.92832,-0.23216,-2.9967,0.26928
-1.4067,0.53921,-5.4428,-2.404,-6.3541,-0.11561,-1.7849,0.20792
-1.3979,1.9339,-0.87438,-0.85994,1.0964,-0.33136,-0.22698,0.029937
-1.1072,0.4105,-5.4148,1.7612,1.6623,-0.25635,-0.32944,0.13882
-1.3657,-0.55371,-1.071,0.50782,-7.1504,-0.037858,1.3409,0.038601
-1.3751,-3.0995,2.0232,0.67329,-7.2368,-0.080252,-4.2619,-0.1324
-1.3682,-1.1985,4.4406,-0.70616,-3.5504,-0.061173,9.5744,-0.16671
-1.5294,1.4858,5.7561,0.36046,2.1801,0.067081,3.6779,-0.2287
-1.3312,0.12887,0.94647,-0.21992,3.5132,0.22622,-0.99533,-0.17484
3.714,-0.011247,2.1472,0.29304,-3.6658,-0.055538,-1.3546,-0.12931
3.7159,-1.4876,-1.2638,0.99337,-9.6004,-0.098259,-5.0585,0.051476
3.6962,1.5843,-1.8855,1.7074,-1.519,-0.78792,-6.2245,0.18835
-1.3533,1.4174,2.8842,0.31858,3.1405,-0.70924,-4.5393,0.21544
-1.3619,1.5265,-0.40551,-0.20212,-2.5192,-0.14794,0.34487,0.23163
-1.4155,-7.4347,-0.69638,-0.54861,-1.4507,-0.10611,0.86236,0.29011
-1.4521,-0.26537,-1.4882,0.73145,5.294,0.4445,1.3609,0.10358
-1.489,-1.2605,0.7896,0.35782,6.8841,0.68786,2.1653,0.0096881
-1.4414,0.78568,4.1592,1.797,4.4107,0.38417,1.39,-0.102
-1.3689,-4.206,3.9155,0.55963,1.9123,0.038671,2.5913,-0.19385
-1.3608,1.3277,5.9758,0.51836,0.061955,-0.019189,5.3492,-0.14398
-1.2554,0.9685,6.2427,-1.3661,5.081,0.42551,2.0433,-0.15564
3.7067,-0.38507,0.51879,-1.5568,5.8109,0.54621,5.7999,-0.11117
3.7035,1.5471,-0.0058049,-0.35626,-6.4154,-0.061262,0.11519,-0.06021
3.677,-2.9342,-3.3106,0.44386,-7.0197,-0.1224,-5.6969,0.020664
-1.6571,2.5141,-2.2104,0.83169,-1.536,-0.22413,-2.2344,0.19911
-1.5089,1.7532,-2.4337,-0.10139,-3.2645,-0.36412,-0.57507,0.14374
-1.3953,1.7427,2.0758,1.1509,-6.22,-0.069855,1.5513,0.23618
-1.382,-2.9886,5.8323,2.8242,-6.296,-0.034399,3.502,0.066176
-1.223,-1.8338,6.9134,0.61909,2.3331,0.13217,4.0487,-0.0045253
-1.2738,1.359,5.015,-1.2205,5.3113,0.53395,-1.7044,-0.10913
-1.3575,0.55782,-0.51469,-0.62644,5.5269,0.55058,-2.5333,-0.1691
3.7082,1.2246,-1.1959,-0.72822,-1.5226,-0.077396,-2.4873,-0.16467
-1.4833,0.64652,0.66793,0.29066,-7.0189,-0.23935,-4.6886,-0.15471
3.7059,0.11934,-1.0111,0.50943,2.6697,-0.43862,-4.4867,-0.089732
3.6906,0.7696,-1.8935,0.78676,5.7337,-0.038082,-3.9521,0.083018
-1.4205,-0.90476,-5.1607,-2.9908,-0.34575,-0.2202,4.202,0.14673
-1.3529,1.0002,-3.7717,-2.0948,-4.8677,-0.15724,-0.50302,0.18555
-1.2812,-2.8682,-1.8945,0.55051,4.4223,0.22139,4.9281,0.34463
-1.3337,1.3751,-2.5141,0.14844,4.5524,0.33721,3.4394,0.26356
-1.3944,-0.80831,0.02293,0.50584,0.10863,-0.096674,3.4265,0.097134
-1.5651,1.2483,-0.21511,1.3399,-6.2189,-0.052503,3.7037,-0.020467
-1.4556,-0.48255,-1.0169,-0.41035,-2.3722,-0.05652,5.3402,-0.14556
-1.3258,-0.92493,-1.0004,-0.25283,3.0513,0.21654,0.82847,-0.19825
3.7186,1.7318,0.29818,-1.906,5.4018,0.51222,-2.5824,-0.13223
3.7088,0.93311,-1.086,-1.6385,-5.7649,-0.041689,3.4956,-0.08136
3.6888,1.2092,-0.11928,1.5542,-9.3442,-0.11,-3.8297,-0.087493
3.6783,-0.60485,-2.277,1.9787,-1.6886,-0.34602,-3.0269,0.053764
-1.4258,1.2458,-3.5124,-0.11201,1.9045,-0.3237,-0.67601,0.20553
-1.4117,-0.82556,2.6287,0.67684,-4.5298,-0.11906,3.1306,0.10198
-1.5817,0.070961,0.49606,-0.69934,-2.483,-0.04751,1.0574,0.40469
-1.4525,-0.25618,-0.55583,0.86856,4.0394,0.34321,3.9484,0.16662
-1.373,1.088,-1.8061,-1.6997,6.3821,0.61075,1.3378,0.10256
-1.3691,0.7997,2.0933,2.7493,5.479,0.50361,0.96573,-0.0026026
-1.07,2.0078,3.7355,-0.2968,1.3961,-0.073764,-2.8308,-0.11485
-1.2537,-1.9854,3.164,-0.17781,1.1024,-0.11061,-3.4317,-0.14172
-1.37,-1.2509,3.1385,1.713,4.083,0.052456,-1.8285,-0.16793
3.7031,1.1076,-0.50985,-1.8736,5.3884,0.25746,1.0254,-0.17742
3.6859,-0.34162,-3.4468,-1.8224,-3.7162,-0.060479,-0.38884,-0.099321
-1.4943,-1.7133,-4.3117,0.49358,-6.6326,-0.12855,-1.4064,0.03074
-1.3114,2.1695,-6.861,-0.18034,0.11489,-0.22934,-3.7842,0.039088
-1.396,-1.8304,-7.0986,2.128,0.029034,-0.28604,-2.9621,0.21885
-1.1389,-0.33495,-1.7126,0.4888,-7.0132,-0.051623,1.2105,0.32559
-1.3037,-2.6115,2.9999,1.166,-7.8468,-0.042081,2.7041,0.28458
-1.3126,0.21731,4.1383,0.74497,-1.7374,-0.062963,6.5447,0.060554
-1.3673,-0.41842,7.0921,1.1347,3.0579,0.15834,4.5001,-0.033293
3.6712,2.7997,-1.0473,0.80642,3.39,0.25721,3.5826,-0.094113
3.6507,0.22587,0.74647,-0.13918,-4.0335,-0.12435,-6.2075,-0.19594
3.744,-2.4317,-0.99024,0.24981,-7.4196,-0.23899,-4.5839,-0.19633
3.6988,2.6041,-1.038,0.38998,1.5895,-0.65244,-3.7353,-0.12546
3.7521,0.72148,-0.5596,0.80326,4.6172,-0.32283,-4.6251,-0.056462
-1.2696,0.24084,-0.26068,-0.18715,-2.1748,-0.11966,-2.4014,0.056904
-1.3643,-3.7814,-3.4449,-0.85466,-1.4002,-0.11219,0.46289,0.204
-1.3934,-4.8133,-1.939,2.5569,5.4681,0.41712,-0.46769,0.58903
-1.3777,1.1608,-1.36,-0.4907,6.5601,0.62563,1.4925,0.17295
-1.4948,1.3199,2.7558,3.1045,3.2719,0.21484,3.3181,0.158
-1.4014,-0.55391,1.7405,-0.23193,0.15961,-0.033398,-0.15143,0.094749
-1.3443,0.96801,4.5368,1.4834,-1.5893,-0.039751,2.9642,-0.042395
-1.3361,2.6351,2.1494,-1.6454,5.0555,0.43143,0.24697,-0.083429
-1.1942,1.6057,0.92864,-0.77534,5.5092,0.49056,5.588,-0.17066
3.7175,0.95436,-1.0584,-1.7846,-4.2421,-0.030491,-0.24701,-0.1882
3.7,-1.2303,-0.32676,-3.3678,-7.5402,-0.097791,-4.3067,-0.16131
-1.4034,-0.63642,-2.5871,-0.32394,1.2297,-0.22816,-3.8202,-0.060965
-1.4425,2.008,-3.5008,0.622,-1.4671,-0.42837,-3.3097,-0.025505
-1.4917,1.0485,1.5636,-0.14959,-6.4796,-0.096783,3.8269,0.27066
-1.3176,-1.9718,4.8166,0.53391,-5.6779,0.013174,5.2526,0.40885
-1.3491,-1.2559,1.4423,0.17869,3.0642,0.20744,3.2793,0.22131
-1.3534,2.8885,1.8853,-0.1061,4.7281,0.43277,3.6911,0.12963
-1.4096,0.72956,3.4203,-0.24522,5.0301,0.40136,-0.20073,0.12921
-1.3296,-0.33394,0.06971,2.0761e-06,0.04832,-0.08287,-1.5517,-0.019177
-1.7217,0.44374,-1.951,0.43987,-2.8939,-0.20999,-5.6656,-0.14702
3.7191,1.9245,-0.44309,2.7141,2.2029,-0.64434,-2.0637,-0.097788
3.6927,2.2941,-1.942,-0.32313,5.208,-0.34663,-7.1262,-0.18786
-1.3276,-0.65747,-3.9367,-2.6081,-1.9225,-0.17739,2.828,-0.1726
-1.3954,-0.033917,-2.2562,-0.90083,-5.7003,-0.15093,-0.24914,-0.073718
-1.3895,-2.8612,-3.353,0.76897,3.3025,-0.0057896,2.4728,0.11799
-1.0818,-0.11038,-4.5848,0.40491,2.5673,-0.076581,0.67699,0.18181
-1.2942,-3.1157,0.88381,1.0288,-5.8344,-0.12755,1.2166,0.21948
-1.3769,-2.6297,1.4385,-0.063713,-6.7597,-0.028302,-2.5517,0.18317
-1.3653,-0.72638,2.5034,-0.78619,-1.472,0.0042217,8.37,0.14498
-1.4919,-0.13705,1.3883,0.12107,2.4747,0.13139,-1.252,0.10916
-1.2892,0.78545,-0.56736,2.7749,4.1923,0.32273,0.77812,-0.042006
3.7144,0.58915,-1.4708,-1.9695,-4.3257,-0.10052,-1.3309,-0.13897
3.6906,0.8307,-1.5014,1.1135,-7.7048,-0.12032,-6.0632,-0.13614
3.6755,0.1564,-1.7984,1.942,0.50605,-0.54383,-3.425,-0.19275
-1.2836,1.5803,0.20815,-0.087625,2.9113,-0.55028,-4.9159,-0.17058
-1.3575,-1.6218,-0.10893,0.72145,-2.3435,-0.14823,-1.965,-0.10278
-1.4051,-4.2324,-0.94163,-2.8892,-0.045068,-0.035702,-1.7069,0.17032
-1.506,-3.4698,-0.28303,1.1852,4.9883,0.42226,3.1872,0.28091
-1.4816,-0.79968,1.3649,1.8379,7.2305,0.75153,-1.4361,0.25752
-1.4122,-0.6713,3.9735,2.9192,5.3885,0.52109,8.589,0.27697
-1.3548,0.11459,4.5856,0.041648,1.4887,-0.070651,2.0956,0.25458
-1.3483,-0.86687,6.7073,-0.22604,1.2394,-0.040406,0.3411,0.014483
-1.1606,-0.89991,3.3679,0.48486,5.4027,0.41099,1.6709,-0.040229
3.6988,0.42616,0.13042,-1.3463,5.4041,0.40795,3.5647,-0.12183
3.675,-0.2275,-4.1663,-2.6934,-5.3878,-0.065825,3.2959,-0.22155
-1.4345,-2.8533,-1.9818,-0.93967,-6.5887,-0.077075,-5.0648,-0.14766
-1.4801,1.672,-3.5412,0.49615,0.056503,-0.21224,1.4973,-0.14841
-1.4403,-2.4845,-5.3151,1.8699,-1.902,-0.28563,-3.0426,0.096453
-1.3932,1.5517,0.99629,1.4777,-7.7603,-0.030779,1.6979,0.12726
-1.3836,-4.3154,7.3848,2.3382,-4.6787,-0.040579,4.5595,0.073916
-1.0636,2.0341,8.2289,-1.2205,0.21349,-0.022995,8.7351,0.088129
-1.2704,-1.2994,1.4481,2.5427,5.1037,0.44369,-2.8622,0.24805
3.6638,2.358,-5.0636,-1.7492,4.5189,0.40452,2.023,0.18526
3.6977,2.6299,-0.30082,-1.0045,-3.6168,-0.11642,-2.3471,0.0086659
3.7238,1.8115,-2.5608,-0.78728,-7.1004,-0.31297,-4.8117,-0.032124
3.6869,4.2935,0.30992,-0.67889,1.6369,-0.85498,-1.1878,-0.074862
3.6659,0.59243,-0.7861,-1.2692,5.193,-0.23396,-4.1606,-0.20636
-1.4134,-0.30012,-5.593,-1.0992,-2.2121,-0.14835,1.1142,-0.17148
-1.323,-1.7905,-4.5327,-0.77427,-2.518,-0.11075,-2.459,-0.12446
-1.266,-1.8651,-1.3333,-0.98503,5.9067,0.46094,0.094229,-0.0023835
-1.3519,1.6199,-2.2926,0.081592,4.247,0.31934,2.2409,0.1691
-1.3886,0.69085,-2.1815,0.91851,-2.1296,-0.094377,2.8676,0.1819
-1.49,0.91305,-0.16617,0.12935,-4.1839,-0.065357,2.1594,0.22513
-1.5095,-1.5626,-1.9667,0.4153,-2.6444,-0.010519,0.0097297,0.20184
-1.304,0.77359,-3.2897,0.48411,4.1818,0.3735,3.7641,0.16114
-1.3836,3.3956,0.87514,-2.8794,5.387,0.52301,-1.3732,0.00099944
3.7024,1.4257,0.80699,-1.159,-5.7337,-0.03866,2.8148,-0.050232
3.6789,1.727,-0.47378,-2.1569,-9.3235,-0.076491,-0.66719,-0.15958
-1.3731,-0.078332,-2.827,-1.5017,0.3898,-0.35598,-1.3067,-0.18798
-1.4132,0.58597,-1.0876,-0.91956,0.88331,-0.27411,-4.9655,-0.19383
-1.4064,-3.8955,0.23382,1.9139,-4.3766,-0.083075,2.2722,-0.039791
-1.6346,0.41353,0.15148,-0.63257,-3.4367,-0.00059141,4.2638,0.033539
-1.4057,-1.8727,-0.31519,0.21182,4.5868,0.4089,2.8166,0.044491
-1.3605,0.3388,-2.7953,2.0796,6.1958,0.64048,0.031204,0.048604
-1.4551,0.071288,4.7641,-2.214,5.0423,0.43641,0.15303,0.15408
2.0482,2.1371,0.90545,-0.32193,1.1957,-0.11023,-3.3559,0.20646
-1.1308,-1.6256,-0.57381,-1.5202,-1.1456,-0.21273,-2.4208,0.09049
-1.3782,0.38098,1.1521,1.6685,4.86,0.087688,-1.4202,0.025581
3.673,2.4243,-1.4515,-1.3935,5.8951,0.27003,-1.4613,-0.046143
3.6457,-0.82532,-0.38487,-0.77275,-4.2776,-0.15933,0.91498,-0.16756
-1.5462,-0.91017,-6.5858,-0.69971,-4.3582,-0.15532,0.66732,-0.21948
-1.4178,0.92726,-2.0393,-1.754,2.5101,-0.11973,-5.6443,-0.19278
-1.4059,-1.043,-7.037,0.64948,1.7156,-0.14189,-1.9236,-0.051497
-1.1139,-1.2196,-0.84094,0.1853,-6.4444,-0.056847,1.4024,-0.044123
-1.2563,-2.3371,2.0313,0.60462,-6.7731,-0.018445,3.055,0.091025
-1.373,-2.2636,1.3026,-0.10133,0.63353,-0.095994,8.405,0.2728
-1.3792,-0.14163,4.6674,-0.1488,2.6425,0.11863,5.6959,0.22498
-1.7683,1.716,-1.1515,0.59063,3.5542,0.26238,0.75682,0.079952
-1.5129,-0.080804,-0.42957,1.0764,-4.7506,-0.12938,-5.7867,0.068659
3.531,-0.29775,-1.4024,1.1333,-7.5146,-0.25181,-8.2396,0.047022
3.6977,1.7956,-1.0319,1.6382,1.6536,-0.71307,-4.264,-0.068169
-1.3924,1.9593,3.4092,2.481,4.4617,-0.2954,-5.8684,-0.097812
-1.1353,0.49306,0.16606,-1.7675,-4.1416,-0.099132,-2.1914,-0.21317
-1.2619,-4.9688,-2.6259,-0.82817,0.51124,-0.12575,-1.1925,-0.22498
-1.3787,-2.6637,-1.3632,2.0082,5.4337,0.48382,0.7721,-0.097472
-1.3731,-1.7614,0.68843,-1.1331,7.0636,0.76462,3.4138,-0.015526
-1.4893,1.8007,4.8916,2.5194,3.3123,0.21402,6.7831,-0.017619
-1.3683,-5.2482,5.0966,0.39405,2.1743,0.041238,-0.27983,0.22844
-1.3297,0.88198,5.4919,1.1051,1.0188,-0.056963,5.4934,0.22783
-1.34,1.4764,4.946,-0.33841,5.5176,0.46637,0.5524,0.09397
3.7375,1.742,0.4082,-1.8281,5.2715,0.46164,5.2268,0.10207
3.7054,2.0907,-0.99547,-0.46049,-6.8253,-0.1352,0.072195,0.0015592
3.6698,-1.6373,1.2226,-2.7001,-7.3221,-0.097938,-2.6209,-0.082479
-1.4114,2.878,-0.20296,0.18749,-1.3062,-0.238,-0.93025,-0.25596
-1.4218,1.4524,0.47024,-0.049852,-3.3976,-0.27609,-2.0079,-0.18959
-1.4214,1.2875,3.2509,1.6956,-6.4738,-0.095102,2.0552,-0.21819
-1.3448,-3.7408,6.3892,2.5586,-5.2507,-0.05052,1.5282,-0.10842
-1.3542,-2.4724,6.5571,1.157,2.7419,0.12408,4.8795,0.0098828
-1.3276,0.70226,4.6092,-1.1793,5.2062,0.44884,0.24285,0.043737
3.7071,0.47539,-2.149,-0.45142,4.5548,0.40093,-4.479,0.12851
3.7684,1.5272,-0.76656,0.09034,-3.2653,-0.14945,-0.56485,0.063061
-1.3557,0.73449,-0.40654,0.42323,-6.1239,-0.28707,-3.7498,0.097061
3.7101,2.0657,-1.0501,1.4977,3.3821,-0.51653,-5.058,0.039526
3.6836,0.98261,-2.7956,-1.0291,5.3571,-0.076684,-7.1099,0.11008
-1.4297,0.77795,-5.1957,-2.6563,-1.9384,-0.23204,1.4752,-0.077515
-1.396,0.37921,-3.3066,-0.29729,-3.9219,-0.19699,0.96218,-0.12488
-1.3879,-2.6034,-0.63949,0.51174,4.8094,0.24052,1.8927,-0.12261
-1.1868,-0.62306,-2.8427,-0.68437,3.4701,0.16495,1.5339,-0.20317
-1.3084,-2.2155,0.41188,-0.075351,-0.35598,-0.052406,3.3721,-0.058239
-1.3728,0.27609,-0.45867,-0.80356,-6.1526,-0.09317,4.6038,-0.068071
-1.3706,-0.48244,-1.0593,-0.99601,-3.0766,-0.05867,5.0956,0.14269
-1.6529,-0.26981,-2.6146,-1.4667,3.7698,0.2935,1.9392,0.19787
3.7509,2.2973,-0.75749,-0.66091,4.7985,0.44759,-0.98871,0.1718
3.7437,-0.46463,-0.33312,-1.389,-7.1216,-0.059831,3.5662,0.21926
3.708,1.6607,-0.057685,2.2668,-7.7288,-0.12651,-4.2437,0.056782
3.729,0.25808,-1.5285,1.9441,0.24328,-0.43699,-4.3515,0.009323
-1.2508,1.8683,-0.7442,0.23866,1.5458,-0.27279,0.17725,-0.077758
-1.5469,-3.661,2.4937,1.3615,-3.5492,-0.14367,1.8232,-0.19456
-1.3816,-1.5344,0.76858,-2.2808,-0.20822,-0.020742,-0.62349,-0.29806
-1.555,-3.2131,0.27352,0.74005,4.7862,0.40343,3.3285,-0.1736
-1.4541,1.2086,1.1572,0.021956,6.7871,0.67558,-2.2311,-0.11597
-1.4079,-1.9147,1.5193,-0.27417,5.5214,0.54817,1.6102,0.047899
-1.3399,-0.36523,2.7646,-1.9215,0.50236,-0.071575,1.0343,0.14958
-1.3428,-0.35945,3.0477,-1.1862,2.5337,0.09166,1.7388,-0.023898
3.7369,0.063672,2.6075,-0.35976,4.9196,0.15974,0.11186,0.17214
3.702,1.3425,-2.1443,-1.2059,4.6968,0.26837,0.37087,0.15438
3.6722,0.78879,-2.9681,-0.85404,-5.5055,-0.068116,3.1813,0.13824
-1.432,-1.4879,-2.6207,1.4779,-5.178,-0.11256,-1.8985,-0.0092468
-1.6992,2.2451,-5.5771,-0.31085,-0.60361,-0.29188,-3.9611,-0.064421
-1.4247,-0.52121,-5.5787,2.123,-0.048529,-0.2103,-2.4206,-0.18402
-1.3882,0.12028,0.066112,0.57932,-6.5792,-0.067622,2.4734,-0.22228
-1.3717,-4.0569,5.7987,0.26038,-5.8322,-0.031915,10.144,-0.075714
-1.237,0.62138,2.4744,-0.82767,1.4886,-0.022154,3.2254,-0.12166
-1.2566,-1.2263,4.7911,1.5682,4.0555,0.35047,3.5673,0.12335
3.6746,1.8456,-1.8777,-1.3559,3.6197,0.28024,2.933,0.11188
3.7318,0.75034,3.0403,0.83323,-5.6273,-0.1275,-4.1973,0.19424
-1.7037,0.22124,-0.13207,-0.21841,-6.9334,-0.33557,-7.2054,0.27994
3.6992,4.0432,0.02496,1.9777,1.8044,-1.144,-3.8594,0.23603
-1.3272,0.20777,-1.9558,0.30262,4.3749,-0.39351,-2.367,0.14922
-1.4023,0.91917,-1.586,-2.7812,-3.8439,-0.11723,0.42704,-0.011729
-1.3315,-3.1747,-2.1011,0.78309,0.13866,-0.18911,-1.9907,-0.10076
-1.216,1.7361,0.78343,0.27947,5.4959,0.43654,-1.6595,-0.20023
-1.4325,0.6762,-0.24304,0.46296,5.3513,0.50878,14.614,-0.23432
-1.3779,0.082854,-2.5389,1.351,1.1017,-0.089275,7.6649,-0.16645
-1.4386,-3.0266,3.1192,-0.19394,-2.9308,-0.066268,1.288,-0.090754
-1.465,-1.2215,0.37125,1.3137,-1.3425,-0.018432,-0.080639,0.017354
-1.2864,1.9876,-1.8099,-1.6815,4.9872,0.43905,-0.44038,0.0047231
-1.35,0.48731,0.33603,-1.7293,4.7843,0.40156,-4.0145,0.18161
3.7225,1.0457,0.59953,-1.9621,-6.0586,-0.092965,1.4387,-0.021464
3.6994,-0.68699,-1.1905,-1.539,-8.4142,-0.10416,-2.5451,0.24796
-1.365,2.9301,-1.1967,-0.017237,1.357,-0.36727,-1.7624,0.14642
-1.3948,2.1271,0.078401,-1.3402,-2.5411,-0.29068,-1.2545,-0.023971
-1.3889,0.63168,2.4939,1.6796,-5.6137,-0.094024,4.0285,-0.09954
-1.5173,0.24412,3.3026,0.15175,-1.3832,-0.021358,4.0864,-0.23469
-1.4271,-1.5807,4.2177,0.31899,4.3365,0.41667,5.0183,-0.22868
-1.3383,-1.5385,0.16919,2.9372,5.8291,0.60514,5.1367,-0.15596
-1.4678,0.0062847,5.111,-1.3772,4.5962,0.41735,2.5621,-0.057801
0.51045,-0.38696,-1.517,-0.2089,-0.19563,-0.10755,-3.5137,-0.014698
3.7825,-1.4846,-2.0679,-0.51068,-0.55915,-0.27267,-2.5221,0.073161
-1.3925,0.1976,-1.3174,0.9095,3.4441,-0.36865,-0.39406,0.3079
3.7105,1.967,-1.8242,-2.3731,5.7802,0.15978,-5.7243,0.24929
-1.5226,-0.25422,-2.2083,-2.8845,-1.8128,-0.13017,-1.6481,0.2491
-1.518,0.71884,-4.2096,0.79204,-4.3221,-0.1737,1.5228,0.09066
-1.3981,-0.49007,-1.6357,-0.84557,4.7319,0.25724,-2.7789,0.0065972
-1.3745,0.90282,-4.6129,-0.0079559,1.7878,-0.02474,-1.7034,-0.12634
-1.0936,-3.4128,2.7596,0.82692,-5.2921,-0.0287,1.5592,-0.17611
-1.2091,-0.80372,4.3751,1.8726,-5.5748,-0.041221,-1.3238,-0.17844
-1.4021,-2.8153,3.7073,0.81914,1.4569,0.011044,4.6908,-0.17333
-1.3471,2.3701,2.3212,-1.1412,3.8264,0.27917,6.5715,-0.072282
4.1118,1.2568,-1.2123,-1.5787,4.3045,0.3903,0.2786,-0.05325
3.7381,-1.1071,2.4708,-0.70494,-5.2518,-0.13184,-3.9514,0.055541
3.7161,0.60206,-3.4344,1.7716,-8.0138,-0.19348,-4.1755,0.052815
3.6929,-1.0459,-3.3365,3.3308,1.6426,-0.37691,-6.594,0.24555
-1.4006,4.0058,2.6809,0.69616,3.4834,-0.11202,-2.8241,0.048945
-1.1633,-0.055135,2.2985,-1.2387,-3.6641,-0.11342,-0.1853,0.063085
-1.3417,-4.3364,-2.0852,0.58356,-0.38168,-0.078955,2.5953,-0.010196
-1.3855,-1.6754,0.23578,0.82372,5.9617,0.58715,1.99,-0.16418
-1.3781,-1.4767,3.4828,1.6115,7.3069,0.82653,-1.157,-0.16815
-1.6718,-2.6359,2.0509,2.4129,5.3164,0.54574,2.532,-0.19195
-1.413,-1.7657,6.9922,0.57476,1.955,0.076842,0.28496,-0.15496
-1.3425,-0.21629,6.328,0.50078,2.7525,0.13383,2.8292,-0.067463
-1.3435,0.59068,2.9779,-0.75692,5.3573,0.40209,-0.20213,-0.055732
3.7343,-0.16288,-1.9549,-0.81922,4.9345,0.33221,5.4049,0.13685
3.7111,0.9203,-2.2518,-1.9864,-6.6308,-0.12922,0.55228,0.28271
-1.4399,-2.3366,-1.8103,-0.25682,-4.872,-0.1068,-6.8014,0.22678
-1.4057,1.9122,-3.02,1.0003,0.82572,-0.29215,0.58221,0.1509
-1.6778,0.78215,-2.7638,1.9245,-2.427,-0.33533,-1.0531,0.17854
-1.4594,3.6998,2.1003,1.1303,-6.8338,-0.13166,4.3236,-0.029277
-1.3445,-3.7382,8.7008,0.8223,-3.745,-0.025947,7.3139,-0.13335
-1.3563,2.1045,7.7634,0.1639,1.1131,-0.067635,7.9764,-0.1562
-1.3486,-1.8397,2.3863,1.6219,5.309,0.53333,-3.8013,-0.16949
3.7162,0.58374,-3.6014,-0.37666,4.3329,0.38806,-2.0387,-0.16572
3.6457,1.2268,-0.6687,-0.3976,-5.9962,-0.12461,-2.3453,-0.1018
3.7577,0.84634,-2.819,-0.42201,-6.5645,-0.26109,-5.5636,0.0068162
3.7132,4.3364,-1.8892,-0.050931,2.6661,-0.63266,0.23696,-0.034972
3.6943,0.16777,-1.5215,-0.018406,5.0341,-0.29939,-0.84116,0.24657
-1.4127,1.6487,-4.964,-2.6405,-3.2719,-0.16197,1.2497,0.32304
-1.3837,-1.5943,-4.3922,-1.6881,-0.67869,-0.11657,-1.5993,0.14384
-1.3781,0.06651,-0.84033,-0.55854,6.2989,0.55345,2.6907,0.038577
-1.0714,4.2858,0.33139,0.20119,4.4563,0.33531,8.1876,-0.021537
-1.3461,0.78676,-1.0317,0.40742,0.54954,-0.036119,5.5057,-0.13296
-1.3568,-0.58902,1.6879,-1.2737,-1.7143,-0.095448,-0.027838,-0.27643
-1.3581,-2.7702,-0.97873,0.017177,-1.0904,-0.066384,-1.2429,-0.1903
-1.6878,0.96039,-0.619,-0.25542,4.4595,0.38208,2.8526,-0.15642
3.7276,2.5383,-0.25794,-0.99767,5.1186,0.49424,-2.3153,-0.10502
3.7229,-0.1967,-1.2888,-1.7873,-5.2651,-0.06639,2.4789,0.056928
3.7077,-0.4476,-1.2414,-1.6087,-7.9225,-0.15821,-1.3698,0.33404
-1.0845,1.6846,-3.3435,-2.1901,1.1931,-0.37517,-0.47727,0.19724
-1.2846,2.1635,-1.483,-0.93323,1.0239,-0.26973,-4.4471,0.20962
-1.4993,-1.6785,0.00035578,1.6049,-3.5308,-0.11606,4.6144,0.17083
-1.3951,-0.013469,1.1112,-1.3062,-2.0828,-0.052965,5.7792,0.089662
-1.7348,-0.48548,-0.086227,1.1078,5.0319,0.4913,0.29051,-0.015988
-1.5235,0.49056,-3.6565,2.6691,6.2779,0.63769,-3.3288,-0.094697
-1.7317,2.2021,2.938,-4.8585,4.6729,0.44273,0.504,-0.22155
-1.3515,-0.15427,-1.2861,0.7028,1.4975,0.0030152,-5.6347,-0.17776
3.5394,-1.5683,0.29408,-1.2517,-0.098393,-0.21814,-4.67,-0.11198
-1.1084,0.52222,0.084164,0.50627,4.5223,-0.048119,-3.439,-0.073474
3.7014,2.0164,-5.0959,-2.1317,5.609,0.12229,-0.2217,-0.041738
3.6853,-0.2874,0.17235,-1.5132,-3.8974,-0.16699,1.0543,0.19359
-1.4186,0.047077,-3.8823,-0.32407,-3.4507,-0.15217,2.0654,0.082531
-1.5424,1.6178,-1.9041,-2.2727,2.6382,-0.1553,-1.3772,0.19882
-1.3804,0.53964,-7.2145,2.4134,1.3771,-0.16201,1.3899,0.36407
-1.3816,-0.53693,-1.7102,-0.59772,-5.676,-0.094101,1.4309,0.058461
-1.3652,-1.5222,1.7979,0.15799,-6.8924,-0.039937,4.6981,-0.057996
-1.1494,-2.9604,-1.4363,-0.82757,0.99334,-0.070792,7.1734,-0.15333
-1.3131,1.192,5.1565,1.0076,2.3775,0.11822,9.0004,-0.19587
0.074437,0.8363,-0.58479,0.31627,3.5066,0.30249,4.0261,-0.1762
3.7239,-0.86085,0.46891,-0.1059,-5.9136,-0.14541,-3.8988,-0.14194
3.7232,-0.5591,-0.59109,1.1809,-7.9761,-0.2595,-8.5143,-0.043442
3.7072,-0.077266,-0.85886,3.132,1.9587,-0.75737,-6.4372,0.14805
-1.4054,1.6958,2.2881,0.78399,3.7931,-0.46931,-4.9626,0.1692
-1.3863,0.42509,0.18367,-1.6263,-4.7798,-0.14135,-1.196,0.062647
-1.2797,-5.6845,-1.9514,0.40687,1.1745,-0.13089,-0.22654,0.23805
-1.2716,0.20555,-1.2466,0.98301,5.1195,0.48362,0.68985,0.23703
-1.4257,-0.61183,1.4547,-0.55417,6.423,0.66584,4.2192,0.087788
-1.3583,1.4737,5.4823,2.1378,3.8027,0.28772,4.3481,-0.053177
-1.742,-4.5207,5.9992,-0.32709,1.2544,-0.068161,-3.2719,-0.10696
-1.4477,0.97709,6.4396,1.22,1.3264,-0.0045318,1.4465,-0.18998
-1.2881,0.12497,4.6906,0.27212,5.4828,0.46945,-1.9127,-0.21675
3.7315,0.014575,-0.38421,-1.4696,4.4717,0.35565,4.5666,-0.093675
3.7026,1.8031,-1.066,-0.9164,-7.156,-0.095955,1.8975,-0.055002
3.7146,-2.0596,1.2674,-2.3844,-6.8104,-0.10134,-1.8306,0.035462
-1.3565,3.1676,-1.5065,0.5266,0.09214,-0.3282,-2.3372,0.23004
-1.3977,-1.1708,-4.3669,0.96958,-2.6046,-0.31348,-3.0459,0.35047
-1.3878,0.30662,2.8147,2.1465,-7.5349,-0.064548,2.8607,0.34613
-1.5606,-3.4456,5.5382,0.56926,-3.058,-0.1071,5.0525,0.13352
-1.3828,-1.3551,6.5447,1.6191,1.8695,0.065656,10.665,0.054129
-1.3467,0.24773,3.1091,-0.064111,5.5913,0.57393,3.3892,-0.062644
-1.3466,0.46573,1.6091,0.42122,3.8772,0.31168,-3.8525,-0.12098
3.7244,-0.30944,-0.33366,1.1378,-3.9299,-0.15962,-4.8243,-0.14697
-1.2436,-0.37381,-0.61786,0.86605,-3.9219,-0.3543,-5.3176,-0.21697
3.72,0.31325,-2.0851,1.64,3.9361,-0.41473,-5.0893,-0.12018
3.701,-0.44503,-2.6107,-2.3884,5.2534,0.12685,-6.1514,-0.063885
-1.7162,-0.85986,-7.1109,-2.377,-2.2494,-0.14293,-2.6416,0.067807
-1.5426,1.8325,-1.2033,-2.0672,-2.0352,-0.16517,-0.014731,0.031081
-1.378,-1.3806,-0.68146,0.54779,5.0967,0.35869,2.9686,0.37853
-1.3681,-1.1917,-3.4177,0.54074,3.2195,0.1637,2.7142,0.30505
-1.2339,-1.3601,1.6903,0.80338,-2.136,-0.049916,0.65637,0.14557
-1.2156,0.5584,-0.53036,0.12576,-5.3403,-0.091322,2.8685,0.070995
-1.3881,-0.04425,1.8094,-1.5093,-1.9664,-0.11178,6.9289,-0.085522
-1.3365,0.87042,0.063356,-1.3442,4.4804,0.41024,4.9579,-0.14376
3.736,1.8757,0.55851,-0.97701,4.0383,0.33111,3.2246,-0.11855
3.7378,-1.2404,-1.2957,-1.6317,-6.3228,-0.10928,-4.9493,-0.17684
3.7157,0.51667,-1.5762,2.1749,-8.1498,-0.1775,-3.1439,-0.10034
-1.4014,-0.86103,-1.6226,0.86633,1.2725,-0.36585,-7.2736,0.02081
-1.3802,3.0533,-0.048351,-0.95539,0.76649,-0.30757,-1.3308,-0.017303
-1.1813,-3.6269,1.1613,-0.20085,-3.7845,-0.12519,0.066961,0.22131
-1.3684,-0.18779,-1.7391,-1.2774,-0.74549,-0.076998,5.3365,0.23876
-1.3677,-2.3204,-0.78358,1.9419,5.317,0.52726,-2.6166,0.21627
-1.3526,5.2521,0.23944,0.62826,6.4302,0.69415,-9.5994,0.053375
-1.5967,-0.68885,2.7993,0.58215,4.7269,0.46948,0.69794,0.051062
-1.3558,-0.034193,3.6535,-0.4847,0.22597,-0.076504,1.5997,-0.051862
-1.3297,0.013227,7.2073,-1.176,2.42,0.12467,1.2515,-0.10837
-1.3416,-0.039408,4.4499,-0.79551,5.2094,0.30154,-2.0677,-0.16849
3.7231,1.6507,-2.046,-1.4419,3.3374,0.14629,6.6368,-0.14116
3.7094,-1.0162,-1.6296,-1.75,-7.0593,-0.086194,1.3437,-0.11777
-1.3892,-1.8989,-2.1015,0.076826,-5.4513,-0.14294,-4.086,-0.0053041
-1.3804,0.45143,-6.436,0.73155,-0.5603,-0.44518,-2.217,-0.010196
-1.6921,0.69756,-4.8286,0.51514,-3.4463,-0.26633,-4.0748,0.25952
-1.4333,-1.4856,-0.47952,0.82725,-7.3906,-0.093979,2.3277,0.51723
-1.3154,-2.0402,7.6686,1.4983,-2.9674,-0.06252,5.9633,0.24216
-1.3344,1.6029,3.8418,1.7417,0.37614,-0.051777,8.3416,0.13775
-1.3297,2.1705,1.3614,0.30948,4.0403,0.30839,-1.733,-0.0020185
3.7436,1.3343,-3.6241,-1.4157,2.3999,0.11895,2.565,-0.069872
3.7377,1.3546,1.3591,0.21098,-7.2934,-0.19738,-3.5135,-0.13237
3.881,0.29593,0.25225,0.89155,-5.3049,-0.36196,-9.0267,-0.20524
3.7171,2.8326,-1.346,0.18315,2.798,-0.80243,-4.5331,-0.11473
-1.5655,-0.088324,-2.2633,2.3361,4.5382,-0.12729,-2.0045,-0.1479
-1.3828,-0.7921,-5.4835,-1.1341,-3.7326,-0.15082,0.30952,-0.02789
-1.3556,-4.8055,-3.9711,-0.72301,1.6988,-0.06786,-2.848,0.32815
-1.3569,0.54476,-2.2166,-0.54842,5.6248,0.46648,-0.22867,0.1435
-1.0814,-0.51221,-2.1241,1.4992,5.1461,0.47131,7.9642,0.17475
-1.3005,2.257,-1.4315,2.1915,0.2283,-0.046868,6.0139,0.089735
-1.3358,-1.6198,3.5704,0.21727,-1.7773,-0.088877,0.23613,0.14323
-1.3312,-1.2716,-0.24626,0.052053,0.824,-0.083332,0.62807,0.035243
-1.5379,2.1039,-1.855,-1.678,5.0736,0.47062,1.1795,-0.069118
-1.2924,2.2152,0.34996,-2.5057,4.4076,0.39467,-1.4498,-0.14919
3.7331,0.37335,1.4168,-1.8246,-7.0677,-0.10135,1.711,-0.15961
3.7142,-3.0835,-1.6115,-0.052081,-8.5743,-0.16917,0.16805,-0.18078
-0.95991,3.6531,-1.864,-0.88828,1.1339,-0.37614,-0.60321,-0.085205
-1.2271,-0.45449,-2.4585,-1.2743,-3.2396,-0.25307,-1.5732,-0.038039
-1.3797,0.050898,2.0935,2.079,-6.3495,-0.08475,2.5793,0.21654
-1.3464,-3.0032,1.216,-0.010018,-0.4182,-0.087497,4.2746,0.34718
-1.6568,-0.45414,2.4947,1.4566,4.2272,0.40698,1.8252,0.23849
-1.5292,-0.58568,1.1659,3.6562,6.0341,0.60969,6.7195,0.23727
-1.7586,1.6851,7.3889,-2.4917,3.6924,0.28599,6.5195,0.12023
-1.4743,1.333,0.16854,0.92046,0.75842,-0.15814,-0.26116,-0.017254
-1.3302,-1.125,-0.81081,-1.3719,-2.0191,-0.33982,-4.0643,-0.064688
3.7367,2.0975,-0.81144,1.3382,3.7236,-0.40026,-3.8619,-0.17725
3.715,0.78194,-1.9942,-2.5867,5.2039,0.060786,-4.1749,-0.20225
-1.3851,-0.015659,-2.1913,-2.6554,-4.6101,-0.18522,-0.8689,-0.19726
-1.3753,-0.095221,-4.0807,-0.11192,-3.8351,-0.20784,-0.93696,-0.087542
-1.5934,-1.063,-0.43116,-0.23403,4.1897,0.17935,-0.88556,-0.0081273
-1.3907,1.8769,-4.0199,0.85998,0.59776,-0.19226,-0.29393,0.26027
-1.3432,-3.5895,0.68843,0.46197,-6.3039,-0.070767,1.0429,0.035803
-1.3223,-1.0171,-3.0903,-0.87478,-6.5545,-0.10611,-2.5541,0.04841
-0.936,-2.293,2.6625,-0.12472,-0.44219,-0.067032,3.5193,0.23092
-1.2944,4.1344,7.0459,0.91808,2.6819,0.18545,3.6955,0.12376
-1.408,1.552,1.9415,0.17897,2.6791,0.11238,1.3388,-0.00036348
3.7423,-1.0772,1.3272,1.0055,-5.5461,-0.13926,-5.7389,-0.088223
3.7106,2.1657,-2.2742,0.19141,-7.6938,-0.28223,-6.0686,-0.11945
3.6898,-1.0302,-3.2379,1.1934,0.97306,-0.72078,-6.0085,-0.22853
-1.3839,1.7793,2.8837,-0.14115,1.9022,-0.359,-0.96402,-0.21079
-1.3683,-1.6331,2.1152,-1.485,-4.9408,-0.14464,0.66902,-0.064591
-1.2987,-4.2984,-0.92473,0.74215,0.29475,-0.18841,0.87625,0.092826
-1.2845,-1.7135,0.15288,1.545,5.5599,0.52703,-0.7942,0.10164
-1.3256,-1.0112,3.1805,-0.02323,6.7299,0.73255,-1.5713,0.2528
-1.3395,-2.6851,0.60169,1.2993,4.7516,0.47593,1.5971,0.4027
-1.5619,-0.68761,5.3538,-0.00249,0.76124,-0.069194,1.4898,0.10621
-1.5188,1.2525,5.3667,2.3771,2.1532,0.036187,3.2699,0.056149
-1.2638,1.8518,2.709,-1.4393,4.5388,0.19691,-2.416,-0.0037708
3.7314,1.2392,-0.32491,-1.7785,4.1323,0.27637,3.8385,-0.10399
3.7074,1.0958,0.15762,-0.87588,-7.99,-0.093574,-0.74644,-0.16533
-1.2164,0.28862,1.1494,-0.095564,-4.5071,-0.08889,-8.1327,-0.23664
-1.3799,1.7892,-2.5211,0.66009,-0.38156,-0.38222,0.89526,-0.15255
-1.3639,-1.2215,-2.4198,2.4484,-3.002,-0.24616,-1.5155,-0.11091
-1.3526,1.475,2.3321,0.098073,-8.4547,-0.082613,3.5217,0.025362
-1.5375,-3.3996,7.3022,1.661,-2.1503,-0.037948,6.7617,0.14145
-1.4189,2.046,7.5106,-0.87438,0.90312,-0.066307,8.2604,0.073916
-1.6981,-0.15493,2.2724,0.76712,5.1487,0.45839,-3.8711,0.27609
3.7909,0.27835,-5.2169,-0.24269,3.5304,0.25557,-4.3267,0.11327
3.7506,1.6433,-1.9519,-0.82359,-6.9372,-0.15304,-5.4383,0.10057
3.7069,-0.2179,-1.9069,0.85933,-5.7474,-0.3261,-6.3555,-0.010342
3.7004,2.8742,-2.2402,0.91556,3.4287,-0.57691,-4.8289,-0.087785
3.682,-0.3881,-1.1778,0.6553,4.8881,-0.046939,-5.6983,-0.16547
-1.6315,-1.1425,-5.3768,-1.3846,-4.7677,-0.17317,-0.34908,-0.19125
-1.494,-2.6715,-5.1291,-0.0072558,0.096405,-0.15,0.14131,-0.16503
-1.3903,-2.3369,-1.0423,-0.062017,5.6498,0.43061,1.4863,0.10979
-1.3637,-1.5166,-2.6346,0.044115,3.049,0.17506,6.5484,-4.709e-05
-1.3183,-0.00087587,1.3865,-0.15581,-2.2309,-0.03669,2.4946,0.13396
-1.2032,-1.2853,0.54539,1.2654,-4.6861,-0.056193,2.6687,0.20317
-1.3305,1.4257,-0.70274,-3.0103,-0.5962,-0.026024,4.03,0.24168
-1.3422,2.2789,-5.7774,-1.3392,5.2809,0.47724,5.0712,0.088007
-1.3303,2.0085,0.87545,-1.5178,3.4659,0.21012,5.9262,-0.026283
3.739,0.406,1.7556,-1.482,-7.1508,-0.050905,-1.4353,-9.5766e-05
3.7098,-0.4223,-2.0287,-1.0358,-7.6731,-0.2937,-4.7972,-0.10514
-1.3795,0.53356,-4.2598,0.39601,1.5818,-0.47465,-4.0138,-0.191
-1.3584,3.1365,0.65813,1.1027,-2.4535,-0.20475,4.4953,-0.10864
-1.145,-2.4507,2.4031,-0.4972,-4.5092,-0.12797,2.3048,-0.13274
-1.3202,-1.8253,-1.5698,-0.55075,0.17625,-0.11553,7.294,-0.035361
-1.3429,-2.951,-2.4154,1.4489,5.2362,0.53001,1.0571,0.11303
-1.3328,1.0278,0.15553,1.2399,5.417,0.53336,4.7366,0.049042
-1.5212,-1.1752,-0.58028,2.0587,4.4873,0.35894,-6.1323,0.23228
-1.3859,1.6638,2.7702,-3.1804,-1.9472,-0.12951,-1.5507,0.2363
-1.1784,-0.085884,1.2583,0.10031,1.9489,-0.050417,0.68881,0.18952
-1.3186,2.0174,2.4265,0.1223,4.8309,0.0077706,-0.82141,0.080049
3.7298,2.393,-5.5213,-4.138,2.1697,-0.04794,7.9279,-0.025821
3.732,0.58505,0.55287,-0.68669,-7.1358,-0.15303,-0.82072,-0.12225
-1.3987,2.0892,-2.0257,-0.1615,-1.6484,-0.19695,-3.5882,-0.18628
-1.3564,-0.73407,-4.8907,0.32372,0.88807,-0.33018,-2.6749,-0.19986
-1.5146,-0.80934,-4.9825,2.0604,-2.7011,-0.14305,-1.7019,-0.25856
-1.4592,-2.6647,0.76113,-0.70131,-6.5482,-0.050346,1.8081,-0.088929
-1.2877,-1.3422,3.2475,0.85485,-3.1803,-0.05994,8.6918,0.0079114
-1.315,0.45753,5.4287,1.533,1.8206,0.011929,6.9348,0.19653
-1.3107,0.81972,1.0603,0.44314,3.6595,0.29815,2.1226,0.10142
3.7744,2.1428,0.29328,-0.38861,2.1558,0.061254,0.95955,0.059921
3.928,0.98365,-2.3814,-1.1833,-8.7764,-0.12341,-5.1491,0.15864
3.7373,2.2531,-1.7379,1.9765,-3.6296,-0.25741,-8.5189,0.060627
3.7051,2.6414,-3.5374,-1.9566,2.6127,-0.61687,-5.7357,-0.039231
-1.533,0.84398,-0.5209,2.0847,3.1681,-0.12637,-3.5125,-0.13651
-1.4094,-1.0186,-0.94993,-2.0179,-4.2007,-0.063252,0.9044,-0.14717
-1.353,-3.6611,-0.74878,1.3051,3.4409,0.21733,-2.7286,-0.18331
-1.3559,1.7334,0.80393,-1.1476,6.2193,0.63711,1.4937,-0.11534
-0.98235,-0.37896,1.7681,2.2684,5.835,0.59798,-1.4306,-0.090219
-1.2786,-1.1357,2.251,0.95626,2.4603,0.14133,-0.95216,0.039113
-1.3278,-1.3385,6.0494,-1.8582,-1.8916,-0.05634,3.6773,0.23907
-1.3162,-2.0828,3.2949,2.0691,3.126,0.2186,2.6126,0.18972
-1.4807,0.34532,-0.88179,-0.15624,5.9692,0.5512,-1.3018,0.21812
3.7802,0.78378,0.10317,-2.6769,0.56929,-0.051123,1.964,0.23128
3.7484,0.0082755,-0.38364,-0.49146,-6.6682,-0.10241,-0.9357,0.090076
-1.3897,-0.11302,1.2203,-0.36429,-4.249,-0.15387,-0.2684,-0.052228
-1.1919,3.3181,0.31436,-0.03086,0.49547,-0.32733,-3.9595,-0.12909
-1.3011,0.21585,-0.51653,0.037114,-3.5361,-0.23046,-0.87644,-0.20982
-1.2758,-0.47084,3.1562,3.4796,-5.1191,-0.029393,3.4762,-0.23481
-1.3229,-2.8128,4.2137,-0.49942,1.4363,0.00098088,9.5408,-0.16849
-1.4908,-0.054975,4.3074,-0.55648,4.4884,0.40153,0.33861,-0.12879
-1.4205,-0.96391,0.13648,0.75633,6.4646,0.66479,1.5257,0.070581
-1.3297,1.9282,3.0756,-2.1287,3.2099,0.19243,-4.0365,0.17127
-1.3281,0.47234,-1.6396,1.1619,-2.7831,-0.174,-4.7844,0.06345
-1.2907,-0.46756,-1.5101,1.861,-0.26737,-0.36013,-4.6377,0.042666
3.7734,3.3297,-0.14992,-0.19473,4.1618,-0.71851,-2.692,0.067856
3.7418,0.64581,-2.17,-3.408,3.9793,-0.09351,0.89729,0.09397
-1.3473,-0.13215,-6.263,-1.9891,-4.1742,-0.24292,-0.72938,-0.06683
-1.3375,1.7118,-1.2682,0.47846,0.083098,-0.18864,2.1111,-0.094624
-1.4971,0.73845,-0.10291,-1.8228,4.7089,0.1937,1.6819,-0.21724
-1.3328,1.1553,-0.58586,1.7727,1.4743,-0.074085,-4.3819,-0.22663
-1.3048,-3.2044,0.08771,-2.7104,-4.0236,-0.044198,-1.3626,-0.15379
-1.2895,-1.6063,2.1301,0.6777,-4.7789,-0.0083951,-2.6525,0.0094934
-1.0736,-1.697,2.4969,-0.40495,-1.1147,-0.038942,2.4602,0.047363
-1.1879,1.316,0.75533,-0.37346,4.5069,0.42975,6.1293,0.14138
3.7951,1.2455,-1.3704,-0.79269,2.6237,0.13328,1.0229,0.055541
3.7441,-0.40458,-0.87563,-1.7185,-7.2775,-0.076222,-3.0905,0.2217
3.7584,2.5571,-0.92847,0.28899,-5.8252,-0.21375,-5.7269,0.19422
-1.3896,1.5888,-1.1939,0.24171,2.9293,-0.27022,-4.4855,0.073526
-1.3163,2.9964,2.6532,-0.84751,-0.31699,-0.27709,0.21513,-0.056292
-1.3226,-3.198,1.1674,-0.77096,-4.2036,-0.12488,0.78457,-0.1931
-1.1347,-1.348,-2.6902,0.79873,1.4121,-0.012528,9.6534,-0.19237
-1.2049,-1.203,0.093312,1.0168,6.4892,0.67985,-0.49963,-0.22977
-1.2482,1.9284,1.0068,1.4198,6.5123,0.67634,2.6832,-0.13885
-1.2955,-3.2884,0.64468,-0.68955,4.6611,0.44125,-1.9514,-0.042955
-1.2934,-2.3579,4.3313,1.849,1.2494,-0.057155,-1.6571,-0.010756
-1.4553,0.3013,5.1529,-0.30089,3.3193,0.16486,-2.0425,0.03534
3.7952,0.54271,5.4759,-0.40992,4.6437,0.18756,-1.3227,0.15024
3.7651,2.9913,-0.46232,-0.98798,2.7801,0.1034,5.4818,0.067904
3.7321,0.25493,-2.149,-0.33598,-6.9657,-0.11083,1.3936,0.038261
-1.2328,1.8028,-2.7905,-1.9277,-3.1027,-0.135,-4.3702,0.077664
-1.3007,0.13249,-4.6722,-1.196,0.3779,-0.40274,-4.7916,-0.055805
-1.3349,-0.64837,-3.0213,1.3585,-4.1188,-0.20862,0.10183,-0.19521
-1.3263,-1.1544,3.5406,1.6621,-7.5935,-0.082966,4.8661,-0.2041
-1.5411,-2.8247,7.1355,1.5233,0.33382,0.0043757,8.0401,-0.2214
-1.3566,1.2749,4.8614,0.23498,2.0204,0.06463,13.088,-0.13507
1.2581,-1.1283,-1.5924,0.92749,4.6863,0.40564,-5.4522,-0.061646
3.7758,-0.80474,-3.1486,1.4826,2.3907,0.061832,-2.2788,0.011805
3.7872,0.14016,-2.2785,0.28842,-7.5313,-0.19657,-3.2108,0.044077
3.8466,1.8288,-0.90581,1.1751,-4.2134,-0.47079,-7.7248,0.20225
3.7532,0.83244,-2.8283,0.064758,3.7088,-0.58784,-5.4721,0.28371
-1.3626,1.764,-0.9206,0.70007,4.2046,0.04315,-3.2408,0.172
-1.4908,-1.441,-5.9348,-1.0913,-4.238,-0.16413,-0.091518,0.030278
-1.443,-4.6268,-1.6467,1.2392,3.4699,0.14829,0.95915,-0.075957
-1.4009,-0.37347,-1.7626,0.5585,5.9999,0.53443,2.482,-0.23109
-1.3226,-1.8029,-2.9301,1.0815,4.5615,0.37519,4.4124,-0.15481
-1.3073,1.3221,-2.9064,1.2715,-3.0958,-0.034322,1.5786,-0.15313
-1.1652,-1.5989,3.0708,-1.4435,-2.4709,-0.092535,-2.4629,-0.14919
-1.2436,-0.58859,-0.47915,-2.0345,1.2377,-0.070837,4.341,-0.027476
-1.3092,-0.26043,-3.4959,-0.14659,5.183,0.51317,4.0506,0.018644
3.7707,2.0256,-1.8984,-2.0329,2.2583,0.03869,1.5733,0.009542
3.7493,0.43963,2.3849,-0.58794,-7.2248,-0.096244,-5.3947,0.09195
3.7237,-2.4129,-0.2596,0.9601,-3.7268,-0.19672,-6.7104,0.25151
-1.3668,3.6382,-2.3917,0.5571,1.0056,-0.48914,-3.7736,0.20152
-1.3472,0.77845,1.1014,-0.84324,-4.9299,-0.22979,2.0239,0.0022407
-1.1569,0.9814,3.9049,2.5766,-6.2637,-0.065216,3.3138,-0.099346
-1.2973,-1.8247,0.094879,0.19716,1.9919,0.042733,7.0609,-0.17723
-1.3279,-0.26992,-1.2409,1.0809,4.7885,0.46835,-2.1963,-0.22396
-1.3236,-2.166,0.031904,0.42553,6.244,0.61971,-4.3328,-0.19575
-1.286,-0.5822,2.7636,1.2307,2.1509,0.037811,-3.3197,-0.14839
-1.3725,1.1539,0.85079,-0.053038,-2.5864,-0.091906,-1.0454,-0.086836
-1.4,1.4048,1.8741,1.3423,1.1429,-0.36819,-2.6705,-0.014552
3.762,2.554,-0.96295,-0.51211,4.4548,-0.24313,-2.8626,0.14944
3.7445,-0.9468,-4.5888,-2.1758,2.0337,-0.12732,2.3795,0.48014
-1.2876,0.63543,-3.7009,-2.6425,-7.4797,-0.13012,-1.3609,0.23318
-1.4222,0.56684,-0.70203,1.1825,-0.8805,-0.24322,-0.9017,0.075838
-1.359,-0.15393,-4.5033,-1.4966,2.046,-0.1265,-1.3578,0.030862
-1.3396,-0.054834,-2.6764,-0.36375,-5.719,-0.092939,-0.54614,-0.096474
-1.4863,-2.9366,4.9256,0.09982,-8.508,-0.086072,1.527,-0.17606
-1.2742,1.8099,6.4993,-0.34035,-6.6645,-0.078878,7.0777,-0.16657
-1.315,-2.6243,4.6825,-0.56022,2.0409,0.057596,4.6463,-0.15182
-1.3354,0.40232,0.78465,0.094932,4.0721,0.37046,-2.7216,-0.099419
3.7872,-0.47481,-1.1677,-0.25858,-0.29702,-0.061968,0.46033,-0.041129
3.7743,0.16211,1.1207,0.30716,-9.3755,-0.098522,-3.4118,0.084795
3.7423,3.1685,-1.385,0.79483,-5.0972,-0.35874,-3.9724,0.065763
3.7419,2.2205,-0.74607,0.93757,2.4398,-0.76288,-3.0162,0.072772
-1.5155,0.4648,-0.70255,0.37483,1.5018,-0.18008,1.7377,0.20276
-1.4171,-2.7719,0.73241,-1.2702,-3.1235,-0.084827,0.92509,0.10629
-1.3477,-2.0718,-0.28336,1.2206,4.4943,0.34204,1.8245,0.024583
-1.3483,2.8661,0.78145,-0.16157,6.0738,0.57684,3.4196,-0.06795
-1.1969,0.031998,3.017,2.3318,5.4914,0.5593,6.2881,-0.19636
-1.2819,0.31041,4.4592,0.17806,2.9582,0.15497,3.7622,-0.22666
-1.3194,-1.3894,9.6745,-0.93888,-1.7536,-0.073051,1.7486,-0.19621
-1.3325,-2.0398,5.7422,0.08596,4.0062,0.35054,4.0839,-0.14113
3.764,-1.2515,0.052718,-0.77024,5.3842,0.47468,4.9569,-0.073888
3.7393,2.2204,-1.7125,-3.1712,-1.7806,-0.041137,3.5767,0.072967
3.718,-1.0153,0.51721,-0.36748,-7.2928,-0.095789,-0.87738,0.21836
-1.3934,0.50046,-0.074035,-0.33288,-1.8991,-0.18333,-1.9118,0.21617
-1.052,2.8871,-6.1786,0.17268,-0.6533,-0.43349,-3.961,0.054348
-1.2336,0.41216,1.0772,3.4915,-4.6786,-0.19125,2.1552,0.15258
-1.3431,-0.77609,4.8506,1.6283,-7.0694,-0.0052056,3.6892,0.020591
-1.3602,-3.3438,5.4089,-0.3768,1.585,0.04641,8.2816,-0.10392
-1.3159,0.24158,3.8591,2.0027,4.1987,0.4042,0.495,-0.15742
3.6907,0.8681,-4.1605,-1.005,5.9206,0.61845,-0.37346,-0.20855
3.7609,2.1033,5.2551,-0.14787,1.509,-0.017887,-4.3279,-0.14668
3.7552,-0.90776,0.1222,0.33512,-5.8971,-0.21794,-3.2464,-0.065346
-1.1522,0.50691,0.92763,0.03915,1.1736,-0.70523,-0.69176,-0.021026
3.7178,1.7362,0.30782,1.9843,5.1445,-0.53638,-2.7497,0.023293
3.7427,-1.3413,-8.7,-1.0948,1.7238,-0.26057,2.2562,0.18331
-1.4047,0.54373,-5.3024,-1.3903,-5.9342,-0.17039,-2.0492,0.23822
-1.3882,0.31618,-0.90562,-0.53028,2.5138,-0.06827,0.00053358,0.10889
-1.5767,1.7768,-0.60088,-3.8539,4.5163,0.2277,1.8959,0.2389
-1.3624,-0.44231,-0.71502,1.0996,-0.66271,-0.13105,1.0826,0.063645
-1.3547,0.48853,0.28245,-0.25564,-6.5119,-0.076607,2.5171,-0.10375
-1.3422,-0.88809,-1.5524,-0.77822,-2.7048,-0.036876,-0.42967,-0.15345
-1.1067,-0.9913,-2.8714,1.1031,1.2022,-0.023046,1.5606,-0.20042
3.7366,2.9434,0.27162,-2.2813,4.9996,0.45685,-1.4636,-0.1589
3.7266,0.41456,-3.0087,-0.83115,-0.6918,-0.048081,-1.2451,-0.14259
3.7256,-0.014664,-1.9003,-1.1814,-7.7788,-0.13026,-2.693,0.019204
3.7039,0.14979,-2.2734,0.26538,-3.5083,-0.42895,-3.9686,0.13605
-1.4836,1.6681,-1.0833,-0.78568,2.566,-0.38537,-2.0382,0.21172
-1.3952,0.6477,1.8447,-0.51711,-2.4122,-0.13812,1.432,0.078297
-1.3769,-0.65592,0.40084,0.27703,-2.1436,-0.092143,2.1215,0.23277
-1.219,-0.20061,-1.6037,-0.94242,3.5551,0.29731,4.4455,0.13362
-1.2016,-0.35676,-0.58406,1.4991,6.4095,0.66423,2.6812,0.020981
-1.3325,4.0216,3.4168,2.7815,6.0291,0.60462,-2.8112,-0.11207
-1.3565,0.28706,2.2405,-3.4613,2.8869,0.16256,0.15574,-0.20522
-1.4251,-3.9649,3.799,2.0246,-0.47785,-0.059324,-1.3885,-0.16331
-1.526,-1.5199,3.0893,0.70202,5.0441,0.39552,-1.9798,-0.18492
3.727,0.86731,-0.65885,-1.4735,5.6758,0.29171,-1.3838,-0.048601
3.7072,1.0056,-0.83276,-3.6956,0.36432,-0.075432,-0.32444,0.086255
-1.3736,0.64556,-1.0457,-1.1802,-7.2875,-0.14273,0.90682,0.038334
-1.1444,0.67511,-4.3738,-0.65122,-0.53608,-0.20464,-2.4939,0.19363
-1.3311,0.41445,-5.7092,-0.051908,0.27168,-0.3653,-3.5255,0.30508
-1.3962,0.69646,-2.0635,0.43619,-5.4181,-0.10314,0.2912,0.22204
-1.3906,-1.2158,2.8439,1.0445,-7.163,-0.031665,3.96,0.1059
-1.6425,-2.316,5.4726,-0.052338,-0.74203,-0.091835,9.5778,-0.01886
-1.3932,-1.3182,6.1706,-0.21242,2.6535,0.14121,5.0593,-0.13415
-1.3446,1.1556,0.36893,1.9714,3.5949,0.29486,0.47237,-0.18239
3.726,0.52892,0.78582,0.38428,-1.3704,-0.099722,-0.93275,-0.12203
3.7567,-0.8427,-1.2308,-0.1531,-9.2699,-0.24305,-8.2776,-0.1955
3.7033,1.4462,-2.6191,3.9857,-1.1312,-0.62256,-7.2304,-0.12252
3.6886,-1.4895,-2.8393,0.26933,3.6169,-0.69376,-5.4888,0.06547
-1.4203,2.3459,0.92832,-1.603,1.1324,-0.25089,-5.995,0.1306
-1.5231,-3.4648,-6.1708,-0.21213,-3.6761,-0.12224,0.25308,0.092899
-1.5476,-1.7353,-1.8673,1.1356,3.8155,0.16419,1.5373,0.31072
-1.4267,0.41799,0.24713,-1.1839,6.1707,0.56337,0.9832,0.32503
-1.372,-0.6306,-0.96079,2.8538,4.14,0.3772,8.3321,0.097402
-1.3527,1.0909,4.6199,-1.0228,-0.96041,-0.086721,-0.66259,-0.014285
-1.2022,0.45146,3.0818,0.20264,-3.5104,-0.095371,2.6235,-0.11207
-1.3097,1.148,3.994,-0.79227,3.9381,0.3169,4.4873,-0.18657
3.7227,0.88181,-0.093743,-0.50215,5.4741,0.48093,3.9211,-0.1635
3.7193,0.71148,-0.96668,-1.5936,-3.2107,-0.050911,-1.6919,-0.10867
3.7026,-0.25074,1.2504,-1.6438,-8.3906,-0.13724,-2.0665,-0.051838
-1.422,-1.6889,-1.0324,0.34609,-2.146,-0.26443,-0.75423,0.022465
-1.3956,1.7898,-2.4017,0.61822,-0.39863,-0.37977,-2.6693,0.13415
-1.3756,0.49787,2.7706,0.54678,-5.6663,-0.20174,-1.1816,0.24925
-1.1489,1.8796,3.768,1.2725,-6.8297,-0.016032,3.0754,0.34071
-1.3475,-2.8206,0.18759,1.166,2.1861,0.081257,4.2586,0.19595
-1.3659,3.0247,1.3042,1.4499,4.9314,0.42794,-4.7221,0.061236
4.0193,0.78906,-0.41565,-2.7964,6.0724,0.56333,-2.8135,-0.0045739
-1.5419,0.86004,2.5764,0.99619,0.012137,-0.086605,0.13273,-0.10292
3.8883,2.39,-3.0537,-1.3567,-5.1479,-0.18019,-1.5716,-0.12471
-1.3469,1.6896,-0.81433,0.50247,2.0811,-0.24051,-0.83254,-0.18915
3.7111,2.395,-1.4576,0.74497,4.6192,-0.30041,-4.9137,-0.12339
3.6948,-1.5788,-3.6109,-3.9642,0.47737,-0.22105,5.7332,-0.065224
-1.2671,-0.13994,-4.1227,-0.14033,-6.0755,-0.16788,0.92232,0.073088
-1.4098,-1.5468,-2.8458,-1.0239,1.52,-0.19169,1.1093,0.1011
-1.3875,-0.16489,-4.0302,-1.3187,4.0825,0.15015,-1.2828,0.34392
-1.4065,0.45005,-0.38882,0.11816,-4.6238,-0.13147,2.3399,0.23698
-1.4176,-3.0712,2.7722,0.38531,-7.2225,-0.063027,1.6986,0.20926
-1.3173,-1.1969,-0.30753,-0.047553,-4.5244,-0.047375,7.0068,0.11191
-1.3337,-1.1887,0.84499,-1.1112,1.7877,0.055729,0.53564,-0.044658
-1.3643,3.1321,2.6483,-0.31863,4.5579,0.43032,-1.8149,-0.070481
3.7347,1.5567,-0.47186,-0.80736,-2.2218,-0.083878,0.47326,-0.15338
3.724,0.20502,-0.47595,-0.28692,-7.7301,-0.14013,-4.3352,-0.20259
3.7116,0.78891,-1.1365,1.482,-2.6655,-0.3662,-2.3781,-0.14242
-1.4019,1.4526,-1.877,0.20948,2.9248,-0.45365,-3.3153,-0.058142
-1.5463,0.25096,1.9567,1.2358,-1.2701,-0.17914,-0.93104,0.081996
-1.4045,-3.0883,-0.45317,-0.10049,-2.1337,-0.060358,-0.34189,0.21466
-1.3573,-1.0467,-2.0,0.20888,4.189,0.33231,-1.5945,0.35056
-1.3544,-0.13309,1.7653,1.3248,6.3584,0.65365,6.5443,0.039502
-1.1626,-2.112,4.4368,2.7112,5.6777,0.53795,4.8121,0.11222
-1.2411,0.88941,7.1835,0.58971,2.636,0.07047,1.8523,0.11702
-1.3479,-1.3386,7.0795,-0.59595,1.2864,-0.01496,-0.61259,-0.03872
-1.3465,-1.3776,4.4927,1.5535,4.8129,0.35807,4.3293,-0.10015
3.7209,0.04876,1.2845,-2.0209,5.4634,0.35002,-1.243,-0.16525
3.6955,2.6534,-2.3157,-2.7271,-0.13402,-0.043146,2.1027,-0.15196
3.6886,-3.6374,-1.1835,0.88928,-8.2905,-0.13947,0.99379,-0.15688
-1.4017,-0.33513,-4.3613,-1.0758,-1.6246,-0.21565,-3.9832,-0.010756
-1.1007,0.8308,-3.9615,2.4542,-1.3246,-0.44312,-1.4971,0.05997
-1.2841,-0.24473,-0.97711,3.3568,-5.379,-0.10522,-0.061187,0.36047
-1.3574,-3.0915,3.105,0.85323,-6.715,-0.021031,0.38529,0.25292
-1.3719,-1.7799,4.2123,-1.7493,0.9537,-0.1158,5.324,0.28548
-1.4083,0.5079,6.1137,1.3615,3.8762,0.31417,0.86121,0.1757
3.7497,2.9333,-0.66223,0.30294,4.5595,0.38222,6.5042,0.069876
3.7179,4.6158,3.0907,-1.4344,-1.6248,-0.079745,-4.1896,-0.051497
3.7276,0.099828,-2.9929,-0.31302,-7.6156,-0.27722,-6.5024,-0.099492
3.6352,2.7951,1.4062,-1.0187,-0.34538,-0.80622,-7.6792,-0.11911
3.698,0.52577,-0.43108,0.32731,4.6542,-0.6006,-4.5455,-0.22831
-1.3544,0.44733,-4.9619,-2.2418,1.5433,-0.24686,0.76885,-0.14179
-1.3998,0.70498,-3.5853,-2.029,-4.4681,-0.13373,-1.8303,-0.037819
-1.3933,-3.19,-0.73669,0.63966,4.8695,0.24884,0.080004,0.03169
-1.518,0.93157,-1.1803,0.21208,4.7992,0.37079,4.2742,0.30858
-1.3715,-1.0108,-4.4076,0.84226,0.87181,-0.09077,-1.9412,0.35709
-1.353,1.2383,-1.3285,0.52507,-5.9353,-0.053099,2.636,0.11354
-1.3364,-2.8495,-1.1057,1.1019,-3.8133,-0.011142,2.72,0.10344
-1.1151,0.27397,-2.1492,0.25333,1.9011,0.047193,-0.16019,0.064546
-1.2538,2.4247,2.6598,-1.0799,4.726,0.42923,-2.68,-0.041665
3.7181,0.40722,-0.70899,-1.4371,-2.2365,-0.044493,2.043,-0.15067
3.6925,2.0304,1.2424,-3.0778,-8.1413,-0.054409,-3.5347,-0.15506
3.6945,1.5057,-0.20896,-1.2269,-2.1614,-0.36933,-1.4082,-0.18696
-1.5093,1.7141,-1.26,-0.27715,0.97666,-0.50007,-1.9004,-0.16491
-1.2832,-1.7145,2.8111,0.65709,-4.99,-0.1026,1.7807,0.021249
-1.3742,-0.81528,2.8581,-0.87096,-4.3548,-0.013202,2.1609,0.32949
-1.2689,-0.45897,-0.0099933,0.54841,4.4647,0.39237,5.4072,0.17312
-1.1325,0.126,1.3695,3.0202,6.1672,0.63257,2.8339,0.26122
-1.3591,1.3161,6.4922,-2.6452,6.0382,0.61394,4.4359,0.24968
-1.4051,-0.49469,2.8569,-0.79067,1.2442,-0.025331,1.5144,0.14243
-1.3799,-0.14173,-1.1035,0.97387,0.76446,-0.15833,-1.2135,-0.021294
-1.5711,0.37437,2.7515,0.74612,3.7708,-0.023945,-0.95878,-0.038136
3.7108,1.51,0.55932,-0.18378,6.0231,0.28467,-4.7676,-0.14388
3.6858,-0.65128,-2.6492,-3.6873,-2.3698,-0.14057,1.1652,-0.20332
-1.4077,0.34103,-4.0997,0.78418,-6.7404,-0.098888,-0.39091,-0.13843
-1.1299,1.9894,-1.9882,-0.024,1.167,-0.23247,-3.0735,-0.14401
-1.3042,-2.5549,-6.823,1.5869,0.48439,-0.22408,-0.87367,0.060262
-1.3869,-1.2301,-1.5835,2.088,-5.6473,-0.11898,2.1444,0.21269
-1.3784,-3.7577,2.7956,-0.22944,-7.0432,-0.0512,-2.0364,0.12931
-1.4667,0.18275,5.0569,0.13904,-2.231,-0.063919,7.6733,0.19553
-1.3945,0.9801,8.0225,0.0083904,2.9264,0.19962,9.4551,0.23985
-1.2563,1.1407,-1.38,-1.1262,4.4863,0.39731,-0.584,0.13839
3.7323,0.22603,2.276,0.59862,-1.8225,-0.094229,-3.2862,0.024632
3.716,-0.24501,-1.0977,1.0107,-8.9729,-0.22489,-5.536,-0.066952
3.6859,2.6174,-2.851,2.0618,-1.0604,-0.76351,-6.9055,-0.13941
1.6961,0.74434,3.5832,1.2144,3.7781,-0.65659,-8.934,-0.21334
-1.4202,-0.37779,1.1782,0.032084,-0.716,-0.14578,-1.669,-0.167
-1.6449,-5.5974,-1.4187,-1.3831,-2.6524,-0.14171,2.0678,-0.082942
-1.5339,-2.2124,-1.9853,0.93764,5.4356,0.50423,1.0219,0.028599
-1.4233,-2.8036,-0.30335,0.17593,6.5915,0.69962,1.8479,0.21111
-1.367,0.12751,2.3708,3.5289,4.5965,0.42261,0.2373,0.13471
-1.3463,-1.9873,2.718,-0.58513,2.2736,0.099124,2.0329,0.15426
-1.1175,1.0711,5.6312,-0.44226,-2.5209,-0.061474,6.6629,0.26295
-1.3998,1.8753,5.4489,-2.1223,4.5493,0.36385,-0.57955,0.045343
3.7077,-0.015255,0.56888,-0.37279,5.7969,0.51873,4.6906,0.029475
3.6795,3.2444,-0.16456,-1.6948,-5.1449,-0.1185,0.6972,-0.066636
3.6564,-2.5312,-1.6863,-1.675,-7.2964,-0.10296,-3.9351,-0.16997
-1.4379,1.9997,-0.42976,0.3938,-1.1633,-0.21782,-3.4249,-0.23858
-1.4136,0.68996,-1.8562,1.3306,-1.6433,-0.30549,-2.8883,-0.14897
-1.3936,-0.13982,2.2142,-0.20643,-5.6838,-0.10345,2.8226,-0.061013
-1.2257,-1.684,4.6643,2.7626,-6.2722,-0.014254,4.4301,0.15586
-1.2435,-3.432,3.5773,0.14887,2.4812,0.11474,5.4464,0.11629
-1.3925,1.2587,2.9261,0.88982,5.2098,0.47645,-1.8485,0.23379
-1.3837,1.2362,-2.3566,-0.24344,5.9843,0.57995,-9.274,0.23871
4.2074,0.9269,-2.0456,0.50374,0.2486,-0.11679,-3.1727,0.1737
3.7234,1.7641,0.31089,-0.64474,-5.6285,-0.19858,-3.4814,0.11261
-1.3722,0.93912,1.9238,0.87272,3.0789,-0.29297,-2.7999,0.043785
3.682,1.6238,-0.68346,-0.45777,6.1328,0.050011,-5.9413,-0.093675
-1.1711,-0.060703,-8.2868,-3.4609,0.67443,-0.1941,2.6083,-0.20838
-1.3026,0.76051,-5.6288,-0.92064,-4.1243,-0.19077,-0.8701,-0.21824
-1.449,-1.8601,-0.46772,-0.82194,3.7695,0.14292,4.498,-0.15822
-1.3971,3.6638,-0.018968,-0.56981,4.1627,0.25117,2.1788,-0.094259
-1.5356,-1.4902,-0.84924,0.57644,-0.32948,-0.058176,1.2213,-0.030761
-1.4731,-0.21353,-1.5838,-0.042903,-7.3084,-0.098439,-1.4859,-0.004793
-1.2862,0.13794,-2.1662,-0.5679,-2.7584,-0.020845,9.9251,0.2364
-1.3446,-0.43212,-5.3812,-0.43996,2.9257,0.18723,-0.91236,0.22174
3.7257,3.1439,-1.795,-0.71051,5.1735,0.52447,-1.8246,-0.0058638
3.7137,1.0557,-0.54819,-1.8544,-4.0974,-0.090212,0.46907,0.11712
3.6784,0.57845,0.24778,0.66979,-7.6065,-0.14183,-8.6252,0.0028004
3.6503,0.69467,-2.7767,1.5199,0.31139,-0.45295,-6.1562,-0.12999
-1.4394,2.1974,-0.89089,0.93215,2.9191,-0.20883,-1.5462,-0.12845
-1.6217,-1.9325,0.85464,1.5047,-2.5804,-0.12953,-0.1262,-0.17572
-1.4585,-2.5408,0.15925,-0.65502,-0.70257,-0.046412,4.0913,-0.17645
-1.3903,-1.4744,-2.4068,1.6801,4.6978,0.40651,3.0369,-0.072428
-1.3905,0.37707,1.5512,0.26178,6.7753,0.68449,-4.9546,0.012292
-1.1084,-1.18,-1.2884,2.2336,5.3451,0.53077,0.43079,0.1601
-1.2995,0.29735,4.6454,-1.7096,1.9504,-0.022578,2.0545,0.20558
-1.4022,-1.5583,5.9068,-0.051015,1.7379,-0.014158,1.1889,0.22612
-1.3973,-0.25251,5.3156,1.6977,5.642,0.47344,1.8518,0.05722
3.6937,2.2494,-1.7153,-2.9036,5.2787,0.38132,3.7802,0.14829
3.6623,2.3708,-0.64378,-0.90484,-6.2338,-0.08726,2.6878,0.016016
-1.4276,-1.8069,0.25144,-0.43827,-6.4898,-0.11867,-3.4453,-0.10346
-1.4272,0.7035,-3.685,0.10485,0.69539,-0.25961,-0.8278,-0.15593
-1.2359,-0.83807,-3.4085,0.71014,-2.8324,-0.29797,-2.4686,-0.20032
-1.2475,1.3973,0.19083,2.1347,-6.3544,-0.14084,2.9657,-0.18083
-1.4496,-4.8638,7.2836,0.31989,-6.9007,-0.089692,3.0986,-0.012971
-1.3975,0.37348,7.1963,-1.2802,1.9214,0.080417,3.4216,-0.05269
-1.6911,-0.16121,3.8046,-0.062326,4.7097,0.42677,0.30546,0.045952
-1.506,0.90247,-0.6665,0.42613,3.8137,0.27849,0.47645,0.26222
3.7209,1.7862,1.212,-0.66506,-5.3406,-0.19108,-3.36,0.070411
-1.279,0.039358,-0.55041,1.06,-6.7584,-0.19832,-6.7546,0.10653
3.6833,3.903,-1.2689,-1.5415,1.9988,-0.79922,-3.2099,-0.026332
3.6564,1.1203,-2.2485,0.91872,4.9995,-0.33591,-2.3229,0.0033602
-1.409,0.55081,-2.4261,-2.7207,-1.4161,-0.18916,1.9931,-0.10553
-1.4179,-2.1919,-3.7052,0.53724,-2.4547,-0.17299,-0.98192,-0.16192
-1.418,0.42643,1.6368,-1.209,5.8314,0.44717,1.2945,-0.17564
-1.646,-1.5316,-2.0848,0.4249,4.7913,0.40383,8.1111,-0.20986
-1.4262,-0.48788,0.7715,-0.14789,1.8668,0.010338,4.3837,-0.07951
-1.3693,-1.699,0.56209,2.193,-4.0264,-0.024156,6.3194,0.091317
-1.358,-1.887,-1.7934,-0.085853,-1.9859,-0.023277,0.57422,0.095601
-1.0995,0.38533,-2.7173,-1.0519,4.812,0.46907,-3.07,0.20356
3.7222,2.5972,-0.17225,-2.5272,4.7675,0.44126,-1.0855,0.084868
3.6967,-0.26487,-1.1929,-2.4984,-5.8521,-0.10522,-0.88147,0.18035
3.6633,1.1322,-0.91888,-1.1501,-6.6642,-0.13879,-5.0235,0.086425
-1.7092,0.71779,-0.48952,1.3835,2.2513,-0.18997,-0.067859,0.015042
-1.5118,3.2746,1.5055,-1.1654,0.0051042,-0.34977,-1.8346,-0.11507
-1.3336,-3.9737,2.9058,1.6483,-3.7775,-0.095314,0.73416,-0.157
-1.3986,-0.081517,2.4093,-1.5384,-0.93181,-0.078416,1.9198,-0.1811
-1.4264,-1.1806,3.1029,3.0457,4.8871,0.47995,3.92,-0.14617
-1.1619,-0.414,-3.2009,3.0469,6.2871,0.65521,3.6757,-0.1101
-1.3835,-1.0486,4.6786,-2.6469,5.628,0.57185,1.7508,0.055054
-1.3799,0.19932,1.1102,-0.90218,1.3532,-0.045161,-1.21,0.14576
-1.4265,-1.4449,1.5768,1.1192,1.5007,-0.10452,-1.4614,0.017233
-1.4776,0.15425,-0.32781,1.9456,4.4614,0.012706,-1.0217,0.23773
3.6961,2.5861,-1.2984,-1.2356,4.9494,0.1454,-1.0524,0.073697
3.6659,-0.66936,-4.0916,-2.3437,-4.0843,-0.13948,2.3527,0.085647
-1.4235,-0.26366,-2.7157,0.3532,-5.0453,-0.1735,-0.75034,-0.039474
-1.1389,2.0756,-3.6041,-0.61766,1.6258,-0.21104,-3.0267,-0.12069
-1.3721,1.4151,-4.3852,0.82868,0.74613,-0.14246,-6.4747,-0.1983
-1.3914,-3.6426,-0.14957,0.855,-6.0735,-0.044436,1.9896,-0.21247
-1.3877,-2.2808,7.7178,2.9026,-5.6609,-0.059183,8.1175,-0.17175
-1.6506,-1.6375,3.0053,1.1714,1.3764,-0.0088571,1.8651,-0.016499
-1.3289,0.41988,5.7716,2.101,3.1258,0.21984,6.3542,7.4599e-05
3.6457,2.9559,-1.8067,1.3076,3.9089,0.31984,4.1761,0.0058914
3.7289,-0.12477,2.4696,-1.4418,-5.8573,-0.16281,-2.8793,0.024437
3.7332,0.61246,-4.4092,0.047698,-7.6802,-0.26831,-6.4896,0.20103
3.6996,2.2016,-2.6353,0.31057,1.9609,-0.75129,-2.705,0.32837
-1.4159,1.7137,0.078787,0.68178,4.24,-0.31793,-3.8906,0.081047
-1.4064,0.93857,-0.92969,0.93398,-4.6172,-0.19779,-0.27778,-0.044172
-1.6123,-6.0364,-0.84689,0.071508,0.93302,-0.16614,-0.8369,-0.10991
-1.4474,1.7875,0.16847,2.1372,5.8563,0.56836,0.063173,-0.22919
-1.4231,-2.5782,-1.5921,-1.043,6.8006,0.74989,1.6984,-0.18163
-1.3606,0.60991,5.0521,2.958,3.5129,0.26212,-4.148,-0.14011
-1.3429,-3.4455,1.4883,0.12491,0.79537,-0.076119,0.89473,-0.067341
-1.158,-1.1124,5.4103,0.30304,0.36352,-0.063002,1.381,0.035145
-1.3969,1.0758,2.6604,0.11685,4.741,0.41655,-2.8934,0.11502
3.7299,0.25741,0.30814,-2.7996,4.8894,0.38633,5.4455,0.18346
3.696,3.5556,-2.4118,-1.9037,-5.0583,-0.074893,2.6772,-0.023192
3.6542,-0.91036,-3.0116,-4.7027,-6.1967,-0.1287,-7.5124,0.18198
-1.4969,2.7895,-4.7932,-0.86683,1.6252,-0.19937,-0.95291,0.068099
-1.401,-0.67001,-6.9414,0.19839,-2.5875,-0.31964,-3.165,-0.066733
-1.3826,2.7108,0.085102,2.3097,-6.7773,-0.12102,4.7423,-0.13595
-1.1634,-1.4145,3.8581,-0.63889,-2.6595,-0.059068,5.349,-0.21086
-1.2775,-0.28854,0.20225,-1.7426,2.2627,0.13086,8.1165,-0.21369
-1.3694,-0.965,1.0732,1.4833,5.7493,0.59454,-2.6992,-0.15698
3.6925,-0.7073,-2.3271,0.84701,4.7908,0.42562,-5.3888,-0.066514
3.7055,-2.8344,-2.4861,-0.4666,-3.0572,-0.085367,-2.7198,-0.048601
3.8492,0.61618,-0.84017,0.935,-5.349,-0.31332,-7.1367,0.033369
3.8018,1.1951,-2.2628,0.85285,2.9702,-0.52387,-0.692,0.23832
3.6802,1.6707,-0.85228,0.89172,5.8327,0.081803,-5.6638,0.29393
-1.3188,-0.68842,-7.5444,-2.4274,-1.5843,-0.15645,-1.1062,0.13856
-1.2984,0.089893,-5.7139,-1.0553,-3.1257,-0.16846,1.323,0.014531
-1.5195,-0.88987,-0.78241,-0.85202,5.2569,0.31274,3.8834,-0.085132
-1.4037,0.80654,-1.7555,0.19393,2.7397,0.091384,2.5423,-0.20738
-1.6378,-2.8757,-0.98145,1.1715,-3.0612,-0.061372,0.53011,-0.22138
-1.4889,0.79855,-1.4622,-2.0003,-6.4304,-0.073841,3.6131,-0.21269
-1.3376,-0.16238,-0.13772,-1.3153,-2.2691,-0.10203,5.2007,-0.13318
-1.3619,0.035672,-3.4876,-1.5714,3.8244,0.32949,0.44172,0.0060861
-1.3388,1.7008,0.47316,1.3634,4.0874,0.3309,3.9292,-0.0031623
3.7261,-0.99475,0.10262,-2.6736,-5.8692,-0.097695,-2.4314,0.18563
3.6961,0.48057,-4.3149,2.1539,-8.8445,-0.14015,-3.3509,0.19979
3.4403,-0.092653,-4.078,2.9635,1.4534,-0.4747,-6.6668,0.18307
-1.4247,3.936,1.169,-0.32335,1.3327,-0.36571,-1.6082,0.058072
-1.6321,-2.5343,2.495,0.31072,-4.4341,-0.08167,1.8969,0.053107
-1.4295,-1.2347,1.1734,-0.51082,-0.72088,-0.12046,4.7633,-0.065516
-1.3828,-0.84893,1.127,2.7764,5.299,0.49934,0.5006,-0.16691
-1.3785,-0.42032,1.8032,-0.46016,6.7896,0.71904,-3.7817,-0.14031
-1.0367,-2.2821,4.1375,2.8567,5.6246,0.57602,-1.3114,-0.20463
-1.3285,1.6794,5.6345,-1.614,-1.3402,-0.062552,1.4857,-0.13286
-1.3877,0.0067342,2.4522,-0.40724,1.7671,-0.028578,3.4306,-0.10302
-1.3705,-0.043903,1.2074,0.93419,4.69,0.14321,1.4758,0.07944
3.695,1.7539,-1.8158,-2.4968,4.843,0.27673,2.0929,0.095917
3.6694,0.17142,-0.18743,-2.0206,-7.3708,-0.10266,1.8373,0.25458
-1.4534,-1.4918,-1.6886,1.3191,-5.7506,-0.12705,1.3472,0.25056
-1.4233,3.076,-2.7426,0.6939,0.33422,-0.30597,-1.6044,0.035705
-1.1213,0.19153,-3.182,1.5229,-3.3634,-0.28961,-2.2779,0.03792
-1.3527,1.3661,2.6281,0.22659,-7.497,-0.13845,1.7246,-0.095476
-1.4653,-3.8995,3.1598,2.0233,-6.4098,-0.04441,9.4064,-0.19059
-1.3879,-1.6569,5.5098,-0.13767,-0.14127,-0.079424,2.4838,-0.22992
-1.6257,-1.6189,5.7302,0.79216,4.1015,0.38876,-0.50204,-0.16815
4.0515,1.0879,3.5865,0.088741,2.813,0.15857,3.3863,-0.14332
3.7093,0.72109,0.8996,0.014312,-7.4221,-0.12654,-0.62335,-0.045997
3.7084,-0.75985,-4.403,1.8716,-7.6975,-0.23008,-6.3257,0.21228
3.6719,3.2933,-3.2864,-1.006,1.4402,-0.9615,-5.1747,0.026603
-1.2191,0.27412,1.5492,0.2232,4.3667,-0.57643,-7.2728,0.34925
-1.4099,2.0129,-1.0208,-1.3416,-3.8535,-0.22062,-0.062805,0.17876
-1.4302,-2.3947,-2.9916,-1.4417,-0.50979,-0.12354,-1.2308,0.16068
-1.4219,1.1641,0.90763,0.2717,5.5407,0.48027,-0.28476,0.037166
-1.6202,1.7134,1.0723,-0.58251,5.8918,0.62277,-0.98824,-0.065881
-1.3861,0.86994,0.55873,2.0268,1.7426,-0.0029851,4.2928,-0.12254
-1.3812,-1.0171,3.6635,-0.91737,-0.16698,-0.06492,0.23818,-0.21332
-1.37,-3.6156,5.3972,2.6132,-1.235,-0.06021,-3.2602,-0.1497
3.9243,-1.044,0.56399,-1.0785,4.9475,0.41379,-1.0376,-0.11775
3.7,-0.41145,1.4763,-2.8042,4.5973,0.40055,-1.9542,-0.081725
3.6844,0.38517,-0.41708,-1.3066,-7.1814,-0.11084,1.8576,-0.02402
3.6621,-3.3445,-1.9273,-1.6823,-8.8098,-0.13223,-2.9805,0.19711
-1.6848,2.1405,-4.784,-0.083656,0.0037041,-0.38241,-2.1042,0.25886
-1.4547,2.1801,-0.043842,-1.331,-2.9375,-0.32119,-1.1432,0.13564
-1.3595,0.76799,2.0218,2.4345,-4.4091,-0.094698,4.1093,0.17796
-1.4033,0.18331,2.4645,-0.12505,-2.9853,-0.092946,3.7865,0.029889
-1.3892,-0.63899,1.3801,1.2353,4.463,0.44847,5.1074,-0.060916
-1.2447,1.5969,-2.8831,1.8159,6.0322,0.59149,-2.1976,-0.18871
-1.4456,1.0685,6.932,-1.6815,3.8757,0.25653,4.2385,-0.24764
3.608,-0.46485,-1.65,1.3166,-0.5947,-0.090456,-3.3404,-0.21734
-1.3899,-0.6396,-1.3706,-0.60696,-0.74611,-0.27154,-4.0955,-0.096498
3.6918,0.48993,0.99143,0.35342,4.2256,-0.36984,-3.052,0.045878
3.6745,1.3279,-3.7934,-2.1867,4.9906,0.091326,2.0385,0.16034
-1.4459,0.60753,-4.394,-3.677,-4.4923,-0.11972,2.2419,0.2225
-1.4403,1.3053,-3.0275,1.0337,-3.6029,-0.23624,-1.6193,0.055492
-1.1839,-1.0539,-2.3702,-1.0907,2.7912,-0.17416,-0.23788,0.31189
-1.3874,0.93383,-5.7636,1.4733,0.12592,-0.18345,-0.69951,0.16477
-1.411,-3.2683,0.2872,-0.11628,-5.2625,-0.056,2.1249,0.036168
-1.4039,-2.1143,-0.78262,1.7941,-6.3059,-0.0567,-0.43215,-0.078707
-1.5854,-2.844,-1.702,-1.6815,0.98537,-0.093273,1.333,-0.1884
-1.4237,3.6757,4.2057,0.43799,3.0912,0.17094,1.6854,-0.22476
3.6887,1.7868,-1.0975,0.27721,3.1472,0.23116,0.31664,-0.15014
3.6849,-1.6657,-2.1169,0.012218,-7.5817,-0.10856,-2.2947,-0.112
3.6724,2.5575,-2.1201,0.37023,-7.5049,-0.3151,-6.5409,-0.06868
3.653,0.045947,-1.634,-0.047752,1.6958,-0.83154,-3.6399,0.11539
-1.4706,2.1298,0.16358,1.6572,2.7404,-0.20177,-3.0299,0.22235
-1.4412,0.73994,0.49815,-2.3372,-4.507,-0.14971,0.92441,0.14987
-1.5576,-2.3546,-3.4215,-0.88319,2.2288,0.033646,-3.7485,0.23279
-1.5472,0.10489,-1.6785,2.7083,5.7054,0.57603,-0.95712,0.26606
-1.4881,0.08663,0.94953,1.8893,6.0636,0.63612,1.3303,0.024534
-1.3971,1.3973,5.9319,0.32432,3.5236,0.28542,5.6753,-0.10234
-1.3819,-2.5026,7.4019,-1.941,0.045443,-0.042645,3.1725,-0.1073
-1.1989,-1.2626,7.1705,0.64795,2.4656,0.14581,-3.152,-0.20609
-1.4387,1.1742,1.5403,-0.26072,5.2615,0.43505,-2.7489,-0.17316
3.6818,-0.34569,-0.79379,-1.855,3.7894,0.29533,0.11938,-0.12256
3.6616,1.2477,-1.407,-1.4074,-7.7988,-0.060467,2.8003,-0.011316
-1.545,-0.12257,2.4422,-2.0375,-5.1569,-0.10266,-5.1075,0.11906
-1.4544,2.9188,-3.2939,0.12089,-0.08847,-0.30255,-4.2664,0.17828
-1.4258,-2.6972,-4.5745,2.0917,-3.9375,-0.25438,-2.334,0.50509
-1.4066,1.097,0.82058,1.6284,-7.4972,-0.050629,3.6198,0.14106
-1.3216,-3.7902,4.7526,1.4681,-1.2618,0.0095482,7.1862,0.13595
-1.3993,-0.59523,6.2341,1.5486,1.8628,0.016222,9.6202,0.0033846
-1.3934,-0.35496,-0.26303,0.66484,5.4697,0.49271,-2.8796,-0.10438
-1.3836,0.34448,1.049,0.94823,2.263,0.076438,-1.4507,-0.16197
3.6788,0.71488,0.37605,-0.53647,-7.5579,-0.1895,-4.5192,-0.13734
-1.3714,0.484,1.2452,1.3858,-3.9274,-0.28473,-6.0152,-0.20047
3.6736,2.7276,-1.7759,0.31798,3.5312,-0.64509,-3.7532,-0.10952
3.6627,-0.68797,-2.6041,-1.0266,4.7982,-0.066191,-5.2225,0.037385
-1.3298,-0.3841,-4.3359,-2.863,-3.6018,-0.19216,-2.8707,0.21693
-1.3357,-1.2135,-5.044,-0.42357,-0.45828,-0.14895,2.5525,0.14727
-1.4442,-0.20682,0.22905,-0.85573,5.5712,0.36526,2.2206,0.35385
-1.4106,-0.31915,-1.5022,0.48127,4.0351,0.29682,-1.6409,0.20507
-1.5794,0.70129,1.3718,1.2443,-1.073,-0.040547,-0.54862,0.092193
-1.5384,-0.75561,1.1457,1.8504,-5.1355,-0.063277,3.9636,0.0071569
-1.3344,0.35949,0.046853,-0.6578,-1.9045,-0.096231,7.3477,-0.10368
-1.3634,0.7351,-1.1958,-0.2681,4.6973,0.42481,4.7737,-0.12539
3.6834,2.0643,-0.21341,-2.0136,3.1416,0.20212,1.0657,-0.079729
3.6997,-0.70572,0.44632,-1.493,-6.2598,-0.075471,-3.8512,-0.18102
3.6856,-1.5774,-1.0719,0.33055,-6.854,-0.19526,-3.4699,-0.01796
-1.4256,-0.83918,0.083772,1.3415,1.9575,-0.285,-5.322,0.050332
-1.4156,3.7152,2.2751,0.77562,-2.0003,-0.23584,0.67129,0.022295
-1.4822,-2.2563,1.9455,0.41138,-4.1689,-0.084481,-0.36711,0.18078
-1.4147,0.65365,-1.4679,-1.3756,-0.19087,-0.061108,3.2816,0.34545
-1.3812,-2.5425,0.90401,1.3048,5.291,0.50734,-2.0343,0.13907
-1.3785,2.6201,-2.1935,-3.4927,6.4479,0.66152,-6.1539,0.034099
-1.15,-0.91691,5.559,3.9906,4.5424,0.38631,0.26386,-0.0045496
-1.3641,1.1909,3.2374,-2.975,-0.49826,-0.13617,-0.7126,-0.12205
-1.3671,-0.18159,4.9267,0.082466,1.423,-0.10997,2.2768,-0.19246
3.693,0.42863,1.8311,0.67132,4.6619,0.039909,-3.7984,-0.18314
3.668,1.5074,-3.4638,-2.0852,3.7391,0.086058,1.8606,-0.14495
3.6712,-1.9806,-3.7645,-1.4484,-7.3526,-0.14088,2.0634,-0.091898
-1.4167,-2.2517,-4.0814,1.23,-4.4041,-0.17264,-3.2031,0.040037
-1.4192,-0.1761,-4.0488,0.18347,1.3261,-0.32618,-2.3201,0.14895
-1.062,1.7581,-3.4394,0.80475,-3.9891,-0.21986,-1.5779,0.49408
-1.3126,-3.1489,0.71838,-0.48154,-6.8801,-0.068097,1.0391,0.218
-1.4089,-1.3704,7.748,3.5897,-6.0462,-0.061179,8.4414,0.23503
-1.3844,-1.6214,2.4653,0.049657,0.72848,-0.033654,3.5458,0.10392
-1.7454,1.981,6.5183,2.6493,2.5767,0.16087,3.3664,-0.042225
3.7241,3.1413,-1.6173,-0.81353,2.4237,0.098694,3.3824,-0.088126
3.6925,-0.71259,1.9276,-0.92978,-8.2865,-0.12903,-2.9792,-0.13702
3.679,0.8456,-2.757,0.9383,-7.1638,-0.29955,-5.9122,-0.19431
3.6624,2.4662,-2.1771,-1.6037,1.8006,-0.72245,-1.0634,-0.10356
-1.2998,0.40491,-1.3469,0.97696,3.8675,-0.33912,-2.0661,-0.10643
-1.4097,1.458,-0.24328,-0.49351,-4.8184,-0.12045,0.81839,-0.063958
-1.4168,-7.7894,-2.6995,0.15707,1.8768,-0.052162,-3.0301,0.25764
-1.4035,2.915,-1.7543,-0.66694,5.9657,0.58563,-1.6292,0.18499
-1.6302,0.4469,-1.3671,0.020029,6.6732,0.71047,4.0979,0.35874
-1.4072,2.7677,6.0754,1.5777,3.0186,0.20281,-2.5932,0.19543
-1.3718,-3.0292,3.395,-0.80987,1.1987,-0.05197,2.2261,0.09857
-1.3648,-1.3411,4.7725,1.6982,1.4641,-0.026274,2.4608,-0.012605
-1.3339,0.64497,2.7591,-1.8247,4.7302,0.37758,-1.9087,-0.11855
3.6859,0.89133,1.3451,-2.476,4.0842,0.30964,4.4379,-0.18314
3.6622,1.611,0.15483,-2.5773,-6.9374,-0.11071,3.685,-0.20003
3.5279,-1.0737,-1.4059,-3.4168,-7.7143,-0.077357,1.9285,-0.14746
-1.7001,2.01,-4.1155,-0.11294,1.2036,-0.37055,-1.2821,-0.063934
-1.5056,-1.0408,-4.8944,0.43632,-4.1597,-0.30012,-1.0907,0.089322
-1.3692,-0.29122,-0.098182,0.66093,-7.3368,-0.0096529,4.7416,0.36485
-1.3957,-3.4536,3.213,-0.61274,-0.32127,-0.058747,5.342,0.17489
-1.3886,0.88043,-0.04539,-1.6006,2.2401,0.11687,6.416,0.098643
-1.312,1.1419,0.088108,1.189,5.9443,0.58023,-0.50299,0.22311
3.7085,1.5734,1.6392,0.96092,3.5161,0.24069,-4.1235,0.081631
3.6498,-0.92552,-2.8812,-0.85542,-3.3699,-0.10257,-2.4098,-0.027744
3.658,-0.46421,-1.14,0.98258,-3.3044,-0.35066,-6.8179,-0.080435
3.6687,1.24,-1.2084,0.82419,3.528,-0.5935,-5.7001,-0.15143
3.6516,0.77151,-1.6818,-0.25883,5.7456,0.10053,-3.8569,-0.22259
-1.4298,-1.1964,-5.5273,-2.5421,-4.303,-0.17777,-2.1762,-0.17506
-1.4298,-0.27036,-7.8745,0.2338,-1.8724,-0.17976,-0.13021,-0.076054
-1.154,-3.2833,-3.5091,-0.41884,5.0821,0.2833,1.0279,0.14082
-1.3932,-0.72068,-3.6071,0.78222,0.77541,-0.082382,-2.3369,0.28135
-1.4025,-3.0497,0.017039,-1.0472,-4.7236,-0.061667,-1.6835,0.25521
-1.3882,-0.53115,-2.6166,0.50477,-7.1509,-0.092817,-1.0446,0.18524
-1.5542,0.20566,0.75429,0.86546,-1.9236,0.00015944,4.2617,0.23586
-1.466,3.481,0.89249,-0.78808,3.7338,0.23765,3.0261,0.084113
-1.4149,2.7959,-0.16687,-1.4912,3.1626,0.15827,2.0391,-0.022122
3.6897,-1.093,1.3423,-1.4464,-6.1685,-0.043903,-5.7766,-0.09185
3.6665,1.6765,-0.48845,0.064128,-5.8408,-0.27027,-9.5275,-0.18679
-1.4034,0.077415,-4.3496,0.83125,1.954,-0.68559,-4.8497,-0.26857
-1.4328,2.4591,3.2212,-1.2069,0.37426,-0.27418,1.0957,-0.19108
-1.4157,-2.1935,3.6648,-1.8926,-4.4009,-0.12593,0.47399,-0.0049633
-1.6139,-1.6981,-0.23241,-0.15893,2.4062,0.10114,-0.16831,0.024997
-1.5441,-2.1006,-2.1235,3.0667,6.3739,0.68165,-3.0718,0.1408
-1.4261,4.2647,0.57477,-0.3129,7.1832,0.75859,-5.8624,0.083675
-1.3842,-2.0192,1.1558,-1.0381,5.0626,0.43997,-1.9645,0.25256
-1.3763,-2.6998,2.9156,3.5294,1.3544,-0.053446,-1.5004,0.07046
-1.2489,1.8866,4.4497,-0.71291,3.177,0.16246,-3.6766,0.032712
-1.3803,1.4008,4.8746,0.72145,5.4194,0.31811,-2.9182,-0.027159
3.6615,1.0055,-2.1003,-2.2865,3.4063,0.19498,3.909,-0.10176
3.6409,2.2619,-0.38755,-1.7138,-6.805,-0.099857,-1.2325,-0.1304
-1.5248,1.0151,2.0037,0.95539,-3.4744,-0.11648,-5.1448,-0.20502
-1.4639,-0.40169,-5.9712,-0.9169,0.0019508,-0.29194,-3.9802,-0.13515
-1.4176,-0.18887,-3.2125,-1.0977,-2.8794,-0.17417,-1.0915,0.029694
-1.4011,0.51612,2.7319,-0.62713,-7.6551,-0.010243,4.8306,0.15107
-1.2245,-3.1963,7.1815,-0.6002,-1.9928,-0.024118,9.529,0.17061
-1.3823,0.4395,10.042,-0.31302,1.8741,0.02368,6.8435,0.25166
-1.3603,0.26303,5.8447,-0.16177,4.2959,0.36188,2.8421,0.22634
3.6467,2.3066,-2.8955,-0.42787,2.324,0.061876,1.8663,0.15764
-2.0095,1.9798,0.79804,0.81906,-7.6435,-0.1263,-4.6692,0.016746
3.6883,0.68134,-1.3559,1.5116,-4.8205,-0.31681,-4.5471,-0.02991
3.6686,1.5227,-0.9948,1.7134,3.8351,-0.50782,-3.5578,-0.14994
-1.4424,-0.58665,-1.3038,-0.021733,4.8072,-0.10621,0.37807,-0.23155
-1.3033,-0.53139,-5.1072,-2.1641,-4.9495,-0.1085,0.19132,-0.17173
-1.3491,-6.6791,-4.4186,4.3309,2.1578,-0.021159,2.6652,-0.12023
-1.3832,0.47565,0.32792,-1.2528,6.0275,0.57026,0.3448,0.027163
-1.3943,-3.5585,-0.099197,1.0864,4.9305,0.41768,2.8548,0.029548
-1.5772,-0.22826,1.1422,1.8285,1.6504,0.0057234,2.4936,0.031008
-1.5398,-0.48255,3.8392,1.5981,-2.4957,-0.08133,3.3023,0.22342
-1.3307,-0.61081,1.5454,-2.7031,1.7797,-0.0068485,1.0205,0.29228
3.8002,0.4916,-1.6747,-2.7657,5.854,0.58683,4.6643,0.047314
3.6921,1.7284,2.3049,-1.5675,3.1678,0.22019,1.7504,-0.020588
3.6717,0.75966,0.34165,-0.43772,-7.3882,-0.06673,2.3526,-0.027938
3.6435,-1.6405,0.47568,0.29271,-6.0766,-0.17993,-3.9642,-0.15647
-1.4337,1.0614,-5.5668,-0.78081,1.7562,-0.26171,-2.8472,-0.21405
-1.4226,1.0987,1.5228,-0.88849,-2.6389,-0.14918,0.24284,-0.15011
-1.5813,-0.33146,3.1804,1.7241,-5.1557,-0.042273,2.9137,-0.13356
-1.4226,-0.57459,0.53081,0.27429,-0.94375,0.0014879,5.614,-0.074935
-1.3819,-2.46,-0.29836,0.87515,5.4501,0.53019,-3.541,0.087861
-1.3839,-0.14204,-3.2153,2.914,6.3929,0.66301,-3.9177,0.10758
-1.1327,0.93601,3.0989,-0.7267,3.0773,0.10423,1.1118,0.22695
3.4834,1.5749,-0.5645,-1.9073,-1.7718,-0.12521,-1.996,0.20578
-1.6101,-0.048142,0.24393,-1.9847,2.012,-0.10494,0.5514,0.06642
3.6746,1.6443,0.79165,1.3421,5.3022,-0.017129,-4.1024,0.093337
3.643,0.11485,-4.0675,0.7459,3.3969,-0.0020033,6.3585,-0.06958
-1.5144,-0.92406,-6.4484,-0.74651,-4.7795,-0.17572,2.0129,-0.14366
-1.4979,1.4862,0.39301,1.0072,-1.9049,-0.16121,-0.78521,-0.22344
-1.4279,-0.61344,-2.8338,-2.1958,3.194,0.0095161,-0.81028,-0.18803
-1.1548,-0.28177,-4.3096,1.3677,-1.7445,-0.085578,-2.5927,-0.072939
-1.3452,-3.8659,-0.19026,-0.031849,-5.3782,-0.065492,-0.39994,-0.070432
-1.3538,-0.41116,-0.24908,-1.6721,-5.6749,-0.0026514,2.5299,-0.021903
-1.3933,-2.6043,0.56739,-1.0578,1.725,0.028441,2.6933,0.19655
-1.4143,3.4438,3.4007,-0.21061,3.9165,0.33542,0.83802,0.092461
3.7045,2.61,-0.69609,0.45454,2.6376,0.13473,0.047985,0.081899
3.7102,-0.93816,-1.5472,-0.49475,-7.8367,-0.087664,-3.6532,0.1693
3.6643,2.9592,-1.7023,0.21663,-5.9412,-0.3036,-5.8693,0.0069622
3.6383,1.7642,-1.131,0.24273,2.561,-0.56712,-3.8925,-0.046289
-1.2596,1.0963,1.5466,1.3368,2.4798,-0.15913,-0.96491,-0.17849
-1.3745,-0.045078,1.1395,-1.7109,-4.3473,-0.065819,1.6541,-0.18925
-1.4171,-3.6973,-3.3121,-0.21705,3.2094,0.16334,-2.3884,-0.19954
-1.4114,-0.60731,-1.6995,2.6843,6.3652,0.61374,-0.4544,-0.15508
-1.5086,-0.59046,1.1689,1.6085,5.9563,0.60677,3.3335,-0.031248
-1.387,-1.8847,3.9781,1.3815,3.5951,0.27285,-0.9768,0.20899
-1.3742,-3.7356,5.6927,-0.47166,0.91096,-0.051463,0.42777,0.15009
-1.3646,-0.85455,6.9347,0.70536,3.2155,0.19691,-2.1823,0.051233
4.1004,1.0025,1.4583,-0.63258,5.3188,0.34807,-2.6094,0.069072
3.6898,1.5345,-0.16765,-2.0224,2.3031,0.0049533,2.724,0.13775
3.6579,1.0078,-1.02,-1.7094,-7.7711,-0.056963,2.745,0.16165
-1.4404,0.22427,1.5216,-1.2838,-3.5037,-0.14776,-6.2101,-0.079024
-1.5065,3.1834,-4.03,0.1405,-0.71116,-0.39649,-2.3655,-0.13218
-1.4085,-0.98658,-1.8596,4.0518,-4.0879,-0.28627,-1.2855,-0.19392
-1.3395,-0.63232,1.8207,2.1737,-7.3368,-0.050038,3.6613,-0.20137
-1.3911,-4.2159,4.6775,0.44375,0.2929,0.0021809,6.1189,-0.10616
-1.3836,0.1575,6.4196,1.4336,2.4131,0.12077,10.402,-0.082577
3.7623,-0.48251,-0.37557,1.6915,5.3872,0.48953,-1.7669,0.097353
3.6672,-0.0089419,1.9298,-1.3549,2.1925,0.023814,-1.3782,0.16711
3.7165,0.14897,-0.36114,-0.052955,-6.5999,-0.1663,-4.9573,0.1958
-1.3923,1.1373,0.77317,1.183,-3.599,-0.46182,-6.9286,0.014799
3.6738,3.4774,-1.6502,-0.88281,3.0338,-1.1613,-3.8657,0.055103
3.631,1.5121,-1.612,-1.9822,4.7904,-0.23556,-6.7393,0.031251
-1.4274,-0.69807,-4.7582,-1.3754,-4.2299,-0.19527,-0.67905,-0.076225
-1.4221,-0.68039,-2.9453,-2.2367,0.55119,-0.18768,2.3134,-0.11254
-1.1962,-2.1071,-0.82116,0.36782,5.408,0.27646,3.8113,-0.27889
-1.3503,-1.3789,-0.97605,1.5824,3.7504,0.23459,-3.425,-0.24306
-1.3899,-0.81781,-0.97481,-1.0114,-3.3408,-0.033487,-2.519,-0.13639
-1.3852,-2.4365,1.9447,3.2964,-4.9797,-0.064497,0.096309,-0.083915
-1.4519,0.32636,0.11288,-1.2138,-2.1895,-0.071922,5.2366,0.075206
-1.4895,1.8347,-1.1264,-0.17019,4.5521,0.3752,3.5579,0.0077897
0.89312,0.37459,0.59408,-1.7546,2.3408,0.027671,-0.51464,0.15744
3.7109,0.24947,0.64462,-2.4195,-6.049,-0.12084,-4.2277,0.16153
3.6891,1.4021,-1.2723,0.26051,-5.2085,-0.205,-4.3631,0.15876
-1.3493,0.77814,-1.2624,0.26195,2.148,-0.31712,-5.0606,0.051647
-1.3932,2.5163,4.8048,2.1684,-2.2885,-0.19006,-0.13196,-0.054564
-1.3976,-2.8336,4.0013,-1.5682,-4.3466,-0.10515,1.2382,-0.19935
-1.6112,0.46168,-1.6976,0.57343,1.2994,-0.058541,5.274,-0.2314
-1.5419,-0.96172,0.31698,1.7123,6.0895,0.62312,-4.9089,-0.16946
-1.425,2.762,-2.398,-3.1361,6.8996,0.70357,-6.335,-0.14014
-1.3248,-3.3974,4.4756,3.9022,4.3124,0.3439,0.78865,0.022198
-1.3528,0.32909,2.708,-0.65632,1.0779,-0.094088,0.28732,1.5858e-06
-1.1328,-0.081844,5.7288,1.8628,2.7522,0.087765,-2.2976,0.21396
3.7205,0.58011,1.1009,-0.15397,4.4742,0.020201,-4.3104,0.25886
3.687,2.02,-2.9072,-2.3514,3.3853,0.12209,5.59,0.18993
3.5248,0.043956,-0.98104,-1.6297,-7.5409,-0.083698,-0.23356,0.059921
-1.5575,1.1233,-1.0765,-0.2689,-2.2383,-0.19398,-5.4183,0.028866
-1.41,-0.19426,-4.8758,0.6889,1.8729,-0.21999,-2.296,-0.076054
-1.3974,0.078545,-1.9944,1.1341,-4.5791,-0.13271,-0.756,-0.2563
-1.3808,-2.3617,5.6016,-0.69059,-8.3102,-0.045302,4.1892,-0.16547
-1.1795,-0.5354,9.9764,1.8232,-3.5564,-0.029034,9.3634,-0.18893
-1.2562,-1.2257,1.8236,-0.99614,2.3068,0.10762,6.9162,-0.084305
-1.3727,-1.6598,1.2116,2.1049,3.9666,0.35117,-1.5136,-0.0034544
3.6888,1.397,-3.9388,-1.5411,1.8835,0.03647,-1.0952,-0.034364
3.7272,1.4864,-0.93936,0.57223,-8.6079,-0.11614,-2.9408,0.1268
3.697,1.9494,-3.212,0.68518,-6.2597,-0.41377,-4.3878,0.12634
3.6697,2.1147,-3.4083,-0.28427,2.7861,-0.64459,-3.1554,0.23905
-1.4256,1.1084,-1.2629,0.60697,3.3658,-0.066056,-3.7599,0.11011
-1.3601,-1.6073,-3.2688,-0.28853,-4.4977,-0.098529,-0.90338,-0.0041359
-1.3636,-2.2292,-0.62206,0.88394,3.241,0.12306,-2.0842,-0.088734
-1.358,-1.948,-0.64814,1.0412,5.8192,0.52419,2.345,-0.19967
-1.3936,-1.6305,1.0645,3.2745,5.6737,0.56212,3.0281,-0.21607
-1.416,1.2549,5.8199,2.2779,0.022451,-0.054646,5.4881,-0.194
-1.5314,0.92718,3.4649,-0.56532,-3.0456,-0.036953,0.91457,-0.10039
-1.3253,-0.89574,1.1535,-2.2017,1.9777,0.058796,0.94154,0.010443
-1.3681,-1.4184,-1.4237,-2.7534,5.6697,0.52655,2.442,0.10259
3.7103,1.8124,-1.0991,-1.9409,2.3378,0.090043,4.1302,0.038674
3.6879,-0.6918,-0.078968,-0.81707,-7.996,-0.11969,0.32934,0.25477
-1.3596,-1.8268,-1.5254,0.47664,-3.4361,-0.19137,-5.8776,0.28675
-1.4334,3.2054,-4.9656,0.23412,0.71223,-0.41739,-0.84155,0.13997
-1.4184,0.35783,1.0902,1.0958,-4.9649,-0.16976,0.089008,0.013923
-1.5654,-0.06491,1.5175,3.0609,-6.9381,-0.012297,3.6561,-0.075105
-1.4668,-1.4785,0.15013,0.81984,2.1671,0.10301,7.2418,-0.18385
-1.3833,0.55702,-0.62907,1.0202,4.1468,0.38866,-1.7934,-0.16885
-1.3775,-0.77164,-3.394,-1.4246,6.3094,0.65601,-3.8272,-0.12733
3.7763,0.67814,2.1806,-0.92685,0.77614,-0.049724,1.0986,-0.10154
3.4903,1.0864,-0.48144,2.268,-3.3706,-0.12674,-6.1284,-0.066173
-1.2762,-1.3956,1.0375,-1.7599,1.1216,-0.4266,-2.0567,0.075157
3.6983,2.3587,-0.099814,1.6788,5.4819,-0.19876,-3.0746,0.057439
3.6724,-0.82255,-8.9896,-2.6118,3.1355,-0.034598,3.3831,0.26438
-1.6026,1.8052,-2.2141,-1.7239,-6.2447,-0.16091,-0.12874,0.22296
-1.4356,1.8524,-0.42588,-1.2657,-1.2629,-0.19059,2.015,0.061163
-1.4059,1.1161,-1.11,-1.0007,3.7115,0.11233,2.7146,-0.0071781
-1.2888,0.64126,-2.8755,0.5143,-1.9522,-0.1253,-0.99324,-0.13098
-1.3243,-2.422,0.48736,-0.78901,-7.7968,-0.034424,4.0353,-0.19108
-1.323,-1.1719,-0.3506,2.3231,-5.788,-0.077088,3.3806,-0.24754
-1.3781,-4.6314,-1.511,0.25247,0.95982,-0.096841,-0.44883,-0.16844
-1.3863,3.1701,7.283,1.6124,3.2873,0.21568,4.7506,-0.10059
3.7053,2.2973,-1.0016,-2.2097,0.55484,-0.043666,1.044,-0.070822
3.7047,-0.14561,-0.078467,-1.3913,-7.8426,-0.084879,-4.5786,0.13328
3.6827,2.2735,1.1507,1.3621,-5.5201,-0.40002,-7.0098,0.27731
-1.4297,2.7754,-3.2902,0.71396,1.9654,-0.81373,-3.0699,0.069365
-1.1698,2.1037,1.6233,-1.3948,-0.22982,-0.18116,-1.0044,0.1977
-1.3955,-1.0207,2.6105,-0.87498,-4.5614,-0.060595,-1.6775,0.25156
-1.4148,-1.2443,0.063183,1.4171,3.7124,0.24925,-0.30475,0.018377
-1.4072,-1.2397,0.37387,1.7108,6.5665,0.62702,-1.1801,-0.077466
-1.5418,2.8264,1.5443,1.3398,6.1801,0.60205,1.0704,-0.1451
-1.4339,0.29142,6.6282,-1.3663,3.3572,0.23886,4.1382,-0.2142
-1.3631,-5.6312,5.2673,1.8454,1.3405,-0.068187,-2.5259,-0.14975
-1.3733,-1.5113,4.9512,1.2959,3.812,0.21538,-1.1886,-0.092434
-1.1578,0.92564,0.71392,0.23502,5.6374,0.37563,-3.6016,-0.039255
3.7082,2.2668,-2.2059,-2.9307,-0.11162,-0.057893,-0.49772,-0.011705
3.6869,0.22956,-0.095632,-0.56043,-8.0555,-0.10994,2.8949,0.24995
-1.4228,0.64951,1.2313,0.24493,-2.2667,-0.1532,-6.4152,0.28892
-1.3641,-0.19604,-7.1969,0.15817,-1.2254,-0.44289,-5.4742,0.12987
-1.4585,1.728,-1.3349,1.0349,-5.3699,-0.22704,-2.368,0.13897
-1.3617,0.77479,3.3433,0.27062,-8.087,-0.020017,4.7783,-0.025748
-1.369,-1.7903,8.1991,-0.075698,-0.66732,-0.061878,8.4152,-0.13371
-1.3709,-0.059233,9.5021,0.21713,1.3183,-0.0385,8.6531,-0.13899
-1.1687,0.066998,5.3445,1.1079,3.9535,0.2732,3.4361,-0.22646
3.7272,1.1995,-0.10326,-0.74543,1.2243,-0.034803,-2.6113,-0.17878
-1.4167,0.31146,0.65996,-0.81417,-8.4474,-0.1706,-5.9059,-0.1241
-1.323,1.0211,-0.78742,0.87587,-4.1329,-0.47962,-6.157,-0.031127
3.7173,0.78708,-0.059535,2.3228,3.3902,-0.79465,-5.3292,0.22505
-1.409,0.55442,-3.4292,-1.3206,3.4758,-0.26633,-3.128,0.22744
-1.3858,-1.0103,-5.5021,-1.6422,-5.4611,-0.12577,-2.241,0.26684
-1.3854,-3.8643,-1.6718,2.4323,3.0342,0.013187,3.9368,0.17185
-1.2903,0.58085,0.2566,0.037178,5.5505,0.43494,-2.5949,0.13887
-1.3413,-1.7702,0.69533,2.0303,4.3315,0.36786,2.0422,-0.0051094
-1.3541,-0.77998,1.8124,0.66254,-0.0111,-0.056892,1.2917,-0.094624
-1.3532,-1.0177,5.7207,1.8948,-3.6606,-0.052105,2.4717,-0.18886
-1.4425,0.91738,3.3822,-2.8906,0.62759,-0.079417,2.1203,-0.21656
3.6701,0.50985,-0.49526,-0.57543,5.3961,0.48116,4.8798,-0.14152
3.7267,0.31524,2.9397,-1.2785,0.0048922,-0.024246,1.9059,-0.078975
3.7031,-0.2165,-1.201,-2.1797,-6.7229,-0.09378,-3.2064,-0.037917
3.6918,-1.344,-2.4387,-0.53614,-2.9833,-0.28103,-1.0789,0.1508
-1.2814,1.5925,-2.8825,-0.67452,1.4431,-0.38753,-1.7609,0.32447
-1.3619,0.019514,1.9201,-0.50332,-4.7328,-0.13678,0.41633,0.24504
-1.4044,0.72372,2.7034,-0.25573,-5.3667,-0.0040119,2.6787,0.22464
-1.2903,-0.03743,-0.49924,0.094425,1.3197,-0.032088,5.7814,0.093021
-1.4716,0.94738,0.12632,1.956,5.6721,0.53047,-2.3594,-0.01005
-1.4096,-0.024804,1.1629,1.0495,6.5962,0.64054,-0.61976,-0.1498
-1.3513,-1.3584,0.68068,0.94776,3.3104,0.15271,-1.4098,-0.18635
-1.3279,2.9053,0.49753,-1.3817,-3.1623,-0.09765,-0.51658,-0.085303
-1.1419,-0.099396,0.39202,-0.28586,2.3652,-0.12293,-0.97657,-0.14001
3.7276,0.11444,-0.33015,1.7771,5.3884,-0.054806,-3.9725,-0.069021
3.7112,-1.1688,-3.4201,-2.7425,2.2988,-0.058503,2.4242,0.16241
-1.4118,-0.64184,-4.746,-0.43615,-5.9821,-0.13515,0.081661,0.057658
-1.5009,1.4092,-2.4163,1.422,-1.8634,-0.18493,1.1612,0.10517
-1.4197,2.1328,-4.3831,-1.0774,2.6182,-0.065671,-2.6345,0.23803
-1.3698,0.30106,-3.2681,1.0648,-4.5509,-0.1035,0.90988,0.25209
-1.3572,-3.6057,0.62144,0.79471,-7.6355,-0.024394,3.6633,0.10207
-0.99996,-0.17542,2.0864,-1.4352,-5.4072,0.010864,8.0347,-0.035094
-1.2085,-0.49322,2.7937,-2.7668,2.1126,0.082547,4.2991,-0.13427
-1.2601,1.6861,2.1451,0.07603,4.3252,0.36562,-1.2982,-0.19743
3.7254,2.2842,0.63964,-1.727,1.3769,-0.010134,3.2748,-0.18813
3.7719,-1.0079,-0.86124,-0.50474,-9.3182,-0.12988,-1.4766,-0.16664
3.7043,2.5174,-2.3058,1.7652,-3.7243,-0.47524,-6.465,-0.11144
3.7139,1.0148,-2.1291,0.20092,2.8873,-0.76059,-4.2334,0.046657
-1.3972,-0.10624,-2.1223,0.93819,0.80653,-0.21802,-0.24278,0.14245
-1.2903,-3.6785,-0.68454,-1.3518,-4.6013,-0.080881,-0.76974,0.21026
-1.2139,-0.26894,-2.2098,1.7833,3.8383,0.24852,-1.0536,0.38235
-1.3713,-1.1102,0.99742,0.65858,6.2586,0.63738,3.5733,0.2014
-1.3774,-1.7857,0.41471,1.7854,6.3897,0.60497,-3.9661,0.10755
-1.4235,-0.9127,4.0219,1.1758,2.6255,0.047726,-1.1624,-0.031029
-1.6522,-0.67473,8.4248,-0.15325,-0.081894,-0.013882,0.76989,-0.13566
-1.337,-0.79474,4.5082,1.211,4.5816,0.33276,1.9913,-0.14057
-1.3569,0.35217,2.7657,-1.6617,5.4968,0.39039,3.0142,-0.15471
3.7204,1.6945,-0.46063,-1.9358,-0.63349,-0.034161,2.8496,-0.08871
3.7097,-0.57444,-1.0375,0.16342,-7.3041,-0.11306,-3.5061,-0.062303
-1.348,-0.29938,-1.4869,-0.77568,-2.9203,-0.17737,-0.79856,0.045246
-1.396,2.5929,-5.0481,0.94577,-0.69783,-0.34183,-1.5541,0.039916
-1.3918,-0.48109,-0.49638,0.92166,-5.1629,-0.1472,-0.029861,0.18237
-1.61,0.54094,3.1818,2.8305,-7.2889,-0.015082,1.6937,0.33324
-1.4264,-1.4651,3.6183,-1.1249,1.9647,0.013771,8.3506,0.18784
-1.3478,1.6668,6.7924,1.6906,4.1892,0.36504,-1.1963,0.082945
3.7708,-0.36582,1.773,-0.31791,5.537,0.48003,4.593,-0.024482
-1.1168,2.9374,5.1797,0.52702,-0.68347,-0.069008,-0.62891,-0.111
3.7885,-0.15802,-2.3678,0.69787,-5.2208,-0.16667,-5.5651,-0.18837
-1.3675,-0.71505,-1.7462,0.47726,1.4004,-0.44102,-4.0933,-0.19524
3.7175,2.4273,-1.6471,0.75611,5.1462,-0.365,-3.0965,-0.14247
3.4645,-0.048778,-2.4313,-1.7594,3.2664,-0.013799,2.0181,-0.05488
-1.4591,0.22825,-3.4288,-2.8874,-4.8789,-0.086997,-0.67752,0.05739
-1.3977,-0.53076,-2.864,-1.5447,3.2715,0.047334,1.7856,0.27984
-1.3622,1.3881,-1.6686,-2.6251,5.8246,0.44167,-0.7221,0.41856
-1.3475,0.57139,-1.8948,0.51442,-0.89448,-0.053164,2.046,0.12218
-1.0561,-0.78408,-3.098,-0.37396,-6.1882,-0.085302,2.9931,0.1801
-1.3621,-2.1112,1.2646,0.59233,-3.1241,0.0046453,4.8013,0.088737
-1.343,-1.0578,0.091828,-1.349,1.5381,-0.049955,0.02895,-0.042298
-1.348,3.9373,5.1633,-0.086868,4.8042,0.4153,1.7601,-0.063788
3.6937,1.0491,-1.6315,-3.2265,-0.93167,-0.06381,2.8875,-0.1948
3.7321,0.48549,0.81127,0.28808,-7.5094,-0.048492,-1.334,-0.15946
3.7188,1.1412,0.61796,1.3827,-1.3206,-0.22152,-4.158,-0.12359
-1.3733,1.7049,-1.9777,-0.92164,3.2905,-0.28215,-5.2368,-0.090584
-1.1694,0.65778,4.6129,1.3488,-3.0324,-0.13602,2.1422,-0.03558
-1.2929,-1.4642,0.79004,-0.59824,-3.3069,-0.025074,3.1993,0.2831
-1.3679,-0.21404,0.77152,-0.1028,3.7883,0.27253,-0.30802,0.47332
-1.3572,-3.4522,2.6417,4.5773,6.6821,0.69054,4.3351,0.21233
-1.514,1.6914,3.1827,-0.44865,6.5784,0.66572,4.5173,0.20989
-1.324,-0.38881,4.1687,-0.5057,3.3437,0.22673,-2.3717,0.16669
-1.3252,-1.6241,2.3142,1.7191,2.2253,0.055055,-0.62394,-0.044683
-1.322,-1.7224,6.0572,3.8404,4.5962,0.31847,1.8396,-0.12583
3.7369,0.83991,3.9759,-1.1489,5.5075,0.21724,0.029104,-0.15914
3.7125,0.71945,-1.0785,-3.9598,1.2794,-0.099331,0.81213,-0.2261
-1.4063,-1.5966,-0.030537,-0.93093,-7.7349,-0.083428,2.5342,-0.16075
-1.3959,1.0972,-1.7771,-0.045125,-0.5687,-0.15233,-5.9192,-0.052739
-1.5699,-1.6082,-5.0812,1.4496,-0.59389,-0.38757,-2.0238,0.21924
-1.5022,-1.0065,-2.3886,2.3663,-5.4237,-0.13125,-0.44876,0.25297
-1.2904,-3.7402,5.2719,-0.6989,-8.2341,-0.089756,4.0293,0.24766
-1.3397,1.0664,10.071,1.5867,-1.5698,-0.046714,4.6413,0.067369
-1.3389,1.8248,6.4369,-0.81052,2.3797,0.11534,8.6063,0.053253
-1.1357,2.6319,0.18022,1.9244,4.0414,0.29793,0.58459,0.068026
3.7362,0.65355,-0.47072,-0.26756,-0.52215,-0.13574,2.3509,-0.038282
3.7324,-0.09,-1.0617,1.1643,-8.0075,-0.20271,-4.5023,-0.15286
3.7137,2.4835,-2.4961,1.2762,-0.79394,-0.52082,-8.1631,-0.099102
3.6934,-0.6264,-0.94184,0.81766,4.2798,-0.60307,-6.5247,-0.21661
-1.4363,2.0568,0.43684,-2.5863,1.2268,-0.29757,-0.25664,-0.15175
-1.3761,-3.1298,-3.7628,-0.17575,-3.9325,-0.095545,0.29631,-0.05398
-1.3733,-4.3098,-2.155,2.5445,5.2189,0.42894,0.063455,0.065203
-1.0983,-1.2301,-1.4692,1.0823,6.3951,0.64098,-2.651,0.36505
-1.2811,-0.57283,-1.4602,1.9018,4.782,0.43309,2.3697,0.26141
-1.363,-1.4653,1.9154,2.178,1.7014,0.0060443,0.49246,0.28473
-1.3503,-0.2388,3.0697,1.0216,-2.9326,-0.012759,4.3513,0.13741
-1.5584,1.9077,2.7982,-3.678,2.8673,0.16092,1.2597,0.062793
-1.4208,0.86677,1.435,-1.8335,5.7627,0.53327,2.9221,-0.047311
3.7295,0.72953,-2.6092,-2.5481,0.35747,-0.10819,2.3728,-0.14612
3.7057,-1.5,0.53466,0.13939,-7.6143,-0.056648,0.342,-0.20079
-1.3053,-1.5262,-1.3399,-0.049262,-1.5147,-0.19227,-6.7581,-0.19497
-1.245,1.8281,-5.3778,-0.63294,-0.1392,-0.38376,-2.7436,-0.15868
-1.4115,-2.7208,-0.59346,1.3006,-4.2853,-0.17795,1.5828,0.19923
-1.3735,-0.93404,1.4718,2.6407,-5.8437,-0.032127,3.8635,0.20425
-1.5823,-1.0111,-0.98464,-0.38687,3.0845,0.22543,6.4552,0.07725
-1.5362,1.6491,-1.4175,1.3805,5.2707,0.47301,-5.1119,0.10207
3.787,-0.2189,-3.1576,-1.2848,6.6777,0.63967,-8.0958,0.226
3.7073,-0.2403,1.8911,2.0611,1.1575,-0.097502,2.3006,0.12247
3.6539,3.1555,-0.063127,-2.7147,-4.0486,-0.18081,-3.5218,-0.038063
-1.2631,0.37812,2.8279,0.41831,2.2766,-0.25512,-2.2213,-0.066368
3.6994,2.7646,0.69393,-0.26511,5.6008,-0.20151,-3.8824,-0.091971
3.6748,-2.0994,-8.8168,-3.2067,2.6894,-0.062572,4.0138,-0.23488
-1.4137,1.2286,-3.2954,-1.9827,-5.0909,-0.15898,-1.1713,-0.15656
-1.5263,1.4022,0.34571,-1.3577,1.7992,-0.11441,2.1221,-0.1468
-1.4091,0.72583,-2.1555,-0.64834,3.6612,0.10975,1.764,0.046487
-1.3626,0.048965,-2.566,0.27977,-3.5757,-0.099909,0.38458,0.090198
-1.3544,-3.5263,-0.42332,1.7052,-6.9124,-0.085687,3.821,0.14442
-1.1127,-0.73907,-0.29677,0.39584,-5.0073,-0.055929,6.1985,0.28402
-1.2298,-0.51503,-2.5721,-2.142,2.2728,0.11982,3.5957,0.21413
-1.3702,2.4974,3.8007,2.5501,4.3801,0.40322,3.472,0.080706
3.721,0.98454,-0.84222,-2.1993,-0.35526,-0.044712,2.0295,0.013266
3.7568,0.73475,-1.0526,0.3049,-7.4574,-0.13277,-5.2242,-0.062936
3.6894,3.0028,-0.54361,0.13771,-3.4486,-0.65249,-5.1341,-0.17798
-1.3439,1.8668,-1.2153,0.5652,2.9208,-0.71807,-3.7707,-0.22371
-1.3897,0.0052058,1.322,-0.22861,-1.8739,-0.15591,0.92894,-0.14308
-1.1889,-5.5098,-0.06921,-1.0198,-1.6735,-0.07454,-1.2298,-0.099638
-1.2009,-1.3611,-2.5131,1.6284,3.6365,0.24309,0.95908,0.05997
-1.4179,-0.57956,0.16582,0.86028,6.5289,0.63774,-1.191,0.010881
-1.3687,-1.1328,0.90051,1.5854,5.4689,0.53198,-0.39602,0.066055
-1.5875,1.0064,6.71,-0.33483,2.0985,0.0023414,2.3024,0.10193
-1.5259,-1.515,5.5346,-2.0084,-0.52857,-0.067263,-2.1267,0.19918
-1.3361,-1.5117,5.5462,4.2708,4.6489,0.32901,3.9667,0.10436
-1.2625,1.1299,-2.3188,-1.0634,5.8464,0.46385,-1.3718,0.041303
3.6985,3.9268,2.2973,-4.5136,-3.3969,-0.099498,1.6199,-0.054248
3.6753,-0.61326,2.1906,-0.40066,-8.5389,-0.14221,0.46726,-0.19112
-1.3322,0.30978,0.74746,1.6739,-1.2027,-0.24566,-4.0695,-0.30588
-1.3905,-0.64798,-4.1019,2.2231,-2.2629,-0.37782,-2.4552,-0.20397
-1.3878,-0.76111,0.2944,3.1787,-4.5462,-0.17118,0.39727,-0.055391
-1.622,-2.5202,4.5095,0.99271,-7.7151,-0.063021,2.7802,-0.0023349
-1.506,-3.7008,8.0277,-1.8169,0.97733,-0.07069,7.055,0.11643
-1.3448,-0.91832,6.6501,1.4586,4.5138,0.41995,-0.46121,0.23776
-1.3368,0.76644,1.6666,0.10072,4.3885,0.31951,2.8736,0.18533
3.7467,1.1966,3.0422,1.4007,-1.5743,-0.12238,0.38662,0.053545
3.7298,0.9154,-0.5118,0.4632,-9.1714,-0.1808,-5.9793,0.062818
3.6996,2.8486,-3.6518,0.86971,0.46683,-0.67022,-3.9725,0.021078
3.6716,0.72583,0.30597,0.5911,4.3421,-0.52842,-2.159,-0.025651
-1.5789,1.4294,-1.0026,-0.48619,1.9248,-0.19803,0.53533,-0.18499
-1.4925,-1.8912,-5.5274,-0.14444,-3.7299,-0.16294,-1.701,-0.15615
-1.4111,-3.6959,0.76656,0.057153,4.471,0.24493,0.82728,-0.15179
-1.3859,-0.93943,-0.55925,-1.5401,5.7086,0.48741,1.347,-0.03614
-1.3665,-1.1428,-2.0598,0.75942,2.087,0.057256,5.6251,0.074281
-1.1321,0.95722,0.96005,1.2966,-4.8493,-0.026428,-0.34977,0.015505
-1.3795,-2.2165,1.3936,1.3776,-3.5818,-1.3835e-05,-3.8608,0.22101
-1.3636,-0.6123,-0.091463,-0.46567,2.8587,0.18373,-1.4909,0.22384
3.7471,2.8658,2.7192,-3.3278,5.3227,0.51253,-1.3117,0.039356
3.7194,0.24334,0.23909,-1.9202,-5.0624,-0.066467,2.6878,0.10132
3.6902,1.7197,-1.0706,-2.3514,-8.5525,-0.064324,-4.1728,0.018182
3.696,1.1475,-2.3636,1.2009,-1.3829,-0.30957,-0.16741,-0.10039
-1.402,3.3372,-0.71046,-1.3689,1.6755,-0.29097,-0.98084,-0.12074
-1.277,-1.5987,3.0383,-0.040886,-4.4842,-0.11925,1.3055,-0.21719
-1.3027,-1.3429,2.6174,0.5164,-3.5872,-0.052663,3.2801,-0.11139
-1.3872,-1.2888,-1.1931,1.1341,3.8631,0.2888,5.4141,-0.10472
-1.3805,-1.516,-0.09411,1.9822,6.1453,0.63387,4.7038,-0.040132
-1.599,1.4257,4.2624,1.3203,5.7616,0.56376,2.9489,0.11926
-1.3564,-0.47938,1.0984,-0.49118,1.9136,0.026381,-2.7346,0.21924
-1.3458,-2.3513,-0.59493,0.54283,-0.20895,-0.083204,-3.3413,0.057269
-1.3545,-0.44799,1.4376,0.80972,3.9328,0.036848,-2.2347,0.1252
3.7176,2.1257,-0.1706,-1.1736,5.5237,0.14414,-1.6522,0.10003
3.6858,1.3405,-2.6465,-3.2605,-2.3732,-0.13587,-1.4129,0.030229
-1.5403,-0.088665,-2.9322,-0.32554,-7.0805,-0.12148,-1.6236,-0.12003
-1.4021,1.3116,-4.0199,0.55217,-0.57691,-0.23092,-3.0021,-0.14381
-1.6787,-3.8278,-7.3384,0.8087,-0.35592,-0.2717,-3.1352,-0.201
-1.5196,-0.93948,-1.351,1.5532,-7.4123,-0.051707,1.3302,-0.16635
-1.3452,-4.0738,2.0541,0.80941,-7.944,-0.0044676,0.60935,0.0051125
-1.353,-0.1379,3.3109,1.5058,-1.5335,-0.00045023,2.2842,0.0056966
-1.3506,1.5953,5.3198,2.0159,2.8725,0.15528,7.3074,0.029596
3.782,1.7866,-2.6374,0.9947,3.6456,0.23929,3.1417,0.18061
3.7471,-0.58017,0.098997,0.12592,-5.2283,-0.11004,-1.1755,0.22267
3.7148,-1.4348,-2.0127,1.4395,-8.7094,-0.17406,-5.1861,0.18302
3.6792,3.628,-1.0517,0.43325,0.12068,-0.78865,-5.8025,0.014166
-1.4101,-0.31105,-0.39473,1.8824,3.9124,-0.59399,-5.6272,-0.0099039
-1.4494,2.0435,0.054877,-0.66359,-3.3677,-0.19104,-0.89339,-0.11276
-1.4026,-4.1956,-0.85594,0.063897,-1.307,-0.088672,-2.1499,-0.1902
-1.4,-3.1189,-1.5636,3.2196,5.1865,0.43353,1.5146,-0.16579
-1.1694,0.35638,-0.47928,-0.56605,6.7965,0.70816,-5.3276,-0.20397
-1.335,0.67895,3.8177,2.5962,3.7709,0.25377,-5.1816,-0.10037
-1.3752,-3.8815,0.34091,-0.084022,1.4066,-0.016269,3.4972,0.081168
-1.3627,-0.21781,7.3738,-0.26554,0.0053739,-0.07112,1.3555,0.092705
-1.5765,2.0775,2.5164,-1.1149,4.2527,0.31761,0.63343,0.060238
3.7743,0.65514,0.22355,0.16476,5.2274,0.38855,1.7898,0.19215
3.7183,1.7846,-2.1396,-1.2177,-3.4951,-0.095359,0.53615,0.072869
3.6867,-0.34369,0.67041,-2.9481,-7.2193,-0.070016,-4.596,0.086669
-1.2162,1.3012,-1.6745,-0.04641,0.20968,-0.20028,-2.0756,-0.012849
-1.3172,0.38667,-6.1038,0.63394,-2.0337,-0.40579,-4.0462,-0.092434
-1.4648,1.558,2.2964,1.4111,-5.975,-0.12589,4.133,-0.23647
-1.3798,-2.1027,4.5629,1.1207,-6.037,0.00033271,4.6171,-0.23471
-1.5631,-0.72817,0.61657,0.26059,2.9021,0.15474,3.2482,-0.17423
-1.461,1.9627,2.2589,0.28406,5.0452,0.46482,-2.7675,-0.067025
3.6811,-1.801,-2.3103,-1.3901,5.4802,0.48002,-2.1818,0.087204
-1.3078,0.17808,0.90525,0.28946,-2.3851,-0.045007,-2.3439,0.11045
3.7271,2.3307,-1.985,-0.98467,-6.0182,-0.23976,-5.0319,0.005721
3.7296,0.78222,-0.55566,1.1553,0.92889,-0.84622,-4.2694,0.30488
3.6998,2.2887,-1.0967,0.34711,4.6178,-0.68524,-4.4422,0.27765
-1.3982,-0.34175,-5.6653,-4.1228,-0.26144,-0.22122,0.65636,0.085184
-1.4128,0.77995,-3.869,-1.3686,-4.8793,-0.12081,-3.6965,-0.042322
-1.5751,-0.1681,-2.2445,-1.0474,3.486,-0.026525,2.4833,-0.14987
-1.3591,1.4269,-1.8365,2.0686,4.1171,0.19424,1.709,-0.20935
-1.3674,-1.7597,-0.71319,1.3106,-3.5811,-0.053016,2.1152,-0.21459
-1.3605,-0.71326,0.77618,-1.033,-7.2958,-0.05514,1.7742,-0.13882
-1.1188,-2.8368,0.47184,1.4019,-3.9923,-0.061737,8.7484,-0.065297
-1.2525,-2.4457,-1.9854,-0.85537,1.7663,-0.030471,-1.9084,0.060652
-1.3903,1.4243,1.3756,-0.063983,4.0565,0.30563,1.2165,0.024461
3.7139,0.25735,-0.59125,-3.6619,-3.2706,-0.10411,2.5991,0.13739
3.7146,1.7758,0.2076,0.99971,-9.7307,-0.08038,-2.6891,0.087788
3.69,1.6878,-0.28625,1.7127,-3.0051,-0.42112,-1.7645,0.20313
-1.3151,4.2317,0.25488,0.23224,1.8086,-0.58929,-2.689,0.114
-1.3871,0.02207,3.2751,0.27315,-4.4477,-0.088639,1.7873,-0.038963
-1.2984,-0.64636,2.8165,-1.6159,-3.335,-0.073565,1.4244,-0.1525
-1.2111,-0.06297,1.1932,-0.27289,3.8686,0.25622,-0.026592,-0.27657
-1.4235,-2.3026,5.1699,4.3164,6.4091,0.6239,3.3476,-0.23435
-1.3577,2.4319,5.9904,-1.5008,5.9519,0.55563,2.5082,-0.12974
-1.3959,0.64113,6.1267,-0.20162,1.7852,-0.0052313,-0.25069,-0.047506
-1.4855,-2.6632,1.4798,0.41615,0.58779,-0.087375,-0.0058305,0.06036
-1.3814,-1.2934,2.3144,4.0364,4.1288,0.090787,1.4533,0.023707
3.7348,1.0665,1.5993,-1.9448,5.6346,0.26121,-3.1765,0.25652
3.6984,0.79959,-3.0916,-3.4149,-2.5583,-0.10242,0.33301,0.10848
-1.1914,-1.1638,0.23803,0.82294,-8.2157,-0.072146,3.5939,0.19736
-1.3783,2.8305,-2.7439,-0.037822,-0.22527,-0.22255,-3.745,0.072188
-1.3945,-1.9635,-4.1452,0.72919,-1.1861,-0.28797,-2.419,-0.047409
-1.3857,0.024806,0.63204,2.064,-7.2251,-0.11048,0.85867,-0.17564
-1.5666,-5.5094,5.8877,1.2984,-6.996,-0.046162,3.7102,-0.18759
-1.401,-0.61976,8.143,-1.411,-2.3396,-0.0047435,3.9324,-0.1745
-1.3442,-1.5021,8.8692,1.2898,3.3057,0.25242,3.6568,-0.14921
-1.1975,1.7433,2.2626,1.5833,3.735,0.23505,2.3189,-0.037917
3.7426,0.40773,-2.0319,-0.41081,-3.5662,-0.10081,-3.5541,-0.029034
3.7454,-0.44019,-3.2523,0.1086,-8.8437,-0.18103,-6.661,0.095236
3.7164,1.8841,-2.9702,1.9753,0.70541,-0.6862,-7.0992,0.054859
3.6869,-0.19937,1.7224,2.7971,4.8748,-0.45807,-6.146,0.25815
-1.6691,3.0353,-0.63657,-2.1548,-1.2032,-0.20526,0.099527,0.20517
-1.5071,-2.561,-3.0827,0.34024,-2.72,-0.10989,-0.56556,0.059216
-1.4461,-1.8733,0.33484,2.0744,6.0863,0.5247,0.2066,-0.055854
-1.3722,-1.4395,0.30606,-0.86429,6.7966,0.68821,0.42639,-0.13459
-1.3579,0.16665,-0.39042,2.1446,3.7363,0.2608,-1.1043,-0.15033
-1.1153,-1.9089,0.59141,-0.54676,1.4891,0.010081,-2.257,-0.2396
-1.4142,-3.5968,2.4963,1.304,-3.3364,-0.056051,-1.5807,-0.1516
-1.3546,1.4425,2.3729,-1.8872,3.5526,0.21561,1.2589,-0.094089
-1.3588,1.9613,0.59036,-2.0264,5.8652,0.51163,2.4657,-0.044391
3.7291,0.75607,-4.0102,-1.4281,-3.8542,-0.06209,-0.36038,0.15613
3.7126,-1.2887,-2.9437,-2.133,-7.3443,-0.058304,-5.1038,0.51991
-1.4071,0.69556,-4.1544,-0.50621,-0.79143,-0.2778,-1.5894,0.25212
-1.3853,3.7987,0.016172,-0.11623,-0.81621,-0.35511,-5.1829,0.1157
-1.1282,0.64013,-0.4826,0.17425,-5.1832,-0.16705,1.0393,0.062672
-1.3707,0.91228,2.2655,0.9768,-4.5017,-0.063669,4.5468,-0.052958
-1.3727,-1.4847,-1.1482,-0.69496,4.1884,0.373,2.84,-0.13653
-1.3666,1.1257,0.60741,3.0807,6.2355,0.5685,-0.4954,-0.15226
3.7601,0.47428,1.6479,0.0036117,5.4235,0.41502,0.19399,-0.20582
3.7028,-2.8809,-2.6431,-0.71428,-0.87311,-0.036748,-3.1929,-0.12787
2.822,0.36312,-1.2957,0.40921,-2.8085,-0.23975,-5.4798,-0.059334
-1.3976,0.67909,1.2286,-0.98093,4.3214,-0.093247,-3.7572,0.05705
3.7069,3.9736,-1.1089,-0.48851,6.2962,0.14357,-1.7416,0.02412
3.6794,-0.54443,-5.7357,-5.2885,-1.096,-0.115,-0.057193,0.25431
-1.4552,1.7143,-5.9047,-0.39756,-4.7416,-0.11231,1.7112,0.28658
-1.4028,-1.8905,-3.2203,0.81112,3.3825,0.010896,-4.708,0.14664
-1.591,0.27846,-5.2944,-0.71443,2.3086,-0.096822,0.2181,0.1039
-1.5402,-2.415,-0.76259,1.7174,-6.3656,-0.047548,1.8471,-0.053955
-1.3484,-2.395,0.098759,2.7792,-7.5003,-0.012791,-3.0136,-0.18409
-1.3592,-3.6699,0.9309,0.55213,-1.7684,-0.038609,8.8792,-0.24457
-1.3577,2.3807,3.4009,1.0058,2.3497,0.045185,10.355,-0.10064
-1.1889,1.8066,-1.4854,-0.59732,4.2378,0.34428,1.2577,-0.16167
3.7252,-0.32411,-1.1952,-0.64716,-5.3267,-0.086085,-1.2549,-0.097934
3.799,0.11807,-0.72233,0.5445,-8.0406,-0.13847,-7.8864,0.086669
3.7037,1.5082,-1.958,1.6727,1.6035,-0.65518,-8.0341,0.12106
-1.5362,2.6351,1.9764,1.6331,3.8968,-0.43464,-6.4373,0.24601
-1.4439,0.69218,-0.18332,-1.2492,-2.9312,-0.10787,-1.6535,0.074427
-1.3852,-4.4252,-0.16079,-1.0415,0.0079685,-0.076273,-1.093,0.12848
-1.3817,-0.5028,-2.6458,2.2669,5.3388,0.50133,0.21646,0.032809
-1.0585,-0.36042,0.33409,-0.24646,7.2354,0.74543,0.094254,-0.042103
-1.309,1.1814,5.6161,-0.11005,4.4365,0.37494,4.6974,-0.13824
-1.3472,-4.8977,4.6021,1.3982,1.7568,-0.0032547,-1.5576,-0.21125
-1.3373,0.83445,5.7248,-0.54558,1.5571,0.011807,2.4089,-0.18896
-1.6984,1.0047,6.5066,0.31618,5.7398,0.51589,-1.7345,-0.14298
3.7322,-0.4747,-0.60082,-1.8526,5.5249,0.49786,3.7615,0.0047961
3.7102,1.0021,-2.4635,-0.91893,-5.8403,-0.04835,-0.93331,0.080949
3.6584,-1.5194,0.96204,-2.6776,-6.1933,-0.05376,-4.6308,0.11882
-1.2233,3.5971,-0.74158,-0.10202,-0.42658,-0.19458,-0.19251,0.24328
-1.2611,-0.93279,-2.7302,0.50974,-2.7788,-0.25682,-2.967,0.25324
-1.4341,1.5774,2.8507,1.3065,-6.4337,-0.079546,3.1187,0.33959
-1.3817,-3.1355,5.9848,2.9977,-5.0265,0.010254,5.0226,0.041619
-1.538,0.19501,8.5548,-0.39973,2.8672,0.13863,5.3159,-0.050353
-1.4711,-0.78536,3.9373,0.69001,5.6682,0.51676,-1.9202,-0.15574
3.6933,0.35279,-0.85128,-1.72,4.5541,0.33344,2.6317,-0.19748
3.7175,1.9449,2.0644,-0.59951,-3.215,-0.10159,-2.6256,-0.1516
-1.3414,0.31473,0.59105,1.6756,-6.3598,-0.19247,-5.4175,-0.0845
3.7144,0.92945,-1.96,3.0828,3.0165,-0.61435,-3.9486,-0.026989
3.6919,0.13622,-2.9831,0.37906,5.4234,-0.19339,-4.9275,0.098838
-1.4195,-1.4213,-7.1129,-2.5954,-0.62658,-0.22445,0.33238,0.20308
-1.4046,0.64655,-3.0476,0.78354,-3.948,-0.13872,1.0276,0.050235
-1.6062,0.11843,0.805,-1.3744,4.9533,0.23883,4.2712,0.28894
-1.4219,0.84403,-1.8304,-0.12942,4.0634,0.288,4.063,0.2059
-1.371,0.4269,1.2584,0.65424,1.4359,-0.051508,3.5286,0.02507
-1.3596,0.33372,0.19701,0.70927,-5.4689,-0.026736,5.6036,-0.089124
-1.1403,0.86215,1.8974,-1.6816,-3.2424,-0.093709,0.010276,-0.19689
-1.3257,-0.56337,-1.9373,-1.8052,3.6822,0.27275,3.064,-0.20901
3.7198,1.2064,2.0032,-1.3645,5.0785,0.41283,0.57401,-0.18287
3.7285,-2.6827,-0.78516,-0.12728,-5.3685,-0.077261,-0.4753,-0.088588
3.702,-0.27276,-1.9653,0.65256,-7.3659,-0.15422,-5.3064,-0.006813
-1.3112,-1.1158,-2.0254,1.4203,1.3375,-0.34901,-4.7932,0.15854
-1.3419,2.4876,-0.582,-0.43557,1.1708,-0.27384,-0.47004,0.1497
-1.3893,-2.5018,2.3584,0.20713,-3.5207,-0.069034,-0.33152,0.26998
-1.3678,0.64109,0.21128,-1.4322,-1.2799,-0.011764,1.7327,0.20171
-1.1274,-0.98296,0.66841,3.8613,5.0137,0.4715,4.1786,0.14951
-1.3854,1.0904,-1.2864,-0.26469,6.679,0.66622,2.8342,-0.015696
-1.358,-1.4868,4.1115,0.49286,5.8098,0.53365,-0.68189,-0.1223
-1.3459,0.8269,3.3885,-0.49829,1.8799,-0.072037,-2.1321,-0.10645
-1.519,-1.4674,4.6847,-0.58406,1.8144,-0.048261,-0.88517,-0.15046
-1.3703,-1.1951,2.1606,0.5957,5.0406,0.16366,0.1983,-0.22858
3.7117,1.4359,-1.409,-1.7242,5.1218,0.26985,-1.1761,-0.11599
3.6965,0.18266,-4.8977,-2.0494,-5.7268,-0.092002,2.6231,-0.012021
-1.2818,-1.6478,-3.0758,1.3479,-6.3505,-0.14739,1.4627,0.12984
-1.3754,2.4392,-4.448,-2.3314,-0.75097,-0.34535,-3.276,0.057293
-1.3936,-1.1379,-7.2414,1.5724,0.35374,-0.26036,-3.7142,0.328
-1.3756,-1.2993,-1.5466,0.31151,-5.935,-0.054729,1.3487,0.29327
-1.5653,-2.7941,5.3707,1.8288,-6.2549,-0.03823,5.1579,0.13216
-1.4888,-0.37193,1.8797,-0.71302,0.62586,0.0011734,4.2966,0.0091283
-1.3485,0.11774,6.2643,1.9808,3.3319,0.22846,4.1196,-0.13191
3.7681,2.2549,-1.7512,-0.12699,3.7354,0.23588,2.1187,-0.16272
3.7308,-0.13616,3.1026,1.2528,-4.2512,-0.14891,-3.0272,-0.14761
3.7806,0.081332,-1.5876,-1.6034,-7.8269,-0.27247,-5.981,-0.16447
3.7099,1.5319,-1.63,-0.73262,1.3454,-0.92066,-3.8052,-0.072355
-1.3882,-0.57067,-2.3386,1.573,4.4287,-0.38248,-5.2332,0.11405
-1.6484,1.1817,-3.4536,-1.3912,-3.7959,-0.15251,1.2535,0.09969
-1.4145,-3.7315,-1.9478,0.42705,0.32347,-0.15946,-3.0398,0.31822
-1.3984,-0.85868,-1.503,1.2801,5.7775,0.5169,-0.02875,0.31844
-1.3622,0.20183,-2.5059,0.040216,6.6887,0.65845,-0.56509,0.17781
-1.3487,4.0236,2.8363,2.3508,2.7975,0.1283,-1.9537,-0.0055718
-1.2028,-2.2366,0.83493,0.37981,1.7073,-0.019626,1.0031,-0.0016534
-1.3345,-0.77161,5.7402,0.39992,-0.070462,-0.067988,0.95405,-0.11886
-1.3432,1.9182,2.7057,-0.69151,5.2319,0.4512,-2.4997,-0.12933
3.7164,1.4903,2.2738,-1.2159,5.1427,0.39535,4.9094,-0.094892
3.6993,1.5337,-0.40644,-1.9933,-5.0091,-0.09138,1.9982,-0.14693
3.6827,-1.4462,-1.1632,-2.4326,-6.9973,-0.05548,-8.1516,-0.094381
-1.4034,1.5281,-3.0585,-0.92942,0.5348,-0.31475,-0.80288,0.029061
-1.3872,-0.41966,-6.7873,1.2173,-2.178,-0.36175,-5.1257,0.035657
-1.1363,1.5637,0.020142,1.5491,-6.6758,-0.054222,4.4413,0.31233
-1.3369,-1.0765,3.0539,1.5009,-4.6822,-0.059132,5.7192,0.38449
-1.3727,0.033122,-0.0065179,0.39766,2.9853,0.15676,6.0993,0.24569
-1.361,1.8611,1.7897,-0.40383,5.5725,0.53911,-1.2662,0.081996
3.6041,0.32288,-1.5121,-1.7159,5.4613,0.50223,-7.3144,-0.0042089
-1.4124,-0.40695,0.41323,-0.81086,-2.0338,-0.071479,-6.2481,-0.10988
3.8213,0.98236,-0.083189,0.1079,-4.9359,-0.20854,-5.8746,-0.13926
3.7044,0.056331,-0.86302,2.0996,2.4681,-0.67542,-2.0669,-0.16056
3.6894,1.9731,-1.3894,0.40224,5.3644,-0.27069,-6.503,-0.12208
-1.3411,-0.77109,-5.5174,-2.1098,-0.81857,-0.20521,-0.92725,-0.088004
-1.3966,-1.2027,-5.5825,0.090565,-4.1221,-0.17469,-0.49895,0.030181
-1.4044,-2.774,-2.5234,-2.2513,4.7564,0.22624,2.6913,0.40343
-1.4389,-1.0911,-5.2132,0.13662,3.3571,0.10885,-0.96887,0.23781
-1.6247,-2.5749,-1.1677,0.91049,-5.0039,-0.06664,0.92981,0.18577
-1.3662,0.073568,-1.304,-0.87273,-7.0392,-0.079629,-4.3118,0.081387
-1.3583,0.46792,2.517,-0.38996,-1.3958,0.019893,4.7162,0.074938
-1.3646,1.9575,0.27389,0.058463,2.6101,0.073543,2.7274,-0.046581
-1.1996,1.148,1.8935,-0.67115,3.4391,0.20134,-0.66588,-0.088856
3.7053,-1.6212,0.89151,-0.93105,-3.8464,-0.03343,-5.2619,-0.16443
3.6801,0.52739,-2.4191,0.94702,-7.4734,-0.16071,-2.9096,-0.16966
3.6647,-0.65447,-2.8637,2.8073,1.8381,-0.46924,-8.2318,-0.12918
-1.577,2.013,2.9294,1.0302,1.9884,-0.39436,-3.8654,-0.055635
-1.4482,-1.7007,1.5596,-0.33628,-4.3819,-0.088229,-0.86685,0.013387
-1.3926,-1.496,-0.60634,-1.4813,-0.62949,-0.022411,1.01,0.26246
-1.3885,-2.3144,-1.4516,1.1309,5.6004,0.56125,-0.020787,0.13201
-1.0775,-0.0052685,3.7451,2.2366,7.2029,0.77272,-7.5085,0.27906
-1.3256,-2.7996,-0.16463,2.4238,5.7258,0.56206,4.0667,0.22883
-1.3682,-0.23021,7.2008,0.37224,0.96658,-0.031126,2.3833,0.088348
-1.3584,0.50728,4.8619,0.98944,2.2229,0.048676,2.3485,-0.039426
-1.6069,1.3267,2.8652,0.96039,4.4128,0.17029,1.643,-0.097253
3.698,0.49553,-1.2009,-1.8609,4.8802,0.28497,3.8434,-0.17574
3.6791,-0.61637,-1.4918,-2.7233,-7.1552,-0.049396,-0.0019196,-0.21171
-1.4191,-3.117,-1.1658,0.97079,-5.7721,-0.12625,-5.6195,-0.10867
-1.1692,1.8341,-2.5425,1.1056,-0.40891,-0.32145,-1.5335,-0.062279
-1.3145,0.4956,-2.9888,0.18646,-4.3394,-0.28505,1.2601,0.028014
-1.3331,1.5592,1.0681,1.6234,-7.7551,-0.020357,3.0821,0.31698
-1.3827,-4.1157,7.5308,0.64273,-3.418,0.02445,9.1318,0.12775
-1.4496,3.1082,6.3847,-0.46552,0.68123,-0.029727,8.6136,0.02855
-1.5123,-2.2023,1.629,1.2432,5.3171,0.46444,-3.9298,0.20281
3.7524,0.93458,-1.4686,1.5372,3.1617,0.15783,2.3688,0.081168
3.7161,2.0236,-0.32874,0.32058,-6.6707,-0.13218,-1.2532,-0.039742
3.6987,1.1999,-2.1835,1.3064,-7.6814,-0.25677,-4.8574,-0.088345
3.6768,3.6344,-1.8443,-1.1525,2.1165,-1.0547,0.1946,-0.15593
3.6622,-0.17501,-0.63953,-0.074491,4.755,-0.5738,0.52413,-0.21943
-1.4214,-0.036235,-5.1325,-2.1856,-4.0632,-0.14146,0.65561,-0.11862
-1.4106,-3.1105,-4.6332,0.053961,-1.3201,-0.089166,-0.44505,-0.057704
-1.6455,-0.50615,0.22975,-1.8224,6.0634,0.43393,1.3662,0.18027
-1.4139,1.7972,-2.1282,1.1942,4.5308,0.33409,10.208,0.14177
-1.3735,-0.54662,-1.463,1.5418,-0.047039,-0.027847,4.6343,0.26227
-1.3645,0.36663,1.2012,0.85669,-3.3672,-0.064824,1.7336,0.31754
-1.1889,1.3278,-1.7989,-1.7032,-0.76232,-0.022552,4.4393,0.14084
3.6886,1.5023,-2.4586,-2.1318,4.6344,0.35326,3.5008,0.014994
3.6824,2.1293,2.5156,-0.52382,4.8909,0.42309,0.87479,-0.050767
3.6726,0.14562,0.90687,-1.4653,-5.9943,-0.09695,0.642,-0.15175
3.6481,-0.22102,-1.0978,0.31288,-9.0905,-0.13353,-0.64678,-0.29853
-1.5783,0.034747,-4.0967,-0.16151,1.7962,-0.27199,-2.3375,-0.2197
-1.3539,2.2422,0.85134,-0.024591,-0.92429,-0.1965,-0.59458,-0.10864
-1.4138,-2.1745,0.77863,1.4156,-5.0539,-0.051078,6.1502,0.022684
-1.4142,-0.43018,-0.21456,-0.80675,-1.8367,0.010941,5.6557,0.090271
-1.2682,-2.6919,-0.27529,3.2304,5.2086,0.44927,0.35631,0.23829
-1.3384,-1.0462,-5.1475,1.5803,6.6189,0.66616,-2.7265,0.16866
-1.3438,1.6593,1.3258,-1.873,4.3484,0.30191,2.0228,0.237
-1.3794,2.837,-0.34544,0.085838,-0.73101,-0.060402,-4.4986,0.048337
-1.5265,-2.1971,1.403,0.30093,1.7501,-0.12275,-3.1173,0.06878
-1.4028,0.34065,0.0058162,2.2569,5.8618,0.20098,-4.6176,-0.037503
3.6864,2.3937,-4.3665,-2.0627,5.9926,0.34101,0.063738,-0.10621
3.7038,1.2792,1.5806,-1.3055,-4.5399,-0.13912,3.1441,-0.13356
-1.0473,1.1541,-3.3971,-0.75082,-3.7199,-0.15233,2.9842,-0.18224
-1.361,-0.372,-1.608,-2.0415,2.261,-0.20754,3.3915,-0.12441
-1.3864,-2.5547,-7.7452,2.5722,1.5816,-0.12553,-2.0574,0.13199
-1.3772,-3.2678,-1.7813,0.44319,-4.84,-0.036087,2.281,0.0024354
-1.4987,-1.5255,0.47518,0.70685,-6.5368,0.0108,4.6549,0.13257
-1.4516,-3.1486,-2.4325,-1.2136,1.8336,0.0040677,1.6889,0.2684
-1.3486,1.3412,5.8868,2.3914,3.0648,0.18516,5.1343,0.24596
3.7298,2.8873,0.31991,0.25949,3.6793,0.24012,1.9582,0.037969
3.7329,0.86935,-1.4486,-1.5169,-6.8953,-0.089487,-2.938,0.041084
3.6942,2.9049,-1.1984,-0.2445,-7.8372,-0.2592,-3.4738,-0.046046
3.6651,1.8282,-1.8398,0.032791,1.6475,-1.0251,-4.0888,-0.15379
-1.421,2.9736,1.1401,0.65196,3.6759,-0.30122,-3.7847,-0.23403
-1.5456,1.2343,2.0169,-1.2684,-4.6455,-0.080534,-1.5757,-0.16367
-1.5222,-4.0158,-1.7554,-0.9515,1.4603,-0.11923,-0.42736,-0.095281
-1.4354,-0.52938,0.34237,2.2671,5.4747,0.44039,-0.025629,0.049651
-1.3744,-2.4174,0.053951,0.43931,6.6392,0.6534,5.6307,0.086669
-1.3605,1.8375,7.016,1.2849,2.9461,0.13633,5.2413,0.038674
-1.1647,-5.2043,4.0608,1.0024,0.64565,-0.050847,0.49025,0.25696
-1.2968,-0.94467,5.9561,1.3316,0.99281,-0.036998,-2.444,0.22671
-1.3607,1.1264,3.0298,0.82165,5.525,0.4207,-2.0306,0.13985
3.7021,1.7142,1.1098,-0.88263,4.4032,0.28504,2.8314,0.024388
3.6735,1.4865,-1.0932,-0.96041,-7.3433,-0.043595,-0.43274,-0.060089
-1.3427,-0.99626,1.1776,-1.2325,-6.437,-0.14583,-5.4324,-0.19453
-1.4135,3.8534,-0.43129,-0.41415,-0.30928,-0.28877,-2.4906,-0.20334
-1.3978,-1.7651,-3.1083,0.03554,-3.2059,-0.27812,-3.485,-0.10287
-1.1671,1.8128,2.5637,1.6626,-7.1444,-0.073231,3.2365,-0.16077
-1.3163,-5.0182,5.2695,1.2297,-4.3886,0.02151,6.0111,-0.083672
-1.3811,-0.47173,6.8727,1.1597,1.869,-0.016308,8.2166,0.030156
-1.3735,-1.6031,0.98602,1.841,5.4668,0.44504,-1.1893,0.15771
-1.3709,0.21766,0.58163,0.29054,2.5749,0.087585,1.0246,0.28804
3.622,1.6236,-0.40693,0.26947,-6.2871,-0.13817,-3.007,0.074232
-1.3632,0.99845,0.78073,0.11229,-5.7322,-0.22784,-4.1553,0.14496
3.7,2.0399,-1.6059,1.6797,3.5555,-0.62779,-5.338,0.0020216
3.6747,1.6281,-2.5637,-0.71815,4.9124,-0.31198,-4.1346,-0.054296
-1.403,0.16989,-5.0108,-2.1082,-2.5164,-0.22778,-4.225,-0.17212
-1.3458,-1.0375,-1.5234,-0.69706,-3.335,-0.1385,-0.91004,-0.1553
-1.3897,-1.0527,1.8936,-1.1636,4.9171,0.23815,2.0009,-0.16868
-1.3825,-1.0829,-2.8913,-0.83364,3.2569,0.16413,3.3894,-0.09331
-1.6039,-1.869,2.3147,0.5807,-2.1776,-0.013824,3.2346,-0.022462
-1.3131,-1.7439,-1.3992,0.52523,-6.4029,-0.0010406,2.7826,0.13556
-1.348,-1.2354,0.25714,-1.1787,-3.708,-0.0041082,5.723,0.20704
-1.3516,1.6387,-1.449,-0.38877,3.8181,0.27317,5.361,0.032298
3.7311,1.3876,-0.88276,-0.34127,3.4944,0.1883,0.28888,0.091804
3.7028,-0.80995,-1.3109,-1.5757,-5.9318,-0.10214,-5.8681,0.15309
3.6713,0.93976,-1.5131,1.236,-6.6402,-0.14029,-3.1166,0.061747
-1.442,-0.0036566,-0.42802,0.84018,1.9758,-0.31943,-5.0927,-0.074862
-1.7292,2.3347,1.7495,0.0012032,-0.40803,-0.20631,-0.016934,-0.14946
-1.4399,-2.8607,2.2079,-1.3946,-4.7458,-0.088075,1.2056,-0.25562
-1.395,0.10439,-0.96521,-1.7757,-0.32137,-0.031742,4.8537,-0.15849
-1.3908,-4.0644,-1.5049,0.31001,5.5076,0.49175,-0.9928,-0.031005
-1.1508,3.417,-2.3187,-1.3642,6.8179,0.64973,-8.8273,-0.065613
-1.3117,-2.976,1.0819,1.5061,4.8011,0.39029,1.9812,0.097621
-1.3736,-0.35509,1.9433,-1.2149,-0.41314,-0.08941,-1.8972,0.21885
-1.3678,0.039448,5.8132,-0.48781,3.0165,0.1362,0.76033,0.078443
-1.4555,0.15102,3.2569,0.014023,5.4618,0.23084,-1.8373,0.22041
3.6972,3.0794,-1.6239,-3.3289,3.3734,0.086289,8.5498,0.046609
3.6656,0.040719,-2.1444,-1.1978,-7.2159,-0.075721,1.4986,0.043031
-1.4158,0.12319,-1.9252,-0.50628,-4.8367,-0.19034,-5.1364,-0.08321
-1.0904,2.6081,-5.3999,0.48879,-0.83854,-0.40813,-3.4318,-0.11402
-1.2967,0.86544,-3.4494,0.79535,-4.3638,-0.26755,0.68749,-0.22011
-1.3331,-2.2144,1.7372,0.11211,-8.8593,-0.091566,3.3575,-0.27156
-1.3796,-3.8847,8.3753,1.9572,-2.0657,0.023853,8.0482,-0.12208
-1.3826,1.3353,4.0306,-0.14702,0.37846,-0.014723,10.329,-0.061549
-1.4573,-0.031637,0.30897,2.0848,3.7306,0.24714,-2.0997,0.1397
3.7498,0.96976,-4.6346,-0.92107,2.0843,0.011364,-1.348,0.15795
3.7305,1.4638,-0.46362,0.23071,-7.8015,-0.10415,-5.7286,0.050186
3.6741,1.5261,-0.5869,-0.42502,-6.9025,-0.42253,-8.0274,0.058072
3.6994,2.6726,-2.4014,1.3652,2.6879,-1.1386,-4.705,0.16652
-1.413,1.041,-2.9578,0.95645,3.8934,-0.40482,-3.6726,0.047655
-1.3999,-0.19849,-5.1064,-0.68759,-4.7661,-0.089724,-0.75342,-0.093261
-1.3892,-5.9357,-2.8814,-0.61386,1.6493,-0.14724,-0.96142,-0.12738
-1.6169,0.52782,-0.61302,0.68206,6.0229,0.46468,-0.95293,-0.22325
-1.3481,-1.3703,-3.0774,2.2416,5.6747,0.47078,6.5033,-0.18582
-1.3441,0.33079,-2.0771,2.6993,-1.1182,-0.0026578,4.1704,-0.11655
-1.3418,-0.74282,4.3222,-0.45071,-3.2716,-0.034521,0.6378,0.031568
-1.0965,0.095274,-0.05881,-2.0208,0.61646,-0.0061425,3.0215,0.12013
-1.2132,0.78904,-3.6796,-2.2717,4.9752,0.36784,3.0872,0.033125
3.736,2.2103,-1.6689,-2.2648,4.0389,0.2758,1.8643,0.093946
3.7135,0.3352,0.61832,-1.1955,-7.0547,-0.065415,-0.1369,0.092315
3.6822,-3.3033,-1.2831,0.60943,-8.1924,-0.13811,-1.3701,0.13384
-1.5636,3.1836,-1.2319,1.1892,0.59842,-0.38868,-1.7797,0.013387
-1.3537,0.84886,0.70433,-0.81338,-3.9626,-0.22073,0.18621,-0.11855
-1.3769,0.45246,2.825,2.9281,-5.4994,0.0085728,1.025,-0.18156
-1.3763,-2.0953,-0.79629,0.44187,0.40061,0.015305,5.9522,-0.15364
-1.2223,-0.60257,0.85202,1.4485,4.5277,0.39885,-0.31715,-0.20074
-1.2813,-1.7667,1.6037,1.4912,6.3818,0.64679,5.948,-0.063934
-1.2473,-0.88714,7.8189,0.4913,2.2132,0.020548,8.3038,0.03809
3.5849,0.93343,-2.0449,-0.91198,-0.58709,-0.039289,1.5679,-0.019907
-1.6543,-1.0492,-3.1549,-1.7867,-0.38124,-0.2191,-1.597,0.03332
3.7238,2.2221,-2.4157,2.4016,4.3494,-0.29673,-4.9008,0.22849
3.6964,0.83062,-3.1321,-1.8382,5.583,0.15807,-2.5306,0.32856
-1.4172,0.51878,-2.9254,-1.7478,-6.1184,-0.087054,1.8103,0.076642
-1.2412,1.1399,-3.4052,0.29821,-3.3445,-0.092329,-2.0587,-0.012873
-1.37,-0.59164,0.18582,0.58341,4.9127,0.21185,-1.1763,-0.13172
-1.3846,2.8776,-2.5884,0.070474,0.99829,-0.12132,0.35756,-0.22753
-1.3843,-4.0206,0.5162,-1.0987,-6.4776,-0.026634,1.9287,-0.17428
-1.4061,-2.5815,-1.0668,1.8171,-6.8362,-0.047991,-0.53971,-0.1784
-1.4239,-3.2332,1.7461,0.50784,0.50624,0.020445,2.4321,-0.081968
-1.3395,2.5221,5.2539,0.63214,3.4113,0.2137,3.7131,0.015407
-1.492,2.1662,-0.26624,-1.2802,3.0457,0.13246,0.295,0.095187
3.7385,0.14084,1.2519,-2.1909,-6.3831,-0.10086,-4.9758,0.12741
3.7098,3.1713,-2.4169,1.2348,-7.1213,-0.20975,-7.0421,0.086523
3.681,1.1226,-2.431,-0.44901,1.467,-0.87994,-3.4005,0.24837
-1.4129,2.0425,1.768,-0.27496,1.9319,-0.34719,-0.40958,0.12237
-1.3868,-0.5742,4.5118,-1.063,-4.95,-0.064965,-0.12189,-0.013968
-1.4998,-2.4875,-0.40487,0.8686,1.7522,-0.059408,1.5833,-0.12118
-1.4157,-2.3512,1.7233,1.5777,6.2067,0.52645,-2.8584,-0.18253
-1.3655,1.2873,3.8435,0.15882,7.3112,0.75088,-4.1655,-0.20139
-1.3508,-1.6156,0.47178,-0.058388,4.9485,0.40485,2.6227,-0.099297
-1.1492,-4.6065,3.3807,2.7994,0.73597,-0.014447,0.02274,-0.097812
-1.3078,-0.24527,6.7456,2.4715,3.0105,0.10438,-0.13956,-0.060527
-1.3625,1.3941,2.0762,-1.2577,5.0885,0.30961,-2.0333,0.02451
3.7158,1.139,-1.741,-1.564,4.1554,0.27141,4.2644,0.055735
3.695,0.82615,-0.76127,-1.2006,-6.9187,-0.028559,-0.93089,0.40029
-1.4242,0.72167,1.3817,0.20768,-4.409,-0.093831,-5.8676,0.21632
-1.4,1.8552,-5.1848,-0.031168,0.71591,-0.27962,-1.593,0.022904
-1.3876,0.12128,-1.7615,0.55796,-4.0825,-0.17895,-1.6505,-0.013238
-1.0862,3.7435,4.1148,-0.21744,-7.5085,-0.00092512,3.3565,-0.14342
-1.3591,-3.8936,8.3101,1.261,-0.94213,-0.046926,6.0407,-0.17343
-1.3667,1.4185,9.0945,-1.1559,1.8417,0.014008,9.2369,-0.20699
-1.3648,-0.6546,2.1975,1.179,5.6052,0.46844,0.31922,-0.1698
3.7065,0.74805,-4.8767,-0.52015,3.0812,0.15659,1.264,-0.097691
3.7388,0.72143,-1.4656,-0.79163,-6.7676,-0.10497,-5.1802,0.034391
3.7378,-0.63319,-1.6926,0.48323,-6.0941,-0.24644,-6.0559,0.17153
3.6967,2.7659,-1.9185,0.18388,3.3699,-0.68296,0.011778,0.15739
3.5905,1.3538,0.035759,-0.15467,5.1632,-0.29157,-1.7869,0.1553
-1.2505,1.3965,-3.856,-3.1262,-4.8895,-0.14067,-0.40338,0.18935
-1.4095,-3.9237,-4.6678,2.5982,1.1948,-0.1459,2.3904,0.11096
-1.4099,0.29134,0.47348,-0.020192,6.3662,0.55451,1.4095,0.019058
-1.4809,-0.22306,-1.2313,-0.20054,4.9933,0.42465,8.2253,-0.099686
-1.5832,0.060737,1.0421,1.144,0.50708,-0.020216,2.8683,-0.20371
-1.3734,-0.16579,2.889,3.3733,-4.42,-0.014036,4.2398,-0.2185
-1.3635,0.79988,-0.65758,-3.5395,-1.6795,-0.058496,4.1175,-0.13454
3.7491,1.779,-3.497,-1.6452,5.3515,0.49406,3.4732,-0.069775
3.7149,0.98613,1.1466,-1.247,3.8408,0.24533,1.886,-0.013384
3.7066,-0.28912,0.019808,-1.8355,-6.7578,-0.033013,0.60432,0.072285
3.6828,-0.17749,-1.481,0.57202,-6.8037,-0.19222,-4.1856,0.24981
-1.4319,0.95526,-6.3446,-0.28754,1.7805,-0.33603,-3.0904,0.15292
-1.5638,2.7309,0.20276,0.021667,-2.2966,-0.17967,0.78694,0.068342
-1.4256,-1.1193,1.0671,0.9221,-4.9333,-0.0056227,3.7268,0.10587
-1.392,0.22322,-0.1612,-0.64601,-0.70037,-0.014055,5.8986,-0.036067
-1.3842,-2.767,-0.45441,2.4881,5.7989,0.53361,-3.0374,-0.11692
-1.1864,0.72347,-3.3263,-0.062152,6.6031,0.61363,-5.4907,-0.20848
-1.309,0.21173,1.2162,2.3853,3.8893,0.23659,-0.1935,-0.25226
4.1611,1.6883,-0.56516,-1.6334,-1.9587,-0.099395,-4.0747,-0.14276
-1.38,-2.6002,1.4335,-1.2294,2.7254,0.018263,1.4212,-0.082309
-1.3538,-1.1416,0.096684,2.702,5.4392,-0.095853,-3.5023,0.094262
3.7167,0.19146,-4.9936,-1.8943,3.8072,0.031194,6.8656,0.18288
-1.4048,-0.2131,-4.3355,-1.0004,-6.8075,-0.067372,-0.047521,0.37775
-1.3946,1.103,-4.2502,-0.16871,-3.1906,-0.19263,-0.73615,0.19556
-1.3819,1.8052,-3.6357,-1.621,0.2838,-0.38065,0.28564,0.1378
-1.125,1.3245,-4.2929,2.2858,-3.0255,-0.12498,-2.3366,0.088591
-1.3393,-2.1579,1.0556,-0.71322,-6.3249,0.0083546,0.20993,-0.016013
-1.3645,-0.21069,2.1568,0.42446,-6.7203,0.011294,7.4773,-0.13515
-1.3553,-1.0399,1.8484,-0.052203,0.72159,0.015645,8.6641,-0.11655
-1.4253,0.75858,3.5749,2.1403,2.8044,0.099695,3.1684,-0.20149
3.7386,1.7456,-0.012222,-0.114,2.3814,0.064668,1.4882,-0.13653
3.8077,-1.7983,-2.1396,-0.90968,-8.4368,-0.13164,-2.9656,-0.084037
3.7173,2.2809,-1.9217,-0.13487,-6.2515,-0.39364,-5.7695,-0.059845
3.7005,0.82504,-1.9637,-0.95028,2.2604,-0.9943,-3.796,0.15391
-1.3486,1.8085,-1.1476,0.95813,1.8385,-0.41881,-1.443,0.27215
-1.4086,-0.5738,-2.2832,-2.4358,-5.7988,-0.076581,-0.46519,0.10896
-1.3968,-2.1721,-1.6623,1.4003,3.68,0.12406,-1.6115,0.17256
-1.4039,1.1285,1.3545,-0.21362,5.7767,0.51417,1.7449,0.11402
-1.3766,-1.0011,1.5366,3.3769,6.2215,0.53444,5.8619,-0.014017
-1.3492,-0.16114,5.7445,1.44,1.9414,-0.021923,-0.084177,-0.16112
-1.3436,-0.98936,8.303,-1.7792,-1.8393,0.012051,-1.2649,-0.17973
-1.1519,-2.4642,4.1669,1.599,2.901,0.069468,2.9409,-0.17995
-1.2275,0.77354,-0.53781,-0.79766,5.5639,0.39708,-0.093373,-0.15457
3.7327,-0.28708,0.054613,-2.5932,1.1541,-0.034007,1.7179,0.022977
3.7104,-1.9903,-1.1435,-0.18479,-7.6955,-0.061532,-0.79034,0.09526
-1.4548,-1.2859,-0.95851,-0.91982,-5.248,-0.12681,-1.6401,0.27037
-1.5188,3.1878,-0.76722,0.81119,-1.3442,-0.29557,-2.7547,0.19312
-1.3548,1.0296,1.0624,-0.30595,-6.1654,-0.17821,-0.69062,0.4098
-1.3745,-1.0187,2.3752,3.9083,-6.7157,-0.024561,3.5395,0.22454
-1.374,-1.4432,4.398,-1.078,0.83758,-0.024817,8.7164,0.011465
-1.1615,0.13787,1.8768,-0.16934,3.9563,0.26809,-1.987,-0.042468
-1.3326,-0.51244,1.3214,0.32927,5.9677,0.50122,2.8083,-0.13812
-1.3465,0.90572,1.4651,-1.1958,2.237,-0.007041,-4.9291,-0.21215
3.1595,0.60507,-2.3784,0.22172,-5.0736,-0.12224,-6.461,-0.10453
-1.5431,-1.3545,-2.6977,1.6567,0.23724,-0.27282,-4.4229,-0.19784
3.7228,2.2047,-1.2309,2.0051,4.5013,-0.54832,-3.7976,-0.10565
3.7103,-0.69768,-2.7548,-1.789,4.3152,-0.018734,2.2523,0.11057
-1.3924,-0.68461,-6.3423,-1.9997,-4.6132,-0.098035,1.7974,0.09251
-1.178,0.94312,-4.3593,-0.87525,0.057036,-0.16179,2.8473,0.10207
-1.2567,-1.0995,-1.5967,-1.8739,5.7547,0.32758,-0.31499,0.30532
-1.3782,0.21361,-1.1135,1.039,-0.84085,-0.078487,-1.5976,0.30683
-1.3686,-1.6417,-0.12826,-0.4249,-5.1615,-0.055891,2.4988,0.078905
-1.5238,-0.20599,1.7554,1.4172,-4.9366,0.0055758,-1.2637,-0.063399
-1.4285,-2.9197,2.1546,-1.5714,-0.019789,-0.015384,-0.10945,-0.12531
-1.3432,2.0736,4.8156,-0.31663,4.7572,0.40415,0.77941,-0.21575
3.7304,1.2573,-0.65373,-0.88268,1.7438,0.023429,1.7584,-0.13335
3.7253,0.27785,-1.3603,0.022161,-8.5128,-0.047516,-2.8949,-0.13692
3.7252,3.0275,-1.2971,-0.13518,-4.9584,-0.31748,-6.2164,-0.056268
-1.3829,1.1433,-3.0801,-1.3967,2.7169,-0.51114,-3.4289,0.11548
-1.3922,0.53196,0.5653,0.014704,-1.3026,-0.2021,-0.4566,0.18022
-1.4647,-2.6062,0.4187,-0.51751,-4.7406,-0.071903,1.0524,0.33628
-1.6253,-0.53741,-3.3206,-0.18547,3.2041,0.12019,4.3672,0.33328
-1.3809,-0.80128,0.8103,3.79,6.7043,0.60343,4.1603,0.1102
-1.3424,0.058829,3.16,3.743,6.2694,0.57665,4.9673,0.010564
-1.3258,1.2348,3.9706,-0.25299,4.4675,0.31698,-2.3259,-0.05875
-1.1979,-2.8619,4.9285,-0.26207,1.4621,-0.043909,-2.3615,-0.1626
-1.3003,-1.4963,5.9734,1.0997,3.8446,0.19685,0.25942,-0.11641
-1.3342,1.0812,5.6508,-1.0316,5.6425,0.32319,1.8166,-0.21485
3.7276,2.4642,-2.2746,-2.2768,2.2876,0.014868,1.9076,-0.13724
3.7108,-1.5346,-2.8879,-1.3521,-7.9549,-0.054505,2.4617,-0.034996
-1.4074,-0.29827,-3.605,0.46734,-3.0246,-0.11996,-3.0083,0.13795
-1.3649,-0.47551,-5.2746,0.11673,-0.84146,-0.40941,-2.1828,0.16007
-1.3529,0.28404,-3.3375,3.8836,-3.2975,-0.096841,-3.8469,0.19045
-1.2071,-1.4959,2.965,1.5838,-7.8719,-0.073667,4.2466,0.24418
-1.2627,-0.81793,5.8076,1.2078,0.40476,0.0057555,5.3407,0.20863
-1.3457,0.66808,6.1539,1.0142,3.4435,0.22356,6.3616,0.091098
4.1103,1.0801,-1.2056,1.16,4.9417,0.40711,-2.7299,-0.070067
3.6929,1.4959,0.16003,0.33151,1.3521,-0.078352,-4.1058,-0.11297
3.7419,-0.23932,-1.656,1.6188,-8.933,-0.20791,-6.4664,-0.13709
3.8447,0.35151,0.40554,-0.46628,-2.5064,-0.52935,-8.1686,-0.17757
3.7322,-0.2852,-2.4879,0.48236,4.531,-0.61706,-7.6622,-0.049502
-1.2352,1.1898,-2.2389,-0.80049,3.5159,-0.11068,-1.7162,-0.01959
-1.1659,-1.1039,-6.492,-1.6218,-4.6411,-0.097791,-0.87163,0.021638
-1.3732,-5.241,-2.7211,1.3116,3.8337,0.14871,-0.20987,0.17448
-1.3625,0.079418,-2.1222,-0.89724,6.4078,0.55301,1.5137,0.35628
-1.3486,-0.026339,-2.7113,0.53523,4.847,0.3597,0.61833,0.14362
-1.4809,0.53503,-3.0417,0.42723,-2.5842,-0.007195,2.4093,0.069681
-1.3525,-0.31292,3.8488,-0.5173,-2.9281,0.0099012,-0.76631,0.062599
-1.3173,1.1447,0.22683,-2.5522,1.4836,-0.024015,-0.4354,-0.078074
3.7412,1.709,-2.8496,-0.23185,5.4852,0.42584,4.1789,-0.085205
3.731,0.7616,-3.3706,-2.7158,2.2225,-0.032891,-1.382,-0.19711
3.7047,-1.1781,1.5483,-1.0076,-7.8184,-0.023778,-3.8091,-0.13196
3.6854,-3.4149,-0.861,1.1431,-4.1458,-0.16498,-4.897,-0.14228
-1.4077,1.7077,-3.5055,1.1112,0.36688,-0.47907,-3.0618,-0.0266
-1.4058,-0.22556,0.98396,-1.4794,-5.6566,-0.17241,-1.112,0.077396
-1.4166,-0.85735,1.8259,1.4807,-6.4666,-0.015461,2.5233,0.49097
-1.3592,-1.4335,-1.7047,1.2395,1.7462,-0.016346,5.2981,0.25302
-1.3521,0.18968,-1.7657,4.3486,4.6881,0.35032,-3.3362,0.17025
-1.126,-0.72097,-0.23276,0.57735,6.3851,0.54907,-2.5956,0.13907
-1.2706,0.33397,3.5886,-0.83451,2.1473,-0.044968,-5.5611,0.041035
-1.3191,1.3057,2.0252,1.1445,-3.0131,-0.032217,-0.42596,-0.071454
-1.5104,0.088859,0.094712,-1.6456,-0.32473,-0.36414,-2.5988,-0.13919
3.7149,1.883,-0.82104,2.2095,4.9577,-0.39853,-2.609,-0.19738
3.6917,-0.50279,-3.048,-3.2122,3.7044,-0.060107,0.60963,-0.224
-1.4325,-0.63677,-5.2661,-1.6473,-7.3435,-0.10543,-0.98384,-0.14191
-1.3871,0.64644,-3.6011,1.287,-2.2258,-0.13071,-2.2525,-0.058774
-1.3638,1.3343,-2.2722,-1.1465,3.9679,0.029609,-4.2447,0.10346
-1.1758,0.48481,-3.9474,-0.69947,-3.303,-0.092259,-1.0928,0.29943
-1.3597,-4.3092,-0.042692,-0.52646,-8.0834,-0.048273,3.7007,0.40445
-1.3643,-1.3006,0.47691,1.3043,-7.3421,0.02031,6.4388,0.17117
-1.3501,-2.6249,0.26992,0.68315,0.30116,0.034807,2.239,-0.0032354
-1.3969,2.9859,6.0229,2.4553,3.033,0.11677,2.0129,0.037725
3.7913,1.6439,-1.604,-0.68734,1.2641,-0.022173,2.865,-0.06924
3.7315,0.46171,2.6147,-1.4875,-7.9744,-0.095192,-2.1867,-0.16309
3.7057,3.2845,0.66403,1.6488,-5.5411,-0.28588,-7.3804,-0.13719
3.5618,1.9907,-1.8634,-1.0833,0.96385,-1.0002,-3.7595,-0.18898
-1.3024,0.74411,0.93694,0.50885,-0.51337,-0.21472,-0.38388,-0.13225
-1.3882,-2.5887,4.2129,-0.90386,-5.1411,-0.042337,-0.0033517,0.053667
-1.3839,-4.3527,-2.107,2.6175,3.187,0.13956,-0.24572,0.12741
-1.5455,-0.19497,1.134,-0.021174,6.5529,0.56974,0.085977,0.24956
-1.3868,0.81415,0.8532,1.247,6.3916,0.55871,3.5109,0.21043
-1.3365,1.0805,2.7995,0.19696,3.8055,0.18746,5.7296,0.24372
-1.3397,-4.2702,5.9737,1.3225,1.4065,-0.058484,-0.5909,0.11957
-1.2439,-1.4363,5.4347,3.083,3.1033,0.11413,3.6232,-0.023923
-1.1974,0.68296,1.5616,-1.3475,5.4089,0.31101,-2.2252,-0.072647
3.7015,1.2306,-1.0391,-2.8072,1.3556,0.0018986,1.4069,-0.12741
3.6799,0.070999,2.7311,-3.2109,-9.6461,-0.05867,4.8284,-0.23934
-1.5545,-0.69262,0.90064,0.083371,-2.9743,-0.14262,-4.264,-0.21076
-1.5206,2.16,-5.9779,-0.018496,-0.58825,-0.32751,-6.6021,-0.12517
-1.3467,-2.0928,-0.84822,2.4265,-4.3258,-0.16539,-3.5797,0.11196
-1.3697,-1.9189,3.6445,2.0389,-7.8902,0.0055116,3.5581,0.22732
-1.3703,-2.0953,7.974,0.67772,0.95805,-0.01059,4.4302,0.065568
-1.1512,-0.057531,7.137,1.3743,3.4655,0.22643,4.0643,0.2655
2.3323,0.4063,0.80236,1.7696,5.3852,0.40311,4.3147,0.3436
3.758,1.1193,1.5663,-0.5999,1.9422,-0.047292,-4.3291,0.099397
-1.3546,1.1278,-0.22484,1.1045,-8.1869,-0.17836,-5.8704,-0.012484
-1.5176,1.0134,-2.028,-0.03894,-1.4859,-0.56471,-5.8079,-0.089951
3.7239,1.4378,1.121,2.5168,4.6582,-0.71723,-3.084,-0.17547
-1.3918,-0.17711,-3.2616,-2.4266,3.4631,-0.19937,-1.5215,-0.24459
-1.3767,-2.6535,-5.9922,1.6062,-5.1983,-0.10943,-2.6313,-0.13661
-1.1021,-2.1772,0.27843,-1.9673,2.7242,-0.068405,-1.6091,-0.022
-1.2022,-1.5309,-2.3022,0.49142,5.8958,0.41301,3.0714,-0.0017264
-1.3541,-0.65488,-2.7141,2.26,2.6403,0.054484,4.8426,0.095942
-1.3421,3.6455,0.33306,-1.0696,-5.2638,0.0064357,-1.0758,0.021979
-1.553,-3.2245,-4.1534,0.70548,-3.6241,0.029122,-2.2852,0.24024
-1.424,-0.23791,-0.27369,1.6475,-1.0669,-0.0022279,6.567,0.20259
-1.3279,3.0207,-0.99625,-2.8386,5.3954,0.44118,-1.0263,0.044856
3.7531,1.7422,-0.71819,-2.325,0.30373,-0.05496,2.8607,-0.00089892
3.7391,1.406,-1.3062,-1.2841,-7.2206,-0.03264,-7.4917,-0.069872
3.7132,1.8152,-3.5405,0.014049,-5.2449,-0.34714,-5.1536,-0.17652
-1.438,0.94428,-3.7585,-1.6958,2.1214,-0.50473,0.23846,-0.21675
-1.3691,-0.34317,1.3243,-0.45449,-3.9201,-0.10581,4.5764,-0.17791
-1.6824,-0.60908,0.99812,-1.4186,-3.9738,-0.02845,4.2055,-0.084159
-1.4394,-1.1444,-1.5611,-0.24359,2.9504,0.13175,5.525,0.092218
-1.3439,-1.9517,-2.6885,2.0673,6.7734,0.62984,1.385,0.14077
-1.3216,3.5987,0.19148,-0.21417,6.0779,0.53721,2.057,0.25601
-1.3044,-2.0303,0.033266,-1.0962,3.062,0.11342,-6.0718,0.049578
-1.0463,-0.50942,2.2363,2.1701,-1.4688,-0.083756,-3.1602,0.19882
-1.2628,1.1537,1.6246,-0.83701,4.9337,0.23807,-3.2521,0.067588
3.7448,3.1036,1.2062,-1.3671,6.392,0.29415,-0.60757,0.048093
3.7151,1.5766,-1.6546,-3.038,0.30885,-0.045469,3.9502,-0.07788
-1.5826,1.5822,-0.77459,-1.1247,-7.0891,-0.046008,0.28864,-0.20035
-1.3771,0.25929,-5.7168,0.17553,-0.14449,-0.10382,-5.1922,-0.18811
-1.3558,-1.9963,-6.4782,-0.79636,0.82814,-0.25612,-3.6518,-0.12595
-1.35,-0.72727,-2.1267,1.704,-6.7393,-0.025125,1.3668,-0.054467
-1.2083,-3.2812,3.1891,0.99052,-8.7073,0.036553,4.5104,0.021151
-1.2544,-0.82145,4.929,0.39622,-1.8232,0.051487,4.608,0.012998
-1.3366,-1.0262,6.4535,0.96312,3.0395,0.16223,7.5881,0.23021
-1.3286,1.1534,-1.1486,1.9535,4.1185,0.27828,2.4019,0.22746
3.7656,1.4003,-0.76907,0.088946,-1.333,-0.016898,-2.2564,0.072431
-1.7424,0.59979,-0.13062,1.0675,-7.9111,-0.13203,-7.3002,0.06732
3.7298,2.1961,-2.5282,1.8469,-0.43069,-0.66827,-7.662,-0.0096362
3.701,0.57635,1.8202,0.6179,4.3471,-0.7238,-5.4811,-0.11256
-1.3342,2.2528,-0.13942,-0.89863,1.1037,-0.2157,-4.7961,-0.1581
-1.1209,-3.2527,-4.3387,-0.64186,-3.9252,-0.063117,0.48012,-0.19003
-1.4235,-3.8517,-1.6619,1.1217,4.6,0.20925,0.8784,-0.15075
-1.3572,-1.8172,-0.26451,-0.55465,7.2524,0.67107,0.24413,-0.16572
-1.3494,0.46912,0.21534,1.9972,5.5509,0.45868,-2.892,-0.033439
-1.4485,-0.59133,1.3092,0.83123,-0.35932,0.025399,1.4879,0.17845
-1.3385,-1.1881,2.972,0.17939,-2.305,-0.0047885,3.2109,0.2398
-1.3194,2.4004,2.185,-1.598,4.1498,0.27978,2.6848,0.21719
3.7689,1.393,-0.99802,-0.47988,6.0961,0.46195,1.9108,0.00068305
3.7432,0.73167,-1.6993,-1.5377,-1.515,-0.046451,-0.74583,0.1214
3.7127,0.75813,0.33098,-3.7691,-7.7296,-0.023508,-3.3806,0.024875
-1.3943,-0.45996,-0.78215,0.4598,-1.8285,-0.18512,-1.6936,-0.1323
-1.3843,1.787,-1.2907,0.32505,0.18909,-0.39936,-4.4787,-0.15211
-1.6548,0.32207,3.8069,1.3783,-5.5566,-0.14696,2.3189,-0.21344
-1.4401,-0.11989,4.2865,2.4529,-5.4711,0.0091889,2.446,-0.16569
-1.3362,-3.928,0.82627,1.9005,2.626,0.072947,6.343,-0.11329
