tachometer_signal,underhang_bearing_axial,underhang_bearing_radial,underhang_bearing_tangential,overhang_bearing_axial,overhang_bearing_radial,overhang_bearing_tangential,microphone
-1.4848,-0.54546,0.05674,-0.88729,-4.069,-0.051919,0.12954,-0.12064
-1.4938,-1.1991,-0.41164,-2.8707,-7.2287,0.085332,5.9073,0.074646
-1.3779,-2.8166,-3.9788,-0.32593,-2.379,0.12371,1.8689,0.31199
-1.3259,-5.3343,-1.4238,4.7588,3.4832,0.052359,3.5126,0.33455
-1.3068,-0.43631,-2.0506,-0.5383,6.6398,0.32199,-3.2589,0.058461
-1.1801,0.95193,-1.0596,1.8631,4.9391,0.089209,-5.3545,0.18027
-1.2608,2.3316,1.8997,-0.23677,2.0332,0.1678,-2.0197,0.077858
-1.3129,1.4731,2.3378,-2.2451,-3.0563,0.049747,-6.3224,-0.069507
3.7617,-1.3201,-1.5027,1.9745,-7.28,0.045762,2.4544,-0.13855
3.7359,3.3482,3.249,-2.0305,-2.2972,0.058584,-2.0369,-0.20573
-1.3775,-1.1447,-1.6354,1.1104,0.81642,-0.14081,0.12545,-0.20887
-1.3358,-1.6463,-3.7835,2.2478,-5.443,-0.13378,-3.4481,-0.11064
-1.325,-0.20756,-0.029882,1.107,-6.9091,0.082207,2.0925,0.081485
-1.1005,0.095287,-1.2848,3.5858,-4.2913,0.18717,5.2979,0.11901
-1.1896,1.9721,0.91313,0.42922,-7.5201,0.17836,6.2704,0.26295
-1.3244,-2.2226,5.7333,-3.454,-0.13051,0.18116,7.8301,0.28741
-1.2973,0.10706,4.5763,0.97896,2.5477,0.13322,0.55266,0.20257
-1.5497,1.7128,3.42,-0.68483,3.4307,0.15907,4.3806,0.025216
-1.3338,1.627,2.973,0.95032,2.4989,0.051987,0.24526,-0.04276
3.7504,1.2272,0.36315,-1.8436,-6.3769,0.060875,0.19204,-0.12166
3.7735,0.96282,0.14768,2.4095,-8.9885,0.043651,0.12336,-0.19224
-1.1994,-0.70262,-2.0564,-0.10678,-0.91439,-0.012438,-6.7828,-0.17676
-1.0386,-1.1959,-1.6596,0.75568,5.5225,-0.11538,0.68038,-0.072963
-1.3454,-3.4682,-3.1834,0.020555,2.7267,0.013662,0.65696,0.10205
-1.3282,-0.93033,-0.63605,1.3843,2.204,0.18021,2.3855,0.015675
-1.316,1.4173,-0.17462,-1.8371,-0.8814,0.098411,7.7789,-0.012849
-1.4287,0.53594,-0.25865,0.30467,1.3027,0.084068,-2.5324,0.32063
3.7929,1.5091,0.34271,5.199,3.4624,0.15121,0.66187,0.17346
3.7743,-0.037757,-2.5699,0.81243,5.7177,0.086616,-1.4363,0.018863
3.7478,1.4562,-1.032,-2.2351,5.4506,-0.50622,-0.043508,-0.037844
3.724,-0.059387,0.79162,-4.3048,5.8363,-0.47662,-3.5128,-0.15956
-1.3648,2.2633,-2.5702,-1.8237,-3.2232,-0.12066,-0.27195,-0.22459
-1.3695,-4.1158,-4.085,1.905,-3.6566,-0.020505,0.71847,-0.168
-1.3577,-2.5937,-4.4935,0.53585,2.8017,0.032176,-4.2498,-0.099662
-1.5251,-0.11272,-1.5724,4.6952,7.1974,0.25909,-2.2397,-0.040253
-1.4277,-3.0056,8.9111,0.61131,8.3225,0.5077,-2.9551,0.12768
-1.3161,-0.66401,4.124,-1.0396,6.7975,0.38805,8.109,0.41525
-1.3108,-0.23857,6.2379,0.90095,4.1611,0.14347,1.081,0.19853
3.7728,-0.6829,0.6799,0.64073,2.4002,0.056178,-1.4825,0.050941
-1.1926,0.8223,0.78851,0.60417,-1.9802,0.037625,-3.739,0.082191
3.7255,-0.22498,-1.2677,0.46303,-0.74712,-0.28191,-4.2731,-0.0010936
3.7051,0.96634,-3.6914,0.81974,1.8693,-0.68559,-6.2777,-0.1388
-1.6731,1.6136,3.5564,1.6566,-2.0693,-0.2948,0.03439,-0.19195
-1.5036,-0.94967,3.3671,-1.5883,-5.8024,0.090235,0.70449,-0.20891
-1.3991,-0.097514,3.3244,-1.092,-4.4623,0.16099,3.6566,-0.16443
-1.3447,-2.376,-1.0175,-0.28318,0.36655,0.1245,1.8094,-0.056146
-1.3318,1.1252,-3.0406,5.8389,0.59682,0.079409,7.3286,-0.031321
-1.108,-1.0163,-1.885,4.1257,5.84,0.26828,-1.1572,0.22308
-1.3557,-0.25171,5.3887,0.79451,2.8333,0.084447,0.52211,0.22323
3.7136,-1.9235,4.0295,-4.1076,2.2631,0.12207,-2.2254,0.17794
3.7279,1.145,5.058,-2.3059,-6.5533,0.067819,-1.3912,0.035997
3.7013,0.69084,-4.8622,-0.7817,-5.3055,0.066247,0.30824,0.023561
-1.4387,4.0846,-0.027364,-2.2062,-0.06411,0.0030922,-2.3338,-0.098762
-1.3861,-0.13099,-2.9483,0.33067,1.0209,-0.18622,1.484,-0.14269
-1.3687,-2.119,-0.6813,2.0512,-3.9651,-0.020255,-2.1717,-0.12733
-1.1103,-1.1802,3.5674,0.41394,-6.2325,0.13661,2.1671,-0.13247
-1.3339,-1.5563,-0.73555,5.6753,-4.9092,0.12381,7.4668,-0.076663
-1.3609,0.2889,1.1686,-2.302,-2.897,0.16296,2.5068,0.093751
4.1616,-0.85884,6.4953,-0.82384,1.0872,0.067209,1.8738,0.095382
-1.4333,-0.15974,4.499,-0.55801,2.1673,0.081052,1.5864,0.056782
-1.2275,1.9869,-0.9011,-2.2781,5.8397,0.17545,3.4914,0.21084
3.716,2.5355,-1.0852,0.50239,2.0375,0.015395,1.3498,0.051963
3.6867,2.1526,-3.1637,-0.33834,-7.5191,0.018802,0.61981,0.027698
-1.2929,4.1956,-1.4272,-1.7524,-4.9549,-0.0067843,-2.4733,-0.093578
-1.2567,-1.3758,-2.3362,0.61841,5.1864,-0.11019,1.3797,-0.17728
-1.4878,0.10513,2.2007,-1.6391,7.3869,0.23436,-3.6699,-0.2748
-1.3679,-3.1065,-1.09,2.5324,6.985,0.41316,3.376,-0.21205
-1.7055,-0.29457,5.9763,-1.3798,3.367,0.18233,2.7048,-0.13768
-1.4981,0.14715,12.997,-5.5093,4.5198,0.12456,4.4902,0.03203
-1.3031,-0.87339,2.2197,1.6612,4.0001,0.096781,5.8326,0.17825
4.1363,0.60828,-2.4332,-0.59672,5.533,0.14217,-2.2739,0.17234
3.7281,1.1376,-1.9211,0.87905,3.1876,-0.69833,-0.94701,0.05206
3.7041,-3.728,-4.4713,0.87742,5.809,-0.80105,-6.2624,0.20758
-1.392,3.3138,-1.4035,-3.0658,2.4809,-0.43463,-5.2263,0.074743
-1.3987,0.31267,-3.4787,-2.1631,-5.1246,-0.07069,-0.87126,-0.085692
-1.3914,-0.40083,-3.6415,-1.7587,-3.1629,-0.021301,0.97083,-0.13427
-1.5209,-2.9325,-5.0488,1.5649,2.4266,0.079242,0.07985,-0.24725
-1.4106,-3.3907,-2.0228,5.3605,7.4422,0.41707,0.28367,-0.21699
-1.3479,-4.9623,-2.0463,2.5356,7.1881,0.47564,-3.442,-0.088394
-1.3563,-2.1919,-3.6724,3.5454,5.0386,0.1917,-2.2931,-0.014991
-1.1049,1.5446,-2.4581,-2.7094,1.816,0.14319,-1.96,0.064667
3.7298,1.9001,-1.8309,0.052927,-3.6406,0.074487,-3.9784,0.065495
3.705,1.2939,-1.5351,-0.07821,-4.6459,0.045627,-7.206,0.17171
3.6757,-0.76674,-6.8329,-1.5096,-0.0024486,-0.3344,-6.8035,0.19526
-1.8566,0.42502,-5.9984,-0.30925,-0.015396,-0.43741,-3.5222,0.060676
-1.5627,0.6833,-0.46372,0.31083,-4.8204,-0.053311,1.2697,-0.03872
-1.4406,0.44992,2.1321,2.5893,-6.1707,0.10833,7.0743,-0.20027
-1.385,1.39,5.4329,1.9308,-5.2001,0.092867,4.5276,-0.19514
-1.0009,-1.8024,5.5196,-0.3027,-5.0847,0.16952,7.1956,-0.17027
-1.2324,-1.6311,4.184,1.2404,2.8721,0.087315,0.022747,-0.13288
-1.3968,0.80882,2.7593,-0.22138,2.4715,0.1014,1.7611,-0.00031481
-1.3503,-0.7377,3.3266,-0.62267,3.594,0.078055,1.129,0.021614
-1.524,3.236,0.56142,-2.1088,-3.7185,0.07957,2.2358,0.070387
3.7335,0.48088,3.257,0.063955,-8.6237,0.075398,-0.99227,0.17487
-1.4181,2.5921,2.7081,-0.88456,-6.6631,0.031657,-3.0779,0.24199
-1.3739,-1.2588,-1.0256,-0.46121,0.37502,-0.13792,-1.452,0.072139
-1.359,0.37531,-5.0533,1.4835,0.21514,-0.19459,-2.4065,-0.0068374
-1.1351,-0.077079,-2.8117,1.8419,-1.3916,0.034358,-2.6558,-0.19324
-1.3073,-1.1924,0.10888,0.38609,0.44242,0.14086,-0.49001,-0.21018
-1.3333,3.8964,0.74251,1.103,-2.1198,0.14403,0.79641,-0.2372
-1.3271,2.5674,-1.7234,5.036,-1.3999,0.090171,3.0459,-0.15011
-1.4269,-0.67799,-2.819,1.2343,1.9736,0.087546,-1.7359,-0.040156
3.7247,0.71121,-0.25834,-3.4475,5.5383,0.097539,-0.003981,-0.0057178
3.7595,0.0074599,1.4605,-2.1371,7.149,-0.015332,-5.2745,0.20498
3.7323,-0.49809,-6.3472,-1.1622,0.70432,-0.25838,6.8238,0.2456
-1.2732,1.1667,-7.2131,-1.3896,-4.4132,-0.081696,-2.8782,0.22152
-1.3067,-1.1963,-5.2051,0.12472,-2.6603,-0.12368,-2.9363,0.042252
-1.3558,-0.15855,-0.2677,1.0938,4.918,-0.067109,0.84393,-0.039255
-1.3444,-0.34548,3.7306,0.75573,8.5374,0.48069,1.7233,-0.10531
-1.5116,-2.4447,6.3146,1.8002,6.6025,0.42126,5.081,-0.22542
-1.3835,-2.3568,1.1913,0.12298,5.9672,0.32999,1.8688,-0.21373
-1.2734,-0.21514,2.4635,-1.647,4.514,0.13397,0.0011437,-0.15515
-1.3033,0.85267,3.5149,-0.048998,3.303,0.042149,-3.7064,-0.077953
-1.5262,1.5695,0.11569,3.2922,-0.1081,-0.075471,-1.8571,-0.010488
3.767,-3.292,-5.1207,1.1981,2.6797,-1.0932,-2.9073,0.047582
3.7386,-1.7094,-4.7531,1.2846,2.996,-0.85314,-4.6207,0.28388
-1.3492,-1.3252,1.131,0.3179,-3.6772,-0.1435,2.4466,0.22369
-1.3351,0.98075,1.8427,-3.3556,-6.3226,0.027036,4.9829,0.027771
-1.4334,-2.7657,-2.1689,-1.5306,-2.2754,0.063314,1.3867,0.043201
-1.3027,-0.099871,-2.1036,0.69554,1.903,0.10371,4.6701,-0.073669
-1.3038,-1.8087,1.826,2.1746,6.1345,0.26745,-2.1617,-0.15128
-1.2996,1.8633,-2.1429,2.7219,5.8166,0.30711,-0.99251,-0.14987
-1.0502,1.5785,2.7864,-0.65188,2.7102,0.11025,-1.5596,-0.18234
-1.256,1.2188,3.9027,-0.73646,-1.4592,0.05938,1.6647,-0.12346
3.7962,-0.66813,-0.15948,-0.21305,-7.7268,0.053636,1.7299,0.083213
3.7684,1.7912,1.1383,-1.5542,-3.5323,0.034602,-1.5879,0.14708
-1.5659,0.17979,-0.56287,0.83728,1.8579,-0.13653,1.5926,0.2664
-1.4041,-0.62874,-2.8621,0.73592,-1.021,-0.30166,-2.3019,0.086012
-1.317,-0.71037,-0.53312,1.6474,-6.44,0.053142,-0.10635,0.20386
-1.3099,0.33395,0.90173,1.2146,-5.0067,0.17628,5.7403,0.072918
-1.0794,2.3256,1.3634,-0.56108,-4.9808,0.086077,5.6424,-0.083818
-1.1397,-0.52364,4.206,-3.3968,-2.5979,0.09279,4.3508,-0.22671
-1.2597,-0.77258,3.011,1.9719,1.4704,0.14843,5.9543,-0.23004
-1.2731,1.3692,5.7341,0.98971,3.4254,0.048194,3.5888,-0.18407
-1.4545,1.072,-0.43661,-0.76685,1.9554,0.038023,2.1465,-0.13987
3.7839,1.4544,-0.51759,0.4761,-6.0392,0.0016675,-2.5161,-0.06481
3.7691,-0.041155,-1.3069,1.5084,-7.9725,0.010299,-3.9342,0.16796
-1.3288,0.10209,-2.4531,-0.53227,-3.8277,-0.077107,-5.0579,0.33861
-1.3239,1.9088,-1.4692,-1.3811,3.6966,-0.2572,-3.7796,0.11514
-1.1514,-3.2524,-4.8491,-0.2821,4.2143,-0.062771,-3.3331,0.37081
-1.2518,-1.3139,0.74211,1.5443,0.78237,0.15241,0.62803,0.064594
-1.2926,1.672,-1.5021,-4.142,0.23009,0.18382,8.3187,-0.061573
-1.2837,1.8793,-3.7863,2.3222,0.26604,0.13841,0.42608,-0.1165
3.8677,1.9507,-0.65053,1.0192,2.2369,0.10189,-1.0406,-0.21687
3.8057,-1.5757,-0.61433,0.51775,4.2344,-0.017457,-2.9316,-0.21841
3.8046,-0.88014,0.047669,-2.4698,5.6995,-0.32874,-1.5342,-0.049672
3.7848,0.53881,0.26689,-4.743,6.4923,-0.47172,-3.6887,-0.0097092
-1.2438,2.1711,-1.1793,-3.4861,-2.3479,-0.18267,-0.73299,0.13379
-1.2906,-1.0806,-3.0295,0.29846,-4.3138,-0.057515,0.033092,0.17185
-1.3196,-3.9213,-6.6896,3.5071,1.9613,-0.025684,-0.76444,0.24272
-1.3099,0.60183,-2.4543,3.3228,7.0437,0.345,1.079,0.21904
-1.4196,-2.2165,5.6003,5.1099,8.2067,0.55362,-6.4812,0.11368
-1.4043,-0.022319,4.4559,-1.6723,6.249,0.37695,8.7783,-0.041616
-1.2616,-0.86079,6.4104,1.2754,5.4848,0.29694,-1.4786,-0.15396
-1.2743,-1.0391,2.6529,0.20286,4.3889,0.11878,-4.7325,-0.14887
-1.2776,0.70682,2.9195,-1.1329,-1.0482,0.026773,-5.5821,-0.17036
3.7897,-0.48623,-4.0264,1.7465,-1.5704,-0.33164,-5.421,-0.15613
3.7771,-2.0515,-4.1432,1.5957,1.3148,-0.87933,-2.8108,0.0049178
-1.3264,0.13104,0.3336,2.5874,-0.18628,-0.50698,-1.8922,0.10524
-1.3716,0.166,2.649,-0.14656,-7.1596,0.033992,4.2606,0.1131
-1.457,-1.2285,2.5417,-2.1211,-6.4486,0.15675,3.2931,0.40107
-1.2617,-1.1709,-1.2432,0.30714,-1.7034,0.16018,1.1178,0.22997
-1.2827,-0.010246,-5.5275,1.7341,-0.93659,0.15206,9.0109,0.069705
-1.2733,0.50357,0.15339,3.7424,5.6542,0.31641,-0.73134,-0.047871
-1.1051,1.249,3.2394,0.90135,2.6918,0.14947,-0.80682,-0.15527
3.7598,-2.5518,4.2924,-1.7918,0.57137,0.082233,-2.3148,-0.16058
3.7785,0.053557,5.4867,-1.5864,-6.0372,0.070335,-3.4673,-0.21561
3.7755,2.3784,-1.356,-2.472,-6.9691,0.043792,-0.67313,-0.14274
-1.5197,1.3057,-2.2603,-1.1552,-1.0554,-0.04837,0.22629,0.040329
-1.3264,0.73481,-1.6302,-2.1757,-0.60974,-0.25573,-2.6406,0.071433
-1.304,-2.8698,-5.3528,2.3682,-5.1629,-0.15237,-0.12137,0.46948
-1.3037,-1.899,-0.42473,3.1526,-5.3203,0.13377,0.97008,0.34353
-1.1183,1.684,-0.013873,1.3073,-5.3807,0.099316,4.6706,0.34562
-1.2256,1.9797,-0.28038,0.20825,-5.2669,0.13237,2.8794,0.13444
-1.2988,-0.090257,5.3998,1.9406,-0.29501,0.10469,5.4787,-0.021245
-1.2775,0.21812,5.6625,-1.3857,1.9306,0.1198,1.1813,-0.12286
-1.1734,1.0768,1.8628,-3.4579,5.3956,0.15033,-1.887,-0.15304
3.785,1.5046,-0.54767,-0.054233,2.7463,-0.046124,8.4089,-0.21906
3.7672,0.50104,-1.3494,-1.4194,-6.7976,-0.052175,1.4975,-0.1837
-1.3272,2.6583,-4.4926,-1.2018,-7.1288,-0.046534,-2.4329,-0.054369
-1.0621,-1.1636,-6.5533,-0.19781,1.4938,-0.19861,0.012125,0.00070738
-1.2041,0.57069,-1.0745,-4.0457,6.5198,-0.042093,-0.78874,0.25129
-1.2454,-2.1963,-2.2294,4.8182,6.3488,0.27075,3.4272,0.25535
-1.3026,0.27477,1.6716,0.91961,5.0406,0.19314,-4.1677,0.25017
-1.2845,1.6371,12.832,-9.0686,4.3227,0.17332,4.08,0.041352
-1.284,-0.89818,3.4101,2.9444,1.783,0.093887,-2.643,0.0023624
3.7947,2.0801,-1.1018,-0.073399,4.3901,0.0039843,-2.2115,-0.080946
3.7794,1.9431,-1.0749,0.57795,3.6355,-0.48484,-0.85599,-0.17788
3.7503,-2.1249,-8.8932,0.57594,4.8834,-1.0168,-1.8252,-0.10183
3.7762,2.6416,-1.5002,-3.3116,3.349,-0.65025,-9.0,-0.19884
-1.2706,1.3506,-2.2,-4.1892,-5.4025,-0.13907,-0.79487,-0.081555
-1.3361,-1.4322,-6.3371,-1.9687,-4.9298,0.045968,-1.0822,0.22435
-1.326,-3.5748,-4.5447,1.4886,2.2544,0.043112,-1.05,0.20067
-1.5661,-3.1563,-1.3034,5.596,6.4621,0.34953,0.25348,0.20463
-1.3206,-5.8815,-0.9238,1.4693,7.1765,0.43161,-3.0596,0.11551
-1.3006,-1.5183,-2.7769,7.7362,5.2544,0.21825,-1.5743,0.18648
-1.2937,0.41662,-4.4449,-2.3117,2.6039,0.11951,-2.5929,0.021249
3.7393,2.537,-2.359,-0.51496,-3.1712,0.11528,-3.0656,-0.064908
3.7597,0.74133,-0.83497,-1.2963,-4.4353,0.026548,-2.1942,-0.18368
3.7373,-0.7365,-2.8134,-2.1489,-0.12684,-0.31672,-9.162,-0.2691
-1.3652,-1.6413,-5.3418,-1.8088,-0.49582,-0.40334,-3.8788,-0.23235
-1.4116,1.8162,-2.2453,0.60485,-3.2554,-0.18683,-4.1956,-0.12213
-1.4157,-0.63477,1.7911,2.0525,-6.4623,0.11686,6.2441,0.13094
-1.319,1.7537,5.096,1.1477,-6.1539,0.093021,5.3766,0.28814
-1.3132,-0.86531,4.6388,-2.1744,-5.5131,0.11863,7.4991,0.24353
-1.2776,-1.7744,7.6346,1.5032,1.9518,0.15647,1.4672,0.1709
-1.0883,1.8407,-0.79392,-0.36265,2.3521,0.083144,2.5704,0.19183
-1.2888,0.3003,6.5617,0.71971,2.722,0.07389,0.79622,0.01402
3.8567,3.4642,2.9835,-1.7579,-2.2618,0.053559,3.1312,-0.087006
3.7396,0.50818,3.9137,0.32492,-8.7655,0.065169,-2.2423,-0.078366
3.7179,2.4258,1.8285,-0.81862,-8.1421,0.086218,-3.2485,-0.25601
-1.3575,-1.5878,-0.35535,1.8162,-0.068541,-0.047888,0.51036,-0.20836
-1.3397,-1.0698,-2.6006,0.021474,2.4269,-0.1945,-2.0828,-0.063618
-1.3353,-0.90757,-4.9768,0.77453,-1.628,0.012141,-2.9806,0.026871
-1.13,0.070935,-0.8587,0.42192,0.29247,0.14582,0.42133,0.11422
-1.2233,3.5938,-3.5183,3.6376,-2.3765,0.17883,3.3898,0.08387
-1.3253,2.1557,-0.8673,3.6608,-2.3134,0.14854,4.133,0.29785
-1.3145,0.70949,-2.6363,-2.5488,0.73874,0.089497,0.1151,0.12388
3.8519,0.81467,-0.11977,-3.5285,5.2388,0.091821,-2.0352,0.051647
3.7562,0.79517,1.0688,-1.599,7.218,0.12587,-2.4562,-0.03193
3.7279,-0.93125,-4.6049,-3.2452,1.2858,-0.24721,5.0799,-0.16988
-1.3603,1.6608,-4.1779,-0.10698,-3.5294,0.0026494,-4.4548,-0.2031
-1.1127,-0.83288,-4.3076,0.45416,-4.4055,-0.094357,-1.6619,-0.13802
-1.1829,-0.032145,-0.56898,0.52138,3.2004,-0.13927,2.0847,-0.10633
-1.3029,-3.7622,3.1941,0.65563,7.477,0.24445,0.020037,0.13245
-1.3395,-3.5859,11.451,0.58604,6.095,0.33118,12.286,0.15031
-1.4655,-2.1035,-0.41335,0.42608,5.5049,0.2938,2.2945,0.20459
-1.4689,-1.1069,5.3978,-1.1935,4.7373,0.13264,1.1269,0.205
-1.3,0.66326,2.7854,0.042374,2.9661,0.080256,-3.8144,0.067271
3.7837,-0.070111,-1.8859,1.7904,-0.58604,0.048445,-1.0493,0.085574
3.7478,-0.41439,-3.6494,0.19256,0.1014,-0.75316,-3.8317,-0.050597
3.7239,0.814,-2.9869,0.87114,2.4851,-1.0381,-2.6266,-0.15145
-1.3109,-1.1252,1.8842,2.6278,-1.6617,-0.26983,-0.71107,-0.25343
-1.3497,-1.6729,3.552,-0.4502,-4.6095,0.02325,1.0397,-0.20979
-1.3472,-0.79553,-1.1819,-1.1199,-5.9009,0.090659,5.7306,-0.10214
-1.5044,-0.82584,-2.2419,-2.8524,1.6745,0.076155,-0.0027352,-0.06537
-1.3857,-0.28076,-4.5576,7.5049,6.9996,0.42095,-7.8181,-0.035167
-1.303,-0.28739,-1.8488,3.511,6.6569,0.42941,-4.3687,0.23231
-1.295,2.0651,2.696,-0.79703,2.6112,0.096935,-0.43124,0.15569
0.034711,0.95508,3.7023,-1.4641,-0.41112,0.12104,1.5113,0.20047
3.7771,0.64229,0.3915,-0.54075,-7.4433,0.033999,1.1561,0.16375
3.7436,1.1345,-0.17389,-2.7761,-3.9138,-0.031062,0.34735,-0.0046956
-1.3804,1.0594,-0.47523,-1.483,1.9454,0.0013531,-3.195,-0.12714
-1.5128,-0.97632,-0.65037,0.52597,-1.3401,-0.30013,-3.5962,-0.18599
-1.3878,-1.5769,-2.0844,2.3811,-5.191,-0.073834,3.0701,-0.2344
-1.265,0.57728,0.78088,-0.29271,-4.6148,0.14793,4.6643,-0.13235
-1.3169,2.1936,0.91588,1.3078,-4.9642,0.096287,4.8959,-0.034875
-1.2756,-0.97145,2.9771,1.066,-3.1372,0.088637,1.7874,0.11067
-1.1641,0.15097,2.7155,0.63837,0.71182,0.16073,4.5631,0.16805
-1.3167,1.069,4.8319,0.1573,1.9215,0.10616,2.5148,0.15586
-1.2885,2.1768,-0.074767,2.7261,4.5275,0.10591,0.84356,0.085671
3.7738,1.5953,-1.5081,-1.2718,-3.732,-0.011893,-5.115,0.059678
3.7492,1.4936,-0.66414,1.5812,-7.5465,0.032022,-3.9512,0.040938
-1.3377,-0.31686,1.5023,-0.49994,-5.3021,-0.028636,-4.822,-0.10151
-1.325,0.39175,0.49663,-2.2541,3.3019,-0.15106,-6.4332,-0.15192
-1.3117,-0.22129,-5.939,2.8387,4.431,-0.11742,-1.4565,-0.11473
-1.121,-1.943,-0.85889,1.2813,1.9912,0.087027,5.8602,-0.17696
-1.2393,1.1382,-1.4374,-2.4252,0.29161,0.1637,3.4387,-0.087201
-1.3035,0.27974,-1.2198,0.57891,0.73783,0.13741,0.23412,0.092924
-1.2966,2.3291,-0.8058,0.5685,2.3374,0.08179,-2.5503,0.12719
3.8515,0.72995,-1.2608,0.16375,4.6967,0.069199,0.91875,0.059386
3.7838,-1.4331,-0.089362,-1.4877,6.0818,-0.072223,-4.2826,0.2297
3.7712,0.62001,-0.18543,-4.1908,6.6003,-0.39235,-2.1524,0.066298
2.2575,3.3698,-0.055745,-3.2757,-1.3828,-0.14379,2.3277,0.031519
-0.91856,-0.15211,-1.5015,-0.89913,-4.0286,-0.060877,-0.16848,-0.071089
-1.2128,-3.5756,-4.4124,2.1055,-0.15784,-0.065825,-1.7823,-0.16
-1.3683,-1.9357,-0.091431,2.0987,6.375,0.2752,0.47291,-0.25173
-1.3136,-3.6594,6.6288,2.6185,8.5174,0.60039,-7.6417,-0.1498
-1.5163,-0.31952,4.3997,-0.86003,6.8634,0.5031,7.218,-0.11553
-1.3674,0.29755,2.325,-0.20515,6.4071,0.43757,-1.0585,0.089151
-1.2261,-1.9148,5.3108,-0.065017,4.8292,0.23032,-1.5097,0.14579
3.8048,1.7163,0.34247,-2.3359,2.1366,0.065291,-1.1685,0.051014
3.7827,-0.34927,-3.4785,2.769,-2.7782,-0.12723,-3.1221,0.22501
3.7564,-0.73717,-4.3369,0.5748,2.1903,-0.56456,-3.4044,0.32537
-1.4212,-0.54708,-3.8349,2.1814,2.3268,-0.54259,-1.2608,0.07725
-1.3443,1.1807,3.9502,0.86524,-4.6398,-0.043826,4.0009,-0.051692
-1.3411,-0.29177,1.6932,-1.8926,-4.9174,0.13765,2.4103,-0.10582
-1.4435,-2.714,0.40709,0.48481,-1.0296,0.085519,2.4054,-0.2611
-1.3459,-0.55581,-2.0829,-0.71449,0.66556,0.089767,10.499,-0.21515
-1.2957,-1.1262,0.30434,6.1709,5.5121,0.25619,1.7174,-0.12495
-1.2933,0.68143,1.9514,-0.83369,3.1741,0.08548,-1.7942,-0.010001
3.8012,2.194,3.5426,-0.36012,1.0957,0.11929,-0.63357,-0.018617
3.7958,1.1483,4.4802,-3.1211,-4.8296,0.064796,0.76158,0.067223
3.7593,2.8048,1.9336,-4.8351,-5.286,0.039954,-5.0298,0.087399
3.7375,1.2947,-3.6451,-0.44632,-1.7894,0.0072829,1.5513,0.12816
-1.4122,-0.67569,-0.17226,-1.4577,1.3953,-0.2149,-0.63075,0.086109
-1.3957,1.0209,-5.6979,0.61063,-1.7078,-0.13771,-0.27252,-0.027622
-1.3272,-2.1971,-1.2289,2.7437,-5.3411,0.12044,1.2411,-0.17212
-1.3241,2.2153,0.6975,2.852,-4.4541,0.1066,7.2627,-0.17326
-1.1544,3.6517,0.05444,0.16948,-5.0,0.088734,4.4339,-0.14571
-1.2042,0.18173,3.9698,-1.7796,0.092661,0.058668,4.7093,-0.11263
-0.51599,-0.23733,6.1865,-2.3824,2.0912,0.10456,2.0829,-0.012654
-0.65257,0.5969,2.0078,-3.0917,5.3555,0.19288,2.5202,0.064886
3.7772,1.8248,-0.8781,-0.84388,4.2135,0.012398,5.8271,0.18419
3.7592,0.42646,-4.4743,1.0456,-5.5218,0.016255,0.12488,0.39617
-1.4149,2.0209,-2.6843,0.24351,-7.1789,0.036495,-2.5393,0.22501
-1.343,-2.0509,-7.2263,1.6237,1.5579,-0.052477,-0.77768,0.013947
-1.3265,1.4378,0.060902,-0.62859,6.6731,0.14852,2.5191,-0.032173
-1.1148,0.21503,0.87185,1.9334,6.3521,0.26697,2.6403,-0.1874
-1.3923,-2.3993,-0.14988,-1.5732,5.8421,0.37885,-2.3072,-0.25328
-1.3138,0.52874,11.991,-3.7407,4.7826,0.225,2.0052,-0.24199
-1.3079,0.018178,6.2435,-1.1072,3.8053,0.068775,0.25137,-0.11706
3.7803,1.9695,-2.2069,-2.8639,4.5249,0.096082,-1.2652,-0.096328
3.7733,3.4226,-1.3213,1.5356,3.7331,-0.33725,1.8746,0.038066
3.7471,-2.8147,-7.2769,-0.55787,4.9792,-0.71658,-2.579,0.046706
3.7191,1.9859,-1.1461,-3.8627,4.8256,-0.60858,-5.5251,0.16934
-1.1189,0.46314,-4.0936,-3.2064,-4.3116,-0.18867,4.1717,0.32012
-1.2949,1.0936,0.2132,-2.879,-3.5987,0.034191,-0.19968,0.14493
-1.3561,-1.4462,-3.6056,2.5239,2.6546,0.031637,-0.083837,-0.026843
-1.3434,-4.4175,-1.8708,1.9514,6.1902,0.31656,1.2183,-0.11757
-1.549,-4.952,1.9727,4.3686,6.5089,0.38289,4.4035,-0.13393
-1.36,-0.87876,2.2568,2.9318,6.4205,0.44259,-1.8776,-0.23386
-1.3049,-0.32562,-2.1538,-1.0901,4.8778,0.22685,-3.7748,-0.13622
3.8157,0.42117,-3.1671,-0.90548,-0.3433,0.087373,-5.0902,-0.036481
3.7583,0.51673,-3.579,0.47156,-5.7886,0.021754,-2.6596,0.11018
3.7329,0.8014,-0.1188,-0.93751,-2.5586,-0.2319,-7.5614,0.2269
-1.4272,-1.1195,-7.7217,1.7301,1.7888,-0.45736,-6.3488,0.29288
-1.3781,-1.0825,-4.3218,1.1566,-1.6995,-0.21241,-2.7312,0.15997
-1.5921,3.3081,2.9369,0.028327,-6.0647,0.024591,5.4505,0.11935
-1.4854,1.7972,4.7683,1.5182,-5.6111,0.07174,8.4049,0.029889
-1.3426,1.0435,1.9904,-2.4777,-6.1879,0.078228,9.1214,-0.11237
-1.3303,-3.0754,8.4744,2.4852,2.019,0.071625,-0.97544,-0.21364
-1.321,1.9118,6.0787,0.78478,2.3839,0.12784,1.8283,-0.11865
-1.1543,0.05917,6.3707,-0.39192,3.3511,0.10896,1.0071,-0.1618
-1.2419,3.0072,4.2905,-1.7413,1.0186,0.098495,3.899,-0.089903
3.7357,-0.78525,3.6936,-2.0824,-5.9704,0.035744,0.50288,-0.012508
3.713,1.3789,0.86919,-1.2028,-8.4614,0.019258,1.2646,0.14591
-1.5218,-0.13263,0.77978,2.3749,-0.40502,-0.067218,-0.26109,0.21819
-1.4358,0.44554,-4.0095,-0.59941,4.3503,-0.13036,-0.41748,0.203
-1.3609,-0.70228,-4.7743,0.73134,1.1357,0.032715,-2.0301,0.27546
-1.3542,0.77975,-1.1922,0.71649,0.70172,0.067145,3.2489,0.003847
-1.1136,4.2939,1.1938,0.37167,-0.052498,0.082194,3.3511,-0.091923
-1.3005,5.3934,-0.80563,1.3678,-0.23139,0.12291,4.751,-0.21276
3.713,0.97805,-2.7573,-1.5746,3.0467,0.039512,0.61531,-0.22921
3.7409,-1.6317,-0.82538,-2.3859,5.4603,0.26358,0.49658,-0.16971
3.7084,0.92616,0.17983,-2.3942,6.9447,0.25084,-2.0803,-0.081287
3.7326,-1.1144,-3.7218,-3.9529,4.5764,-0.11169,1.5855,0.04325
-1.4004,0.9901,-4.3138,-1.8641,-1.7308,-0.067962,-4.2088,0.26524
-1.3712,-3.7705,-6.2472,2.928,-3.6262,-0.086766,-0.13794,0.20334
-1.1512,-1.1869,-3.1502,1.3706,3.6132,-0.16064,2.4304,0.33367
-1.2351,-2.7219,2.887,1.8342,7.0597,0.37582,-1.5391,0.2444
-1.3517,-0.20644,7.1264,3.2608,7.4697,0.52023,-2.162,0.060554
-1.3389,-1.9124,-1.3434,-1.2835,6.2418,0.42955,-1.0,-0.081482
-1.4847,-1.798,1.7122,-2.7771,5.2268,0.32991,-1.7502,-0.12356
-1.442,0.97709,5.0136,-1.81,3.8308,0.093162,-2.4204,-0.2095
3.7557,-0.30266,1.7849,0.73958,1.5879,-0.036375,-1.7898,-0.16601
3.7417,-0.31275,-2.8191,1.1631,1.3389,-0.47914,-3.4447,-0.094916
3.7175,0.92805,-0.4593,-0.061825,4.1225,-0.86177,-4.9375,-0.017935
-1.1442,-0.28521,-0.084377,1.5384,0.59895,-0.44113,-1.0848,0.14367
-1.3191,-3.268,2.8241,0.84445,-4.7751,-0.040553,2.179,0.12184
-1.364,-1.9418,-1.6978,-1.4947,-3.7344,0.1008,2.3199,0.33562
-1.3493,0.025904,-3.0029,-1.7704,0.36424,0.050684,1.4979,0.15433
-1.506,-1.6755,-6.0474,2.6087,6.2479,0.40712,-3.0828,0.085841
-1.3602,0.59724,4.7107,1.1627,6.5181,0.46767,-3.685,-0.054637
-1.3133,0.97382,3.5582,-0.46022,3.9397,0.14347,-1.0886,-0.15983
-1.3058,0.54587,4.4216,0.085305,1.9743,0.093399,-1.1735,-0.13417
3.7525,3.7227,1.5675,-2.2832,-6.9737,0.082098,-0.93384,-0.16528
3.7266,-0.91534,-3.1772,-1.2942,-6.7562,-0.0035948,4.6115,-0.10988
3.6508,0.64136,-2.4905,0.99017,0.97273,-0.077062,-1.6462,0.019277
-1.37,-1.7968,-3.5093,0.33536,-0.072832,-0.3109,-7.2176,0.088275
-1.517,0.44131,-4.3194,0.57662,-4.6834,-0.086708,0.55299,0.30734
-1.427,0.53333,0.84722,1.7354,-4.8325,0.038806,5.4199,0.37006
-1.2758,0.55208,-1.2917,1.9699,-4.217,0.048496,9.539,0.17438
-1.3252,0.59297,0.60332,-0.80802,-3.5513,0.11155,6.6805,0.043542
-1.3254,-0.13686,8.5292,0.016779,-0.1355,0.050498,8.0942,-0.044147
-1.1486,-0.60874,6.6002,3.0246,2.5071,0.050306,0.12724,-0.15394
-1.267,2.622,0.95071,-0.70329,4.527,0.19809,3.4679,-0.16966
3.7548,0.62365,-2.5954,-2.0118,0.029445,0.0067181,-4.462,-0.20865
3.7398,0.84461,0.14802,3.0563,-6.8397,0.028185,-3.4004,-0.067998
-1.4755,-0.446,0.37583,2.3114,-7.0514,-0.028187,-2.9909,-0.011121
-1.4037,-0.30833,-1.3328,-1.3902,4.5292,0.032844,-6.6057,0.0094934
-1.3375,2.8326,-1.5968,-1.0108,4.9074,0.024154,-2.6232,0.34068
-1.3372,-2.9015,-3.2135,1.246,4.3333,0.14119,-0.097933,0.25798
-1.0891,0.088274,1.1281,-0.53156,1.5717,0.12501,1.8602,0.26373
-1.3008,-0.17876,4.0278,-1.5362,1.8374,0.13022,0.24993,0.12043
-1.3114,1.6377,3.8068,0.29453,2.5376,0.10073,-1.9415,-0.031224
-1.3035,-0.29039,1.6579,0.15129,5.0056,0.28761,3.4741,-0.094867
3.7941,-0.49416,-1.6309,-2.8696,5.6122,0.06343,1.6549,-0.20874
3.7551,-1.4212,1.8654,-3.837,6.2929,-0.4572,-2.6799,-0.17321
3.7455,2.5851,1.5355,-4.9904,0.91543,-0.32849,1.3679,-0.14162
-1.3478,-2.239,-3.4038,-0.67229,-4.3246,-0.14466,4.1516,-0.022414
-1.0261,-0.56378,-6.0659,1.396,-2.0855,-0.10936,3.2675,0.12889
-1.2693,-4.5456,-2.224,2.9029,5.1987,0.18314,-1.7009,0.22004
-1.2865,-3.3216,1.1678,0.054057,7.726,0.53146,-1.0691,0.2566
-1.314,-0.31367,2.6967,-0.88094,6.0354,0.41869,8.6986,0.1094
-1.3469,-1.6166,3.2127,1.1044,5.6239,0.36798,2.6247,0.10259
-1.4493,-1.3918,6.924,1.5055,4.6032,0.24196,2.2714,0.016576
-1.3694,0.23104,0.064108,-0.02962,2.466,0.033473,1.075,-0.13103
3.7882,-1.6066,-1.5551,0.58234,-3.6819,-0.053022,3.3532,-0.14335
3.7621,0.1452,-1.1612,1.8543,1.8677,-0.50367,-3.0948,-0.11517
-1.1396,-1.2813,-5.6056,1.5774,2.928,-0.59553,-3.3392,-0.1534
-1.2877,-1.2994,0.28227,1.7517,-3.2424,-0.13621,-1.3677,-0.044683
-1.3225,-2.5644,1.0743,-1.1885,-4.1499,0.045903,1.7551,0.19222
-1.311,-1.2702,1.3082,-1.2563,-2.7428,0.028942,4.2549,0.18434
-1.4936,0.066555,-3.4636,1.8323,1.3849,0.045114,10.907,0.27203
-1.3035,-0.80177,-5.1538,7.4487,5.2678,0.34361,-4.0956,0.26986
-1.2831,-1.1528,0.91299,0.20394,4.3628,0.23385,-2.9306,0.12731
-1.2633,1.763,-0.27682,-1.5022,2.5861,0.055979,-0.61356,-0.034607
3.8297,0.59502,5.7021,-3.0427,-4.721,0.00092312,3.2001,-0.11295
3.7768,2.209,1.2252,-5.0901,-5.6273,0.054317,-5.4231,-0.14999
3.7541,1.0192,-0.3442,-0.58518,-4.6091,0.010748,3.9438,-0.23671
-1.3319,-0.80352,-2.5435,-0.75325,2.1573,-0.17917,1.947,-0.16248
-1.4182,0.4426,-3.4791,0.99042,-1.8476,-0.27233,0.76018,-0.062182
-1.3694,-2.8959,-1.7963,3.6757,-5.1725,0.064084,0.47171,0.35127
-1.3032,-0.11473,-0.073662,1.7216,-4.0368,0.05286,8.9358,0.31291
-1.2829,3.1573,-1.01,3.843,-4.1836,0.058385,5.7752,0.048118
-1.3087,-0.72975,5.026,-0.079912,-0.99843,0.057635,4.8327,0.18718
-1.1662,-0.64709,6.7822,-1.4725,0.48816,0.05542,3.4094,0.14491
-1.0058,0.37056,1.6881,-3.1312,3.5473,0.096768,1.6275,0.017598
3.786,1.9121,-0.56452,1.1569,4.8286,0.15706,1.1098,-0.091971
3.7622,1.7895,-1.2928,-0.26505,-2.1956,-0.072897,-0.33046,-0.13816
-1.4412,1.8559,-1.6542,-0.31976,-6.8476,-0.011713,-3.0124,-0.2555
-1.2962,-2.6122,-3.1199,1.7172,-1.0659,-0.14284,0.90443,-0.18419
-1.3134,0.91015,-0.93305,-1.8242,5.808,0.12338,0.12517,-0.089391
-1.3129,0.53829,-2.5658,3.9796,6.4234,0.33993,4.0372,0.029669
-1.1344,-1.8159,-1.6233,1.594,5.2761,0.33821,3.7675,0.27147
-1.2628,0.6297,11.043,-5.3018,3.3992,0.11471,3.8828,0.28471
-1.2974,1.6945,1.1107,-1.5119,3.8175,0.19013,4.6482,0.23391
-1.4504,0.78319,-1.7766,-0.37323,3.799,0.092931,-3.2338,0.092705
3.7479,3.5351,-0.29679,0.42666,3.941,-0.098587,-0.33414,-0.0060829
3.7763,-2.3888,-4.3335,-1.4312,4.008,-0.58504,-5.5582,-0.075738
3.7497,0.22684,-2.0503,-1.0682,4.7137,-0.51045,-3.8733,-0.19699
-1.3408,0.86783,-2.7401,-2.4109,-3.112,-0.29426,6.9183,-0.18959
-0.95068,-0.88379,-5.0082,-2.3873,-4.3847,-0.036998,3.6366,-0.16888
-1.2797,-0.53509,-4.3175,0.57957,-0.63134,-0.025209,-1.255,-0.060089
-1.3379,-5.8025,-3.9174,4.6688,5.9202,0.41136,-0.35058,0.016527
-1.3095,-2.1756,0.28472,1.8931,6.7693,0.49651,0.44995,0.12099
-1.4575,-0.6944,-1.2815,-0.81806,6.4513,0.49246,0.23036,0.24708
-1.407,-0.19538,-0.84539,-0.27034,4.1162,0.21096,-0.16861,0.30199
3.7961,2.4642,0.13722,-1.9005,0.63962,0.011287,-3.5071,0.049456
-1.2776,1.7045,-3.3941,0.94491,-4.1813,0.06762,-1.3379,0.010418
3.7519,0.86881,-0.79473,-0.26235,-2.3308,-0.13831,-5.9496,-0.050256
-1.273,0.75607,-5.9551,-1.9807,1.0888,-0.49079,-5.3819,-0.19356
-1.3008,-1.5144,-4.3577,0.82737,-1.3052,-0.38407,-1.969,-0.2178
-1.3353,-0.60373,2.7276,-1.2201,-6.5437,0.0020783,1.9569,-0.1424
-1.3406,0.42971,3.3398,-0.40797,-5.6577,0.045666,5.3191,-0.051838
-1.3946,0.6955,1.2602,0.037313,-3.6654,0.11407,3.9681,0.051866
-1.3375,-2.2245,7.7911,0.22476,1.2526,0.061556,-0.7334,0.10575
-1.2971,0.43657,4.2892,1.85,2.8707,0.056428,0.57915,0.28259
-1.2841,0.61329,2.9806,2.1232,1.6645,0.06909,2.1017,0.090246
-1.0048,3.0511,4.2038,0.64207,2.1641,0.056993,2.9087,0.079684
3.7617,-0.10457,2.0123,-2.4151,-5.3611,0.013168,0.491,0.091585
3.7298,1.3553,3.5472,0.65155,-7.4688,-0.0251,-1.3835,-0.07732
-1.3701,0.17608,-0.47814,1.3589,-2.2703,-0.01659,-3.3622,-0.16099
-1.5164,-0.042812,-2.6313,0.60569,4.0566,-0.11412,-1.6836,-0.1543
-1.3964,2.1747,-3.5796,2.1039,-0.93445,-0.09274,-0.24845,-0.20139
-1.3194,-0.98938,-1.1245,1.4935,0.0012122,0.044479,-0.54829,-0.14654
-1.3145,0.39127,-0.18117,-0.86372,0.48635,0.064591,0.38589,0.052474
-1.3201,3.1765,-4.6738,-0.27594,-1.0584,0.047084,6.8667,0.12549
3.7724,2.5922,-5.826,-2.6875,0.70101,0.01447,0.39859,0.19719
3.792,-0.39799,-3.5727,-1.9536,3.8977,0.11882,0.27895,0.080949
3.779,0.093425,-2.8572,-3.8799,5.7274,0.17094,-1.5024,0.17107
3.7351,0.83721,0.18494,-1.9325,5.1391,0.061151,-0.69169,0.042349
3.7332,2.082,-6.3293,-0.28853,-1.1742,-0.12451,-0.34377,-0.046362
-1.3298,-3.7791,-5.1592,0.99441,-4.3098,-0.12508,-0.97356,-0.13644
-1.3515,-2.4296,-5.8437,0.50144,1.7222,-0.16482,1.9532,-0.15992
-1.3474,-1.2915,1.4271,3.2402,6.2117,0.28358,-1.5312,-0.1287
-1.1515,0.99413,4.8751,-1.6779,7.5109,0.62066,-0.86074,-0.16187
-1.3079,-3.836,7.0565,3.0182,5.1837,0.34212,0.54161,-0.066806
-1.3302,-3.4795,-0.46923,-5.4855,5.0046,0.32526,0.14275,0.12335
-1.3218,2.6992,7.6346,-0.63581,4.1054,0.24577,2.9165,0.061576
-1.4059,-0.062508,2.5723,1.3473,2.6637,-0.058188,-1.1522,0.14415
3.7634,0.93062,-1.1872,-0.25828,0.10945,-0.36037,-3.611,0.20977
3.7324,-2.1453,0.45545,2.3359,3.5603,-0.90065,-1.7105,0.14961
-1.3699,1.436,0.019589,1.4044,1.3673,-0.43133,-2.1316,-0.018276
-1.131,-2.0649,4.2388,-0.97526,-3.4682,-0.08271,2.3487,-0.10336
-1.2781,-1.1396,1.0497,-2.0257,-3.948,0.0021745,2.3024,-0.21454
-1.3457,-1.0128,-2.1094,-2.1346,-0.40352,0.047495,4.8618,-0.28042
-1.3405,-1.6145,-3.2795,0.906,4.6853,0.30815,5.3726,-0.19008
-1.4139,-0.1065,3.2428,1.531,5.3418,0.39962,4.3238,0.024875
-1.3871,0.29078,1.9888,-1.3841,4.0211,0.17847,-1.848,0.083456
-1.3009,1.9469,4.696,1.0545,2.9109,0.024264,-2.2558,0.031032
3.7789,1.4657,0.24784,-1.8348,-5.6928,0.060163,-1.4678,0.18363
3.7469,-0.42185,-2.4701,-1.0808,-7.6926,-0.022834,2.6082,0.057342
3.7151,1.7653,-1.8852,-1.4209,-0.23629,-0.13641,0.703,0.14537
-1.4438,-0.91268,-3.4059,1.6228,0.49442,-0.25481,-3.1002,-0.01998
-1.3656,0.32968,-3.5211,0.87472,-2.9674,-0.14364,-1.9558,-0.14413
-1.527,-1.5421,1.6249,1.6265,-6.001,0.017037,3.5244,-0.21746
-1.6038,1.7273,-0.50947,1.3206,-4.6035,0.062788,7.8305,-0.25623
-1.3927,2.7695,-2.5208,-0.95764,-3.7512,0.096935,4.1293,-0.17265
-1.3204,0.76835,7.5069,-0.97098,-0.0097508,0.068846,8.0775,-0.020856
-1.3063,-0.3611,4.4871,1.7669,1.6499,0.062621,2.0139,-0.0057665
-1.1041,2.2802,0.6618,-0.91435,4.2668,0.23345,4.3663,0.19909
3.7686,1.0304,-3.4769,0.58862,2.3995,0.014836,-3.0684,0.31717
3.7373,1.5468,-0.37032,0.80187,-7.1839,0.0027329,-2.1856,0.27964
-1.3805,3.7586,-0.73257,-1.2677,-6.4756,0.0057555,-3.2801,0.072115
-1.584,0.45128,-0.23677,-1.267,2.7434,-0.076632,0.4363,-0.016378
-1.3593,1.5705,-0.65526,-0.45573,5.3103,0.22836,-2.3929,-0.08613
-1.3417,-3.5221,-0.99608,-1.0442,5.3063,0.28418,1.8659,-0.26555
-1.322,-0.68849,0.86993,1.8125,2.6951,0.089979,8.6324,-0.17611
-1.1386,-2.4414,8.4739,0.24552,1.4366,0.09037,6.8769,-0.1627
-1.1753,0.41742,-0.34228,0.80195,2.1975,0.077933,2.1531,-0.06391
-1.3194,2.0501,1.4256,0.92532,4.8886,0.3015,-0.34787,-0.059334
3.7786,-1.4098,-2.9885,-1.5442,5.0392,0.16266,-0.73266,0.074159
3.762,-0.60528,0.64511,-1.9696,6.0212,-0.20651,-2.8688,0.1515
3.7345,2.5855,1.3747,-5.1953,4.3485,-0.24322,-3.0399,0.27848
-1.3094,-0.14873,-1.8394,-1.268,-3.4201,-0.11595,2.1467,0.1498
-1.3438,-2.2112,-5.4222,-0.17265,-2.6711,-0.067776,-0.61856,0.012901
-1.3293,-3.2533,-5.2931,4.1994,2.1623,-0.079527,0.45706,-0.08557
-1.1962,-2.9913,-0.13286,6.339,6.6839,0.48383,-0.039128,-0.17754
-1.3799,-2.2166,1.5309,2.0659,7.0193,0.62732,-7.3377,-0.19823
-1.3184,-1.524,5.6321,0.021923,6.2811,0.52295,-2.6364,-0.19548
-1.3426,1.27,4.5516,1.5316,4.0869,0.26026,-2.7046,-0.096912
-1.5086,0.95535,-0.0087985,1.4256,0.034493,0.025335,-0.37152,-0.0074215
3.7966,1.8388,-1.5084,-0.32173,-4.4503,-0.021314,1.7047,0.17363
3.7674,-0.11343,-3.2997,-1.5435,-0.96336,-0.3571,-2.6242,0.18351
-1.3097,1.7025,-5.1809,-0.89076,1.183,-0.45247,-6.9515,0.13371
-1.1066,0.33164,-2.8292,0.86345,-0.89281,-0.31549,-1.4308,0.19064
-1.2226,0.58925,4.2764,-0.26201,-6.5156,0.0067823,7.3666,0.1819
-1.3294,1.3313,5.4524,-1.1324,-3.9683,0.038607,3.7099,-0.083867
-1.3221,-0.70411,0.59236,-0.27936,0.12494,0.096614,2.9266,-0.14571
-1.5792,-1.9467,3.8515,-0.11491,3.1217,0.13905,7.5223,-0.24087
-1.3551,-3.1323,5.2923,5.3234,4.1331,0.29228,3.757,-0.22274
-1.2737,-1.172,0.87427,-1.6877,3.4129,0.17977,1.1302,-0.11534
-1.2854,-0.30437,4.4151,-2.5143,0.11793,-0.0011754,-0.68495,-0.06223
3.7957,-1.624,2.487,-0.54183,-5.7309,-0.029926,-3.5026,0.14408
3.7694,1.6849,-4.1605,0.93734,-4.6074,-0.065575,-4.8769,0.24289
-1.3524,0.58275,-4.4989,-1.3761,1.0591,-0.20114,3.6899,0.29359
-1.335,2.0608,-3.3969,0.68703,0.79056,-0.26984,-3.3572,0.12395
-1.6883,-0.093064,-2.4664,0.83097,-3.7278,-0.085617,-1.2456,0.11665
-1.4059,1.7985,0.70718,0.69091,-3.0576,0.062589,3.0179,-0.044877
-1.3302,-2.1873,2.359,2.6252,-4.3771,0.067787,9.6157,-0.17737
-1.29,1.1131,0.079551,-2.6823,-0.57502,0.070867,-0.70766,-0.18059
-1.2807,-0.43543,8.0529,0.62954,0.56071,-0.0012845,0.023068,-0.14415
2.5001,0.16484,2.6815,-1.0916,3.8705,0.16838,-0.38703,-0.12454
-1.3452,2.9319,-0.43478,-2.3339,5.568,0.35307,-2.947,-0.021464
3.7857,2.2232,-0.52645,-1.177,2.7876,-0.14441,2.2405,0.019715
3.6986,1.4505,-6.9895,-0.7266,-6.585,-0.066172,1.7728,0.0092743
-1.4777,0.078828,-1.0164,0.2726,-3.6152,-0.15374,2.1115,0.20602
-1.3674,-0.48495,-2.7544,1.0361,4.5436,0.10523,0.91879,0.2795
-1.3036,1.9819,5.5605,-2.5837,7.0363,0.5087,-1.1688,0.1414
-1.2895,-1.6323,-1.6412,3.4293,6.4191,0.56097,-2.1792,-0.060867
-1.0802,0.98565,11.388,-2.9325,4.2532,0.33755,2.3529,-0.12914
-1.2632,1.4507,6.1036,-1.7584,3.9226,0.24895,3.6265,-0.25061
-1.2868,0.33151,2.2619,2.4458,3.9523,0.26048,0.49316,-0.2195
3.812,1.0623,-0.81753,-0.64511,5.1858,0.30296,0.04977,-0.13454
3.7983,-2.132,-4.4168,2.2201,2.7396,-0.56529,-3.6025,-0.039718
3.7866,-2.2649,-5.0211,0.35968,4.3887,-0.57485,-4.1949,0.29344
-1.3194,0.63044,-4.9287,-3.6085,0.40322,-0.28534,-1.7246,0.23012
-1.3122,-2.0044,-6.2125,-0.88097,-4.6182,-0.098959,5.0663,0.061455
-1.1628,0.37538,-2.8623,-1.722,-3.7713,-0.068681,0.73105,0.26723
-1.123,-5.164,-4.8892,3.9991,3.6068,0.157,-1.1977,0.25455
-1.3903,-2.5623,0.28807,1.6393,6.0553,0.48559,-4.5141,-0.026137
-1.2854,-3.3583,-3.0453,0.70558,6.4583,0.56344,-1.055,-0.18144
-1.4036,0.79535,-1.7165,3.5052,3.9274,0.29405,-3.9216,-0.21695
-1.2958,0.84772,-0.95762,-0.13969,2.0184,-0.067301,-2.9981,-0.16443
3.7974,1.281,-2.6958,1.8415,-4.4112,-0.05505,2.8298,-0.15761
3.7791,0.12403,-0.38494,-0.9628,-2.3557,-0.042299,-2.8619,-0.087882
3.7612,1.3,-1.4928,-0.54867,0.97273,-0.336,-6.8628,0.0064268
-1.1594,-1.1617,-6.2731,0.36992,-1.0671,-0.5824,6.8587,0.14987
-1.3478,0.46173,4.109,0.063062,-5.3564,-0.09602,0.83414,0.28945
-1.3227,1.28,1.9246,-1.4488,-6.7832,0.054933,6.8262,0.23428
-1.3096,3.1421,3.9727,-0.67278,-2.693,0.061947,2.7454,0.046511
-1.5053,-0.57077,6.1745,1.5793,-2.1554,0.034763,0.90779,-0.012313
-1.3707,-0.031586,4.3322,1.5453,2.7151,0.078543,0.46979,-0.12213
-1.2622,0.9393,5.7845,2.4368,2.6381,0.10396,1.4872,-0.19587
-1.1869,-0.88165,4.8458,-0.7805,2.8379,0.033864,-1.6556,-0.1506
3.7863,0.70585,2.4922,-0.63074,-6.9976,-0.061442,3.6092,-0.15274
3.7635,-1.6563,2.1996,1.4499,-9.4262,-0.018021,-0.53991,-0.035629
-1.3491,1.0063,-4.0827,-0.57499,-2.8056,-0.058317,-7.9843,0.11561
-1.3387,1.878,1.2491,-0.84679,0.9376,-0.24197,-0.091415,0.045854
-1.61,-1.2548,-7.8611,-0.10797,1.5019,-0.28831,-0.89644,0.33148
-1.4035,-0.29814,-1.6528,0.88165,-2.1874,0.026888,0.8679,0.34105
-1.3201,1.0095,0.13856,-0.16906,-0.15648,0.0026943,1.5702,0.17085
-1.2967,3.0796,-4.7493,-0.47164,-1.5755,0.0049276,3.6646,-0.0013613
3.7265,1.9669,-4.8514,1.2985,0.15753,0.053996,1.8209,-0.098469
3.82,-0.38299,-4.1717,-1.0497,2.977,0.057814,-3.2011,-0.14753
3.7518,-0.0795,-2.8351,-2.852,4.8229,0.056922,-1.2757,-0.25039
3.7537,0.25159,2.5495,-4.1651,6.1876,0.2305,-6.8592,-0.14763
3.7308,0.048952,-8.2483,-1.7121,0.55993,-0.20488,0.61769,-0.091777
-1.5772,-1.3778,-4.1892,2.1107,-4.7008,-0.11281,-0.87201,0.13987
-1.3757,-3.0059,-7.2404,0.45258,-0.5772,-0.088312,-2.4135,0.16847
-1.3299,-2.1684,-1.1678,1.402,5.3839,0.29873,-3.4713,0.6083
-1.322,1.4944,2.9815,2.1813,7.3324,0.58784,-0.7485,0.046365
-1.1362,-2.6179,6.959,3.6038,4.5632,0.33547,11.266,0.071725
-1.29,-1.643,2.0248,-3.4656,5.3161,0.45946,-1.1701,0.039064
-1.3078,1.1591,5.426,-0.66703,4.4673,0.31592,-3.1179,-0.089245
-1.3069,-0.21894,5.9165,1.299,2.9418,0.045756,-1.5039,-0.15228
3.751,-0.73219,-0.17697,0.098979,-0.12192,-0.14483,-3.5194,-0.21787
3.7307,-1.8324,-1.9819,3.5933,2.654,-1.0071,-2.7117,-0.20091
-1.3772,0.43526,0.93855,2.176,2.1502,-0.70177,-3.8906,-0.10414
-1.3573,-3.8152,1.4623,-0.36376,-2.4279,-0.13939,-1.6015,-0.0019698
-1.2108,1.0044,6.812,-2.0879,-6.5005,0.016396,0.65065,0.11677
-1.3425,-2.6582,-3.0314,-0.085544,-2.0235,0.008746,7.3009,0.37149
-1.3426,0.34835,-2.1537,0.9039,2.2702,0.039531,9.2687,0.26743
-1.3276,0.75677,-1.9398,3.339,5.601,0.46357,-2.979,0.20515
-1.5042,1.8397,3.1156,1.8535,4.3811,0.2954,-4.2845,0.048921
-1.395,2.7091,4.3117,0.1492,2.3082,0.056537,-1.6991,-0.073718
3.7288,1.3168,2.5801,-1.4115,-5.111,-0.0017337,0.38016,-0.13288
3.742,-1.8326,-1.6021,0.37198,-7.7588,0.027408,1.2712,-0.1854
3.7195,1.2834,-1.1719,-1.5279,-3.7608,-0.11962,-0.00032053,-0.17981
-1.2314,-0.1357,-2.5019,1.3248,-1.5808,-0.22732,4.2369,-0.11865
-1.3208,-0.36396,-3.1841,2.5389,-2.7651,-0.30231,-0.1605,0.016259
-1.3532,-1.1044,0.38882,0.24782,-7.0137,-0.023855,1.2697,0.25825
-1.3503,0.1362,0.82633,0.38148,-5.0241,0.0099269,7.9332,0.03074
-1.404,4.6641,0.33908,-2.2003,-5.0178,0.052847,1.3198,0.20028
-1.3232,0.52698,6.3786,-4.6614,-0.0092242,-0.004243,7.9694,0.22316
-1.311,-0.76064,3.7842,1.4645,1.1684,0.020176,8.9238,0.078199
-1.3178,1.1241,0.33307,-0.20242,3.2556,0.15585,3.2795,-0.057484
-1.153,1.9638,0.7161,1.3609,3.395,0.11549,2.1422,-0.1654
3.7263,1.9024,1.9015,-1.2525,-8.7179,-0.11937,1.8468,-0.19942
-1.3297,2.0685,-2.1353,0.35509,-7.5189,-0.080027,-5.5049,-0.24107
-1.3626,1.4076,2.2612,-0.060213,-0.79901,-0.18537,-0.1634,-0.10536
-1.5267,0.32047,-3.6723,-2.2584,4.8307,0.058174,-4.9448,0.16827
-1.4008,-2.2328,-1.7864,-0.33173,4.6066,0.19924,1.9209,0.28563
-1.3251,-1.6495,-1.4766,0.27283,1.1731,0.069154,10.209,0.25915
-1.3192,-3.9661,8.2924,-0.40406,0.77954,0.060554,3.1441,0.20919
-1.0327,1.1535,-0.0056957,0.24004,0.49134,0.044427,5.9325,0.25983
-1.2567,0.09828,2.0812,0.27572,3.0803,0.081931,-1.3001,0.07007
3.7576,-0.26754,-0.10113,-0.04666,4.7281,0.20789,-1.8634,-0.046508
3.7384,-1.9286,1.2412,-1.0309,5.9634,-0.096982,-0.67532,-0.16593
3.7099,1.695,-0.40151,-3.9418,3.7396,-0.35966,-2.9522,-0.27244
-1.4587,-0.33939,-5.3574,-1.1398,-4.4041,-0.27504,5.2393,-0.21639
-1.354,-2.9475,-7.1237,0.52153,-4.7327,-0.18624,-2.0151,-0.13461
-1.3488,-2.3236,-6.3376,2.3818,0.41228,-0.075484,-4.1491,0.10178
-1.3466,-2.6089,-0.91034,4.0599,5.7149,0.42103,0.013435,0.052085
-1.1465,0.24406,-2.9852,-1.9524,6.8156,0.63428,-13.936,0.25888
-1.2844,-2.8682,5.3772,0.33117,5.192,0.437,-0.32852,0.27461
-1.3216,0.40557,4.1324,1.431,3.4441,0.21556,-2.925,0.21293
-1.3073,-0.39602,-1.8209,2.7317,-0.36911,0.0086626,-0.86852,-0.026721
3.761,2.3993,-0.59881,0.23575,-4.2085,-0.014196,-1.2532,-0.045997
3.7332,-0.15317,-3.1141,-1.078,-0.90131,-0.39819,-9.0592,-0.11205
3.74,0.56018,-7.5525,0.011692,0.70921,-0.74874,-4.1938,-0.22751
-1.3646,-2.9208,-5.2074,0.91883,-2.1533,-0.55731,-0.6657,-0.11409
-1.0095,-1.1726,3.5636,-0.7537,-7.9281,-0.11825,4.2663,-0.11083
-1.2729,-0.53399,5.1414,-1.3562,-6.1369,-0.0088251,2.6095,-0.0096362
-1.3369,-1.652,0.95395,-0.60437,-3.6574,0.066112,5.9717,0.093824
-1.3266,-2.3082,4.7079,1.5562,1.9498,-0.048569,3.2528,0.04342
-1.4504,-1.3659,4.257,3.9938,3.2751,0.11986,2.2337,0.23038
-1.4461,-0.37008,2.1461,0.68506,2.2678,0.040468,-1.0915,0.20186
-1.2956,0.51149,1.924,-3.1715,1.0423,-0.015345,-0.38132,0.045221
3.7683,0.48583,3.7165,-0.20464,-7.6609,-0.012823,-2.7307,-0.033098
3.7418,1.7222,1.1147,-0.40112,-6.6689,-0.03875,-2.2675,-0.13369
-1.2274,1.571,-3.2515,-1.0522,-0.68433,-0.14027,3.1231,-0.22571
-1.3123,1.0342,-2.3186,0.00074071,1.0438,-0.32836,-1.2469,-0.16613
-1.3342,-0.97253,-4.4575,0.39473,-3.4676,-0.10902,1.4367,-0.11008
-1.2554,-1.538,-0.41555,2.2313,-3.2485,0.0045426,2.3788,-0.037089
-1.4893,0.59023,-2.7767,2.7979,-3.3006,0.054259,7.8221,0.10468
-1.3253,2.4475,-0.39907,0.099139,-4.1596,0.017301,3.1077,0.30308
-1.2928,-0.77859,0.69436,2.2108,0.37342,0.028435,-4.6573,0.22187
-1.2783,0.67911,0.15426,-2.573,2.8539,0.10816,3.3031,-0.033439
3.79,1.8467,-1.139,-1.0893,5.2642,0.29773,-0.21787,0.1186
3.7558,3.5727,1.1824,-3.579,3.9313,-0.0089855,5.0275,-0.010999
3.7261,1.0539,-3.7681,-0.73469,-5.3545,-0.1211,1.9038,-0.12519
-1.3528,-1.0559,-5.5839,-1.665,-5.8683,-0.11555,-4.9295,-0.15508
-1.5053,-0.39359,-3.2939,1.3623,2.619,-0.14671,-0.20891,-0.21125
-1.3765,-3.682,1.1678,-1.532,6.3942,0.31677,2.9553,-0.22678
-1.3076,-0.72223,0.52181,0.020697,6.1414,0.53608,0.33687,-0.072209
-1.3094,-0.89118,8.3296,-0.7603,3.549,0.193,2.7959,-0.020296
-1.1717,1.6957,9.7357,-2.2379,3.1066,0.16944,0.98441,0.16986
-1.1976,-0.99402,-0.3924,0.53416,3.455,0.17479,3.2518,0.22763
-1.5759,1.2431,0.26159,-1.5444,3.902,0.20832,-4.0067,0.22593
3.7741,-0.61011,-5.0066,2.6871,2.471,-0.379,-4.4584,0.16881
3.7451,-2.5385,-6.7173,-0.60856,2.806,-0.95972,-2.5387,0.044637
-1.4542,1.79,-3.2363,-3.2835,0.84113,-0.4476,0.13674,-0.083842
-1.2797,-1.9237,-2.6675,-1.6731,-6.738,-0.14832,5.7638,-0.17139
-1.3313,-0.20276,-1.8564,-1.7991,-3.5102,-0.051521,-2.4982,-0.15282
-1.2374,-2.3387,-2.7607,2.5624,1.8625,-0.098137,0.87178,-0.12578
-1.2137,-3.6466,-2.8929,0.12141,5.7622,0.46544,-2.7433,-0.11186
-1.2425,-2.9201,-3.5383,2.2138,5.5716,0.49131,-1.9236,0.089784
-1.3071,-0.31243,1.0059,1.2395,4.9143,0.4329,-0.23654,0.16372
-1.4049,1.911,-1.9856,-1.8308,2.4613,0.038851,-2.7809,-0.029107
-1.4993,1.4365,-0.8483,0.90095,-5.2343,-0.024888,-3.2816,0.19646
3.7897,-0.17536,1.0698,-1.0144,-6.1111,-0.02184,-3.5721,0.12865
3.7563,2.5045,0.35571,1.1265,-1.096,-0.19181,-1.3617,0.04639
-1.3331,-0.0068676,-4.2227,-0.41097,-2.1349,-0.41445,-0.17263,-0.05398
-1.0097,-0.020084,1.1575,-0.62668,-4.6695,-0.21581,-2.0416,-0.16941
-1.1873,1.2592,1.9653,-0.031952,-7.0538,0.0642,6.1131,-0.24642
-1.3069,0.58183,3.3991,0.16666,-3.7194,0.0022195,4.2679,-0.21159
-1.2988,-1.3723,6.509,0.68913,-4.4558,0.012443,3.6514,-0.12677
-1.4141,-1.2089,4.7151,0.52945,2.1062,0.026394,-1.9394,0.023901
-1.3514,2.6824,4.4073,0.30404,1.3463,-0.038031,2.5817,0.12977
-1.3083,-1.1425,2.206,0.30293,2.6912,0.11322,-0.10147,0.15983
3.8721,2.5224,1.0674,0.97048,-2.5123,0.00064075,4.9209,0.21362
3.7775,0.22211,2.2348,0.08226,-7.5139,-0.024375,-0.57964,0.17258
-1.1963,2.7387,-3.1634,-3.0309,-6.3001,-0.042074,-5.2734,0.10611
-1.3259,1.8519,1.0486,-2.4144,0.57725,-0.13725,-6.0672,-0.070603
-1.3293,-1.2799,-2.9684,-0.55755,3.0662,-0.052547,-3.0362,-0.21561
-1.287,0.45408,-1.4735,1.9366,-0.076698,-0.013946,-3.8244,-0.262
-1.4034,-0.79914,-0.65851,-1.1521,1.3495,0.082419,0.24521,-0.20198
-1.3082,1.1903,-1.287,-0.699,0.75819,0.038575,1.615,-0.12697
-1.2826,1.6265,-0.11031,4.198,0.18316,0.022762,2.2499,-0.0071294
3.7959,-0.19769,-3.123,1.3603,2.5464,0.017512,-1.6091,0.041254
3.776,-0.33081,-3.0727,-3.5489,4.8276,0.16227,-0.85285,0.053594
3.7722,-1.0845,1.3766,-2.2315,5.6474,-0.028026,-3.6354,0.35811
3.7379,0.36099,-3.7756,-1.7457,2.4421,-0.27292,-0.093637,0.20841
-1.3638,1.3225,-1.4991,-0.52326,-4.9627,-0.18567,2.0229,0.016065
-1.4456,-2.0642,-3.8579,2.4788,-2.0764,-0.098279,-4.3343,-0.037819
-1.3773,-1.2757,-2.8242,1.9745,4.5951,0.16988,1.5538,-0.1682
-1.3239,-1.9705,3.685,0.70075,6.4746,0.47208,-3.4383,-0.18777
-1.312,0.1835,10.538,-0.4201,5.8536,0.47916,5.5248,-0.13958
-1.0012,-1.0579,2.0589,-1.5148,5.7349,0.55459,1.2786,-0.12244
-1.2472,-0.65746,2.6673,-2.0223,4.1425,0.25497,-3.4711,-0.042687
3.7772,-0.71911,2.6731,1.2908,2.3459,0.0042602,-4.0975,-0.0034301
3.7632,-0.1177,-0.91117,0.55084,-2.3135,-0.025247,-4.604,0.14683
3.7303,0.16685,-2.0117,0.031455,0.899,-0.63374,-5.8772,0.078929
3.5946,2.151,-3.3997,0.75964,2.7851,-0.6584,-8.7388,0.16097
-1.3678,-0.78163,6.3366,0.45059,-3.3261,-0.25361,0.46189,0.08146
-1.3567,-0.72327,1.735,-1.9725,-4.1777,0.044132,0.32079,-0.025651
-1.1791,-1.0303,0.080316,1.0756,-3.5929,0.066985,3.8103,-0.18326
-1.198,1.2972,0.51305,-2.6862,0.82713,0.07459,5.4241,-0.20132
-1.3834,-0.67197,-2.5058,4.7252,4.4415,0.35433,0.72673,-0.20478
-1.3361,-1.9003,3.5321,0.67774,4.3371,0.34927,-2.9296,-0.14067
-1.4495,0.83985,4.2445,0.45635,2.9733,0.14851,-5.6228,-0.02548
3.7258,0.34601,3.0714,-1.7224,-0.93763,0.037464,-0.86286,-0.027719
3.7459,-0.15912,2.4283,-2.6958,-7.0195,0.015478,-0.32619,0.1993
3.7229,-1.0215,-5.8345,-0.92356,-5.0306,-0.076902,6.8741,0.43382
-1.3857,3.8439,-2.3486,-1.8262,-0.15809,-0.18179,-1.052,0.05997
-1.1917,-0.82208,-4.8182,-0.18581,1.053,-0.26936,-3.9441,0.052401
-1.3191,-0.75951,-1.0277,1.5908,-5.1959,-0.036138,-1.0689,-0.0035031
-1.3672,-0.41892,2.428,1.4713,-3.909,0.0049918,3.833,-0.22963
-1.3623,0.97015,1.7025,4.1131,-5.1451,0.039069,4.5559,-0.14342
3.78,0.48156,2.8285,-3.7472,-0.87239,0.056056,8.3453,-0.22761
-1.676,-0.33004,8.5287,-1.4807,-0.76051,0.041655,0.93814,-0.15671
3.593,-0.48391,0.86527,-2.5871,3.3984,0.17058,1.9986,-0.074253
-1.4407,3.2173,0.068406,-1.1733,4.7744,0.35018,5.1975,-0.026016
3.7261,-0.034058,-3.7631,0.043158,-3.7469,-0.14334,0.16554,0.044808
3.7048,2.1085,-6.8556,-0.014591,-7.9154,-0.067064,-4.3518,0.30264
-1.4082,0.50976,-4.5913,0.32828,-3.7025,-0.10726,-1.2838,0.24508
-1.3916,-1.9097,0.99816,1.1405,4.7493,0.070046,0.076138,0.112
-1.6751,0.84473,0.77143,0.24428,5.5497,0.27437,-1.3231,0.023244
-1.5081,-2.2223,-1.9093,2.2674,5.3149,0.4431,-4.7584,-0.10935
-1.3404,-1.685,6.8716,-0.069449,2.4343,0.085519,-0.60299,-0.16233
-1.3411,0.65819,5.7991,-1.9201,2.5899,0.11736,4.7389,-0.18932
-1.0596,0.3109,3.0488,1.4579,2.0401,-0.026826,1.4695,-0.12237
3.7491,1.0778,-1.7545,-0.87796,4.591,0.26178,-0.1143,-0.091704
3.7292,-1.5723,-1.9889,-0.38913,3.9135,-0.33325,-1.9387,0.1498
3.7039,-2.7363,-1.2716,-1.0232,4.8415,-0.50107,-2.3213,0.24715
-1.5044,4.0281,-1.7743,-3.9071,-0.1747,-0.28985,-2.0562,0.16504
-1.573,0.037065,-7.4114,-2.9181,-5.2967,-0.13196,0.76648,0.089322
-1.3982,0.65306,-4.9348,0.021814,-2.4265,-0.078724,-0.31766,0.22337
-1.3752,-5.6909,-4.9862,3.9443,4.182,0.25249,1.6862,0.051939
-1.3565,-2.9629,-1.3295,3.8917,6.4431,0.54855,-1.7939,-0.069288
-1.2064,-0.25222,2.7662,1.7582,5.6725,0.53209,-1.7554,-0.21894
-1.2916,-0.3254,2.3482,0.16477,3.8527,0.25711,-2.1989,-0.2188
-1.346,0.55793,0.79933,2.278,1.9253,0.019502,-5.745,-0.1784
3.7341,0.09706,-1.9361,-0.10458,-5.0061,-0.030587,-0.93494,-0.1021
3.707,-0.042201,-1.4738,0.074398,-4.2262,-0.13929,-7.4373,-0.039036
3.692,1.131,-9.1471,-0.67798,0.43601,-0.48469,-6.2302,0.17494
-1.3948,-1.453,-5.6336,0.57454,-1.7114,-0.45078,-0.42777,0.39277
-1.3795,1.5645,1.1725,-0.67243,-6.1072,-0.058856,4.0022,0.13065
-1.2053,0.44902,2.335,1.1948,-6.3144,-0.021115,7.2776,0.33197
-1.3162,0.34849,4.4026,-1.7197,-3.4919,0.0247,0.62477,0.075692
-1.3612,-0.55308,7.3006,-2.051,2.0118,0.050351,2.432,-0.056803
-1.3619,-0.14222,1.8333,1.2795,3.77,0.25505,6.7916,-0.18623
-1.513,1.29,4.0488,1.5317,2.0487,0.0054025,5.9214,-0.21695
-1.4679,0.32895,1.8823,-0.92967,2.522,0.024276,0.86024,-0.21867
3.7407,-1.4949,1.5698,-2.4944,-7.1855,-0.030279,-0.12541,-0.05252
3.7187,-0.54002,3.8014,2.4477,-8.3935,-0.035079,-0.93283,0.091123
-1.2756,4.7397,0.086457,-3.3775,-2.7358,-0.055564,-4.8133,0.092315
-1.1385,-3.0374,-4.0545,-1.1649,1.7155,-0.27212,-0.51645,0.22401
-1.4583,0.15578,-5.666,1.4465,1.3887,-0.20003,-2.5826,0.23233
-1.3848,-0.045143,-1.677,1.3171,-3.0233,0.013643,3.8418,0.26791
-1.373,1.3727,1.2291,1.0034,-1.2516,0.086937,2.4073,0.0091526
-1.4993,4.5523,-1.6229,0.03518,-5.0677,0.04813,8.0264,-0.05819
-1.3611,2.0166,-3.9017,-1.9112,-1.8676,0.028095,-0.17677,-0.14427
-1.3274,0.21323,-4.2129,-1.4208,3.2492,0.13259,-1.773,-0.15669
1.428,2.0241,0.84066,-3.0068,5.2428,0.30937,-1.0531,-0.10273
3.7361,2.7036,-0.029837,-1.9979,4.0825,-0.11607,3.0437,-0.14427
3.7206,0.90472,-6.0371,-0.67969,-1.5712,-0.14782,-4.9029,0.025386
-1.3876,-2.1604,-11.012,0.44632,-7.1897,-0.22348,2.2178,0.13644
-1.3782,0.28206,-3.2884,0.29616,-0.22629,-0.24337,-3.4557,0.11047
-1.6978,0.036166,-1.9911,-0.056943,5.1792,0.13468,-0.23471,0.31306
-1.4293,0.84087,1.1772,-2.1559,6.597,0.50233,-2.3418,0.18339
-1.3395,-0.31392,6.957,2.7577,4.4813,0.37337,-0.24426,0.077445
-1.3289,0.46165,5.5126,-1.2398,4.2238,0.31216,3.0395,-0.051668
-0.91554,1.5424,3.1873,-3.5996,3.8988,0.2873,-0.47728,-0.12911
-1.2401,0.17022,3.5427,2.1914,2.9094,0.12244,1.1249,-0.14637
3.7554,2.2412,-1.3783,-0.5628,1.2121,-0.15971,-3.8399,-0.22826
3.7335,-4.4652,-8.3311,1.6979,3.2717,-0.778,-2.4938,-0.12877
-1.4416,0.40077,-3.3967,-0.30815,2.1196,-0.57525,-3.5423,-0.0056205
-1.4565,-0.71724,0.34682,-1.0726,-5.4169,-0.17491,3.6491,0.086669
-1.3842,-0.97165,-1.2227,-3.4459,-7.279,-0.024022,4.5201,0.501
-1.3413,-1.1227,-4.6638,-2.4849,-1.2128,-0.0041595,0.041704,0.34426
-1.329,-3.8362,-1.5858,2.9747,3.8521,0.27388,0.67127,0.19205
-1.0539,-3.4243,-1.9719,2.0175,4.9918,0.39704,-0.97767,0.12505
-1.3607,1.4576,-2.6983,-1.3759,3.9329,0.26564,-2.315,0.031982
-1.3119,2.2202,1.364,-0.96817,2.3851,0.088618,-0.92364,-0.12485
3.5418,2.3202,0.68572,-1.7156,-4.2128,-0.059408,-1.1618,-0.095938
3.7453,-2.8314,-1.0377,1.2321,-7.5142,-0.05584,3.3746,-0.19626
3.7213,2.9647,2.9148,-1.374,-2.1748,-0.061667,-2.5158,-0.17535
-1.368,-0.78338,-1.5327,-0.69086,-0.49194,-0.28133,-1.0568,-0.026867
-1.353,-2.0907,-3.4386,1.3226,-3.7977,-0.2902,-3.6764,-0.034339
-1.1024,0.48628,-0.16169,0.23245,-7.7159,0.01782,0.69013,0.27877
-1.3305,0.2079,1.1052,1.1424,-4.9522,0.015054,5.64,0.23846
-1.3444,2.372,4.1629,0.44056,-6.4924,0.034724,5.3184,0.23781
-1.3294,-1.3256,6.9239,0.86559,-1.1402,0.077773,-0.55875,0.13493
-1.5893,0.84736,1.4714,0.04389,1.1639,0.013367,-0.65014,0.016405
-1.3442,0.6368,6.2882,-1.1373,3.2319,0.14959,1.8581,-0.086641
3.2287,1.9909,1.017,-1.8126,2.3353,-0.020961,6.9274,-0.17509
3.7309,1.0213,-0.58043,-1.4346,-6.3169,-0.020903,-2.8244,-0.13663
3.6992,0.64323,-0.87851,2.635,-8.8679,-0.11368,-3.3325,-0.12614
-1.2167,-0.1785,-0.27732,-0.32972,-1.9731,-0.15869,-5.6883,-0.062255
-1.4235,-0.4505,-1.1129,-0.49344,3.6621,-0.092175,0.82151,0.26867
-1.3529,-4.9294,-3.8601,0.15383,3.2841,0.073486,-0.36638,0.26197
-1.5809,0.56085,-0.83646,0.25491,2.1185,0.058469,-0.85481,0.21052
-1.4404,1.9381,-1.1756,-1.6526,-0.15521,0.077811,7.4289,0.10463
-1.2979,1.4782,0.46741,2.0679,1.3159,0.068936,-0.88868,0.13281
3.6966,1.4772,1.5957,5.5553,2.3395,0.034403,0.88036,-0.0090034
3.7684,-0.32643,-3.0784,-1.0915,3.7272,0.063834,-2.1019,-0.06021
3.7389,1.1464,-0.65058,-1.3981,4.181,-0.34802,-1.9168,-0.19451
3.7152,-0.91635,0.99604,-4.9516,4.3196,-0.44998,-4.3044,-0.24786
-1.3791,2.6142,-2.3343,-1.7552,-3.1459,-0.1492,-1.338,-0.17737
-1.371,-2.3312,-2.0589,0.7677,-3.69,-0.12548,-1.1018,-0.10433
-1.554,-3.1861,-5.5596,0.816,0.83096,-0.11786,-1.3918,0.17049
-1.3735,0.25382,-0.39066,3.2241,5.5436,0.36265,-2.5147,0.38829
-1.3342,-3.5627,6.1527,-0.81267,6.5568,0.60934,-1.5363,0.29994
-1.3346,-0.15723,4.4757,-0.89875,5.0293,0.42516,6.0803,0.23807
-0.99285,-0.091291,4.8529,1.7692,3.2657,0.19336,1.0288,0.1647
-1.298,0.047418,2.4448,0.43607,2.2858,0.0048378,-3.2228,0.0045771
-1.3309,0.4149,1.2201,0.55403,-2.5032,-0.0073619,-4.2487,-0.092239
3.7277,-0.60065,-1.9958,1.3781,-1.157,-0.33941,-4.3642,-0.12383
3.7045,1.3535,-3.8601,1.4607,0.77786,-0.90535,-5.3519,-0.24815
-1.5585,0.85642,4.131,0.89377,-2.5397,-0.44072,-2.4995,-0.20668
-1.4022,0.034291,4.4024,-0.93195,-6.7262,0.0051266,1.9906,-0.034412
-1.3515,-0.85361,3.4464,-0.85733,-5.8226,0.036996,5.0239,0.060676
-1.1829,-2.2841,0.11017,-2.3436,-1.3248,0.058777,4.0203,0.12257
-1.2301,1.6556,-0.81027,3.569,-1.3348,-0.0014257,8.0453,0.093118
-1.3318,-0.18714,-0.74715,2.2905,4.2096,0.31836,1.474,0.25647
-1.3214,0.53793,5.1885,-0.61091,2.4332,0.074769,0.93887,0.16574
3.7255,-1.3714,4.6862,-4.037,0.086206,0.049824,-0.74192,0.017939
3.725,0.11255,5.1012,-1.6926,-7.5941,0.020079,-3.0358,-0.095013
3.6988,1.5211,-2.6457,-3.3008,-7.0587,-0.052522,-1.9141,-0.20714
-1.3899,2.5653,-0.51894,-1.5502,-2.3028,-0.17897,-0.14376,-0.22271
-1.3744,-0.33736,-2.8049,0.38129,-0.26914,-0.4302,1.8287,-0.093286
-1.115,-0.69534,-3.9865,0.28312,-5.0737,-0.17436,4.6589,-0.089586
-1.3204,-2.0693,1.3976,1.1076,-5.2154,0.051102,1.5708,0.12705
-1.3594,0.36965,-1.1361,1.4952,-4.8263,0.016864,7.0967,0.16915
-1.3475,0.47649,3.0098,-0.28475,-5.2534,0.0022451,2.8135,0.18387
4.0873,-0.71889,2.6545,1.6868,-0.53626,0.05089,0.52122,0.18726
-1.4758,0.86766,4.1,-0.46003,1.4343,-0.019722,-0.84576,0.071896
4.1909,1.3282,-0.35938,-2.2997,4.8393,0.2882,0.49174,0.049018
3.7077,2.3287,0.16942,-1.4532,2.8608,0.0014044,3.9859,-0.065346
3.6836,2.2464,-3.7889,-0.3726,-7.4752,-0.020588,3.0237,-0.18348
-1.37,4.4768,0.67117,-0.43786,-6.7602,-0.094903,-3.6156,-0.25087
-1.3774,-3.199,-4.4515,0.55308,2.6784,-0.14461,0.057521,-0.19967
-1.3757,-0.62829,2.3279,-1.9261,5.7617,0.22604,4.3438,-0.031954
-1.666,-1.1256,1.869,0.61632,5.8116,0.4856,0.99427,0.0092987
-1.354,-1.2359,9.0354,-0.41938,3.6735,0.25461,-3.7553,0.033904
-1.2596,-0.63253,9.6797,-0.091434,3.9231,0.27475,2.5455,0.27025
-1.3343,1.136,3.9727,0.38038,2.9929,0.1108,4.965,0.19972
-1.3801,0.8188,1.6748,-0.3912,4.0566,0.23436,-4.7411,0.091974
3.7215,1.154,-2.1775,3.0069,2.8397,-0.45785,-0.92857,0.09066
3.6904,-3.8484,-6.2196,-0.18025,4.2147,-0.6637,-4.1423,-0.049575
-1.4299,2.5831,0.13116,-0.80473,2.6499,-0.36748,-6.5295,-0.23598
-1.4017,-0.39467,-2.1542,-1.7926,-4.7327,-0.095134,-0.54694,-0.11529
-1.4291,-2.0655,-5.041,-1.0957,-5.2338,0.0064935,0.21759,-0.24007
-1.4114,-3.1789,-3.4768,1.6074,2.1279,-0.036863,0.68265,-0.098591
-1.3646,-2.9749,-5.1093,3.9141,6.0981,0.48539,-1.1465,0.019423
-1.3632,-5.0208,-3.9841,5.5021,5.8929,0.49416,-5.0982,0.066444
-1.16,-2.0356,-6.1628,0.81806,4.1709,0.30201,-0.5026,0.20451
-1.3058,1.6524,-4.2836,-3.8603,1.4538,0.035128,0.20623,0.17051
3.7194,3.0136,-2.3174,0.6163,-4.6591,0.009991,-2.206,0.083359
3.6883,0.098916,-2.0777,-1.061,-5.7923,-0.048248,-2.3137,0.087594
3.6593,-0.29455,-5.4311,-1.8195,0.604,-0.28036,-9.8711,-0.029691
-1.5371,0.81067,-9.1933,-0.37228,0.082976,-0.35624,-3.7676,-0.17143
-1.4011,0.76357,-1.19,1.1964,-4.3273,-0.11722,2.7562,-0.18755
-1.4038,1.0738,2.7315,1.3929,-5.9922,0.031252,7.5084,-0.17355
-1.1751,1.7519,5.7736,1.0213,-6.5801,0.03629,4.0321,-0.15486
-1.354,-1.9618,5.5221,1.2898,-3.847,0.059842,5.2634,-0.01134
-1.3528,-2.91,5.1446,3.0746,2.7085,0.12735,2.0637,0.19495
-1.3701,1.4267,2.9843,-1.0832,2.5438,0.072651,2.3722,0.28259
-1.5701,0.026764,4.2229,-0.6457,3.3793,0.20311,-0.74591,0.063402
3.7136,2.9019,0.67333,-2.3247,-3.034,0.011711,2.2494,0.19874
3.6823,0.35612,5.3355,-0.2222,-8.3505,0.017025,-0.65771,0.065422
3.4736,2.0315,2.8422,-0.68451,-5.5134,-0.051129,-3.3348,-0.040229
-1.4092,-1.3193,-1.5981,1.1277,0.52001,-0.11248,-1.8875,-0.093042
-1.1779,-0.69225,-4.5356,0.60467,0.95647,-0.13624,-1.2075,-0.24172
-1.3643,-1.4859,-3.503,1.3274,-1.4992,-0.037556,-1.1067,-0.2416
-1.3894,-0.97603,-0.41709,0.48844,0.27946,0.033935,1.9974,-0.15415
-1.3769,3.4036,0.18783,-1.5974,-1.8356,0.044851,2.4307,-0.0468
-1.5548,2.7703,-2.943,3.197,-1.547,-0.0090112,1.7278,0.13797
-1.3922,-0.25961,-4.3207,-1.02,1.4698,0.020554,-0.99504,0.14513
3.7841,1.3234,-1.897,-3.3861,4.487,0.22163,-1.6518,0.084259
3.7077,0.82189,0.90772,-2.3034,6.5222,0.30047,-4.7703,0.13242
3.6854,-0.87867,-7.6641,-3.7807,0.28603,-0.27628,6.3251,0.30756
-1.3645,1.8517,-6.3764,-0.41798,-4.2014,-0.12986,-4.575,0.020421
-1.4028,-1.4345,-6.1796,1.1616,-3.0111,-0.16283,1.6497,-0.085984
-1.3968,-0.76895,-0.84078,1.073,3.7728,0.062769,0.90617,-0.19896
-1.6359,-1.6055,3.5668,0.61645,7.4149,0.50934,1.1262,-0.26207
-1.3964,-1.2478,8.6188,1.5309,5.1737,0.42929,5.8945,-0.15447
-1.3429,-2.8124,1.5139,1.1445,5.453,0.49728,3.5072,-0.0054258
-1.35,-0.58294,5.7089,-2.6985,4.1822,0.33235,2.4139,0.10672
-1.3605,2.2447,3.2693,-0.68467,2.8283,0.049343,-3.3479,0.026822
3.8226,-0.82351,-3.2671,4.0047,0.47846,-0.10506,-2.0377,0.1655
3.7106,-2.0478,-4.495,1.1682,2.3077,-0.76197,-2.9399,0.097353
3.685,0.1328,-3.3014,-0.53068,3.227,-0.60353,-4.2759,0.18891
-1.5791,-0.16897,3.5383,0.52273,-2.0975,-0.22314,0.34326,0.0085198
-1.4861,0.21946,2.6501,-5.0063,-6.1404,-0.03325,2.7109,-0.10638
-1.3547,-2.4489,-2.11,-0.19029,-2.0425,0.024828,1.3148,-0.20641
-1.3619,-1.577,-2.4621,2.5808,3.3895,0.19688,3.4406,-0.16367
-1.3614,-0.44142,0.45484,1.1809,5.4633,0.41255,0.21495,-0.089513
-1.1808,0.644,-2.8951,1.6764,5.3607,0.48067,-2.2121,-0.068656
-1.278,1.516,2.1081,-0.26392,2.8392,0.13619,-2.1414,0.034926
-1.3365,0.50549,3.8824,-1.34,-0.77272,0.047097,1.0125,0.18777
3.7471,-0.011986,-0.32512,-0.10102,-7.3402,0.013963,4.3105,0.16236
3.7179,2.224,1.453,-1.1636,-2.3805,-0.063977,-1.1995,0.2932
-1.421,1.2541,0.58826,-0.5092,2.0483,-0.14029,1.4183,0.1874
-1.3715,-1.7288,-3.0535,0.65146,-0.75794,-0.22482,-4.503,0.0097124
-1.3689,-0.81805,-0.73787,1.7859,-5.7,-0.078904,1.0832,-0.045291
-1.0084,1.1287,1.355,1.7353,-4.5494,-0.0096401,5.5132,-0.22785
-1.248,3.7131,-0.0077321,-0.65443,-5.4908,0.053277,6.924,-0.23243
-1.3423,-0.16337,4.6639,-4.4936,-2.3382,0.024944,5.0224,-0.19594
-1.3395,-0.50416,2.1419,1.0614,2.024,0.021113,3.0869,-0.11388
-1.4575,2.246,6.0748,0.76727,2.45,0.080263,4.1122,-0.060916
-1.4398,1.1507,-1.3946,1.0787,2.4996,0.022723,0.88052,0.13291
3.751,1.0791,-2.3481,1.5309,-4.4023,-0.04063,-4.2542,0.054494
3.7248,0.62884,-1.548,0.31436,-7.5854,-0.058426,-4.2823,0.25737
-1.0149,0.12522,-2.239,-1.3301,-3.8626,-0.1124,-5.998,0.18319
-1.2352,2.3279,-2.2716,-1.9173,2.869,-0.10454,-5.3349,0.071263
-1.3137,-2.6847,-5.5158,0.94275,3.7962,0.11278,-0.2477,-0.038112
-1.348,-2.1797,-0.12329,1.4309,2.3818,0.094606,3.3754,-0.17533
-1.3192,2.3601,-0.98645,-5.142,1.9688,0.046154,1.1378,-0.11276
-1.4898,0.41817,-5.1753,0.92807,0.98185,0.08016,-0.36939,-0.21249
-1.3301,1.9043,-0.90628,1.4357,2.1731,0.056884,-2.1792,-0.11485
3.7879,-0.64731,-2.3867,0.76589,4.0025,0.24182,-1.3706,-0.014796
3.7989,0.40685,-0.35043,-1.1303,5.2133,-0.060223,-3.0525,0.019448
3.7559,0.22791,-1.6872,-5.5765,5.6837,-0.23931,-4.4098,0.24898
-1.3479,2.1228,-1.0842,-3.9623,-1.625,-0.19851,-0.65079,0.24723
-1.3626,-1.0303,-3.2705,0.60634,-4.3871,-0.14502,1.6932,0.19157
-1.3534,-3.2606,-5.3139,3.9328,1.3429,-0.13504,-1.8937,0.078224
-1.6053,1.694,-1.0275,3.6039,6.0316,0.40739,1.0678,-0.051254
-1.3423,-6.2822,7.8459,1.9232,7.0476,0.62398,-3.9692,-0.14091
-1.3113,-2.8264,5.7668,-0.27374,5.6394,0.48404,4.4539,-0.23795
-1.3013,-0.73253,5.7429,-0.29122,4.8799,0.43962,-0.51218,-0.17426
-1.2033,-0.61357,2.4534,-1.2921,3.7846,0.19031,-5.0103,-0.13743
3.7626,1.6776,1.4579,-1.3439,1.0449,-0.072807,-5.8966,-0.091265
3.7552,-1.6011,-3.7285,0.44991,-1.3004,-0.27548,-5.7419,0.11602
3.7294,-1.1307,-3.0652,0.51344,1.9288,-0.55362,-1.427,0.21067
-1.5195,0.38916,-0.98385,1.8728,0.91841,-0.48898,-1.3809,0.26431
-1.4615,0.29084,4.2344,-0.40863,-5.8734,-0.098317,3.7956,0.15499
-1.294,-0.2948,2.8784,-2.56,-5.3009,-0.01935,1.7807,0.14654
-1.3369,-2.8111,-0.80119,-0.69803,-0.99143,0.00015944,1.7086,-0.031711
-1.3335,-0.18258,-5.1937,0.28969,0.56323,0.014849,8.8009,-0.091217
-1.1433,-0.64198,0.82198,5.1651,4.9628,0.39962,-1.1266,-0.22727
-1.2768,0.51276,2.5796,0.32664,3.477,0.20659,-4.0048,-0.24107
-1.3215,-0.74608,5.3257,-0.16577,1.6286,-0.006964,-2.6001,-0.14325
3.7481,1.5265,4.3139,-1.6162,-7.1567,0.022909,-0.90366,-0.040667
3.7284,3.1929,0.24564,-4.3728,-6.0179,-0.062148,-5.4702,-0.00075289
0.17963,0.33493,-4.1092,-0.084176,-1.2381,-0.12963,-3.5143,0.19388
-1.3685,-0.054769,-2.7368,-0.091441,0.54378,-0.31398,-0.48188,0.20938
-1.3642,0.6844,-5.0775,0.39279,-2.903,-0.15766,-2.2241,0.2857
-1.0808,-1.462,-0.60063,1.396,-6.8862,0.0021168,0.06515,0.18801
-1.2945,1.3212,0.53264,2.3455,-5.0252,0.002951,4.1118,0.050527
-1.3449,2.1338,-0.42885,-0.42347,-4.9765,0.056524,3.5111,-0.12955
-1.3393,-0.92911,5.9272,1.2255,-0.26101,-0.011597,4.8581,-0.22505
4.1684,0.27829,5.5261,-2.3342,2.0979,0.032388,0.082554,-0.21466
-1.794,1.4511,2.7288,-3.8765,4.6604,0.24773,0.11989,-0.15936
3.7363,0.4028,-2.1173,-0.75252,2.7574,-0.016038,6.7826,-0.037503
3.7181,-0.71728,-2.4232,0.3048,-6.2893,-0.06741,2.0085,0.16195
-0.92814,2.5875,-4.6017,-0.85623,-6.7105,-0.059735,-3.2231,0.17295
-1.2488,-0.30868,-4.1244,-0.010525,1.8099,-0.22491,0.83478,0.10261
-1.421,0.40353,-1.6794,-1.7791,5.8803,0.25877,-0.25086,0.32282
-1.3741,-1.4943,-1.0791,1.613,5.8334,0.44315,5.9598,0.16611
-1.5063,0.21144,2.814,0.62852,4.5212,0.32418,-2.5819,0.0081548
-1.5776,0.80397,13.045,-1.0701,4.4227,0.3784,6.1179,-0.099613
-1.4041,-0.60451,4.967,2.6524,2.8225,0.09587,-1.0782,-0.20548
3.8289,0.071192,-0.86956,-2.4003,4.3365,0.2783,-0.27046,-0.14685
3.7291,2.3429,-0.016109,0.9134,3.0748,-0.17254,-1.2322,-0.08871
3.7094,-3.5604,-6.9462,-0.012523,4.4557,-0.73663,-2.2688,-0.098664
3.6924,1.6485,-3.1328,-1.8458,3.4158,-0.55581,-6.8385,0.094773
-1.4026,-0.11286,-5.1261,-3.3198,-4.8086,-0.20455,0.7654,0.21938
-1.3926,0.89191,-4.4955,-0.96637,-4.6032,-0.069766,-0.67554,0.13566
-1.5973,-3.412,-5.0382,2.1754,2.2531,0.032677,-1.5239,0.34068
-1.378,-2.6925,-0.98911,2.8418,5.1497,0.37657,-1.5509,0.096428
-1.354,-5.6309,2.2602,1.9322,5.7425,0.47426,0.49838,0.0054289
-1.3413,-0.43744,-0.66542,4.3149,4.2659,0.32076,3.8061,-0.076419
-1.1072,-0.08031,-4.1647,-1.7805,2.891,0.14107,-3.3463,-0.18686
3.8736,2.4312,-1.7882,-1.2835,-2.3278,0.022704,-3.5216,-0.17058
3.7169,-0.63659,-2.4217,0.613,-4.7583,-0.0039927,-3.0026,-0.19095
3.7,-0.69708,-1.7948,-0.16187,-0.049827,-0.30485,-7.8039,-0.045802
-1.6314,-0.03603,-6.2316,0.59682,0.82511,-0.40344,-5.5635,0.046779
-1.4726,0.63084,-2.5011,0.90036,-2.9336,-0.27721,-2.9999,0.014288
-1.3886,2.854,3.0922,1.1273,-6.0543,-0.0091652,6.5692,0.37094
-1.3698,1.538,5.4499,-0.66813,-5.3641,0.076611,7.2696,0.37317
-1.319,-0.21211,3.174,-1.5635,-4.2674,0.038754,8.1911,0.12393
-1.1739,-1.0827,8.5505,3.0411,3.2556,0.1858,1.2954,0.10336
-1.4277,1.9868,1.704,-1.5278,2.9104,0.13569,5.0288,-0.076857
-1.3562,-0.012968,7.1198,-0.10062,2.8025,0.11723,0.005106,-0.14296
1.8077,3.9625,4.3408,-1.5656,-1.538,0.0048891,3.6029,-0.17029
3.7021,-1.1261,3.7793,-1.6982,-8.327,-0.050173,-0.90392,-0.16608
3.6848,4.2061,4.3866,-3.4458,-8.933,-0.049396,2.5566,-0.12653
-1.392,-2.3661,-0.26699,0.30458,-0.58272,-0.068495,-2.954,0.092826
-1.3865,1.216,-2.9517,0.37574,2.3893,-0.1917,-1.0181,0.045197
-1.1157,-1.409,-5.1666,-0.26377,-1.0198,-0.051084,-2.2428,0.35697
-1.2923,-0.36305,-1.8651,0.7853,-0.56268,0.073685,-0.57273,0.2529
-1.3717,4.9551,-1.5793,5.0544,-1.7456,0.025258,3.2236,0.11159
-1.3636,3.0928,-0.78091,3.4329,-1.6254,0.036713,5.4885,0.052815
-1.4255,1.2925,-3.3064,-2.9014,0.51554,-0.032076,0.36702,-0.04551
-1.3556,0.73544,1.5311,-2.8967,4.4772,0.27321,-1.7955,-0.15206
3.7373,0.38208,1.7149,-1.9125,6.3831,0.38785,-2.3342,-0.20463
3.7179,-0.95452,-3.5318,-2.8899,2.8567,-0.16921,5.2173,-0.17506
-0.91723,1.964,-4.2946,-1.4163,-3.6978,-0.10126,-2.4511,-0.11497
-1.2462,-2.2604,-6.6101,-0.80317,-4.5834,-0.22011,-2.195,0.027309
-1.3961,0.050918,-2.0579,1.4567,3.3088,-0.015993,3.0743,0.20928
-1.3669,-3.3177,3.2794,1.1393,6.6688,0.48875,-0.26059,0.48754
-1.6009,-2.6083,12.947,0.72149,5.1826,0.41305,16.078,0.2868
-1.4892,-2.3295,2.1599,0.27809,4.2345,0.32261,5.2659,0.2315
-1.3445,-1.5327,7.4137,-0.85675,3.9823,0.3318,2.3076,0.085038
-1.3191,0.24327,4.0095,-1.0102,3.3682,0.1675,-5.1422,-0.033804
3.7508,0.91527,0.067442,1.8651,0.34457,-0.12949,-1.0054,-0.10682
3.7284,-1.0621,-3.138,0.63826,1.0496,-0.80417,-4.3914,-0.16747
3.7077,-0.017599,-2.4821,-0.43236,2.5258,-0.86142,-4.3036,-0.21685
-1.3832,-1.3586,1.8977,2.5528,-1.7195,-0.3299,-1.0692,-0.12144
-1.3769,0.8521,3.1115,-2.0497,-4.4505,-0.086072,-2.2779,-0.056511
-1.486,-2.3539,-4.3964,0.36476,-4.478,0.018712,0.73018,0.21048
-1.364,-0.98336,-4.2243,-0.88494,1.6646,-0.029521,1.343,0.15985
-1.3387,-0.26218,-5.575,5.1185,5.2794,0.44512,0.29429,0.1782
-1.3251,1.2736,-1.0164,0.55906,5.0154,0.40367,0.89963,0.083651
-1.2442,1.9598,2.094,-0.62534,2.9335,0.12495,-2.5457,0.12851
-1.3116,0.61176,2.5159,-1.202,0.86382,0.026908,0.058003,-0.019493
3.7503,2.0289,-0.92706,0.83039,-5.1432,0.0046838,-1.4927,-0.14418
3.7249,-0.12061,-1.7026,-2.2371,-3.649,-0.074142,-1.1023,-0.16031
-1.4589,1.0998,-1.0664,0.65306,1.1204,-0.18899,-2.5482,-0.28451
-1.4054,-1.5585,-3.4023,0.40323,-1.6811,-0.42528,-2.5097,-0.13293
-1.3399,-0.86854,-1.895,-0.84418,-4.3747,-0.094954,2.1286,0.15141
-1.3397,0.36031,1.2764,-1.0061,-4.4654,0.026754,3.7542,0.1765
-1.2848,2.7663,2.0875,-0.87392,-4.9763,0.065611,3.9755,0.21337
-1.162,-1.3664,-0.55669,3.1659,-1.723,-0.0063479,4.5979,0.23233
-1.3375,0.6471,3.3808,-0.17456,2.3409,0.10038,5.0951,0.29605
-1.312,0.38674,4.7272,2.8026,2.7297,0.11775,1.6868,0.10994
-1.4725,2.4573,-0.18464,1.519,3.34,0.2063,0.49897,-0.014479
3.7524,1.088,-1.474,-0.88603,-4.2088,-0.054684,-4.6811,-0.10526
3.7252,2.1431,-0.95744,1.2187,-8.0481,-0.040361,-2.053,-0.21235
-1.3576,-1.1748,2.0309,0.48498,-3.5242,-0.071704,-7.6502,-0.20295
-1.3522,2.7393,-3.0701,-2.74,3.2642,-0.0090304,-1.1223,-0.099273
-1.1052,-1.8024,-5.9684,2.4465,2.564,-0.12434,2.0885,-0.033731
-1.367,-0.79069,-1.5413,0.88368,1.0309,0.015728,5.4665,0.068123
-1.3318,-0.93967,-0.28841,-0.66579,1.4919,0.013906,2.6058,0.21118
-1.3199,2.1384,-0.28608,1.1228,0.18939,0.051583,2.2022,0.076982
-1.5521,2.7193,1.8256,1.755,1.6601,-0.018015,1.0244,0.2198
3.7902,0.76392,-0.050728,-0.91799,4.4811,0.31405,0.54598,0.054299
3.7625,0.36781,2.6169,-2.9755,5.5406,0.20073,-3.6593,-0.0048417
3.7308,0.54742,1.3804,-3.8117,5.5947,-0.12037,-3.539,-0.070165
3.702,2.933,1.2919,-3.8162,-2.418,-0.2235,7.1233,-0.19443
-1.356,-0.94956,-1.9506,-0.20424,-4.1152,-0.16919,-1.6034,-0.17951
-1.3558,-1.9316,-3.9648,1.5895,0.13861,-0.14776,-1.1265,-0.10621
-1.3469,-1.97,-1.319,1.9335,5.8847,0.43273,-1.0219,-0.06464
-1.5485,0.72548,3.8917,2.5116,7.3128,0.6848,-4.2096,-0.049137
-1.3709,-3.1893,8.4566,3.32,5.2033,0.46217,15.157,0.017817
-1.31,-0.79643,-0.0069548,0.78291,5.155,0.51174,1.3391,0.22505
-1.309,-1.4926,8.6215,0.24024,4.1215,0.32142,0.92828,0.19546
-0.94842,1.9432,1.6017,-1.9833,1.6483,-0.088466,2.7909,0.051695
3.7571,-1.5788,-2.5736,1.9981,-2.549,-0.26211,-1.1346,0.060165
3.7274,-2.0556,-3.8838,1.7577,2.2341,-0.50636,-4.1345,-0.087128
-1.3684,-1.3091,-4.8722,2.5944,2.2741,-0.5046,-2.6386,-0.16
-1.6987,0.26915,2.9576,-0.64172,-4.9274,-0.14909,0.33337,-0.15347
-1.6615,-1.7413,1.5624,-1.8334,-4.6854,0.020022,2.3536,-0.15834
-1.3886,-2.8443,0.28531,-1.0654,-1.865,0.05585,2.4614,-0.10202
-1.3255,-0.9878,-5.1066,-1.7607,1.5196,-0.0079972,10.111,0.080998
-1.3152,0.92234,-1.9415,7.0198,4.7178,0.42232,-3.9468,0.087959
-1.1432,0.21954,0.41211,0.6336,3.6645,0.28769,-2.7822,0.19497
-1.3126,2.3214,2.6446,-0.96205,2.038,0.057326,-1.9031,0.061333
3.7709,0.35096,4.7359,-2.9857,-4.9294,-0.0080357,1.2993,0.20386
3.7351,2.7342,1.6758,-3.8012,-5.7194,-0.055743,-5.8778,-0.017059
3.7083,1.1478,-2.3993,-0.98637,-4.0045,-0.11389,1.9599,-0.045267
-1.3969,-1.0778,-1.1914,-1.0962,1.984,-0.26048,1.4034,-0.25143
-1.3552,2.0711,-4.9918,0.47093,-1.6472,-0.1756,-3.1046,-0.2114
-1.341,-3.5157,-1.3044,4.1518,-5.6828,-0.012586,1.4008,-0.17769
-1.2086,0.77512,0.48423,1.26,-5.1698,0.0019692,6.8587,-0.17399
-1.26,1.8477,0.53897,1.295,-4.9753,0.048952,5.5709,-0.086252
-1.3386,0.44082,5.8951,0.79175,-1.192,-0.01419,10.359,0.14233
-1.2686,-1.8452,9.6747,1.0011,-0.19692,-0.0512,7.4349,0.1067
-1.9383,0.88734,2.1004,-3.6353,2.5316,0.012744,2.4222,0.26081
-1.4048,1.9107,-0.85143,1.5163,4.1132,0.19691,0.65675,0.28062
3.7272,2.342,-0.92761,-1.0271,-4.1637,-0.11063,-0.098678,0.12288
-1.3716,2.1848,-1.5732,-0.23442,-7.2389,-0.077178,-2.1927,-0.050061
-1.2591,-2.6119,-4.6107,3.6456,0.53499,-0.23065,-3.3006,-0.11879
-1.2423,2.1488,-0.18807,-1.0283,5.476,0.14958,0.60551,-0.22422
-1.3463,-1.0807,-0.56644,2.8209,4.9811,0.25565,4.1459,-0.25236
-1.3366,-2.9806,-0.57363,0.53212,4.5852,0.41245,3.6656,-0.16204
-1.469,1.3005,12.654,-4.2793,2.9232,0.14371,2.6077,-0.035848
-1.4345,0.27017,1.5156,-1.0357,2.3395,0.065104,3.7457,0.10059
-1.2852,1.8019,-0.18668,0.2941,3.5188,0.18926,-2.704,0.029353
3.7701,3.3049,-0.1312,1.5512,3.0241,-0.13986,-0.77726,0.17818
3.7349,-2.0868,-7.5842,-1.6762,3.9271,-0.60767,-3.5195,-0.00674
3.7104,2.2135,-0.41902,-3.1263,3.3759,-0.69196,-3.1199,0.11497
-1.3327,0.62767,-4.4563,-2.7849,-5.5243,-0.26187,3.613,-0.00055819
-1.3656,0.054321,-3.2834,-2.0314,-5.506,-0.13338,0.32452,-0.14955
-1.3565,-1.5965,-2.6863,0.43497,0.83374,-0.099889,-3.2671,-0.22152
-1.3944,-4.0565,-1.3691,3.2784,4.9545,0.33459,-2.6031,-0.23535
-1.3432,-3.6958,0.30994,0.53036,5.4939,0.46211,-3.59,-0.1526
-1.3184,-2.6685,1.1073,5.2156,5.2139,0.50122,-1.8539,-0.02621
-1.3213,-0.43854,0.27413,-1.7097,3.0549,0.13805,-0.028224,0.045781
3.7632,0.72523,-2.8091,-0.47346,-0.94638,-0.072737,-5.713,0.13196
3.744,0.045478,-3.2173,0.94954,-5.8461,-0.024965,-1.7547,0.25304
3.7126,0.99061,0.31285,-1.5294,-3.3915,-0.27373,-9.1875,0.25725
-1.4134,-1.3151,-8.1911,0.35338,1.4864,-0.46001,-6.9277,0.1831
-1.6668,0.20469,-2.1067,1.2754,-2.2523,-0.36555,-2.6107,-0.013165
-1.4826,1.5119,3.2724,-0.47182,-6.9094,-0.019728,2.2134,-0.12208
-1.368,1.8628,5.499,0.95683,-5.1676,0.01234,5.1695,-0.26971
-1.3582,-0.30015,1.8717,-1.9748,-5.0968,0.028236,4.433,-0.21023
-1.3684,-2.6151,9.638,1.6129,1.7884,-0.022828,1.4866,-0.16175
-1.1941,0.77561,6.9136,2.9072,1.7996,0.042175,7.2318,-0.098664
-1.2766,-0.52916,5.6266,3.0272,1.378,-0.03927,2.9557,-0.0048417
-1.3599,2.738,3.401,-0.4469,0.62425,-0.044622,1.9537,0.04213
3.7142,-0.070863,2.545,-2.7128,-7.0406,0.0018857,0.63272,0.057682
3.6892,2.5107,1.6857,-0.35235,-7.4423,-0.069817,-5.0566,0.2416
-1.4773,0.44963,-0.36545,0.79868,-3.1763,-0.14604,-0.91239,0.18049
-1.394,0.17624,-3.7211,1.0476,2.9972,-0.14097,-2.7843,-0.0025539
-1.3869,1.5541,-3.362,-0.10917,-2.1737,-0.078327,-4.8466,-0.08282
-1.1624,-0.47268,0.31751,1.6775,-0.55766,-0.045154,-0.54583,-0.20407
-1.307,1.4606,-0.91075,0.33243,-0.50057,0.024276,1.6635,-0.23651
-1.1463,3.7138,-2.9806,1.5664,-1.9428,0.03715,5.6451,-0.17226
3.7537,2.3508,-4.8797,-2.4379,1.3613,-0.038557,0.28108,-0.112
3.7616,-0.96811,-2.5847,-3.7102,3.9675,0.22851,1.8147,-0.04388
3.7763,0.20119,-0.98243,-3.4302,5.0836,0.21645,-0.91654,0.16577
3.7036,1.4962,0.52127,-1.5298,4.1091,0.06212,-2.473,0.16496
4.0893,0.77198,-6.7637,-1.1858,-0.73185,-0.10309,-3.7011,0.19424
-1.2717,-3.608,-7.0749,0.7414,-5.4218,-0.14543,-1.1954,0.13072
-1.354,-0.11731,-5.8067,2.284,2.0632,-0.11912,1.8658,0.0901
-1.3526,-1.0847,1.028,1.446,6.1135,0.42862,-3.9928,-0.12892
-1.3771,0.11767,5.4187,3.1337,6.6809,0.63778,3.0748,-0.14247
-1.4171,-2.2498,6.5757,-0.040674,4.7967,0.46571,-0.84609,-0.20918
-1.4374,-3.383,-0.45829,-3.8077,4.5651,0.38056,-1.3816,-0.21553
-1.3405,0.69862,7.2948,-0.42492,2.9371,0.13226,-0.80363,-0.079535
3.7387,-0.49087,1.574,1.266,2.4025,0.064501,-0.52223,-0.040497
3.7121,2.1269,-1.9511,0.62687,0.98437,-0.60537,-3.0286,0.021346
3.6973,-2.8351,-1.7574,1.1429,3.6339,-0.63239,-5.6121,0.40623
-1.3699,1.7529,-0.72697,-0.21427,-0.25535,-0.37659,-1.2879,0.24864
-1.407,-0.66144,4.5809,-0.087651,-4.2127,-0.058124,1.3527,0.067369
-1.3923,-1.2413,-2.3968,-1.0966,-4.8607,0.026734,2.8503,0.018693
-1.5774,0.80653,-2.3614,-2.0905,0.64906,-0.0010342,1.8467,-0.084378
-1.4008,-2.3447,-5.3662,3.0494,5.5461,0.51708,-3.6556,-0.16791
-1.3564,0.59363,2.2372,2.0841,5.885,0.57427,-0.45188,-0.24408
-1.3503,1.009,1.1892,-0.49685,3.6083,0.25438,1.003,-0.1663
-1.148,1.0693,3.4004,-0.53684,1.7329,0.033049,-3.4543,-0.13354
3.7289,3.5124,-0.10985,-0.88458,-5.5414,0.016248,-3.3035,-0.062425
3.7061,-1.5015,-2.7641,-2.8694,-5.2011,-0.019594,-4.0104,0.028087
3.6679,0.61558,-4.0289,0.64343,0.71459,-0.10007,-2.4846,0.21977
-1.6125,-0.92222,-2.0807,0.10473,-0.12203,-0.26841,-8.5086,0.18339
-1.4627,0.28795,-2.2354,2.0548,-4.2376,-0.17843,-0.15499,0.28828
-1.3629,1.3953,1.7832,-0.11174,-5.9648,-0.0086582,3.8211,0.085135
-1.3706,0.56378,1.6424,1.4592,-5.2796,0.01619,8.2836,-0.04753
-1.1926,1.5892,0.29782,1.1229,-4.326,-0.0010663,10.518,-0.11879
-1.3204,-0.70163,9.3112,-0.60108,1.9406,0.059682,5.9441,-0.22724
-1.3071,-1.2241,3.6044,1.4702,2.1975,0.044979,0.99554,-0.18465
-1.3303,1.6576,1.2314,0.50423,4.3387,0.35666,6.1307,-0.11178
3.7319,1.7182,-0.99009,-2.377,-2.6879,-0.12046,-1.1134,-0.003357
3.712,0.14816,0.13957,1.8376,-7.2852,-0.090366,-4.8053,0.23652
-1.4333,0.63724,3.6881,1.8998,-6.4046,-0.087151,-2.0699,0.22532
-1.3872,0.7621,-2.697,-1.8069,3.2146,0.051621,-5.5798,0.080974
-1.3795,3.9021,-7.1283,1.5408,3.9614,0.069282,0.83557,0.053399
-1.2497,-1.1687,-2.7971,1.3713,3.5818,0.23444,3.7108,0.14209
-1.2655,-1.466,-2.2974,-0.6604,1.7223,0.0091439,2.8302,-0.025821
-1.3574,-0.26803,3.9577,0.82678,0.22366,0.0024248,-0.65416,-0.19095
-1.3501,2.0697,-0.46949,-0.80035,1.441,-0.068379,-0.86695,-0.15496
-1.5733,1.6501,3.5858,-1.7347,3.6303,0.20881,-2.6232,-0.17803
3.7766,-1.1954,-1.784,-2.8461,5.3855,0.24236,0.75208,-0.16112
3.733,-0.89867,1.2977,-2.8736,5.5297,-0.1176,-2.0938,-0.078561
3.7129,2.991,1.4608,-4.9105,1.5437,-0.30687,1.6763,0.069316
-1.1393,-1.3076,-5.1234,-1.2241,-4.7534,-0.24301,6.5802,0.29634
-1.3078,-0.17518,-7.5548,1.9475,-1.9026,-0.11601,1.4492,0.21235
-1.3794,-4.4174,-2.0705,2.9959,4.3057,0.25015,-2.0708,0.52592
-1.3632,-2.9184,1.4793,0.14664,6.9038,0.63379,-2.7334,0.17733
-1.5368,-0.075814,3.1381,1.1043,5.7719,0.53828,6.9111,-0.016986
-1.379,-1.2113,3.7815,0.33906,5.1998,0.53144,0.65199,-0.13116
-1.3371,-1.5845,6.8511,0.42021,3.6353,0.24203,1.7805,-0.20451
-1.3207,-1.0596,-1.3912,1.8492,1.7115,-0.042312,-4.4956,-0.19845
3.7625,1.0924,-2.662,-0.063405,-4.2378,-0.14135,2.8763,-0.11254
3.7414,-1.1048,-3.7683,0.55129,0.3392,-0.68092,-4.9508,-0.057752
-1.3072,-0.58049,-9.4967,1.3195,2.3513,-0.64565,-3.5024,0.10699
-1.3708,-2.0746,1.8915,0.15195,-3.7978,-0.30452,-0.46979,0.22041
-1.3699,0.039441,1.5136,0.75439,-5.2381,-0.056629,-0.40018,0.068853
-1.4227,0.16698,2.7684,-1.0827,-5.2661,0.019354,4.3213,0.41272
-1.3322,-0.24497,-1.9711,-0.54056,0.77739,-0.040457,10.72,0.16557
-1.3219,0.080966,-1.9608,5.5942,4.3558,0.33914,0.81979,0.0037253
-1.3086,-0.78793,3.9602,0.50861,3.2923,0.19261,-1.8317,-0.065467
-1.1774,1.6977,0.14449,-1.4074,1.4145,-0.048344,-1.0517,-0.15725
3.7295,0.37394,5.8456,-3.5152,-4.3162,-0.038127,1.3304,-0.1753
3.7502,0.99995,1.4236,-5.0872,-5.869,-0.01111,-5.111,-0.16163
3.7347,1.89,-0.28858,-0.86657,-5.0128,-0.11797,0.80769,-0.044902
-1.6177,0.45815,-2.9977,-1.3321,1.462,-0.25947,3.1606,0.045659
-1.3925,1.5334,-2.1532,0.22855,-1.2094,-0.24854,-2.4907,0.12858
-1.3328,-2.2057,-1.9428,2.7536,-5.849,-0.099748,1.1966,0.34669
-1.3294,1.6206,1.9723,0.66333,-4.7286,-0.019427,6.0459,0.14527
-1.0312,1.9642,0.53927,3.8733,-6.0131,0.014438,4.8285,0.11373
-1.234,0.23432,1.1924,-2.4172,-1.3162,-0.021134,2.4524,0.035584
-1.3344,-0.3281,8.4163,-2.5554,-0.19803,0.011775,1.5173,-0.077588
-1.7037,0.12144,2.1927,-2.444,3.2638,0.16678,0.083922,-0.12977
-1.3718,3.0773,0.76219,-0.28174,3.3599,0.082669,1.0559,-0.24508
3.7354,1.6107,-1.0093,-1.1709,-1.5876,-0.1521,-1.7333,-0.16791
-1.3502,1.1487,-3.6161,-0.41127,-8.8352,-0.14767,-1.749,-0.060965
-1.3548,-2.0774,-2.4939,2.8558,-2.8637,-0.16805,1.6799,0.032712
-1.3534,-0.19196,-3.5596,-0.76464,4.6331,0.088214,-0.31929,0.2269
-1.1263,1.4095,1.0306,1.7471,5.4844,0.31636,-2.6267,0.36198
-1.2951,-3.5227,-2.2176,-0.21244,4.9284,0.40311,2.7711,0.25854
-1.3372,0.59645,11.705,-1.7907,2.8189,0.17016,0.98298,0.16014
-1.3243,2.2379,4.0409,-1.3398,2.3938,0.073088,5.1223,0.029134
-1.3015,0.10094,0.12512,1.5257,2.9023,0.1894,-1.4524,-0.089464
3.7542,2.3003,-0.60627,-0.56016,3.2476,0.021363,-1.6202,-0.12042
3.7357,-2.6087,-4.0386,1.0422,2.1335,-0.68103,-5.5359,-0.22929
3.7167,-0.45688,-3.0896,-1.3582,3.6016,-0.67495,-6.0627,-0.17092
-1.1857,1.2397,-4.4702,-2.6916,-4.1525,-0.43812,5.9497,-0.13941
-1.3119,-1.9269,-7.3213,-1.2933,-5.4541,-0.14497,3.322,-0.020783
-1.3727,-0.58501,-3.7542,-1.0362,-2.5494,-0.10201,-1.6158,0.2298
-1.3593,-6.8099,-4.1615,3.5348,4.3572,0.30946,-2.1124,0.18558
-1.52,-0.32072,-2.4475,-0.86722,5.3706,0.46314,-2.7219,0.28736
-1.3987,-1.1599,-2.9602,-0.95012,5.4674,0.54542,-4.5493,0.22294
-1.3194,1.6936,-2.9566,0.51824,3.0455,0.20911,0.20218,0.085355
3.7499,0.96531,-1.0473,-0.52041,1.4893,-0.03162,-2.7776,-0.056316
3.7294,1.4283,-3.3478,-0.69411,-5.85,-0.064433,0.85329,-0.12383
3.6997,0.97901,1.18,-0.66278,-4.0622,-0.16694,-5.6685,-0.17005
3.6963,0.91597,-4.6506,-1.047,-0.31045,-0.50198,-6.7137,-0.20689
-1.4015,-2.283,-4.8745,0.17899,-0.91285,-0.51529,-3.0636,-0.13607
-1.3781,0.7944,3.1143,-0.86744,-7.3459,-0.071075,0.90996,-0.013701
-1.4632,-0.30039,3.0102,-0.152,-7.3246,-0.0076827,5.6855,0.24482
-1.3854,3.0048,2.2998,-0.51444,-4.1868,0.017737,2.8326,0.10183
-1.3489,-1.6587,8.9147,-1.2794,-1.3137,-0.036632,-1.1669,0.10183
-1.3347,1.6374,3.9218,3.4294,1.6082,-0.052772,1.5508,0.039186
-1.1893,0.75452,3.983,2.6082,1.2625,0.036701,0.60725,0.093313
-1.3257,1.4721,2.716,0.050968,1.5424,-0.072512,-0.04345,-0.032806
3.6991,0.42344,2.5542,-1.1255,-6.1857,-0.069393,-0.48678,-0.15698
3.6781,-0.063137,4.1095,1.218,-9.0011,-0.019709,-3.8559,-0.19701
-1.5627,1.8034,-0.34444,-0.58851,-3.6718,-0.1303,-9.9318,-0.22921
-1.41,0.64291,-1.051,-0.51468,1.59,-0.36971,-1.3566,-0.11977
-1.3841,0.23145,-4.8603,0.89063,-1.0311,-0.1603,-2.9867,0.07669
-1.3754,-1.3656,-2.0837,1.1446,-2.5016,0.012776,0.66447,0.12369
-1.1929,0.72243,-0.39723,-1.2026,-1.1633,0.028454,-0.75715,0.25253
-1.1852,3.5319,-5.724,-0.015683,-2.8415,-0.021602,6.0984,0.36023
3.6907,1.8735,-7.957,-2.3814,-1.0323,-0.011007,-0.96012,0.18624
3.7331,0.10422,-4.089,-1.2215,2.6341,0.07527,-2.8034,0.015773
3.719,0.28319,-2.8417,-3.5384,4.3751,0.066497,-1.7808,0.0050882
3.6767,0.96206,1.2562,-3.5582,4.2298,-0.11856,-1.9685,-0.080216
3.6478,2.1369,-5.8872,-2.0844,-2.2267,-0.20673,-3.3535,-0.25355
-1.4158,-3.1604,-2.5625,1.5407,-5.3869,-0.14099,-1.755,-0.1958
-1.3274,-1.2513,-4.819,0.0067397,-0.95642,-0.24685,0.31289,-0.087566
-1.1723,-2.2211,-0.62616,-0.12141,5.1493,0.22151,-4.8354,-0.068437
-1.4331,1.1414,1.3002,0.6394,6.5485,0.48627,-2.2458,0.085963
-1.3951,-4.815,8.937,2.611,3.6383,0.2639,5.9124,0.053399
-1.4117,-1.5908,3.4193,-3.8059,3.5763,0.24001,-1.1901,0.12614
-1.5583,2.0214,5.7162,-2.0018,2.7369,0.1206,-2.1077,0.20388
-1.381,-0.15152,4.0173,1.2444,1.9565,-0.0088058,-1.1696,0.14306
3.6912,0.72925,-0.40126,-1.0839,0.87134,-0.25859,-6.9931,0.01256
3.6627,-2.1347,0.46285,0.42225,2.9905,-1.0034,-1.771,-0.081044
-1.3132,0.2857,-0.10576,1.1666,1.192,-0.67282,-2.7609,-0.21111
-1.3679,-3.1023,1.9118,0.88806,-3.881,-0.10731,-0.12031,-0.13507
-1.4164,-2.1957,1.6887,-3.3077,-7.4446,0.036065,2.1997,-0.13047
-1.4111,-0.27427,-3.9654,-1.7253,-1.4383,0.041186,4.4234,0.0042851
-1.6394,-0.65545,-1.8071,2.9323,2.6026,0.14335,7.6303,0.061503
-1.4855,1.2959,-0.36508,0.77868,4.3991,0.36703,-0.16173,0.20398
-1.3702,0.98816,0.023624,-1.4992,3.7663,0.25108,-1.9542,0.22793
-1.3642,2.646,4.345,0.78961,1.4993,0.019547,-3.3965,0.05795
3.7563,1.3448,-0.15394,-2.07,-7.1532,0.0065384,-2.0534,0.1194
3.6902,-1.2934,-2.7873,-0.81465,-7.596,0.027408,-6.1515,0.028599
3.6597,1.7729,-3.014,-1.0884,-4.209,-0.19974,-1.0657,-0.10757
-1.4271,-1.8319,-1.4195,2.3476,-1.1618,-0.28266,-4.7701,-0.2133
-1.6321,0.29047,-3.9173,3.0016,-4.5197,-0.3037,-1.1169,-0.20748
-1.5134,-1.3694,1.2897,-0.14647,-8.9112,-0.032499,1.0553,-0.14109
-1.3997,0.54176,0.41086,1.9345,-5.7908,0.077131,5.7238,-0.13634
-1.3778,2.489,-0.73293,0.2269,-5.9353,0.042836,1.2155,-0.064518
-1.3486,1.2539,4.8747,-2.5615,-0.82743,0.041924,3.8089,0.04987
-1.1459,-0.42078,2.9271,1.0313,0.64831,-0.024586,-1.2431,0.22318
-1.338,1.1552,1.1873,-0.97116,2.7808,0.090659,5.6378,0.18516
3.7117,1.5373,-3.1854,0.11794,0.91877,-0.062437,-3.2391,0.16511
3.6794,2.6956,2.1706,-0.39319,-9.5032,-0.015897,-3.0554,-0.0039898
-1.3986,2.7456,2.4464,0.52681,-8.0858,-0.023932,-2.3921,-0.07457
-1.4323,1.047,0.73198,-0.83013,0.76555,-0.11788,1.4989,-0.15488
-1.3975,0.94898,-5.39,-0.64552,4.0563,0.020381,-2.2058,-0.27589
-1.3831,-2.9591,-2.3,0.98493,4.1186,0.22633,1.687,-0.14374
-1.1128,-0.18495,-2.0915,0.12538,0.37821,0.021716,6.9192,-0.082479
-1.3486,-3.3908,5.3916,-2.3664,0.04922,0.072985,-0.25545,0.0082035
-1.3734,2.0137,-3.3713,-0.95027,1.3553,0.015395,1.9879,0.10249
-1.3664,1.0175,0.90925,0.10742,3.2127,0.18344,1.5433,0.17098
3.7398,-0.35389,-1.3399,-1.3707,5.0688,0.26989,-3.5309,0.095017
3.7141,-2.122,1.9228,-3.0706,5.8725,0.019835,-2.5177,0.29057
3.6787,2.7143,0.27651,-3.2311,3.0884,-0.1732,-3.3911,0.090709
-1.4049,-0.10983,-5.9946,-0.35829,-3.7091,-0.17793,5.5435,-0.058847
-1.2625,-1.1821,-5.3747,1.3775,-3.5966,-0.15868,0.26939,-0.10791
-1.315,-3.6931,-4.375,3.1988,0.81349,-0.12059,-4.1418,-0.23476
-1.4432,-1.4515,1.6343,5.1623,6.4002,0.44236,-1.4374,-0.19833
-1.3759,-1.0661,-0.72017,-1.4582,6.1651,0.55966,0.69582,-0.12977
-1.6008,-0.62125,8.7746,0.59332,5.0568,0.42669,1.0903,0.060944
-1.4695,0.0087507,5.6584,1.0783,3.316,0.19748,-0.28119,0.091171
-1.2987,-0.42514,-2.0503,0.82454,0.28141,-0.0014899,-2.5216,0.079319
3.7475,1.7451,-2.5734,1.1973,-3.7649,-0.0064827,-5.1399,0.19599
3.7104,0.45515,-2.8652,0.013985,-1.1087,-0.56298,-5.4291,-0.0085897
3.742,2.0225,-5.5887,1.7191,0.71918,-0.81072,-3.8546,0.084673
-1.4442,-2.3141,-1.5318,1.3414,-2.0399,-0.27335,-0.062696,-0.017984
-1.3842,-1.2177,3.8967,0.72061,-6.155,-0.038621,1.8609,-0.16576
-1.3785,0.84906,5.872,-3.4109,-5.5353,0.051069,4.9591,-0.13863
-1.6471,-0.60088,0.917,-2.5803,-1.8554,0.061479,6.08,-0.17297
-1.4115,-1.0367,1.7235,5.3713,3.6771,0.22312,1.037,-0.1581
-1.3348,-1.3264,4.8231,1.1391,3.1052,0.16035,-0.47722,-0.014991
-1.34,-0.32606,2.5376,-0.22945,2.5338,0.056723,-3.0726,0.0064755
3.7502,0.51018,3.8522,-1.5552,-0.33443,0.044421,-0.99745,0.039405
3.7266,1.3652,2.1994,-3.7475,-6.9799,-0.033828,-3.7126,0.21931
3.7032,0.24073,-1.5118,-0.087234,-5.4908,-0.037781,-0.34033,0.44088
-1.405,0.40495,-2.3045,-1.5737,1.492,-0.14546,0.51062,0.12072
-1.5517,1.2684,-1.4026,1.0326,-0.17544,-0.28743,-0.65167,-0.029155
-1.4841,0.49823,-1.538,1.4241,-6.131,-0.07592,-1.4619,-0.1295
-1.3593,0.53851,0.92418,1.2676,-4.5558,0.082079,5.5631,-0.30415
-1.3651,-1.9825,0.35313,4.3932,-4.6454,0.03835,5.2684,-0.19655
3.7211,0.45391,1.4554,-1.2695,-2.528,0.0098178,3.4236,-0.090925
-1.2553,-0.53263,6.7692,-1.1754,-0.64609,0.0086177,5.3892,-0.067463
-1.494,0.031003,3.3039,-1.2593,2.5173,0.056698,0.40388,-0.028036
-1.3311,1.3942,-1.3064,-1.8694,4.3349,0.21343,1.7931,0.11573
3.721,1.0314,-1.1695,-1.3147,0.86206,-0.070549,-4.2792,0.053399
3.6993,2.0237,-3.8073,-0.17788,-7.2513,-0.11089,-0.49482,0.25667
-1.4479,-1.6842,-2.0752,1.9542,-5.7011,-0.17135,-1.0112,0.14381
-1.374,-1.4085,-1.7652,0.83466,4.4917,0.092148,0.1608,-0.0071538
-1.3559,1.9125,1.4253,0.36505,5.7017,0.30265,-0.07782,-0.066928
-1.2377,-1.8286,-2.7321,0.15506,4.4694,0.28748,9.5307,-0.21524
-1.268,-0.71309,5.6335,-0.16952,2.4298,0.097891,7.0264,-0.19178
-1.3365,0.77486,6.0765,-1.5411,2.1381,0.074898,4.4401,-0.18862
-1.356,-0.1393,-1.8519,1.5984,3.0216,0.16877,2.1126,-0.057387
3.801,2.4197,-2.1658,-0.43494,4.7889,0.30521,2.0553,0.064254
3.7448,-1.693,-3.4743,-0.6157,3.5131,-0.4273,-1.7222,0.24759
3.7262,-1.4411,-2.7379,-1.0296,3.9261,-0.55287,-2.8326,0.35317
-1.3792,2.959,-1.0225,-2.7773,-1.381,-0.29707,-0.112,0.15214
-1.0953,-0.44696,-3.6681,-2.1134,-4.9056,-0.14119,2.0774,0.058266
-1.3033,-0.65059,-3.6851,-0.29719,-2.1891,-0.016468,1.5634,0.03865
-1.3599,-6.0667,-2.4337,3.8812,4.2303,0.26823,-0.58667,-0.13566
-1.3508,-3.5155,-1.0178,5.1874,6.593,0.60112,-2.2236,-0.20595
-1.6278,-1.8449,-0.73834,-0.63238,6.6265,0.61741,-8.591,-0.22539
-1.3597,-1.5263,4.3104,1.8491,4.8233,0.43688,-0.73157,-0.18411
3.8086,0.62108,-1.3452,-0.895,1.9766,-0.045661,0.60135,-0.13566
3.744,0.26105,-1.56,-0.012079,-5.245,-0.038403,-0.47996,0.023342
3.7186,0.042935,-2.0367,-1.7121,-2.815,-0.048151,-5.8309,0.011927
3.6956,2.2161,-2.4236,-1.4489,1.741,-0.36288,-7.0894,0.25939
-1.3946,-0.29525,-4.8377,2.2232,-0.16623,-0.45713,-0.75571,0.33535
-1.3903,1.1729,4.7772,-0.65689,-5.2176,-0.079379,-1.9801,0.1462
-1.504,0.81051,2.7111,-0.97443,-6.5829,0.01662,6.8102,0.067247
-1.5482,2.2438,4.9463,-1.668,-1.803,0.079493,3.0744,-0.082796
-1.348,2.6602,5.8817,1.2477,-2.1947,0.077137,0.55567,-0.14038
-1.3451,1.1617,3.3454,-1.167,2.7928,0.14975,3.5235,-0.22544
-1.3462,2.5416,4.8054,3.4343,2.3645,0.086879,0.42172,-0.14101
-1.0602,-0.3146,4.3288,-1.0112,2.4721,0.024796,-0.4185,-0.11979
3.7319,-0.024342,2.778,-0.77362,-4.9986,-0.014607,-0.45435,0.066225
3.71,-2.0606,2.5812,2.6759,-8.2333,-0.065877,-1.6317,0.23355
-1.399,3.9715,-3.1674,-1.3348,-5.0258,-0.10915,-2.0942,0.17132
-1.7291,0.58276,-2.5172,-1.278,2.242,-0.15985,-4.24,0.2306
-1.4887,0.80268,-4.9512,-0.17469,0.80215,-0.17603,-2.2717,0.16384
-1.3721,-0.9444,-0.80346,2.0146,-4.326,0.0036506,0.50125,0.093581
-1.3682,-0.27063,2.3751,0.26215,-0.73445,0.037798,-0.57615,-0.082358
-1.0587,3.2848,-0.24335,4.1079,-1.6023,0.063609,7.6133,-0.18845
-1.354,-0.091009,-7.7184,-1.9415,-0.43751,0.0090605,0.45833,-0.21393
3.7708,0.52925,-3.0542,-0.70558,2.5504,0.044395,-1.1959,-0.17535
3.748,-0.15834,-0.88103,-3.4304,4.2536,0.15827,-1.4173,-0.10716
3.6994,0.80341,1.0627,-3.6357,4.8204,0.033421,-2.1125,0.011051
3.6825,0.48731,-5.9842,-1.5441,0.70241,-0.18382,-3.0206,0.18278
-1.4534,1.6977,-3.2723,0.021358,-6.7032,-0.1562,-1.735,0.23326
-1.4041,-0.43233,-4.6438,-0.96024,-0.30244,-0.14504,-0.40377,0.14756
-1.3825,-0.97105,-1.2109,2.5217,5.4398,0.31745,-1.7068,0.11351
-1.2558,2.0543,3.1675,0.023009,7.2176,0.62717,0.64753,0.08606
-1.3411,-4.5099,12.996,2.4297,4.1442,0.33874,9.759,-0.039207
-1.3679,-2.2475,6.8387,-2.0245,5.2177,0.47542,-0.70975,-0.17192
-1.3661,2.4719,8.3011,-3.0893,4.044,0.29232,-2.0296,-0.12955
-1.4966,-0.35899,5.7818,2.2915,2.4054,0.048663,-1.5041,-0.19188
3.706,-0.20143,-0.07399,-0.54717,1.6907,-0.2182,-4.4459,-0.12505
3.6848,-2.9446,-3.1489,1.6719,3.3811,-0.65768,-2.7114,-0.023898
-1.3028,1.5824,2.9252,2.2289,3.5253,-0.51404,-0.1151,0.064959
-1.1938,-3.0832,-2.7774,1.576,-1.7751,-0.15971,1.4736,0.18811
-1.3921,-2.4146,0.8661,-0.37472,-6.8859,-0.062989,3.2045,0.51132
-1.4001,1.5798,-2.4696,-2.9614,-0.84187,-0.014524,5.9023,0.29685
-1.3917,-0.60749,-4.1811,5.8931,4.33,0.35721,4.3167,0.19101
-1.6768,-0.641,-3.1049,1.227,5.7895,0.55177,-1.2658,-0.032027
-1.3438,1.705,-1.9188,-0.050463,4.4188,0.36879,-1.9348,-0.14994
-1.358,1.5939,2.2213,-1.7695,2.7666,0.15171,0.85972,-0.20646
3.6754,2.9289,0.54572,-3.3742,-3.4947,-0.0044355,-2.6018,-0.14191
3.7046,-1.0996,-2.9859,1.566,-7.5581,-0.0062581,1.2677,-0.054588
3.6769,-0.16957,-1.679,-0.021585,-0.94825,-0.19189,-4.3808,0.015261
-1.364,0.088942,-2.1717,-0.88256,-0.43218,-0.29293,-1.9122,0.12247
-1.4148,0.077742,-4.5423,2.2147,-1.9655,-0.29504,-0.79071,0.066614
-1.3751,0.63089,-0.54066,2.5055,-7.2772,0.00358,2.9486,0.30807
-1.4635,1.5958,1.8657,1.5109,-5.7656,0.00011451,7.1966,0.21576
-1.3336,4.1549,1.8369,-0.1298,-5.7688,-0.017899,0.87902,0.14277
-1.2617,-0.3104,0.74479,0.18691,-0.47398,0.0017381,2.3797,-0.024288
-1.3526,1.115,4.5388,0.55587,1.2963,0.017018,4.9371,-0.085862
-1.2509,0.14167,0.89902,-0.32888,3.8021,0.28313,4.7097,-0.15033
3.6918,1.339,0.73099,0.11791,2.4353,0.045685,1.4504,-0.19054
3.6708,1.4121,2.7115,-0.36565,-7.4912,-0.0070089,-0.82761,-0.14233
3.649,3.5718,0.92536,1.8914,-6.2194,-0.05729,-0.22961,-0.062084
-1.6828,1.248,1.111,-0.2031,1.1589,-0.12585,-2.0048,0.079513
-1.4666,1.2767,-4.552,-0.41869,4.8056,0.18408,-2.599,0.3456
-1.3957,-3.7099,-5.6417,0.1746,4.8245,0.31795,1.0227,0.37021
-1.3985,0.71051,-2.3408,-1.096,2.1505,0.02909,10.313,0.13087
-1.155,1.5626,4.5797,-1.219,0.75118,-0.02974,3.0943,0.063037
-1.3278,0.63815,-1.8858,-1.2368,2.124,0.016858,-2.0987,-0.0076405
-1.3655,0.19835,1.3748,0.76891,3.0191,0.17971,-2.3266,-0.12935
-1.3613,-0.70362,1.1615,-0.65127,4.9746,0.30328,-1.0261,-0.16793
3.7519,-0.3146,0.452,-2.5612,5.5789,0.017127,-2.666,-0.19628
3.7064,0.73232,0.55361,-4.3557,4.7024,-0.17985,-4.497,-0.19689
-1.37,-0.61621,-7.3679,-1.0931,-2.8092,-0.23848,5.9154,-0.038379
-1.3801,-3.2753,-7.6169,1.6965,-3.7582,-0.13866,-0.99518,-0.025188
-1.1829,-1.8433,-6.545,1.5298,-0.11724,-0.079918,-5.1618,0.28084
-1.2333,-2.4232,0.74056,4.1898,5.8353,0.39489,-3.3333,0.48593
-1.3221,-0.11441,-2.7842,-3.8443,6.8186,0.62685,-11.564,0.27524
-1.353,-1.1634,5.4632,0.25079,5.5009,0.55344,1.2845,0.16543
-1.4056,-0.26178,5.7022,1.7018,3.4349,0.20196,-0.39511,0.0030195
-1.4936,-1.641,0.24395,-0.27564,1.832,-0.030754,-3.8481,-0.068996
3.7387,0.5088,-0.99897,0.18956,-1.3011,-0.061006,-6.8676,-0.20626
3.7159,1.1935,-2.4442,2.1101,-1.0778,-0.42549,-3.8386,-0.1552
3.6939,-0.22243,-5.7439,2.0485,1.9946,-0.75757,-2.8261,-0.10059
-1.2294,-1.2214,-2.9779,0.59304,-0.12707,-0.43294,-1.7823,-0.04495
-1.3238,-2.343,3.0985,-1.0373,-4.4986,-0.065986,1.0499,0.088032
-1.3769,-1.5112,4.6398,-3.1936,-4.8296,0.012179,3.9823,0.44015
-1.3622,-0.78963,-1.4856,0.15989,-1.638,0.032998,6.4277,0.13228
-1.5693,-0.76608,2.5241,2.9653,3.2145,0.22864,3.2663,0.10103
-1.3999,-0.6191,2.7675,3.7992,5.0114,0.46027,-2.7634,0.1748
-1.3261,-0.29565,5.0078,-0.47793,3.2732,0.21809,-3.7904,0.026262
-1.311,-1.4616,4.4046,-3.6325,1.564,-0.067462,0.57049,-0.083283
3.7518,2.4074,3.759,-3.8857,-6.7966,-0.023707,-0.83424,-0.17036
3.7267,-0.59841,-1.5335,-0.37662,-5.5113,-0.095461,0.0014583,-0.22875
-1.3824,1.1876,-2.154,-1.0551,-0.20167,-0.093016,2.7685,-0.19755
-1.3753,-2.4293,-0.4235,1.8369,-0.22845,-0.28313,-5.557,-0.068291
-1.2336,-0.56741,-2.736,2.3005,-6.6958,-0.12383,-4.048,0.049407
-1.3824,-0.80384,0.28822,2.6124,-5.9872,0.022563,5.1856,0.29602
-1.2509,-0.18233,-1.7168,4.0207,-4.7592,0.015927,8.0744,0.27602
-1.3205,1.563,2.6441,-1.2904,-3.606,-0.017591,4.903,0.25385
-1.3326,-1.2096,6.489,-0.86641,-0.56084,-0.046008,8.873,0.087156
-1.1586,-0.1753,3.404,1.1846,2.1732,0.063224,-1.0777,0.012682
-1.2475,2.3846,2.732,-2.7282,4.3945,0.28053,1.7591,-0.060551
3.7486,0.34425,-0.70897,-1.2166,1.5689,-0.056064,-3.8777,-0.1413
3.7289,1.706,-1.9316,0.34906,-6.9048,-0.099883,-0.0065947,-0.12288
-1.4605,-0.5429,-2.274,2.4425,-6.0437,-0.14368,-1.2112,-0.18197
-1.3647,-1.8242,-0.60946,0.65588,3.8176,0.079704,-0.50163,-0.11507
-1.3274,-1.8112,0.24243,-0.86507,5.5604,0.29896,1.3139,0.23228
-1.3262,-1.3824,-2.3606,0.52522,4.7663,0.39188,5.1498,0.023828
-1.0992,-0.25478,0.5449,2.6312,1.9668,0.024052,10.087,0.16988
-1.2663,1.0002,6.9317,0.39192,2.0024,0.07502,1.2326,0.26017
-1.3173,0.44601,-0.66662,0.85114,3.3756,0.18072,1.4152,0.18134
3.6754,2.4237,0.97595,0.71948,4.5647,0.3226,1.993,-0.0081273
3.7643,-1.1626,-0.53373,-1.8361,4.4698,-0.12147,-1.8699,-0.051741
3.7492,-0.45584,-0.77537,-0.93788,4.3603,-0.50395,-3.9952,-0.13468
-1.2596,2.2215,-0.69631,-4.0071,2.0868,-0.21212,-4.0724,-0.25121
-1.3392,-1.1318,-2.5418,-2.1945,-3.1954,-0.17971,1.931,-0.16993
-0.98416,-3.4374,-4.9401,0.93868,-2.4992,-0.13729,4.0382,0.023488
-1.1896,-5.2084,-2.1987,2.8248,4.2785,0.31233,-1.461,0.097231
-1.3555,-4.2252,1.1805,4.9325,6.3192,0.5635,-2.9379,0.27706
-1.3174,-0.40685,-1.7343,-2.8336,6.5927,0.68364,-7.2677,0.20145
-1.3763,0.28053,7.5946,1.6647,4.8869,0.43959,0.159,0.3235
-1.383,0.59636,3.8614,-0.11926,2.4096,0.12442,-0.95806,0.19086
-1.3253,0.052857,-1.8402,0.98506,-2.635,-0.041413,-0.92731,0.022052
3.7787,0.97375,-0.96832,0.27059,-3.2828,-0.12499,-8.0456,-0.024604
3.749,1.3292,-2.8581,-0.25746,1.4926,-0.38981,-4.0249,-0.12013
-1.1761,-0.17695,-2.4564,1.1753,-0.35711,-0.5373,-6.3325,-0.24542
-1.2862,2.2776,4.1714,1.1605,-5.6086,-0.2193,-0.81756,-0.18657
-1.323,-1.646,2.8525,-1.1079,-7.554,-0.049358,5.6158,-0.11057
-1.3209,1.8827,4.5942,-1.8752,-3.0729,-0.029534,5.902,-0.045291
-1.4976,-0.3237,1.3991,1.9729,-0.68645,0.037073,2.4677,0.105
-1.3191,0.99878,2.1417,0.92794,3.0769,0.21129,9.7708,0.20536
-1.2819,0.23485,-0.075968,0.85118,2.9377,0.18681,1.8253,0.29181
-1.2703,0.69348,4.5007,-1.8659,1.1155,-0.040386,2.007,0.023707
3.77,0.34748,2.6557,-2.474,-4.4341,-0.016006,-3.0872,0.062258
3.772,0.6236,2.1647,-2.7284,-7.9603,-0.073135,-2.4857,-0.0030163
3.769,1.1216,-3.9269,0.3493,-5.037,-0.092329,-0.21488,-0.13172
-1.3414,0.20963,-0.63064,0.6472,1.5415,-0.19737,-0.16389,-0.18584
-1.6,-0.29829,-5.6049,2.0334,-0.84457,-0.26889,-0.11372,-0.16883
-1.3424,-1.201,-0.94635,0.68624,-6.3616,0.0041768,4.3366,-0.13172
-1.2973,1.1576,4.0839,-0.47384,-3.5227,0.03303,4.2901,-0.14807
-1.2855,-0.016976,-0.49298,2.0177,-4.7002,0.059265,9.0308,-0.0093685
-1.1783,1.0835,-3.2924,-2.7681,-2.5237,0.031413,-1.1515,0.17285
3.7691,0.33372,-2.1733,-4.0333,1.4848,0.023076,-1.9805,0.21527
3.7467,0.68058,-1.7657,-2.6127,3.9748,0.24983,-3.4993,0.11332
3.7839,2.5526,1.7483,-3.0767,4.9721,0.26853,-0.20035,0.12456
3.7515,1.2996,-0.32638,-2.3079,-1.0508,-0.1749,3.9304,0.097718
-1.4801,2.1441,-5.2726,0.38006,-6.8376,-0.12102,-1.7227,-0.10799
-1.2838,2.1555,-1.4813,-4.1315,-2.245,-0.19754,2.5538,-0.13578
-1.3147,-1.1721,-1.4999,-0.73782,5.5239,0.22711,-1.0277,-0.2105
-1.3105,2.2622,3.5993,-0.30429,6.5865,0.46589,-3.0611,-0.12222
-1.1484,-3.8188,5.2387,0.98513,5.436,0.49547,2.2184,-0.079754
-1.2675,-3.24,8.1138,1.555,4.8091,0.45209,1.4484,0.17037
-1.2961,-0.055045,11.124,0.14743,3.3093,0.19743,-0.028936,0.18692
3.8003,0.57995,0.98556,0.14791,2.8625,0.12021,2.8262,0.025191
3.7867,0.7339,-0.31569,-0.40147,0.69927,-0.28462,-3.3547,0.18937
3.7515,-2.4239,-5.8747,2.6064,2.5516,-0.92666,-0.51038,0.054226
3.7182,0.26137,-1.2785,1.8504,3.2133,-0.70969,-4.8184,0.043518
-1.3585,0.15615,-1.9301,-2.1621,-1.7502,-0.25805,-2.3778,-0.076517
-1.1365,-0.66603,-0.57701,-1.2786,-6.7258,-0.11821,3.2649,-0.20753
-1.2972,-0.65261,-3.0985,-3.3941,-2.3434,-0.040694,4.0314,-0.2225
-1.3364,-5.3274,-3.5713,6.0501,4.6399,0.39432,-2.2925,-0.22785
-1.3307,-1.6825,-1.6332,5.8249,5.3032,0.44813,1.3178,-0.11297
-1.504,1.2729,-5.0803,-5.9658,4.1705,0.29459,0.55721,0.052401
-1.4947,1.2987,-6.1345,-2.1151,1.8923,0.014811,-0.91833,0.1379
3.8196,3.3558,-1.9761,-4.0819,-2.9325,-0.019003,-3.2974,0.26443
3.7623,1.0823,-3.4154,0.59668,-6.161,-0.010423,-4.1727,0.24808
3.735,0.64977,-0.89999,-0.9923,-1.7256,-0.1709,-7.5108,0.19957
-1.2192,1.5863,-4.6479,-1.5158,-0.40115,-0.36238,-2.941,0.083188
-1.441,-0.24007,-7.6429,-0.00041541,-1.3455,-0.32094,-1.5608,-0.039767
-1.3612,0.29616,1.4069,0.97853,-7.258,-0.056186,2.92,-0.1885
-1.4275,1.3634,4.3958,-0.33053,-6.2029,0.0031757,6.0407,-0.18742
-1.521,1.3856,1.8888,-2.4738,-6.4885,0.01148,4.1487,-0.2305
-1.4503,-3.5837,5.6294,-2.0556,-0.77393,-0.024824,0.42742,-0.053517
-1.3333,-0.41468,1.8489,-1.0231,1.5754,-0.020588,0.53174,0.04875
-1.3436,1.8131,3.5176,-0.86098,2.6501,0.079249,2.1422,-0.039864
-1.1354,1.8779,2.6069,-1.6873,2.2586,0.055061,-2.0545,0.19473
3.7366,2.7731,2.6706,-2.5945,-7.8291,-0.067994,-1.1222,0.077007
3.7069,0.65186,4.0129,0.89235,-9.395,-0.04004,5.758,0.22574
-1.39,1.489,2.0354,-1.7165,-2.0749,-0.11593,-6.3935,0.051452
-1.5616,3.3251,-2.7436,-0.20337,2.7948,-0.17821,3.2709,-0.043612
-1.4177,-1.4173,-4.8494,0.51471,1.4834,-0.18069,-2.5452,-0.16508
-1.3475,0.6961,-2.2332,1.5122,0.18264,-0.023726,11.881,-0.23698
-1.3382,2.7291,2.6209,-3.0176,-0.0078755,0.024206,5.2814,-0.15321
-1.3126,2.9903,-0.9288,2.3465,-0.61073,-0.0045189,4.9574,-0.11974
3.7862,1.429,-0.52541,0.32769,1.193,-0.0057832,0.54976,-0.035556
3.758,-1.2952,0.68119,0.89882,4.1761,0.27365,-3.1217,0.036776
3.7289,-0.775,-1.4247,-3.2989,4.9859,0.10707,-1.6388,0.17429
3.7211,0.051219,-1.339,-1.6851,3.84,-0.16098,-3.5886,0.25282
-1.4507,-0.22882,-9.8823,-0.31792,-2.7697,-0.23611,1.3335,0.23781
-1.3661,-4.2618,-6.2556,1.8083,-3.7666,-0.14565,-6.1792,0.10081
-1.3662,-1.7113,-5.9647,4.3088,1.5169,-0.17327,2.0206,-0.061184
-1.3583,-3.074,3.0888,2.2226,4.935,0.23162,-1.043,-0.12716
-1.1025,-0.089821,5.6137,0.9483,6.6504,0.58212,-10.139,-0.23505
-1.4136,-1.5175,-1.0666,-0.44313,4.9144,0.46325,1.9441,-0.25574
-1.3384,-3.1792,3.7916,-1.6605,4.1604,0.36364,-1.9249,-0.14014
-1.3346,0.94582,4.506,-0.6697,2.6786,0.15791,-2.0808,-0.057217
3.7584,-0.087907,-0.27066,1.2717,-1.3098,-0.03515,-6.8118,-0.035094
3.7394,-0.27495,-2.8704,-0.42725,-0.48126,-0.35364,-4.0997,0.16674
3.714,-1.2334,-3.0618,1.9182,1.9603,-0.81584,-4.9058,0.26212
-1.3874,1.067,0.055795,-0.27308,-0.10079,-0.36842,-3.7668,0.11317
-1.134,-1.9238,2.3365,0.75579,-4.5447,-0.12519,2.1047,0.092778
-1.2987,0.71718,3.652,-4.1525,-6.2175,0.046057,4.2078,0.027503
-1.3627,-0.75884,-1.9204,0.21636,-1.0621,-0.029605,4.0768,-0.13571
-1.3536,-1.1,-2.2216,2.0728,2.96,0.13072,4.632,-0.19017
-1.597,0.46474,3.1214,1.0985,4.8398,0.44574,-5.4254,-0.24491
-1.3877,1.3348,3.0059,0.42267,2.7873,0.13932,-4.9302,-0.13478
-1.3111,0.74713,4.579,-2.7579,1.6139,-0.0033574,-2.605,-0.09516
3.7554,2.2884,3.7143,-2.2339,-7.2686,-0.03712,0.47216,0.027795
3.7351,-0.30961,-2.4807,-0.6562,-6.5968,-0.017983,-0.51629,0.052839
3.7298,1.3206,-4.5815,-2.0633,-1.3613,-0.13914,1.3248,0.19057
-1.484,-0.047127,-0.94393,1.6942,-0.10747,-0.21897,-5.0752,0.1996
-1.3759,-0.60814,-5.8836,1.3541,-5.214,-0.20602,1.2152,0.27748
-1.6487,-1.0322,0.28107,1.27,-6.2082,0.035744,4.1251,0.040256
-1.4748,1.563,-1.5857,2.5566,-5.1111,0.034134,7.077,-0.081555
-1.3956,1.2802,0.065322,-3.7372,-3.7892,0.024925,2.2607,-0.19497
-1.3318,-2.4858,8.2155,0.015179,-0.85296,-0.00048231,8.6187,-0.22865
-1.3211,-1.5659,7.0986,0.94694,1.0873,0.007777,-1.6825,-0.13454
3.7614,2.7915,2.3494,0.26642,2.8951,0.10673,3.156,-0.11134
3.743,-0.1585,-3.8468,1.5943,-0.82469,-0.10168,-2.0382,0.02412
3.7273,-1.1976,-1.7477,0.286,-7.8827,-0.049968,-2.5384,0.39493
-1.3895,1.9783,0.33584,1.3553,-6.2076,-0.15973,-5.2976,0.070922
-1.566,0.7098,-1.229,-1.0421,2.4602,-0.11662,-4.1886,0.10276
-1.4279,1.0328,0.75724,-1.0023,4.8623,0.22545,-6.0383,0.22578
-1.357,-2.1083,-1.4857,1.7763,3.8698,0.20262,3.0273,0.1021
-1.348,0.18214,1.084,-0.84065,2.1858,0.044106,1.2696,-0.068656
-1.129,-1.5919,7.3122,1.7199,1.9765,0.078421,2.4427,-0.20417
-1.3211,0.12371,4.973,0.97492,2.3144,0.044992,-0.97339,-0.22104
-1.321,0.25963,3.0825,2.1627,4.3853,0.31845,2.7057,-0.1682
3.7366,-2.3174,-3.1373,-2.4942,4.5323,0.18136,0.63378,-0.14464
3.7412,-0.28183,1.0283,-2.4439,4.9772,-0.30865,-5.5803,-0.053274
3.7364,1.2887,-2.5075,-2.8186,1.7185,-0.32877,-0.93147,0.16878
-1.3757,-0.81323,-2.1263,-0.98785,-3.3869,-0.18049,2.0308,0.22226
-1.3475,-1.0034,-5.193,1.7612,-1.757,-0.096218,2.0741,0.2664
-1.3284,-5.7764,-4.2532,3.4286,3.613,0.13817,-1.6643,0.19748
-1.255,-2.914,2.9516,3.9431,6.1431,0.52055,-1.1698,0.090904
-1.3383,-2.3063,1.9933,1.3314,5.9727,0.55906,-0.56955,-0.056292
-1.3167,-0.97326,9.6464,0.80207,5.2845,0.50758,-0.035018,-0.18509
-1.626,-0.92554,5.9825,0.88703,2.8838,0.16658,0.20878,-0.16238
-1.4503,0.80893,-2.8362,-0.64923,-0.49945,-0.0094925,-1.26,-0.1993
3.7809,0.2996,-2.2726,-1.4818,-4.7604,-0.043736,-4.1414,-0.059261
3.7581,-0.81389,-3.1421,0.51981,1.1244,-0.34886,-3.7972,0.066809
-1.3527,0.43126,-4.2214,1.232,1.3602,-0.54748,-4.9773,0.021127
-1.0549,1.5131,1.2865,1.7837,-3.1256,-0.18493,1.2916,0.066298
-1.304,0.15305,3.1743,-1.1631,-6.863,-0.053093,4.2391,0.35619
-1.3324,1.0515,5.3409,-2.31,-4.3941,0.045422,5.2549,0.35529
-1.3194,0.23348,-2.2888,-2.3378,-0.45324,0.011942,4.1512,0.076982
-1.5642,0.49476,2.794,1.1434,2.4827,0.094189,8.1679,-0.057801
-1.3797,0.032506,3.2247,1.087,2.7724,0.17925,1.4672,-0.15218
-1.2862,2.2612,1.6347,-0.56457,2.21,0.09596,-0.88804,-0.14992
3.9195,-1.2335,4.9865,-3.0287,-2.4434,-0.023611,1.1246,-0.17657
3.7724,0.95801,3.0701,-2.131,-7.0721,-0.014877,-3.4858,-0.14588
3.7495,0.97989,-3.223,1.4421,-5.7987,-0.095853,-0.72931,-0.037284
-1.3453,-0.82487,-4.0993,-0.41273,1.7247,-0.14694,-0.4291,0.22729
-1.3321,0.54347,-6.2403,0.90106,-0.79754,-0.30268,-0.23367,0.16319
-1.5928,-2.4833,-1.4418,2.4707,-6.0019,-0.09034,3.481,0.59774
-1.4136,1.5918,2.6584,-0.58656,-3.2311,0.026234,1.5686,0.19441
-1.2998,-0.63771,0.12891,3.0797,-4.4093,0.058533,8.6045,0.037579
-1.2935,1.3932,2.2869,-0.39149,-1.2698,0.010556,-1.238,-0.042517
0.64801,-1.6973,4.5342,-2.0439,1.3128,0.0054988,-1.7037,-0.1231
3.7728,1.5962,0.85451,-1.6197,3.0227,0.091512,0.52426,-0.21821
-1.3062,1.5284,2.1782,-2.0848,4.7795,0.24137,-2.5323,-0.17392
3.747,0.76802,-0.5211,0.048533,1.5993,-0.151,0.778,-0.15754
-1.3519,1.838,-3.2382,-0.726,-8.3262,-0.077595,1.2139,-0.082991
-1.4863,0.84908,-3.1311,0.73782,-3.5889,-0.18626,-1.9529,0.034537
-1.3884,-1.0129,-5.7822,-0.86142,4.4401,0.086353,-0.16057,0.17818
-1.3291,1.9741,4.2274,-2.2313,6.3299,0.42636,-1.2473,0.49036
-1.3156,-0.64287,-3.0539,2.3877,5.8397,0.54988,-1.5985,0.14939
-1.1056,-1.1618,8.7442,-0.83382,4.0188,0.33398,0.30012,0.14644
-1.2614,0.93957,8.4013,-1.1697,3.2405,0.22829,1.3044,0.0078871
-1.3308,0.35045,5.3331,1.8449,3.339,0.18117,-1.6005,-0.13242
3.7297,2.6245,0.33779,-1.1614,3.13,-0.034174,-1.9621,-0.12707
3.7572,-2.071,-3.9728,3.3962,2.3294,-0.81286,-4.4187,-0.20047
3.7394,-0.98835,-5.3131,-0.0054638,3.1051,-0.80331,-3.1209,-0.16202
-1.346,0.57402,-4.368,-3.0852,-1.5096,-0.3794,1.2506,-0.031978
-1.3342,-0.28421,-2.8288,-3.4347,-5.519,-0.060563,1.7479,0.044297
-1.2282,-1.3703,-4.6323,-0.46915,-3.5974,-0.00041172,-0.70224,0.27507
-1.2545,-4.331,-3.3833,1.9877,3.1514,0.15207,0.29182,0.23231
-1.2946,-4.4889,0.60641,7.7405,5.3376,0.46228,-1.4145,0.229
-1.3085,-1.3535,-0.91296,0.37371,5.1161,0.46393,-1.3069,0.15165
-1.3205,1.7785,-3.564,0.83588,2.8578,0.17011,-2.2511,0.015894
3.7679,3.5415,-0.41508,-0.99071,-0.9967,-0.039623,-4.2215,-0.0808
3.7478,2.0876,-3.7624,0.15282,-5.2645,-0.031036,-0.52296,-0.1874
3.7211,1.3839,1.0463,-1.6824,-3.1376,-0.13289,-4.8744,-0.16864
-1.4868,-0.43019,-5.1998,-0.59996,1.2263,-0.32315,-6.6324,-0.13189
-1.2349,-1.6348,-6.3602,-0.55412,-2.6858,-0.38379,-3.7506,-0.089513
-1.3159,0.45988,0.55573,-0.029126,-7.4489,-0.11653,-0.78368,0.35782
-1.3547,-0.64713,3.0394,-0.62721,-6.7588,-0.0017594,6.3767,0.33146
-1.3394,2.5359,2.5029,0.44646,-4.425,0.037246,1.2111,0.11566
-1.6236,-1.6264,9.85,0.97716,-2.6693,0.032228,-1.2868,0.22272
-1.3621,0.90029,8.218,1.9963,2.2652,0.039627,0.061567,0.19509
-1.3127,2.2072,3.0314,1.3398,2.3103,0.02719,3.6819,0.018644
-1.3463,1.3191,4.375,-1.3484,3.0917,0.12256,-3.3442,-0.066076
3.7326,1.7189,1.913,-0.3905,-6.9183,0.013758,1.4935,-0.18708
3.7068,-0.53566,5.8683,0.72933,-10.079,-0.048986,0.24114,-0.35572
-1.3799,-0.73145,-1.0308,-0.80373,-4.1571,-0.087818,-4.2625,-0.21714
-1.3727,1.4789,0.093369,-0.52581,1.7034,-0.31896,-1.2049,-0.12527
-1.6287,-0.14663,-5.4244,1.0319,1.7175,-0.15753,-10.852,0.12566
-1.3852,-1.2607,-2.7929,0.0088849,0.019471,0.032138,2.8261,0.16182
-1.3233,1.4487,0.51599,-0.336,-0.46957,0.043208,5.3628,0.28587
-1.3311,3.0223,-4.2028,0.10186,-0.87445,0.027845,3.7879,0.2142
3.7821,2.5698,-5.3428,2.0887,-0.31401,-0.017938,-1.0665,0.11298
3.7568,1.5906,-3.1127,-1.5474,3.3586,0.14725,-1.6267,0.00043967
3.7371,0.10399,-3.5918,-3.2897,4.3734,0.11362,-1.4891,-0.077052
3.7089,0.777,1.44,-3.359,4.9018,0.0029382,-1.5599,-0.11222
3.6722,1.0106,-5.8048,-0.91299,-2.0646,-0.197,0.64623,-0.22856
-1.5734,-3.2067,-6.7887,1.1074,-4.1136,-0.17607,-4.5498,-0.1423
-1.4032,-1.8407,-5.5811,0.44053,1.1605,-0.12154,-3.0782,0.022709
-1.3619,-3.2068,0.97974,0.12317,5.2291,0.27234,-4.1027,0.12388
-1.3523,1.5685,1.2292,2.7575,7.1588,0.65573,-4.8158,0.0011698
-1.1741,-2.8874,6.5465,-0.52224,4.1193,0.35263,3.8504,0.092486
-1.2901,-2.817,0.6129,-2.3829,4.1045,0.31842,-1.86,0.20751
-1.3422,1.9705,6.2484,-2.5428,3.2904,0.18497,2.1932,0.14693
-1.3224,1.7588,4.7261,-0.16901,1.721,-0.079456,-2.7429,-0.0099526
3.7329,-0.079391,-1.1775,0.034782,0.24742,-0.35984,-4.2201,-0.053761
3.7092,-1.1949,-0.29717,1.607,3.2386,-0.97308,-1.9775,-0.17951
-1.3836,0.44563,1.9587,1.4939,2.3439,-0.4855,-1.8839,-0.24136
-1.3697,-2.1558,5.1484,0.027113,-3.4397,-0.075946,-0.71269,-0.12561
-1.1881,-0.57105,0.92881,-2.3796,-6.0382,0.027562,0.26927,-0.077466
-1.3189,-1.689,-2.5089,-3.1998,-1.4292,-0.018227,4.6802,0.14644
-1.348,-2.2915,-2.4786,1.7915,3.9032,0.28191,4.8009,0.18212
-1.3449,-0.93286,2.9538,0.78452,4.5202,0.36549,1.996,0.28704
-1.4297,1.3766,3.449,0.088991,3.1673,0.14856,0.70785,0.22566
-1.4265,1.9458,5.1937,0.56041,1.2752,-0.016443,-1.3112,0.051841
3.7515,2.178,0.73418,-2.243,-5.8805,0.0028805,-2.1967,0.060092
3.719,-1.5855,-3.3658,-1.1257,-7.4504,0.010209,1.7724,-0.054126
3.6945,1.2925,-1.6982,-0.10869,-0.4026,-0.22199,0.031834,-0.15537
-1.3479,-1.5735,-1.4343,0.38305,0.50648,-0.29532,-7.1776,-0.2609
-1.3119,0.22874,-3.0221,0.82556,-3.2971,-0.16835,-4.0817,-0.1837
-1.3692,-2.111,1.5129,1.8471,-6.6407,-0.050404,3.812,-0.1764
-1.4663,1.8606,0.076802,2.3156,-5.2288,0.023513,6.5388,-0.037357
-1.4248,2.0899,0.025789,-1.7194,-5.1312,0.029462,2.7488,0.0042851
-1.2743,0.32921,5.4632,-4.6113,0.77171,-0.002921,5.159,0.24112
-1.3212,-0.65298,3.4282,2.3694,0.68581,-0.0013743,0.73708,0.216
-1.3355,2.7714,0.22154,1.1784,3.718,0.23571,2.1631,0.038042
3.7471,1.6983,-2.0922,-0.22492,-1.0756,-0.048376,-3.4732,0.14162
3.7156,1.4217,1.9093,1.6913,-8.015,-0.053927,-5.4009,-0.015112
-1.3932,2.2094,2.3525,-0.38079,-7.8271,-0.03472,-1.358,-0.15369
-1.3828,0.68876,-0.62802,-0.95983,2.2218,-0.074367,-4.6711,-0.13133
-1.5367,2.2059,-4.2963,0.36557,3.8806,0.034653,-1.6203,-0.2353
-1.3709,-4.238,-3.3617,0.25498,4.0558,0.15673,1.458,-0.12522
-1.3333,-0.39137,-2.3286,-0.7819,1.6252,0.066349,3.3501,-0.015915
-1.3287,-2.1621,7.9076,-0.9757,0.99784,-0.0016695,1.645,0.07063
-1.0911,1.214,-2.5319,-1.0392,1.1829,-0.040855,-0.30165,0.20269
-1.2332,0.55373,0.63127,-0.16184,3.0334,0.13286,-3.0972,0.071531
3.7924,-1.089,-2.3859,-1.8238,3.9201,0.0069171,-1.5588,0.082458
3.7425,-1.3894,1.577,-2.9764,5.5011,-0.10889,-3.3065,0.059848
3.713,2.6822,2.0774,-4.5689,2.9821,-0.32408,-2.0361,0.0092256
-1.5796,0.49323,-3.2278,-2.0839,-4.6403,-0.23677,4.7002,-0.11655
-1.3669,-1.0374,-3.7814,1.7664,-2.8582,-0.08484,-1.0738,-0.19726
-1.3479,-4.5693,-4.4868,3.9427,2.2859,-0.071935,-4.8678,-0.13821
-1.3225,-2.1323,-0.22132,3.3205,6.6788,0.5695,-4.513,-0.17353
-1.1757,-0.86342,0.67879,-0.44331,5.8093,0.51795,2.4653,-0.081019
-1.291,-0.92209,6.1768,0.53551,5.1705,0.50057,1.4366,0.14384
-1.3253,-2.2586,5.5904,1.1245,3.4113,0.25332,-0.2136,0.20605
-1.3117,0.42353,-0.096242,1.438,1.9035,0.020426,-5.2065,-0.013092
-1.3883,0.64653,-1.4654,1.1919,-4.435,-0.018053,-5.7517,0.22552
3.7499,1.1575,-1.7984,-0.6958,-1.337,-0.42932,-5.1079,0.062161
-1.312,0.16544,-5.0751,2.513,1.8721,-0.63502,-3.151,0.032517
-1.348,-1.9455,-2.1466,2.1528,-2.6439,-0.23982,0.70194,-0.075762
-1.1095,-1.3621,3.5923,0.25235,-6.8548,0.010427,0.089277,-0.21191
-1.2683,0.24745,3.986,-2.2802,-4.7674,0.013033,4.2384,-0.22152
-1.3264,0.76676,0.030831,-2.6632,-0.19427,0.015741,3.4052,-0.14004
-1.3258,-2.7593,-0.63607,6.6472,3.6731,0.21404,2.885,-0.10132
-1.4884,-1.6688,4.8444,0.27278,3.5276,0.21751,-0.29669,0.038869
-1.3556,0.34892,2.4146,-1.4312,2.0581,0.021761,-3.9587,0.13642
-1.2919,0.25069,4.4934,-2.1893,-1.5564,-0.053748,-1.7227,0.068294
3.7829,1.8585,0.90706,-3.2379,-6.0519,-0.0014514,-5.5587,0.1608
3.7544,1.7883,-2.1938,0.71993,-5.9212,-0.093613,0.29579,0.16411
-1.1602,0.20186,-3.2851,-2.0623,1.0179,-0.13472,0.56069,0.067418
-1.4021,1.7834,-4.005,0.684,2.0292,-0.30001,-0.95274,-0.087688
-1.3322,-2.0204,-2.5422,2.983,-5.8432,-0.038686,0.89933,-0.21023
-1.3891,-0.067222,2.1738,0.74599,-5.1852,0.033158,5.9691,-0.21826
-1.4187,0.1251,0.30254,3.6976,-5.6654,0.066253,5.7772,-0.20541
-1.3022,-0.91491,0.20761,-3.6083,-1.4311,-0.024426,1.1114,-0.063837
-1.2832,-1.1606,9.4332,-1.3467,1.1286,-0.022058,5.0265,0.057074
-1.1505,0.21187,4.5915,-0.68522,3.346,0.21149,1.6625,-0.013701
-1.0215,1.6735,0.72096,-0.64552,4.6109,0.26727,4.8118,0.14235
3.7786,1.8716,-0.77741,-1.6512,-0.22008,-0.1461,-3.6708,0.093702
3.7384,1.182,-4.3431,0.33819,-7.3248,-0.083634,0.7042,0.14082
-1.3441,-0.58123,-2.3567,0.6672,-4.3329,-0.12102,-2.113,0.005575
-1.5527,-0.44934,-1.2922,0.090469,4.9427,0.09526,0.56959,-0.073961
-1.3304,1.741,1.5124,1.3674,5.9976,0.39842,3.479,-0.19383
-1.2989,-2.9891,-1.1332,0.59184,5.6812,0.50983,2.4362,-0.21412
-1.2888,-0.74861,8.1644,-1.9824,3.5517,0.28492,-0.73991,-0.13697
-1.0428,1.8406,4.7721,-3.0725,2.7289,0.13076,5.5243,-0.11638
-1.1973,-0.15598,-2.1732,0.27055,3.1069,0.14358,-1.0571,0.027771
3.8084,2.2181,0.24678,0.74952,4.7679,0.31582,-0.12151,0.046828
3.7873,-1.9874,-4.0884,-0.72103,2.9139,-0.47036,-4.8744,0.14537
3.7706,-0.82111,-3.664,-1.8478,3.4665,-0.59399,-3.2172,0.45677
-1.4444,1.0853,-2.708,-2.633,-1.7786,-0.36752,0.33139,0.2032
-1.3196,-1.3439,-5.1952,-1.8499,-4.9322,-0.077409,1.4572,0.022222
-1.3157,-0.67314,-3.0905,-0.3751,-2.1079,-0.025613,-1.3484,-0.074545
-0.96559,-4.4385,-2.9273,4.502,3.8435,0.25477,-1.5682,-0.20081
-1.2192,-3.6899,-0.017811,1.0234,6.2548,0.53429,-3.2441,-0.25143
-1.3239,-2.9627,-3.3874,0.82052,6.1114,0.59178,-1.9081,-0.25056
-1.2974,-1.0871,1.1355,2.2428,4.4361,0.37149,-1.3111,-0.12682
-1.3343,0.64454,-0.9232,-0.92527,1.7907,-0.061878,-3.4993,-0.077831
-1.4081,1.4702,-1.6327,1.8708,-5.3369,0.0057555,2.3291,0.083919
3.7817,0.41229,-1.549,0.34975,-2.2348,-0.11156,-2.8873,0.060846
3.7545,1.016,-3.1238,-0.28118,1.4164,-0.34126,-8.4584,0.26774
-1.3374,-1.0039,-6.4275,2.0493,-0.64895,-0.48837,1.9194,0.036508
-1.164,2.3164,5.1269,-0.8337,-6.1133,-0.12437,1.5114,0.10473
-1.2576,0.8619,1.9092,0.12082,-6.1795,-0.006964,7.664,-0.028863
-1.3156,2.7995,3.7465,-0.41922,-3.112,-0.019228,1.6336,-0.16739
-1.3135,0.52744,6.5532,1.4119,-0.33321,0.017198,0.35259,-0.13369
-1.4023,0.70046,3.7619,0.63102,2.5434,0.12033,3.2519,-0.23245
-1.3212,0.87987,5.1249,3.6272,2.3945,0.061286,-0.066992,-0.13096
-1.4646,-0.039209,3.2058,0.38699,2.1879,-0.006104,3.4113,0.013631
3.7901,0.65462,3.703,-1.913,-6.2855,-0.031235,-1.767,0.11025
3.764,-0.295,1.2929,0.59312,-8.3909,-0.044031,-2.8475,0.28176
-1.263,1.8658,-2.3433,0.22233,-3.0463,-0.037312,-3.9893,0.29554
-1.3549,-0.24413,-0.48851,-1.2147,2.4648,-0.10315,-5.5374,0.12987
-1.3457,-0.098291,-5.3552,0.26496,-0.027624,-0.17762,0.77341,0.08645
-1.5927,0.22454,-0.53235,1.0559,-3.6985,-0.042831,1.5583,-0.0071294
-1.3844,1.5479,2.0883,-0.14828,-0.96399,0.0065384,0.94741,-0.13734
-1.2889,4.304,-1.6454,2.8148,-2.1038,0.024385,7.271,-0.22308
3.799,-0.5617,-8.0271,-4.4736,-0.47815,0.051377,0.80641,-0.16973
3.8345,0.73543,-3.4165,-2.5871,2.3655,0.01972,-2.421,-0.14184
3.7926,0.24002,-2.0451,-2.2947,4.4543,0.15708,-2.1957,-0.075908
3.756,1.06,0.28722,-3.477,4.622,0.081912,-0.49577,-0.0078109
3.7341,1.7692,-5.996,-2.1155,-0.85983,-0.13279,-3.6139,0.26088
-1.3656,1.1932,-1.5106,0.65046,-6.5889,-0.15317,-1.1372,0.1177
-1.4938,-0.82795,-7.0332,-1.4897,-0.53531,-0.19744,-0.11591,0.19621
-1.3259,-3.8581,-1.5448,5.1659,5.772,0.25936,3.0113,0.25173
-1.3297,2.411,4.0206,-4.3042,6.8655,0.61632,-1.1569,-0.022535
-1.3163,-5.3019,13.538,4.1773,3.7522,0.31856,7.7253,-0.071114
-1.0523,-0.65823,8.7691,0.60648,4.4144,0.3989,1.7278,-0.20619
-1.2354,1.7865,8.236,-2.1873,2.9154,0.18844,-1.557,-0.21617
-1.3572,-0.60745,4.9663,0.39189,3.0647,0.12235,-0.43737,-0.1865
3.7578,-0.60833,0.32118,-0.21884,2.1802,-0.17198,-4.3539,-0.045535
3.7321,-2.1178,0.013352,1.2282,3.3215,-0.8378,-2.3267,0.031422
-1.4134,0.025615,1.0335,2.4739,2.9912,-0.49534,-2.2966,0.24827
-1.3627,-3.1012,-1.6615,-0.019382,-1.7959,-0.11679,0.24375,0.23155
-1.3558,-1.8397,2.1781,-2.5003,-6.3126,-0.010352,3.9138,0.28137
-1.1064,0.68638,-3.243,-1.6092,-0.84036,0.0307,8.1883,0.19558
-1.2182,-2.052,-2.4198,4.3302,5.0788,0.41798,-2.0055,0.045002
-1.3229,-0.23643,-1.9739,2.5484,5.6308,0.50824,1.6074,-0.12298
-1.3324,1.7766,-7.0959,-5.2783,4.5711,0.41811,-3.3156,-0.20035
-1.643,1.8957,-0.78735,-1.5111,2.4593,0.048175,-0.33478,-0.19682
3.6315,4.4935,-0.67333,-3.7476,-4.9185,-0.063521,-2.1505,-0.13624
3.747,-3.0252,-4.6457,0.61695,-4.6008,-0.0036911,-5.7002,-0.06352
3.7258,-0.86321,-3.2026,0.27868,-0.43403,-0.17417,-3.3415,0.068659
-1.3487,0.2869,-5.0916,-0.63427,1.5047,-0.25639,-7.1596,0.10621
-1.1467,0.30761,-3.599,0.58876,-2.7278,-0.18817,-2.5838,0.13775
-1.4287,0.92659,0.60656,1.2047,-6.446,-0.029714,5.659,0.31907
-1.3586,1.0699,2.7015,2.1226,-4.9819,0.043535,7.7335,0.15316
-1.3513,2.5238,1.2892,-0.22376,-4.6494,-0.017797,3.4701,-0.0052554
-1.4292,0.00063972,3.0493,-1.2397,1.9818,0.082284,6.1672,-0.078804
-1.383,0.90848,2.3195,-0.38054,1.9963,0.0038431,0.72761,-0.18533
-1.3217,0.80275,1.8397,0.075741,3.9861,0.30307,4.3987,-0.14481
-1.3255,1.7498,0.014103,-0.96494,2.034,-0.01394,-0.84846,-0.12035
3.7432,1.9256,2.8365,-0.35875,-7.0888,-0.078102,-1.8705,-0.10054
3.7604,2.1548,1.8875,2.1967,-8.1333,-0.031793,0.18948,0.0087389
-1.3694,-0.34076,1.8697,-2.544,1.9711,-0.038352,-4.9632,0.093459
-1.3549,2.2467,-4.1865,-0.21229,3.3683,-0.029252,5.4097,0.24757
-1.5848,-3.3342,-4.8141,1.4924,3.4817,0.14375,-1.2707,0.36059
-1.3983,1.5627,-1.8296,0.5032,1.1601,-0.043319,8.649,0.096428
-1.323,1.0051,4.5943,-4.0798,0.89757,0.039576,3.9718,0.028087
-1.3102,2.7299,-1.8976,-0.2295,1.5698,-0.026069,1.7257,-0.087152
-1.1594,1.3374,2.2034,2.6591,2.3808,0.090511,1.7124,-0.15411
3.7691,0.0090525,-0.88035,-1.2473,5.2948,0.34978,-1.4876,-0.15856
3.7574,-1.2091,2.2618,-3.8571,6.1662,0.15175,-3.1364,-0.22449
3.7421,-0.84581,-0.82728,-3.3499,3.3303,-0.2182,-0.92636,-0.064469
-1.6337,1.4706,-7.177,-1.4385,-3.9302,-0.15403,6.325,-0.026332
-1.5321,-2.7909,-5.0149,1.128,-3.1102,-0.13724,-4.5025,0.0067188
-1.3634,-1.4781,-6.7248,3.0696,2.3046,-0.024535,-2.6881,0.36536
-1.3283,-2.7274,2.1255,2.0737,6.1577,0.4855,-2.4121,0.41379
-1.3165,1.894,1.3364,-0.089886,6.2857,0.63587,-3.176,0.070362
-1.1036,-0.46576,7.7745,1.1579,5.1427,0.49242,6.2225,0.14751
-1.3126,-1.4258,4.0969,2.3387,3.9771,0.32854,-0.54967,-0.051059
-1.3005,-0.61447,1.9142,1.7052,2.7498,0.12003,-4.1312,-0.10365
3.7719,0.1185,-0.68383,0.43057,-2.7775,-0.028155,-7.1968,-0.1322
3.7465,0.18338,-3.8863,3.4448,-0.26437,-0.63956,-4.3177,-0.17416
3.7299,-1.2809,-5.4134,1.7315,1.4823,-0.8188,-3.7441,-0.13347
-1.3459,-2.0308,-1.7681,-0.54293,-0.29532,-0.36348,-2.8186,-0.028644
-1.3349,-0.73886,4.6414,-0.21954,-4.5527,-0.09068,-1.3921,0.095771
-1.1344,0.29944,4.1535,-2.8308,-4.6231,0.024373,4.1452,0.21705
-1.2518,-1.1922,-2.0445,0.34393,-1.0943,-0.0043007,5.001,0.32606
-1.3224,0.011005,3.0234,3.9926,4.3437,0.32658,4.3036,0.10843
-1.3106,-1.0566,2.5278,1.6767,5.1242,0.45727,-1.7166,0.11059
-1.6417,0.58796,4.4856,-0.42564,2.4766,0.058725,-2.2576,-0.016986
-1.3639,0.14627,2.895,-2.9303,1.1606,-0.047105,-1.0538,-0.13159
3.7476,1.1945,3.3697,-2.4019,-6.4461,-0.0051671,-0.36616,-0.19117
3.765,-0.62454,-0.3918,-1.7664,-6.7643,-0.077101,0.047349,-0.19541
-1.3095,0.89994,-3.2434,-2.1747,0.37957,-0.16855,4.1246,-0.11784
-1.1974,0.55435,-1.5863,1.2205,-0.035177,-0.40283,-1.2503,-0.044245
-1.3293,0.066921,-4.5071,2.728,-5.0152,-0.11627,0.197,0.18993
-1.3134,-1.2848,0.71557,0.96089,-4.4198,-0.029611,4.6553,0.35891
-1.5478,-0.21544,-1.1733,1.9628,-3.8593,0.0051651,5.4604,0.17037
-1.5237,2.3671,2.605,0.097013,-3.8195,0.037079,5.7643,0.20556
-1.2706,-1.3659,9.5169,-1.3394,-0.34467,0.037721,4.1404,0.12812
-1.271,-0.65015,2.5672,1.2289,2.6745,0.16281,-0.096154,-0.031589
-1.2555,2.8245,1.6591,0.17993,3.6171,0.21304,-0.30904,-0.081165
3.7885,1.9054,0.081067,0.43914,1.5398,-0.18049,2.6139,-0.15732
3.7685,0.73589,-2.8593,-1.3198,-8.1226,-0.099568,1.0795,-0.23496
-1.315,-1.558,-1.4154,3.0109,-4.6909,-0.16397,-1.6098,-0.16978
-1.3029,-0.5266,-1.4561,-0.48443,3.7663,0.014175,-1.7895,-0.085327
-1.4805,-0.82804,0.30422,-1.1336,5.7137,0.22812,-0.46361,0.31396
-1.3136,-1.5529,-1.9508,-0.58969,5.2776,0.48412,-2.5787,0.13162
-1.2781,0.92854,1.053,0.89896,2.6345,0.14694,6.3884,0.064108
-1.2831,1.2161,8.3258,-0.20452,1.6529,0.028544,3.9143,0.15462
-0.98007,0.79733,-1.3293,0.91835,2.7313,0.11755,1.6542,0.13539
3.7495,2.0375,-0.32006,0.7621,4.0838,0.2799,0.14944,0.011562
3.8191,-1.204,-2.4602,-2.1817,3.2376,-0.26789,-2.2942,-0.089416
3.7856,-0.77871,0.95367,1.7511,4.1744,-0.48129,-3.0996,-0.19516
-1.7075,1.4281,-3.5359,-4.2196,1.9195,-0.28039,-1.6717,-0.29758
-1.3897,0.56658,-0.68389,-2.1127,-1.9313,-0.1473,-0.22354,-0.17146
-1.3031,-3.2544,-5.6587,-0.39993,-3.1809,-0.08656,4.2017,-0.08136
-1.2839,-5.8819,-2.4616,3.1521,3.6693,0.25051,-0.2622,0.14744
-1.1379,-1.9723,-0.37325,5.0055,5.9874,0.51456,-2.7496,0.12612
-1.1632,-2.4461,-2.4139,-4.3383,6.2569,0.61143,-8.2583,0.27044
-1.2458,-0.51748,7.4505,1.3161,4.8429,0.4395,-1.2223,0.20468
-1.2554,0.79342,1.0036,-0.37028,2.3997,0.1292,0.41159,0.115
3.8108,1.8167,-0.7133,2.4793,-3.1051,-0.059267,-0.22907,-0.037138
3.7981,0.99557,-0.78552,-2.2003,-4.4392,-0.12067,-7.4679,-0.076346
3.7716,1.1916,-2.6838,-0.026961,1.6957,-0.33701,-3.218,-0.18129
-1.3128,-1.0413,-1.9691,1.2393,0.41847,-0.4879,-6.4175,-0.2343
-1.2919,0.8592,2.7536,1.3235,-5.2114,-0.13461,1.7016,-0.11614
-1.1087,-0.10631,3.5052,-0.68661,-7.3429,0.018109,6.2618,-0.066051
-1.2512,2.4328,4.512,-2.2587,-3.8728,0.040525,5.8768,-0.016913
-1.2791,1.1803,4.2983,-0.80589,-0.69648,-0.0085491,1.5371,0.12824
-1.2689,0.95243,0.98564,1.0697,3.082,0.23613,6.3694,0.20278
-1.3694,0.066041,1.0442,3.1416,1.9938,0.029186,-0.053558,0.22883
-1.2728,1.3438,5.3223,-1.5293,1.4129,-0.045867,-0.95196,0.060214
3.8055,0.46058,3.6966,-3.342,-2.6842,-0.0026514,-2.1931,0.026019
3.7737,1.1479,3.7595,0.12529,-6.8319,-0.056353,-2.4087,-0.060381
3.2821,2.1289,-4.4334,-0.51881,-4.6431,-0.12751,1.3007,-0.16511
-1.3308,0.53303,-1.2581,0.5701,1.6401,-0.23621,2.5915,-0.21568
-1.303,-2.3941,-5.4191,3.0581,-0.8735,-0.31898,1.0281,-0.15914
-1.3023,-2.0562,-0.64511,2.8537,-4.014,-0.042279,2.2438,0.0031655
-1.5344,-0.88353,4.2317,-0.86484,-2.6036,-0.0033317,2.0216,0.028136
-1.3875,1.4612,-0.029664,2.8068,-3.7037,0.046699,7.7329,0.08808
-1.2392,1.1889,-2.902,-3.6258,-1.6883,-0.004904,1.1708,0.31608
3.8165,-1.6212,-1.8616,-2.3758,2.2201,0.037702,-0.5417,0.1773
3.7932,1.3184,-1.7885,-1.9295,3.9518,0.19913,-5.1435,0.018717
3.7941,2.2678,0.63489,-2.869,5.1245,0.22061,-3.9702,0.088153
3.7631,1.0824,-2.0751,-2.1273,-0.31402,-0.2379,1.7173,-0.0468
-1.329,1.1069,-4.638,0.57502,-6.1991,-0.16059,-1.3642,-0.18007
-1.3158,2.2718,-2.6429,0.027364,-1.5437,-0.18711,1.564,-0.091265
-1.4188,-1.3158,-1.2282,1.827,5.4272,0.26364,-2.0837,-0.20724
-1.3389,2.307,4.1163,-1.3833,6.5311,0.52503,-2.4034,-0.16608
-1.2831,-2.4982,6.2659,2.1373,4.839,0.44381,5.4108,0.031276
-1.2881,-1.006,9.2081,3.124,4.324,0.41889,0.37005,0.059702
-0.99178,0.55015,13.405,-0.4972,3.0913,0.16153,0.10204,0.22055
3.8071,0.14859,2.7608,0.67167,2.7396,0.12148,1.9589,0.068148
3.7899,2.1299,1.0054,-1.0297,2.6258,-0.048607,-4.9972,0.14661
3.7557,-3.6973,-4.9149,2.6578,3.6833,-0.60278,-3.9732,0.023926
3.7396,0.30982,-0.7,1.4027,2.4625,-0.76991,-3.0684,-0.034242
-1.4702,0.14034,-1.1053,-0.76942,-1.9461,-0.28295,-0.40815,-0.12237
-1.3339,-1.8118,-0.75616,-1.9424,-6.9634,-0.04837,4.0018,-0.22106
-1.3278,-0.63068,-1.941,-1.2095,-2.0511,-0.00033471,5.059,-0.19682
-1.1389,-4.8509,-3.9449,1.912,4.4852,0.41187,-0.10018,-0.16206
-1.2492,-2.4025,-0.38123,6.3751,5.4432,0.50493,-2.3749,-0.096815
-1.2233,0.033803,-5.626,-6.6968,4.5044,0.41638,0.70302,0.19816
-1.3056,1.4394,-7.1296,-2.3444,3.0885,0.21542,-3.3844,0.1966
3.7728,4.3625,-1.5746,-3.1751,-2.2821,-0.013208,-5.2914,0.1094
3.763,-0.18227,-3.8838,1.1588,-6.307,-0.07533,-4.3842,0.22087
3.7335,0.46464,-0.91234,-0.24789,-1.3183,-0.23652,-5.4069,0.16479
-1.3667,0.12055,-6.4569,-0.51799,1.1532,-0.37064,-4.1233,-0.0098553
-1.3463,2.3613,-4.2542,0.5723,-2.2068,-0.37822,-2.9347,-0.072379
-1.1269,1.7465,2.6689,-0.64666,-7.2044,-0.065081,3.6776,-0.20974
-1.3018,0.76971,4.1117,0.075522,-6.8115,0.038754,7.6362,-0.23245
-1.3292,-0.81848,1.0082,-1.1048,-5.9095,0.034544,6.2642,-0.18918
-1.3217,-1.8809,5.3962,-2.8987,1.2168,-0.008517,-1.9146,-0.061135
-1.4342,0.93164,1.5588,-1.5448,1.5949,-0.003967,3.9564,0.066833
-1.3097,1.9507,4.2129,-0.88068,2.493,0.1299,3.6207,0.026725
-1.2299,2.9409,2.6988,-1.64,1.6719,-0.020697,-0.76201,0.23318
3.7476,1.7904,3.7578,-3.2581,-7.816,-0.05523,0.061747,0.040719
3.7225,1.3744,2.4416,0.22024,-8.0745,-0.028148,1.2493,0.16995
-1.2436,2.0338,2.7983,-0.89546,-3.0713,-0.093491,-2.747,0.064667
-1.3576,0.65263,-5.8284,1.4164,2.6505,-0.12999,0.87237,-0.11509
-1.3531,-0.8925,-4.105,1.9698,0.061262,-0.068931,-3.6378,-0.27606
-1.4049,-1.731,-2.6335,1.0544,0.63492,0.047585,-0.9153,-0.2371
-1.3914,2.8589,0.48141,1.0991,-0.043571,0.047726,1.9139,-0.17737
-1.276,2.823,1.8492,4.8265,-0.96829,0.006962,3.7806,-0.057582
-1.3024,-0.75672,-3.877,-1.0129,1.3368,-0.042158,-2.5827,0.055954
3.7606,0.15978,-1.6834,-2.1642,4.9188,0.34939,-3.1001,0.11712
3.774,0.22111,-0.94464,-2.5857,5.7813,0.35038,-3.5622,0.23072
3.7467,-0.52602,-4.1124,-2.2567,3.4944,-0.079058,4.7043,0.29663
-1.3704,2.514,-3.929,-2.0125,-3.0464,-0.11646,-1.5402,0.15645
-1.3524,-1.3139,-6.2671,0.66577,-3.2643,-0.22229,-1.8074,0.010929
-1.5529,0.03047,-3.3987,1.0236,2.0256,-0.060813,2.0986,-0.086812
-1.3324,-2.54,3.7888,1.6551,6.1001,0.43391,-1.0326,-0.19587
-1.3245,-1.4814,8.0504,2.4798,6.1664,0.62434,2.7985,-0.22437
-1.3247,-2.2744,0.1085,-3.2018,4.6066,0.4286,0.7969,-0.10553
-1.1415,-1.7041,2.7408,-1.7737,3.5517,0.31622,0.91224,-0.059115
-1.2294,0.13778,2.9359,-1.4247,2.6698,0.11652,-3.0652,-0.026454
3.7833,0.27603,0.1754,2.0295,0.40766,-0.13513,-3.394,0.027065
3.7547,-1.1335,-3.1466,0.52091,0.37372,-0.53441,-5.764,0.10721
3.731,0.24543,-2.9203,1.4174,2.7255,-0.84896,-1.9175,0.25852
-1.4185,-0.41486,3.4672,2.3865,0.40517,-0.40828,-1.2637,0.16073
-1.3515,-0.018003,5.2918,-0.59175,-4.7458,-0.072698,-0.66859,0.050089
-1.3438,-0.27085,-0.86808,-1.3417,-5.0228,-0.030876,2.3809,-0.058069
-1.0748,1.0135,-1.7748,-4.3672,0.61454,-0.042414,1.2521,-0.1903
-1.2586,-2.4383,-6.4805,6.0526,5.7076,0.56482,-9.178,-0.20609
-1.3149,-0.90635,3.5731,0.94487,5.2622,0.49114,-7.2096,-0.18312
-1.3174,-0.1104,2.0497,-0.57869,3.0714,0.20383,-2.7183,-0.12507
-1.4679,0.25198,3.9954,-1.2758,0.77358,-0.056109,0.4454,-0.049988
3.7807,3.3627,0.50517,-3.1487,-7.6902,-0.00183,-1.4233,0.10439
3.7532,-0.11569,-1.75,-1.7149,-4.9667,-0.1066,2.1693,0.14583
-1.1318,1.0875,-2.1853,-0.19408,2.0305,-0.10851,1.0882,0.24365
-1.1538,-0.6393,-0.48904,1.29,-1.7106,-0.36022,-2.1737,0.10417
-1.1366,-0.94712,-3.9723,3.2483,-4.1502,-0.17253,0.88426,0.20889
-1.3224,0.37348,0.99959,1.2254,-5.019,0.022255,5.1376,-0.049867
-1.3323,0.38087,0.37416,1.8379,-5.0893,-0.041792,5.9853,-0.13164
-1.3264,1.412,1.5785,1.2025,-4.3287,-0.0095502,3.9078,-0.11757
-1.4121,0.13792,5.9544,-0.26817,0.32572,0.0059223,7.7545,-0.2095
-1.3099,-1.6181,5.31,-0.085191,1.7247,0.0051651,-0.76693,-0.13967
-1.2717,2.2533,0.30744,1.5097,3.2811,0.15905,1.6902,-0.065808
3.7913,0.9844,-3.8629,-0.40398,-1.8135,-0.13402,-6.0249,0.025313
3.7714,-0.10569,-2.3788,1.9798,-7.1255,-0.096828,-5.4328,0.35064
-1.2725,0.24808,-0.21177,2.9168,-6.7865,-0.12619,-2.872,0.26475
-1.3412,0.70514,-1.7343,-1.4546,3.0356,0.011801,-4.9226,0.095674
-1.3297,0.16371,-1.1057,0.88824,3.8578,0.08016,-3.5813,0.10064
-1.4368,-2.6144,-1.5966,0.50767,3.8036,0.22767,0.076132,-0.01611
-1.2867,0.18491,-0.27293,-0.97411,1.6394,0.064899,-0.3991,-0.14201
-1.2833,-0.32763,5.3116,1.0207,1.3945,-0.032018,1.4506,-0.22145
-1.276,-0.85347,3.0243,-0.42221,1.6935,-0.010622,-0.55288,-0.16017
3.7953,-0.14679,0.94152,-0.34933,3.9016,0.26769,-0.12142,-0.1193
3.7796,-1.7053,-2.0906,-0.84055,3.3069,-0.14688,-2.3738,-0.079243
3.7556,-0.072321,0.59016,-0.9264,4.4816,-0.491,-5.8104,0.0023137
3.7236,1.697,-1.879,-4.6016,2.0743,-0.3425,-0.27943,0.23859
-1.3534,-0.69311,-2.6897,-2.1232,-3.7446,-0.23106,-0.46474,0.26803
-1.4149,-0.63006,-5.3686,1.2085,-2.267,-0.10015,2.2937,0.30763
-1.2945,-5.24,-4.3209,3.9911,3.6412,0.1882,-3.5157,0.17655
-1.3167,-2.6046,2.7602,3.9813,6.3249,0.60408,-3.4529,-0.023022
-1.3139,0.037078,-0.38006,0.18485,5.7655,0.54903,-6.5904,-0.075908
-1.1606,1.1777,10.122,-2.7415,4.7875,0.44053,2.167,-0.22009
-1.2748,-3.8424,7.4633,2.7539,2.8457,0.13671,0.32746,-0.191
-1.3137,0.25751,-2.1068,-0.16427,0.01398,-0.068014,-3.5896,-0.12617
3.7651,0.50838,-2.7152,1.0799,-4.7338,-0.12942,-4.8366,-0.068875
3.748,0.14793,-2.8921,-1.6673,0.71403,-0.39084,-2.8864,0.14939
-1.4407,-0.42347,-3.7212,1.8355,0.36862,-0.44959,-4.6436,0.18794
-1.3484,1.1035,2.1897,2.3571,-4.5094,-0.17967,0.70165,0.072528
-1.3475,0.37093,2.3047,0.25613,-6.21,0.0076101,2.7533,0.1609
-1.1315,2.975,5.437,-0.87049,-4.7746,0.034897,5.7145,0.18256
-1.2519,-0.33729,-1.0018,0.60773,-0.10429,-0.015782,2.3526,0.041814
-1.3248,1.9219,2.8303,4.9708,2.7033,0.12982,9.1506,-0.14418
-1.3197,-1.1034,1.9606,0.088908,2.8691,0.17391,2.6966,-0.18701
-1.3386,0.75833,0.39824,-1.4192,2.089,0.058045,-4.7608,-0.16516
-1.3821,-1.5362,4.402,-1.3476,-2.9421,0.00071776,-0.3042,-0.2114
3.7742,0.82229,3.3194,-1.2458,-8.3909,-0.009961,1.2044,-0.11495
3.7542,1.4449,-4.3293,0.69382,-6.0155,-0.070208,-1.8116,0.079952
-1.1042,0.19277,-4.5213,-0.43735,1.7943,-0.18101,-0.2241,0.21758
-1.102,0.31067,-6.9688,1.3219,-0.26783,-0.27452,0.94409,0.28283
-1.3446,-3.6615,-2.768,3.3293,-4.8984,-0.079777,-0.26805,0.37945
-1.323,0.45474,3.1694,-0.65935,-2.6856,-0.0031327,2.4328,0.12963
-1.3953,0.2821,-0.22352,2.57,-4.7984,0.050145,9.5527,-0.013579
-1.5111,1.4277,0.61775,-0.35324,-1.64,-0.0294,0.73746,-0.10572
4.0902,-1.3724,4.496,-0.91751,2.173,0.060368,-0.2355,-0.19025
3.5647,0.19341,0.17562,-1.1899,3.2885,0.1556,1.9292,-0.20049
-1.3404,2.4008,1.5561,-2.5614,4.9026,0.23335,0.15447,-0.075251
3.7703,1.0852,-0.34066,-2.439,-0.21926,-0.13464,-1.4663,-0.079948
-1.3085,2.1439,-2.9037,0.64895,-7.9917,-0.15889,2.4487,0.096793
-1.3392,0.73532,-3.4891,-0.504,-1.6779,-0.21249,-2.7083,0.11446
-1.3305,1.5669,-3.1127,-0.22139,5.2129,0.26781,1.9146,0.14948
-1.4957,1.4902,2.2639,-2.2022,6.4954,0.45999,-2.6233,0.35322
-1.3008,-1.4841,-0.87209,-0.789,5.4198,0.52041,-1.3092,0.21449
-1.2912,-0.089159,9.7753,0.61012,4.0979,0.35789,3.1722,0.021346
-1.2748,0.67907,7.5705,-2.4031,3.8271,0.31967,-1.7142,-0.072793
-1.1051,1.5942,2.6595,0.49623,3.6193,0.27756,-1.3673,-0.13515
3.7798,4.1721,1.3782,-0.51795,2.7064,-0.12338,-1.0754,-0.17506
3.7583,-3.828,-6.4292,3.7603,2.8358,-0.65005,-2.7569,-0.15016
3.7398,-0.76068,-3.7702,-1.9967,2.6489,-0.61698,-2.6625,-0.069751
-1.519,0.12343,-4.4441,-1.7938,-2.2865,-0.33937,4.3764,0.013923
-1.3631,0.35244,-1.2423,-4.4201,-5.2476,-0.10495,0.16119,0.13534
-1.2192,-2.182,-5.8413,-0.074799,-1.9141,-0.062065,-2.5897,0.50382
-1.3118,-4.1079,-2.6855,4.6115,4.4877,0.39545,0.50568,0.20064
-1.2393,-3.8658,0.439,5.8347,5.0676,0.42952,0.9152,0.12152
-1.1199,-0.86006,0.072138,-0.56937,5.4631,0.52915,0.49006,0.06474
-1.3626,1.1266,-0.66278,-1.3805,3.8351,0.28129,-0.69824,-0.06094
-1.0738,1.8109,0.3392,-1.8455,-0.75024,-0.030105,-4.2176,-0.13897
3.77,2.5619,-2.8975,0.061206,-5.7779,-0.06415,0.041916,-0.11524
3.748,2.1261,0.23878,-1.6095,-1.7914,-0.14947,-5.2399,-0.18716
-1.3416,-1.1041,-4.4875,-0.87663,0.81797,-0.45923,-7.3914,-0.088686
-1.3385,-2.9286,-7.7346,1.9025,-1.8634,-0.37449,-3.8024,0.01677
-1.3357,3.6299,0.94306,0.16869,-7.7384,-0.066794,2.3806,0.16735
-1.0471,-1.1862,2.6726,-1.1133,-7.3207,-0.0022985,5.4982,0.38196
-1.3057,1.4485,0.99451,0.10544,-5.0717,0.048515,2.6866,0.38717
-1.3195,-2.7956,7.907,-0.0097158,0.89504,-0.00090587,-0.43752,0.19911
-1.3029,1.1375,7.5161,1.6831,1.6289,0.014926,3.2708,0.036338
-1.4528,1.6498,5.4084,1.574,1.3542,-0.001753,3.672,-0.044707
-1.2732,2.0394,5.8428,-1.359,0.60258,0.0022965,4.0638,-0.11806
3.7551,-0.055026,2.5172,-2.0729,-6.3645,-0.028392,0.4697,-0.20568
3.7334,1.0378,5.324,-0.16423,-9.5322,-0.046509,0.657,-0.17175
-1.0798,-1.3599,-0.90919,2.2764,-2.494,-0.091014,-2.4823,-0.10755
-1.2128,1.0681,-1.5878,-1.8479,3.2273,-0.048094,-5.3217,-0.029788
-1.374,-0.60798,-4.9625,-0.19649,-0.48548,-0.18087,-2.7323,0.26222
-1.3406,0.21087,-1.608,0.51957,-0.45931,-0.018426,1.2682,0.19643
-1.556,1.5611,-0.020985,-1.2987,-1.4191,-0.017219,1.4472,0.29089
-1.3474,4.9645,-4.2891,2.0493,-1.1592,-0.017726,4.452,0.22109
3.779,1.3215,-6.2622,-3.1955,-0.28711,0.022698,-0.74265,0.06861
3.7486,0.36067,-2.5035,-4.4077,3.4314,0.19299,1.2044,-0.038574
3.7121,0.31748,-0.95505,-2.1522,5.1854,0.28638,-3.4348,-0.10638
3.7296,2.0462,-0.33881,-0.92898,3.403,-0.089179,0.78638,-0.16131
3.7275,1.8626,-3.2992,-1.3828,-2.0311,-0.16478,-3.6528,-0.21607
-1.3659,-3.7465,-7.2508,2.5824,-4.9691,-0.24339,-0.79421,-0.14014
-1.3548,-1.3107,-6.034,-0.21249,1.7118,-0.15655,2.2575,0.017671
-1.4495,-2.6685,0.6598,1.4157,5.652,0.37678,-4.1673,0.26
-1.3369,1.3955,3.8127,0.06269,6.2232,0.56817,3.2446,0.11378
-1.3216,-4.3606,8.0736,2.2088,4.1854,0.33175,0.2099,0.10273
-1.3024,-1.6049,2.6598,-2.9713,3.8023,0.3535,-0.9624,0.092242
-1.1569,1.6054,4.6684,-0.50288,2.1462,0.04675,-3.2853,0.10636
-1.3173,1.1435,2.77,1.1869,1.5168,-0.083788,-0.78826,-0.012557
3.7465,0.37494,-0.64851,0.1232,0.67201,-0.53966,-6.2738,-0.14895
3.7256,-1.328,1.788,0.2911,2.5678,-0.96673,-2.7961,-0.19069
-1.5224,-0.13977,-0.92601,1.5739,1.5403,-0.49242,-3.475,-0.23182
-1.3762,-2.1243,3.3387,0.029239,-5.758,-0.090751,-0.38258,-0.14218
-1.3366,-3.3445,-3.8461,-0.26086,-5.0287,0.0045939,0.2047,0.0552
-1.33,-0.20826,-3.1041,-2.7815,-0.91884,0.020079,4.8738,0.18492
-1.1431,-2.4376,-4.1078,6.8539,4.7931,0.40605,-3.097,0.22802
-1.2604,-0.20144,2.433,3.4558,4.8461,0.41197,0.27637,0.39866
-1.3816,2.4407,-3.6857,-2.3597,2.5097,0.076021,1.303,0.21649
-1.3055,1.5794,2.852,-1.4402,1.8099,0.013424,-1.7312,0.046414
3.7614,4.0004,-1.2826,-1.561,-5.3867,-0.029098,-1.8391,0.002338
3.7337,-0.14158,-1.4927,-2.6531,-5.8768,-0.038634,-4.663,-0.091752
3.7103,-0.26203,-2.5461,-1.0438,0.17902,-0.172,-5.9292,-0.23992
-1.3606,-0.81603,-4.2523,-0.19684,-0.38123,-0.31823,-8.95,-0.2306
-1.3579,2.4337,-2.0004,1.0221,-5.8414,-0.21724,-2.5258,-0.09348
-1.1384,-0.64541,1.8465,1.4044,-6.5216,-0.050783,4.1219,-0.070797
-1.3365,1.7831,2.4668,0.40524,-6.2894,0.015959,7.9197,0.048312
-1.3316,0.31535,1.5365,3.7237,-4.6595,-0.0065404,7.4304,0.063037
-1.323,0.39281,5.7442,-1.5108,2.0504,0.07785,2.2871,0.095942
-1.503,0.659,2.3399,0.91395,1.0156,-0.026005,0.93366,0.2123
-1.3536,1.6761,1.912,1.5002,3.4546,0.20872,3.0426,0.15491
3.7599,2.768,0.10078,-1.4817,-4.535,-0.072108,-1.1819,0.036995
3.7308,1.2869,2.4591,0.021487,-8.081,-0.12542,-4.8886,-0.090438
-1.1781,0.76897,4.5533,2.0112,-7.2419,-0.055089,-2.0247,-0.20434
-1.2969,-0.51995,-1.697,-2.9658,1.9682,-0.15376,-3.1351,-0.17569
-1.3461,0.3981,-4.9279,1.4008,2.2673,-0.21067,1.4203,-0.12641
-1.3379,-1.9746,-2.5113,0.18878,1.7888,-0.065973,-1.075,-0.021659
-1.5406,-0.9535,-1.8259,-1.0708,0.62521,0.032555,2.906,0.049286
-1.4135,0.38929,1.1415,2.3553,-0.80394,0.024058,1.4936,0.21605
-1.3095,2.5227,-1.4169,2.2894,-1.1468,0.018988,1.6195,0.22603
-1.3007,1.5374,0.054401,1.0637,2.705,0.099797,-0.12884,0.055541
3.798,0.61664,-0.034707,-2.7642,4.8708,0.094715,-1.8586,0.04437
3.762,-0.23598,1.826,-3.0506,5.3013,-0.23774,-2.4226,0.011781
3.7303,3.4427,1.3324,-4.0785,-0.29544,-0.41123,6.7707,-0.097593
-1.3501,-0.43351,-3.8478,-2.2221,-4.9919,-0.21529,-0.05542,-0.20144
-1.6085,-1.4252,-5.4352,0.5742,-3.3951,-0.1535,-2.3576,-0.16491
-1.4976,-3.308,-1.218,2.1794,3.5725,0.03448,-2.7674,-0.13374
-1.3465,-1.6623,1.4011,1.4543,6.6846,0.48988,-3.8573,-0.12417
-1.3111,-0.45803,-1.439,-2.318,4.9931,0.47602,8.2155,0.02468
-1.292,-1.6094,1.5603,0.28307,4.8032,0.40618,-1.3443,0.010954
-1.2179,-0.8105,4.6682,-0.65099,3.3409,0.20609,0.73008,0.22294
-1.2547,0.57082,0.88387,0.76032,1.3083,-0.022693,-4.3234,0.1571
3.7878,-0.55531,-3.4212,2.5676,-2.8709,-0.059401,-4.6411,0.17463
3.7547,-0.22812,-3.2034,3.3302,1.3251,-0.70779,-5.5767,0.026092
-1.556,0.15788,-7.1301,0.9969,2.4335,-0.59078,-5.4551,-0.083769
-1.3598,-1.2047,0.77879,0.41788,-3.7815,-0.24185,-2.475,-0.14953
-1.3236,-2.427,2.6511,-1.6116,-5.0776,0.011339,-2.0435,-0.2591
-1.3135,-2.0916,2.2116,0.46628,-5.371,-0.03479,5.3419,-0.13797
-1.3013,0.35057,-1.3856,-1.1544,0.31702,-0.035503,6.3273,-0.13318
-1.24,-0.16036,-2.8312,6.8225,4.3089,0.35654,-1.1456,-0.022024
-1.293,-1.1587,1.6151,0.91544,3.5597,0.2451,-5.7083,0.15888
-1.2855,1.5784,0.78646,-1.1429,1.7519,0.0030152,0.28721,0.15562
-1.7292,1.7683,4.2792,-3.4691,-2.0953,-0.059408,-1.9487,0.091001
3.7916,1.0328,0.33763,-5.479,-6.9041,-0.0056099,-4.6823,0.18105
3.7598,1.1389,-1.887,-0.14597,-5.5629,-0.11085,1.3195,0.11339
-1.3273,0.11646,-1.7768,-0.74762,0.79137,-0.19663,2.3971,-0.054369
-1.0307,2.954,-3.3574,1.0301,-0.88049,-0.29197,0.10065,-0.12726
-1.203,-2.3602,-2.6424,2.8617,-7.3202,-0.087253,3.0926,-0.2433
-1.3117,0.40368,2.1094,1.3368,-5.4731,0.0033361,5.4931,-0.21086
-1.2947,0.58014,-0.72035,1.4366,-6.895,0.044601,3.0516,-0.13824
-1.3253,-0.4234,0.32147,-2.0241,-2.7399,0.017307,8.867,-0.0077135
-1.3683,-1.0584,8.3586,-1.5603,-1.635,0.03432,5.9398,0.20622
-1.3183,-0.16807,3.3064,-1.9059,2.4919,0.1003,0.48605,0.063645
-1.3104,1.3434,0.23521,2.7972,3.3695,0.14731,-0.87201,0.18694
3.7703,2.4467,-0.56968,-0.45108,-4.3532,-0.096251,0.1465,-0.0021158
3.7795,1.8059,-2.4003,-0.16444,-8.7291,-0.096661,-2.3831,0.066712
-1.3355,-3.0657,-1.7631,1.3406,-4.7382,-0.1835,-0.43927,-0.038744
-1.3185,0.33733,-0.75642,0.58194,4.3714,0.0011606,-1.6537,-0.18141
-1.3091,0.71981,-2.5122,2.684,5.1376,0.27901,0.59362,-0.19356
-1.6019,-2.5445,-1.2364,-0.61245,3.1811,0.21708,11.386,-0.17173
-1.3403,-0.69132,5.2455,-1.844,0.26114,0.013694,3.618,-0.16581
-1.2748,0.14051,1.1029,0.63482,1.528,0.047983,1.2993,0.063694
3.6091,2.5425,-4.0515,-0.52156,2.3693,0.076605,-1.6954,0.045392
3.807,1.5664,-0.23484,2.0743,3.863,0.18091,-3.3418,0.035024
3.7857,0.27418,-3.5979,-2.3544,3.211,-0.48964,-2.9481,0.21841
3.7604,0.34368,1.9726,-1.6171,4.2524,-0.34453,-7.4378,0.48294
-1.3482,0.20874,-4.0747,-1.8321,-1.75,-0.18237,1.5683,0.090855
-1.4483,-3.0308,-5.9332,0.41214,-4.6987,-0.12537,1.2602,-0.034364
-1.4206,-0.84791,-4.8658,0.81023,-1.6938,-0.059421,2.3794,-0.17146
-1.3931,-4.269,-0.87187,3.9146,4.7085,0.30842,-2.9336,-0.35234
-1.3099,-1.9374,1.463,2.5753,6.8502,0.68054,-5.2618,-0.20633
-1.2975,-1.5197,-0.37664,0.31833,5.5578,0.55868,-0.99983,-0.12081
-1.0244,-1.785,3.3129,0.61729,3.0561,0.20402,-0.34079,-0.041957
-1.2718,0.074557,-2.6238,0.60803,0.84188,-0.0077983,0.73376,-0.031686
-1.3455,0.20779,-3.8569,0.051494,-4.7899,-0.021185,-3.2871,0.099032
3.7626,1.6108,-1.8781,-1.9633,-3.9155,-0.1359,-8.0642,-0.021391
3.7457,1.3776,-4.8884,-0.64556,0.74871,-0.4688,-4.6012,0.25416
-1.4522,0.49066,-2.0219,0.73539,-2.1562,-0.44745,-1.7805,0.11614
-1.3347,1.3365,6.96,-0.64689,-5.9592,-0.059703,2.2328,-0.027817
-1.3191,0.54542,4.0112,-0.7824,-6.0593,0.03912,5.0089,-0.10823
-1.1141,2.1055,3.5591,-1.5783,-2.9719,0.057833,5.692,-0.21948
-1.2534,1.4799,6.587,0.2441,-1.4197,-0.033443,2.1438,-0.193
-1.2991,-1.0725,2.6088,1.6654,3.0525,0.17085,4.2375,-0.15798
-1.2946,0.34125,4.2174,1.6704,2.2078,0.05311,-3.1989,-0.049015
4.193,-0.080085,2.8486,-0.33277,1.5642,0.018866,0.41819,0.096623
3.7679,-1.4971,3.5429,-2.4522,-6.5464,-0.0010471,-2.3405,0.32216
3.7402,1.4545,2.027,-0.33835,-7.9126,-0.0032097,-3.93,0.31513
-1.3657,2.9828,-3.7452,-0.22626,-3.8801,-0.090128,2.0093,0.20996
-1.1981,-0.12777,-2.6861,0.022983,2.4151,-0.20047,-2.8777,0.036192
-1.2675,1.0062,-4.2599,1.8802,-2.1285,-0.20116,-5.6623,0.010662
-1.2896,-1.1015,1.075,2.6954,-4.1214,-0.0015861,0.1517,-0.18577
-1.3362,0.69104,1.3747,-1.609,-2.6739,0.035347,0.81509,-0.22748
-1.4525,3.3711,-0.44234,4.1882,-3.8083,0.057712,10.451,-0.23922
3.656,1.093,-5.6898,-4.2288,-0.76547,-0.015345,0.70158,-0.1598
3.6486,0.073555,-2.6153,-1.2823,1.7931,-0.075618,-2.6453,-0.12144
3.7325,-0.030802,-2.4637,-2.594,4.6333,0.19857,-4.1069,0.043153
3.738,2.4875,0.56586,-2.62,4.6288,0.17352,-2.1855,-0.027865
3.7215,1.7732,-7.5179,-2.3642,-2.729,-0.11396,-2.6733,0.26631
-1.3189,-0.14945,-0.42492,0.30937,-6.795,-0.13269,-1.1899,0.32012
-1.369,-1.365,-7.7749,2.2308,1.0615,-0.12621,1.0732,0.11979
-1.3578,-2.4083,-1.3499,2.4141,5.6595,0.28508,3.9927,0.095114
-1.4888,2.8062,4.7075,-4.3998,6.6572,0.56457,-0.63235,-0.10295
-1.3815,-2.7692,12.84,3.6779,3.7703,0.28114,2.8778,-0.14994
-1.3235,-0.18442,8.8789,-1.2979,4.2322,0.36345,0.8028,-0.22585
-1.3429,0.096822,8.3924,-1.7931,2.7198,0.1052,-0.41845,-0.13527
-0.91863,-1.6162,4.2636,0.48662,3.1969,0.082008,-2.4413,-0.094843
3.7491,0.68557,-0.68556,-0.33827,2.3419,-0.30454,-6.1471,0.078905
3.7253,-4.7593,-1.8357,2.0501,3.6744,-0.67566,-2.7335,0.21391
-1.3864,0.89495,-0.3518,-0.9019,0.93915,-0.56962,-1.2888,0.23138
-1.5459,-3.1731,-0.30588,0.34495,-4.4226,-0.16652,2.3444,0.26492
-1.4733,-1.5351,-0.50353,-2.0856,-7.0383,-0.013998,2.7527,0.17153
-1.4023,1.1439,-3.0167,0.076537,-1.0774,-0.022218,3.4353,0.02726
-1.3519,-2.9765,-3.5911,4.0979,5.1427,0.45164,-1.0246,-0.086617
-1.0814,-1.9294,0.047784,2.5129,5.5132,0.51926,-3.4218,-0.17582
-1.2543,2.2039,-5.0478,-1.7892,3.9818,0.25889,0.43908,-0.22211
-1.2706,2.0242,0.99668,-1.2433,1.9728,-0.023258,-2.5897,-0.16026
3.6455,3.7329,-1.3589,-1.4993,-5.6522,0.038953,-0.96327,-0.11823
3.7157,-1.2651,-3.5919,-0.89369,-5.4221,-0.070042,-2.9618,-0.032611
3.6998,-0.93237,-4.6229,0.69543,-0.70784,-0.23201,-6.7018,0.16674
-1.433,-0.52009,-7.1995,-0.1534,0.61121,-0.26406,-6.4003,0.28235
-1.3884,0.65337,-3.278,2.5725,-2.8809,-0.14869,-3.4041,0.17738
-1.3698,3.116,1.7049,1.3792,-6.3357,0.044491,4.3778,0.047679
-1.2303,1.1919,4.8311,-0.42956,-6.3246,0.0053319,8.2491,0.051647
-1.3227,-0.79802,3.2612,-0.24539,-5.1546,-0.00021278,5.0469,-0.050305
-1.3568,-0.061769,3.8832,0.027659,2.4786,0.117,0.87546,-0.20702
-1.3499,1.6669,1.3966,-1.3568,2.3662,0.091872,-0.084768,-0.17759
-1.4943,1.3209,3.3743,-0.54241,3.409,0.25388,6.4173,-0.14666
3.7309,2.2277,-0.30941,-0.11495,0.15879,-0.0080036,-1.8712,-0.11091
3.7077,0.82709,2.3521,0.85824,-7.2468,-0.017187,-2.5881,0.0059644
-1.737,2.4084,3.2341,1.499,-6.3677,-0.078044,-0.18632,0.12376
-1.1978,-1.0748,0.57051,-2.2506,1.4114,-0.085014,-4.5172,0.19066
-1.3057,1.5062,-6.053,1.8132,3.4774,-0.073552,2.5537,0.48671
-1.3838,-1.8379,-5.1661,1.7871,3.5199,0.18463,-0.57356,0.26137
-1.3751,-0.91689,-1.8055,0.17504,2.2346,0.098861,0.27354,0.056198
-1.5132,1.8858,0.1957,1.5271,0.77171,0.068711,4.0624,-0.065735
-1.4335,2.4994,-1.2071,0.94408,0.56576,0.039402,2.2682,-0.22067
-1.2741,-0.14255,1.3666,1.0836,2.7832,0.12011,-1.7091,-0.22573
3.7262,0.61022,-1.1138,-1.928,5.3855,0.33091,-1.0275,-0.13507
3.7269,-1.8294,1.3103,-3.1362,6.1823,0.17671,-5.0853,-0.10962
3.7093,0.25795,-3.2375,-2.7376,2.6161,-0.25728,4.4557,0.036216
-1.332,-0.23284,-7.6582,-0.72213,-3.6473,-0.17592,3.5488,0.15973
-1.3941,-1.5856,-6.202,1.9301,-2.8134,-0.090789,-1.2788,0.086498
-1.3927,-0.98634,-3.5029,1.8782,2.8826,-0.030311,-2.1045,0.10762
-1.4765,-1.996,2.4527,2.2461,6.503,0.50023,-0.058079,0.2123
-1.3625,-0.95355,2.9503,-2.2654,5.6526,0.52501,8.4434,0.1203
-1.34,-4.0355,7.2422,-0.072705,4.8282,0.40198,6.2367,-0.052666
-1.3368,-0.24138,6.4725,2.2917,3.3607,0.22596,3.7548,-0.1073
-1.154,-0.62035,0.39762,-0.47585,2.5926,0.06169,-3.0929,-0.15384
3.7358,1.3847,-1.0281,1.9098,-1.6766,-0.027911,-7.1777,-0.17981
3.7151,-2.9041,-5.2471,1.6548,1.4177,-0.63429,-7.306,-0.13335
3.7207,-0.32626,-7.7544,1.8276,2.8984,-0.60539,-2.1276,-0.039523
-1.569,-1.1788,1.9236,0.58309,0.069347,-0.27486,-2.3059,0.14369
-1.4407,-0.48161,3.5743,-0.081659,-2.6189,-0.091245,0.56633,0.31983
-1.3505,-0.30681,2.4778,-3.857,-5.0682,0.043484,5.894,0.27108
-1.3521,1.1114,-1.6381,-2.9203,1.9865,0.0042281,7.159,0.096161
-0.92637,0.15273,1.172,5.9474,5.6182,0.47916,-3.3082,0.040427
-1.2432,-0.23062,3.4676,1.3745,4.8641,0.45614,-3.9869,-0.047506
-1.3475,1.1917,4.4963,-0.9334,2.9163,0.16692,0.077551,-0.13585
-1.3276,0.61253,5.1109,-1.0679,0.85459,-0.0076186,0.073833,-0.18273
3.7508,1.6754,2.4463,-3.2836,-6.5097,-0.042132,-3.8531,-0.19918
3.7292,0.39947,-0.7818,-2.075,-5.3883,-0.059844,1.6139,-0.12894
-1.4307,0.64581,-2.4662,-0.79221,2.0088,-0.13073,1.9806,-0.032197
-1.3612,0.29175,-1.0182,0.71449,-0.75565,-0.34033,-2.086,-0.0062046
-1.3498,0.65767,-3.0054,0.21779,-5.9227,-0.11962,-0.75221,0.13763
-1.1402,0.45006,0.0027841,2.3429,-4.3746,0.034512,6.724,0.39849
-1.3145,-0.36577,-1.3204,3.5502,-4.1052,0.0070775,3.4891,0.28308
-1.3374,1.0908,0.99877,-1.1804,-2.6371,-0.034078,1.9801,0.16633
-1.3268,0.69831,8.3994,-1.1007,-0.90666,-0.037434,3.4576,-0.037649
-1.5385,-0.0068612,3.2665,-0.5365,2.5224,0.12201,0.69546,-0.090827
-1.3085,2.1667,1.4452,-0.77435,4.0843,0.2552,1.3417,-0.22074
3.7469,1.691,0.33667,-0.91644,1.1097,-0.10416,0.84195,-0.15768
3.728,1.4288,-2.8739,-0.6644,-7.9674,-0.12148,-1.0308,-0.12295
-1.1431,-1.7857,-1.6386,1.6218,-4.1002,-0.16387,-2.8272,-0.049112
-1.2797,-1.8291,-1.4333,-0.062351,4.0937,0.070084,-4.282,0.16326
-1.3495,-0.54102,-0.10569,1.5708,6.1834,0.3739,0.60765,0.34158
-1.3418,-1.9637,-2.1336,-0.12763,5.6184,0.55434,-2.5116,0.21108
-1.4391,0.79311,4.2155,0.3392,3.1751,0.24121,4.2757,0.10653
-1.3362,3.1195,8.1293,-2.0669,3.4826,0.27072,4.0396,0.14099
-1.2993,0.47988,-1.9325,1.9139,3.3888,0.25069,2.2534,-0.014309
3.7767,0.68362,-0.51553,-0.32891,4.3778,0.3437,-1.8182,-0.11429
3.7601,-0.78386,-3.8137,2.257,2.6218,-0.49016,-1.9592,-0.18363
3.736,-1.2266,-1.4059,1.0719,4.0269,-0.62822,-4.5742,-0.24591
-1.3975,0.57628,-3.3407,-4.8104,0.67981,-0.38211,-0.86491,-0.14442
-1.3639,-2.0623,-3.985,-1.5507,-4.5491,-0.096764,3.153,-0.049915
-1.5218,0.41942,-2.3946,-2.3739,-3.0683,-0.053568,-0.67329,0.054348
-1.4646,-5.3363,-4.7856,6.3169,3.72,0.25262,0.066396,0.33182
-1.2931,-1.7683,-1.8782,1.098,5.6253,0.4917,-0.66748,0.29259
-1.3081,-1.4269,-2.5301,-2.423,6.0572,0.63334,-4.9508,0.25621
-1.3029,1.2621,2.2925,2.264,4.7772,0.39709,-1.09,0.0074733
3.742,0.80349,-1.237,-1.5464,2.5916,0.080975,-4.1055,-0.0041602
3.7516,1.6229,-0.66672,0.030639,-5.0483,-0.04923,-1.054,-0.10891
3.7312,-0.31388,-0.28868,-0.88051,-3.9085,-0.097996,-2.282,-0.1413
3.7066,1.2395,-0.93294,0.030903,0.52637,-0.21083,-4.8956,-0.19514
-1.5035,-0.25401,-5.2759,1.0096,0.058866,-0.46076,-0.11588,-0.18733
-1.364,-0.47537,2.773,0.851,-5.7751,-0.1485,2.3427,-0.070286
-1.3414,0.41898,1.2448,-0.79738,-5.9247,0.0049469,7.5014,0.34241
-1.3409,3.2818,3.6778,-1.0787,-3.6021,0.036142,5.4726,0.12133
-1.0695,2.1221,5.7746,0.79834,-3.7527,-0.034405,1.5488,0.093289
-1.1991,0.602,1.8891,-2.5636,2.6016,0.10802,0.95765,0.26154
-1.3292,2.1662,5.4475,3.2367,2.0788,0.060015,1.4895,0.12476
-1.3164,-0.24188,3.8007,1.1403,2.2991,0.052327,0.94555,0.017087
3.7411,2.0278,1.1275,-0.78552,-4.309,-0.096109,-2.0976,-0.10723
3.7134,-1.017,4.5334,-0.023326,-8.5685,-0.077781,-0.12044,-0.2139
-1.4204,3.9653,-2.5802,-1.0488,-3.8796,-0.083204,-5.0513,-0.27088
-1.3718,-0.48106,-3.1928,-2.6299,1.7075,-0.24546,-4.4946,-0.14033
-1.02,-1.4906,-5.566,-0.40278,1.5854,-0.25614,-0.92935,-0.086325
-1.1412,-0.19777,-2.3898,1.4269,-4.1838,-0.054017,2.3277,0.14065
-1.3862,-0.86081,0.22125,0.46548,-0.94349,0.052751,0.87451,0.33696
-1.3483,1.5968,-0.80051,0.18395,-1.2359,0.039743,1.8033,0.29247
-1.5355,1.052,-4.0456,3.4066,-0.75097,-0.012483,1.7231,0.10524
3.7347,-0.019641,-4.4015,-0.67677,2.4659,0.06454,-2.8088,0.090246
3.7588,0.29717,-1.2742,-4.5981,4.7736,0.18591,-1.4825,-0.01336
3.7203,0.074184,2.2406,-3.7755,5.6859,0.19663,-6.5046,-0.094916
3.6969,1.9252,-3.6515,-3.35,1.7148,-0.27845,0.33913,-0.11244
-1.152,0.39118,-0.48303,-0.18418,-5.5239,-0.13401,-3.4489,-0.24978
-1.3466,-2.7713,-5.9222,1.4496,-1.8971,-0.22109,-0.34802,-0.16387
-1.3733,-1.8751,-2.0818,2.0525,4.8508,0.2446,-3.622,-0.030981
-1.3707,-1.3763,3.0315,-0.28751,6.3115,0.44345,0.26329,-0.021148
-1.5362,-5.1104,9.4266,2.7923,4.6439,0.39108,12.127,0.13493
-1.3524,-1.3694,1.2625,-4.1882,5.0101,0.44885,2.0597,0.30471
-1.3339,0.4675,3.5895,-2.023,4.109,0.2915,-4.4885,0.27088
-1.353,1.1857,5.7022,0.1699,2.507,0.071131,-3.1084,0.029134
3.7323,-1.0605,-0.20333,0.34298,-1.1495,-0.18474,-6.5306,0.038894
3.7025,-1.9984,-1.7862,2.5429,1.8888,-0.81799,-2.5356,-0.061135
-1.2566,1.7757,1.5303,1.3658,3.1928,-0.54864,-7.8427,-0.20595
-1.3987,-2.8729,3.4164,1.2357,-3.4817,-0.23293,-2.5501,-0.19962
-1.6747,-1.7432,2.2928,-0.94911,-6.3092,-0.040053,2.7122,-0.11736
-1.4303,-2.9374,-3.5045,-1.3837,-3.6474,-0.036947,5.0909,-0.031297
-1.2945,-1.3256,-3.6007,-2.813,1.3841,-0.0026899,8.5784,0.10397
-1.3453,0.31467,-4.8198,2.9862,4.9373,0.44711,-4.0944,0.073307
-1.3396,-0.12786,1.3717,4.0323,3.896,0.30748,-6.9209,0.20162
-1.0978,1.9536,4.6289,0.16871,1.9263,-0.0065854,-2.8712,0.22586
3.7394,1.9278,2.8396,-2.1021,-2.4228,-0.010725,-1.3414,0.053472
3.7103,1.1261,1.666,-1.9448,-7.6796,0.0058903,0.72726,0.063061
3.6809,0.87777,-2.5856,-1.6161,-4.7197,-0.072814,4.1146,-0.058653
-1.5395,2.2276,-1.3259,-0.21854,-0.46372,-0.22425,0.53381,-0.18426
-1.3982,-0.11836,-4.5568,0.49961,-0.42247,-0.2343,-6.0482,-0.15418
-1.3779,-3.1086,-3.7093,3.1671,-5.7609,-0.080406,1.0721,-0.17628
-1.374,1.9537,2.4936,1.6149,-5.7278,0.017403,4.2828,-0.10197
-1.0665,3.4953,1.1373,1.6695,-5.572,-0.013093,3.0154,0.012438
3.6374,0.91575,1.1215,-2.9297,-0.92265,0.050845,10.513,0.11831
-1.3631,-0.49952,6.4082,-1.6461,1.9608,0.013636,5.1681,0.23669
-1.2472,-0.31017,0.8284,-2.4348,3.1103,0.13923,3.0759,0.052206
-1.4872,1.6914,-0.03752,1.0651,3.6869,0.28399,6.5144,0.12685
3.7019,0.16523,-3.412,-0.050482,-4.6419,-0.10155,-1.0004,0.024412
3.6761,1.8153,-5.3514,1.0332,-6.7442,-0.05883,-6.3056,-0.053371
-1.398,0.45744,-1.521,-1.1636,-1.9761,-0.15896,-0.66739,-0.14257
-1.1928,-0.092659,-0.82042,-1.0855,4.4939,0.16321,-0.16541,-0.17959
-1.2302,-1.9553,-3.1836,0.31308,5.346,0.36064,3.3134,-0.21848
-1.4561,-2.4246,0.026161,-0.95666,4.3231,0.36553,-2.9468,-0.14547
-1.3679,-3.129,4.3021,1.5751,2.2805,0.10525,0.20372,-0.082893
-1.5478,-0.63776,1.6121,1.7891,2.7935,0.20882,-0.28864,0.11451
-1.47,1.8437,2.4782,0.40706,2.5473,0.098662,-0.083484,0.22123
3.7531,-0.90471,-1.2427,0.70913,4.8028,0.34072,-0.72878,0.20782
3.7245,0.56608,-1.8937,-0.90706,5.0844,0.019348,-2.2853,0.18295
3.6898,0.12834,-0.98877,-2.7169,5.2391,-0.21039,0.20424,0.039283
-1.1889,2.5749,-2.7035,-3.088,-1.9477,-0.24591,2.1185,-0.028887
-1.4204,-1.9074,-6.3875,0.26651,-4.6127,-0.19487,1.8382,-0.10497
-1.3862,-1.1119,-7.477,1.6495,0.50231,-0.032743,-0.88389,-0.22943
-1.3814,-4.9134,-3.6332,4.0623,4.8825,0.33766,-2.7048,-0.16817
-1.578,0.29646,-2.0949,-0.29706,6.9242,0.67873,-7.3721,-0.15515
-1.3631,-0.91089,3.3857,2.6005,5.4616,0.56731,1.3443,0.015821
-1.3444,0.91443,3.8749,-1.7795,3.6251,0.25194,-0.42841,0.13335
-1.3313,0.20654,0.070294,1.353,1.7834,-0.025459,-7.0068,-0.0074701
3.7526,1.7035,-2.9759,1.128,-3.5251,-0.034193,-3.3561,0.19784
3.7172,0.31746,-3.1712,-2.1903,-3.2837,-0.37006,-7.0162,0.077907
3.6863,0.42473,-7.2475,0.36265,0.93928,-0.70143,-4.1832,0.099203
-1.3978,-0.54077,-2.9466,0.35183,-0.87288,-0.39076,-0.068238,-0.015964
-1.6303,1.2904,4.0089,0.081271,-5.496,-0.10155,1.0921,-0.14899
-1.4229,-1.4295,5.9344,0.47109,-5.4885,-0.0092422,4.2229,-0.31892
-1.3482,-2.6696,3.0142,-2.4399,-3.7296,-0.011591,3.4207,-0.23045
-1.3512,-0.70206,6.5229,2.6888,0.87848,-0.0048462,5.9223,-0.12816
-1.2007,-0.99266,-1.6418,1.8336,3.8353,0.27134,5.5318,0.0011455
-1.2139,0.24593,4.77,-1.5109,1.4164,-0.026589,3.5812,0.092023
-1.378,-0.18846,0.76043,-2.7727,2.1417,0.066452,-0.46843,0.18285
3.748,-1.375,3.8704,-1.0382,-6.6339,-0.027981,-1.5054,0.31002
3.7106,2.4892,2.9639,-1.6284,-7.1857,-0.052554,-0.052729,0.18446
-1.487,3.2868,-1.3606,-0.31846,-2.0693,-0.067321,3.0967,0.12128
-1.3354,0.20422,-2.159,-0.67915,1.5852,-0.16148,-0.041189,-0.0091738
-1.3647,0.55158,-3.3094,1.1079,-0.97162,-0.16119,1.7065,-0.11957
-1.3574,-0.4469,-1.0366,0.55392,-1.329,-0.028187,1.4208,-0.13705
-1.2092,0.35289,-1.0203,1.0178,-1.5902,0.034788,5.4365,-0.24842
-1.3386,1.4086,-1.229,1.4779,-3.7971,-0.026396,6.0492,-0.1618
-1.3356,-0.26768,-2.9585,-0.0089322,0.018784,0.0076101,-0.44084,-0.041397
-1.3255,0.81609,-5.8313,-1.1758,2.9918,0.15942,-1.2543,-0.053809
-1.5785,1.6994,0.50388,-0.96123,5.2813,0.40685,-2.0517,0.069876
3.7496,2.7396,-1.1695,-2.3177,4.3949,0.20305,3.9751,0.10714
3.7224,0.044592,-6.3464,-1.6383,-1.8945,-0.081875,0.43886,0.24146
-1.3682,0.25929,-5.7038,-0.95948,-6.558,-0.14997,-1.4672,0.083748
-1.0983,-0.0093914,-2.9328,0.79734,2.5839,-0.068123,-1.9952,-0.0096606
-1.3474,-1.9178,0.16982,0.2745,5.8225,0.3082,-0.27863,-0.16572
-1.3421,0.30362,2.8139,-2.3291,6.2354,0.59142,1.8799,-0.21439
-1.3346,-1.7089,8.1739,1.7252,4.4452,0.35039,-0.33998,-0.20592
-1.5987,0.90526,7.7506,0.23444,3.9033,0.31188,2.475,-0.16479
-1.385,1.6302,2.5797,-4.0608,3.7644,0.30609,-1.3033,-0.023704
-1.3099,-0.64347,2.9876,1.8044,2.7911,0.16659,0.71935,0.02266
3.7854,0.69212,-2.738,0.33523,2.3914,-0.12813,-2.6273,0.14072
3.7527,-1.9537,-6.7529,0.51311,3.5715,-0.66193,-3.4126,0.12773
-1.1972,-0.92187,-6.3253,1.4407,2.0811,-0.4254,-0.75002,0.30223
-1.3863,0.45299,0.31671,-2.3523,-4.456,-0.12816,3.2686,0.14016
-1.343,-0.47875,-1.9376,-2.1338,-5.7844,-0.022116,3.0851,0.023415
-1.3256,2.0832,-2.7479,-0.72298,0.076669,0.01363,2.3806,-0.094478
-1.4433,-3.0011,-2.953,2.9735,5.3597,0.51563,-1.386,-0.1838
-1.3817,-3.3318,2.9305,2.8927,5.7053,0.57027,1.332,-0.24669
-1.3082,0.029455,-0.83776,-0.97924,4.5831,0.37875,0.13346,-0.15304
-1.2975,1.5625,-0.91283,-0.7416,2.5762,0.11725,-1.0782,-0.066976
-0.88392,3.5798,-0.5936,-3.0948,-3.5753,-0.032865,-6.026,-0.046557
3.7732,-2.2929,-1.3906,1.3453,-5.4911,-0.024278,0.09227,0.14669
3.7476,2.4555,1.2587,-1.3634,-0.23195,-0.13456,-4.334,0.25022
-1.3536,-0.19397,-3.4829,0.67857,1.0432,-0.27461,-1.7069,0.18677
-1.5847,-0.24322,-4.0971,1.6957,-2.4752,-0.23201,-4.2412,0.0846
-1.4097,0.77703,1.1713,1.5403,-5.9168,-0.050077,3.1958,0.050673
-1.326,0.88355,0.75655,2.6524,-3.9738,0.029584,6.8766,-0.098299
-1.3138,1.7402,4.3099,-1.013,-5.574,0.012802,5.9571,-0.1774
-1.1379,-1.535,6.5592,-1.8361,0.47868,0.0031372,6.2145,-0.19862
-1.2708,-0.17885,3.8052,0.67071,1.9941,0.071753,-0.5397,-0.18565
-1.263,0.82941,4.5259,-2.5906,4.0359,0.36118,2.6868,-0.11042
4.2076,0.22944,1.6421,-0.032838,3.6032,0.26677,-1.2778,0.050941
3.7527,1.0339,-2.4631,-1.8583,-5.4552,-0.071473,2.0425,0.045416
3.7294,2.5678,-0.51515,1.0436,-7.8736,-0.090751,-2.2241,0.18894
-1.3396,-2.0388,-2.4491,0.69622,-0.048645,-0.16311,-6.3294,0.21242
-1.3356,0.50587,0.32805,-1.2437,4.8434,0.20476,-3.6444,0.25107
-1.326,-2.2491,-3.916,0.77887,2.7979,0.10677,3.6171,0.01677
-1.1546,0.63597,0.073448,2.3646,2.4975,0.099836,4.5161,-0.096303
-1.3271,2.1307,1.9378,-2.5864,0.92548,-0.037479,8.4916,-0.19181
-1.3037,-0.57592,-0.91486,0.94792,2.2642,0.11362,-2.5538,-0.27614
3.7438,2.8285,1.49,4.9788,2.8336,0.1714,1.0396,-0.11465
3.7832,-0.72736,-2.7152,0.1432,4.0508,0.24094,-2.147,-0.11665
3.774,0.36027,-2.8891,-2.1619,4.0629,-0.32628,-1.5784,0.035705
3.7533,-0.82491,0.33908,-3.0859,4.5912,-0.14846,-3.725,0.35341
-1.3536,2.557,-4.111,-1.9906,-1.4942,-0.23987,1.2769,0.12909
-1.1035,-3.6939,-6.6407,3.2304,-3.309,-0.14187,2.5835,0.092656
-1.3058,-1.0392,-4.7781,-0.13653,1.7267,-0.042164,-0.52291,0.20203
-1.3332,-1.032,-0.95487,6.7335,6.1528,0.52525,-3.7592,0.066395
-1.3244,-3.2924,3.2326,0.78011,6.652,0.65714,-6.1778,-0.078269
-1.5309,1.1832,6.6702,-0.78279,5.5061,0.58207,7.5881,-0.19426
-1.3312,-0.43461,4.925,3.5094,3.4185,0.31793,1.3796,-0.22571
-1.2899,-1.9702,-0.41825,0.44988,2.1978,0.086924,2.9717,-0.15033
-1.3019,1.2156,-1.1169,-0.69361,-0.56969,-0.065556,-7.034,-0.098494
3.7776,0.4979,-1.8229,-0.30701,-0.43068,-0.32578,-3.5707,-0.044853
3.7625,1.5493,-4.3029,0.40393,1.8822,-0.48065,-6.3033,0.15968
-1.3113,0.57146,1.0799,0.98323,-1.1724,-0.35908,-0.12596,0.24109
-1.3244,-0.6052,4.4297,-1.3931,-5.4347,-0.062315,3.0275,0.27473
-1.4814,0.98706,3.7745,-0.60452,-4.483,-0.0036012,3.976,0.14785
-1.5256,-1.0642,-0.032561,0.43725,-0.23071,-0.033333,4.5038,0.047168
-1.3425,1.6356,1.4792,4.4478,0.88671,-0.052804,12.224,-0.06997
-1.2844,-0.59307,-0.84727,3.0622,4.575,0.4025,2.3307,-0.17861
-1.2875,0.39282,6.7307,0.13374,2.127,0.094907,-2.5566,-0.10453
3.8577,-0.58037,4.8287,-2.0693,0.37207,-0.011347,-1.4258,-0.17022
3.7796,-2.0703,3.0586,-2.267,-6.6319,-0.061981,-2.0675,-0.083039
3.756,1.1679,-5.2874,-4.401,-5.0104,-0.097727,-6.7971,0.074841
-1.3511,3.0029,-3.2568,-3.7405,-1.9479,-0.176,-2.1497,0.059873
-1.5329,0.12796,-3.2096,-0.31085,2.291,-0.21494,0.89309,0.067077
-1.3451,-0.61169,-5.2727,1.9325,-3.5929,-0.20043,1.8904,0.33022
-1.3217,-1.1678,2.1504,0.91787,-3.5365,-0.036459,3.9396,0.29386
-1.3029,0.75639,-1.5126,2.8712,-3.6793,0.014817,6.964,0.040841
3.7572,-1.2205,2.4309,2.0001,-3.2264,0.017166,1.7903,-0.081652
3.8691,-0.87669,3.141,1.7411,0.85219,-0.061083,2.0204,-0.15535
3.8443,-1.5048,1.3317,-1.136,1.9448,0.023898,-0.70335,-0.1747
3.6217,0.90362,-1.3881,-3.1988,5.2142,0.43385,1.3148,-0.21334
3.7453,1.8316,-0.59561,-0.51762,2.9082,0.030046,-0.51526,-0.14201
3.7268,2.5979,-4.6483,-1.1279,-7.2264,-0.10894,2.812,-0.0020671
-1.3689,1.2468,0.75185,-0.69618,-4.7949,-0.15655,-4.3932,0.25847
-1.3465,-1.1436,-3.0556,0.020954,3.0633,0.07355,3.2958,0.21038
-1.2685,0.22188,1.0627,-1.7368,5.361,0.29439,7.1887,0.4275
-1.2106,-0.70753,2.3247,1.2642,5.5386,0.5049,6.0951,0.20257
-1.2721,-1.4393,11.571,-2.7403,4.166,0.41517,-4.1477,0.046341
-1.3187,2.2546,13.351,0.038809,4.1094,0.35377,1.0976,-0.039061
-1.3141,0.21671,4.3459,-0.52054,2.7592,0.18591,-0.68244,-0.11485
-1.2633,-0.11455,0.43777,1.5082,4.1686,0.31562,-2.4388,-0.20551
3.7602,0.00044064,-2.1475,2.4259,2.4425,-0.41166,-2.3967,-0.16535
3.7395,-4.726,-2.0272,0.9466,3.8677,-0.51259,-4.2973,-0.094137
-1.3686,2.0394,-1.6545,-1.3282,2.5313,-0.22919,-5.6662,-0.024482
-1.208,-2.0557,-0.42891,-2.5423,-4.3303,-0.11754,-0.551,0.13897
-1.3154,-4.0972,-6.7714,0.54822,-3.7786,-0.048511,2.5016,0.21308
-1.3463,0.25666,-4.8024,1.3288,2.6986,0.18591,1.6276,0.40863
-1.3374,-4.337,-5.6721,4.031,5.884,0.61325,-4.9009,0.17811
-1.4917,-3.68,-3.7017,4.7605,5.878,0.6276,-5.3654,0.14063
-1.365,-0.49317,-7.4057,-0.89995,4.1253,0.37039,0.93811,-0.017595
-1.2981,2.921,-1.1106,-2.9968,2.3779,0.14795,-0.30038,-0.10791
3.7585,2.8376,-1.0695,-1.2011,-3.448,-0.060608,-2.136,-0.14868
3.7427,0.18749,-1.6043,-0.82912,-4.2839,-0.14956,-3.9826,-0.18158
3.7272,-0.84708,-3.8907,0.30644,0.078852,-0.33073,-6.0988,-0.15403
-1.3747,1.1413,-9.1553,-0.60699,0.75321,-0.425,-2.6547,-0.033098
-1.361,-0.047371,-2.0346,1.629,-3.4487,-0.16156,1.9864,0.10066
-1.4646,0.53122,1.6285,1.319,-6.7847,-0.015339,5.0821,0.33375
-1.4363,2.4549,5.5936,1.154,-6.0174,-0.018381,5.1247,0.24384
-1.3076,-2.2055,4.159,0.73055,-3.042,-0.0019776,1.4347,0.17599
-1.3145,-0.48528,3.6328,1.8558,2.6441,0.15257,4.5656,0.091439
-1.2954,2.0007,2.4756,-1.5624,1.9468,0.084954,1.2871,-0.027865
-1.1892,0.85802,4.377,-1.0511,2.3484,0.11097,3.5776,-0.10117
3.7568,3.1496,-0.24369,-2.6431,-3.466,-0.059408,-0.26537,-0.18241
3.7318,-0.72876,3.7952,-0.54594,-8.5004,-0.069644,0.18682,-0.20643
-1.4053,3.6623,4.4892,-0.018162,-5.2849,-0.078519,-2.3853,-0.1018
-1.4875,-1.832,-2.0747,-0.77286,1.6151,-0.10962,0.058953,-0.044975
-1.3909,-1.8079,-6.2318,0.59391,0.48172,-0.216,1.9298,0.24416
-1.3384,-0.98688,-3.9729,1.5397,1.4254,-0.02372,-2.9942,0.36251
-1.3298,-1.1468,-1.653,-0.30246,1.0794,0.027947,1.0648,0.15299
-1.233,2.9681,-1.0366,1.2722,-1.7927,0.009683,2.4147,0.22262
-1.2891,2.0103,-1.2376,3.4739,-1.6265,-0.014158,4.1194,0.11293
-1.3105,0.91888,-1.3481,0.11723,1.3837,-0.02732,2.6074,0.011562
3.8114,0.13539,-0.050792,-2.1795,5.0114,0.30289,-1.4622,-0.072209
3.7509,-0.35419,1.7687,-2.9811,5.5919,0.098899,-4.0237,-0.2066
3.7275,0.74751,-3.7419,-3.8454,1.4028,-0.3223,5.6898,-0.22471
-1.3554,0.45379,-6.4593,-1.0839,-4.0904,-0.26388,-0.49068,-0.18151
-1.3464,-3.8129,-7.5537,1.9986,-3.9668,-0.23577,2.15,-0.069702
-1.0756,-2.1364,-1.6123,1.9682,2.5721,-0.15539,3.8598,0.17998
-1.1666,-1.7315,4.1591,1.5255,6.0609,0.39686,0.80457,0.17781
-1.2558,-0.7045,2.1663,-0.47747,4.7895,0.46337,5.5458,0.30444
-1.3251,-0.73824,2.5237,1.5355,4.1362,0.43145,3.7731,0.26636
-1.3833,-0.35768,3.7065,-0.58033,2.7751,0.1898,3.0139,0.10599
-1.365,1.7811,0.4017,-1.5101,2.1406,0.073717,-2.9698,-0.012386
3.7778,-0.057222,-1.4786,3.2901,-1.2882,-0.15865,-3.0914,-0.08226
3.7484,-2.0508,-4.5206,2.9509,0.86958,-0.78664,-6.6835,-0.1387
3.6901,0.58565,-4.9762,1.4846,1.8795,-0.70839,-3.476,-0.12965
-1.188,-1.1514,0.83152,0.53393,-2.7601,-0.30336,-2.7548,-0.18326
-1.2735,-1.2611,2.6556,-2.0028,-4.9677,-0.13509,-3.7804,0.0048448
-1.3326,-2.8953,1.0262,-1.3649,-3.9932,-0.0378,4.9214,0.21169
-1.323,1.8263,-0.87424,-1.7185,0.80829,-0.04896,4.6793,-0.0080786
-1.512,0.19741,0.021407,5.7884,4.2815,0.37007,-4.0061,0.13096
-1.308,-0.43363,3.59,0.39036,3.924,0.32453,-1.9114,0.29033
-1.2854,0.82278,2.134,-1.7415,2.3583,0.13413,-0.57516,0.12427
-1.281,1.6521,4.3036,-1.6904,0.01809,-0.021827,-0.81412,-0.036238
3.7819,2.2792,2.0883,-2.3675,-7.2128,-0.087054,-2.8581,-0.10071
3.7544,-0.35739,0.048202,-1.92,-5.2753,-0.13476,0.83612,-0.21746
-1.3417,0.66113,-1.2865,-2.0491,1.2318,-0.15919,0.39405,-0.25567
