tachometer_signal,underhang_bearing_axial,underhang_bearing_radial,underhang_bearing_tangential,overhang_bearing_axial,overhang_bearing_radial,overhang_bearing_tangential,microphone
-1.3535,-0.33521,1.2403,-0.31879,-0.43266,-0.16353,2.9414,0.089565
-1.3747,-0.12473,0.79755,-3.145,4.2344,0.025643,-0.63056,0.012414
-1.3813,-0.93206,0.78251,1.7773,5.8237,0.32075,2.977,-0.20996
-1.5494,1.6714,-0.033518,1.3493,5.4907,0.54862,-4.1295,-0.21553
-1.4492,-3.3054,13.37,-0.12041,3.2127,0.19903,6.3785,-0.23135
-1.3356,2.0431,6.5676,-1.4929,3.2759,0.22538,2.1238,-0.11867
-1.34,-0.28761,1.3471,0.023773,0.62389,-0.080034,-1.1245,0.025337
-1.3323,0.90542,0.080842,0.22819,-0.85203,-0.20125,-1.3182,-0.025066
3.7398,-0.10574,0.24367,1.099,-0.78865,-0.83678,-3.7237,0.10047
3.7157,0.72201,1.4123,2.4978,1.6145,-1.1818,-5.3674,0.29607
-1.3851,0.99301,1.5008,0.14343,-0.049987,-0.43517,-5.019,0.23944
-1.3717,-2.1762,3.2509,0.39978,-6.5131,-0.10245,4.2106,0.012511
-1.5822,0.2992,5.5722,-5.8858,-6.9049,-0.02886,1.5336,-0.0090764
-1.3653,-0.63775,1.6578,-2.0336,-6.2304,0.0015649,9.633,-0.14775
-1.3385,-2.6115,12.454,-0.51691,-2.2291,-0.021641,3.7668,-0.16793
-1.3288,-0.1981,6.0737,2.3275,2.7558,0.15966,4.3931,-0.15973
-1.2334,-0.4789,2.6904,2.1473,2.5436,0.087989,8.838,-0.14033
-1.2604,0.17323,1.5954,-1.8194,4.0862,0.27886,1.3107,-0.024409
3.7829,2.4026,0.75751,-2.2308,-3.0959,-0.046669,1.6675,0.20442
3.7507,0.16682,1.6577,-1.4288,-9.1185,-0.094813,-0.82255,0.1636
-1.4874,0.93633,4.3839,1.527,-7.0864,-0.066499,4.4368,0.25857
-1.368,0.11589,-0.70563,-2.0967,3.3069,-0.030247,-1.4306,0.079781
-1.3344,5.4299,-2.0442,-3.1695,4.4553,0.14595,-1.6284,0.15092
-1.3265,-3.666,-3.4834,-0.16184,3.4739,0.1667,8.1632,-0.0072998
-1.0926,0.31857,2.8758,1.4602,2.4297,0.080622,3.8726,-0.14113
-1.2622,-4.0307,13.24,-0.9346,1.9016,0.010344,1.9016,-0.2545
-1.266,-1.479,7.0142,3.1649,0.034243,-0.077775,2.7582,-0.20665
-1.2954,-1.3632,0.03218,-1.7928,2.7743,0.13591,-1.4825,-0.13702
3.7752,2.9421,-0.31972,0.35659,1.7839,-0.27736,-1.4791,-0.096255
3.7577,-1.7701,-1.337,-0.011726,1.94,-1.3608,-1.043,-0.017424
3.7251,-0.19081,-3.8399,-1.5988,2.4352,-0.82278,-3.9885,0.25969
-1.348,-0.087335,1.0134,-1.6405,-4.5957,-0.28052,1.2282,0.24474
-1.3404,0.6992,-1.8379,-3.7027,-7.0829,-0.062726,4.2512,0.058218
-1.1539,-0.81959,-2.1508,-2.8394,-5.7961,-0.090122,4.7006,0.16596
-1.3162,0.74602,-3.2342,3.9519,-2.1342,-0.092227,6.0873,-0.012557
-1.3129,-0.87356,4.3631,3.9276,3.8357,0.28904,1.5016,-0.13459
-1.3046,1.3001,3.3308,0.87155,3.2179,0.16098,2.2634,-0.15184
-1.4584,0.84368,1.3667,-0.31717,2.969,0.16215,-4.0254,-0.22203
3.7834,1.0757,3.3758,-2.5735,0.41316,-0.042543,1.4393,-0.14719
3.7697,-1.2402,1.7017,0.55203,-9.5785,-0.040643,1.347,-0.036311
3.7461,2.0497,-1.2822,-0.28219,-6.8213,-0.097791,-6.8299,0.064716
-1.1587,0.19514,-3.5624,-1.8785,-3.2669,-0.18912,2.5123,0.23216
-1.3319,0.11265,-7.4395,-0.12362,2.2392,-0.32188,4.6776,0.15866
-1.3438,-1.9035,-6.3075,1.4657,0.54239,-0.10758,1.5245,0.34115
-1.3321,1.404,-0.56964,-0.072814,2.5895,0.13037,-0.66774,0.14313
-1.4343,0.91014,-1.4236,1.1587,1.5238,-0.026993,3.0853,-0.00046083
-1.3909,0.12291,-3.385,3.3712,-2.1402,-0.039571,0.84989,-0.1231
-1.3044,1.1037,0.32643,-0.14138,1.1521,0.0046068,-2.6051,-0.20979
-1.2889,1.4227,1.3656,1.6137,3.0121,0.095004,-0.72699,-0.17633
3.808,-0.38593,1.811,-1.6979,3.1205,-0.34168,-4.58,-0.12841
3.7662,-1.6813,-2.8326,-0.32369,4.0145,-0.74078,-4.7289,-0.070311
-1.2808,0.95252,-2.5903,-4.8697,1.7255,-0.36469,-1.8375,0.078418
-1.3379,-2.3043,-5.9904,-0.74126,-6.4789,-0.17599,4.5781,0.16905
-1.3808,1.425,-3.8153,-0.88735,-5.7559,-0.095198,-2.2087,0.1104
-1.47,-1.1815,-6.8537,3.0543,-0.76806,-0.026698,2.0798,0.38123
-1.2617,-2.0896,-6.1641,4.6352,3.0335,0.14332,-3.7228,0.16421
-1.2921,-0.42701,-5.4715,2.0734,5.4858,0.50669,2.0619,0.017501
-1.2844,1.5761,-0.58196,0.41267,4.1356,0.33658,-4.037,-0.078877
3.74,0.79213,0.27217,0.31445,2.4176,0.10835,-2.5045,-0.15627
3.7717,0.66788,3.0362,-1.2302,-5.8597,-0.011726,-2.6285,-0.23157
3.75,0.79428,-0.37752,-2.6124,-8.2964,-0.027218,-2.9426,-0.1718
3.7309,1.2311,-2.6537,-0.19184,-5.9766,-0.086477,-1.5203,-0.06593
-1.5708,-0.75992,-3.0284,-0.91404,-0.27994,-0.23165,-2.6606,0.051257
-1.3853,-0.71819,-6.4095,0.37796,-1.0333,-0.23185,-0.97526,0.33265
-1.3257,-2.5695,-1.078,1.9369,-5.3876,0.0075396,1.1645,0.27633
-1.3205,0.45907,2.4259,0.13351,-0.24239,0.028846,2.0561,0.15233
-1.237,0.39659,-3.5323,-0.49075,-2.7971,0.052533,3.8818,0.052742
-1.2399,1.4817,-1.9517,1.0757,-3.6774,-0.024484,6.9919,0.010783
-1.3418,1.7638,-0.91717,-2.624,-0.3568,-0.035843,0.44326,-0.11375
3.7409,-0.2962,0.90442,0.088824,3.4948,0.11878,-1.6276,-0.15627
3.7484,0.84682,0.14725,-2.2103,3.9745,-0.47597,-0.32134,-0.22527
3.7273,0.41483,0.79999,-5.4306,4.9208,-0.29175,-4.0714,-0.19499
-1.3613,2.003,-3.8113,-3.1979,-3.9054,-0.19289,1.83,-0.095379
-1.354,-3.2196,-6.9363,0.80426,-6.6312,-0.12141,0.54692,-0.014479
-1.3542,-1.598,-7.2803,3.6501,-3.1074,-0.17486,-1.8002,0.15781
-1.1328,-5.7654,-4.3249,2.8816,2.9037,0.020259,-3.654,0.25477
-1.2852,-5.387,-0.71054,-0.74241,4.6176,0.27853,-0.81531,0.28412
-1.3278,-0.94993,-2.577,2.2106,5.4643,0.51204,0.83445,0.16085
-1.315,3.546,-4.5814,-1.9478,3.2484,0.19313,3.2531,0.0013402
3.7266,2.2458,-2.0435,-2.7812,0.40721,-0.025735,-4.1217,-0.07328
3.751,2.7771,-0.99195,-2.0069,-8.7369,-0.097951,-1.9273,-0.17484
3.7261,-1.2214,-1.2391,1.0307,-9.2661,-0.049127,-1.4284,-0.1856
-1.4227,2.9058,0.53961,-1.8674,-3.6005,-0.27237,-4.2252,-0.17479
-1.1866,0.40177,-3.6986,-0.76029,-0.083762,-0.33941,-3.9908,-0.082236
-1.2575,-1.9055,-4.0611,2.0066,-3.4761,-0.13154,-1.6345,0.13381
-1.3516,-3.4721,-0.97926,2.9533,-5.3645,0.049824,0.68378,0.3217
-1.3453,1.1532,-0.41137,1.209,-3.2853,0.060073,4.4018,0.18877
-1.4502,1.8856,1.637,0.51798,-4.0177,0.057063,7.3792,0.28855
-1.3772,-0.40885,-5.6119,-4.3856,-1.9206,0.031182,-0.47942,0.14963
-1.3141,0.87148,-0.87133,0.4305,2.6127,0.070508,-0.28998,0.005648
3.7774,0.7386,1.2332,-4.2486,4.4475,0.16533,-0.018193,-0.079924
3.7406,1.0888,1.9808,-3.0724,5.9442,0.15792,-5.995,-0.11694
3.7167,0.66597,-5.657,-2.9622,1.9104,-0.28274,2.7876,-0.2489
-1.351,-2.827,-5.3817,2.6763,-4.2533,-0.13658,0.678,-0.23379
-1.3578,-5.744,-7.74,2.1607,-4.3981,-0.16918,0.69281,-0.080192
-1.3979,-5.9146,-5.2843,3.9717,0.35726,-0.13428,-4.3333,0.13291
-1.385,-2.83,3.1884,6.6171,5.1965,0.33833,-3.8804,0.14204
-1.2967,-2.7823,-0.22079,-0.041117,6.1106,0.5998,-1.7533,0.10799
-1.309,0.69479,3.3659,5.8536,5.6221,0.49509,-1.8249,0.24323
3.7991,2.1504,-6.214,-3.1023,3.3962,0.17186,-3.6656,0.048945
3.7975,2.1428,-3.0795,0.42772,-2.8739,-0.025677,-6.9573,0.029937
3.7483,1.2623,-2.6139,0.45181,-8.7128,-0.059061,-3.4699,-0.068558
3.7193,-1.3091,-1.7051,-0.21889,-4.6429,-0.12336,-10.669,-0.23065
-1.3771,2.5461,1.3546,-0.92326,-2.7676,-0.26106,-3.3611,-0.14958
-1.5143,-0.39155,-6.0126,2.1314,-0.42534,-0.20288,-5.1343,-0.14466
-1.4161,-1.8741,-3.0375,3.5622,-5.4806,-0.024779,-0.9952,-0.038404
-1.3305,-1.4832,1.5022,2.4922,-3.8786,-0.016096,4.2051,0.1472
-1.327,-0.087162,-0.31848,6.0426,-3.7888,0.075674,4.4335,0.10327
3.8698,-0.77345,0.086271,1.153,-2.1306,0.023436,-0.23406,0.19668
-1.1577,-1.8849,4.2111,1.5638,0.57202,0.019585,2.8576,0.24594
3.9143,-0.8061,0.99801,-1.935,3.3086,0.14079,-0.4872,0.057025
3.6086,2.3888,1.169,-0.29862,6.4871,0.56499,-2.9837,0.043737
3.7181,1.0254,-0.38055,-3.3774,4.7722,0.25894,4.4797,-0.06004
3.6543,1.6349,-4.6591,0.32712,-2.7925,-0.048986,-0.25921,-0.18307
-1.353,-6.4295,-7.4201,1.4427,-3.0775,-0.12251,-4.6533,-0.2121
-1.3646,-4.0758,-7.0264,1.8108,-0.80398,-0.17503,-2.283,-0.1058
-1.1844,-3.8527,0.86901,4.7282,3.8483,0.099618,-2.4144,-0.042322
-1.2228,-1.2532,5.3481,-1.2334,7.2632,0.67794,-8.0012,0.071725
-1.3232,0.021826,4.387,0.13803,6.4054,0.5897,1.1247,0.19332
-1.3432,3.6447,8.2372,0.68506,4.8449,0.43792,1.3218,0.22659
3.7449,-0.28978,-1.3884,-1.9983,2.2997,0.013097,-5.321,0.093702
3.6657,1.8093,-0.94949,0.84487,-5.1268,-0.08253,-4.161,0.059994
3.7306,1.143,-0.98683,0.33536,-5.7475,-0.055557,-11.319,0.029256
3.7017,-0.45069,-5.7559,0.48586,-0.5894,-0.39183,-10.06,-0.081847
-1.3758,-0.26496,-6.9881,0.67648,1.1144,-0.41219,-7.1341,-0.092482
-1.1813,0.4728,-2.7879,2.4366,-3.4448,-0.12847,0.38868,-0.21495
-1.335,0.44359,1.4364,2.7393,-7.142,0.026516,4.6811,-0.2149
-1.3567,-0.39401,1.2636,2.1424,-3.4612,0.026221,9.2028,-0.083696
-1.3538,1.323,-2.9781,3.1516,-4.0905,0.015356,-0.65,-0.07822
-1.5961,-1.5671,6.3075,-1.3972,-0.015563,0.0086434,5.2054,0.15352
-1.3432,-2.4449,6.0687,0.42193,1.993,0.046661,8.0999,0.20877
-1.4806,0.35255,-0.18971,-1.44,5.6644,0.4631,-1.0587,0.27115
3.7351,3.6722,2.4475,-1.0068,5.7984,0.44068,2.3977,0.14956
3.7092,-0.17691,-5.2196,0.019541,1.2915,-0.096642,-6.0818,0.11741
-1.3327,2.0038,-3.0462,0.41464,-6.8743,-0.050487,2.7137,-0.028182
-1.3869,-2.1188,-2.1,1.6441,-2.7312,-0.13642,-3.9533,-0.12213
-1.3813,-0.40589,1.6193,0.98542,3.464,-0.0041788,-2.8046,-0.24002
-1.5299,-1.6053,6.1705,2.4801,6.2643,0.38995,2.2747,-0.24167
-1.4101,-0.86883,13.305,1.5266,6.3492,0.56018,6.6492,-0.12118
-1.2782,-2.3983,-2.2171,1.875,6.3325,0.61992,1.6161,0.14615
-1.3297,0.20043,5.8129,1.8005,4.4582,0.38437,0.015856,0.11084
-1.3362,-1.8945,0.44413,2.0709,-0.07655,-0.078211,-0.84257,0.054494
3.7627,1.7373,-2.1268,1.7581,-3.8622,-0.11017,-6.2509,0.16888
3.7269,0.46567,-3.8398,-2.1971,-4.2978,-0.34271,-8.285,0.095211
3.6948,1.7439,-5.9642,1.9732,0.39433,-0.66834,-4.7684,0.10592
-1.384,1.0136,-2.3349,1.3719,-0.89892,-0.32777,-2.3351,-0.049648
-1.545,2.9405,3.6733,2.1844,-6.0673,-0.069759,7.6279,-0.16586
-1.3175,1.0242,3.3127,0.48629,-5.2289,0.024161,8.3929,-0.24691
-1.3419,1.76,3.7512,0.014248,-5.022,-0.0049425,2.9159,-0.17496
-1.3354,0.47874,0.44554,-4.2501,-4.1193,-0.017116,3.5724,-0.10059
-1.0457,0.1911,3.3168,-1.7764,1.3811,-0.059446,9.0634,-0.015575
-1.2611,0.10843,5.5493,-0.080413,3.1668,0.15142,-0.60234,0.090952
-1.3198,2.7201,0.2914,-3.1362,5.2115,0.40204,0.79615,0.066128
3.7549,1.0216,-1.1291,0.73948,3.5545,0.17412,2.156,0.15783
3.7312,0.95048,-2.7784,0.18284,-5.7546,-0.076061,2.3213,0.23788
-1.4339,1.4737,-4.2015,0.91377,-4.8269,-0.086246,-5.0211,0.12963
-1.3479,0.025191,6.2584,1.172,2.0763,-0.17947,0.49892,-0.039036
-1.3439,-1.9377,2.4532,0.0062516,5.4433,0.29957,2.2652,-0.11977
-1.0329,2.3714,4.0456,0.1628,6.8398,0.62284,0.14542,-0.18285
-1.1743,-2.8341,9.9455,1.91,5.5613,0.51622,-0.42527,-0.205
-1.3427,-0.35574,5.1503,-4.7164,4.764,0.40356,8.5701,-0.10117
-1.3216,-0.085794,1.8194,-2.4606,4.2844,0.30833,-3.4025,-0.035021
-1.5049,-0.16188,2.6259,-2.2979,1.4525,-0.066544,-2.8816,0.054275
3.7783,-1.4188,-1.3236,2.4424,-1.7879,-0.19622,-9.9096,0.20293
3.7533,-0.45063,-3.4162,3.6585,1.4344,-0.72006,-4.7353,0.28794
-1.3764,-0.21758,-3.7529,2.0937,2.5314,-0.45877,-3.5549,0.1886
-1.355,-0.87316,0.57266,3.4429,-1.4787,-0.17564,-1.412,0.05262
-1.1467,0.4359,4.7081,-0.39403,-7.0251,-0.053189,8.9409,0.024851
-1.3503,0.41864,6.0426,-2.6296,-4.6374,-0.020113,5.8389,-0.16314
-1.3325,-3.0845,4.6309,-0.37422,-2.2868,-0.035381,3.6835,-0.21507
-1.3345,-1.4181,7.1079,2.0802,2.6317,0.12862,2.1455,-0.12261
-1.4336,1.2461,1.3271,0.90431,3.7793,0.26457,-0.043103,-0.15255
-1.329,1.3712,3.6878,1.8259,4.087,0.3047,1.4967,-0.12529
3.7911,1.3407,-1.7698,-4.434,4.7914,0.41492,-0.40836,0.06659
3.7486,1.3802,-2.4431,0.10016,-1.4388,-0.037948,-1.8016,-0.0072511
3.7301,1.4885,-1.3875,-0.064407,-5.9951,-0.1168,-0.48838,0.27509
-1.3075,-0.42816,-0.12733,-1.8295,-0.9484,-0.12096,-0.55986,0.27804
-1.3657,1.9288,0.51491,0.75106,5.9483,0.32458,-0.60153,0.13715
-1.3558,-0.69928,-1.7988,0.95695,6.1743,0.5565,3.5436,-0.0055961
-1.5495,-3.8841,-2.6303,-0.36041,6.1556,0.6296,3.4754,-0.11692
-1.3498,4.3931,2.7728,3.7661,4.8773,0.48327,0.2585,-0.14398
-1.3128,2.9477,4.7246,-2.5647,3.7534,0.28227,2.1793,-0.21738
-1.3008,-0.88944,1.7542,1.6019,3.0939,0.18751,-0.59486,-0.13425
3.7659,-0.81997,0.43285,0.55411,3.1894,0.098873,-7.0954,-0.069824
3.758,0.14536,-2.2598,0.20404,1.6251,-0.39416,-5.5726,0.046049
3.7427,-3.0277,-5.4353,0.53933,3.8038,-0.59039,-4.0945,0.53519
-1.3809,-0.8702,-2.6835,0.059671,2.8636,-0.17085,-2.9298,0.21583
-1.4984,0.28071,-0.49742,-0.99584,-3.0009,-0.17005,3.544,0.093167
-1.4701,-2.0666,1.1438,-4.8323,-4.6393,-0.09043,2.7275,0.17341
-1.3008,-2.5847,-0.93633,-1.7991,0.068975,-0.047458,3.7114,0.023755
-1.3298,-3.0374,-5.3971,-1.269,0.87755,-0.078237,5.9703,-0.13025
-1.3273,0.21133,2.8997,2.9368,4.4029,0.41362,7.2028,-0.11663
-1.2041,0.93429,0.78871,-0.52874,4.1806,0.35572,-2.7646,-0.16742
-1.288,0.31711,2.5083,-0.7371,3.9061,0.3397,-0.33145,-0.15116
3.7485,1.352,0.27266,-1.0707,1.9656,0.036239,-0.52962,-0.077149
3.721,0.040816,1.29,0.13248,-6.1184,-0.062957,2.2736,-0.036992
-1.3782,2.6038,-4.6736,-3.204,-3.8667,-0.11077,-4.5251,0.26112
-1.4366,0.016284,-2.57,-3.4531,2.3332,-0.0021316,-4.0192,0.21826
-1.3607,-0.79444,-0.83843,-0.5741,5.3044,0.3409,-1.4432,0.37113
-1.3562,0.1511,-4.1944,1.1267,4.1145,0.27332,0.43774,0.14732
-1.2721,0.99356,-2.0215,-1.2225,3.9964,0.32192,10.448,0.022368
-1.2787,2.7987,2.6141,-0.86462,1.6017,0.037317,5.5131,-0.10752
-1.3359,1.4567,2.8182,0.27212,2.016,0.024071,1.1843,-0.19163
-1.334,-1.8588,-3.1715,1.4028,2.4724,0.076919,-5.958,-0.16722
3.7468,1.4466,3.4963,0.17863,3.0961,-0.017726,-0.33107,-0.14571
3.7281,-1.4032,-3.6182,1.2524,3.1053,-0.56053,-2.4322,-0.06206
3.7096,-1.3173,-4.2062,-0.98076,4.2688,-0.50698,-4.228,0.10052
-1.3821,-0.080554,-5.0249,-1.4595,1.2406,-0.29768,-5.434,0.27332
-0.99895,-1.3673,-2.3958,-2.1008,-5.0438,-0.16691,3.9437,0.18015
-1.2575,-0.94371,-3.0522,-1.5002,-4.7885,-0.11168,5.1056,0.4732
-1.4194,1.9441,-4.1923,-1.7257,2.0448,0.101,5.8214,0.15158
-1.3541,-2.1084,-7.1514,0.28995,3.1536,0.21091,4.6113,-0.0078109
-1.5165,-0.70116,4.0015,2.7025,5.0641,0.49759,-1.6581,-0.09219
-1.5015,2.0037,3.7803,0.44816,4.1572,0.34216,-3.6963,-0.17499
3.7408,1.025,3.9882,-1.5313,3.4761,0.2721,-2.1381,-0.22464
3.7401,-0.032479,1.2027,-2.857,-3.7266,-0.040014,-2.9807,-0.12188
3.7211,0.39533,-0.78588,-2.4111,-6.5029,-0.093151,-1.1436,-0.039085
-1.2578,1.3955,-2.5116,-0.83029,-1.2226,-0.14136,-6.1988,0.03388
-1.339,0.071648,-0.59568,-2.1801,3.8056,0.10281,-0.36425,0.025775
-1.3759,0.076792,-6.2844,-1.2357,3.0496,0.076123,4.9043,0.35193
-1.3632,-0.34812,-3.8155,1.0498,3.4993,0.29356,6.5516,0.28617
-1.5378,0.48652,-2.8446,-1.9706,2.004,0.1172,12.003,0.18543
-1.375,0.44505,3.8887,4.3606,1.8683,0.076354,1.5843,0.061236
-1.3262,0.97629,2.7993,0.60206,2.3478,0.05972,-1.1411,-0.11052
-1.3179,1.2879,2.1587,3.7568,3.0735,0.15845,-1.4302,-0.11485
3.7383,0.32487,-0.10635,0.79485,3.5941,-0.12722,-4.4984,-0.18643
3.7166,-3.0384,-6.0608,-0.23463,4.1536,-0.76176,-2.0203,-0.15289
3.8378,1.7999,0.1205,-5.3329,4.0403,-0.25062,-10.03,-0.096644
-1.3809,0.387,-4.5404,-2.2254,-3.7983,-0.18495,1.9532,0.011562
-1.633,-1.6169,-1.955,-2.884,-5.6472,-0.12606,2.4541,0.41073
-1.4069,0.070068,-5.2494,-3.0734,-2.3239,-0.10146,4.2481,0.39233
-1.3144,0.51382,-2.2847,0.71457,1.9893,0.045454,6.359,0.34779
-1.3336,-2.7741,-3.7614,2.1901,5.4819,0.52586,-1.9161,0.16686
-1.327,1.4362,2.6992,0.7154,4.3338,0.40679,-6.3278,0.022368
0.95824,2.4498,4.3126,2.4012,3.76,0.33307,-2.5587,-0.075738
3.7185,3.359,2.5558,-1.9273,0.59702,-0.038936,-3.9586,-0.13025
3.7109,-1.3395,-1.4315,-1.117,-6.6737,-0.09541,-1.2492,-0.21437
3.6926,3.1829,-2.8926,-2.1977,-5.6845,-0.14463,-8.1854,-0.13145
-1.4975,0.12273,-4.0475,-2.2215,-0.43528,-0.17442,-1.6654,-0.10908
-1.3692,-1.1008,-3.9052,-1.1548,3.3703,-0.011123,-2.0485,0.02872
-1.3644,-0.9642,-3.8776,0.13147,-0.62352,-0.1023,-1.8759,0.45023
-1.3624,0.024003,-2.204,0.24665,2.7378,0.14326,-0.81359,0.05206
-1.2184,2.1166,-2.6183,5.3647,1.6022,0.066337,5.2788,0.090685
-1.338,1.9678,0.77419,4.3354,0.0063373,-0.087869,5.0501,0.19203
-1.3416,2.3766,3.1496,0.32406,1.1449,-0.088171,0.00264,0.066201
-1.3431,-0.89254,5.1784,-0.42663,4.4437,0.32399,-4.0285,-0.057923
3.7219,1.1803,1.3554,-1.9882,4.5741,-0.060678,-0.57881,-0.18679
3.6993,-1.0237,-1.3404,-0.56359,5.9967,-0.14681,-0.58504,-0.248
-1.3751,2.2894,-3.5199,-5.1635,1.2745,-0.25469,-3.2084,-0.21653
-1.3856,0.64991,-5.7987,-3.7284,-4.6967,-0.18942,-0.74139,-0.10674
-1.0068,-0.76409,-6.5315,0.84723,-5.0969,-0.14097,1.4956,0.12086
-1.2816,-4.4132,-8.5554,3.3298,-0.084193,-0.1697,4.8678,0.33241
-1.3583,-4.2396,-4.9183,10.782,4.9419,0.44383,0.10014,0.32362
-1.3553,-2.9622,-1.7536,1.8289,5.0783,0.50362,-0.012503,0.41959
-1.7022,2.586,-2.9532,0.05908,3.4884,0.29888,0.48424,0.20373
3.7426,3.0794,2.231,-0.41685,2.2673,0.081867,-2.1266,0.015919
3.7104,3.0374,0.60986,-2.1724,-5.6265,-0.084199,-0.62126,-0.063837
3.6838,-0.40736,-1.135,-2.6533,-8.882,-0.15234,-0.30615,-0.11195
3.6828,1.8456,-2.7634,-2.9646,-5.737,-0.27178,2.7589,-0.15145
-1.1779,0.54575,-1.6277,-0.47238,-0.039583,-0.33017,-1.1398,-0.21398
-1.4321,-1.4341,-5.7472,1.8863,1.3127,-0.25684,-5.8597,-0.013993
-1.3893,-1.9898,-2.0208,0.52336,-4.0845,-0.11095,1.1817,0.12683
-1.3789,1.8147,0.24841,0.46964,0.28929,-0.0025744,2.8116,-0.00141
-1.4328,3.729,-6.477,1.1888,-3.8755,-0.031947,8.1714,0.15051
-1.3843,3.5026,-4.9554,-2.0167,-2.2508,-0.04088,-0.032282,0.31827
-1.3504,2.1085,-0.92365,-2.6006,1.4206,-0.02759,0.053302,0.18606
3.7213,1.0348,-0.1288,-2.3639,5.1329,0.38669,-0.037388,-0.0022375
3.7112,0.77129,0.98407,-4.2876,6.0346,0.071355,-3.8822,-0.035629
3.6826,2.8497,0.44005,-4.0722,3.4704,-0.15851,0.79375,-0.15114
-1.3992,0.041959,-7.3453,-3.1738,-4.7388,-0.20463,7.9744,-0.26044
-1.3894,-4.388,-6.0142,0.49713,-5.7477,-0.17013,-3.8438,-0.15026
-1.5487,-3.6222,-7.7541,3.2416,-2.0236,-0.19391,-1.416,-0.072525
-1.3928,-3.7809,-1.3127,5.9519,3.8904,0.24381,-6.4076,-0.021756
-1.3547,-5.1743,2.7497,5.7661,5.9266,0.60279,-8.8172,0.10144
-1.3454,-2.7821,-1.9778,0.78764,5.1781,0.53858,-0.29079,0.19731
-1.2514,-0.68755,-4.2492,1.002,2.9117,0.21787,0.0001868,0.21912
4.0546,2.7229,-1.4433,-3.0291,-1.5953,-0.062398,-1.1481,0.15681
3.7277,0.011525,-2.6326,2.7002,-7.5991,-0.05772,0.1262,0.099592
3.697,0.063903,-1.5176,-3.077,-6.5619,-0.16433,-4.0784,-0.018252
-1.7641,2.1519,-1.7653,-0.39175,-1.0212,-0.22228,-3.3138,-0.13549
-1.4698,-2.7087,-2.5939,1.2105,-0.012949,-0.3339,-5.8546,-0.2102
-1.3453,-0.46158,-1.668,2.1424,-6.3869,-0.15132,-1.7159,-0.18195
-1.3658,-2.5384,-0.7502,2.9435,-3.5111,-0.081535,5.3739,-0.064932
-1.3608,0.10996,-0.33223,3.6215,-3.0473,-0.060011,8.3698,-0.037722
-1.1721,0.32321,-1.4079,1.3474,-4.4066,-0.029945,4.7116,0.20836
-1.3738,-2.0385,2.097,3.6072,-0.65497,-0.092419,-3.0056,0.17426
-1.3376,-2.1573,-2.4545,0.069607,3.4074,0.27116,-0.59714,0.070022
3.5836,1.6703,1.2488,-3.6029,4.8964,0.38843,-2.137,0.11291
3.7144,1.7166,-0.77557,-1.4206,5.5613,0.24621,-0.22231,0.054299
3.6897,2.9233,-1.6143,-3.2469,0.68426,-0.20224,2.5486,-0.0091738
-1.3827,-1.7062,-5.8618,0.82374,-4.6376,-0.17935,-1.2706,-0.14459
-1.3781,-2.7518,-8.3807,3.3459,-2.1461,-0.26727,-1.7845,-0.12685
-1.0397,-4.5613,-2.8386,2.9742,3.5315,0.11103,-1.8388,-0.23581
-1.343,-2.5868,5.6971,3.554,6.2578,0.55969,-7.682,-0.15795
-1.359,0.43812,-1.1448,-0.63473,5.9742,0.60091,-4.8245,-0.073621
-1.3441,1.2238,7.7618,-1.1927,5.1058,0.48067,1.4981,0.068075
-1.571,-0.28686,5.601,2.2926,3.084,0.20993,-3.5914,0.16874
3.6992,0.94063,-4.1161,-1.2958,-3.7257,-0.090058,0.89604,0.07046
3.7353,1.5641,-0.45447,-0.10488,-6.6346,-0.11306,-6.0631,0.20882
3.7095,-0.91921,-1.1271,1.2837,-2.5175,-0.3123,-5.2561,0.26088
-1.0371,-0.3042,-2.0176,-0.10507,-1.8243,-0.40371,-4.3883,-0.014966
-1.3091,1.1768,-3.9301,1.5943,-2.533,-0.24105,-1.91,-0.097131
-1.3778,-0.60504,1.4624,2.9653,-5.3254,-0.078583,-0.99208,-0.2325
-1.3597,-0.026346,0.44534,2.4258,-3.1286,-0.046752,3.3509,-0.21614
-1.4961,1.1928,4.0327,-1.9914,-5.6444,-0.046496,1.7101,-0.13128
-1.5054,-1.2829,0.95224,-3.7112,-2.217,-0.061372,12.437,-0.0025539
-1.3875,-1.208,5.2199,0.13057,0.71554,-0.084763,4.8898,0.13298
-1.4885,-0.54689,2.7644,-2.7869,4.3144,0.35222,0.67592,0.053399
3.729,3.9966,1.8282,-2.2723,5.1064,0.45288,-3.2258,0.034902
3.7089,0.2158,-1.9552,-1.1724,1.8151,-0.10533,2.1537,0.14569
-1.3211,0.34326,-6.9116,0.60977,-6.6841,-0.12015,-1.2819,0.18845
-1.396,-1.8219,-5.0038,0.92756,-3.8945,-0.23527,-3.935,-0.0094415
-1.3843,0.73731,-2.5667,0.49246,2.2811,-0.12207,-0.29221,-0.10266
-1.5042,-2.2851,3.9388,2.8363,5.8582,0.36231,1.8354,-0.23892
-1.3604,-3.4949,13.645,-5.8784,6.1323,0.5667,7.194,-0.22768
-1.3505,-2.2311,8.9338,2.953,5.3986,0.586,2.2506,-0.16859
-1.3403,1.1372,1.2253,-3.1861,4.9551,0.46857,-2.2226,-0.022681
3.8052,-0.002308,1.3347,-0.55012,2.2185,0.096165,-4.2655,-0.026405
3.7358,0.46771,-1.2353,0.87373,-3.8231,-0.10357,-4.3452,0.018644
3.7099,0.74648,-3.1043,-0.17907,-6.0707,-0.25813,-9.9598,0.10108
3.682,0.87914,-3.3265,-0.15938,0.75202,-0.81986,-3.3778,0.27132
-1.6681,0.84495,-2.0392,1.7345,-0.61442,-0.56944,-4.9877,0.19468
-1.421,0.91211,3.2183,-0.27841,-5.0574,-0.16646,1.6453,0.025848
-1.3175,1.03,3.9776,0.44271,-6.5153,-0.034148,7.893,-0.15486
-1.3719,1.3896,4.1155,-0.60636,-3.4576,-0.024362,4.9411,-0.18694
-1.3726,0.015314,10.589,2.2764,-7.7124,-0.078487,5.4861,-0.15554
-1.2151,-2.0519,1.6846,-0.69528,1.9443,0.075321,1.7869,-0.21125
-1.29,1.2323,3.3092,-1.3614,2.3654,0.14435,-0.84291,-0.069434
-1.389,-0.030674,5.4759,-1.2287,4.7489,0.48441,4.4375,0.095747
3.7168,2.1953,-1.7296,1.0256,3.4495,0.26195,4.0094,0.073186
3.695,-0.85074,-4.811,-0.79881,-4.7621,-0.09729,-0.66406,0.29902
-1.4229,2.5861,1.2292,-1.1697,-7.3681,-0.15462,-0.56342,0.24942
-1.3973,-2.537,-2.0055,2.7707,1.7659,-0.12974,-0.96069,0.041984
-1.3952,2.6086,2.2011,-0.21253,5.8121,0.2916,-1.4266,0.019034
-1.242,-0.47219,3.552,-0.18885,5.57,0.50774,1.0883,-0.058872
-1.3317,-2.6603,4.2247,3.2887,6.0875,0.64109,9.0946,-0.20974
-1.3634,-3.2998,10.058,4.6177,4.9057,0.46939,3.0219,-0.2536
-1.3544,-0.64629,9.3834,-1.0587,3.5821,0.31595,-1.3911,-0.16774
-1.4635,0.13492,2.3884,-1.7938,1.4782,-0.034155,-6.3385,-0.10974
3.7206,0.71269,2.5331,0.83452,-3.3454,-0.16585,-4.804,-0.029691
3.7036,-0.20429,-2.2647,2.6782,-0.31014,-0.7054,-4.609,0.021054
3.7662,0.44288,-5.0558,0.37085,1.5113,-0.94998,-6.0403,0.18317
-1.1152,2.7713,2.5548,-0.1749,-3.2276,-0.4132,1.8545,0.17158
-1.3069,-0.13706,3.6132,-1.2876,-6.929,-0.07273,5.6357,0.28312
-1.3122,0.011364,2.6416,1.094,-3.7647,-0.034059,4.8068,0.058656
-1.3791,-2.5428,2.7113,-1.2392,-3.8373,0.00052523,4.5664,-0.076541
-1.4198,-2.6032,11.367,-1.0651,1.5122,0.025066,-2.894,-0.19981
-1.4065,0.58069,4.0719,0.56576,2.2391,0.11401,2.9741,-0.24369
-1.4012,1.1024,6.197,-0.86405,3.5979,0.30389,6.1892,-0.19451
-1.3614,1.2616,3.143,-1.4336,5.1465,0.53758,-2.079,-0.10183
3.7084,1.1537,-0.88714,-2.121,-2.4639,-0.060133,4.4046,-0.019566
3.6925,0.7514,2.6673,-1.9565,-6.9017,-0.11571,-2.0072,0.16976
-1.3241,-1.9789,-5.825,1.7698,-4.1534,-0.10189,2.4283,0.2435
-1.4015,0.78326,1.1872,-0.15846,4.2617,0.089119,1.1019,0.21495
-1.3873,1.1815,-1.4555,-1.2674,5.4965,0.39149,-0.79342,0.16903
-1.5742,-0.01853,1.2358,-0.7392,6.3558,0.70513,-0.071924,0.050576
-1.374,0.85297,6.2779,1.0308,4.6458,0.44248,-3.4353,-0.070724
-1.3601,1.5018,10.663,1.4171,3.8107,0.33325,5.1056,-0.20378
-1.3592,0.85936,5.8921,-1.3643,2.0297,0.089889,-1.5512,-0.16917
-1.207,-1.8216,3.7064,2.3488,1.4361,-0.068951,0.0090361,-0.21532
3.713,0.66801,-0.48643,-0.84163,0.78157,-0.36917,-5.7333,-0.041154
3.6914,-2.0143,1.3354,3.4976,2.533,-0.89491,-3.2474,0.071896
-1.4216,0.72941,-0.78289,1.4057,2.3455,-0.46805,-3.8766,0.15764
-1.5684,-1.5004,3.9431,-1.02,-4.1961,-0.18901,-0.90503,0.06547
-1.5031,0.081178,3.8962,-1.024,-5.0731,-0.087471,4.9007,0.34068
-1.3784,-2.5033,1.2529,-1.5335,-3.4127,-0.034148,4.6846,0.25141
-1.3707,-0.1904,4.179,3.2836,-1.5413,-0.10081,-0.38433,0.042861
-1.3194,-0.70753,9.2671,2.3352,3.3231,0.27063,5.7976,-0.085619
-1.3066,1.5196,5.2055,2.2823,3.5249,0.29268,6.2626,-0.18326
-1.3008,0.21325,5.1772,-0.65152,4.0444,0.38479,0.95124,-0.18256
4.1251,3.1464,1.4001,-2.3742,3.058,0.23168,2.62,-0.20453
3.6939,0.16248,1.9889,-1.1994,-6.7799,-0.073135,-1.4108,-0.11524
3.6721,1.6923,3.5578,-0.022157,-6.7526,-0.080688,1.35,0.033831
-1.3329,0.16026,0.98107,-0.003659,1.3234,-0.10706,0.27407,0.16791
-1.3889,2.8233,-2.151,-1.4372,5.2277,0.28527,0.36085,0.39386
-1.3877,-2.6942,-5.7061,-2.3077,4.4539,0.36525,7.1829,0.10806
-1.2049,1.3098,-1.0846,-1.2222,4.5187,0.42113,5.7494,0.12298
-1.3325,2.6494,5.7205,8.242,2.5449,0.19759,1.31,0.020762
-1.363,1.0375,4.8467,1.4508,2.2205,0.10352,4.077,-0.1129
-1.3577,-1.4751,0.53764,1.0318,1.7845,0.043401,-0.80826,-0.13356
3.7035,1.3265,3.1193,-0.85392,2.9445,0.14743,-2.8487,-0.15997
3.6856,-1.8748,-0.90209,1.7697,3.5947,-0.26086,-2.4987,-0.20166
3.6658,-0.8343,-0.38269,-0.21448,3.5498,-0.50931,-3.743,-0.11704
-1.4299,1.4183,-2.1,0.28568,0.60743,-0.3448,2.0457,-0.028644
-1.1071,-2.616,1.9196,-1.4779,-5.2065,-0.18529,1.3235,0.071239
-1.2721,-1.9434,-3.5616,-2.3915,-5.1496,-0.041439,4.0276,0.34867
-1.4105,0.90138,-2.5224,-3.3847,-1.0269,-0.10982,3.2442,0.2364
-1.3981,-2.8994,-3.6673,4.8211,1.6122,0.046115,5.0362,0.16358
-1.475,-0.43391,1.5248,2.8367,4.4346,0.41474,-5.0789,0.088616
-1.5534,0.38114,5.7602,0.29274,2.8821,0.24229,-0.79768,-0.061086
-1.3911,0.23282,0.88175,-1.2665,3.842,0.31844,-0.6998,-0.16136
3.7245,0.72679,2.8416,-2.3463,-4.9497,-0.061609,2.8015,-0.18786
3.7005,-2.186,2.5265,-0.80526,-7.5212,-0.12258,1.2379,-0.1772
-1.2456,3.9443,-0.372,-2.9137,-2.2773,-0.099235,-6.025,-0.17477
-1.3258,-3.6471,-6.4592,-0.18618,2.3477,0.016113,-0.12875,-0.0095145
-1.3875,-1.9555,-4.9654,0.91943,2.5428,0.036393,2.5264,0.14961
-1.3713,0.71025,-4.0928,-0.45942,2.3649,0.11046,-2.0384,0.15618
-1.4833,-1.5259,-1.7688,0.72836,2.8107,0.19937,4.9144,0.27351
-1.3705,1.1196,3.509,0.55376,1.2374,-0.032108,-0.15497,0.17828
-1.343,0.30163,-0.92934,0.083069,1.2893,-0.040803,-2.585,0.063231
-1.3247,0.19394,2.8686,2.756,3.5353,0.30101,-1.7533,-0.058409
3.7301,-0.25665,-0.056028,1.1456,4.1072,0.17412,-0.78442,-0.16396
3.7014,-1.8665,-0.661,-0.059744,4.4274,-0.31995,-2.8309,-0.13719
3.6825,-1.3215,-3.436,-1.1199,4.3013,-0.23083,-1.4128,-0.25976
-1.4046,0.84571,0.37017,-4.1846,-0.88133,-0.20421,-0.017294,-0.10626
-1.5988,-0.42768,-8.1347,-2.383,-6.2073,-0.16937,3.9846,0.055078
-1.3818,-0.63324,-5.1408,-0.9551,-1.9837,-0.076542,0.53086,0.13177
-1.3606,-4.571,-4.253,2.5011,2.3665,0.15048,1.1657,0.24611
-1.3491,-0.1253,-3.4066,3.2608,5.1717,0.55999,-4.4542,0.072431
-1.2626,2.9796,-2.5448,2.063,4.9062,0.5143,-0.29457,0.20283
-1.176,3.228,2.4353,-2.4535,3.2822,0.29133,-2.2756,0.10137
3.752,2.4939,4.6784,-0.9284,1.8209,0.071984,-2.0986,-0.051911
3.7188,1.9376,0.98176,-2.9297,-5.5923,-0.066923,-4.4663,-0.13045
3.6963,0.81571,-1.3674,-1.7007,-5.2859,-0.10604,-2.4421,-0.22751
-1.428,1.0774,-3.7468,-1.8018,0.6519,-0.17325,4.3164,-0.23883
-1.3178,0.99147,-3.9979,-1.4005,2.4658,-0.078006,-2.365,-0.15265
-1.3679,-2.5819,-6.069,2.7931,-0.3818,-0.12012,-1.4439,0.06844
-1.3692,-2.3089,-1.3345,1.2383,2.028,0.087925,1.132,0.043639
-1.2163,0.81111,-1.3485,-1.3833,1.4017,0.022621,1.8726,0.23747
-1.3136,1.3372,-3.1604,1.6667,-1.3883,-0.082427,5.2018,0.30688
-1.3489,2.0065,-0.074112,1.2103,1.3537,-0.0065212,-0.39464,0.13442
-1.3372,2.1044,2.0771,1.5049,3.5638,0.31331,1.2226,-0.032709
3.7689,0.023014,2.8585,-0.50648,4.6442,0.14967,-3.3935,-0.040618
3.7127,0.19331,-1.0472,-3.6866,5.3974,-0.15387,-5.2644,-0.12186
-1.2692,2.6476,0.077258,-4.7448,3.1427,-0.032993,-1.7207,-0.26633
-1.385,-2.0578,-4.3805,-1.1905,-4.018,-0.22553,4.7154,-0.14917
-1.2072,-2.1227,-5.3925,-2.8958,-4.3108,-0.15248,0.89405,-0.14856
-1.2713,-4.3824,-5.6287,3.7178,1.4584,-0.027263,1.0969,0.07321
-1.3711,-3.2457,-3.6615,2.3518,4.4028,0.36068,-5.8667,0.13096
-1.3531,-4.2394,-0.50761,3.2806,5.5706,0.60106,2.8469,0.19906
-1.485,1.232,2.3507,1.3207,4.5431,0.47835,2.3733,0.21943
3.7366,0.036301,-3.5689,-1.2332,2.7552,0.21276,1.8721,0.080536
3.7363,3.797,0.55581,-0.083496,-5.3972,-0.11995,-1.7559,0.037531
3.7103,-0.073457,-3.6006,-2.0275,-6.185,-0.13684,-3.679,0.0016566
3.6851,1.78,-1.8113,-0.27873,-4.2365,-0.17506,-2.1377,-0.13551
-1.3022,0.32676,-2.1992,-0.39233,1.0577,-0.19125,-0.80957,-0.25326
-1.4059,0.10939,-2.8917,0.74431,-0.24058,-0.22892,-3.6395,-0.21738
-1.3851,-4.316,-1.0604,2.2819,-3.557,-0.067526,1.0748,-0.16245
-1.3744,0.82178,0.93576,1.5715,-2.27,-0.050603,4.2234,-0.060186
-1.534,0.28529,-0.32658,5.3193,-2.12,-0.038127,3.3032,-0.0074945
-1.3915,3.0566,-0.65985,1.9668,-2.3083,-0.10386,5.5379,0.22525
-1.3376,-0.35541,-2.7046,-3.1851,1.1257,-0.012541,2.1864,0.19982
3.7365,1.3719,-0.7805,-1.1042,3.7146,0.31286,4.568,0.048872
3.7187,0.41199,2.4772,-2.9164,4.4353,0.060734,-3.387,0.16993
3.6867,1.1333,-1.9664,-5.5658,4.5347,-0.055301,-2.1687,0.012998
-1.4158,3.0301,-2.107,-1.9595,-1.8507,-0.20311,-2.3215,-0.15634
-1.4104,-2.0277,-0.33863,-0.12009,-4.6367,-0.22884,-3.9576,-0.12354
-1.6327,-1.9193,-6.0177,3.2105,-2.4208,-0.2204,4.4618,-0.23851
-1.4091,-3.8638,-2.3955,6.1326,4.0056,0.2444,-4.4788,-0.23948
-1.3597,-0.54834,-0.65912,0.3413,5.8694,0.59488,-4.8099,-0.0080786
-1.3453,-3.918,0.32194,0.81105,5.6563,0.60752,-2.5428,0.066371
3.753,1.2876,1.0401,0.55497,3.3086,0.25898,1.3504,0.20816
3.693,1.1412,-4.5068,-0.11779,0.60866,-0.13447,-2.9738,0.082823
3.7156,3.6088,-2.1983,-0.68434,-5.791,-0.08287,-5.1178,0.15584
3.681,-1.7588,-1.1449,-2.4039,-7.3001,-0.17787,-2.7823,0.035949
3.619,3.0019,1.7084,0.70008,-2.1297,-0.36055,-4.7843,0.0049665
-1.4347,-0.29444,-3.1342,1.0994,0.20327,-0.38479,-2.372,-0.11254
-1.4031,1.351,-3.0865,0.34783,-4.2375,-0.14177,-0.42858,-0.25299
-1.3905,-2.7415,-0.67404,2.7179,-4.3997,-0.11014,1.62,-0.21247
-1.2788,1.8414,0.51375,2.5482,-3.1296,-0.079899,7.1411,-0.10952
-1.2707,-0.096332,-2.3739,6.1313,-4.712,-0.036484,5.3108,-0.11448
-1.3992,-0.80794,1.9288,1.5926,-0.2972,-0.13694,0.26134,0.15628
-1.3709,-1.8596,1.8168,-1.0897,2.1857,0.1266,0.66097,0.15576
3.6615,1.7204,0.81697,-2.8212,4.144,0.31862,-0.9544,0.039794
3.7117,1.8405,0.72835,-2.1009,5.2724,0.31442,-1.7861,0.28527
3.6822,1.4655,-3.969,-1.5028,2.445,0.003612,0.34547,0.15839
-1.4063,-1.0966,-1.8818,0.6151,-4.9724,-0.19907,1.9825,-0.010853
-1.4026,-3.9104,-5.7092,2.7256,-2.7282,-0.19018,-3.1038,-0.073572
-1.2233,-4.031,-4.0108,4.4305,1.7928,-0.1181,-2.9299,-0.22172
-1.2968,-1.1629,3.5402,6.4441,5.3918,0.44609,-4.3615,-0.227
-1.3775,1.1151,-4.5745,-1.8389,6.4021,0.72299,-6.3621,-0.15557
-1.3754,-1.9916,5.8607,4.36,5.3542,0.58399,1.4981,-0.10256
3.6878,0.11995,-0.033557,-0.74408,3.6993,0.30736,-3.3812,0.04544
3.7004,0.9091,-3.0081,-0.82623,-2.242,-0.087921,-4.0924,0.096574
3.7263,1.4918,-3.3363,2.2131,-6.944,-0.15532,-5.1511,0.27509
3.6933,0.4225,-0.71288,-0.85386,-4.3061,-0.26728,-8.4605,0.18731
-1.1429,1.8609,-0.84969,-2.0923,-2.4429,-0.5039,-1.7943,0.16268
-1.3438,-1.0945,-8.6497,1.3226,0.18062,-0.31837,-3.0892,0.0051856
-1.4141,-0.19571,-0.44301,3.2239,-5.398,-0.10826,-0.80858,-0.13296
-1.3943,-0.21091,2.0588,3.5634,-4.1271,-0.03162,4.0617,-0.25275
-1.6788,4.396,0.021491,3.3617,-5.2035,-0.046939,5.5192,-0.23335
3.8309,1.3449,0.057176,0.92925,-1.9282,-0.036273,2.902,-0.20531
-1.4183,-1.8707,8.9601,1.4856,0.81083,-0.065934,3.8359,-0.067536
3.4544,-0.47007,3.9273,-2.8998,2.6884,0.2092,-0.35257,-0.053128
1.9072,2.1171,0.8525,-2.6392,5.3409,0.47211,-6.5079,0.093289
3.6989,2.2176,-0.075737,-2.9012,3.6806,0.24108,5.7403,0.080828
3.6704,2.5044,-4.0301,-1.2092,-3.965,-0.12677,-1.6643,0.28551
-1.4237,-3.5778,-6.037,3.096,-4.3349,-0.15923,-3.9341,0.17363
-1.406,-0.54081,-5.1516,2.8115,0.65096,-0.25558,-3.5592,0.022684
-1.5048,-3.1643,2.1667,3.2103,3.3985,0.076239,-2.1576,-0.11307
-1.4048,0.43527,7.7773,1.0864,6.5718,0.65668,-8.7117,-0.16328
-1.373,4.4594,0.68538,-2.7633,5.1733,0.58269,4.0077,-0.1671
-1.3613,2.5328,12.389,-2.7812,3.9374,0.41679,4.7473,-0.11765
3.3206,-2.0851,4.7491,3.0163,2.0022,0.060298,-4.0662,-0.11848
3.9114,0.34859,-2.0019,-0.14604,-4.4877,-0.13745,-3.1228,-0.041908
3.7031,1.2023,-3.1382,0.75453,-6.6386,-0.21094,-7.5245,0.15294
3.6742,0.096392,-5.236,-2.7201,-1.6972,-0.66559,-10.264,0.19485
-1.6161,-0.29574,-9.824,0.33532,-0.2851,-0.56998,-6.5957,0.26285
-1.4886,1.3813,-2.3264,2.2607,-3.41,-0.29535,-1.167,0.1213
-1.3948,2.3111,2.6964,2.6132,-6.2096,-0.063329,5.6968,0.047631
-1.3854,0.53326,4.3492,-0.47674,-5.0696,-0.091072,9.6578,-0.063837
-1.1428,1.2213,2.4377,-3.4077,-5.063,-0.060672,-0.40347,-0.1579
-1.2716,-0.054628,0.37235,-0.64694,-0.59767,-0.079392,6.3641,-0.24447
-1.4448,-1.712,7.0196,1.2971,0.91468,-0.018445,9.9823,-0.18886
-1.3716,-1.0526,1.4998,-1.1365,4.3599,0.41376,-1.1117,-0.11242
3.7185,2.4712,2.3772,-2.4773,4.711,0.39645,2.5418,0.081655
3.6937,-0.019538,-2.5464,-0.074054,-0.24593,-0.2178,-2.6733,0.18317
-1.3846,2.7184,-3.2035,-1.0234,-9.1673,-0.16779,1.7766,0.2555
-1.4037,-0.041662,-1.3404,2.7262,-2.2934,-0.17409,-5.9144,0.19546
-1.4026,1.4683,3.4781,0.23441,2.8068,-0.05412,-3.7424,0.068415
-1.1685,0.79226,5.5736,0.38361,5.0825,0.26792,2.9745,0.081874
-1.4635,-3.0726,12.361,6.0007,5.0683,0.50078,10.393,-0.092069
-1.3769,-2.1503,-0.9333,-2.9347,5.0391,0.56892,-3.3906,-0.1845
-1.3711,-0.65514,5.906,-1.1394,3.3008,0.2602,0.47645,-0.13257
-1.4936,-1.3741,2.6992,0.2634,0.81296,-0.1079,-3.5218,-0.1728
-1.3992,0.91156,-2.0797,-0.29489,-4.6456,-0.15375,-4.1923,-0.12899
3.7241,1.4481,-3.6152,1.8626,-4.7185,-0.44396,-5.6638,-0.052982
3.7042,0.37513,-5.1749,0.23614,0.019188,-0.90006,-4.1556,0.065349
-1.0616,-0.31918,-1.9675,1.0125,-1.7841,-0.56094,0.20966,0.22773
-1.3173,0.95907,3.8204,-0.11641,-7.3834,-0.13319,5.9614,0.28183
-1.3797,0.93907,3.2889,2.7029,-6.4451,-0.097618,7.3282,0.18667
-1.3684,2.0421,4.6019,0.20663,-4.7261,-0.027686,-0.016748,0.064035
-1.6186,-2.1924,6.1783,-4.1377,-3.1929,-0.11009,-5.5914,-0.057241
-1.4339,-0.67705,1.4857,-1.2908,2.1345,0.11215,6.0966,-0.18346
-1.3282,0.9387,5.6907,-1.2066,2.495,0.17769,0.056789,-0.21313
-1.3212,2.1108,1.6138,-1.4442,4.8361,0.50891,3.6152,-0.14593
3.7452,-0.53386,-2.7181,-0.59767,0.45847,-0.13927,-1.7695,-0.10154
3.7322,0.8706,-2.9264,0.78131,-7.6996,-0.17332,-1.5817,0.15547
-1.4803,3.0794,-0.14323,0.74127,-5.9498,-0.13658,-3.9641,0.14286
-1.3754,-1.9179,2.8944,-0.13927,0.73858,-0.30586,5.9512,0.070654
-1.6047,-1.1794,2.7951,0.68256,4.3889,0.15446,6.0991,0.3115
-1.5416,1.6794,-0.011747,1.2512,5.7812,0.51129,-0.679,0.19838
-1.4058,-3.0356,10.458,1.8162,4.0266,0.37801,1.0716,0.10918
-1.3294,0.78168,7.5834,-3.8032,3.9009,0.40817,4.9343,-0.05561
-1.3118,0.69605,2.9757,-2.026,2.92,0.1937,-2.7694,-0.10312
-1.0664,1.2338,2.799,-1.7498,1.183,-0.073263,-3.7546,-0.1636
3.7516,-0.81708,-0.70071,2.6681,-1.6284,-0.24571,-6.0319,-0.1976
3.7267,-2.3833,-5.062,3.6209,0.58641,-0.95137,-5.1097,-0.1618
-1.2928,1.2171,-3.8684,1.3933,1.1879,-0.83423,-3.5516,-0.022681
-1.552,-2.3159,-1.9894,2.6906,-2.1657,-0.38045,0.13325,0.074646
-1.3731,-1.246,5.1652,-0.13153,-8.5691,-0.14579,6.4888,0.4162
-1.3428,-0.11909,3.9089,-3.2235,-5.2582,-0.074065,2.5082,0.37296
-1.3315,-2.5148,3.9629,0.4957,-4.3098,-0.031415,3.5884,0.11709
-1.1319,-1.953,5.4152,0.34805,1.44,0.078549,0.41681,0.13435
-1.2898,0.7085,4.0853,0.98762,2.7862,0.22536,1.121,-0.018544
-1.3121,1.2504,5.4596,0.54895,2.9884,0.2245,3.1986,-0.12991
3.5228,2.8055,0.6696,-3.1175,4.0606,0.33942,1.592,-0.19244
3.7343,-0.45382,-1.7376,0.49358,-3.6873,-0.12142,-3.6938,-0.13863
3.7153,0.94967,-0.58471,0.71348,-6.5677,-0.10689,-1.6617,-0.12624
-1.3133,-1.4491,-0.26223,-1.476,-4.616,-0.10271,-0.60101,0.051793
-1.3579,2.7418,-2.4472,-0.50294,3.6418,0.025714,2.5315,0.10989
-1.1714,-0.74632,-1.7989,0.55251,4.9741,0.31965,1.1047,0.48403
-1.1759,-1.343,-2.3859,-1.1113,5.5206,0.57478,-1.7779,0.24557
-1.3996,2.7958,3.6065,3.1606,3.9007,0.39113,-0.90855,0.095455
-1.3329,3.1265,6.9895,-1.9935,3.0733,0.25794,-0.17279,0.096574
-1.5353,1.2007,1.2606,0.11098,1.975,0.052533,-3.4918,-0.0174
-1.53,-0.99273,2.4743,1.3038,1.7636,0.012603,-5.3412,-0.1498
3.7553,0.14358,-2.5678,-1.2808,-0.14792,-0.42468,-7.3751,-0.20062
3.7333,-2.7182,-4.4011,0.73339,2.5367,-0.79567,-3.6388,-0.1662
-1.3718,1.0444,-3.3733,-1.7995,2.6627,-0.36448,-4.5269,-0.1159
-1.1482,-0.30494,1.7639,-1.5234,-4.5854,-0.1601,0.040144,-0.079802
-1.3044,-2.7623,-1.0681,-1.8552,-4.6658,-0.069753,1.8683,0.19164
-1.348,-2.8201,0.053245,-0.26582,-2.0921,-0.043627,2.4434,0.31274
-1.3349,-2.3776,-9.347,-4.3621,-2.6653,-0.079822,6.4908,0.20111
-1.6235,0.35579,7.3988,0.55937,3.2842,0.27829,9.1404,0.206
-1.3921,0.93878,1.5407,2.0715,3.6763,0.35514,4.4838,0.11093
-1.2905,0.77983,1.6233,-0.95301,3.5095,0.30191,1.3737,-0.038233
3.7385,1.1975,0.57014,-1.3993,2.5119,0.18229,-3.6212,-0.10655
3.7157,-2.1048,1.0316,-0.36163,-5.8026,-0.15018,-1.0583,-0.1367
3.6698,2.6078,-2.0722,-2.5066,-6.6302,-0.1585,-1.6447,-0.21064
-1.3748,0.57498,-1.4473,-1.6679,1.5416,-0.09147,0.23362,-0.15474
-1.367,-1.4841,-0.17631,-1.9284,4.1617,0.15958,-0.65849,0.13335
-1.6248,-2.6701,-4.5898,-1.4437,3.862,0.27758,0.67526,0.23153
-1.43,0.013638,-3.1563,-0.22413,3.7832,0.38798,8.3029,0.22785
-1.3539,2.176,-0.83649,-2.0873,1.0938,-0.046618,4.1395,0.2527
-1.3302,0.68066,4.5588,1.0304,1.7858,0.054554,-0.14909,0.20118
-1.3049,-0.28292,0.90383,0.7681,2.2849,0.15269,-4.4958,0.077688
3.7462,0.85579,4.7299,1.2894,2.5638,0.038337,-4.1653,-0.018106
3.7176,-1.9191,-3.1977,2.5542,2.9703,-0.36649,-3.6092,-0.11531
3.6927,-2.161,-3.955,-0.67439,3.5825,-0.49922,-4.1471,-0.20899
-1.3951,0.68843,-4.6939,-1.9381,1.7831,-0.26632,-1.3388,-0.10689
-1.447,-0.53059,-1.2186,-2.9272,-5.0281,-0.13589,1.9643,-0.14593
-1.4134,-1.7189,-3.0975,-3.8224,-5.3042,-0.063579,6.2025,0.10777
-1.3545,2.2189,-5.0031,-0.013293,1.6239,-0.00087378,4.0745,0.05812
-1.3401,-0.87854,-9.78,0.68331,1.7038,0.052622,6.5991,0.021589
-1.1848,-2.9297,1.2241,3.9701,4.9157,0.52785,-2.5211,0.26343
-1.3384,1.1606,0.94519,1.0145,3.5608,0.32896,-0.88455,0.20846
3.89,0.3922,2.2102,-0.85724,3.1228,0.24001,-1.244,0.095138
3.736,0.23859,3.3131,-3.4052,-3.3299,-0.10631,-1.5243,0.0054046
3.7082,0.12053,-0.3347,-1.557,-7.1161,-0.13019,-1.4615,-0.10635
-1.4284,2.1031,-3.8704,-0.53397,-4.4489,-0.1381,-2.7511,-0.20685
-1.363,0.3419,-1.8617,-2.0781,2.9124,0.024071,-1.4873,-0.16335
-1.3606,-0.1528,-4.1774,-0.99154,2.5095,0.067197,-0.94563,-0.1296
-1.0914,-0.90204,-2.4312,-1.0449,1.7748,0.039056,1.1927,0.0040417
-1.2259,-2.1799,-1.9774,-0.1766,3.0542,0.29138,11.104,0.084503
-1.3377,-1.5176,0.11016,2.0815,1.3288,0.029173,2.9099,0.31228
-1.3343,1.0446,1.9708,0.30735,1.2178,0.032375,-0.81427,0.23306
-1.5408,2.1528,0.38601,3.9297,2.3093,0.11804,-1.4227,0.088178
3.7462,0.44953,0.60091,0.16131,3.679,0.087091,-4.6365,0.11702
3.7176,-1.9758,-6.193,-1.891,4.0918,-0.41732,-2.5765,-0.0043062
3.7054,1.0751,-1.4943,-3.4516,4.3676,-0.23905,-6.6646,-0.1122
-1.3894,1.2756,-6.0327,-3.8271,-2.8839,-0.25275,1.2421,-0.10811
-1.2285,-0.70524,-2.3168,-3.364,-5.8373,-0.12218,-0.28494,-0.22931
-1.3835,-0.24832,-5.8419,-1.7621,-2.9552,-0.10726,3.8838,-0.15644
-1.3516,0.60482,-2.6302,5.5524,1.4303,0.049009,3.8513,-0.09735
-1.3407,-1.7778,-8.5758,1.8644,5.0092,0.49006,-6.0172,-0.047433
-1.4741,0.68314,2.6023,2.0397,3.6503,0.3103,-1.2715,0.21938
-1.2435,2.7562,3.7423,3.2176,3.5391,0.26967,-8.5044,0.21508
3.8035,2.8843,1.3281,-2.444,1.6784,0.035687,-3.8904,0.066103
3.7292,-0.9836,-1.3358,-0.92369,-6.2549,-0.060736,-2.562,0.09122
3.7028,3.0738,-2.8992,-3.0037,-6.9936,-0.14213,-5.4411,0.042471
-1.345,0.8661,-2.349,-0.71628,-1.5978,-0.18865,0.30682,-0.135
-1.3702,-0.79616,-2.2978,-2.1953,3.7355,0.087386,-4.1526,-0.17949
-1.3642,-0.9534,-3.4995,0.81613,-0.55233,-0.12328,-2.1346,-0.20916
-1.5817,1.0101,-0.18385,0.45239,2.3858,0.12948,2.8239,-0.2002
-1.4207,2.8301,-1.0701,0.054712,1.4215,0.056511,5.2,-0.10762
-1.3323,1.4775,-0.83243,3.3013,0.45985,-0.066621,3.2884,0.1249
-1.3329,1.3247,1.9531,0.50922,1.8537,0.044126,0.19189,0.1969
3.7399,-0.43087,2.9558,0.91572,3.0951,0.14303,-0.23018,0.13225
3.7525,0.41812,0.0975,-0.98306,4.4712,-0.0012267,-7.5259,0.22228
3.7095,-0.64139,-1.6485,-4.1302,5.5681,-0.14958,-1.3118,0.19638
-1.3834,3.3525,1.779,-5.3127,1.8222,-0.17627,-3.6936,0.015432
-1.6183,1.232,-5.7214,-4.0235,-4.9137,-0.17362,0.53032,-0.097374
-1.5391,-0.45464,-5.4814,-0.47074,-4.5225,-0.095436,0.60106,-0.16922
-1.3675,-3.3981,-5.8726,1.2674,-0.26193,-0.13273,4.055,-0.24274
-1.3541,-3.352,-4.8041,8.1191,4.8507,0.49216,-2.0012,-0.16445
-1.3376,-2.4637,-2.1592,2.4531,5.2975,0.58496,-1.1034,-0.032368
-1.2212,2.2844,-2.0093,-0.75736,3.698,0.35668,0.48366,0.027576
3.7505,2.0917,1.2763,1.5641,2.6824,0.19854,-2.227,0.007814
3.7368,1.576,-1.494,-2.342,-5.0304,-0.11999,-2.0882,0.19909
3.7085,-1.6169,-5.2824,-2.7133,-7.6002,-0.15342,-3.5135,0.024193
3.6887,3.4304,-2.7232,-1.9408,-5.0054,-0.22359,-1.7913,0.17063
-1.405,1.254,-4.1289,-0.491,-0.2394,-0.24519,0.053463,0.026311
-1.3777,-0.93156,-4.5656,2.0649,1.3235,-0.13591,-6.4463,-0.12249
-1.3701,-0.58981,-2.1952,1.1465,-2.1513,-0.10871,-1.0278,-0.16384
-1.1609,-0.034566,0.5407,0.8466,1.0696,0.012308,3.9496,-0.22646
-1.3036,0.67246,-5.865,-3.025,-2.5106,-0.067969,6.1773,-0.17353
-1.3567,4.4052,-3.098,-2.2978,-2.1037,-0.09928,0.52297,-0.058555
-1.3409,2.3768,-1.9662,-3.0165,0.3606,-0.14072,3.732,0.038115
3.7313,1.3155,0.72107,-2.7882,4.6576,0.38333,-0.98495,0.025386
3.7135,0.078089,0.8282,-3.9335,5.7109,0.25774,-4.0019,0.21583
3.6907,0.34858,-2.578,-3.3192,4.3968,0.052667,0.51631,0.50024
-1.4103,-0.35832,-8.6226,-1.3429,-2.9167,-0.22689,5.531,0.1389
-1.1931,-3.878,-7.725,2.0097,-5.1626,-0.2667,-3.4724,-0.0078595
-1.31,-0.68636,-7.1666,1.715,-0.42046,-0.19665,-4.28,-0.10433
-1.3439,-3.7026,-2.3793,6.4221,3.8336,0.29543,-1.2922,-0.19548
-1.3749,-2.388,0.19335,2.4113,5.8482,0.58995,-9.2669,-0.25236
-1.426,-2.3297,-1.7033,2.2801,5.6468,0.59872,-4.6539,-0.11276
-1.4974,-1.3924,-1.8742,1.7188,3.0125,0.19403,0.6428,-0.099686
-1.3624,1.6942,-2.1498,-0.73375,-0.45568,-0.12526,-1.8514,-0.042079
-1.7061,0.72019,-3.0282,3.2875,-6.8446,-0.069021,-3.1103,0.13685
3.7205,0.34565,-3.6254,-2.7271,-6.9625,-0.15177,-4.5064,0.010954
-1.1544,1.0287,-2.2355,1.0042,-1.1565,-0.23416,-5.6009,0.34791
-1.3143,-1.9789,-3.6258,0.95797,0.41935,-0.35111,-7.3459,0.15625
-1.3732,-0.34617,-3.7887,3.1439,-3.8114,-0.18604,0.77765,0.05907
-1.361,-0.93013,1.146,3.2336,-4.9936,-0.11387,4.5833,-0.090097
-1.5254,-0.87792,-0.55741,3.255,-2.5452,-0.078461,8.5288,-0.20772
-1.4239,-2.0368,-1.779,2.156,-2.762,-0.02354,5.1448,-0.25625
-1.3259,-3.7775,4.4783,4.0869,0.69913,-0.083146,-0.83233,-0.13875
-1.3244,-2.2789,-2.1923,-1.7174,3.1616,0.22249,-1.4826,-0.11144
-1.5828,1.5037,2.0771,-1.2029,4.4954,0.36907,-2.8368,-0.046727
3.7545,0.50502,-2.278,-0.87573,5.0533,0.25798,1.5339,0.058242
3.7293,0.64583,-4.9892,-3.7993,0.7911,-0.2015,-1.0836,0.28953
-1.3672,-3.2598,-8.541,2.673,-3.6422,-0.20942,-3.2664,0.32988
-1.4354,-1.924,-7.7563,2.1756,-2.7008,-0.1811,-4.2496,0.159
-1.4051,-3.3062,-2.3068,5.5351,2.9785,0.079069,-1.9288,0.16565
-1.3452,-3.8087,2.6255,1.261,6.2918,0.60459,-8.6463,-0.061111
-1.3251,-0.41233,3.2679,-1.0876,5.7948,0.61055,4.0067,-0.12731
-1.3137,0.77847,8.3727,0.059947,5.0177,0.56779,4.4573,-0.1719
-1.1908,1.1157,6.6619,-0.11649,3.0651,0.20973,-2.8036,-0.19237
3.7537,-0.050293,-2.3129,-0.77337,-2.589,-0.14015,0.094036,-0.087615
3.763,-0.59533,-2.019,2.5879,-5.7948,-0.11802,-6.1388,0.097816
3.7345,0.46984,-1.2464,-0.57703,-1.9059,-0.30522,-7.0744,0.037433
-1.5818,0.47479,-2.9472,0.23481,0.55003,-0.45519,-7.8261,0.24177
-1.4353,1.1479,-4.9852,1.1287,-0.90625,-0.32517,-3.6021,0.090368
-1.3487,-0.37029,0.75834,2.369,-5.7049,-0.090539,3.3141,0.204
-1.3313,0.705,-0.15504,1.2956,-2.6023,-0.11036,1.741,0.097937
-1.1294,1.8804,1.4045,0.86856,-4.9422,-0.067693,4.0029,-0.070554
-1.3042,-1.118,0.8378,-4.35,-2.1969,-0.037723,9.0267,-0.19828
-1.3118,-1.1299,6.9798,-0.88975,0.67133,-0.094884,5.683,-0.23912
-1.2415,-1.1139,3.1927,-3.245,3.9801,0.36598,0.45603,-0.14975
-1.6121,3.0981,3.9271,-1.2341,4.5984,0.39772,-0.25942,-0.1205
3.7315,1.5035,-0.31487,-0.076745,2.6042,0.10425,2.7382,-0.03855
3.7735,1.3128,-5.3931,0.48745,-5.5287,-0.1288,-1.5557,0.13749
-1.3642,-2.1633,-3.2806,0.89651,-5.6566,-0.19925,-4.9227,0.15306
-1.1793,-0.42899,-1.3694,0.8146,1.6779,-0.18133,0.30854,0.43356
-1.2505,-1.9395,1.3139,1.249,5.4206,0.34284,-2.4254,0.2728
-1.2805,-1.4119,4.5449,0.86449,5.9785,0.59547,8.3507,0.10767
-1.3374,-1.2339,10.947,9.3145,5.3287,0.62355,4.9031,-0.062303
-1.4014,2.6941,2.3159,-4.612,4.3788,0.42102,1.9846,-0.24953
-1.5455,-0.086533,3.1668,0.87389,1.6614,0.012661,-0.70937,-0.20823
-1.2722,0.66923,-4.1145,0.051417,-2.6774,-0.13042,-8.3449,-0.16377
3.7528,-1.1402,-1.323,-1.3585,-6.3572,-0.28127,-10.051,-0.081165
3.7274,0.94974,-2.7118,0.5291,0.26317,-0.79748,-4.0288,-0.024896
-1.1662,-0.14547,-1.7441,1.3247,-0.013842,-0.6111,-7.3457,0.13505
-1.2841,1.8693,2.0252,0.1163,-3.7864,-0.21753,-1.4735,0.20154
-1.3567,-0.4815,2.0451,-0.47221,-6.4197,-0.044057,8.7625,0.33207
-1.3408,2.2808,4.6427,1.5787,-2.9144,-0.052291,5.0522,0.083992
-1.5698,-0.1391,9.0469,-0.85363,-6.7935,-0.062,5.6991,0.026457
-1.3334,-0.47196,1.3857,-0.79388,2.2633,0.16014,-4.1077,-0.062084
-1.3164,1.6199,2.6972,-2.2783,2.538,0.17507,-4.9144,-0.1607
-1.2692,-0.27234,5.8649,-3.6075,4.2729,0.44777,3.7092,-0.17754
-1.0928,1.9072,-0.43552,-0.45156,3.8498,0.35161,1.3574,-0.16155
3.7254,0.62738,-1.5899,-0.8885,-5.4209,-0.094537,-0.89226,-0.12001
-1.3823,1.6425,-0.29241,-0.85027,-7.5356,-0.11663,-1.4903,0.023901
-1.3794,-3.6801,-4.3278,5.3141,0.84179,-0.15707,-0.78454,0.041498
-1.48,2.5278,0.57648,-2.26,4.863,0.14275,-0.9488,0.32197
-1.4167,2.1964,3.8234,-1.8643,5.5886,0.46911,-0.049525,0.37149
-1.3516,-0.042606,1.603,1.861,5.9353,0.67353,6.152,0.24282
-1.3308,-3.2181,11.888,4.9256,4.5724,0.4822,2.0131,0.10495
-1.1719,1.103,7.5124,-1.4472,3.3184,0.29771,-3.0343,-0.048674
3.7475,1.5101,4.7051,-1.6635,1.7008,0.028602,-7.9948,-0.12534
-1.3274,0.28345,2.3049,1.2491,-3.1245,-0.18594,-4.2762,-0.24243
3.71,0.33871,-0.67232,3.1016,-0.82904,-0.58232,-3.2751,-0.18446
3.6872,1.7409,-2.332,-0.5502,1.0042,-0.89959,-7.3685,-0.14435
-1.5263,1.4978,3.4806,0.16511,-2.4864,-0.51917,0.13744,-0.0021645
-1.3212,1.7463,4.8565,-1.0548,-7.1793,-0.12015,5.9777,0.18633
-1.3581,-1.6287,3.1689,1.2898,-5.3553,-0.073777,7.7968,0.29108
-1.346,-0.050068,1.4699,-0.5458,-3.1161,-0.031806,3.8932,0.0036523
-1.1805,-2.3721,9.6578,1.6741,-1.4597,-0.099998,-2.9341,0.11174
-1.2656,1.395,3.8637,-0.4378,2.6167,0.18733,-2.7076,0.11527
-1.3358,1.9846,7.0699,-0.34795,3.0918,0.22731,4.6028,-0.04461
-1.3314,1.6978,4.1264,0.29384,5.1447,0.53352,3.0637,-0.10616
3.7321,1.5506,-0.74077,-1.2955,0.78463,-0.089281,0.91165,-0.21045
3.7108,1.4547,2.5785,-1.403,-6.9678,-0.12285,-3.6348,-0.22977
-1.3647,-2.0593,-2.886,2.7341,-5.4113,-0.15905,1.5653,-0.14968
-1.3626,-1.0976,-0.85905,1.2503,3.3698,0.038632,-0.063903,-0.054807
-0.97502,1.2756,-1.2138,-1.1508,4.8449,0.23688,0.87032,0.23333
-1.2546,-1.6039,0.34654,0.67282,5.7631,0.60644,2.4005,0.21048
-1.3538,-0.49064,6.8101,1.6356,5.0506,0.5797,-7.6141,0.20967
-1.3425,0.22271,9.9645,-2.0298,3.5362,0.32818,6.2553,0.20257
-1.4756,1.3446,6.5853,-3.7195,2.7181,0.21973,-6.5382,0.099397
-1.4257,0.76773,3.6588,1.3304,0.12376,-0.17511,-1.6122,-0.022024
3.7461,-1.0241,0.3694,0.08445,-1.5995,-0.35021,-5.2151,-0.14194
3.7187,-1.0789,2.3467,2.9506,1.103,-0.99421,-3.199,-0.22296
-1.2506,1.9647,-0.18826,-0.62906,1.9621,-0.74748,-5.0644,-0.20156
-1.1766,-0.14748,8.9188,1.0431,-5.1056,-0.27029,3.0548,-0.14401
-1.3016,0.05811,4.148,-2.4115,-7.4218,-0.14847,7.4196,0.024875
-1.3593,-3.6168,3.4454,-2.759,-3.6745,-0.075253,3.0186,0.32572
-1.3604,-0.67395,5.4352,0.87846,-4.4972,-0.034341,3.8999,0.049846
-1.4184,-0.82982,9.7554,2.4424,2.6882,0.20708,-1.1386,0.23751
-1.3448,1.9027,5.9533,-0.88932,3.2428,0.25581,1.3765,0.18908
-1.325,1.3192,7.8399,-0.2212,4.1303,0.39135,3.3228,0.021857
-1.291,2.7483,1.9923,-3.3583,4.3127,0.41732,-0.45022,-0.033974
3.7172,1.8736,1.2848,-2.2476,-6.2676,-0.11101,1.8503,-0.10653
3.6882,1.6896,0.32521,1.6657,-7.0522,-0.10818,-0.47422,-0.22851
-1.3892,-1.672,-0.73618,0.38795,-2.786,-0.23867,2.7632,-0.25416
-1.3821,-1.066,0.041046,-0.50386,4.4547,0.12748,3.155,-0.12252
-1.6154,1.2623,2.294,-1.4329,3.9442,0.2776,0.42549,-0.0043062
-1.4359,-2.4883,-1.1914,2.5901,5.2489,0.53255,1.5285,0.082239
-1.3413,-1.063,10.98,-3.9195,2.6315,0.17131,5.5793,0.072918
-1.3284,3.4998,6.8332,-1.9841,2.3977,0.16006,7.7869,0.22425
-1.0587,0.6335,4.9352,0.89921,-0.31474,-0.13347,1.0333,0.17129
3.7479,-0.3087,0.81309,-0.89635,-0.12055,-0.19394,-1.6675,0.03607
3.722,0.47033,0.77768,0.16162,-1.0347,-0.70848,-4.2208,-0.024215
3.6921,-2.8637,0.43657,2.2329,2.6717,-0.87849,-7.0732,-0.18472
-1.3349,1.6492,0.98131,1.0048,0.83201,-0.48348,-4.8481,-0.22539
-1.4872,-0.71476,4.6054,-0.67373,-6.9112,-0.19333,4.8769,-0.17713
-1.3439,-0.27654,4.0698,-6.3958,-7.1658,-0.039122,2.7532,-0.092823
-1.3582,-1.5884,2.17,-2.6221,-5.9061,-0.079803,8.6918,-0.030129
-1.3452,-1.7514,8.9907,2.8294,-2.1616,-0.094896,3.7275,0.0086902
-1.1701,-1.8768,7.3072,1.1063,2.767,0.19456,5.6663,0.21495
-1.2806,-0.84283,4.3667,1.4528,2.0072,0.10098,3.847,0.30556
-1.338,0.62785,0.87927,-1.0178,3.4392,0.28721,3.1363,0.073697
3.7582,3.3743,0.55828,-2.2563,-0.79064,-0.039135,1.2913,0.015067
3.7238,-0.3053,2.4217,0.017678,-8.898,-0.11663,1.6361,-0.012849
-1.3827,3.0608,6.0197,-0.26323,-6.7199,-0.11437,2.8596,-0.14099
-1.3583,-1.4928,0.34707,0.02315,2.3282,0.025553,-0.55765,-0.20889
-1.3484,4.2211,-4.0644,-1.5022,4.1339,0.1624,0.46345,-0.18149
-1.1221,-3.3315,-4.3176,-0.96273,2.7769,0.11785,4.3207,-0.14206
-1.2389,0.37087,-1.3189,-1.2625,2.518,0.1682,9.0984,-0.030835
-1.3418,-2.6057,11.038,1.6351,1.2364,0.010151,2.6357,0.13359
-1.3316,0.67183,0.95454,1.1723,0.23354,-0.076061,0.67217,0.11617
-1.3963,-1.8279,1.133,1.7728,-0.32217,-0.066268,-0.46489,0.075571
-1.3543,1.1523,0.067603,-1.6321,1.77,-0.094094,-2.9778,0.15657
3.7663,-0.26988,-0.09684,1.7182,2.9563,-0.63248,-2.1508,0.03994
3.7367,-0.68452,-1.6155,-0.73611,2.6903,-0.71094,-4.478,-0.010245
-1.1959,0.44176,0.62619,-2.0537,-2.0631,-0.36951,0.19604,-0.12775
-1.2189,-0.44292,-1.7496,-2.1983,-6.9299,-0.16921,-1.7813,-0.21349
-1.339,-3.0891,-4.496,-2.7981,-4.0203,-0.097521,-0.75018,-0.26051
-1.3251,3.0466,-3.4706,-0.42164,-1.7632,-0.026621,7.5818,-0.16983
-1.4724,-0.013823,-1.5139,5.5664,2.4704,0.14526,0.9893,-0.088588
-1.5443,-0.42519,1.7249,2.5842,3.1565,0.25669,0.57692,0.1148
-1.2985,0.13152,1.9996,1.7963,2.6467,0.16919,2.4682,0.19724
-1.278,1.8089,0.95877,-3.0678,3.1908,0.23228,-0.35125,0.17056
3.7906,0.1307,2.1837,-0.29497,-7.8477,-0.046772,1.4445,0.041352
3.7682,1.2484,1.1959,-0.99994,-7.6383,-0.16807,-4.2163,0.22337
-1.3041,2.7412,-1.4083,-1.6656,-1.6429,-0.18264,-2.6726,0.022733
-1.335,-0.70848,-5.9357,1.129,3.1651,-0.030086,4.2875,-0.097009
-1.3257,-1.0359,-5.0408,-1.2955,1.6856,-0.10528,1.2334,-0.14573
-1.4553,0.13082,-0.27897,0.17691,2.2539,0.097474,4.8352,-0.3343
-1.3225,-0.62547,-0.3119,0.23629,1.7742,0.072029,2.7341,-0.17275
-1.2838,0.9812,1.5079,1.8075,0.25221,-0.02535,1.7623,-0.038355
-1.2719,0.10071,1.4499,1.6128,1.3296,0.013155,-0.49003,0.026311
1.9623,0.1435,3.5391,0.73543,3.4949,0.24547,-1.1897,0.078881
3.7994,-1.3239,0.94157,0.42301,3.2552,-0.020614,-1.8978,0.22403
3.7648,-1.041,-1.7507,0.029836,4.0372,-0.41457,-5.3501,0.10161
3.512,1.1119,-2.6337,-0.11785,3.4813,-0.13983,-3.8752,0.10378
-1.4234,0.2296,-1.5617,-3.2733,-3.4518,-0.23762,0.7768,0.0039687
-1.367,0.71929,-5.1005,-2.075,-6.3657,-0.13398,4.0747,-0.085643
-1.3008,-1.321,-4.4479,-3.0596,-0.94606,-0.04088,0.84689,-0.23951
-1.3096,-6.3193,-3.6776,1.0525,3.5249,0.28587,-0.80604,-0.14031
-1.309,-4.7065,-2.9263,4.3464,4.9262,0.49408,-1.9017,-0.16812
-1.1084,0.98545,-2.0356,1.485,4.1879,0.37811,-3.4498,-0.10925
-1.321,1.9322,-0.24528,-2.4026,2.9844,0.24475,-2.8827,0.042909
3.8125,2.5376,2.5747,-1.2264,-0.87366,-0.099081,0.42395,0.02872
3.7835,1.8332,-1.0669,-5.6729,-5.7311,-0.090077,-4.0092,0.095503
3.7603,1.7037,-1.4393,-1.4634,-5.5997,-0.077088,-1.6618,0.25781
-1.284,-0.092768,-4.1978,-0.38538,1.4705,-0.052535,3.0746,0.17803
-1.318,0.29806,-5.241,-0.79174,2.3683,0.0051843,0.66482,0.005794
-1.3091,-0.82989,-2.553,0.81297,-1.5129,-0.069977,0.4482,-0.042127
-1.0753,0.43026,1.0565,-0.093599,2.5219,0.22324,2.0599,-0.19334
-1.258,-0.76558,-3.7276,-3.7733,0.90357,0.0052164,-0.45746,-0.17387
-1.2949,-0.11004,-0.81934,3.0936,-0.44689,-0.026088,8.7598,-0.21729
-1.2893,-0.28493,2.1253,1.6758,1.7947,0.093412,0.66198,-0.061257
3.7983,-1.4322,-0.22402,1.1143,3.6675,0.31014,-1.4985,0.063645
3.7874,0.61299,-0.087782,-1.0297,4.3708,-0.0046344,-2.5112,0.29196
3.7604,0.58518,-0.27854,-3.2331,5.4727,0.039909,-5.8705,0.31535
-1.3491,2.7142,-2.0091,-4.8107,0.58424,-0.21424,-1.5692,0.18954
-1.1215,-0.78668,-5.3411,0.93633,-3.2253,-0.15542,0.13469,0.051768
-1.1986,-0.64832,-6.0754,-0.029145,-2.9505,-0.1663,-2.8329,0.055151
-1.3391,-7.2197,-4.1182,4.9943,2.4033,0.076027,-2.4117,-0.12011
-1.3206,-3.2502,-5.3198,2.3242,4.4746,0.41585,-3.5404,-0.18818
-1.4853,0.45097,-2.9793,3.0763,5.6212,0.59593,2.2992,-0.25302
-1.3943,1.9518,-2.1238,-1.7729,4.0157,0.42058,-0.15332,-0.17672
3.7848,-0.05037,-2.3307,-2.0402,2.8867,0.21108,-0.20923,-0.11159
3.8106,0.66011,-0.77045,-2.0305,-5.1445,-0.092182,-3.0561,0.0030925
3.7673,0.49763,-3.092,0.76874,-6.9089,-0.15864,-1.493,0.003847
3.7411,2.1839,-1.5115,-2.7065,-4.1753,-0.20117,-2.492,0.25849
-1.3799,-0.52039,-1.6437,-1.5419,0.87627,-0.31097,1.2757,0.22226
-1.3447,1.2384,-5.0947,0.24738,0.45295,-0.14115,-2.7859,0.16453
-1.3346,-3.745,-1.7049,3.1148,-3.1994,-0.059581,-0.95389,-0.017011
-1.3969,0.48932,1.7543,-0.69935,-1.0535,-0.045187,3.8383,-0.078269
-1.319,1.9059,1.7758,3.3107,-2.6337,-0.10458,6.7554,-0.18258
-1.294,1.3386,-5.2997,-0.949,-1.1012,-0.03565,-0.48653,-0.26073
-1.2854,0.21527,-3.7278,-0.40147,1.7591,0.050242,1.4318,-0.14332
3.8013,0.041079,-0.50619,-2.5513,4.0511,0.29191,1.2454,-0.11366
3.7815,-0.28139,2.1404,-3.5533,5.015,0.1424,-3.5444,0.046584
3.7598,-0.32989,-2.2227,-4.3301,3.965,0.10197,1.3321,0.16752
-1.3511,2.5731,-2.6746,-0.66434,-2.7599,-0.14997,0.80222,0.16742
-1.5664,-5.7964,-7.1138,1.4203,-4.8418,-0.1649,0.77522,0.14858
-1.3504,-1.177,-4.4324,3.269,0.43294,-0.2072,-0.69296,0.2812
-1.3101,-4.373,0.84439,7.1467,4.4403,0.31335,-5.1188,0.021103
-1.303,-1.1971,-2.01,0.24883,5.4763,0.54829,-3.4297,-0.068777
-1.0319,-1.2426,2.1143,2.6927,5.2977,0.55247,3.191,-0.18392
-1.135,0.65141,-5.8692,-1.4713,3.4657,0.26916,-1.9752,-0.21921
3.8064,1.946,-1.4072,-3.1312,-0.75538,-0.1097,0.57704,-0.19582
3.8082,1.4459,-3.3769,-1.9139,-7.7455,-0.14414,-3.1503,-0.054905
3.7731,-2.1635,-3.5279,-1.6232,-7.451,-0.15862,-5.654,0.051208
-1.4691,1.9303,0.95077,-0.66535,-2.4223,-0.34632,-4.2104,0.17648
-1.2824,0.25572,-6.8903,0.43007,1.3502,-0.19233,-4.2735,0.30474
-1.313,-0.92805,-3.2218,2.3848,-4.3013,-0.17364,0.95717,0.28527
-1.3047,-0.94901,1.9289,1.1299,-4.3723,-0.10746,0.95746,0.13208
-1.0909,1.0788,1.0159,2.4385,-3.3573,-0.058156,6.3051,0.070508
-1.3221,-0.19971,1.8575,1.1511,-3.4698,-0.088896,1.198,-0.10421
-1.2871,0.96387,-3.0922,-1.6782,0.82341,-0.024349,3.7475,-0.18168
-1.2913,-1.2594,-0.78164,0.069678,3.2037,0.28531,-2.5501,-0.10499
3.7343,0.75643,-1.0693,-3.0535,5.1022,0.41609,-0.12699,-0.20066
3.7678,0.50807,1.313,-2.4084,5.783,0.41776,-2.7865,-0.10433
3.7485,0.61566,-7.0291,-1.3957,0.51651,-0.25821,3.9411,0.056027
-1.3342,-4.7854,-6.8146,1.44,-3.8062,-0.15699,-2.6623,0.080949
-1.0978,-4.7612,-6.393,3.1065,-1.7941,-0.25439,-2.1067,0.29286
-1.2709,-3.8338,-3.6537,4.2954,2.1673,-0.015827,-0.91347,0.30106
-1.3211,-1.8874,6.1232,3.7016,5.305,0.44044,-7.0787,0.10161
-1.3043,-0.89555,-0.23866,-1.5292,6.041,0.68723,-3.3893,-0.024093
-1.5754,-0.87655,2.4102,7.0657,4.425,0.45256,-0.59784,-0.074156
3.7976,1.1829,-4.3539,-3.2569,2.9339,0.27148,-2.7631,-0.15946
3.7725,3.2147,-1.7631,-0.055357,-3.0367,-0.13184,-6.9391,-0.16735
3.7683,-2.3754,-2.2237,-0.5949,-6.7073,-0.15412,-6.2424,-0.15196
3.7492,-2.2683,-2.2543,2.5829,-4.6715,-0.35076,-5.4763,-0.078707
-1.274,0.56,-3.1788,0.35574,-1.2543,-0.36356,-6.1361,-0.010001
-1.3937,-0.76664,-6.2787,2.1007,-2.0093,-0.32887,0.77692,0.065276
-1.3388,-0.36703,-1.4447,1.8408,-5.9881,-0.063701,0.74083,0.33698
-1.6586,0.10876,-0.46394,3.1062,-2.2741,-0.099235,5.249,0.18195
-1.4844,1.2482,-0.89813,7.7367,-3.6014,-0.088729,6.6997,0.1406
3.8021,-1.5874,1.3247,3.8329,-0.79036,-0.041355,1.2885,0.049115
-1.2991,-1.285,1.436,-0.33905,1.5742,0.0054154,-1.5037,-0.070335
-1.2946,0.48015,0.40769,-1.5312,3.9739,0.34179,1.5101,-0.071041
-1.1255,1.7604,1.6049,-1.0111,5.647,0.50947,-0.47691,-0.2424
3.7527,-1.1017,-2.7496,-2.8898,4.4857,0.30491,5.3207,-0.22055
-1.3445,-1.2325,-6.2727,-1.5895,-2.2176,-0.1458,-2.7943,-0.1222
-1.3467,-6.8215,-9.3368,2.5124,-3.021,-0.19833,-4.8712,-0.02604
-1.5086,-4.651,-9.0286,5.6263,-0.98917,-0.31512,-2.4784,0.11283
-1.3739,-3.6,1.5665,4.2698,3.6982,0.24084,-4.4427,0.37271
-1.3134,0.84978,-2.2479,4.3136,6.3018,0.6305,-7.5164,0.27663
-1.2984,0.28728,5.8501,3.9225,5.3744,0.56542,3.7119,0.1415
-1.1142,2.6323,7.3847,1.2293,3.7094,0.37124,-0.84663,0.040865
3.7691,0.8426,-0.53921,-1.2986,0.88694,-0.06492,-3.419,-0.050986
3.764,1.1998,-1.2511,0.70518,-5.2801,-0.12703,-2.5576,-0.19117
3.7408,1.0061,-2.0217,-0.25718,-7.0104,-0.22028,-9.6413,-0.15695
3.7144,-0.22545,-3.993,0.4489,-2.5,-0.4973,-5.4321,-0.2103
-1.3698,-0.81978,-7.8437,-0.88594,0.52139,-0.5018,-8.6388,-0.056584
-1.3095,2.3063,-1.3217,1.7463,-3.711,-0.23022,-2.573,0.10414
-1.3336,-0.67291,0.98673,3.0583,-5.6046,-0.063072,6.4516,0.15082
-1.2297,0.85844,0.53512,1.2691,-4.6058,-0.10595,9.2092,0.14542
-1.2928,-0.72334,-2.4865,5.9494,-6.136,-0.10615,4.2676,0.10833
-1.3611,-1.0147,8.6382,-0.75073,0.16812,-0.10244,9.0466,0.19833
-1.3094,-1.0971,6.6967,-0.1983,1.3439,0.0065128,2.37,0.058924
-1.4196,1.69,2.029,-1.8398,4.8627,0.49197,0.30476,-0.049234
3.7755,3.1071,2.0932,-1.2464,4.4939,0.34597,2.7834,-0.16362
3.7556,-1.426,-4.7698,-0.79515,0.39391,-0.17603,-4.8579,-0.28546
-1.3285,-0.51681,-8.2594,0.85503,-6.2366,-0.17384,-0.66442,-0.21614
-1.3263,-1.8753,-4.6011,0.86238,-3.1724,-0.27392,-4.5654,-0.093967
-1.0123,-0.079622,2.2461,3.3084,2.3352,-0.10498,-1.2575,0.077177
-1.2874,-1.7356,5.2239,-1.2751,5.0391,0.30699,-4.631,0.10636
-1.3088,0.036783,5.6699,-2.7389,5.7624,0.58745,2.1817,0.26979
-1.2937,-1.3435,3.2137,-2.1878,5.0224,0.56934,1.3327,0.20617
-1.5182,3.0517,6.5973,0.15597,3.1763,0.24356,-1.7052,0.19385
-1.3346,1.3395,-0.089722,1.1881,-1.7844,-0.10453,-0.55265,0.01458
3.7987,2.0198,-1.4535,0.23568,-6.1151,-0.14532,-6.185,-0.075081
3.7696,0.28011,-0.66862,-1.0456,-4.8919,-0.35716,-8.8638,-0.10314
-0.86617,2.3056,-3.2968,-0.11214,-0.93163,-0.58886,-7.3366,-0.24391
-1.2396,0.17031,-0.28541,0.65295,-1.204,-0.41191,-5.1351,-0.21264
-1.3499,0.67297,0.25418,2.4819,-6.9299,-0.1668,1.7218,-0.15196
-1.3035,-1.7178,1.0749,2.6671,-5.1549,-0.091675,10.175,0.081485
-1.6456,1.8398,4.3171,1.2579,-6.3596,-0.077492,3.7935,0.10186
-1.4534,-1.882,1.1283,-3.5631,-3.5317,-0.070857,1.975,0.24873
-1.3227,1.5012,3.5303,-2.1378,0.98103,-0.0067971,7.6038,0.25801
-1.2663,0.42666,3.8977,-0.47913,2.905,0.27217,2.8941,0.058705
-1.3111,2.8482,2.4314,-1.5495,4.1206,0.3848,3.0617,0.020591
3.8004,1.326,0.52723,0.28282,2.5574,0.069847,2.0081,-0.018227
3.7694,0.72399,-4.682,0.64241,-4.8185,-0.18945,0.49273,-0.16881
-1.3124,-1.3894,-4.5904,0.64579,-6.3425,-0.21092,-2.8427,-0.27575
-1.2994,-1.5132,1.5752,1.0818,1.2302,-0.18463,-1.1359,-0.10662
-1.4018,-1.7916,2.4805,1.364,4.9485,0.25255,-0.30456,-0.13349
-1.2813,1.3805,4.4474,-3.2926,5.9466,0.57671,3.4176,-0.041641
-1.2737,-1.5432,9.4233,7.5369,4.5977,0.50955,3.8173,0.013752
-1.2579,-0.63827,0.23519,-0.68041,4.646,0.51263,4.0945,0.1038
-0.99975,-0.94673,7.0292,0.22529,2.66,0.15609,2.1684,0.23893
-1.0983,-0.46862,-2.0526,-0.77533,0.22872,-0.14296,1.1119,0.20563
3.8077,-0.86145,-2.2016,1.726,-5.6537,-0.23714,-2.8642,0.1121
3.7767,0.45,-2.9097,1.1183,0.13243,-0.64764,-5.5561,-0.010391
-1.6016,1.361,-4.4245,0.58427,0.3096,-0.70766,-5.1177,-0.15296
-1.3841,4.1729,4.0166,0.96689,-5.4475,-0.25395,-1.0062,-0.13775
-1.2914,1.644,3.6036,-0.46642,-7.5236,-0.080611,8.544,-0.1885
-1.2839,0.44728,4.1891,1.5727,-4.7144,-0.050584,6.896,-0.1654
-1.0106,-3.9216,10.747,-2.6478,-5.4523,-0.11521,4.0493,0.0038226
-1.1789,-3.8409,10.304,7.1511,1.2913,0.033498,-4.5999,0.09655
-1.2842,0.3521,0.41324,-0.3661,2.9855,0.24768,-3.4963,0.22603
-1.2662,1.2841,4.7168,-0.79802,4.0413,0.42561,3.331,0.086328
-1.2267,3.2154,-1.2307,-2.4193,4.3011,0.39865,0.23315,0.10256
3.7995,0.27554,-1.5595,0.99548,-4.328,-0.16397,2.3186,0.033612
3.7871,2.2387,-4.3649,-0.0078531,-5.7797,-0.13699,-7.2455,-0.02548
-1.2998,-2.2803,0.36066,0.12607,-2.4897,-0.18697,1.2835,-0.14001
-1.2944,0.70691,-0.18861,-0.95611,4.5533,0.21443,-1.1707,-0.12317
-1.1541,0.52832,2.918,1.0798,5.6835,0.48245,2.9759,-0.24323
-1.2835,-1.7592,0.30178,-0.38501,6.3305,0.75247,-7.3852,-0.123
-1.2702,-4.0926,12.953,-5.5066,4.1174,0.42885,4.1409,-0.042127
-1.2584,0.93091,0.64237,-1.7344,3.0507,0.27647,0.32838,0.017939
-1.4877,0.36912,4.5241,0.75573,0.41644,-0.12661,3.5393,0.18582
3.826,0.053172,-2.9607,1.5194,0.27675,-0.20312,-2.0281,0.07411
3.8,0.7428,-1.5071,-0.274,-1.5112,-0.55856,-2.2902,0.20824
3.7667,-1.1149,-4.9312,0.29993,2.0204,-0.85674,-4.3283,0.076788
-0.98727,0.78374,0.67408,2.6353,1.0714,-0.55879,0.99325,-0.012435
-1.3058,1.139,4.4596,-0.6741,-6.6827,-0.14439,4.1172,-0.12938
-1.301,-2.6032,2.4004,-1.1324,-5.0458,-0.090706,3.2316,-0.22549
-1.295,-2.5213,1.7514,-1.0318,-2.1114,-0.10954,7.0677,-0.21982
-1.5228,0.32641,3.3547,0.91555,-4.1624,-0.067365,-0.29054,-0.1523
-1.4368,1.3499,3.8366,1.0275,2.4848,0.16184,3.9293,-0.035045
-1.249,2.0986,4.9925,1.9109,2.6911,0.20486,1.7137,0.13177
-1.277,-2.2067,3.8851,-0.90931,4.1985,0.43889,2.2336,0.17983
3.8129,2.1604,-0.048685,-2.1224,1.2892,-0.0548,2.1894,0.29047
3.7759,0.56731,1.4169,-2.0783,-7.1773,-0.17133,-2.4731,0.25333
-1.3268,-0.52711,-2.1442,0.13766,-7.7396,-0.099318,2.2449,0.12753
-1.3259,-1.193,1.2307,2.7094,2.2773,-0.068604,-0.087729,-0.0321
-1.2721,1.5,-0.84405,-0.74169,4.5072,0.16092,0.16336,-0.10419
-1.5284,-4.1436,-2.9658,-2.5874,3.7259,0.28069,3.9815,-0.26136
-1.3713,1.8055,-1.7816,0.50845,4.6151,0.48098,-2.5362,-0.23345
-1.2869,1.6902,16.005,-6.0272,2.9086,0.25913,1.2929,-0.13084
-1.2697,1.8795,3.4787,-0.69015,0.96797,-0.062559,-1.8467,-0.051911
3.8114,0.25236,-1.8943,-2.113,1.1162,-0.063887,-0.1316,-0.039888
-1.2816,2.0912,1.9074,-2.1828,0.38225,-0.36824,-5.4507,0.13177
3.7727,-1.5448,-0.81307,1.8655,1.8835,-0.94177,-4.3708,0.095017
3.7631,0.10627,-1.8336,2.2139,2.6723,-0.88822,-4.1442,0.14111
-1.4159,0.056087,1.0615,-1.8666,-3.7215,-0.37785,-0.42914,0.13858
-1.3522,-0.73014,0.95623,-1.7412,-6.5259,-0.11387,3.2411,-0.0020671
-1.316,-0.67321,-0.16092,-3.6172,-5.2061,-0.11834,2.8174,-0.15396
-1.3003,-0.69942,-1.8826,-0.85327,-2.3994,-0.052496,3.7175,-0.1267
-1.1591,-0.39388,4.3694,4.0173,0.053234,-0.14828,12.347,-0.18263
-1.2749,-0.57584,-0.51086,3.3458,3.6297,0.36372,-2.3259,-0.16489
-1.3016,-1.5908,1.0361,-0.38163,2.3832,0.18018,1.9249,-0.043928
-1.6069,1.8946,2.0422,-0.70939,3.3661,0.29787,3.3332,-0.018179
3.7788,-1.0855,-0.96108,-0.75847,-5.1418,-0.081542,-2.015,0.18614
3.7545,0.92058,2.1158,-0.65257,-7.9568,-0.13326,1.1508,0.2692
-1.2748,1.2006,1.7549,-0.69548,-3.476,-0.18043,-0.20163,0.28252
-1.3324,1.1487,0.25089,-2.1855,3.8231,0.084075,-0.94442,0.052036
-1.3259,-0.86353,-3.2462,-3.064,2.962,0.1008,4.2107,0.0080087
-1.231,-1.3349,-3.9695,-0.8045,4.007,0.3694,3.498,-0.13004
-1.2831,2.492,-0.39594,-4.8278,1.8362,0.12304,6.3318,-0.21033
-1.2984,-0.49064,14.026,-1.0429,1.6878,0.066747,3.3822,-0.22449
-1.3066,1.0613,2.106,1.8482,0.33822,-0.086952,5.4554,-0.11207
1.0235,-1.8499,1.4597,-0.16115,1.7855,0.030989,-4.5178,-0.069483
3.7786,0.80984,-0.56522,1.586,1.82,-0.40469,-2.9782,0.12232
3.7544,-3.6607,-1.8038,1.9838,3.4679,-0.8688,-2.3588,0.2243
-1.3523,1.5598,-1.5878,-1.1217,2.4898,-0.49009,-2.5473,0.11232
-1.1553,-3.8322,-1.4401,-0.65825,-4.6687,-0.18169,1.6823,0.25971
-1.3239,-0.63954,-1.1648,-3.1688,-5.5756,-0.12945,1.8585,0.13016
-1.3368,-0.95352,-1.497,-4.1207,-2.8691,-0.10498,2.8864,0.012633
-1.3295,-0.32117,0.90824,-2.1381,-2.1499,-0.075272,7.9313,-0.11894
-1.5271,-0.29662,5.4872,2.058,3.325,0.24148,0.33477,-0.19621
-1.4229,1.3544,5.1296,1.8684,3.0945,0.2979,-0.63466,-0.21867
-1.3096,0.15238,-1.3499,-0.80288,3.2188,0.25341,-0.61423,-0.15262
3.7497,0.68415,0.42328,-1.3393,0.49132,-0.11061,3.3126,-0.05398
3.76,-0.87303,0.81503,0.58317,-9.0846,-0.059421,3.0632,-0.027695
3.7368,1.2032,-0.26826,-0.58662,-7.9366,-0.13424,-4.1642,0.21641
-1.2978,-0.63837,-0.63823,-0.54021,-0.36008,-0.16114,-0.67096,0.25591
-1.3513,0.7422,-2.6766,0.93521,3.2307,0.029205,6.2077,0.23199
-1.4166,-1.269,-5.8221,0.60215,3.4516,0.25845,1.2501,0.17694
-1.3812,0.96319,-1.9466,-1.5775,2.8935,0.20578,9.8081,-0.020199
-1.3922,2.8155,3.3391,-2.2306,1.697,0.039903,0.15124,-0.10373
-1.3089,0.11902,2.6318,0.55577,1.4171,0.00030704,-1.1084,-0.20814
-1.2894,-1.031,1.3939,1.6093,0.24147,-0.11172,-2.6031,-0.14318
-1.0993,0.57073,2.4949,-1.1416,3.0629,0.13159,-2.8665,-0.15652
3.7764,-1.409,-0.08793,0.37876,3.3938,-0.35103,-1.5945,0.0043824
3.7512,-2.576,0.54062,-0.86987,3.605,-0.60221,-4.8597,0.19025
-1.3547,1.9142,-1.0291,-0.60661,1.0742,-0.3042,-0.97898,0.074378
-1.5342,-0.9009,-0.81194,-2.0497,-6.433,-0.14128,-1.5923,0.0892
-1.3686,-2.0736,-7.1504,-0.56283,-6.1802,-0.066082,4.7538,0.2958
-1.3257,0.98424,-7.4442,-0.65298,-0.39838,-0.11331,0.91516,0.10704
-1.306,-2.4977,-6.087,2.2596,3.4891,0.3249,-0.75686,-0.02475
-1.0913,0.84123,2.6605,0.83823,4.9699,0.4859,-1.7318,-0.14357
-1.2712,1.9826,6.2087,1.7614,3.2719,0.26348,-4.6476,-0.20658
3.7692,1.5053,4.2351,-0.63733,3.0574,0.27487,-4.4607,-0.15486
3.7666,0.12698,2.698,-0.89627,-4.5462,-0.066871,-0.64032,-0.18475
3.7434,-0.45753,-0.96463,-1.2043,-8.2273,-0.080008,2.0656,-0.046727
-1.3715,2.0318,-2.8031,-0.31349,-2.8083,-0.14018,-0.73064,0.16684
-1.3469,-2.1632,-5.6192,-2.1228,2.3176,-0.0033894,-3.4562,0.20858
-1.3385,-1.5877,-6.7818,0.773,1.9,-0.017662,0.18004,0.23318
-1.2003,-1.2164,-3.0887,-0.040462,0.77768,-0.041901,-4.7688,0.29393
-1.2041,-1.4702,0.092174,-0.48215,2.1167,0.13787,5.0794,0.14625
-1.2983,4.2677,-0.025135,-0.008367,0.32922,-0.0058024,1.5344,-0.0011666
-1.315,3.2789,0.22417,-1.1387,0.12425,-0.044911,1.3795,-0.1303
-1.2517,1.8676,2.5722,1.3141,2.6768,0.19491,-0.46541,-0.13322
3.8092,0.41422,0.78727,-1.9879,3.8548,0.19769,-1.3532,-0.19516
3.7585,-1.0865,-0.90882,-2.6078,5.2691,-0.05953,-3.2987,-0.12743
3.7422,1.0621,-2.0879,-4.6842,4.3693,-0.068604,-3.1787,-0.01224
-1.3527,0.22374,-3.1814,-2.7411,-1.586,-0.23939,-3.7635,0.058047
-1.1457,-0.4199,-7.499,-1.4929,-3.9405,-0.15202,0.65607,0.17387
-1.2829,-1.5004,-9.3637,-1.2746,-2.4157,-0.14656,1.3181,0.38856
-1.3324,-3.5987,-3.0496,3.2942,3.5083,0.27763,0.98823,0.21804
-1.3169,-1.9529,-5.8861,2.5466,5.3082,0.5689,-0.11344,0.025362
-1.4843,2.999,-1.3154,0.84505,5.0469,0.55337,-4.5871,0.0049665
-1.3235,2.8545,-0.25887,-2.4503,2.9051,0.23929,-1.4882,-0.10446
3.7771,2.0377,3.0255,-0.18832,1.0593,-0.019889,0.92327,-0.19125
3.7751,1.2059,0.65877,-5.4015,-6.5273,-0.14649,-3.2718,-0.15209
3.7545,0.54156,-2.4399,-2.7199,-8.1186,-0.16252,1.7216,-0.18209
-1.2133,0.2692,-4.5061,-3.2128,0.21503,-0.16481,0.5276,-0.055976
-1.3499,1.0278,-5.4859,0.51889,2.1235,-0.14227,-1.766,-0.0036978
-1.34,-0.47264,-4.6714,-0.017173,-3.2318,-0.17005,-3.1816,0.2556
-1.4484,-1.3617,0.42781,1.4332,0.74688,-0.064644,-0.59494,0.39116
-1.3685,-0.063298,-1.3916,-0.99132,-0.9597,-0.039186,7.8326,0.24141
-1.3435,5.197,0.36628,2.753,-2.094,-0.035913,8.7582,0.1563
-1.2936,0.31418,1.8568,0.163,-0.0086526,-0.090853,1.5124,-0.00674
3.7757,-1.1527,-1.9167,0.17885,3.595,0.31323,0.27527,-0.085132
3.7701,1.8056,0.88701,-3.3542,3.4862,0.15792,-2.4802,-0.18745
3.7416,1.0372,1.5691,-5.3433,5.6077,0.13639,-6.1416,-0.1507
3.6036,2.9839,0.8006,-1.8211,-0.075715,-0.26314,3.2311,-0.15622
-1.3625,-0.94594,-4.359,0.32775,-4.2845,-0.20717,-1.796,-0.08523
-1.4678,-4.574,-6.8466,3.1016,-2.2517,-0.23914,2.4093,0.30109
-1.385,-5.9633,-5.4196,4.3093,2.6926,0.12364,1.3384,0.36276
-1.3197,-4.147,2.5427,3.9168,5.3722,0.43963,-4.7341,0.3831
-1.2999,0.088891,0.70902,-1.5868,6.0321,0.69248,-7.4327,0.065057
-1.1159,1.0678,6.0318,3.4263,4.7514,0.49373,4.7757,0.13997
3.8278,0.67869,0.47853,-1.4053,2.5303,0.19087,-2.6136,0.0086415
3.7616,3.1902,0.47634,-0.83683,-4.762,-0.13086,-4.441,-0.095135
3.746,-2.1023,-1.8625,0.82181,-7.5968,-0.13501,-0.25343,-0.16783
3.7229,2.7892,1.8679,-0.50791,-2.6028,-0.2684,-4.7434,-0.21953
-1.4126,-1.0233,-3.4131,0.96319,-0.61812,-0.358,-3.739,-0.16299
-1.344,0.20986,-2.6596,0.70285,-3.4907,-0.214,-1.673,-0.024945
-1.3376,-2.5978,-2.1396,3.0111,-5.9469,-0.11001,0.51092,0.34129
-1.0577,0.51705,-0.90182,3.5142,-3.8823,-0.031575,9.2134,0.17088
-1.1915,4.0368,-1.2981,1.7405,-4.6305,-0.028803,2.6567,0.073891
-1.3203,-1.4781,4.3219,-1.4288,-0.61656,-0.05713,0.77496,0.23793
-1.3171,-1.7153,5.4837,-0.12605,1.9342,0.098026,2.5315,0.12692
-1.4396,-0.43783,-0.79696,-1.974,3.7763,0.31068,-1.2416,0.0022163
3.7627,1.9161,4.7338,-3.6253,5.2163,0.40021,-3.865,-0.11862
3.7364,0.19222,-0.39335,-0.046885,2.2893,-0.012156,8.8271,-0.21962
-1.3534,1.4828,-0.19681,-0.93766,-6.2467,-0.14019,1.0645,-0.181
-1.3718,-1.9002,-4.5377,3.3282,-4.0153,-0.26694,-1.7553,-0.09146
-1.199,-2.3181,-4.5155,3.4362,1.636,-0.11369,-3.7951,0.0080818
-1.2976,-2.2377,2.7497,4.4586,4.3898,0.24902,-3.995,0.30936
-1.3343,-3.8284,8.0675,5.8761,6.3314,0.68167,-4.3107,0.24883
-1.3234,0.87656,2.1615,-3.8701,5.4229,0.60846,3.4605,0.14627
-1.3937,0.37503,9.8515,0.47154,3.4753,0.32327,6.2316,0.20865
3.6855,-1.6055,0.22965,-0.61765,0.77295,-0.12208,-0.23182,0.031616
-1.47,0.10637,-4.0083,1.7034,-6.8899,-0.11522,2.0486,-0.00065554
3.7442,0.59734,0.41522,1.1626,-4.7162,-0.22726,-8.4366,-0.079364
3.7132,1.2237,-2.6398,-0.30959,-0.54054,-0.49505,-8.5211,-0.22072
-1.2964,-2.5734,-5.237,1.0609,-0.29356,-0.48721,-4.6061,-0.18523
-1.3473,-0.30462,0.025268,1.7912,-6.3903,-0.22416,3.4421,-0.12677
-1.3447,3.0367,2.6335,2.4284,-6.1534,-0.043377,5.5872,-0.033512
-1.4894,0.83104,4.9509,-0.051362,-5.5906,-0.050924,6.7706,0.01239
-1.4309,-1.2685,-0.27161,-4.6014,-5.1924,-0.049608,5.2114,0.1068
-1.2965,-4.9837,6.9619,-1.2742,1.0376,-0.028155,9.2993,0.38259
-1.2945,0.94043,6.0574,-1.2064,2.367,0.19899,2.7895,0.16399
-1.0115,1.0143,2.4749,-3.6851,5.1313,0.52544,-0.087106,0.039721
3.7664,3.6595,-0.53107,-1.2431,4.6156,0.41797,8.4479,0.0097611
3.7345,0.20294,-3.4767,0.39174,-2.0623,-0.15774,0.66737,-0.11363
-1.3584,1.1195,-4.1112,0.60235,-6.304,-0.12283,-1.8291,-0.20711
-1.4234,-0.36545,-1.4215,0.12481,-1.6984,-0.2784,-1.386,-0.19297
-1.477,0.30383,0.95081,4.3052,4.1084,0.14819,-5.6425,-0.1332
-1.3865,-0.75394,3.7534,3.9048,5.8026,0.44166,0.70739,-0.075178
-1.31,0.19951,11.223,4.7086,5.5924,0.62402,9.6176,0.06014
-1.2963,1.4205,0.22952,-1.5777,5.3975,0.60398,-2.4453,0.059873
3.8325,-1.8435,5.1562,-1.0091,3.1584,0.26215,1.4663,0.21982
-1.4255,-1.2941,-0.52456,0.92153,0.27974,-0.13291,-1.4788,0.19548
3.7699,0.36316,-1.0085,-0.77476,-6.1166,-0.20944,-4.8816,0.13642
3.7374,2.0932,-0.67184,-1.2346,-3.5752,-0.60815,-4.6556,-0.023338
-1.5302,-0.36135,-6.3745,-0.20883,-0.25514,-0.69718,-4.8016,-0.1275
-1.3592,1.1775,0.42947,1.0902,-3.2988,-0.36604,-1.275,-0.15206
-1.338,-0.070137,2.8557,0.17468,-6.0651,-0.12793,2.5892,-0.19329
-1.3222,1.2438,4.9571,1.2344,-5.1206,-0.031389,7.241,-0.088418
-1.0565,0.4767,2.3962,0.18137,-6.6092,-0.090199,3.938,-0.063788
-1.2812,-2.1048,1.7282,0.17971,-2.2847,-0.070767,-1.0065,0.11736
-1.3242,0.10772,1.5342,-0.97657,2.6852,0.24574,2.4492,0.15985
-1.3214,1.433,0.39263,-1.8313,3.5406,0.3203,4.474,0.066614
-1.4744,2.2077,4.9033,-1.4364,5.2519,0.53442,5.4157,0.19938
3.7487,-0.38498,-1.9043,-0.38543,-0.39998,-0.14032,1.8861,0.045684
3.7161,3.5054,-7.0575,-0.56512,-7.1284,-0.1203,-2.2338,0.012317
-1.3533,2.2823,0.21864,-0.47444,-4.1544,-0.20728,-4.5993,-0.12303
-1.3149,0.59266,2.237,-0.24924,2.9524,-0.078057,1.2945,-0.20473
-1.1745,-0.58866,4.5168,0.10619,4.9149,0.27306,4.347,-0.23415
-1.3604,-0.58947,2.9565,-1.1711,6.1495,0.60962,5.2276,-0.16851
-1.3316,-4.1896,12.396,7.7704,4.4445,0.4729,3.4323,-0.095184
-1.4584,-2.0352,-2.0267,-2.3403,3.9922,0.42151,-0.39082,0.04544
-1.5332,-0.46562,6.4538,-0.20016,1.493,0.062627,0.68313,0.16849
-1.3046,0.82919,0.31021,-1.2184,-1.8756,-0.1499,-1.92,0.080073
3.7573,-0.71378,-2.8392,2.7085,-4.4001,-0.36884,-5.9087,0.20188
3.7227,0.73938,-3.7998,1.2609,-0.44759,-1.3259,-4.9031,0.090612
-1.2351,0.98441,-0.91994,1.4092,-0.15775,-0.96859,-1.7548,0.021833
-1.3246,1.8263,2.6963,-0.33048,-5.2271,-0.23366,2.5182,-0.079048
-1.3581,0.10012,4.06,1.7189,-5.8325,-0.081895,3.9361,-0.2473
-1.3551,1.6366,5.0537,-2.1476,-5.0797,-0.065145,2.1147,-0.17769
-1.5137,-0.96644,5.1879,-0.74607,-6.6021,-0.011212,1.6317,-0.18438
-1.3817,-1.0858,3.5077,0.73741,2.1472,0.16367,5.195,-0.08063
-1.3066,2.3124,2.2929,-1.9883,1.9503,0.091975,-0.67166,0.052279
3.7735,0.11583,4.2908,-0.97969,4.2681,0.4414,3.848,0.022417
3.7513,2.2274,-0.41231,-2.8772,2.6354,0.13921,1.3376,0.21062
3.7214,1.0202,-0.95344,1.7053,-7.5286,-0.099119,-2.4793,0.19264
-1.4075,3.4507,-3.893,-0.62094,-6.0118,-0.17509,-5.9393,0.19826
-1.3936,-1.1463,2.8313,-0.51386,0.68705,-0.22157,1.1204,0.010077
-1.523,0.33372,0.49201,-1.805,4.197,0.099329,5.7799,-0.084402
-1.484,1.3968,2.8424,-0.49678,5.557,0.47775,-0.82508,-0.26754
-1.4234,-0.4889,1.9163,0.12642,5.6041,0.60768,0.9134,-0.2443
-1.3446,-0.91514,9.8266,3.2728,3.7639,0.36698,2.5081,-0.13069
-1.2419,1.9859,5.3928,-4.3958,3.0358,0.22061,-2.1722,-0.075811
-1.0569,1.4407,1.857,-1.0918,1.3056,0.0093814,-4.5959,-0.05673
3.7447,-0.5164,-1.0542,0.53726,-2.3052,-0.1605,-3.6891,0.11843
3.715,-0.34655,-2.6661,3.5663,-0.85148,-0.57623,-3.3501,0.065081
3.6851,1.8251,-1.4135,-1.0683,0.73706,-1.1404,-3.0151,0.083578
-1.4847,1.565,1.6478,1.1777,0.86852,-0.4078,-2.4272,0.23562
-1.4029,-0.51433,6.3427,0.088343,-5.8096,-0.18423,1.5171,0.056222
-1.3784,-0.46577,5.6147,-0.87445,-4.4036,-0.087632,0.35172,-0.15011
-1.361,0.92471,2.534,0.47468,-3.2932,-0.031209,3.145,-0.12996
-1.1483,-2.1349,11.135,-0.88066,-0.9878,-0.047234,6.0303,-0.18582
-1.3024,-0.52247,4.3883,1.7983,3.1682,0.24353,6.703,-0.17922
-1.351,0.10938,1.8221,1.6236,2.95,0.20552,6.9609,-0.05892
-1.3431,0.3601,1.4363,-1.8677,4.1434,0.41237,5.1409,-0.019542
3.7408,1.5092,1.6437,-3.9544,-2.6077,-0.13182,0.46907,0.15593
3.7174,-0.59902,0.026694,-0.60645,-7.6903,-0.11413,-2.3946,0.37624
-1.3867,1.9444,2.6619,0.1191,-5.4686,-0.13976,2.9581,0.25307
-1.3713,1.3475,-2.9991,-0.84565,3.2719,0.058174,-0.23378,0.029499
-1.2328,3.1227,-0.17553,-1.0783,4.1889,0.15264,-3.0212,0.034659
-1.2858,-2.3464,-2.1794,-1.4392,4.3104,0.39477,2.1167,-0.13593
-1.3625,1.4441,2.3641,1.5538,2.4243,0.17885,5.6427,-0.20943
-1.3521,-3.3288,13.11,-0.98548,2.3961,0.18744,1.4056,-0.23449
-1.55,-0.37205,4.7344,0.61794,1.2305,-0.038326,-0.7773,-0.16564
-1.3969,-1.5028,-0.73633,-2.1232,2.4151,0.11494,-0.18216,-0.10246
3.9292,1.8151,-0.16584,0.29951,1.5071,-0.21504,-3.0229,0.036922
3.7402,-1.9596,-4.5333,0.73002,2.4801,-0.89303,-3.5226,0.028939
3.493,0.47488,-2.0319,-0.28928,2.3148,-0.59506,-4.2732,0.090319
-1.0686,-0.1679,-0.91518,-1.8601,-4.0973,-0.29976,3.6832,0.19616
-1.4205,-0.85643,0.90259,-4.5931,-5.8742,-0.13722,2.4442,0.30997
-1.3583,-2.862,-1.3,-1.1249,-4.7682,-0.053042,3.843,0.028039
-1.3526,1.224,-3.0036,2.3676,-1.5808,-0.041676,8.4254,-0.051473
-1.5556,1.0433,2.2645,5.8862,3.6037,0.30907,1.7761,-0.20923
-1.3897,-0.052618,2.5286,0.58597,3.3232,0.24323,3.8132,-0.22705
-1.3095,0.31477,-1.3671,-0.27208,2.7934,0.1797,-2.376,-0.17905
3.7385,1.8423,1.3341,-1.0615,1.0775,-0.01738,1.1358,-0.089854
3.7564,-1.6429,1.1217,-0.38846,-8.0219,-0.089878,1.1628,-0.013579
3.7361,1.3016,-2.5321,0.22252,-7.3485,-0.11527,-4.6898,0.21435
-1.3755,0.46841,-4.825,-2.231,-1.2386,-0.20302,-1.9489,0.22644
-1.3638,0.56591,-6.1149,1.088,3.5603,0.014393,1.1473,0.13554
-1.5592,-2.1664,-4.4113,1.0204,1.3047,-0.060127,-0.89285,0.29632
-1.4688,1.5807,-0.70772,-0.021727,3.2722,0.30034,1.5747,0.036387
-1.3181,-0.85539,-4.6982,1.9221,0.33326,-0.033924,7.5625,-0.083867
-1.3187,-1.6806,1.8895,3.3266,-0.94976,-0.055422,-0.7386,-0.18465
-0.89974,1.3491,1.2635,-1.0344,1.0922,-0.015332,-0.67688,-0.20536
3.7649,1.3872,4.2437,1.061,2.6415,0.12504,0.38696,-0.20018
3.7523,-2.1152,0.23463,-0.72754,2.2577,-0.44258,-5.2012,-0.0026512
3.726,-1.7936,-1.3162,-0.64992,3.2153,-0.69626,-4.909,0.090855
-1.4652,0.43926,-3.4742,-3.3147,0.70865,-0.45105,1.5773,0.18477
-1.4534,-1.5137,-7.2384,-1.9979,-7.4961,-0.18087,6.1724,0.084916
-1.4163,0.46482,-2.1441,-1.9825,-5.7117,-0.13526,-0.37092,0.27293
-1.3516,-0.46255,-5.2763,3.2201,0.54751,-0.1348,1.482,0.2425
-1.3363,-0.81597,-4.6361,9.0251,3.0589,0.24617,-1.7233,-0.013165
-1.1922,-2.2187,-5.3644,-0.88608,5.0252,0.49514,-2.5294,-0.081482
-1.3499,0.7121,-1.5471,1.5453,3.764,0.33367,-5.3863,-0.17871
3.8542,1.5576,1.256,0.79029,2.226,0.116,-2.3503,-0.17236
3.7376,2.002,2.8018,-0.17611,-4.6232,-0.11466,-0.11311,-0.13734
3.7302,1.1033,0.51531,-4.709,-7.5814,-0.10633,-6.5033,-0.11762
3.7168,1.3388,-4.2345,-0.44832,-6.0933,-0.14638,-1.2109,0.042934
-1.3655,-0.74207,-1.85,0.062709,0.86371,-0.24336,-1.1537,0.16243
-1.3555,-0.77175,-6.3654,1.1897,1.2649,-0.16003,3.0758,0.21315
-1.1914,-2.125,-1.7272,1.601,-3.4159,-0.090545,1.0508,0.36986
-1.3093,-0.29866,2.2894,0.64143,0.91096,-0.037511,0.82857,0.11789
-1.3435,-1.0998,-3.1446,-0.91172,-1.0029,-0.012881,2.7664,0.037166
-1.3322,0.11676,-0.57582,4.1926,-2.0861,-0.081067,5.2925,-0.079948
-1.4682,1.2929,1.3152,-0.7238,1.3586,-0.0098904,-0.067667,-0.19061
3.7408,-0.71237,-0.67547,-0.41466,3.7604,0.19542,-3.8566,-0.15389
3.7369,0.56974,-0.61325,-1.8102,4.4626,-0.22187,-3.5717,-0.17496
3.715,0.24268,0.65689,-3.801,4.6624,-0.098708,-5.5294,-0.082041
-1.2709,1.0637,-5.0025,-2.8083,-3.8243,-0.25631,0.38003,0.015627
-1.2453,-1.7889,-5.5864,-1.3501,-6.4692,-0.13599,0.76101,0.060627
-1.429,-3.1018,-6.2802,2.5436,-2.1077,-0.16734,-6.0856,0.44977
-1.359,-5.1854,-3.8346,3.935,3.1801,0.18013,-2.2354,0.22554
-1.698,-3.0777,1.216,3.0972,5.0089,0.48036,-0.61997,0.079027
-1.5082,-0.80446,-3.8783,0.40346,5.0827,0.52858,-0.98221,0.063402
-1.3394,2.0592,-4.1668,-1.5422,3.578,0.31062,2.7786,-0.074059
3.7641,2.0079,-1.9543,-1.281,0.98804,-0.054941,-2.3761,-0.16635
3.749,3.9781,-1.0039,-1.6222,-8.5724,-0.064465,-0.49906,-0.11061
3.7309,-2.1506,-5.068,1.8493,-7.9211,-0.096199,-0.57151,-0.22654
-1.3243,2.3135,1.5984,-1.616,-3.184,-0.21182,-3.5323,-0.14637
-1.3678,-0.67574,-6.1593,0.013137,1.2349,-0.26529,0.70505,0.088007
-1.3565,-0.99118,-3.3634,1.9536,-3.7636,-0.14615,-0.62393,0.13116
-1.6256,-3.1357,-1.5916,2.1803,-1.8575,-0.076344,-0.2486,0.43526
-1.4204,-0.34542,-1.4875,1.6921,-1.1653,0.00023645,2.4404,0.27091
-1.3247,3.7696,-2.6553,3.3221,-2.7376,-0.043281,11.059,0.19149
-1.3189,0.97303,-4.4014,-3.6621,0.0029205,-0.097374,0.012433,0.030302
-1.0751,0.83255,-0.017651,-0.38571,1.7942,0.06076,-0.63085,-0.053298
3.7302,-0.6571,-0.28467,-1.4691,4.6873,0.2392,0.45755,-0.1727
3.7301,0.77791,0.34486,-3.8505,6.0002,0.22714,-4.1241,-0.15192
3.708,-0.5722,-5.5451,-2.8174,1.2919,-0.31307,5.0653,-0.19918
-1.5673,-2.4106,-8.3364,-1.2643,-5.633,-0.18796,0.8039,-0.12505
-1.4433,-1.7775,-5.3637,1.471,-4.4555,-0.15323,-1.4071,0.10414
-1.3718,-5.2227,-4.8908,4.5606,1.1006,-0.16226,-6.4724,0.27777
-1.3356,-5.363,2.1342,8.963,4.0248,0.29857,-0.21183,0.13556
-1.3228,-1.9579,3.9997,1.842,5.519,0.57204,-2.2936,0.059702
-1.1212,1.9612,0.85712,4.3129,4.3678,0.45408,-0.1333,0.18687
3.7478,0.33045,-9.9849,-2.4428,2.6306,0.20907,1.1136,0.041765
3.7341,3.9787,-1.7863,0.097559,-3.3652,-0.050718,-4.9693,-0.04865
3.719,1.5301,-3.7326,0.77853,-8.0795,-0.035079,-4.6691,-0.10436
3.6947,-0.56868,-3.2074,-1.2934,-4.425,-0.18319,-9.5265,-0.34153
-1.3931,1.7148,0.028756,1.0789,-2.6118,-0.3031,0.25852,-0.22846
-1.377,-1.6507,-4.9961,2.4596,-0.87748,-0.20282,-3.6004,-0.11217
-1.3603,-1.5148,-3.1079,0.90285,-5.6121,-0.040778,0.69096,0.030181
-1.1497,-1.0739,-0.031938,1.2305,-3.1245,-0.017232,2.101,0.16552
-1.3464,-1.4888,-1.2663,6.0569,-3.9916,-0.035644,6.7498,0.25389
3.6365,-2.8768,-1.511,3.0979,-2.4342,-0.056282,-2.4015,0.27212
-1.3414,-0.11094,-0.63178,-0.29369,0.21869,-0.06612,-0.91194,0.15065
-1.6446,-0.048848,-0.21696,-1.7597,3.5382,0.27271,1.604,0.0085929
1.5494,1.8752,2.0186,-0.58098,5.4803,0.39115,-0.56883,-0.058604
3.7056,-1.0055,-2.637,-2.8918,4.4028,0.25692,3.6223,-0.15771
-1.4111,0.12343,-4.1885,-1.4511,-2.914,-0.17899,-1.2148,-0.23038
-1.1782,-6.9479,-9.4769,3.8356,-3.3536,-0.17442,-5.2091,-0.17903
-1.3246,-5.9065,-7.7573,5.2701,-1.2772,-0.21836,-1.736,-0.15625
-1.3495,-2.3898,0.90814,5.8457,3.6065,0.20291,-3.4525,0.15452
-1.3595,-0.64909,0.15857,3.8515,6.428,0.66423,-11.432,0.15063
-1.7334,-2.5716,8.0308,3.494,5.5142,0.6013,3.7451,0.2675
-1.4014,1.6034,6.7756,2.0373,4.2139,0.34519,-2.5837,0.23119
3.7711,-0.076643,-2.6748,-0.66691,1.2444,-0.070106,-5.0278,0.074159
3.7366,2.3753,-1.2499,-0.4142,-5.6964,-0.055968,-5.5772,0.031836
3.7042,0.69668,-1.8573,0.32471,-6.2702,-0.17435,-12.039,-0.064932
3.6809,1.4446,-3.3138,-0.61909,-1.9466,-0.51758,-7.8702,-0.1845
-1.4215,-1.3968,-7.2351,0.51633,1.3001,-0.34234,-9.4858,-0.27141
-1.3831,0.97796,-1.5745,2.7185,-2.7575,-0.13624,-0.44375,-0.18297
-1.3761,0.091781,1.0543,1.8084,-6.1289,-0.065812,5.4106,-0.10234
-1.5695,1.4056,0.53565,0.93332,-4.2128,-0.052798,6.7074,-0.021148
-1.4089,0.84198,-1.7951,3.9794,-5.8129,-0.034553,3.3709,0.01127
-1.3434,-0.96874,8.8551,-0.65461,0.49301,-0.046695,8.7103,0.26609
-1.3419,-0.2595,5.375,-0.52534,1.5504,0.020458,4.8866,0.12651
-1.0996,0.66019,-0.049058,-1.9667,5.2169,0.49322,-0.48502,0.20203
3.7296,3.6047,0.87619,-1.747,4.9299,0.407,2.6595,0.077834
3.6982,-2.0101,-7.5681,0.64012,1.1293,-0.1787,-6.4049,-0.085205
-1.3929,1.7447,-5.3156,0.63726,-5.1255,-0.10771,-0.69289,-0.16795
-1.5697,-1.4863,-0.92551,0.035688,-3.2098,-0.25231,-4.1101,-0.16036
-1.4914,-0.25507,2.4779,1.7147,2.602,-0.05591,-0.94215,-0.19171
-1.3416,-1.8597,4.5753,0.87282,5.4743,0.39366,-0.86783,-0.076565
-1.3519,-0.65007,8.3776,1.2669,5.798,0.62169,3.7861,0.072066
-1.114,-3.0139,5.1416,-1.9571,5.1843,0.53732,2.5972,0.13824
-1.239,2.7064,7.7477,1.5731,3.6087,0.28766,-0.87296,0.23498
-1.3816,-0.0692,-0.39382,0.94075,-1.4606,-0.076748,0.57218,0.10336
3.7336,2.9078,-1.0742,1.0451,-6.6233,-0.15344,-4.5233,0.14785
3.6999,0.56049,-1.3024,-0.62712,-5.0724,-0.31953,-9.3533,0.034342
2.2519,2.8024,-3.1776,0.18489,-1.2563,-0.6546,-7.397,-0.051546
-1.4171,-0.024541,-1.2483,0.62889,-0.73443,-0.40112,-5.8333,-0.14581
-1.3783,1.3807,3.2241,0.3871,-6.1556,-0.095179,-1.1965,-0.20529
-1.3662,0.41801,2.45,2.2404,-4.7727,-0.06476,8.7259,-0.10278
-1.1894,2.3809,5.3635,1.2506,-6.4601,-0.05917,3.7983,-0.14004
-1.3677,-2.4607,2.4498,-3.7418,-3.7622,-0.087908,2.2496,-0.0080299
-1.3513,1.1184,4.2258,-0.40069,0.97132,-0.047118,7.8356,0.11327
-1.3365,0.78426,4.1766,-0.89959,3.2131,0.27111,-2.8746,0.11329
-1.4643,3.189,2.6052,-0.31467,3.8761,0.28707,0.41671,0.091877
3.7319,1.1504,-0.97897,-0.18829,1.5407,-0.093998,5.2163,0.087204
3.704,1.1699,-3.6483,1.6065,-4.7867,-0.1625,0.30813,0.094141
-1.3735,-1.4236,-3.6501,0.32997,-6.1723,-0.14183,-4.8519,-0.062498
-1.2488,-0.68217,4.2213,0.36566,1.7156,-0.16177,-1.7611,-0.1762
-1.3178,-2.3723,3.4899,1.7844,4.8685,0.17097,-1.5246,-0.24413
-1.3465,0.54466,3.7617,0.68882,6.1442,0.58272,3.9537,-0.20064
-1.345,-1.995,10.671,2.1818,4.8717,0.45449,-1.4848,-0.13459
-1.521,-1.7835,0.70448,-5.649,4.2918,0.38883,3.8574,-0.010877
-1.4059,-0.26806,3.1237,-0.92309,3.2896,0.26833,-3.1943,0.11001
-1.2329,0.19237,1.1679,-2.5162,-1.1861,-0.059433,2.7642,0.26253
3.7544,-1.2066,-1.6387,1.7079,-5.3024,-0.29085,0.81323,0.29785
3.7227,-0.29787,-2.0961,3.0565,-0.54128,-0.93196,-5.1844,0.19478
-1.2688,0.60894,-4.1597,2.2863,0.96999,-0.81607,-4.4273,0.10767
-1.3641,-0.03551,1.9849,3.0731,-4.5424,-0.26313,3.7657,-0.050597
-1.3624,1.4845,4.7191,-0.25457,-7.7198,-0.057483,7.63,-0.18419
-1.3665,0.75703,5.9242,-1.3813,-4.0278,-0.050648,4.7749,-0.16508
-1.5634,-1.6114,5.9409,3.4542,-3.9125,-0.04708,2.8463,-0.22688
-1.3638,-1.5953,6.0461,3.9204,1.5727,0.06341,-0.098813,-0.13286
-1.3221,1.837,0.046628,-1.0376,3.0902,0.26174,-4.0732,0.030375
-1.3419,1.6172,3.7247,0.2369,4.0809,0.39852,-0.11866,-0.033268
3.7617,3.0123,-1.9814,-3.7155,4.2698,0.42453,-2.9709,0.10057
3.7252,0.79631,-1.874,0.45962,-4.2059,-0.088716,0.423,0.072236
3.7208,2.7155,-2.4316,-1.1435,-7.3493,-0.08271,-3.8298,0.23138
-1.3795,-0.41194,1.1428,0.24088,-2.8009,-0.17488,0.78092,0.0212
-1.4988,-0.0091602,1.2689,-2.2238,4.4858,0.13321,-0.42341,-0.030323
-1.3901,0.1399,1.1173,2.027,5.3174,0.45526,7.9143,-0.19536
-1.3472,-1.4384,0.5768,-1.3079,5.9484,0.64227,-5.5124,-0.17397
-1.342,-2.6016,9.7524,0.35049,4.162,0.42909,3.0475,-0.17438
-1.2825,0.73056,3.4775,-1.0902,2.7482,0.16152,-0.74948,-0.13695
-1.2899,-0.97688,2.67,0.29723,0.91974,-0.1043,-0.7615,-0.014041
3.744,-0.98866,-1.7333,0.48368,0.91358,-0.11681,-2.9836,0.010175
3.7239,0.55903,-1.8699,-1.1988,-1.1958,-0.58696,-2.8344,0.21495
3.6957,-1.51,-6.4677,0.05531,2.4211,-0.90887,-5.4574,0.24523
-1.4664,0.29361,-1.3444,2.8748,1.0451,-0.5503,-2.6095,0.20388
-1.4132,1.3058,4.2368,-2.478,-6.4352,-0.17456,3.9968,0.082799
-1.3792,-0.91016,1.2218,-2.7036,-5.4584,-0.062116,2.5453,-0.044804
-1.36,-1.4329,0.43018,-0.020551,-2.4721,0.016646,5.0571,-0.11838
-1.2402,0.73739,-1.3654,2.637,-3.7386,-0.051283,1.5579,-0.21159
-1.2927,0.67575,4.7195,1.3649,3.3531,0.30013,7.4946,-0.22593
-1.3436,0.87047,2.3598,1.4802,2.7886,0.16691,0.39997,-0.13756
-1.3923,0.3149,3.1615,-1.4666,3.5476,0.30897,0.71194,-0.054102
3.7313,1.6984,-0.5425,0.00067648,0.13474,-0.10531,2.8561,0.18095
3.7045,-1.2258,-0.078872,-0.075435,-6.9217,-0.095192,-0.62384,0.26932
-1.4091,0.46323,-2.9152,-1.905,-6.9999,-0.12395,0.64201,0.25122
-1.3885,0.79188,0.37863,0.89907,1.5144,-0.14664,1.6193,0.050722
-1.1358,1.1508,-0.44678,0.14629,4.6667,0.19239,0.5346,0.12841
-1.3267,-4.0249,-3.715,-1.6346,3.3248,0.25112,5.5897,-0.038915
-1.3703,-0.19968,-1.7902,1.8923,4.3714,0.40605,5.1484,-0.16749
-1.3647,2.4414,11.446,-3.5568,1.5794,0.0066347,2.4466,-0.20356
-1.4821,0.54372,1.1965,0.75961,1.1794,-0.061769,-0.5053,-0.21383
-1.4361,-0.10278,-2.4731,-0.66563,1.5366,-0.01111,-1.3649,-0.14272
3.7349,1.8014,0.38665,-1.9419,1.6643,-0.28382,-4.0618,-0.045802
3.7101,-1.8707,-3.2489,2.6782,2.6187,-0.78433,-4.023,-0.0087601
3.6931,-1.2608,-2.6172,1.6208,2.6924,-1.0636,-4.885,0.23077
-1.3106,0.13706,0.36858,-2.5973,-3.5165,-0.33011,-3.0286,0.23347
-1.3106,-1.7758,-2.5735,-1.0218,-5.159,-0.10506,0.49071,0.22961
-1.3887,0.55537,-1.1413,-2.9907,-5.144,0.00083969,1.2029,0.11714
-1.4196,1.112,-1.4061,-1.2326,-1.1843,-0.030227,5.3738,-0.038282
-1.4963,-0.1589,-0.86601,5.24,0.89406,-0.05489,8.277,-0.1184
-1.3414,-0.12404,1.0077,0.68963,3.4597,0.28858,1.5201,-0.21558
-1.3295,0.52474,0.094359,-1.1689,2.8639,0.23696,-3.3263,-0.17494
4.1283,1.4964,2.9032,-1.1971,2.5921,0.11515,1.5907,-0.088077
3.7212,-1.9983,0.81638,-2.4982,-5.8322,-0.056045,-1.0443,-0.025164
3.7037,0.14922,-0.021505,-0.9168,-7.5639,-0.1073,-2.615,0.23657
-1.406,0.8822,-1.6752,2.1944,-3.6845,-0.082588,-0.95934,0.24075
-1.3912,1.3355,-1.2569,-1.4637,3.7192,0.043413,-0.76547,0.0047231
-1.5648,0.19793,-5.3786,-3.5383,2.137,-0.056667,0.35076,0.26334
-1.4653,0.51272,-4.9902,0.59825,3.3885,0.24051,12.794,0.096355
-1.3611,2.1801,1.8177,-3.4696,1.1055,-0.019587,14.085,-0.048187
-1.3773,-0.7863,5.9828,3.9859,0.94416,-0.024497,-2.7611,-0.11565
-1.0706,1.3481,3.5814,0.81031,0.41397,-0.05781,-5.8292,-0.23722
-1.2839,-0.404,1.895,-0.91818,2.295,0.036117,-5.0292,-0.16613
3.7208,0.92012,0.5625,0.97755,3.3885,-0.15803,-2.2183,-0.13169
3.6968,-3.7304,-5.3391,1.108,4.6291,-0.49703,-6.4934,-0.056243
-1.432,1.1954,-0.82669,-1.9948,3.5396,-0.23371,-8.7792,0.2023
-1.4616,-2.2315,-5.1836,-1.3008,-4.7055,-0.1643,1.8643,0.19599
-1.3839,-1.4564,-4.1696,-0.62421,-5.8102,-0.097842,3.4034,0.30666
-1.3784,0.18367,-5.5363,-2.5892,-2.0284,-0.10155,6.9071,0.2795
-1.2851,-0.59946,-2.1457,5.958,1.5691,0.0044271,5.2878,0.11312
-1.2479,-1.3952,-1.2844,4.352,4.5587,0.44949,-2.0047,-0.010975
-1.3114,0.97772,4.2612,1.5546,3.7761,0.32659,-0.82588,-0.1397
3.7207,1.8122,1.7168,1.1296,3.123,0.2257,-3.8577,-0.13899
3.692,0.75829,2.1772,0.023497,-1.361,-0.036298,-1.9816,-0.18701
3.6889,-0.36634,-1.9209,-0.37479,-7.7654,-0.028347,-1.1919,-0.12624
3.6734,-0.0094557,-4.0874,0.31924,-5.7835,-0.10733,-5.624,-0.0088087
-1.4108,-1.1613,-4.6368,-1.5734,1.2896,-0.13335,-1.5866,0.24323
-1.3935,0.48226,-3.9842,-0.4204,3.3114,0.044293,-1.5811,0.060067
-1.2334,-1.6631,-5.8171,0.32607,-0.24036,-0.047253,-3.4302,0.36629
-1.2952,-0.078633,-0.7735,1.5401,2.2761,0.1271,0.032251,0.21654
-1.3805,2.46,-2.3115,0.93702,0.88764,-0.02148,1.3639,0.050916
-1.3721,3.192,3.116,3.0961,-0.57192,-0.072788,-1.4009,-0.040618
-1.6026,0.15642,2.4908,1.1731,0.75665,-0.029868,-2.8049,-0.12037
3.6998,-1.038,5.6832,-0.78537,3.9496,0.27272,-3.7141,-0.18487
3.6801,-0.40282,0.59385,-0.9552,4.836,-0.008087,-3.9462,-0.19565
3.6641,-1.8656,-3.3284,-1.9215,5.4581,-0.24272,-4.7554,-0.092653
-1.2773,3.6304,-3.4177,-3.6475,-0.57885,-0.29331,0.60592,-0.052471
-1.2759,-0.015216,-9.154,-3.4289,-5.6998,-0.19833,0.68029,-0.016256
-1.4264,-0.16467,-5.7982,-1.8022,-4.6302,-0.14012,-1.17,0.34443
-1.4183,-4.6804,-7.7705,4.7262,1.453,-0.075471,4.1669,0.32245
-1.4454,-5.1007,-3.6023,7.9802,4.4878,0.38094,-0.29821,0.25757
-1.431,0.95457,-1.2432,4.774,4.9255,0.48012,-1.0865,0.12943
-1.3292,3.611,-3.714,-2.0449,3.3484,0.28037,-0.80646,0.0042851
-1.3671,2.8552,2.238,-2.3158,1.9493,0.034859,-0.85117,-0.10251
3.7168,2.8132,0.72889,-2.2266,-6.9384,-0.10364,-0.60465,-0.17774
3.6839,-1.2629,-3.1119,-2.793,-7.9873,-0.1112,-4.5269,-0.16808
3.5136,1.3515,-2.754,-2.669,-5.1792,-0.17759,-0.55988,-0.13551
-1.4096,0.60877,-1.286,-1.1512,-0.59138,-0.30468,1.9358,-0.039523
-1.3905,-0.64612,-4.7717,0.43523,0.23192,-0.21508,-3.934,0.15099
-1.5091,-2.0954,-2.8519,2.338,-2.8108,-0.085694,1.5509,0.36006
-1.3634,1.0253,0.33507,-0.83616,-0.71597,-0.019459,4.3136,0.33764
-1.3635,3.4529,-4.1716,1.0892,-3.116,0.018565,3.2687,0.21437
-1.357,4.9438,-1.0961,1.1253,-3.0947,-0.0067137,2.5066,0.025337
-1.1012,0.037984,-0.38774,-0.3005,0.65859,-0.055037,-1.0945,-0.010464
3.8198,0.94548,-0.23397,-1.7126,4.7654,0.28648,0.52961,-0.082333
3.7054,0.25909,0.21394,-4.5575,5.8285,0.10974,-3.7931,-0.17024
3.6897,3.1755,-0.12518,-5.6104,3.4471,-0.17432,-1.8952,-0.20777
-1.6064,-0.19641,-7.8756,-2.5983,-4.2774,-0.2677,3.5989,-0.18606
-1.435,-2.9791,-7.9812,0.1735,-4.7498,-0.14589,-4.4624,-0.040375
-1.3666,-4.7968,-9.7417,3.7423,-1.9276,-0.15923,1.932,0.41581
-1.3631,-4.4718,-0.66207,3.561,3.6947,0.20968,-4.2125,0.13639
-1.3793,-3.6263,1.6366,5.0848,5.8025,0.58562,-2.7931,0.092997
-1.1945,-1.1315,-1.9886,2.6703,4.8483,0.42198,-1.6983,0.2289
-1.3716,0.36719,-3.5676,0.070712,2.9865,0.20091,-1.2538,0.11965
3.9101,1.1585,1.0191,-0.041567,-0.31432,-0.067487,0.72096,-0.0075432
3.7286,2.1828,-0.78411,-1.7394,-9.3597,-0.052297,-1.9079,-0.10648
3.7011,1.1206,-0.88351,-2.0754,-7.7003,-0.15717,-2.7217,-0.2133
-1.4133,1.0499,-3.4377,-1.7293,-1.2868,-0.22825,0.78498,-0.23486
-1.3789,-1.1614,-4.8218,0.063993,-0.089889,-0.38971,-2.6646,-0.13349
-1.3664,0.62086,-3.9158,2.6702,-5.6497,-0.10298,-1.1961,0.0036523
-1.1562,-1.8065,-1.2977,1.5029,-2.9801,-0.065928,2.0436,0.20992
-1.316,-2.062,-0.33483,3.8036,-3.0622,-0.037723,7.7409,0.24557
-1.3565,1.2113,-1.4674,-0.7313,-3.4423,-0.0020803,3.2693,0.41226
-1.3462,0.036564,0.61486,1.5376,-1.5528,-0.04554,-1.3084,0.071604
-1.4817,-1.0935,-2.6721,-1.1966,3.8815,0.27485,0.19831,0.04656
3.6291,2.0034,1.2135,-2.8235,4.138,0.18573,-1.9045,-2.2752e-05
3.7141,1.3336,1.3714,-3.1574,5.3537,0.15634,-0.60134,-0.090049
3.7025,3.5466,0.12773,-0.39163,-0.97382,-0.27725,6.4582,-0.14325
-1.1354,-1.7323,-4.2496,-0.34416,-6.1431,-0.20535,-1.4991,-0.22765
-1.2905,-2.9992,-5.4337,3.0288,-2.3094,-0.17746,0.030138,-0.056243
-1.3678,-6.0065,-3.6581,4.2678,3.3853,0.11751,-2.1911,0.048604
-1.3609,-4.578,6.6307,-2.8283,5.9123,0.48296,-3.8744,-0.015088
-1.5043,-0.5924,-1.5041,-0.85037,6.1159,0.6213,-9.1228,0.13724
-1.4088,0.88969,7.6037,1.1432,5.2082,0.55099,0.74022,0.36901
-1.3678,1.0176,3.0291,0.25965,2.6809,0.19349,-1.6532,0.20802
3.7264,0.86913,-1.1066,0.24105,-4.022,-0.042928,1.6094,0.014677
3.7213,-0.7199,1.4085,-2.02,-9.476,-0.10155,-2.4976,-0.021756
3.6942,1.9209,-0.0081753,0.049824,-2.9894,-0.2393,-6.5671,-0.10913
-1.4298,-1.0993,-2.7971,0.55216,-1.4975,-0.3918,-5.2002,-0.23165
-1.3903,-2.3489,-3.7893,1.6145,-4.6181,-0.18563,-4.833,-0.19889
-1.4572,-0.72424,-0.80129,3.5589,-6.8708,-0.088922,-0.0046938,-0.12653
-1.5721,1.6382,0.65353,4.7989,-4.2424,-0.060852,7.3084,-0.082918
-1.3667,0.11589,1.8253,-1.9382,-5.5978,-0.01238,1.3691,0.032663
-1.3394,-2.1194,0.62628,-1.262,-1.4765,-0.053407,6.6807,0.21026
-1.3359,-0.47172,8.4009,-1.1428,1.6878,0.0023029,0.96123,0.046244
3.7511,-1.639,-0.16493,-2.4569,3.6776,0.30673,-0.46585,0.16139
-1.3719,1.726,4.2951,-2.8249,5.3235,0.42882,-6.3308,0.20712
3.6974,0.1451,-1.0866,-0.47878,3.4174,0.14439,7.3086,0.0089336
-1.4189,1.6333,-1.3957,-0.50845,-6.1712,-0.10427,-1.1426,-0.086081
-1.5494,-1.8059,-4.3108,1.4733,-5.1698,-0.17614,-3.1827,-0.16781
-1.4016,-1.6153,-2.5052,3.8205,2.4668,-0.079373,-0.92248,-0.19699
-1.3674,-1.7643,4.9406,1.3103,5.6912,0.37545,-3.876,-0.12174
-1.3572,-3.5128,8.3755,12.027,6.6235,0.68824,-2.2429,-0.020564
-1.2119,2.7998,3.0701,-5.6609,5.529,0.59811,6.0576,0.13493
3.7735,1.1424,5.608,-2.1297,3.7177,0.36442,3.6157,0.12077
-1.029,-0.74287,0.68645,0.88606,1.3881,0.0074818,0.93106,0.073283
3.732,0.70083,-4.0964,-0.21775,-6.1512,-0.066666,-1.9622,0.1792
3.6972,0.26543,-1.5716,0.23173,-5.1347,-0.16324,-8.6071,0.058145
3.6662,2.0809,-1.7772,-0.87676,-0.13908,-0.63521,-6.8448,0.02266
-1.3991,0.01979,-4.4205,1.9888,-1.1364,-0.607,3.7459,-0.10879
-1.3931,-0.22827,3.7879,0.39752,-5.4558,-0.14427,1.867,-0.17893
-1.1481,2.0333,2.3948,-0.4182,-6.4218,-0.0099096,5.4938,-0.18609
-1.2811,1.6037,4.9441,1.5926,-5.0125,-0.037248,5.6206,-0.18212
-1.4026,-2.9889,7.2569,1.2262,-7.1305,-0.019279,5.7583,-0.072355
-1.369,-5.4232,0.46323,-0.80495,1.5244,-0.0084657,10.625,0.11205
-1.5357,0.83554,3.2112,-0.15909,2.3011,0.12024,1.0373,0.036314
-1.3794,0.62766,4.3704,-3.6594,5.231,0.49098,2.9955,0.086693
3.7156,1.9328,-1.4211,-1.241,3.9762,0.30477,9.9863,0.21933
3.6891,-1.4084,-2.9496,-1.3429,-3.685,-0.10707,-1.5993,0.26159
-1.4031,2.6927,-4.3675,-1.2277,-7.4009,-0.072031,-3.2669,-0.023533
-1.2671,1.7502,-2.1087,1.9225,-1.1191,-0.27176,-3.3669,-0.092434
-1.3582,-1.6046,0.96543,2.8397,4.8919,0.16938,-3.8358,-0.21274
-1.3828,1.3154,5.5049,-0.80892,5.8974,0.43451,1.7105,-0.25457
-1.3828,-7.502,16.939,-0.54681,5.4278,0.52249,12.294,-0.12926
-1.5344,-0.51811,-0.45438,-2.4106,5.1751,0.55856,1.1709,-0.043393
-1.3675,-1.1712,4.9637,-2.4409,3.302,0.27005,-3.9461,0.097304
-1.4054,-1.5759,1.4262,1.8367,-0.31091,-0.12352,-5.8551,0.042982
3.7352,0.029025,0.24518,-0.13758,-5.1377,-0.17224,-2.924,0.17533
3.707,1.2483,-1.0725,-1.1383,-2.2615,-0.62258,-6.3517,0.17151
-1.34,0.27543,-6.4725,0.39137,1.0836,-1.0601,-3.2111,0.24535
-1.4149,1.6107,1.7663,-0.15349,-3.3517,-0.32296,-2.3468,0.014312
-1.3952,-0.31097,3.4773,0.45624,-5.8868,-0.091136,1.676,-0.089757
-1.5775,1.7045,5.176,1.0934,-5.4466,0.021947,6.8464,-0.23634
-1.4382,-1.0315,6.0986,-3.0103,-7.103,-0.044673,5.8891,-0.22997
-1.3875,-5.1656,2.7824,2.1927,-2.0082,-0.053504,-2.2746,-0.19497
-1.3489,-1.4845,3.4048,1.6092,2.5303,0.15707,4.0828,-0.04422
-1.3124,2.1665,-0.019308,-3.8307,2.9105,0.19743,4.5263,-0.053396
-1.0314,1.0628,3.2924,-0.78854,5.3979,0.55061,2.6887,0.14888
3.7026,0.23107,-2.9971,0.18336,-0.86325,-0.12402,2.2206,0.073186
3.6774,2.1875,-4.814,-0.037373,-5.6392,-0.10024,-5.8875,0.26412
-1.4189,2.697,-1.6917,0.14696,-4.2968,-0.1095,-0.6774,0.099373
-1.5109,-0.82845,2.8623,-1.5505,3.8925,0.079974,-3.3595,0.062501
-1.4408,0.08365,3.9462,-0.12168,4.9942,0.24284,5.3772,-0.10935
-1.379,-0.14859,4.8794,-3.8039,6.2118,0.56869,8.6575,-0.19784
-1.3707,-2.5431,13.85,-0.087863,4.2593,0.4112,3.4261,-0.12351
-1.1003,-1.7409,0.35837,-5.8207,4.8419,0.47929,-2.8584,-0.18689
-1.3047,0.29511,6.632,0.4026,2.5062,0.14712,-0.59487,-0.077977
-1.3317,0.97904,1.8472,-1.3956,0.6504,-0.14268,-2.2291,0.032663
3.7209,-0.69765,-1.1319,1.352,-3.346,-0.2965,-5.4622,0.12967
3.6991,-1.4777,-1.6433,2.7121,0.91062,-0.95738,-8.5314,0.44103
-1.4478,1.6249,-0.63126,1.3812,1.2888,-0.69287,-2.5124,0.2519
-1.3994,2.0983,3.7497,-1.5539,-5.0485,-0.21085,5.1792,0.080244
-1.3845,-0.74404,3.7382,-0.020885,-6.586,-0.040008,3.8462,0.0076924
-1.2096,0.92304,5.2099,-0.77825,-3.836,-0.049711,2.9672,-0.094089
-1.2327,-2.476,11.82,-5.5314,-4.3695,0.0033233,-3.6368,-0.20821
-1.3898,-1.5867,3.9398,2.525,2.2782,0.095337,2.0171,-0.21743
-1.3606,1.2228,5.7079,1.4806,3.0937,0.18608,2.4127,-0.18579
-1.4692,0.48337,5.1358,-1.8399,5.016,0.50487,2.6285,-0.097107
3.7298,2.4422,0.51437,-3.165,3.5267,0.25325,1.5701,0.032103
3.7089,0.70911,0.49869,0.12958,-6.7659,-0.039956,-0.42277,0.060554
-1.6374,2.4236,-2.3961,-0.73877,-4.9877,-0.10912,-5.6829,0.25207
-1.3951,1.025,2.1921,-1.1951,1.0906,-0.17,-0.83678,0.073088
-1.0719,0.29607,1.2892,-3.3209,4.9086,0.17675,1.4728,0.3768
-1.4299,0.31473,0.4388,-0.78369,5.9366,0.47016,3.6671,0.081363
-1.3752,0.67607,-0.11541,0.75886,6.1217,0.65737,-4.2211,-0.11611
-1.3709,-0.3246,12.244,1.9206,3.3703,0.30156,8.2249,-0.12054
-1.4545,2.2923,4.8809,-5.6346,2.801,0.18073,0.6787,-0.22257
-1.344,1.8677,0.73552,-0.053828,1.6092,-0.015782,-1.7282,-0.15927
-1.3255,0.1362,-0.57043,0.73196,1.1632,-0.12275,-2.4085,-0.094648
3.7437,-1.2709,-1.1805,2.09,1.1195,-0.48628,-6.1843,-0.008687
3.7244,0.67578,-0.3887,1.1649,2.3184,-0.9289,-3.0025,0.17336
-1.3082,1.287,4.2217,0.20653,1.2922,-0.37755,-4.0008,0.30656
-1.3752,-1.7633,5.2708,-0.79865,-6.2862,-0.13099,5.9056,0.23155
-1.3667,-0.56072,5.0601,-4.0537,-5.0354,-0.048357,1.0311,0.31493
-1.504,-0.27407,1.4861,-1.2401,-3.0288,0.010492,5.3797,0.054518
-1.4227,-1.693,12.533,0.080205,-0.60642,-0.023252,10.455,-0.072842
-1.3131,-0.69956,5.1101,4.2982,3.586,0.32784,2.7664,-0.20609
-1.3164,-1.2006,3.3673,2.2738,3.2649,0.23686,6.5499,-0.19156
-0.96083,-0.50055,2.2377,-0.35068,4.1764,0.3429,1.2748,-0.16204
3.7632,1.0343,0.24306,-1.7902,-3.5147,-0.11184,0.37872,-0.054077
3.7422,-0.21187,0.45284,-2.383,-8.5547,-0.10909,1.0482,0.087399
-1.3736,0.61897,2.3548,1.5055,-5.2525,-0.079013,3.006,0.12653
-1.6101,1.3432,-3.2306,-2.5402,3.0679,-0.026634,-0.77679,0.068099
-1.6201,3.3061,-2.4863,-1.4682,4.4037,0.1553,-0.057225,0.34801
-1.3847,-1.1184,-3.4102,-0.95279,4.1329,0.29475,3.0163,0.31851
-1.3292,0.81615,-0.8755,0.60483,2.9163,0.18011,5.0299,0.056855
-1.319,-3.0574,10.62,-1.0056,2.5239,0.17782,-0.30868,-0.082796
-1.1703,1.3535,5.6664,1.4533,0.24311,-0.10165,1.3563,-0.17136
-1.3098,-2.0744,0.51631,-1.7665,2.1471,0.015285,-1.7856,-0.15367
3.7615,2.8472,1.0349,-0.28402,2.4408,-0.013946,-1.1182,-0.21006
3.7409,-1.1192,-2.4541,0.52629,2.956,-0.81416,-0.52038,-0.097034
3.6802,0.46792,-2.0015,-0.88584,3.2962,-0.52022,-4.5229,0.0098098
-1.4001,0.16784,-0.078371,-1.4792,-3.1115,-0.14868,1.1612,0.1086
-1.3454,-1.018,-0.68202,-4.725,-4.7096,-0.079668,2.5645,0.30751
-1.3309,-2.0055,-1.0435,-2.4667,-4.4778,-0.028783,6.4807,0.21581
-1.2476,0.95795,-1.2585,-2.8578,-1.041,-0.09043,5.6849,0.1948
-1.2766,0.24141,3.3845,3.3284,3.765,0.30608,4.2715,0.067174
-1.3171,0.21267,1.8737,1.9177,4.2503,0.3861,4.7316,-0.03816
-1.3069,-0.35472,-0.16538,-1.2958,3.8038,0.35326,-1.7799,-0.15802
3.7659,2.3217,3.1269,-0.89994,2.9963,0.16151,5.5597,-0.14851
3.7498,-1.6606,1.9359,-3.1845,-7.075,-0.095403,2.6742,-0.1866
3.7342,1.4447,-1.369,-1.8092,-6.867,-0.061378,-2.3187,-0.071187
-1.3604,0.033719,-2.3499,-1.9089,-1.5172,-0.14799,-0.30979,0.06715
-1.3489,1.7602,-5.4333,0.87115,3.7235,0.053765,-1.0279,0.090052
-1.0945,-3.0081,-6.0955,0.48009,2.17,-0.051771,0.0091967,0.31357
-1.3883,0.43553,-0.61175,0.55236,3.3006,0.25877,3.9499,0.26227
-1.3343,1.4573,-3.5084,0.77047,2.2622,0.1132,6.7951,0.11558
-1.6095,-0.81287,-0.09242,4.46,-0.76996,-0.037672,-2.086,0.028526
-1.4523,1.7007,1.4353,-1.0306,1.709,0.043426,-2.5945,-0.061427
3.764,1.6752,2.9142,2.2274,2.7759,0.13498,2.812,-0.13992
3.7439,-2.0434,0.92392,0.14545,2.6588,-0.25714,-2.7387,-0.19421
3.727,-1.3871,-3.8736,0.31916,3.2862,-0.71401,-3.9389,-0.13184
-1.2542,0.017247,-4.1086,-3.2048,1.8826,-0.41178,1.2682,-0.1076
-1.3326,-1.442,-6.6529,-2.1796,-5.4871,-0.17848,7.2727,-0.014431
-1.362,-1.1519,-1.734,-3.8493,-5.5265,-0.061898,2.4175,0.22961
-1.352,1.5773,-4.9389,-0.30184,-1.3123,-0.061519,5.6572,0.24207
-1.4812,-1.4394,-2.8797,7.5354,2.6367,0.18732,1.3692,0.26592
-1.3842,-3.2995,-6.0925,-0.1119,4.9495,0.47722,-0.3852,0.21481
-1.3125,0.68905,1.2595,2.9616,4.185,0.38528,-4.4423,0.0708
3.5723,1.8319,1.6945,0.41349,2.7085,0.18468,-2.1544,-0.052909
3.7426,1.7429,5.513,-0.74781,-4.0629,-0.034014,-2.9823,-0.14459
3.7155,0.071301,0.93577,0.055567,-7.5651,-0.10893,-4.5708,-0.14741
3.6928,1.0434,-2.564,0.81117,-6.6783,-0.15046,-1.9294,-0.23053
-1.3842,0.51947,-3.2968,-0.48718,-0.0069121,-0.28546,-2.6035,-0.1157
-1.4964,-2.0553,-7.3048,2.195,1.6958,-0.26207,2.4129,0.047241
-1.4496,-1.9408,-2.916,1.003,-4.8114,-0.034206,0.11089,0.19008
-1.3701,-0.41793,2.041,0.16989,0.99821,-0.033693,-0.79912,0.15406
-1.3405,-0.036711,-2.5188,-3.3894,0.045257,-0.010795,3.7937,0.12208
-1.3336,0.58387,-1.2795,2.1491,-2.7304,-0.076549,4.7542,0.1803
-1.1189,2.5051,1.2485,0.18728,0.61122,-0.063707,-0.26101,0.084089
3.7359,0.61518,0.63474,-1.4373,3.1438,0.055555,-2.3724,-0.053371
3.706,0.22803,-1.4427,-1.3318,4.3424,-0.28331,-2.5833,-0.16703
3.6786,1.4014,-0.89291,-3.3825,4.681,-0.41274,-2.9802,-0.15282
-1.473,2.6088,-4.8658,-3.2579,-3.58,-0.26221,2.6204,-0.2315
-1.4195,-1.4298,-7.2735,-0.030173,-6.6824,-0.22336,1.105,-0.14391
-1.3794,-1.5836,-6.2083,1.5313,-4.7808,-0.098676,-3.0751,0.086961
-1.3708,-4.8062,-5.4524,5.1009,1.6909,-0.079077,0.034467,0.035267
-1.1145,0.11848,0.71006,6.7395,4.3774,0.35255,1.2828,0.2041
-1.3245,0.29021,-1.7191,0.90629,5.0115,0.46712,-0.11874,0.28733
-1.3504,1.9264,-3.2726,-0.03454,3.3239,0.28833,0.097517,0.19636
3.7651,0.36694,-2.0813,-0.42742,1.4474,-0.0072913,-3.602,0.049091
3.7382,3.6601,-0.42137,-1.0158,-8.3306,-0.041387,-0.65301,-0.057558
3.6993,-0.80589,-4.1345,-0.0053418,-8.7287,-0.070767,-1.7986,-0.13554
-1.3833,1.4469,-0.61878,-1.378,-1.977,-0.17469,-4.7295,-0.29519
-1.3853,-0.63579,-3.2826,-1.9787,0.34475,-0.36691,-0.10317,-0.15746
-1.2636,-1.827,-3.1921,0.99174,-3.4607,-0.17706,-5.6691,-0.1341
-1.2765,-2.738,-0.69869,2.4528,-3.588,-0.083846,0.7564,0.064083
-1.3457,-0.79604,-1.1282,1.6118,-0.62091,-0.026056,-0.88791,0.1629
-1.3579,3.8745,-3.2565,3.9016,-2.4564,-0.018554,7.6443,0.27375
-1.6244,0.23023,-4.0534,-0.12499,-1.3784,-0.0058217,1.8385,0.1876
-1.3991,1.6754,-1.3178,0.12034,1.8437,0.033165,-2.4493,0.069803
3.7557,-1.68,-1.3633,-0.14905,4.3522,0.18188,-1.3231,0.094311
3.7121,0.87162,0.70924,-2.3814,5.6807,0.078209,-4.211,-0.043393
3.6859,1.4519,-2.6366,-3.8161,2.6331,-0.33197,5.416,-0.10275
-1.2367,-0.82601,-8.0176,-2.7471,-4.9932,-0.16308,1.5585,-0.30313
-1.3891,0.24584,-3.731,-0.30239,-4.7748,-0.15655,-2.2421,-0.18913
-1.3689,-5.5093,-7.2194,3.7561,1.0146,-0.088165,-4.1431,-0.15046
-1.3606,-5.6142,-0.29609,2.6313,4.1456,0.3057,-0.82748,-0.086568
-1.5656,-3.959,4.8333,2.6722,5.0868,0.46391,3.7041,0.020178
-1.3869,1.4991,-4.017,-1.8419,5.0876,0.50968,-2.0439,0.24258
3.7318,1.7833,-8.385,-3.4949,2.4835,0.13009,4.8969,0.23128
3.7269,4.2151,-1.6147,-0.6812,-2.2872,-0.016841,-4.4779,0.024826
3.7327,2.2938,-1.5883,-1.0387,-9.6217,-0.085803,-0.016208,0.099495
3.7036,-0.11893,-3.6895,-0.52123,-6.6437,-0.20962,-3.4046,0.031397
-1.3949,2.289,0.89775,-0.085108,-2.7166,-0.29579,-0.81153,-0.17857
-1.3774,-1.4042,-5.4222,1.3416,1.5934,-0.17904,-2.7542,-0.13529
-1.7076,-1.6048,-3.7746,1.6271,-4.9318,-0.10433,0.28472,-0.19526
-1.4874,-1.5046,0.73131,1.4041,-2.6299,0.014933,2.0592,-0.15333
-1.3309,-1.4875,-2.4254,1.5435,-2.5815,-0.023059,5.7332,0.012171
4.1831,0.12225,-4.0864,3.2956,-4.0574,-0.045687,4.4959,0.13048
-1.1853,0.038632,-6.1129,-2.4593,-0.30076,-0.053792,-1.1213,0.17657
3.6995,-1.0715,-3.4904,-3.1945,3.0368,0.14038,2.0663,0.069851
3.6968,1.9191,0.69967,-2.3084,4.7135,0.24042,-0.58386,0.15907
3.7038,0.84929,-0.0026892,-2.3871,6.0541,0.39774,-2.0925,0.057512
-1.4696,1.7864,-5.4469,0.26714,-0.93151,-0.24328,9.2784,-0.024142
-1.5521,-4.3237,-7.4497,1.1304,-4.9613,-0.20003,-2.7326,-0.13571
-1.4301,-3.9115,-6.0873,3.4669,-1.8249,-0.14146,-0.96667,-0.32888
-1.3703,-5.204,-4.5393,2.219,2.336,-0.035759,-6.6812,-0.21378
-1.3567,-2.0005,1.0073,8.1718,5.5765,0.48857,4.1418,-0.079389
-1.2046,-3.042,4.308,-0.62214,5.7011,0.59144,-4.4812,-0.023241
-1.3187,-0.26233,-1.1739,1.6221,4.4358,0.43708,-0.55051,0.10492
3.7107,0.23834,-4.7992,-0.085506,1.6933,0.042149,0.60921,0.038918
3.6995,3.9777,-1.4258,-1.1661,-6.1728,-0.071056,-5.736,0.10351
3.7237,-0.41435,-4.0024,-1.2539,-10.076,-0.14837,-0.16509,0.1167
3.6949,0.14668,-1.9428,0.68182,-3.4527,-0.29922,-7.3904,0.13625
-1.3893,-0.23307,-3.1502,0.74409,-1.3369,-0.36258,-6.8742,-0.011267
-1.3732,1.6265,-2.7974,1.8902,-2.9132,-0.24588,-2.6872,-0.11161
-1.2875,-2.4577,1.0767,2.2127,-6.7657,-0.029002,1.7401,-0.37643
-1.3762,0.59792,-2.9067,0.81373,-3.4334,-0.026216,4.6163,-0.24812
-1.3515,-1.3711,-2.9171,8.1261,-4.6154,-0.011604,4.5685,-0.15109
-1.3418,-0.93328,5.2353,3.0697,-0.89943,-0.075804,7.5368,-0.046898
-1.5305,-1.6795,2.5278,1.1228,1.4014,0.0075139,-0.79722,0.088664
-1.3992,0.078898,-1.0998,-1.5659,3.9064,0.24713,0.71414,0.17044
3.7628,2.3455,0.36501,-1.6403,5.5933,0.30835,-3.0285,0.30201
3.7364,-0.32521,-2.6675,-2.4426,1.8349,-0.17537,5.9899,0.29008
-1.3158,1.2166,-5.9078,0.11589,-4.5016,-0.1826,-1.566,0.080122
-1.2463,-2.3536,-7.0738,2.3061,-3.9333,-0.24235,-2.2554,-0.024263
-1.3357,-1.6138,-2.25,3.3109,0.80782,-0.25127,-3.6662,-0.17693
-1.3443,-2.6513,2.865,4.7923,4.8821,0.2706,-2.8397,-0.32773
-1.3466,0.42614,-1.7703,-1.0166,6.621,0.69957,-7.8725,-0.13894
-1.436,1.2461,9.8646,2.4891,5.2434,0.5617,4.3929,-0.14929
-1.3036,1.8715,7.8941,-0.11732,3.5248,0.29512,-1.3402,-0.018422
-1.3025,-0.033731,0.7979,-1.2152,-0.46858,-0.03841,-2.511,-0.0057665
-1.282,1.4987,-2.1014,0.38054,-8.4683,-0.090263,-1.971,0.0098341
3.7718,-0.78432,-2.8079,2.4689,-5.6498,-0.28186,-9.0125,0.11196
3.7583,1.9838,-4.5697,-2.9489,-3.1213,-0.60799,-9.2029,0.17037
-1.3404,-2.1811,-5.3769,-0.73564,-1.5353,-0.5327,-5.2689,0.11166
-1.3317,1.3268,0.11328,1.2127,-5.862,-0.10925,-1.8828,0.040841
-1.4465,2.7484,1.8385,2.0944,-6.2604,-0.051116,5.6265,-0.17431
-1.3993,-1.4879,3.4864,4.3946,-4.6584,0.0089322,1.9373,-0.20451
-1.2875,-0.66999,0.2737,2.5503,-4.8552,-0.022244,4.6105,-0.23668
-1.2961,-1.0559,6.3509,-1.3152,0.23524,-0.0037873,9.5046,-0.13707
-0.89344,-0.60659,6.2301,-0.42208,2.2352,0.10869,2.0665,-0.016232
3.7915,1.7212,2.2087,-1.9007,4.8199,0.36593,-0.83275,-0.024409
3.7792,1.0346,0.15402,-0.2746,3.8293,0.19152,2.8483,0.3474
3.7441,-0.14734,-4.1786,-0.43327,-2.7731,-0.16258,-3.0501,0.27938
-1.4614,-1.324,-7.4778,1.1504,-7.0139,-0.15051,0.78044,0.20128
-1.4489,0.13036,-0.62469,0.62358,-1.0063,-0.25218,-6.5018,0.12726
-1.4057,-0.12437,2.6073,1.576,3.7377,0.023115,-1.6316,0.015067
-1.3213,1.4094,3.5342,2.3466,6.6628,0.58843,-1.828,-0.10562
-1.3079,-0.66293,1.483,-2.8343,5.4416,0.58479,9.2083,-0.11302
-1.1266,0.81011,0.67622,-0.90942,5.2566,0.53809,-2.1901,-0.23547
-1.2589,-1.2852,6.7124,1.4897,2.7384,0.13928,1.989,-0.15323
4.177,-0.85778,-4.3071,0.23605,-1.0806,-0.073898,-2.0569,-0.053858
3.7817,1.8127,-2.4415,0.017158,-5.3713,-0.12946,-5.5188,0.0061834
3.7576,-0.77049,-2.9406,0.10206,-2.8516,-0.52629,-5.836,0.24211
-1.3893,1.1191,-3.8711,-0.18137,0.24591,-0.64393,-4.8332,0.2896
-1.3442,3.6151,0.51283,0.59902,-4.7502,-0.31225,0.15014,0.077153
-1.3254,2.7261,3.2962,0.41285,-6.9801,-0.039623,3.0457,0.078491
-0.97417,0.56505,3.5677,1.5139,-5.0315,-0.060255,5.5292,0.013996
-1.2761,1.7713,4.7296,1.0086,-5.4454,-0.023149,3.4705,-0.11168
-1.3069,-1.0969,3.2117,-2.9732,-2.2418,-0.011835,2.5582,-0.23055
-1.3008,-0.40133,4.7779,-0.41199,1.1878,-0.013767,8.6703,-0.21123
-1.4899,0.4396,4.5896,-1.6254,4.1252,0.37534,1.8736,-0.17012
-1.2551,1.7911,3.6405,-1.5107,5.2802,0.50127,5.8695,-0.06335
3.7741,0.9613,-0.24086,-0.96336,1.504,-0.045398,-0.27779,-0.027914
3.7437,0.3782,-4.7934,0.52354,-7.1551,-0.070401,1.2181,0.20303
-1.1986,-0.64523,-1.1567,1.6865,-3.5663,-0.21593,-5.8817,0.24392
-1.2196,0.35289,-1.404,-0.28335,3.1538,-0.069791,-1.5581,0.34202
-1.2808,-0.9893,3.8847,-2.0596,6.2995,0.41,-0.0035764,0.19069
-1.3165,2.937,4.7061,-2.1485,6.7235,0.71664,3.1394,0.010297
-1.4067,-6.2939,16.462,3.5517,5.2493,0.50887,1.7705,-0.10037
-1.4653,-0.56543,-2.2972,0.52855,4.1854,0.34126,3.3103,-0.22707
-1.2333,-0.49655,5.2659,-0.1249,2.832,0.16228,-2.4993,-0.20755
3.7822,1.9311,-1.3935,-2.6802,0.19531,-0.098253,-2.3305,-0.13315
3.7616,-0.3745,-2.5317,1.2266,-5.7785,-0.30076,-4.3865,-0.057095
3.7454,0.39665,-3.5628,0.20504,0.50699,-0.83902,-3.0511,0.052304
-1.2905,0.8233,-1.5587,0.14447,-0.0079975,-0.6766,-4.103,0.18621
-1.3534,1.8411,3.1756,1.361,-7.083,-0.18054,2.2381,0.15421
-1.3396,-0.15879,2.0138,0.14736,-7.7214,-0.017611,6.9329,0.16007
-1.568,1.4502,4.7258,-2.9689,-3.0528,-0.027731,4.6457,0.15554
-1.3454,0.097991,9.4107,-0.92738,-5.9248,-0.0078496,2.8847,0.0058914
-1.3033,-0.00028504,3.8347,0.60255,2.3649,0.099284,-2.305,-0.12724
-1.3055,1.5748,4.5545,-0.4071,2.1488,0.024283,0.47225,-0.16345
-1.0455,1.692,5.6118,-1.0076,3.9686,0.2954,2.3566,-0.19662
3.7632,2.209,0.11148,-2.2982,2.8363,0.17242,6.7217,-0.13512
3.7401,-1.6652,-5.0707,-0.75021,-5.9286,-0.085617,-0.75096,-0.063934
-1.387,3.23,0.98487,0.41907,-7.3665,-0.13276,-1.7343,0.0087876
-1.5781,-2.6275,1.037,-0.28584,-0.16508,-0.18857,1.0352,0.1572
-1.5338,0.93642,1.097,-0.66547,5.0942,0.13712,2.2524,0.21868
-1.3036,-0.89277,0.33825,0.55781,5.0637,0.37497,8.3029,0.36105
-1.3308,-1.0052,-1.1461,0.98693,5.7188,0.61943,0.28895,0.1352
-1.0001,-0.92383,11.792,-3.536,4.0874,0.32654,-1.1606,0.022003
-1.2246,0.3999,5.9553,-1.2808,2.2305,0.053566,-0.28805,-0.10451
-1.2788,1.9156,2.9295,-0.27124,1.5279,0.015876,-0.61197,-0.14768
-1.349,-0.35869,1.7772,0.95179,-1.4846,-0.2283,-4.5153,-0.23515
3.7409,0.10584,-0.72412,0.59766,0.17786,-0.77581,-7.3613,-0.12205
3.7186,-0.85238,-2.6097,0.12619,2.2041,-1.1469,-5.276,-0.081628
-1.4075,0.85669,4.3062,1.4095,-1.7389,-0.49154,-1.4993,0.06642
-1.3493,0.26909,3.2696,-0.97056,-6.6002,-0.051258,2.6503,0.25063
-1.33,0.021948,2.8243,-1.8575,-5.5045,-0.055679,5.4379,0.055735
-1.1343,-2.159,-0.23864,-3.1599,-2.8216,-0.062296,4.7132,0.33523
-1.2463,1.9711,7.4835,-1.5796,-2.0429,-0.015987,2.8024,0.076739
-1.3225,1.1678,0.78601,2.0173,3.2822,0.25606,1.9111,0.01475
-1.3148,1.3694,7.1443,2.2338,3.4405,0.2911,2.7201,-0.087712
-1.3694,1.3483,2.756,-2.0564,4.2523,0.34425,3.4493,-0.12921
3.7629,1.1406,1.8249,-0.75682,-1.8658,-0.027141,-0.41094,-0.20083
3.7457,-1.3832,3.9899,-0.034232,-7.9701,-0.11545,1.9422,-0.12096
-1.3472,-0.94273,-0.003171,-0.22718,-4.7376,-0.080335,2.9668,-0.050524
-1.1551,0.9104,1.7553,0.88577,3.5072,-0.01548,-0.10898,-0.04186
-1.2391,0.79169,-2.9217,0.088657,4.8463,0.26165,-3.3319,0.26095
-1.3398,-3.0398,-2.4946,-2.6833,5.1928,0.48787,5.7287,0.23888
-1.3294,3.1663,-0.89302,1.1687,4.7261,0.46627,-6.2068,0.28013
-1.4222,2.0413,13.226,-5.6096,3.697,0.32382,4.9819,0.16304
-1.3121,2.46,5.3263,1.6993,-0.52175,-0.015031,10.83,0.04342
-1.2598,-1.7687,1.8709,2.2005,0.78566,-0.15642,-0.52978,-0.076906
3.7667,0.54146,0.36403,1.2197,0.90556,-0.43769,-4.3066,-0.1579
3.7383,-1.6483,1.4391,2.4292,2.3551,-1.0781,-2.0673,-0.14211
-1.1404,1.9123,1.9895,0.1516,2.7011,-0.78105,-5.1145,-0.23286
-1.3018,-2.0392,1.5419,1.0796,-2.7137,-0.16374,-3.0408,-0.072963
-1.3464,-3.0138,2.6872,-1.6866,-4.7975,-0.062655,3.3124,0.12133
-1.335,-2.4847,-1.5201,-1.2214,-4.3512,-0.029092,4.8573,0.10139
-1.4653,1.2967,-0.00022881,-0.26946,-2.1484,-0.006027,4.8443,0.23932
-1.3408,-1.0223,7.9653,1.574,2.7541,0.1237,7.2672,0.30099
-1.3023,0.013432,3.4887,4.6785,4.4415,0.40655,-0.25296,0.14352
-1.2645,0.47354,0.89664,1.3337,3.3217,0.22211,0.52198,-0.035167
3.6498,2.0367,1.7464,-1.3092,2.5998,0.16194,4.7041,-0.07328
3.7404,-1.7689,-1.4347,-1.2423,-6.6047,-0.071222,0.58241,-0.10694
3.7145,2.606,3.3618,-3.5772,-8.7632,-0.096661,5.5031,-0.24092
-1.3726,-0.7819,-1.6072,2.6773,-0.32429,-0.11314,0.080146,-0.20728
-1.421,1.8167,0.10658,-2.202,5.3064,0.20068,-1.8445,-0.099978
-1.4595,-1.7089,-5.8728,-1.0993,3.237,0.16081,4.7579,0.10139
-1.3236,-1.7295,-2.084,-0.29183,4.3007,0.32777,5.1451,0.14652
-1.3248,2.05,0.042555,-1.5959,2.2425,0.07038,2.3864,0.075376
-0.96283,-0.72833,6.5794,1.28,1.6709,0.047559,-3.1767,0.25604
-1.1975,-0.24241,-0.051685,0.74618,1.493,-0.015313,1.1554,0.15844
-1.31,0.52995,1.349,-0.90369,3.5602,0.21207,-4.0169,0.029889
3.7561,-1.3327,0.5422,1.0121,3.3637,-0.19801,-1.3492,-0.059066
3.729,-1.0186,-0.16474,-1.4098,4.2351,-0.54845,-4.7032,-0.1885
-1.4114,1.7862,1.6405,-2.1984,1.4946,-0.37175,0.35544,-0.23284
-1.4061,-1.6454,-0.70658,-0.096618,-4.135,-0.14667,-1.4559,-0.15423
-1.3438,-2.9556,-4.542,0.39924,-4.9865,-0.067924,4.527,0.003993
-1.3289,0.15713,-4.7111,-4.5976,-0.72846,-0.0091909,2.2165,-0.023217
-1.0896,-0.35436,-4.2821,-0.36668,1.3645,-0.030067,7.8545,0.17874
-1.2733,-0.73314,4.2328,3.949,5.2908,0.48203,-5.0415,0.26616
-1.3214,0.57218,3.0869,0.69059,3.8556,0.29742,-5.3534,0.26463
3.765,1.7352,-0.1666,-0.073977,3.7497,0.34256,0.62285,-0.0051337
3.7712,2.1373,1.0935,-1.1206,-2.4554,-0.040406,-0.35996,0.048726
3.7391,-1.1412,2.0015,-0.75116,-7.8954,-0.040386,4.2704,-0.054077
3.5255,3.2614,-1.5811,-3.0339,-4.5714,-0.12322,-5.9581,-0.17759
-1.3407,-1.8941,-4.8318,0.39494,2.4879,0.0084637,-3.1241,-0.15418
-1.1197,-1.3127,-4.0027,-1.3345,2.3697,-0.086605,-0.86828,-0.17847
-1.1887,-1.3439,-5.6744,0.14956,2.9168,0.11604,0.4387,-0.057022
-1.3364,-2.9405,-1.0511,1.2333,3.6563,0.33106,3.4038,0.12945
-1.3326,1.1143,-3.705,0.53009,1.7188,0.043612,0.88321,0.17373
-1.421,0.76012,-2.6043,2.3385,0.76363,-0.018432,3.4886,0.21026
-1.3296,1.3936,3.3645,2.9996,2.0914,0.071496,-2.2364,0.14776
3.7955,-0.61396,1.1925,-0.5521,4.5163,0.31197,-0.90609,0.052547
3.7596,-1.3347,-1.3282,-2.7242,4.7188,-0.1278,-5.4409,0.0099314
3.7325,-0.13853,-0.91793,-1.9318,4.6112,-0.36588,-1.3293,-0.06189
-1.188,2.0143,-1.358,-4.5187,-1.0256,-0.20784,-2.6311,-0.19911
-1.3673,1.9922,-6.2891,-2.9548,-5.1712,-0.084981,2.0839,-0.19959
-1.3401,-2.7691,-7.0226,-0.39342,-4.0107,-0.044275,1.9319,-0.18689
-1.4332,-2.4737,-4.5151,3.003,1.5825,0.0025852,2.0889,-0.10723
-1.4939,-1.6327,-8.7911,2.2711,4.8228,0.4255,0.0029289,-0.063374
-1.247,1.4829,-0.67963,1.547,5.5185,0.57155,-4.0101,0.17662
-1.2902,1.9629,0.31425,-2.9299,3.4751,0.23517,-3.6925,0.22931
-1.2901,3.2626,4.9181,-0.12322,2.1195,0.035051,-3.1324,0.063158
3.7914,1.8699,1.2275,-1.8326,-5.7862,-0.069323,-5.1602,0.24289
3.7576,0.43466,-0.39397,-3.4842,-7.599,-0.13178,-3.3853,0.11242
-1.3514,1.6096,-5.0246,0.97246,-1.2476,-0.10728,4.5168,-0.079924
-1.3434,-0.93346,-4.4526,-1.5515,1.9524,-0.15403,-0.56161,-0.10747
-1.5161,0.10577,-7.3012,0.55283,1.5963,-0.12139,-3.2974,-0.20899
-1.3833,-2.3032,-1.3801,1.4392,0.41018,-0.052849,1.0753,-0.24832
-1.2969,-0.90186,-1.1983,-1.5008,0.53066,0.00024286,-0.65302,-0.10847
-1.2967,2.374,-2.851,2.5992,-1.9572,-0.06261,4.6297,0.04656
-0.82088,4.4505,-2.6883,-0.41354,0.21039,-0.060338,1.314,0.14216
-1.2,2.2032,0.18873,-1.5679,3.0229,0.19111,0.47069,0.073064
3.7946,-1.5508,0.63284,-0.81278,5.184,0.2851,-2.0424,0.15119
3.7616,-0.11481,-0.51847,-4.4146,5.8282,-0.058464,-5.821,0.064181
3.7488,4.5988,1.4957,-5.2944,3.0168,-0.13263,-2.823,0.061747
-1.3956,-0.42323,-4.5456,-2.3732,-3.5209,-0.16818,0.60021,-0.041129
-1.3633,-1.4068,-4.2162,-0.094273,-3.5312,-0.11088,0.36942,-0.12568
-1.3233,-2.1158,-5.5821,1.9409,-0.55966,-0.12223,1.3702,-0.20417
-0.8682,-1.9888,-0.31361,9.1638,4.8135,0.39432,-2.0596,-0.15282
-1.118,-5.2341,1.3463,-1.294,5.5796,0.5689,1.1096,-0.17095
-1.3162,-0.57684,0.24591,0.16445,4.8543,0.47849,-2.7366,0.034075
-1.2969,0.10495,-3.3515,-0.63188,3.182,0.21507,0.29469,0.14048
3.7795,3.2486,-0.70073,-0.60395,-4.5741,-0.087041,-2.0763,-0.0075188
3.7712,0.64664,-2.7087,-1.0075,-7.5456,-0.10268,-2.2657,0.22805
3.7425,1.6881,-1.3023,-1.9562,-4.251,-0.12064,-3.4637,0.21271
-1.3514,1.3441,-0.30292,-1.2642,0.53584,-0.23925,-1.3302,0.085768
-1.3322,2.3973,-1.0119,1.4937,0.91255,-0.21293,-2.8286,-0.047311
-1.19,-1.7249,-1.9605,0.15203,-5.0012,-0.12241,0.68026,-0.18416
-1.2098,-1.2014,1.6191,0.87411,-0.19674,0.0076936,1.5187,-0.23167
-1.3221,-1.6506,-0.92277,5.4825,-2.9673,-0.00012935,4.2737,-0.22408
-1.3192,2.3652,2.4908,-0.19622,-2.273,-0.034964,8.2609,-0.14259
-1.533,-0.99493,4.5787,-1.874,-0.044342,-0.080887,3.3679,-0.0055475
-1.309,-1.3611,-0.7862,-0.095429,3.5446,0.21021,2.3264,0.094919
3.7896,-0.043852,1.7795,-1.9805,4.4348,0.10879,-1.1233,0.17842
3.7608,-0.0034511,-1.7149,-4.5623,5.8166,0.13168,-4.7219,0.21215
-1.199,2.7146,-1.1385,-3.5878,-1.8175,-0.16322,-1.2629,0.18473
-1.2327,-0.59081,-2.9223,-0.87869,-4.1401,-0.15162,-3.5787,0.075936
-1.339,-2.0406,-6.3241,3.2674,-2.4273,-0.16553,3.0042,-0.052714
-1.3329,-4.9545,-1.7423,4.9324,3.1734,0.11719,-3.1655,-0.21412
-1.5521,-1.1343,7.7309,2.16,6.3875,0.57236,-4.7428,-0.23031
-1.4199,-0.15865,3.3431,0.19344,6.3761,0.70413,-9.0947,-0.19365
-1.2167,0.91247,2.4776,1.1737,4.8174,0.47435,-0.14423,-0.12656
3.7942,0.1654,-2.6877,-2.2519,2.8181,0.17108,-4.6479,-0.075275
3.7778,4.1597,-0.83926,-0.74798,-5.4352,-0.135,-5.2237,0.01643
3.7586,-1.2782,-3.0428,-0.035523,-8.332,-0.10138,-0.69021,0.060481
3.7328,1.8455,2.1008,-0.12753,-2.8115,-0.24718,-5.7854,0.29761
-1.3684,-1.2478,-5.3274,0.66082,0.45321,-0.28768,-4.6443,0.17224
-1.3557,1.7374,-4.3149,2.5159,-4.2415,-0.17286,-3.0135,0.035608
-1.4539,-0.96738,-1.0444,2.7846,-6.568,-0.037588,2.1454,-0.02952
-1.3555,-0.39381,0.4283,2.3662,-3.8948,-0.04964,5.1854,-0.14143
-1.3154,0.83447,-1.2912,0.23942,-4.8563,-0.015403,4.2824,-0.17178
-1.3167,-0.4584,6.1477,0.2091,-0.35395,-0.076453,3.6662,-0.147
-1.0802,-0.81207,5.4082,-2.052,1.3474,-0.00046948,-0.332,-0.1471
3.8694,0.84504,1.0535,-1.5227,4.4353,0.31785,1.1067,-0.080971
3.7723,1.0279,0.80318,-1.5183,5.409,0.34878,-3.2194,0.13247
3.7463,-1.5458,-2.646,-1.6108,2.5621,0.0084958,1.1578,0.318
-1.6539,0.75089,-5.1438,1.2959,-6.0977,-0.18812,1.763,0.24613
-1.4114,-1.3241,-2.2652,1.0317,-3.3446,-0.2005,-4.9504,0.078978
-1.3396,-2.6831,-3.9723,4.8822,2.756,-0.022456,-1.2104,0.11295
-1.3269,-1.2269,5.1256,2.6433,5.3653,0.41196,-6.1263,-0.051935
-1.1914,2.1935,6.7241,-2.0604,6.7876,0.72808,-7.2356,-0.14705
-1.1925,0.46877,5.7276,-2.8214,5.7758,0.62251,3.8065,-0.23089
-1.3638,0.18408,5.905,2.3457,3.9772,0.3411,-0.069099,-0.23009
-1.0825,-0.51281,-0.95383,-0.41964,-0.7675,-0.04088,-3.388,-0.13259
4.118,0.54216,-3.317,0.5895,-7.3487,-0.12024,-3.9211,-0.039669
3.7588,0.65207,0.10154,0.056549,-5.4571,-0.23601,-8.5739,0.041936
-1.3552,0.47839,-5.7203,0.20012,-0.17672,-0.65796,-7.5395,0.34847
-1.341,-1.8124,-5.6251,1.3054,-1.2544,-0.36167,-2.897,0.2051
-1.3248,2.1671,-0.4625,1.9598,-7.0866,-0.11631,1.8321,0.053667
-1.1344,2.5973,1.5372,2.057,-5.8233,-0.066698,7.162,0.12352
-1.3197,2.1832,3.3693,3.0744,-6.4456,0.014194,3.6784,-0.038331
-1.3099,-0.56892,-2.9151,-8.8447,-3.0162,-0.067866,7.3758,-0.15415
-1.3093,-0.5466,8.1947,-2.6957,0.38783,-0.077948,1.2179,-0.14308
-1.3526,-0.77889,7.3286,-1.5359,2.0139,0.097994,3.9245,-0.14858
-1.0536,1.5865,1.8297,-3.1408,4.947,0.37783,1.7125,-0.1422
3.7645,1.7004,-1.6188,-0.1803,4.2607,0.26588,3.3548,-0.077709
3.7448,1.8595,-4.1225,-1.1248,-4.4626,-0.10863,0.32131,0.057001
-1.1585,2.5972,0.15512,-0.98444,-7.856,-0.18585,-2.8446,0.29483
-1.2974,-0.033692,-3.5878,2.3398,1.0382,-0.25899,-1.5789,0.25002
-1.343,-1.8303,2.3539,1.3408,4.7503,0.2766,-4.5223,0.31352
-1.3329,0.43898,3.4782,4.857,6.7088,0.57023,-2.8965,0.10633
-1.524,1.5618,8.2895,-0.13905,5.2599,0.50407,4.039,-0.038428
-1.3521,-0.18268,1.8801,-1.9823,4.7408,0.45144,3.8391,-0.15043
-1.628,-0.47243,8.4321,-1.5788,2.6427,0.11169,3.8859,-0.22021
-1.0914,-0.2823,-1.1013,0.30957,-1.7395,-0.12649,-1.822,-0.1545
3.7708,-0.014388,-0.93287,1.9525,-7.5383,-0.14843,-4.369,-0.11173
3.7497,-0.62679,-4.6204,-2.0468,-4.1163,-0.98047,-5.0864,-0.0058882
-1.4104,-1.3203,-7.3595,0.99895,-1.5986,-0.69036,-5.856,0.11738
-1.354,1.4172,-1.4354,1.9359,-3.9475,-0.24485,-3.3456,0.060725
-1.6096,3.7289,4.3759,1.321,-8.1406,-0.077986,4.3697,0.19643
-1.5735,0.95002,2.9847,1.1653,-6.4505,0.010126,9.3638,0.30023
-1.3157,0.92556,1.9153,-0.93418,-7.2556,-0.023778,2.2375,0.12541
-1.473,-2.1228,-0.93846,-0.76489,-0.54039,-0.046618,2.5737,-0.012021
-1.3107,1.6901,6.1485,0.96831,1.8217,0.049009,4.4684,-0.078026
-1.2269,-0.2832,2.1857,-2.9519,3.4756,0.22169,1.4397,-0.14856
-1.2595,1.8862,2.042,0.2611,4.1348,0.35541,8.214,-0.19816
3.7336,0.75644,-2.565,-1.2099,-1.6363,-0.10151,-3.6437,-0.13775
2.0675,3.0439,-4.508,-0.0042756,-7.6944,-0.10607,1.0785,-0.09017
-1.5025,-1.1851,-0.13977,1.6859,-3.367,-0.12607,-3.8929,0.060968
-1.3825,-1.6367,1.2808,2.8031,3.7309,0.062191,1.2233,0.5139
-1.3427,-0.099499,3.5276,-0.79349,5.7246,0.3967,0.075811,0.38517
-1.3356,-0.49037,5.0403,-1.6044,5.8079,0.58056,12.564,0.14506
-1.2197,0.31284,6.2296,3.6969,4.9184,0.46541,-5.5039,0.12067
-1.2957,-1.9331,1.5418,-2.711,4.3602,0.42166,-2.1597,0.0072786
-1.2421,0.9601,4.6085,-1.2437,1.905,0.013148,-3.1063,-0.14814
3.74,0.37254,-0.50119,0.58654,-2.7497,-0.13225,-4.2744,-0.16705
3.7136,0.42528,-2.5367,2.2475,-3.0625,-0.33783,-2.0575,-0.19044
3.6996,1.3364,-2.4631,1.0749,-1.3641,-1.1547,-4.9272,-0.14457
-1.4166,-0.37254,-2.6879,0.45007,-2.0179,-0.63504,-2.0136,-0.045608
-1.3751,0.6672,0.80536,0.16941,-5.6822,-0.111,0.82135,0.11295
-1.338,-0.94116,4.2723,2.7516,-7.8774,-0.056289,9.1288,0.35777
-1.1609,1.52,5.3978,-1.4174,-4.869,0.010594,1.6825,0.26068
-1.408,-0.59623,10.967,1.0013,-3.5954,-0.013195,-0.7855,0.090879
-1.3442,-0.26558,2.4621,0.14183,2.6482,0.18498,2.0705,0.12765
-1.3274,3.1643,3.5362,-2.9979,3.0613,0.20717,-2.2723,-0.028109
-1.403,1.3775,3.4159,-1.6895,5.0026,0.48237,5.7699,-0.13892
3.7562,0.94657,-0.86966,-1.7327,1.7125,-0.066262,-0.69128,-0.2048
3.7313,0.7322,0.28376,0.88407,-6.5314,-0.097849,-2.5335,-0.20743
-1.3564,2.881,2.0051,-1.3969,-6.4588,-0.071248,-2.2062,-0.099686
-1.0998,-2.2755,0.7423,-0.57774,1.639,-0.1307,4.1742,-0.081847
-1.3379,-0.042587,-0.48539,-0.10763,4.9734,0.17504,4.7283,0.20132
-1.3496,-3.282,0.34119,0.0098676,6.259,0.53999,4.889,0.30941
-1.3347,2.991,2.7757,2.2984,5.5061,0.58225,1.756,0.19578
-1.5903,3.4678,11.334,-0.91544,4.2539,0.36442,2.4118,0.3218
-1.3245,0.029128,5.7793,-2.4211,3.4981,0.27964,-2.0485,0.14038
-1.2978,-0.91415,2.2352,0.97859,2.446,0.10627,-4.5489,-0.024774
3.7712,-0.28153,1.4335,1.3922,1.1921,-0.11107,-0.92038,-0.1176
3.7448,-1.2562,-1.3898,2.321,1.1827,-0.86552,-5.7008,-0.14062
3.7251,0.37744,-1.2117,0.44555,2.38,-0.80552,-3.1222,-0.20565
-1.374,-2.9518,-0.47353,1.4887,-1.4195,-0.23267,-1.2263,-0.15948
-1.3379,-1.9383,6.5368,-1.405,-5.6095,-0.054479,0.089971,0.035876
-1.6342,-0.13063,3.0045,-3.7855,-4.5191,-0.037287,0.2088,0.22459
-1.3877,-1.443,-1.2399,0.21794,-2.8111,-0.024503,3.1396,0.13062
-1.2868,-3.6142,4.9246,1.3523,1.9527,0.013829,3.9527,0.17825
-1.296,-0.51735,4.8709,1.8789,3.979,0.35992,2.1787,0.28415
-1.2903,0.90812,3.999,0.30131,3.217,0.21076,4.9457,0.042642
3.7791,1.4164,-0.040906,-2.784,3.8803,0.27383,-0.95453,-0.024288
3.7486,0.75843,1.7617,-0.9322,-4.8319,-0.076895,-2.5432,-0.12069
3.7237,1.013,-0.027775,-0.7517,-8.3224,-0.083191,3.3114,-0.20677
-1.3644,-0.20135,1.9019,1.1013,-2.452,-0.090109,-3.1154,-0.12707
-1.5108,1.893,-2.8703,-2.8895,3.7569,0.059964,0.40814,-0.17659
-1.3879,0.76773,-1.8839,0.058797,4.1813,0.18498,0.061323,-0.014139
-1.3272,-2.7153,-2.513,0.56483,4.5508,0.36259,3.9543,0.094092
-1.3272,1.5094,0.24982,-0.7555,2.9684,0.24057,7.3245,0.065568
-1.109,1.2885,9.5844,-2.372,2.3612,0.13264,3.5392,0.24589
-1.2868,0.1414,0.34576,0.29951,1.7298,0.026073,1.688,0.2177
-1.3043,-1.8818,0.29043,0.80148,2.5645,0.08385,-3.3825,0.12028
3.7707,0.91693,-1.9041,1.98,2.3242,-0.25071,-3.3935,-0.016962
3.7406,-1.2915,-3.384,-0.56742,3.0391,-0.8542,-3.6334,-0.11935
-1.4183,-0.59591,-6.0289,0.14547,2.9868,-0.36611,-2.3904,-0.19392
-1.3397,-0.40883,0.22958,-2.765,-2.8915,-0.18515,-1.475,-0.16849
-1.3356,-2.1899,-0.38176,-3.5836,-5.0022,-0.08287,2.8333,-0.11336
-1.1781,-3.0775,-1.8678,-2.2272,-3.4496,-0.01745,3.1433,0.056417
-1.2255,0.53963,-5.9352,3.1535,-1.6716,0.00080119,9.5648,0.052377
-1.3191,-0.68615,-2.1766,5.9835,3.5994,0.30027,2.3762,0.23907
-1.3035,0.60814,0.52341,-1.3208,3.6287,0.31146,2.234,0.22778
-1.16,2.6217,-1.5192,0.57891,3.209,0.23097,0.14693,0.067369
3.7639,0.45139,1.5463,-2.4283,1.1521,-0.020762,-0.66929,0.12816
3.7411,-1.2857,0.15011,0.91741,-7.306,-0.10733,3.2933,0.0021433
3.7107,3.1724,-0.94159,-2.1242,-5.1957,-0.076459,-3.2587,-0.12064
-1.3538,1.5512,-3.3376,-2.313,0.86903,-0.14245,2.6274,-0.11604
-1.2171,0.096437,-1.9163,-0.094119,3.9681,0.11453,-1.2119,-0.20707
-1.3479,0.18707,-5.2827,-0.32234,3.0555,0.1646,1.432,-0.16197
-1.3347,-1.1286,-0.23456,-1.157,3.6291,0.30831,-0.82888,-0.025918
-1.3245,1.8533,-5.4042,3.8084,1.3695,-0.02793,5.0113,-0.052544
-1.5453,0.67885,5.9109,2.4506,0.64872,-0.059485,-2.9235,0.195
-1.3583,-0.47416,2.0434,-0.1413,1.554,0.0037468,-0.76239,0.23995
-1.3028,1.9008,3.6089,2.7326,3.4085,0.16217,-2.2929,0.074305
3.7604,-0.99586,-1.9922,-0.6146,2.9785,-0.34956,-4.8909,0.083067
3.7368,-0.67088,-2.3969,0.48,4.2298,-0.52256,-5.0964,0.06143
-1.3456,0.86895,-3.3223,-3.6196,0.57153,-0.41363,4.6054,-0.10672
-1.3462,-1.8941,-5.5051,-3.7209,-5.2095,-0.12618,-0.82738,-0.16014
-1.3367,0.20764,-2.0611,-1.0059,-5.0312,-0.10645,2.655,-0.20439
-1.5595,-1.7469,-3.8109,-0.044695,1.4878,-0.032217,5.8071,-0.20354
-1.4316,-4.2583,-2.5552,10.173,3.3187,0.25058,2.2891,-0.059042
-1.2618,-2.3212,0.18679,3.5036,5.2411,0.54459,-3.7526,0.14364
-1.2964,0.27583,3.8078,1.9118,3.4757,0.24499,-2.0411,0.13573
3.7434,0.84899,1.0552,-0.49805,2.9051,0.15933,-1.1869,0.046706
3.7725,2.2806,1.6867,-2.7771,-4.6252,-0.044712,-4.0233,0.22586
3.742,1.6915,-2.8943,-2.6091,-6.8773,-0.12463,-3.3969,0.10458
-1.3205,0.92109,-3.385,0.85788,-4.4378,-0.12236,2.705,0.0552
-1.3464,0.546,-2.9024,0.88164,2.8108,-0.070452,2.4499,-0.097983
-1.5615,-1.1832,-5.1973,0.12299,1.1832,-0.16254,-0.56563,-0.22361
-1.3362,-0.64652,0.3302,0.27052,-1.5083,-0.050244,-0.90407,-0.26119
-1.3234,-0.85437,0.26684,0.54711,1.9024,0.057699,0.73291,-0.17676
-1.3232,2.1811,-4.8093,1.5538,0.59139,-0.0040248,3.1632,-0.069021
-1.1612,1.9882,0.39185,4.3159,-1.05,-0.028873,-0.083959,0.022928
-1.2944,1.7236,1.1045,1.1659,1.9278,0.058064,-0.80945,0.018717
3.7982,-2.104,-2.368,0.0029245,3.8965,0.11908,-3.3077,0.21481
3.7569,0.084029,-2.2681,-1.629,5.2351,-0.0051478,-7.8112,0.042447
3.729,1.4807,-4.2585,-3.4328,4.1316,-0.30115,2.886,0.16625
-1.432,0.33743,-7.0401,-3.5765,-4.6774,-0.17744,2.3739,0.06199
-1.3399,-0.024329,-3.5915,-0.26513,-5.2259,-0.15289,-1.18,-0.11181
-1.3324,-1.1056,-4.5562,1.1947,-0.26484,-0.16166,-2.8965,-0.19193
-1.0119,-5.3177,-2.019,3.0581,3.832,0.27783,1.6988,-0.23187
-1.3176,-3.9215,1.0112,7.2566,4.9786,0.44981,2.3741,-0.16766
-1.3207,0.91344,-4.2973,-3.2123,5.1531,0.52127,-4.0525,-0.043174
-1.2985,1.949,-0.27772,-0.2003,2.8821,0.20325,3.8227,0.092242
3.8109,2.5036,-0.44048,-1.2626,-1.3019,-0.067526,1.9183,0.092729
3.7821,1.9324,-1.4348,-0.91083,-7.4866,-0.050892,-2.9226,0.22814
3.7575,-0.9907,-8.0181,-1.7447,-8.927,-0.16878,4.6868,0.45108
-1.3492,3.3401,-2.0702,-2.1097,-1.7702,-0.25781,0.99169,0.13775
-1.3627,1.0425,-4.168,0.60237,2.3629,-0.15628,2.029,-0.020296
-1.2455,-1.651,-3.9824,3.9001,-3.6209,-0.10468,0.86431,-0.10813
-1.2878,-1.6074,1.0503,1.1254,-0.055363,0.0065448,-0.98368,-0.24238
-1.3142,-0.62425,-1.6443,0.84703,0.35742,0.0095097,-1.0948,-0.25883
-1.0635,4.7829,-6.4977,3.5411,-2.2294,0.020015,6.3465,-0.10054
-1.3962,1.4023,-4.6869,-2.2778,-0.051394,-0.0031071,-0.14735,-0.035361
-1.3102,0.35287,-1.5648,-0.94632,2.6723,0.16951,-0.9918,-0.027744
3.7859,-0.0077988,-1.2578,-3.6596,4.8642,0.24101,1.4877,0.16513
3.7528,1.8891,-2.475,-5.5863,6.6545,0.35225,-7.0879,0.02305
1.4919,1.5754,-5.7464,-3.3245,0.41052,-0.35817,7.5203,0.26913
-1.2826,-0.82263,-7.3612,-1.8403,-5.7197,-0.19029,3.4136,0.13379
-1.3416,-0.55976,-5.476,1.0653,-2.9912,-0.16938,-0.46113,0.12001
-1.3298,-5.1681,-7.045,1.6705,1.416,-0.068784,-2.966,-0.096766
-1.5626,-3.8245,-3.9422,6.5818,4.4227,0.34681,-2.6804,-0.20332
-1.3325,-4.6307,0.073224,1.2197,5.5711,0.53401,-1.0629,-0.2498
-1.2936,-0.20125,-5.3236,1.5496,4.2727,0.40851,3.6456,-0.17995
3.7729,1.1841,-1.0069,-2.2598,1.9569,0.023532,-0.23586,-0.085595
3.7777,2.532,-1.0764,-0.8842,-5.5988,-0.089179,-3.1055,-0.038817
3.7715,-0.011511,-2.8201,-0.57991,-8.4102,-0.067256,-3.506,0.04196
3.7475,1.596,-4.1865,-2.3716,-8.0055,-0.24514,1.0418,0.31583
-1.3512,1.5982,-2.0403,-0.32692,-1.9799,-0.25281,1.4509,0.25217
-1.423,-0.90538,-6.801,1.4919,0.93537,-0.22903,-5.1738,0.13936
-1.4601,-0.73288,-2.0764,1.0867,-4.8508,-0.1179,-2.6416,0.15265
-1.3378,-0.67207,-0.31231,1.057,0.18674,-0.03316,4.4086,-0.11373
-1.3104,-3.2539,-6.455,-3.3975,-3.0421,0.011717,9.8103,-0.13254
-1.3066,2.8128,-3.7148,-0.1501,-2.9948,-0.072442,0.35239,-0.14844
-1.0959,1.2387,-2.8945,-0.74248,0.67727,-0.14367,-3.3041,-0.19665
-1.2508,-0.53559,0.92168,-1.7573,4.3091,0.32299,-0.74606,-0.09073
3.7877,-0.31394,0.18526,-0.66684,5.5348,0.34168,-1.6299,0.16044
3.7601,0.7834,-4.4747,-4.1227,3.7768,0.061023,4.0746,0.10339
-1.5491,1.0458,-6.6024,-0.6773,-4.412,-0.21246,6.9835,0.23902
-1.4207,-5.2749,-9.5572,1.7367,-5.4157,-0.20115,-1.2745,0.084381
-1.3278,-1.9327,-7.5057,3.2232,-3.2788,-0.12031,-2.9831,0.20205
-1.3231,-4.389,-1.6093,7.0666,4.2846,0.27882,-7.4439,0.096988
-1.1279,-3.1336,-2.5916,1.0212,5.9868,0.57884,-6.8648,-0.11149
-1.2801,-1.5564,-1.6486,0.40845,5.9139,0.64081,-7.0295,-0.22408
-1.2929,0.38932,-1.4398,1.0943,3.6069,0.26014,-1.4021,-0.24262
-1.2886,0.59607,-1.0872,-0.16443,-0.1216,-0.064311,-3.5303,-0.14788
-1.4747,0.38878,-1.7236,1.4976,-7.1541,-0.13997,-3.8692,-0.13675
3.7817,-0.021998,-0.37247,-0.60485,-8.3366,-0.14359,-8.5936,-0.030421
3.7366,0.64148,-3.8661,-0.044611,-2.824,-0.33845,-6.2087,0.15087
-1.3183,-2.5004,-6.2433,-0.37253,-1.9004,-0.43604,-6.8315,0.1561
-1.1681,1.0012,-2.3785,3.059,-5.1137,-0.22023,-1.9136,0.34708
-1.2123,-1.36,0.69305,2.4488,-6.6849,-0.052791,4.3532,0.23309
-1.2792,2.21,-0.76199,2.7113,-3.9082,-0.010057,7.4668,0.086839
-1.29,-2.9907,0.48345,2.1103,-4.3816,-0.074938,2.8236,-0.099078
-1.5046,-1.5355,6.7468,3.7959,-0.29009,-0.020473,3.3388,-0.1598
-1.4244,-2.1262,2.8922,-0.50723,2.2791,0.058219,1.5498,-0.21057
-1.2526,0.57443,2.8874,-2.1841,4.7393,0.36965,-0.072079,-0.14432
3.806,0.84452,0.10087,-2.3956,5.3905,0.39541,-0.62545,-0.064202
3.781,1.4218,-5.7401,-0.26713,1.1286,-0.21993,-1.3046,-0.017668
-1.0885,-0.59532,-7.0766,1.4749,-5.2363,-0.17768,-1.39,0.18076
-1.2803,-2.6222,-6.103,1.231,-4.3099,-0.2804,-2.2559,0.18239
-1.3042,-1.2222,0.33353,4.387,1.9815,-0.18366,0.063102,0.31004
-1.2898,-2.5571,6.2149,0.87978,6.0658,0.49148,-5.622,0.10283
-1.4984,3.7968,-1.9053,-5.0909,5.8864,0.57927,0.7916,0.040792
-1.2804,1.4226,4.3696,-4.8502,5.3938,0.52425,-0.045845,-0.073207
-1.2547,3.0355,7.0146,-1.154,3.6693,0.26919,-1.1796,-0.16951
-1.2516,0.40639,-0.92622,-1.7896,-2.3295,-0.057335,-2.3819,-0.18124
3.8246,1.3575,-0.68357,0.89908,-7.1816,-0.08013,-4.9368,-0.18083
3.8033,-1.0044,-1.6024,0.28678,-4.4221,-0.40031,-7.0367,-0.10044
-1.3146,0.43574,-2.5774,-0.86009,-1.0308,-0.47078,-6.8797,0.061503
-1.3015,1.8494,-1.1883,-1.3013,-2.9596,-0.40903,-2.2543,0.10538
-1.3637,0.91073,0.88791,0.93184,-7.4648,-0.13424,4.3404,0.31978
-1.3395,-0.03987,0.16368,2.2126,-5.4127,-0.014588,7.4339,0.35475
-1.2017,2.7729,-0.0022074,1.1666,-5.8787,0.018822,3.8597,0.20439
-1.2574,-0.49066,1.0015,-5.5811,-3.3942,-0.067333,2.4224,0.058072
-0.93978,1.1447,4.7962,-0.23538,-0.47981,-0.032185,8.1978,-0.07053
-1.1399,0.86618,5.2409,-0.54422,2.8186,0.15855,0.45209,-0.13062
-1.1728,1.1367,3.2777,-2.2181,4.607,0.36581,1.4164,-0.23593
3.7969,1.5803,0.47559,-0.29908,2.8897,0.10645,0.30614,-0.15491
3.7833,0.95619,-4.6585,-0.71772,-7.1719,-0.13838,1.8652,-0.10818
-1.5079,-1.8366,-3.3096,0.52775,-6.2722,-0.14245,-5.0207,0.0027761
-1.3214,-0.49107,-2.0532,1.7935,1.9924,-0.1686,-1.3527,0.2124
-1.2837,-2.432,2.1501,0.9371,5.6655,0.33302,0.17028,0.35035
-1.2769,1.5896,4.5652,-1.8895,5.9589,0.58172,7.892,0.079002
-1.0349,-4.2539,12.723,8.6614,5.1668,0.56279,0.1079,0.088445
-1.238,-0.25354,1.1784,-1.6296,4.1679,0.38586,4.1567,0.12232
-1.2651,-1.062,7.2341,0.52462,2.387,0.11365,-0.55525,-0.064323
-1.2557,1.3881,0.55735,-1.5717,-0.11583,-0.11988,-2.0814,-0.11027
3.8134,-1.9979,-2.0706,3.0713,-5.143,-0.3171,-6.1466,-0.19864
3.7928,-1.1034,-4.6307,1.2668,0.52652,-0.84103,-4.4835,-0.30561
-1.2973,1.367,-2.6299,0.85205,0.96388,-0.68224,-5.0358,-0.12884
-1.2884,1.4812,2.0156,1.6262,-6.4146,-0.17359,1.561,-0.027062
-1.0827,0.34321,2.6012,-1.3598,-7.7404,-0.095006,7.5776,0.19969
-1.133,1.5488,3.5968,-1.8466,-4.5785,-0.061917,5.0946,0.1793
-1.3165,-0.94303,9.5505,-2.3013,-7.02,0.022852,4.2408,0.27869
-1.2672,-1.4327,2.5202,2.6293,1.455,-0.039051,-3.8897,0.1986
-1.4187,2.8536,3.5152,-1.777,1.8351,-0.0020931,-2.6469,0.089297
-1.3539,2.2851,5.607,-3.3758,3.7719,0.31293,2.4445,-0.052909
3.8064,2.3022,-0.45312,-2.3189,3.8171,0.24945,4.7573,-0.16121
3.7797,0.10039,-3.0999,0.16209,-4.2589,-0.093478,-1.7869,-0.19684
-1.2749,2.2064,-0.21175,-0.44989,-7.2804,-0.067481,-2.8736,-0.17102
-1.1898,-3.1648,-0.57736,1.2682,-1.2923,-0.217,1.758,-0.13529
-1.2233,1.257,0.31703,-0.35095,5.0316,0.17851,-0.3977,-0.0027729
-1.3029,-0.12762,1.8981,-0.53777,5.5635,0.41115,-2.1208,0.27762
-1.2907,0.023727,-0.43228,0.83547,6.3106,0.68752,0.58903,0.068878
-1.4304,-2.7605,11.576,2.3509,4.1107,0.3371,0.988,0.28855
-1.2736,0.54568,1.5148,-1.1042,3.1262,0.22145,-2.5942,0.19283
-1.2245,2.0359,4.5969,-0.94486,1.3591,-0.057778,-0.86581,0.020567
3.806,1.4925,1.2445,-0.36538,-3.0173,-0.19459,-2.9574,-0.057509
3.781,-0.18242,-0.61428,0.52972,-2.421,-0.59181,-6.6332,-0.12154
3.7539,0.52893,-3.0905,0.37804,1.1931,-1.2565,-4.6483,-0.22104
-1.3279,2.6677,4.2895,1.9853,0.24651,-0.51391,0.16077,-0.24109
-1.3272,-0.46189,3.113,-1.2061,-7.262,-0.13674,2.9661,-0.12524
-1.4942,-2.2166,2.5329,-1.2421,-6.1465,-0.068906,3.1415,0.044759
-1.3892,0.48837,1.1831,1.173,-3.7314,-0.0078111,2.6635,0.090612
-1.2803,1.8009,7.2075,-2.3391,-3.6164,-0.068193,-3.6418,0.073088
-1.2744,2.1702,2.1767,0.77239,2.1322,0.10347,2.7128,0.26241
-0.9505,1.5141,5.3595,2.925,2.4124,0.099265,0.80662,0.16255
-1.1624,0.22082,2.8181,-1.7549,3.8661,0.29927,2.2133,0.062599
3.794,1.2743,3.1719,-1.6904,-1.3122,-0.038853,2.6612,-0.037162
3.7663,-1.5803,2.1478,0.31618,-7.3213,-0.030202,-0.74653,-0.19105
-1.406,0.34396,-2.0314,-0.46899,-6.0776,-0.080566,3.059,-0.22602
-1.491,-0.24534,-0.20583,-0.045485,2.8006,-0.092657,-2.1227,-0.16275
-1.3337,0.60275,-2.1492,-0.33603,4.9444,0.2427,0.48237,-0.081482
-1.2927,-3.9644,-1.9342,-0.72266,4.3797,0.37624,8.3257,0.040938
-1.2893,2.1373,-1.1092,-0.47833,3.8491,0.28798,-3.7618,0.012438
-1.0575,2.186,14.272,-4.3428,3.2695,0.2534,2.5049,0.19685
-1.2041,0.61352,2.7091,1.7608,0.33195,-0.047112,5.3571,0.26872
-1.2718,-0.8611,1.4625,1.4553,0.72665,-0.0639,-0.14527,0.072455
-1.3134,2.2475,2.0336,0.0045623,0.70125,-0.3701,-3.7881,0.0043824
3.776,-1.689,-0.014413,2.057,2.3577,-1.0072,-3.2313,-0.046654
3.7305,1.1172,3.7693,1.7289,2.7654,-1.0444,-0.56104,-0.14486
-1.3151,-2.0775,0.32287,-0.20094,-3.0008,-0.26378,-3.5358,-0.20183
-1.3065,-2.1059,2.9148,-1.2025,-7.0397,-0.037235,1.7254,-0.099102
-1.1752,-1.2562,-1.862,-1.4954,-4.8005,0.014509,1.941,-0.12646
-1.2023,-0.24104,-1.0538,-3.518,-3.2651,-0.036959,4.3373,0.08443
-1.2996,-0.13338,8.412,2.1863,1.3365,-0.05172,12.898,0.14846
-1.2876,-0.9709,2.2191,3.9211,3.5614,0.22251,-1.7627,0.14194
-1.4373,-0.85629,1.7251,0.87519,2.3741,0.075969,3.6058,0.24525
-1.1619,2.5648,1.9979,-0.8397,2.3789,0.10104,5.5955,0.083529
3.7776,-0.2854,0.88306,-1.4434,-6.7096,-0.05369,-0.97919,0.053009
3.748,0.83603,3.5645,-0.96398,-8.4686,-0.11407,2.4057,-0.044269
-1.1324,0.55229,-2.1332,0.47437,-1.412,-0.16381,-4.2334,-0.1387
-1.1232,1.8189,-0.46455,-1.2774,4.4106,0.113,1.3005,-0.20363
-1.3356,-2.5581,-3.1425,-1.2628,2.99,0.052648,1.3339,-0.21515
-1.3165,-2.5518,-2.2584,-1.1766,4.7664,0.41013,0.3022,-0.14907
-1.3966,1.3611,-0.88319,-1.2661,2.1863,0.12243,4.1162,-0.06481
-1.4753,-0.66108,8.656,2.0524,1.1595,0.039088,-0.61687,0.10117
-1.2515,-0.34039,-0.68239,1.1804,1.3495,-0.013927,5.2815,0.1995
-1.2794,-1.2078,1.2904,-1.38,3.2263,0.17889,-4.8934,0.25375
3.7864,0.51517,-0.22646,1.0283,2.8411,-0.37996,-1.3242,0.04914
3.7628,-0.24169,-0.41463,-1.8278,4.0505,-0.7484,-6.2092,0.15119
-1.3254,1.6385,-0.74876,-2.4763,1.5759,-0.5221,-1.0645,-0.010342
-1.3362,-3.213,-1.9414,0.36603,-4.6227,-0.13261,1.5321,-0.1185
-1.3326,-1.0053,-2.4629,-1.6391,-6.189,-0.088697,3.2239,-0.17491
-1.4297,-1.185,-5.3182,-3.2576,-2.1389,-0.0021188,3.9303,-0.27947
-1.3471,-1.7361,-1.6979,-2.4158,-1.5967,-0.021115,11.439,-0.15496
-1.2831,-0.59071,4.5721,4.404,4.5154,0.40013,0.3673,0.057561
-1.2828,0.094272,1.056,0.29036,3.8789,0.30238,-2.052,0.071458
3.9325,0.77227,-1.4829,-0.26573,3.6549,0.28657,-2.6047,0.042423
3.8044,2.9631,-0.14339,-0.96916,-0.58454,-0.01738,1.1558,0.15927
3.772,0.014531,2.7878,-0.64311,-9.1565,-0.08486,3.1184,0.092826
3.7758,1.5261,1.9306,-2.2813,-6.9782,-0.12105,-1.9179,0.084989
-1.4286,-0.35482,-0.36029,0.56079,0.17665,-0.16508,0.76884,-0.028376
-1.4305,1.3028,-2.924,-0.060701,1.8341,-0.21229,4.2814,-0.17942
-1.3077,-2.3155,-6.0035,0.82502,2.9702,0.15519,-0.5933,-0.28444
-1.3029,0.39664,-0.18231,-0.41658,2.7681,0.15913,8.5562,-0.17818
-1.2202,-0.58085,4.9011,-5.1012,1.6928,-0.00034755,2.5434,-0.14169
-1.0475,-0.287,-0.16697,-1.5081,1.2084,-0.044295,-1.7602,-0.055586
-1.2805,-0.68889,4.3253,1.898,2.3653,0.11625,-6.0071,0.10003
3.7955,-1.8419,1.5617,1.0352,4.2496,0.2016,-1.9321,0.066128
3.7728,-0.77391,-1.3456,-2.3799,4.3996,-0.21525,-4.0845,0.073064
3.7491,0.3055,0.15165,-1.9225,4.341,-0.48379,-1.0437,0.2326
-1.3882,1.8013,-2.4798,-3.4539,0.0031389,-0.25581,-2.1256,0.13218
-1.3354,1.5766,-4.2326,-4.4646,-6.227,-0.071948,1.7351,-0.030542
-1.3239,-0.72715,-7.0464,0.57167,-4.2671,-0.03547,2.048,-0.11144
-1.2353,-1.3431,-4.9413,-0.50477,1.527,-0.025652,2.8917,-0.23092
-1.2615,-2.988,-7.7184,3.6519,4.8941,0.41416,-1.4904,-0.19227
-1.3121,0.1499,0.56165,4.5372,5.6311,0.57574,1.2253,-0.17545
-1.3023,3.4698,1.7588,-2.9051,3.3422,0.19618,-3.3326,-0.04753
-1.4863,0.96915,2.7239,1.1351,2.1202,0.02314,-2.2716,0.073891
3.7993,2.3122,1.197,-4.6855,-6.4861,-0.016924,0.59608,0.21982
3.7921,-1.0507,-5.1175,-0.67179,-7.4429,-0.096296,-3.181,0.29159
-1.3118,2.3805,-5.2499,0.36792,-0.94498,-0.1464,2.9923,0.17472
-1.1603,-0.50792,-5.012,-0.47343,1.6039,-0.20523,-1.5565,0.092948
-1.1697,0.57381,-5.5181,0.88158,0.21016,-0.18787,-4.5081,0.022782
-1.3925,-1.5437,-1.8989,0.98075,0.21054,-0.021962,0.14612,-0.17046
-1.2989,0.82887,0.38602,-0.043635,0.58553,-0.014408,3.3042,-0.237
-1.5128,3.1112,-3.1179,0.36601,-3.2499,0.017557,6.2283,-0.21522
-1.3286,3.152,-1.9095,-0.39088,-0.2744,-0.039879,5.3877,-0.16024
-1.2151,0.89292,-0.60719,-0.92163,2.7636,0.12515,-0.094542,-0.10005
3.8023,-1.1817,-1.0075,-1.4257,5.3671,0.29074,-0.36266,0.053521
3.7966,0.32987,1.1254,-6.0193,6.3135,0.12275,-3.7444,-0.0040142
3.7771,3.3384,0.36635,-5.3106,3.3244,-0.12082,2.9021,0.26178
-1.3369,-0.46792,-4.8544,-2.5315,-4.401,-0.20668,2.1028,0.19397
-1.3129,-1.6606,-5.9589,2.0138,-2.4541,-0.12304,-0.025681,0.19449
-1.3072,-2.8225,-5.8981,3.7658,2.0266,-0.0015925,0.97689,-0.01611
-1.4784,-2.3935,1.8306,5.1332,5.011,0.37289,-5.9375,-0.11147
-1.2919,-2.7252,6.6525,0.19235,6.4801,0.6417,-7.0373,-0.15248
-1.2628,-0.73237,3.3901,2.0958,5.777,0.6038,-0.6622,-0.21463
-1.26,-0.31214,-2.3287,-0.8001,3.382,0.20528,-1.4977,-0.11996
3.8178,3.3648,-0.97439,-0.74967,-2.6415,-0.065671,-5.276,-0.11497
3.8071,-1.491,-2.3406,0.274,-7.076,-0.055435,-0.36221,0.057609
3.7868,0.90673,-1.5008,-2.1633,-2.6092,-0.16516,-3.5204,0.3822
-1.3329,0.53306,0.042562,0.23798,1.565,-0.15667,-1.896,0.19293
-1.5534,-0.96071,-2.3044,1.5536,-0.87907,-0.25355,-1.1139,0.085549
-1.3787,0.063184,-1.4173,1.6375,-5.567,-0.043512,3.3089,0.15832
-1.2872,0.37378,0.47945,0.79823,-2.1252,0.010248,9.6567,0.0022407
-1.2858,-0.70434,-0.86083,6.7511,-2.7404,0.03018,5.1792,-0.097399
-1.0075,-0.88928,2.3233,-1.8109,-1.6879,-0.0073747,-0.71639,-0.18426
-1.0783,-1.4385,5.7293,0.69689,1.0031,-0.059761,-1.8528,-0.20879
3.702,-1.0814,-0.20855,-2.3369,4.5295,0.40473,1.1905,-0.1442
-1.1746,0.49968,4.2208,-0.71533,5.7441,0.49354,0.42539,-0.054467
3.7797,1.4981,-0.91351,-1.5019,4.3533,0.13789,3.2672,0.017768
-1.4344,2.1784,-1.5394,-1.5802,-2.6161,-0.19994,2.8052,0.26911
-1.382,-2.2174,-7.4568,2.0872,-4.2343,-0.17295,-0.35367,0.22907
-1.3107,-4.7046,-3.9022,4.2142,1.1095,-0.19591,-5.4192,0.33842
-1.3052,0.24949,-0.69999,4.2766,5.0993,0.34677,-1.1628,0.042934
-1.1501,-0.71202,7.0195,1.7305,6.5433,0.65771,-12.204,0.042203
-1.2593,-0.55627,1.8311,-6.7993,6.4256,0.70617,-0.24664,-0.13004
-1.2825,1.1122,8.3582,-0.84849,5.0608,0.53405,2.1167,-0.20008
3.8479,-0.58792,1.7397,-0.50249,2.6906,0.15658,-0.39425,-0.11872
-1.3917,1.7418,-0.8379,-0.48717,-4.7534,-0.07875,-0.40917,-0.17204
3.7925,0.69923,-2.0842,1.3784,-5.9166,-0.14826,-2.187,-0.069751
3.7739,-0.09745,-0.58291,0.20539,0.20125,-0.39052,-6.3619,0.096234
-1.3108,-2.7466,-7.604,0.27824,0.85595,-0.45039,-4.3506,0.17621
-1.2179,0.38254,-2.2669,2.2652,-3.8576,-0.15712,0.61495,0.22664
-1.2409,1.5602,1.8065,1.9686,-5.6364,-0.0057575,5.1729,0.48474
-1.3078,-0.14172,2.7728,1.3676,-3.7131,0.016274,7.1838,0.12327
-1.2976,-1.095,3.9678,0.42468,-5.4252,0.0088359,1.6669,-0.025529
-1.5808,-3.8693,3.8684,-0.62748,0.69732,-0.047888,8.7835,-0.12609
-1.2906,-0.60248,6.9849,-0.46752,1.8962,0.070194,5.8504,-0.18786
-1.1422,-1.4483,2.6661,-3.4973,4.9551,0.45875,2.233,-0.18611
3.796,1.5472,0.99223,-1.0494,5.1777,0.45184,2.0849,-0.058677
3.7728,0.53205,-0.74927,-1.7599,-0.70607,-0.10229,4.1622,0.03113
-1.1962,1.4221,-5.5029,0.4534,-5.7641,-0.15413,-2.401,0.041522
-1.3809,0.13069,-4.3903,-0.96827,-2.3029,-0.236,0.1654,0.061771
-1.3274,-2.1101,-2.349,2.0238,4.7673,0.20101,1.1148,0.33703
-1.5507,0.40842,5.6936,-0.59271,6.193,0.54165,0.35159,0.20218
-1.5081,-4.9694,17.348,-0.84057,6.5056,0.70882,7.3983,0.17334
-1.2393,-0.44647,2.9208,-4.5805,5.8345,0.653,5.6774,-0.0051337
-1.2768,1.0107,7.0022,-2.0979,3.5313,0.28276,1.8697,-0.11777
-1.243,-1.8144,2.5986,2.4706,1.0604,-0.051091,-0.034845,-0.10339
3.7882,0.57542,-0.69347,0.80018,-4.9265,-0.1658,-3.9809,-0.22668
3.7659,0.90939,-1.7521,0.17477,-4.7686,-0.42121,-5.0136,-0.15927
3.7458,0.28194,-4.079,0.75942,0.97896,-0.87225,-5.8731,-0.067487
-1.3377,0.34215,-1.6412,0.52062,-0.49732,-0.47397,-5.2684,0.020518
-1.5051,1.378,4.7019,-0.079276,-5.1668,-0.10258,4.1236,0.39486
-1.3806,0.64179,3.2246,1.0122,-6.1094,-0.043377,8.568,0.36784
-1.2977,0.63059,2.9364,1.45,-4.8926,-0.047388,5.4693,0.23333
-1.2933,-4.8368,9.2416,0.46704,-3.8046,-0.077402,1.9025,0.10955
-1.2072,-0.73647,2.9358,1.6454,2.628,0.20094,5.9578,0.014604
-1.1658,2.8787,2.2713,-4.886,3.7993,0.30634,-1.3501,-0.085473
-1.2741,1.6756,5.9732,0.36771,5.8042,0.60184,4.7874,-0.15058
3.7731,0.48862,-1.2014,0.68898,2.0663,0.026208,3.3141,-0.19076
3.7505,1.3267,-2.126,0.64242,-5.5692,-0.070728,-2.5088,-0.16014
-1.4683,1.652,-1.8383,0.02613,-5.19,-0.16955,-2.167,-0.0652
-1.3479,-2.0435,-2.6941,0.26687,3.4343,0.012186,-0.78823,0.076398
-1.3202,-0.080605,3.5111,-2.4995,4.8145,0.21994,5.1485,0.45751
-1.3038,-2.1073,3.6539,-1.7502,6.4294,0.62836,2.1174,0.22011
-1.1007,-3.2131,12.391,-2.336,4.4066,0.47849,4.6438,0.11938
-1.3607,-2.4379,5.1128,-3.6541,4.4784,0.40209,0.46763,0.13751
-1.2731,-0.47159,5.2843,-3.4208,3.7397,0.30235,-6.2072,0.015359
-1.3336,2.0186,3.6614,-1.9183,1.3079,-0.047959,-4.5547,-0.087201
3.7723,-0.6646,1.0803,0.93123,-3.1539,-0.23912,-3.1513,-0.19112
3.7493,0.56764,1.8875,1.6969,0.78447,-0.90378,-6.1112,-0.24399
-1.3396,1.952,-3.5526,0.55839,1.6422,-0.78639,-1.6912,-0.14566
-1.3321,1.8155,7.8259,-0.90705,-4.0028,-0.25492,5.6487,-0.065005
-1.147,-0.5205,3.6199,-0.75912,-6.6453,-0.12458,5.4073,0.1509
-1.259,-1.9879,4.4855,-1.4599,-2.8431,-0.017553,3.5515,0.40812
-1.3226,-2.2487,5.8918,-1.9909,-4.9936,-0.09231,3.8371,0.275
-1.31,-3.1742,6.4425,0.92966,2.7573,0.17694,1.911,0.19191
-1.5877,2.2696,3.8837,-1.0958,3.0379,0.26454,1.5564,0.14213
-1.3052,2.9577,6.7418,-1.674,4.0435,0.36114,6.2003,0.00031798
-1.2484,2.9194,2.4033,-2.3366,4.7508,0.4358,1.0541,-0.12028
3.7437,0.98646,2.6283,-0.5105,-5.8924,-0.090302,1.9259,-0.13001
3.7168,1.947,0.22195,0.43698,-6.6848,-0.14783,-2.0828,-0.19821
-1.2728,-1.3622,0.11319,0.29398,-1.0538,-0.162,3.0099,-0.17134
-1.4489,-1.957,0.18407,-2.3623,5.0774,0.22324,-1.3444,0.063085
-1.3379,-0.66876,-2.0305,0.7387,5.5829,0.40496,5.3616,0.18385
-1.4998,0.73334,1.4829,-0.39503,5.9183,0.65732,-2.0903,0.17438
-1.3155,-2.2342,13.947,-7.4048,3.3931,0.27755,8.7879,0.10738
-1.7544,2.8805,2.8655,-4.0733,3.5344,0.33621,4.6224,0.38259
-1.3092,1.2077,3.1686,0.62788,1.1574,-0.06347,-0.97717,0.096526
-1.3061,0.41436,-0.59648,0.4746,0.89496,-0.14377,-1.9478,-0.034948
3.7554,0.52396,0.21548,0.030312,0.32659,-0.62247,-5.4045,-0.103
3.7248,-0.94626,0.32949,2.3266,2.1829,-0.95548,-6.082,-0.21741
-1.3604,1.0481,1.3283,-1.3436,1.2668,-0.47898,-4.768,-0.2508
-1.3517,-0.24139,4.1837,-0.65888,-5.6888,-0.12917,4.7934,-0.10791
-1.5697,-0.099049,5.3934,-3.6679,-5.6824,-0.0754,3.4341,-0.021805
-1.3395,0.43599,2.1634,-0.73001,-5.3225,-0.046079,8.6455,0.028793
-1.3128,-1.0532,10.676,-0.51863,-1.4366,-0.071306,2.2142,0.13649
-1.3118,-1.3026,6.1659,2.9784,2.7336,0.22096,8.8575,0.18093
-1.0975,1.1873,5.2475,2.7683,2.7734,0.1741,6.8884,0.26146
3.7829,-0.39191,3.1454,-1.0502,4.4977,0.40995,2.7055,0.10626
3.7473,3.5164,0.99788,-2.2792,1.0833,-0.064632,0.89149,0.013996
3.7186,-0.48174,3.0543,-0.43713,-7.5598,-0.11576,-0.14471,-0.091533
-1.5903,2.0332,5.7553,0.66631,-6.7883,-0.10159,3.6425,-0.19628
-1.4561,0.33307,0.92226,0.14379,2.8819,0.081585,-2.3214,-0.22948
-1.341,3.2749,-0.55834,-2.7464,5.0082,0.30365,-4.0476,-0.16445
-1.348,-4.2607,-3.2142,-1.1553,4.1735,0.29062,6.1064,-0.039158
-1.135,1.7754,-1.6928,0.044917,3.2924,0.2436,11.348,0.069535
-1.1969,-4.643,17.678,-5.2564,1.5993,0.021132,5.2512,0.14871
-1.3706,0.95599,5.9354,2.0031,0.30021,-0.086682,3.7844,0.2379
-1.3172,-1.2972,-1.0446,1.193,2.2475,0.13026,-1.2926,0.081314
3.7652,3.1499,0.82309,-2.2192,1.68,-0.15146,-4.3283,0.10261
3.7269,-0.56274,-1.3096,1.5331,2.7853,-0.9732,-0.6922,0.0061104
3.702,-0.1921,-2.8565,0.035174,2.8584,-0.77615,-4.8716,-0.11305
-1.3734,0.13088,2.7708,-0.89561,-2.0704,-0.31859,-0.19183,-0.19217
-1.3554,-1.1398,-0.08899,-3.6282,-5.9198,-0.098972,3.6498,-0.11884
-1.1996,-1.4564,-1.9616,-2.8191,-5.9608,-0.1211,5.5704,-0.2141
-1.3277,1.8727,-2.4217,-2.6548,-1.8963,-0.11271,5.9783,-0.14345
-1.3366,-1.7193,4.4045,3.7289,2.7939,0.22208,4.0599,-0.035361
-1.328,0.2361,2.2681,0.76451,3.1803,0.22328,1.0724,0.068172
-1.5491,0.55777,1.9848,1.1558,2.5628,0.15061,0.7707,0.18964
3.7718,2.1821,0.23399,-2.623,3.4409,0.29966,0.72321,0.083018
3.7614,0.49978,2.4892,-0.29162,-8.6131,-0.081401,4.1707,0.15304
3.7315,1.1107,-0.0056378,-1.0889,-6.5556,-0.093927,-5.0699,0.1287
-1.272,2.9631,-0.41549,-0.86161,-1.0503,-0.17979,-3.0935,-0.095744
-1.2981,0.087555,-5.8478,-0.11077,2.9151,-0.10393,6.3157,-0.13972
-1.3418,-1.6661,-6.0059,0.10897,2.7106,0.0393,1.6234,-0.25192
-1.3326,-0.3297,-2.0162,-0.81534,3.1402,0.25386,4.799,-0.20074
-1.5706,2.2341,-0.14958,-1.6226,2.1259,0.096723,2.0129,-0.10984
-1.3531,0.017138,2.4474,2.6812,0.88665,-0.052477,-1.3339,0.085403
-1.1962,-0.30682,0.88458,0.68267,1.5692,0.048021,-2.0267,0.16477
-1.2904,0.04289,2.2549,-1.0066,3.3161,0.22751,-0.78854,0.076447
3.7756,-0.2763,0.81916,0.63363,2.7651,-0.2653,-1.5869,0.1923
3.7424,-1.1044,-2.8039,1.114,3.5637,-0.84448,-3.9944,0.085209
-1.3774,-0.10326,-5.4809,-0.99478,2.5774,-0.428,-2.7016,0.084113
-1.3557,-0.36322,-3.0354,-3.1662,-5.5293,-0.24285,-1.7185,-0.08428
-1.3951,1.1216,-4.3577,-1.7982,-6.9098,-0.13753,3.7636,-0.16369
-1.5142,-0.5355,-5.0014,-2.2768,-2.0708,-0.062899,-0.72516,-0.24676
-1.2906,-3.4288,-2.849,3.3833,1.4891,0.010196,0.96991,-0.20176
-1.312,-3.7783,-3.4817,4.1606,4.6817,0.46134,-1.2349,-0.057728
-1.3117,0.65881,-1.0127,2.2601,3.7104,0.33021,-0.78689,-0.013968
3.7938,1.6563,-1.2025,-0.93691,2.2996,0.1617,-0.65195,0.012146
3.7659,2.3316,3.8465,0.44607,-2.4764,-0.066281,-2.2171,0.070533
3.7472,0.70139,-0.90206,-3.9442,-6.4198,-0.059228,-3.886,0.14639
3.7131,1.2461,-1.2348,-0.22299,-6.716,-0.11665,-0.18165,0.14939
-1.5879,0.043686,-4.5831,-0.40679,1.0132,-0.14963,1.7274,0.068878
-1.4538,0.19463,-5.1957,-0.17885,1.4882,-0.21003,-0.54502,-0.062498
-1.3442,-1.9656,-1.8008,1.5253,-4.333,-0.078988,-1.1653,-0.17289
-1.3422,-0.52149,1.7208,-0.25203,1.7669,0.065483,2.2331,-0.19643
-1.2171,-1.2593,-3.4211,-5.9367,0.23612,0.011371,1.556,-0.15377
-1.2485,-0.1517,-1.8569,0.75701,-2.182,-0.072089,9.3119,-0.12507
-1.3285,1.1342,-0.17679,-1.9285,1.7486,0.020285,0.64505,0.038528
3.7938,-1.3981,1.2814,-0.066494,3.4758,0.20235,-1.3682,0.15615
3.8033,0.47988,-0.71393,-1.0055,3.9567,-0.24527,-1.2538,0.30987
3.7238,1.4985,0.50096,-3.5902,5.0351,-0.22527,-5.9292,0.3218
-1.4337,3.4446,-3.4894,-3.095,-0.84704,-0.24094,3.1952,0.17742
-1.3707,-1.5649,-4.9971,0.10299,-5.0485,-0.16104,1.8661,0.0002693
-1.3544,0.084562,-6.2188,1.4862,-3.728,-0.1998,-1.7048,-0.055294
-1.1767,-6.6184,-3.5791,4.0109,2.7957,0.1034,-3.063,-0.25401
-1.3401,-5.167,-3.026,-1.7267,4.3226,0.32605,-1.4489,-0.23912
-1.3318,-1.5695,-2.4635,0.23958,5.6315,0.62015,-0.22688,-0.19748
-1.3174,2.737,-3.6297,-2.2439,3.3247,0.26581,1.809,-0.072404
3.7679,1.1243,-1.6268,-1.2766,1.0749,-0.05738,0.45669,-0.057752
3.7482,1.8619,-1.358,-1.5949,-7.2146,-0.13915,-4.4604,0.02984
3.7261,-0.94344,-2.8045,0.06048,-8.5026,-0.091296,-0.10604,0.067807
3.7053,4.1571,-0.15279,-2.036,-2.0594,-0.26375,-6.4772,0.06844
-1.1033,0.92145,-2.5103,-0.47101,0.45605,-0.37496,-0.62662,0.15387
-1.3683,-1.2196,-4.907,0.2455,-2.5884,-0.20492,-0.94515,0.1708
-1.3626,-2.9323,-0.44331,3.2104,-6.0518,-0.0089983,1.3014,-0.10059
-1.3521,0.069561,-0.73676,1.751,-2.6864,-0.0024525,5.7903,-0.1194
-1.5996,1.8835,2.8042,2.3984,-4.1806,0.013264,7.1331,-0.23671
-1.3647,-0.54501,-2.3827,-2.4578,-2.0238,-0.015981,0.012857,-0.20341
-1.3211,-1.8339,-0.91761,-0.84151,2.2494,0.13536,0.27732,-0.097253
3.7758,1.0446,0.63535,-3.9888,4.0332,0.2433,1.0173,-0.044683
3.75,0.24323,1.2149,-3.3282,5.232,0.12565,-3.8834,0.13817
3.7231,0.71202,-3.5887,-2.2087,2.7912,-0.1276,1.4133,0.22724
-1.3454,1.1373,-2.921,0.43574,-3.7896,-0.1769,-1.5242,0.23793
-1.368,-6.6609,-10.212,3.3445,-3.9357,-0.20557,0.84427,0.12975
-1.4722,-4.6869,-5.0191,3.7276,-0.084257,-0.21141,-3.131,0.1638
-1.4865,-1.8454,1.9241,8.6193,5.1632,0.3751,-3.7711,-0.044269
-1.3109,0.62012,-4.1212,-2.5164,6.0748,0.6651,-6.1346,-0.15367
-1.3237,-1.5338,5.5379,4.5522,5.2516,0.53812,0.87933,-0.21052
3.6971,1.2299,-3.0382,-2.4766,3.5225,0.26475,-2.8082,-0.11684
3.7465,1.5064,-3.7692,-0.42936,-1.7083,-0.087106,-7.0841,-0.12144
3.7395,1.6859,-3.7785,1.5077,-8.5265,-0.11691,-3.669,0.038431
3.7143,-1.2356,-1.9251,-0.66659,-6.0205,-0.16385,-9.5223,0.18419
-1.39,2.0216,-0.44741,-2.4748,-2.7548,-0.4203,-2.5122,0.12449
-1.6292,-0.11751,-8.0763,1.016,-0.055459,-0.3195,-2.8425,0.13537
-1.4127,-0.40489,-0.87724,3.2908,-5.3792,-0.11675,2.0499,0.24156
-1.3633,0.11762,1.5609,3.1074,-4.6177,-0.061031,4.3676,0.097743
-1.3615,4.9673,0.51683,1.421,-5.1151,0.021767,4.5827,-0.054175
3.7865,2.1022,1.5761,0.3802,-3.1484,-0.05618,0.77761,-0.20317
-1.2798,-0.32127,7.3868,2.2495,0.74291,-0.065183,4.784,-0.2215
3.7424,-1.6029,1.8015,-0.95571,2.0763,0.066041,1.1569,-0.17075
3.4844,1.1116,1.0314,-2.9649,5.5508,0.513,-3.0098,-0.13933
3.6944,1.2612,0.41067,-2.8927,4.5034,0.29546,3.7944,-0.072696
3.6829,2.1993,-4.1814,-0.36308,-2.3207,-0.13037,-2.4918,0.15737
-1.4221,-4.9416,-7.7585,2.2396,-3.6615,-0.18472,-3.9476,0.25708
-1.3984,-2.6543,-4.7464,0.99503,-0.8461,-0.25451,-3.2542,0.33343
-1.3632,-2.5275,-0.56692,5.1427,3.4715,0.051878,-1.9961,0.22851
-1.3177,1.1977,6.7575,-0.25178,6.5557,0.58511,-7.0199,0.041644
-1.3526,4.1957,2.4724,-3.7864,5.4393,0.55183,-1.7011,-0.053347
-1.3668,1.9057,13.465,-2.5155,4.3456,0.45133,3.9846,-0.21865
3.5128,-0.01259,3.9518,1.3086,1.9362,0.031316,-4.6112,-0.16666
3.8605,-0.26713,-1.936,0.86528,-4.5103,-0.13544,-0.42235,-0.16681
3.7076,1.3413,-2.2389,0.91148,-7.0926,-0.13225,-7.5222,-0.10589
3.6878,-1.405,-5.4123,-1.5302,-1.6602,-0.51189,-8.1505,0.010443
-1.3993,-0.66896,-6.6611,-0.51095,-0.25817,-0.51698,-4.963,0.026457
-1.2406,-0.68164,-5.1793,1.729,-3.0151,-0.22907,-2.0895,0.14471
-1.359,2.1532,2.5045,2.401,-8.0299,-0.026942,4.5391,0.32211
-1.3885,1.354,2.6204,2.7688,-4.3151,-0.010545,8.5682,0.192
-1.3726,3.9407,-1.0682,-3.2154,-5.1385,-0.025466,-3.8137,0.02507
-1.5832,-1.0279,1.707,-1.6618,-0.6114,-0.066891,6.5737,-0.067001
-1.368,-1.7493,6.4032,0.89299,0.98318,-0.0052056,9.271,-0.15474
-1.3499,0.16405,1.2277,-1.2078,4.5412,0.38391,-1.9807,-0.19487
3.7204,2.5137,3.6348,-1.801,5.4915,0.47833,-0.63709,-0.16435
3.6966,-0.27289,-3.403,-1.0987,1.1925,-0.099421,-6.9696,-0.13176
-1.377,3.05,-1.2087,0.03764,-7.516,-0.1303,1.9502,-0.038063
-1.3966,-1.783,-2.336,2.0757,-4.669,-0.16369,-0.63873,0.10952
-1.388,-0.92452,2.2248,-0.38664,2.4534,-0.081433,-3.9812,0.24345
-1.5056,-1.0728,5.7894,3.3317,5.1909,0.30009,1.219,0.34217
-1.4673,-0.26264,8.659,5.7072,5.9695,0.56073,-0.83771,0.21685
-1.2712,2.0023,-1.5488,-1.1202,4.8822,0.49081,8.2453,0.11928
-1.3438,0.54991,8.1364,1.2105,3.9822,0.38583,0.29634,-0.057265
-1.1378,-1.4517,2.8652,1.7754,-0.77132,-0.10489,-0.20256,-0.10801
3.7077,1.894,-1.8709,0.71068,-4.7437,-0.14703,-5.0389,-0.2417
3.6871,1.6431,-2.4557,-0.85666,-5.5453,-0.36031,-8.3771,-0.16372
3.6667,0.22877,-6.9779,0.90392,-0.79061,-0.78962,-5.9135,-0.14101
-1.4105,1.2509,-2.5864,0.37433,-1.5983,-0.49097,-2.0089,-0.030737
-1.5312,2.4195,2.3808,-0.16591,-7.6852,-0.13988,7.0672,0.27721
-1.394,0.86707,0.98436,1.42,-6.9026,-0.023964,6.2181,0.24525
-1.378,3.1284,4.0959,1.1244,-6.0059,-0.01136,3.5036,0.20826
-1.3759,0.89139,0.40197,-2.4019,-5.4053,-0.02845,2.3194,0.0044067
-1.1843,0.59677,4.2421,-1.2897,0.86693,-0.071428,2.7821,0.089784
-1.362,0.11078,5.354,1.4205,2.1955,0.08496,0.25324,-0.047506
3.709,2.2835,2.2233,-2.5597,4.7658,0.40276,-0.17043,-0.11239
3.6884,1.1842,0.55824,0.14007,3.8116,0.27603,2.1223,-0.1754
3.6639,-1.1686,-3.6451,-1.8702,-6.0178,-0.18556,1.5913,-0.29269
-1.4426,0.52312,-6.4078,1.1543,-7.4124,-0.13397,-2.6021,-0.15532
-1.4069,0.055837,3.2373,3.1347,1.3401,-0.21829,-1.7849,-0.080459
-1.4016,-0.63665,2.8558,0.058707,4.0039,0.10224,-1.5671,0.21895
-1.2714,2.1551,4.8756,-1.6814,5.7097,0.48741,1.7181,0.21505
-1.3855,-2.125,11.151,-1.2486,5.1234,0.51783,2.1859,0.29595
-1.3859,-1.1845,-0.89207,-7.6562,4.8264,0.47385,6.1613,0.25093
-1.3726,-1.1068,1.0145,-0.36035,2.9973,0.20124,-1.1364,0.10765
-1.5732,1.761,2.0588,-0.68576,0.73416,-0.077916,-1.9883,-0.05544
3.7051,0.46069,0.71618,1.4546,-4.937,-0.14797,-7.3588,-0.14554
3.6806,0.72528,-1.469,1.7103,-2.7928,-0.68797,-3.8473,-0.19144
-1.425,1.3723,-3.2315,2.9377,0.64741,-0.71907,-2.33,-0.21595
-1.407,-1.305,-1.0887,4.4165,-3.3544,-0.2941,1.9595,-0.10227
-1.2722,0.63914,5.109,0.80751,-7.9727,-0.047728,7.4049,-0.034826
-1.2914,-1.0435,4.1898,-0.2391,-5.1227,-0.033167,2.9717,0.26521
-1.384,-4.3456,5.6558,0.26905,-4.9639,-0.029008,1.2631,0.24611
-1.3702,-2.8397,5.9159,1.909,-0.057366,-0.04552,2.4831,0.099592
-1.4848,1.6696,2.1088,-2.4235,1.8163,0.034775,-0.51767,0.22401
-1.419,2.4742,5.809,1.1652,3.0263,0.23042,3.0248,0.044224
3.7216,1.6844,-0.88815,-3.4878,3.9108,0.30657,2.8867,-0.045608
3.6956,0.32971,-1.8642,0.44784,-3.5992,-0.062495,-4.7698,-0.068461
3.671,1.5465,0.55638,0.43993,-7.4204,-0.1553,-3.0683,-0.24301
-1.3488,-1.7136,2.0881,0.59302,-4.7961,-0.17494,-0.11754,-0.25555
-1.3994,0.87302,2.4118,0.27262,3.1886,-0.022283,-0.43518,-0.096425
-1.3936,-1.0682,3.4741,-1.6735,5.316,0.34931,-0.1933,0.040135
-1.5503,-1.4126,-1.9861,0.72826,5.9857,0.63282,-0.68721,0.08808
-1.3729,-0.091972,6.1212,0.80182,4.171,0.4144,-1.3687,0.082896
-1.3406,1.3668,6.7296,-1.9161,3.1685,0.2358,-2.3117,0.26227
-1.347,0.62747,1.33,-1.6295,2.1254,0.093656,-4.7395,0.18358
-1.3124,-0.17592,2.1958,0.9088,1.6294,-0.075137,-5.132,0.09268
3.7162,0.88982,-0.79619,-0.91283,-1.4456,-0.42611,-8.2404,-0.025967
3.6892,-1.6603,-4.2528,0.87157,1.774,-0.98986,-3.7714,-0.16808
-1.4041,-0.40457,-3.0182,-1.529,2.0214,-0.50109,-3.7237,-0.23401
-1.4434,-0.14487,2.2987,-0.43166,-5.9,-0.20136,2.6814,-0.16788
-1.53,-2.2755,0.84113,-1.8777,-5.8881,-0.10353,0.75713,-0.09881
-1.3225,-2.077,1.7307,-0.3833,-3.4475,-0.039244,1.9011,-0.012265
-1.3568,-0.53812,-5.1396,-1.4151,-3.5248,-0.023906,4.8585,0.1443
-1.3548,1.3942,5.757,-1.1482,2.7062,0.18285,9.6384,0.034513
